tick_index,t_target_raw_s,t_receipt_raw_s,utc_anchor,gpu_index,gpu_uuid,status,util_gpu_pct,util_mem_pct,mem_used_mib,power_w,temp_c,clock_sm_mhz,clock_mem_mhz,pcie_tx_kbps,pcie_rx_kbps
-1,20718.995254626,20718.995420026,2026-08-25T02:32:38.389655+00:00,-1,anchor,anchor,,,,,,,,,
0,20718.995254626,20719.044540521,,0,GPU-9b96eb67-aeee-89d5-aa85-fc650af4e25c,ok,0,0,450,27.355,35,210,405,439,292
0,20718.995254626,20719.066865868,,1,GPU-37ffc98b-8551-c8a1-5f3c-27ade9ae735a,ok,0,0,450,53.178,57,210,810,390,292
0,20718.995254626,20719.063974227,,2,GPU-5443d59d-561f-ed1e-da42-1975937205f9,ok,0,0,450,27.861,37,210,405,439,341
0,20718.995254626,20719.049947873,,3,GPU-46bf67bb-cb31-bee1-3cf0-c35337ba97d2,ok,0,0,450,26.559,39,210,405,439,292
0,20718.995254626,20719.032471448,,4,GPU-127e16de-2b5f-dde9-1932-b4e29bb818c0,ok,0,0,450,24.41,34,210,405,439,341
1,20719.995254626,20719.996062375,,0,GPU-9b96eb67-aeee-89d5-aa85-fc650af4e25c,ok,0,0,450,27.355,35,210,405,439,292
1,20719.995254626,20719.996285255,,1,GPU-37ffc98b-8551-c8a1-5f3c-27ade9ae735a,ok,0,0,450,53.178,57,210,810,439,292
1,20719.995254626,20719.996318075,,2,GPU-5443d59d-561f-ed1e-da42-1975937205f9,ok,0,0,450,27.861,37,210,405,439,341
1,20719.995254626,20719.996020755,,3,GPU-46bf67bb-cb31-bee1-3cf0-c35337ba97d2,ok,0,0,450,26.559,39,210,405,439,341
1,20719.995254626,20719.996235155,,4,GPU-127e16de-2b5f-dde9-1932-b4e29bb818c0,ok,0,0,450,24.41,34,210,405,390,341
2,20720.995254626,20720.996014763,,0,GPU-9b96eb67-aeee-89d5-aa85-fc650af4e25c,ok,0,0,450,26.816,35,210,405,390,341
2,20720.995254626,20720.997891243,,1,GPU-37ffc98b-8551-c8a1-5f3c-27ade9ae735a,ok,0,0,450,25.569,56,210,405,439,292
2,20720.995254626,20720.995930043,,2,GPU-5443d59d-561f-ed1e-da42-1975937205f9,ok,0,0,450,27.538,37,210,405,439,292
2,20720.995254626,20720.996195203,,3,GPU-46bf67bb-cb31-bee1-3cf0-c35337ba97d2,ok,0,0,450,25.979,39,210,405,439,341
2,20720.995254626,20720.996063703,,4,GPU-127e16de-2b5f-dde9-1932-b4e29bb818c0,ok,0,0,450,24.449,34,210,405,439,292
3,20721.995254626,20721.996172621,,0,GPU-9b96eb67-aeee-89d5-aa85-fc650af4e25c,ok,0,0,450,26.833,35,210,405,390,292
3,20721.995254626,20721.996276991,,1,GPU-37ffc98b-8551-c8a1-5f3c-27ade9ae735a,ok,0,0,450,21.67,56,210,405,439,292
3,20721.995254626,20721.996319721,,2,GPU-5443d59d-561f-ed1e-da42-1975937205f9,ok,0,0,450,27.462,37,210,405,439,292
3,20721.995254626,20721.996194351,,3,GPU-46bf67bb-cb31-bee1-3cf0-c35337ba97d2,ok,0,0,450,25.969,39,210,405,439,341
3,20721.995254626,20721.996391311,,4,GPU-127e16de-2b5f-dde9-1932-b4e29bb818c0,ok,0,0,450,24.381,34,210,405,439,292
4,20722.995254626,20722.996627419,,0,GPU-9b96eb67-aeee-89d5-aa85-fc650af4e25c,ok,0,0,450,26.935,35,210,405,439,292
4,20722.995254626,20722.996029319,,1,GPU-37ffc98b-8551-c8a1-5f3c-27ade9ae735a,ok,0,0,450,19.866,55,210,405,439,292
4,20722.995254626,20722.995834969,,2,GPU-5443d59d-561f-ed1e-da42-1975937205f9,ok,0,0,450,27.499,37,210,405,439,292
4,20722.995254626,20722.996091659,,3,GPU-46bf67bb-cb31-bee1-3cf0-c35337ba97d2,ok,0,0,450,26.131,39,210,405,439,341
4,20722.995254626,20722.996601659,,4,GPU-127e16de-2b5f-dde9-1932-b4e29bb818c0,ok,0,0,450,24.452,34,210,405,488,292
5,20723.995254626,20723.995845457,,0,GPU-9b96eb67-aeee-89d5-aa85-fc650af4e25c,ok,0,0,453,28.387,36,210,405,439,341
5,20723.995254626,20723.995941227,,1,GPU-37ffc98b-8551-c8a1-5f3c-27ade9ae735a,ok,0,0,1514,20.134,54,210,405,6738,11181
5,20723.995254626,20723.996086337,,2,GPU-5443d59d-561f-ed1e-da42-1975937205f9,ok,0,0,453,28.0,37,210,405,439,292
5,20723.995254626,20723.995894917,,3,GPU-46bf67bb-cb31-bee1-3cf0-c35337ba97d2,ok,0,0,453,26.185,39,210,405,439,341
5,20723.995254626,20723.997852077,,4,GPU-127e16de-2b5f-dde9-1932-b4e29bb818c0,ok,0,0,453,24.699,34,210,405,390,292
6,20724.995254626,20724.996089585,,0,GPU-9b96eb67-aeee-89d5-aa85-fc650af4e25c,ok,0,0,453,38.37,36,210,405,390,292
6,20724.995254626,20724.996062165,,1,GPU-37ffc98b-8551-c8a1-5f3c-27ade9ae735a,ok,100,26,1514,222.593,67,1515,9501,4541,12109
6,20724.995254626,20724.995880435,,2,GPU-5443d59d-561f-ed1e-da42-1975937205f9,ok,0,0,453,35.458,37,210,405,439,292
6,20724.995254626,20724.996027575,,3,GPU-46bf67bb-cb31-bee1-3cf0-c35337ba97d2,ok,0,0,453,34.115,40,210,405,439,341
6,20724.995254626,20724.996580895,,4,GPU-127e16de-2b5f-dde9-1932-b4e29bb818c0,ok,0,0,453,28.608,35,210,405,439,292
7,20725.995254626,20725.995999523,,0,GPU-9b96eb67-aeee-89d5-aa85-fc650af4e25c,ok,0,0,453,38.348,36,210,405,439,292
7,20725.995254626,20725.996020663,,1,GPU-37ffc98b-8551-c8a1-5f3c-27ade9ae735a,ok,100,30,1514,349.148,69,1515,9501,3808,15332
7,20725.995254626,20725.995795363,,2,GPU-5443d59d-561f-ed1e-da42-1975937205f9,ok,0,0,453,35.295,37,210,405,439,292
7,20725.995254626,20725.996052293,,3,GPU-46bf67bb-cb31-bee1-3cf0-c35337ba97d2,ok,0,0,453,41.123,40,210,405,439,341
7,20725.995254626,20725.998121043,,4,GPU-127e16de-2b5f-dde9-1932-b4e29bb818c0,ok,0,0,453,33.649,35,210,405,439,292
8,20726.995254626,20726.996624171,,0,GPU-9b96eb67-aeee-89d5-aa85-fc650af4e25c,ok,0,0,453,27.882,36,210,405,439,292
8,20726.995254626,20726.996430391,,1,GPU-37ffc98b-8551-c8a1-5f3c-27ade9ae735a,ok,100,22,1514,349.493,70,1515,9501,5273,10595
8,20726.995254626,20726.996560421,,2,GPU-5443d59d-561f-ed1e-da42-1975937205f9,ok,0,0,453,28.368,37,210,405,439,341
8,20726.995254626,20726.996596841,,3,GPU-46bf67bb-cb31-bee1-3cf0-c35337ba97d2,ok,0,0,453,28.244,40,210,405,439,292
8,20726.995254626,20726.995663321,,4,GPU-127e16de-2b5f-dde9-1932-b4e29bb818c0,ok,0,0,453,25.765,34,210,405,439,292
9,20727.995254626,20727.995738979,,0,GPU-9b96eb67-aeee-89d5-aa85-fc650af4e25c,ok,0,0,453,26.928,35,210,405,439,341
9,20727.995254626,20727.995843079,,1,GPU-37ffc98b-8551-c8a1-5f3c-27ade9ae735a,ok,100,27,1514,349.687,71,1485,9501,5566,9423
9,20727.995254626,20727.996459229,,2,GPU-5443d59d-561f-ed1e-da42-1975937205f9,ok,0,0,453,27.584,37,210,405,390,341
9,20727.995254626,20727.996898579,,3,GPU-46bf67bb-cb31-bee1-3cf0-c35337ba97d2,ok,0,0,453,26.725,39,210,405,439,292
9,20727.995254626,20727.996861009,,4,GPU-127e16de-2b5f-dde9-1932-b4e29bb818c0,ok,0,0,453,24.671,34,210,405,439,341
10,20728.995254626,20728.995974377,,0,GPU-9b96eb67-aeee-89d5-aa85-fc650af4e25c,ok,0,0,453,26.93,35,210,405,439,292
10,20728.995254626,20728.996050207,,1,GPU-37ffc98b-8551-c8a1-5f3c-27ade9ae735a,ok,100,25,1514,349.124,72,1485,9501,4345,12939
10,20728.995254626,20728.996108957,,2,GPU-5443d59d-561f-ed1e-da42-1975937205f9,ok,0,0,453,27.394,37,210,405,390,292
10,20728.995254626,20728.996135247,,3,GPU-46bf67bb-cb31-bee1-3cf0-c35337ba97d2,ok,0,0,453,26.319,39,210,405,439,292
10,20728.995254626,20728.996071937,,4,GPU-127e16de-2b5f-dde9-1932-b4e29bb818c0,ok,0,0,453,24.214,34,210,405,390,292
11,20729.995254626,20729.995810115,,0,GPU-9b96eb67-aeee-89d5-aa85-fc650af4e25c,ok,0,0,453,26.847,35,210,405,439,292
11,20729.995254626,20729.996077585,,1,GPU-37ffc98b-8551-c8a1-5f3c-27ade9ae735a,ok,100,25,1514,348.706,72,1485,9501,4052,16552
11,20729.995254626,20729.996029175,,2,GPU-5443d59d-561f-ed1e-da42-1975937205f9,ok,0,0,453,27.49,37,210,405,439,292
11,20729.995254626,20729.996518355,,3,GPU-46bf67bb-cb31-bee1-3cf0-c35337ba97d2,ok,0,0,453,26.293,39,210,405,439,292
11,20729.995254626,20729.996054365,,4,GPU-127e16de-2b5f-dde9-1932-b4e29bb818c0,ok,0,0,453,24.244,34,210,405,439,292
12,20730.995254626,20730.995684873,,0,GPU-9b96eb67-aeee-89d5-aa85-fc650af4e25c,ok,0,0,453,26.819,35,210,405,439,341
12,20730.995254626,20730.995931743,,1,GPU-37ffc98b-8551-c8a1-5f3c-27ade9ae735a,ok,100,22,1514,348.604,72,1485,9501,4736,12060
12,20730.995254626,20730.995820843,,2,GPU-5443d59d-561f-ed1e-da42-1975937205f9,ok,0,0,453,27.662,37,210,405,390,341
12,20730.995254626,20730.996309333,,3,GPU-46bf67bb-cb31-bee1-3cf0-c35337ba97d2,ok,0,0,453,26.456,40,210,405,439,292
12,20730.995254626,20730.996857083,,4,GPU-127e16de-2b5f-dde9-1932-b4e29bb818c0,ok,0,0,453,24.401,34,210,405,439,292
13,20731.995254626,20731.998148122,,0,GPU-9b96eb67-aeee-89d5-aa85-fc650af4e25c,ok,0,0,453,26.699,35,210,405,439,341
13,20731.995254626,20731.995932291,,1,GPU-37ffc98b-8551-c8a1-5f3c-27ade9ae735a,ok,100,23,1514,349.003,73,1485,9501,5468,11328
13,20731.995254626,20731.996042901,,2,GPU-5443d59d-561f-ed1e-da42-1975937205f9,ok,0,0,453,27.512,37,210,405,390,292
13,20731.995254626,20731.995901431,,3,GPU-46bf67bb-cb31-bee1-3cf0-c35337ba97d2,ok,0,0,453,26.295,40,210,405,439,292
13,20731.995254626,20731.996006831,,4,GPU-127e16de-2b5f-dde9-1932-b4e29bb818c0,ok,0,0,453,24.366,34,210,405,439,341
14,20732.995254626,20732.995955799,,0,GPU-9b96eb67-aeee-89d5-aa85-fc650af4e25c,ok,0,0,453,26.735,35,210,405,439,292
14,20732.995254626,20732.995995929,,1,GPU-37ffc98b-8551-c8a1-5f3c-27ade9ae735a,ok,100,24,1514,349.021,73,1485,9501,6005,9326
14,20732.995254626,20732.996098929,,2,GPU-5443d59d-561f-ed1e-da42-1975937205f9,ok,0,0,453,27.502,37,210,405,439,292
14,20732.995254626,20732.996990789,,3,GPU-46bf67bb-cb31-bee1-3cf0-c35337ba97d2,ok,0,0,453,26.26,39,210,405,439,292
14,20732.995254626,20732.996121229,,4,GPU-127e16de-2b5f-dde9-1932-b4e29bb818c0,ok,0,0,453,24.296,34,210,405,390,292
15,20733.995254626,20733.996173587,,0,GPU-9b96eb67-aeee-89d5-aa85-fc650af4e25c,ok,0,0,453,26.883,35,210,405,439,292
15,20733.995254626,20733.996008497,,1,GPU-37ffc98b-8551-c8a1-5f3c-27ade9ae735a,ok,100,24,1514,348.849,73,1470,9501,7324,8789
15,20733.995254626,20733.996140597,,2,GPU-5443d59d-561f-ed1e-da42-1975937205f9,ok,0,0,453,27.647,37,210,405,439,292
15,20733.995254626,20733.996086357,,3,GPU-46bf67bb-cb31-bee1-3cf0-c35337ba97d2,ok,0,0,453,26.369,39,210,405,439,292
15,20733.995254626,20733.996047547,,4,GPU-127e16de-2b5f-dde9-1932-b4e29bb818c0,ok,0,0,453,24.181,34,210,405,439,292
16,20734.995254626,20734.996004975,,0,GPU-9b96eb67-aeee-89d5-aa85-fc650af4e25c,ok,0,0,453,26.727,35,210,405,439,292
16,20734.995254626,20734.995860215,,1,GPU-37ffc98b-8551-c8a1-5f3c-27ade9ae735a,ok,100,31,1514,348.316,74,1470,9501,6005,8105
16,20734.995254626,20734.996040765,,2,GPU-5443d59d-561f-ed1e-da42-1975937205f9,ok,0,0,453,27.541,37,210,405,439,341
16,20734.995254626,20734.996294095,,3,GPU-46bf67bb-cb31-bee1-3cf0-c35337ba97d2,ok,0,0,453,26.204,39,210,405,390,292
16,20734.995254626,20734.996079335,,4,GPU-127e16de-2b5f-dde9-1932-b4e29bb818c0,ok,0,0,453,24.17,34,210,405,439,341
17,20735.995254626,20735.995973493,,0,GPU-9b96eb67-aeee-89d5-aa85-fc650af4e25c,ok,0,0,453,26.668,35,210,405,439,341
17,20735.995254626,20735.996022813,,1,GPU-37ffc98b-8551-c8a1-5f3c-27ade9ae735a,ok,100,24,1514,348.85,74,1470,9501,5078,14550
17,20735.995254626,20735.996106183,,2,GPU-5443d59d-561f-ed1e-da42-1975937205f9,ok,0,0,453,27.583,37,210,405,439,292
17,20735.995254626,20735.996046513,,3,GPU-46bf67bb-cb31-bee1-3cf0-c35337ba97d2,ok,0,0,453,26.235,39,210,405,439,292
17,20735.995254626,20735.995877293,,4,GPU-127e16de-2b5f-dde9-1932-b4e29bb818c0,ok,0,0,453,24.136,34,210,405,439,292
18,20736.995254626,20736.996619971,,0,GPU-9b96eb67-aeee-89d5-aa85-fc650af4e25c,ok,0,0,453,26.863,35,210,405,439,341
18,20736.995254626,20736.996110561,,1,GPU-37ffc98b-8551-c8a1-5f3c-27ade9ae735a,ok,100,25,1514,349.234,74,1470,9501,4785,11718
18,20736.995254626,20736.996078911,,2,GPU-5443d59d-561f-ed1e-da42-1975937205f9,ok,0,0,453,27.718,37,210,405,439,292
18,20736.995254626,20736.996053981,,3,GPU-46bf67bb-cb31-bee1-3cf0-c35337ba97d2,ok,0,0,453,26.412,39,210,405,439,292
18,20736.995254626,20736.995981061,,4,GPU-127e16de-2b5f-dde9-1932-b4e29bb818c0,ok,0,0,453,23.888,34,210,405,439,292
19,20737.995254626,20737.995879389,,0,GPU-9b96eb67-aeee-89d5-aa85-fc650af4e25c,ok,0,0,453,26.778,35,210,405,439,292
19,20737.995254626,20737.996043659,,1,GPU-37ffc98b-8551-c8a1-5f3c-27ade9ae735a,ok,100,25,1514,349.31,74,1470,9501,4345,13134
19,20737.995254626,20737.996146349,,2,GPU-5443d59d-561f-ed1e-da42-1975937205f9,ok,0,0,453,27.515,37,210,405,439,292
19,20737.995254626,20737.995954809,,3,GPU-46bf67bb-cb31-bee1-3cf0-c35337ba97d2,ok,0,0,453,26.186,39,210,405,439,341
19,20737.995254626,20737.996083949,,4,GPU-127e16de-2b5f-dde9-1932-b4e29bb818c0,ok,0,0,453,23.824,34,210,405,390,292
20,20738.995254626,20738.995988037,,0,GPU-9b96eb67-aeee-89d5-aa85-fc650af4e25c,ok,0,0,453,26.876,35,210,405,439,292
20,20738.995254626,20738.995824717,,1,GPU-37ffc98b-8551-c8a1-5f3c-27ade9ae735a,ok,100,28,1514,348.409,74,1470,9501,3906,12646
20,20738.995254626,20738.996010107,,2,GPU-5443d59d-561f-ed1e-da42-1975937205f9,ok,0,0,453,27.453,37,210,405,439,292
20,20738.995254626,20738.996238987,,3,GPU-46bf67bb-cb31-bee1-3cf0-c35337ba97d2,ok,0,0,453,26.096,39,210,405,390,341
20,20738.995254626,20738.996047807,,4,GPU-127e16de-2b5f-dde9-1932-b4e29bb818c0,ok,0,0,453,24.175,34,210,405,439,292
21,20739.995254626,20739.996158735,,0,GPU-9b96eb67-aeee-89d5-aa85-fc650af4e25c,ok,0,0,453,27.041,35,210,405,439,341
21,20739.995254626,20739.996106325,,1,GPU-37ffc98b-8551-c8a1-5f3c-27ade9ae735a,ok,100,23,1514,348.82,74,1485,9501,3417,14453
21,20739.995254626,20739.996045515,,2,GPU-5443d59d-561f-ed1e-da42-1975937205f9,ok,0,0,453,27.486,37,210,405,439,292
21,20739.995254626,20739.996140405,,3,GPU-46bf67bb-cb31-bee1-3cf0-c35337ba97d2,ok,0,0,453,26.229,39,210,405,439,341
21,20739.995254626,20739.996081055,,4,GPU-127e16de-2b5f-dde9-1932-b4e29bb818c0,ok,0,0,453,24.44,34,210,405,439,292
22,20740.995254626,20740.995920443,,0,GPU-9b96eb67-aeee-89d5-aa85-fc650af4e25c,ok,0,0,453,26.731,35,210,405,439,292
22,20740.995254626,20740.996093953,,1,GPU-37ffc98b-8551-c8a1-5f3c-27ade9ae735a,ok,100,22,1514,349.058,75,1485,9501,3613,14550
22,20740.995254626,20740.996016613,,2,GPU-5443d59d-561f-ed1e-da42-1975937205f9,ok,0,0,453,27.384,37,210,405,439,292
22,20740.995254626,20740.996155443,,3,GPU-46bf67bb-cb31-bee1-3cf0-c35337ba97d2,ok,0,0,453,26.117,39,210,405,439,341
22,20740.995254626,20740.996051193,,4,GPU-127e16de-2b5f-dde9-1932-b4e29bb818c0,ok,0,0,453,24.548,34,210,405,390,292
23,20741.995254626,20741.996059161,,0,GPU-9b96eb67-aeee-89d5-aa85-fc650af4e25c,ok,0,0,453,26.667,35,210,405,439,292
23,20741.995254626,20741.996121061,,1,GPU-37ffc98b-8551-c8a1-5f3c-27ade9ae735a,ok,100,24,1514,349.119,74,1485,9501,4736,18750
23,20741.995254626,20741.995940251,,2,GPU-5443d59d-561f-ed1e-da42-1975937205f9,ok,0,0,453,27.475,37,210,405,390,292
23,20741.995254626,20741.996033901,,3,GPU-46bf67bb-cb31-bee1-3cf0-c35337ba97d2,ok,0,0,453,26.167,39,210,405,439,341
23,20741.995254626,20741.995899241,,4,GPU-127e16de-2b5f-dde9-1932-b4e29bb818c0,ok,0,0,453,24.554,34,210,405,390,292
24,20742.995254626,20742.996474069,,0,GPU-9b96eb67-aeee-89d5-aa85-fc650af4e25c,ok,0,0,453,26.851,35,210,405,439,341
24,20742.995254626,20742.996510749,,1,GPU-37ffc98b-8551-c8a1-5f3c-27ade9ae735a,ok,100,26,1514,348.933,74,1470,9501,3564,14257
24,20742.995254626,20742.99702648,,2,GPU-5443d59d-561f-ed1e-da42-1975937205f9,ok,0,0,453,27.586,37,210,405,390,341
24,20742.995254626,20742.995702379,,3,GPU-46bf67bb-cb31-bee1-3cf0-c35337ba97d2,ok,0,0,453,26.364,39,210,405,439,292
24,20742.995254626,20742.995827249,,4,GPU-127e16de-2b5f-dde9-1932-b4e29bb818c0,ok,0,0,453,24.517,34,210,405,439,292
25,20743.995254626,20743.995900147,,0,GPU-9b96eb67-aeee-89d5-aa85-fc650af4e25c,ok,0,0,453,26.724,35,210,405,439,341
25,20743.995254626,20743.997157358,,1,GPU-37ffc98b-8551-c8a1-5f3c-27ade9ae735a,ok,100,22,1514,348.236,75,1485,9501,4003,14355
25,20743.995254626,20743.996519127,,2,GPU-5443d59d-561f-ed1e-da42-1975937205f9,ok,0,0,453,27.469,37,210,405,439,292
25,20743.995254626,20743.995805067,,3,GPU-46bf67bb-cb31-bee1-3cf0-c35337ba97d2,ok,0,0,453,26.21,39,210,405,390,292
25,20743.995254626,20743.995959797,,4,GPU-127e16de-2b5f-dde9-1932-b4e29bb818c0,ok,0,0,453,24.543,34,210,405,439,292
26,20744.995254626,20744.996455265,,0,GPU-9b96eb67-aeee-89d5-aa85-fc650af4e25c,ok,0,0,453,26.743,35,210,405,439,292
26,20744.995254626,20744.996071195,,1,GPU-37ffc98b-8551-c8a1-5f3c-27ade9ae735a,ok,100,22,1514,348.982,75,1500,9501,4101,13867
26,20744.995254626,20744.995972005,,2,GPU-5443d59d-561f-ed1e-da42-1975937205f9,ok,0,0,453,27.486,37,210,405,439,292
26,20744.995254626,20744.996049395,,3,GPU-46bf67bb-cb31-bee1-3cf0-c35337ba97d2,ok,0,0,453,26.209,39,210,405,439,292
26,20744.995254626,20744.995799535,,4,GPU-127e16de-2b5f-dde9-1932-b4e29bb818c0,ok,0,0,453,24.425,34,210,405,439,341
27,20745.995254626,20745.996121863,,0,GPU-9b96eb67-aeee-89d5-aa85-fc650af4e25c,ok,0,0,453,26.94,35,210,405,439,292
27,20745.995254626,20745.996100593,,1,GPU-37ffc98b-8551-c8a1-5f3c-27ade9ae735a,ok,100,22,1514,349.142,75,1485,9501,4589,12548
27,20745.995254626,20745.996007333,,2,GPU-5443d59d-561f-ed1e-da42-1975937205f9,ok,0,0,453,27.511,37,210,405,390,341
27,20745.995254626,20745.995984133,,3,GPU-46bf67bb-cb31-bee1-3cf0-c35337ba97d2,ok,0,0,453,26.388,39,210,405,439,292
27,20745.995254626,20745.996041913,,4,GPU-127e16de-2b5f-dde9-1932-b4e29bb818c0,ok,0,0,453,24.426,34,210,405,390,341
28,20746.995254626,20746.995948961,,0,GPU-9b96eb67-aeee-89d5-aa85-fc650af4e25c,ok,0,0,453,26.856,35,210,405,390,292
28,20746.995254626,20746.997085582,,1,GPU-37ffc98b-8551-c8a1-5f3c-27ade9ae735a,ok,100,23,1514,349.177,75,1470,9501,5517,13671
28,20746.995254626,20746.995803541,,2,GPU-5443d59d-561f-ed1e-da42-1975937205f9,ok,0,0,453,27.39,37,210,405,390,292
28,20746.995254626,20746.997131252,,3,GPU-46bf67bb-cb31-bee1-3cf0-c35337ba97d2,ok,0,0,453,26.251,39,210,405,439,292
28,20746.995254626,20746.995759621,,4,GPU-127e16de-2b5f-dde9-1932-b4e29bb818c0,ok,0,0,453,24.535,34,210,405,439,292
29,20747.995254626,20747.995973079,,0,GPU-9b96eb67-aeee-89d5-aa85-fc650af4e25c,ok,0,0,453,26.855,35,210,405,439,292
29,20747.995254626,20747.996480799,,1,GPU-37ffc98b-8551-c8a1-5f3c-27ade9ae735a,ok,100,24,1514,348.872,75,1470,9501,5175,12646
29,20747.995254626,20747.996457389,,2,GPU-5443d59d-561f-ed1e-da42-1975937205f9,ok,0,0,453,27.501,37,210,405,439,292
29,20747.995254626,20747.995934009,,3,GPU-46bf67bb-cb31-bee1-3cf0-c35337ba97d2,ok,0,0,453,26.3,39,210,405,439,292
29,20747.995254626,20747.995751489,,4,GPU-127e16de-2b5f-dde9-1932-b4e29bb818c0,ok,0,0,453,24.577,34,210,405,439,292
30,20748.995254626,20748.996240067,,0,GPU-9b96eb67-aeee-89d5-aa85-fc650af4e25c,ok,0,0,453,26.885,35,210,405,439,292
30,20748.995254626,20748.996034837,,1,GPU-37ffc98b-8551-c8a1-5f3c-27ade9ae735a,ok,100,24,1514,348.799,75,1455,9501,585,292
30,20748.995254626,20748.996209017,,2,GPU-5443d59d-561f-ed1e-da42-1975937205f9,ok,0,0,453,27.699,37,210,405,390,341
30,20748.995254626,20748.996185587,,3,GPU-46bf67bb-cb31-bee1-3cf0-c35337ba97d2,ok,0,0,453,26.442,39,210,405,439,292
30,20748.995254626,20748.996113707,,4,GPU-127e16de-2b5f-dde9-1932-b4e29bb818c0,ok,0,0,453,24.595,34,210,405,390,292
31,20749.995254626,20749.995860635,,0,GPU-9b96eb67-aeee-89d5-aa85-fc650af4e25c,ok,0,0,453,26.695,35,210,405,439,341
31,20749.995254626,20749.996744066,,1,GPU-37ffc98b-8551-c8a1-5f3c-27ade9ae735a,ok,0,0,1514,230.198,65,1845,9501,390,292
31,20749.995254626,20749.996036795,,2,GPU-5443d59d-561f-ed1e-da42-1975937205f9,ok,0,0,453,27.68,37,210,405,390,292
31,20749.995254626,20749.996708286,,3,GPU-46bf67bb-cb31-bee1-3cf0-c35337ba97d2,ok,0,0,453,26.242,39,210,405,439,292
31,20749.995254626,20749.996593756,,4,GPU-127e16de-2b5f-dde9-1932-b4e29bb818c0,ok,0,0,453,24.739,34,210,405,439,341
32,20750.995254626,20750.996308263,,0,GPU-9b96eb67-aeee-89d5-aa85-fc650af4e25c,ok,0,0,453,26.751,35,210,405,439,292
32,20750.995254626,20750.996011183,,1,GPU-37ffc98b-8551-c8a1-5f3c-27ade9ae735a,ok,0,0,1514,170.671,64,1845,9501,439,1953
32,20750.995254626,20750.996254473,,2,GPU-5443d59d-561f-ed1e-da42-1975937205f9,ok,0,0,453,27.686,37,210,405,390,292
32,20750.995254626,20750.996356943,,3,GPU-46bf67bb-cb31-bee1-3cf0-c35337ba97d2,ok,0,0,453,26.204,39,210,405,439,292
32,20750.995254626,20750.996283473,,4,GPU-127e16de-2b5f-dde9-1932-b4e29bb818c0,ok,0,0,453,24.778,34,210,405,439,341
33,20751.995254626,20751.996026081,,0,GPU-9b96eb67-aeee-89d5-aa85-fc650af4e25c,ok,0,0,453,26.738,35,210,405,439,292
33,20751.995254626,20751.996096141,,1,GPU-37ffc98b-8551-c8a1-5f3c-27ade9ae735a,ok,100,28,1514,209.315,72,1485,9501,5175,9375
33,20751.995254626,20751.996192421,,2,GPU-5443d59d-561f-ed1e-da42-1975937205f9,ok,0,0,453,27.76,37,210,405,439,292
33,20751.995254626,20751.996070051,,3,GPU-46bf67bb-cb31-bee1-3cf0-c35337ba97d2,ok,0,0,453,26.254,39,210,405,439,341
33,20751.995254626,20751.996155661,,4,GPU-127e16de-2b5f-dde9-1932-b4e29bb818c0,ok,0,0,453,24.613,34,210,405,439,292
34,20752.995254626,20752.995973789,,0,GPU-9b96eb67-aeee-89d5-aa85-fc650af4e25c,ok,0,0,453,26.466,35,210,405,390,292
34,20752.995254626,20752.99662504,,1,GPU-37ffc98b-8551-c8a1-5f3c-27ade9ae735a,ok,100,24,1514,349.356,73,1485,9501,6347,7910
34,20752.995254626,20752.99653601,,2,GPU-5443d59d-561f-ed1e-da42-1975937205f9,ok,0,0,453,27.611,37,210,405,439,341
34,20752.995254626,20752.995739759,,3,GPU-46bf67bb-cb31-bee1-3cf0-c35337ba97d2,ok,0,0,453,26.104,39,210,405,439,292
34,20752.995254626,20752.996574,,4,GPU-127e16de-2b5f-dde9-1932-b4e29bb818c0,ok,0,0,453,24.482,34,210,405,439,292
35,20753.995254626,20753.996129427,,0,GPU-9b96eb67-aeee-89d5-aa85-fc650af4e25c,ok,0,0,453,26.558,35,210,405,439,341
35,20753.995254626,20753.996018637,,1,GPU-37ffc98b-8551-c8a1-5f3c-27ade9ae735a,ok,100,24,1514,349.263,74,1485,9501,5419,8349
35,20753.995254626,20753.995859757,,2,GPU-5443d59d-561f-ed1e-da42-1975937205f9,ok,0,0,453,27.638,37,210,405,439,292
35,20753.995254626,20753.996086367,,3,GPU-46bf67bb-cb31-bee1-3cf0-c35337ba97d2,ok,0,0,453,26.227,39,210,405,439,341
35,20753.995254626,20753.996165028,,4,GPU-127e16de-2b5f-dde9-1932-b4e29bb818c0,ok,0,0,453,24.485,34,210,405,439,292
36,20754.995254626,20754.996053115,,0,GPU-9b96eb67-aeee-89d5-aa85-fc650af4e25c,ok,0,0,453,26.749,35,210,405,439,341
36,20754.995254626,20754.995916235,,1,GPU-37ffc98b-8551-c8a1-5f3c-27ade9ae735a,ok,100,24,1514,348.82,74,1485,9501,5517,8984
36,20754.995254626,20754.996915166,,2,GPU-5443d59d-561f-ed1e-da42-1975937205f9,ok,0,0,453,27.728,37,210,405,439,292
36,20754.995254626,20754.995865865,,3,GPU-46bf67bb-cb31-bee1-3cf0-c35337ba97d2,ok,0,0,453,26.418,39,210,405,439,341
36,20754.995254626,20754.996003285,,4,GPU-127e16de-2b5f-dde9-1932-b4e29bb818c0,ok,0,0,453,24.576,34,210,405,439,292
37,20755.995254626,20755.995953163,,0,GPU-9b96eb67-aeee-89d5-aa85-fc650af4e25c,ok,0,0,453,26.539,35,210,405,439,292
37,20755.995254626,20755.996154324,,1,GPU-37ffc98b-8551-c8a1-5f3c-27ade9ae735a,ok,100,24,1514,349.342,74,1485,9501,5908,10253
37,20755.995254626,20755.996179774,,2,GPU-5443d59d-561f-ed1e-da42-1975937205f9,ok,0,0,453,27.525,37,210,405,439,292
37,20755.995254626,20755.996120914,,3,GPU-46bf67bb-cb31-bee1-3cf0-c35337ba97d2,ok,0,0,453,26.242,39,210,405,439,341
37,20755.995254626,20755.996032544,,4,GPU-127e16de-2b5f-dde9-1932-b4e29bb818c0,ok,0,0,453,24.523,34,210,405,439,292
38,20756.995254626,20756.995759441,,0,GPU-9b96eb67-aeee-89d5-aa85-fc650af4e25c,ok,0,0,453,26.461,35,210,405,439,292
38,20756.995254626,20756.996630282,,1,GPU-37ffc98b-8551-c8a1-5f3c-27ade9ae735a,ok,100,25,1514,349.208,74,1500,9501,4638,12255
38,20756.995254626,20756.995924062,,2,GPU-5443d59d-561f-ed1e-da42-1975937205f9,ok,0,0,453,27.548,37,210,405,439,341
38,20756.995254626,20756.996565402,,3,GPU-46bf67bb-cb31-bee1-3cf0-c35337ba97d2,ok,0,0,453,26.25,39,210,405,439,341
38,20756.995254626,20756.996503292,,4,GPU-127e16de-2b5f-dde9-1932-b4e29bb818c0,ok,0,0,453,24.642,34,210,405,390,292
39,20757.995254626,20757.995738269,,0,GPU-9b96eb67-aeee-89d5-aa85-fc650af4e25c,ok,0,0,453,26.529,35,210,405,390,292
39,20757.995254626,20757.99598922,,1,GPU-37ffc98b-8551-c8a1-5f3c-27ade9ae735a,ok,100,25,1514,349.512,75,1500,9501,4492,12548
39,20757.995254626,20757.9959442,,2,GPU-5443d59d-561f-ed1e-da42-1975937205f9,ok,0,0,453,27.724,37,210,405,439,292
39,20757.995254626,20757.9964865,,3,GPU-46bf67bb-cb31-bee1-3cf0-c35337ba97d2,ok,0,0,453,26.375,39,210,405,439,341
39,20757.995254626,20757.99747794,,4,GPU-127e16de-2b5f-dde9-1932-b4e29bb818c0,ok,0,0,453,24.753,34,210,405,439,341
40,20758.995254626,20758.995897348,,0,GPU-9b96eb67-aeee-89d5-aa85-fc650af4e25c,ok,0,0,453,26.407,35,210,405,390,292
40,20758.995254626,20758.996078978,,1,GPU-37ffc98b-8551-c8a1-5f3c-27ade9ae735a,ok,100,24,1514,349.887,75,1500,9501,4052,13867
40,20758.995254626,20758.996609378,,2,GPU-5443d59d-561f-ed1e-da42-1975937205f9,ok,0,0,453,27.743,37,210,405,439,292
40,20758.995254626,20758.995993318,,3,GPU-46bf67bb-cb31-bee1-3cf0-c35337ba97d2,ok,0,0,453,26.14,39,210,405,439,341
40,20758.995254626,20758.996026798,,4,GPU-127e16de-2b5f-dde9-1932-b4e29bb818c0,ok,0,0,453,24.633,34,210,405,439,292
41,20759.995254626,20759.996090246,,0,GPU-9b96eb67-aeee-89d5-aa85-fc650af4e25c,ok,0,0,453,26.433,35,210,405,439,341
41,20759.995254626,20759.996022576,,1,GPU-37ffc98b-8551-c8a1-5f3c-27ade9ae735a,ok,100,25,1514,349.088,74,1485,9501,3906,18066
41,20759.995254626,20759.996071576,,2,GPU-5443d59d-561f-ed1e-da42-1975937205f9,ok,0,0,453,27.829,37,210,405,439,292
41,20759.995254626,20759.995846366,,3,GPU-46bf67bb-cb31-bee1-3cf0-c35337ba97d2,ok,0,0,453,26.051,39,210,405,439,341
41,20759.995254626,20759.996576956,,4,GPU-127e16de-2b5f-dde9-1932-b4e29bb818c0,ok,0,0,453,24.572,34,210,405,439,292
42,20760.995254626,20760.996043324,,0,GPU-9b96eb67-aeee-89d5-aa85-fc650af4e25c,ok,0,0,453,26.646,35,210,405,439,292
42,20760.995254626,20760.996153734,,1,GPU-37ffc98b-8551-c8a1-5f3c-27ade9ae735a,ok,100,30,1514,349.111,75,1485,9501,3759,18701
42,20760.995254626,20760.996082234,,2,GPU-5443d59d-561f-ed1e-da42-1975937205f9,ok,0,0,453,27.814,37,210,405,439,292
42,20760.995254626,20760.995847544,,3,GPU-46bf67bb-cb31-bee1-3cf0-c35337ba97d2,ok,0,0,453,26.125,39,210,405,439,341
42,20760.995254626,20760.996177304,,4,GPU-127e16de-2b5f-dde9-1932-b4e29bb818c0,ok,0,0,453,24.491,34,210,405,439,341
43,20761.995254626,20761.996132512,,0,GPU-9b96eb67-aeee-89d5-aa85-fc650af4e25c,ok,0,0,453,26.427,35,210,405,439,341
43,20761.995254626,20761.995876032,,1,GPU-37ffc98b-8551-c8a1-5f3c-27ade9ae735a,ok,100,29,1514,349.174,75,1485,9501,3564,12939
43,20761.995254626,20761.996000102,,2,GPU-5443d59d-561f-ed1e-da42-1975937205f9,ok,0,0,453,27.803,37,210,405,439,292
43,20761.995254626,20761.996161332,,3,GPU-46bf67bb-cb31-bee1-3cf0-c35337ba97d2,ok,0,0,453,25.98,39,210,405,439,341
43,20761.995254626,20761.996187672,,4,GPU-127e16de-2b5f-dde9-1932-b4e29bb818c0,ok,0,0,453,24.385,34,210,405,439,292
44,20762.995254626,20762.99693648,,0,GPU-9b96eb67-aeee-89d5-aa85-fc650af4e25c,ok,0,0,453,26.217,35,210,405,439,341
44,20762.995254626,20762.99583614,,1,GPU-37ffc98b-8551-c8a1-5f3c-27ade9ae735a,ok,100,25,1514,349.521,75,1500,9501,3515,14257
44,20762.995254626,20762.99650539,,2,GPU-5443d59d-561f-ed1e-da42-1975937205f9,ok,0,0,453,27.847,37,210,405,439,341
44,20762.995254626,20762.99578699,,3,GPU-46bf67bb-cb31-bee1-3cf0-c35337ba97d2,ok,0,0,453,26.037,39,210,405,390,341
44,20762.995254626,20762.99691035,,4,GPU-127e16de-2b5f-dde9-1932-b4e29bb818c0,ok,0,0,453,24.272,34,210,405,439,292
45,20763.995254626,20763.995901548,,0,GPU-9b96eb67-aeee-89d5-aa85-fc650af4e25c,ok,0,0,453,26.193,35,210,405,439,292
45,20763.995254626,20763.997221958,,1,GPU-37ffc98b-8551-c8a1-5f3c-27ade9ae735a,ok,100,27,1514,349.19,75,1485,9501,3613,15869
45,20763.995254626,20763.996089068,,2,GPU-5443d59d-561f-ed1e-da42-1975937205f9,ok,0,0,453,27.727,37,210,405,439,292
45,20763.995254626,20763.995866738,,3,GPU-46bf67bb-cb31-bee1-3cf0-c35337ba97d2,ok,0,0,453,26.086,39,210,405,439,341
45,20763.995254626,20763.996046378,,4,GPU-127e16de-2b5f-dde9-1932-b4e29bb818c0,ok,0,0,453,24.407,34,210,405,390,341
46,20764.995254626,20764.996109356,,0,GPU-9b96eb67-aeee-89d5-aa85-fc650af4e25c,ok,0,0,453,26.37,35,210,405,439,292
46,20764.995254626,20764.995992816,,1,GPU-37ffc98b-8551-c8a1-5f3c-27ade9ae735a,ok,100,24,1514,349.154,75,1485,9501,3466,13867
46,20764.995254626,20764.996008926,,2,GPU-5443d59d-561f-ed1e-da42-1975937205f9,ok,0,0,453,27.736,37,210,405,439,292
46,20764.995254626,20764.997556086,,3,GPU-46bf67bb-cb31-bee1-3cf0-c35337ba97d2,ok,0,0,453,26.118,39,210,405,439,341
46,20764.995254626,20764.996042526,,4,GPU-127e16de-2b5f-dde9-1932-b4e29bb818c0,ok,0,0,453,24.747,34,210,405,439,292
47,20765.995254626,20765.996072384,,0,GPU-9b96eb67-aeee-89d5-aa85-fc650af4e25c,ok,0,0,453,26.572,35,210,405,439,292
47,20765.995254626,20765.995996194,,1,GPU-37ffc98b-8551-c8a1-5f3c-27ade9ae735a,ok,100,23,1514,349.551,75,1485,9501,3173,14111
47,20765.995254626,20765.996158854,,2,GPU-5443d59d-561f-ed1e-da42-1975937205f9,ok,0,0,453,27.81,37,210,405,439,341
47,20765.995254626,20765.996173534,,3,GPU-46bf67bb-cb31-bee1-3cf0-c35337ba97d2,ok,0,0,453,26.3,39,210,405,439,341
47,20765.995254626,20765.996109344,,4,GPU-127e16de-2b5f-dde9-1932-b4e29bb818c0,ok,0,0,453,24.983,34,210,405,439,292
48,20766.995254626,20766.995848032,,0,GPU-9b96eb67-aeee-89d5-aa85-fc650af4e25c,ok,0,0,453,26.556,35,210,405,390,341
48,20766.995254626,20766.995819142,,1,GPU-37ffc98b-8551-c8a1-5f3c-27ade9ae735a,ok,100,28,1514,349.238,75,1485,9501,3173,14355
48,20766.995254626,20766.996926082,,2,GPU-5443d59d-561f-ed1e-da42-1975937205f9,ok,0,0,453,27.765,37,210,405,439,292
48,20766.995254626,20766.996864512,,3,GPU-46bf67bb-cb31-bee1-3cf0-c35337ba97d2,ok,0,0,453,26.12,39,210,405,439,341
48,20766.995254626,20766.996041862,,4,GPU-127e16de-2b5f-dde9-1932-b4e29bb818c0,ok,0,0,453,24.957,34,210,405,439,292
49,20767.995254626,20767.9961929,,0,GPU-9b96eb67-aeee-89d5-aa85-fc650af4e25c,ok,0,0,453,26.676,35,210,405,390,292
49,20767.995254626,20767.99614909,,1,GPU-37ffc98b-8551-c8a1-5f3c-27ade9ae735a,ok,100,24,1514,349.384,75,1485,9501,3271,14208
49,20767.995254626,20767.99604094,,2,GPU-5443d59d-561f-ed1e-da42-1975937205f9,ok,0,0,453,27.867,37,210,405,439,292
49,20767.995254626,20767.9961242,,3,GPU-46bf67bb-cb31-bee1-3cf0-c35337ba97d2,ok,0,0,453,26.08,39,210,405,439,292
49,20767.995254626,20767.99609802,,4,GPU-127e16de-2b5f-dde9-1932-b4e29bb818c0,ok,0,0,453,24.716,34,210,405,390,292
50,20768.995254626,20768.997507098,,0,GPU-9b96eb67-aeee-89d5-aa85-fc650af4e25c,ok,0,0,453,26.773,35,210,405,390,292
50,20768.995254626,20768.995925218,,1,GPU-37ffc98b-8551-c8a1-5f3c-27ade9ae735a,ok,100,24,1514,349.066,75,1485,9501,3466,14453
50,20768.995254626,20768.996126388,,2,GPU-5443d59d-561f-ed1e-da42-1975937205f9,ok,0,0,453,28.017,37,210,405,390,292
50,20768.995254626,20768.995992428,,3,GPU-46bf67bb-cb31-bee1-3cf0-c35337ba97d2,ok,0,0,453,26.281,39,210,405,390,292
50,20768.995254626,20768.996037068,,4,GPU-127e16de-2b5f-dde9-1932-b4e29bb818c0,ok,0,0,453,24.431,34,210,405,439,341
51,20769.995254626,20769.996090846,,0,GPU-9b96eb67-aeee-89d5-aa85-fc650af4e25c,ok,0,0,453,26.5,35,210,405,439,292
51,20769.995254626,20769.996627086,,1,GPU-37ffc98b-8551-c8a1-5f3c-27ade9ae735a,ok,100,29,1514,348.862,75,1485,9501,3564,14794
51,20769.995254626,20769.995900156,,2,GPU-5443d59d-561f-ed1e-da42-1975937205f9,ok,0,0,453,27.865,37,210,405,390,341
51,20769.995254626,20769.995991536,,3,GPU-46bf67bb-cb31-bee1-3cf0-c35337ba97d2,ok,0,0,453,26.191,39,210,405,439,292
51,20769.995254626,20769.996061736,,4,GPU-127e16de-2b5f-dde9-1932-b4e29bb818c0,ok,0,0,453,24.129,34,210,405,439,292
52,20770.995254626,20770.996067464,,0,GPU-9b96eb67-aeee-89d5-aa85-fc650af4e25c,ok,0,0,453,26.425,35,210,405,439,341
52,20770.995254626,20770.996041984,,1,GPU-37ffc98b-8551-c8a1-5f3c-27ade9ae735a,ok,100,24,1514,348.938,75,1500,9501,3417,14501
52,20770.995254626,20770.997055864,,2,GPU-5443d59d-561f-ed1e-da42-1975937205f9,ok,0,0,453,27.772,37,210,405,439,292
52,20770.995254626,20770.995887404,,3,GPU-46bf67bb-cb31-bee1-3cf0-c35337ba97d2,ok,0,0,453,26.199,39,210,405,439,292
52,20770.995254626,20770.995792774,,4,GPU-127e16de-2b5f-dde9-1932-b4e29bb818c0,ok,0,0,453,24.26,34,210,405,439,292
53,20771.995254626,20771.996090842,,0,GPU-9b96eb67-aeee-89d5-aa85-fc650af4e25c,ok,0,0,453,26.572,35,210,405,439,341
53,20771.995254626,20771.996169322,,1,GPU-37ffc98b-8551-c8a1-5f3c-27ade9ae735a,ok,100,24,1514,349.715,75,1485,9501,3710,14062
53,20771.995254626,20771.996131132,,2,GPU-5443d59d-561f-ed1e-da42-1975937205f9,ok,0,0,453,27.847,37,210,405,439,292
53,20771.995254626,20771.996228242,,3,GPU-46bf67bb-cb31-bee1-3cf0-c35337ba97d2,ok,0,0,453,26.256,39,210,405,439,341
53,20771.995254626,20771.996264532,,4,GPU-127e16de-2b5f-dde9-1932-b4e29bb818c0,ok,0,0,453,24.413,34,210,405,390,292
54,20772.995254626,20772.99608023,,0,GPU-9b96eb67-aeee-89d5-aa85-fc650af4e25c,ok,0,0,453,26.41,35,210,405,439,292
54,20772.995254626,20772.99616411,,1,GPU-37ffc98b-8551-c8a1-5f3c-27ade9ae735a,ok,100,24,1514,349.564,75,1485,9501,3808,14501
54,20772.995254626,20772.99603596,,2,GPU-5443d59d-561f-ed1e-da42-1975937205f9,ok,0,0,453,27.722,37,210,405,439,292
54,20772.995254626,20772.99599333,,3,GPU-46bf67bb-cb31-bee1-3cf0-c35337ba97d2,ok,0,0,453,26.058,39,210,405,390,341
54,20772.995254626,20772.99605171,,4,GPU-127e16de-2b5f-dde9-1932-b4e29bb818c0,ok,0,0,453,24.395,34,210,405,439,292
55,20773.995254626,20773.996038858,,0,GPU-9b96eb67-aeee-89d5-aa85-fc650af4e25c,ok,0,0,453,26.381,35,210,405,439,341
55,20773.995254626,20773.996085888,,1,GPU-37ffc98b-8551-c8a1-5f3c-27ade9ae735a,ok,100,24,1514,349.456,76,1485,9501,3759,13769
55,20773.995254626,20773.995855598,,2,GPU-5443d59d-561f-ed1e-da42-1975937205f9,ok,0,0,453,27.664,37,210,405,439,292
55,20773.995254626,20773.996127798,,3,GPU-46bf67bb-cb31-bee1-3cf0-c35337ba97d2,ok,0,0,453,26.077,39,210,405,439,341
55,20773.995254626,20773.996138918,,4,GPU-127e16de-2b5f-dde9-1932-b4e29bb818c0,ok,0,0,453,24.36,34,210,405,439,292
56,20774.995254626,20774.996584016,,0,GPU-9b96eb67-aeee-89d5-aa85-fc650af4e25c,ok,0,0,453,26.542,35,210,405,439,341
56,20774.995254626,20774.996648306,,1,GPU-37ffc98b-8551-c8a1-5f3c-27ade9ae735a,ok,100,23,1514,349.125,76,1485,9501,3662,15332
56,20774.995254626,20774.995844906,,2,GPU-5443d59d-561f-ed1e-da42-1975937205f9,ok,0,0,453,27.711,37,210,405,439,292
56,20774.995254626,20774.995939506,,3,GPU-46bf67bb-cb31-bee1-3cf0-c35337ba97d2,ok,0,0,453,26.246,39,210,405,439,341
56,20774.995254626,20774.997226686,,4,GPU-127e16de-2b5f-dde9-1932-b4e29bb818c0,ok,0,0,453,24.371,34,210,405,439,292
57,20775.995254626,20775.996495484,,0,GPU-9b96eb67-aeee-89d5-aa85-fc650af4e25c,ok,0,0,453,26.459,35,210,405,439,292
57,20775.995254626,20775.997052094,,1,GPU-37ffc98b-8551-c8a1-5f3c-27ade9ae735a,ok,100,23,1514,349.183,75,1470,9501,3808,14355
57,20775.995254626,20775.995787234,,2,GPU-5443d59d-561f-ed1e-da42-1975937205f9,ok,0,0,453,27.67,37,210,405,439,292
57,20775.995254626,20775.996001554,,3,GPU-46bf67bb-cb31-bee1-3cf0-c35337ba97d2,ok,0,0,453,26.153,39,210,405,439,341
57,20775.995254626,20775.995939994,,4,GPU-127e16de-2b5f-dde9-1932-b4e29bb818c0,ok,0,0,453,24.318,34,210,405,390,341
58,20776.995254626,20776.995991362,,0,GPU-9b96eb67-aeee-89d5-aa85-fc650af4e25c,ok,0,0,453,26.536,35,210,405,439,292
58,20776.995254626,20776.995852332,,1,GPU-37ffc98b-8551-c8a1-5f3c-27ade9ae735a,ok,0,0,1514,283.159,68,1920,9501,390,292
58,20776.995254626,20776.996247702,,2,GPU-5443d59d-561f-ed1e-da42-1975937205f9,ok,0,0,453,27.752,37,210,405,390,292
58,20776.995254626,20776.996886112,,3,GPU-46bf67bb-cb31-bee1-3cf0-c35337ba97d2,ok,0,0,453,26.165,39,210,405,439,341
58,20776.995254626,20776.996125732,,4,GPU-127e16de-2b5f-dde9-1932-b4e29bb818c0,ok,0,0,453,24.173,34,210,405,439,292
59,20777.995254626,20777.99634824,,0,GPU-9b96eb67-aeee-89d5-aa85-fc650af4e25c,ok,0,0,453,26.677,35,210,405,439,341
59,20777.995254626,20777.99625098,,1,GPU-37ffc98b-8551-c8a1-5f3c-27ade9ae735a,ok,0,0,1514,172.318,65,1935,9501,390,244
59,20777.995254626,20777.99610041,,2,GPU-5443d59d-561f-ed1e-da42-1975937205f9,ok,0,0,453,27.865,37,210,405,390,341
59,20777.995254626,20777.99631042,,3,GPU-46bf67bb-cb31-bee1-3cf0-c35337ba97d2,ok,0,0,453,26.249,39,210,405,439,341
59,20777.995254626,20777.99626901,,4,GPU-127e16de-2b5f-dde9-1932-b4e29bb818c0,ok,0,0,453,24.167,34,210,405,439,292
60,20778.995254626,20778.996538738,,0,GPU-9b96eb67-aeee-89d5-aa85-fc650af4e25c,ok,0,0,453,26.5,35,210,405,439,341
60,20778.995254626,20778.996086458,,1,GPU-37ffc98b-8551-c8a1-5f3c-27ade9ae735a,ok,100,35,1514,197.753,71,1485,9501,4492,12744
60,20778.995254626,20778.995960758,,2,GPU-5443d59d-561f-ed1e-da42-1975937205f9,ok,0,0,453,27.7,37,210,405,390,292
60,20778.995254626,20778.996124368,,3,GPU-46bf67bb-cb31-bee1-3cf0-c35337ba97d2,ok,0,0,453,26.001,39,210,405,439,341
60,20778.995254626,20778.995807328,,4,GPU-127e16de-2b5f-dde9-1932-b4e29bb818c0,ok,0,0,453,24.136,34,210,405,439,292
61,20779.995254626,20779.996184576,,0,GPU-9b96eb67-aeee-89d5-aa85-fc650af4e25c,ok,0,0,453,26.479,35,210,405,390,292
61,20779.995254626,20779.995966456,,1,GPU-37ffc98b-8551-c8a1-5f3c-27ade9ae735a,ok,100,24,1514,350.075,74,1485,9501,4980,12792
61,20779.995254626,20779.996209016,,2,GPU-5443d59d-561f-ed1e-da42-1975937205f9,ok,0,0,453,27.638,37,210,405,439,292
61,20779.995254626,20779.995923886,,3,GPU-46bf67bb-cb31-bee1-3cf0-c35337ba97d2,ok,0,0,453,26.076,39,210,405,439,292
61,20779.995254626,20779.996116656,,4,GPU-127e16de-2b5f-dde9-1932-b4e29bb818c0,ok,0,0,453,24.222,34,210,405,390,292
62,20780.995254626,20780.995860654,,0,GPU-9b96eb67-aeee-89d5-aa85-fc650af4e25c,ok,0,0,453,26.55,35,210,405,390,292
62,20780.995254626,20780.996594314,,1,GPU-37ffc98b-8551-c8a1-5f3c-27ade9ae735a,ok,100,24,1514,350.037,74,1470,9501,5468,10205
62,20780.995254626,20780.996020264,,2,GPU-5443d59d-561f-ed1e-da42-1975937205f9,ok,0,0,453,27.812,37,210,405,439,292
62,20780.995254626,20780.996082304,,3,GPU-46bf67bb-cb31-bee1-3cf0-c35337ba97d2,ok,0,0,453,26.375,39,210,405,439,341
62,20780.995254626,20780.995993724,,4,GPU-127e16de-2b5f-dde9-1932-b4e29bb818c0,ok,0,0,453,24.403,34,210,405,390,341
63,20781.995254626,20781.996354192,,0,GPU-9b96eb67-aeee-89d5-aa85-fc650af4e25c,ok,0,0,453,26.413,35,210,405,439,292
63,20781.995254626,20781.995667872,,1,GPU-37ffc98b-8551-c8a1-5f3c-27ade9ae735a,ok,100,26,1514,349.433,74,1485,9501,4882,11767
63,20781.995254626,20781.996317272,,2,GPU-5443d59d-561f-ed1e-da42-1975937205f9,ok,0,0,453,27.863,37,210,405,390,292
63,20781.995254626,20781.996176102,,3,GPU-46bf67bb-cb31-bee1-3cf0-c35337ba97d2,ok,0,0,453,26.272,39,210,405,488,292
63,20781.995254626,20781.996248012,,4,GPU-127e16de-2b5f-dde9-1932-b4e29bb818c0,ok,0,0,453,24.371,34,210,405,439,292
64,20782.995254626,20782.99579494,,0,GPU-9b96eb67-aeee-89d5-aa85-fc650af4e25c,ok,0,0,453,26.468,35,210,405,439,292
64,20782.995254626,20782.99601741,,1,GPU-37ffc98b-8551-c8a1-5f3c-27ade9ae735a,ok,100,23,1514,349.522,75,1470,9501,5322,10498
64,20782.995254626,20782.9959672,,2,GPU-5443d59d-561f-ed1e-da42-1975937205f9,ok,0,0,453,27.971,37,210,405,390,292
64,20782.995254626,20782.99714236,,3,GPU-46bf67bb-cb31-bee1-3cf0-c35337ba97d2,ok,0,0,453,26.323,39,210,405,439,292
64,20782.995254626,20782.99651012,,4,GPU-127e16de-2b5f-dde9-1932-b4e29bb818c0,ok,0,0,453,24.286,34,210,405,439,292
65,20783.995254626,20783.997830759,,0,GPU-9b96eb67-aeee-89d5-aa85-fc650af4e25c,ok,0,0,453,26.606,35,210,405,439,341
65,20783.995254626,20783.996061298,,1,GPU-37ffc98b-8551-c8a1-5f3c-27ade9ae735a,ok,100,23,1514,349.077,75,1485,9501,6542,10791
65,20783.995254626,20783.995947158,,2,GPU-5443d59d-561f-ed1e-da42-1975937205f9,ok,0,0,453,27.951,37,210,405,390,292
65,20783.995254626,20783.995887028,,3,GPU-46bf67bb-cb31-bee1-3cf0-c35337ba97d2,ok,0,0,453,26.496,39,210,405,439,292
65,20783.995254626,20783.995911908,,4,GPU-127e16de-2b5f-dde9-1932-b4e29bb818c0,ok,0,0,453,24.233,34,210,405,439,292
66,20784.995254626,20784.995757006,,0,GPU-9b96eb67-aeee-89d5-aa85-fc650af4e25c,ok,0,0,453,26.431,35,210,405,439,341
66,20784.995254626,20784.996506726,,1,GPU-37ffc98b-8551-c8a1-5f3c-27ade9ae735a,ok,100,28,1514,348.937,75,1470,9501,5664,9277
66,20784.995254626,20784.996013516,,2,GPU-5443d59d-561f-ed1e-da42-1975937205f9,ok,0,0,453,27.792,37,210,405,390,341
66,20784.995254626,20784.996545666,,3,GPU-46bf67bb-cb31-bee1-3cf0-c35337ba97d2,ok,0,0,453,26.323,39,210,405,439,341
66,20784.995254626,20784.995973276,,4,GPU-127e16de-2b5f-dde9-1932-b4e29bb818c0,ok,0,0,453,24.195,34,210,405,390,341
67,20785.995254626,20785.995859674,,0,GPU-9b96eb67-aeee-89d5-aa85-fc650af4e25c,ok,0,0,453,26.425,35,210,405,390,292
67,20785.995254626,20785.996143764,,1,GPU-37ffc98b-8551-c8a1-5f3c-27ade9ae735a,ok,100,24,1514,349.05,75,1485,9501,4931,9521
67,20785.995254626,20785.996070844,,2,GPU-5443d59d-561f-ed1e-da42-1975937205f9,ok,0,0,453,27.79,37,210,405,439,292
67,20785.995254626,20785.996569344,,3,GPU-46bf67bb-cb31-bee1-3cf0-c35337ba97d2,ok,0,0,453,26.303,39,210,405,439,341
67,20785.995254626,20785.996114474,,4,GPU-127e16de-2b5f-dde9-1932-b4e29bb818c0,ok,0,0,453,24.293,34,210,405,439,341
68,20786.995254626,20786.996022362,,0,GPU-9b96eb67-aeee-89d5-aa85-fc650af4e25c,ok,0,0,453,26.554,35,210,405,439,292
68,20786.995254626,20786.996145552,,1,GPU-37ffc98b-8551-c8a1-5f3c-27ade9ae735a,ok,100,22,1514,349.286,75,1470,9501,5664,9033
68,20786.995254626,20786.995984572,,2,GPU-5443d59d-561f-ed1e-da42-1975937205f9,ok,0,0,453,27.802,37,210,405,439,292
68,20786.995254626,20786.996172422,,3,GPU-46bf67bb-cb31-bee1-3cf0-c35337ba97d2,ok,0,0,453,26.414,39,210,405,439,341
68,20786.995254626,20786.996073672,,4,GPU-127e16de-2b5f-dde9-1932-b4e29bb818c0,ok,0,0,453,24.42,34,210,405,439,292
69,20787.995254626,20787.99589003,,0,GPU-9b96eb67-aeee-89d5-aa85-fc650af4e25c,ok,0,0,453,26.431,35,210,405,439,292
69,20787.995254626,20787.99593523,,1,GPU-37ffc98b-8551-c8a1-5f3c-27ade9ae735a,ok,100,22,1514,348.992,75,1485,9501,5371,8837
69,20787.995254626,20787.996944931,,2,GPU-5443d59d-561f-ed1e-da42-1975937205f9,ok,0,0,453,27.63,37,210,405,439,292
69,20787.995254626,20787.997591751,,3,GPU-46bf67bb-cb31-bee1-3cf0-c35337ba97d2,ok,0,0,453,26.234,39,210,405,439,341
69,20787.995254626,20787.99598822,,4,GPU-127e16de-2b5f-dde9-1932-b4e29bb818c0,ok,0,0,453,24.463,34,210,405,439,292
70,20788.995254626,20788.995784458,,0,GPU-9b96eb67-aeee-89d5-aa85-fc650af4e25c,ok,0,0,453,26.464,35,210,405,439,341
70,20788.995254626,20788.997782459,,1,GPU-37ffc98b-8551-c8a1-5f3c-27ade9ae735a,ok,100,23,1514,348.785,75,1485,9501,6054,8544
70,20788.995254626,20788.995950078,,2,GPU-5443d59d-561f-ed1e-da42-1975937205f9,ok,0,0,453,27.715,37,210,405,439,341
70,20788.995254626,20788.996500348,,3,GPU-46bf67bb-cb31-bee1-3cf0-c35337ba97d2,ok,0,0,453,26.239,39,210,405,439,341
70,20788.995254626,20788.995968638,,4,GPU-127e16de-2b5f-dde9-1932-b4e29bb818c0,ok,0,0,453,24.602,34,210,405,439,292
71,20789.995254626,20789.996178916,,0,GPU-9b96eb67-aeee-89d5-aa85-fc650af4e25c,ok,0,0,453,26.638,35,210,405,439,341
71,20789.995254626,20789.996092156,,1,GPU-37ffc98b-8551-c8a1-5f3c-27ade9ae735a,ok,100,24,1514,349.182,75,1470,9501,6103,9082
71,20789.995254626,20789.995965616,,2,GPU-5443d59d-561f-ed1e-da42-1975937205f9,ok,0,0,453,27.888,37,210,405,439,292
71,20789.995254626,20789.995833936,,3,GPU-46bf67bb-cb31-bee1-3cf0-c35337ba97d2,ok,0,0,453,26.435,39,210,405,439,341
71,20789.995254626,20789.996140566,,4,GPU-127e16de-2b5f-dde9-1932-b4e29bb818c0,ok,0,0,453,24.503,34,210,405,390,341
72,20790.995254626,20790.996014604,,0,GPU-9b96eb67-aeee-89d5-aa85-fc650af4e25c,ok,0,0,453,26.585,35,210,405,439,292
72,20790.995254626,20790.996468534,,1,GPU-37ffc98b-8551-c8a1-5f3c-27ade9ae735a,ok,100,22,1514,348.878,75,1485,9501,6298,8544
72,20790.995254626,20790.996099334,,2,GPU-5443d59d-561f-ed1e-da42-1975937205f9,ok,0,0,453,27.625,37,210,405,439,292
72,20790.995254626,20790.996063384,,3,GPU-46bf67bb-cb31-bee1-3cf0-c35337ba97d2,ok,0,0,453,26.236,39,210,405,439,341
72,20790.995254626,20790.995857864,,4,GPU-127e16de-2b5f-dde9-1932-b4e29bb818c0,ok,0,0,453,24.409,34,210,405,439,292
73,20791.995254626,20791.996542352,,0,GPU-9b96eb67-aeee-89d5-aa85-fc650af4e25c,ok,0,0,453,26.678,35,210,405,439,292
73,20791.995254626,20791.995926432,,1,GPU-37ffc98b-8551-c8a1-5f3c-27ade9ae735a,ok,100,24,1514,348.561,75,1485,9501,5468,8789
73,20791.995254626,20791.995749792,,2,GPU-5443d59d-561f-ed1e-da42-1975937205f9,ok,0,0,453,27.51,37,210,405,439,341
73,20791.995254626,20791.996567893,,3,GPU-46bf67bb-cb31-bee1-3cf0-c35337ba97d2,ok,0,0,453,26.193,39,210,405,439,341
73,20791.995254626,20791.995963372,,4,GPU-127e16de-2b5f-dde9-1932-b4e29bb818c0,ok,0,0,453,24.615,34,210,405,439,292
74,20792.995254626,20792.99607895,,0,GPU-9b96eb67-aeee-89d5-aa85-fc650af4e25c,ok,0,0,453,26.861,35,210,405,439,341
74,20792.995254626,20792.99598158,,1,GPU-37ffc98b-8551-c8a1-5f3c-27ade9ae735a,ok,100,23,1514,348.951,75,1485,9501,7324,10009
74,20792.995254626,20792.99581595,,2,GPU-5443d59d-561f-ed1e-da42-1975937205f9,ok,0,0,453,27.744,37,210,405,439,292
74,20792.995254626,20792.99600841,,3,GPU-46bf67bb-cb31-bee1-3cf0-c35337ba97d2,ok,0,0,453,26.382,39,210,405,439,341
74,20792.995254626,20792.996530241,,4,GPU-127e16de-2b5f-dde9-1932-b4e29bb818c0,ok,0,0,453,24.568,34,210,405,439,341
75,20793.995254626,20793.996602599,,0,GPU-9b96eb67-aeee-89d5-aa85-fc650af4e25c,ok,0,0,453,26.688,35,210,405,390,341
75,20793.995254626,20793.995985718,,1,GPU-37ffc98b-8551-c8a1-5f3c-27ade9ae735a,ok,100,28,1514,348.559,75,1470,9501,5859,8691
75,20793.995254626,20793.996065318,,2,GPU-5443d59d-561f-ed1e-da42-1975937205f9,ok,0,0,453,27.849,37,210,405,439,292
75,20793.995254626,20793.995899198,,3,GPU-46bf67bb-cb31-bee1-3cf0-c35337ba97d2,ok,0,0,453,26.221,39,210,405,439,292
75,20793.995254626,20793.996026318,,4,GPU-127e16de-2b5f-dde9-1932-b4e29bb818c0,ok,0,0,453,24.512,34,210,405,439,341
76,20794.995254626,20794.996032176,,0,GPU-9b96eb67-aeee-89d5-aa85-fc650af4e25c,ok,0,0,453,26.679,35,210,405,439,292
76,20794.995254626,20794.995979876,,1,GPU-37ffc98b-8551-c8a1-5f3c-27ade9ae735a,ok,100,22,1514,348.899,75,1470,9501,7470,9570
76,20794.995254626,20794.995808216,,2,GPU-5443d59d-561f-ed1e-da42-1975937205f9,ok,0,0,453,27.769,37,210,405,439,292
76,20794.995254626,20794.996098436,,3,GPU-46bf67bb-cb31-bee1-3cf0-c35337ba97d2,ok,0,0,453,26.258,39,210,405,390,292
76,20794.995254626,20794.997471007,,4,GPU-127e16de-2b5f-dde9-1932-b4e29bb818c0,ok,0,0,453,24.517,34,210,405,390,292
77,20795.995254626,20795.996519905,,0,GPU-9b96eb67-aeee-89d5-aa85-fc650af4e25c,ok,0,0,453,26.877,35,210,405,439,292
77,20795.995254626,20795.996012734,,1,GPU-37ffc98b-8551-c8a1-5f3c-27ade9ae735a,ok,100,22,1514,348.977,75,1470,9501,5859,8007
77,20795.995254626,20795.996145574,,2,GPU-5443d59d-561f-ed1e-da42-1975937205f9,ok,0,0,453,27.752,36,210,405,439,341
77,20795.995254626,20795.995814054,,3,GPU-46bf67bb-cb31-bee1-3cf0-c35337ba97d2,ok,0,0,453,26.481,39,210,405,439,292
77,20795.995254626,20795.996111914,,4,GPU-127e16de-2b5f-dde9-1932-b4e29bb818c0,ok,0,0,453,24.504,34,210,405,439,292
78,20796.995254626,20796.996132612,,0,GPU-9b96eb67-aeee-89d5-aa85-fc650af4e25c,ok,0,0,453,26.772,35,210,405,488,341
78,20796.995254626,20796.996146602,,1,GPU-37ffc98b-8551-c8a1-5f3c-27ade9ae735a,ok,100,24,1514,349.173,75,1455,9501,5908,8544
78,20796.995254626,20796.996000322,,2,GPU-5443d59d-561f-ed1e-da42-1975937205f9,ok,0,0,453,27.769,36,210,405,439,292
78,20796.995254626,20796.996071862,,3,GPU-46bf67bb-cb31-bee1-3cf0-c35337ba97d2,ok,0,0,453,26.323,39,210,405,439,292
78,20796.995254626,20796.996099642,,4,GPU-127e16de-2b5f-dde9-1932-b4e29bb818c0,ok,0,0,453,24.434,34,210,405,439,292
79,20797.995254626,20797.99599299,,0,GPU-9b96eb67-aeee-89d5-aa85-fc650af4e25c,ok,0,0,453,26.848,35,210,405,439,341
79,20797.995254626,20797.996167141,,1,GPU-37ffc98b-8551-c8a1-5f3c-27ade9ae735a,ok,100,30,1514,348.849,75,1455,9501,7714,9814
79,20797.995254626,20797.996200431,,2,GPU-5443d59d-561f-ed1e-da42-1975937205f9,ok,0,0,453,27.765,37,210,405,390,292
79,20797.995254626,20797.996225991,,3,GPU-46bf67bb-cb31-bee1-3cf0-c35337ba97d2,ok,0,0,453,26.273,39,210,405,488,341
79,20797.995254626,20797.99601792,,4,GPU-127e16de-2b5f-dde9-1932-b4e29bb818c0,ok,0,0,453,24.471,34,210,405,439,341
80,20798.995254626,20798.996129009,,0,GPU-9b96eb67-aeee-89d5-aa85-fc650af4e25c,ok,0,0,453,27.026,35,210,405,390,292
80,20798.995254626,20798.996019119,,1,GPU-37ffc98b-8551-c8a1-5f3c-27ade9ae735a,ok,100,21,1514,348.685,75,1485,9501,5859,8056
80,20798.995254626,20798.996062519,,2,GPU-5443d59d-561f-ed1e-da42-1975937205f9,ok,0,0,453,27.672,37,210,405,390,292
80,20798.995254626,20798.996153089,,3,GPU-46bf67bb-cb31-bee1-3cf0-c35337ba97d2,ok,0,0,453,26.458,39,210,405,439,341
80,20798.995254626,20798.995957708,,4,GPU-127e16de-2b5f-dde9-1932-b4e29bb818c0,ok,0,0,453,24.385,34,210,405,390,292
81,20799.995254626,20799.996121977,,0,GPU-9b96eb67-aeee-89d5-aa85-fc650af4e25c,ok,0,0,453,26.777,35,210,405,390,292
81,20799.995254626,20799.995878776,,1,GPU-37ffc98b-8551-c8a1-5f3c-27ade9ae735a,ok,100,22,1514,348.96,75,1485,9501,6005,8642
81,20799.995254626,20799.996085827,,2,GPU-5443d59d-561f-ed1e-da42-1975937205f9,ok,0,0,453,27.71,37,210,405,439,341
81,20799.995254626,20799.996027767,,3,GPU-46bf67bb-cb31-bee1-3cf0-c35337ba97d2,ok,0,0,453,26.293,39,210,405,439,341
81,20799.995254626,20799.996294637,,4,GPU-127e16de-2b5f-dde9-1932-b4e29bb818c0,ok,0,0,453,24.217,34,210,405,439,292
82,20800.995254626,20800.996023155,,0,GPU-9b96eb67-aeee-89d5-aa85-fc650af4e25c,ok,0,0,453,26.639,35,210,405,439,341
82,20800.995254626,20800.996080115,,1,GPU-37ffc98b-8551-c8a1-5f3c-27ade9ae735a,ok,100,22,1514,348.763,75,1485,9501,6103,8154
82,20800.995254626,20800.996138865,,2,GPU-5443d59d-561f-ed1e-da42-1975937205f9,ok,0,0,453,27.688,37,210,405,439,292
82,20800.995254626,20800.996744055,,3,GPU-46bf67bb-cb31-bee1-3cf0-c35337ba97d2,ok,0,0,453,26.282,39,210,405,439,341
82,20800.995254626,20800.996168275,,4,GPU-127e16de-2b5f-dde9-1932-b4e29bb818c0,ok,0,0,453,24.326,34,210,405,439,292
83,20801.995254626,20801.996031113,,0,GPU-9b96eb67-aeee-89d5-aa85-fc650af4e25c,ok,0,0,453,26.676,35,210,405,439,292
83,20801.995254626,20801.996103223,,1,GPU-37ffc98b-8551-c8a1-5f3c-27ade9ae735a,ok,100,24,1514,349.35,75,1470,9501,7812,9472
83,20801.995254626,20801.996144543,,2,GPU-5443d59d-561f-ed1e-da42-1975937205f9,ok,0,0,453,27.379,37,210,405,439,292
83,20801.995254626,20801.996169473,,3,GPU-46bf67bb-cb31-bee1-3cf0-c35337ba97d2,ok,0,0,453,26.116,39,210,405,439,341
83,20801.995254626,20801.995883303,,4,GPU-127e16de-2b5f-dde9-1932-b4e29bb818c0,ok,0,0,453,24.355,34,210,405,390,292
84,20802.995254626,20802.996437731,,0,GPU-9b96eb67-aeee-89d5-aa85-fc650af4e25c,ok,0,0,453,26.603,35,210,405,439,292
84,20802.995254626,20802.996379311,,1,GPU-37ffc98b-8551-c8a1-5f3c-27ade9ae735a,ok,100,23,1514,349.174,75,1485,9501,5908,7910
84,20802.995254626,20802.995870831,,2,GPU-5443d59d-561f-ed1e-da42-1975937205f9,ok,0,0,453,27.371,37,210,405,439,292
84,20802.995254626,20802.997030491,,3,GPU-46bf67bb-cb31-bee1-3cf0-c35337ba97d2,ok,0,0,453,26.189,39,210,405,439,341
84,20802.995254626,20802.995722971,,4,GPU-127e16de-2b5f-dde9-1932-b4e29bb818c0,ok,0,0,453,24.27,34,210,405,439,292
85,20803.995254626,20803.997246569,,0,GPU-9b96eb67-aeee-89d5-aa85-fc650af4e25c,ok,0,0,453,26.64,35,210,405,390,341
85,20803.995254626,20803.996128779,,1,GPU-37ffc98b-8551-c8a1-5f3c-27ade9ae735a,ok,0,0,1514,329.11,70,1920,9501,439,292
85,20803.995254626,20803.996180059,,2,GPU-5443d59d-561f-ed1e-da42-1975937205f9,ok,0,0,453,27.577,37,210,405,439,292
85,20803.995254626,20803.995997379,,3,GPU-46bf67bb-cb31-bee1-3cf0-c35337ba97d2,ok,0,0,453,26.285,39,210,405,439,292
85,20803.995254626,20803.996021499,,4,GPU-127e16de-2b5f-dde9-1932-b4e29bb818c0,ok,0,0,453,24.206,34,210,405,439,292
86,20804.995254626,20804.996295317,,0,GPU-9b96eb67-aeee-89d5-aa85-fc650af4e25c,ok,0,0,453,26.539,35,210,405,390,292
86,20804.995254626,20804.995857177,,1,GPU-37ffc98b-8551-c8a1-5f3c-27ade9ae735a,ok,0,0,1514,182.198,65,1935,9501,390,244
86,20804.995254626,20804.996319517,,2,GPU-5443d59d-561f-ed1e-da42-1975937205f9,ok,0,0,453,27.536,37,210,405,439,292
86,20804.995254626,20804.995972127,,3,GPU-46bf67bb-cb31-bee1-3cf0-c35337ba97d2,ok,0,0,453,26.105,39,210,405,439,292
86,20804.995254626,20804.996931177,,4,GPU-127e16de-2b5f-dde9-1932-b4e29bb818c0,ok,0,0,453,24.257,34,210,405,439,292
87,20805.995254626,20805.996024975,,0,GPU-9b96eb67-aeee-89d5-aa85-fc650af4e25c,ok,0,0,453,26.361,35,210,405,439,439
87,20805.995254626,20805.996167075,,1,GPU-37ffc98b-8551-c8a1-5f3c-27ade9ae735a,ok,0,0,1514,143.475,63,1710,9501,17382,12744
87,20805.995254626,20805.996101605,,2,GPU-5443d59d-561f-ed1e-da42-1975937205f9,ok,0,0,453,27.532,37,210,405,439,390
87,20805.995254626,20805.996130475,,3,GPU-46bf67bb-cb31-bee1-3cf0-c35337ba97d2,ok,0,0,453,26.011,39,210,405,439,439
87,20805.995254626,20805.995862365,,4,GPU-127e16de-2b5f-dde9-1932-b4e29bb818c0,ok,0,0,453,24.432,34,210,405,488,390
88,20806.995254626,20806.996760883,,0,GPU-9b96eb67-aeee-89d5-aa85-fc650af4e25c,ok,0,0,450,30.374,36,210,405,390,341
88,20806.995254626,20806.996350403,,1,GPU-37ffc98b-8551-c8a1-5f3c-27ade9ae735a,ok,0,0,450,117.736,61,1710,9751,439,292
88,20806.995254626,20806.996376253,,2,GPU-5443d59d-561f-ed1e-da42-1975937205f9,ok,0,0,450,30.204,37,210,405,390,292
88,20806.995254626,20806.996289883,,3,GPU-46bf67bb-cb31-bee1-3cf0-c35337ba97d2,ok,0,0,450,30.907,40,210,405,390,341
88,20806.995254626,20806.995960313,,4,GPU-127e16de-2b5f-dde9-1932-b4e29bb818c0,ok,0,0,450,27.395,34,210,405,390,341
89,20807.995254626,20807.996035491,,0,GPU-9b96eb67-aeee-89d5-aa85-fc650af4e25c,ok,0,0,450,38.204,36,210,405,439,292
89,20807.995254626,20807.995858191,,1,GPU-37ffc98b-8551-c8a1-5f3c-27ade9ae735a,ok,0,0,450,117.801,61,1710,9751,439,292
89,20807.995254626,20807.996329291,,2,GPU-5443d59d-561f-ed1e-da42-1975937205f9,ok,0,0,450,35.445,37,210,405,439,292
89,20807.995254626,20807.996173381,,3,GPU-46bf67bb-cb31-bee1-3cf0-c35337ba97d2,ok,0,0,450,41.187,40,210,405,390,341
89,20807.995254626,20807.996212291,,4,GPU-127e16de-2b5f-dde9-1932-b4e29bb818c0,ok,0,0,450,33.847,34,210,405,439,292
90,20808.995254626,20808.995893159,,0,GPU-9b96eb67-aeee-89d5-aa85-fc650af4e25c,ok,0,0,450,27.997,36,210,405,439,292
90,20808.995254626,20808.997182409,,1,GPU-37ffc98b-8551-c8a1-5f3c-27ade9ae735a,ok,0,0,450,103.036,59,480,5001,439,341
90,20808.995254626,20808.997154819,,2,GPU-5443d59d-561f-ed1e-da42-1975937205f9,ok,0,0,450,28.257,37,210,405,439,341
90,20808.995254626,20808.996070219,,3,GPU-46bf67bb-cb31-bee1-3cf0-c35337ba97d2,ok,0,0,450,27.61,40,210,405,439,292
90,20808.995254626,20808.995780839,,4,GPU-127e16de-2b5f-dde9-1932-b4e29bb818c0,ok,0,0,450,25.635,34,210,405,439,292
91,20809.995254626,20809.997414507,,0,GPU-9b96eb67-aeee-89d5-aa85-fc650af4e25c,ok,0,0,450,26.777,35,210,405,488,341
91,20809.995254626,20809.997490317,,1,GPU-37ffc98b-8551-c8a1-5f3c-27ade9ae735a,ok,0,0,450,80.48,57,300,810,439,292
91,20809.995254626,20809.997390547,,2,GPU-5443d59d-561f-ed1e-da42-1975937205f9,ok,0,0,450,27.57,37,210,405,439,292
91,20809.995254626,20809.997444897,,3,GPU-46bf67bb-cb31-bee1-3cf0-c35337ba97d2,ok,0,0,450,26.186,39,210,405,439,341
91,20809.995254626,20809.997459037,,4,GPU-127e16de-2b5f-dde9-1932-b4e29bb818c0,ok,0,0,450,24.315,34,210,405,439,341
92,20810.995254626,20810.997367885,,0,GPU-9b96eb67-aeee-89d5-aa85-fc650af4e25c,ok,0,0,450,26.421,35,210,405,439,292
92,20810.995254626,20810.995857235,,1,GPU-37ffc98b-8551-c8a1-5f3c-27ade9ae735a,ok,0,0,450,42.299,56,210,810,390,341
92,20810.995254626,20810.997429905,,2,GPU-5443d59d-561f-ed1e-da42-1975937205f9,ok,0,0,450,27.553,37,210,405,439,292
92,20810.995254626,20810.997408505,,3,GPU-46bf67bb-cb31-bee1-3cf0-c35337ba97d2,ok,0,0,450,25.974,39,210,405,439,341
92,20810.995254626,20810.995966925,,4,GPU-127e16de-2b5f-dde9-1932-b4e29bb818c0,ok,0,0,450,24.128,34,210,405,390,292
93,20811.995254626,20811.997551293,,0,GPU-9b96eb67-aeee-89d5-aa85-fc650af4e25c,ok,0,0,451,26.382,35,210,405,9375,390
93,20811.995254626,20811.997488073,,1,GPU-37ffc98b-8551-c8a1-5f3c-27ade9ae735a,ok,0,0,450,23.836,55,210,405,1367,17382
93,20811.995254626,20811.997373433,,2,GPU-5443d59d-561f-ed1e-da42-1975937205f9,ok,0,0,450,27.578,37,210,405,439,390
93,20811.995254626,20811.997358793,,3,GPU-46bf67bb-cb31-bee1-3cf0-c35337ba97d2,ok,0,0,450,25.983,39,210,405,439,439
93,20811.995254626,20811.997588643,,4,GPU-127e16de-2b5f-dde9-1932-b4e29bb818c0,ok,0,0,450,24.469,34,210,405,390,439
94,20812.995254626,20812.995846951,,0,GPU-9b96eb67-aeee-89d5-aa85-fc650af4e25c,ok,0,0,453,32.049,36,210,405,439,292
94,20812.995254626,20812.996092661,,1,GPU-37ffc98b-8551-c8a1-5f3c-27ade9ae735a,ok,18,1,1244,32.801,57,1710,9501,390,292
94,20812.995254626,20812.996677321,,2,GPU-5443d59d-561f-ed1e-da42-1975937205f9,ok,0,0,453,30.447,37,210,405,439,292
94,20812.995254626,20812.996752721,,3,GPU-46bf67bb-cb31-bee1-3cf0-c35337ba97d2,ok,0,0,453,29.172,40,210,405,439,341
94,20812.995254626,20812.996727811,,4,GPU-127e16de-2b5f-dde9-1932-b4e29bb818c0,ok,0,0,453,25.266,34,210,405,439,292
95,20813.995254626,20813.996028469,,0,GPU-9b96eb67-aeee-89d5-aa85-fc650af4e25c,ok,0,0,453,38.259,36,210,405,439,292
95,20813.995254626,20813.996489929,,1,GPU-37ffc98b-8551-c8a1-5f3c-27ade9ae735a,ok,0,0,1244,108.541,58,1710,9501,390,292
95,20813.995254626,20813.995775449,,2,GPU-5443d59d-561f-ed1e-da42-1975937205f9,ok,0,0,453,35.814,37,210,405,439,292
95,20813.995254626,20813.995934529,,3,GPU-46bf67bb-cb31-bee1-3cf0-c35337ba97d2,ok,0,0,453,41.104,40,210,405,439,292
95,20813.995254626,20813.995998099,,4,GPU-127e16de-2b5f-dde9-1932-b4e29bb818c0,ok,0,0,453,34.132,34,210,405,439,292
96,20814.995254626,20814.995872047,,0,GPU-9b96eb67-aeee-89d5-aa85-fc650af4e25c,ok,0,0,714,27.82,36,210,405,390,292
96,20814.995254626,20814.996105127,,1,GPU-37ffc98b-8551-c8a1-5f3c-27ade9ae735a,ok,93,43,11370,138.278,63,1680,9501,8398,22753
96,20814.995254626,20814.996083467,,2,GPU-5443d59d-561f-ed1e-da42-1975937205f9,ok,0,0,453,29.156,37,210,405,439,292
96,20814.995254626,20814.996856807,,3,GPU-46bf67bb-cb31-bee1-3cf0-c35337ba97d2,ok,0,0,453,28.418,40,210,405,390,292
96,20814.995254626,20814.995983707,,4,GPU-127e16de-2b5f-dde9-1932-b4e29bb818c0,ok,0,0,453,25.348,34,210,405,488,341
97,20815.995254626,20815.995828945,,0,GPU-9b96eb67-aeee-89d5-aa85-fc650af4e25c,ok,0,0,714,98.439,39,1725,9501,390,244
97,20815.995254626,20815.995995685,,1,GPU-37ffc98b-8551-c8a1-5f3c-27ade9ae735a,ok,100,48,11370,295.509,66,1590,9501,6103,24218
97,20815.995254626,20815.996166705,,2,GPU-5443d59d-561f-ed1e-da42-1975937205f9,ok,0,0,453,33.11,37,210,405,439,292
97,20815.995254626,20815.995925225,,3,GPU-46bf67bb-cb31-bee1-3cf0-c35337ba97d2,ok,0,0,453,36.106,40,210,405,390,292
97,20815.995254626,20815.996810725,,4,GPU-127e16de-2b5f-dde9-1932-b4e29bb818c0,ok,0,0,453,27.889,34,210,405,390,341
98,20816.995254626,20816.996078093,,0,GPU-9b96eb67-aeee-89d5-aa85-fc650af4e25c,ok,0,0,714,118.244,39,1725,9501,390,292
98,20816.995254626,20816.996116883,,1,GPU-37ffc98b-8551-c8a1-5f3c-27ade9ae735a,ok,100,55,11370,336.41,68,1575,9501,7666,30126
98,20816.995254626,20816.997180163,,2,GPU-5443d59d-561f-ed1e-da42-1975937205f9,ok,0,0,453,33.29,37,210,405,439,292
98,20816.995254626,20816.995905523,,3,GPU-46bf67bb-cb31-bee1-3cf0-c35337ba97d2,ok,0,0,453,36.718,40,210,405,439,292
98,20816.995254626,20816.995981713,,4,GPU-127e16de-2b5f-dde9-1932-b4e29bb818c0,ok,0,0,453,31.762,34,210,405,439,292
99,20817.995254626,20817.996080371,,0,GPU-9b96eb67-aeee-89d5-aa85-fc650af4e25c,ok,0,0,714,117.962,40,1725,9501,390,292
99,20817.995254626,20817.995911621,,1,GPU-37ffc98b-8551-c8a1-5f3c-27ade9ae735a,ok,94,58,11370,337.609,69,1650,9501,6738,20019
99,20817.995254626,20817.995898881,,2,GPU-5443d59d-561f-ed1e-da42-1975937205f9,ok,0,0,453,29.042,37,210,405,439,341
99,20817.995254626,20817.996965481,,3,GPU-46bf67bb-cb31-bee1-3cf0-c35337ba97d2,ok,0,0,453,29.194,40,210,405,390,292
99,20817.995254626,20817.996112591,,4,GPU-127e16de-2b5f-dde9-1932-b4e29bb818c0,ok,0,0,453,26.213,34,210,405,439,292
100,20818.995254626,20818.996193369,,0,GPU-9b96eb67-aeee-89d5-aa85-fc650af4e25c,ok,0,0,714,118.058,40,1725,9501,390,292
100,20818.995254626,20818.995779289,,1,GPU-37ffc98b-8551-c8a1-5f3c-27ade9ae735a,ok,93,56,11370,335.309,69,1710,9501,7226,20019
100,20818.995254626,20818.996041979,,2,GPU-5443d59d-561f-ed1e-da42-1975937205f9,ok,0,0,453,28.163,37,210,405,439,292
100,20818.995254626,20818.996010769,,3,GPU-46bf67bb-cb31-bee1-3cf0-c35337ba97d2,ok,0,0,453,27.863,39,210,405,439,341
100,20818.995254626,20818.996073619,,4,GPU-127e16de-2b5f-dde9-1932-b4e29bb818c0,ok,0,0,453,25.0,34,210,405,390,292
101,20819.995254626,20819.997461227,,0,GPU-9b96eb67-aeee-89d5-aa85-fc650af4e25c,ok,0,0,714,118.279,40,1725,9501,390,292
101,20819.995254626,20819.996045747,,1,GPU-37ffc98b-8551-c8a1-5f3c-27ade9ae735a,ok,100,57,11370,336.609,69,1725,9501,7080,20361
101,20819.995254626,20819.995979357,,2,GPU-5443d59d-561f-ed1e-da42-1975937205f9,ok,0,0,453,27.843,37,210,405,439,292
101,20819.995254626,20819.996100327,,3,GPU-46bf67bb-cb31-bee1-3cf0-c35337ba97d2,ok,0,0,453,27.442,39,210,405,439,341
101,20819.995254626,20819.996133047,,4,GPU-127e16de-2b5f-dde9-1932-b4e29bb818c0,ok,0,0,453,24.503,34,210,405,439,341
102,20820.995254626,20820.996040485,,0,GPU-9b96eb67-aeee-89d5-aa85-fc650af4e25c,ok,0,0,714,118.42,40,1725,9501,390,292
102,20820.995254626,20820.996394415,,1,GPU-37ffc98b-8551-c8a1-5f3c-27ade9ae735a,ok,100,47,11370,334.296,70,1695,9501,6396,12890
102,20820.995254626,20820.996081735,,2,GPU-5443d59d-561f-ed1e-da42-1975937205f9,ok,0,0,453,27.782,37,210,405,390,341
102,20820.995254626,20820.996120585,,3,GPU-46bf67bb-cb31-bee1-3cf0-c35337ba97d2,ok,0,0,453,27.401,39,210,405,439,292
102,20820.995254626,20820.995777595,,4,GPU-127e16de-2b5f-dde9-1932-b4e29bb818c0,ok,0,0,453,24.464,34,210,405,390,292
103,20821.995254626,20821.995798233,,0,GPU-9b96eb67-aeee-89d5-aa85-fc650af4e25c,ok,0,0,714,118.551,40,1725,9501,390,292
103,20821.995254626,20821.995675063,,1,GPU-37ffc98b-8551-c8a1-5f3c-27ade9ae735a,ok,100,41,11370,331.941,70,1665,9501,7714,23583
103,20821.995254626,20821.995911713,,2,GPU-5443d59d-561f-ed1e-da42-1975937205f9,ok,0,0,453,27.795,37,210,405,439,292
103,20821.995254626,20821.996319313,,3,GPU-46bf67bb-cb31-bee1-3cf0-c35337ba97d2,ok,0,0,453,27.531,39,210,405,439,292
103,20821.995254626,20821.996070403,,4,GPU-127e16de-2b5f-dde9-1932-b4e29bb818c0,ok,0,0,453,24.505,34,210,405,439,292
104,20822.995254626,20822.995864221,,0,GPU-9b96eb67-aeee-89d5-aa85-fc650af4e25c,ok,0,0,714,118.732,40,1725,9501,390,244
104,20822.995254626,20822.996078601,,1,GPU-37ffc98b-8551-c8a1-5f3c-27ade9ae735a,ok,100,47,11370,333.446,70,1620,9501,6005,23486
104,20822.995254626,20822.996052161,,2,GPU-5443d59d-561f-ed1e-da42-1975937205f9,ok,0,0,453,27.713,37,210,405,390,292
104,20822.995254626,20822.996019071,,3,GPU-46bf67bb-cb31-bee1-3cf0-c35337ba97d2,ok,0,0,453,27.439,39,210,405,439,292
104,20822.995254626,20822.995983591,,4,GPU-127e16de-2b5f-dde9-1932-b4e29bb818c0,ok,0,0,453,24.5,34,210,405,488,292
105,20823.995254626,20823.996177789,,0,GPU-9b96eb67-aeee-89d5-aa85-fc650af4e25c,ok,0,0,714,118.769,41,1725,9501,390,292
105,20823.995254626,20823.996034299,,1,GPU-37ffc98b-8551-c8a1-5f3c-27ade9ae735a,ok,97,55,11370,337.3,71,1560,9501,7324,31152
105,20823.995254626,20823.996132369,,2,GPU-5443d59d-561f-ed1e-da42-1975937205f9,ok,0,0,453,27.735,37,210,405,390,341
105,20823.995254626,20823.995999819,,3,GPU-46bf67bb-cb31-bee1-3cf0-c35337ba97d2,ok,0,0,453,27.421,39,210,405,439,341
105,20823.995254626,20823.996090749,,4,GPU-127e16de-2b5f-dde9-1932-b4e29bb818c0,ok,0,0,453,24.317,34,210,405,439,292
106,20824.995254626,20824.996035047,,0,GPU-9b96eb67-aeee-89d5-aa85-fc650af4e25c,ok,0,0,714,118.788,41,1725,9501,390,244
106,20824.995254626,20824.995931547,,1,GPU-37ffc98b-8551-c8a1-5f3c-27ade9ae735a,ok,94,58,11370,335.528,72,1695,9501,7128,19921
106,20824.995254626,20824.997300347,,2,GPU-5443d59d-561f-ed1e-da42-1975937205f9,ok,0,0,453,27.747,37,210,405,390,292
106,20824.995254626,20824.996101637,,3,GPU-46bf67bb-cb31-bee1-3cf0-c35337ba97d2,ok,0,0,453,27.469,39,210,405,439,292
106,20824.995254626,20824.996012217,,4,GPU-127e16de-2b5f-dde9-1932-b4e29bb818c0,ok,0,0,453,24.353,34,210,405,439,292
107,20825.995254626,20825.995788935,,0,GPU-9b96eb67-aeee-89d5-aa85-fc650af4e25c,ok,0,0,714,118.938,41,1725,9501,390,292
107,20825.995254626,20825.996130195,,1,GPU-37ffc98b-8551-c8a1-5f3c-27ade9ae735a,ok,95,54,11370,333.22,71,1755,9501,6835,20410
107,20825.995254626,20825.996011405,,2,GPU-5443d59d-561f-ed1e-da42-1975937205f9,ok,0,0,453,27.544,37,210,405,390,292
107,20825.995254626,20825.996704585,,3,GPU-46bf67bb-cb31-bee1-3cf0-c35337ba97d2,ok,0,0,453,27.283,39,210,405,439,292
107,20825.995254626,20825.995935925,,4,GPU-127e16de-2b5f-dde9-1932-b4e29bb818c0,ok,0,0,453,24.527,34,210,405,439,292
108,20826.995254626,20826.995900063,,0,GPU-9b96eb67-aeee-89d5-aa85-fc650af4e25c,ok,0,0,714,118.98,41,1725,9501,390,292
108,20826.995254626,20826.995713953,,1,GPU-37ffc98b-8551-c8a1-5f3c-27ade9ae735a,ok,100,47,11370,336.654,72,1695,9501,5224,18750
108,20826.995254626,20826.996140083,,2,GPU-5443d59d-561f-ed1e-da42-1975937205f9,ok,0,0,453,27.601,37,210,405,439,341
108,20826.995254626,20826.995861563,,3,GPU-46bf67bb-cb31-bee1-3cf0-c35337ba97d2,ok,0,0,453,27.33,39,210,405,439,292
108,20826.995254626,20826.997026103,,4,GPU-127e16de-2b5f-dde9-1932-b4e29bb818c0,ok,0,0,453,24.369,34,210,405,390,292
109,20827.995254626,20827.995681001,,0,GPU-9b96eb67-aeee-89d5-aa85-fc650af4e25c,ok,0,0,714,118.98,41,1725,9501,390,292
109,20827.995254626,20827.995904131,,1,GPU-37ffc98b-8551-c8a1-5f3c-27ade9ae735a,ok,100,42,11370,334.529,72,1665,9501,7812,19580
109,20827.995254626,20827.996100031,,2,GPU-5443d59d-561f-ed1e-da42-1975937205f9,ok,0,0,453,27.733,37,210,405,390,292
109,20827.995254626,20827.996060551,,3,GPU-46bf67bb-cb31-bee1-3cf0-c35337ba97d2,ok,0,0,453,27.487,39,210,405,439,292
109,20827.995254626,20827.995833371,,4,GPU-127e16de-2b5f-dde9-1932-b4e29bb818c0,ok,0,0,453,24.343,34,210,405,390,292
110,20828.995254626,20828.995782869,,0,GPU-9b96eb67-aeee-89d5-aa85-fc650af4e25c,ok,0,0,714,119.028,41,1725,9501,390,292
110,20828.995254626,20828.99730518,,1,GPU-37ffc98b-8551-c8a1-5f3c-27ade9ae735a,ok,100,46,11370,334.96,72,1635,9501,7177,24462
110,20828.995254626,20828.995937409,,2,GPU-5443d59d-561f-ed1e-da42-1975937205f9,ok,0,0,453,27.575,37,210,405,390,292
110,20828.995254626,20828.996123389,,3,GPU-46bf67bb-cb31-bee1-3cf0-c35337ba97d2,ok,0,0,453,27.333,39,210,405,390,341
110,20828.995254626,20828.995984819,,4,GPU-127e16de-2b5f-dde9-1932-b4e29bb818c0,ok,0,0,453,24.456,34,210,405,390,292
111,20829.995254626,20829.995982227,,0,GPU-9b96eb67-aeee-89d5-aa85-fc650af4e25c,ok,0,0,714,119.178,41,1725,9501,390,292
111,20829.995254626,20829.996153487,,1,GPU-37ffc98b-8551-c8a1-5f3c-27ade9ae735a,ok,100,49,11370,338.843,73,1560,9501,9570,23486
111,20829.995254626,20829.996183037,,2,GPU-5443d59d-561f-ed1e-da42-1975937205f9,ok,0,0,453,27.528,37,210,405,439,292
111,20829.995254626,20829.996111667,,3,GPU-46bf67bb-cb31-bee1-3cf0-c35337ba97d2,ok,0,0,453,27.383,39,210,405,439,292
111,20829.995254626,20829.996082887,,4,GPU-127e16de-2b5f-dde9-1932-b4e29bb818c0,ok,0,0,453,24.357,34,210,405,390,292
112,20830.995254626,20830.995978535,,0,GPU-9b96eb67-aeee-89d5-aa85-fc650af4e25c,ok,0,0,714,119.283,41,1725,9501,390,292
112,20830.995254626,20830.995878975,,1,GPU-37ffc98b-8551-c8a1-5f3c-27ade9ae735a,ok,94,59,11370,340.569,73,1545,9501,7421,20458
112,20830.995254626,20830.995766745,,2,GPU-5443d59d-561f-ed1e-da42-1975937205f9,ok,0,0,453,27.664,37,210,405,439,292
112,20830.995254626,20830.996482595,,3,GPU-46bf67bb-cb31-bee1-3cf0-c35337ba97d2,ok,0,0,453,27.54,39,210,405,439,292
112,20830.995254626,20830.996820795,,4,GPU-127e16de-2b5f-dde9-1932-b4e29bb818c0,ok,0,0,453,24.245,34,210,405,439,292
113,20831.995254626,20831.996397523,,0,GPU-9b96eb67-aeee-89d5-aa85-fc650af4e25c,ok,0,0,714,119.541,42,1725,9501,390,292
113,20831.995254626,20831.997025604,,1,GPU-37ffc98b-8551-c8a1-5f3c-27ade9ae735a,ok,94,56,11370,337.246,73,1695,9501,7128,19677
113,20831.995254626,20831.995904853,,2,GPU-5443d59d-561f-ed1e-da42-1975937205f9,ok,0,0,453,27.681,37,210,405,390,292
113,20831.995254626,20831.995974793,,3,GPU-46bf67bb-cb31-bee1-3cf0-c35337ba97d2,ok,0,0,453,27.436,39,210,405,439,292
113,20831.995254626,20831.995755723,,4,GPU-127e16de-2b5f-dde9-1932-b4e29bb818c0,ok,0,0,453,24.2,34,210,405,439,341
114,20832.995254626,20832.996539141,,0,GPU-9b96eb67-aeee-89d5-aa85-fc650af4e25c,ok,0,0,714,103.666,39,300,810,390,292
114,20832.995254626,20832.995882121,,1,GPU-37ffc98b-8551-c8a1-5f3c-27ade9ae735a,ok,100,55,11370,338.044,73,1710,9501,6542,19531
114,20832.995254626,20832.995689511,,2,GPU-5443d59d-561f-ed1e-da42-1975937205f9,ok,0,0,453,27.643,37,210,405,439,341
114,20832.995254626,20832.996450051,,3,GPU-46bf67bb-cb31-bee1-3cf0-c35337ba97d2,ok,0,0,453,27.419,39,210,405,439,292
114,20832.995254626,20832.996554191,,4,GPU-127e16de-2b5f-dde9-1932-b4e29bb818c0,ok,0,0,453,24.122,34,210,405,439,292
115,20833.995254626,20833.995964189,,0,GPU-9b96eb67-aeee-89d5-aa85-fc650af4e25c,ok,0,0,714,58.705,38,210,405,439,341
115,20833.995254626,20833.996048119,,1,GPU-37ffc98b-8551-c8a1-5f3c-27ade9ae735a,ok,100,47,11370,337.592,73,1680,9501,6738,12695
115,20833.995254626,20833.996443329,,2,GPU-5443d59d-561f-ed1e-da42-1975937205f9,ok,0,0,453,27.635,37,210,405,390,292
115,20833.995254626,20833.996105029,,3,GPU-46bf67bb-cb31-bee1-3cf0-c35337ba97d2,ok,0,0,453,27.516,39,210,405,390,292
115,20833.995254626,20833.995834109,,4,GPU-127e16de-2b5f-dde9-1932-b4e29bb818c0,ok,0,0,453,24.186,34,210,405,439,341
116,20834.995254626,20834.995949527,,0,GPU-9b96eb67-aeee-89d5-aa85-fc650af4e25c,ok,0,0,714,28.265,38,210,405,439,292
116,20834.995254626,20834.995923527,,1,GPU-37ffc98b-8551-c8a1-5f3c-27ade9ae735a,ok,100,44,11370,335.676,73,1650,9501,7910,24365
116,20834.995254626,20834.996542507,,2,GPU-5443d59d-561f-ed1e-da42-1975937205f9,ok,0,0,453,27.497,37,210,405,390,292
116,20834.995254626,20834.995837207,,3,GPU-46bf67bb-cb31-bee1-3cf0-c35337ba97d2,ok,0,0,453,27.448,39,210,405,439,292
116,20834.995254626,20834.996014147,,4,GPU-127e16de-2b5f-dde9-1932-b4e29bb818c0,ok,0,0,453,24.249,34,210,405,439,292
117,20835.995254626,20835.996112035,,0,GPU-9b96eb67-aeee-89d5-aa85-fc650af4e25c,ok,0,0,714,26.717,38,210,405,439,292
117,20835.995254626,20835.995986495,,1,GPU-37ffc98b-8551-c8a1-5f3c-27ade9ae735a,ok,100,48,11370,337.831,73,1605,9501,6103,23730
117,20835.995254626,20835.996088515,,2,GPU-5443d59d-561f-ed1e-da42-1975937205f9,ok,0,0,453,27.454,37,210,405,390,341
117,20835.995254626,20835.996140225,,3,GPU-46bf67bb-cb31-bee1-3cf0-c35337ba97d2,ok,0,0,453,27.465,39,210,405,439,341
117,20835.995254626,20835.995918515,,4,GPU-127e16de-2b5f-dde9-1932-b4e29bb818c0,ok,0,0,453,24.235,34,210,405,439,292
118,20836.995254626,20836.995877563,,0,GPU-9b96eb67-aeee-89d5-aa85-fc650af4e25c,ok,0,0,714,26.772,37,210,405,439,292
118,20836.995254626,20836.996138173,,1,GPU-37ffc98b-8551-c8a1-5f3c-27ade9ae735a,ok,95,55,11370,341.254,74,1560,9501,7177,31054
118,20836.995254626,20836.996123323,,2,GPU-5443d59d-561f-ed1e-da42-1975937205f9,ok,0,0,453,27.559,37,210,405,439,292
118,20836.995254626,20836.995932803,,3,GPU-46bf67bb-cb31-bee1-3cf0-c35337ba97d2,ok,0,0,453,27.57,39,210,405,439,341
118,20836.995254626,20836.996171163,,4,GPU-127e16de-2b5f-dde9-1932-b4e29bb818c0,ok,0,0,453,24.25,34,210,405,390,341
119,20837.995254626,20837.995817461,,0,GPU-9b96eb67-aeee-89d5-aa85-fc650af4e25c,ok,0,0,714,26.636,37,210,405,439,341
119,20837.995254626,20837.996007541,,1,GPU-37ffc98b-8551-c8a1-5f3c-27ade9ae735a,ok,94,57,11370,339.044,74,1695,9501,7031,20947
119,20837.995254626,20837.995851901,,2,GPU-5443d59d-561f-ed1e-da42-1975937205f9,ok,0,0,453,27.511,37,210,405,439,292
119,20837.995254626,20837.997140732,,3,GPU-46bf67bb-cb31-bee1-3cf0-c35337ba97d2,ok,0,0,453,27.449,39,210,405,390,292
119,20837.995254626,20837.996021621,,4,GPU-127e16de-2b5f-dde9-1932-b4e29bb818c0,ok,0,0,453,24.291,34,210,405,488,292
120,20838.995254626,20838.996132009,,0,GPU-9b96eb67-aeee-89d5-aa85-fc650af4e25c,ok,0,0,714,26.692,37,210,405,390,292
120,20838.995254626,20838.996064609,,1,GPU-37ffc98b-8551-c8a1-5f3c-27ade9ae735a,ok,94,54,11370,337.292,73,1770,9501,7128,20947
120,20838.995254626,20838.996193859,,2,GPU-5443d59d-561f-ed1e-da42-1975937205f9,ok,0,0,453,27.439,37,210,405,439,341
120,20838.995254626,20838.996166439,,3,GPU-46bf67bb-cb31-bee1-3cf0-c35337ba97d2,ok,0,0,453,27.457,39,210,405,439,292
120,20838.995254626,20838.995986659,,4,GPU-127e16de-2b5f-dde9-1932-b4e29bb818c0,ok,0,0,453,24.389,34,210,405,439,292
121,20839.995254626,20839.996094067,,0,GPU-9b96eb67-aeee-89d5-aa85-fc650af4e25c,ok,0,0,714,26.851,37,210,405,390,292
121,20839.995254626,20839.996025337,,1,GPU-37ffc98b-8551-c8a1-5f3c-27ade9ae735a,ok,100,48,11370,339.085,74,1680,9501,5078,19042
121,20839.995254626,20839.995982347,,2,GPU-5443d59d-561f-ed1e-da42-1975937205f9,ok,0,0,453,27.552,37,210,405,439,341
121,20839.995254626,20839.995946747,,3,GPU-46bf67bb-cb31-bee1-3cf0-c35337ba97d2,ok,0,0,453,27.615,39,210,405,439,341
121,20839.995254626,20839.995848387,,4,GPU-127e16de-2b5f-dde9-1932-b4e29bb818c0,ok,0,0,453,24.415,34,210,405,439,292
122,20840.995254626,20840.995976825,,0,GPU-9b96eb67-aeee-89d5-aa85-fc650af4e25c,ok,0,0,714,26.782,37,210,405,390,341
122,20840.995254626,20840.996073755,,1,GPU-37ffc98b-8551-c8a1-5f3c-27ade9ae735a,ok,100,40,11370,336.504,74,1665,9501,7958,20849
122,20840.995254626,20840.995893075,,2,GPU-5443d59d-561f-ed1e-da42-1975937205f9,ok,0,0,453,27.498,37,210,405,439,292
122,20840.995254626,20840.997226766,,3,GPU-46bf67bb-cb31-bee1-3cf0-c35337ba97d2,ok,0,0,453,27.449,39,210,405,439,341
122,20840.995254626,20840.997568956,,4,GPU-127e16de-2b5f-dde9-1932-b4e29bb818c0,ok,0,0,453,24.477,34,210,405,439,341
123,20841.995254626,20841.996160034,,0,GPU-9b96eb67-aeee-89d5-aa85-fc650af4e25c,ok,0,0,714,26.728,37,210,405,390,292
123,20841.995254626,20841.995993613,,1,GPU-37ffc98b-8551-c8a1-5f3c-27ade9ae735a,ok,100,47,11370,336.905,74,1620,9501,7275,23388
123,20841.995254626,20841.996023983,,2,GPU-5443d59d-561f-ed1e-da42-1975937205f9,ok,0,0,453,27.42,37,210,405,439,292
123,20841.995254626,20841.996063354,,3,GPU-46bf67bb-cb31-bee1-3cf0-c35337ba97d2,ok,0,0,453,27.4,39,210,405,439,292
123,20841.995254626,20841.996196594,,4,GPU-127e16de-2b5f-dde9-1932-b4e29bb818c0,ok,0,0,453,24.502,34,210,405,390,292
124,20842.995254626,20842.995937161,,0,GPU-9b96eb67-aeee-89d5-aa85-fc650af4e25c,ok,0,0,714,26.777,37,210,405,439,292
124,20842.995254626,20842.996508432,,1,GPU-37ffc98b-8551-c8a1-5f3c-27ade9ae735a,ok,100,55,11370,338.12,74,1530,9501,8105,29052
124,20842.995254626,20842.995803521,,2,GPU-5443d59d-561f-ed1e-da42-1975937205f9,ok,0,0,453,27.545,37,210,405,439,341
124,20842.995254626,20842.996042642,,3,GPU-46bf67bb-cb31-bee1-3cf0-c35337ba97d2,ok,0,0,453,27.557,39,210,405,390,292
124,20842.995254626,20842.996076192,,4,GPU-127e16de-2b5f-dde9-1932-b4e29bb818c0,ok,0,0,453,24.401,34,210,405,439,292
125,20843.995254626,20843.99681797,,0,GPU-9b96eb67-aeee-89d5-aa85-fc650af4e25c,ok,0,0,714,26.731,37,210,405,439,292
125,20843.995254626,20843.995730189,,1,GPU-37ffc98b-8551-c8a1-5f3c-27ade9ae735a,ok,95,57,11370,336.681,74,1680,9501,6884,20312
125,20843.995254626,20843.995828819,,2,GPU-5443d59d-561f-ed1e-da42-1975937205f9,ok,0,0,453,27.502,37,210,405,439,292
125,20843.995254626,20843.99595293,,3,GPU-46bf67bb-cb31-bee1-3cf0-c35337ba97d2,ok,0,0,453,27.452,39,210,405,439,292
125,20843.995254626,20843.99678522,,4,GPU-127e16de-2b5f-dde9-1932-b4e29bb818c0,ok,0,0,453,24.48,34,210,405,439,341
126,20844.995254626,20844.995769297,,0,GPU-9b96eb67-aeee-89d5-aa85-fc650af4e25c,ok,0,0,714,26.805,37,210,405,439,341
126,20844.995254626,20844.996023178,,1,GPU-37ffc98b-8551-c8a1-5f3c-27ade9ae735a,ok,94,53,11370,336.944,73,1755,9501,6835,20654
126,20844.995254626,20844.995990758,,2,GPU-5443d59d-561f-ed1e-da42-1975937205f9,ok,0,0,453,27.539,37,210,405,439,292
126,20844.995254626,20844.996481618,,3,GPU-46bf67bb-cb31-bee1-3cf0-c35337ba97d2,ok,0,0,453,27.435,39,210,405,439,292
126,20844.995254626,20844.996057038,,4,GPU-127e16de-2b5f-dde9-1932-b4e29bb818c0,ok,0,0,453,24.493,34,210,405,439,341
127,20845.995254626,20845.996350376,,0,GPU-9b96eb67-aeee-89d5-aa85-fc650af4e25c,ok,0,0,714,26.878,37,210,405,439,292
127,20845.995254626,20845.995649725,,1,GPU-37ffc98b-8551-c8a1-5f3c-27ade9ae735a,ok,100,47,11370,337.038,74,1680,9501,3417,17919
127,20845.995254626,20845.996174876,,2,GPU-5443d59d-561f-ed1e-da42-1975937205f9,ok,0,0,453,27.714,37,210,405,439,292
127,20845.995254626,20845.996252976,,3,GPU-46bf67bb-cb31-bee1-3cf0-c35337ba97d2,ok,0,0,453,27.578,39,210,405,439,341
127,20845.995254626,20845.996282026,,4,GPU-127e16de-2b5f-dde9-1932-b4e29bb818c0,ok,0,0,453,24.286,34,210,405,439,292
128,20846.995254626,20846.995997994,,0,GPU-9b96eb67-aeee-89d5-aa85-fc650af4e25c,ok,0,0,714,26.737,37,210,405,439,341
128,20846.995254626,20846.995955204,,1,GPU-37ffc98b-8551-c8a1-5f3c-27ade9ae735a,ok,100,38,11370,334.791,74,1665,9501,7861,24902
128,20846.995254626,20846.996109184,,2,GPU-5443d59d-561f-ed1e-da42-1975937205f9,ok,0,0,453,27.586,37,210,405,439,292
128,20846.995254626,20846.996079604,,3,GPU-46bf67bb-cb31-bee1-3cf0-c35337ba97d2,ok,0,0,453,27.465,39,210,405,439,341
128,20846.995254626,20846.995831014,,4,GPU-127e16de-2b5f-dde9-1932-b4e29bb818c0,ok,0,0,453,24.078,34,210,405,439,292
129,20847.995254626,20847.996007222,,0,GPU-9b96eb67-aeee-89d5-aa85-fc650af4e25c,ok,0,0,714,26.776,37,210,405,439,292
129,20847.995254626,20847.995895182,,1,GPU-37ffc98b-8551-c8a1-5f3c-27ade9ae735a,ok,100,47,11370,334.651,74,1605,9501,7275,23193
129,20847.995254626,20847.995955962,,2,GPU-5443d59d-561f-ed1e-da42-1975937205f9,ok,0,0,453,27.441,36,210,405,439,292
129,20847.995254626,20847.996070542,,3,GPU-46bf67bb-cb31-bee1-3cf0-c35337ba97d2,ok,0,0,453,27.506,39,210,405,390,292
129,20847.995254626,20847.996284542,,4,GPU-127e16de-2b5f-dde9-1932-b4e29bb818c0,ok,0,0,453,24.182,34,210,405,390,292
130,20848.995254626,20848.99607816,,0,GPU-9b96eb67-aeee-89d5-aa85-fc650af4e25c,ok,0,0,714,26.86,37,210,405,439,292
130,20848.995254626,20848.9960459,,1,GPU-37ffc98b-8551-c8a1-5f3c-27ade9ae735a,ok,95,55,11370,339.664,74,1545,9501,7128,33984
130,20848.995254626,20848.99577801,,2,GPU-5443d59d-561f-ed1e-da42-1975937205f9,ok,0,0,453,27.499,36,210,405,439,341
130,20848.995254626,20848.99650574,,3,GPU-46bf67bb-cb31-bee1-3cf0-c35337ba97d2,ok,0,0,453,27.705,39,210,405,439,292
130,20848.995254626,20848.99592614,,4,GPU-127e16de-2b5f-dde9-1932-b4e29bb818c0,ok,0,0,453,24.4,34,210,405,390,292
131,20849.995254626,20849.996374438,,0,GPU-9b96eb67-aeee-89d5-aa85-fc650af4e25c,ok,0,0,714,26.626,37,210,405,439,292
131,20849.995254626,20849.995785598,,1,GPU-37ffc98b-8551-c8a1-5f3c-27ade9ae735a,ok,94,57,11370,339.542,74,1680,9501,6933,21044
131,20849.995254626,20849.996351198,,2,GPU-5443d59d-561f-ed1e-da42-1975937205f9,ok,0,0,453,27.602,36,210,405,439,341
131,20849.995254626,20849.995940318,,3,GPU-46bf67bb-cb31-bee1-3cf0-c35337ba97d2,ok,0,0,453,27.555,39,210,405,439,341
131,20849.995254626,20849.995886388,,4,GPU-127e16de-2b5f-dde9-1932-b4e29bb818c0,ok,0,0,453,24.465,34,210,405,439,292
132,20850.995254626,20850.996125176,,0,GPU-9b96eb67-aeee-89d5-aa85-fc650af4e25c,ok,0,0,714,26.594,37,210,405,439,341
132,20850.995254626,20850.996163236,,1,GPU-37ffc98b-8551-c8a1-5f3c-27ade9ae735a,ok,94,54,11370,337.78,74,1755,9501,6738,20361
132,20850.995254626,20850.995914826,,2,GPU-5443d59d-561f-ed1e-da42-1975937205f9,ok,0,0,453,27.68,36,210,405,439,292
132,20850.995254626,20850.996048936,,3,GPU-46bf67bb-cb31-bee1-3cf0-c35337ba97d2,ok,0,0,453,27.56,39,210,405,390,292
132,20850.995254626,20850.996015376,,4,GPU-127e16de-2b5f-dde9-1932-b4e29bb818c0,ok,0,0,453,24.492,34,210,405,439,341
133,20851.995254626,20851.995889934,,0,GPU-9b96eb67-aeee-89d5-aa85-fc650af4e25c,ok,0,0,714,26.813,37,210,405,439,292
133,20851.995254626,20851.996057164,,1,GPU-37ffc98b-8551-c8a1-5f3c-27ade9ae735a,ok,100,48,11370,338.601,74,1695,9501,5712,20312
133,20851.995254626,20851.996039714,,2,GPU-5443d59d-561f-ed1e-da42-1975937205f9,ok,0,0,453,27.531,36,210,405,439,292
133,20851.995254626,20851.996092524,,3,GPU-46bf67bb-cb31-bee1-3cf0-c35337ba97d2,ok,0,0,453,27.659,39,210,405,439,292
133,20851.995254626,20851.996120214,,4,GPU-127e16de-2b5f-dde9-1932-b4e29bb818c0,ok,0,0,453,24.51,34,210,405,439,292
134,20852.995254626,20852.995882752,,0,GPU-9b96eb67-aeee-89d5-aa85-fc650af4e25c,ok,0,0,714,26.806,37,210,405,439,292
134,20852.995254626,20852.996488362,,1,GPU-37ffc98b-8551-c8a1-5f3c-27ade9ae735a,ok,100,42,11370,337.829,74,1665,9501,9277,12304
134,20852.995254626,20852.997129152,,2,GPU-5443d59d-561f-ed1e-da42-1975937205f9,ok,0,0,453,27.445,37,210,405,390,341
134,20852.995254626,20852.995964342,,3,GPU-46bf67bb-cb31-bee1-3cf0-c35337ba97d2,ok,0,0,453,27.558,39,210,405,439,292
134,20852.995254626,20852.995826502,,4,GPU-127e16de-2b5f-dde9-1932-b4e29bb818c0,ok,0,0,453,24.562,34,210,405,439,292
135,20853.995254626,20853.99591662,,0,GPU-9b96eb67-aeee-89d5-aa85-fc650af4e25c,ok,0,0,714,26.86,37,210,405,439,341
135,20853.995254626,20853.99644648,,1,GPU-37ffc98b-8551-c8a1-5f3c-27ade9ae735a,ok,100,47,11370,338.054,74,1620,9501,7568,24121
135,20853.995254626,20853.99650975,,2,GPU-5443d59d-561f-ed1e-da42-1975937205f9,ok,0,0,453,27.6,37,210,405,390,341
135,20853.995254626,20853.9957133,,3,GPU-46bf67bb-cb31-bee1-3cf0-c35337ba97d2,ok,0,0,453,27.64,39,210,405,439,292
135,20853.995254626,20853.99595401,,4,GPU-127e16de-2b5f-dde9-1932-b4e29bb818c0,ok,0,0,453,24.506,34,210,405,390,341
136,20854.995254626,20854.995771978,,0,GPU-9b96eb67-aeee-89d5-aa85-fc650af4e25c,ok,0,0,714,26.935,37,210,405,439,341
136,20854.995254626,20854.996547528,,1,GPU-37ffc98b-8551-c8a1-5f3c-27ade9ae735a,ok,100,51,11370,340.414,75,1575,9501,8593,24609
136,20854.995254626,20854.996524468,,2,GPU-5443d59d-561f-ed1e-da42-1975937205f9,ok,0,0,453,27.607,37,210,405,390,292
136,20854.995254626,20854.995954828,,3,GPU-46bf67bb-cb31-bee1-3cf0-c35337ba97d2,ok,0,0,453,27.616,39,210,405,390,341
136,20854.995254626,20854.995917988,,4,GPU-127e16de-2b5f-dde9-1932-b4e29bb818c0,ok,0,0,453,24.608,34,210,405,390,292
137,20855.995254626,20855.997870286,,0,GPU-9b96eb67-aeee-89d5-aa85-fc650af4e25c,ok,0,0,714,26.756,37,210,405,439,292
137,20855.995254626,20855.995851286,,1,GPU-37ffc98b-8551-c8a1-5f3c-27ade9ae735a,ok,94,58,11370,339.096,75,1530,9501,7128,19677
137,20855.995254626,20855.996022686,,2,GPU-5443d59d-561f-ed1e-da42-1975937205f9,ok,0,0,453,27.621,37,210,405,390,292
137,20855.995254626,20855.995937826,,3,GPU-46bf67bb-cb31-bee1-3cf0-c35337ba97d2,ok,0,0,453,27.59,39,210,405,439,292
137,20855.995254626,20855.995888246,,4,GPU-127e16de-2b5f-dde9-1932-b4e29bb818c0,ok,0,0,453,24.612,34,210,405,439,292
138,20856.995254626,20856.996117194,,0,GPU-9b96eb67-aeee-89d5-aa85-fc650af4e25c,ok,0,0,714,26.616,37,210,405,390,292
138,20856.995254626,20856.995927484,,1,GPU-37ffc98b-8551-c8a1-5f3c-27ade9ae735a,ok,94,55,11370,335.328,74,1680,9501,6933,20019
138,20856.995254626,20856.995958584,,2,GPU-5443d59d-561f-ed1e-da42-1975937205f9,ok,0,0,453,27.701,36,210,405,439,341
138,20856.995254626,20856.996145894,,3,GPU-46bf67bb-cb31-bee1-3cf0-c35337ba97d2,ok,0,0,453,27.696,39,210,405,439,292
138,20856.995254626,20856.996031954,,4,GPU-127e16de-2b5f-dde9-1932-b4e29bb818c0,ok,0,0,453,24.428,34,210,405,439,341
139,20857.995254626,20857.995932212,,0,GPU-9b96eb67-aeee-89d5-aa85-fc650af4e25c,ok,0,0,714,26.65,37,210,405,390,292
139,20857.995254626,20857.995967722,,1,GPU-37ffc98b-8551-c8a1-5f3c-27ade9ae735a,ok,100,47,11370,336.017,74,1710,9501,5322,19335
139,20857.995254626,20857.996128102,,2,GPU-5443d59d-561f-ed1e-da42-1975937205f9,ok,0,0,453,27.659,36,210,405,439,341
139,20857.995254626,20857.996145742,,3,GPU-46bf67bb-cb31-bee1-3cf0-c35337ba97d2,ok,0,0,453,27.535,39,210,405,439,292
139,20857.995254626,20857.996081072,,4,GPU-127e16de-2b5f-dde9-1932-b4e29bb818c0,ok,0,0,453,24.314,34,210,405,439,292
140,20858.995254626,20858.99586103,,0,GPU-9b96eb67-aeee-89d5-aa85-fc650af4e25c,ok,0,0,714,26.637,37,210,405,390,341
140,20858.995254626,20858.99597885,,1,GPU-37ffc98b-8551-c8a1-5f3c-27ade9ae735a,ok,100,42,11370,337.5,74,1680,9501,10107,8349
140,20858.995254626,20858.99704631,,2,GPU-5443d59d-561f-ed1e-da42-1975937205f9,ok,0,0,453,27.724,36,210,405,439,292
140,20858.995254626,20858.99602163,,3,GPU-46bf67bb-cb31-bee1-3cf0-c35337ba97d2,ok,0,0,453,27.533,39,210,405,390,292
140,20858.995254626,20858.99578458,,4,GPU-127e16de-2b5f-dde9-1932-b4e29bb818c0,ok,0,0,453,24.377,34,210,405,439,292
141,20859.995254626,20859.996165918,,0,GPU-9b96eb67-aeee-89d5-aa85-fc650af4e25c,ok,0,0,714,26.7,37,210,405,439,341
141,20859.995254626,20859.995920658,,1,GPU-37ffc98b-8551-c8a1-5f3c-27ade9ae735a,ok,100,46,11370,337.8,74,1665,9501,7128,23046
141,20859.995254626,20859.996044438,,2,GPU-5443d59d-561f-ed1e-da42-1975937205f9,ok,0,0,453,27.767,37,210,405,439,292
141,20859.995254626,20859.996092158,,3,GPU-46bf67bb-cb31-bee1-3cf0-c35337ba97d2,ok,0,0,453,27.694,39,210,405,439,292
141,20859.995254626,20859.996011368,,4,GPU-127e16de-2b5f-dde9-1932-b4e29bb818c0,ok,0,0,453,24.539,34,210,405,390,341
142,20860.995254626,20860.996480156,,0,GPU-9b96eb67-aeee-89d5-aa85-fc650af4e25c,ok,0,0,714,26.692,37,210,405,439,292
142,20860.995254626,20860.997131086,,1,GPU-37ffc98b-8551-c8a1-5f3c-27ade9ae735a,ok,100,50,11370,341.006,75,1590,9501,8398,23681
142,20860.995254626,20860.995838846,,2,GPU-5443d59d-561f-ed1e-da42-1975937205f9,ok,0,0,453,27.559,37,210,405,439,292
142,20860.995254626,20860.997200996,,3,GPU-46bf67bb-cb31-bee1-3cf0-c35337ba97d2,ok,0,0,453,27.543,39,210,405,439,292
142,20860.995254626,20860.995761326,,4,GPU-127e16de-2b5f-dde9-1932-b4e29bb818c0,ok,0,0,453,24.626,34,210,405,390,292
143,20861.995254626,20861.997137784,,0,GPU-9b96eb67-aeee-89d5-aa85-fc650af4e25c,ok,0,0,714,26.451,37,210,405,439,341
143,20861.995254626,20861.996024674,,1,GPU-37ffc98b-8551-c8a1-5f3c-27ade9ae735a,ok,95,59,11370,340.282,75,1560,9501,7324,24316
143,20861.995254626,20861.995919684,,2,GPU-5443d59d-561f-ed1e-da42-1975937205f9,ok,0,0,453,27.492,36,210,405,439,292
143,20861.995254626,20861.995987184,,3,GPU-46bf67bb-cb31-bee1-3cf0-c35337ba97d2,ok,0,0,453,27.547,39,210,405,390,292
143,20861.995254626,20861.995887324,,4,GPU-127e16de-2b5f-dde9-1932-b4e29bb818c0,ok,0,0,453,24.651,34,210,405,439,292
144,20862.995254626,20862.996081512,,0,GPU-9b96eb67-aeee-89d5-aa85-fc650af4e25c,ok,0,0,714,26.41,37,210,405,439,341
144,20862.995254626,20862.996128782,,1,GPU-37ffc98b-8551-c8a1-5f3c-27ade9ae735a,ok,93,56,11370,336.318,74,1680,9501,7275,20214
144,20862.995254626,20862.995931412,,2,GPU-5443d59d-561f-ed1e-da42-1975937205f9,ok,0,0,453,27.544,37,210,405,439,292
144,20862.995254626,20862.996048172,,3,GPU-46bf67bb-cb31-bee1-3cf0-c35337ba97d2,ok,0,0,453,27.664,39,210,405,439,341
144,20862.995254626,20862.995960212,,4,GPU-127e16de-2b5f-dde9-1932-b4e29bb818c0,ok,0,0,453,24.625,34,210,405,439,341
145,20863.995254626,20863.99580702,,0,GPU-9b96eb67-aeee-89d5-aa85-fc650af4e25c,ok,0,0,714,26.474,37,210,405,390,292
145,20863.995254626,20863.99650189,,1,GPU-37ffc98b-8551-c8a1-5f3c-27ade9ae735a,ok,100,48,11370,337.446,74,1770,9501,7080,19482
145,20863.995254626,20863.99599559,,2,GPU-5443d59d-561f-ed1e-da42-1975937205f9,ok,0,0,453,27.455,37,210,405,439,341
145,20863.995254626,20863.99647176,,3,GPU-46bf67bb-cb31-bee1-3cf0-c35337ba97d2,ok,0,0,453,27.449,39,210,405,439,341
145,20863.995254626,20863.99595073,,4,GPU-127e16de-2b5f-dde9-1932-b4e29bb818c0,ok,0,0,453,24.726,34,210,405,439,292
146,20864.995254626,20864.996518758,,0,GPU-9b96eb67-aeee-89d5-aa85-fc650af4e25c,ok,0,0,714,26.36,37,210,405,390,341
146,20864.995254626,20864.996065478,,1,GPU-37ffc98b-8551-c8a1-5f3c-27ade9ae735a,ok,100,43,11370,335.028,74,1680,9501,8740,12060
146,20864.995254626,20864.995804918,,2,GPU-5443d59d-561f-ed1e-da42-1975937205f9,ok,0,0,453,27.603,36,210,405,439,292
146,20864.995254626,20864.995973318,,3,GPU-46bf67bb-cb31-bee1-3cf0-c35337ba97d2,ok,0,0,453,27.422,39,210,405,390,341
146,20864.995254626,20864.996031438,,4,GPU-127e16de-2b5f-dde9-1932-b4e29bb818c0,ok,0,0,453,24.69,34,210,405,439,292
147,20865.995254626,20865.996027946,,0,GPU-9b96eb67-aeee-89d5-aa85-fc650af4e25c,ok,0,0,714,26.41,37,210,405,439,341
147,20865.995254626,20865.995953006,,1,GPU-37ffc98b-8551-c8a1-5f3c-27ade9ae735a,ok,100,46,11370,336.271,74,1665,9501,7470,23535
147,20865.995254626,20865.996055796,,2,GPU-5443d59d-561f-ed1e-da42-1975937205f9,ok,0,0,453,27.724,36,210,405,439,292
147,20865.995254626,20865.996002036,,3,GPU-46bf67bb-cb31-bee1-3cf0-c35337ba97d2,ok,0,0,453,27.579,39,210,405,439,341
147,20865.995254626,20865.996116586,,4,GPU-127e16de-2b5f-dde9-1932-b4e29bb818c0,ok,0,0,453,24.51,34,210,405,439,341
148,20866.995254626,20866.995919254,,0,GPU-9b96eb67-aeee-89d5-aa85-fc650af4e25c,ok,0,0,714,26.683,37,210,405,439,292
148,20866.995254626,20866.995780064,,1,GPU-37ffc98b-8551-c8a1-5f3c-27ade9ae735a,ok,100,49,11370,341.814,75,1605,9501,7958,23632
148,20866.995254626,20866.996024554,,2,GPU-5443d59d-561f-ed1e-da42-1975937205f9,ok,0,0,453,27.51,36,210,405,439,341
148,20866.995254626,20866.996520664,,3,GPU-46bf67bb-cb31-bee1-3cf0-c35337ba97d2,ok,0,0,453,27.434,39,210,405,439,292
148,20866.995254626,20866.995963044,,4,GPU-127e16de-2b5f-dde9-1932-b4e29bb818c0,ok,0,0,453,24.395,34,210,405,439,292
149,20867.995254626,20867.996096662,,0,GPU-9b96eb67-aeee-89d5-aa85-fc650af4e25c,ok,0,0,714,26.641,37,210,405,439,292
149,20867.995254626,20867.995949192,,1,GPU-37ffc98b-8551-c8a1-5f3c-27ade9ae735a,ok,94,59,11370,340.678,75,1560,9501,6884,24365
149,20867.995254626,20867.996074212,,2,GPU-5443d59d-561f-ed1e-da42-1975937205f9,ok,0,0,453,27.547,37,210,405,439,292
149,20867.995254626,20867.996024302,,3,GPU-46bf67bb-cb31-bee1-3cf0-c35337ba97d2,ok,0,0,453,27.399,39,210,405,439,292
149,20867.995254626,20867.995984692,,4,GPU-127e16de-2b5f-dde9-1932-b4e29bb818c0,ok,0,0,453,24.358,34,210,405,439,292
150,20868.995254626,20868.99665014,,0,GPU-9b96eb67-aeee-89d5-aa85-fc650af4e25c,ok,0,0,714,26.655,37,210,405,439,292
150,20868.995254626,20868.99575858,,1,GPU-37ffc98b-8551-c8a1-5f3c-27ade9ae735a,ok,94,55,11370,336.752,74,1695,9501,6787,19189
150,20868.995254626,20868.99603878,,2,GPU-5443d59d-561f-ed1e-da42-1975937205f9,ok,0,0,453,27.829,37,210,405,439,292
150,20868.995254626,20868.99597601,,3,GPU-46bf67bb-cb31-bee1-3cf0-c35337ba97d2,ok,0,0,453,27.608,39,210,405,439,341
150,20868.995254626,20868.99595611,,4,GPU-127e16de-2b5f-dde9-1932-b4e29bb818c0,ok,0,0,453,24.227,34,210,405,439,292
151,20869.995254626,20869.995836628,,0,GPU-9b96eb67-aeee-89d5-aa85-fc650af4e25c,ok,0,0,714,26.85,37,210,405,439,341
151,20869.995254626,20869.996023538,,1,GPU-37ffc98b-8551-c8a1-5f3c-27ade9ae735a,ok,100,49,11370,337.561,75,1755,9501,6787,18212
151,20869.995254626,20869.997720109,,2,GPU-5443d59d-561f-ed1e-da42-1975937205f9,ok,0,0,453,27.708,37,210,405,439,292
151,20869.995254626,20869.995915888,,3,GPU-46bf67bb-cb31-bee1-3cf0-c35337ba97d2,ok,0,0,453,27.431,39,210,405,439,292
151,20869.995254626,20869.995871968,,4,GPU-127e16de-2b5f-dde9-1932-b4e29bb818c0,ok,0,0,453,24.152,34,210,405,439,292
152,20870.995254626,20870.995935386,,0,GPU-9b96eb67-aeee-89d5-aa85-fc650af4e25c,ok,0,0,714,26.713,37,210,405,439,292
152,20870.995254626,20870.996072176,,1,GPU-37ffc98b-8551-c8a1-5f3c-27ade9ae735a,ok,100,44,11370,336.334,74,1695,9501,7324,10400
152,20870.995254626,20870.996010446,,2,GPU-5443d59d-561f-ed1e-da42-1975937205f9,ok,0,0,453,27.554,36,210,405,439,341
152,20870.995254626,20870.995957326,,3,GPU-46bf67bb-cb31-bee1-3cf0-c35337ba97d2,ok,0,0,453,27.369,39,210,405,439,292
152,20870.995254626,20870.995912736,,4,GPU-127e16de-2b5f-dde9-1932-b4e29bb818c0,ok,0,0,453,24.091,34,210,405,439,341
153,20871.995254626,20871.996905754,,0,GPU-9b96eb67-aeee-89d5-aa85-fc650af4e25c,ok,0,0,714,26.726,37,210,405,439,292
153,20871.995254626,20871.995786604,,1,GPU-37ffc98b-8551-c8a1-5f3c-27ade9ae735a,ok,100,46,11370,335.146,74,1650,9501,7666,23779
153,20871.995254626,20871.995709524,,2,GPU-5443d59d-561f-ed1e-da42-1975937205f9,ok,0,0,453,27.621,36,210,405,439,292
153,20871.995254626,20871.995951164,,3,GPU-46bf67bb-cb31-bee1-3cf0-c35337ba97d2,ok,0,0,453,27.624,39,210,405,439,341
153,20871.995254626,20871.996873854,,4,GPU-127e16de-2b5f-dde9-1932-b4e29bb818c0,ok,0,0,453,23.93,34,210,405,390,292
154,20872.995254626,20872.996039212,,0,GPU-9b96eb67-aeee-89d5-aa85-fc650af4e25c,ok,0,0,714,26.715,37,210,405,439,341
154,20872.995254626,20872.995855402,,1,GPU-37ffc98b-8551-c8a1-5f3c-27ade9ae735a,ok,100,49,11370,339.516,75,1605,9501,7031,23828
154,20872.995254626,20872.996004272,,2,GPU-5443d59d-561f-ed1e-da42-1975937205f9,ok,0,0,453,27.62,36,210,405,439,292
154,20872.995254626,20872.996084562,,3,GPU-46bf67bb-cb31-bee1-3cf0-c35337ba97d2,ok,0,0,453,27.488,39,210,405,439,341
154,20872.995254626,20872.996141832,,4,GPU-127e16de-2b5f-dde9-1932-b4e29bb818c0,ok,0,0,453,23.869,34,210,405,439,292
155,20873.995254626,20873.99607254,,0,GPU-9b96eb67-aeee-89d5-aa85-fc650af4e25c,ok,0,0,714,26.609,37,210,405,439,292
155,20873.995254626,20873.99609606,,1,GPU-37ffc98b-8551-c8a1-5f3c-27ade9ae735a,ok,94,59,11370,340.471,75,1575,9501,7470,29101
155,20873.995254626,20873.99604597,,2,GPU-5443d59d-561f-ed1e-da42-1975937205f9,ok,0,0,453,27.665,36,210,405,439,341
155,20873.995254626,20873.99593534,,3,GPU-46bf67bb-cb31-bee1-3cf0-c35337ba97d2,ok,0,0,453,27.484,39,210,405,390,341
155,20873.995254626,20873.99611981,,4,GPU-127e16de-2b5f-dde9-1932-b4e29bb818c0,ok,0,0,453,23.971,34,210,405,439,341
156,20874.995254626,20874.996022088,,0,GPU-9b96eb67-aeee-89d5-aa85-fc650af4e25c,ok,0,0,714,26.759,37,210,405,439,292
156,20874.995254626,20874.995843148,,1,GPU-37ffc98b-8551-c8a1-5f3c-27ade9ae735a,ok,94,56,11370,336.914,75,1695,9501,7275,20019
156,20874.995254626,20874.995933128,,2,GPU-5443d59d-561f-ed1e-da42-1975937205f9,ok,0,0,453,27.733,36,210,405,439,292
156,20874.995254626,20874.995956188,,3,GPU-46bf67bb-cb31-bee1-3cf0-c35337ba97d2,ok,0,0,453,27.616,39,210,405,439,292
156,20874.995254626,20874.996272068,,4,GPU-127e16de-2b5f-dde9-1932-b4e29bb818c0,ok,0,0,453,24.029,34,210,405,439,292
157,20875.995254626,20875.996160336,,0,GPU-9b96eb67-aeee-89d5-aa85-fc650af4e25c,ok,0,0,714,26.706,37,210,405,390,292
157,20875.995254626,20875.995930226,,1,GPU-37ffc98b-8551-c8a1-5f3c-27ade9ae735a,ok,100,50,11370,337.863,75,1770,9501,6738,18359
157,20875.995254626,20875.995956076,,2,GPU-5443d59d-561f-ed1e-da42-1975937205f9,ok,0,0,453,27.624,36,210,405,439,292
157,20875.995254626,20875.996089366,,3,GPU-46bf67bb-cb31-bee1-3cf0-c35337ba97d2,ok,0,0,453,27.438,39,210,405,439,292
157,20875.995254626,20875.996028856,,4,GPU-127e16de-2b5f-dde9-1932-b4e29bb818c0,ok,0,0,453,23.881,34,210,405,439,292
158,20876.995254626,20876.996061584,,0,GPU-9b96eb67-aeee-89d5-aa85-fc650af4e25c,ok,0,0,714,26.641,37,210,405,439,292
158,20876.995254626,20876.995855964,,1,GPU-37ffc98b-8551-c8a1-5f3c-27ade9ae735a,ok,100,46,11370,338.201,75,1680,9501,6884,14599
158,20876.995254626,20876.996092604,,2,GPU-5443d59d-561f-ed1e-da42-1975937205f9,ok,0,0,453,27.635,36,210,405,439,292
158,20876.995254626,20876.996695305,,3,GPU-46bf67bb-cb31-bee1-3cf0-c35337ba97d2,ok,0,0,453,27.478,39,210,405,390,292
158,20876.995254626,20876.995975994,,4,GPU-127e16de-2b5f-dde9-1932-b4e29bb818c0,ok,0,0,453,23.956,34,210,405,439,341
159,20877.995254626,20877.997158233,,0,GPU-9b96eb67-aeee-89d5-aa85-fc650af4e25c,ok,0,0,714,26.714,37,210,405,439,292
159,20877.995254626,20877.996113092,,1,GPU-37ffc98b-8551-c8a1-5f3c-27ade9ae735a,ok,100,45,11370,334.591,74,1665,9501,8544,21875
159,20877.995254626,20877.995820802,,2,GPU-5443d59d-561f-ed1e-da42-1975937205f9,ok,0,0,453,27.799,36,210,405,439,292
159,20877.995254626,20877.996075372,,3,GPU-46bf67bb-cb31-bee1-3cf0-c35337ba97d2,ok,0,0,453,27.625,39,210,405,439,292
159,20877.995254626,20877.995986012,,4,GPU-127e16de-2b5f-dde9-1932-b4e29bb818c0,ok,0,0,453,24.052,34,210,405,439,292
160,20878.995254626,20878.99618078,,0,GPU-9b96eb67-aeee-89d5-aa85-fc650af4e25c,ok,0,0,714,26.556,37,210,405,439,292
160,20878.995254626,20878.99602853,,1,GPU-37ffc98b-8551-c8a1-5f3c-27ade9ae735a,ok,100,49,11370,337.89,75,1605,9501,7226,23437
160,20878.995254626,20878.99604477,,2,GPU-5443d59d-561f-ed1e-da42-1975937205f9,ok,0,0,453,27.736,36,210,405,390,292
160,20878.995254626,20878.9962131,,3,GPU-46bf67bb-cb31-bee1-3cf0-c35337ba97d2,ok,0,0,453,27.499,39,210,405,439,292
160,20878.995254626,20878.99624294,,4,GPU-127e16de-2b5f-dde9-1932-b4e29bb818c0,ok,0,0,453,24.11,34,210,405,439,292
161,20879.995254626,20879.997651809,,0,GPU-9b96eb67-aeee-89d5-aa85-fc650af4e25c,ok,0,0,714,26.623,37,210,405,439,341
161,20879.995254626,20879.995926518,,1,GPU-37ffc98b-8551-c8a1-5f3c-27ade9ae735a,ok,94,58,11370,339.848,75,1545,9501,7080,27294
161,20879.995254626,20879.996161608,,2,GPU-5443d59d-561f-ed1e-da42-1975937205f9,ok,0,0,453,27.629,36,210,405,390,341
161,20879.995254626,20879.996059688,,3,GPU-46bf67bb-cb31-bee1-3cf0-c35337ba97d2,ok,0,0,453,27.449,39,210,405,439,292
161,20879.995254626,20879.995961108,,4,GPU-127e16de-2b5f-dde9-1932-b4e29bb818c0,ok,0,0,453,24.306,34,210,405,439,292
162,20880.995254626,20880.996421957,,0,GPU-9b96eb67-aeee-89d5-aa85-fc650af4e25c,ok,0,0,714,26.841,37,210,405,390,292
162,20880.995254626,20880.995932616,,1,GPU-37ffc98b-8551-c8a1-5f3c-27ade9ae735a,ok,93,55,11370,337.376,75,1680,9501,7031,19335
162,20880.995254626,20880.996065866,,2,GPU-5443d59d-561f-ed1e-da42-1975937205f9,ok,0,0,453,27.617,36,210,405,390,292
162,20880.995254626,20880.995790586,,3,GPU-46bf67bb-cb31-bee1-3cf0-c35337ba97d2,ok,0,0,453,27.547,39,210,405,439,292
162,20880.995254626,20880.996090506,,4,GPU-127e16de-2b5f-dde9-1932-b4e29bb818c0,ok,0,0,453,24.361,34,210,405,439,341
163,20881.995254626,20881.996106484,,0,GPU-9b96eb67-aeee-89d5-aa85-fc650af4e25c,ok,0,0,714,26.577,37,210,405,439,292
163,20881.995254626,20881.996199724,,1,GPU-37ffc98b-8551-c8a1-5f3c-27ade9ae735a,ok,100,48,11370,337.296,75,1755,9501,7226,19873
163,20881.995254626,20881.996144234,,2,GPU-5443d59d-561f-ed1e-da42-1975937205f9,ok,0,0,453,27.499,36,210,405,390,292
163,20881.995254626,20881.997824275,,3,GPU-46bf67bb-cb31-bee1-3cf0-c35337ba97d2,ok,0,0,453,27.392,39,210,405,439,292
163,20881.995254626,20881.995931844,,4,GPU-127e16de-2b5f-dde9-1932-b4e29bb818c0,ok,0,0,453,24.472,34,210,405,390,292
164,20882.995254626,20882.995945102,,0,GPU-9b96eb67-aeee-89d5-aa85-fc650af4e25c,ok,0,0,714,26.449,37,210,405,439,292
164,20882.995254626,20882.995981832,,1,GPU-37ffc98b-8551-c8a1-5f3c-27ade9ae735a,ok,100,42,11370,335.256,75,1680,9501,7958,8496
164,20882.995254626,20882.996209773,,2,GPU-5443d59d-561f-ed1e-da42-1975937205f9,ok,0,0,453,27.572,36,210,405,439,341
164,20882.995254626,20882.996162192,,3,GPU-46bf67bb-cb31-bee1-3cf0-c35337ba97d2,ok,0,0,453,27.348,39,210,405,390,292
164,20882.995254626,20882.996119562,,4,GPU-127e16de-2b5f-dde9-1932-b4e29bb818c0,ok,0,0,453,24.674,34,210,405,439,341
165,20883.995254626,20883.99602373,,0,GPU-9b96eb67-aeee-89d5-aa85-fc650af4e25c,ok,0,0,714,26.58,37,210,405,439,292
165,20883.995254626,20883.996216951,,1,GPU-37ffc98b-8551-c8a1-5f3c-27ade9ae735a,ok,100,47,11370,336.588,75,1650,9501,7861,23388
165,20883.995254626,20883.99588271,,2,GPU-5443d59d-561f-ed1e-da42-1975937205f9,ok,0,0,453,27.631,36,210,405,439,292
165,20883.995254626,20883.996160551,,3,GPU-46bf67bb-cb31-bee1-3cf0-c35337ba97d2,ok,0,0,453,27.572,39,210,405,439,292
165,20883.995254626,20883.996122451,,4,GPU-127e16de-2b5f-dde9-1932-b4e29bb818c0,ok,0,0,453,24.622,34,210,405,439,341
166,20884.995254626,20884.996107189,,0,GPU-9b96eb67-aeee-89d5-aa85-fc650af4e25c,ok,0,0,714,26.545,37,210,405,390,292
166,20884.995254626,20884.996192809,,1,GPU-37ffc98b-8551-c8a1-5f3c-27ade9ae735a,ok,100,50,11370,341.258,75,1575,9501,7080,23632
166,20884.995254626,20884.995871398,,2,GPU-5443d59d-561f-ed1e-da42-1975937205f9,ok,0,0,453,27.492,36,210,405,439,292
166,20884.995254626,20884.995909378,,3,GPU-46bf67bb-cb31-bee1-3cf0-c35337ba97d2,ok,0,0,453,27.469,39,210,405,439,292
166,20884.995254626,20884.996154409,,4,GPU-127e16de-2b5f-dde9-1932-b4e29bb818c0,ok,0,0,453,24.507,34,210,405,390,292
167,20885.995254626,20885.996093077,,0,GPU-9b96eb67-aeee-89d5-aa85-fc650af4e25c,ok,0,0,714,26.603,37,210,405,439,341
167,20885.995254626,20885.996261507,,1,GPU-37ffc98b-8551-c8a1-5f3c-27ade9ae735a,ok,94,58,11370,339.998,75,1560,9501,7373,29492
167,20885.995254626,20885.996308387,,2,GPU-5443d59d-561f-ed1e-da42-1975937205f9,ok,0,0,453,27.611,36,210,405,439,292
167,20885.995254626,20885.996349787,,3,GPU-46bf67bb-cb31-bee1-3cf0-c35337ba97d2,ok,0,0,453,27.395,39,210,405,439,341
167,20885.995254626,20885.996156477,,4,GPU-127e16de-2b5f-dde9-1932-b4e29bb818c0,ok,0,0,453,24.463,34,210,405,439,292
168,20886.995254626,20886.996210605,,0,GPU-9b96eb67-aeee-89d5-aa85-fc650af4e25c,ok,0,0,714,26.738,37,210,405,439,341
168,20886.995254626,20886.996114225,,1,GPU-37ffc98b-8551-c8a1-5f3c-27ade9ae735a,ok,94,56,11370,336.972,75,1680,9501,7226,20117
168,20886.995254626,20886.996326985,,2,GPU-5443d59d-561f-ed1e-da42-1975937205f9,ok,0,0,453,27.618,36,210,405,439,341
168,20886.995254626,20886.996274895,,3,GPU-46bf67bb-cb31-bee1-3cf0-c35337ba97d2,ok,0,0,453,27.55,39,210,405,390,341
168,20886.995254626,20886.996079585,,4,GPU-127e16de-2b5f-dde9-1932-b4e29bb818c0,ok,0,0,453,24.396,34,210,405,439,341
169,20887.995254626,20887.996071273,,0,GPU-9b96eb67-aeee-89d5-aa85-fc650af4e25c,ok,0,0,714,26.685,37,210,405,439,292
169,20887.995254626,20887.995932993,,1,GPU-37ffc98b-8551-c8a1-5f3c-27ade9ae735a,ok,100,48,11370,336.864,75,1740,9501,6445,20068
169,20887.995254626,20887.996589723,,2,GPU-5443d59d-561f-ed1e-da42-1975937205f9,ok,0,0,453,27.572,36,210,405,439,341
169,20887.995254626,20887.995844563,,3,GPU-46bf67bb-cb31-bee1-3cf0-c35337ba97d2,ok,0,0,453,27.421,39,210,405,439,341
169,20887.995254626,20887.996043383,,4,GPU-127e16de-2b5f-dde9-1932-b4e29bb818c0,ok,0,0,453,24.409,34,210,405,390,292
170,20888.995254626,20888.996015611,,0,GPU-9b96eb67-aeee-89d5-aa85-fc650af4e25c,ok,0,0,714,26.694,37,210,405,439,292
170,20888.995254626,20888.996609641,,1,GPU-37ffc98b-8551-c8a1-5f3c-27ade9ae735a,ok,100,42,11370,336.163,74,1680,9501,8154,13330
170,20888.995254626,20888.995857211,,2,GPU-5443d59d-561f-ed1e-da42-1975937205f9,ok,0,0,453,27.547,36,210,405,439,292
170,20888.995254626,20888.996054701,,3,GPU-46bf67bb-cb31-bee1-3cf0-c35337ba97d2,ok,0,0,453,27.397,39,210,405,439,292
170,20888.995254626,20888.996106231,,4,GPU-127e16de-2b5f-dde9-1932-b4e29bb818c0,ok,0,0,453,24.255,34,210,405,439,292
171,20889.995254626,20889.995750719,,0,GPU-9b96eb67-aeee-89d5-aa85-fc650af4e25c,ok,0,0,714,26.763,37,210,405,439,341
171,20889.995254626,20889.996442609,,1,GPU-37ffc98b-8551-c8a1-5f3c-27ade9ae735a,ok,100,46,11370,337.479,74,1635,9501,8398,21777
171,20889.995254626,20889.996470359,,2,GPU-5443d59d-561f-ed1e-da42-1975937205f9,ok,0,0,453,27.576,36,210,405,390,292
171,20889.995254626,20889.996031739,,3,GPU-46bf67bb-cb31-bee1-3cf0-c35337ba97d2,ok,0,0,453,27.513,39,210,405,439,292
171,20889.995254626,20889.995991929,,4,GPU-127e16de-2b5f-dde9-1932-b4e29bb818c0,ok,0,0,453,24.274,34,210,405,439,292
172,20890.995254626,20890.995840727,,0,GPU-9b96eb67-aeee-89d5-aa85-fc650af4e25c,ok,0,0,714,26.549,37,210,405,439,292
172,20890.995254626,20890.995927487,,1,GPU-37ffc98b-8551-c8a1-5f3c-27ade9ae735a,ok,100,51,11370,339.928,75,1575,9501,7568,23242
172,20890.995254626,20890.998508717,,2,GPU-5443d59d-561f-ed1e-da42-1975937205f9,ok,0,0,453,27.619,37,210,405,439,292
172,20890.995254626,20890.996003227,,3,GPU-46bf67bb-cb31-bee1-3cf0-c35337ba97d2,ok,0,0,453,27.295,39,210,405,439,292
172,20890.995254626,20890.996052227,,4,GPU-127e16de-2b5f-dde9-1932-b4e29bb818c0,ok,0,0,453,24.503,34,210,405,439,292
173,20891.995254626,20891.996513735,,0,GPU-9b96eb67-aeee-89d5-aa85-fc650af4e25c,ok,0,0,714,26.56,37,210,405,439,292
173,20891.995254626,20891.995883105,,1,GPU-37ffc98b-8551-c8a1-5f3c-27ade9ae735a,ok,95,58,11370,339.607,75,1500,9501,7324,24853
173,20891.995254626,20891.996840015,,2,GPU-5443d59d-561f-ed1e-da42-1975937205f9,ok,0,0,453,27.604,36,210,405,439,341
173,20891.995254626,20891.995778945,,3,GPU-46bf67bb-cb31-bee1-3cf0-c35337ba97d2,ok,0,0,453,27.251,39,210,405,390,292
173,20891.995254626,20891.996013675,,4,GPU-127e16de-2b5f-dde9-1932-b4e29bb818c0,ok,0,0,453,24.309,34,210,405,439,292
174,20892.995254626,20892.996598603,,0,GPU-9b96eb67-aeee-89d5-aa85-fc650af4e25c,ok,0,0,714,26.784,37,210,405,439,292
174,20892.995254626,20892.995904883,,1,GPU-37ffc98b-8551-c8a1-5f3c-27ade9ae735a,ok,91,53,11370,335.479,74,1680,9501,6884,19287
174,20892.995254626,20892.996452063,,2,GPU-5443d59d-561f-ed1e-da42-1975937205f9,ok,0,0,453,27.466,36,210,405,439,292
174,20892.995254626,20892.996560093,,3,GPU-46bf67bb-cb31-bee1-3cf0-c35337ba97d2,ok,0,0,453,27.303,39,210,405,439,292
174,20892.995254626,20892.995721663,,4,GPU-127e16de-2b5f-dde9-1932-b4e29bb818c0,ok,0,0,453,24.301,34,210,405,439,292
175,20893.995254626,20893.995972531,,0,GPU-9b96eb67-aeee-89d5-aa85-fc650af4e25c,ok,0,0,714,26.728,37,210,405,439,292
175,20893.995254626,20893.995887781,,1,GPU-37ffc98b-8551-c8a1-5f3c-27ade9ae735a,ok,100,47,11370,338.665,75,1695,9501,6591,18115
175,20893.995254626,20893.996086901,,2,GPU-5443d59d-561f-ed1e-da42-1975937205f9,ok,0,0,453,27.33,36,210,405,439,292
175,20893.995254626,20893.996827871,,3,GPU-46bf67bb-cb31-bee1-3cf0-c35337ba97d2,ok,0,0,453,27.366,39,210,405,439,292
175,20893.995254626,20893.996888451,,4,GPU-127e16de-2b5f-dde9-1932-b4e29bb818c0,ok,0,0,453,24.505,34,210,405,439,292
176,20894.995254626,20894.996013589,,0,GPU-9b96eb67-aeee-89d5-aa85-fc650af4e25c,ok,0,0,714,26.783,37,210,405,439,292
176,20894.995254626,20894.996039089,,1,GPU-37ffc98b-8551-c8a1-5f3c-27ade9ae735a,ok,100,40,11370,337.709,75,1680,9501,9179,8593
176,20894.995254626,20894.997620829,,2,GPU-5443d59d-561f-ed1e-da42-1975937205f9,ok,0,0,453,27.34,36,210,405,439,341
176,20894.995254626,20894.995940309,,3,GPU-46bf67bb-cb31-bee1-3cf0-c35337ba97d2,ok,0,0,453,27.533,39,210,405,439,292
176,20894.995254626,20894.996656689,,4,GPU-127e16de-2b5f-dde9-1932-b4e29bb818c0,ok,0,0,453,24.525,34,210,405,439,292
177,20895.995254626,20895.996049567,,0,GPU-9b96eb67-aeee-89d5-aa85-fc650af4e25c,ok,0,0,714,26.879,37,210,405,439,292
177,20895.995254626,20895.996122397,,1,GPU-37ffc98b-8551-c8a1-5f3c-27ade9ae735a,ok,100,46,11370,337.175,75,1635,9501,7421,23583
177,20895.995254626,20895.995909207,,2,GPU-5443d59d-561f-ed1e-da42-1975937205f9,ok,0,0,453,27.32,36,210,405,439,341
177,20895.995254626,20895.996145797,,3,GPU-46bf67bb-cb31-bee1-3cf0-c35337ba97d2,ok,0,0,453,27.395,39,210,405,439,292
177,20895.995254626,20895.996086917,,4,GPU-127e16de-2b5f-dde9-1932-b4e29bb818c0,ok,0,0,453,24.541,34,210,405,439,341
178,20896.995254626,20896.996704405,,0,GPU-9b96eb67-aeee-89d5-aa85-fc650af4e25c,ok,0,0,714,26.731,37,210,405,390,292
178,20896.995254626,20896.996180685,,1,GPU-37ffc98b-8551-c8a1-5f3c-27ade9ae735a,ok,98,55,11370,338.471,75,1545,9501,9130,23095
178,20896.995254626,20896.995941715,,2,GPU-5443d59d-561f-ed1e-da42-1975937205f9,ok,0,0,453,27.39,36,210,405,439,292
178,20896.995254626,20896.996217575,,3,GPU-46bf67bb-cb31-bee1-3cf0-c35337ba97d2,ok,0,0,453,27.421,39,210,405,439,292
178,20896.995254626,20896.996122365,,4,GPU-127e16de-2b5f-dde9-1932-b4e29bb818c0,ok,0,0,453,24.519,34,210,405,439,292
179,20897.995254626,20897.995881793,,0,GPU-9b96eb67-aeee-89d5-aa85-fc650af4e25c,ok,0,0,714,26.73,37,210,405,390,292
179,20897.995254626,20897.996620683,,1,GPU-37ffc98b-8551-c8a1-5f3c-27ade9ae735a,ok,94,57,11370,337.979,75,1605,9501,6933,20312
179,20897.995254626,20897.996033883,,2,GPU-5443d59d-561f-ed1e-da42-1975937205f9,ok,0,0,453,27.503,36,210,405,390,292
179,20897.995254626,20897.995959803,,3,GPU-46bf67bb-cb31-bee1-3cf0-c35337ba97d2,ok,0,0,453,27.633,39,210,405,439,292
179,20897.995254626,20897.997158993,,4,GPU-127e16de-2b5f-dde9-1932-b4e29bb818c0,ok,0,0,453,24.516,34,210,405,439,292
180,20898.995254626,20898.995892391,,0,GPU-9b96eb67-aeee-89d5-aa85-fc650af4e25c,ok,0,0,714,26.877,37,210,405,439,341
180,20898.995254626,20898.996032371,,1,GPU-37ffc98b-8551-c8a1-5f3c-27ade9ae735a,ok,93,54,11370,336.679,75,1680,9501,6982,21142
180,20898.995254626,20898.996051651,,2,GPU-5443d59d-561f-ed1e-da42-1975937205f9,ok,0,0,453,27.359,36,210,405,390,341
180,20898.995254626,20898.997177461,,3,GPU-46bf67bb-cb31-bee1-3cf0-c35337ba97d2,ok,0,0,453,27.52,39,210,405,439,292
180,20898.995254626,20898.995864861,,4,GPU-127e16de-2b5f-dde9-1932-b4e29bb818c0,ok,0,0,453,24.473,34,210,405,439,292
181,20899.995254626,20899.996230839,,0,GPU-9b96eb67-aeee-89d5-aa85-fc650af4e25c,ok,0,0,714,26.774,37,210,405,439,292
181,20899.995254626,20899.996098909,,1,GPU-37ffc98b-8551-c8a1-5f3c-27ade9ae735a,ok,100,48,11370,336.487,75,1680,9501,5126,19189
181,20899.995254626,20899.996047489,,2,GPU-5443d59d-561f-ed1e-da42-1975937205f9,ok,0,0,453,27.324,36,210,405,390,292
181,20899.995254626,20899.996176679,,3,GPU-46bf67bb-cb31-bee1-3cf0-c35337ba97d2,ok,0,0,453,27.512,39,210,405,390,341
181,20899.995254626,20899.996123649,,4,GPU-127e16de-2b5f-dde9-1932-b4e29bb818c0,ok,0,0,453,24.478,34,210,405,390,292
182,20900.995254626,20900.995906927,,0,GPU-9b96eb67-aeee-89d5-aa85-fc650af4e25c,ok,0,0,714,26.798,37,210,405,439,292
182,20900.995254626,20900.996680137,,1,GPU-37ffc98b-8551-c8a1-5f3c-27ade9ae735a,ok,100,44,11370,335.552,75,1665,9501,8447,16845
182,20900.995254626,20900.995737007,,2,GPU-5443d59d-561f-ed1e-da42-1975937205f9,ok,0,0,453,27.373,36,210,405,390,292
182,20900.995254626,20900.996645597,,3,GPU-46bf67bb-cb31-bee1-3cf0-c35337ba97d2,ok,0,0,453,27.687,39,210,405,439,341
182,20900.995254626,20900.996630527,,4,GPU-127e16de-2b5f-dde9-1932-b4e29bb818c0,ok,0,0,453,24.453,34,210,405,439,292
183,20901.995254626,20901.995861395,,0,GPU-9b96eb67-aeee-89d5-aa85-fc650af4e25c,ok,0,0,714,27.047,37,210,405,439,292
183,20901.995254626,20901.996000125,,1,GPU-37ffc98b-8551-c8a1-5f3c-27ade9ae735a,ok,100,48,11370,339.515,75,1620,9501,7421,23925
183,20901.995254626,20901.995963985,,2,GPU-5443d59d-561f-ed1e-da42-1975937205f9,ok,0,0,453,27.274,36,210,405,439,292
183,20901.995254626,20901.996081485,,3,GPU-46bf67bb-cb31-bee1-3cf0-c35337ba97d2,ok,0,0,453,27.524,39,210,405,439,341
183,20901.995254626,20901.997491565,,4,GPU-127e16de-2b5f-dde9-1932-b4e29bb818c0,ok,0,0,453,24.557,34,210,405,439,292
184,20902.995254626,20902.996240943,,0,GPU-9b96eb67-aeee-89d5-aa85-fc650af4e25c,ok,0,0,714,26.933,37,210,405,390,292
184,20902.995254626,20902.996145473,,1,GPU-37ffc98b-8551-c8a1-5f3c-27ade9ae735a,ok,95,59,11370,340.492,75,1515,9501,9716,22949
184,20902.995254626,20902.996114323,,2,GPU-5443d59d-561f-ed1e-da42-1975937205f9,ok,0,0,453,27.281,36,210,405,439,292
184,20902.995254626,20902.996178153,,3,GPU-46bf67bb-cb31-bee1-3cf0-c35337ba97d2,ok,0,0,453,27.488,39,210,405,439,292
184,20902.995254626,20902.996059603,,4,GPU-127e16de-2b5f-dde9-1932-b4e29bb818c0,ok,0,0,453,24.737,34,210,405,439,292
185,20903.995254626,20903.997999342,,0,GPU-9b96eb67-aeee-89d5-aa85-fc650af4e25c,ok,0,0,714,26.922,37,210,405,439,341
185,20903.995254626,20903.995910381,,1,GPU-37ffc98b-8551-c8a1-5f3c-27ade9ae735a,ok,94,57,11370,337.607,75,1665,9501,6884,20361
185,20903.995254626,20903.996044291,,2,GPU-5443d59d-561f-ed1e-da42-1975937205f9,ok,0,0,453,27.388,36,210,405,439,341
185,20903.995254626,20903.996004031,,3,GPU-46bf67bb-cb31-bee1-3cf0-c35337ba97d2,ok,0,0,453,27.634,39,210,405,390,292
185,20903.995254626,20903.995786591,,4,GPU-127e16de-2b5f-dde9-1932-b4e29bb818c0,ok,0,0,453,24.659,34,210,405,390,341
186,20904.995254626,20904.996094189,,0,GPU-9b96eb67-aeee-89d5-aa85-fc650af4e25c,ok,0,0,714,27.129,37,210,405,439,292
186,20904.995254626,20904.997212679,,1,GPU-37ffc98b-8551-c8a1-5f3c-27ade9ae735a,ok,94,54,11370,336.758,75,1680,9501,7373,20263
186,20904.995254626,20904.996058679,,2,GPU-5443d59d-561f-ed1e-da42-1975937205f9,ok,0,0,453,27.369,36,210,405,439,292
186,20904.995254626,20904.995948809,,3,GPU-46bf67bb-cb31-bee1-3cf0-c35337ba97d2,ok,0,0,453,27.484,39,210,405,439,292
186,20904.995254626,20904.995867829,,4,GPU-127e16de-2b5f-dde9-1932-b4e29bb818c0,ok,0,0,453,24.539,34,210,405,439,341
187,20905.995254626,20905.996025947,,0,GPU-9b96eb67-aeee-89d5-aa85-fc650af4e25c,ok,0,0,714,26.953,37,210,405,439,292
187,20905.995254626,20905.995941217,,1,GPU-37ffc98b-8551-c8a1-5f3c-27ade9ae735a,ok,100,47,11370,339.12,75,1725,9501,4199,19238
187,20905.995254626,20905.996166077,,2,GPU-5443d59d-561f-ed1e-da42-1975937205f9,ok,0,0,453,27.414,36,210,405,439,292
187,20905.995254626,20905.996973067,,3,GPU-46bf67bb-cb31-bee1-3cf0-c35337ba97d2,ok,0,0,453,27.506,39,210,405,439,292
187,20905.995254626,20905.996124067,,4,GPU-127e16de-2b5f-dde9-1932-b4e29bb818c0,ok,0,0,453,24.384,34,210,405,439,292
188,20906.995254626,20906.995811445,,0,GPU-9b96eb67-aeee-89d5-aa85-fc650af4e25c,ok,0,0,714,26.838,37,210,405,390,292
188,20906.995254626,20906.996926955,,1,GPU-37ffc98b-8551-c8a1-5f3c-27ade9ae735a,ok,100,44,11370,338.56,75,1680,9501,9716,10986
188,20906.995254626,20906.995965495,,2,GPU-5443d59d-561f-ed1e-da42-1975937205f9,ok,0,0,453,27.513,36,210,405,439,292
188,20906.995254626,20906.996102745,,3,GPU-46bf67bb-cb31-bee1-3cf0-c35337ba97d2,ok,0,0,453,27.688,39,210,405,390,292
188,20906.995254626,20906.996078255,,4,GPU-127e16de-2b5f-dde9-1932-b4e29bb818c0,ok,0,0,453,24.365,34,210,405,439,292
189,20907.995254626,20907.996076573,,0,GPU-9b96eb67-aeee-89d5-aa85-fc650af4e25c,ok,0,0,714,26.965,37,210,405,390,292
189,20907.995254626,20907.996151463,,1,GPU-37ffc98b-8551-c8a1-5f3c-27ade9ae735a,ok,100,47,11370,342.641,75,1650,9501,8056,23535
189,20907.995254626,20907.996023493,,2,GPU-5443d59d-561f-ed1e-da42-1975937205f9,ok,0,0,453,27.489,36,210,405,439,292
189,20907.995254626,20907.996636513,,3,GPU-46bf67bb-cb31-bee1-3cf0-c35337ba97d2,ok,0,0,453,27.573,39,210,405,439,292
189,20907.995254626,20907.995917513,,4,GPU-127e16de-2b5f-dde9-1932-b4e29bb818c0,ok,0,0,453,24.4,34,210,405,439,292
190,20908.995254626,20908.996438281,,0,GPU-9b96eb67-aeee-89d5-aa85-fc650af4e25c,ok,0,0,714,26.82,37,210,405,390,292
190,20908.995254626,20908.996485901,,1,GPU-37ffc98b-8551-c8a1-5f3c-27ade9ae735a,ok,96,55,11370,344.036,75,1605,9501,8496,23388
190,20908.995254626,20908.995701481,,2,GPU-5443d59d-561f-ed1e-da42-1975937205f9,ok,0,0,453,27.43,36,210,405,439,292
190,20908.995254626,20908.997083591,,3,GPU-46bf67bb-cb31-bee1-3cf0-c35337ba97d2,ok,0,0,453,27.584,39,210,405,439,292
190,20908.995254626,20908.995854491,,4,GPU-127e16de-2b5f-dde9-1932-b4e29bb818c0,ok,0,0,453,24.408,34,210,405,439,341
191,20909.995254626,20909.995827809,,0,GPU-9b96eb67-aeee-89d5-aa85-fc650af4e25c,ok,0,0,714,26.696,37,210,405,390,341
191,20909.995254626,20909.996532619,,1,GPU-37ffc98b-8551-c8a1-5f3c-27ade9ae735a,ok,94,57,11370,342.175,75,1545,9501,7421,25097
191,20909.995254626,20909.996016999,,2,GPU-5443d59d-561f-ed1e-da42-1975937205f9,ok,0,0,453,27.44,36,210,405,439,341
191,20909.995254626,20909.996082569,,3,GPU-46bf67bb-cb31-bee1-3cf0-c35337ba97d2,ok,0,0,453,27.766,39,210,405,439,292
191,20909.995254626,20909.996047259,,4,GPU-127e16de-2b5f-dde9-1932-b4e29bb818c0,ok,0,0,453,24.315,34,210,405,439,292
192,20910.995254626,20910.996373757,,0,GPU-9b96eb67-aeee-89d5-aa85-fc650af4e25c,ok,0,0,714,26.669,37,210,405,439,292
192,20910.995254626,20910.996029717,,1,GPU-37ffc98b-8551-c8a1-5f3c-27ade9ae735a,ok,94,54,11370,340.662,75,1680,9501,7666,20019
192,20910.995254626,20910.995900327,,2,GPU-5443d59d-561f-ed1e-da42-1975937205f9,ok,0,0,453,27.387,36,210,405,439,292
192,20910.995254626,20910.995764487,,3,GPU-46bf67bb-cb31-bee1-3cf0-c35337ba97d2,ok,0,0,453,27.61,39,210,405,439,341
192,20910.995254626,20910.996003337,,4,GPU-127e16de-2b5f-dde9-1932-b4e29bb818c0,ok,0,0,453,24.088,34,210,405,488,292
193,20911.995254626,20911.995916275,,0,GPU-9b96eb67-aeee-89d5-aa85-fc650af4e25c,ok,0,0,714,26.671,37,210,405,439,292
193,20911.995254626,20911.995981155,,1,GPU-37ffc98b-8551-c8a1-5f3c-27ade9ae735a,ok,100,48,11370,342.339,75,1755,9501,6982,20410
193,20911.995254626,20911.997668596,,2,GPU-5443d59d-561f-ed1e-da42-1975937205f9,ok,0,0,453,27.35,36,210,405,390,292
193,20911.995254626,20911.996634365,,3,GPU-46bf67bb-cb31-bee1-3cf0-c35337ba97d2,ok,0,0,453,27.55,39,210,405,390,292
193,20911.995254626,20911.996017315,,4,GPU-127e16de-2b5f-dde9-1932-b4e29bb818c0,ok,0,0,453,24.067,34,210,405,390,292
194,20912.995254626,20912.996225813,,0,GPU-9b96eb67-aeee-89d5-aa85-fc650af4e25c,ok,0,0,714,26.794,37,210,405,439,292
194,20912.995254626,20912.995956443,,1,GPU-37ffc98b-8551-c8a1-5f3c-27ade9ae735a,ok,100,41,11370,341.447,75,1680,9501,7519,13818
194,20912.995254626,20912.996245743,,2,GPU-5443d59d-561f-ed1e-da42-1975937205f9,ok,0,0,453,27.412,36,210,405,390,292
194,20912.995254626,20912.996163333,,3,GPU-46bf67bb-cb31-bee1-3cf0-c35337ba97d2,ok,0,0,453,27.599,39,210,405,439,292
194,20912.995254626,20912.996192813,,4,GPU-127e16de-2b5f-dde9-1932-b4e29bb818c0,ok,0,0,453,24.151,34,210,405,439,292
195,20913.995254626,20913.996037191,,0,GPU-9b96eb67-aeee-89d5-aa85-fc650af4e25c,ok,0,0,714,26.69,37,210,405,439,292
195,20913.995254626,20913.995812791,,1,GPU-37ffc98b-8551-c8a1-5f3c-27ade9ae735a,ok,100,46,11370,341.693,75,1680,9501,7861,22216
195,20913.995254626,20913.998075692,,2,GPU-5443d59d-561f-ed1e-da42-1975937205f9,ok,0,0,453,27.278,36,210,405,439,292
195,20913.995254626,20913.996078521,,3,GPU-46bf67bb-cb31-bee1-3cf0-c35337ba97d2,ok,0,0,453,27.395,39,210,405,439,292
195,20913.995254626,20913.996001901,,4,GPU-127e16de-2b5f-dde9-1932-b4e29bb818c0,ok,0,0,453,24.245,34,210,405,439,341
196,20914.995254626,20914.996482359,,0,GPU-9b96eb67-aeee-89d5-aa85-fc650af4e25c,ok,0,0,714,26.704,37,210,405,439,292
196,20914.995254626,20914.996219719,,1,GPU-37ffc98b-8551-c8a1-5f3c-27ade9ae735a,ok,100,50,11370,344.926,75,1620,9501,6689,22851
196,20914.995254626,20914.996550899,,2,GPU-5443d59d-561f-ed1e-da42-1975937205f9,ok,0,0,453,27.207,36,210,405,439,341
196,20914.995254626,20914.996192679,,3,GPU-46bf67bb-cb31-bee1-3cf0-c35337ba97d2,ok,0,0,453,27.444,39,210,405,439,292
196,20914.995254626,20914.996518739,,4,GPU-127e16de-2b5f-dde9-1932-b4e29bb818c0,ok,0,0,453,24.408,34,210,405,439,341
197,20915.995254626,20915.996460757,,0,GPU-9b96eb67-aeee-89d5-aa85-fc650af4e25c,ok,0,0,714,26.749,37,210,405,439,292
197,20915.995254626,20915.997031328,,1,GPU-37ffc98b-8551-c8a1-5f3c-27ade9ae735a,ok,95,59,11370,344.44,76,1530,9501,7373,32958
197,20915.995254626,20915.995735397,,2,GPU-5443d59d-561f-ed1e-da42-1975937205f9,ok,0,0,453,27.21,36,210,405,439,341
197,20915.995254626,20915.996012307,,3,GPU-46bf67bb-cb31-bee1-3cf0-c35337ba97d2,ok,0,0,453,27.587,39,210,405,439,292
197,20915.995254626,20915.995928837,,4,GPU-127e16de-2b5f-dde9-1932-b4e29bb818c0,ok,0,0,453,24.529,34,210,405,439,292
198,20916.995254626,20916.996618875,,0,GPU-9b96eb67-aeee-89d5-aa85-fc650af4e25c,ok,0,0,714,26.458,37,210,405,390,292
198,20916.995254626,20916.996582075,,1,GPU-37ffc98b-8551-c8a1-5f3c-27ade9ae735a,ok,94,55,11370,341.306,75,1605,9501,7031,20605
198,20916.995254626,20916.995982615,,2,GPU-5443d59d-561f-ed1e-da42-1975937205f9,ok,0,0,453,27.055,36,210,405,439,292
198,20916.995254626,20916.995720495,,3,GPU-46bf67bb-cb31-bee1-3cf0-c35337ba97d2,ok,0,0,453,27.385,39,210,405,439,292
198,20916.995254626,20916.996558895,,4,GPU-127e16de-2b5f-dde9-1932-b4e29bb818c0,ok,0,0,453,24.447,34,210,405,439,292
199,20917.995254626,20917.996039553,,0,GPU-9b96eb67-aeee-89d5-aa85-fc650af4e25c,ok,0,0,714,26.4,37,210,405,439,341
199,20917.995254626,20917.996623333,,1,GPU-37ffc98b-8551-c8a1-5f3c-27ade9ae735a,ok,100,50,11370,341.709,75,1680,9501,7031,20361
199,20917.995254626,20917.996663583,,2,GPU-5443d59d-561f-ed1e-da42-1975937205f9,ok,0,0,453,27.03,36,210,405,439,292
199,20917.995254626,20917.995847873,,3,GPU-46bf67bb-cb31-bee1-3cf0-c35337ba97d2,ok,0,0,453,27.349,39,210,405,439,292
199,20917.995254626,20917.996061113,,4,GPU-127e16de-2b5f-dde9-1932-b4e29bb818c0,ok,0,0,453,24.323,34,210,405,439,341
200,20918.995254626,20918.995986801,,0,GPU-9b96eb67-aeee-89d5-aa85-fc650af4e25c,ok,0,0,714,26.589,37,210,405,390,292
200,20918.995254626,20918.996023421,,1,GPU-37ffc98b-8551-c8a1-5f3c-27ade9ae735a,ok,100,46,11370,341.633,75,1695,9501,4199,20947
200,20918.995254626,20918.995817331,,2,GPU-5443d59d-561f-ed1e-da42-1975937205f9,ok,0,0,453,27.126,36,210,405,439,292
200,20918.995254626,20918.996592601,,3,GPU-46bf67bb-cb31-bee1-3cf0-c35337ba97d2,ok,0,0,453,27.496,39,210,405,439,292
200,20918.995254626,20918.996532321,,4,GPU-127e16de-2b5f-dde9-1932-b4e29bb818c0,ok,0,0,453,24.268,34,210,405,439,341
201,20919.995254626,20919.995977829,,0,GPU-9b96eb67-aeee-89d5-aa85-fc650af4e25c,ok,0,0,714,26.553,37,210,405,439,292
201,20919.995254626,20919.996504039,,1,GPU-37ffc98b-8551-c8a1-5f3c-27ade9ae735a,ok,100,45,11370,340.511,75,1665,9501,8300,20898
201,20919.995254626,20919.995956579,,2,GPU-5443d59d-561f-ed1e-da42-1975937205f9,ok,0,0,453,27.114,36,210,405,439,292
201,20919.995254626,20919.995707439,,3,GPU-46bf67bb-cb31-bee1-3cf0-c35337ba97d2,ok,0,0,453,27.408,39,210,405,439,292
201,20919.995254626,20919.996546079,,4,GPU-127e16de-2b5f-dde9-1932-b4e29bb818c0,ok,0,0,453,24.267,34,210,405,390,292
202,20920.995254626,20920.996136377,,0,GPU-9b96eb67-aeee-89d5-aa85-fc650af4e25c,ok,0,0,714,26.529,37,210,405,439,341
202,20920.995254626,20920.995895047,,1,GPU-37ffc98b-8551-c8a1-5f3c-27ade9ae735a,ok,100,50,11370,342.068,75,1635,9501,7324,23486
202,20920.995254626,20920.996257447,,2,GPU-5443d59d-561f-ed1e-da42-1975937205f9,ok,0,0,453,27.235,36,210,405,439,292
202,20920.995254626,20920.996071367,,3,GPU-46bf67bb-cb31-bee1-3cf0-c35337ba97d2,ok,0,0,453,27.485,39,210,405,390,341
202,20920.995254626,20920.996013947,,4,GPU-127e16de-2b5f-dde9-1932-b4e29bb818c0,ok,0,0,453,24.334,34,210,405,439,292
203,20921.995254626,20921.996138965,,0,GPU-9b96eb67-aeee-89d5-aa85-fc650af4e25c,ok,0,0,714,26.585,37,210,405,439,292
203,20921.995254626,20921.996005495,,1,GPU-37ffc98b-8551-c8a1-5f3c-27ade9ae735a,ok,94,59,11370,343.701,76,1545,9501,6982,28173
203,20921.995254626,20921.996165335,,2,GPU-5443d59d-561f-ed1e-da42-1975937205f9,ok,0,0,453,27.351,36,210,405,439,341
203,20921.995254626,20921.996425185,,3,GPU-46bf67bb-cb31-bee1-3cf0-c35337ba97d2,ok,0,0,453,27.606,39,210,405,439,341
203,20921.995254626,20921.996097065,,4,GPU-127e16de-2b5f-dde9-1932-b4e29bb818c0,ok,0,0,453,24.435,34,210,405,439,292
204,20922.995254626,20922.995978453,,0,GPU-9b96eb67-aeee-89d5-aa85-fc650af4e25c,ok,0,0,714,26.491,37,210,405,390,292
204,20922.995254626,20922.996072433,,1,GPU-37ffc98b-8551-c8a1-5f3c-27ade9ae735a,ok,94,56,11370,341.629,75,1575,9501,7031,20849
204,20922.995254626,20922.997623884,,2,GPU-5443d59d-561f-ed1e-da42-1975937205f9,ok,0,0,453,27.303,36,210,405,439,292
204,20922.995254626,20922.996091243,,3,GPU-46bf67bb-cb31-bee1-3cf0-c35337ba97d2,ok,0,0,453,27.409,39,210,405,439,292
204,20922.995254626,20922.996163743,,4,GPU-127e16de-2b5f-dde9-1932-b4e29bb818c0,ok,0,0,453,24.309,34,210,405,439,292
205,20923.995254626,20923.998181112,,0,GPU-9b96eb67-aeee-89d5-aa85-fc650af4e25c,ok,0,0,714,26.512,37,210,405,488,292
205,20923.995254626,20923.995956061,,1,GPU-37ffc98b-8551-c8a1-5f3c-27ade9ae735a,ok,100,52,11370,341.484,74,1680,9501,6835,20166
205,20923.995254626,20923.996019441,,2,GPU-5443d59d-561f-ed1e-da42-1975937205f9,ok,0,0,453,27.377,36,210,405,439,292
205,20923.995254626,20923.995984351,,3,GPU-46bf67bb-cb31-bee1-3cf0-c35337ba97d2,ok,0,0,453,27.485,39,210,405,439,292
205,20923.995254626,20923.995833611,,4,GPU-127e16de-2b5f-dde9-1932-b4e29bb818c0,ok,0,0,453,24.178,34,210,405,439,341
206,20924.995254626,20924.996154459,,0,GPU-9b96eb67-aeee-89d5-aa85-fc650af4e25c,ok,0,0,714,26.62,37,210,405,439,341
206,20924.995254626,20924.996186799,,1,GPU-37ffc98b-8551-c8a1-5f3c-27ade9ae735a,ok,100,47,11370,342.453,75,1710,9501,5712,20019
206,20924.995254626,20924.996127989,,2,GPU-5443d59d-561f-ed1e-da42-1975937205f9,ok,0,0,453,27.168,36,210,405,439,292
206,20924.995254626,20924.996000099,,3,GPU-46bf67bb-cb31-bee1-3cf0-c35337ba97d2,ok,0,0,453,27.697,39,210,405,439,292
206,20924.995254626,20924.99670979,,4,GPU-127e16de-2b5f-dde9-1932-b4e29bb818c0,ok,0,0,453,24.152,34,210,405,390,292
207,20925.995254626,20925.996039827,,0,GPU-9b96eb67-aeee-89d5-aa85-fc650af4e25c,ok,0,0,714,26.488,37,210,405,439,292
207,20925.995254626,20925.995948417,,1,GPU-37ffc98b-8551-c8a1-5f3c-27ade9ae735a,ok,100,44,11370,340.564,75,1680,9501,8154,17675
207,20925.995254626,20925.996099177,,2,GPU-5443d59d-561f-ed1e-da42-1975937205f9,ok,0,0,453,27.32,36,210,405,439,292
207,20925.995254626,20925.996169667,,3,GPU-46bf67bb-cb31-bee1-3cf0-c35337ba97d2,ok,0,0,453,27.547,39,210,405,439,292
207,20925.995254626,20925.997599378,,4,GPU-127e16de-2b5f-dde9-1932-b4e29bb818c0,ok,0,0,453,24.009,34,210,405,439,292
208,20926.995254626,20926.995973895,,0,GPU-9b96eb67-aeee-89d5-aa85-fc650af4e25c,ok,0,0,714,26.458,37,210,405,439,292
208,20926.995254626,20926.996578536,,1,GPU-37ffc98b-8551-c8a1-5f3c-27ade9ae735a,ok,100,49,11370,342.931,75,1635,9501,7324,24218
208,20926.995254626,20926.996018655,,2,GPU-5443d59d-561f-ed1e-da42-1975937205f9,ok,0,0,453,27.522,36,210,405,439,341
208,20926.995254626,20926.997766196,,3,GPU-46bf67bb-cb31-bee1-3cf0-c35337ba97d2,ok,0,0,453,27.546,39,210,405,439,292
208,20926.995254626,20926.995867335,,4,GPU-127e16de-2b5f-dde9-1932-b4e29bb818c0,ok,0,0,453,24.138,34,210,405,439,292
209,20927.995254626,20927.996096304,,0,GPU-9b96eb67-aeee-89d5-aa85-fc650af4e25c,ok,0,0,714,26.584,37,210,405,439,292
209,20927.995254626,20927.996050433,,1,GPU-37ffc98b-8551-c8a1-5f3c-27ade9ae735a,ok,94,62,11370,344.454,76,1560,9501,8593,23974
209,20927.995254626,20927.996532884,,2,GPU-5443d59d-561f-ed1e-da42-1975937205f9,ok,0,0,453,27.435,36,210,405,439,292
209,20927.995254626,20927.995792683,,3,GPU-46bf67bb-cb31-bee1-3cf0-c35337ba97d2,ok,0,0,453,27.629,39,210,405,439,292
209,20927.995254626,20927.996071064,,4,GPU-127e16de-2b5f-dde9-1932-b4e29bb818c0,ok,0,0,453,24.283,34,210,405,439,292
210,20928.995254626,20928.996046182,,0,GPU-9b96eb67-aeee-89d5-aa85-fc650af4e25c,ok,0,0,714,26.461,37,210,405,390,292
210,20928.995254626,20928.995954931,,1,GPU-37ffc98b-8551-c8a1-5f3c-27ade9ae735a,ok,94,56,11370,339.83,75,1500,9501,6884,21630
210,20928.995254626,20928.997616212,,2,GPU-5443d59d-561f-ed1e-da42-1975937205f9,ok,0,0,453,27.473,36,210,405,390,292
210,20928.995254626,20928.996079702,,3,GPU-46bf67bb-cb31-bee1-3cf0-c35337ba97d2,ok,0,0,453,27.433,39,210,405,390,341
210,20928.995254626,20928.996202412,,4,GPU-127e16de-2b5f-dde9-1932-b4e29bb818c0,ok,0,0,453,24.07,34,210,405,439,292
211,20929.995254626,20929.99616058,,0,GPU-9b96eb67-aeee-89d5-aa85-fc650af4e25c,ok,0,0,714,26.362,37,210,405,390,341
211,20929.995254626,20929.99623737,,1,GPU-37ffc98b-8551-c8a1-5f3c-27ade9ae735a,ok,100,56,11370,341.996,75,1680,9501,7324,19873
211,20929.995254626,20929.99601986,,2,GPU-5443d59d-561f-ed1e-da42-1975937205f9,ok,0,0,453,27.466,36,210,405,390,292
211,20929.995254626,20929.99618506,,3,GPU-46bf67bb-cb31-bee1-3cf0-c35337ba97d2,ok,0,0,453,27.459,39,210,405,439,341
211,20929.995254626,20929.99622366,,4,GPU-127e16de-2b5f-dde9-1932-b4e29bb818c0,ok,0,0,453,23.822,34,210,405,439,341
212,20930.995254626,20930.996246708,,0,GPU-9b96eb67-aeee-89d5-aa85-fc650af4e25c,ok,0,0,714,26.403,37,210,405,390,292
212,20930.995254626,20930.996141878,,1,GPU-37ffc98b-8551-c8a1-5f3c-27ade9ae735a,ok,100,46,11370,342.16,75,1710,9501,5468,18017
212,20930.995254626,20930.996116568,,2,GPU-5443d59d-561f-ed1e-da42-1975937205f9,ok,0,0,453,27.27,36,210,405,390,341
212,20930.995254626,20930.996022898,,3,GPU-46bf67bb-cb31-bee1-3cf0-c35337ba97d2,ok,0,0,453,27.538,39,210,405,439,292
212,20930.995254626,20930.996208338,,4,GPU-127e16de-2b5f-dde9-1932-b4e29bb818c0,ok,0,0,453,23.883,34,210,405,439,341
213,20931.995254626,20931.996520816,,0,GPU-9b96eb67-aeee-89d5-aa85-fc650af4e25c,ok,0,0,714,26.33,37,210,405,390,292
213,20931.995254626,20931.995671475,,1,GPU-37ffc98b-8551-c8a1-5f3c-27ade9ae735a,ok,100,45,11370,340.963,75,1680,9501,9570,10400
213,20931.995254626,20931.996610266,,2,GPU-5443d59d-561f-ed1e-da42-1975937205f9,ok,0,0,453,27.217,36,210,405,390,341
213,20931.995254626,20931.996657106,,3,GPU-46bf67bb-cb31-bee1-3cf0-c35337ba97d2,ok,0,0,453,27.487,39,210,405,439,292
213,20931.995254626,20931.996585176,,4,GPU-127e16de-2b5f-dde9-1932-b4e29bb818c0,ok,0,0,453,24.075,34,210,405,390,292
214,20932.995254626,20932.996080834,,0,GPU-9b96eb67-aeee-89d5-aa85-fc650af4e25c,ok,0,0,714,26.435,37,210,405,439,292
214,20932.995254626,20932.996639084,,1,GPU-37ffc98b-8551-c8a1-5f3c-27ade9ae735a,ok,100,48,11370,343.039,75,1650,9501,7666,23193
214,20932.995254626,20932.995915034,,2,GPU-5443d59d-561f-ed1e-da42-1975937205f9,ok,0,0,453,27.23,36,210,405,439,292
214,20932.995254626,20932.996142634,,3,GPU-46bf67bb-cb31-bee1-3cf0-c35337ba97d2,ok,0,0,453,27.553,39,210,405,439,292
214,20932.995254626,20932.996120604,,4,GPU-127e16de-2b5f-dde9-1932-b4e29bb818c0,ok,0,0,453,23.96,34,210,405,439,292
215,20933.995254626,20933.995990902,,0,GPU-9b96eb67-aeee-89d5-aa85-fc650af4e25c,ok,0,0,714,26.616,37,210,405,439,292
215,20933.995254626,20933.995787402,,1,GPU-37ffc98b-8551-c8a1-5f3c-27ade9ae735a,ok,94,57,11370,344.266,76,1575,9501,7861,27978
215,20933.995254626,20933.995889312,,2,GPU-5443d59d-561f-ed1e-da42-1975937205f9,ok,0,0,453,27.112,36,210,405,439,292
215,20933.995254626,20933.996890242,,3,GPU-46bf67bb-cb31-bee1-3cf0-c35337ba97d2,ok,0,0,453,27.404,39,210,405,439,292
215,20933.995254626,20933.996212372,,4,GPU-127e16de-2b5f-dde9-1932-b4e29bb818c0,ok,0,0,453,23.981,34,210,405,439,292
216,20934.995254626,20934.99602728,,0,GPU-9b96eb67-aeee-89d5-aa85-fc650af4e25c,ok,0,0,714,26.373,37,210,405,439,292
216,20934.995254626,20934.99596575,,1,GPU-37ffc98b-8551-c8a1-5f3c-27ade9ae735a,ok,95,57,11370,341.043,75,1545,9501,6835,20458
216,20934.995254626,20934.99615742,,2,GPU-5443d59d-561f-ed1e-da42-1975937205f9,ok,0,0,453,27.022,36,210,405,439,292
216,20934.995254626,20934.99611266,,3,GPU-46bf67bb-cb31-bee1-3cf0-c35337ba97d2,ok,0,0,453,27.375,39,210,405,439,292
216,20934.995254626,20934.99619618,,4,GPU-127e16de-2b5f-dde9-1932-b4e29bb818c0,ok,0,0,453,24.08,34,210,405,439,341
217,20935.995254626,20935.996218088,,0,GPU-9b96eb67-aeee-89d5-aa85-fc650af4e25c,ok,0,0,714,26.267,37,210,405,439,292
217,20935.995254626,20935.996036198,,1,GPU-37ffc98b-8551-c8a1-5f3c-27ade9ae735a,ok,94,54,11370,339.918,75,1680,9501,6640,20361
217,20935.995254626,20935.996179818,,2,GPU-5443d59d-561f-ed1e-da42-1975937205f9,ok,0,0,453,27.16,36,210,405,439,341
217,20935.995254626,20935.996149128,,3,GPU-46bf67bb-cb31-bee1-3cf0-c35337ba97d2,ok,0,0,453,27.555,39,210,405,390,292
217,20935.995254626,20935.996083118,,4,GPU-127e16de-2b5f-dde9-1932-b4e29bb818c0,ok,0,0,453,23.977,34,210,405,390,292
218,20936.995254626,20936.996087026,,0,GPU-9b96eb67-aeee-89d5-aa85-fc650af4e25c,ok,0,0,714,26.501,36,210,405,439,292
218,20936.995254626,20936.996279476,,1,GPU-37ffc98b-8551-c8a1-5f3c-27ade9ae735a,ok,100,47,11370,340.034,75,1740,9501,6884,19775
218,20936.995254626,20936.996020446,,2,GPU-5443d59d-561f-ed1e-da42-1975937205f9,ok,0,0,453,27.145,36,210,405,439,292
218,20936.995254626,20936.996140436,,3,GPU-46bf67bb-cb31-bee1-3cf0-c35337ba97d2,ok,0,0,453,27.43,39,210,405,439,341
218,20936.995254626,20936.996242506,,4,GPU-127e16de-2b5f-dde9-1932-b4e29bb818c0,ok,0,0,453,23.904,34,210,405,390,292
219,20937.995254626,20937.996705654,,0,GPU-9b96eb67-aeee-89d5-aa85-fc650af4e25c,ok,0,0,714,26.48,36,210,405,439,292
219,20937.995254626,20937.995957594,,1,GPU-37ffc98b-8551-c8a1-5f3c-27ade9ae735a,ok,100,43,11370,339.132,75,1680,9501,8593,12353
219,20937.995254626,20937.995813034,,2,GPU-5443d59d-561f-ed1e-da42-1975937205f9,ok,0,0,453,27.283,36,210,405,439,341
219,20937.995254626,20937.996627674,,3,GPU-46bf67bb-cb31-bee1-3cf0-c35337ba97d2,ok,0,0,453,27.43,39,210,405,439,341
219,20937.995254626,20937.996671514,,4,GPU-127e16de-2b5f-dde9-1932-b4e29bb818c0,ok,0,0,453,23.989,34,210,405,390,292
220,20938.995254626,20938.996287692,,0,GPU-9b96eb67-aeee-89d5-aa85-fc650af4e25c,ok,0,0,714,26.495,37,210,405,439,292
220,20938.995254626,20938.996080902,,1,GPU-37ffc98b-8551-c8a1-5f3c-27ade9ae735a,ok,100,47,11370,341.562,75,1665,9501,7568,22900
220,20938.995254626,20938.995942142,,2,GPU-5443d59d-561f-ed1e-da42-1975937205f9,ok,0,0,453,27.387,36,210,405,439,292
220,20938.995254626,20938.996228442,,3,GPU-46bf67bb-cb31-bee1-3cf0-c35337ba97d2,ok,0,0,453,27.549,39,210,405,439,292
220,20938.995254626,20938.996262122,,4,GPU-127e16de-2b5f-dde9-1932-b4e29bb818c0,ok,0,0,453,24.098,34,210,405,439,292
221,20939.995254626,20939.99593438,,0,GPU-9b96eb67-aeee-89d5-aa85-fc650af4e25c,ok,0,0,714,26.599,37,210,405,439,292
221,20939.995254626,20939.9960555,,1,GPU-37ffc98b-8551-c8a1-5f3c-27ade9ae735a,ok,96,55,11370,343.822,76,1605,9501,7177,24072
221,20939.995254626,20939.99671999,,2,GPU-5443d59d-561f-ed1e-da42-1975937205f9,ok,0,0,453,27.158,36,210,405,439,292
221,20939.995254626,20939.99665533,,3,GPU-46bf67bb-cb31-bee1-3cf0-c35337ba97d2,ok,0,0,453,27.329,39,210,405,390,292
221,20939.995254626,20939.99609586,,4,GPU-127e16de-2b5f-dde9-1932-b4e29bb818c0,ok,0,0,453,24.208,34,210,405,439,292
222,20940.995254626,20940.996111488,,0,GPU-9b96eb67-aeee-89d5-aa85-fc650af4e25c,ok,0,0,714,26.398,37,210,405,439,292
222,20940.995254626,20940.995866838,,1,GPU-37ffc98b-8551-c8a1-5f3c-27ade9ae735a,ok,94,57,11370,342.895,75,1560,9501,7080,29003
222,20940.995254626,20940.995967778,,2,GPU-5443d59d-561f-ed1e-da42-1975937205f9,ok,0,0,453,27.122,36,210,405,439,292
222,20940.995254626,20940.996094678,,3,GPU-46bf67bb-cb31-bee1-3cf0-c35337ba97d2,ok,0,0,453,27.311,39,210,405,390,292
222,20940.995254626,20940.996143738,,4,GPU-127e16de-2b5f-dde9-1932-b4e29bb818c0,ok,0,0,453,24.404,34,210,405,439,341
223,20941.995254626,20941.996249236,,0,GPU-9b96eb67-aeee-89d5-aa85-fc650af4e25c,ok,0,0,714,26.386,37,210,405,439,292
223,20941.995254626,20941.995803236,,1,GPU-37ffc98b-8551-c8a1-5f3c-27ade9ae735a,ok,94,54,11370,340.984,75,1680,9501,7080,20166
223,20941.995254626,20941.995954166,,2,GPU-5443d59d-561f-ed1e-da42-1975937205f9,ok,0,0,453,27.246,36,210,405,585,292
223,20941.995254626,20941.996291446,,3,GPU-46bf67bb-cb31-bee1-3cf0-c35337ba97d2,ok,0,0,453,27.497,39,210,405,439,292
223,20941.995254626,20941.995989856,,4,GPU-127e16de-2b5f-dde9-1932-b4e29bb818c0,ok,0,0,453,24.238,34,210,405,439,292
224,20942.995254626,20942.995983694,,0,GPU-9b96eb67-aeee-89d5-aa85-fc650af4e25c,ok,0,0,714,26.547,37,210,405,439,292
224,20942.995254626,20942.996238384,,1,GPU-37ffc98b-8551-c8a1-5f3c-27ade9ae735a,ok,100,48,11370,342.484,76,1755,9501,6835,21289
224,20942.995254626,20942.996271084,,2,GPU-5443d59d-561f-ed1e-da42-1975937205f9,ok,0,0,453,27.238,36,210,405,390,292
224,20942.995254626,20942.996068174,,3,GPU-46bf67bb-cb31-bee1-3cf0-c35337ba97d2,ok,0,0,453,27.349,39,210,405,439,292
224,20942.995254626,20942.996187494,,4,GPU-127e16de-2b5f-dde9-1932-b4e29bb818c0,ok,0,0,453,24.153,34,210,405,439,292
225,20943.995254626,20943.995997662,,0,GPU-9b96eb67-aeee-89d5-aa85-fc650af4e25c,ok,0,0,714,26.406,37,210,405,439,292
225,20943.995254626,20943.996031022,,1,GPU-37ffc98b-8551-c8a1-5f3c-27ade9ae735a,ok,100,41,11370,341.772,75,1695,9501,3613,19091
225,20943.995254626,20943.995817892,,2,GPU-5443d59d-561f-ed1e-da42-1975937205f9,ok,0,0,453,27.377,36,210,405,390,341
225,20943.995254626,20943.996070682,,3,GPU-46bf67bb-cb31-bee1-3cf0-c35337ba97d2,ok,0,0,453,27.348,39,210,405,439,341
225,20943.995254626,20943.996534762,,4,GPU-127e16de-2b5f-dde9-1932-b4e29bb818c0,ok,0,0,453,24.098,34,210,405,439,292
226,20944.995254626,20944.99601998,,0,GPU-9b96eb67-aeee-89d5-aa85-fc650af4e25c,ok,0,0,714,26.322,37,210,405,390,292
226,20944.995254626,20944.99591549,,1,GPU-37ffc98b-8551-c8a1-5f3c-27ade9ae735a,ok,100,47,11370,341.911,75,1665,9501,7861,24316
226,20944.995254626,20944.99663649,,2,GPU-5443d59d-561f-ed1e-da42-1975937205f9,ok,0,0,453,27.466,36,210,405,390,292
226,20944.995254626,20944.99598121,,3,GPU-46bf67bb-cb31-bee1-3cf0-c35337ba97d2,ok,0,0,453,27.535,39,210,405,390,341
226,20944.995254626,20944.99606749,,4,GPU-127e16de-2b5f-dde9-1932-b4e29bb818c0,ok,0,0,453,24.031,34,210,405,439,292
227,20945.995254626,20945.995856258,,0,GPU-9b96eb67-aeee-89d5-aa85-fc650af4e25c,ok,0,0,714,26.338,36,210,405,390,292
227,20945.995254626,20945.997774728,,1,GPU-37ffc98b-8551-c8a1-5f3c-27ade9ae735a,ok,100,51,11370,344.931,76,1620,9501,7324,23339
227,20945.995254626,20945.995819488,,2,GPU-5443d59d-561f-ed1e-da42-1975937205f9,ok,0,0,453,27.176,36,210,405,439,292
227,20945.995254626,20945.996060268,,3,GPU-46bf67bb-cb31-bee1-3cf0-c35337ba97d2,ok,0,0,453,27.39,39,210,405,439,341
227,20945.995254626,20945.995995638,,4,GPU-127e16de-2b5f-dde9-1932-b4e29bb818c0,ok,0,0,453,24.081,34,210,405,439,292
228,20946.995254626,20946.995758836,,0,GPU-9b96eb67-aeee-89d5-aa85-fc650af4e25c,ok,0,0,714,26.163,36,210,405,390,292
228,20946.995254626,20946.996473826,,1,GPU-37ffc98b-8551-c8a1-5f3c-27ade9ae735a,ok,94,58,11370,343.24,76,1530,9501,7714,30371
228,20946.995254626,20946.996002766,,2,GPU-5443d59d-561f-ed1e-da42-1975937205f9,ok,0,0,453,27.097,36,210,405,439,292
228,20946.995254626,20946.995948896,,3,GPU-46bf67bb-cb31-bee1-3cf0-c35337ba97d2,ok,0,0,453,27.394,39,210,405,439,292
228,20946.995254626,20946.996536136,,4,GPU-127e16de-2b5f-dde9-1932-b4e29bb818c0,ok,0,0,453,24.077,34,210,405,439,292
229,20947.995254626,20947.996127774,,0,GPU-9b96eb67-aeee-89d5-aa85-fc650af4e25c,ok,0,0,714,26.2,36,210,405,390,292
229,20947.995254626,20947.995998604,,1,GPU-37ffc98b-8551-c8a1-5f3c-27ade9ae735a,ok,94,55,11370,340.455,75,1680,9501,6884,20361
229,20947.995254626,20947.995834014,,2,GPU-5443d59d-561f-ed1e-da42-1975937205f9,ok,0,0,453,27.188,36,210,405,439,341
229,20947.995254626,20947.996107944,,3,GPU-46bf67bb-cb31-bee1-3cf0-c35337ba97d2,ok,0,0,453,27.568,39,210,405,439,292
229,20947.995254626,20947.996542794,,4,GPU-127e16de-2b5f-dde9-1932-b4e29bb818c0,ok,0,0,453,23.998,34,210,405,390,292
230,20948.995254626,20948.996218262,,0,GPU-9b96eb67-aeee-89d5-aa85-fc650af4e25c,ok,0,0,714,26.292,36,210,405,390,292
230,20948.995254626,20948.996041882,,1,GPU-37ffc98b-8551-c8a1-5f3c-27ade9ae735a,ok,100,48,11370,340.5,75,1755,9501,6738,19140
230,20948.995254626,20948.996190282,,2,GPU-5443d59d-561f-ed1e-da42-1975937205f9,ok,0,0,453,27.047,36,210,405,439,292
230,20948.995254626,20948.996093932,,3,GPU-46bf67bb-cb31-bee1-3cf0-c35337ba97d2,ok,0,0,453,27.389,39,210,405,439,292
230,20948.995254626,20948.996145822,,4,GPU-127e16de-2b5f-dde9-1932-b4e29bb818c0,ok,0,0,453,23.973,34,210,405,439,292
231,20949.995254626,20949.99620084,,0,GPU-9b96eb67-aeee-89d5-aa85-fc650af4e25c,ok,0,0,714,26.264,36,210,405,390,292
231,20949.995254626,20949.99570868,,1,GPU-37ffc98b-8551-c8a1-5f3c-27ade9ae735a,ok,100,42,11370,340.268,75,1695,9501,4833,18652
231,20949.995254626,20949.99591847,,2,GPU-5443d59d-561f-ed1e-da42-1975937205f9,ok,0,0,453,27.064,36,210,405,390,292
231,20949.995254626,20949.99614083,,3,GPU-46bf67bb-cb31-bee1-3cf0-c35337ba97d2,ok,0,0,453,27.375,39,210,405,439,292
231,20949.995254626,20949.99670323,,4,GPU-127e16de-2b5f-dde9-1932-b4e29bb818c0,ok,0,0,453,24.03,34,210,405,439,292
232,20950.995254626,20950.996698418,,0,GPU-9b96eb67-aeee-89d5-aa85-fc650af4e25c,ok,0,0,714,26.346,36,210,405,390,341
232,20950.995254626,20950.996634548,,1,GPU-37ffc98b-8551-c8a1-5f3c-27ade9ae735a,ok,100,47,11370,340.992,75,1665,9501,7958,21630
232,20950.995254626,20950.996678228,,2,GPU-5443d59d-561f-ed1e-da42-1975937205f9,ok,0,0,453,27.174,36,210,405,439,292
232,20950.995254626,20950.995690598,,3,GPU-46bf67bb-cb31-bee1-3cf0-c35337ba97d2,ok,0,0,453,27.535,39,210,405,439,292
232,20950.995254626,20950.996419348,,4,GPU-127e16de-2b5f-dde9-1932-b4e29bb818c0,ok,0,0,453,23.89,34,210,405,390,292
233,20951.995254626,20951.995932156,,0,GPU-9b96eb67-aeee-89d5-aa85-fc650af4e25c,ok,0,0,714,26.246,36,210,405,439,292
233,20951.995254626,20951.996031366,,1,GPU-37ffc98b-8551-c8a1-5f3c-27ade9ae735a,ok,100,49,11370,344.314,76,1635,9501,7080,23730
233,20951.995254626,20951.996165676,,2,GPU-5443d59d-561f-ed1e-da42-1975937205f9,ok,0,0,453,27.183,36,210,405,439,292
233,20951.995254626,20951.996131986,,3,GPU-46bf67bb-cb31-bee1-3cf0-c35337ba97d2,ok,0,0,453,27.363,39,210,405,439,341
233,20951.995254626,20951.996119276,,4,GPU-127e16de-2b5f-dde9-1932-b4e29bb818c0,ok,0,0,453,24.011,34,210,405,439,341
234,20952.995254626,20952.996039834,,0,GPU-9b96eb67-aeee-89d5-aa85-fc650af4e25c,ok,0,0,714,26.216,36,210,405,439,292
234,20952.995254626,20952.995874514,,1,GPU-37ffc98b-8551-c8a1-5f3c-27ade9ae735a,ok,94,59,11370,345.247,76,1545,9501,8789,23925
234,20952.995254626,20952.996105224,,2,GPU-5443d59d-561f-ed1e-da42-1975937205f9,ok,0,0,453,27.181,36,210,405,439,292
234,20952.995254626,20952.996070004,,3,GPU-46bf67bb-cb31-bee1-3cf0-c35337ba97d2,ok,0,0,453,27.367,39,210,405,439,341
234,20952.995254626,20952.996298594,,4,GPU-127e16de-2b5f-dde9-1932-b4e29bb818c0,ok,0,0,453,24.157,34,210,405,439,341
235,20953.995254626,20953.995987742,,0,GPU-9b96eb67-aeee-89d5-aa85-fc650af4e25c,ok,0,0,714,26.388,36,210,405,439,292
235,20953.995254626,20953.996201942,,1,GPU-37ffc98b-8551-c8a1-5f3c-27ade9ae735a,ok,94,56,11370,341.907,75,1560,9501,7421,20312
235,20953.995254626,20953.996173262,,2,GPU-5443d59d-561f-ed1e-da42-1975937205f9,ok,0,0,453,27.129,36,210,405,439,341
235,20953.995254626,20953.996135802,,3,GPU-46bf67bb-cb31-bee1-3cf0-c35337ba97d2,ok,0,0,453,27.518,39,210,405,439,292
235,20953.995254626,20953.996063232,,4,GPU-127e16de-2b5f-dde9-1932-b4e29bb818c0,ok,0,0,453,24.223,34,210,405,439,292
236,20954.995254626,20954.99654361,,0,GPU-9b96eb67-aeee-89d5-aa85-fc650af4e25c,ok,0,0,714,26.342,36,210,405,439,341
236,20954.995254626,20954.99607105,,1,GPU-37ffc98b-8551-c8a1-5f3c-27ade9ae735a,ok,100,51,11370,342.383,75,1680,9501,6982,20410
236,20954.995254626,20954.99608399,,2,GPU-5443d59d-561f-ed1e-da42-1975937205f9,ok,0,0,453,27.032,36,210,405,439,292
236,20954.995254626,20954.99583057,,3,GPU-46bf67bb-cb31-bee1-3cf0-c35337ba97d2,ok,0,0,453,27.412,39,210,405,439,292
236,20954.995254626,20954.9960149,,4,GPU-127e16de-2b5f-dde9-1932-b4e29bb818c0,ok,0,0,453,24.16,34,210,405,439,292
237,20955.995254626,20955.995835528,,0,GPU-9b96eb67-aeee-89d5-aa85-fc650af4e25c,ok,0,0,714,26.407,36,210,405,439,292
237,20955.995254626,20955.997252629,,1,GPU-37ffc98b-8551-c8a1-5f3c-27ade9ae735a,ok,100,44,11370,340.722,76,1680,9501,4833,19677
237,20955.995254626,20955.995996518,,2,GPU-5443d59d-561f-ed1e-da42-1975937205f9,ok,0,0,453,27.069,36,210,405,439,292
237,20955.995254626,20955.995923088,,3,GPU-46bf67bb-cb31-bee1-3cf0-c35337ba97d2,ok,0,0,453,27.56,39,210,405,439,292
237,20955.995254626,20955.997215788,,4,GPU-127e16de-2b5f-dde9-1932-b4e29bb818c0,ok,0,0,453,24.097,34,210,405,439,292
238,20956.995254626,20956.996590066,,0,GPU-9b96eb67-aeee-89d5-aa85-fc650af4e25c,ok,0,0,714,26.487,36,210,405,439,292
238,20956.995254626,20956.998500287,,1,GPU-37ffc98b-8551-c8a1-5f3c-27ade9ae735a,ok,100,46,11370,338.696,75,1680,9501,8837,17041
238,20956.995254626,20956.996008106,,2,GPU-5443d59d-561f-ed1e-da42-1975937205f9,ok,0,0,453,27.215,36,210,405,390,292
238,20956.995254626,20956.995848906,,3,GPU-46bf67bb-cb31-bee1-3cf0-c35337ba97d2,ok,0,0,453,27.78,39,210,405,390,292
238,20956.995254626,20956.996045066,,4,GPU-127e16de-2b5f-dde9-1932-b4e29bb818c0,ok,0,0,453,24.156,34,210,405,390,341
239,20957.995254626,20957.995977624,,0,GPU-9b96eb67-aeee-89d5-aa85-fc650af4e25c,ok,0,0,714,26.329,36,210,405,439,292
239,20957.995254626,20957.996135344,,1,GPU-37ffc98b-8551-c8a1-5f3c-27ade9ae735a,ok,100,49,11370,344.512,76,1650,9501,7812,23339
239,20957.995254626,20957.996073014,,2,GPU-5443d59d-561f-ed1e-da42-1975937205f9,ok,0,0,453,27.056,36,210,405,439,341
239,20957.995254626,20957.996113964,,3,GPU-46bf67bb-cb31-bee1-3cf0-c35337ba97d2,ok,0,0,453,27.591,39,210,405,439,292
239,20957.995254626,20957.996195094,,4,GPU-127e16de-2b5f-dde9-1932-b4e29bb818c0,ok,0,0,453,23.917,34,210,405,439,292
240,20958.995254626,20958.996134342,,0,GPU-9b96eb67-aeee-89d5-aa85-fc650af4e25c,ok,0,0,714,26.35,36,210,405,439,341
240,20958.995254626,20958.996107632,,1,GPU-37ffc98b-8551-c8a1-5f3c-27ade9ae735a,ok,94,58,11370,344.227,76,1590,9501,9521,20019
240,20958.995254626,20958.996168312,,2,GPU-5443d59d-561f-ed1e-da42-1975937205f9,ok,0,0,453,26.956,36,210,405,439,341
240,20958.995254626,20958.996545032,,3,GPU-46bf67bb-cb31-bee1-3cf0-c35337ba97d2,ok,0,0,453,27.573,39,210,405,439,292
240,20958.995254626,20958.995917942,,4,GPU-127e16de-2b5f-dde9-1932-b4e29bb818c0,ok,0,0,453,23.96,34,210,405,439,292
241,20959.995254626,20959.99600141,,0,GPU-9b96eb67-aeee-89d5-aa85-fc650af4e25c,ok,0,0,714,26.506,36,210,405,390,292
241,20959.995254626,20959.99611076,,1,GPU-37ffc98b-8551-c8a1-5f3c-27ade9ae735a,ok,95,55,11370,341.286,75,1560,9501,7080,21289
241,20959.995254626,20959.99605954,,2,GPU-5443d59d-561f-ed1e-da42-1975937205f9,ok,0,0,453,26.796,36,210,405,439,292
241,20959.995254626,20959.998418801,,3,GPU-46bf67bb-cb31-bee1-3cf0-c35337ba97d2,ok,0,0,453,27.712,39,210,405,390,292
241,20959.995254626,20959.99604132,,4,GPU-127e16de-2b5f-dde9-1932-b4e29bb818c0,ok,0,0,453,24.25,34,210,405,439,341
242,20960.995254626,20960.996074998,,0,GPU-9b96eb67-aeee-89d5-aa85-fc650af4e25c,ok,0,0,714,26.364,36,210,405,439,292
242,20960.995254626,20960.996679618,,1,GPU-37ffc98b-8551-c8a1-5f3c-27ade9ae735a,ok,100,51,11370,341.802,75,1680,9501,7128,20605
242,20960.995254626,20960.996117218,,2,GPU-5443d59d-561f-ed1e-da42-1975937205f9,ok,0,0,453,26.86,36,210,405,439,292
242,20960.995254626,20960.995960038,,3,GPU-46bf67bb-cb31-bee1-3cf0-c35337ba97d2,ok,0,0,453,27.539,39,210,405,439,341
242,20960.995254626,20960.996034298,,4,GPU-127e16de-2b5f-dde9-1932-b4e29bb818c0,ok,0,0,453,24.262,34,210,405,439,341
243,20961.995254626,20961.996025956,,0,GPU-9b96eb67-aeee-89d5-aa85-fc650af4e25c,ok,0,0,714,26.288,36,210,405,439,292
243,20961.995254626,20961.996118116,,1,GPU-37ffc98b-8551-c8a1-5f3c-27ade9ae735a,ok,100,45,11370,340.747,75,1755,9501,5810,19970
243,20961.995254626,20961.995837916,,2,GPU-5443d59d-561f-ed1e-da42-1975937205f9,ok,0,0,453,27.029,36,210,405,439,292
243,20961.995254626,20961.996546146,,3,GPU-46bf67bb-cb31-bee1-3cf0-c35337ba97d2,ok,0,0,453,27.582,39,210,405,439,341
243,20961.995254626,20961.996066456,,4,GPU-127e16de-2b5f-dde9-1932-b4e29bb818c0,ok,0,0,453,24.162,34,210,405,439,341
244,20962.995254626,20962.996137424,,0,GPU-9b96eb67-aeee-89d5-aa85-fc650af4e25c,ok,0,0,714,26.362,36,210,405,390,341
244,20962.995254626,20962.996034314,,1,GPU-37ffc98b-8551-c8a1-5f3c-27ade9ae735a,ok,100,45,11370,338.775,75,1680,9501,8300,16259
244,20962.995254626,20962.995954824,,2,GPU-5443d59d-561f-ed1e-da42-1975937205f9,ok,0,0,453,27.034,36,210,405,439,341
244,20962.995254626,20962.997985315,,3,GPU-46bf67bb-cb31-bee1-3cf0-c35337ba97d2,ok,0,0,453,27.758,39,210,405,390,341
244,20962.995254626,20962.995904714,,4,GPU-127e16de-2b5f-dde9-1932-b4e29bb818c0,ok,0,0,453,24.085,34,210,405,439,292
245,20963.995254626,20963.995886402,,0,GPU-9b96eb67-aeee-89d5-aa85-fc650af4e25c,ok,0,0,714,26.204,36,210,405,439,292
245,20963.995254626,20963.996025692,,1,GPU-37ffc98b-8551-c8a1-5f3c-27ade9ae735a,ok,100,49,11370,342.588,75,1650,9501,7324,24023
245,20963.995254626,20963.996045872,,2,GPU-5443d59d-561f-ed1e-da42-1975937205f9,ok,0,0,453,27.034,36,210,405,439,292
245,20963.995254626,20963.996079682,,3,GPU-46bf67bb-cb31-bee1-3cf0-c35337ba97d2,ok,0,0,453,27.601,39,210,405,439,341
245,20963.995254626,20963.996620993,,4,GPU-127e16de-2b5f-dde9-1932-b4e29bb818c0,ok,0,0,453,24.245,34,210,405,439,292
246,20964.995254626,20964.996560141,,0,GPU-9b96eb67-aeee-89d5-aa85-fc650af4e25c,ok,0,0,714,26.175,36,210,405,390,292
246,20964.995254626,20964.99598593,,1,GPU-37ffc98b-8551-c8a1-5f3c-27ade9ae735a,ok,94,59,11370,345.166,76,1605,9501,9570,23535
246,20964.995254626,20964.9958572,,2,GPU-5443d59d-561f-ed1e-da42-1975937205f9,ok,0,0,453,27.04,36,210,405,439,292
246,20964.995254626,20964.99593441,,3,GPU-46bf67bb-cb31-bee1-3cf0-c35337ba97d2,ok,0,0,453,27.554,39,210,405,439,292
246,20964.995254626,20964.997226781,,4,GPU-127e16de-2b5f-dde9-1932-b4e29bb818c0,ok,0,0,453,24.42,34,210,405,488,341
247,20965.995254626,20965.995911428,,0,GPU-9b96eb67-aeee-89d5-aa85-fc650af4e25c,ok,0,0,714,26.378,36,210,405,439,292
247,20965.995254626,20965.996068998,,1,GPU-37ffc98b-8551-c8a1-5f3c-27ade9ae735a,ok,94,56,11370,342.276,76,1560,9501,7617,18945
247,20965.995254626,20965.996030808,,2,GPU-5443d59d-561f-ed1e-da42-1975937205f9,ok,0,0,453,27.026,36,210,405,439,292
247,20965.995254626,20965.996157738,,3,GPU-46bf67bb-cb31-bee1-3cf0-c35337ba97d2,ok,0,0,453,27.729,39,210,405,439,292
247,20965.995254626,20965.995996488,,4,GPU-127e16de-2b5f-dde9-1932-b4e29bb818c0,ok,0,0,453,24.435,34,210,405,439,292
248,20966.995254626,20966.996172386,,0,GPU-9b96eb67-aeee-89d5-aa85-fc650af4e25c,ok,0,0,714,26.3,36,210,405,439,341
248,20966.995254626,20966.995924646,,1,GPU-37ffc98b-8551-c8a1-5f3c-27ade9ae735a,ok,100,52,11370,342.559,75,1680,9501,6738,19824
248,20966.995254626,20966.996275126,,2,GPU-5443d59d-561f-ed1e-da42-1975937205f9,ok,0,0,453,27.13,36,210,405,488,341
248,20966.995254626,20966.996243416,,3,GPU-46bf67bb-cb31-bee1-3cf0-c35337ba97d2,ok,0,0,453,27.661,39,210,405,439,341
248,20966.995254626,20966.996205376,,4,GPU-127e16de-2b5f-dde9-1932-b4e29bb818c0,ok,0,0,453,24.328,34,210,405,439,292
249,20967.995254626,20967.995928914,,0,GPU-9b96eb67-aeee-89d5-aa85-fc650af4e25c,ok,0,0,714,26.285,36,210,405,439,292
249,20967.995254626,20967.996591915,,1,GPU-37ffc98b-8551-c8a1-5f3c-27ade9ae735a,ok,100,46,11370,341.091,76,1770,9501,6250,19824
249,20967.995254626,20967.996067114,,2,GPU-5443d59d-561f-ed1e-da42-1975937205f9,ok,0,0,453,27.017,36,210,405,390,292
249,20967.995254626,20967.995878174,,3,GPU-46bf67bb-cb31-bee1-3cf0-c35337ba97d2,ok,0,0,453,27.61,39,210,405,439,292
249,20967.995254626,20967.996023114,,4,GPU-127e16de-2b5f-dde9-1932-b4e29bb818c0,ok,0,0,453,24.18,34,210,405,439,341
250,20968.995254626,20968.998139133,,0,GPU-9b96eb67-aeee-89d5-aa85-fc650af4e25c,ok,0,0,714,26.334,36,210,405,439,292
250,20968.995254626,20968.995875872,,1,GPU-37ffc98b-8551-c8a1-5f3c-27ade9ae735a,ok,100,45,11370,339.121,75,1665,9501,9033,13134
250,20968.995254626,20968.996065242,,2,GPU-5443d59d-561f-ed1e-da42-1975937205f9,ok,0,0,453,27.014,36,210,405,390,292
250,20968.995254626,20968.995853632,,3,GPU-46bf67bb-cb31-bee1-3cf0-c35337ba97d2,ok,0,0,453,27.77,39,210,405,439,292
250,20968.995254626,20968.996025282,,4,GPU-127e16de-2b5f-dde9-1932-b4e29bb818c0,ok,0,0,453,24.003,34,210,405,439,292
251,20969.995254626,20969.99614798,,0,GPU-9b96eb67-aeee-89d5-aa85-fc650af4e25c,ok,0,0,714,26.17,36,210,405,439,341
251,20969.995254626,20969.99595293,,1,GPU-37ffc98b-8551-c8a1-5f3c-27ade9ae735a,ok,100,49,11370,342.769,76,1650,9501,7031,23730
251,20969.995254626,20969.99611674,,2,GPU-5443d59d-561f-ed1e-da42-1975937205f9,ok,0,0,453,27.206,36,210,405,439,292
251,20969.995254626,20969.99606771,,3,GPU-46bf67bb-cb31-bee1-3cf0-c35337ba97d2,ok,0,0,453,27.575,39,210,405,439,292
251,20969.995254626,20969.99610246,,4,GPU-127e16de-2b5f-dde9-1932-b4e29bb818c0,ok,0,0,453,24.06,34,210,405,439,292
252,20970.995254626,20970.996000088,,0,GPU-9b96eb67-aeee-89d5-aa85-fc650af4e25c,ok,0,0,714,26.188,36,210,405,439,341
252,20970.995254626,20970.996121179,,1,GPU-37ffc98b-8551-c8a1-5f3c-27ade9ae735a,ok,94,58,11370,345.015,76,1575,9501,10009,23535
252,20970.995254626,20970.996090479,,2,GPU-5443d59d-561f-ed1e-da42-1975937205f9,ok,0,0,453,27.104,36,210,405,439,292
252,20970.995254626,20970.995846548,,3,GPU-46bf67bb-cb31-bee1-3cf0-c35337ba97d2,ok,0,0,453,27.487,39,210,405,439,341
252,20970.995254626,20970.996037308,,4,GPU-127e16de-2b5f-dde9-1932-b4e29bb818c0,ok,0,0,453,24.161,34,210,405,390,292
253,20971.995254626,20971.996079097,,0,GPU-9b96eb67-aeee-89d5-aa85-fc650af4e25c,ok,0,0,714,26.413,36,210,405,439,292
253,20971.995254626,20971.995982886,,1,GPU-37ffc98b-8551-c8a1-5f3c-27ade9ae735a,ok,93,56,11370,340.918,76,1545,9501,6933,20703
253,20971.995254626,20971.996570177,,2,GPU-5443d59d-561f-ed1e-da42-1975937205f9,ok,0,0,453,27.042,36,210,405,439,292
253,20971.995254626,20971.996054267,,3,GPU-46bf67bb-cb31-bee1-3cf0-c35337ba97d2,ok,0,0,453,27.552,39,210,405,439,341
253,20971.995254626,20971.995929546,,4,GPU-127e16de-2b5f-dde9-1932-b4e29bb818c0,ok,0,0,453,24.003,34,210,405,390,292
254,20972.995254626,20972.996068985,,0,GPU-9b96eb67-aeee-89d5-aa85-fc650af4e25c,ok,0,0,714,26.514,36,210,405,390,292
254,20972.995254626,20972.996032035,,1,GPU-37ffc98b-8551-c8a1-5f3c-27ade9ae735a,ok,100,48,11370,341.788,76,1680,9501,6542,20458
254,20972.995254626,20972.997091685,,2,GPU-5443d59d-561f-ed1e-da42-1975937205f9,ok,0,0,453,27.088,36,210,405,390,341
254,20972.995254626,20972.996239205,,3,GPU-46bf67bb-cb31-bee1-3cf0-c35337ba97d2,ok,0,0,453,27.55,39,210,405,390,292
254,20972.995254626,20972.996274165,,4,GPU-127e16de-2b5f-dde9-1932-b4e29bb818c0,ok,0,0,453,24.024,34,210,405,390,292
255,20973.995254626,20973.996237623,,0,GPU-9b96eb67-aeee-89d5-aa85-fc650af4e25c,ok,0,0,714,26.594,36,210,405,390,292
255,20973.995254626,20973.995704492,,1,GPU-37ffc98b-8551-c8a1-5f3c-27ade9ae735a,ok,100,42,11370,340.066,75,1710,9501,4931,20898
255,20973.995254626,20973.996208633,,2,GPU-5443d59d-561f-ed1e-da42-1975937205f9,ok,0,0,453,26.981,36,210,405,390,292
255,20973.995254626,20973.995924043,,3,GPU-46bf67bb-cb31-bee1-3cf0-c35337ba97d2,ok,0,0,453,27.665,39,210,405,439,292
255,20973.995254626,20973.995942913,,4,GPU-127e16de-2b5f-dde9-1932-b4e29bb818c0,ok,0,0,453,23.937,34,210,405,439,341
256,20974.995254626,20974.995922911,,0,GPU-9b96eb67-aeee-89d5-aa85-fc650af4e25c,ok,0,0,714,26.691,36,210,405,439,341
256,20974.995254626,20974.995833201,,1,GPU-37ffc98b-8551-c8a1-5f3c-27ade9ae735a,ok,100,47,11370,340.752,75,1680,9501,7714,20507
256,20974.995254626,20974.996060141,,2,GPU-5443d59d-561f-ed1e-da42-1975937205f9,ok,0,0,453,26.982,36,210,405,390,292
256,20974.995254626,20974.997457181,,3,GPU-46bf67bb-cb31-bee1-3cf0-c35337ba97d2,ok,0,0,453,27.515,39,210,405,439,292
256,20974.995254626,20974.995954441,,4,GPU-127e16de-2b5f-dde9-1932-b4e29bb818c0,ok,0,0,453,23.817,34,210,405,439,292
257,20975.995254626,20975.996815029,,0,GPU-9b96eb67-aeee-89d5-aa85-fc650af4e25c,ok,0,0,714,26.61,36,210,405,439,292
257,20975.995254626,20975.995718819,,1,GPU-37ffc98b-8551-c8a1-5f3c-27ade9ae735a,ok,100,51,11370,344.702,76,1650,9501,7031,23486
257,20975.995254626,20975.995807169,,2,GPU-5443d59d-561f-ed1e-da42-1975937205f9,ok,0,0,453,27.067,36,210,405,390,341
257,20975.995254626,20975.996844859,,3,GPU-46bf67bb-cb31-bee1-3cf0-c35337ba97d2,ok,0,0,453,27.52,39,210,405,439,292
257,20975.995254626,20975.995941519,,4,GPU-127e16de-2b5f-dde9-1932-b4e29bb818c0,ok,0,0,453,23.861,34,210,405,439,292
258,20976.995254626,20976.995772047,,0,GPU-9b96eb67-aeee-89d5-aa85-fc650af4e25c,ok,0,0,714,26.624,36,210,405,439,292
258,20976.995254626,20976.995878097,,1,GPU-37ffc98b-8551-c8a1-5f3c-27ade9ae735a,ok,94,58,11370,343.928,76,1575,9501,8837,21386
258,20976.995254626,20976.996554247,,2,GPU-5443d59d-561f-ed1e-da42-1975937205f9,ok,0,0,453,27.006,36,210,405,390,292
258,20976.995254626,20976.996525427,,3,GPU-46bf67bb-cb31-bee1-3cf0-c35337ba97d2,ok,0,0,453,27.673,39,210,405,439,292
258,20976.995254626,20976.995934807,,4,GPU-127e16de-2b5f-dde9-1932-b4e29bb818c0,ok,0,0,453,23.926,34,210,405,439,292
259,20977.995254626,20977.995980605,,0,GPU-9b96eb67-aeee-89d5-aa85-fc650af4e25c,ok,0,0,714,26.703,36,210,405,439,292
259,20977.995254626,20977.995955825,,1,GPU-37ffc98b-8551-c8a1-5f3c-27ade9ae735a,ok,94,55,11370,340.124,75,1455,9501,6884,21435
259,20977.995254626,20977.996555045,,2,GPU-5443d59d-561f-ed1e-da42-1975937205f9,ok,0,0,453,26.962,36,210,405,390,292
259,20977.995254626,20977.996353905,,3,GPU-46bf67bb-cb31-bee1-3cf0-c35337ba97d2,ok,0,0,453,27.521,39,210,405,439,292
259,20977.995254626,20977.995707465,,4,GPU-127e16de-2b5f-dde9-1932-b4e29bb818c0,ok,0,0,453,23.957,34,210,405,390,292
260,20978.995254626,20978.998216343,,0,GPU-9b96eb67-aeee-89d5-aa85-fc650af4e25c,ok,0,0,714,26.515,36,210,405,439,292
260,20978.995254626,20978.996016413,,1,GPU-37ffc98b-8551-c8a1-5f3c-27ade9ae735a,ok,100,47,11370,340.193,76,1680,9501,7031,21240
260,20978.995254626,20978.996148523,,2,GPU-5443d59d-561f-ed1e-da42-1975937205f9,ok,0,0,453,27.111,36,210,405,390,341
260,20978.995254626,20978.996174153,,3,GPU-46bf67bb-cb31-bee1-3cf0-c35337ba97d2,ok,0,0,453,27.508,39,210,405,390,341
260,20978.995254626,20978.995954433,,4,GPU-127e16de-2b5f-dde9-1932-b4e29bb818c0,ok,0,0,453,23.937,34,210,405,439,292
261,20979.995254626,20979.995875991,,0,GPU-9b96eb67-aeee-89d5-aa85-fc650af4e25c,ok,0,0,714,26.398,36,210,405,439,292
261,20979.995254626,20979.995928961,,1,GPU-37ffc98b-8551-c8a1-5f3c-27ade9ae735a,ok,100,41,11370,340.985,75,1695,9501,4296,19189
261,20979.995254626,20979.996396421,,2,GPU-5443d59d-561f-ed1e-da42-1975937205f9,ok,0,0,453,27.031,36,210,405,439,292
261,20979.995254626,20979.997226051,,3,GPU-46bf67bb-cb31-bee1-3cf0-c35337ba97d2,ok,0,0,453,27.62,39,210,405,439,341
261,20979.995254626,20979.995762681,,4,GPU-127e16de-2b5f-dde9-1932-b4e29bb818c0,ok,0,0,453,24.014,34,210,405,439,292
262,20980.995254626,20980.995923339,,0,GPU-9b96eb67-aeee-89d5-aa85-fc650af4e25c,ok,0,0,714,26.341,36,210,405,439,292
262,20980.995254626,20980.995991339,,1,GPU-37ffc98b-8551-c8a1-5f3c-27ade9ae735a,ok,100,46,11370,340.92,75,1665,9501,8740,18261
262,20980.995254626,20980.997511099,,2,GPU-5443d59d-561f-ed1e-da42-1975937205f9,ok,0,0,453,26.983,36,210,405,439,292
262,20980.995254626,20980.996129419,,3,GPU-46bf67bb-cb31-bee1-3cf0-c35337ba97d2,ok,0,0,453,27.505,39,210,405,439,341
262,20980.995254626,20980.995969809,,4,GPU-127e16de-2b5f-dde9-1932-b4e29bb818c0,ok,0,0,453,24.188,34,210,405,390,292
263,20981.995254626,20981.996126267,,0,GPU-9b96eb67-aeee-89d5-aa85-fc650af4e25c,ok,0,0,714,26.101,36,210,405,439,341
263,20981.995254626,20981.996164567,,1,GPU-37ffc98b-8551-c8a1-5f3c-27ade9ae735a,ok,100,52,11370,344.437,76,1635,9501,7275,23583
263,20981.995254626,20981.996053347,,2,GPU-5443d59d-561f-ed1e-da42-1975937205f9,ok,0,0,453,27.11,36,210,405,390,341
263,20981.995254626,20981.995908637,,3,GPU-46bf67bb-cb31-bee1-3cf0-c35337ba97d2,ok,0,0,453,27.499,39,210,405,439,292
263,20981.995254626,20981.995951287,,4,GPU-127e16de-2b5f-dde9-1932-b4e29bb818c0,ok,0,0,453,24.166,34,210,405,390,341
264,20982.995254626,20982.996081095,,0,GPU-9b96eb67-aeee-89d5-aa85-fc650af4e25c,ok,0,0,714,26.169,36,210,405,439,292
264,20982.995254626,20982.996126395,,1,GPU-37ffc98b-8551-c8a1-5f3c-27ade9ae735a,ok,94,58,11370,342.311,76,1560,9501,8007,28027
264,20982.995254626,20982.996205505,,2,GPU-5443d59d-561f-ed1e-da42-1975937205f9,ok,0,0,453,27.045,36,210,405,390,292
264,20982.995254626,20982.995901435,,3,GPU-46bf67bb-cb31-bee1-3cf0-c35337ba97d2,ok,0,0,453,27.598,39,210,405,439,292
264,20982.995254626,20982.996187515,,4,GPU-127e16de-2b5f-dde9-1932-b4e29bb818c0,ok,0,0,453,24.138,34,210,405,439,341
265,20983.995254626,20983.996093563,,0,GPU-9b96eb67-aeee-89d5-aa85-fc650af4e25c,ok,0,0,714,26.32,36,210,405,439,292
265,20983.995254626,20983.996106833,,1,GPU-37ffc98b-8551-c8a1-5f3c-27ade9ae735a,ok,95,55,11370,339.343,75,1500,9501,7128,21386
265,20983.995254626,20983.995775553,,2,GPU-5443d59d-561f-ed1e-da42-1975937205f9,ok,0,0,453,27.078,36,210,405,439,292
265,20983.995254626,20983.996502763,,3,GPU-46bf67bb-cb31-bee1-3cf0-c35337ba97d2,ok,0,0,453,27.47,39,210,405,439,341
265,20983.995254626,20983.995995633,,4,GPU-127e16de-2b5f-dde9-1932-b4e29bb818c0,ok,0,0,453,24.174,34,210,405,439,292
266,20984.995254626,20984.996014601,,0,GPU-9b96eb67-aeee-89d5-aa85-fc650af4e25c,ok,0,0,714,26.14,36,210,405,439,292
266,20984.995254626,20984.996616631,,1,GPU-37ffc98b-8551-c8a1-5f3c-27ade9ae735a,ok,100,47,11370,342.091,76,1680,9501,6689,20361
266,20984.995254626,20984.996647571,,2,GPU-5443d59d-561f-ed1e-da42-1975937205f9,ok,0,0,453,27.224,36,210,405,439,341
266,20984.995254626,20984.995836491,,3,GPU-46bf67bb-cb31-bee1-3cf0-c35337ba97d2,ok,0,0,453,27.472,39,210,405,439,341
266,20984.995254626,20984.996048151,,4,GPU-127e16de-2b5f-dde9-1932-b4e29bb818c0,ok,0,0,453,24.067,34,210,405,439,292
267,20985.995254626,20985.996000419,,0,GPU-9b96eb67-aeee-89d5-aa85-fc650af4e25c,ok,0,0,714,26.131,36,210,405,439,341
267,20985.995254626,20985.995837089,,1,GPU-37ffc98b-8551-c8a1-5f3c-27ade9ae735a,ok,100,42,11370,341.82,76,1710,9501,5371,19335
267,20985.995254626,20985.996027879,,2,GPU-5443d59d-561f-ed1e-da42-1975937205f9,ok,0,0,453,27.195,36,210,405,390,292
267,20985.995254626,20985.996354699,,3,GPU-46bf67bb-cb31-bee1-3cf0-c35337ba97d2,ok,0,0,453,27.622,39,210,405,439,292
267,20985.995254626,20985.996091949,,4,GPU-127e16de-2b5f-dde9-1932-b4e29bb818c0,ok,0,0,453,24.038,34,210,405,439,292
268,20986.995254626,20986.996171027,,0,GPU-9b96eb67-aeee-89d5-aa85-fc650af4e25c,ok,0,0,714,26.282,36,210,405,390,292
268,20986.995254626,20986.996068987,,1,GPU-37ffc98b-8551-c8a1-5f3c-27ade9ae735a,ok,100,46,11370,341.689,75,1680,9501,8593,15478
268,20986.995254626,20986.996001817,,2,GPU-5443d59d-561f-ed1e-da42-1975937205f9,ok,0,0,453,27.128,36,210,405,439,292
268,20986.995254626,20986.996038467,,3,GPU-46bf67bb-cb31-bee1-3cf0-c35337ba97d2,ok,0,0,453,27.467,39,210,405,439,292
268,20986.995254626,20986.996118587,,4,GPU-127e16de-2b5f-dde9-1932-b4e29bb818c0,ok,0,0,453,23.986,34,210,405,439,292
269,20987.995254626,20987.996251075,,0,GPU-9b96eb67-aeee-89d5-aa85-fc650af4e25c,ok,0,0,714,26.317,36,210,405,390,292
269,20987.995254626,20987.996216435,,1,GPU-37ffc98b-8551-c8a1-5f3c-27ade9ae735a,ok,100,52,11370,343.787,76,1650,9501,7226,24072
269,20987.995254626,20987.996030755,,2,GPU-5443d59d-561f-ed1e-da42-1975937205f9,ok,0,0,453,27.156,36,210,405,439,292
269,20987.995254626,20987.995976395,,3,GPU-46bf67bb-cb31-bee1-3cf0-c35337ba97d2,ok,0,0,453,27.439,39,210,405,439,292
269,20987.995254626,20987.996268415,,4,GPU-127e16de-2b5f-dde9-1932-b4e29bb818c0,ok,0,0,453,23.817,34,210,405,439,341
270,20988.995254626,20988.996489843,,0,GPU-9b96eb67-aeee-89d5-aa85-fc650af4e25c,ok,0,0,714,26.338,36,210,405,439,292
270,20988.995254626,20988.995888133,,1,GPU-37ffc98b-8551-c8a1-5f3c-27ade9ae735a,ok,94,58,11370,343.634,76,1560,9501,8251,25244
270,20988.995254626,20988.996058573,,2,GPU-5443d59d-561f-ed1e-da42-1975937205f9,ok,0,0,453,26.974,36,210,405,439,292
270,20988.995254626,20988.996099323,,3,GPU-46bf67bb-cb31-bee1-3cf0-c35337ba97d2,ok,0,0,453,27.614,39,210,405,390,292
270,20988.995254626,20988.996116363,,4,GPU-127e16de-2b5f-dde9-1932-b4e29bb818c0,ok,0,0,453,23.619,34,210,405,390,292
271,20989.995254626,20989.996222291,,0,GPU-9b96eb67-aeee-89d5-aa85-fc650af4e25c,ok,0,0,714,26.234,36,210,405,439,341
271,20989.995254626,20989.996079401,,1,GPU-37ffc98b-8551-c8a1-5f3c-27ade9ae735a,ok,94,55,11370,342.469,75,1485,9501,6982,21240
271,20989.995254626,20989.996116571,,2,GPU-5443d59d-561f-ed1e-da42-1975937205f9,ok,0,0,453,26.906,36,210,405,439,341
271,20989.995254626,20989.996151741,,3,GPU-46bf67bb-cb31-bee1-3cf0-c35337ba97d2,ok,0,0,453,27.531,39,210,405,439,292
271,20989.995254626,20989.996040791,,4,GPU-127e16de-2b5f-dde9-1932-b4e29bb818c0,ok,0,0,453,23.96,34,210,405,439,292
272,20990.995254626,20990.996163869,,0,GPU-9b96eb67-aeee-89d5-aa85-fc650af4e25c,ok,0,0,714,26.364,36,210,405,439,292
272,20990.995254626,20990.995864249,,1,GPU-37ffc98b-8551-c8a1-5f3c-27ade9ae735a,ok,100,48,11370,344.032,75,1680,9501,6689,21142
272,20990.995254626,20990.996150759,,2,GPU-5443d59d-561f-ed1e-da42-1975937205f9,ok,0,0,453,27.011,36,210,405,390,292
272,20990.995254626,20990.996294289,,3,GPU-46bf67bb-cb31-bee1-3cf0-c35337ba97d2,ok,0,0,453,27.509,39,210,405,439,292
272,20990.995254626,20990.996005849,,4,GPU-127e16de-2b5f-dde9-1932-b4e29bb818c0,ok,0,0,453,24.171,34,210,405,439,292
273,20991.995254626,20991.995899577,,0,GPU-9b96eb67-aeee-89d5-aa85-fc650af4e25c,ok,0,0,714,26.478,36,210,405,439,292
273,20991.995254626,20991.996175427,,1,GPU-37ffc98b-8551-c8a1-5f3c-27ade9ae735a,ok,100,41,11370,341.746,76,1710,9501,5175,19677
273,20991.995254626,20991.997252257,,2,GPU-5443d59d-561f-ed1e-da42-1975937205f9,ok,0,0,453,26.923,36,210,405,390,292
273,20991.995254626,20991.995940607,,3,GPU-46bf67bb-cb31-bee1-3cf0-c35337ba97d2,ok,0,0,453,27.626,39,210,405,390,292
273,20991.995254626,20991.996093687,,4,GPU-127e16de-2b5f-dde9-1932-b4e29bb818c0,ok,0,0,453,23.797,34,210,405,439,341
274,20992.995254626,20992.996116255,,0,GPU-9b96eb67-aeee-89d5-aa85-fc650af4e25c,ok,0,0,714,26.275,36,210,405,390,341
274,20992.995254626,20992.996146805,,1,GPU-37ffc98b-8551-c8a1-5f3c-27ade9ae735a,ok,100,46,11370,342.415,75,1665,9501,8691,16064
274,20992.995254626,20992.996201445,,2,GPU-5443d59d-561f-ed1e-da42-1975937205f9,ok,0,0,453,27.048,36,210,405,439,341
274,20992.995254626,20992.996183445,,3,GPU-46bf67bb-cb31-bee1-3cf0-c35337ba97d2,ok,0,0,453,27.541,39,210,405,439,292
274,20992.995254626,20992.996231995,,4,GPU-127e16de-2b5f-dde9-1932-b4e29bb818c0,ok,0,0,453,23.513,34,210,405,439,292
275,20993.995254626,20993.995975623,,0,GPU-9b96eb67-aeee-89d5-aa85-fc650af4e25c,ok,0,0,714,26.341,36,210,405,439,292
275,20993.995254626,20993.996108533,,1,GPU-37ffc98b-8551-c8a1-5f3c-27ade9ae735a,ok,100,52,11370,342.303,76,1635,9501,7470,24267
275,20993.995254626,20993.996068333,,2,GPU-5443d59d-561f-ed1e-da42-1975937205f9,ok,0,0,453,27.24,36,210,405,439,292
275,20993.995254626,20993.996164353,,3,GPU-46bf67bb-cb31-bee1-3cf0-c35337ba97d2,ok,0,0,453,27.499,39,210,405,439,292
275,20993.995254626,20993.996031273,,4,GPU-127e16de-2b5f-dde9-1932-b4e29bb818c0,ok,0,0,453,23.655,34,210,405,439,341
276,20994.995254626,20994.996674791,,0,GPU-9b96eb67-aeee-89d5-aa85-fc650af4e25c,ok,0,0,714,26.451,36,210,405,439,292
276,20994.995254626,20994.996560711,,1,GPU-37ffc98b-8551-c8a1-5f3c-27ade9ae735a,ok,94,58,11370,338.467,76,1545,9501,8154,25439
276,20994.995254626,20994.996505141,,2,GPU-5443d59d-561f-ed1e-da42-1975937205f9,ok,0,0,453,27.045,36,210,405,439,292
276,20994.995254626,20994.995702191,,3,GPU-46bf67bb-cb31-bee1-3cf0-c35337ba97d2,ok,0,0,453,27.56,39,210,405,439,292
276,20994.995254626,20994.996631711,,4,GPU-127e16de-2b5f-dde9-1932-b4e29bb818c0,ok,0,0,453,23.929,34,210,405,439,292
277,20995.995254626,20995.996148429,,0,GPU-9b96eb67-aeee-89d5-aa85-fc650af4e25c,ok,0,0,714,26.354,36,210,405,439,292
277,20995.995254626,20995.995942829,,1,GPU-37ffc98b-8551-c8a1-5f3c-27ade9ae735a,ok,94,54,11370,342.711,75,1530,9501,6982,20703
277,20995.995254626,20995.996110379,,2,GPU-5443d59d-561f-ed1e-da42-1975937205f9,ok,0,0,453,27.02,36,210,405,390,292
277,20995.995254626,20995.99821675,,3,GPU-46bf67bb-cb31-bee1-3cf0-c35337ba97d2,ok,0,0,453,27.405,39,210,405,439,292
277,20995.995254626,20995.996182499,,4,GPU-127e16de-2b5f-dde9-1932-b4e29bb818c0,ok,0,0,453,23.675,34,210,405,439,292
278,20996.995254626,20996.996101537,,0,GPU-9b96eb67-aeee-89d5-aa85-fc650af4e25c,ok,0,0,714,26.351,36,210,405,439,341
278,20996.995254626,20996.995657327,,1,GPU-37ffc98b-8551-c8a1-5f3c-27ade9ae735a,ok,100,48,11370,344.682,76,1680,9501,6542,20166
278,20996.995254626,20996.996287817,,2,GPU-5443d59d-561f-ed1e-da42-1975937205f9,ok,0,0,453,27.032,36,210,405,439,292
278,20996.995254626,20996.996400587,,3,GPU-46bf67bb-cb31-bee1-3cf0-c35337ba97d2,ok,0,0,453,27.396,39,210,405,390,292
278,20996.995254626,20996.996345647,,4,GPU-127e16de-2b5f-dde9-1932-b4e29bb818c0,ok,0,0,453,23.641,34,210,405,439,292
279,20997.995254626,20997.995893195,,0,GPU-9b96eb67-aeee-89d5-aa85-fc650af4e25c,ok,0,0,714,26.395,36,210,405,439,292
279,20997.995254626,20997.995912575,,1,GPU-37ffc98b-8551-c8a1-5f3c-27ade9ae735a,ok,100,41,11370,341.772,75,1695,9501,5566,20166
279,20997.995254626,20997.996091465,,2,GPU-5443d59d-561f-ed1e-da42-1975937205f9,ok,0,0,453,26.989,36,210,405,439,341
279,20997.995254626,20997.996043195,,3,GPU-46bf67bb-cb31-bee1-3cf0-c35337ba97d2,ok,0,0,453,27.538,39,210,405,390,292
279,20997.995254626,20997.996145235,,4,GPU-127e16de-2b5f-dde9-1932-b4e29bb818c0,ok,0,0,453,23.877,34,210,405,439,341
280,20998.995254626,20998.996671083,,0,GPU-9b96eb67-aeee-89d5-aa85-fc650af4e25c,ok,0,0,714,26.279,36,210,405,439,292
280,20998.995254626,20998.995762603,,1,GPU-37ffc98b-8551-c8a1-5f3c-27ade9ae735a,ok,100,46,11370,342.342,75,1680,9501,8789,14062
280,20998.995254626,20998.995952563,,2,GPU-5443d59d-561f-ed1e-da42-1975937205f9,ok,0,0,453,27.035,36,210,405,390,292
280,20998.995254626,20998.995905233,,3,GPU-46bf67bb-cb31-bee1-3cf0-c35337ba97d2,ok,0,0,453,27.459,39,210,405,439,292
280,20998.995254626,20998.997947124,,4,GPU-127e16de-2b5f-dde9-1932-b4e29bb818c0,ok,0,0,453,24.013,34,210,405,390,292
281,20999.995254626,20999.996008871,,0,GPU-9b96eb67-aeee-89d5-aa85-fc650af4e25c,ok,0,0,714,26.274,36,210,405,439,292
281,20999.995254626,20999.996043941,,1,GPU-37ffc98b-8551-c8a1-5f3c-27ade9ae735a,ok,100,51,11370,341.821,76,1650,9501,7568,23291
281,20999.995254626,20999.995926291,,2,GPU-5443d59d-561f-ed1e-da42-1975937205f9,ok,0,0,453,26.979,36,210,405,439,341
281,20999.995254626,20999.996092891,,3,GPU-46bf67bb-cb31-bee1-3cf0-c35337ba97d2,ok,0,0,453,27.547,39,210,405,439,341
281,20999.995254626,20999.995968681,,4,GPU-127e16de-2b5f-dde9-1932-b4e29bb818c0,ok,0,0,453,24.012,34,210,405,439,292
282,21000.995254626,21000.996098079,,0,GPU-9b96eb67-aeee-89d5-aa85-fc650af4e25c,ok,0,0,714,26.371,36,210,405,439,341
282,21000.995254626,21000.995851489,,1,GPU-37ffc98b-8551-c8a1-5f3c-27ade9ae735a,ok,94,59,11370,341.24,76,1575,9501,8056,24804
282,21000.995254626,21000.995930529,,2,GPU-5443d59d-561f-ed1e-da42-1975937205f9,ok,0,0,453,27.091,36,210,405,439,292
282,21000.995254626,21000.996050689,,3,GPU-46bf67bb-cb31-bee1-3cf0-c35337ba97d2,ok,0,0,453,27.642,39,210,405,439,341
282,21000.995254626,21000.996912219,,4,GPU-127e16de-2b5f-dde9-1932-b4e29bb818c0,ok,0,0,453,24.01,34,210,405,439,341
283,21001.995254626,21001.996075627,,0,GPU-9b96eb67-aeee-89d5-aa85-fc650af4e25c,ok,0,0,714,26.286,36,210,405,390,292
283,21001.995254626,21001.996185647,,1,GPU-37ffc98b-8551-c8a1-5f3c-27ade9ae735a,ok,95,56,11370,343.108,76,1560,9501,7812,25439
283,21001.995254626,21001.996101957,,2,GPU-5443d59d-561f-ed1e-da42-1975937205f9,ok,0,0,453,27.091,36,210,405,439,292
283,21001.995254626,21001.996145347,,3,GPU-46bf67bb-cb31-bee1-3cf0-c35337ba97d2,ok,0,0,453,27.466,39,210,405,390,292
283,21001.995254626,21001.995953047,,4,GPU-127e16de-2b5f-dde9-1932-b4e29bb818c0,ok,0,0,453,24.173,34,210,405,439,341
284,21002.995254626,21002.995812825,,0,GPU-9b96eb67-aeee-89d5-aa85-fc650af4e25c,ok,0,0,714,26.333,36,210,405,390,292
284,21002.995254626,21002.996063715,,1,GPU-37ffc98b-8551-c8a1-5f3c-27ade9ae735a,ok,100,50,11370,344.869,75,1665,9501,7421,18457
284,21002.995254626,21002.996029825,,2,GPU-5443d59d-561f-ed1e-da42-1975937205f9,ok,0,0,453,26.893,36,210,405,439,292
284,21002.995254626,21002.995892805,,3,GPU-46bf67bb-cb31-bee1-3cf0-c35337ba97d2,ok,0,0,453,27.552,39,210,405,439,292
284,21002.995254626,21002.996532145,,4,GPU-127e16de-2b5f-dde9-1932-b4e29bb818c0,ok,0,0,453,24.242,34,210,405,390,292
285,21003.995254626,21003.996024813,,0,GPU-9b96eb67-aeee-89d5-aa85-fc650af4e25c,ok,0,0,714,26.509,36,210,405,439,292
285,21003.995254626,21003.996138603,,1,GPU-37ffc98b-8551-c8a1-5f3c-27ade9ae735a,ok,100,44,11370,340.325,75,1740,9501,6884,19531
285,21003.995254626,21003.996081413,,2,GPU-5443d59d-561f-ed1e-da42-1975937205f9,ok,0,0,453,26.978,36,210,405,439,292
285,21003.995254626,21003.996044143,,3,GPU-46bf67bb-cb31-bee1-3cf0-c35337ba97d2,ok,0,0,453,27.722,39,210,405,439,292
285,21003.995254626,21003.996169443,,4,GPU-127e16de-2b5f-dde9-1932-b4e29bb818c0,ok,0,0,453,24.236,34,210,405,439,292
286,21004.995254626,21004.996150801,,0,GPU-9b96eb67-aeee-89d5-aa85-fc650af4e25c,ok,0,0,714,26.414,36,210,405,439,341
286,21004.995254626,21004.996066051,,1,GPU-37ffc98b-8551-c8a1-5f3c-27ade9ae735a,ok,100,46,11370,340.576,75,1665,9501,9277,8740
286,21004.995254626,21004.995943491,,2,GPU-5443d59d-561f-ed1e-da42-1975937205f9,ok,0,0,453,27.122,36,210,405,439,341
286,21004.995254626,21004.995982801,,3,GPU-46bf67bb-cb31-bee1-3cf0-c35337ba97d2,ok,0,0,453,27.591,39,210,405,439,292
286,21004.995254626,21004.996098791,,4,GPU-127e16de-2b5f-dde9-1932-b4e29bb818c0,ok,0,0,453,24.108,34,210,405,439,292
287,21005.995254626,21005.996160109,,0,GPU-9b96eb67-aeee-89d5-aa85-fc650af4e25c,ok,0,0,714,26.419,36,210,405,439,341
287,21005.995254626,21005.996113809,,1,GPU-37ffc98b-8551-c8a1-5f3c-27ade9ae735a,ok,100,47,11370,341.813,76,1650,9501,7812,23828
287,21005.995254626,21005.996237959,,2,GPU-5443d59d-561f-ed1e-da42-1975937205f9,ok,0,0,453,27.051,36,210,405,439,341
287,21005.995254626,21005.996076949,,3,GPU-46bf67bb-cb31-bee1-3cf0-c35337ba97d2,ok,0,0,453,27.565,39,210,405,390,292
287,21005.995254626,21005.995924469,,4,GPU-127e16de-2b5f-dde9-1932-b4e29bb818c0,ok,0,0,453,24.231,34,210,405,390,341
288,21006.995254626,21006.996497057,,0,GPU-9b96eb67-aeee-89d5-aa85-fc650af4e25c,ok,0,0,714,26.578,36,210,405,439,292
288,21006.995254626,21006.996068377,,1,GPU-37ffc98b-8551-c8a1-5f3c-27ade9ae735a,ok,100,45,11370,341.398,76,1590,9501,8154,23535
288,21006.995254626,21006.996006207,,2,GPU-5443d59d-561f-ed1e-da42-1975937205f9,ok,0,0,453,27.061,36,210,405,439,292
288,21006.995254626,21006.996043047,,3,GPU-46bf67bb-cb31-bee1-3cf0-c35337ba97d2,ok,0,0,453,27.63,39,210,405,439,341
288,21006.995254626,21006.995838427,,4,GPU-127e16de-2b5f-dde9-1932-b4e29bb818c0,ok,0,0,453,24.203,34,210,405,439,292
289,21007.995254626,21007.996167435,,0,GPU-9b96eb67-aeee-89d5-aa85-fc650af4e25c,ok,0,0,714,26.46,36,210,405,390,292
289,21007.995254626,21007.995960605,,1,GPU-37ffc98b-8551-c8a1-5f3c-27ade9ae735a,ok,100,48,11370,342.837,76,1560,9501,7226,19824
289,21007.995254626,21007.996116315,,2,GPU-5443d59d-561f-ed1e-da42-1975937205f9,ok,0,0,453,27.077,36,210,405,439,292
289,21007.995254626,21007.996357915,,3,GPU-46bf67bb-cb31-bee1-3cf0-c35337ba97d2,ok,0,0,453,27.457,39,210,405,439,341
289,21007.995254626,21007.996060985,,4,GPU-127e16de-2b5f-dde9-1932-b4e29bb818c0,ok,0,0,453,24.031,34,210,405,439,292
290,21008.995254626,21008.995958293,,0,GPU-9b96eb67-aeee-89d5-aa85-fc650af4e25c,ok,0,0,714,26.47,36,210,405,390,341
290,21008.995254626,21008.997287154,,1,GPU-37ffc98b-8551-c8a1-5f3c-27ade9ae735a,ok,95,60,11370,343.784,75,1680,9501,7763,19824
290,21008.995254626,21008.996100703,,2,GPU-5443d59d-561f-ed1e-da42-1975937205f9,ok,0,0,453,26.888,36,210,405,439,341
290,21008.995254626,21008.996005293,,3,GPU-46bf67bb-cb31-bee1-3cf0-c35337ba97d2,ok,0,0,453,27.413,39,210,405,439,341
290,21008.995254626,21008.996126443,,4,GPU-127e16de-2b5f-dde9-1932-b4e29bb818c0,ok,0,0,453,24.151,34,210,405,439,292
291,21009.995254626,21009.996089061,,0,GPU-9b96eb67-aeee-89d5-aa85-fc650af4e25c,ok,0,0,714,26.578,36,210,405,439,292
291,21009.995254626,21009.996155981,,1,GPU-37ffc98b-8551-c8a1-5f3c-27ade9ae735a,ok,95,56,11370,342.099,75,1680,9501,7177,18652
291,21009.995254626,21009.996124181,,2,GPU-5443d59d-561f-ed1e-da42-1975937205f9,ok,0,0,453,26.822,36,210,405,390,292
291,21009.995254626,21009.996197931,,3,GPU-46bf67bb-cb31-bee1-3cf0-c35337ba97d2,ok,0,0,453,27.378,39,210,405,390,292
291,21009.995254626,21009.995905881,,4,GPU-127e16de-2b5f-dde9-1932-b4e29bb818c0,ok,0,0,453,24.114,34,210,405,439,341
292,21010.995254626,21010.995869229,,0,GPU-9b96eb67-aeee-89d5-aa85-fc650af4e25c,ok,0,0,714,26.499,36,210,405,439,292
292,21010.995254626,21010.996070769,,1,GPU-37ffc98b-8551-c8a1-5f3c-27ade9ae735a,ok,95,53,11370,339.46,75,1680,9501,7666,13085
292,21010.995254626,21010.996040759,,2,GPU-5443d59d-561f-ed1e-da42-1975937205f9,ok,0,0,453,27.061,36,210,405,390,292
292,21010.995254626,21010.996015799,,3,GPU-46bf67bb-cb31-bee1-3cf0-c35337ba97d2,ok,0,0,453,27.465,39,210,405,439,292
292,21010.995254626,21010.99659043,,4,GPU-127e16de-2b5f-dde9-1932-b4e29bb818c0,ok,0,0,453,24.048,34,210,405,439,292
293,21011.995254626,21011.995922417,,0,GPU-9b96eb67-aeee-89d5-aa85-fc650af4e25c,ok,0,0,714,26.648,36,210,405,439,341
293,21011.995254626,21011.995764387,,1,GPU-37ffc98b-8551-c8a1-5f3c-27ade9ae735a,ok,100,47,11370,340.788,76,1665,9501,7666,22705
293,21011.995254626,21011.996210427,,2,GPU-5443d59d-561f-ed1e-da42-1975937205f9,ok,0,0,453,27.002,36,210,405,439,341
293,21011.995254626,21011.996242547,,3,GPU-46bf67bb-cb31-bee1-3cf0-c35337ba97d2,ok,0,0,453,27.556,39,210,405,439,292
293,21011.995254626,21011.996805498,,4,GPU-127e16de-2b5f-dde9-1932-b4e29bb818c0,ok,0,0,453,24.017,34,210,405,439,292
294,21012.995254626,21012.996118695,,0,GPU-9b96eb67-aeee-89d5-aa85-fc650af4e25c,ok,0,0,714,26.826,36,210,405,439,292
294,21012.995254626,21012.996074275,,1,GPU-37ffc98b-8551-c8a1-5f3c-27ade9ae735a,ok,100,45,11370,340.905,76,1635,9501,6982,23486
294,21012.995254626,21012.995894305,,2,GPU-5443d59d-561f-ed1e-da42-1975937205f9,ok,0,0,453,26.968,36,210,405,439,341
294,21012.995254626,21012.996619376,,3,GPU-46bf67bb-cb31-bee1-3cf0-c35337ba97d2,ok,0,0,453,27.362,39,210,405,439,292
294,21012.995254626,21012.996108055,,4,GPU-127e16de-2b5f-dde9-1932-b4e29bb818c0,ok,0,0,453,23.984,34,210,405,439,341
295,21013.995254626,21013.995988483,,0,GPU-9b96eb67-aeee-89d5-aa85-fc650af4e25c,ok,0,0,714,26.627,36,210,405,439,292
295,21013.995254626,21013.996058813,,1,GPU-37ffc98b-8551-c8a1-5f3c-27ade9ae735a,ok,100,47,11370,342.417,76,1545,9501,6982,33349
295,21013.995254626,21013.996099364,,2,GPU-5443d59d-561f-ed1e-da42-1975937205f9,ok,0,0,453,27.199,36,210,405,390,292
295,21013.995254626,21013.996141084,,3,GPU-46bf67bb-cb31-bee1-3cf0-c35337ba97d2,ok,0,0,453,27.371,39,210,405,439,292
295,21013.995254626,21013.996191924,,4,GPU-127e16de-2b5f-dde9-1932-b4e29bb818c0,ok,0,0,453,23.866,34,210,405,439,292
296,21014.995254626,21014.995890311,,0,GPU-9b96eb67-aeee-89d5-aa85-fc650af4e25c,ok,0,0,714,26.547,36,210,405,390,292
296,21014.995254626,21014.997230262,,1,GPU-37ffc98b-8551-c8a1-5f3c-27ade9ae735a,ok,94,54,11370,345.346,75,1530,9501,7128,21533
296,21014.995254626,21014.995983591,,2,GPU-5443d59d-561f-ed1e-da42-1975937205f9,ok,0,0,453,27.167,36,210,405,390,292
296,21014.995254626,21014.996100532,,3,GPU-46bf67bb-cb31-bee1-3cf0-c35337ba97d2,ok,0,0,453,27.545,39,210,405,439,292
296,21014.995254626,21014.996038922,,4,GPU-127e16de-2b5f-dde9-1932-b4e29bb818c0,ok,0,0,453,23.861,34,210,405,390,292
297,21015.995254626,21015.99599371,,0,GPU-9b96eb67-aeee-89d5-aa85-fc650af4e25c,ok,0,0,714,26.722,36,210,405,390,341
297,21015.995254626,21015.99618228,,1,GPU-37ffc98b-8551-c8a1-5f3c-27ade9ae735a,ok,95,57,11370,342.421,75,1680,9501,6933,20556
297,21015.995254626,21015.99613009,,2,GPU-5443d59d-561f-ed1e-da42-1975937205f9,ok,0,0,453,27.152,36,210,405,439,341
297,21015.995254626,21015.99616521,,3,GPU-46bf67bb-cb31-bee1-3cf0-c35337ba97d2,ok,0,0,453,27.365,39,210,405,439,292
297,21015.995254626,21015.99603811,,4,GPU-127e16de-2b5f-dde9-1932-b4e29bb818c0,ok,0,0,453,24.077,34,210,405,390,341
298,21016.995254626,21016.995836067,,0,GPU-9b96eb67-aeee-89d5-aa85-fc650af4e25c,ok,0,0,714,26.641,36,210,405,439,292
298,21016.995254626,21016.996086148,,1,GPU-37ffc98b-8551-c8a1-5f3c-27ade9ae735a,ok,95,54,11370,341.556,75,1710,9501,3515,20166
298,21016.995254626,21016.996020708,,2,GPU-5443d59d-561f-ed1e-da42-1975937205f9,ok,0,0,453,27.214,36,210,405,439,292
298,21016.995254626,21016.995975498,,3,GPU-46bf67bb-cb31-bee1-3cf0-c35337ba97d2,ok,0,0,453,27.377,39,210,405,439,341
298,21016.995254626,21016.996551148,,4,GPU-127e16de-2b5f-dde9-1932-b4e29bb818c0,ok,0,0,453,24.259,34,210,405,439,292
299,21017.995254626,21017.996124916,,0,GPU-9b96eb67-aeee-89d5-aa85-fc650af4e25c,ok,0,0,714,26.519,36,210,405,439,292
299,21017.995254626,21017.996191216,,1,GPU-37ffc98b-8551-c8a1-5f3c-27ade9ae735a,ok,100,47,11370,342.552,76,1680,9501,8496,20800
299,21017.995254626,21017.996006206,,2,GPU-5443d59d-561f-ed1e-da42-1975937205f9,ok,0,0,453,27.149,36,210,405,439,341
299,21017.995254626,21017.996231836,,3,GPU-46bf67bb-cb31-bee1-3cf0-c35337ba97d2,ok,0,0,453,27.52,39,210,405,390,341
299,21017.995254626,21017.996243526,,4,GPU-127e16de-2b5f-dde9-1932-b4e29bb818c0,ok,0,0,453,24.16,34,210,405,439,292
300,21018.995254626,21018.996019994,,0,GPU-9b96eb67-aeee-89d5-aa85-fc650af4e25c,ok,0,0,714,26.568,36,210,405,439,292
300,21018.995254626,21018.996060554,,1,GPU-37ffc98b-8551-c8a1-5f3c-27ade9ae735a,ok,100,41,11370,341.535,76,1650,9501,7226,23437
300,21018.995254626,21018.996206694,,2,GPU-5443d59d-561f-ed1e-da42-1975937205f9,ok,0,0,453,27.214,36,210,405,390,341
300,21018.995254626,21018.996170694,,3,GPU-46bf67bb-cb31-bee1-3cf0-c35337ba97d2,ok,0,0,453,27.343,39,210,405,439,341
300,21018.995254626,21018.996084294,,4,GPU-127e16de-2b5f-dde9-1932-b4e29bb818c0,ok,0,0,453,24.004,34,210,405,439,292
301,21019.995254626,21019.996019782,,0,GPU-9b96eb67-aeee-89d5-aa85-fc650af4e25c,ok,0,0,714,26.544,36,210,405,439,341
301,21019.995254626,21019.996100562,,1,GPU-37ffc98b-8551-c8a1-5f3c-27ade9ae735a,ok,100,47,11370,341.692,76,1575,9501,8056,26953
301,21019.995254626,21019.996544842,,2,GPU-5443d59d-561f-ed1e-da42-1975937205f9,ok,0,0,453,27.282,36,210,405,439,292
301,21019.995254626,21019.996521222,,3,GPU-46bf67bb-cb31-bee1-3cf0-c35337ba97d2,ok,0,0,453,27.351,39,210,405,439,341
301,21019.995254626,21019.995797702,,4,GPU-127e16de-2b5f-dde9-1932-b4e29bb818c0,ok,0,0,453,24.008,34,210,405,390,341
302,21020.995254626,21020.9961676,,0,GPU-9b96eb67-aeee-89d5-aa85-fc650af4e25c,ok,0,0,714,26.673,36,210,405,439,292
302,21020.995254626,21020.99668446,,1,GPU-37ffc98b-8551-c8a1-5f3c-27ade9ae735a,ok,100,52,11370,345.433,75,1485,9501,7226,21337
302,21020.995254626,21020.9961257,,2,GPU-5443d59d-561f-ed1e-da42-1975937205f9,ok,0,0,453,27.207,36,210,405,439,292
302,21020.995254626,21020.99593614,,3,GPU-46bf67bb-cb31-bee1-3cf0-c35337ba97d2,ok,0,0,453,27.558,39,210,405,439,341
302,21020.995254626,21020.99620575,,4,GPU-127e16de-2b5f-dde9-1932-b4e29bb818c0,ok,0,0,453,24.017,34,210,405,439,341
303,21021.995254626,21021.996803278,,0,GPU-9b96eb67-aeee-89d5-aa85-fc650af4e25c,ok,0,0,714,26.852,36,210,405,439,292
303,21021.995254626,21021.995708158,,1,GPU-37ffc98b-8551-c8a1-5f3c-27ade9ae735a,ok,95,57,11370,342.469,76,1680,9501,6738,19482
303,21021.995254626,21021.996916528,,2,GPU-5443d59d-561f-ed1e-da42-1975937205f9,ok,0,0,453,27.32,36,210,405,439,292
303,21021.995254626,21021.996939348,,3,GPU-46bf67bb-cb31-bee1-3cf0-c35337ba97d2,ok,0,0,453,27.475,39,210,405,439,292
303,21021.995254626,21021.995878178,,4,GPU-127e16de-2b5f-dde9-1932-b4e29bb818c0,ok,0,0,453,24.25,34,210,405,439,292
304,21022.995254626,21022.996184526,,0,GPU-9b96eb67-aeee-89d5-aa85-fc650af4e25c,ok,0,0,714,26.677,36,210,405,390,292
304,21022.995254626,21022.995956236,,1,GPU-37ffc98b-8551-c8a1-5f3c-27ade9ae735a,ok,94,54,11370,340.095,75,1710,9501,4736,19531
304,21022.995254626,21022.996059746,,2,GPU-5443d59d-561f-ed1e-da42-1975937205f9,ok,0,0,453,27.38,36,210,405,439,341
304,21022.995254626,21022.996141086,,3,GPU-46bf67bb-cb31-bee1-3cf0-c35337ba97d2,ok,0,0,453,27.492,39,210,405,439,292
304,21022.995254626,21022.996421696,,4,GPU-127e16de-2b5f-dde9-1932-b4e29bb818c0,ok,0,0,453,24.33,34,210,405,439,292
305,21023.995254626,21023.996342454,,0,GPU-9b96eb67-aeee-89d5-aa85-fc650af4e25c,ok,0,0,714,26.666,36,210,405,439,292
305,21023.995254626,21023.996410304,,1,GPU-37ffc98b-8551-c8a1-5f3c-27ade9ae735a,ok,100,47,11370,342.777,75,1680,9501,8251,20849
305,21023.995254626,21023.996256244,,2,GPU-5443d59d-561f-ed1e-da42-1975937205f9,ok,0,0,453,27.206,36,210,405,439,292
305,21023.995254626,21023.996318814,,3,GPU-46bf67bb-cb31-bee1-3cf0-c35337ba97d2,ok,0,0,453,27.676,39,210,405,390,292
305,21023.995254626,21023.996381894,,4,GPU-127e16de-2b5f-dde9-1932-b4e29bb818c0,ok,0,0,453,24.299,34,210,405,439,292
306,21024.995254626,21024.996150032,,0,GPU-9b96eb67-aeee-89d5-aa85-fc650af4e25c,ok,0,0,714,26.768,36,210,405,439,292
306,21024.995254626,21024.996239482,,1,GPU-37ffc98b-8551-c8a1-5f3c-27ade9ae735a,ok,100,41,11370,341.224,76,1650,9501,7568,23974
306,21024.995254626,21024.996123052,,2,GPU-5443d59d-561f-ed1e-da42-1975937205f9,ok,0,0,453,27.177,36,210,405,390,341
306,21024.995254626,21024.995988962,,3,GPU-46bf67bb-cb31-bee1-3cf0-c35337ba97d2,ok,0,0,453,27.527,39,210,405,439,292
306,21024.995254626,21024.996176092,,4,GPU-127e16de-2b5f-dde9-1932-b4e29bb818c0,ok,0,0,453,24.349,34,210,405,439,341
307,21025.995254626,21025.99649995,,0,GPU-9b96eb67-aeee-89d5-aa85-fc650af4e25c,ok,0,0,714,26.631,36,210,405,439,292
307,21025.995254626,21025.9960504,,1,GPU-37ffc98b-8551-c8a1-5f3c-27ade9ae735a,ok,100,47,11370,341.537,76,1575,9501,8740,23583
307,21025.995254626,21025.99576412,,2,GPU-5443d59d-561f-ed1e-da42-1975937205f9,ok,0,0,453,27.279,36,210,405,439,341
307,21025.995254626,21025.99600813,,3,GPU-46bf67bb-cb31-bee1-3cf0-c35337ba97d2,ok,0,0,453,27.494,39,210,405,439,292
307,21025.995254626,21025.99655879,,4,GPU-127e16de-2b5f-dde9-1932-b4e29bb818c0,ok,0,0,453,24.244,34,210,405,439,292
308,21026.995254626,21026.996230378,,0,GPU-9b96eb67-aeee-89d5-aa85-fc650af4e25c,ok,0,0,714,26.607,36,210,405,439,292
308,21026.995254626,21026.996159048,,1,GPU-37ffc98b-8551-c8a1-5f3c-27ade9ae735a,ok,100,51,11370,343.467,75,1545,9501,7080,20117
308,21026.995254626,21026.996201568,,2,GPU-5443d59d-561f-ed1e-da42-1975937205f9,ok,0,0,453,27.141,36,210,405,439,292
308,21026.995254626,21026.996019548,,3,GPU-46bf67bb-cb31-bee1-3cf0-c35337ba97d2,ok,0,0,453,27.678,39,210,405,439,341
308,21026.995254626,21026.996104768,,4,GPU-127e16de-2b5f-dde9-1932-b4e29bb818c0,ok,0,0,453,24.157,34,210,405,439,341
309,21027.995254626,21027.996233266,,0,GPU-9b96eb67-aeee-89d5-aa85-fc650af4e25c,ok,0,0,714,26.582,36,210,405,439,292
309,21027.995254626,21027.995742806,,1,GPU-37ffc98b-8551-c8a1-5f3c-27ade9ae735a,ok,94,57,11370,344.304,76,1665,9501,7031,21289
309,21027.995254626,21027.995987356,,2,GPU-5443d59d-561f-ed1e-da42-1975937205f9,ok,0,0,453,27.104,36,210,405,439,292
309,21027.995254626,21027.996251306,,3,GPU-46bf67bb-cb31-bee1-3cf0-c35337ba97d2,ok,0,0,453,27.551,39,210,405,390,292
309,21027.995254626,21027.995949246,,4,GPU-127e16de-2b5f-dde9-1932-b4e29bb818c0,ok,0,0,453,24.053,34,210,405,439,341
310,21028.995254626,21028.995940084,,0,GPU-9b96eb67-aeee-89d5-aa85-fc650af4e25c,ok,0,0,714,26.662,36,210,405,390,292
310,21028.995254626,21028.995843984,,1,GPU-37ffc98b-8551-c8a1-5f3c-27ade9ae735a,ok,94,54,11370,338.864,75,1710,9501,3369,20507
310,21028.995254626,21028.996274004,,2,GPU-5443d59d-561f-ed1e-da42-1975937205f9,ok,0,0,453,27.249,36,210,405,439,341
310,21028.995254626,21028.996882114,,3,GPU-46bf67bb-cb31-bee1-3cf0-c35337ba97d2,ok,0,0,453,27.487,39,210,405,390,292
310,21028.995254626,21028.996923384,,4,GPU-127e16de-2b5f-dde9-1932-b4e29bb818c0,ok,0,0,453,23.895,34,210,405,439,292
311,21029.995254626,21029.996154242,,0,GPU-9b96eb67-aeee-89d5-aa85-fc650af4e25c,ok,0,0,714,27.073,36,210,405,439,292
311,21029.995254626,21029.996181952,,1,GPU-37ffc98b-8551-c8a1-5f3c-27ade9ae735a,ok,100,47,11370,341.943,75,1680,9501,8642,17578
311,21029.995254626,21029.995893532,,2,GPU-5443d59d-561f-ed1e-da42-1975937205f9,ok,0,0,453,27.172,36,210,405,439,341
311,21029.995254626,21029.996114112,,3,GPU-46bf67bb-cb31-bee1-3cf0-c35337ba97d2,ok,0,0,453,27.639,39,210,405,439,292
311,21029.995254626,21029.996211722,,4,GPU-127e16de-2b5f-dde9-1932-b4e29bb818c0,ok,0,0,453,23.921,34,210,405,439,292
312,21030.995254626,21030.99709945,,0,GPU-9b96eb67-aeee-89d5-aa85-fc650af4e25c,ok,0,0,714,27.136,36,210,405,390,292
312,21030.995254626,21030.99602482,,1,GPU-37ffc98b-8551-c8a1-5f3c-27ade9ae735a,ok,100,40,11370,341.547,76,1650,9501,7226,23437
312,21030.995254626,21030.99598199,,2,GPU-5443d59d-561f-ed1e-da42-1975937205f9,ok,0,0,453,27.208,36,210,405,439,292
312,21030.995254626,21030.99613856,,3,GPU-46bf67bb-cb31-bee1-3cf0-c35337ba97d2,ok,0,0,453,27.524,39,210,405,439,292
312,21030.995254626,21030.99610341,,4,GPU-127e16de-2b5f-dde9-1932-b4e29bb818c0,ok,0,0,453,24.248,34,210,405,390,341
313,21031.995254626,21031.996108458,,0,GPU-9b96eb67-aeee-89d5-aa85-fc650af4e25c,ok,0,0,714,26.761,36,210,405,439,292
313,21031.995254626,21031.996225508,,1,GPU-37ffc98b-8551-c8a1-5f3c-27ade9ae735a,ok,100,46,11370,341.499,76,1560,9501,8593,25878
313,21031.995254626,21031.996185328,,2,GPU-5443d59d-561f-ed1e-da42-1975937205f9,ok,0,0,453,27.396,36,210,405,390,292
313,21031.995254626,21031.996008238,,3,GPU-46bf67bb-cb31-bee1-3cf0-c35337ba97d2,ok,0,0,453,27.48,39,210,405,439,292
313,21031.995254626,21031.996747028,,4,GPU-127e16de-2b5f-dde9-1932-b4e29bb818c0,ok,0,0,453,24.454,34,210,405,390,292
314,21032.995254626,21032.997165676,,0,GPU-9b96eb67-aeee-89d5-aa85-fc650af4e25c,ok,0,0,714,26.698,36,210,405,439,341
314,21032.995254626,21032.996013166,,1,GPU-37ffc98b-8551-c8a1-5f3c-27ade9ae735a,ok,100,53,11370,342.732,75,1455,9501,7177,21142
314,21032.995254626,21032.995815606,,2,GPU-5443d59d-561f-ed1e-da42-1975937205f9,ok,0,0,453,27.351,36,210,405,439,341
314,21032.995254626,21032.995891986,,3,GPU-46bf67bb-cb31-bee1-3cf0-c35337ba97d2,ok,0,0,453,27.58,39,210,405,439,292
314,21032.995254626,21032.997504416,,4,GPU-127e16de-2b5f-dde9-1932-b4e29bb818c0,ok,0,0,453,24.498,34,210,405,439,292
315,21033.995254626,21033.996160364,,0,GPU-9b96eb67-aeee-89d5-aa85-fc650af4e25c,ok,0,0,714,26.674,36,210,405,439,292
315,21033.995254626,21033.996121374,,1,GPU-37ffc98b-8551-c8a1-5f3c-27ade9ae735a,ok,94,56,11370,341.628,75,1680,9501,6982,20996
315,21033.995254626,21033.995827894,,2,GPU-5443d59d-561f-ed1e-da42-1975937205f9,ok,0,0,453,27.31,36,210,405,439,292
315,21033.995254626,21033.995970214,,3,GPU-46bf67bb-cb31-bee1-3cf0-c35337ba97d2,ok,0,0,453,27.437,39,210,405,439,292
315,21033.995254626,21033.996569994,,4,GPU-127e16de-2b5f-dde9-1932-b4e29bb818c0,ok,0,0,453,24.466,34,210,405,439,341
316,21034.995254626,21034.995768102,,0,GPU-9b96eb67-aeee-89d5-aa85-fc650af4e25c,ok,0,0,714,26.794,36,210,405,439,292
316,21034.995254626,21034.996036602,,1,GPU-37ffc98b-8551-c8a1-5f3c-27ade9ae735a,ok,94,54,11370,341.638,75,1710,9501,5126,20800
316,21034.995254626,21034.996533292,,2,GPU-5443d59d-561f-ed1e-da42-1975937205f9,ok,0,0,453,27.235,36,210,405,439,292
316,21034.995254626,21034.996060412,,3,GPU-46bf67bb-cb31-bee1-3cf0-c35337ba97d2,ok,0,0,453,27.463,39,210,405,439,292
316,21034.995254626,21034.996573552,,4,GPU-127e16de-2b5f-dde9-1932-b4e29bb818c0,ok,0,0,453,24.396,34,210,405,439,341
317,21035.995254626,21035.99592192,,0,GPU-9b96eb67-aeee-89d5-aa85-fc650af4e25c,ok,0,0,714,26.898,36,210,405,439,292
317,21035.995254626,21035.99700414,,1,GPU-37ffc98b-8551-c8a1-5f3c-27ade9ae735a,ok,100,48,11370,342.992,75,1680,9501,8349,16552
317,21035.995254626,21035.99587755,,2,GPU-5443d59d-561f-ed1e-da42-1975937205f9,ok,0,0,453,27.246,36,210,405,390,292
317,21035.995254626,21035.99607357,,3,GPU-46bf67bb-cb31-bee1-3cf0-c35337ba97d2,ok,0,0,453,27.578,39,210,405,439,292
317,21035.995254626,21035.99609697,,4,GPU-127e16de-2b5f-dde9-1932-b4e29bb818c0,ok,0,0,453,24.39,34,210,405,390,292
318,21036.995254626,21036.996147928,,0,GPU-9b96eb67-aeee-89d5-aa85-fc650af4e25c,ok,0,0,714,26.728,36,210,405,439,292
318,21036.995254626,21036.995951118,,1,GPU-37ffc98b-8551-c8a1-5f3c-27ade9ae735a,ok,100,41,11370,340.749,76,1650,9501,7226,24121
318,21036.995254626,21036.995863228,,2,GPU-5443d59d-561f-ed1e-da42-1975937205f9,ok,0,0,453,27.382,36,210,405,390,292
318,21036.995254626,21036.996198218,,3,GPU-46bf67bb-cb31-bee1-3cf0-c35337ba97d2,ok,0,0,453,27.412,39,210,405,439,292
318,21036.995254626,21036.996229778,,4,GPU-127e16de-2b5f-dde9-1932-b4e29bb818c0,ok,0,0,453,24.346,34,210,405,439,292
319,21037.995254626,21037.995815006,,0,GPU-9b96eb67-aeee-89d5-aa85-fc650af4e25c,ok,0,0,714,26.832,36,210,405,390,341
319,21037.995254626,21037.995954396,,1,GPU-37ffc98b-8551-c8a1-5f3c-27ade9ae735a,ok,100,47,11370,342.073,76,1575,9501,9912,21630
319,21037.995254626,21037.996078866,,2,GPU-5443d59d-561f-ed1e-da42-1975937205f9,ok,0,0,453,27.261,36,210,405,439,341
319,21037.995254626,21037.996057176,,3,GPU-46bf67bb-cb31-bee1-3cf0-c35337ba97d2,ok,0,0,453,27.463,39,210,405,390,341
319,21037.995254626,21037.996531956,,4,GPU-127e16de-2b5f-dde9-1932-b4e29bb818c0,ok,0,0,453,24.377,34,210,405,439,341
320,21038.995254626,21038.996196504,,0,GPU-9b96eb67-aeee-89d5-aa85-fc650af4e25c,ok,0,0,714,26.96,36,210,405,390,292
320,21038.995254626,21038.996274704,,1,GPU-37ffc98b-8551-c8a1-5f3c-27ade9ae735a,ok,100,50,11370,344.727,75,1545,9501,7861,20312
320,21038.995254626,21038.996180764,,2,GPU-5443d59d-561f-ed1e-da42-1975937205f9,ok,0,0,453,27.255,36,210,405,439,341
320,21038.995254626,21038.996128564,,3,GPU-46bf67bb-cb31-bee1-3cf0-c35337ba97d2,ok,0,0,453,27.662,39,210,405,439,341
320,21038.995254626,21038.996224374,,4,GPU-127e16de-2b5f-dde9-1932-b4e29bb818c0,ok,0,0,453,24.38,34,210,405,439,292
321,21039.995254626,21039.996161102,,0,GPU-9b96eb67-aeee-89d5-aa85-fc650af4e25c,ok,0,0,714,26.691,36,210,405,439,292
321,21039.995254626,21039.996057822,,1,GPU-37ffc98b-8551-c8a1-5f3c-27ade9ae735a,ok,94,57,11370,344.402,75,1680,9501,7324,19482
321,21039.995254626,21039.996234762,,2,GPU-5443d59d-561f-ed1e-da42-1975937205f9,ok,0,0,453,27.357,36,210,405,439,292
321,21039.995254626,21039.996126552,,3,GPU-46bf67bb-cb31-bee1-3cf0-c35337ba97d2,ok,0,0,453,27.498,39,210,405,439,292
321,21039.995254626,21039.996203422,,4,GPU-127e16de-2b5f-dde9-1932-b4e29bb818c0,ok,0,0,453,24.455,34,210,405,439,292
322,21040.995254626,21040.99624016,,0,GPU-9b96eb67-aeee-89d5-aa85-fc650af4e25c,ok,0,0,714,26.712,36,210,405,439,341
322,21040.995254626,21040.99565327,,1,GPU-37ffc98b-8551-c8a1-5f3c-27ade9ae735a,ok,95,55,11370,340.951,75,1770,9501,5322,19482
322,21040.995254626,21040.99625872,,2,GPU-5443d59d-561f-ed1e-da42-1975937205f9,ok,0,0,453,27.24,36,210,405,439,292
322,21040.995254626,21040.99634121,,3,GPU-46bf67bb-cb31-bee1-3cf0-c35337ba97d2,ok,0,0,453,27.452,39,210,405,439,292
322,21040.995254626,21040.9963211,,4,GPU-127e16de-2b5f-dde9-1932-b4e29bb818c0,ok,0,0,453,24.481,34,210,405,439,341
323,21041.995254626,21041.996411728,,0,GPU-9b96eb67-aeee-89d5-aa85-fc650af4e25c,ok,0,0,714,26.935,36,210,405,439,292
323,21041.995254626,21041.995635508,,1,GPU-37ffc98b-8551-c8a1-5f3c-27ade9ae735a,ok,100,47,11370,340.645,75,1680,9501,9179,13427
323,21041.995254626,21041.996342088,,2,GPU-5443d59d-561f-ed1e-da42-1975937205f9,ok,0,0,453,27.182,36,210,405,390,341
323,21041.995254626,21041.996270038,,3,GPU-46bf67bb-cb31-bee1-3cf0-c35337ba97d2,ok,0,0,453,27.614,39,210,405,439,292
323,21041.995254626,21041.996382708,,4,GPU-127e16de-2b5f-dde9-1932-b4e29bb818c0,ok,0,0,453,24.574,34,210,405,439,292
324,21042.995254626,21042.996222196,,0,GPU-9b96eb67-aeee-89d5-aa85-fc650af4e25c,ok,0,0,714,26.78,36,210,405,390,292
324,21042.995254626,21042.996127316,,1,GPU-37ffc98b-8551-c8a1-5f3c-27ade9ae735a,ok,100,41,11370,341.319,76,1650,9501,7177,23925
324,21042.995254626,21042.996193676,,2,GPU-5443d59d-561f-ed1e-da42-1975937205f9,ok,0,0,453,27.351,36,210,405,439,292
324,21042.995254626,21042.996005766,,3,GPU-46bf67bb-cb31-bee1-3cf0-c35337ba97d2,ok,0,0,453,27.449,39,210,405,439,341
324,21042.995254626,21042.996163176,,4,GPU-127e16de-2b5f-dde9-1932-b4e29bb818c0,ok,0,0,453,24.75,34,210,405,390,292
325,21043.995254626,21043.995943424,,0,GPU-9b96eb67-aeee-89d5-aa85-fc650af4e25c,ok,0,0,714,26.736,36,210,405,439,341
325,21043.995254626,21043.996099644,,1,GPU-37ffc98b-8551-c8a1-5f3c-27ade9ae735a,ok,100,47,11370,342.288,75,1590,9501,8544,24804
325,21043.995254626,21043.995888084,,2,GPU-5443d59d-561f-ed1e-da42-1975937205f9,ok,0,0,453,27.362,36,210,405,439,292
325,21043.995254626,21043.995969354,,3,GPU-46bf67bb-cb31-bee1-3cf0-c35337ba97d2,ok,0,0,453,27.35,39,210,405,439,292
325,21043.995254626,21043.997855665,,4,GPU-127e16de-2b5f-dde9-1932-b4e29bb818c0,ok,0,0,453,24.685,34,210,405,439,341
326,21044.995254626,21044.996282312,,0,GPU-9b96eb67-aeee-89d5-aa85-fc650af4e25c,ok,0,0,714,26.942,36,210,405,439,341
326,21044.995254626,21044.995795472,,1,GPU-37ffc98b-8551-c8a1-5f3c-27ade9ae735a,ok,100,50,11370,345.006,75,1545,9501,6835,20507
326,21044.995254626,21044.996310082,,2,GPU-5443d59d-561f-ed1e-da42-1975937205f9,ok,0,0,453,27.377,36,210,405,439,341
326,21044.995254626,21044.996821792,,3,GPU-46bf67bb-cb31-bee1-3cf0-c35337ba97d2,ok,0,0,453,27.5,39,210,405,439,292
326,21044.995254626,21044.995957062,,4,GPU-127e16de-2b5f-dde9-1932-b4e29bb818c0,ok,0,0,453,24.567,34,210,405,439,341
327,21045.995254626,21045.99614001,,0,GPU-9b96eb67-aeee-89d5-aa85-fc650af4e25c,ok,0,0,714,26.87,36,210,405,390,292
327,21045.995254626,21045.99612588,,1,GPU-37ffc98b-8551-c8a1-5f3c-27ade9ae735a,ok,95,58,11370,345.349,75,1665,9501,7128,19580
327,21045.995254626,21045.99591139,,2,GPU-5443d59d-561f-ed1e-da42-1975937205f9,ok,0,0,453,27.468,36,210,405,439,292
327,21045.995254626,21045.99583939,,3,GPU-46bf67bb-cb31-bee1-3cf0-c35337ba97d2,ok,0,0,453,27.43,39,210,405,439,292
327,21045.995254626,21045.99617131,,4,GPU-127e16de-2b5f-dde9-1932-b4e29bb818c0,ok,0,0,453,24.446,34,210,405,439,292
328,21046.995254626,21046.996918919,,0,GPU-9b96eb67-aeee-89d5-aa85-fc650af4e25c,ok,0,0,714,26.825,36,210,405,390,292
328,21046.995254626,21046.995901298,,1,GPU-37ffc98b-8551-c8a1-5f3c-27ade9ae735a,ok,95,56,11370,341.483,75,1755,9501,7031,19482
328,21046.995254626,21046.995867748,,2,GPU-5443d59d-561f-ed1e-da42-1975937205f9,ok,0,0,453,27.271,36,210,405,439,292
328,21046.995254626,21046.995992088,,3,GPU-46bf67bb-cb31-bee1-3cf0-c35337ba97d2,ok,0,0,453,27.544,39,210,405,439,292
328,21046.995254626,21046.997563469,,4,GPU-127e16de-2b5f-dde9-1932-b4e29bb818c0,ok,0,0,453,24.383,34,210,405,390,292
329,21047.995254626,21047.996117116,,0,GPU-9b96eb67-aeee-89d5-aa85-fc650af4e25c,ok,0,0,714,26.738,36,210,405,439,292
329,21047.995254626,21047.996235486,,1,GPU-37ffc98b-8551-c8a1-5f3c-27ade9ae735a,ok,100,53,11370,341.774,75,1695,9501,8154,13769
329,21047.995254626,21047.996185726,,2,GPU-5443d59d-561f-ed1e-da42-1975937205f9,ok,0,0,453,27.189,36,210,405,439,341
329,21047.995254626,21047.995941566,,3,GPU-46bf67bb-cb31-bee1-3cf0-c35337ba97d2,ok,0,0,453,27.789,39,210,405,390,292
329,21047.995254626,21047.996143996,,4,GPU-127e16de-2b5f-dde9-1932-b4e29bb818c0,ok,0,0,453,24.354,34,210,405,439,292
330,21048.995254626,21048.996072284,,0,GPU-9b96eb67-aeee-89d5-aa85-fc650af4e25c,ok,0,0,714,26.445,36,210,405,439,341
330,21048.995254626,21048.996133394,,1,GPU-37ffc98b-8551-c8a1-5f3c-27ade9ae735a,ok,100,45,11370,342.781,76,1665,9501,8203,22265
330,21048.995254626,21048.996038664,,2,GPU-5443d59d-561f-ed1e-da42-1975937205f9,ok,0,0,453,27.225,36,210,405,439,341
330,21048.995254626,21048.995970194,,3,GPU-46bf67bb-cb31-bee1-3cf0-c35337ba97d2,ok,0,0,453,27.665,39,210,405,439,292
330,21048.995254626,21048.996157604,,4,GPU-127e16de-2b5f-dde9-1932-b4e29bb818c0,ok,0,0,453,24.181,34,210,405,439,341
331,21049.995254626,21049.996181482,,0,GPU-9b96eb67-aeee-89d5-aa85-fc650af4e25c,ok,0,0,714,26.415,36,210,405,439,292
331,21049.995254626,21049.996152262,,1,GPU-37ffc98b-8551-c8a1-5f3c-27ade9ae735a,ok,100,45,11370,341.729,75,1620,9501,6347,23242
331,21049.995254626,21049.996013362,,2,GPU-5443d59d-561f-ed1e-da42-1975937205f9,ok,0,0,453,27.09,36,210,405,439,292
331,21049.995254626,21049.996122432,,3,GPU-46bf67bb-cb31-bee1-3cf0-c35337ba97d2,ok,0,0,453,27.62,39,210,405,390,292
331,21049.995254626,21049.995950572,,4,GPU-127e16de-2b5f-dde9-1932-b4e29bb818c0,ok,0,0,453,24.234,34,210,405,439,341
332,21050.995254626,21050.99603468,,0,GPU-9b96eb67-aeee-89d5-aa85-fc650af4e25c,ok,0,0,714,26.536,36,210,405,439,292
332,21050.995254626,21050.99597204,,1,GPU-37ffc98b-8551-c8a1-5f3c-27ade9ae735a,ok,100,48,11370,344.872,76,1515,9501,7177,31738
332,21050.995254626,21050.99576217,,2,GPU-5443d59d-561f-ed1e-da42-1975937205f9,ok,0,0,453,27.157,36,210,405,390,292
332,21050.995254626,21050.99647465,,3,GPU-46bf67bb-cb31-bee1-3cf0-c35337ba97d2,ok,0,0,453,27.577,39,210,405,439,292
332,21050.995254626,21050.99594728,,4,GPU-127e16de-2b5f-dde9-1932-b4e29bb818c0,ok,0,0,453,24.37,34,210,405,439,341
333,21051.995254626,21051.996685459,,0,GPU-9b96eb67-aeee-89d5-aa85-fc650af4e25c,ok,0,0,714,26.521,36,210,405,439,341
333,21051.995254626,21051.996467678,,1,GPU-37ffc98b-8551-c8a1-5f3c-27ade9ae735a,ok,94,61,11370,345.787,75,1665,9501,6542,19580
333,21051.995254626,21051.996667299,,2,GPU-5443d59d-561f-ed1e-da42-1975937205f9,ok,0,0,453,27.259,36,210,405,390,292
333,21051.995254626,21051.995747628,,3,GPU-46bf67bb-cb31-bee1-3cf0-c35337ba97d2,ok,0,0,453,27.589,39,210,405,439,292
333,21051.995254626,21051.996552199,,4,GPU-127e16de-2b5f-dde9-1932-b4e29bb818c0,ok,0,0,453,24.122,34,210,405,439,292
334,21052.995254626,21052.996279586,,0,GPU-9b96eb67-aeee-89d5-aa85-fc650af4e25c,ok,0,0,714,26.572,36,210,405,439,292
334,21052.995254626,21052.996080456,,1,GPU-37ffc98b-8551-c8a1-5f3c-27ade9ae735a,ok,95,57,11370,340.691,75,1740,9501,6738,19677
334,21052.995254626,21052.996267626,,2,GPU-5443d59d-561f-ed1e-da42-1975937205f9,ok,0,0,453,27.118,36,210,405,439,292
334,21052.995254626,21052.996098746,,3,GPU-46bf67bb-cb31-bee1-3cf0-c35337ba97d2,ok,0,0,453,27.75,39,210,405,390,292
334,21052.995254626,21052.996153196,,4,GPU-127e16de-2b5f-dde9-1932-b4e29bb818c0,ok,0,0,453,23.959,34,210,405,439,292
335,21053.995254626,21053.996125384,,0,GPU-9b96eb67-aeee-89d5-aa85-fc650af4e25c,ok,0,0,714,26.618,36,210,405,439,292
335,21053.995254626,21053.996302274,,1,GPU-37ffc98b-8551-c8a1-5f3c-27ade9ae735a,ok,98,55,11370,340.776,75,1680,9501,3857,17529
335,21053.995254626,21053.996288464,,2,GPU-5443d59d-561f-ed1e-da42-1975937205f9,ok,0,0,453,27.096,36,210,405,439,292
335,21053.995254626,21053.996142564,,3,GPU-46bf67bb-cb31-bee1-3cf0-c35337ba97d2,ok,0,0,453,27.611,39,210,405,439,341
335,21053.995254626,21053.996246084,,4,GPU-127e16de-2b5f-dde9-1932-b4e29bb818c0,ok,0,0,453,24.096,34,210,405,439,292
336,21054.995254626,21054.996200812,,0,GPU-9b96eb67-aeee-89d5-aa85-fc650af4e25c,ok,0,0,714,26.497,36,210,405,439,292
336,21054.995254626,21054.996069212,,1,GPU-37ffc98b-8551-c8a1-5f3c-27ade9ae735a,ok,100,48,11370,342.388,76,1680,9501,7763,26171
336,21054.995254626,21054.996173002,,2,GPU-5443d59d-561f-ed1e-da42-1975937205f9,ok,0,0,453,27.102,36,210,405,439,292
336,21054.995254626,21054.998378823,,3,GPU-46bf67bb-cb31-bee1-3cf0-c35337ba97d2,ok,0,0,453,27.646,39,210,405,439,341
336,21054.995254626,21054.996110102,,4,GPU-127e16de-2b5f-dde9-1932-b4e29bb818c0,ok,0,0,453,24.084,34,210,405,390,292
337,21055.995254626,21055.99616266,,0,GPU-9b96eb67-aeee-89d5-aa85-fc650af4e25c,ok,0,0,714,26.589,36,210,405,439,292
337,21055.995254626,21055.99602242,,1,GPU-37ffc98b-8551-c8a1-5f3c-27ade9ae735a,ok,100,45,11370,340.909,76,1635,9501,7128,23535
337,21055.995254626,21055.9961016,,2,GPU-5443d59d-561f-ed1e-da42-1975937205f9,ok,0,0,453,27.014,36,210,405,439,341
337,21055.995254626,21055.997569281,,3,GPU-46bf67bb-cb31-bee1-3cf0-c35337ba97d2,ok,0,0,453,27.785,39,210,405,439,292
337,21055.995254626,21055.99594421,,4,GPU-127e16de-2b5f-dde9-1932-b4e29bb818c0,ok,0,0,453,23.947,34,210,405,439,341
338,21056.995254626,21056.996275189,,0,GPU-9b96eb67-aeee-89d5-aa85-fc650af4e25c,ok,0,0,714,26.794,36,210,405,439,292
338,21056.995254626,21056.996053728,,1,GPU-37ffc98b-8551-c8a1-5f3c-27ade9ae735a,ok,100,47,11370,343.37,76,1545,9501,6933,32421
338,21056.995254626,21056.996192919,,2,GPU-5443d59d-561f-ed1e-da42-1975937205f9,ok,0,0,453,27.084,36,210,405,390,292
338,21056.995254626,21056.996141539,,3,GPU-46bf67bb-cb31-bee1-3cf0-c35337ba97d2,ok,0,0,453,27.591,39,210,405,439,292
338,21056.995254626,21056.996321309,,4,GPU-127e16de-2b5f-dde9-1932-b4e29bb818c0,ok,0,0,453,23.909,34,210,405,439,341
339,21057.995254626,21057.995894396,,0,GPU-9b96eb67-aeee-89d5-aa85-fc650af4e25c,ok,0,0,714,26.705,36,210,405,390,341
339,21057.995254626,21057.996655267,,1,GPU-37ffc98b-8551-c8a1-5f3c-27ade9ae735a,ok,95,56,11370,344.239,76,1545,9501,7177,21093
339,21057.995254626,21057.996083127,,2,GPU-5443d59d-561f-ed1e-da42-1975937205f9,ok,0,0,453,27.263,36,210,405,439,292
339,21057.995254626,21057.996117627,,3,GPU-46bf67bb-cb31-bee1-3cf0-c35337ba97d2,ok,0,0,453,27.478,39,210,405,439,292
339,21057.995254626,21057.996687437,,4,GPU-127e16de-2b5f-dde9-1932-b4e29bb818c0,ok,0,0,453,24.086,34,210,405,439,341
340,21058.995254626,21058.996682935,,0,GPU-9b96eb67-aeee-89d5-aa85-fc650af4e25c,ok,0,0,714,26.711,36,210,405,390,341
340,21058.995254626,21058.996643095,,1,GPU-37ffc98b-8551-c8a1-5f3c-27ade9ae735a,ok,94,57,11370,342.703,76,1680,9501,7031,21142
340,21058.995254626,21058.996614505,,2,GPU-5443d59d-561f-ed1e-da42-1975937205f9,ok,0,0,453,27.328,36,210,405,439,341
340,21058.995254626,21058.995758304,,3,GPU-46bf67bb-cb31-bee1-3cf0-c35337ba97d2,ok,0,0,453,27.608,39,210,405,439,341
340,21058.995254626,21058.995993765,,4,GPU-127e16de-2b5f-dde9-1932-b4e29bb818c0,ok,0,0,453,24.262,34,210,405,390,292
341,21059.995254626,21059.995875352,,0,GPU-9b96eb67-aeee-89d5-aa85-fc650af4e25c,ok,0,0,714,26.809,36,210,405,390,292
341,21059.995254626,21059.996067403,,1,GPU-37ffc98b-8551-c8a1-5f3c-27ade9ae735a,ok,95,54,11370,340.016,75,1695,9501,4980,20898
341,21059.995254626,21059.996630493,,2,GPU-5443d59d-561f-ed1e-da42-1975937205f9,ok,0,0,453,27.434,36,210,405,439,292
341,21059.995254626,21059.996688913,,3,GPU-46bf67bb-cb31-bee1-3cf0-c35337ba97d2,ok,0,0,453,27.517,39,210,405,390,341
341,21059.995254626,21059.996113833,,4,GPU-127e16de-2b5f-dde9-1932-b4e29bb818c0,ok,0,0,453,24.33,34,210,405,390,341
342,21060.995254626,21060.998549541,,0,GPU-9b96eb67-aeee-89d5-aa85-fc650af4e25c,ok,0,0,714,26.707,36,210,405,439,292
342,21060.995254626,21060.996143661,,1,GPU-37ffc98b-8551-c8a1-5f3c-27ade9ae735a,ok,100,47,11370,342.695,75,1680,9501,7910,19140
342,21060.995254626,21060.995996751,,2,GPU-5443d59d-561f-ed1e-da42-1975937205f9,ok,0,0,453,27.546,36,210,405,390,341
342,21060.995254626,21060.996191291,,3,GPU-46bf67bb-cb31-bee1-3cf0-c35337ba97d2,ok,0,0,453,27.532,39,210,405,439,292
342,21060.995254626,21060.996222491,,4,GPU-127e16de-2b5f-dde9-1932-b4e29bb818c0,ok,0,0,453,24.327,34,210,405,439,341
343,21061.995254626,21061.996338759,,0,GPU-9b96eb67-aeee-89d5-aa85-fc650af4e25c,ok,0,0,714,26.676,36,210,405,439,292
343,21061.995254626,21061.996146749,,1,GPU-37ffc98b-8551-c8a1-5f3c-27ade9ae735a,ok,100,41,11370,338.985,75,1665,9501,7080,23339
343,21061.995254626,21061.996319199,,2,GPU-5443d59d-561f-ed1e-da42-1975937205f9,ok,0,0,453,27.443,36,210,405,390,341
343,21061.995254626,21061.996178579,,3,GPU-46bf67bb-cb31-bee1-3cf0-c35337ba97d2,ok,0,0,453,27.692,39,210,405,439,341
343,21061.995254626,21061.996225509,,4,GPU-127e16de-2b5f-dde9-1932-b4e29bb818c0,ok,0,0,453,24.366,34,210,405,439,341
344,21062.995254626,21062.996957887,,0,GPU-9b96eb67-aeee-89d5-aa85-fc650af4e25c,ok,0,0,714,26.769,36,210,405,439,341
344,21062.995254626,21062.995987537,,1,GPU-37ffc98b-8551-c8a1-5f3c-27ade9ae735a,ok,100,48,11370,339.566,75,1605,9501,7666,26123
344,21062.995254626,21062.995874817,,2,GPU-5443d59d-561f-ed1e-da42-1975937205f9,ok,0,0,453,27.452,36,210,405,390,292
344,21062.995254626,21062.996055487,,3,GPU-46bf67bb-cb31-bee1-3cf0-c35337ba97d2,ok,0,0,453,27.521,39,210,405,439,292
344,21062.995254626,21062.996599487,,4,GPU-127e16de-2b5f-dde9-1932-b4e29bb818c0,ok,0,0,453,24.427,34,210,405,390,292
345,21063.995254626,21063.996274955,,0,GPU-9b96eb67-aeee-89d5-aa85-fc650af4e25c,ok,0,0,714,26.679,36,210,405,439,292
345,21063.995254626,21063.996257855,,1,GPU-37ffc98b-8551-c8a1-5f3c-27ade9ae735a,ok,95,55,11370,343.362,76,1545,9501,6787,20166
345,21063.995254626,21063.996059725,,2,GPU-5443d59d-561f-ed1e-da42-1975937205f9,ok,0,0,453,27.448,36,210,405,439,292
345,21063.995254626,21063.996218615,,3,GPU-46bf67bb-cb31-bee1-3cf0-c35337ba97d2,ok,0,0,453,27.486,39,210,405,439,292
345,21063.995254626,21063.996155895,,4,GPU-127e16de-2b5f-dde9-1932-b4e29bb818c0,ok,0,0,453,24.091,34,210,405,390,292
346,21064.995254626,21064.996157973,,0,GPU-9b96eb67-aeee-89d5-aa85-fc650af4e25c,ok,0,0,714,26.662,36,210,405,439,292
346,21064.995254626,21064.996215763,,1,GPU-37ffc98b-8551-c8a1-5f3c-27ade9ae735a,ok,95,57,11370,342.516,75,1680,9501,7080,19970
346,21064.995254626,21064.996186023,,2,GPU-5443d59d-561f-ed1e-da42-1975937205f9,ok,0,0,453,27.284,36,210,405,439,341
346,21064.995254626,21064.996257823,,3,GPU-46bf67bb-cb31-bee1-3cf0-c35337ba97d2,ok,0,0,453,27.604,39,210,405,439,292
346,21064.995254626,21064.995947883,,4,GPU-127e16de-2b5f-dde9-1932-b4e29bb818c0,ok,0,0,453,23.969,34,210,405,439,292
347,21065.995254626,21065.995768961,,0,GPU-9b96eb67-aeee-89d5-aa85-fc650af4e25c,ok,0,0,714,26.624,36,210,405,439,292
347,21065.995254626,21065.996034821,,1,GPU-37ffc98b-8551-c8a1-5f3c-27ade9ae735a,ok,94,53,11370,341.529,75,1755,9501,5468,19287
347,21065.995254626,21065.996449421,,2,GPU-5443d59d-561f-ed1e-da42-1975937205f9,ok,0,0,453,27.261,36,210,405,439,292
347,21065.995254626,21065.995965841,,3,GPU-46bf67bb-cb31-bee1-3cf0-c35337ba97d2,ok,0,0,453,27.52,39,210,405,390,292
347,21065.995254626,21065.996483271,,4,GPU-127e16de-2b5f-dde9-1932-b4e29bb818c0,ok,0,0,453,24.076,34,210,405,439,292
348,21066.995254626,21066.996134179,,0,GPU-9b96eb67-aeee-89d5-aa85-fc650af4e25c,ok,0,0,714,26.325,36,210,405,439,292
348,21066.995254626,21066.995903739,,1,GPU-37ffc98b-8551-c8a1-5f3c-27ade9ae735a,ok,100,47,11370,342.519,75,1665,9501,9130,13183
348,21066.995254626,21066.996105959,,2,GPU-5443d59d-561f-ed1e-da42-1975937205f9,ok,0,0,453,27.437,36,210,405,439,292
348,21066.995254626,21066.996061609,,3,GPU-46bf67bb-cb31-bee1-3cf0-c35337ba97d2,ok,0,0,453,27.581,39,210,405,439,292
348,21066.995254626,21066.996388659,,4,GPU-127e16de-2b5f-dde9-1932-b4e29bb818c0,ok,0,0,453,24.083,34,210,405,390,341
349,21067.995254626,21067.996838777,,0,GPU-9b96eb67-aeee-89d5-aa85-fc650af4e25c,ok,0,0,714,26.299,36,210,405,439,292
349,21067.995254626,21067.995967807,,1,GPU-37ffc98b-8551-c8a1-5f3c-27ade9ae735a,ok,100,39,11370,340.321,75,1665,9501,7128,23632
349,21067.995254626,21067.995799857,,2,GPU-5443d59d-561f-ed1e-da42-1975937205f9,ok,0,0,453,27.491,36,210,405,439,341
349,21067.995254626,21067.996062747,,3,GPU-46bf67bb-cb31-bee1-3cf0-c35337ba97d2,ok,0,0,453,27.708,39,210,405,439,292
349,21067.995254626,21067.996090787,,4,GPU-127e16de-2b5f-dde9-1932-b4e29bb818c0,ok,0,0,453,24.14,34,210,405,390,341
350,21068.995254626,21068.995801495,,0,GPU-9b96eb67-aeee-89d5-aa85-fc650af4e25c,ok,0,0,714,26.489,36,210,405,439,341
350,21068.995254626,21068.996065395,,1,GPU-37ffc98b-8551-c8a1-5f3c-27ade9ae735a,ok,100,46,11370,341.288,75,1605,9501,10156,24121
350,21068.995254626,21068.995878355,,2,GPU-5443d59d-561f-ed1e-da42-1975937205f9,ok,0,0,453,27.533,36,210,405,390,292
350,21068.995254626,21068.997228475,,3,GPU-46bf67bb-cb31-bee1-3cf0-c35337ba97d2,ok,0,0,453,27.533,39,210,405,439,341
350,21068.995254626,21068.997184015,,4,GPU-127e16de-2b5f-dde9-1932-b4e29bb818c0,ok,0,0,453,24.182,34,210,405,390,292
351,21069.995254626,21069.995866563,,0,GPU-9b96eb67-aeee-89d5-aa85-fc650af4e25c,ok,0,0,714,26.419,36,210,405,439,292
351,21069.995254626,21069.996197253,,1,GPU-37ffc98b-8551-c8a1-5f3c-27ade9ae735a,ok,97,52,11370,342.315,75,1530,9501,6982,21337
351,21069.995254626,21069.996120073,,2,GPU-5443d59d-561f-ed1e-da42-1975937205f9,ok,0,0,453,27.571,36,210,405,439,292
351,21069.995254626,21069.996090723,,3,GPU-46bf67bb-cb31-bee1-3cf0-c35337ba97d2,ok,0,0,453,27.52,39,210,405,439,292
351,21069.995254626,21069.996599483,,4,GPU-127e16de-2b5f-dde9-1932-b4e29bb818c0,ok,0,0,453,24.12,34,210,405,390,292
352,21070.995254626,21070.996391671,,0,GPU-9b96eb67-aeee-89d5-aa85-fc650af4e25c,ok,0,0,714,26.475,36,210,405,439,292
352,21070.995254626,21070.995882141,,1,GPU-37ffc98b-8551-c8a1-5f3c-27ade9ae735a,ok,94,57,11370,341.507,75,1680,9501,6689,20166
352,21070.995254626,21070.996100181,,2,GPU-5443d59d-561f-ed1e-da42-1975937205f9,ok,0,0,453,27.469,36,210,405,439,292
352,21070.995254626,21070.996433631,,3,GPU-46bf67bb-cb31-bee1-3cf0-c35337ba97d2,ok,0,0,453,27.702,39,210,405,439,292
352,21070.995254626,21070.996070681,,4,GPU-127e16de-2b5f-dde9-1932-b4e29bb818c0,ok,0,0,453,24.269,34,210,405,439,341
353,21071.995254626,21071.996218489,,0,GPU-9b96eb67-aeee-89d5-aa85-fc650af4e25c,ok,0,0,714,26.624,36,210,405,439,341
353,21071.995254626,21071.996581699,,1,GPU-37ffc98b-8551-c8a1-5f3c-27ade9ae735a,ok,95,54,11370,341.832,75,1755,9501,6347,20751
353,21071.995254626,21071.996125429,,2,GPU-5443d59d-561f-ed1e-da42-1975937205f9,ok,0,0,453,27.445,36,210,405,439,292
353,21071.995254626,21071.995855209,,3,GPU-46bf67bb-cb31-bee1-3cf0-c35337ba97d2,ok,0,0,453,27.585,39,210,405,439,292
353,21071.995254626,21071.997225869,,4,GPU-127e16de-2b5f-dde9-1932-b4e29bb818c0,ok,0,0,453,24.39,34,210,405,439,292
354,21072.995254626,21072.996203027,,0,GPU-9b96eb67-aeee-89d5-aa85-fc650af4e25c,ok,0,0,714,26.647,36,210,405,439,292
354,21072.995254626,21072.995966817,,1,GPU-37ffc98b-8551-c8a1-5f3c-27ade9ae735a,ok,100,47,11370,342.97,75,1680,9501,9423,12353
354,21072.995254626,21072.996091957,,2,GPU-5443d59d-561f-ed1e-da42-1975937205f9,ok,0,0,453,27.368,36,210,405,439,292
354,21072.995254626,21072.996165527,,3,GPU-46bf67bb-cb31-bee1-3cf0-c35337ba97d2,ok,0,0,453,27.531,39,210,405,439,341
354,21072.995254626,21072.996256137,,4,GPU-127e16de-2b5f-dde9-1932-b4e29bb818c0,ok,0,0,453,24.331,34,210,405,390,292
355,21073.995254626,21073.996154565,,0,GPU-9b96eb67-aeee-89d5-aa85-fc650af4e25c,ok,0,0,714,26.733,36,210,405,439,292
355,21073.995254626,21073.996036165,,1,GPU-37ffc98b-8551-c8a1-5f3c-27ade9ae735a,ok,100,41,11370,341.614,75,1680,9501,7861,22851
355,21073.995254626,21073.995991875,,2,GPU-5443d59d-561f-ed1e-da42-1975937205f9,ok,0,0,453,27.353,36,210,405,390,341
355,21073.995254626,21073.996115205,,3,GPU-46bf67bb-cb31-bee1-3cf0-c35337ba97d2,ok,0,0,453,27.645,39,210,405,439,341
355,21073.995254626,21073.995951865,,4,GPU-127e16de-2b5f-dde9-1932-b4e29bb818c0,ok,0,0,453,24.479,34,210,405,439,292
356,21074.995254626,21074.996290733,,0,GPU-9b96eb67-aeee-89d5-aa85-fc650af4e25c,ok,0,0,714,26.701,36,210,405,439,292
356,21074.995254626,21074.995714543,,1,GPU-37ffc98b-8551-c8a1-5f3c-27ade9ae735a,ok,100,47,11370,341.693,75,1620,9501,7910,23876
356,21074.995254626,21074.995955613,,2,GPU-5443d59d-561f-ed1e-da42-1975937205f9,ok,0,0,453,27.427,36,210,405,390,341
356,21074.995254626,21074.996227703,,3,GPU-46bf67bb-cb31-bee1-3cf0-c35337ba97d2,ok,0,0,453,27.522,39,210,405,390,341
356,21074.995254626,21074.996148533,,4,GPU-127e16de-2b5f-dde9-1932-b4e29bb818c0,ok,0,0,453,24.414,34,210,405,439,341
357,21075.995254626,21075.996042041,,0,GPU-9b96eb67-aeee-89d5-aa85-fc650af4e25c,ok,0,0,714,26.761,36,210,405,439,292
357,21075.995254626,21075.996077531,,1,GPU-37ffc98b-8551-c8a1-5f3c-27ade9ae735a,ok,100,51,11370,344.386,76,1515,9501,7324,24023
357,21075.995254626,21075.995797321,,2,GPU-5443d59d-561f-ed1e-da42-1975937205f9,ok,0,0,453,27.413,36,210,405,390,292
357,21075.995254626,21075.996118851,,3,GPU-46bf67bb-cb31-bee1-3cf0-c35337ba97d2,ok,0,0,453,27.507,39,210,405,439,341
357,21075.995254626,21075.996526101,,4,GPU-127e16de-2b5f-dde9-1932-b4e29bb818c0,ok,0,0,453,24.339,34,210,405,439,341
358,21076.995254626,21076.996035659,,0,GPU-9b96eb67-aeee-89d5-aa85-fc650af4e25c,ok,0,0,714,26.843,36,210,405,439,292
358,21076.995254626,21076.995799309,,1,GPU-37ffc98b-8551-c8a1-5f3c-27ade9ae735a,ok,94,58,11370,344.284,75,1650,9501,7080,19970
358,21076.995254626,21076.995907279,,2,GPU-5443d59d-561f-ed1e-da42-1975937205f9,ok,0,0,453,27.393,36,210,405,439,292
358,21076.995254626,21076.996086109,,3,GPU-46bf67bb-cb31-bee1-3cf0-c35337ba97d2,ok,0,0,453,27.596,39,210,405,439,292
358,21076.995254626,21076.997211809,,4,GPU-127e16de-2b5f-dde9-1932-b4e29bb818c0,ok,0,0,453,24.35,34,210,405,439,292
359,21077.995254626,21077.996388307,,0,GPU-9b96eb67-aeee-89d5-aa85-fc650af4e25c,ok,0,0,714,26.675,36,210,405,439,292
359,21077.995254626,21077.996014867,,1,GPU-37ffc98b-8551-c8a1-5f3c-27ade9ae735a,ok,95,55,11370,340.238,75,1710,9501,6494,18847
359,21077.995254626,21077.995984367,,2,GPU-5443d59d-561f-ed1e-da42-1975937205f9,ok,0,0,453,27.36,36,210,405,390,292
359,21077.995254626,21077.997842038,,3,GPU-46bf67bb-cb31-bee1-3cf0-c35337ba97d2,ok,0,0,453,27.451,39,210,405,439,292
359,21077.995254626,21077.995753637,,4,GPU-127e16de-2b5f-dde9-1932-b4e29bb818c0,ok,0,0,453,24.258,34,210,405,439,292
360,21078.995254626,21078.996199345,,0,GPU-9b96eb67-aeee-89d5-aa85-fc650af4e25c,ok,0,0,714,26.606,36,210,405,390,292
360,21078.995254626,21078.996112295,,1,GPU-37ffc98b-8551-c8a1-5f3c-27ade9ae735a,ok,100,48,11370,340.277,75,1680,9501,8056,8349
360,21078.995254626,21078.996078835,,2,GPU-5443d59d-561f-ed1e-da42-1975937205f9,ok,0,0,453,27.118,36,210,405,390,341
360,21078.995254626,21078.995891505,,3,GPU-46bf67bb-cb31-bee1-3cf0-c35337ba97d2,ok,0,0,453,27.485,39,210,405,390,292
360,21078.995254626,21078.996155865,,4,GPU-127e16de-2b5f-dde9-1932-b4e29bb818c0,ok,0,0,453,24.425,34,210,405,439,341
361,21079.995254626,21079.996188563,,0,GPU-9b96eb67-aeee-89d5-aa85-fc650af4e25c,ok,0,0,714,26.663,36,210,405,390,292
361,21079.995254626,21079.996123243,,1,GPU-37ffc98b-8551-c8a1-5f3c-27ade9ae735a,ok,100,42,11370,341.47,75,1680,9501,7910,23535
361,21079.995254626,21079.996244013,,2,GPU-5443d59d-561f-ed1e-da42-1975937205f9,ok,0,0,453,27.082,36,210,405,390,341
361,21079.995254626,21079.995951583,,3,GPU-46bf67bb-cb31-bee1-3cf0-c35337ba97d2,ok,0,0,453,27.627,39,210,405,390,341
361,21079.995254626,21079.996229273,,4,GPU-127e16de-2b5f-dde9-1932-b4e29bb818c0,ok,0,0,453,24.336,34,210,405,439,341
362,21080.995254626,21080.996615151,,0,GPU-9b96eb67-aeee-89d5-aa85-fc650af4e25c,ok,0,0,714,26.534,36,210,405,390,292
362,21080.995254626,21080.995824131,,1,GPU-37ffc98b-8551-c8a1-5f3c-27ade9ae735a,ok,100,46,11370,341.967,75,1620,9501,6835,23144
362,21080.995254626,21080.996022421,,2,GPU-5443d59d-561f-ed1e-da42-1975937205f9,ok,0,0,453,27.204,36,210,405,439,292
362,21080.995254626,21080.996000221,,3,GPU-46bf67bb-cb31-bee1-3cf0-c35337ba97d2,ok,0,0,453,27.447,39,210,405,439,292
362,21080.995254626,21080.996567331,,4,GPU-127e16de-2b5f-dde9-1932-b4e29bb818c0,ok,0,0,453,24.053,34,210,405,390,292
363,21081.995254626,21081.996643369,,0,GPU-9b96eb67-aeee-89d5-aa85-fc650af4e25c,ok,0,0,714,26.549,36,210,405,390,292
363,21081.995254626,21081.996501629,,1,GPU-37ffc98b-8551-c8a1-5f3c-27ade9ae735a,ok,100,49,11370,344.538,76,1515,9501,7128,29736
363,21081.995254626,21081.996540819,,2,GPU-5443d59d-561f-ed1e-da42-1975937205f9,ok,0,0,453,27.025,36,210,405,390,292
363,21081.995254626,21081.995646599,,3,GPU-46bf67bb-cb31-bee1-3cf0-c35337ba97d2,ok,0,0,453,27.434,39,210,405,439,341
363,21081.995254626,21081.996583689,,4,GPU-127e16de-2b5f-dde9-1932-b4e29bb818c0,ok,0,0,453,24.071,34,210,405,439,292
364,21082.995254626,21082.996168877,,0,GPU-9b96eb67-aeee-89d5-aa85-fc650af4e25c,ok,0,0,714,26.639,36,210,405,390,341
364,21082.995254626,21082.995941347,,1,GPU-37ffc98b-8551-c8a1-5f3c-27ade9ae735a,ok,94,58,11370,344.37,76,1605,9501,7031,18994
364,21082.995254626,21082.996218047,,2,GPU-5443d59d-561f-ed1e-da42-1975937205f9,ok,0,0,453,27.127,36,210,405,439,292
364,21082.995254626,21082.996082937,,3,GPU-46bf67bb-cb31-bee1-3cf0-c35337ba97d2,ok,0,0,453,27.597,39,210,405,390,341
364,21082.995254626,21082.996043277,,4,GPU-127e16de-2b5f-dde9-1932-b4e29bb818c0,ok,0,0,453,24.249,34,210,405,390,292
365,21083.995254626,21083.996255555,,0,GPU-9b96eb67-aeee-89d5-aa85-fc650af4e25c,ok,0,0,714,26.462,36,210,405,439,292
365,21083.995254626,21083.995799445,,1,GPU-37ffc98b-8551-c8a1-5f3c-27ade9ae735a,ok,95,55,11370,341.19,75,1680,9501,6640,18359
365,21083.995254626,21083.996025565,,2,GPU-5443d59d-561f-ed1e-da42-1975937205f9,ok,0,0,453,27.407,36,210,405,439,292
365,21083.995254626,21083.996124185,,3,GPU-46bf67bb-cb31-bee1-3cf0-c35337ba97d2,ok,0,0,453,27.447,39,210,405,439,341
365,21083.995254626,21083.995951405,,4,GPU-127e16de-2b5f-dde9-1932-b4e29bb818c0,ok,0,0,453,24.153,34,210,405,439,341
366,21084.995254626,21084.996026113,,0,GPU-9b96eb67-aeee-89d5-aa85-fc650af4e25c,ok,0,0,714,26.534,36,210,405,390,292
366,21084.995254626,21084.996161823,,1,GPU-37ffc98b-8551-c8a1-5f3c-27ade9ae735a,ok,100,49,11370,341.986,75,1695,9501,6591,15087
366,21084.995254626,21084.996221553,,2,GPU-5443d59d-561f-ed1e-da42-1975937205f9,ok,0,0,453,27.296,36,210,405,390,341
366,21084.995254626,21084.996122623,,3,GPU-46bf67bb-cb31-bee1-3cf0-c35337ba97d2,ok,0,0,453,27.436,39,210,405,439,292
366,21084.995254626,21084.996198383,,4,GPU-127e16de-2b5f-dde9-1932-b4e29bb818c0,ok,0,0,453,24.104,34,210,405,439,341
367,21085.995254626,21085.996634261,,0,GPU-9b96eb67-aeee-89d5-aa85-fc650af4e25c,ok,0,0,714,26.674,36,210,405,390,341
367,21085.995254626,21085.996108461,,1,GPU-37ffc98b-8551-c8a1-5f3c-27ade9ae735a,ok,100,42,11370,339.443,75,1665,9501,7910,21777
367,21085.995254626,21085.996165811,,2,GPU-5443d59d-561f-ed1e-da42-1975937205f9,ok,0,0,453,27.3,36,210,405,390,292
367,21085.995254626,21085.996069811,,3,GPU-46bf67bb-cb31-bee1-3cf0-c35337ba97d2,ok,0,0,453,27.556,39,210,405,439,292
367,21085.995254626,21085.995916651,,4,GPU-127e16de-2b5f-dde9-1932-b4e29bb818c0,ok,0,0,453,24.117,34,210,405,390,341
368,21086.995254626,21086.996068909,,0,GPU-9b96eb67-aeee-89d5-aa85-fc650af4e25c,ok,0,0,714,26.486,36,210,405,390,292
368,21086.995254626,21086.996322649,,1,GPU-37ffc98b-8551-c8a1-5f3c-27ade9ae735a,ok,100,46,11370,339.316,75,1635,9501,6250,23339
368,21086.995254626,21086.996228939,,2,GPU-5443d59d-561f-ed1e-da42-1975937205f9,ok,0,0,453,27.493,36,210,405,439,292
368,21086.995254626,21086.996026199,,3,GPU-46bf67bb-cb31-bee1-3cf0-c35337ba97d2,ok,0,0,453,27.409,39,210,405,439,341
368,21086.995254626,21086.996284389,,4,GPU-127e16de-2b5f-dde9-1932-b4e29bb818c0,ok,0,0,453,23.975,34,210,405,439,292
369,21087.995254626,21087.996593277,,0,GPU-9b96eb67-aeee-89d5-aa85-fc650af4e25c,ok,0,0,714,26.462,36,210,405,439,292
369,21087.995254626,21087.996049297,,1,GPU-37ffc98b-8551-c8a1-5f3c-27ade9ae735a,ok,100,50,11370,344.307,75,1545,9501,6884,34228
369,21087.995254626,21087.995798027,,2,GPU-5443d59d-561f-ed1e-da42-1975937205f9,ok,0,0,453,27.393,36,210,405,439,292
369,21087.995254626,21087.996011147,,3,GPU-46bf67bb-cb31-bee1-3cf0-c35337ba97d2,ok,0,0,453,27.478,39,210,405,439,292
369,21087.995254626,21087.996560627,,4,GPU-127e16de-2b5f-dde9-1932-b4e29bb818c0,ok,0,0,453,24.154,34,210,405,439,292
370,21088.995254626,21088.996522485,,0,GPU-9b96eb67-aeee-89d5-aa85-fc650af4e25c,ok,0,0,714,26.57,36,210,405,439,292
370,21088.995254626,21088.995716915,,1,GPU-37ffc98b-8551-c8a1-5f3c-27ade9ae735a,ok,94,59,11370,345.865,76,1530,9501,6835,20654
370,21088.995254626,21088.995982605,,2,GPU-5443d59d-561f-ed1e-da42-1975937205f9,ok,0,0,453,27.378,36,210,405,439,341
370,21088.995254626,21088.995919685,,3,GPU-46bf67bb-cb31-bee1-3cf0-c35337ba97d2,ok,0,0,453,27.418,39,210,405,390,292
370,21088.995254626,21088.996554705,,4,GPU-127e16de-2b5f-dde9-1932-b4e29bb818c0,ok,0,0,453,24.577,34,210,405,439,292
371,21089.995254626,21089.996175283,,0,GPU-9b96eb67-aeee-89d5-aa85-fc650af4e25c,ok,0,0,714,26.442,36,210,405,439,341
371,21089.995254626,21089.995850853,,1,GPU-37ffc98b-8551-c8a1-5f3c-27ade9ae735a,ok,94,56,11370,342.809,75,1680,9501,6396,19531
371,21089.995254626,21089.996063333,,2,GPU-5443d59d-561f-ed1e-da42-1975937205f9,ok,0,0,453,27.451,36,210,405,439,292
371,21089.995254626,21089.996110973,,3,GPU-46bf67bb-cb31-bee1-3cf0-c35337ba97d2,ok,0,0,453,27.504,39,210,405,439,292
371,21089.995254626,21089.996081443,,4,GPU-127e16de-2b5f-dde9-1932-b4e29bb818c0,ok,0,0,453,24.495,34,210,405,439,341
372,21090.995254626,21090.996125331,,0,GPU-9b96eb67-aeee-89d5-aa85-fc650af4e25c,ok,0,0,714,26.37,36,210,405,439,341
372,21090.995254626,21090.996534081,,1,GPU-37ffc98b-8551-c8a1-5f3c-27ade9ae735a,ok,98,55,11370,342.658,74,1710,9501,4296,20751
372,21090.995254626,21090.996088301,,2,GPU-5443d59d-561f-ed1e-da42-1975937205f9,ok,0,0,453,27.275,36,210,405,439,292
372,21090.995254626,21090.995812141,,3,GPU-46bf67bb-cb31-bee1-3cf0-c35337ba97d2,ok,0,0,453,27.662,39,210,405,439,292
372,21090.995254626,21090.996166911,,4,GPU-127e16de-2b5f-dde9-1932-b4e29bb818c0,ok,0,0,453,24.426,34,210,405,439,341
373,21091.995254626,21091.995872859,,0,GPU-9b96eb67-aeee-89d5-aa85-fc650af4e25c,ok,0,0,714,26.502,36,210,405,439,292
373,21091.995254626,21091.99777018,,1,GPU-37ffc98b-8551-c8a1-5f3c-27ade9ae735a,ok,100,48,11370,342.137,75,1665,9501,8447,18505
373,21091.995254626,21091.996092439,,2,GPU-5443d59d-561f-ed1e-da42-1975937205f9,ok,0,0,453,27.257,36,210,405,439,292
373,21091.995254626,21091.995980949,,3,GPU-46bf67bb-cb31-bee1-3cf0-c35337ba97d2,ok,0,0,453,27.546,39,210,405,439,292
373,21091.995254626,21091.995944829,,4,GPU-127e16de-2b5f-dde9-1932-b4e29bb818c0,ok,0,0,453,24.488,34,210,405,439,292
374,21092.995254626,21092.996565647,,0,GPU-9b96eb67-aeee-89d5-aa85-fc650af4e25c,ok,0,0,714,26.441,36,210,405,439,292
374,21092.995254626,21092.996503957,,1,GPU-37ffc98b-8551-c8a1-5f3c-27ade9ae735a,ok,100,45,11370,341.582,75,1665,9501,7421,24218
374,21092.995254626,21092.995778247,,2,GPU-5443d59d-561f-ed1e-da42-1975937205f9,ok,0,0,453,27.342,36,210,405,439,292
374,21092.995254626,21092.996030277,,3,GPU-46bf67bb-cb31-bee1-3cf0-c35337ba97d2,ok,0,0,453,27.507,39,210,405,390,292
374,21092.995254626,21092.996063947,,4,GPU-127e16de-2b5f-dde9-1932-b4e29bb818c0,ok,0,0,453,24.527,34,210,405,439,292
375,21093.995254626,21093.995919295,,0,GPU-9b96eb67-aeee-89d5-aa85-fc650af4e25c,ok,0,0,714,26.441,36,210,405,439,341
375,21093.995254626,21093.996652906,,1,GPU-37ffc98b-8551-c8a1-5f3c-27ade9ae735a,ok,100,48,11370,343.787,75,1590,9501,10253,22705
375,21093.995254626,21093.996137675,,2,GPU-5443d59d-561f-ed1e-da42-1975937205f9,ok,0,0,453,27.323,36,210,405,439,341
375,21093.995254626,21093.996221895,,3,GPU-46bf67bb-cb31-bee1-3cf0-c35337ba97d2,ok,0,0,453,27.643,39,210,405,439,292
375,21093.995254626,21093.996098855,,4,GPU-127e16de-2b5f-dde9-1932-b4e29bb818c0,ok,0,0,453,24.647,34,210,405,439,341
376,21094.995254626,21094.995975623,,0,GPU-9b96eb67-aeee-89d5-aa85-fc650af4e25c,ok,0,0,714,26.672,36,210,405,439,292
376,21094.995254626,21094.996515293,,1,GPU-37ffc98b-8551-c8a1-5f3c-27ade9ae735a,ok,95,57,11370,346.088,75,1575,9501,6982,21093
376,21094.995254626,21094.995988923,,2,GPU-5443d59d-561f-ed1e-da42-1975937205f9,ok,0,0,453,27.389,36,210,405,439,292
376,21094.995254626,21094.996547044,,3,GPU-46bf67bb-cb31-bee1-3cf0-c35337ba97d2,ok,0,0,453,27.48,39,210,405,439,341
376,21094.995254626,21094.995743953,,4,GPU-127e16de-2b5f-dde9-1932-b4e29bb818c0,ok,0,0,453,24.62,34,210,405,439,341
377,21095.995254626,21095.996054281,,0,GPU-9b96eb67-aeee-89d5-aa85-fc650af4e25c,ok,0,0,714,26.613,36,210,405,439,341
377,21095.995254626,21095.996224551,,1,GPU-37ffc98b-8551-c8a1-5f3c-27ade9ae735a,ok,94,57,11370,343.273,75,1680,9501,7031,20068
377,21095.995254626,21095.996122461,,2,GPU-5443d59d-561f-ed1e-da42-1975937205f9,ok,0,0,453,27.456,36,210,405,439,292
377,21095.995254626,21095.996085601,,3,GPU-46bf67bb-cb31-bee1-3cf0-c35337ba97d2,ok,0,0,453,27.489,39,210,405,439,341
377,21095.995254626,21095.996169201,,4,GPU-127e16de-2b5f-dde9-1932-b4e29bb818c0,ok,0,0,453,24.313,34,210,405,439,292
378,21096.995254626,21096.996015139,,0,GPU-9b96eb67-aeee-89d5-aa85-fc650af4e25c,ok,0,0,714,26.653,36,210,405,439,292
378,21096.995254626,21096.995990059,,1,GPU-37ffc98b-8551-c8a1-5f3c-27ade9ae735a,ok,95,54,11370,341.881,75,1755,9501,6884,19873
378,21096.995254626,21096.9966346,,2,GPU-5443d59d-561f-ed1e-da42-1975937205f9,ok,0,0,453,27.402,36,210,405,439,341
378,21096.995254626,21096.995819459,,3,GPU-46bf67bb-cb31-bee1-3cf0-c35337ba97d2,ok,0,0,453,27.651,39,210,405,390,292
378,21096.995254626,21096.99658856,,4,GPU-127e16de-2b5f-dde9-1932-b4e29bb818c0,ok,0,0,453,24.098,34,210,405,439,292
379,21097.995254626,21097.996002257,,0,GPU-9b96eb67-aeee-89d5-aa85-fc650af4e25c,ok,0,0,714,26.781,36,210,405,439,292
379,21097.995254626,21097.996019717,,1,GPU-37ffc98b-8551-c8a1-5f3c-27ade9ae735a,ok,100,47,11370,342.243,75,1695,9501,7812,13818
379,21097.995254626,21097.995907587,,2,GPU-5443d59d-561f-ed1e-da42-1975937205f9,ok,0,0,453,27.379,36,210,405,439,292
379,21097.995254626,21097.996172857,,3,GPU-46bf67bb-cb31-bee1-3cf0-c35337ba97d2,ok,0,0,453,27.512,39,210,405,439,292
379,21097.995254626,21097.996136197,,4,GPU-127e16de-2b5f-dde9-1932-b4e29bb818c0,ok,0,0,453,24.28,34,210,405,439,341
380,21098.995254626,21098.996593476,,0,GPU-9b96eb67-aeee-89d5-aa85-fc650af4e25c,ok,0,0,714,26.59,36,210,405,439,292
380,21098.995254626,21098.995715575,,1,GPU-37ffc98b-8551-c8a1-5f3c-27ade9ae735a,ok,100,42,11370,341.923,75,1680,9501,8154,21826
380,21098.995254626,21098.997859576,,2,GPU-5443d59d-561f-ed1e-da42-1975937205f9,ok,0,0,453,27.429,36,210,405,439,292
380,21098.995254626,21098.995934655,,3,GPU-46bf67bb-cb31-bee1-3cf0-c35337ba97d2,ok,0,0,453,27.503,39,210,405,439,292
380,21098.995254626,21098.995859465,,4,GPU-127e16de-2b5f-dde9-1932-b4e29bb818c0,ok,0,0,453,24.142,34,210,405,439,292
381,21099.995254626,21099.996566064,,0,GPU-9b96eb67-aeee-89d5-aa85-fc650af4e25c,ok,0,0,714,26.575,36,210,405,439,341
381,21099.995254626,21099.996025323,,1,GPU-37ffc98b-8551-c8a1-5f3c-27ade9ae735a,ok,100,46,11370,341.416,75,1635,9501,6005,23583
381,21099.995254626,21099.995748203,,2,GPU-5443d59d-561f-ed1e-da42-1975937205f9,ok,0,0,453,27.427,36,210,405,390,341
381,21099.995254626,21099.995982043,,3,GPU-46bf67bb-cb31-bee1-3cf0-c35337ba97d2,ok,0,0,453,27.62,39,210,405,439,292
381,21099.995254626,21099.996536354,,4,GPU-127e16de-2b5f-dde9-1932-b4e29bb818c0,ok,0,0,453,24.135,34,210,405,439,292
382,21100.995254626,21100.996033961,,0,GPU-9b96eb67-aeee-89d5-aa85-fc650af4e25c,ok,0,0,714,26.663,36,210,405,439,292
382,21100.995254626,21100.995816971,,1,GPU-37ffc98b-8551-c8a1-5f3c-27ade9ae735a,ok,100,50,11370,344.521,75,1545,9501,6640,34570
382,21100.995254626,21100.996060142,,2,GPU-5443d59d-561f-ed1e-da42-1975937205f9,ok,0,0,453,27.592,36,210,405,439,292
382,21100.995254626,21100.996729702,,3,GPU-46bf67bb-cb31-bee1-3cf0-c35337ba97d2,ok,0,0,453,27.458,39,210,405,439,341
382,21100.995254626,21100.998006492,,4,GPU-127e16de-2b5f-dde9-1932-b4e29bb818c0,ok,0,0,453,24.326,34,210,405,390,292
383,21101.995254626,21101.99612142,,0,GPU-9b96eb67-aeee-89d5-aa85-fc650af4e25c,ok,0,0,714,26.508,36,210,405,439,292
383,21101.995254626,21101.99616824,,1,GPU-37ffc98b-8551-c8a1-5f3c-27ade9ae735a,ok,95,59,11370,344.817,75,1545,9501,6591,20263
383,21101.995254626,21101.995956399,,2,GPU-5443d59d-561f-ed1e-da42-1975937205f9,ok,0,0,453,27.725,36,210,405,390,292
383,21101.995254626,21101.995918929,,3,GPU-46bf67bb-cb31-bee1-3cf0-c35337ba97d2,ok,0,0,453,27.472,39,210,405,390,341
383,21101.995254626,21101.99620011,,4,GPU-127e16de-2b5f-dde9-1932-b4e29bb818c0,ok,0,0,453,24.21,34,210,405,439,341
384,21102.995254626,21102.996136818,,0,GPU-9b96eb67-aeee-89d5-aa85-fc650af4e25c,ok,0,0,714,26.564,36,210,405,439,341
384,21102.995254626,21102.996221688,,1,GPU-37ffc98b-8551-c8a1-5f3c-27ade9ae735a,ok,94,55,11370,341.19,75,1680,9501,6884,20214
384,21102.995254626,21102.996003808,,2,GPU-5443d59d-561f-ed1e-da42-1975937205f9,ok,0,0,453,27.552,36,210,405,390,292
384,21102.995254626,21102.996163838,,3,GPU-46bf67bb-cb31-bee1-3cf0-c35337ba97d2,ok,0,0,453,27.627,39,210,405,439,292
384,21102.995254626,21102.996111518,,4,GPU-127e16de-2b5f-dde9-1932-b4e29bb818c0,ok,0,0,453,24.169,34,210,405,439,341
385,21103.995254626,21103.995714245,,0,GPU-9b96eb67-aeee-89d5-aa85-fc650af4e25c,ok,0,0,714,26.8,36,210,405,439,292
385,21103.995254626,21103.997205916,,1,GPU-37ffc98b-8551-c8a1-5f3c-27ade9ae735a,ok,100,52,11370,342.859,75,1710,9501,3466,20068
385,21103.995254626,21103.997169066,,2,GPU-5443d59d-561f-ed1e-da42-1975937205f9,ok,0,0,453,27.573,36,210,405,439,341
385,21103.995254626,21103.997223556,,3,GPU-46bf67bb-cb31-bee1-3cf0-c35337ba97d2,ok,0,0,453,27.527,39,210,405,439,292
385,21103.995254626,21103.995783655,,4,GPU-127e16de-2b5f-dde9-1932-b4e29bb818c0,ok,0,0,453,24.27,34,210,405,439,292
386,21104.995254626,21104.996065544,,0,GPU-9b96eb67-aeee-89d5-aa85-fc650af4e25c,ok,0,0,714,26.698,36,210,405,390,292
386,21104.995254626,21104.996130704,,1,GPU-37ffc98b-8551-c8a1-5f3c-27ade9ae735a,ok,100,45,11370,343.168,75,1680,9501,8203,20654
386,21104.995254626,21104.995880914,,2,GPU-5443d59d-561f-ed1e-da42-1975937205f9,ok,0,0,453,27.713,36,210,405,439,292
386,21104.995254626,21104.996614064,,3,GPU-46bf67bb-cb31-bee1-3cf0-c35337ba97d2,ok,0,0,453,27.471,39,210,405,439,292
386,21104.995254626,21104.996109124,,4,GPU-127e16de-2b5f-dde9-1932-b4e29bb818c0,ok,0,0,453,24.431,34,210,405,390,292
387,21105.995254626,21105.996050782,,0,GPU-9b96eb67-aeee-89d5-aa85-fc650af4e25c,ok,0,0,714,26.667,36,210,405,439,292
387,21105.995254626,21105.996130322,,1,GPU-37ffc98b-8551-c8a1-5f3c-27ade9ae735a,ok,100,45,11370,339.874,75,1635,9501,7373,23486
387,21105.995254626,21105.995826502,,2,GPU-5443d59d-561f-ed1e-da42-1975937205f9,ok,0,0,453,27.545,36,210,405,439,292
387,21105.995254626,21105.996092312,,3,GPU-46bf67bb-cb31-bee1-3cf0-c35337ba97d2,ok,0,0,453,27.531,39,210,405,390,292
387,21105.995254626,21105.996584382,,4,GPU-127e16de-2b5f-dde9-1932-b4e29bb818c0,ok,0,0,453,24.662,34,210,405,390,292
388,21106.995254626,21106.99656636,,0,GPU-9b96eb67-aeee-89d5-aa85-fc650af4e25c,ok,0,0,714,26.872,36,210,405,439,292
388,21106.995254626,21106.99601576,,1,GPU-37ffc98b-8551-c8a1-5f3c-27ade9ae735a,ok,100,49,11370,342.183,75,1545,9501,6982,31250
388,21106.995254626,21106.99580058,,2,GPU-5443d59d-561f-ed1e-da42-1975937205f9,ok,0,0,453,27.503,36,210,405,439,341
388,21106.995254626,21106.99659296,,3,GPU-46bf67bb-cb31-bee1-3cf0-c35337ba97d2,ok,0,0,453,27.435,39,210,405,439,292
388,21106.995254626,21106.99605986,,4,GPU-127e16de-2b5f-dde9-1932-b4e29bb818c0,ok,0,0,453,24.769,34,210,405,390,341
389,21107.995254626,21107.996030688,,0,GPU-9b96eb67-aeee-89d5-aa85-fc650af4e25c,ok,0,0,714,26.833,36,210,405,439,341
389,21107.995254626,21107.996254528,,1,GPU-37ffc98b-8551-c8a1-5f3c-27ade9ae735a,ok,94,58,11370,344.996,76,1530,9501,7177,20312
389,21107.995254626,21107.996217798,,2,GPU-5443d59d-561f-ed1e-da42-1975937205f9,ok,0,0,453,27.532,36,210,405,439,292
389,21107.995254626,21107.996077408,,3,GPU-46bf67bb-cb31-bee1-3cf0-c35337ba97d2,ok,0,0,453,27.507,39,210,405,439,292
389,21107.995254626,21107.996122838,,4,GPU-127e16de-2b5f-dde9-1932-b4e29bb818c0,ok,0,0,453,24.61,34,210,405,439,292
390,21108.995254626,21108.995999926,,0,GPU-9b96eb67-aeee-89d5-aa85-fc650af4e25c,ok,0,0,714,26.744,36,210,405,390,292
390,21108.995254626,21108.995831066,,1,GPU-37ffc98b-8551-c8a1-5f3c-27ade9ae735a,ok,94,56,11370,342.484,75,1680,9501,6689,19921
390,21108.995254626,21108.996076216,,2,GPU-5443d59d-561f-ed1e-da42-1975937205f9,ok,0,0,453,27.298,36,210,405,439,292
390,21108.995254626,21108.996041246,,3,GPU-46bf67bb-cb31-bee1-3cf0-c35337ba97d2,ok,0,0,453,27.693,39,210,405,439,292
390,21108.995254626,21108.996242966,,4,GPU-127e16de-2b5f-dde9-1932-b4e29bb818c0,ok,0,0,453,24.597,34,210,405,439,292
391,21109.995254626,21109.995924254,,0,GPU-9b96eb67-aeee-89d5-aa85-fc650af4e25c,ok,0,0,714,26.768,36,210,405,390,341
391,21109.995254626,21109.997917314,,1,GPU-37ffc98b-8551-c8a1-5f3c-27ade9ae735a,ok,100,55,11370,341.861,74,1695,9501,5810,19775
391,21109.995254626,21109.995890444,,2,GPU-5443d59d-561f-ed1e-da42-1975937205f9,ok,0,0,453,27.302,36,210,405,390,341
391,21109.995254626,21109.995958454,,3,GPU-46bf67bb-cb31-bee1-3cf0-c35337ba97d2,ok,0,0,453,27.518,39,210,405,439,341
391,21109.995254626,21109.997857864,,4,GPU-127e16de-2b5f-dde9-1932-b4e29bb818c0,ok,0,0,453,24.618,34,210,405,439,292
392,21110.995254626,21110.996463002,,0,GPU-9b96eb67-aeee-89d5-aa85-fc650af4e25c,ok,0,0,714,26.7,36,210,405,390,292
392,21110.995254626,21110.997156782,,1,GPU-37ffc98b-8551-c8a1-5f3c-27ade9ae735a,ok,100,47,11370,342.757,75,1680,9501,8593,16064
392,21110.995254626,21110.995744772,,2,GPU-5443d59d-561f-ed1e-da42-1975937205f9,ok,0,0,453,27.462,36,210,405,390,341
392,21110.995254626,21110.997196952,,3,GPU-46bf67bb-cb31-bee1-3cf0-c35337ba97d2,ok,0,0,453,27.459,39,210,405,439,341
392,21110.995254626,21110.995901022,,4,GPU-127e16de-2b5f-dde9-1932-b4e29bb818c0,ok,0,0,453,24.479,34,210,405,439,341
393,21111.995254626,21111.99659637,,0,GPU-9b96eb67-aeee-89d5-aa85-fc650af4e25c,ok,0,0,714,26.628,36,210,405,439,292
393,21111.995254626,21111.99717523,,1,GPU-37ffc98b-8551-c8a1-5f3c-27ade9ae735a,ok,100,45,11370,341.083,75,1650,9501,8007,24316
393,21111.995254626,21111.99655959,,2,GPU-5443d59d-561f-ed1e-da42-1975937205f9,ok,0,0,453,27.545,36,210,405,439,292
393,21111.995254626,21111.9958012,,3,GPU-46bf67bb-cb31-bee1-3cf0-c35337ba97d2,ok,0,0,453,27.519,39,210,405,439,341
393,21111.995254626,21111.99596097,,4,GPU-127e16de-2b5f-dde9-1932-b4e29bb818c0,ok,0,0,453,24.159,34,210,405,390,341
394,21112.995254626,21112.996469868,,0,GPU-9b96eb67-aeee-89d5-aa85-fc650af4e25c,ok,0,0,714,26.459,36,210,405,390,341
394,21112.995254626,21112.996136978,,1,GPU-37ffc98b-8551-c8a1-5f3c-27ade9ae735a,ok,100,48,11370,344.387,75,1635,9501,8105,25146
394,21112.995254626,21112.996102698,,2,GPU-5443d59d-561f-ed1e-da42-1975937205f9,ok,0,0,453,27.64,36,210,405,439,292
394,21112.995254626,21112.995845178,,3,GPU-46bf67bb-cb31-bee1-3cf0-c35337ba97d2,ok,0,0,453,27.326,39,210,405,390,292
394,21112.995254626,21112.996162588,,4,GPU-127e16de-2b5f-dde9-1932-b4e29bb818c0,ok,0,0,453,23.939,34,210,405,390,292
395,21113.995254626,21113.996149266,,0,GPU-9b96eb67-aeee-89d5-aa85-fc650af4e25c,ok,0,0,714,26.452,36,210,405,390,292
395,21113.995254626,21113.995857366,,1,GPU-37ffc98b-8551-c8a1-5f3c-27ade9ae735a,ok,95,55,11370,344.73,75,1545,9501,7128,19775
395,21113.995254626,21113.996204446,,2,GPU-5443d59d-561f-ed1e-da42-1975937205f9,ok,0,0,453,27.504,36,210,405,439,292
395,21113.995254626,21113.996190926,,3,GPU-46bf67bb-cb31-bee1-3cf0-c35337ba97d2,ok,0,0,453,27.304,39,210,405,390,292
395,21113.995254626,21113.996291896,,4,GPU-127e16de-2b5f-dde9-1932-b4e29bb818c0,ok,0,0,453,24.041,34,210,405,390,292
396,21114.995254626,21114.996108634,,0,GPU-9b96eb67-aeee-89d5-aa85-fc650af4e25c,ok,0,0,714,26.567,36,210,405,390,292
396,21114.995254626,21114.996234804,,1,GPU-37ffc98b-8551-c8a1-5f3c-27ade9ae735a,ok,95,58,11370,343.451,76,1530,9501,7617,20068
396,21114.995254626,21114.996220414,,2,GPU-5443d59d-561f-ed1e-da42-1975937205f9,ok,0,0,453,27.389,36,210,405,439,341
396,21114.995254626,21114.996000494,,3,GPU-46bf67bb-cb31-bee1-3cf0-c35337ba97d2,ok,0,0,453,27.467,39,210,405,439,292
396,21114.995254626,21114.996274874,,4,GPU-127e16de-2b5f-dde9-1932-b4e29bb818c0,ok,0,0,453,23.882,34,210,405,439,341
397,21115.995254626,21115.996093642,,0,GPU-9b96eb67-aeee-89d5-aa85-fc650af4e25c,ok,0,0,714,26.456,36,210,405,439,292
397,21115.995254626,21115.996127592,,1,GPU-37ffc98b-8551-c8a1-5f3c-27ade9ae735a,ok,95,54,11370,342.033,75,1680,9501,6884,19580
397,21115.995254626,21115.996160702,,2,GPU-5443d59d-561f-ed1e-da42-1975937205f9,ok,0,0,453,27.483,36,210,405,390,341
397,21115.995254626,21115.995976842,,3,GPU-46bf67bb-cb31-bee1-3cf0-c35337ba97d2,ok,0,0,453,27.45,39,210,405,439,341
397,21115.995254626,21115.996699312,,4,GPU-127e16de-2b5f-dde9-1932-b4e29bb818c0,ok,0,0,453,23.984,34,210,405,439,341
398,21116.995254626,21116.99658783,,0,GPU-9b96eb67-aeee-89d5-aa85-fc650af4e25c,ok,0,0,714,26.442,36,210,405,390,341
398,21116.995254626,21116.99593778,,1,GPU-37ffc98b-8551-c8a1-5f3c-27ade9ae735a,ok,100,48,11370,343.476,75,1710,9501,4882,14160
398,21116.995254626,21116.99651467,,2,GPU-5443d59d-561f-ed1e-da42-1975937205f9,ok,0,0,453,27.429,36,210,405,390,292
398,21116.995254626,21116.99661476,,3,GPU-46bf67bb-cb31-bee1-3cf0-c35337ba97d2,ok,0,0,453,27.645,39,210,405,488,341
398,21116.995254626,21116.9957453,,4,GPU-127e16de-2b5f-dde9-1932-b4e29bb818c0,ok,0,0,453,24.227,34,210,405,390,341
399,21117.995254626,21117.995774928,,0,GPU-9b96eb67-aeee-89d5-aa85-fc650af4e25c,ok,0,0,714,26.48,36,210,405,439,292
399,21117.995254626,21117.995971028,,1,GPU-37ffc98b-8551-c8a1-5f3c-27ade9ae735a,ok,100,42,11370,342.383,75,1680,9501,7714,26513
399,21117.995254626,21117.996047038,,2,GPU-5443d59d-561f-ed1e-da42-1975937205f9,ok,0,0,453,27.467,36,210,405,390,292
399,21117.995254626,21117.996547588,,3,GPU-46bf67bb-cb31-bee1-3cf0-c35337ba97d2,ok,0,0,453,27.426,39,210,405,390,292
399,21117.995254626,21117.996588278,,4,GPU-127e16de-2b5f-dde9-1932-b4e29bb818c0,ok,0,0,453,24.298,34,210,405,439,292
400,21118.995254626,21118.995989416,,0,GPU-9b96eb67-aeee-89d5-aa85-fc650af4e25c,ok,0,0,714,26.254,36,210,405,439,292
400,21118.995254626,21118.995856156,,1,GPU-37ffc98b-8551-c8a1-5f3c-27ade9ae735a,ok,100,46,11370,341.776,75,1650,9501,7226,23437
400,21118.995254626,21118.996109346,,2,GPU-5443d59d-561f-ed1e-da42-1975937205f9,ok,0,0,453,27.629,36,210,405,439,341
400,21118.995254626,21118.996037756,,3,GPU-46bf67bb-cb31-bee1-3cf0-c35337ba97d2,ok,0,0,453,27.406,39,210,405,439,292
400,21118.995254626,21118.996254776,,4,GPU-127e16de-2b5f-dde9-1932-b4e29bb818c0,ok,0,0,453,24.365,34,210,405,439,292
401,21119.995254626,21119.996146324,,0,GPU-9b96eb67-aeee-89d5-aa85-fc650af4e25c,ok,0,0,714,26.326,36,210,405,439,292
401,21119.995254626,21119.995910604,,1,GPU-37ffc98b-8551-c8a1-5f3c-27ade9ae735a,ok,100,50,11370,343.957,75,1605,9501,7080,31298
401,21119.995254626,21119.995996534,,2,GPU-5443d59d-561f-ed1e-da42-1975937205f9,ok,0,0,453,27.518,36,210,405,439,292
401,21119.995254626,21119.996952324,,3,GPU-46bf67bb-cb31-bee1-3cf0-c35337ba97d2,ok,0,0,453,27.574,39,210,405,439,292
401,21119.995254626,21119.996107064,,4,GPU-127e16de-2b5f-dde9-1932-b4e29bb818c0,ok,0,0,453,24.418,34,210,405,439,292
402,21120.995254626,21120.995968172,,0,GPU-9b96eb67-aeee-89d5-aa85-fc650af4e25c,ok,0,0,714,26.561,36,210,405,439,341
402,21120.995254626,21120.996163722,,1,GPU-37ffc98b-8551-c8a1-5f3c-27ade9ae735a,ok,94,59,11370,344.956,75,1560,9501,6933,21337
402,21120.995254626,21120.996195602,,2,GPU-5443d59d-561f-ed1e-da42-1975937205f9,ok,0,0,453,27.465,36,210,405,439,292
402,21120.995254626,21120.995827332,,3,GPU-46bf67bb-cb31-bee1-3cf0-c35337ba97d2,ok,0,0,453,27.43,39,210,405,439,292
402,21120.995254626,21120.997187352,,4,GPU-127e16de-2b5f-dde9-1932-b4e29bb818c0,ok,0,0,453,24.391,34,210,405,390,292
403,21121.995254626,21121.99620872,,0,GPU-9b96eb67-aeee-89d5-aa85-fc650af4e25c,ok,0,0,714,26.478,36,210,405,439,292
403,21121.995254626,21121.9963205,,1,GPU-37ffc98b-8551-c8a1-5f3c-27ade9ae735a,ok,95,56,11370,342.323,75,1680,9501,7177,20605
403,21121.995254626,21121.99623592,,2,GPU-5443d59d-561f-ed1e-da42-1975937205f9,ok,0,0,453,27.55,36,210,405,439,292
403,21121.995254626,21121.99626046,,3,GPU-46bf67bb-cb31-bee1-3cf0-c35337ba97d2,ok,0,0,453,27.422,39,210,405,390,292
403,21121.995254626,21121.99629783,,4,GPU-127e16de-2b5f-dde9-1932-b4e29bb818c0,ok,0,0,453,24.348,34,210,405,439,292
404,21122.995254626,21122.995917988,,0,GPU-9b96eb67-aeee-89d5-aa85-fc650af4e25c,ok,0,0,714,26.54,36,210,405,439,292
404,21122.995254626,21122.996189258,,1,GPU-37ffc98b-8551-c8a1-5f3c-27ade9ae735a,ok,98,55,11370,342.772,75,1755,9501,5615,19921
404,21122.995254626,21122.996147218,,2,GPU-5443d59d-561f-ed1e-da42-1975937205f9,ok,0,0,453,27.342,36,210,405,390,292
404,21122.995254626,21122.996110828,,3,GPU-46bf67bb-cb31-bee1-3cf0-c35337ba97d2,ok,0,0,453,27.609,39,210,405,439,292
404,21122.995254626,21122.996685628,,4,GPU-127e16de-2b5f-dde9-1932-b4e29bb818c0,ok,0,0,453,24.606,34,210,405,439,292
405,21123.995254626,21123.996992626,,0,GPU-9b96eb67-aeee-89d5-aa85-fc650af4e25c,ok,0,0,714,26.699,36,210,405,390,292
405,21123.995254626,21123.995972396,,1,GPU-37ffc98b-8551-c8a1-5f3c-27ade9ae735a,ok,100,48,11370,342.971,75,1695,9501,8935,13281
405,21123.995254626,21123.996006396,,2,GPU-5443d59d-561f-ed1e-da42-1975937205f9,ok,0,0,453,27.22,36,210,405,439,292
405,21123.995254626,21123.996098726,,3,GPU-46bf67bb-cb31-bee1-3cf0-c35337ba97d2,ok,0,0,453,27.505,39,210,405,439,341
405,21123.995254626,21123.996125356,,4,GPU-127e16de-2b5f-dde9-1932-b4e29bb818c0,ok,0,0,453,24.614,34,210,405,439,292
406,21124.995254626,21124.997199524,,0,GPU-9b96eb67-aeee-89d5-aa85-fc650af4e25c,ok,0,0,714,26.667,36,210,405,390,341
406,21124.995254626,21124.996649594,,1,GPU-37ffc98b-8551-c8a1-5f3c-27ade9ae735a,ok,100,45,11370,341.49,75,1680,9501,8056,22998
406,21124.995254626,21124.995865164,,2,GPU-5443d59d-561f-ed1e-da42-1975937205f9,ok,0,0,453,27.294,36,210,405,439,292
406,21124.995254626,21124.996622394,,3,GPU-46bf67bb-cb31-bee1-3cf0-c35337ba97d2,ok,0,0,453,27.502,39,210,405,439,292
406,21124.995254626,21124.995951124,,4,GPU-127e16de-2b5f-dde9-1932-b4e29bb818c0,ok,0,0,453,24.528,34,210,405,390,341
407,21125.995254626,21125.995906602,,0,GPU-9b96eb67-aeee-89d5-aa85-fc650af4e25c,ok,0,0,714,26.654,36,210,405,439,292
407,21125.995254626,21125.996050142,,1,GPU-37ffc98b-8551-c8a1-5f3c-27ade9ae735a,ok,100,48,11370,342.89,75,1635,9501,8544,23632
407,21125.995254626,21125.996116362,,2,GPU-5443d59d-561f-ed1e-da42-1975937205f9,ok,0,0,453,27.165,36,210,405,439,292
407,21125.995254626,21125.996084422,,3,GPU-46bf67bb-cb31-bee1-3cf0-c35337ba97d2,ok,0,0,453,27.609,39,210,405,390,292
407,21125.995254626,21125.996559162,,4,GPU-127e16de-2b5f-dde9-1932-b4e29bb818c0,ok,0,0,453,24.465,34,210,405,439,292
408,21126.995254626,21126.99602705,,0,GPU-9b96eb67-aeee-89d5-aa85-fc650af4e25c,ok,0,0,714,26.821,36,210,405,439,292
408,21126.995254626,21126.9962806,,1,GPU-37ffc98b-8551-c8a1-5f3c-27ade9ae735a,ok,94,53,11370,344.341,75,1545,9501,7373,29052
408,21126.995254626,21126.99610771,,2,GPU-5443d59d-561f-ed1e-da42-1975937205f9,ok,0,0,453,27.176,36,210,405,439,292
408,21126.995254626,21126.99618363,,3,GPU-46bf67bb-cb31-bee1-3cf0-c35337ba97d2,ok,0,0,453,27.433,39,210,405,439,292
408,21126.995254626,21126.99621787,,4,GPU-127e16de-2b5f-dde9-1932-b4e29bb818c0,ok,0,0,453,24.24,34,210,405,439,292
409,21127.995254626,21127.996153148,,0,GPU-9b96eb67-aeee-89d5-aa85-fc650af4e25c,ok,0,0,714,26.72,36,210,405,390,292
409,21127.995254626,21127.996254788,,1,GPU-37ffc98b-8551-c8a1-5f3c-27ade9ae735a,ok,95,57,11370,343.134,76,1500,9501,7324,20947
409,21127.995254626,21127.996230908,,2,GPU-5443d59d-561f-ed1e-da42-1975937205f9,ok,0,0,453,27.365,36,210,405,439,292
409,21127.995254626,21127.996079318,,3,GPU-46bf67bb-cb31-bee1-3cf0-c35337ba97d2,ok,0,0,453,27.432,39,210,405,439,292
409,21127.995254626,21127.996123938,,4,GPU-127e16de-2b5f-dde9-1932-b4e29bb818c0,ok,0,0,453,24.079,34,210,405,439,292
410,21128.995254626,21128.996101846,,0,GPU-9b96eb67-aeee-89d5-aa85-fc650af4e25c,ok,0,0,714,26.63,36,210,405,439,341
410,21128.995254626,21128.996568356,,1,GPU-37ffc98b-8551-c8a1-5f3c-27ade9ae735a,ok,94,54,11370,340.739,75,1680,9501,6640,19970
410,21128.995254626,21128.996133356,,2,GPU-5443d59d-561f-ed1e-da42-1975937205f9,ok,0,0,453,27.288,36,210,405,390,341
410,21128.995254626,21128.996075166,,3,GPU-46bf67bb-cb31-bee1-3cf0-c35337ba97d2,ok,0,0,453,27.479,39,210,405,439,292
410,21128.995254626,21128.995905236,,4,GPU-127e16de-2b5f-dde9-1932-b4e29bb818c0,ok,0,0,453,24.115,34,210,405,390,292
411,21129.995254626,21129.996175604,,0,GPU-9b96eb67-aeee-89d5-aa85-fc650af4e25c,ok,0,0,714,26.748,36,210,405,439,292
411,21129.995254626,21129.996163064,,1,GPU-37ffc98b-8551-c8a1-5f3c-27ade9ae735a,ok,100,48,11370,342.81,75,1710,9501,4199,17431
411,21129.995254626,21129.996084974,,2,GPU-5443d59d-561f-ed1e-da42-1975937205f9,ok,0,0,453,27.309,36,210,405,390,292
411,21129.995254626,21129.996119534,,3,GPU-46bf67bb-cb31-bee1-3cf0-c35337ba97d2,ok,0,0,453,27.439,39,210,405,390,292
411,21129.995254626,21129.995981194,,4,GPU-127e16de-2b5f-dde9-1932-b4e29bb818c0,ok,0,0,453,24.147,34,210,405,390,292
412,21130.995254626,21130.996558072,,0,GPU-9b96eb67-aeee-89d5-aa85-fc650af4e25c,ok,0,0,714,26.607,36,210,405,439,292
412,21130.995254626,21130.996040442,,1,GPU-37ffc98b-8551-c8a1-5f3c-27ade9ae735a,ok,100,40,11370,341.035,75,1680,9501,7763,25146
412,21130.995254626,21130.995828372,,2,GPU-5443d59d-561f-ed1e-da42-1975937205f9,ok,0,0,453,27.521,36,210,405,390,292
412,21130.995254626,21130.996094942,,3,GPU-46bf67bb-cb31-bee1-3cf0-c35337ba97d2,ok,0,0,453,27.551,39,210,405,439,292
412,21130.995254626,21130.996075522,,4,GPU-127e16de-2b5f-dde9-1932-b4e29bb818c0,ok,0,0,453,24.087,34,210,405,439,292
413,21131.995254626,21131.9960776,,0,GPU-9b96eb67-aeee-89d5-aa85-fc650af4e25c,ok,0,0,714,26.573,36,210,405,439,292
413,21131.995254626,21131.99604196,,1,GPU-37ffc98b-8551-c8a1-5f3c-27ade9ae735a,ok,100,47,11370,341.403,75,1635,9501,5566,23193
413,21131.995254626,21131.9962079,,2,GPU-5443d59d-561f-ed1e-da42-1975937205f9,ok,0,0,453,27.305,36,210,405,390,292
413,21131.995254626,21131.99623247,,3,GPU-46bf67bb-cb31-bee1-3cf0-c35337ba97d2,ok,0,0,453,27.423,39,210,405,439,292
413,21131.995254626,21131.99613357,,4,GPU-127e16de-2b5f-dde9-1932-b4e29bb818c0,ok,0,0,453,24.171,34,210,405,439,341
414,21132.995254626,21132.996403948,,0,GPU-9b96eb67-aeee-89d5-aa85-fc650af4e25c,ok,0,0,714,26.693,36,210,405,439,292
414,21132.995254626,21132.995812158,,1,GPU-37ffc98b-8551-c8a1-5f3c-27ade9ae735a,ok,98,52,11370,342.227,75,1545,9501,7226,27978
414,21132.995254626,21132.996366538,,2,GPU-5443d59d-561f-ed1e-da42-1975937205f9,ok,0,0,453,27.213,36,210,405,439,341
414,21132.995254626,21132.995946928,,3,GPU-46bf67bb-cb31-bee1-3cf0-c35337ba97d2,ok,0,0,453,27.44,39,210,405,390,341
414,21132.995254626,21132.996267468,,4,GPU-127e16de-2b5f-dde9-1932-b4e29bb818c0,ok,0,0,453,24.258,34,210,405,439,292
415,21133.995254626,21133.996832956,,0,GPU-9b96eb67-aeee-89d5-aa85-fc650af4e25c,ok,0,0,714,26.562,36,210,405,439,341
415,21133.995254626,21133.995687866,,1,GPU-37ffc98b-8551-c8a1-5f3c-27ade9ae735a,ok,95,57,11370,341.664,75,1560,9501,7177,19335
415,21133.995254626,21133.995856386,,2,GPU-5443d59d-561f-ed1e-da42-1975937205f9,ok,0,0,453,27.394,36,210,405,439,292
415,21133.995254626,21133.996860607,,3,GPU-46bf67bb-cb31-bee1-3cf0-c35337ba97d2,ok,0,0,453,27.623,39,210,405,439,341
415,21133.995254626,21133.996134916,,4,GPU-127e16de-2b5f-dde9-1932-b4e29bb818c0,ok,0,0,453,24.3,34,210,405,390,292
416,21134.995254626,21134.996082244,,0,GPU-9b96eb67-aeee-89d5-aa85-fc650af4e25c,ok,0,0,714,26.625,36,210,405,439,341
416,21134.995254626,21134.995865884,,1,GPU-37ffc98b-8551-c8a1-5f3c-27ade9ae735a,ok,94,54,11370,342.548,75,1680,9501,7128,19531
416,21134.995254626,21134.996108504,,2,GPU-5443d59d-561f-ed1e-da42-1975937205f9,ok,0,0,453,27.305,36,210,405,439,292
416,21134.995254626,21134.996012614,,3,GPU-46bf67bb-cb31-bee1-3cf0-c35337ba97d2,ok,0,0,453,27.534,39,210,405,439,292
416,21134.995254626,21134.996288024,,4,GPU-127e16de-2b5f-dde9-1932-b4e29bb818c0,ok,0,0,453,24.371,34,210,405,439,292
417,21135.995254626,21135.996056612,,0,GPU-9b96eb67-aeee-89d5-aa85-fc650af4e25c,ok,0,0,714,26.837,36,210,405,439,292
417,21135.995254626,21135.995922422,,1,GPU-37ffc98b-8551-c8a1-5f3c-27ade9ae735a,ok,100,48,11370,342.729,75,1710,9501,5078,17431
417,21135.995254626,21135.996080252,,2,GPU-5443d59d-561f-ed1e-da42-1975937205f9,ok,0,0,453,27.346,36,210,405,390,292
417,21135.995254626,21135.997213423,,3,GPU-46bf67bb-cb31-bee1-3cf0-c35337ba97d2,ok,0,0,453,27.535,39,210,405,439,292
417,21135.995254626,21135.996146552,,4,GPU-127e16de-2b5f-dde9-1932-b4e29bb818c0,ok,0,0,453,24.472,34,210,405,439,341
418,21136.995254626,21136.99578301,,0,GPU-9b96eb67-aeee-89d5-aa85-fc650af4e25c,ok,0,0,714,26.713,36,210,405,439,292
418,21136.995254626,21136.99599054,,1,GPU-37ffc98b-8551-c8a1-5f3c-27ade9ae735a,ok,100,41,11370,342.155,75,1695,9501,8007,23779
418,21136.995254626,21136.99608475,,2,GPU-5443d59d-561f-ed1e-da42-1975937205f9,ok,0,0,453,27.412,36,210,405,390,341
418,21136.995254626,21136.99609767,,3,GPU-46bf67bb-cb31-bee1-3cf0-c35337ba97d2,ok,0,0,453,27.638,39,210,405,439,292
418,21136.995254626,21136.99649984,,4,GPU-127e16de-2b5f-dde9-1932-b4e29bb818c0,ok,0,0,453,24.395,34,210,405,439,341
419,21137.995254626,21137.996043798,,0,GPU-9b96eb67-aeee-89d5-aa85-fc650af4e25c,ok,0,0,714,26.612,36,210,405,439,341
419,21137.995254626,21137.996072628,,1,GPU-37ffc98b-8551-c8a1-5f3c-27ade9ae735a,ok,100,47,11370,342.088,75,1650,9501,7714,23974
419,21137.995254626,21137.996156188,,2,GPU-5443d59d-561f-ed1e-da42-1975937205f9,ok,0,0,453,27.21,36,210,405,439,292
419,21137.995254626,21137.995907598,,3,GPU-46bf67bb-cb31-bee1-3cf0-c35337ba97d2,ok,0,0,453,27.465,39,210,405,439,292
419,21137.995254626,21137.998162629,,4,GPU-127e16de-2b5f-dde9-1932-b4e29bb818c0,ok,0,0,453,24.152,34,210,405,439,292
420,21138.995254626,21138.996319636,,0,GPU-9b96eb67-aeee-89d5-aa85-fc650af4e25c,ok,0,0,714,26.636,36,210,405,439,292
420,21138.995254626,21138.995771186,,1,GPU-37ffc98b-8551-c8a1-5f3c-27ade9ae735a,ok,100,50,11370,345.334,76,1590,9501,6738,34765
420,21138.995254626,21138.996246456,,2,GPU-5443d59d-561f-ed1e-da42-1975937205f9,ok,0,0,453,27.239,36,210,405,439,292
420,21138.995254626,21138.996358926,,3,GPU-46bf67bb-cb31-bee1-3cf0-c35337ba97d2,ok,0,0,453,27.442,39,210,405,439,292
420,21138.995254626,21138.995920946,,4,GPU-127e16de-2b5f-dde9-1932-b4e29bb818c0,ok,0,0,453,24.148,34,210,405,439,292
421,21139.995254626,21139.996120404,,0,GPU-9b96eb67-aeee-89d5-aa85-fc650af4e25c,ok,0,0,714,26.519,36,210,405,439,341
421,21139.995254626,21139.996545405,,1,GPU-37ffc98b-8551-c8a1-5f3c-27ade9ae735a,ok,95,58,11370,343.862,75,1560,9501,7324,20654
421,21139.995254626,21139.996185174,,2,GPU-5443d59d-561f-ed1e-da42-1975937205f9,ok,0,0,453,27.408,36,210,405,439,341
421,21139.995254626,21139.996146404,,3,GPU-46bf67bb-cb31-bee1-3cf0-c35337ba97d2,ok,0,0,453,27.552,39,210,405,439,292
421,21139.995254626,21139.995898644,,4,GPU-127e16de-2b5f-dde9-1932-b4e29bb818c0,ok,0,0,453,24.206,34,210,405,439,292
422,21140.995254626,21140.996055682,,0,GPU-9b96eb67-aeee-89d5-aa85-fc650af4e25c,ok,0,0,714,26.542,36,210,405,439,292
422,21140.995254626,21140.996641053,,1,GPU-37ffc98b-8551-c8a1-5f3c-27ade9ae735a,ok,94,55,11370,341.286,75,1680,9501,7031,20214
422,21140.995254626,21140.995791952,,2,GPU-5443d59d-561f-ed1e-da42-1975937205f9,ok,0,0,453,27.387,36,210,405,390,292
422,21140.995254626,21140.996029242,,3,GPU-46bf67bb-cb31-bee1-3cf0-c35337ba97d2,ok,0,0,453,27.378,39,210,405,439,341
422,21140.995254626,21140.996613203,,4,GPU-127e16de-2b5f-dde9-1932-b4e29bb818c0,ok,0,0,453,24.335,34,210,405,390,292
423,21141.995254626,21141.99600581,,0,GPU-9b96eb67-aeee-89d5-aa85-fc650af4e25c,ok,0,0,714,26.697,36,210,405,439,292
423,21141.995254626,21141.997270351,,1,GPU-37ffc98b-8551-c8a1-5f3c-27ade9ae735a,ok,100,51,11370,342.344,75,1770,9501,4150,20263
423,21141.995254626,21141.996635021,,2,GPU-5443d59d-561f-ed1e-da42-1975937205f9,ok,0,0,453,27.331,36,210,405,439,341
423,21141.995254626,21141.99591117,,3,GPU-46bf67bb-cb31-bee1-3cf0-c35337ba97d2,ok,0,0,453,27.32,39,210,405,439,292
423,21141.995254626,21141.99605005,,4,GPU-127e16de-2b5f-dde9-1932-b4e29bb818c0,ok,0,0,453,24.373,34,210,405,390,292
424,21142.995254626,21142.995958008,,0,GPU-9b96eb67-aeee-89d5-aa85-fc650af4e25c,ok,0,0,714,26.543,36,210,405,439,292
424,21142.995254626,21142.996126308,,1,GPU-37ffc98b-8551-c8a1-5f3c-27ade9ae735a,ok,100,42,11370,339.116,75,1680,9501,8251,20654
424,21142.995254626,21142.996050398,,2,GPU-5443d59d-561f-ed1e-da42-1975937205f9,ok,0,0,453,27.349,36,210,405,439,292
424,21142.995254626,21142.996183129,,3,GPU-46bf67bb-cb31-bee1-3cf0-c35337ba97d2,ok,0,0,453,27.423,39,210,405,439,341
424,21142.995254626,21142.996094068,,4,GPU-127e16de-2b5f-dde9-1932-b4e29bb818c0,ok,0,0,453,24.207,34,210,405,439,292
425,21143.995254626,21143.996104487,,0,GPU-9b96eb67-aeee-89d5-aa85-fc650af4e25c,ok,0,0,714,26.524,36,210,405,390,341
425,21143.995254626,21143.995914346,,1,GPU-37ffc98b-8551-c8a1-5f3c-27ade9ae735a,ok,100,46,11370,340.805,75,1650,9501,7177,23339
425,21143.995254626,21143.996256517,,2,GPU-5443d59d-561f-ed1e-da42-1975937205f9,ok,0,0,453,27.316,36,210,405,439,341
425,21143.995254626,21143.996136517,,3,GPU-46bf67bb-cb31-bee1-3cf0-c35337ba97d2,ok,0,0,453,27.273,39,210,405,439,292
425,21143.995254626,21143.996220357,,4,GPU-127e16de-2b5f-dde9-1932-b4e29bb818c0,ok,0,0,453,24.166,34,210,405,439,341
426,21144.995254626,21144.995974574,,0,GPU-9b96eb67-aeee-89d5-aa85-fc650af4e25c,ok,0,0,714,26.724,36,210,405,390,341
426,21144.995254626,21144.996179475,,1,GPU-37ffc98b-8551-c8a1-5f3c-27ade9ae735a,ok,100,50,11370,344.918,76,1605,9501,9667,20947
426,21144.995254626,21144.996165405,,2,GPU-5443d59d-561f-ed1e-da42-1975937205f9,ok,0,0,453,27.354,36,210,405,439,292
426,21144.995254626,21144.996685455,,3,GPU-46bf67bb-cb31-bee1-3cf0-c35337ba97d2,ok,0,0,453,27.246,39,210,405,439,341
426,21144.995254626,21144.996123825,,4,GPU-127e16de-2b5f-dde9-1932-b4e29bb818c0,ok,0,0,453,24.448,34,210,405,390,292
427,21145.995254626,21145.996038563,,0,GPU-9b96eb67-aeee-89d5-aa85-fc650af4e25c,ok,0,0,714,26.635,36,210,405,439,292
427,21145.995254626,21145.996001923,,1,GPU-37ffc98b-8551-c8a1-5f3c-27ade9ae735a,ok,95,59,11370,344.704,75,1560,9501,6835,20214
427,21145.995254626,21145.996186483,,2,GPU-5443d59d-561f-ed1e-da42-1975937205f9,ok,0,0,453,27.352,36,210,405,439,292
427,21145.995254626,21145.996074503,,3,GPU-46bf67bb-cb31-bee1-3cf0-c35337ba97d2,ok,0,0,453,27.431,39,210,405,390,341
427,21145.995254626,21145.996216653,,4,GPU-127e16de-2b5f-dde9-1932-b4e29bb818c0,ok,0,0,453,24.544,34,210,405,439,292
428,21146.995254626,21146.996123901,,0,GPU-9b96eb67-aeee-89d5-aa85-fc650af4e25c,ok,0,0,714,26.646,36,210,405,439,292
428,21146.995254626,21146.996202281,,1,GPU-37ffc98b-8551-c8a1-5f3c-27ade9ae735a,ok,95,56,11370,342.585,75,1680,9501,7031,20947
428,21146.995254626,21146.996086921,,2,GPU-5443d59d-561f-ed1e-da42-1975937205f9,ok,0,0,453,27.202,36,210,405,439,292
428,21146.995254626,21146.996172351,,3,GPU-46bf67bb-cb31-bee1-3cf0-c35337ba97d2,ok,0,0,453,27.333,39,210,405,439,341
428,21146.995254626,21146.996058911,,4,GPU-127e16de-2b5f-dde9-1932-b4e29bb818c0,ok,0,0,453,24.293,34,210,405,439,292
429,21147.995254626,21147.996148129,,0,GPU-9b96eb67-aeee-89d5-aa85-fc650af4e25c,ok,0,0,714,26.719,36,210,405,488,341
429,21147.995254626,21147.995848049,,1,GPU-37ffc98b-8551-c8a1-5f3c-27ade9ae735a,ok,100,56,11370,342.067,75,1755,9501,6152,20214
429,21147.995254626,21147.996059349,,2,GPU-5443d59d-561f-ed1e-da42-1975937205f9,ok,0,0,453,27.136,36,210,405,439,341
429,21147.995254626,21147.995977759,,3,GPU-46bf67bb-cb31-bee1-3cf0-c35337ba97d2,ok,0,0,453,27.335,39,210,405,439,341
429,21147.995254626,21147.996093639,,4,GPU-127e16de-2b5f-dde9-1932-b4e29bb818c0,ok,0,0,453,24.364,34,210,405,439,292
430,21148.995254626,21148.996187417,,0,GPU-9b96eb67-aeee-89d5-aa85-fc650af4e25c,ok,0,0,714,26.498,36,210,405,439,341
430,21148.995254626,21148.995933677,,1,GPU-37ffc98b-8551-c8a1-5f3c-27ade9ae735a,ok,100,46,11370,341.615,75,1680,9501,9082,12890
430,21148.995254626,21148.996213247,,2,GPU-5443d59d-561f-ed1e-da42-1975937205f9,ok,0,0,453,27.059,36,210,405,390,292
430,21148.995254626,21148.995975137,,3,GPU-46bf67bb-cb31-bee1-3cf0-c35337ba97d2,ok,0,0,453,27.452,39,210,405,439,292
430,21148.995254626,21148.996161197,,4,GPU-127e16de-2b5f-dde9-1932-b4e29bb818c0,ok,0,0,453,24.576,34,210,405,439,341
431,21149.995254626,21149.996595975,,0,GPU-9b96eb67-aeee-89d5-aa85-fc650af4e25c,ok,0,0,714,26.446,36,210,405,390,292
431,21149.995254626,21149.996554985,,1,GPU-37ffc98b-8551-c8a1-5f3c-27ade9ae735a,ok,100,45,11370,340.6,75,1665,9501,8007,22851
431,21149.995254626,21149.995972995,,2,GPU-5443d59d-561f-ed1e-da42-1975937205f9,ok,0,0,453,27.21,36,210,405,439,292
431,21149.995254626,21149.995992865,,3,GPU-46bf67bb-cb31-bee1-3cf0-c35337ba97d2,ok,0,0,453,27.327,39,210,405,390,292
431,21149.995254626,21149.995801955,,4,GPU-127e16de-2b5f-dde9-1932-b4e29bb818c0,ok,0,0,453,24.669,34,210,405,439,292
432,21150.995254626,21150.996215013,,0,GPU-9b96eb67-aeee-89d5-aa85-fc650af4e25c,ok,0,0,714,26.425,36,210,405,390,292
432,21150.995254626,21150.996145503,,1,GPU-37ffc98b-8551-c8a1-5f3c-27ade9ae735a,ok,100,48,11370,344.141,75,1620,9501,8300,24121
432,21150.995254626,21150.996237133,,2,GPU-5443d59d-561f-ed1e-da42-1975937205f9,ok,0,0,453,27.482,36,210,405,439,292
432,21150.995254626,21150.996109973,,3,GPU-46bf67bb-cb31-bee1-3cf0-c35337ba97d2,ok,0,0,453,27.372,39,210,405,439,292
432,21150.995254626,21150.995935663,,4,GPU-127e16de-2b5f-dde9-1932-b4e29bb818c0,ok,0,0,453,24.528,34,210,405,439,341
433,21151.995254626,21151.996226501,,0,GPU-9b96eb67-aeee-89d5-aa85-fc650af4e25c,ok,0,0,714,26.373,36,210,405,439,341
433,21151.995254626,21151.995646611,,1,GPU-37ffc98b-8551-c8a1-5f3c-27ade9ae735a,ok,94,64,11370,344.423,76,1530,9501,7128,19140
433,21151.995254626,21151.996180701,,2,GPU-5443d59d-561f-ed1e-da42-1975937205f9,ok,0,0,453,27.442,36,210,405,439,292
433,21151.995254626,21151.996314751,,3,GPU-46bf67bb-cb31-bee1-3cf0-c35337ba97d2,ok,0,0,453,27.501,39,210,405,439,292
433,21151.995254626,21151.996339931,,4,GPU-127e16de-2b5f-dde9-1932-b4e29bb818c0,ok,0,0,453,24.569,34,210,405,439,292
434,21152.995254626,21152.996083449,,0,GPU-9b96eb67-aeee-89d5-aa85-fc650af4e25c,ok,0,0,714,26.46,36,210,405,390,292
434,21152.995254626,21152.995834479,,1,GPU-37ffc98b-8551-c8a1-5f3c-27ade9ae735a,ok,95,56,11370,339.794,75,1680,9501,7031,20166
434,21152.995254626,21152.996072459,,2,GPU-5443d59d-561f-ed1e-da42-1975937205f9,ok,0,0,453,27.322,36,210,405,488,341
434,21152.995254626,21152.996002939,,3,GPU-46bf67bb-cb31-bee1-3cf0-c35337ba97d2,ok,0,0,453,27.352,39,210,405,390,292
434,21152.995254626,21152.996442789,,4,GPU-127e16de-2b5f-dde9-1932-b4e29bb818c0,ok,0,0,453,24.718,34,210,405,390,292
435,21153.995254626,21153.996066447,,0,GPU-9b96eb67-aeee-89d5-aa85-fc650af4e25c,ok,0,0,714,26.374,36,210,405,390,341
435,21153.995254626,21153.996135257,,1,GPU-37ffc98b-8551-c8a1-5f3c-27ade9ae735a,ok,99,55,11370,341.691,75,1755,9501,7080,19628
435,21153.995254626,21153.995899547,,2,GPU-5443d59d-561f-ed1e-da42-1975937205f9,ok,0,0,453,27.368,36,210,405,439,341
435,21153.995254626,21153.996601397,,3,GPU-46bf67bb-cb31-bee1-3cf0-c35337ba97d2,ok,0,0,453,27.334,39,210,405,439,292
435,21153.995254626,21153.996051087,,4,GPU-127e16de-2b5f-dde9-1932-b4e29bb818c0,ok,0,0,453,24.562,34,210,405,439,292
436,21154.995254626,21154.996370595,,0,GPU-9b96eb67-aeee-89d5-aa85-fc650af4e25c,ok,0,0,714,26.402,36,210,405,390,292
436,21154.995254626,21154.995761925,,1,GPU-37ffc98b-8551-c8a1-5f3c-27ade9ae735a,ok,100,46,11370,342.78,75,1680,9501,9423,8789
436,21154.995254626,21154.995926795,,2,GPU-5443d59d-561f-ed1e-da42-1975937205f9,ok,0,0,453,27.312,36,210,405,390,292
436,21154.995254626,21154.996200435,,3,GPU-46bf67bb-cb31-bee1-3cf0-c35337ba97d2,ok,0,0,453,27.461,39,210,405,439,292
436,21154.995254626,21154.996336645,,4,GPU-127e16de-2b5f-dde9-1932-b4e29bb818c0,ok,0,0,453,24.3,34,210,405,439,341
437,21155.995254626,21155.995996413,,0,GPU-9b96eb67-aeee-89d5-aa85-fc650af4e25c,ok,0,0,714,26.542,36,210,405,439,292
437,21155.995254626,21155.995961223,,1,GPU-37ffc98b-8551-c8a1-5f3c-27ade9ae735a,ok,100,45,11370,339.99,75,1665,9501,7275,23486
437,21155.995254626,21155.996089473,,2,GPU-5443d59d-561f-ed1e-da42-1975937205f9,ok,0,0,453,27.306,36,210,405,390,292
437,21155.995254626,21155.996047233,,3,GPU-46bf67bb-cb31-bee1-3cf0-c35337ba97d2,ok,0,0,453,27.373,39,210,405,390,341
437,21155.995254626,21155.998021243,,4,GPU-127e16de-2b5f-dde9-1932-b4e29bb818c0,ok,0,0,453,24.278,34,210,405,439,292
438,21156.995254626,21156.996202681,,0,GPU-9b96eb67-aeee-89d5-aa85-fc650af4e25c,ok,0,0,714,26.417,36,210,405,390,341
438,21156.995254626,21156.996144171,,1,GPU-37ffc98b-8551-c8a1-5f3c-27ade9ae735a,ok,100,48,11370,343.605,75,1620,9501,8007,23193
438,21156.995254626,21156.995947931,,2,GPU-5443d59d-561f-ed1e-da42-1975937205f9,ok,0,0,453,27.394,36,210,405,439,341
438,21156.995254626,21156.996189101,,3,GPU-46bf67bb-cb31-bee1-3cf0-c35337ba97d2,ok,0,0,453,27.422,39,210,405,439,341
438,21156.995254626,21156.996111451,,4,GPU-127e16de-2b5f-dde9-1932-b4e29bb818c0,ok,0,0,453,24.46,34,210,405,439,292
439,21157.995254626,21157.996129199,,0,GPU-9b96eb67-aeee-89d5-aa85-fc650af4e25c,ok,0,0,714,26.391,36,210,405,390,292
439,21157.995254626,21157.996069279,,1,GPU-37ffc98b-8551-c8a1-5f3c-27ade9ae735a,ok,95,64,11370,344.018,76,1515,9501,7226,19921
439,21157.995254626,21157.996045879,,2,GPU-5443d59d-561f-ed1e-da42-1975937205f9,ok,0,0,453,27.308,36,210,405,439,341
439,21157.995254626,21157.995890499,,3,GPU-46bf67bb-cb31-bee1-3cf0-c35337ba97d2,ok,0,0,453,27.567,39,210,405,439,341
439,21157.995254626,21157.996599089,,4,GPU-127e16de-2b5f-dde9-1932-b4e29bb818c0,ok,0,0,453,24.312,34,210,405,439,341
440,21158.995254626,21158.996486417,,0,GPU-9b96eb67-aeee-89d5-aa85-fc650af4e25c,ok,0,0,714,26.577,36,210,405,439,292
440,21158.995254626,21158.995918807,,1,GPU-37ffc98b-8551-c8a1-5f3c-27ade9ae735a,ok,95,56,11370,339.664,75,1680,9501,6787,20214
440,21158.995254626,21158.996658067,,2,GPU-5443d59d-561f-ed1e-da42-1975937205f9,ok,0,0,453,27.372,36,210,405,439,292
440,21158.995254626,21158.995757767,,3,GPU-46bf67bb-cb31-bee1-3cf0-c35337ba97d2,ok,0,0,453,27.45,39,210,405,390,341
440,21158.995254626,21158.996617967,,4,GPU-127e16de-2b5f-dde9-1932-b4e29bb818c0,ok,0,0,453,24.265,34,210,405,439,292
441,21159.995254626,21159.996050065,,0,GPU-9b96eb67-aeee-89d5-aa85-fc650af4e25c,ok,0,0,714,26.504,36,210,405,439,292
441,21159.995254626,21159.996176995,,1,GPU-37ffc98b-8551-c8a1-5f3c-27ade9ae735a,ok,97,55,11370,340.879,74,1770,9501,6835,20312
441,21159.995254626,21159.996211885,,2,GPU-5443d59d-561f-ed1e-da42-1975937205f9,ok,0,0,453,27.455,36,210,405,439,292
441,21159.995254626,21159.996235835,,3,GPU-46bf67bb-cb31-bee1-3cf0-c35337ba97d2,ok,0,0,453,27.447,39,210,405,390,292
441,21159.995254626,21159.996022715,,4,GPU-127e16de-2b5f-dde9-1932-b4e29bb818c0,ok,0,0,453,24.446,34,210,405,390,292
442,21160.995254626,21160.996147013,,0,GPU-9b96eb67-aeee-89d5-aa85-fc650af4e25c,ok,0,0,714,26.477,36,210,405,439,292
442,21160.995254626,21160.995915203,,1,GPU-37ffc98b-8551-c8a1-5f3c-27ade9ae735a,ok,100,48,11370,342.078,75,1695,9501,7763,13769
442,21160.995254626,21160.996113603,,2,GPU-5443d59d-561f-ed1e-da42-1975937205f9,ok,0,0,453,27.307,36,210,405,439,341
442,21160.995254626,21160.995876993,,3,GPU-46bf67bb-cb31-bee1-3cf0-c35337ba97d2,ok,0,0,453,27.589,39,210,405,439,292
442,21160.995254626,21160.996915633,,4,GPU-127e16de-2b5f-dde9-1932-b4e29bb818c0,ok,0,0,453,24.51,34,210,405,439,292
443,21161.995254626,21161.996432101,,0,GPU-9b96eb67-aeee-89d5-aa85-fc650af4e25c,ok,0,0,714,26.638,36,210,405,439,341
443,21161.995254626,21161.995882071,,1,GPU-37ffc98b-8551-c8a1-5f3c-27ade9ae735a,ok,100,44,11370,340.837,75,1680,9501,7812,21337
443,21161.995254626,21161.996028891,,2,GPU-5443d59d-561f-ed1e-da42-1975937205f9,ok,0,0,453,27.393,36,210,405,439,292
443,21161.995254626,21161.997040351,,3,GPU-46bf67bb-cb31-bee1-3cf0-c35337ba97d2,ok,0,0,453,27.432,39,210,405,439,292
443,21161.995254626,21161.996388811,,4,GPU-127e16de-2b5f-dde9-1932-b4e29bb818c0,ok,0,0,453,24.219,34,210,405,439,292
444,21162.995254626,21162.996084529,,0,GPU-9b96eb67-aeee-89d5-aa85-fc650af4e25c,ok,0,0,714,26.393,36,210,405,439,292
444,21162.995254626,21162.996041579,,1,GPU-37ffc98b-8551-c8a1-5f3c-27ade9ae735a,ok,100,47,11370,342.716,75,1650,9501,5517,22949
444,21162.995254626,21162.996150579,,2,GPU-5443d59d-561f-ed1e-da42-1975937205f9,ok,0,0,453,27.512,36,210,405,439,292
444,21162.995254626,21162.996202869,,3,GPU-46bf67bb-cb31-bee1-3cf0-c35337ba97d2,ok,0,0,453,27.405,39,210,405,439,292
444,21162.995254626,21162.996801909,,4,GPU-127e16de-2b5f-dde9-1932-b4e29bb818c0,ok,0,0,453,24.219,34,210,405,439,292
445,21163.995254626,21163.996134667,,0,GPU-9b96eb67-aeee-89d5-aa85-fc650af4e25c,ok,0,0,714,26.26,36,210,405,390,292
445,21163.995254626,21163.996240687,,1,GPU-37ffc98b-8551-c8a1-5f3c-27ade9ae735a,ok,94,55,11370,345.003,76,1605,9501,6884,30078
445,21163.995254626,21163.996276587,,2,GPU-5443d59d-561f-ed1e-da42-1975937205f9,ok,0,0,453,27.428,36,210,405,390,292
445,21163.995254626,21163.996073667,,3,GPU-46bf67bb-cb31-bee1-3cf0-c35337ba97d2,ok,0,0,453,27.546,39,210,405,390,292
445,21163.995254626,21163.996177507,,4,GPU-127e16de-2b5f-dde9-1932-b4e29bb818c0,ok,0,0,453,24.416,34,210,405,439,341
446,21164.995254626,21164.996935555,,0,GPU-9b96eb67-aeee-89d5-aa85-fc650af4e25c,ok,0,0,714,26.419,36,210,405,439,292
446,21164.995254626,21164.995913035,,1,GPU-37ffc98b-8551-c8a1-5f3c-27ade9ae735a,ok,93,57,11370,342.779,76,1560,9501,6884,20263
446,21164.995254626,21164.995984415,,2,GPU-5443d59d-561f-ed1e-da42-1975937205f9,ok,0,0,453,27.541,36,210,405,390,341
446,21164.995254626,21164.996109585,,3,GPU-46bf67bb-cb31-bee1-3cf0-c35337ba97d2,ok,0,0,453,27.387,39,210,405,439,292
446,21164.995254626,21164.996122255,,4,GPU-127e16de-2b5f-dde9-1932-b4e29bb818c0,ok,0,0,453,24.195,34,210,405,439,292
447,21165.995254626,21165.996287423,,0,GPU-9b96eb67-aeee-89d5-aa85-fc650af4e25c,ok,0,0,714,26.37,36,210,405,439,292
447,21165.995254626,21165.995966363,,1,GPU-37ffc98b-8551-c8a1-5f3c-27ade9ae735a,ok,94,54,11370,340.162,74,1680,9501,6640,20019
447,21165.995254626,21165.996202083,,2,GPU-5443d59d-561f-ed1e-da42-1975937205f9,ok,0,0,453,27.707,36,210,405,390,292
447,21165.995254626,21165.996320283,,3,GPU-46bf67bb-cb31-bee1-3cf0-c35337ba97d2,ok,0,0,453,27.401,39,210,405,439,341
447,21165.995254626,21165.996265793,,4,GPU-127e16de-2b5f-dde9-1932-b4e29bb818c0,ok,0,0,453,24.249,34,210,405,439,292
448,21166.995254626,21166.997601631,,0,GPU-9b96eb67-aeee-89d5-aa85-fc650af4e25c,ok,0,0,714,26.485,36,210,405,439,341
448,21166.995254626,21166.996076341,,1,GPU-37ffc98b-8551-c8a1-5f3c-27ade9ae735a,ok,100,47,11370,341.923,75,1770,9501,3613,19775
448,21166.995254626,21166.995978061,,2,GPU-5443d59d-561f-ed1e-da42-1975937205f9,ok,0,0,453,27.672,36,210,405,439,292
448,21166.995254626,21166.995942651,,3,GPU-46bf67bb-cb31-bee1-3cf0-c35337ba97d2,ok,0,0,453,27.231,39,210,405,439,341
448,21166.995254626,21166.996174941,,4,GPU-127e16de-2b5f-dde9-1932-b4e29bb818c0,ok,0,0,453,24.493,34,210,405,390,292
449,21167.995254626,21167.996013149,,0,GPU-9b96eb67-aeee-89d5-aa85-fc650af4e25c,ok,0,0,714,26.611,36,210,405,488,292
449,21167.995254626,21167.996133719,,1,GPU-37ffc98b-8551-c8a1-5f3c-27ade9ae735a,ok,100,39,11370,341.295,75,1695,9501,8105,22265
449,21167.995254626,21167.996168759,,2,GPU-5443d59d-561f-ed1e-da42-1975937205f9,ok,0,0,453,27.666,36,210,405,439,292
449,21167.995254626,21167.996237859,,3,GPU-46bf67bb-cb31-bee1-3cf0-c35337ba97d2,ok,0,0,453,27.264,39,210,405,439,292
449,21167.995254626,21167.996262349,,4,GPU-127e16de-2b5f-dde9-1932-b4e29bb818c0,ok,0,0,453,24.474,34,210,405,439,292
450,21168.995254626,21168.996158087,,0,GPU-9b96eb67-aeee-89d5-aa85-fc650af4e25c,ok,0,0,714,26.48,36,210,405,488,341
450,21168.995254626,21168.996113007,,1,GPU-37ffc98b-8551-c8a1-5f3c-27ade9ae735a,ok,100,47,11370,342.022,75,1665,9501,7324,23095
450,21168.995254626,21168.996268817,,2,GPU-5443d59d-561f-ed1e-da42-1975937205f9,ok,0,0,453,27.656,36,210,405,439,292
450,21168.995254626,21168.996232997,,3,GPU-46bf67bb-cb31-bee1-3cf0-c35337ba97d2,ok,0,0,453,27.398,39,210,405,439,292
450,21168.995254626,21168.996022297,,4,GPU-127e16de-2b5f-dde9-1932-b4e29bb818c0,ok,0,0,453,24.533,34,210,405,439,292
451,21169.995254626,21169.995686305,,0,GPU-9b96eb67-aeee-89d5-aa85-fc650af4e25c,ok,0,0,714,26.527,36,210,405,390,341
451,21169.995254626,21169.995848135,,1,GPU-37ffc98b-8551-c8a1-5f3c-27ade9ae735a,ok,100,52,11370,344.034,75,1620,9501,8154,26708
451,21169.995254626,21169.996807105,,2,GPU-5443d59d-561f-ed1e-da42-1975937205f9,ok,0,0,453,27.353,36,210,405,439,341
451,21169.995254626,21169.996388815,,3,GPU-46bf67bb-cb31-bee1-3cf0-c35337ba97d2,ok,0,0,453,27.38,39,210,405,439,341
451,21169.995254626,21169.996836835,,4,GPU-127e16de-2b5f-dde9-1932-b4e29bb818c0,ok,0,0,453,24.746,34,210,405,439,292
452,21170.995254626,21170.996166383,,0,GPU-9b96eb67-aeee-89d5-aa85-fc650af4e25c,ok,0,0,714,26.696,36,210,405,439,292
452,21170.995254626,21170.996099133,,1,GPU-37ffc98b-8551-c8a1-5f3c-27ade9ae735a,ok,95,58,11370,342.807,76,1530,9501,6933,21533
452,21170.995254626,21170.995916523,,2,GPU-5443d59d-561f-ed1e-da42-1975937205f9,ok,0,0,453,27.303,36,210,405,439,341
452,21170.995254626,21170.996065373,,3,GPU-46bf67bb-cb31-bee1-3cf0-c35337ba97d2,ok,0,0,453,27.419,39,210,405,439,341
452,21170.995254626,21170.996192103,,4,GPU-127e16de-2b5f-dde9-1932-b4e29bb818c0,ok,0,0,453,24.554,34,210,405,439,292
453,21171.995254626,21171.995957651,,0,GPU-9b96eb67-aeee-89d5-aa85-fc650af4e25c,ok,0,0,714,26.621,36,210,405,439,292
453,21171.995254626,21171.995922261,,1,GPU-37ffc98b-8551-c8a1-5f3c-27ade9ae735a,ok,95,54,11370,338.742,75,1680,9501,6884,20166
453,21171.995254626,21171.995891251,,2,GPU-5443d59d-561f-ed1e-da42-1975937205f9,ok,0,0,453,27.519,36,210,405,439,341
453,21171.995254626,21171.997967392,,3,GPU-46bf67bb-cb31-bee1-3cf0-c35337ba97d2,ok,0,0,453,27.544,39,210,405,390,341
453,21171.995254626,21171.998024372,,4,GPU-127e16de-2b5f-dde9-1932-b4e29bb818c0,ok,0,0,453,24.497,34,210,405,390,341
454,21172.995254626,21172.996547599,,0,GPU-9b96eb67-aeee-89d5-aa85-fc650af4e25c,ok,0,0,714,26.575,36,210,405,439,292
454,21172.995254626,21172.996100279,,1,GPU-37ffc98b-8551-c8a1-5f3c-27ade9ae735a,ok,100,48,11370,340.767,75,1755,9501,5566,20263
454,21172.995254626,21172.995791179,,2,GPU-5443d59d-561f-ed1e-da42-1975937205f9,ok,0,0,453,27.426,36,210,405,439,292
454,21172.995254626,21172.995992819,,3,GPU-46bf67bb-cb31-bee1-3cf0-c35337ba97d2,ok,0,0,453,27.337,39,210,405,390,292
454,21172.995254626,21172.996030209,,4,GPU-127e16de-2b5f-dde9-1932-b4e29bb818c0,ok,0,0,453,24.536,34,210,405,488,341
455,21173.995254626,21173.996027987,,0,GPU-9b96eb67-aeee-89d5-aa85-fc650af4e25c,ok,0,0,714,26.631,36,210,405,439,292
455,21173.995254626,21173.996065667,,1,GPU-37ffc98b-8551-c8a1-5f3c-27ade9ae735a,ok,100,41,11370,341.201,75,1695,9501,8691,14160
455,21173.995254626,21173.995995617,,2,GPU-5443d59d-561f-ed1e-da42-1975937205f9,ok,0,0,453,27.463,36,210,405,439,292
455,21173.995254626,21173.998286298,,3,GPU-46bf67bb-cb31-bee1-3cf0-c35337ba97d2,ok,0,0,453,27.356,39,210,405,439,292
455,21173.995254626,21173.995958717,,4,GPU-127e16de-2b5f-dde9-1932-b4e29bb818c0,ok,0,0,453,24.405,34,210,405,439,292
456,21174.995254626,21174.996934335,,0,GPU-9b96eb67-aeee-89d5-aa85-fc650af4e25c,ok,0,0,714,26.418,36,210,405,439,341
456,21174.995254626,21174.995872115,,1,GPU-37ffc98b-8551-c8a1-5f3c-27ade9ae735a,ok,100,46,11370,341.38,75,1680,9501,7080,24121
456,21174.995254626,21174.996002805,,2,GPU-5443d59d-561f-ed1e-da42-1975937205f9,ok,0,0,453,27.546,36,210,405,439,292
456,21174.995254626,21174.995908555,,3,GPU-46bf67bb-cb31-bee1-3cf0-c35337ba97d2,ok,0,0,453,27.525,39,210,405,439,292
456,21174.995254626,21174.996056265,,4,GPU-127e16de-2b5f-dde9-1932-b4e29bb818c0,ok,0,0,453,24.35,34,210,405,439,292
457,21175.995254626,21175.996226573,,0,GPU-9b96eb67-aeee-89d5-aa85-fc650af4e25c,ok,0,0,714,26.446,36,210,405,439,292
457,21175.995254626,21175.995976843,,1,GPU-37ffc98b-8551-c8a1-5f3c-27ade9ae735a,ok,100,50,11370,344.409,75,1620,9501,9277,22509
457,21175.995254626,21175.997540454,,2,GPU-5443d59d-561f-ed1e-da42-1975937205f9,ok,0,0,453,27.378,36,210,405,439,292
457,21175.995254626,21175.996251693,,3,GPU-46bf67bb-cb31-bee1-3cf0-c35337ba97d2,ok,0,0,453,27.386,39,210,405,439,292
457,21175.995254626,21175.996049773,,4,GPU-127e16de-2b5f-dde9-1932-b4e29bb818c0,ok,0,0,453,24.127,34,210,405,390,341
458,21176.995254626,21176.995770241,,0,GPU-9b96eb67-aeee-89d5-aa85-fc650af4e25c,ok,0,0,714,26.646,36,210,405,439,292
458,21176.995254626,21176.995794501,,1,GPU-37ffc98b-8551-c8a1-5f3c-27ade9ae735a,ok,94,58,11370,343.64,76,1530,9501,7177,20214
458,21176.995254626,21176.996870462,,2,GPU-5443d59d-561f-ed1e-da42-1975937205f9,ok,0,0,453,27.415,36,210,405,439,341
458,21176.995254626,21176.996900302,,3,GPU-46bf67bb-cb31-bee1-3cf0-c35337ba97d2,ok,0,0,453,27.423,39,210,405,439,292
458,21176.995254626,21176.996973592,,4,GPU-127e16de-2b5f-dde9-1932-b4e29bb818c0,ok,0,0,453,24.125,34,210,405,390,341
459,21177.995254626,21177.996293329,,0,GPU-9b96eb67-aeee-89d5-aa85-fc650af4e25c,ok,0,0,714,26.456,36,210,405,439,341
459,21177.995254626,21177.996281319,,1,GPU-37ffc98b-8551-c8a1-5f3c-27ade9ae735a,ok,94,56,11370,341.543,75,1590,9501,7177,19970
459,21177.995254626,21177.996168399,,2,GPU-5443d59d-561f-ed1e-da42-1975937205f9,ok,0,0,453,27.469,36,210,405,439,292
459,21177.995254626,21177.996198219,,3,GPU-46bf67bb-cb31-bee1-3cf0-c35337ba97d2,ok,0,0,453,27.529,39,210,405,439,292
459,21177.995254626,21177.996234949,,4,GPU-127e16de-2b5f-dde9-1932-b4e29bb818c0,ok,0,0,453,24.317,34,210,405,439,292
460,21178.995254626,21178.995884467,,0,GPU-9b96eb67-aeee-89d5-aa85-fc650af4e25c,ok,0,0,714,26.437,36,210,405,390,341
460,21178.995254626,21178.996087737,,1,GPU-37ffc98b-8551-c8a1-5f3c-27ade9ae735a,ok,100,53,11370,341.935,75,1680,9501,7080,19287
460,21178.995254626,21178.997166688,,2,GPU-5443d59d-561f-ed1e-da42-1975937205f9,ok,0,0,453,27.391,36,210,405,439,292
460,21178.995254626,21178.996058727,,3,GPU-46bf67bb-cb31-bee1-3cf0-c35337ba97d2,ok,0,0,453,27.34,39,210,405,439,292
460,21178.995254626,21178.995918097,,4,GPU-127e16de-2b5f-dde9-1932-b4e29bb818c0,ok,0,0,453,24.445,34,210,405,439,341
461,21179.995254626,21179.996072245,,0,GPU-9b96eb67-aeee-89d5-aa85-fc650af4e25c,ok,0,0,714,26.549,36,210,405,439,292
461,21179.995254626,21179.996047555,,1,GPU-37ffc98b-8551-c8a1-5f3c-27ade9ae735a,ok,100,44,11370,341.456,75,1695,9501,9033,8349
461,21179.995254626,21179.996032425,,2,GPU-5443d59d-561f-ed1e-da42-1975937205f9,ok,0,0,453,27.377,36,210,405,439,292
461,21179.995254626,21179.996253455,,3,GPU-46bf67bb-cb31-bee1-3cf0-c35337ba97d2,ok,0,0,453,27.368,39,210,405,439,292
461,21179.995254626,21179.996225055,,4,GPU-127e16de-2b5f-dde9-1932-b4e29bb818c0,ok,0,0,453,24.595,34,210,405,439,341
462,21180.995254626,21180.996180423,,0,GPU-9b96eb67-aeee-89d5-aa85-fc650af4e25c,ok,0,0,714,26.383,36,210,405,439,292
462,21180.995254626,21180.995856533,,1,GPU-37ffc98b-8551-c8a1-5f3c-27ade9ae735a,ok,100,45,11370,338.168,75,1665,9501,7226,23730
462,21180.995254626,21180.996078293,,2,GPU-5443d59d-561f-ed1e-da42-1975937205f9,ok,0,0,453,27.41,36,210,405,390,341
462,21180.995254626,21180.996154843,,3,GPU-46bf67bb-cb31-bee1-3cf0-c35337ba97d2,ok,0,0,453,27.497,39,210,405,439,341
462,21180.995254626,21180.996129193,,4,GPU-127e16de-2b5f-dde9-1932-b4e29bb818c0,ok,0,0,453,24.57,34,210,405,390,292
463,21181.995254626,21181.996937762,,0,GPU-9b96eb67-aeee-89d5-aa85-fc650af4e25c,ok,0,0,714,26.339,36,210,405,390,292
463,21181.995254626,21181.995932791,,1,GPU-37ffc98b-8551-c8a1-5f3c-27ade9ae735a,ok,100,50,11370,342.671,75,1620,9501,8154,26025
463,21181.995254626,21181.996052481,,2,GPU-5443d59d-561f-ed1e-da42-1975937205f9,ok,0,0,453,27.284,36,210,405,439,292
463,21181.995254626,21181.996993082,,3,GPU-46bf67bb-cb31-bee1-3cf0-c35337ba97d2,ok,0,0,453,27.303,39,210,405,439,341
463,21181.995254626,21181.995892091,,4,GPU-127e16de-2b5f-dde9-1932-b4e29bb818c0,ok,0,0,453,24.521,34,210,405,439,292
464,21182.995254626,21182.996081489,,0,GPU-9b96eb67-aeee-89d5-aa85-fc650af4e25c,ok,0,0,714,26.427,36,210,405,390,292
464,21182.995254626,21182.996050449,,1,GPU-37ffc98b-8551-c8a1-5f3c-27ade9ae735a,ok,94,58,11370,344.353,75,1530,9501,6689,21044
464,21182.995254626,21182.996185129,,2,GPU-5443d59d-561f-ed1e-da42-1975937205f9,ok,0,0,453,27.256,36,210,405,439,292
464,21182.995254626,21182.996277749,,3,GPU-46bf67bb-cb31-bee1-3cf0-c35337ba97d2,ok,0,0,453,27.304,39,210,405,439,341
464,21182.995254626,21182.996225699,,4,GPU-127e16de-2b5f-dde9-1932-b4e29bb818c0,ok,0,0,453,24.441,34,210,405,439,341
465,21183.995254626,21183.995992587,,0,GPU-9b96eb67-aeee-89d5-aa85-fc650af4e25c,ok,0,0,714,26.272,36,210,405,439,292
465,21183.995254626,21183.996114867,,1,GPU-37ffc98b-8551-c8a1-5f3c-27ade9ae735a,ok,94,55,11370,341.137,75,1620,9501,6835,19628
465,21183.995254626,21183.996130297,,2,GPU-5443d59d-561f-ed1e-da42-1975937205f9,ok,0,0,453,27.382,36,210,405,439,341
465,21183.995254626,21183.996718118,,3,GPU-46bf67bb-cb31-bee1-3cf0-c35337ba97d2,ok,0,0,453,27.469,39,210,405,439,292
465,21183.995254626,21183.996054787,,4,GPU-127e16de-2b5f-dde9-1932-b4e29bb818c0,ok,0,0,453,24.378,34,210,405,439,341
466,21184.995254626,21184.995880725,,0,GPU-9b96eb67-aeee-89d5-aa85-fc650af4e25c,ok,0,0,714,26.351,36,210,405,439,292
466,21184.995254626,21184.996187335,,1,GPU-37ffc98b-8551-c8a1-5f3c-27ade9ae735a,ok,100,48,11370,340.529,75,1710,9501,6152,20263
466,21184.995254626,21184.996126285,,2,GPU-5443d59d-561f-ed1e-da42-1975937205f9,ok,0,0,453,27.267,36,210,405,439,292
466,21184.995254626,21184.996083395,,3,GPU-46bf67bb-cb31-bee1-3cf0-c35337ba97d2,ok,0,0,453,27.352,39,210,405,390,292
466,21184.995254626,21184.998167986,,4,GPU-127e16de-2b5f-dde9-1932-b4e29bb818c0,ok,0,0,453,24.192,34,210,405,439,292
467,21185.995254626,21185.995988393,,0,GPU-9b96eb67-aeee-89d5-aa85-fc650af4e25c,ok,0,0,714,26.591,36,210,405,488,292
467,21185.995254626,21185.996033973,,1,GPU-37ffc98b-8551-c8a1-5f3c-27ade9ae735a,ok,100,42,11370,339.711,75,1680,9501,9375,12158
467,21185.995254626,21185.995775023,,2,GPU-5443d59d-561f-ed1e-da42-1975937205f9,ok,0,0,453,27.175,36,210,405,439,292
467,21185.995254626,21185.996480574,,3,GPU-46bf67bb-cb31-bee1-3cf0-c35337ba97d2,ok,0,0,453,27.348,39,210,405,439,292
467,21185.995254626,21185.997453324,,4,GPU-127e16de-2b5f-dde9-1932-b4e29bb818c0,ok,0,0,453,24.085,34,210,405,439,292
468,21186.995254626,21186.996002951,,0,GPU-9b96eb67-aeee-89d5-aa85-fc650af4e25c,ok,0,0,714,26.508,36,210,405,439,292
468,21186.995254626,21186.996095542,,1,GPU-37ffc98b-8551-c8a1-5f3c-27ade9ae735a,ok,100,46,11370,340.238,75,1665,9501,7666,23632
468,21186.995254626,21186.995812231,,2,GPU-5443d59d-561f-ed1e-da42-1975937205f9,ok,0,0,453,27.121,36,210,405,439,292
468,21186.995254626,21186.996031391,,3,GPU-46bf67bb-cb31-bee1-3cf0-c35337ba97d2,ok,0,0,453,27.482,39,210,405,439,341
468,21186.995254626,21186.996550152,,4,GPU-127e16de-2b5f-dde9-1932-b4e29bb818c0,ok,0,0,453,24.227,34,210,405,439,292
469,21187.995254626,21187.99609715,,0,GPU-9b96eb67-aeee-89d5-aa85-fc650af4e25c,ok,0,0,714,26.513,36,210,405,439,292
469,21187.995254626,21187.99618323,,1,GPU-37ffc98b-8551-c8a1-5f3c-27ade9ae735a,ok,100,50,11370,344.078,75,1620,9501,8105,23339
469,21187.995254626,21187.995987469,,2,GPU-5443d59d-561f-ed1e-da42-1975937205f9,ok,0,0,453,27.191,36,210,405,390,292
469,21187.995254626,21187.99620804,,3,GPU-46bf67bb-cb31-bee1-3cf0-c35337ba97d2,ok,0,0,453,27.383,39,210,405,439,341
469,21187.995254626,21187.99611185,,4,GPU-127e16de-2b5f-dde9-1932-b4e29bb818c0,ok,0,0,453,24.06,34,210,405,390,341
470,21188.995254626,21188.996940398,,0,GPU-9b96eb67-aeee-89d5-aa85-fc650af4e25c,ok,0,0,714,26.427,36,210,405,439,341
470,21188.995254626,21188.995844277,,1,GPU-37ffc98b-8551-c8a1-5f3c-27ade9ae735a,ok,95,58,11370,344.15,75,1545,9501,7128,20019
470,21188.995254626,21188.995966698,,2,GPU-5443d59d-561f-ed1e-da42-1975937205f9,ok,0,0,453,27.373,36,210,405,439,292
470,21188.995254626,21188.996061138,,3,GPU-46bf67bb-cb31-bee1-3cf0-c35337ba97d2,ok,0,0,453,27.432,39,210,405,439,341
470,21188.995254626,21188.996262238,,4,GPU-127e16de-2b5f-dde9-1932-b4e29bb818c0,ok,0,0,453,23.924,34,210,405,439,292
471,21189.995254626,21189.996233536,,0,GPU-9b96eb67-aeee-89d5-aa85-fc650af4e25c,ok,0,0,714,26.48,36,210,405,439,292
471,21189.995254626,21189.996271856,,1,GPU-37ffc98b-8551-c8a1-5f3c-27ade9ae735a,ok,95,56,11370,342.098,75,1560,9501,7421,19433
471,21189.995254626,21189.996071916,,2,GPU-5443d59d-561f-ed1e-da42-1975937205f9,ok,0,0,453,27.334,36,210,405,390,292
471,21189.995254626,21189.996247686,,3,GPU-46bf67bb-cb31-bee1-3cf0-c35337ba97d2,ok,0,0,453,27.598,39,210,405,439,292
471,21189.995254626,21189.996048176,,4,GPU-127e16de-2b5f-dde9-1932-b4e29bb818c0,ok,0,0,453,24.096,34,210,405,439,292
472,21190.995254626,21190.995964314,,0,GPU-9b96eb67-aeee-89d5-aa85-fc650af4e25c,ok,0,0,714,26.572,36,210,405,390,292
472,21190.995254626,21190.995808514,,1,GPU-37ffc98b-8551-c8a1-5f3c-27ade9ae735a,ok,100,55,11370,342.584,75,1680,9501,6835,19433
472,21190.995254626,21190.996980984,,2,GPU-5443d59d-561f-ed1e-da42-1975937205f9,ok,0,0,453,27.329,36,210,405,439,292
472,21190.995254626,21190.996372514,,3,GPU-46bf67bb-cb31-bee1-3cf0-c35337ba97d2,ok,0,0,453,27.353,39,210,405,439,292
472,21190.995254626,21190.996390124,,4,GPU-127e16de-2b5f-dde9-1932-b4e29bb818c0,ok,0,0,453,24.3,34,210,405,439,292
473,21191.995254626,21191.996198462,,0,GPU-9b96eb67-aeee-89d5-aa85-fc650af4e25c,ok,0,0,714,26.487,36,210,405,439,292
473,21191.995254626,21191.996151572,,1,GPU-37ffc98b-8551-c8a1-5f3c-27ade9ae735a,ok,100,46,11370,342.424,75,1695,9501,7031,10498
473,21191.995254626,21191.996335702,,2,GPU-5443d59d-561f-ed1e-da42-1975937205f9,ok,0,0,453,27.453,36,210,405,390,292
473,21191.995254626,21191.996380832,,3,GPU-46bf67bb-cb31-bee1-3cf0-c35337ba97d2,ok,0,0,453,27.25,39,210,405,439,292
473,21191.995254626,21191.996357102,,4,GPU-127e16de-2b5f-dde9-1932-b4e29bb818c0,ok,0,0,453,24.246,34,210,405,439,292
474,21192.995254626,21192.99592261,,0,GPU-9b96eb67-aeee-89d5-aa85-fc650af4e25c,ok,0,0,714,26.535,36,210,405,439,292
474,21192.995254626,21192.99647472,,1,GPU-37ffc98b-8551-c8a1-5f3c-27ade9ae735a,ok,100,45,11370,340.823,75,1680,9501,7617,24609
474,21192.995254626,21192.99577108,,2,GPU-5443d59d-561f-ed1e-da42-1975937205f9,ok,0,0,453,27.381,36,210,405,439,341
474,21192.995254626,21192.9972109,,3,GPU-46bf67bb-cb31-bee1-3cf0-c35337ba97d2,ok,0,0,453,27.399,39,210,405,439,292
474,21192.995254626,21192.99714429,,4,GPU-127e16de-2b5f-dde9-1932-b4e29bb818c0,ok,0,0,453,24.201,34,210,405,390,292
475,21193.995254626,21193.996101938,,0,GPU-9b96eb67-aeee-89d5-aa85-fc650af4e25c,ok,0,0,714,26.609,36,210,405,439,341
475,21193.995254626,21193.995846418,,1,GPU-37ffc98b-8551-c8a1-5f3c-27ade9ae735a,ok,100,49,11370,343.857,75,1635,9501,5859,23828
475,21193.995254626,21193.996736128,,2,GPU-5443d59d-561f-ed1e-da42-1975937205f9,ok,0,0,453,27.411,36,210,405,439,292
475,21193.995254626,21193.996069728,,3,GPU-46bf67bb-cb31-bee1-3cf0-c35337ba97d2,ok,0,0,453,27.207,39,210,405,439,292
475,21193.995254626,21193.996693098,,4,GPU-127e16de-2b5f-dde9-1932-b4e29bb818c0,ok,0,0,453,24.179,34,210,405,439,341
476,21194.995254626,21194.995923266,,0,GPU-9b96eb67-aeee-89d5-aa85-fc650af4e25c,ok,0,0,714,26.448,36,210,405,439,341
476,21194.995254626,21194.996177226,,1,GPU-37ffc98b-8551-c8a1-5f3c-27ade9ae735a,ok,95,63,11370,343.231,76,1560,9501,7177,33886
476,21194.995254626,21194.996139566,,2,GPU-5443d59d-561f-ed1e-da42-1975937205f9,ok,0,0,453,27.591,36,210,405,390,292
476,21194.995254626,21194.996090886,,3,GPU-46bf67bb-cb31-bee1-3cf0-c35337ba97d2,ok,0,0,453,27.22,39,210,405,439,341
476,21194.995254626,21194.996191796,,4,GPU-127e16de-2b5f-dde9-1932-b4e29bb818c0,ok,0,0,453,24.246,34,210,405,439,341
477,21195.995254626,21195.995839374,,0,GPU-9b96eb67-aeee-89d5-aa85-fc650af4e25c,ok,0,0,714,26.448,36,210,405,439,292
477,21195.995254626,21195.996061024,,1,GPU-37ffc98b-8551-c8a1-5f3c-27ade9ae735a,ok,94,56,11370,339.412,75,1485,9501,7275,19482
477,21195.995254626,21195.996101624,,2,GPU-5443d59d-561f-ed1e-da42-1975937205f9,ok,0,0,453,27.411,36,210,405,439,292
477,21195.995254626,21195.997177354,,3,GPU-46bf67bb-cb31-bee1-3cf0-c35337ba97d2,ok,0,0,453,27.436,39,210,405,439,341
477,21195.995254626,21195.995874714,,4,GPU-127e16de-2b5f-dde9-1932-b4e29bb818c0,ok,0,0,453,24.205,34,210,405,439,292
478,21196.995254626,21196.995778922,,0,GPU-9b96eb67-aeee-89d5-aa85-fc650af4e25c,ok,0,0,714,26.591,36,210,405,439,292
478,21196.995254626,21196.996093432,,1,GPU-37ffc98b-8551-c8a1-5f3c-27ade9ae735a,ok,100,56,11370,341.512,74,1680,9501,7128,19140
478,21196.995254626,21196.996029692,,2,GPU-5443d59d-561f-ed1e-da42-1975937205f9,ok,0,0,453,27.315,36,210,405,439,341
478,21196.995254626,21196.996498232,,3,GPU-46bf67bb-cb31-bee1-3cf0-c35337ba97d2,ok,0,0,453,27.302,39,210,405,439,341
478,21196.995254626,21196.995972962,,4,GPU-127e16de-2b5f-dde9-1932-b4e29bb818c0,ok,0,0,453,23.905,34,210,405,439,292
479,21197.995254626,21197.99649877,,0,GPU-9b96eb67-aeee-89d5-aa85-fc650af4e25c,ok,0,0,714,26.505,36,210,405,439,341
479,21197.995254626,21197.99638164,,1,GPU-37ffc98b-8551-c8a1-5f3c-27ade9ae735a,ok,100,48,11370,341.941,75,1710,9501,5859,15722
479,21197.995254626,21197.99652994,,2,GPU-5443d59d-561f-ed1e-da42-1975937205f9,ok,0,0,453,27.493,36,210,405,439,292
479,21197.995254626,21197.99590208,,3,GPU-46bf67bb-cb31-bee1-3cf0-c35337ba97d2,ok,0,0,453,27.334,39,210,405,439,292
479,21197.995254626,21197.99571959,,4,GPU-127e16de-2b5f-dde9-1932-b4e29bb818c0,ok,0,0,453,24.152,34,210,405,439,341
480,21198.995254626,21198.996521768,,0,GPU-9b96eb67-aeee-89d5-aa85-fc650af4e25c,ok,0,0,714,26.516,36,210,405,439,292
480,21198.995254626,21198.996109578,,1,GPU-37ffc98b-8551-c8a1-5f3c-27ade9ae735a,ok,100,45,11370,340.959,74,1665,9501,8349,24072
480,21198.995254626,21198.996079478,,2,GPU-5443d59d-561f-ed1e-da42-1975937205f9,ok,0,0,453,27.431,36,210,405,439,292
480,21198.995254626,21198.995810778,,3,GPU-46bf67bb-cb31-bee1-3cf0-c35337ba97d2,ok,0,0,453,27.515,39,210,405,439,292
480,21198.995254626,21198.996061188,,4,GPU-127e16de-2b5f-dde9-1932-b4e29bb818c0,ok,0,0,453,24.474,34,210,405,439,292
481,21199.995254626,21199.996594976,,0,GPU-9b96eb67-aeee-89d5-aa85-fc650af4e25c,ok,0,0,714,26.757,36,210,405,439,292
481,21199.995254626,21199.996614266,,1,GPU-37ffc98b-8551-c8a1-5f3c-27ade9ae735a,ok,100,49,11370,343.464,75,1650,9501,7958,23583
481,21199.995254626,21199.995828016,,2,GPU-5443d59d-561f-ed1e-da42-1975937205f9,ok,0,0,453,27.412,36,210,405,390,341
481,21199.995254626,21199.995909986,,3,GPU-46bf67bb-cb31-bee1-3cf0-c35337ba97d2,ok,0,0,453,27.345,39,210,405,439,292
481,21199.995254626,21199.995972526,,4,GPU-127e16de-2b5f-dde9-1932-b4e29bb818c0,ok,0,0,453,24.34,34,210,405,439,292
482,21200.995254626,21200.995864444,,0,GPU-9b96eb67-aeee-89d5-aa85-fc650af4e25c,ok,0,0,714,26.622,36,210,405,439,292
482,21200.995254626,21200.995743754,,1,GPU-37ffc98b-8551-c8a1-5f3c-27ade9ae735a,ok,94,61,11370,344.689,75,1575,9501,6884,31445
482,21200.995254626,21200.996162904,,2,GPU-5443d59d-561f-ed1e-da42-1975937205f9,ok,0,0,453,27.477,36,210,405,439,292
482,21200.995254626,21200.996821564,,3,GPU-46bf67bb-cb31-bee1-3cf0-c35337ba97d2,ok,0,0,453,27.34,39,210,405,439,292
482,21200.995254626,21200.996226264,,4,GPU-127e16de-2b5f-dde9-1932-b4e29bb818c0,ok,0,0,453,24.242,34,210,405,390,292
483,21201.995254626,21201.995887642,,0,GPU-9b96eb67-aeee-89d5-aa85-fc650af4e25c,ok,0,0,714,26.501,36,210,405,390,292
483,21201.995254626,21201.997187562,,1,GPU-37ffc98b-8551-c8a1-5f3c-27ade9ae735a,ok,95,56,11370,341.138,75,1470,9501,6835,20312
483,21201.995254626,21201.997750252,,2,GPU-5443d59d-561f-ed1e-da42-1975937205f9,ok,0,0,453,27.357,36,210,405,439,292
483,21201.995254626,21201.995860892,,3,GPU-46bf67bb-cb31-bee1-3cf0-c35337ba97d2,ok,0,0,453,27.482,39,210,405,439,341
483,21201.995254626,21201.995961682,,4,GPU-127e16de-2b5f-dde9-1932-b4e29bb818c0,ok,0,0,453,24.338,34,210,405,439,341
484,21202.995254626,21202.9957918,,0,GPU-9b96eb67-aeee-89d5-aa85-fc650af4e25c,ok,0,0,714,26.593,36,210,405,439,341
484,21202.995254626,21202.99660293,,1,GPU-37ffc98b-8551-c8a1-5f3c-27ade9ae735a,ok,95,54,11370,339.131,74,1680,9501,7128,21044
484,21202.995254626,21202.99668861,,2,GPU-5443d59d-561f-ed1e-da42-1975937205f9,ok,0,0,453,27.415,36,210,405,439,341
484,21202.995254626,21202.99593513,,3,GPU-46bf67bb-cb31-bee1-3cf0-c35337ba97d2,ok,0,0,453,27.321,39,210,405,390,292
484,21202.995254626,21202.99664741,,4,GPU-127e16de-2b5f-dde9-1932-b4e29bb818c0,ok,0,0,453,24.464,34,210,405,439,292
485,21203.995254626,21203.995794618,,0,GPU-9b96eb67-aeee-89d5-aa85-fc650af4e25c,ok,0,0,714,26.618,36,210,405,390,341
485,21203.995254626,21203.996019178,,1,GPU-37ffc98b-8551-c8a1-5f3c-27ade9ae735a,ok,100,48,11370,340.84,75,1710,9501,3515,18115
485,21203.995254626,21203.998080748,,2,GPU-5443d59d-561f-ed1e-da42-1975937205f9,ok,0,0,453,27.469,36,210,405,439,292
485,21203.995254626,21203.996073898,,3,GPU-46bf67bb-cb31-bee1-3cf0-c35337ba97d2,ok,0,0,453,27.312,39,210,405,439,292
485,21203.995254626,21203.995979748,,4,GPU-127e16de-2b5f-dde9-1932-b4e29bb818c0,ok,0,0,453,24.494,34,210,405,439,292
486,21204.995254626,21204.996006486,,0,GPU-9b96eb67-aeee-89d5-aa85-fc650af4e25c,ok,0,0,714,26.629,36,210,405,390,292
486,21204.995254626,21204.995878736,,1,GPU-37ffc98b-8551-c8a1-5f3c-27ade9ae735a,ok,100,45,11370,341.781,75,1680,9501,8007,24462
486,21204.995254626,21204.995787396,,2,GPU-5443d59d-561f-ed1e-da42-1975937205f9,ok,0,0,453,27.345,36,210,405,439,292
486,21204.995254626,21204.996495766,,3,GPU-46bf67bb-cb31-bee1-3cf0-c35337ba97d2,ok,0,0,453,27.439,39,210,405,439,292
486,21204.995254626,21204.996838076,,4,GPU-127e16de-2b5f-dde9-1932-b4e29bb818c0,ok,0,0,453,24.495,34,210,405,390,341
487,21205.995254626,21205.996217054,,0,GPU-9b96eb67-aeee-89d5-aa85-fc650af4e25c,ok,0,0,714,26.628,36,210,405,390,292
487,21205.995254626,21205.996110164,,1,GPU-37ffc98b-8551-c8a1-5f3c-27ade9ae735a,ok,100,48,11370,343.403,74,1650,9501,7470,22998
487,21205.995254626,21205.996060654,,2,GPU-5443d59d-561f-ed1e-da42-1975937205f9,ok,0,0,453,27.3,36,210,405,439,292
487,21205.995254626,21205.996150924,,3,GPU-46bf67bb-cb31-bee1-3cf0-c35337ba97d2,ok,0,0,453,27.307,39,210,405,390,292
487,21205.995254626,21205.996189944,,4,GPU-127e16de-2b5f-dde9-1932-b4e29bb818c0,ok,0,0,453,24.664,34,210,405,439,292
488,21206.995254626,21206.995905132,,0,GPU-9b96eb67-aeee-89d5-aa85-fc650af4e25c,ok,0,0,714,26.431,36,210,405,439,292
488,21206.995254626,21206.995869582,,1,GPU-37ffc98b-8551-c8a1-5f3c-27ade9ae735a,ok,94,55,11370,345.283,75,1605,9501,8447,25927
488,21206.995254626,21206.998042313,,2,GPU-5443d59d-561f-ed1e-da42-1975937205f9,ok,0,0,453,27.305,36,210,405,439,341
488,21206.995254626,21206.995997432,,3,GPU-46bf67bb-cb31-bee1-3cf0-c35337ba97d2,ok,0,0,453,27.341,39,210,405,439,292
488,21206.995254626,21206.996038372,,4,GPU-127e16de-2b5f-dde9-1932-b4e29bb818c0,ok,0,0,453,24.685,34,210,405,439,292
489,21207.995254626,21207.99610631,,0,GPU-9b96eb67-aeee-89d5-aa85-fc650af4e25c,ok,0,0,714,26.347,36,210,405,439,341
489,21207.995254626,21207.99614463,,1,GPU-37ffc98b-8551-c8a1-5f3c-27ade9ae735a,ok,94,57,11370,342.778,75,1545,9501,6933,20898
489,21207.995254626,21207.99601012,,2,GPU-5443d59d-561f-ed1e-da42-1975937205f9,ok,0,0,453,27.203,36,210,405,439,292
489,21207.995254626,21207.99622405,,3,GPU-46bf67bb-cb31-bee1-3cf0-c35337ba97d2,ok,0,0,453,27.357,39,210,405,439,292
489,21207.995254626,21207.99619219,,4,GPU-127e16de-2b5f-dde9-1932-b4e29bb818c0,ok,0,0,453,24.585,34,210,405,439,341
490,21208.995254626,21208.995890618,,0,GPU-9b96eb67-aeee-89d5-aa85-fc650af4e25c,ok,0,0,714,26.57,36,210,405,439,292
490,21208.995254626,21208.996153108,,1,GPU-37ffc98b-8551-c8a1-5f3c-27ade9ae735a,ok,95,55,11370,341.529,74,1680,9501,6982,21337
490,21208.995254626,21208.995926258,,2,GPU-5443d59d-561f-ed1e-da42-1975937205f9,ok,0,0,453,27.289,36,210,405,439,292
490,21208.995254626,21208.996116158,,3,GPU-46bf67bb-cb31-bee1-3cf0-c35337ba97d2,ok,0,0,453,27.355,39,210,405,390,292
490,21208.995254626,21208.996026148,,4,GPU-127e16de-2b5f-dde9-1932-b4e29bb818c0,ok,0,0,453,24.426,34,210,405,439,341
491,21209.995254626,21209.995947886,,0,GPU-9b96eb67-aeee-89d5-aa85-fc650af4e25c,ok,0,0,714,26.51,36,210,405,439,292
491,21209.995254626,21209.996173716,,1,GPU-37ffc98b-8551-c8a1-5f3c-27ade9ae735a,ok,100,48,11370,342.486,75,1755,9501,6396,19335
491,21209.995254626,21209.996072646,,2,GPU-5443d59d-561f-ed1e-da42-1975937205f9,ok,0,0,453,27.588,36,210,405,439,292
491,21209.995254626,21209.996201966,,3,GPU-46bf67bb-cb31-bee1-3cf0-c35337ba97d2,ok,0,0,453,27.457,39,210,405,439,341
491,21209.995254626,21209.996226186,,4,GPU-127e16de-2b5f-dde9-1932-b4e29bb818c0,ok,0,0,453,24.298,34,210,405,439,292
492,21210.995254626,21210.995848064,,0,GPU-9b96eb67-aeee-89d5-aa85-fc650af4e25c,ok,0,0,714,26.564,36,210,405,439,292
492,21210.995254626,21210.997060184,,1,GPU-37ffc98b-8551-c8a1-5f3c-27ade9ae735a,ok,100,42,11370,341.194,74,1695,9501,8300,11865
492,21210.995254626,21210.997670625,,2,GPU-5443d59d-561f-ed1e-da42-1975937205f9,ok,0,0,453,27.507,36,210,405,488,292
492,21210.995254626,21210.995959764,,3,GPU-46bf67bb-cb31-bee1-3cf0-c35337ba97d2,ok,0,0,453,27.244,39,210,405,439,341
492,21210.995254626,21210.995813294,,4,GPU-127e16de-2b5f-dde9-1932-b4e29bb818c0,ok,0,0,453,24.395,34,210,405,439,292
493,21211.995254626,21211.996088462,,0,GPU-9b96eb67-aeee-89d5-aa85-fc650af4e25c,ok,0,0,714,26.732,36,210,405,439,292
493,21211.995254626,21211.996202872,,1,GPU-37ffc98b-8551-c8a1-5f3c-27ade9ae735a,ok,100,46,11370,341.24,74,1680,9501,8154,21435
493,21211.995254626,21211.996142672,,2,GPU-5443d59d-561f-ed1e-da42-1975937205f9,ok,0,0,453,27.479,36,210,405,439,341
493,21211.995254626,21211.995927882,,3,GPU-46bf67bb-cb31-bee1-3cf0-c35337ba97d2,ok,0,0,453,27.3,39,210,405,439,292
493,21211.995254626,21211.996190642,,4,GPU-127e16de-2b5f-dde9-1932-b4e29bb818c0,ok,0,0,453,24.415,34,210,405,439,341
494,21212.995254626,21212.99609106,,0,GPU-9b96eb67-aeee-89d5-aa85-fc650af4e25c,ok,0,0,714,26.45,36,210,405,439,292
494,21212.995254626,21212.9960533,,1,GPU-37ffc98b-8551-c8a1-5f3c-27ade9ae735a,ok,100,49,11370,344.195,75,1635,9501,6835,23046
494,21212.995254626,21212.99581528,,2,GPU-5443d59d-561f-ed1e-da42-1975937205f9,ok,0,0,453,27.619,36,210,405,439,292
494,21212.995254626,21212.99651981,,3,GPU-46bf67bb-cb31-bee1-3cf0-c35337ba97d2,ok,0,0,453,27.536,39,210,405,390,292
494,21212.995254626,21212.99611646,,4,GPU-127e16de-2b5f-dde9-1932-b4e29bb818c0,ok,0,0,453,24.417,34,210,405,390,341
495,21213.995254626,21213.995969858,,0,GPU-9b96eb67-aeee-89d5-aa85-fc650af4e25c,ok,0,0,714,26.414,36,210,405,439,292
495,21213.995254626,21213.996528978,,1,GPU-37ffc98b-8551-c8a1-5f3c-27ade9ae735a,ok,94,59,11370,344.739,75,1605,9501,7226,34814
495,21213.995254626,21213.996004988,,2,GPU-5443d59d-561f-ed1e-da42-1975937205f9,ok,0,0,453,27.507,36,210,405,439,292
495,21213.995254626,21213.996487228,,3,GPU-46bf67bb-cb31-bee1-3cf0-c35337ba97d2,ok,0,0,453,27.397,39,210,405,439,292
495,21213.995254626,21213.995799348,,4,GPU-127e16de-2b5f-dde9-1932-b4e29bb818c0,ok,0,0,453,24.388,34,210,405,439,292
496,21214.995254626,21214.995918426,,0,GPU-9b96eb67-aeee-89d5-aa85-fc650af4e25c,ok,0,0,714,26.673,36,210,405,439,341
496,21214.995254626,21214.996128566,,1,GPU-37ffc98b-8551-c8a1-5f3c-27ade9ae735a,ok,94,56,11370,341.66,74,1560,9501,7275,21777
496,21214.995254626,21214.996036896,,2,GPU-5443d59d-561f-ed1e-da42-1975937205f9,ok,0,0,453,27.532,36,210,405,439,292
496,21214.995254626,21214.996002596,,3,GPU-46bf67bb-cb31-bee1-3cf0-c35337ba97d2,ok,0,0,453,27.426,39,210,405,439,292
496,21214.995254626,21214.996078186,,4,GPU-127e16de-2b5f-dde9-1932-b4e29bb818c0,ok,0,0,453,24.381,34,210,405,439,292
497,21215.995254626,21215.996000164,,0,GPU-9b96eb67-aeee-89d5-aa85-fc650af4e25c,ok,0,0,714,26.563,36,210,405,439,341
497,21215.995254626,21215.996093974,,1,GPU-37ffc98b-8551-c8a1-5f3c-27ade9ae735a,ok,99,56,11370,342.448,74,1680,9501,6982,21044
497,21215.995254626,21215.996183614,,2,GPU-5443d59d-561f-ed1e-da42-1975937205f9,ok,0,0,453,27.658,36,210,405,439,341
497,21215.995254626,21215.996140774,,3,GPU-46bf67bb-cb31-bee1-3cf0-c35337ba97d2,ok,0,0,453,27.56,39,210,405,439,341
497,21215.995254626,21215.996216594,,4,GPU-127e16de-2b5f-dde9-1932-b4e29bb818c0,ok,0,0,453,24.351,34,210,405,439,341
498,21216.995254626,21216.995962132,,0,GPU-9b96eb67-aeee-89d5-aa85-fc650af4e25c,ok,0,0,714,26.469,36,210,405,390,292
498,21216.995254626,21216.996017252,,1,GPU-37ffc98b-8551-c8a1-5f3c-27ade9ae735a,ok,100,48,11370,342.175,74,1755,9501,3466,19873
498,21216.995254626,21216.996127732,,2,GPU-5443d59d-561f-ed1e-da42-1975937205f9,ok,0,0,453,27.566,36,210,405,439,292
498,21216.995254626,21216.996180002,,3,GPU-46bf67bb-cb31-bee1-3cf0-c35337ba97d2,ok,0,0,453,27.407,39,210,405,439,341
498,21216.995254626,21216.996083202,,4,GPU-127e16de-2b5f-dde9-1932-b4e29bb818c0,ok,0,0,453,24.414,34,210,405,439,292
499,21217.995254626,21217.99606445,,0,GPU-9b96eb67-aeee-89d5-aa85-fc650af4e25c,ok,0,0,714,26.557,36,210,405,439,292
499,21217.995254626,21217.99600224,,1,GPU-37ffc98b-8551-c8a1-5f3c-27ade9ae735a,ok,100,45,11370,341.102,74,1695,9501,7958,21777
499,21217.995254626,21217.99615415,,2,GPU-5443d59d-561f-ed1e-da42-1975937205f9,ok,0,0,453,27.557,36,210,405,439,292
499,21217.995254626,21217.99612897,,3,GPU-46bf67bb-cb31-bee1-3cf0-c35337ba97d2,ok,0,0,453,27.426,39,210,405,390,292
499,21217.995254626,21217.99603835,,4,GPU-127e16de-2b5f-dde9-1932-b4e29bb818c0,ok,0,0,453,24.586,34,210,405,390,292
500,21218.995254626,21218.995920918,,0,GPU-9b96eb67-aeee-89d5-aa85-fc650af4e25c,ok,0,0,714,26.441,36,210,405,439,292
500,21218.995254626,21218.997127259,,1,GPU-37ffc98b-8551-c8a1-5f3c-27ade9ae735a,ok,100,47,11370,343.738,74,1680,9501,7617,24169
500,21218.995254626,21218.995754028,,2,GPU-5443d59d-561f-ed1e-da42-1975937205f9,ok,0,0,453,27.646,36,210,405,390,292
500,21218.995254626,21218.996002598,,3,GPU-46bf67bb-cb31-bee1-3cf0-c35337ba97d2,ok,0,0,453,27.577,39,210,405,390,292
500,21218.995254626,21218.996482398,,4,GPU-127e16de-2b5f-dde9-1932-b4e29bb818c0,ok,0,0,453,24.427,34,210,405,439,292
501,21219.995254626,21219.995903576,,0,GPU-9b96eb67-aeee-89d5-aa85-fc650af4e25c,ok,0,0,714,26.421,36,210,405,439,341
501,21219.995254626,21219.996148266,,1,GPU-37ffc98b-8551-c8a1-5f3c-27ade9ae735a,ok,95,54,11370,344.697,75,1635,9501,9912,22607
501,21219.995254626,21219.995946906,,2,GPU-5443d59d-561f-ed1e-da42-1975937205f9,ok,0,0,453,27.631,36,210,405,439,341
501,21219.995254626,21219.996174806,,3,GPU-46bf67bb-cb31-bee1-3cf0-c35337ba97d2,ok,0,0,453,27.397,39,210,405,439,292
501,21219.995254626,21219.996225516,,4,GPU-127e16de-2b5f-dde9-1932-b4e29bb818c0,ok,0,0,453,24.359,34,210,405,439,341
502,21220.995254626,21220.996077144,,0,GPU-9b96eb67-aeee-89d5-aa85-fc650af4e25c,ok,0,0,714,26.547,36,210,405,439,292
502,21220.995254626,21220.995914434,,1,GPU-37ffc98b-8551-c8a1-5f3c-27ade9ae735a,ok,95,57,11370,343.248,75,1545,9501,6689,21435
502,21220.995254626,21220.996091754,,2,GPU-5443d59d-561f-ed1e-da42-1975937205f9,ok,0,0,453,27.668,36,210,405,439,341
502,21220.995254626,21220.996846365,,3,GPU-46bf67bb-cb31-bee1-3cf0-c35337ba97d2,ok,0,0,453,27.342,39,210,405,439,292
502,21220.995254626,21220.995877554,,4,GPU-127e16de-2b5f-dde9-1932-b4e29bb818c0,ok,0,0,453,24.358,34,210,405,439,292
503,21221.995254626,21221.995868312,,0,GPU-9b96eb67-aeee-89d5-aa85-fc650af4e25c,ok,0,0,714,26.435,36,210,405,439,292
503,21221.995254626,21221.996013482,,1,GPU-37ffc98b-8551-c8a1-5f3c-27ade9ae735a,ok,95,55,11370,341.964,74,1545,9501,6738,20410
503,21221.995254626,21221.997176673,,2,GPU-5443d59d-561f-ed1e-da42-1975937205f9,ok,0,0,453,27.645,36,210,405,390,292
503,21221.995254626,21221.996051242,,3,GPU-46bf67bb-cb31-bee1-3cf0-c35337ba97d2,ok,0,0,453,27.407,39,210,405,439,292
503,21221.995254626,21221.995831742,,4,GPU-127e16de-2b5f-dde9-1932-b4e29bb818c0,ok,0,0,453,24.362,34,210,405,439,292
504,21222.995254626,21222.99619622,,0,GPU-9b96eb67-aeee-89d5-aa85-fc650af4e25c,ok,0,0,714,26.475,36,210,405,390,292
504,21222.995254626,21222.99617356,,1,GPU-37ffc98b-8551-c8a1-5f3c-27ade9ae735a,ok,100,48,11370,342.879,74,1680,9501,7031,18798
504,21222.995254626,21222.9960263,,2,GPU-5443d59d-561f-ed1e-da42-1975937205f9,ok,0,0,453,27.692,36,210,405,390,292
504,21222.995254626,21222.99606179,,3,GPU-46bf67bb-cb31-bee1-3cf0-c35337ba97d2,ok,0,0,453,27.229,39,210,405,439,292
504,21222.995254626,21222.99610139,,4,GPU-127e16de-2b5f-dde9-1932-b4e29bb818c0,ok,0,0,453,24.471,34,210,405,390,292
505,21223.995254626,21223.996005018,,0,GPU-9b96eb67-aeee-89d5-aa85-fc650af4e25c,ok,0,0,714,26.662,36,210,405,390,341
505,21223.995254626,21223.996135848,,1,GPU-37ffc98b-8551-c8a1-5f3c-27ade9ae735a,ok,100,42,11370,341.005,74,1710,9501,7714,12939
505,21223.995254626,21223.996031238,,2,GPU-5443d59d-561f-ed1e-da42-1975937205f9,ok,0,0,453,27.713,36,210,405,439,341
505,21223.995254626,21223.996159778,,3,GPU-46bf67bb-cb31-bee1-3cf0-c35337ba97d2,ok,0,0,453,27.315,39,210,405,439,341
505,21223.995254626,21223.996066448,,4,GPU-127e16de-2b5f-dde9-1932-b4e29bb818c0,ok,0,0,453,24.46,34,210,405,439,341
506,21224.995254626,21224.996146756,,0,GPU-9b96eb67-aeee-89d5-aa85-fc650af4e25c,ok,0,0,714,26.487,36,210,405,439,341
506,21224.995254626,21224.995956636,,1,GPU-37ffc98b-8551-c8a1-5f3c-27ade9ae735a,ok,100,46,11370,340.034,74,1680,9501,7812,21533
506,21224.995254626,21224.996041486,,2,GPU-5443d59d-561f-ed1e-da42-1975937205f9,ok,0,0,453,27.461,36,210,405,439,292
506,21224.995254626,21224.997632117,,3,GPU-46bf67bb-cb31-bee1-3cf0-c35337ba97d2,ok,0,0,453,27.502,39,210,405,439,341
506,21224.995254626,21224.995917816,,4,GPU-127e16de-2b5f-dde9-1932-b4e29bb818c0,ok,0,0,453,24.407,34,210,405,439,341
507,21225.995254626,21225.996510645,,0,GPU-9b96eb67-aeee-89d5-aa85-fc650af4e25c,ok,0,0,714,26.436,36,210,405,439,292
507,21225.995254626,21225.996449775,,1,GPU-37ffc98b-8551-c8a1-5f3c-27ade9ae735a,ok,100,50,11370,343.477,74,1650,9501,5419,24218
507,21225.995254626,21225.995903764,,2,GPU-5443d59d-561f-ed1e-da42-1975937205f9,ok,0,0,453,27.378,36,210,405,439,341
507,21225.995254626,21225.995919724,,3,GPU-46bf67bb-cb31-bee1-3cf0-c35337ba97d2,ok,0,0,453,27.317,39,210,405,390,292
507,21225.995254626,21225.995719964,,4,GPU-127e16de-2b5f-dde9-1932-b4e29bb818c0,ok,0,0,453,24.231,34,210,405,439,292
508,21226.995254626,21226.995898562,,0,GPU-9b96eb67-aeee-89d5-aa85-fc650af4e25c,ok,0,0,714,26.517,36,210,405,439,292
508,21226.995254626,21226.995928742,,1,GPU-37ffc98b-8551-c8a1-5f3c-27ade9ae735a,ok,95,59,11370,343.919,75,1605,9501,6982,34863
508,21226.995254626,21226.996932313,,2,GPU-5443d59d-561f-ed1e-da42-1975937205f9,ok,0,0,453,27.522,36,210,405,439,292
508,21226.995254626,21226.996118852,,3,GPU-46bf67bb-cb31-bee1-3cf0-c35337ba97d2,ok,0,0,453,27.267,39,210,405,439,292
508,21226.995254626,21226.996073482,,4,GPU-127e16de-2b5f-dde9-1932-b4e29bb818c0,ok,0,0,453,24.002,34,210,405,439,292
509,21227.995254626,21227.99620098,,0,GPU-9b96eb67-aeee-89d5-aa85-fc650af4e25c,ok,0,0,714,26.553,36,210,405,439,292
509,21227.995254626,21227.9959578,,1,GPU-37ffc98b-8551-c8a1-5f3c-27ade9ae735a,ok,95,56,11370,342.058,74,1560,9501,6884,21093
509,21227.995254626,21227.99604619,,2,GPU-5443d59d-561f-ed1e-da42-1975937205f9,ok,0,0,453,27.454,36,210,405,439,341
509,21227.995254626,21227.99618921,,3,GPU-46bf67bb-cb31-bee1-3cf0-c35337ba97d2,ok,0,0,453,27.521,39,210,405,439,292
509,21227.995254626,21227.9959936,,4,GPU-127e16de-2b5f-dde9-1932-b4e29bb818c0,ok,0,0,453,23.975,34,210,405,439,292
510,21228.995254626,21228.995962248,,0,GPU-9b96eb67-aeee-89d5-aa85-fc650af4e25c,ok,0,0,714,26.605,36,210,405,439,292
510,21228.995254626,21228.996192659,,1,GPU-37ffc98b-8551-c8a1-5f3c-27ade9ae735a,ok,99,56,11370,342.581,74,1665,9501,7080,20361
510,21228.995254626,21228.996167998,,2,GPU-5443d59d-561f-ed1e-da42-1975937205f9,ok,0,0,453,27.37,36,210,405,488,292
510,21228.995254626,21228.996142278,,3,GPU-46bf67bb-cb31-bee1-3cf0-c35337ba97d2,ok,0,0,453,27.429,39,210,405,439,292
510,21228.995254626,21228.996115978,,4,GPU-127e16de-2b5f-dde9-1932-b4e29bb818c0,ok,0,0,453,24.114,34,210,405,390,292
511,21229.995254626,21229.996644937,,0,GPU-9b96eb67-aeee-89d5-aa85-fc650af4e25c,ok,0,0,714,26.451,36,210,405,439,292
511,21229.995254626,21229.996145317,,1,GPU-37ffc98b-8551-c8a1-5f3c-27ade9ae735a,ok,100,48,11370,342.062,74,1755,9501,4003,19335
511,21229.995254626,21229.995944606,,2,GPU-5443d59d-561f-ed1e-da42-1975937205f9,ok,0,0,453,27.411,36,210,405,439,292
511,21229.995254626,21229.996201187,,3,GPU-46bf67bb-cb31-bee1-3cf0-c35337ba97d2,ok,0,0,453,27.39,39,210,405,390,292
511,21229.995254626,21229.996171557,,4,GPU-127e16de-2b5f-dde9-1932-b4e29bb818c0,ok,0,0,453,24.159,34,210,405,439,292
512,21230.995254626,21230.996033825,,0,GPU-9b96eb67-aeee-89d5-aa85-fc650af4e25c,ok,0,0,714,26.484,36,210,405,439,341
512,21230.995254626,21230.996126835,,1,GPU-37ffc98b-8551-c8a1-5f3c-27ade9ae735a,ok,100,45,11370,340.813,74,1695,9501,8544,17822
512,21230.995254626,21230.996153985,,2,GPU-5443d59d-561f-ed1e-da42-1975937205f9,ok,0,0,453,27.285,36,210,405,390,341
512,21230.995254626,21230.996001174,,3,GPU-46bf67bb-cb31-bee1-3cf0-c35337ba97d2,ok,0,0,453,27.569,39,210,405,439,341
512,21230.995254626,21230.996186335,,4,GPU-127e16de-2b5f-dde9-1932-b4e29bb818c0,ok,0,0,453,24.104,34,210,405,439,341
513,21231.995254626,21231.996174183,,0,GPU-9b96eb67-aeee-89d5-aa85-fc650af4e25c,ok,0,0,714,26.611,36,210,405,439,341
513,21231.995254626,21231.995892892,,1,GPU-37ffc98b-8551-c8a1-5f3c-27ade9ae735a,ok,100,48,11370,342.372,74,1680,9501,7031,23242
513,21231.995254626,21231.996087993,,2,GPU-5443d59d-561f-ed1e-da42-1975937205f9,ok,0,0,453,27.305,36,210,405,439,292
513,21231.995254626,21231.996159143,,3,GPU-46bf67bb-cb31-bee1-3cf0-c35337ba97d2,ok,0,0,453,27.367,39,210,405,439,341
513,21231.995254626,21231.996121033,,4,GPU-127e16de-2b5f-dde9-1932-b4e29bb818c0,ok,0,0,453,24.015,34,210,405,439,292
514,21232.995254626,21232.996093221,,0,GPU-9b96eb67-aeee-89d5-aa85-fc650af4e25c,ok,0,0,714,26.44,36,210,405,439,292
514,21232.995254626,21232.998343671,,1,GPU-37ffc98b-8551-c8a1-5f3c-27ade9ae735a,ok,91,56,11370,345.1,75,1620,9501,9912,19921
514,21232.995254626,21232.995959421,,2,GPU-5443d59d-561f-ed1e-da42-1975937205f9,ok,0,0,453,27.451,36,210,405,439,292
514,21232.995254626,21232.995991991,,3,GPU-46bf67bb-cb31-bee1-3cf0-c35337ba97d2,ok,0,0,453,27.354,39,210,405,439,292
514,21232.995254626,21232.996043581,,4,GPU-127e16de-2b5f-dde9-1932-b4e29bb818c0,ok,0,0,453,24.081,34,210,405,390,292
515,21233.995254626,21233.995934569,,0,GPU-9b96eb67-aeee-89d5-aa85-fc650af4e25c,ok,0,0,714,26.527,36,210,405,439,292
515,21233.995254626,21233.996040599,,1,GPU-37ffc98b-8551-c8a1-5f3c-27ade9ae735a,ok,94,56,11370,342.292,74,1530,9501,6933,20751
515,21233.995254626,21233.996075129,,2,GPU-5443d59d-561f-ed1e-da42-1975937205f9,ok,0,0,453,27.394,36,210,405,439,341
515,21233.995254626,21233.996642619,,3,GPU-46bf67bb-cb31-bee1-3cf0-c35337ba97d2,ok,0,0,453,27.532,39,210,405,439,292
515,21233.995254626,21233.995998929,,4,GPU-127e16de-2b5f-dde9-1932-b4e29bb818c0,ok,0,0,453,24.286,34,210,405,439,292
516,21234.995254626,21234.996061757,,0,GPU-9b96eb67-aeee-89d5-aa85-fc650af4e25c,ok,0,0,714,26.674,36,210,405,390,292
516,21234.995254626,21234.996014327,,1,GPU-37ffc98b-8551-c8a1-5f3c-27ade9ae735a,ok,95,54,11370,339.624,73,1680,9501,7031,21240
516,21234.995254626,21234.996158357,,2,GPU-5443d59d-561f-ed1e-da42-1975937205f9,ok,0,0,453,27.43,36,210,405,439,341
516,21234.995254626,21234.996216617,,3,GPU-46bf67bb-cb31-bee1-3cf0-c35337ba97d2,ok,0,0,453,27.355,39,210,405,439,292
516,21234.995254626,21234.996188057,,4,GPU-127e16de-2b5f-dde9-1932-b4e29bb818c0,ok,0,0,453,24.247,34,210,405,439,341
517,21235.995254626,21235.995966295,,0,GPU-9b96eb67-aeee-89d5-aa85-fc650af4e25c,ok,0,0,714,26.57,36,210,405,390,341
517,21235.995254626,21235.995988255,,1,GPU-37ffc98b-8551-c8a1-5f3c-27ade9ae735a,ok,100,47,11370,339.488,74,1755,9501,5419,19335
517,21235.995254626,21235.996610335,,2,GPU-5443d59d-561f-ed1e-da42-1975937205f9,ok,0,0,453,27.535,36,210,405,439,292
517,21235.995254626,21235.996550645,,3,GPU-46bf67bb-cb31-bee1-3cf0-c35337ba97d2,ok,0,0,453,27.275,39,210,405,439,292
517,21235.995254626,21235.995820355,,4,GPU-127e16de-2b5f-dde9-1932-b4e29bb818c0,ok,0,0,453,24.165,34,210,405,439,292
518,21236.995254626,21236.996217473,,0,GPU-9b96eb67-aeee-89d5-aa85-fc650af4e25c,ok,0,0,714,26.625,36,210,405,390,292
518,21236.995254626,21236.996192233,,1,GPU-37ffc98b-8551-c8a1-5f3c-27ade9ae735a,ok,100,44,11370,338.913,74,1695,9501,8642,14990
518,21236.995254626,21236.995882533,,2,GPU-5443d59d-561f-ed1e-da42-1975937205f9,ok,0,0,453,27.47,36,210,405,439,292
518,21236.995254626,21236.996167003,,3,GPU-46bf67bb-cb31-bee1-3cf0-c35337ba97d2,ok,0,0,453,27.359,39,210,405,439,292
518,21236.995254626,21236.996067783,,4,GPU-127e16de-2b5f-dde9-1932-b4e29bb818c0,ok,0,0,453,24.088,34,210,405,390,292
519,21237.995254626,21237.995724261,,0,GPU-9b96eb67-aeee-89d5-aa85-fc650af4e25c,ok,0,0,714,26.74,36,210,405,439,292
519,21237.995254626,21237.995952871,,1,GPU-37ffc98b-8551-c8a1-5f3c-27ade9ae735a,ok,100,48,11370,341.577,74,1680,9501,7177,24218
519,21237.995254626,21237.997243111,,2,GPU-5443d59d-561f-ed1e-da42-1975937205f9,ok,0,0,453,27.537,36,210,405,439,341
519,21237.995254626,21237.996501731,,3,GPU-46bf67bb-cb31-bee1-3cf0-c35337ba97d2,ok,0,0,453,27.202,39,210,405,390,341
519,21237.995254626,21237.996544061,,4,GPU-127e16de-2b5f-dde9-1932-b4e29bb818c0,ok,0,0,453,24.174,34,210,405,439,292
520,21238.995254626,21238.996519449,,0,GPU-9b96eb67-aeee-89d5-aa85-fc650af4e25c,ok,0,0,714,26.574,36,210,405,439,292
520,21238.995254626,21238.995700289,,1,GPU-37ffc98b-8551-c8a1-5f3c-27ade9ae735a,ok,95,55,11370,343.991,75,1635,9501,9179,23730
520,21238.995254626,21238.996553319,,2,GPU-5443d59d-561f-ed1e-da42-1975937205f9,ok,0,0,453,27.575,36,210,405,439,341
520,21238.995254626,21238.995926659,,3,GPU-46bf67bb-cb31-bee1-3cf0-c35337ba97d2,ok,0,0,453,27.171,39,210,405,390,341
520,21238.995254626,21238.996593159,,4,GPU-127e16de-2b5f-dde9-1932-b4e29bb818c0,ok,0,0,453,24.333,34,210,405,439,341
521,21239.995254626,21239.996095897,,0,GPU-9b96eb67-aeee-89d5-aa85-fc650af4e25c,ok,0,0,714,26.511,36,210,405,439,341
521,21239.995254626,21239.995994987,,1,GPU-37ffc98b-8551-c8a1-5f3c-27ade9ae735a,ok,95,57,11370,342.956,75,1560,9501,7177,20117
521,21239.995254626,21239.995950327,,2,GPU-5443d59d-561f-ed1e-da42-1975937205f9,ok,0,0,453,27.438,36,210,405,390,292
521,21239.995254626,21239.996134147,,3,GPU-46bf67bb-cb31-bee1-3cf0-c35337ba97d2,ok,0,0,453,27.363,39,210,405,439,341
521,21239.995254626,21239.996061977,,4,GPU-127e16de-2b5f-dde9-1932-b4e29bb818c0,ok,0,0,453,24.257,34,210,405,439,341
522,21240.995254626,21240.996025505,,0,GPU-9b96eb67-aeee-89d5-aa85-fc650af4e25c,ok,0,0,714,26.588,36,210,405,439,292
522,21240.995254626,21240.995841025,,1,GPU-37ffc98b-8551-c8a1-5f3c-27ade9ae735a,ok,95,54,11370,340.784,74,1515,9501,7226,20068
522,21240.995254626,21240.996345015,,2,GPU-5443d59d-561f-ed1e-da42-1975937205f9,ok,0,0,453,27.519,36,210,405,439,292
522,21240.995254626,21240.996000645,,3,GPU-46bf67bb-cb31-bee1-3cf0-c35337ba97d2,ok,0,0,453,27.307,39,210,405,439,341
522,21240.995254626,21240.996057615,,4,GPU-127e16de-2b5f-dde9-1932-b4e29bb818c0,ok,0,0,453,24.285,34,210,405,390,292
523,21241.995254626,21241.996028083,,0,GPU-9b96eb67-aeee-89d5-aa85-fc650af4e25c,ok,0,0,714,26.502,36,210,405,390,341
523,21241.995254626,21241.995966623,,1,GPU-37ffc98b-8551-c8a1-5f3c-27ade9ae735a,ok,100,48,11370,341.982,74,1680,9501,6982,20410
523,21241.995254626,21241.995862783,,2,GPU-5443d59d-561f-ed1e-da42-1975937205f9,ok,0,0,453,27.629,36,210,405,439,292
523,21241.995254626,21241.996486983,,3,GPU-46bf67bb-cb31-bee1-3cf0-c35337ba97d2,ok,0,0,453,27.279,39,210,405,439,341
523,21241.995254626,21241.996976203,,4,GPU-127e16de-2b5f-dde9-1932-b4e29bb818c0,ok,0,0,453,24.308,34,210,405,439,292
524,21242.995254626,21242.996158721,,0,GPU-9b96eb67-aeee-89d5-aa85-fc650af4e25c,ok,0,0,714,26.49,36,210,405,439,341
524,21242.995254626,21242.996074481,,1,GPU-37ffc98b-8551-c8a1-5f3c-27ade9ae735a,ok,100,42,11370,340.767,74,1725,9501,5761,14013
524,21242.995254626,21242.996121691,,2,GPU-5443d59d-561f-ed1e-da42-1975937205f9,ok,0,0,453,27.551,36,210,405,439,292
524,21242.995254626,21242.995947431,,3,GPU-46bf67bb-cb31-bee1-3cf0-c35337ba97d2,ok,0,0,453,27.413,39,210,405,439,341
524,21242.995254626,21242.995985191,,4,GPU-127e16de-2b5f-dde9-1932-b4e29bb818c0,ok,0,0,453,24.424,34,210,405,390,292
525,21243.995254626,21243.996146449,,0,GPU-9b96eb67-aeee-89d5-aa85-fc650af4e25c,ok,0,0,714,26.533,36,210,405,439,292
525,21243.995254626,21243.996718949,,1,GPU-37ffc98b-8551-c8a1-5f3c-27ade9ae735a,ok,100,46,11370,341.569,74,1680,9501,8007,26757
525,21243.995254626,21243.996009179,,2,GPU-5443d59d-561f-ed1e-da42-1975937205f9,ok,0,0,453,27.533,36,210,405,390,292
525,21243.995254626,21243.996099989,,3,GPU-46bf67bb-cb31-bee1-3cf0-c35337ba97d2,ok,0,0,453,27.324,39,210,405,390,292
525,21243.995254626,21243.996163849,,4,GPU-127e16de-2b5f-dde9-1932-b4e29bb818c0,ok,0,0,453,24.446,34,210,405,439,341
526,21244.995254626,21244.996064587,,0,GPU-9b96eb67-aeee-89d5-aa85-fc650af4e25c,ok,0,0,714,26.409,36,210,405,439,292
526,21244.995254626,21244.996155827,,1,GPU-37ffc98b-8551-c8a1-5f3c-27ade9ae735a,ok,100,50,11370,343.346,74,1650,9501,7861,23632
526,21244.995254626,21244.995833067,,2,GPU-5443d59d-561f-ed1e-da42-1975937205f9,ok,0,0,453,27.571,36,210,405,390,341
526,21244.995254626,21244.996131097,,3,GPU-46bf67bb-cb31-bee1-3cf0-c35337ba97d2,ok,0,0,453,27.373,39,210,405,439,292
526,21244.995254626,21244.996094287,,4,GPU-127e16de-2b5f-dde9-1932-b4e29bb818c0,ok,0,0,453,24.273,34,210,405,439,292
527,21245.995254626,21245.995833255,,0,GPU-9b96eb67-aeee-89d5-aa85-fc650af4e25c,ok,0,0,714,26.558,36,210,405,439,341
527,21245.995254626,21245.995979485,,1,GPU-37ffc98b-8551-c8a1-5f3c-27ade9ae735a,ok,95,60,11370,340.786,75,1605,9501,6982,32373
527,21245.995254626,21245.996004695,,2,GPU-5443d59d-561f-ed1e-da42-1975937205f9,ok,0,0,453,27.541,36,210,405,439,292
527,21245.995254626,21245.996549765,,3,GPU-46bf67bb-cb31-bee1-3cf0-c35337ba97d2,ok,0,0,453,27.308,39,210,405,439,292
527,21245.995254626,21245.996044375,,4,GPU-127e16de-2b5f-dde9-1932-b4e29bb818c0,ok,0,0,453,24.322,34,210,405,439,292
528,21246.995254626,21246.996062543,,0,GPU-9b96eb67-aeee-89d5-aa85-fc650af4e25c,ok,0,0,714,26.794,36,210,405,439,341
528,21246.995254626,21246.995879133,,1,GPU-37ffc98b-8551-c8a1-5f3c-27ade9ae735a,ok,95,56,11370,341.227,74,1560,9501,7031,20605
528,21246.995254626,21246.996160753,,2,GPU-5443d59d-561f-ed1e-da42-1975937205f9,ok,0,0,453,27.581,36,210,405,390,292
528,21246.995254626,21246.996193243,,3,GPU-46bf67bb-cb31-bee1-3cf0-c35337ba97d2,ok,0,0,453,27.36,39,210,405,439,292
528,21246.995254626,21246.996421403,,4,GPU-127e16de-2b5f-dde9-1932-b4e29bb818c0,ok,0,0,453,24.553,34,210,405,390,292
529,21247.995254626,21247.996080971,,0,GPU-9b96eb67-aeee-89d5-aa85-fc650af4e25c,ok,0,0,714,26.582,36,210,405,439,292
529,21247.995254626,21247.996186661,,1,GPU-37ffc98b-8551-c8a1-5f3c-27ade9ae735a,ok,100,56,11370,343.945,74,1680,9501,7031,20410
529,21247.995254626,21247.995952451,,2,GPU-5443d59d-561f-ed1e-da42-1975937205f9,ok,0,0,453,27.664,36,210,405,439,292
529,21247.995254626,21247.996161541,,3,GPU-46bf67bb-cb31-bee1-3cf0-c35337ba97d2,ok,0,0,453,27.463,39,210,405,390,341
529,21247.995254626,21247.996227171,,4,GPU-127e16de-2b5f-dde9-1932-b4e29bb818c0,ok,0,0,453,24.584,34,210,405,390,341
530,21248.995254626,21248.996179089,,0,GPU-9b96eb67-aeee-89d5-aa85-fc650af4e25c,ok,0,0,714,26.61,36,210,405,439,292
530,21248.995254626,21248.996166639,,1,GPU-37ffc98b-8551-c8a1-5f3c-27ade9ae735a,ok,100,48,11370,343.573,74,1755,9501,5908,20605
530,21248.995254626,21248.996091429,,2,GPU-5443d59d-561f-ed1e-da42-1975937205f9,ok,0,0,453,27.565,36,210,405,439,341
530,21248.995254626,21248.995982979,,3,GPU-46bf67bb-cb31-bee1-3cf0-c35337ba97d2,ok,0,0,453,27.341,39,210,405,390,341
530,21248.995254626,21248.996132429,,4,GPU-127e16de-2b5f-dde9-1932-b4e29bb818c0,ok,0,0,453,24.334,34,210,405,439,292
531,21249.995254626,21249.995792217,,0,GPU-9b96eb67-aeee-89d5-aa85-fc650af4e25c,ok,0,0,714,26.804,36,210,405,439,292
531,21249.995254626,21249.996028707,,1,GPU-37ffc98b-8551-c8a1-5f3c-27ade9ae735a,ok,100,45,11370,341.839,74,1695,9501,9521,12109
531,21249.995254626,21249.996060907,,2,GPU-5443d59d-561f-ed1e-da42-1975937205f9,ok,0,0,453,27.504,36,210,405,439,292
531,21249.995254626,21249.995930457,,3,GPU-46bf67bb-cb31-bee1-3cf0-c35337ba97d2,ok,0,0,453,27.367,39,210,405,439,341
531,21249.995254626,21249.997125497,,4,GPU-127e16de-2b5f-dde9-1932-b4e29bb818c0,ok,0,0,453,24.054,34,210,405,439,292
532,21250.995254626,21250.995990465,,0,GPU-9b96eb67-aeee-89d5-aa85-fc650af4e25c,ok,0,0,714,26.688,36,210,405,439,341
532,21250.995254626,21250.995867905,,1,GPU-37ffc98b-8551-c8a1-5f3c-27ade9ae735a,ok,100,47,11370,341.221,74,1665,9501,7910,24511
532,21250.995254626,21250.996844905,,2,GPU-5443d59d-561f-ed1e-da42-1975937205f9,ok,0,0,453,27.543,36,210,405,439,292
532,21250.995254626,21250.996776505,,3,GPU-46bf67bb-cb31-bee1-3cf0-c35337ba97d2,ok,0,0,453,27.517,39,210,405,439,341
532,21250.995254626,21250.995783695,,4,GPU-127e16de-2b5f-dde9-1932-b4e29bb818c0,ok,0,0,453,24.142,34,210,405,439,341
533,21251.995254626,21251.995915693,,0,GPU-9b96eb67-aeee-89d5-aa85-fc650af4e25c,ok,0,0,714,26.815,36,210,405,439,341
533,21251.995254626,21251.996226843,,1,GPU-37ffc98b-8551-c8a1-5f3c-27ade9ae735a,ok,94,53,11370,340.242,74,1635,9501,8593,24169
533,21251.995254626,21251.996194123,,2,GPU-5443d59d-561f-ed1e-da42-1975937205f9,ok,0,0,453,27.455,36,210,405,439,292
533,21251.995254626,21251.996167753,,3,GPU-46bf67bb-cb31-bee1-3cf0-c35337ba97d2,ok,0,0,453,27.326,39,210,405,390,341
533,21251.995254626,21251.996143033,,4,GPU-127e16de-2b5f-dde9-1932-b4e29bb818c0,ok,0,0,453,24.37,34,210,405,439,292
534,21252.995254626,21252.995991101,,0,GPU-9b96eb67-aeee-89d5-aa85-fc650af4e25c,ok,0,0,714,27.016,36,210,405,439,292
534,21252.995254626,21252.995809931,,1,GPU-37ffc98b-8551-c8a1-5f3c-27ade9ae735a,ok,95,57,11370,340.93,74,1560,9501,7128,20410
534,21252.995254626,21252.995877071,,2,GPU-5443d59d-561f-ed1e-da42-1975937205f9,ok,0,0,453,27.515,36,210,405,439,292
534,21252.995254626,21252.996010321,,3,GPU-46bf67bb-cb31-bee1-3cf0-c35337ba97d2,ok,0,0,453,27.339,39,210,405,439,292
534,21252.995254626,21252.996232581,,4,GPU-127e16de-2b5f-dde9-1932-b4e29bb818c0,ok,0,0,453,24.329,34,210,405,390,292
535,21253.995254626,21253.996189559,,0,GPU-9b96eb67-aeee-89d5-aa85-fc650af4e25c,ok,0,0,714,26.807,36,210,405,439,292
535,21253.995254626,21253.996214349,,1,GPU-37ffc98b-8551-c8a1-5f3c-27ade9ae735a,ok,100,49,11370,344.227,74,1530,9501,7128,18994
535,21253.995254626,21253.996145069,,2,GPU-5443d59d-561f-ed1e-da42-1975937205f9,ok,0,0,453,27.727,36,210,405,439,341
535,21253.995254626,21253.996253419,,3,GPU-46bf67bb-cb31-bee1-3cf0-c35337ba97d2,ok,0,0,453,27.536,39,210,405,439,292
535,21253.995254626,21253.995987209,,4,GPU-127e16de-2b5f-dde9-1932-b4e29bb818c0,ok,0,0,453,24.369,34,210,405,390,292
536,21254.995254626,21254.996070487,,0,GPU-9b96eb67-aeee-89d5-aa85-fc650af4e25c,ok,0,0,714,26.781,36,210,405,439,341
536,21254.995254626,21254.996110447,,1,GPU-37ffc98b-8551-c8a1-5f3c-27ade9ae735a,ok,94,59,11370,345.047,74,1680,9501,7080,20507
536,21254.995254626,21254.995943407,,2,GPU-5443d59d-561f-ed1e-da42-1975937205f9,ok,0,0,453,27.602,36,210,405,390,292
536,21254.995254626,21254.995916477,,3,GPU-46bf67bb-cb31-bee1-3cf0-c35337ba97d2,ok,0,0,453,27.379,39,210,405,439,292
536,21254.995254626,21254.997124807,,4,GPU-127e16de-2b5f-dde9-1932-b4e29bb818c0,ok,0,0,453,24.338,34,210,405,439,341
537,21255.995254626,21255.996157815,,0,GPU-9b96eb67-aeee-89d5-aa85-fc650af4e25c,ok,0,0,714,26.763,36,210,405,439,341
537,21255.995254626,21255.995923785,,1,GPU-37ffc98b-8551-c8a1-5f3c-27ade9ae735a,ok,95,56,11370,342.024,74,1710,9501,4833,14208
537,21255.995254626,21255.996119205,,2,GPU-5443d59d-561f-ed1e-da42-1975937205f9,ok,0,0,453,27.458,36,210,405,390,292
537,21255.995254626,21255.996236745,,3,GPU-46bf67bb-cb31-bee1-3cf0-c35337ba97d2,ok,0,0,453,27.303,39,210,405,439,292
537,21255.995254626,21255.996206505,,4,GPU-127e16de-2b5f-dde9-1932-b4e29bb818c0,ok,0,0,453,24.305,34,210,405,439,292
538,21256.995254626,21256.995946093,,0,GPU-9b96eb67-aeee-89d5-aa85-fc650af4e25c,ok,0,0,714,26.786,36,210,405,439,292
538,21256.995254626,21256.995701423,,1,GPU-37ffc98b-8551-c8a1-5f3c-27ade9ae735a,ok,100,56,11370,341.714,74,1680,9501,7763,25683
538,21256.995254626,21256.996396303,,2,GPU-5443d59d-561f-ed1e-da42-1975937205f9,ok,0,0,453,27.58,36,210,405,390,341
538,21256.995254626,21256.995971993,,3,GPU-46bf67bb-cb31-bee1-3cf0-c35337ba97d2,ok,0,0,453,27.457,39,210,405,439,292
538,21256.995254626,21256.996431293,,4,GPU-127e16de-2b5f-dde9-1932-b4e29bb818c0,ok,0,0,453,24.352,34,210,405,390,292
539,21257.995254626,21257.996099281,,0,GPU-9b96eb67-aeee-89d5-aa85-fc650af4e25c,ok,0,0,714,26.918,36,210,405,439,292
539,21257.995254626,21257.996184241,,1,GPU-37ffc98b-8551-c8a1-5f3c-27ade9ae735a,ok,100,47,11370,341.916,74,1665,9501,7421,24121
539,21257.995254626,21257.995917821,,2,GPU-5443d59d-561f-ed1e-da42-1975937205f9,ok,0,0,453,27.576,36,210,405,390,341
539,21257.995254626,21257.996052321,,3,GPU-46bf67bb-cb31-bee1-3cf0-c35337ba97d2,ok,0,0,453,27.389,39,210,405,390,292
539,21257.995254626,21257.996221901,,4,GPU-127e16de-2b5f-dde9-1932-b4e29bb818c0,ok,0,0,453,24.34,34,210,405,439,292
540,21258.995254626,21258.996035139,,0,GPU-9b96eb67-aeee-89d5-aa85-fc650af4e25c,ok,0,0,714,26.823,36,210,405,488,341
540,21258.995254626,21258.995830849,,1,GPU-37ffc98b-8551-c8a1-5f3c-27ade9ae735a,ok,100,44,11370,340.541,75,1605,9501,7617,29199
540,21258.995254626,21258.996008659,,2,GPU-5443d59d-561f-ed1e-da42-1975937205f9,ok,0,0,453,27.626,36,210,405,439,292
540,21258.995254626,21258.996292459,,3,GPU-46bf67bb-cb31-bee1-3cf0-c35337ba97d2,ok,0,0,453,27.458,39,210,405,390,341
540,21258.995254626,21258.996330269,,4,GPU-127e16de-2b5f-dde9-1932-b4e29bb818c0,ok,0,0,453,24.341,34,210,405,439,292
541,21259.995254626,21259.996035447,,0,GPU-9b96eb67-aeee-89d5-aa85-fc650af4e25c,ok,0,0,714,26.821,36,210,405,390,341
541,21259.995254626,21259.995928037,,1,GPU-37ffc98b-8551-c8a1-5f3c-27ade9ae735a,ok,100,47,11370,341.866,74,1545,9501,7128,21630
541,21259.995254626,21259.995955057,,2,GPU-5443d59d-561f-ed1e-da42-1975937205f9,ok,0,0,453,27.582,36,210,405,439,292
541,21259.995254626,21259.996967137,,3,GPU-46bf67bb-cb31-bee1-3cf0-c35337ba97d2,ok,0,0,453,27.588,39,210,405,439,341
541,21259.995254626,21259.997621228,,4,GPU-127e16de-2b5f-dde9-1932-b4e29bb818c0,ok,0,0,453,24.142,34,210,405,439,292
542,21260.995254626,21260.996229495,,0,GPU-9b96eb67-aeee-89d5-aa85-fc650af4e25c,ok,0,0,714,26.946,36,210,405,390,292
542,21260.995254626,21260.995795465,,1,GPU-37ffc98b-8551-c8a1-5f3c-27ade9ae735a,ok,97,55,11370,344.712,73,1680,9501,6640,19970
542,21260.995254626,21260.996009315,,2,GPU-5443d59d-561f-ed1e-da42-1975937205f9,ok,0,0,453,27.513,36,210,405,439,341
542,21260.995254626,21260.996797585,,3,GPU-46bf67bb-cb31-bee1-3cf0-c35337ba97d2,ok,0,0,453,27.37,39,210,405,439,292
542,21260.995254626,21260.995873705,,4,GPU-127e16de-2b5f-dde9-1932-b4e29bb818c0,ok,0,0,453,24.058,34,210,405,439,292
543,21261.995254626,21261.996167513,,0,GPU-9b96eb67-aeee-89d5-aa85-fc650af4e25c,ok,0,0,714,26.77,36,210,405,390,292
543,21261.995254626,21261.996102793,,1,GPU-37ffc98b-8551-c8a1-5f3c-27ade9ae735a,ok,94,57,11370,342.033,74,1770,9501,5810,18847
543,21261.995254626,21261.996029623,,2,GPU-5443d59d-561f-ed1e-da42-1975937205f9,ok,0,0,453,27.535,36,210,405,439,292
543,21261.995254626,21261.996076433,,3,GPU-46bf67bb-cb31-bee1-3cf0-c35337ba97d2,ok,0,0,453,27.309,39,210,405,439,292
543,21261.995254626,21261.996129843,,4,GPU-127e16de-2b5f-dde9-1932-b4e29bb818c0,ok,0,0,453,24.275,34,210,405,439,292
544,21262.995254626,21262.995952731,,0,GPU-9b96eb67-aeee-89d5-aa85-fc650af4e25c,ok,0,0,714,26.769,36,210,405,390,292
544,21262.995254626,21262.995820351,,1,GPU-37ffc98b-8551-c8a1-5f3c-27ade9ae735a,ok,94,54,11370,340.62,74,1695,9501,9326,12158
544,21262.995254626,21262.995984271,,2,GPU-5443d59d-561f-ed1e-da42-1975937205f9,ok,0,0,453,27.399,36,210,405,439,292
544,21262.995254626,21262.996248571,,3,GPU-46bf67bb-cb31-bee1-3cf0-c35337ba97d2,ok,0,0,453,27.393,39,210,405,439,292
544,21262.995254626,21262.997504182,,4,GPU-127e16de-2b5f-dde9-1932-b4e29bb818c0,ok,0,0,453,24.38,34,210,405,439,292
545,21263.995254626,21263.995893619,,0,GPU-9b96eb67-aeee-89d5-aa85-fc650af4e25c,ok,0,0,714,26.818,36,210,405,390,341
545,21263.995254626,21263.996070239,,1,GPU-37ffc98b-8551-c8a1-5f3c-27ade9ae735a,ok,100,48,11370,342.235,74,1680,9501,8398,22753
545,21263.995254626,21263.996036819,,2,GPU-5443d59d-561f-ed1e-da42-1975937205f9,ok,0,0,453,27.416,36,210,405,439,292
545,21263.995254626,21263.995849549,,3,GPU-46bf67bb-cb31-bee1-3cf0-c35337ba97d2,ok,0,0,453,27.264,39,210,405,439,292
545,21263.995254626,21263.99717157,,4,GPU-127e16de-2b5f-dde9-1932-b4e29bb818c0,ok,0,0,453,24.428,34,210,405,439,292
546,21264.995254626,21264.996301267,,0,GPU-9b96eb67-aeee-89d5-aa85-fc650af4e25c,ok,0,0,714,26.679,36,210,405,390,292
546,21264.995254626,21264.996200597,,1,GPU-37ffc98b-8551-c8a1-5f3c-27ade9ae735a,ok,100,42,11370,340.695,74,1635,9501,8007,24267
546,21264.995254626,21264.996339247,,2,GPU-5443d59d-561f-ed1e-da42-1975937205f9,ok,0,0,453,27.572,36,210,405,439,341
546,21264.995254626,21264.996245667,,3,GPU-46bf67bb-cb31-bee1-3cf0-c35337ba97d2,ok,0,0,453,27.294,39,210,405,390,292
546,21264.995254626,21264.996273197,,4,GPU-127e16de-2b5f-dde9-1932-b4e29bb818c0,ok,0,0,453,24.53,34,210,405,390,292
547,21265.995254626,21265.996119925,,0,GPU-9b96eb67-aeee-89d5-aa85-fc650af4e25c,ok,0,0,714,26.695,36,210,405,390,292
547,21265.995254626,21265.995922835,,1,GPU-37ffc98b-8551-c8a1-5f3c-27ade9ae735a,ok,100,46,11370,340.947,74,1605,9501,7324,25927
547,21265.995254626,21265.996240135,,2,GPU-5443d59d-561f-ed1e-da42-1975937205f9,ok,0,0,453,27.458,36,210,405,439,341
547,21265.995254626,21265.996265725,,3,GPU-46bf67bb-cb31-bee1-3cf0-c35337ba97d2,ok,0,0,453,27.459,39,210,405,439,292
547,21265.995254626,21265.996296595,,4,GPU-127e16de-2b5f-dde9-1932-b4e29bb818c0,ok,0,0,453,24.457,34,210,405,439,292
548,21266.995254626,21266.996163633,,0,GPU-9b96eb67-aeee-89d5-aa85-fc650af4e25c,ok,0,0,714,26.568,36,210,405,439,341
548,21266.995254626,21266.996006683,,1,GPU-37ffc98b-8551-c8a1-5f3c-27ade9ae735a,ok,100,49,11370,343.321,74,1560,9501,7031,19531
548,21266.995254626,21266.996042173,,2,GPU-5443d59d-561f-ed1e-da42-1975937205f9,ok,0,0,453,27.497,36,210,405,439,292
548,21266.995254626,21266.996131573,,3,GPU-46bf67bb-cb31-bee1-3cf0-c35337ba97d2,ok,0,0,453,27.364,39,210,405,439,292
548,21266.995254626,21266.997035884,,4,GPU-127e16de-2b5f-dde9-1932-b4e29bb818c0,ok,0,0,453,24.249,34,210,405,439,292
549,21267.995254626,21267.996082751,,0,GPU-9b96eb67-aeee-89d5-aa85-fc650af4e25c,ok,0,0,714,26.602,36,210,405,439,341
549,21267.995254626,21267.995993141,,1,GPU-37ffc98b-8551-c8a1-5f3c-27ade9ae735a,ok,94,59,11370,345.424,74,1680,9501,6591,20410
549,21267.995254626,21267.996120081,,2,GPU-5443d59d-561f-ed1e-da42-1975937205f9,ok,0,0,453,27.798,36,210,405,439,292
549,21267.995254626,21267.996217351,,3,GPU-46bf67bb-cb31-bee1-3cf0-c35337ba97d2,ok,0,0,453,27.342,39,210,405,439,292
549,21267.995254626,21267.996179181,,4,GPU-127e16de-2b5f-dde9-1932-b4e29bb818c0,ok,0,0,453,24.234,34,210,405,439,292
550,21268.995254626,21268.996177789,,0,GPU-9b96eb67-aeee-89d5-aa85-fc650af4e25c,ok,0,0,714,26.72,36,210,405,439,341
550,21268.995254626,21268.996041129,,1,GPU-37ffc98b-8551-c8a1-5f3c-27ade9ae735a,ok,94,56,11370,341.626,74,1770,9501,3564,17382
550,21268.995254626,21268.995911489,,2,GPU-5443d59d-561f-ed1e-da42-1975937205f9,ok,0,0,453,27.687,36,210,405,439,292
550,21268.995254626,21268.996199109,,3,GPU-46bf67bb-cb31-bee1-3cf0-c35337ba97d2,ok,0,0,453,27.381,39,210,405,439,292
550,21268.995254626,21268.996145489,,4,GPU-127e16de-2b5f-dde9-1932-b4e29bb818c0,ok,0,0,453,24.472,34,210,405,390,292
551,21269.995254626,21269.996186457,,0,GPU-9b96eb67-aeee-89d5-aa85-fc650af4e25c,ok,0,0,714,26.611,36,210,405,390,292
551,21269.995254626,21269.996110847,,1,GPU-37ffc98b-8551-c8a1-5f3c-27ade9ae735a,ok,100,56,11370,342.175,74,1695,9501,8300,22607
551,21269.995254626,21269.995932257,,2,GPU-5443d59d-561f-ed1e-da42-1975937205f9,ok,0,0,453,27.621,36,210,405,390,341
551,21269.995254626,21269.996155087,,3,GPU-46bf67bb-cb31-bee1-3cf0-c35337ba97d2,ok,0,0,453,27.145,39,210,405,439,292
551,21269.995254626,21269.995977377,,4,GPU-127e16de-2b5f-dde9-1932-b4e29bb818c0,ok,0,0,453,24.555,34,210,405,439,292
552,21270.995254626,21270.996066095,,0,GPU-9b96eb67-aeee-89d5-aa85-fc650af4e25c,ok,0,0,714,26.659,36,210,405,390,292
552,21270.995254626,21270.997317496,,1,GPU-37ffc98b-8551-c8a1-5f3c-27ade9ae735a,ok,100,48,11370,341.439,74,1680,9501,8349,24316
552,21270.995254626,21270.996103285,,2,GPU-5443d59d-561f-ed1e-da42-1975937205f9,ok,0,0,453,27.73,36,210,405,390,292
552,21270.995254626,21270.996017295,,3,GPU-46bf67bb-cb31-bee1-3cf0-c35337ba97d2,ok,0,0,453,27.222,39,210,405,390,292
552,21270.995254626,21270.995964365,,4,GPU-127e16de-2b5f-dde9-1932-b4e29bb818c0,ok,0,0,453,24.497,34,210,405,439,292
553,21271.995254626,21271.996053883,,0,GPU-9b96eb67-aeee-89d5-aa85-fc650af4e25c,ok,0,0,714,26.891,36,210,405,439,341
553,21271.995254626,21271.996040113,,1,GPU-37ffc98b-8551-c8a1-5f3c-27ade9ae735a,ok,100,43,11370,340.73,75,1635,9501,9082,22167
553,21271.995254626,21271.995910383,,2,GPU-5443d59d-561f-ed1e-da42-1975937205f9,ok,0,0,453,27.605,36,210,405,439,292
553,21271.995254626,21271.995953333,,3,GPU-46bf67bb-cb31-bee1-3cf0-c35337ba97d2,ok,0,0,453,27.445,39,210,405,439,292
553,21271.995254626,21271.997127834,,4,GPU-127e16de-2b5f-dde9-1932-b4e29bb818c0,ok,0,0,453,24.484,34,210,405,439,292
554,21272.995254626,21272.996164642,,0,GPU-9b96eb67-aeee-89d5-aa85-fc650af4e25c,ok,0,0,714,26.857,36,210,405,390,292
554,21272.995254626,21272.996010031,,1,GPU-37ffc98b-8551-c8a1-5f3c-27ade9ae735a,ok,100,47,11370,341.016,74,1560,9501,6738,20800
554,21272.995254626,21272.996182862,,2,GPU-5443d59d-561f-ed1e-da42-1975937205f9,ok,0,0,453,27.598,36,210,405,439,292
554,21272.995254626,21272.996091441,,3,GPU-46bf67bb-cb31-bee1-3cf0-c35337ba97d2,ok,0,0,453,27.33,39,210,405,439,341
554,21272.995254626,21272.996131522,,4,GPU-127e16de-2b5f-dde9-1932-b4e29bb818c0,ok,0,0,453,24.583,34,210,405,439,292
555,21273.995254626,21273.996012959,,0,GPU-9b96eb67-aeee-89d5-aa85-fc650af4e25c,ok,0,0,714,26.829,36,210,405,390,292
555,21273.995254626,21273.99610271,,1,GPU-37ffc98b-8551-c8a1-5f3c-27ade9ae735a,ok,97,55,11370,344.271,73,1500,9501,6884,21142
555,21273.995254626,21273.99612749,,2,GPU-5443d59d-561f-ed1e-da42-1975937205f9,ok,0,0,453,27.599,36,210,405,439,292
555,21273.995254626,21273.995866509,,3,GPU-46bf67bb-cb31-bee1-3cf0-c35337ba97d2,ok,0,0,453,27.334,39,210,405,439,292
555,21273.995254626,21273.995972829,,4,GPU-127e16de-2b5f-dde9-1932-b4e29bb818c0,ok,0,0,453,24.753,34,210,405,439,341
556,21274.995254626,21274.997870328,,0,GPU-9b96eb67-aeee-89d5-aa85-fc650af4e25c,ok,0,0,714,26.866,36,210,405,439,292
556,21274.995254626,21274.996612098,,1,GPU-37ffc98b-8551-c8a1-5f3c-27ade9ae735a,ok,95,57,11370,341.58,74,1680,9501,6542,19531
556,21274.995254626,21274.995992288,,2,GPU-5443d59d-561f-ed1e-da42-1975937205f9,ok,0,0,453,27.321,36,210,405,439,292
556,21274.995254626,21274.995964017,,3,GPU-46bf67bb-cb31-bee1-3cf0-c35337ba97d2,ok,0,0,453,27.404,39,210,405,439,341
556,21274.995254626,21274.995901447,,4,GPU-127e16de-2b5f-dde9-1932-b4e29bb818c0,ok,0,0,453,24.742,34,210,405,439,341
557,21275.995254626,21275.996044036,,0,GPU-9b96eb67-aeee-89d5-aa85-fc650af4e25c,ok,0,0,714,26.606,36,210,405,439,341
557,21275.995254626,21275.995991906,,1,GPU-37ffc98b-8551-c8a1-5f3c-27ade9ae735a,ok,95,56,11370,340.427,73,1725,9501,8251,11865
557,21275.995254626,21275.996137586,,2,GPU-5443d59d-561f-ed1e-da42-1975937205f9,ok,0,0,453,27.242,36,210,405,390,341
557,21275.995254626,21275.996100326,,3,GPU-46bf67bb-cb31-bee1-3cf0-c35337ba97d2,ok,0,0,453,27.298,39,210,405,439,292
557,21275.995254626,21275.995911156,,4,GPU-127e16de-2b5f-dde9-1932-b4e29bb818c0,ok,0,0,453,24.614,34,210,405,390,341
558,21276.995254626,21276.996521934,,0,GPU-9b96eb67-aeee-89d5-aa85-fc650af4e25c,ok,0,0,714,26.605,36,210,405,439,341
558,21276.995254626,21276.995979354,,1,GPU-37ffc98b-8551-c8a1-5f3c-27ade9ae735a,ok,100,47,11370,340.69,73,1680,9501,8154,21679
558,21276.995254626,21276.996024604,,2,GPU-5443d59d-561f-ed1e-da42-1975937205f9,ok,0,0,453,27.415,36,210,405,390,292
558,21276.995254626,21276.995952994,,3,GPU-46bf67bb-cb31-bee1-3cf0-c35337ba97d2,ok,0,0,453,27.36,39,210,405,439,292
558,21276.995254626,21276.995793183,,4,GPU-127e16de-2b5f-dde9-1932-b4e29bb818c0,ok,0,0,453,24.602,34,210,405,439,341
559,21277.995254626,21277.995906682,,0,GPU-9b96eb67-aeee-89d5-aa85-fc650af4e25c,ok,0,0,714,26.761,36,210,405,439,292
559,21277.995254626,21277.995754412,,1,GPU-37ffc98b-8551-c8a1-5f3c-27ade9ae735a,ok,100,42,11370,341.432,74,1665,9501,6787,24365
559,21277.995254626,21277.997158342,,2,GPU-5443d59d-561f-ed1e-da42-1975937205f9,ok,0,0,453,27.283,36,210,405,390,292
559,21277.995254626,21277.996508582,,3,GPU-46bf67bb-cb31-bee1-3cf0-c35337ba97d2,ok,0,0,453,27.516,39,210,405,439,292
559,21277.995254626,21277.996035832,,4,GPU-127e16de-2b5f-dde9-1932-b4e29bb818c0,ok,0,0,453,24.512,34,210,405,390,292
560,21278.995254626,21278.99617065,,0,GPU-9b96eb67-aeee-89d5-aa85-fc650af4e25c,ok,0,0,714,26.685,36,210,405,439,292
560,21278.995254626,21278.99612415,,1,GPU-37ffc98b-8551-c8a1-5f3c-27ade9ae735a,ok,100,46,11370,341.676,74,1605,9501,7080,34716
560,21278.995254626,21278.99609713,,2,GPU-5443d59d-561f-ed1e-da42-1975937205f9,ok,0,0,453,27.168,36,210,405,439,292
560,21278.995254626,21278.99621231,,3,GPU-46bf67bb-cb31-bee1-3cf0-c35337ba97d2,ok,0,0,453,27.355,39,210,405,439,292
560,21278.995254626,21278.99607129,,4,GPU-127e16de-2b5f-dde9-1932-b4e29bb818c0,ok,0,0,453,24.544,34,210,405,390,292
561,21279.995254626,21279.996598378,,0,GPU-9b96eb67-aeee-89d5-aa85-fc650af4e25c,ok,0,0,714,26.785,36,210,405,439,292
561,21279.995254626,21279.996644758,,1,GPU-37ffc98b-8551-c8a1-5f3c-27ade9ae735a,ok,100,50,11370,344.068,74,1560,9501,7177,20605
561,21279.995254626,21279.995646258,,2,GPU-5443d59d-561f-ed1e-da42-1975937205f9,ok,0,0,453,27.302,36,210,405,439,292
561,21279.995254626,21279.996565438,,3,GPU-46bf67bb-cb31-bee1-3cf0-c35337ba97d2,ok,0,0,453,27.31,39,210,405,439,292
561,21279.995254626,21279.996631918,,4,GPU-127e16de-2b5f-dde9-1932-b4e29bb818c0,ok,0,0,453,24.637,34,210,405,439,292
562,21280.995254626,21280.996033216,,0,GPU-9b96eb67-aeee-89d5-aa85-fc650af4e25c,ok,0,0,714,26.835,36,210,405,390,341
562,21280.995254626,21280.995844466,,1,GPU-37ffc98b-8551-c8a1-5f3c-27ade9ae735a,ok,94,59,11370,345.277,74,1680,9501,6982,20800
562,21280.995254626,21280.996004796,,2,GPU-5443d59d-561f-ed1e-da42-1975937205f9,ok,0,0,453,27.274,36,210,405,439,341
562,21280.995254626,21280.996357576,,3,GPU-46bf67bb-cb31-bee1-3cf0-c35337ba97d2,ok,0,0,453,27.443,39,210,405,439,292
562,21280.995254626,21280.996327656,,4,GPU-127e16de-2b5f-dde9-1932-b4e29bb818c0,ok,0,0,453,24.414,34,210,405,439,292
563,21281.995254626,21281.996090624,,0,GPU-9b96eb67-aeee-89d5-aa85-fc650af4e25c,ok,0,0,714,26.553,36,210,405,439,292
563,21281.995254626,21281.996183934,,1,GPU-37ffc98b-8551-c8a1-5f3c-27ade9ae735a,ok,94,56,11370,341.236,74,1755,9501,3564,20849
563,21281.995254626,21281.995967214,,2,GPU-5443d59d-561f-ed1e-da42-1975937205f9,ok,0,0,453,27.436,36,210,405,439,292
563,21281.995254626,21281.996169814,,3,GPU-46bf67bb-cb31-bee1-3cf0-c35337ba97d2,ok,0,0,453,27.305,39,210,405,439,292
563,21281.995254626,21281.996130214,,4,GPU-127e16de-2b5f-dde9-1932-b4e29bb818c0,ok,0,0,453,24.405,34,210,405,390,292
564,21282.995254626,21282.995997702,,0,GPU-9b96eb67-aeee-89d5-aa85-fc650af4e25c,ok,0,0,714,26.62,36,210,405,439,292
564,21282.995254626,21282.997867572,,1,GPU-37ffc98b-8551-c8a1-5f3c-27ade9ae735a,ok,100,57,11370,342.128,74,1695,9501,8789,17431
564,21282.995254626,21282.995891232,,2,GPU-5443d59d-561f-ed1e-da42-1975937205f9,ok,0,0,453,27.575,36,210,405,439,292
564,21282.995254626,21282.996603992,,3,GPU-46bf67bb-cb31-bee1-3cf0-c35337ba97d2,ok,0,0,453,27.342,39,210,405,439,341
564,21282.995254626,21282.996033762,,4,GPU-127e16de-2b5f-dde9-1932-b4e29bb818c0,ok,0,0,453,24.596,34,210,405,439,341
565,21283.995254626,21283.99610981,,0,GPU-9b96eb67-aeee-89d5-aa85-fc650af4e25c,ok,0,0,714,26.822,36,210,405,439,292
565,21283.995254626,21283.99615469,,1,GPU-37ffc98b-8551-c8a1-5f3c-27ade9ae735a,ok,100,47,11370,341.209,74,1680,9501,8349,24267
565,21283.995254626,21283.99590688,,2,GPU-5443d59d-561f-ed1e-da42-1975937205f9,ok,0,0,453,27.334,36,210,405,439,292
565,21283.995254626,21283.99614375,,3,GPU-46bf67bb-cb31-bee1-3cf0-c35337ba97d2,ok,0,0,453,27.489,39,210,405,439,341
565,21283.995254626,21283.99602863,,4,GPU-127e16de-2b5f-dde9-1932-b4e29bb818c0,ok,0,0,453,24.561,34,210,405,390,341
566,21284.995254626,21284.996427918,,0,GPU-9b96eb67-aeee-89d5-aa85-fc650af4e25c,ok,0,0,714,26.6,36,210,405,439,341
566,21284.995254626,21284.995948148,,1,GPU-37ffc98b-8551-c8a1-5f3c-27ade9ae735a,ok,100,44,11370,339.281,74,1635,9501,10058,21142
566,21284.995254626,21284.995893338,,2,GPU-5443d59d-561f-ed1e-da42-1975937205f9,ok,0,0,453,27.409,36,210,405,439,341
566,21284.995254626,21284.996401388,,3,GPU-46bf67bb-cb31-bee1-3cf0-c35337ba97d2,ok,0,0,453,27.313,39,210,405,439,341
566,21284.995254626,21284.995741788,,4,GPU-127e16de-2b5f-dde9-1932-b4e29bb818c0,ok,0,0,453,24.443,34,210,405,390,292
567,21285.995254626,21285.995994696,,0,GPU-9b96eb67-aeee-89d5-aa85-fc650af4e25c,ok,0,0,714,26.591,36,210,405,439,292
567,21285.995254626,21285.996179396,,1,GPU-37ffc98b-8551-c8a1-5f3c-27ade9ae735a,ok,100,48,11370,342.666,74,1545,9501,7470,21435
567,21285.995254626,21285.996146206,,2,GPU-5443d59d-561f-ed1e-da42-1975937205f9,ok,0,0,453,27.562,36,210,405,439,292
567,21285.995254626,21285.995970256,,3,GPU-46bf67bb-cb31-bee1-3cf0-c35337ba97d2,ok,0,0,453,27.365,39,210,405,439,341
567,21285.995254626,21285.996107026,,4,GPU-127e16de-2b5f-dde9-1932-b4e29bb818c0,ok,0,0,453,24.27,34,210,405,439,292
568,21286.995254626,21286.996021724,,0,GPU-9b96eb67-aeee-89d5-aa85-fc650af4e25c,ok,0,0,714,26.739,36,210,405,439,292
568,21286.995254626,21286.995940514,,1,GPU-37ffc98b-8551-c8a1-5f3c-27ade9ae735a,ok,96,55,11370,344.787,73,1530,9501,6933,21533
568,21286.995254626,21286.996133754,,2,GPU-5443d59d-561f-ed1e-da42-1975937205f9,ok,0,0,453,27.284,36,210,405,439,292
568,21286.995254626,21286.996987294,,3,GPU-46bf67bb-cb31-bee1-3cf0-c35337ba97d2,ok,0,0,453,27.361,39,210,405,439,341
568,21286.995254626,21286.996170734,,4,GPU-127e16de-2b5f-dde9-1932-b4e29bb818c0,ok,0,0,453,24.277,34,210,405,439,292
569,21287.995254626,21287.996069782,,0,GPU-9b96eb67-aeee-89d5-aa85-fc650af4e25c,ok,0,0,714,26.605,36,210,405,439,341
569,21287.995254626,21287.996031242,,1,GPU-37ffc98b-8551-c8a1-5f3c-27ade9ae735a,ok,94,57,11370,341.244,74,1680,9501,7128,20410
569,21287.995254626,21287.995885752,,2,GPU-5443d59d-561f-ed1e-da42-1975937205f9,ok,0,0,453,27.263,36,210,405,439,292
569,21287.995254626,21287.996615572,,3,GPU-46bf67bb-cb31-bee1-3cf0-c35337ba97d2,ok,0,0,453,27.261,39,210,405,439,341
569,21287.995254626,21287.995932362,,4,GPU-127e16de-2b5f-dde9-1932-b4e29bb818c0,ok,0,0,453,24.547,34,210,405,439,292
570,21288.995254626,21288.99619459,,0,GPU-9b96eb67-aeee-89d5-aa85-fc650af4e25c,ok,0,0,714,26.626,36,210,405,439,292
570,21288.995254626,21288.99610136,,1,GPU-37ffc98b-8551-c8a1-5f3c-27ade9ae735a,ok,94,54,11370,340.323,74,1710,9501,8056,11865
570,21288.995254626,21288.99613471,,2,GPU-5443d59d-561f-ed1e-da42-1975937205f9,ok,0,0,453,27.46,36,210,405,439,292
570,21288.995254626,21288.99601737,,3,GPU-46bf67bb-cb31-bee1-3cf0-c35337ba97d2,ok,0,0,453,27.352,39,210,405,439,292
570,21288.995254626,21288.9961602,,4,GPU-127e16de-2b5f-dde9-1932-b4e29bb818c0,ok,0,0,453,24.614,34,210,405,439,341
571,21289.995254626,21289.995903118,,0,GPU-9b96eb67-aeee-89d5-aa85-fc650af4e25c,ok,0,0,714,26.73,36,210,405,439,292
571,21289.995254626,21289.996041788,,1,GPU-37ffc98b-8551-c8a1-5f3c-27ade9ae735a,ok,100,47,11370,341.949,74,1680,9501,8105,21923
571,21289.995254626,21289.996112408,,2,GPU-5443d59d-561f-ed1e-da42-1975937205f9,ok,0,0,453,27.292,36,210,405,439,341
571,21289.995254626,21289.996148118,,3,GPU-46bf67bb-cb31-bee1-3cf0-c35337ba97d2,ok,0,0,453,27.181,39,210,405,439,292
571,21289.995254626,21289.996004688,,4,GPU-127e16de-2b5f-dde9-1932-b4e29bb818c0,ok,0,0,453,24.563,34,210,405,439,292
572,21290.995254626,21290.996179156,,0,GPU-9b96eb67-aeee-89d5-aa85-fc650af4e25c,ok,0,0,714,26.546,36,210,405,439,292
572,21290.995254626,21290.996108626,,1,GPU-37ffc98b-8551-c8a1-5f3c-27ade9ae735a,ok,100,42,11370,341.129,74,1665,9501,5664,23144
572,21290.995254626,21290.996139766,,2,GPU-5443d59d-561f-ed1e-da42-1975937205f9,ok,0,0,453,27.241,36,210,405,439,341
572,21290.995254626,21290.996056806,,3,GPU-46bf67bb-cb31-bee1-3cf0-c35337ba97d2,ok,0,0,453,27.193,39,210,405,439,292
572,21290.995254626,21290.996021286,,4,GPU-127e16de-2b5f-dde9-1932-b4e29bb818c0,ok,0,0,453,24.462,34,210,405,439,292
573,21291.995254626,21291.995747934,,0,GPU-9b96eb67-aeee-89d5-aa85-fc650af4e25c,ok,0,0,714,26.609,36,210,405,439,292
573,21291.995254626,21291.996003274,,1,GPU-37ffc98b-8551-c8a1-5f3c-27ade9ae735a,ok,100,46,11370,340.93,74,1605,9501,6835,31835
573,21291.995254626,21291.996517094,,2,GPU-5443d59d-561f-ed1e-da42-1975937205f9,ok,0,0,453,27.4,36,210,405,439,292
573,21291.995254626,21291.995976604,,3,GPU-46bf67bb-cb31-bee1-3cf0-c35337ba97d2,ok,0,0,453,27.351,39,210,405,439,341
573,21291.995254626,21291.996557244,,4,GPU-127e16de-2b5f-dde9-1932-b4e29bb818c0,ok,0,0,453,24.472,34,210,405,439,292
574,21292.995254626,21292.995893252,,0,GPU-9b96eb67-aeee-89d5-aa85-fc650af4e25c,ok,0,0,714,26.839,36,210,405,390,341
574,21292.995254626,21292.996091562,,1,GPU-37ffc98b-8551-c8a1-5f3c-27ade9ae735a,ok,100,49,11370,343.738,73,1545,9501,6933,20947
574,21292.995254626,21292.995936872,,2,GPU-5443d59d-561f-ed1e-da42-1975937205f9,ok,0,0,453,27.244,36,210,405,390,292
574,21292.995254626,21292.997207802,,3,GPU-46bf67bb-cb31-bee1-3cf0-c35337ba97d2,ok,0,0,453,27.181,39,210,405,439,341
574,21292.995254626,21292.996053322,,4,GPU-127e16de-2b5f-dde9-1932-b4e29bb818c0,ok,0,0,453,24.553,34,210,405,439,292
575,21293.995254626,21293.99608493,,0,GPU-9b96eb67-aeee-89d5-aa85-fc650af4e25c,ok,0,0,714,26.652,36,210,405,439,292
575,21293.995254626,21293.99602458,,1,GPU-37ffc98b-8551-c8a1-5f3c-27ade9ae735a,ok,95,59,11370,344.857,74,1680,9501,6738,20605
575,21293.995254626,21293.99592437,,2,GPU-5443d59d-561f-ed1e-da42-1975937205f9,ok,0,0,453,27.172,36,210,405,390,341
575,21293.995254626,21293.99757827,,3,GPU-46bf67bb-cb31-bee1-3cf0-c35337ba97d2,ok,0,0,453,27.228,39,210,405,390,341
575,21293.995254626,21293.99598492,,4,GPU-127e16de-2b5f-dde9-1932-b4e29bb818c0,ok,0,0,453,24.368,34,210,405,439,292
576,21294.995254626,21294.996181688,,0,GPU-9b96eb67-aeee-89d5-aa85-fc650af4e25c,ok,0,0,714,26.626,36,210,405,439,292
576,21294.995254626,21294.996250368,,1,GPU-37ffc98b-8551-c8a1-5f3c-27ade9ae735a,ok,94,56,11370,340.207,74,1770,9501,4150,20019
576,21294.995254626,21294.996028888,,2,GPU-5443d59d-561f-ed1e-da42-1975937205f9,ok,0,0,453,27.287,36,210,405,390,341
576,21294.995254626,21294.996294718,,3,GPU-46bf67bb-cb31-bee1-3cf0-c35337ba97d2,ok,0,0,453,27.485,39,210,405,439,341
576,21294.995254626,21294.996217348,,4,GPU-127e16de-2b5f-dde9-1932-b4e29bb818c0,ok,0,0,453,24.261,34,210,405,390,292
577,21295.995254626,21295.996046476,,0,GPU-9b96eb67-aeee-89d5-aa85-fc650af4e25c,ok,0,0,714,26.813,36,210,405,439,292
577,21295.995254626,21295.996104776,,1,GPU-37ffc98b-8551-c8a1-5f3c-27ade9ae735a,ok,100,56,11370,340.627,73,1695,9501,8789,16259
577,21295.995254626,21295.995861386,,2,GPU-5443d59d-561f-ed1e-da42-1975937205f9,ok,0,0,453,27.198,36,210,405,390,292
577,21295.995254626,21295.996116666,,3,GPU-46bf67bb-cb31-bee1-3cf0-c35337ba97d2,ok,0,0,453,27.37,39,210,405,439,292
577,21295.995254626,21295.997189016,,4,GPU-127e16de-2b5f-dde9-1932-b4e29bb818c0,ok,0,0,453,24.393,34,210,405,439,292
578,21296.995254626,21296.996002614,,0,GPU-9b96eb67-aeee-89d5-aa85-fc650af4e25c,ok,0,0,714,26.643,36,210,405,439,341
578,21296.995254626,21296.995835994,,1,GPU-37ffc98b-8551-c8a1-5f3c-27ade9ae735a,ok,100,47,11370,341.703,74,1680,9501,7177,23583
578,21296.995254626,21296.996036594,,2,GPU-5443d59d-561f-ed1e-da42-1975937205f9,ok,0,0,453,27.287,36,210,405,390,292
578,21296.995254626,21296.996073694,,3,GPU-46bf67bb-cb31-bee1-3cf0-c35337ba97d2,ok,0,0,453,27.361,39,210,405,439,292
578,21296.995254626,21296.996266014,,4,GPU-127e16de-2b5f-dde9-1932-b4e29bb818c0,ok,0,0,453,24.53,34,210,405,390,341
579,21297.995254626,21297.996081432,,0,GPU-9b96eb67-aeee-89d5-aa85-fc650af4e25c,ok,0,0,714,26.532,36,210,405,390,341
579,21297.995254626,21297.997163612,,1,GPU-37ffc98b-8551-c8a1-5f3c-27ade9ae735a,ok,100,44,11370,340.461,74,1635,9501,8837,28027
579,21297.995254626,21297.996050582,,2,GPU-5443d59d-561f-ed1e-da42-1975937205f9,ok,0,0,453,27.339,36,210,405,390,292
579,21297.995254626,21297.995849592,,3,GPU-46bf67bb-cb31-bee1-3cf0-c35337ba97d2,ok,0,0,453,27.459,39,210,405,390,292
579,21297.995254626,21297.995979532,,4,GPU-127e16de-2b5f-dde9-1932-b4e29bb818c0,ok,0,0,453,24.505,34,210,405,439,292
580,21298.995254626,21298.99589645,,0,GPU-9b96eb67-aeee-89d5-aa85-fc650af4e25c,ok,0,0,714,26.591,36,210,405,390,292
580,21298.995254626,21298.99611135,,1,GPU-37ffc98b-8551-c8a1-5f3c-27ade9ae735a,ok,100,47,11370,341.593,74,1560,9501,7031,20410
580,21298.995254626,21298.9960003,,2,GPU-5443d59d-561f-ed1e-da42-1975937205f9,ok,0,0,453,27.34,36,210,405,439,341
580,21298.995254626,21298.99587085,,3,GPU-46bf67bb-cb31-bee1-3cf0-c35337ba97d2,ok,0,0,453,27.278,39,210,405,439,292
580,21298.995254626,21298.99614415,,4,GPU-127e16de-2b5f-dde9-1932-b4e29bb818c0,ok,0,0,453,24.394,34,210,405,439,292
581,21299.995254626,21299.995892278,,0,GPU-9b96eb67-aeee-89d5-aa85-fc650af4e25c,ok,0,0,714,26.485,36,210,405,390,292
581,21299.995254626,21299.995849718,,1,GPU-37ffc98b-8551-c8a1-5f3c-27ade9ae735a,ok,97,55,11370,343.639,73,1500,9501,6835,20117
581,21299.995254626,21299.996022858,,2,GPU-5443d59d-561f-ed1e-da42-1975937205f9,ok,0,0,453,27.42,36,210,405,439,292
581,21299.995254626,21299.996955808,,3,GPU-46bf67bb-cb31-bee1-3cf0-c35337ba97d2,ok,0,0,453,27.314,39,210,405,439,292
581,21299.995254626,21299.996976548,,4,GPU-127e16de-2b5f-dde9-1932-b4e29bb818c0,ok,0,0,453,24.478,34,210,405,439,292
582,21300.995254626,21300.997541997,,0,GPU-9b96eb67-aeee-89d5-aa85-fc650af4e25c,ok,0,0,714,26.539,36,210,405,439,292
582,21300.995254626,21300.995890156,,1,GPU-37ffc98b-8551-c8a1-5f3c-27ade9ae735a,ok,95,58,11370,341.523,74,1680,9501,6542,19042
582,21300.995254626,21300.995973926,,2,GPU-5443d59d-561f-ed1e-da42-1975937205f9,ok,0,0,453,27.282,36,210,405,439,292
582,21300.995254626,21300.996038476,,3,GPU-46bf67bb-cb31-bee1-3cf0-c35337ba97d2,ok,0,0,453,27.457,39,210,405,439,292
582,21300.995254626,21300.995937156,,4,GPU-127e16de-2b5f-dde9-1932-b4e29bb818c0,ok,0,0,453,24.606,34,210,405,439,292
583,21301.995254626,21301.995831484,,0,GPU-9b96eb67-aeee-89d5-aa85-fc650af4e25c,ok,0,0,714,26.623,36,210,405,439,341
583,21301.995254626,21301.996044174,,1,GPU-37ffc98b-8551-c8a1-5f3c-27ade9ae735a,ok,94,54,11370,339.255,73,1710,9501,7421,15429
583,21301.995254626,21301.995957974,,2,GPU-5443d59d-561f-ed1e-da42-1975937205f9,ok,0,0,453,27.274,36,210,405,439,341
583,21301.995254626,21301.997568185,,3,GPU-46bf67bb-cb31-bee1-3cf0-c35337ba97d2,ok,0,0,453,27.29,39,210,405,390,341
583,21301.995254626,21301.995875704,,4,GPU-127e16de-2b5f-dde9-1932-b4e29bb818c0,ok,0,0,453,24.525,34,210,405,439,341
584,21302.995254626,21302.996069852,,0,GPU-9b96eb67-aeee-89d5-aa85-fc650af4e25c,ok,0,0,714,26.474,36,210,405,439,292
584,21302.995254626,21302.995795842,,1,GPU-37ffc98b-8551-c8a1-5f3c-27ade9ae735a,ok,100,47,11370,341.083,74,1680,9501,8007,21386
584,21302.995254626,21302.995958212,,2,GPU-5443d59d-561f-ed1e-da42-1975937205f9,ok,0,0,453,27.357,36,210,405,390,292
584,21302.995254626,21302.995932342,,3,GPU-46bf67bb-cb31-bee1-3cf0-c35337ba97d2,ok,0,0,453,27.269,39,210,405,439,341
584,21302.995254626,21302.997890353,,4,GPU-127e16de-2b5f-dde9-1932-b4e29bb818c0,ok,0,0,453,24.425,34,210,405,390,341
585,21303.995254626,21303.99621081,,0,GPU-9b96eb67-aeee-89d5-aa85-fc650af4e25c,ok,0,0,714,26.429,36,210,405,439,292
585,21303.995254626,21303.99641734,,1,GPU-37ffc98b-8551-c8a1-5f3c-27ade9ae735a,ok,100,42,11370,341.158,74,1650,9501,7031,23876
585,21303.995254626,21303.99617698,,2,GPU-5443d59d-561f-ed1e-da42-1975937205f9,ok,0,0,453,27.258,36,210,405,439,292
585,21303.995254626,21303.99627609,,3,GPU-46bf67bb-cb31-bee1-3cf0-c35337ba97d2,ok,0,0,453,27.426,39,210,405,439,292
585,21303.995254626,21303.99633471,,4,GPU-127e16de-2b5f-dde9-1932-b4e29bb818c0,ok,0,0,453,24.481,34,210,405,439,341
586,21304.995254626,21304.996103308,,0,GPU-9b96eb67-aeee-89d5-aa85-fc650af4e25c,ok,0,0,714,26.337,36,210,405,439,341
586,21304.995254626,21304.996036938,,1,GPU-37ffc98b-8551-c8a1-5f3c-27ade9ae735a,ok,100,46,11370,340.548,74,1605,9501,7031,31005
586,21304.995254626,21304.995825598,,2,GPU-5443d59d-561f-ed1e-da42-1975937205f9,ok,0,0,453,27.32,36,210,405,439,292
586,21304.995254626,21304.996558058,,3,GPU-46bf67bb-cb31-bee1-3cf0-c35337ba97d2,ok,0,0,453,27.343,39,210,405,439,292
586,21304.995254626,21304.996010248,,4,GPU-127e16de-2b5f-dde9-1932-b4e29bb818c0,ok,0,0,453,24.604,34,210,405,439,292
587,21305.995254626,21305.995989196,,0,GPU-9b96eb67-aeee-89d5-aa85-fc650af4e25c,ok,0,0,714,26.365,36,210,405,439,292
587,21305.995254626,21305.996024966,,1,GPU-37ffc98b-8551-c8a1-5f3c-27ade9ae735a,ok,100,50,11370,343.227,73,1560,9501,7031,20800
587,21305.995254626,21305.997273627,,2,GPU-5443d59d-561f-ed1e-da42-1975937205f9,ok,0,0,453,27.351,36,210,405,439,341
587,21305.995254626,21305.996094936,,3,GPU-46bf67bb-cb31-bee1-3cf0-c35337ba97d2,ok,0,0,453,27.377,39,210,405,439,292
587,21305.995254626,21305.995923736,,4,GPU-127e16de-2b5f-dde9-1932-b4e29bb818c0,ok,0,0,453,24.581,34,210,405,390,292
588,21306.995254626,21306.996025954,,0,GPU-9b96eb67-aeee-89d5-aa85-fc650af4e25c,ok,0,0,714,26.463,36,210,405,439,292
588,21306.995254626,21306.995990054,,1,GPU-37ffc98b-8551-c8a1-5f3c-27ade9ae735a,ok,94,59,11370,344.455,74,1680,9501,6689,20654
588,21306.995254626,21306.995879944,,2,GPU-5443d59d-561f-ed1e-da42-1975937205f9,ok,0,0,453,27.153,36,210,405,439,292
588,21306.995254626,21306.996154724,,3,GPU-46bf67bb-cb31-bee1-3cf0-c35337ba97d2,ok,0,0,453,27.478,39,210,405,439,341
588,21306.995254626,21306.996114934,,4,GPU-127e16de-2b5f-dde9-1932-b4e29bb818c0,ok,0,0,453,24.389,34,210,405,439,292
589,21307.995254626,21307.996114572,,0,GPU-9b96eb67-aeee-89d5-aa85-fc650af4e25c,ok,0,0,714,26.3,36,210,405,439,341
589,21307.995254626,21307.995887722,,1,GPU-37ffc98b-8551-c8a1-5f3c-27ade9ae735a,ok,94,56,11370,341.013,73,1755,9501,4101,20410
589,21307.995254626,21307.996136522,,2,GPU-5443d59d-561f-ed1e-da42-1975937205f9,ok,0,0,453,27.224,36,210,405,439,292
589,21307.995254626,21307.996024612,,3,GPU-46bf67bb-cb31-bee1-3cf0-c35337ba97d2,ok,0,0,453,27.313,39,210,405,390,341
589,21307.995254626,21307.996088372,,4,GPU-127e16de-2b5f-dde9-1932-b4e29bb818c0,ok,0,0,453,24.398,34,210,405,439,292
590,21308.995254626,21308.99601861,,0,GPU-9b96eb67-aeee-89d5-aa85-fc650af4e25c,ok,0,0,714,26.344,36,210,405,439,341
590,21308.995254626,21308.997188061,,1,GPU-37ffc98b-8551-c8a1-5f3c-27ade9ae735a,ok,100,56,11370,341.721,73,1695,9501,9814,11474
590,21308.995254626,21308.99583849,,2,GPU-5443d59d-561f-ed1e-da42-1975937205f9,ok,0,0,453,27.32,36,210,405,439,292
590,21308.995254626,21308.99606969,,3,GPU-46bf67bb-cb31-bee1-3cf0-c35337ba97d2,ok,0,0,453,27.364,39,210,405,439,292
590,21308.995254626,21308.99591391,,4,GPU-127e16de-2b5f-dde9-1932-b4e29bb818c0,ok,0,0,453,24.534,34,210,405,439,292
591,21309.995254626,21309.996121608,,0,GPU-9b96eb67-aeee-89d5-aa85-fc650af4e25c,ok,0,0,714,26.406,36,210,405,439,292
591,21309.995254626,21309.996134898,,1,GPU-37ffc98b-8551-c8a1-5f3c-27ade9ae735a,ok,100,47,11370,342.339,74,1680,9501,7861,23095
591,21309.995254626,21309.996563588,,2,GPU-5443d59d-561f-ed1e-da42-1975937205f9,ok,0,0,453,27.219,36,210,405,439,341
591,21309.995254626,21309.995851928,,3,GPU-46bf67bb-cb31-bee1-3cf0-c35337ba97d2,ok,0,0,453,27.532,39,210,405,439,292
591,21309.995254626,21309.996088408,,4,GPU-127e16de-2b5f-dde9-1932-b4e29bb818c0,ok,0,0,453,24.523,34,210,405,439,341
592,21310.995254626,21310.995905426,,0,GPU-9b96eb67-aeee-89d5-aa85-fc650af4e25c,ok,0,0,714,26.203,36,210,405,390,292
592,21310.995254626,21310.996094656,,1,GPU-37ffc98b-8551-c8a1-5f3c-27ade9ae735a,ok,100,44,11370,340.609,74,1635,9501,8056,27490
592,21310.995254626,21310.996620277,,2,GPU-5443d59d-561f-ed1e-da42-1975937205f9,ok,0,0,453,27.278,36,210,405,439,292
592,21310.995254626,21310.996065686,,3,GPU-46bf67bb-cb31-bee1-3cf0-c35337ba97d2,ok,0,0,453,27.404,39,210,405,390,292
592,21310.995254626,21310.996119156,,4,GPU-127e16de-2b5f-dde9-1932-b4e29bb818c0,ok,0,0,453,24.451,34,210,405,390,341
593,21311.995254626,21311.996249404,,0,GPU-9b96eb67-aeee-89d5-aa85-fc650af4e25c,ok,0,0,714,26.291,36,210,405,390,341
593,21311.995254626,21311.996224424,,1,GPU-37ffc98b-8551-c8a1-5f3c-27ade9ae735a,ok,100,48,11370,341.881,74,1545,9501,7031,20458
593,21311.995254626,21311.996039174,,2,GPU-5443d59d-561f-ed1e-da42-1975937205f9,ok,0,0,453,27.463,36,210,405,390,292
593,21311.995254626,21311.996094944,,3,GPU-46bf67bb-cb31-bee1-3cf0-c35337ba97d2,ok,0,0,453,27.388,39,210,405,390,292
593,21311.995254626,21311.996023264,,4,GPU-127e16de-2b5f-dde9-1932-b4e29bb818c0,ok,0,0,453,24.458,34,210,405,439,341
594,21312.995254626,21312.996375183,,0,GPU-9b96eb67-aeee-89d5-aa85-fc650af4e25c,ok,0,0,714,26.517,36,210,405,390,292
594,21312.995254626,21312.995793832,,1,GPU-37ffc98b-8551-c8a1-5f3c-27ade9ae735a,ok,94,55,11370,344.912,74,1560,9501,7031,20068
594,21312.995254626,21312.995991442,,2,GPU-5443d59d-561f-ed1e-da42-1975937205f9,ok,0,0,453,27.384,36,210,405,390,292
594,21312.995254626,21312.996390673,,3,GPU-46bf67bb-cb31-bee1-3cf0-c35337ba97d2,ok,0,0,453,27.468,39,210,405,439,292
594,21312.995254626,21312.996453043,,4,GPU-127e16de-2b5f-dde9-1932-b4e29bb818c0,ok,0,0,453,24.609,34,210,405,390,292
595,21313.995254626,21313.996390101,,0,GPU-9b96eb67-aeee-89d5-aa85-fc650af4e25c,ok,0,0,714,26.402,36,210,405,390,292
595,21313.995254626,21313.99563973,,1,GPU-37ffc98b-8551-c8a1-5f3c-27ade9ae735a,ok,95,57,11370,343.469,74,1680,9501,6689,20019
595,21313.995254626,21313.996357671,,2,GPU-5443d59d-561f-ed1e-da42-1975937205f9,ok,0,0,453,27.369,36,210,405,390,341
595,21313.995254626,21313.996313261,,3,GPU-46bf67bb-cb31-bee1-3cf0-c35337ba97d2,ok,0,0,453,27.309,39,210,405,439,341
595,21313.995254626,21313.99621457,,4,GPU-127e16de-2b5f-dde9-1932-b4e29bb818c0,ok,0,0,453,24.445,34,210,405,439,292
596,21314.995254626,21314.996200748,,0,GPU-9b96eb67-aeee-89d5-aa85-fc650af4e25c,ok,0,0,714,26.353,36,210,405,390,341
596,21314.995254626,21314.995866468,,1,GPU-37ffc98b-8551-c8a1-5f3c-27ade9ae735a,ok,95,55,11370,340.302,73,1725,9501,5908,15429
596,21314.995254626,21314.996241279,,2,GPU-5443d59d-561f-ed1e-da42-1975937205f9,ok,0,0,453,27.464,36,210,405,439,292
596,21314.995254626,21314.996215808,,3,GPU-46bf67bb-cb31-bee1-3cf0-c35337ba97d2,ok,0,0,453,27.332,39,210,405,439,341
596,21314.995254626,21314.996161208,,4,GPU-127e16de-2b5f-dde9-1932-b4e29bb818c0,ok,0,0,453,24.248,34,210,405,439,292
597,21315.995254626,21315.996947107,,0,GPU-9b96eb67-aeee-89d5-aa85-fc650af4e25c,ok,0,0,714,26.525,36,210,405,390,341
597,21315.995254626,21315.995803026,,1,GPU-37ffc98b-8551-c8a1-5f3c-27ade9ae735a,ok,100,47,11370,341.534,74,1680,9501,8007,23535
597,21315.995254626,21315.996299577,,2,GPU-5443d59d-561f-ed1e-da42-1975937205f9,ok,0,0,453,27.33,36,210,405,439,292
597,21315.995254626,21315.996115926,,3,GPU-46bf67bb-cb31-bee1-3cf0-c35337ba97d2,ok,0,0,453,27.505,39,210,405,439,341
597,21315.995254626,21315.995979546,,4,GPU-127e16de-2b5f-dde9-1932-b4e29bb818c0,ok,0,0,453,24.383,34,210,405,390,292
598,21316.995254626,21316.995958944,,0,GPU-9b96eb67-aeee-89d5-aa85-fc650af4e25c,ok,0,0,714,26.536,36,210,405,439,292
598,21316.995254626,21316.995883614,,1,GPU-37ffc98b-8551-c8a1-5f3c-27ade9ae735a,ok,100,42,11370,340.79,74,1665,9501,7470,23242
598,21316.995254626,21316.996046604,,2,GPU-5443d59d-561f-ed1e-da42-1975937205f9,ok,0,0,453,27.317,36,210,405,390,292
598,21316.995254626,21316.996906435,,3,GPU-46bf67bb-cb31-bee1-3cf0-c35337ba97d2,ok,0,0,453,27.4,39,210,405,439,341
598,21316.995254626,21316.996108095,,4,GPU-127e16de-2b5f-dde9-1932-b4e29bb818c0,ok,0,0,453,24.301,34,210,405,390,341
599,21317.995254626,21317.996012343,,0,GPU-9b96eb67-aeee-89d5-aa85-fc650af4e25c,ok,0,0,714,26.656,36,210,405,439,292
599,21317.995254626,21317.997205523,,1,GPU-37ffc98b-8551-c8a1-5f3c-27ade9ae735a,ok,100,46,11370,341.053,74,1635,9501,8447,29296
599,21317.995254626,21317.996143963,,2,GPU-5443d59d-561f-ed1e-da42-1975937205f9,ok,0,0,453,27.279,36,210,405,390,292
599,21317.995254626,21317.995848752,,3,GPU-46bf67bb-cb31-bee1-3cf0-c35337ba97d2,ok,0,0,453,27.439,39,210,405,439,292
599,21317.995254626,21317.996117493,,4,GPU-127e16de-2b5f-dde9-1932-b4e29bb818c0,ok,0,0,453,24.28,34,210,405,439,341
600,21318.995254626,21318.995944751,,0,GPU-9b96eb67-aeee-89d5-aa85-fc650af4e25c,ok,0,0,714,26.78,36,210,405,439,292
600,21318.995254626,21318.996178181,,1,GPU-37ffc98b-8551-c8a1-5f3c-27ade9ae735a,ok,100,50,11370,342.342,73,1560,9501,6884,20214
600,21318.995254626,21318.996221031,,2,GPU-5443d59d-561f-ed1e-da42-1975937205f9,ok,0,0,453,27.092,36,210,405,439,341
600,21318.995254626,21318.99583518,,3,GPU-46bf67bb-cb31-bee1-3cf0-c35337ba97d2,ok,0,0,453,27.646,39,210,405,439,292
600,21318.995254626,21318.996040731,,4,GPU-127e16de-2b5f-dde9-1932-b4e29bb818c0,ok,0,0,453,24.512,34,210,405,439,341
601,21319.995254626,21319.996110519,,0,GPU-9b96eb67-aeee-89d5-aa85-fc650af4e25c,ok,0,0,714,26.597,36,210,405,439,341
601,21319.995254626,21319.995977509,,1,GPU-37ffc98b-8551-c8a1-5f3c-27ade9ae735a,ok,94,59,11370,342.735,74,1515,9501,6689,21044
601,21319.995254626,21319.996040639,,2,GPU-5443d59d-561f-ed1e-da42-1975937205f9,ok,0,0,453,27.194,36,210,405,439,341
601,21319.995254626,21319.995786288,,3,GPU-46bf67bb-cb31-bee1-3cf0-c35337ba97d2,ok,0,0,453,27.473,39,210,405,439,292
601,21319.995254626,21319.997420469,,4,GPU-127e16de-2b5f-dde9-1932-b4e29bb818c0,ok,0,0,453,24.52,34,210,405,390,341
602,21320.995254626,21320.996226497,,0,GPU-9b96eb67-aeee-89d5-aa85-fc650af4e25c,ok,0,0,714,26.734,36,210,405,439,292
602,21320.995254626,21320.996188607,,1,GPU-37ffc98b-8551-c8a1-5f3c-27ade9ae735a,ok,94,56,11370,341.549,74,1680,9501,5371,19921
602,21320.995254626,21320.995946347,,2,GPU-5443d59d-561f-ed1e-da42-1975937205f9,ok,0,0,453,27.328,36,210,405,439,292
602,21320.995254626,21320.996160427,,3,GPU-46bf67bb-cb31-bee1-3cf0-c35337ba97d2,ok,0,0,453,27.414,39,210,405,439,292
602,21320.995254626,21320.996095917,,4,GPU-127e16de-2b5f-dde9-1932-b4e29bb818c0,ok,0,0,453,24.407,34,210,405,390,292
603,21321.995254626,21321.996200225,,0,GPU-9b96eb67-aeee-89d5-aa85-fc650af4e25c,ok,0,0,714,26.956,36,210,405,439,292
603,21321.995254626,21321.996093255,,1,GPU-37ffc98b-8551-c8a1-5f3c-27ade9ae735a,ok,100,56,11370,341.669,73,1725,9501,9960,8544
603,21321.995254626,21321.996126375,,2,GPU-5443d59d-561f-ed1e-da42-1975937205f9,ok,0,0,453,27.305,36,210,405,439,292
603,21321.995254626,21321.996146505,,3,GPU-46bf67bb-cb31-bee1-3cf0-c35337ba97d2,ok,0,0,453,27.539,39,210,405,390,292
603,21321.995254626,21321.996042235,,4,GPU-127e16de-2b5f-dde9-1932-b4e29bb818c0,ok,0,0,453,24.322,34,210,405,439,292
604,21322.995254626,21322.996124103,,0,GPU-9b96eb67-aeee-89d5-aa85-fc650af4e25c,ok,0,0,714,26.763,36,210,405,439,341
604,21322.995254626,21322.996151643,,1,GPU-37ffc98b-8551-c8a1-5f3c-27ade9ae735a,ok,100,47,11370,341.851,74,1680,9501,7470,23291
604,21322.995254626,21322.995936403,,2,GPU-5443d59d-561f-ed1e-da42-1975937205f9,ok,0,0,453,27.403,36,210,405,439,292
604,21322.995254626,21322.996096863,,3,GPU-46bf67bb-cb31-bee1-3cf0-c35337ba97d2,ok,0,0,453,27.382,39,210,405,439,292
604,21322.995254626,21322.996184153,,4,GPU-127e16de-2b5f-dde9-1932-b4e29bb818c0,ok,0,0,453,24.339,34,210,405,439,292
605,21323.995254626,21323.996178981,,0,GPU-9b96eb67-aeee-89d5-aa85-fc650af4e25c,ok,0,0,714,26.766,36,210,405,439,292
605,21323.995254626,21323.996246611,,1,GPU-37ffc98b-8551-c8a1-5f3c-27ade9ae735a,ok,100,44,11370,339.852,74,1665,9501,8203,22998
605,21323.995254626,21323.995977711,,2,GPU-5443d59d-561f-ed1e-da42-1975937205f9,ok,0,0,453,27.467,36,210,405,439,292
605,21323.995254626,21323.996280761,,3,GPU-46bf67bb-cb31-bee1-3cf0-c35337ba97d2,ok,0,0,453,27.401,39,210,405,439,292
605,21323.995254626,21323.996199341,,4,GPU-127e16de-2b5f-dde9-1932-b4e29bb818c0,ok,0,0,453,24.445,34,210,405,439,292
606,21324.995254626,21324.996288319,,0,GPU-9b96eb67-aeee-89d5-aa85-fc650af4e25c,ok,0,0,714,26.905,36,210,405,439,292
606,21324.995254626,21324.995639319,,1,GPU-37ffc98b-8551-c8a1-5f3c-27ade9ae735a,ok,100,47,11370,342.12,74,1605,9501,7226,19726
606,21324.995254626,21324.996058689,,2,GPU-5443d59d-561f-ed1e-da42-1975937205f9,ok,0,0,453,27.335,36,210,405,439,292
606,21324.995254626,21324.996253889,,3,GPU-46bf67bb-cb31-bee1-3cf0-c35337ba97d2,ok,0,0,453,27.388,39,210,405,439,341
606,21324.995254626,21324.996152929,,4,GPU-127e16de-2b5f-dde9-1932-b4e29bb818c0,ok,0,0,453,24.382,34,210,405,390,292
607,21325.995254626,21325.996325877,,0,GPU-9b96eb67-aeee-89d5-aa85-fc650af4e25c,ok,0,0,714,26.845,36,210,405,439,292
607,21325.995254626,21325.995631767,,1,GPU-37ffc98b-8551-c8a1-5f3c-27ade9ae735a,ok,97,55,11370,344.022,74,1545,9501,7080,19531
607,21325.995254626,21325.996410647,,2,GPU-5443d59d-561f-ed1e-da42-1975937205f9,ok,0,0,453,27.329,36,210,405,439,292
607,21325.995254626,21325.996288677,,3,GPU-46bf67bb-cb31-bee1-3cf0-c35337ba97d2,ok,0,0,453,27.432,39,210,405,390,341
607,21325.995254626,21325.996370497,,4,GPU-127e16de-2b5f-dde9-1932-b4e29bb818c0,ok,0,0,453,24.413,34,210,405,439,292
608,21326.995254626,21326.995978245,,0,GPU-9b96eb67-aeee-89d5-aa85-fc650af4e25c,ok,0,0,714,26.89,36,210,405,439,341
608,21326.995254626,21326.995833405,,1,GPU-37ffc98b-8551-c8a1-5f3c-27ade9ae735a,ok,94,57,11370,341.487,74,1680,9501,6933,19238
608,21326.995254626,21326.996078355,,2,GPU-5443d59d-561f-ed1e-da42-1975937205f9,ok,0,0,453,27.478,36,210,405,390,341
608,21326.995254626,21326.996102045,,3,GPU-46bf67bb-cb31-bee1-3cf0-c35337ba97d2,ok,0,0,453,27.482,39,210,405,439,341
608,21326.995254626,21326.996262335,,4,GPU-127e16de-2b5f-dde9-1932-b4e29bb818c0,ok,0,0,453,24.356,34,210,405,439,292
609,21327.995254626,21327.995997593,,0,GPU-9b96eb67-aeee-89d5-aa85-fc650af4e25c,ok,0,0,714,26.946,36,210,405,439,292
609,21327.995254626,21327.996043943,,1,GPU-37ffc98b-8551-c8a1-5f3c-27ade9ae735a,ok,94,54,11370,340.437,74,1755,9501,4882,17285
609,21327.995254626,21327.995908753,,2,GPU-5443d59d-561f-ed1e-da42-1975937205f9,ok,0,0,453,27.375,36,210,405,439,292
609,21327.995254626,21327.998590164,,3,GPU-46bf67bb-cb31-bee1-3cf0-c35337ba97d2,ok,0,0,453,27.391,39,210,405,439,341
609,21327.995254626,21327.995875073,,4,GPU-127e16de-2b5f-dde9-1932-b4e29bb818c0,ok,0,0,453,24.259,34,210,405,439,341
610,21328.995254626,21328.996616961,,0,GPU-9b96eb67-aeee-89d5-aa85-fc650af4e25c,ok,0,0,714,26.801,36,210,405,439,292
610,21328.995254626,21328.997882791,,1,GPU-37ffc98b-8551-c8a1-5f3c-27ade9ae735a,ok,100,47,11370,341.436,74,1695,9501,8203,22509
610,21328.995254626,21328.996035151,,2,GPU-5443d59d-561f-ed1e-da42-1975937205f9,ok,0,0,453,27.318,36,210,405,439,292
610,21328.995254626,21328.995888571,,3,GPU-46bf67bb-cb31-bee1-3cf0-c35337ba97d2,ok,0,0,453,27.394,39,210,405,390,292
610,21328.995254626,21328.995992281,,4,GPU-127e16de-2b5f-dde9-1932-b4e29bb818c0,ok,0,0,453,24.329,34,210,405,439,341
611,21329.995254626,21329.996105899,,0,GPU-9b96eb67-aeee-89d5-aa85-fc650af4e25c,ok,0,0,714,26.789,36,210,405,439,341
611,21329.995254626,21329.995910479,,1,GPU-37ffc98b-8551-c8a1-5f3c-27ade9ae735a,ok,100,42,11370,340.249,74,1665,9501,7031,23681
611,21329.995254626,21329.996050009,,2,GPU-5443d59d-561f-ed1e-da42-1975937205f9,ok,0,0,453,27.352,36,210,405,439,341
611,21329.995254626,21329.996392749,,3,GPU-46bf67bb-cb31-bee1-3cf0-c35337ba97d2,ok,0,0,453,27.5,39,210,405,439,292
611,21329.995254626,21329.995988679,,4,GPU-127e16de-2b5f-dde9-1932-b4e29bb818c0,ok,0,0,453,24.349,34,210,405,439,341
612,21330.995254626,21330.995762427,,0,GPU-9b96eb67-aeee-89d5-aa85-fc650af4e25c,ok,0,0,714,26.904,36,210,405,439,341
612,21330.995254626,21330.995962877,,1,GPU-37ffc98b-8551-c8a1-5f3c-27ade9ae735a,ok,100,46,11370,340.581,74,1635,9501,7714,29345
612,21330.995254626,21330.996525317,,2,GPU-5443d59d-561f-ed1e-da42-1975937205f9,ok,0,0,453,27.29,36,210,405,390,292
612,21330.995254626,21330.996557257,,3,GPU-46bf67bb-cb31-bee1-3cf0-c35337ba97d2,ok,0,0,453,27.363,39,210,405,439,292
612,21330.995254626,21330.995985937,,4,GPU-127e16de-2b5f-dde9-1932-b4e29bb818c0,ok,0,0,453,24.423,34,210,405,439,341
613,21331.995254626,21331.996205155,,0,GPU-9b96eb67-aeee-89d5-aa85-fc650af4e25c,ok,0,0,714,26.746,36,210,405,390,292
613,21331.995254626,21331.996156295,,1,GPU-37ffc98b-8551-c8a1-5f3c-27ade9ae735a,ok,100,50,11370,342.177,74,1545,9501,7080,20410
613,21331.995254626,21331.996240135,,2,GPU-5443d59d-561f-ed1e-da42-1975937205f9,ok,0,0,453,27.337,36,210,405,390,292
613,21331.995254626,21331.996108475,,3,GPU-46bf67bb-cb31-bee1-3cf0-c35337ba97d2,ok,0,0,453,27.387,39,210,405,439,341
613,21331.995254626,21331.996014845,,4,GPU-127e16de-2b5f-dde9-1932-b4e29bb818c0,ok,0,0,453,24.41,34,210,405,439,292
614,21332.995254626,21332.996492553,,0,GPU-9b96eb67-aeee-89d5-aa85-fc650af4e25c,ok,0,0,714,26.766,36,210,405,439,292
614,21332.995254626,21332.995890643,,1,GPU-37ffc98b-8551-c8a1-5f3c-27ade9ae735a,ok,94,59,11370,343.994,75,1500,9501,6982,20556
614,21332.995254626,21332.997040893,,2,GPU-5443d59d-561f-ed1e-da42-1975937205f9,ok,0,0,453,27.281,36,210,405,390,292
614,21332.995254626,21332.997081403,,3,GPU-46bf67bb-cb31-bee1-3cf0-c35337ba97d2,ok,0,0,453,27.562,39,210,405,439,341
614,21332.995254626,21332.995783853,,4,GPU-127e16de-2b5f-dde9-1932-b4e29bb818c0,ok,0,0,453,24.278,34,210,405,439,292
615,21333.995254626,21333.995864871,,0,GPU-9b96eb67-aeee-89d5-aa85-fc650af4e25c,ok,0,0,714,26.937,36,210,405,439,292
615,21333.995254626,21333.996524131,,1,GPU-37ffc98b-8551-c8a1-5f3c-27ade9ae735a,ok,95,56,11370,340.547,74,1680,9501,6103,19238
615,21333.995254626,21333.995811161,,2,GPU-5443d59d-561f-ed1e-da42-1975937205f9,ok,0,0,453,27.072,36,210,405,439,341
615,21333.995254626,21333.997173661,,3,GPU-46bf67bb-cb31-bee1-3cf0-c35337ba97d2,ok,0,0,453,27.397,39,210,405,439,341
615,21333.995254626,21333.995971851,,4,GPU-127e16de-2b5f-dde9-1932-b4e29bb818c0,ok,0,0,453,24.137,34,210,405,439,292
616,21334.995254626,21334.996284879,,0,GPU-9b96eb67-aeee-89d5-aa85-fc650af4e25c,ok,0,0,714,26.835,36,210,405,439,341
616,21334.995254626,21334.995855839,,1,GPU-37ffc98b-8551-c8a1-5f3c-27ade9ae735a,ok,100,57,11370,341.011,73,1725,9501,9423,8398
616,21334.995254626,21334.996192209,,2,GPU-5443d59d-561f-ed1e-da42-1975937205f9,ok,0,0,453,27.104,36,210,405,439,292
616,21334.995254626,21334.996139779,,3,GPU-46bf67bb-cb31-bee1-3cf0-c35337ba97d2,ok,0,0,453,27.375,39,210,405,439,341
616,21334.995254626,21334.996081079,,4,GPU-127e16de-2b5f-dde9-1932-b4e29bb818c0,ok,0,0,453,24.129,34,210,405,390,341
617,21335.995254626,21335.995951037,,0,GPU-9b96eb67-aeee-89d5-aa85-fc650af4e25c,ok,0,0,714,26.858,36,210,405,439,292
617,21335.995254626,21335.996130487,,1,GPU-37ffc98b-8551-c8a1-5f3c-27ade9ae735a,ok,100,47,11370,340.357,74,1695,9501,7714,23291
617,21335.995254626,21335.996239677,,2,GPU-5443d59d-561f-ed1e-da42-1975937205f9,ok,0,0,453,27.151,36,210,405,439,292
617,21335.995254626,21335.996090257,,3,GPU-46bf67bb-cb31-bee1-3cf0-c35337ba97d2,ok,0,0,453,27.513,39,210,405,439,292
617,21335.995254626,21335.996174987,,4,GPU-127e16de-2b5f-dde9-1932-b4e29bb818c0,ok,0,0,453,24.078,34,210,405,439,341
618,21336.995254626,21336.996087485,,0,GPU-9b96eb67-aeee-89d5-aa85-fc650af4e25c,ok,0,0,714,26.968,36,210,405,439,292
618,21336.995254626,21336.996198585,,1,GPU-37ffc98b-8551-c8a1-5f3c-27ade9ae735a,ok,100,43,11370,340.128,74,1650,9501,6787,23144
618,21336.995254626,21336.996061875,,2,GPU-5443d59d-561f-ed1e-da42-1975937205f9,ok,0,0,453,27.168,36,210,405,439,292
618,21336.995254626,21336.996035625,,3,GPU-46bf67bb-cb31-bee1-3cf0-c35337ba97d2,ok,0,0,453,27.375,39,210,405,390,292
618,21336.995254626,21336.997980486,,4,GPU-127e16de-2b5f-dde9-1932-b4e29bb818c0,ok,0,0,453,24.22,34,210,405,439,341
619,21337.995254626,21337.996264013,,0,GPU-9b96eb67-aeee-89d5-aa85-fc650af4e25c,ok,0,0,714,26.847,36,210,405,439,292
619,21337.995254626,21337.995646793,,1,GPU-37ffc98b-8551-c8a1-5f3c-27ade9ae735a,ok,100,47,11370,340.697,74,1605,9501,7128,28173
619,21337.995254626,21337.996345633,,2,GPU-5443d59d-561f-ed1e-da42-1975937205f9,ok,0,0,453,27.293,36,210,405,439,341
619,21337.995254626,21337.996305733,,3,GPU-46bf67bb-cb31-bee1-3cf0-c35337ba97d2,ok,0,0,453,27.422,39,210,405,439,292
619,21337.995254626,21337.996360553,,4,GPU-127e16de-2b5f-dde9-1932-b4e29bb818c0,ok,0,0,453,24.492,34,210,405,439,341
620,21338.995254626,21338.995918361,,0,GPU-9b96eb67-aeee-89d5-aa85-fc650af4e25c,ok,0,0,714,26.79,36,210,405,439,341
620,21338.995254626,21338.996073041,,1,GPU-37ffc98b-8551-c8a1-5f3c-27ade9ae735a,ok,97,55,11370,344.029,74,1560,9501,7128,20068
620,21338.995254626,21338.996649101,,2,GPU-5443d59d-561f-ed1e-da42-1975937205f9,ok,0,0,453,27.253,36,210,405,439,292
620,21338.995254626,21338.996097301,,3,GPU-46bf67bb-cb31-bee1-3cf0-c35337ba97d2,ok,0,0,453,27.603,39,210,405,439,292
620,21338.995254626,21338.996018911,,4,GPU-127e16de-2b5f-dde9-1932-b4e29bb818c0,ok,0,0,453,24.588,34,210,405,439,341
621,21339.995254626,21339.996170569,,0,GPU-9b96eb67-aeee-89d5-aa85-fc650af4e25c,ok,0,0,714,26.903,36,210,405,390,341
621,21339.995254626,21339.996207769,,1,GPU-37ffc98b-8551-c8a1-5f3c-27ade9ae735a,ok,94,57,11370,342.329,74,1680,9501,7519,19970
621,21339.995254626,21339.996065229,,2,GPU-5443d59d-561f-ed1e-da42-1975937205f9,ok,0,0,453,27.26,36,210,405,439,292
621,21339.995254626,21339.996244869,,3,GPU-46bf67bb-cb31-bee1-3cf0-c35337ba97d2,ok,0,0,453,27.459,39,210,405,439,341
621,21339.995254626,21339.995903749,,4,GPU-127e16de-2b5f-dde9-1932-b4e29bb818c0,ok,0,0,453,24.5,34,210,405,439,292
622,21340.995254626,21340.996137107,,0,GPU-9b96eb67-aeee-89d5-aa85-fc650af4e25c,ok,0,0,714,26.784,36,210,405,439,292
622,21340.995254626,21340.995858917,,1,GPU-37ffc98b-8551-c8a1-5f3c-27ade9ae735a,ok,94,55,11370,340.619,74,1755,9501,4736,17041
622,21340.995254626,21340.996186847,,2,GPU-5443d59d-561f-ed1e-da42-1975937205f9,ok,0,0,453,27.284,36,210,405,439,292
622,21340.995254626,21340.996207257,,3,GPU-46bf67bb-cb31-bee1-3cf0-c35337ba97d2,ok,0,0,453,27.409,39,210,405,390,292
622,21340.995254626,21340.995998827,,4,GPU-127e16de-2b5f-dde9-1932-b4e29bb818c0,ok,0,0,453,24.301,34,210,405,439,292
623,21341.995254626,21341.996063655,,0,GPU-9b96eb67-aeee-89d5-aa85-fc650af4e25c,ok,0,0,714,26.723,36,210,405,439,292
623,21341.995254626,21341.996000565,,1,GPU-37ffc98b-8551-c8a1-5f3c-27ade9ae735a,ok,100,47,11370,341.652,74,1695,9501,7812,21923
623,21341.995254626,21341.996678595,,2,GPU-5443d59d-561f-ed1e-da42-1975937205f9,ok,0,0,453,27.114,36,210,405,390,341
623,21341.995254626,21341.995940375,,3,GPU-46bf67bb-cb31-bee1-3cf0-c35337ba97d2,ok,0,0,453,27.545,39,210,405,439,292
623,21341.995254626,21341.996103285,,4,GPU-127e16de-2b5f-dde9-1932-b4e29bb818c0,ok,0,0,453,24.28,34,210,405,390,292
624,21342.995254626,21342.996102483,,0,GPU-9b96eb67-aeee-89d5-aa85-fc650af4e25c,ok,0,0,714,26.678,36,210,405,439,292
624,21342.995254626,21342.996166873,,1,GPU-37ffc98b-8551-c8a1-5f3c-27ade9ae735a,ok,100,42,11370,340.681,74,1665,9501,7470,24169
624,21342.995254626,21342.996203163,,2,GPU-5443d59d-561f-ed1e-da42-1975937205f9,ok,0,0,453,27.155,36,210,405,390,292
624,21342.995254626,21342.995953383,,3,GPU-46bf67bb-cb31-bee1-3cf0-c35337ba97d2,ok,0,0,453,27.401,39,210,405,439,292
624,21342.995254626,21342.996068483,,4,GPU-127e16de-2b5f-dde9-1932-b4e29bb818c0,ok,0,0,453,24.011,34,210,405,439,292
625,21343.995254626,21343.996231141,,0,GPU-9b96eb67-aeee-89d5-aa85-fc650af4e25c,ok,0,0,714,26.642,36,210,405,439,341
625,21343.995254626,21343.996176311,,1,GPU-37ffc98b-8551-c8a1-5f3c-27ade9ae735a,ok,100,46,11370,340.065,74,1635,9501,9521,21240
625,21343.995254626,21343.995915171,,2,GPU-5443d59d-561f-ed1e-da42-1975937205f9,ok,0,0,453,27.333,36,210,405,439,292
625,21343.995254626,21343.996264791,,3,GPU-46bf67bb-cb31-bee1-3cf0-c35337ba97d2,ok,0,0,453,27.381,39,210,405,439,292
625,21343.995254626,21343.996135381,,4,GPU-127e16de-2b5f-dde9-1932-b4e29bb818c0,ok,0,0,453,24.029,34,210,405,439,341
626,21344.995254626,21344.996083959,,0,GPU-9b96eb67-aeee-89d5-aa85-fc650af4e25c,ok,0,0,714,26.728,36,210,405,439,292
626,21344.995254626,21344.995904069,,1,GPU-37ffc98b-8551-c8a1-5f3c-27ade9ae735a,ok,100,49,11370,343.718,74,1545,9501,7031,20019
626,21344.995254626,21344.996983579,,2,GPU-5443d59d-561f-ed1e-da42-1975937205f9,ok,0,0,453,27.267,36,210,405,439,341
626,21344.995254626,21344.995950689,,3,GPU-46bf67bb-cb31-bee1-3cf0-c35337ba97d2,ok,0,0,453,27.529,39,210,405,390,292
626,21344.995254626,21344.996035929,,4,GPU-127e16de-2b5f-dde9-1932-b4e29bb818c0,ok,0,0,453,24.416,34,210,405,439,292
627,21345.995254626,21345.998002668,,0,GPU-9b96eb67-aeee-89d5-aa85-fc650af4e25c,ok,0,0,714,26.595,36,210,405,439,292
627,21345.995254626,21345.996028907,,1,GPU-37ffc98b-8551-c8a1-5f3c-27ade9ae735a,ok,95,59,11370,344.105,75,1500,9501,7177,19433
627,21345.995254626,21345.996074587,,2,GPU-5443d59d-561f-ed1e-da42-1975937205f9,ok,0,0,453,27.262,36,210,405,439,292
627,21345.995254626,21345.995943687,,3,GPU-46bf67bb-cb31-bee1-3cf0-c35337ba97d2,ok,0,0,453,27.328,39,210,405,439,292
627,21345.995254626,21345.996161687,,4,GPU-127e16de-2b5f-dde9-1932-b4e29bb818c0,ok,0,0,453,24.323,34,210,405,439,292
628,21346.995254626,21346.996125905,,0,GPU-9b96eb67-aeee-89d5-aa85-fc650af4e25c,ok,0,0,714,26.68,36,210,405,439,292
628,21346.995254626,21346.996091185,,1,GPU-37ffc98b-8551-c8a1-5f3c-27ade9ae735a,ok,94,56,11370,341.262,74,1680,9501,6103,19580
628,21346.995254626,21346.996599085,,2,GPU-5443d59d-561f-ed1e-da42-1975937205f9,ok,0,0,453,27.354,36,210,405,439,292
628,21346.995254626,21346.996153585,,3,GPU-46bf67bb-cb31-bee1-3cf0-c35337ba97d2,ok,0,0,453,27.316,39,210,405,439,292
628,21346.995254626,21346.995868555,,4,GPU-127e16de-2b5f-dde9-1932-b4e29bb818c0,ok,0,0,453,24.266,34,210,405,439,292
629,21347.995254626,21347.996194903,,0,GPU-9b96eb67-aeee-89d5-aa85-fc650af4e25c,ok,0,0,714,26.908,36,210,405,390,341
629,21347.995254626,21347.995685553,,1,GPU-37ffc98b-8551-c8a1-5f3c-27ade9ae735a,ok,100,54,11370,342.7,73,1710,9501,9326,8691
629,21347.995254626,21347.996272893,,2,GPU-5443d59d-561f-ed1e-da42-1975937205f9,ok,0,0,453,27.318,36,210,405,390,292
629,21347.995254626,21347.995909263,,3,GPU-46bf67bb-cb31-bee1-3cf0-c35337ba97d2,ok,0,0,453,27.547,39,210,405,439,292
629,21347.995254626,21347.996297543,,4,GPU-127e16de-2b5f-dde9-1932-b4e29bb818c0,ok,0,0,453,24.386,34,210,405,439,292
630,21348.995254626,21348.996040661,,0,GPU-9b96eb67-aeee-89d5-aa85-fc650af4e25c,ok,0,0,714,26.782,36,210,405,390,292
630,21348.995254626,21348.996598511,,1,GPU-37ffc98b-8551-c8a1-5f3c-27ade9ae735a,ok,100,46,11370,342.243,74,1680,9501,8154,23974
630,21348.995254626,21348.995872241,,2,GPU-5443d59d-561f-ed1e-da42-1975937205f9,ok,0,0,453,27.328,36,210,405,390,341
630,21348.995254626,21348.995926171,,3,GPU-46bf67bb-cb31-bee1-3cf0-c35337ba97d2,ok,0,0,453,27.472,39,210,405,439,292
630,21348.995254626,21348.996001141,,4,GPU-127e16de-2b5f-dde9-1932-b4e29bb818c0,ok,0,0,453,24.17,34,210,405,439,292
631,21349.995254626,21349.99709753,,0,GPU-9b96eb67-aeee-89d5-aa85-fc650af4e25c,ok,0,0,714,26.698,36,210,405,439,292
631,21349.995254626,21349.996526269,,1,GPU-37ffc98b-8551-c8a1-5f3c-27ade9ae735a,ok,100,44,11370,340.635,74,1665,9501,5859,23632
631,21349.995254626,21349.995844359,,2,GPU-5443d59d-561f-ed1e-da42-1975937205f9,ok,0,0,453,27.493,36,210,405,390,292
631,21349.995254626,21349.996481629,,3,GPU-46bf67bb-cb31-bee1-3cf0-c35337ba97d2,ok,0,0,453,27.493,39,210,405,439,292
631,21349.995254626,21349.995718709,,4,GPU-127e16de-2b5f-dde9-1932-b4e29bb818c0,ok,0,0,453,24.077,34,210,405,439,292
632,21350.995254626,21350.995911257,,0,GPU-9b96eb67-aeee-89d5-aa85-fc650af4e25c,ok,0,0,714,26.814,36,210,405,439,292
632,21350.995254626,21350.996607737,,1,GPU-37ffc98b-8551-c8a1-5f3c-27ade9ae735a,ok,100,47,11370,342.657,74,1605,9501,7568,33837
632,21350.995254626,21350.995732227,,2,GPU-5443d59d-561f-ed1e-da42-1975937205f9,ok,0,0,453,27.449,36,210,405,439,292
632,21350.995254626,21350.996547207,,3,GPU-46bf67bb-cb31-bee1-3cf0-c35337ba97d2,ok,0,0,453,27.683,39,210,405,390,292
632,21350.995254626,21350.996516107,,4,GPU-127e16de-2b5f-dde9-1932-b4e29bb818c0,ok,0,0,453,24.295,34,210,405,439,341
633,21351.995254626,21351.996156585,,0,GPU-9b96eb67-aeee-89d5-aa85-fc650af4e25c,ok,0,0,714,26.726,36,210,405,439,341
633,21351.995254626,21351.995962395,,1,GPU-37ffc98b-8551-c8a1-5f3c-27ade9ae735a,ok,94,54,11370,344.732,75,1560,9501,7373,20654
633,21351.995254626,21351.996119475,,2,GPU-5443d59d-561f-ed1e-da42-1975937205f9,ok,0,0,453,27.36,36,210,405,439,292
633,21351.995254626,21351.995922115,,3,GPU-46bf67bb-cb31-bee1-3cf0-c35337ba97d2,ok,0,0,453,27.545,39,210,405,439,292
633,21351.995254626,21351.996052285,,4,GPU-127e16de-2b5f-dde9-1932-b4e29bb818c0,ok,0,0,453,24.201,34,210,405,390,292
634,21352.995254626,21352.996225473,,0,GPU-9b96eb67-aeee-89d5-aa85-fc650af4e25c,ok,0,0,714,26.771,36,210,405,439,292
634,21352.995254626,21352.996054493,,1,GPU-37ffc98b-8551-c8a1-5f3c-27ade9ae735a,ok,94,57,11370,342.265,75,1680,9501,7031,19824
634,21352.995254626,21352.995975433,,2,GPU-5443d59d-561f-ed1e-da42-1975937205f9,ok,0,0,453,27.525,36,210,405,439,292
634,21352.995254626,21352.996237443,,3,GPU-46bf67bb-cb31-bee1-3cf0-c35337ba97d2,ok,0,0,453,27.507,39,210,405,439,341
634,21352.995254626,21352.996116633,,4,GPU-127e16de-2b5f-dde9-1932-b4e29bb818c0,ok,0,0,453,24.084,34,210,405,439,292
635,21353.995254626,21353.996092611,,0,GPU-9b96eb67-aeee-89d5-aa85-fc650af4e25c,ok,0,0,714,26.921,36,210,405,439,292
635,21353.995254626,21353.996059861,,1,GPU-37ffc98b-8551-c8a1-5f3c-27ade9ae735a,ok,94,54,11370,341.554,74,1755,9501,4931,20654
635,21353.995254626,21353.995901101,,2,GPU-5443d59d-561f-ed1e-da42-1975937205f9,ok,0,0,453,27.562,36,210,405,439,292
635,21353.995254626,21353.996603482,,3,GPU-46bf67bb-cb31-bee1-3cf0-c35337ba97d2,ok,0,0,453,27.678,39,210,405,439,341
635,21353.995254626,21353.996026021,,4,GPU-127e16de-2b5f-dde9-1932-b4e29bb818c0,ok,0,0,453,24.184,34,210,405,390,292
636,21354.995254626,21354.995909939,,0,GPU-9b96eb67-aeee-89d5-aa85-fc650af4e25c,ok,0,0,714,26.877,36,210,405,439,292
636,21354.995254626,21354.995992869,,1,GPU-37ffc98b-8551-c8a1-5f3c-27ade9ae735a,ok,100,47,11370,342.443,74,1695,9501,8007,21093
636,21354.995254626,21354.995939219,,2,GPU-5443d59d-561f-ed1e-da42-1975937205f9,ok,0,0,453,27.546,36,210,405,439,292
636,21354.995254626,21354.996120759,,3,GPU-46bf67bb-cb31-bee1-3cf0-c35337ba97d2,ok,0,0,453,27.486,39,210,405,390,341
636,21354.995254626,21354.996096509,,4,GPU-127e16de-2b5f-dde9-1932-b4e29bb818c0,ok,0,0,453,24.284,34,210,405,439,292
637,21355.995254626,21355.995950267,,0,GPU-9b96eb67-aeee-89d5-aa85-fc650af4e25c,ok,0,0,714,26.924,36,210,405,439,341
637,21355.995254626,21355.996042247,,1,GPU-37ffc98b-8551-c8a1-5f3c-27ade9ae735a,ok,100,41,11370,341.764,74,1665,9501,7226,23925
637,21355.995254626,21355.996509878,,2,GPU-5443d59d-561f-ed1e-da42-1975937205f9,ok,0,0,453,27.589,36,210,405,439,292
637,21355.995254626,21355.997121798,,3,GPU-46bf67bb-cb31-bee1-3cf0-c35337ba97d2,ok,0,0,453,27.488,39,210,405,439,292
637,21355.995254626,21355.995779767,,4,GPU-127e16de-2b5f-dde9-1932-b4e29bb818c0,ok,0,0,453,24.301,34,210,405,439,292
638,21356.995254626,21356.996274065,,0,GPU-9b96eb67-aeee-89d5-aa85-fc650af4e25c,ok,0,0,714,27.044,36,210,405,439,292
638,21356.995254626,21356.996179535,,1,GPU-37ffc98b-8551-c8a1-5f3c-27ade9ae735a,ok,100,47,11370,341.907,74,1635,9501,8496,24365
638,21356.995254626,21356.996240275,,2,GPU-5443d59d-561f-ed1e-da42-1975937205f9,ok,0,0,453,27.419,36,210,405,439,292
638,21356.995254626,21356.996306415,,3,GPU-46bf67bb-cb31-bee1-3cf0-c35337ba97d2,ok,0,0,453,27.739,39,210,405,488,292
638,21356.995254626,21356.996205165,,4,GPU-127e16de-2b5f-dde9-1932-b4e29bb818c0,ok,0,0,453,24.079,34,210,405,439,292
639,21357.995254626,21357.996036383,,0,GPU-9b96eb67-aeee-89d5-aa85-fc650af4e25c,ok,0,0,714,26.887,36,210,405,439,341
639,21357.995254626,21357.995881873,,1,GPU-37ffc98b-8551-c8a1-5f3c-27ade9ae735a,ok,100,51,11370,344.146,75,1515,9501,6640,20166
639,21357.995254626,21357.996109473,,2,GPU-5443d59d-561f-ed1e-da42-1975937205f9,ok,0,0,453,27.341,36,210,405,439,292
639,21357.995254626,21357.996008803,,3,GPU-46bf67bb-cb31-bee1-3cf0-c35337ba97d2,ok,0,0,453,27.579,39,210,405,439,341
639,21357.995254626,21357.997943404,,4,GPU-127e16de-2b5f-dde9-1932-b4e29bb818c0,ok,0,0,453,23.772,34,210,405,439,341
640,21358.995254626,21358.996077141,,0,GPU-9b96eb67-aeee-89d5-aa85-fc650af4e25c,ok,0,0,714,26.825,36,210,405,439,341
640,21358.995254626,21358.995865731,,1,GPU-37ffc98b-8551-c8a1-5f3c-27ade9ae735a,ok,94,59,11370,344.199,75,1605,9501,6835,19873
640,21358.995254626,21358.996048801,,2,GPU-5443d59d-561f-ed1e-da42-1975937205f9,ok,0,0,453,27.424,36,210,405,439,341
640,21358.995254626,21358.995900801,,3,GPU-46bf67bb-cb31-bee1-3cf0-c35337ba97d2,ok,0,0,453,27.504,39,210,405,439,292
640,21358.995254626,21358.996917762,,4,GPU-127e16de-2b5f-dde9-1932-b4e29bb818c0,ok,0,0,453,23.828,34,210,405,439,341
641,21359.995254626,21359.995899679,,0,GPU-9b96eb67-aeee-89d5-aa85-fc650af4e25c,ok,0,0,714,26.947,36,210,405,439,292
641,21359.995254626,21359.995795259,,1,GPU-37ffc98b-8551-c8a1-5f3c-27ade9ae735a,ok,94,55,11370,339.049,74,1770,9501,3320,20166
641,21359.995254626,21359.99622314,,2,GPU-5443d59d-561f-ed1e-da42-1975937205f9,ok,0,0,453,27.274,36,210,405,439,341
641,21359.995254626,21359.995914119,,3,GPU-46bf67bb-cb31-bee1-3cf0-c35337ba97d2,ok,0,0,453,27.653,39,210,405,439,292
641,21359.995254626,21359.99748466,,4,GPU-127e16de-2b5f-dde9-1932-b4e29bb818c0,ok,0,0,453,24.043,34,210,405,439,292
642,21360.995254626,21360.995926147,,0,GPU-9b96eb67-aeee-89d5-aa85-fc650af4e25c,ok,0,0,714,26.863,36,210,405,439,292
642,21360.995254626,21360.996043958,,1,GPU-37ffc98b-8551-c8a1-5f3c-27ade9ae735a,ok,100,47,11370,340.928,74,1695,9501,8544,17871
642,21360.995254626,21360.995894177,,2,GPU-5443d59d-561f-ed1e-da42-1975937205f9,ok,0,0,453,27.233,36,210,405,439,292
642,21360.995254626,21360.996099188,,3,GPU-46bf67bb-cb31-bee1-3cf0-c35337ba97d2,ok,0,0,453,27.51,39,210,405,439,292
642,21360.995254626,21360.998232668,,4,GPU-127e16de-2b5f-dde9-1932-b4e29bb818c0,ok,0,0,453,23.9,34,210,405,439,292
643,21361.995254626,21361.995718105,,0,GPU-9b96eb67-aeee-89d5-aa85-fc650af4e25c,ok,0,0,714,26.933,36,210,405,390,292
643,21361.995254626,21361.996498306,,1,GPU-37ffc98b-8551-c8a1-5f3c-27ade9ae735a,ok,100,42,11370,341.653,74,1680,9501,7568,23339
643,21361.995254626,21361.995971836,,2,GPU-5443d59d-561f-ed1e-da42-1975937205f9,ok,0,0,453,27.344,36,210,405,439,292
643,21361.995254626,21361.995933186,,3,GPU-46bf67bb-cb31-bee1-3cf0-c35337ba97d2,ok,0,0,453,27.52,39,210,405,439,292
643,21361.995254626,21361.996521486,,4,GPU-127e16de-2b5f-dde9-1932-b4e29bb818c0,ok,0,0,453,23.962,34,210,405,439,292
644,21362.995254626,21362.995850634,,0,GPU-9b96eb67-aeee-89d5-aa85-fc650af4e25c,ok,0,0,714,27.07,36,210,405,439,292
644,21362.995254626,21362.995992414,,1,GPU-37ffc98b-8551-c8a1-5f3c-27ade9ae735a,ok,100,46,11370,341.766,74,1635,9501,10302,23535
644,21362.995254626,21362.996635954,,2,GPU-5443d59d-561f-ed1e-da42-1975937205f9,ok,0,0,453,27.309,36,210,405,439,292
644,21362.995254626,21362.995969884,,3,GPU-46bf67bb-cb31-bee1-3cf0-c35337ba97d2,ok,0,0,453,27.743,39,210,405,439,341
644,21362.995254626,21362.996600854,,4,GPU-127e16de-2b5f-dde9-1932-b4e29bb818c0,ok,0,0,453,24.152,34,210,405,439,292
645,21363.995254626,21363.995860972,,0,GPU-9b96eb67-aeee-89d5-aa85-fc650af4e25c,ok,0,0,714,26.893,36,210,405,439,341
645,21363.995254626,21363.997791032,,1,GPU-37ffc98b-8551-c8a1-5f3c-27ade9ae735a,ok,100,49,11370,344.756,75,1560,9501,7275,20312
645,21363.995254626,21363.997754242,,2,GPU-5443d59d-561f-ed1e-da42-1975937205f9,ok,0,0,453,27.44,36,210,405,390,292
645,21363.995254626,21363.995769682,,3,GPU-46bf67bb-cb31-bee1-3cf0-c35337ba97d2,ok,0,0,453,27.621,39,210,405,439,341
645,21363.995254626,21363.995901162,,4,GPU-127e16de-2b5f-dde9-1932-b4e29bb818c0,ok,0,0,453,24.028,34,210,405,439,292
646,21364.995254626,21364.99627148,,0,GPU-9b96eb67-aeee-89d5-aa85-fc650af4e25c,ok,0,0,714,26.875,36,210,405,439,292
646,21364.995254626,21364.99624932,,1,GPU-37ffc98b-8551-c8a1-5f3c-27ade9ae735a,ok,94,59,11370,345.248,74,1560,9501,6689,19921
646,21364.995254626,21364.99615993,,2,GPU-5443d59d-561f-ed1e-da42-1975937205f9,ok,0,0,453,27.561,36,210,405,390,292
646,21364.995254626,21364.99622304,,3,GPU-46bf67bb-cb31-bee1-3cf0-c35337ba97d2,ok,0,0,453,27.563,39,210,405,439,341
646,21364.995254626,21364.99611503,,4,GPU-127e16de-2b5f-dde9-1932-b4e29bb818c0,ok,0,0,453,23.801,34,210,405,390,292
647,21365.995254626,21365.996005758,,0,GPU-9b96eb67-aeee-89d5-aa85-fc650af4e25c,ok,0,0,714,27.057,36,210,405,439,292
647,21365.995254626,21365.995886778,,1,GPU-37ffc98b-8551-c8a1-5f3c-27ade9ae735a,ok,94,55,11370,341.37,74,1680,9501,6591,19238
647,21365.995254626,21365.996951308,,2,GPU-5443d59d-561f-ed1e-da42-1975937205f9,ok,0,0,453,27.375,36,210,405,439,341
647,21365.995254626,21365.995922308,,3,GPU-46bf67bb-cb31-bee1-3cf0-c35337ba97d2,ok,0,0,453,27.477,39,210,405,390,341
647,21365.995254626,21365.996308168,,4,GPU-127e16de-2b5f-dde9-1932-b4e29bb818c0,ok,0,0,453,23.768,34,210,405,439,292
648,21366.995254626,21366.995993666,,0,GPU-9b96eb67-aeee-89d5-aa85-fc650af4e25c,ok,0,0,714,26.976,36,210,405,390,341
648,21366.995254626,21366.996547476,,1,GPU-37ffc98b-8551-c8a1-5f3c-27ade9ae735a,ok,100,53,11370,342.351,74,1695,9501,8349,14160
648,21366.995254626,21366.996078856,,2,GPU-5443d59d-561f-ed1e-da42-1975937205f9,ok,0,0,453,27.294,36,210,405,390,292
648,21366.995254626,21366.995841446,,3,GPU-46bf67bb-cb31-bee1-3cf0-c35337ba97d2,ok,0,0,453,27.444,39,210,405,439,341
648,21366.995254626,21366.996114906,,4,GPU-127e16de-2b5f-dde9-1932-b4e29bb818c0,ok,0,0,453,23.844,34,210,405,390,292
649,21367.995254626,21367.996044834,,0,GPU-9b96eb67-aeee-89d5-aa85-fc650af4e25c,ok,0,0,714,26.941,36,210,405,439,341
649,21367.995254626,21367.995814454,,1,GPU-37ffc98b-8551-c8a1-5f3c-27ade9ae735a,ok,100,47,11370,341.716,74,1680,9501,7373,22558
649,21367.995254626,21367.996017174,,2,GPU-5443d59d-561f-ed1e-da42-1975937205f9,ok,0,0,453,27.451,36,210,405,439,292
649,21367.995254626,21367.996227244,,3,GPU-46bf67bb-cb31-bee1-3cf0-c35337ba97d2,ok,0,0,453,27.595,39,210,405,439,341
649,21367.995254626,21367.995942414,,4,GPU-127e16de-2b5f-dde9-1932-b4e29bb818c0,ok,0,0,453,23.803,34,210,405,390,292
650,21368.995254626,21368.996167082,,0,GPU-9b96eb67-aeee-89d5-aa85-fc650af4e25c,ok,0,0,714,27.102,36,210,405,439,292
650,21368.995254626,21368.995956582,,1,GPU-37ffc98b-8551-c8a1-5f3c-27ade9ae735a,ok,100,45,11370,341.174,74,1665,9501,7080,23144
650,21368.995254626,21368.996067442,,2,GPU-5443d59d-561f-ed1e-da42-1975937205f9,ok,0,0,453,27.464,36,210,405,439,292
650,21368.995254626,21368.996128212,,3,GPU-46bf67bb-cb31-bee1-3cf0-c35337ba97d2,ok,0,0,453,27.428,39,210,405,439,341
650,21368.995254626,21368.996100052,,4,GPU-127e16de-2b5f-dde9-1932-b4e29bb818c0,ok,0,0,453,23.968,34,210,405,439,341
651,21369.995254626,21369.99613463,,0,GPU-9b96eb67-aeee-89d5-aa85-fc650af4e25c,ok,0,0,714,27.072,36,210,405,439,292
651,21369.995254626,21369.99731416,,1,GPU-37ffc98b-8551-c8a1-5f3c-27ade9ae735a,ok,100,48,11370,343.402,74,1620,9501,7128,33984
651,21369.995254626,21369.99600878,,2,GPU-5443d59d-561f-ed1e-da42-1975937205f9,ok,0,0,453,27.443,36,210,405,390,292
651,21369.995254626,21369.99610835,,3,GPU-46bf67bb-cb31-bee1-3cf0-c35337ba97d2,ok,0,0,453,27.481,39,210,405,439,292
651,21369.995254626,21369.99597676,,4,GPU-127e16de-2b5f-dde9-1932-b4e29bb818c0,ok,0,0,453,24.159,34,210,405,439,341
652,21370.995254626,21370.996078028,,0,GPU-9b96eb67-aeee-89d5-aa85-fc650af4e25c,ok,0,0,714,27.101,36,210,405,439,292
652,21370.995254626,21370.996126338,,1,GPU-37ffc98b-8551-c8a1-5f3c-27ade9ae735a,ok,94,59,11370,344.676,75,1530,9501,7128,20361
652,21370.995254626,21370.995927668,,2,GPU-5443d59d-561f-ed1e-da42-1975937205f9,ok,0,0,453,27.41,36,210,405,439,292
652,21370.995254626,21370.996191888,,3,GPU-46bf67bb-cb31-bee1-3cf0-c35337ba97d2,ok,0,0,453,27.629,39,210,405,390,292
652,21370.995254626,21370.995999188,,4,GPU-127e16de-2b5f-dde9-1932-b4e29bb818c0,ok,0,0,453,24.09,34,210,405,439,341
653,21371.995254626,21371.996457476,,0,GPU-9b96eb67-aeee-89d5-aa85-fc650af4e25c,ok,0,0,714,27.18,35,210,405,439,341
653,21371.995254626,21371.995944056,,1,GPU-37ffc98b-8551-c8a1-5f3c-27ade9ae735a,ok,95,58,11370,342.752,74,1605,9501,6494,20361
653,21371.995254626,21371.996002376,,2,GPU-5443d59d-561f-ed1e-da42-1975937205f9,ok,0,0,453,27.33,36,210,405,439,292
653,21371.995254626,21371.996832936,,3,GPU-46bf67bb-cb31-bee1-3cf0-c35337ba97d2,ok,0,0,453,27.437,39,210,405,439,292
653,21371.995254626,21371.995728676,,4,GPU-127e16de-2b5f-dde9-1932-b4e29bb818c0,ok,0,0,453,24.071,34,210,405,439,292
654,21372.995254626,21372.996208404,,0,GPU-9b96eb67-aeee-89d5-aa85-fc650af4e25c,ok,0,0,714,27.005,35,210,405,439,292
654,21372.995254626,21372.996104544,,1,GPU-37ffc98b-8551-c8a1-5f3c-27ade9ae735a,ok,94,55,11370,341.273,74,1680,9501,4199,20214
654,21372.995254626,21372.996173004,,2,GPU-5443d59d-561f-ed1e-da42-1975937205f9,ok,0,0,453,27.468,36,210,405,439,341
654,21372.995254626,21372.995982484,,3,GPU-46bf67bb-cb31-bee1-3cf0-c35337ba97d2,ok,0,0,453,27.47,39,210,405,439,292
654,21372.995254626,21372.996017994,,4,GPU-127e16de-2b5f-dde9-1932-b4e29bb818c0,ok,0,0,453,24.235,34,210,405,439,292
655,21373.995254626,21373.996079142,,0,GPU-9b96eb67-aeee-89d5-aa85-fc650af4e25c,ok,0,0,714,26.97,36,210,405,439,341
655,21373.995254626,21373.995887992,,1,GPU-37ffc98b-8551-c8a1-5f3c-27ade9ae735a,ok,100,48,11370,342.205,74,1710,9501,8349,18554
655,21373.995254626,21373.995990702,,2,GPU-5443d59d-561f-ed1e-da42-1975937205f9,ok,0,0,453,27.486,36,210,405,439,292
655,21373.995254626,21373.996963992,,3,GPU-46bf67bb-cb31-bee1-3cf0-c35337ba97d2,ok,0,0,453,27.584,39,210,405,439,292
655,21373.995254626,21373.996104842,,4,GPU-127e16de-2b5f-dde9-1932-b4e29bb818c0,ok,0,0,453,24.161,34,210,405,439,292
656,21374.995254626,21374.99610975,,0,GPU-9b96eb67-aeee-89d5-aa85-fc650af4e25c,ok,0,0,714,27.126,36,210,405,439,292
656,21374.995254626,21374.99826278,,1,GPU-37ffc98b-8551-c8a1-5f3c-27ade9ae735a,ok,100,41,11370,341.139,74,1680,9501,7470,23730
656,21374.995254626,21374.99618088,,2,GPU-5443d59d-561f-ed1e-da42-1975937205f9,ok,0,0,453,27.532,36,210,405,439,292
656,21374.995254626,21374.99596631,,3,GPU-46bf67bb-cb31-bee1-3cf0-c35337ba97d2,ok,0,0,453,27.431,39,210,405,439,292
656,21374.995254626,21374.99615354,,4,GPU-127e16de-2b5f-dde9-1932-b4e29bb818c0,ok,0,0,453,24.061,34,210,405,439,341
657,21375.995254626,21375.996008648,,0,GPU-9b96eb67-aeee-89d5-aa85-fc650af4e25c,ok,0,0,714,27.093,36,210,405,439,292
657,21375.995254626,21375.996235608,,1,GPU-37ffc98b-8551-c8a1-5f3c-27ade9ae735a,ok,100,46,11370,341.909,74,1665,9501,8496,23925
657,21375.995254626,21375.996203768,,2,GPU-5443d59d-561f-ed1e-da42-1975937205f9,ok,0,0,453,27.611,36,210,405,439,292
657,21375.995254626,21375.996143738,,3,GPU-46bf67bb-cb31-bee1-3cf0-c35337ba97d2,ok,0,0,453,27.485,39,210,405,439,341
657,21375.995254626,21375.996105928,,4,GPU-127e16de-2b5f-dde9-1932-b4e29bb818c0,ok,0,0,453,24.078,34,210,405,439,341
658,21376.995254626,21376.996312316,,0,GPU-9b96eb67-aeee-89d5-aa85-fc650af4e25c,ok,0,0,714,27.047,36,210,405,439,292
658,21376.995254626,21376.995873346,,1,GPU-37ffc98b-8551-c8a1-5f3c-27ade9ae735a,ok,100,49,11370,343.698,75,1605,9501,6787,20361
658,21376.995254626,21376.996945996,,2,GPU-5443d59d-561f-ed1e-da42-1975937205f9,ok,0,0,453,27.475,36,210,405,390,341
658,21376.995254626,21376.996142826,,3,GPU-46bf67bb-cb31-bee1-3cf0-c35337ba97d2,ok,0,0,453,27.619,39,210,405,439,292
658,21376.995254626,21376.996062326,,4,GPU-127e16de-2b5f-dde9-1932-b4e29bb818c0,ok,0,0,453,23.928,34,210,405,439,341
659,21377.995254626,21377.996178754,,0,GPU-9b96eb67-aeee-89d5-aa85-fc650af4e25c,ok,0,0,714,27.195,36,210,405,439,292
659,21377.995254626,21377.995927514,,1,GPU-37ffc98b-8551-c8a1-5f3c-27ade9ae735a,ok,94,59,11370,345.103,74,1560,9501,7031,19824
659,21377.995254626,21377.996206184,,2,GPU-5443d59d-561f-ed1e-da42-1975937205f9,ok,0,0,453,27.461,36,210,405,390,292
659,21377.995254626,21377.996141974,,3,GPU-46bf67bb-cb31-bee1-3cf0-c35337ba97d2,ok,0,0,453,27.453,39,210,405,439,292
659,21377.995254626,21377.996231684,,4,GPU-127e16de-2b5f-dde9-1932-b4e29bb818c0,ok,0,0,453,24.066,34,210,405,439,292
660,21378.995254626,21378.996119612,,0,GPU-9b96eb67-aeee-89d5-aa85-fc650af4e25c,ok,0,0,714,27.232,36,210,405,439,341
660,21378.995254626,21378.995869582,,1,GPU-37ffc98b-8551-c8a1-5f3c-27ade9ae735a,ok,94,56,11370,341.642,74,1680,9501,6347,19335
660,21378.995254626,21378.996104162,,2,GPU-5443d59d-561f-ed1e-da42-1975937205f9,ok,0,0,453,27.566,36,210,405,390,292
660,21378.995254626,21378.996287252,,3,GPU-46bf67bb-cb31-bee1-3cf0-c35337ba97d2,ok,0,0,453,27.477,39,210,405,488,292
660,21378.995254626,21378.996062792,,4,GPU-127e16de-2b5f-dde9-1932-b4e29bb818c0,ok,0,0,453,24.218,34,210,405,390,292
661,21379.995254626,21379.99577574,,0,GPU-9b96eb67-aeee-89d5-aa85-fc650af4e25c,ok,0,0,714,27.255,35,210,405,390,292
661,21379.995254626,21379.9960862,,1,GPU-37ffc98b-8551-c8a1-5f3c-27ade9ae735a,ok,100,55,11370,341.76,74,1755,9501,6933,15673
661,21379.995254626,21379.99589728,,2,GPU-5443d59d-561f-ed1e-da42-1975937205f9,ok,0,0,453,27.434,36,210,405,390,292
661,21379.995254626,21379.9977394,,3,GPU-46bf67bb-cb31-bee1-3cf0-c35337ba97d2,ok,0,0,453,27.674,39,210,405,439,292
661,21379.995254626,21379.99595025,,4,GPU-127e16de-2b5f-dde9-1932-b4e29bb818c0,ok,0,0,453,24.124,34,210,405,439,292
662,21380.995254626,21380.995775558,,0,GPU-9b96eb67-aeee-89d5-aa85-fc650af4e25c,ok,0,0,714,27.164,35,210,405,390,292
662,21380.995254626,21380.996097968,,1,GPU-37ffc98b-8551-c8a1-5f3c-27ade9ae735a,ok,100,47,11370,342.187,74,1695,9501,8056,23144
662,21380.995254626,21380.996121598,,2,GPU-5443d59d-561f-ed1e-da42-1975937205f9,ok,0,0,453,27.326,36,210,405,390,292
662,21380.995254626,21380.996475658,,3,GPU-46bf67bb-cb31-bee1-3cf0-c35337ba97d2,ok,0,0,453,27.547,39,210,405,439,292
662,21380.995254626,21380.996048818,,4,GPU-127e16de-2b5f-dde9-1932-b4e29bb818c0,ok,0,0,453,24.029,34,210,405,439,292
663,21381.995254626,21381.995871586,,0,GPU-9b96eb67-aeee-89d5-aa85-fc650af4e25c,ok,0,0,714,27.078,35,210,405,390,292
663,21381.995254626,21381.996176816,,1,GPU-37ffc98b-8551-c8a1-5f3c-27ade9ae735a,ok,100,45,11370,340.574,74,1680,9501,7080,23437
663,21381.995254626,21381.996641526,,2,GPU-5443d59d-561f-ed1e-da42-1975937205f9,ok,0,0,453,27.411,36,210,405,439,341
663,21381.995254626,21381.996138016,,3,GPU-46bf67bb-cb31-bee1-3cf0-c35337ba97d2,ok,0,0,453,27.566,39,210,405,390,292
663,21381.995254626,21381.996207196,,4,GPU-127e16de-2b5f-dde9-1932-b4e29bb818c0,ok,0,0,453,24.151,34,210,405,439,292
664,21382.995254626,21382.997567734,,0,GPU-9b96eb67-aeee-89d5-aa85-fc650af4e25c,ok,0,0,714,27.254,36,210,405,390,341
664,21382.995254626,21382.995990564,,1,GPU-37ffc98b-8551-c8a1-5f3c-27ade9ae735a,ok,100,48,11370,343.052,74,1635,9501,7128,33349
664,21382.995254626,21382.995936614,,2,GPU-5443d59d-561f-ed1e-da42-1975937205f9,ok,0,0,453,27.352,36,210,405,439,292
664,21382.995254626,21382.995919964,,3,GPU-46bf67bb-cb31-bee1-3cf0-c35337ba97d2,ok,0,0,453,27.74,39,210,405,439,292
664,21382.995254626,21382.996066904,,4,GPU-127e16de-2b5f-dde9-1932-b4e29bb818c0,ok,0,0,453,24.307,34,210,405,439,292
665,21383.995254626,21383.996314382,,0,GPU-9b96eb67-aeee-89d5-aa85-fc650af4e25c,ok,0,0,714,27.241,36,210,405,439,292
665,21383.995254626,21383.996030952,,1,GPU-37ffc98b-8551-c8a1-5f3c-27ade9ae735a,ok,96,55,11370,344.785,75,1560,9501,6738,20361
665,21383.995254626,21383.996196262,,2,GPU-5443d59d-561f-ed1e-da42-1975937205f9,ok,0,0,453,27.35,36,210,405,439,292
665,21383.995254626,21383.996220772,,3,GPU-46bf67bb-cb31-bee1-3cf0-c35337ba97d2,ok,0,0,453,27.516,39,210,405,439,292
665,21383.995254626,21383.996336462,,4,GPU-127e16de-2b5f-dde9-1932-b4e29bb818c0,ok,0,0,453,24.063,34,210,405,439,292
666,21384.995254626,21384.99622524,,0,GPU-9b96eb67-aeee-89d5-aa85-fc650af4e25c,ok,0,0,714,27.302,36,210,405,439,292
666,21384.995254626,21384.99615966,,1,GPU-37ffc98b-8551-c8a1-5f3c-27ade9ae735a,ok,94,57,11370,342.152,75,1515,9501,6835,19580
666,21384.995254626,21384.99585751,,2,GPU-5443d59d-561f-ed1e-da42-1975937205f9,ok,0,0,453,27.351,36,210,405,439,292
666,21384.995254626,21384.99612505,,3,GPU-46bf67bb-cb31-bee1-3cf0-c35337ba97d2,ok,0,0,453,27.421,39,210,405,439,292
666,21384.995254626,21384.99618408,,4,GPU-127e16de-2b5f-dde9-1932-b4e29bb818c0,ok,0,0,453,23.897,34,210,405,390,341
667,21385.995254626,21385.996080678,,0,GPU-9b96eb67-aeee-89d5-aa85-fc650af4e25c,ok,0,0,714,27.508,36,210,405,439,292
667,21385.995254626,21385.995899808,,1,GPU-37ffc98b-8551-c8a1-5f3c-27ade9ae735a,ok,94,54,11370,341.174,74,1680,9501,4589,18603
667,21385.995254626,21385.996118258,,2,GPU-5443d59d-561f-ed1e-da42-1975937205f9,ok,0,0,453,27.175,36,210,405,439,341
667,21385.995254626,21385.996029778,,3,GPU-46bf67bb-cb31-bee1-3cf0-c35337ba97d2,ok,0,0,453,27.611,39,210,405,439,341
667,21385.995254626,21385.996319048,,4,GPU-127e16de-2b5f-dde9-1932-b4e29bb818c0,ok,0,0,453,23.892,34,210,405,439,341
668,21386.995254626,21386.995987856,,0,GPU-9b96eb67-aeee-89d5-aa85-fc650af4e25c,ok,0,0,714,27.337,36,210,405,439,341
668,21386.995254626,21386.996102816,,1,GPU-37ffc98b-8551-c8a1-5f3c-27ade9ae735a,ok,100,47,11370,342.168,74,1695,9501,8740,16748
668,21386.995254626,21386.995849936,,2,GPU-5443d59d-561f-ed1e-da42-1975937205f9,ok,0,0,453,27.127,36,210,405,439,341
668,21386.995254626,21386.997225946,,3,GPU-46bf67bb-cb31-bee1-3cf0-c35337ba97d2,ok,0,0,453,27.543,39,210,405,439,341
668,21386.995254626,21386.996577426,,4,GPU-127e16de-2b5f-dde9-1932-b4e29bb818c0,ok,0,0,453,23.924,34,210,405,439,341
669,21387.995254626,21387.996070554,,0,GPU-9b96eb67-aeee-89d5-aa85-fc650af4e25c,ok,0,0,714,27.316,36,210,405,439,292
669,21387.995254626,21387.996166244,,1,GPU-37ffc98b-8551-c8a1-5f3c-27ade9ae735a,ok,100,39,11370,340.402,74,1680,9501,7324,23681
669,21387.995254626,21387.996209654,,2,GPU-5443d59d-561f-ed1e-da42-1975937205f9,ok,0,0,453,27.238,36,210,405,439,292
669,21387.995254626,21387.996123974,,3,GPU-46bf67bb-cb31-bee1-3cf0-c35337ba97d2,ok,0,0,453,27.477,39,210,405,390,341
669,21387.995254626,21387.995983134,,4,GPU-127e16de-2b5f-dde9-1932-b4e29bb818c0,ok,0,0,453,24.066,34,210,405,439,292
670,21388.995254626,21388.996174032,,0,GPU-9b96eb67-aeee-89d5-aa85-fc650af4e25c,ok,0,0,714,27.404,36,210,405,439,292
670,21388.995254626,21388.995876912,,1,GPU-37ffc98b-8551-c8a1-5f3c-27ade9ae735a,ok,100,47,11370,338.849,74,1635,9501,8007,28613
670,21388.995254626,21388.996129952,,2,GPU-5443d59d-561f-ed1e-da42-1975937205f9,ok,0,0,453,27.183,36,210,405,439,341
670,21388.995254626,21388.996295822,,3,GPU-46bf67bb-cb31-bee1-3cf0-c35337ba97d2,ok,0,0,453,27.582,39,210,405,439,292
670,21388.995254626,21388.996012632,,4,GPU-127e16de-2b5f-dde9-1932-b4e29bb818c0,ok,0,0,453,24.1,34,210,405,439,292
671,21389.995254626,21389.99614195,,0,GPU-9b96eb67-aeee-89d5-aa85-fc650af4e25c,ok,0,0,714,27.15,36,210,405,439,341
671,21389.995254626,21389.99620302,,1,GPU-37ffc98b-8551-c8a1-5f3c-27ade9ae735a,ok,97,55,11370,340.972,75,1545,9501,6933,20361
671,21389.995254626,21389.99616502,,2,GPU-5443d59d-561f-ed1e-da42-1975937205f9,ok,0,0,453,27.218,36,210,405,390,341
671,21389.995254626,21389.99625549,,3,GPU-46bf67bb-cb31-bee1-3cf0-c35337ba97d2,ok,0,0,453,27.458,39,210,405,439,292
671,21389.995254626,21389.99607264,,4,GPU-127e16de-2b5f-dde9-1932-b4e29bb818c0,ok,0,0,453,23.942,34,210,405,439,292
672,21390.995254626,21390.996120538,,0,GPU-9b96eb67-aeee-89d5-aa85-fc650af4e25c,ok,0,0,714,27.19,36,210,405,439,292
672,21390.995254626,21390.996231598,,1,GPU-37ffc98b-8551-c8a1-5f3c-27ade9ae735a,ok,94,57,11370,341.297,75,1530,9501,6738,20263
672,21390.995254626,21390.996211728,,2,GPU-5443d59d-561f-ed1e-da42-1975937205f9,ok,0,0,453,27.351,36,210,405,439,292
672,21390.995254626,21390.996595248,,3,GPU-46bf67bb-cb31-bee1-3cf0-c35337ba97d2,ok,0,0,453,27.428,39,210,405,390,292
672,21390.995254626,21390.995876518,,4,GPU-127e16de-2b5f-dde9-1932-b4e29bb818c0,ok,0,0,453,23.941,34,210,405,439,292
673,21391.995254626,21391.996735526,,0,GPU-9b96eb67-aeee-89d5-aa85-fc650af4e25c,ok,0,0,714,27.407,36,210,405,439,292
673,21391.995254626,21391.996625546,,1,GPU-37ffc98b-8551-c8a1-5f3c-27ade9ae735a,ok,94,54,11370,340.656,74,1680,9501,5664,20117
673,21391.995254626,21391.995766766,,2,GPU-5443d59d-561f-ed1e-da42-1975937205f9,ok,0,0,453,27.297,36,210,405,390,292
673,21391.995254626,21391.996773566,,3,GPU-46bf67bb-cb31-bee1-3cf0-c35337ba97d2,ok,0,0,453,27.567,39,210,405,390,292
673,21391.995254626,21391.996707686,,4,GPU-127e16de-2b5f-dde9-1932-b4e29bb818c0,ok,0,0,453,24.261,34,210,405,390,292
674,21392.995254626,21392.996046834,,0,GPU-9b96eb67-aeee-89d5-aa85-fc650af4e25c,ok,0,0,714,27.193,36,210,405,390,292
674,21392.995254626,21392.995814094,,1,GPU-37ffc98b-8551-c8a1-5f3c-27ade9ae735a,ok,100,47,11370,341.791,74,1710,9501,8837,13378
674,21392.995254626,21392.996019594,,2,GPU-5443d59d-561f-ed1e-da42-1975937205f9,ok,0,0,453,27.245,36,210,405,390,292
674,21392.995254626,21392.996561564,,3,GPU-46bf67bb-cb31-bee1-3cf0-c35337ba97d2,ok,0,0,453,27.423,39,210,405,439,292
674,21392.995254626,21392.996499224,,4,GPU-127e16de-2b5f-dde9-1932-b4e29bb818c0,ok,0,0,453,24.316,34,210,405,439,292
675,21393.995254626,21393.996366162,,0,GPU-9b96eb67-aeee-89d5-aa85-fc650af4e25c,ok,0,0,714,27.072,36,210,405,439,341
675,21393.995254626,21393.995640412,,1,GPU-37ffc98b-8551-c8a1-5f3c-27ade9ae735a,ok,100,40,11370,340.862,74,1680,9501,7031,23339
675,21393.995254626,21393.996319492,,2,GPU-5443d59d-561f-ed1e-da42-1975937205f9,ok,0,0,453,27.302,36,210,405,390,341
675,21393.995254626,21393.996273952,,3,GPU-46bf67bb-cb31-bee1-3cf0-c35337ba97d2,ok,0,0,453,27.421,39,210,405,439,341
675,21393.995254626,21393.996385902,,4,GPU-127e16de-2b5f-dde9-1932-b4e29bb818c0,ok,0,0,453,24.313,34,210,405,390,292
676,21394.995254626,21394.99612969,,0,GPU-9b96eb67-aeee-89d5-aa85-fc650af4e25c,ok,0,0,714,27.218,35,210,405,439,292
676,21394.995254626,21394.9960521,,1,GPU-37ffc98b-8551-c8a1-5f3c-27ade9ae735a,ok,100,46,11370,341.508,74,1650,9501,8984,23681
676,21394.995254626,21394.99619113,,2,GPU-5443d59d-561f-ed1e-da42-1975937205f9,ok,0,0,453,27.288,36,210,405,390,292
676,21394.995254626,21394.99625685,,3,GPU-46bf67bb-cb31-bee1-3cf0-c35337ba97d2,ok,0,0,453,27.562,39,210,405,439,341
676,21394.995254626,21394.99622735,,4,GPU-127e16de-2b5f-dde9-1932-b4e29bb818c0,ok,0,0,453,24.437,34,210,405,439,341
677,21395.995254626,21395.996354048,,0,GPU-9b96eb67-aeee-89d5-aa85-fc650af4e25c,ok,0,0,714,27.074,35,210,405,439,292
677,21395.995254626,21395.996172488,,1,GPU-37ffc98b-8551-c8a1-5f3c-27ade9ae735a,ok,100,52,11370,344.924,75,1575,9501,7080,19628
677,21395.995254626,21395.996328838,,2,GPU-5443d59d-561f-ed1e-da42-1975937205f9,ok,0,0,453,27.284,36,210,405,439,292
677,21395.995254626,21395.996135578,,3,GPU-46bf67bb-cb31-bee1-3cf0-c35337ba97d2,ok,0,0,453,27.396,39,210,405,439,292
677,21395.995254626,21395.996298318,,4,GPU-127e16de-2b5f-dde9-1932-b4e29bb818c0,ok,0,0,453,24.466,34,210,405,390,341
678,21396.995254626,21396.996306636,,0,GPU-9b96eb67-aeee-89d5-aa85-fc650af4e25c,ok,0,0,714,27.081,35,210,405,439,292
678,21396.995254626,21396.995805076,,1,GPU-37ffc98b-8551-c8a1-5f3c-27ade9ae735a,ok,94,58,11370,344.811,75,1545,9501,6982,19433
678,21396.995254626,21396.996240656,,2,GPU-5443d59d-561f-ed1e-da42-1975937205f9,ok,0,0,453,27.35,36,210,405,390,292
678,21396.995254626,21396.996078386,,3,GPU-46bf67bb-cb31-bee1-3cf0-c35337ba97d2,ok,0,0,453,27.401,39,210,405,439,292
678,21396.995254626,21396.996089696,,4,GPU-127e16de-2b5f-dde9-1932-b4e29bb818c0,ok,0,0,453,24.327,34,210,405,439,292
679,21397.995254626,21397.996156204,,0,GPU-9b96eb67-aeee-89d5-aa85-fc650af4e25c,ok,0,0,714,27.237,35,210,405,439,341
679,21397.995254626,21397.996248954,,1,GPU-37ffc98b-8551-c8a1-5f3c-27ade9ae735a,ok,95,56,11370,342.109,74,1680,9501,7080,19482
679,21397.995254626,21397.996206964,,2,GPU-5443d59d-561f-ed1e-da42-1975937205f9,ok,0,0,453,27.259,36,210,405,439,292
679,21397.995254626,21397.996113144,,3,GPU-46bf67bb-cb31-bee1-3cf0-c35337ba97d2,ok,0,0,453,27.584,39,210,405,439,292
679,21397.995254626,21397.996229254,,4,GPU-127e16de-2b5f-dde9-1932-b4e29bb818c0,ok,0,0,453,24.168,34,210,405,439,292
680,21398.995254626,21398.996662203,,0,GPU-9b96eb67-aeee-89d5-aa85-fc650af4e25c,ok,0,0,714,27.078,35,210,405,439,292
680,21398.995254626,21398.996113732,,1,GPU-37ffc98b-8551-c8a1-5f3c-27ade9ae735a,ok,100,49,11370,342.495,74,1770,9501,6640,12158
680,21398.995254626,21398.995936542,,2,GPU-5443d59d-561f-ed1e-da42-1975937205f9,ok,0,0,453,27.187,36,210,405,439,292
680,21398.995254626,21398.996147152,,3,GPU-46bf67bb-cb31-bee1-3cf0-c35337ba97d2,ok,0,0,453,27.458,39,210,405,439,292
680,21398.995254626,21398.996179842,,4,GPU-127e16de-2b5f-dde9-1932-b4e29bb818c0,ok,0,0,453,24.155,34,210,405,439,341
681,21399.995254626,21399.99600406,,0,GPU-9b96eb67-aeee-89d5-aa85-fc650af4e25c,ok,0,0,714,27.198,36,210,405,439,292
681,21399.995254626,21399.99603737,,1,GPU-37ffc98b-8551-c8a1-5f3c-27ade9ae735a,ok,100,46,11370,342.86,74,1695,9501,7763,24609
681,21399.995254626,21399.99583278,,2,GPU-5443d59d-561f-ed1e-da42-1975937205f9,ok,0,0,453,27.242,36,210,405,439,292
681,21399.995254626,21399.996558191,,3,GPU-46bf67bb-cb31-bee1-3cf0-c35337ba97d2,ok,0,0,453,27.436,39,210,405,439,292
681,21399.995254626,21399.996617771,,4,GPU-127e16de-2b5f-dde9-1932-b4e29bb818c0,ok,0,0,453,24.081,34,210,405,439,341
682,21400.995254626,21400.996905159,,0,GPU-9b96eb67-aeee-89d5-aa85-fc650af4e25c,ok,0,0,714,27.371,36,210,405,439,292
682,21400.995254626,21400.996304219,,1,GPU-37ffc98b-8551-c8a1-5f3c-27ade9ae735a,ok,100,45,11370,341.345,74,1665,9501,6738,23388
682,21400.995254626,21400.996840749,,2,GPU-5443d59d-561f-ed1e-da42-1975937205f9,ok,0,0,453,27.204,36,210,405,439,292
682,21400.995254626,21400.996354839,,3,GPU-46bf67bb-cb31-bee1-3cf0-c35337ba97d2,ok,0,0,453,27.558,39,210,405,439,292
682,21400.995254626,21400.996034088,,4,GPU-127e16de-2b5f-dde9-1932-b4e29bb818c0,ok,0,0,453,24.133,34,210,405,439,341
683,21401.995254626,21401.996020706,,0,GPU-9b96eb67-aeee-89d5-aa85-fc650af4e25c,ok,0,0,714,27.209,36,210,405,439,292
683,21401.995254626,21401.996210557,,1,GPU-37ffc98b-8551-c8a1-5f3c-27ade9ae735a,ok,100,48,11370,343.842,74,1620,9501,7373,29980
683,21401.995254626,21401.995965336,,2,GPU-5443d59d-561f-ed1e-da42-1975937205f9,ok,0,0,453,27.171,36,210,405,390,341
683,21401.995254626,21401.996065146,,3,GPU-46bf67bb-cb31-bee1-3cf0-c35337ba97d2,ok,0,0,453,27.39,39,210,405,439,341
683,21401.995254626,21401.996226437,,4,GPU-127e16de-2b5f-dde9-1932-b4e29bb818c0,ok,0,0,453,24.128,34,210,405,390,292
684,21402.995254626,21402.995805894,,0,GPU-9b96eb67-aeee-89d5-aa85-fc650af4e25c,ok,0,0,714,27.187,36,210,405,439,292
684,21402.995254626,21402.996005914,,1,GPU-37ffc98b-8551-c8a1-5f3c-27ade9ae735a,ok,95,62,11370,342.998,75,1545,9501,7128,18603
684,21402.995254626,21402.996051004,,2,GPU-5443d59d-561f-ed1e-da42-1975937205f9,ok,0,0,453,27.229,36,210,405,390,292
684,21402.995254626,21402.995959874,,3,GPU-46bf67bb-cb31-bee1-3cf0-c35337ba97d2,ok,0,0,453,27.424,39,210,405,439,292
684,21402.995254626,21402.998479805,,4,GPU-127e16de-2b5f-dde9-1932-b4e29bb818c0,ok,0,0,453,24.144,34,210,405,439,292
685,21403.995254626,21403.996568963,,0,GPU-9b96eb67-aeee-89d5-aa85-fc650af4e25c,ok,0,0,714,27.187,35,210,405,439,341
685,21403.995254626,21403.996001642,,1,GPU-37ffc98b-8551-c8a1-5f3c-27ade9ae735a,ok,94,57,11370,339.382,74,1680,9501,6640,17968
685,21403.995254626,21403.996041683,,2,GPU-5443d59d-561f-ed1e-da42-1975937205f9,ok,0,0,453,27.142,36,210,405,390,292
685,21403.995254626,21403.996089383,,3,GPU-46bf67bb-cb31-bee1-3cf0-c35337ba97d2,ok,0,0,453,27.404,39,210,405,439,292
685,21403.995254626,21403.995863422,,4,GPU-127e16de-2b5f-dde9-1932-b4e29bb818c0,ok,0,0,453,24.377,34,210,405,390,292
686,21404.995254626,21404.996430891,,0,GPU-9b96eb67-aeee-89d5-aa85-fc650af4e25c,ok,0,0,714,26.985,35,210,405,439,292
686,21404.995254626,21404.9959154,,1,GPU-37ffc98b-8551-c8a1-5f3c-27ade9ae735a,ok,100,56,11370,341.669,74,1755,9501,4785,17236
686,21404.995254626,21404.99571238,,2,GPU-5443d59d-561f-ed1e-da42-1975937205f9,ok,0,0,453,27.115,36,210,405,439,292
686,21404.995254626,21404.996774991,,3,GPU-46bf67bb-cb31-bee1-3cf0-c35337ba97d2,ok,0,0,453,27.421,39,210,405,439,292
686,21404.995254626,21404.995987071,,4,GPU-127e16de-2b5f-dde9-1932-b4e29bb818c0,ok,0,0,453,24.436,34,210,405,439,292
687,21405.995254626,21405.995910139,,0,GPU-9b96eb67-aeee-89d5-aa85-fc650af4e25c,ok,0,0,714,26.948,35,210,405,439,292
687,21405.995254626,21405.995937879,,1,GPU-37ffc98b-8551-c8a1-5f3c-27ade9ae735a,ok,100,48,11370,341.146,74,1695,9501,8007,22070
687,21405.995254626,21405.995706148,,2,GPU-5443d59d-561f-ed1e-da42-1975937205f9,ok,0,0,453,27.224,36,210,405,439,292
687,21405.995254626,21405.996446829,,3,GPU-46bf67bb-cb31-bee1-3cf0-c35337ba97d2,ok,0,0,453,27.53,39,210,405,439,341
687,21405.995254626,21405.996499529,,4,GPU-127e16de-2b5f-dde9-1932-b4e29bb818c0,ok,0,0,453,24.459,34,210,405,439,292
688,21406.995254626,21406.995875107,,0,GPU-9b96eb67-aeee-89d5-aa85-fc650af4e25c,ok,0,0,714,27.07,36,210,405,439,292
688,21406.995254626,21406.996043457,,1,GPU-37ffc98b-8551-c8a1-5f3c-27ade9ae735a,ok,100,44,11370,339.772,74,1665,9501,7324,23779
688,21406.995254626,21406.996585207,,2,GPU-5443d59d-561f-ed1e-da42-1975937205f9,ok,0,0,453,27.076,36,210,405,390,292
688,21406.995254626,21406.995955727,,3,GPU-46bf67bb-cb31-bee1-3cf0-c35337ba97d2,ok,0,0,453,27.483,39,210,405,390,292
688,21406.995254626,21406.996070677,,4,GPU-127e16de-2b5f-dde9-1932-b4e29bb818c0,ok,0,0,453,24.551,34,210,405,439,292
689,21407.995254626,21407.995883965,,0,GPU-9b96eb67-aeee-89d5-aa85-fc650af4e25c,ok,0,0,714,27.023,36,210,405,439,341
689,21407.995254626,21407.995997585,,1,GPU-37ffc98b-8551-c8a1-5f3c-27ade9ae735a,ok,100,48,11370,341.716,74,1620,9501,7958,25732
689,21407.995254626,21407.996062775,,2,GPU-5443d59d-561f-ed1e-da42-1975937205f9,ok,0,0,453,26.96,36,210,405,439,292
689,21407.995254626,21407.996041455,,3,GPU-46bf67bb-cb31-bee1-3cf0-c35337ba97d2,ok,0,0,453,27.514,39,210,405,439,292
689,21407.995254626,21407.996580775,,4,GPU-127e16de-2b5f-dde9-1932-b4e29bb818c0,ok,0,0,453,24.418,34,210,405,439,292
690,21408.995254626,21408.996036293,,0,GPU-9b96eb67-aeee-89d5-aa85-fc650af4e25c,ok,0,0,714,27.095,35,210,405,439,341
690,21408.995254626,21408.996104783,,1,GPU-37ffc98b-8551-c8a1-5f3c-27ade9ae735a,ok,94,54,11370,343.93,75,1560,9501,7275,20556
690,21408.995254626,21408.996063203,,2,GPU-5443d59d-561f-ed1e-da42-1975937205f9,ok,0,0,453,26.96,36,210,405,439,292
690,21408.995254626,21408.995930043,,3,GPU-46bf67bb-cb31-bee1-3cf0-c35337ba97d2,ok,0,0,453,27.624,39,210,405,439,292
690,21408.995254626,21408.996646163,,4,GPU-127e16de-2b5f-dde9-1932-b4e29bb818c0,ok,0,0,453,24.135,34,210,405,439,292
691,21409.995254626,21409.996081951,,0,GPU-9b96eb67-aeee-89d5-aa85-fc650af4e25c,ok,0,0,714,27.185,36,210,405,439,292
691,21409.995254626,21409.995958501,,1,GPU-37ffc98b-8551-c8a1-5f3c-27ade9ae735a,ok,94,57,11370,343.107,74,1560,9501,7080,20117
691,21409.995254626,21409.997599511,,2,GPU-5443d59d-561f-ed1e-da42-1975937205f9,ok,0,0,453,27.073,36,210,405,439,341
691,21409.995254626,21409.996177781,,3,GPU-46bf67bb-cb31-bee1-3cf0-c35337ba97d2,ok,0,0,453,27.44,39,210,405,390,292
691,21409.995254626,21409.996042501,,4,GPU-127e16de-2b5f-dde9-1932-b4e29bb818c0,ok,0,0,453,24.066,34,210,405,439,341
692,21410.995254626,21410.997559029,,0,GPU-9b96eb67-aeee-89d5-aa85-fc650af4e25c,ok,0,0,714,26.99,36,210,405,439,292
692,21410.995254626,21410.996011629,,1,GPU-37ffc98b-8551-c8a1-5f3c-27ade9ae735a,ok,94,55,11370,341.369,74,1680,9501,6054,19970
692,21410.995254626,21410.996037949,,2,GPU-5443d59d-561f-ed1e-da42-1975937205f9,ok,0,0,453,27.315,36,210,405,439,292
692,21410.995254626,21410.996103479,,3,GPU-46bf67bb-cb31-bee1-3cf0-c35337ba97d2,ok,0,0,453,27.471,39,210,405,439,292
692,21410.995254626,21410.995886539,,4,GPU-127e16de-2b5f-dde9-1932-b4e29bb818c0,ok,0,0,453,24.019,34,210,405,439,292
693,21411.995254626,21411.996095337,,0,GPU-9b96eb67-aeee-89d5-aa85-fc650af4e25c,ok,0,0,714,26.963,36,210,405,439,292
693,21411.995254626,21411.995961637,,1,GPU-37ffc98b-8551-c8a1-5f3c-27ade9ae735a,ok,100,48,11370,341.239,74,1695,9501,10156,8740
693,21411.995254626,21411.996018207,,2,GPU-5443d59d-561f-ed1e-da42-1975937205f9,ok,0,0,453,27.25,36,210,405,439,292
693,21411.995254626,21411.997611687,,3,GPU-46bf67bb-cb31-bee1-3cf0-c35337ba97d2,ok,0,0,453,27.614,39,210,405,439,292
693,21411.995254626,21411.995991987,,4,GPU-127e16de-2b5f-dde9-1932-b4e29bb818c0,ok,0,0,453,23.999,34,210,405,439,341
694,21412.995254626,21412.996121835,,0,GPU-9b96eb67-aeee-89d5-aa85-fc650af4e25c,ok,0,0,714,27.11,35,210,405,439,341
694,21412.995254626,21412.996080165,,1,GPU-37ffc98b-8551-c8a1-5f3c-27ade9ae735a,ok,100,40,11370,341.662,74,1680,9501,7373,23486
694,21412.995254626,21412.996017035,,2,GPU-5443d59d-561f-ed1e-da42-1975937205f9,ok,0,0,453,27.149,36,210,405,439,292
694,21412.995254626,21412.996197955,,3,GPU-46bf67bb-cb31-bee1-3cf0-c35337ba97d2,ok,0,0,453,27.474,39,210,405,439,292
694,21412.995254626,21412.996168075,,4,GPU-127e16de-2b5f-dde9-1932-b4e29bb818c0,ok,0,0,453,24.004,34,210,405,390,341
695,21413.995254626,21413.995981523,,0,GPU-9b96eb67-aeee-89d5-aa85-fc650af4e25c,ok,0,0,714,27.062,35,210,405,439,292
695,21413.995254626,21413.996128043,,1,GPU-37ffc98b-8551-c8a1-5f3c-27ade9ae735a,ok,100,47,11370,342.437,74,1650,9501,7519,23779
695,21413.995254626,21413.995872303,,2,GPU-5443d59d-561f-ed1e-da42-1975937205f9,ok,0,0,453,27.369,36,210,405,439,292
695,21413.995254626,21413.996086203,,3,GPU-46bf67bb-cb31-bee1-3cf0-c35337ba97d2,ok,0,0,453,27.448,39,210,405,439,292
695,21413.995254626,21413.995954543,,4,GPU-127e16de-2b5f-dde9-1932-b4e29bb818c0,ok,0,0,453,24.062,34,210,405,439,292
696,21414.995254626,21414.996193281,,0,GPU-9b96eb67-aeee-89d5-aa85-fc650af4e25c,ok,0,0,714,27.065,36,210,405,439,292
696,21414.995254626,21414.996206251,,1,GPU-37ffc98b-8551-c8a1-5f3c-27ade9ae735a,ok,0,0,11370,276.154,67,1920,9501,390,244
696,21414.995254626,21414.995936011,,2,GPU-5443d59d-561f-ed1e-da42-1975937205f9,ok,0,0,453,27.406,36,210,405,439,341
696,21414.995254626,21414.996060961,,3,GPU-46bf67bb-cb31-bee1-3cf0-c35337ba97d2,ok,0,0,453,27.321,39,210,405,439,292
696,21414.995254626,21414.996096661,,4,GPU-127e16de-2b5f-dde9-1932-b4e29bb818c0,ok,0,0,453,24.272,34,210,405,439,292
697,21415.995254626,21415.995908819,,0,GPU-9b96eb67-aeee-89d5-aa85-fc650af4e25c,ok,0,0,714,27.064,35,210,405,390,292
697,21415.995254626,21415.996067279,,1,GPU-37ffc98b-8551-c8a1-5f3c-27ade9ae735a,ok,0,0,11370,167.832,65,1935,9501,390,292
697,21415.995254626,21415.996097559,,2,GPU-5443d59d-561f-ed1e-da42-1975937205f9,ok,0,0,453,27.394,36,210,405,439,341
697,21415.995254626,21415.996036589,,3,GPU-46bf67bb-cb31-bee1-3cf0-c35337ba97d2,ok,0,0,453,26.453,39,210,405,439,292
697,21415.995254626,21415.995958719,,4,GPU-127e16de-2b5f-dde9-1932-b4e29bb818c0,ok,0,0,453,24.328,34,210,405,488,292
698,21416.995254626,21416.995889397,,0,GPU-9b96eb67-aeee-89d5-aa85-fc650af4e25c,ok,0,0,450,31.413,36,210,405,439,292
698,21416.995254626,21416.995871487,,1,GPU-37ffc98b-8551-c8a1-5f3c-27ade9ae735a,ok,97,6,450,141.079,64,1935,9751,439,292
698,21416.995254626,21416.995770177,,2,GPU-5443d59d-561f-ed1e-da42-1975937205f9,ok,0,0,450,33.051,37,210,405,439,341
698,21416.995254626,21416.995659387,,3,GPU-46bf67bb-cb31-bee1-3cf0-c35337ba97d2,ok,0,0,450,36.777,39,210,405,488,341
698,21416.995254626,21416.996994167,,4,GPU-127e16de-2b5f-dde9-1932-b4e29bb818c0,ok,0,0,450,30.832,34,210,405,488,341
699,21417.995254626,21417.999549646,,0,GPU-9b96eb67-aeee-89d5-aa85-fc650af4e25c,ok,0,0,453,38.496,36,210,405,439,439
699,21417.995254626,21417.997542495,,1,GPU-37ffc98b-8551-c8a1-5f3c-27ade9ae735a,ok,0,0,453,146.658,63,1935,9751,390,292
699,21417.995254626,21417.996377035,,2,GPU-5443d59d-561f-ed1e-da42-1975937205f9,ok,0,0,453,35.418,37,210,405,439,341
699,21417.995254626,21417.997640565,,3,GPU-46bf67bb-cb31-bee1-3cf0-c35337ba97d2,ok,0,0,450,40.907,39,210,405,53271,12988
699,21417.995254626,21417.999475896,,4,GPU-127e16de-2b5f-dde9-1932-b4e29bb818c0,ok,0,0,450,34.031,34,210,405,390,341
700,21418.995254626,21418.996584813,,0,GPU-9b96eb67-aeee-89d5-aa85-fc650af4e25c,ok,0,0,453,34.527,36,210,405,439,341
700,21418.995254626,21418.996113923,,1,GPU-37ffc98b-8551-c8a1-5f3c-27ade9ae735a,ok,100,23,1514,194.342,70,1500,9501,4394,13818
700,21418.995254626,21418.996139403,,2,GPU-5443d59d-561f-ed1e-da42-1975937205f9,ok,0,0,453,32.32,37,210,405,439,292
700,21418.995254626,21418.995851813,,3,GPU-46bf67bb-cb31-bee1-3cf0-c35337ba97d2,ok,0,0,453,33.502,39,210,405,439,341
700,21418.995254626,21418.996010963,,4,GPU-127e16de-2b5f-dde9-1932-b4e29bb818c0,ok,0,0,453,28.459,34,210,405,439,292
701,21419.995254626,21419.996013151,,0,GPU-9b96eb67-aeee-89d5-aa85-fc650af4e25c,ok,0,0,453,38.377,36,210,405,390,292
701,21419.995254626,21419.995772711,,1,GPU-37ffc98b-8551-c8a1-5f3c-27ade9ae735a,ok,100,30,1514,348.994,72,1500,9501,4492,12011
701,21419.995254626,21419.996247791,,2,GPU-5443d59d-561f-ed1e-da42-1975937205f9,ok,0,0,453,35.432,37,210,405,439,292
701,21419.995254626,21419.996277101,,3,GPU-46bf67bb-cb31-bee1-3cf0-c35337ba97d2,ok,0,0,453,40.919,40,210,405,390,341
701,21419.995254626,21419.995977941,,4,GPU-127e16de-2b5f-dde9-1932-b4e29bb818c0,ok,0,0,453,34.095,35,210,405,439,341
702,21420.995254626,21420.995845199,,0,GPU-9b96eb67-aeee-89d5-aa85-fc650af4e25c,ok,0,0,453,28.817,36,210,405,439,292
702,21420.995254626,21420.996046589,,1,GPU-37ffc98b-8551-c8a1-5f3c-27ade9ae735a,ok,100,23,1514,349.006,73,1485,9501,5322,10156
702,21420.995254626,21420.996059149,,2,GPU-5443d59d-561f-ed1e-da42-1975937205f9,ok,0,0,453,28.471,37,210,405,439,292
702,21420.995254626,21420.996556139,,3,GPU-46bf67bb-cb31-bee1-3cf0-c35337ba97d2,ok,0,0,453,27.946,40,210,405,439,341
702,21420.995254626,21420.996003429,,4,GPU-127e16de-2b5f-dde9-1932-b4e29bb818c0,ok,0,0,453,25.84,34,210,405,439,292
703,21421.995254626,21421.995759327,,0,GPU-9b96eb67-aeee-89d5-aa85-fc650af4e25c,ok,0,0,453,27.582,36,210,405,439,292
703,21421.995254626,21421.995964497,,1,GPU-37ffc98b-8551-c8a1-5f3c-27ade9ae735a,ok,100,23,1514,349.307,74,1500,9501,5371,9033
703,21421.995254626,21421.996508467,,2,GPU-5443d59d-561f-ed1e-da42-1975937205f9,ok,0,0,453,27.519,36,210,405,439,292
703,21421.995254626,21421.996546317,,3,GPU-46bf67bb-cb31-bee1-3cf0-c35337ba97d2,ok,0,0,453,26.488,39,210,405,439,292
703,21421.995254626,21421.995900757,,4,GPU-127e16de-2b5f-dde9-1932-b4e29bb818c0,ok,0,0,453,24.746,34,210,405,390,292
704,21422.995254626,21422.996055195,,0,GPU-9b96eb67-aeee-89d5-aa85-fc650af4e25c,ok,0,0,453,27.121,36,210,405,439,292
704,21422.995254626,21422.995863105,,1,GPU-37ffc98b-8551-c8a1-5f3c-27ade9ae735a,ok,100,26,1514,349.509,74,1470,9501,5419,9472
704,21422.995254626,21422.996017595,,2,GPU-5443d59d-561f-ed1e-da42-1975937205f9,ok,0,0,453,27.267,36,210,405,439,292
704,21422.995254626,21422.996091695,,3,GPU-46bf67bb-cb31-bee1-3cf0-c35337ba97d2,ok,0,0,453,26.167,39,210,405,439,292
704,21422.995254626,21422.996303935,,4,GPU-127e16de-2b5f-dde9-1932-b4e29bb818c0,ok,0,0,453,24.4,34,210,405,439,292
705,21423.995254626,21423.996079013,,0,GPU-9b96eb67-aeee-89d5-aa85-fc650af4e25c,ok,0,0,453,27.038,36,210,405,439,341
705,21423.995254626,21423.995929773,,1,GPU-37ffc98b-8551-c8a1-5f3c-27ade9ae735a,ok,100,25,1514,349.208,74,1485,9501,5419,10595
705,21423.995254626,21423.996108253,,2,GPU-5443d59d-561f-ed1e-da42-1975937205f9,ok,0,0,453,27.339,36,210,405,439,341
705,21423.995254626,21423.998196554,,3,GPU-46bf67bb-cb31-bee1-3cf0-c35337ba97d2,ok,0,0,453,26.216,39,210,405,439,292
705,21423.995254626,21423.995946283,,4,GPU-127e16de-2b5f-dde9-1932-b4e29bb818c0,ok,0,0,453,24.177,34,210,405,439,341
706,21424.995254626,21424.996800681,,0,GPU-9b96eb67-aeee-89d5-aa85-fc650af4e25c,ok,0,0,453,27.063,35,210,405,439,292
706,21424.995254626,21424.995747161,,1,GPU-37ffc98b-8551-c8a1-5f3c-27ade9ae735a,ok,100,24,1514,349.332,74,1500,9501,6787,11328
706,21424.995254626,21424.996008231,,2,GPU-5443d59d-561f-ed1e-da42-1975937205f9,ok,0,0,453,27.42,36,210,405,439,292
706,21424.995254626,21424.995967561,,3,GPU-46bf67bb-cb31-bee1-3cf0-c35337ba97d2,ok,0,0,453,26.388,39,210,405,439,292
706,21424.995254626,21424.995822111,,4,GPU-127e16de-2b5f-dde9-1932-b4e29bb818c0,ok,0,0,453,24.167,34,210,405,439,292
707,21425.995254626,21425.996019019,,0,GPU-9b96eb67-aeee-89d5-aa85-fc650af4e25c,ok,0,0,453,26.822,35,210,405,439,292
707,21425.995254626,21425.995861809,,1,GPU-37ffc98b-8551-c8a1-5f3c-27ade9ae735a,ok,100,24,1514,349.371,74,1485,9501,4931,9667
707,21425.995254626,21425.996076969,,2,GPU-5443d59d-561f-ed1e-da42-1975937205f9,ok,0,0,453,27.331,36,210,405,439,292
707,21425.995254626,21425.996324719,,3,GPU-46bf67bb-cb31-bee1-3cf0-c35337ba97d2,ok,0,0,453,26.24,39,210,405,439,292
707,21425.995254626,21425.996113329,,4,GPU-127e16de-2b5f-dde9-1932-b4e29bb818c0,ok,0,0,453,24.234,34,210,405,439,341
708,21426.995254626,21426.996551247,,0,GPU-9b96eb67-aeee-89d5-aa85-fc650af4e25c,ok,0,0,453,26.806,35,210,405,390,292
708,21426.995254626,21426.996448037,,1,GPU-37ffc98b-8551-c8a1-5f3c-27ade9ae735a,ok,100,23,1514,349.186,74,1485,9501,5810,8496
708,21426.995254626,21426.995654337,,2,GPU-5443d59d-561f-ed1e-da42-1975937205f9,ok,0,0,453,27.329,36,210,405,439,292
708,21426.995254626,21426.996593547,,3,GPU-46bf67bb-cb31-bee1-3cf0-c35337ba97d2,ok,0,0,453,26.316,39,210,405,390,292
708,21426.995254626,21426.996526107,,4,GPU-127e16de-2b5f-dde9-1932-b4e29bb818c0,ok,0,0,453,24.183,34,210,405,439,341
709,21427.995254626,21427.995772085,,0,GPU-9b96eb67-aeee-89d5-aa85-fc650af4e25c,ok,0,0,453,26.976,36,210,405,390,341
709,21427.995254626,21427.996020965,,1,GPU-37ffc98b-8551-c8a1-5f3c-27ade9ae735a,ok,100,24,1514,349.03,74,1485,9501,6152,7812
709,21427.995254626,21427.996529455,,2,GPU-5443d59d-561f-ed1e-da42-1975937205f9,ok,0,0,453,27.44,36,210,405,439,341
709,21427.995254626,21427.996565955,,3,GPU-46bf67bb-cb31-bee1-3cf0-c35337ba97d2,ok,0,0,453,26.496,39,210,405,439,341
709,21427.995254626,21427.995979815,,4,GPU-127e16de-2b5f-dde9-1932-b4e29bb818c0,ok,0,0,453,24.251,34,210,405,390,292
710,21428.995254626,21428.996490183,,0,GPU-9b96eb67-aeee-89d5-aa85-fc650af4e25c,ok,0,0,453,26.914,36,210,405,390,292
710,21428.995254626,21428.996535733,,1,GPU-37ffc98b-8551-c8a1-5f3c-27ade9ae735a,ok,100,24,1514,349.13,75,1485,9501,5810,7568
710,21428.995254626,21428.996610583,,2,GPU-5443d59d-561f-ed1e-da42-1975937205f9,ok,0,0,453,27.376,36,210,405,439,292
710,21428.995254626,21428.996576323,,3,GPU-46bf67bb-cb31-bee1-3cf0-c35337ba97d2,ok,0,0,453,26.284,39,210,405,439,341
710,21428.995254626,21428.995652583,,4,GPU-127e16de-2b5f-dde9-1932-b4e29bb818c0,ok,0,0,453,24.335,34,210,405,439,292
711,21429.995254626,21429.996140791,,0,GPU-9b96eb67-aeee-89d5-aa85-fc650af4e25c,ok,0,0,453,26.882,36,210,405,390,292
711,21429.995254626,21429.996179081,,1,GPU-37ffc98b-8551-c8a1-5f3c-27ade9ae735a,ok,100,24,1514,349.044,75,1485,9501,5810,8398
711,21429.995254626,21429.996067211,,2,GPU-5443d59d-561f-ed1e-da42-1975937205f9,ok,0,0,453,27.363,36,210,405,439,292
711,21429.995254626,21429.995965851,,3,GPU-46bf67bb-cb31-bee1-3cf0-c35337ba97d2,ok,0,0,453,26.257,39,210,405,439,292
711,21429.995254626,21429.995822261,,4,GPU-127e16de-2b5f-dde9-1932-b4e29bb818c0,ok,0,0,453,24.365,34,210,405,439,292
712,21430.995254626,21430.99757987,,0,GPU-9b96eb67-aeee-89d5-aa85-fc650af4e25c,ok,0,0,453,26.913,36,210,405,439,292
712,21430.995254626,21430.996948719,,1,GPU-37ffc98b-8551-c8a1-5f3c-27ade9ae735a,ok,100,26,1514,349.228,75,1455,9501,6298,7958
712,21430.995254626,21430.995917129,,2,GPU-5443d59d-561f-ed1e-da42-1975937205f9,ok,0,0,453,27.481,36,210,405,439,292
712,21430.995254626,21430.996005739,,3,GPU-46bf67bb-cb31-bee1-3cf0-c35337ba97d2,ok,0,0,453,26.378,39,210,405,390,292
712,21430.995254626,21430.995773379,,4,GPU-127e16de-2b5f-dde9-1932-b4e29bb818c0,ok,0,0,453,24.368,34,210,405,390,341
713,21431.995254626,21431.995833587,,0,GPU-9b96eb67-aeee-89d5-aa85-fc650af4e25c,ok,0,0,453,26.809,36,210,405,439,292
713,21431.995254626,21431.996126917,,1,GPU-37ffc98b-8551-c8a1-5f3c-27ade9ae735a,ok,100,24,1514,349.415,75,1485,9501,6298,7861
713,21431.995254626,21431.996166527,,2,GPU-5443d59d-561f-ed1e-da42-1975937205f9,ok,0,0,453,27.449,36,210,405,439,341
713,21431.995254626,21431.996548607,,3,GPU-46bf67bb-cb31-bee1-3cf0-c35337ba97d2,ok,0,0,453,26.187,39,210,405,439,292
713,21431.995254626,21431.996063597,,4,GPU-127e16de-2b5f-dde9-1932-b4e29bb818c0,ok,0,0,453,24.484,34,210,405,439,341
714,21432.995254626,21432.996276175,,0,GPU-9b96eb67-aeee-89d5-aa85-fc650af4e25c,ok,0,0,453,26.861,36,210,405,390,292
714,21432.995254626,21432.995963475,,1,GPU-37ffc98b-8551-c8a1-5f3c-27ade9ae735a,ok,100,29,1514,348.987,75,1485,9501,6054,8740
714,21432.995254626,21432.996308565,,2,GPU-5443d59d-561f-ed1e-da42-1975937205f9,ok,0,0,453,27.431,36,210,405,439,292
714,21432.995254626,21432.996241605,,3,GPU-46bf67bb-cb31-bee1-3cf0-c35337ba97d2,ok,0,0,453,26.273,39,210,405,439,292
714,21432.995254626,21432.996199535,,4,GPU-127e16de-2b5f-dde9-1932-b4e29bb818c0,ok,0,0,453,24.518,34,210,405,439,341
715,21433.995254626,21433.996624783,,0,GPU-9b96eb67-aeee-89d5-aa85-fc650af4e25c,ok,0,0,453,27.055,36,210,405,390,341
715,21433.995254626,21433.996586293,,1,GPU-37ffc98b-8551-c8a1-5f3c-27ade9ae735a,ok,100,23,1514,348.94,75,1485,9501,6103,7617
715,21433.995254626,21433.995828443,,2,GPU-5443d59d-561f-ed1e-da42-1975937205f9,ok,0,0,453,27.555,36,210,405,439,292
715,21433.995254626,21433.996004263,,3,GPU-46bf67bb-cb31-bee1-3cf0-c35337ba97d2,ok,0,0,453,26.468,39,210,405,439,292
715,21433.995254626,21433.996040043,,4,GPU-127e16de-2b5f-dde9-1932-b4e29bb818c0,ok,0,0,453,24.268,34,210,405,439,292
716,21434.995254626,21434.996521521,,0,GPU-9b96eb67-aeee-89d5-aa85-fc650af4e25c,ok,0,0,453,27.053,36,210,405,439,341
716,21434.995254626,21434.995998821,,1,GPU-37ffc98b-8551-c8a1-5f3c-27ade9ae735a,ok,100,23,1514,349.084,75,1485,9501,5468,7763
716,21434.995254626,21434.995801441,,2,GPU-5443d59d-561f-ed1e-da42-1975937205f9,ok,0,0,453,27.469,36,210,405,439,341
716,21434.995254626,21434.996087331,,3,GPU-46bf67bb-cb31-bee1-3cf0-c35337ba97d2,ok,0,0,453,26.247,39,210,405,439,341
716,21434.995254626,21434.996023591,,4,GPU-127e16de-2b5f-dde9-1932-b4e29bb818c0,ok,0,0,453,24.185,34,210,405,488,292
717,21435.995254626,21435.996395289,,0,GPU-9b96eb67-aeee-89d5-aa85-fc650af4e25c,ok,0,0,453,27.092,35,210,405,439,292
717,21435.995254626,21435.995963459,,1,GPU-37ffc98b-8551-c8a1-5f3c-27ade9ae735a,ok,100,23,1514,349.144,75,1485,9501,6201,7763
717,21435.995254626,21435.995905319,,2,GPU-5443d59d-561f-ed1e-da42-1975937205f9,ok,0,0,453,27.459,36,210,405,439,292
717,21435.995254626,21435.996441139,,3,GPU-46bf67bb-cb31-bee1-3cf0-c35337ba97d2,ok,0,0,453,26.217,39,210,405,439,292
717,21435.995254626,21435.995675739,,4,GPU-127e16de-2b5f-dde9-1932-b4e29bb818c0,ok,0,0,453,24.233,34,210,405,439,292
718,21436.995254626,21436.996103687,,0,GPU-9b96eb67-aeee-89d5-aa85-fc650af4e25c,ok,0,0,453,27.197,36,210,405,439,292
718,21436.995254626,21436.996180987,,1,GPU-37ffc98b-8551-c8a1-5f3c-27ade9ae735a,ok,100,30,1514,348.721,75,1485,9501,6005,7910
718,21436.995254626,21436.996243327,,2,GPU-5443d59d-561f-ed1e-da42-1975937205f9,ok,0,0,453,27.571,36,210,405,439,292
718,21436.995254626,21436.996045257,,3,GPU-46bf67bb-cb31-bee1-3cf0-c35337ba97d2,ok,0,0,453,26.364,39,210,405,390,292
718,21436.995254626,21436.996153557,,4,GPU-127e16de-2b5f-dde9-1932-b4e29bb818c0,ok,0,0,453,24.363,34,210,405,439,292
719,21437.995254626,21437.996781326,,0,GPU-9b96eb67-aeee-89d5-aa85-fc650af4e25c,ok,0,0,453,26.972,36,210,405,439,341
719,21437.995254626,21437.995699575,,1,GPU-37ffc98b-8551-c8a1-5f3c-27ade9ae735a,ok,100,23,1514,348.975,75,1485,9501,6640,10302
719,21437.995254626,21437.996807546,,2,GPU-5443d59d-561f-ed1e-da42-1975937205f9,ok,0,0,453,27.455,36,210,405,439,292
719,21437.995254626,21437.996003735,,3,GPU-46bf67bb-cb31-bee1-3cf0-c35337ba97d2,ok,0,0,453,26.21,39,210,405,439,292
719,21437.995254626,21437.995805715,,4,GPU-127e16de-2b5f-dde9-1932-b4e29bb818c0,ok,0,0,453,24.548,34,210,405,439,292
720,21438.995254626,21438.996042003,,0,GPU-9b96eb67-aeee-89d5-aa85-fc650af4e25c,ok,0,0,453,26.897,35,210,405,439,292
720,21438.995254626,21438.996081183,,1,GPU-37ffc98b-8551-c8a1-5f3c-27ade9ae735a,ok,100,24,1514,349.031,75,1470,9501,5712,8642
720,21438.995254626,21438.995763533,,2,GPU-5443d59d-561f-ed1e-da42-1975937205f9,ok,0,0,453,27.525,36,210,405,439,292
720,21438.995254626,21438.996483883,,3,GPU-46bf67bb-cb31-bee1-3cf0-c35337ba97d2,ok,0,0,453,26.213,39,210,405,439,292
720,21438.995254626,21438.996023783,,4,GPU-127e16de-2b5f-dde9-1932-b4e29bb818c0,ok,0,0,453,24.518,34,210,405,439,292
721,21439.995254626,21439.995855241,,0,GPU-9b96eb67-aeee-89d5-aa85-fc650af4e25c,ok,0,0,453,26.942,36,210,405,439,292
721,21439.995254626,21439.996042101,,1,GPU-37ffc98b-8551-c8a1-5f3c-27ade9ae735a,ok,100,23,1514,349.594,75,1485,9501,4980,9960
721,21439.995254626,21439.996107931,,2,GPU-5443d59d-561f-ed1e-da42-1975937205f9,ok,0,0,453,27.727,36,210,405,439,341
721,21439.995254626,21439.996566501,,3,GPU-46bf67bb-cb31-bee1-3cf0-c35337ba97d2,ok,0,0,453,26.368,39,210,405,390,292
721,21439.995254626,21439.996001121,,4,GPU-127e16de-2b5f-dde9-1932-b4e29bb818c0,ok,0,0,453,24.411,34,210,405,390,292
722,21440.995254626,21440.995934949,,0,GPU-9b96eb67-aeee-89d5-aa85-fc650af4e25c,ok,0,0,453,26.72,36,210,405,439,292
722,21440.995254626,21440.995795349,,1,GPU-37ffc98b-8551-c8a1-5f3c-27ade9ae735a,ok,100,23,1514,349.148,75,1485,9501,5175,11669
722,21440.995254626,21440.996134909,,2,GPU-5443d59d-561f-ed1e-da42-1975937205f9,ok,0,0,453,27.654,36,210,405,439,292
722,21440.995254626,21440.99746782,,3,GPU-46bf67bb-cb31-bee1-3cf0-c35337ba97d2,ok,0,0,453,26.233,39,210,405,439,292
722,21440.995254626,21440.995993039,,4,GPU-127e16de-2b5f-dde9-1932-b4e29bb818c0,ok,0,0,453,24.252,34,210,405,439,341
723,21441.995254626,21441.996003597,,0,GPU-9b96eb67-aeee-89d5-aa85-fc650af4e25c,ok,0,0,453,26.77,35,210,405,390,341
723,21441.995254626,21441.996496468,,1,GPU-37ffc98b-8551-c8a1-5f3c-27ade9ae735a,ok,100,29,1514,348.908,75,1485,9501,5126,10595
723,21441.995254626,21441.995784137,,2,GPU-5443d59d-561f-ed1e-da42-1975937205f9,ok,0,0,453,27.604,36,210,405,439,292
723,21441.995254626,21441.996559408,,3,GPU-46bf67bb-cb31-bee1-3cf0-c35337ba97d2,ok,0,0,453,26.245,39,210,405,439,292
723,21441.995254626,21441.995958437,,4,GPU-127e16de-2b5f-dde9-1932-b4e29bb818c0,ok,0,0,453,24.192,34,210,405,390,341
724,21442.995254626,21442.995961415,,0,GPU-9b96eb67-aeee-89d5-aa85-fc650af4e25c,ok,0,0,453,26.993,35,210,405,390,292
724,21442.995254626,21442.996135525,,1,GPU-37ffc98b-8551-c8a1-5f3c-27ade9ae735a,ok,100,26,1514,348.324,75,1470,9501,4638,10693
724,21442.995254626,21442.995977255,,2,GPU-5443d59d-561f-ed1e-da42-1975937205f9,ok,0,0,453,27.631,36,210,405,439,292
724,21442.995254626,21442.995872255,,3,GPU-46bf67bb-cb31-bee1-3cf0-c35337ba97d2,ok,0,0,453,26.389,39,210,405,390,292
724,21442.995254626,21442.996165615,,4,GPU-127e16de-2b5f-dde9-1932-b4e29bb818c0,ok,0,0,453,24.183,34,210,405,439,341
725,21443.995254626,21443.995917523,,0,GPU-9b96eb67-aeee-89d5-aa85-fc650af4e25c,ok,0,0,453,26.885,35,210,405,439,341
725,21443.995254626,21443.996093343,,1,GPU-37ffc98b-8551-c8a1-5f3c-27ade9ae735a,ok,89,20,1514,347.086,73,1845,9501,390,292
725,21443.995254626,21443.996134643,,2,GPU-5443d59d-561f-ed1e-da42-1975937205f9,ok,0,0,453,27.488,36,210,405,439,292
725,21443.995254626,21443.997134814,,3,GPU-46bf67bb-cb31-bee1-3cf0-c35337ba97d2,ok,0,0,453,26.237,39,210,405,439,341
725,21443.995254626,21443.995942203,,4,GPU-127e16de-2b5f-dde9-1932-b4e29bb818c0,ok,0,0,453,24.029,34,210,405,439,292
726,21444.995254626,21444.996168111,,0,GPU-9b96eb67-aeee-89d5-aa85-fc650af4e25c,ok,0,0,453,26.861,35,210,405,439,292
726,21444.995254626,21444.996215092,,1,GPU-37ffc98b-8551-c8a1-5f3c-27ade9ae735a,ok,0,0,1514,168.444,64,1815,9501,390,292
726,21444.995254626,21444.996270252,,2,GPU-5443d59d-561f-ed1e-da42-1975937205f9,ok,0,0,453,27.471,36,210,405,439,292
726,21444.995254626,21444.996250082,,3,GPU-46bf67bb-cb31-bee1-3cf0-c35337ba97d2,ok,0,0,453,26.218,39,210,405,439,341
726,21444.995254626,21444.996137251,,4,GPU-127e16de-2b5f-dde9-1932-b4e29bb818c0,ok,0,0,453,23.954,34,210,405,390,292
727,21445.995254626,21445.9961879,,0,GPU-9b96eb67-aeee-89d5-aa85-fc650af4e25c,ok,0,0,453,26.937,36,210,405,439,292
727,21445.995254626,21445.995722389,,1,GPU-37ffc98b-8551-c8a1-5f3c-27ade9ae735a,ok,9,1,1514,128.382,66,1440,9501,5078,10791
727,21445.995254626,21445.995959489,,2,GPU-5443d59d-561f-ed1e-da42-1975937205f9,ok,0,0,453,27.593,36,210,405,439,292
727,21445.995254626,21445.995912799,,3,GPU-46bf67bb-cb31-bee1-3cf0-c35337ba97d2,ok,0,0,453,26.262,39,210,405,439,341
727,21445.995254626,21445.99622529,,4,GPU-127e16de-2b5f-dde9-1932-b4e29bb818c0,ok,0,0,453,24.047,34,210,405,439,292
728,21446.995254626,21446.996813138,,0,GPU-9b96eb67-aeee-89d5-aa85-fc650af4e25c,ok,0,0,453,26.731,36,210,405,439,292
728,21446.995254626,21446.995756037,,1,GPU-37ffc98b-8551-c8a1-5f3c-27ade9ae735a,ok,100,22,1514,332.991,72,1485,9501,5761,9130
728,21446.995254626,21446.995855827,,2,GPU-5443d59d-561f-ed1e-da42-1975937205f9,ok,0,0,453,27.502,36,210,405,439,292
728,21446.995254626,21446.995958127,,3,GPU-46bf67bb-cb31-bee1-3cf0-c35337ba97d2,ok,0,0,453,26.148,39,210,405,439,341
728,21446.995254626,21446.996174208,,4,GPU-127e16de-2b5f-dde9-1932-b4e29bb818c0,ok,0,0,453,24.136,34,210,405,439,292
729,21447.995254626,21447.995910375,,0,GPU-9b96eb67-aeee-89d5-aa85-fc650af4e25c,ok,0,0,453,26.717,36,210,405,439,292
729,21447.995254626,21447.996118316,,1,GPU-37ffc98b-8551-c8a1-5f3c-27ade9ae735a,ok,100,21,1514,347.886,73,1485,9501,6152,8593
729,21447.995254626,21447.996537866,,2,GPU-5443d59d-561f-ed1e-da42-1975937205f9,ok,0,0,453,27.552,36,210,405,439,341
729,21447.995254626,21447.996090416,,3,GPU-46bf67bb-cb31-bee1-3cf0-c35337ba97d2,ok,0,0,453,26.275,39,210,405,390,341
729,21447.995254626,21447.996153686,,4,GPU-127e16de-2b5f-dde9-1932-b4e29bb818c0,ok,0,0,453,24.028,34,210,405,439,341
730,21448.995254626,21448.995996574,,0,GPU-9b96eb67-aeee-89d5-aa85-fc650af4e25c,ok,0,0,453,26.901,35,210,405,439,292
730,21448.995254626,21448.995967074,,1,GPU-37ffc98b-8551-c8a1-5f3c-27ade9ae735a,ok,100,23,1514,348.251,74,1485,9501,6152,8447
730,21448.995254626,21448.998122904,,2,GPU-5443d59d-561f-ed1e-da42-1975937205f9,ok,0,0,453,27.699,36,210,405,390,341
730,21448.995254626,21448.996024164,,3,GPU-46bf67bb-cb31-bee1-3cf0-c35337ba97d2,ok,0,0,453,26.389,39,210,405,390,292
730,21448.995254626,21448.995843443,,4,GPU-127e16de-2b5f-dde9-1932-b4e29bb818c0,ok,0,0,453,24.037,34,210,405,439,341
731,21449.995254626,21449.997621582,,0,GPU-9b96eb67-aeee-89d5-aa85-fc650af4e25c,ok,0,0,453,26.777,35,210,405,439,292
731,21449.995254626,21449.995970632,,1,GPU-37ffc98b-8551-c8a1-5f3c-27ade9ae735a,ok,100,22,1514,348.858,74,1485,9501,5859,8447
731,21449.995254626,21449.996090772,,2,GPU-5443d59d-561f-ed1e-da42-1975937205f9,ok,0,0,453,27.614,36,210,405,390,292
731,21449.995254626,21449.996137102,,3,GPU-46bf67bb-cb31-bee1-3cf0-c35337ba97d2,ok,0,0,453,26.161,39,210,405,390,292
731,21449.995254626,21449.996037892,,4,GPU-127e16de-2b5f-dde9-1932-b4e29bb818c0,ok,0,0,453,24.289,34,210,405,439,341
732,21450.995254626,21450.99596891,,0,GPU-9b96eb67-aeee-89d5-aa85-fc650af4e25c,ok,0,0,453,26.775,36,210,405,439,292
732,21450.995254626,21450.99651931,,1,GPU-37ffc98b-8551-c8a1-5f3c-27ade9ae735a,ok,100,23,1514,348.914,74,1485,9501,5175,10742
732,21450.995254626,21450.99592881,,2,GPU-5443d59d-561f-ed1e-da42-1975937205f9,ok,0,0,453,27.633,36,210,405,439,292
732,21450.995254626,21450.99646795,,3,GPU-46bf67bb-cb31-bee1-3cf0-c35337ba97d2,ok,0,0,453,26.092,39,210,405,439,292
732,21450.995254626,21450.99573752,,4,GPU-127e16de-2b5f-dde9-1932-b4e29bb818c0,ok,0,0,453,24.411,34,210,405,390,341
733,21451.995254626,21451.996196188,,0,GPU-9b96eb67-aeee-89d5-aa85-fc650af4e25c,ok,0,0,453,26.939,36,210,405,390,341
733,21451.995254626,21451.996311378,,1,GPU-37ffc98b-8551-c8a1-5f3c-27ade9ae735a,ok,100,24,1514,349.242,74,1485,9501,4833,11621
733,21451.995254626,21451.996117018,,2,GPU-5443d59d-561f-ed1e-da42-1975937205f9,ok,0,0,453,27.666,36,210,405,439,292
733,21451.995254626,21451.996289868,,3,GPU-46bf67bb-cb31-bee1-3cf0-c35337ba97d2,ok,0,0,453,26.245,39,210,405,439,292
733,21451.995254626,21451.996042398,,4,GPU-127e16de-2b5f-dde9-1932-b4e29bb818c0,ok,0,0,453,24.506,34,210,405,439,341
734,21452.995254626,21452.995874296,,0,GPU-9b96eb67-aeee-89d5-aa85-fc650af4e25c,ok,0,0,453,26.813,36,210,405,390,292
734,21452.995254626,21452.997657776,,1,GPU-37ffc98b-8551-c8a1-5f3c-27ade9ae735a,ok,100,23,1514,349.238,74,1485,9501,4931,15136
734,21452.995254626,21452.995826916,,2,GPU-5443d59d-561f-ed1e-da42-1975937205f9,ok,0,0,453,27.489,36,210,405,439,341
734,21452.995254626,21452.997719796,,3,GPU-46bf67bb-cb31-bee1-3cf0-c35337ba97d2,ok,0,0,453,26.12,39,210,405,439,292
734,21452.995254626,21452.995709936,,4,GPU-127e16de-2b5f-dde9-1932-b4e29bb818c0,ok,0,0,453,24.586,34,210,405,439,341
735,21453.995254626,21453.996565934,,0,GPU-9b96eb67-aeee-89d5-aa85-fc650af4e25c,ok,0,0,453,26.881,36,210,405,390,292
735,21453.995254626,21453.996538794,,1,GPU-37ffc98b-8551-c8a1-5f3c-27ade9ae735a,ok,100,24,1514,349.018,74,1485,9501,4736,10205
735,21453.995254626,21453.995716074,,2,GPU-5443d59d-561f-ed1e-da42-1975937205f9,ok,0,0,453,27.447,36,210,405,439,341
735,21453.995254626,21453.996604644,,3,GPU-46bf67bb-cb31-bee1-3cf0-c35337ba97d2,ok,0,0,453,26.135,39,210,405,390,341
735,21453.995254626,21453.995894024,,4,GPU-127e16de-2b5f-dde9-1932-b4e29bb818c0,ok,0,0,453,24.651,34,210,405,439,341
736,21454.995254626,21454.996195462,,0,GPU-9b96eb67-aeee-89d5-aa85-fc650af4e25c,ok,0,0,453,26.963,35,210,405,390,341
736,21454.995254626,21454.995981102,,1,GPU-37ffc98b-8551-c8a1-5f3c-27ade9ae735a,ok,100,24,1514,349.192,75,1485,9501,5029,8984
736,21454.995254626,21454.996059562,,2,GPU-5443d59d-561f-ed1e-da42-1975937205f9,ok,0,0,453,27.478,36,210,405,390,292
736,21454.995254626,21454.996151172,,3,GPU-46bf67bb-cb31-bee1-3cf0-c35337ba97d2,ok,0,0,453,26.395,39,210,405,439,341
736,21454.995254626,21454.996183672,,4,GPU-127e16de-2b5f-dde9-1932-b4e29bb818c0,ok,0,0,453,24.581,34,210,405,390,292
737,21455.995254626,21455.99699499,,0,GPU-9b96eb67-aeee-89d5-aa85-fc650af4e25c,ok,0,0,453,26.921,35,210,405,390,292
737,21455.995254626,21455.99582927,,1,GPU-37ffc98b-8551-c8a1-5f3c-27ade9ae735a,ok,100,25,1514,349.202,75,1455,9501,4638,9912
737,21455.995254626,21455.99585736,,2,GPU-5443d59d-561f-ed1e-da42-1975937205f9,ok,0,0,453,27.441,36,210,405,439,292
737,21455.995254626,21455.99704242,,3,GPU-46bf67bb-cb31-bee1-3cf0-c35337ba97d2,ok,0,0,453,26.254,39,210,405,390,341
737,21455.995254626,21455.99706858,,4,GPU-127e16de-2b5f-dde9-1932-b4e29bb818c0,ok,0,0,453,24.406,34,210,405,439,292
738,21456.995254626,21456.996853498,,0,GPU-9b96eb67-aeee-89d5-aa85-fc650af4e25c,ok,0,0,453,26.96,36,210,405,439,292
738,21456.995254626,21456.995843928,,1,GPU-37ffc98b-8551-c8a1-5f3c-27ade9ae735a,ok,100,23,1514,348.995,74,1485,9501,4980,10253
738,21456.995254626,21456.995806298,,2,GPU-5443d59d-561f-ed1e-da42-1975937205f9,ok,0,0,453,27.463,36,210,405,439,292
738,21456.995254626,21456.996016328,,3,GPU-46bf67bb-cb31-bee1-3cf0-c35337ba97d2,ok,0,0,453,26.164,39,210,405,439,341
738,21456.995254626,21456.996055468,,4,GPU-127e16de-2b5f-dde9-1932-b4e29bb818c0,ok,0,0,453,24.241,34,210,405,390,292
739,21457.995254626,21457.996565626,,0,GPU-9b96eb67-aeee-89d5-aa85-fc650af4e25c,ok,0,0,453,26.818,36,210,405,439,292
739,21457.995254626,21457.996537336,,1,GPU-37ffc98b-8551-c8a1-5f3c-27ade9ae735a,ok,100,23,1514,348.651,75,1485,9501,4882,10986
739,21457.995254626,21457.995656046,,2,GPU-5443d59d-561f-ed1e-da42-1975937205f9,ok,0,0,453,27.306,36,210,405,439,341
739,21457.995254626,21457.996632476,,3,GPU-46bf67bb-cb31-bee1-3cf0-c35337ba97d2,ok,0,0,453,26.152,39,210,405,439,341
739,21457.995254626,21457.996397466,,4,GPU-127e16de-2b5f-dde9-1932-b4e29bb818c0,ok,0,0,453,24.337,34,210,405,439,292
740,21458.995254626,21458.996238344,,0,GPU-9b96eb67-aeee-89d5-aa85-fc650af4e25c,ok,0,0,453,26.819,35,210,405,439,341
740,21458.995254626,21458.995960934,,1,GPU-37ffc98b-8551-c8a1-5f3c-27ade9ae735a,ok,100,23,1514,348.999,75,1470,9501,4687,9863
740,21458.995254626,21458.996281294,,2,GPU-5443d59d-561f-ed1e-da42-1975937205f9,ok,0,0,453,27.322,36,210,405,439,341
740,21458.995254626,21458.996256024,,3,GPU-46bf67bb-cb31-bee1-3cf0-c35337ba97d2,ok,0,0,453,26.112,39,210,405,390,292
740,21458.995254626,21458.996200714,,4,GPU-127e16de-2b5f-dde9-1932-b4e29bb818c0,ok,0,0,453,24.628,34,210,405,390,292
741,21459.995254626,21459.996053722,,0,GPU-9b96eb67-aeee-89d5-aa85-fc650af4e25c,ok,0,0,453,26.938,36,210,405,439,292
741,21459.995254626,21459.995824112,,1,GPU-37ffc98b-8551-c8a1-5f3c-27ade9ae735a,ok,100,23,1514,349.143,75,1485,9501,4833,10449
741,21459.995254626,21459.996096332,,2,GPU-5443d59d-561f-ed1e-da42-1975937205f9,ok,0,0,453,27.515,36,210,405,390,292
741,21459.995254626,21459.996242052,,3,GPU-46bf67bb-cb31-bee1-3cf0-c35337ba97d2,ok,0,0,453,26.226,39,210,405,439,292
741,21459.995254626,21459.995932002,,4,GPU-127e16de-2b5f-dde9-1932-b4e29bb818c0,ok,0,0,453,24.596,34,210,405,439,292
742,21460.995254626,21460.99620239,,0,GPU-9b96eb67-aeee-89d5-aa85-fc650af4e25c,ok,0,0,453,26.78,36,210,405,439,341
742,21460.995254626,21460.99621792,,1,GPU-37ffc98b-8551-c8a1-5f3c-27ade9ae735a,ok,100,24,1514,349.357,75,1470,9501,4394,11328
742,21460.995254626,21460.99609754,,2,GPU-5443d59d-561f-ed1e-da42-1975937205f9,ok,0,0,453,27.367,36,210,405,439,292
742,21460.995254626,21460.99616016,,3,GPU-46bf67bb-cb31-bee1-3cf0-c35337ba97d2,ok,0,0,453,26.081,39,210,405,439,292
742,21460.995254626,21460.99607043,,4,GPU-127e16de-2b5f-dde9-1932-b4e29bb818c0,ok,0,0,453,24.454,34,210,405,439,341
743,21461.995254626,21461.995951938,,0,GPU-9b96eb67-aeee-89d5-aa85-fc650af4e25c,ok,0,0,453,26.863,35,210,405,439,292
743,21461.995254626,21461.995686728,,1,GPU-37ffc98b-8551-c8a1-5f3c-27ade9ae735a,ok,100,23,1514,349.215,75,1485,9501,4394,10888
743,21461.995254626,21461.996116048,,2,GPU-5443d59d-561f-ed1e-da42-1975937205f9,ok,0,0,453,27.306,36,210,405,439,292
743,21461.995254626,21461.996192758,,3,GPU-46bf67bb-cb31-bee1-3cf0-c35337ba97d2,ok,0,0,453,26.075,39,210,405,439,292
743,21461.995254626,21461.995939128,,4,GPU-127e16de-2b5f-dde9-1932-b4e29bb818c0,ok,0,0,453,24.359,34,210,405,439,341
744,21462.995254626,21462.996023226,,0,GPU-9b96eb67-aeee-89d5-aa85-fc650af4e25c,ok,0,0,453,27.067,36,210,405,439,292
744,21462.995254626,21462.995893516,,1,GPU-37ffc98b-8551-c8a1-5f3c-27ade9ae735a,ok,100,24,1514,349.493,75,1485,9501,4248,11328
744,21462.995254626,21462.996171136,,2,GPU-5443d59d-561f-ed1e-da42-1975937205f9,ok,0,0,453,27.382,36,210,405,439,292
744,21462.995254626,21462.996086216,,3,GPU-46bf67bb-cb31-bee1-3cf0-c35337ba97d2,ok,0,0,453,26.237,39,210,405,439,292
744,21462.995254626,21462.996193736,,4,GPU-127e16de-2b5f-dde9-1932-b4e29bb818c0,ok,0,0,453,24.441,34,210,405,439,341
745,21463.995254626,21463.998205415,,0,GPU-9b96eb67-aeee-89d5-aa85-fc650af4e25c,ok,0,0,453,26.796,36,210,405,439,292
745,21463.995254626,21463.995997514,,1,GPU-37ffc98b-8551-c8a1-5f3c-27ade9ae735a,ok,100,26,1514,348.942,75,1470,9501,5126,10058
745,21463.995254626,21463.995917174,,2,GPU-5443d59d-561f-ed1e-da42-1975937205f9,ok,0,0,453,27.264,36,210,405,439,341
745,21463.995254626,21463.996066484,,3,GPU-46bf67bb-cb31-bee1-3cf0-c35337ba97d2,ok,0,0,453,26.145,39,210,405,439,292
745,21463.995254626,21463.996026624,,4,GPU-127e16de-2b5f-dde9-1932-b4e29bb818c0,ok,0,0,453,24.483,34,210,405,439,341
746,21464.995254626,21464.996305982,,0,GPU-9b96eb67-aeee-89d5-aa85-fc650af4e25c,ok,0,0,453,26.744,35,210,405,439,292
746,21464.995254626,21464.995611362,,1,GPU-37ffc98b-8551-c8a1-5f3c-27ade9ae735a,ok,100,24,1514,349.317,75,1485,9501,5029,9228
746,21464.995254626,21464.996219172,,2,GPU-5443d59d-561f-ed1e-da42-1975937205f9,ok,0,0,453,27.229,36,210,405,390,292
746,21464.995254626,21464.996261692,,3,GPU-46bf67bb-cb31-bee1-3cf0-c35337ba97d2,ok,0,0,453,26.175,39,210,405,439,292
746,21464.995254626,21464.996327412,,4,GPU-127e16de-2b5f-dde9-1932-b4e29bb818c0,ok,0,0,453,24.479,34,210,405,439,292
747,21465.995254626,21465.99607439,,0,GPU-9b96eb67-aeee-89d5-aa85-fc650af4e25c,ok,0,0,453,27.006,35,210,405,390,341
747,21465.995254626,21465.99591925,,1,GPU-37ffc98b-8551-c8a1-5f3c-27ade9ae735a,ok,100,23,1514,349.304,75,1470,9501,4833,9277
747,21465.995254626,21465.99600956,,2,GPU-5443d59d-561f-ed1e-da42-1975937205f9,ok,0,0,453,27.429,36,210,405,390,292
747,21465.995254626,21465.99610249,,3,GPU-46bf67bb-cb31-bee1-3cf0-c35337ba97d2,ok,0,0,453,26.329,39,210,405,439,292
747,21465.995254626,21465.99696042,,4,GPU-127e16de-2b5f-dde9-1932-b4e29bb818c0,ok,0,0,453,24.575,34,210,405,439,292
748,21466.995254626,21466.996037538,,0,GPU-9b96eb67-aeee-89d5-aa85-fc650af4e25c,ok,0,0,453,26.919,35,210,405,390,292
748,21466.995254626,21466.996094958,,1,GPU-37ffc98b-8551-c8a1-5f3c-27ade9ae735a,ok,100,23,1514,348.939,75,1485,9501,4541,10986
748,21466.995254626,21466.995984528,,2,GPU-5443d59d-561f-ed1e-da42-1975937205f9,ok,0,0,453,27.544,36,210,405,390,341
748,21466.995254626,21466.995882548,,3,GPU-46bf67bb-cb31-bee1-3cf0-c35337ba97d2,ok,0,0,453,26.121,39,210,405,439,292
748,21466.995254626,21466.996592068,,4,GPU-127e16de-2b5f-dde9-1932-b4e29bb818c0,ok,0,0,453,24.532,34,210,405,390,292
749,21467.995254626,21467.996160946,,0,GPU-9b96eb67-aeee-89d5-aa85-fc650af4e25c,ok,0,0,453,26.933,36,210,405,390,292
749,21467.995254626,21467.995871806,,1,GPU-37ffc98b-8551-c8a1-5f3c-27ade9ae735a,ok,100,23,1514,348.848,75,1485,9501,5517,11230
749,21467.995254626,21467.996306996,,2,GPU-5443d59d-561f-ed1e-da42-1975937205f9,ok,0,0,453,27.598,36,210,405,390,341
749,21467.995254626,21467.996211076,,3,GPU-46bf67bb-cb31-bee1-3cf0-c35337ba97d2,ok,0,0,453,26.073,39,210,405,439,292
749,21467.995254626,21467.996006096,,4,GPU-127e16de-2b5f-dde9-1932-b4e29bb818c0,ok,0,0,453,24.555,34,210,405,439,292
750,21468.995254626,21468.996300804,,0,GPU-9b96eb67-aeee-89d5-aa85-fc650af4e25c,ok,0,0,453,27.107,35,210,405,390,292
750,21468.995254626,21468.995621344,,1,GPU-37ffc98b-8551-c8a1-5f3c-27ade9ae735a,ok,100,23,1514,348.905,76,1485,9501,5908,10693
750,21468.995254626,21468.996144844,,2,GPU-5443d59d-561f-ed1e-da42-1975937205f9,ok,0,0,453,27.616,36,210,405,439,292
750,21468.995254626,21468.996235094,,3,GPU-46bf67bb-cb31-bee1-3cf0-c35337ba97d2,ok,0,0,453,26.257,39,210,405,439,292
750,21468.995254626,21468.996183504,,4,GPU-127e16de-2b5f-dde9-1932-b4e29bb818c0,ok,0,0,453,24.473,34,210,405,439,292
751,21469.995254626,21469.996474412,,0,GPU-9b96eb67-aeee-89d5-aa85-fc650af4e25c,ok,0,0,453,26.854,35,210,405,439,341
751,21469.995254626,21469.996586412,,1,GPU-37ffc98b-8551-c8a1-5f3c-27ade9ae735a,ok,100,23,1514,348.93,75,1485,9501,5712,9228
751,21469.995254626,21469.995879412,,2,GPU-5443d59d-561f-ed1e-da42-1975937205f9,ok,0,0,453,27.36,36,210,405,439,292
751,21469.995254626,21469.996521112,,3,GPU-46bf67bb-cb31-bee1-3cf0-c35337ba97d2,ok,0,0,453,26.124,39,210,405,390,292
751,21469.995254626,21469.995709452,,4,GPU-127e16de-2b5f-dde9-1932-b4e29bb818c0,ok,0,0,453,24.32,34,210,405,439,292
752,21470.995254626,21470.99579994,,0,GPU-9b96eb67-aeee-89d5-aa85-fc650af4e25c,ok,0,0,453,26.644,35,210,405,439,292
752,21470.995254626,21470.9960169,,1,GPU-37ffc98b-8551-c8a1-5f3c-27ade9ae735a,ok,100,23,1514,349.556,76,1470,9501,439,292
752,21470.995254626,21470.99652044,,2,GPU-5443d59d-561f-ed1e-da42-1975937205f9,ok,0,0,453,27.317,36,210,405,439,292
752,21470.995254626,21470.99595202,,3,GPU-46bf67bb-cb31-bee1-3cf0-c35337ba97d2,ok,0,0,453,26.145,39,210,405,439,292
752,21470.995254626,21470.9960528,,4,GPU-127e16de-2b5f-dde9-1932-b4e29bb818c0,ok,0,0,453,24.384,34,210,405,439,341
753,21471.995254626,21471.995841218,,0,GPU-9b96eb67-aeee-89d5-aa85-fc650af4e25c,ok,0,0,453,26.83,36,210,405,439,292
753,21471.995254626,21471.996067658,,1,GPU-37ffc98b-8551-c8a1-5f3c-27ade9ae735a,ok,0,0,1514,211.6,66,1935,9501,390,292
753,21471.995254626,21471.996042318,,2,GPU-5443d59d-561f-ed1e-da42-1975937205f9,ok,0,0,453,27.547,36,210,405,439,341
753,21471.995254626,21471.996616018,,3,GPU-46bf67bb-cb31-bee1-3cf0-c35337ba97d2,ok,0,0,453,26.234,39,210,405,439,292
753,21471.995254626,21471.996578098,,4,GPU-127e16de-2b5f-dde9-1932-b4e29bb818c0,ok,0,0,453,24.366,34,210,405,439,341
754,21472.995254626,21472.996312506,,0,GPU-9b96eb67-aeee-89d5-aa85-fc650af4e25c,ok,0,0,453,26.879,36,210,405,439,341
754,21472.995254626,21472.995623936,,1,GPU-37ffc98b-8551-c8a1-5f3c-27ade9ae735a,ok,0,0,1514,174.861,65,1935,9501,5273,9423
754,21472.995254626,21472.996276436,,2,GPU-5443d59d-561f-ed1e-da42-1975937205f9,ok,0,0,453,27.472,36,210,405,439,341
754,21472.995254626,21472.996358746,,3,GPU-46bf67bb-cb31-bee1-3cf0-c35337ba97d2,ok,0,0,453,25.943,39,210,405,439,292
754,21472.995254626,21472.996331846,,4,GPU-127e16de-2b5f-dde9-1932-b4e29bb818c0,ok,0,0,453,24.081,34,210,405,390,341
755,21473.995254626,21473.996148474,,0,GPU-9b96eb67-aeee-89d5-aa85-fc650af4e25c,ok,0,0,453,26.848,35,210,405,390,292
755,21473.995254626,21473.996131294,,1,GPU-37ffc98b-8551-c8a1-5f3c-27ade9ae735a,ok,100,31,1514,230.634,73,1470,9501,3906,12939
755,21473.995254626,21473.995854824,,2,GPU-5443d59d-561f-ed1e-da42-1975937205f9,ok,0,0,453,27.384,36,210,405,439,292
755,21473.995254626,21473.996097464,,3,GPU-46bf67bb-cb31-bee1-3cf0-c35337ba97d2,ok,0,0,453,25.95,39,210,405,439,341
755,21473.995254626,21473.995887304,,4,GPU-127e16de-2b5f-dde9-1932-b4e29bb818c0,ok,0,0,453,24.114,34,210,405,390,341
756,21474.995254626,21474.996304032,,0,GPU-9b96eb67-aeee-89d5-aa85-fc650af4e25c,ok,0,0,453,26.876,36,210,405,439,292
756,21474.995254626,21474.995768372,,1,GPU-37ffc98b-8551-c8a1-5f3c-27ade9ae735a,ok,100,27,1514,349.282,74,1410,9501,4101,11279
756,21474.995254626,21474.996044722,,2,GPU-5443d59d-561f-ed1e-da42-1975937205f9,ok,0,0,453,27.43,36,210,405,439,341
756,21474.995254626,21474.996011832,,3,GPU-46bf67bb-cb31-bee1-3cf0-c35337ba97d2,ok,0,0,453,26.297,39,210,405,439,341
756,21474.995254626,21474.996262142,,4,GPU-127e16de-2b5f-dde9-1932-b4e29bb818c0,ok,0,0,453,24.236,34,210,405,439,341
757,21475.995254626,21475.99644046,,0,GPU-9b96eb67-aeee-89d5-aa85-fc650af4e25c,ok,0,0,453,26.84,36,210,405,439,341
757,21475.995254626,21475.99650362,,1,GPU-37ffc98b-8551-c8a1-5f3c-27ade9ae735a,ok,100,25,1514,348.455,75,1455,9501,4052,13281
757,21475.995254626,21475.99572145,,2,GPU-5443d59d-561f-ed1e-da42-1975937205f9,ok,0,0,453,27.352,36,210,405,439,292
757,21475.995254626,21475.99710396,,3,GPU-46bf67bb-cb31-bee1-3cf0-c35337ba97d2,ok,0,0,453,26.291,39,210,405,439,341
757,21475.995254626,21475.9958925,,4,GPU-127e16de-2b5f-dde9-1932-b4e29bb818c0,ok,0,0,453,24.178,34,210,405,390,341
758,21476.995254626,21476.996230398,,0,GPU-9b96eb67-aeee-89d5-aa85-fc650af4e25c,ok,0,0,453,27.007,36,210,405,439,292
758,21476.995254626,21476.995731328,,1,GPU-37ffc98b-8551-c8a1-5f3c-27ade9ae735a,ok,100,23,1514,349.151,75,1455,9501,3759,13623
758,21476.995254626,21476.995888728,,2,GPU-5443d59d-561f-ed1e-da42-1975937205f9,ok,0,0,453,27.417,36,210,405,439,292
758,21476.995254626,21476.996288938,,3,GPU-46bf67bb-cb31-bee1-3cf0-c35337ba97d2,ok,0,0,453,26.303,39,210,405,390,341
758,21476.995254626,21476.996338228,,4,GPU-127e16de-2b5f-dde9-1932-b4e29bb818c0,ok,0,0,453,24.257,34,210,405,439,341
759,21477.995254626,21477.995994186,,0,GPU-9b96eb67-aeee-89d5-aa85-fc650af4e25c,ok,0,0,453,27.038,35,210,405,439,292
759,21477.995254626,21477.995822516,,1,GPU-37ffc98b-8551-c8a1-5f3c-27ade9ae735a,ok,100,23,1514,348.849,75,1470,9501,3955,12011
759,21477.995254626,21477.996792946,,2,GPU-5443d59d-561f-ed1e-da42-1975937205f9,ok,0,0,453,27.579,36,210,405,439,292
759,21477.995254626,21477.995914666,,3,GPU-46bf67bb-cb31-bee1-3cf0-c35337ba97d2,ok,0,0,453,26.393,39,210,405,439,292
759,21477.995254626,21477.996242516,,4,GPU-127e16de-2b5f-dde9-1932-b4e29bb818c0,ok,0,0,453,24.292,34,210,405,439,292
760,21478.995254626,21478.995839714,,0,GPU-9b96eb67-aeee-89d5-aa85-fc650af4e25c,ok,0,0,453,26.742,35,210,405,439,292
760,21478.995254626,21478.996100134,,1,GPU-37ffc98b-8551-c8a1-5f3c-27ade9ae735a,ok,100,23,1514,349.114,75,1455,9501,3710,13378
760,21478.995254626,21478.996088444,,2,GPU-5443d59d-561f-ed1e-da42-1975937205f9,ok,0,0,453,27.544,36,210,405,390,292
760,21478.995254626,21478.996048474,,3,GPU-46bf67bb-cb31-bee1-3cf0-c35337ba97d2,ok,0,0,453,26.186,39,210,405,439,292
760,21478.995254626,21478.996547904,,4,GPU-127e16de-2b5f-dde9-1932-b4e29bb818c0,ok,0,0,453,24.16,34,210,405,439,292
761,21479.995254626,21479.996155262,,0,GPU-9b96eb67-aeee-89d5-aa85-fc650af4e25c,ok,0,0,453,26.78,35,210,405,439,341
761,21479.995254626,21479.996143912,,1,GPU-37ffc98b-8551-c8a1-5f3c-27ade9ae735a,ok,100,24,1514,349.417,75,1455,9501,3662,13964
761,21479.995254626,21479.996101312,,2,GPU-5443d59d-561f-ed1e-da42-1975937205f9,ok,0,0,453,27.58,36,210,405,390,341
761,21479.995254626,21479.996018552,,3,GPU-46bf67bb-cb31-bee1-3cf0-c35337ba97d2,ok,0,0,453,26.157,39,210,405,439,292
761,21479.995254626,21479.996002762,,4,GPU-127e16de-2b5f-dde9-1932-b4e29bb818c0,ok,0,0,453,23.952,34,210,405,439,292
762,21480.995254626,21480.99606116,,0,GPU-9b96eb67-aeee-89d5-aa85-fc650af4e25c,ok,0,0,453,26.996,36,210,405,439,292
762,21480.995254626,21480.99602378,,1,GPU-37ffc98b-8551-c8a1-5f3c-27ade9ae735a,ok,100,24,1514,349.442,76,1455,9501,4003,13085
762,21480.995254626,21480.997173921,,2,GPU-5443d59d-561f-ed1e-da42-1975937205f9,ok,0,0,453,27.699,36,210,405,439,341
762,21480.995254626,21480.99585809,,3,GPU-46bf67bb-cb31-bee1-3cf0-c35337ba97d2,ok,0,0,453,26.288,39,210,405,439,341
762,21480.995254626,21480.99583426,,4,GPU-127e16de-2b5f-dde9-1932-b4e29bb818c0,ok,0,0,453,24.026,34,210,405,390,292
763,21481.995254626,21481.996076168,,0,GPU-9b96eb67-aeee-89d5-aa85-fc650af4e25c,ok,0,0,453,26.898,36,210,405,439,292
763,21481.995254626,21481.996104878,,1,GPU-37ffc98b-8551-c8a1-5f3c-27ade9ae735a,ok,100,32,1514,349.196,75,1455,9501,4492,12060
763,21481.995254626,21481.996611008,,2,GPU-5443d59d-561f-ed1e-da42-1975937205f9,ok,0,0,453,27.635,36,210,405,439,292
763,21481.995254626,21481.995895228,,3,GPU-46bf67bb-cb31-bee1-3cf0-c35337ba97d2,ok,0,0,453,26.162,39,210,405,390,341
763,21481.995254626,21481.996039388,,4,GPU-127e16de-2b5f-dde9-1932-b4e29bb818c0,ok,0,0,453,24.14,34,210,405,439,292
764,21482.995254626,21482.995727786,,0,GPU-9b96eb67-aeee-89d5-aa85-fc650af4e25c,ok,0,0,453,26.915,36,210,405,439,292
764,21482.995254626,21482.996506376,,1,GPU-37ffc98b-8551-c8a1-5f3c-27ade9ae735a,ok,100,33,1514,349.006,75,1470,9501,4833,10693
764,21482.995254626,21482.996609697,,2,GPU-5443d59d-561f-ed1e-da42-1975937205f9,ok,0,0,453,27.598,36,210,405,439,292
764,21482.995254626,21482.996547956,,3,GPU-46bf67bb-cb31-bee1-3cf0-c35337ba97d2,ok,0,0,453,26.205,39,210,405,439,341
764,21482.995254626,21482.995899386,,4,GPU-127e16de-2b5f-dde9-1932-b4e29bb818c0,ok,0,0,453,23.961,34,210,405,439,292
765,21483.995254626,21483.995891364,,0,GPU-9b96eb67-aeee-89d5-aa85-fc650af4e25c,ok,0,0,453,27.049,35,210,405,439,341
765,21483.995254626,21483.996090724,,1,GPU-37ffc98b-8551-c8a1-5f3c-27ade9ae735a,ok,100,23,1514,348.693,75,1470,9501,5126,10400
765,21483.995254626,21483.995972114,,2,GPU-5443d59d-561f-ed1e-da42-1975937205f9,ok,0,0,453,27.642,36,210,405,439,292
765,21483.995254626,21483.996125594,,3,GPU-46bf67bb-cb31-bee1-3cf0-c35337ba97d2,ok,0,0,453,26.354,39,210,405,439,341
765,21483.995254626,21483.996067974,,4,GPU-127e16de-2b5f-dde9-1932-b4e29bb818c0,ok,0,0,453,23.919,34,210,405,439,292
766,21484.995254626,21484.996130342,,0,GPU-9b96eb67-aeee-89d5-aa85-fc650af4e25c,ok,0,0,453,26.83,35,210,405,390,292
766,21484.995254626,21484.996041782,,1,GPU-37ffc98b-8551-c8a1-5f3c-27ade9ae735a,ok,100,22,1514,348.911,76,1470,9501,5468,8984
766,21484.995254626,21484.996160972,,2,GPU-5443d59d-561f-ed1e-da42-1975937205f9,ok,0,0,453,27.498,36,210,405,390,341
766,21484.995254626,21484.996077622,,3,GPU-46bf67bb-cb31-bee1-3cf0-c35337ba97d2,ok,0,0,453,26.211,39,210,405,390,292
766,21484.995254626,21484.995968422,,4,GPU-127e16de-2b5f-dde9-1932-b4e29bb818c0,ok,0,0,453,23.968,34,210,405,390,341
767,21485.995254626,21485.99608717,,0,GPU-9b96eb67-aeee-89d5-aa85-fc650af4e25c,ok,0,0,453,26.749,36,210,405,390,292
767,21485.995254626,21485.99613619,,1,GPU-37ffc98b-8551-c8a1-5f3c-27ade9ae735a,ok,100,23,1514,348.784,76,1470,9501,5029,10546
767,21485.995254626,21485.99605271,,2,GPU-5443d59d-561f-ed1e-da42-1975937205f9,ok,0,0,453,27.501,36,210,405,439,341
767,21485.995254626,21485.99611936,,3,GPU-46bf67bb-cb31-bee1-3cf0-c35337ba97d2,ok,0,0,453,26.204,39,210,405,439,292
767,21485.995254626,21485.99591056,,4,GPU-127e16de-2b5f-dde9-1932-b4e29bb818c0,ok,0,0,453,24.01,34,210,405,439,341
768,21486.995254626,21486.995994648,,0,GPU-9b96eb67-aeee-89d5-aa85-fc650af4e25c,ok,0,0,453,26.917,36,210,405,439,292
768,21486.995254626,21486.995829538,,1,GPU-37ffc98b-8551-c8a1-5f3c-27ade9ae735a,ok,100,22,1514,348.588,76,1485,9501,6542,11230
768,21486.995254626,21486.996293489,,2,GPU-5443d59d-561f-ed1e-da42-1975937205f9,ok,0,0,453,27.624,36,210,405,439,292
768,21486.995254626,21486.996329859,,3,GPU-46bf67bb-cb31-bee1-3cf0-c35337ba97d2,ok,0,0,453,26.32,39,210,405,439,292
768,21486.995254626,21486.995956938,,4,GPU-127e16de-2b5f-dde9-1932-b4e29bb818c0,ok,0,0,453,24.229,34,210,405,439,341
769,21487.995254626,21487.995797276,,0,GPU-9b96eb67-aeee-89d5-aa85-fc650af4e25c,ok,0,0,453,26.861,36,210,405,439,341
769,21487.995254626,21487.996023506,,1,GPU-37ffc98b-8551-c8a1-5f3c-27ade9ae735a,ok,100,22,1514,348.704,76,1485,9501,5322,9326
769,21487.995254626,21487.996507787,,2,GPU-5443d59d-561f-ed1e-da42-1975937205f9,ok,0,0,453,27.381,36,210,405,439,292
769,21487.995254626,21487.995992676,,3,GPU-46bf67bb-cb31-bee1-3cf0-c35337ba97d2,ok,0,0,453,26.156,39,210,405,439,292
769,21487.995254626,21487.996057546,,4,GPU-127e16de-2b5f-dde9-1932-b4e29bb818c0,ok,0,0,453,24.339,34,210,405,439,341
770,21488.995254626,21488.995992194,,0,GPU-9b96eb67-aeee-89d5-aa85-fc650af4e25c,ok,0,0,453,26.882,36,210,405,439,292
770,21488.995254626,21488.996240985,,1,GPU-37ffc98b-8551-c8a1-5f3c-27ade9ae735a,ok,100,23,1514,349.202,76,1470,9501,5908,9082
770,21488.995254626,21488.996187135,,2,GPU-5443d59d-561f-ed1e-da42-1975937205f9,ok,0,0,453,27.274,36,210,405,390,341
770,21488.995254626,21488.996221305,,3,GPU-46bf67bb-cb31-bee1-3cf0-c35337ba97d2,ok,0,0,453,26.202,39,210,405,390,292
770,21488.995254626,21488.996160255,,4,GPU-127e16de-2b5f-dde9-1932-b4e29bb818c0,ok,0,0,453,24.155,34,210,405,439,341
771,21489.995254626,21489.995983752,,0,GPU-9b96eb67-aeee-89d5-aa85-fc650af4e25c,ok,0,0,453,27.032,35,210,405,439,292
771,21489.995254626,21489.998521593,,1,GPU-37ffc98b-8551-c8a1-5f3c-27ade9ae735a,ok,100,22,1514,349.454,76,1485,9501,5615,8642
771,21489.995254626,21489.996020772,,2,GPU-5443d59d-561f-ed1e-da42-1975937205f9,ok,0,0,453,27.39,36,210,405,390,341
771,21489.995254626,21489.996082323,,3,GPU-46bf67bb-cb31-bee1-3cf0-c35337ba97d2,ok,0,0,453,26.391,39,210,405,439,341
771,21489.995254626,21489.996037082,,4,GPU-127e16de-2b5f-dde9-1932-b4e29bb818c0,ok,0,0,453,24.139,34,210,405,439,341
772,21490.995254626,21490.996084741,,0,GPU-9b96eb67-aeee-89d5-aa85-fc650af4e25c,ok,0,0,453,26.953,35,210,405,390,292
772,21490.995254626,21490.99590721,,1,GPU-37ffc98b-8551-c8a1-5f3c-27ade9ae735a,ok,100,22,1514,348.521,76,1485,9501,6005,7910
772,21490.995254626,21490.996174421,,2,GPU-5443d59d-561f-ed1e-da42-1975937205f9,ok,0,0,453,27.321,36,210,405,439,292
772,21490.995254626,21490.996318511,,3,GPU-46bf67bb-cb31-bee1-3cf0-c35337ba97d2,ok,0,0,453,26.229,39,210,405,439,341
772,21490.995254626,21490.996122291,,4,GPU-127e16de-2b5f-dde9-1932-b4e29bb818c0,ok,0,0,453,24.212,34,210,405,390,292
773,21491.995254626,21491.995839568,,0,GPU-9b96eb67-aeee-89d5-aa85-fc650af4e25c,ok,0,0,453,26.952,35,210,405,390,292
773,21491.995254626,21491.995966269,,1,GPU-37ffc98b-8551-c8a1-5f3c-27ade9ae735a,ok,100,23,1514,349.483,76,1470,9501,5371,8300
773,21491.995254626,21491.996088519,,2,GPU-5443d59d-561f-ed1e-da42-1975937205f9,ok,0,0,453,27.261,36,210,405,439,292
773,21491.995254626,21491.996053549,,3,GPU-46bf67bb-cb31-bee1-3cf0-c35337ba97d2,ok,0,0,453,26.247,39,210,405,439,292
773,21491.995254626,21491.996551509,,4,GPU-127e16de-2b5f-dde9-1932-b4e29bb818c0,ok,0,0,453,24.194,34,210,405,439,292
774,21492.995254626,21492.996925047,,0,GPU-9b96eb67-aeee-89d5-aa85-fc650af4e25c,ok,0,0,453,26.895,36,210,405,439,292
774,21492.995254626,21492.995879617,,1,GPU-37ffc98b-8551-c8a1-5f3c-27ade9ae735a,ok,100,24,1514,349.576,76,1470,9501,5615,8593
774,21492.995254626,21492.996901017,,2,GPU-5443d59d-561f-ed1e-da42-1975937205f9,ok,0,0,453,27.21,36,210,405,439,292
774,21492.995254626,21492.996013017,,3,GPU-46bf67bb-cb31-bee1-3cf0-c35337ba97d2,ok,0,0,453,26.393,39,210,405,390,292
774,21492.995254626,21492.995845727,,4,GPU-127e16de-2b5f-dde9-1932-b4e29bb818c0,ok,0,0,453,24.22,34,210,405,439,292
775,21493.995254626,21493.996263225,,0,GPU-9b96eb67-aeee-89d5-aa85-fc650af4e25c,ok,0,0,453,26.825,36,210,405,439,341
775,21493.995254626,21493.995718214,,1,GPU-37ffc98b-8551-c8a1-5f3c-27ade9ae735a,ok,100,22,1514,349.238,76,1485,9501,5468,9716
775,21493.995254626,21493.996223245,,2,GPU-5443d59d-561f-ed1e-da42-1975937205f9,ok,0,0,453,27.282,36,210,405,439,292
775,21493.995254626,21493.996135735,,3,GPU-46bf67bb-cb31-bee1-3cf0-c35337ba97d2,ok,0,0,453,26.233,39,210,405,439,292
775,21493.995254626,21493.995924675,,4,GPU-127e16de-2b5f-dde9-1932-b4e29bb818c0,ok,0,0,453,24.242,34,210,405,439,292
776,21494.995254626,21494.996060813,,0,GPU-9b96eb67-aeee-89d5-aa85-fc650af4e25c,ok,0,0,453,27.024,36,210,405,439,292
776,21494.995254626,21494.995828943,,1,GPU-37ffc98b-8551-c8a1-5f3c-27ade9ae735a,ok,100,24,1514,349.07,76,1485,9501,5029,10791
776,21494.995254626,21494.996763103,,2,GPU-5443d59d-561f-ed1e-da42-1975937205f9,ok,0,0,453,27.369,36,210,405,439,341
776,21494.995254626,21494.995945843,,3,GPU-46bf67bb-cb31-bee1-3cf0-c35337ba97d2,ok,0,0,453,26.296,39,210,405,439,341
776,21494.995254626,21494.996081003,,4,GPU-127e16de-2b5f-dde9-1932-b4e29bb818c0,ok,0,0,453,24.217,34,210,405,439,292
777,21495.995254626,21495.995710021,,0,GPU-9b96eb67-aeee-89d5-aa85-fc650af4e25c,ok,0,0,453,26.966,36,210,405,439,292
777,21495.995254626,21495.997073881,,1,GPU-37ffc98b-8551-c8a1-5f3c-27ade9ae735a,ok,100,23,1514,349.403,76,1485,9501,5468,9570
777,21495.995254626,21495.996443111,,2,GPU-5443d59d-561f-ed1e-da42-1975937205f9,ok,0,0,453,27.412,36,210,405,439,292
777,21495.995254626,21495.995857191,,3,GPU-46bf67bb-cb31-bee1-3cf0-c35337ba97d2,ok,0,0,453,26.477,39,210,405,439,292
777,21495.995254626,21495.997133281,,4,GPU-127e16de-2b5f-dde9-1932-b4e29bb818c0,ok,0,0,453,24.092,34,210,405,439,292
778,21496.995254626,21496.996051279,,0,GPU-9b96eb67-aeee-89d5-aa85-fc650af4e25c,ok,0,0,453,26.905,36,210,405,439,292
778,21496.995254626,21496.996007849,,1,GPU-37ffc98b-8551-c8a1-5f3c-27ade9ae735a,ok,100,23,1514,349.117,76,1485,9501,4833,11230
778,21496.995254626,21496.995810799,,2,GPU-5443d59d-561f-ed1e-da42-1975937205f9,ok,0,0,453,27.54,36,210,405,439,292
778,21496.995254626,21496.996548709,,3,GPU-46bf67bb-cb31-bee1-3cf0-c35337ba97d2,ok,0,0,453,26.33,39,210,405,439,292
778,21496.995254626,21496.996081509,,4,GPU-127e16de-2b5f-dde9-1932-b4e29bb818c0,ok,0,0,453,24.225,34,210,405,439,292
779,21497.995254626,21497.996919887,,0,GPU-9b96eb67-aeee-89d5-aa85-fc650af4e25c,ok,0,0,453,26.944,36,210,405,439,292
779,21497.995254626,21497.995875047,,1,GPU-37ffc98b-8551-c8a1-5f3c-27ade9ae735a,ok,100,23,1514,349.513,76,1485,9501,5419,14941
779,21497.995254626,21497.995858487,,2,GPU-5443d59d-561f-ed1e-da42-1975937205f9,ok,0,0,453,27.622,36,210,405,439,292
779,21497.995254626,21497.996034337,,3,GPU-46bf67bb-cb31-bee1-3cf0-c35337ba97d2,ok,0,0,453,26.329,39,210,405,439,292
779,21497.995254626,21497.996073617,,4,GPU-127e16de-2b5f-dde9-1932-b4e29bb818c0,ok,0,0,453,24.292,34,210,405,439,292
780,21498.995254626,21498.996566345,,0,GPU-9b96eb67-aeee-89d5-aa85-fc650af4e25c,ok,0,0,453,26.796,36,210,405,390,341
780,21498.995254626,21498.995971845,,1,GPU-37ffc98b-8551-c8a1-5f3c-27ade9ae735a,ok,0,0,1514,266.912,68,1920,9501,390,292
780,21498.995254626,21498.995826855,,2,GPU-5443d59d-561f-ed1e-da42-1975937205f9,ok,0,0,453,27.457,36,210,405,439,341
780,21498.995254626,21498.996836145,,3,GPU-46bf67bb-cb31-bee1-3cf0-c35337ba97d2,ok,0,0,453,26.263,39,210,405,390,292
780,21498.995254626,21498.996107525,,4,GPU-127e16de-2b5f-dde9-1932-b4e29bb818c0,ok,0,0,453,24.16,34,210,405,439,292
781,21499.995254626,21499.995922003,,0,GPU-9b96eb67-aeee-89d5-aa85-fc650af4e25c,ok,0,0,453,26.818,36,210,405,390,292
781,21499.995254626,21499.997295533,,1,GPU-37ffc98b-8551-c8a1-5f3c-27ade9ae735a,ok,0,0,1514,175.127,66,1935,9501,390,292
781,21499.995254626,21499.997275043,,2,GPU-5443d59d-561f-ed1e-da42-1975937205f9,ok,0,0,453,27.451,36,210,405,439,292
781,21499.995254626,21499.996580483,,3,GPU-46bf67bb-cb31-bee1-3cf0-c35337ba97d2,ok,0,0,453,26.155,39,210,405,439,292
781,21499.995254626,21499.995868043,,4,GPU-127e16de-2b5f-dde9-1932-b4e29bb818c0,ok,0,0,453,24.11,34,210,405,439,292
782,21500.995254626,21500.996231871,,0,GPU-9b96eb67-aeee-89d5-aa85-fc650af4e25c,ok,0,0,450,27.151,36,210,405,439,292
782,21500.995254626,21500.996292541,,1,GPU-37ffc98b-8551-c8a1-5f3c-27ade9ae735a,ok,0,0,450,132.618,63,1710,9501,390,292
782,21500.995254626,21500.996193441,,2,GPU-5443d59d-561f-ed1e-da42-1975937205f9,ok,0,0,450,28.167,36,210,405,439,341
782,21500.995254626,21500.996258881,,3,GPU-46bf67bb-cb31-bee1-3cf0-c35337ba97d2,ok,0,0,450,26.194,39,210,405,439,292
782,21500.995254626,21500.996024341,,4,GPU-127e16de-2b5f-dde9-1932-b4e29bb818c0,ok,0,0,450,24.443,34,210,405,390,292
783,21501.995254626,21501.996119909,,0,GPU-9b96eb67-aeee-89d5-aa85-fc650af4e25c,ok,0,0,450,38.468,36,210,405,439,292
783,21501.995254626,21501.995990999,,1,GPU-37ffc98b-8551-c8a1-5f3c-27ade9ae735a,ok,0,0,450,118.849,62,1710,9751,439,292
783,21501.995254626,21501.996150229,,2,GPU-5443d59d-561f-ed1e-da42-1975937205f9,ok,0,0,450,35.44,37,210,405,439,341
783,21501.995254626,21501.995853869,,3,GPU-46bf67bb-cb31-bee1-3cf0-c35337ba97d2,ok,0,0,450,36.583,40,210,405,439,292
783,21501.995254626,21501.996581999,,4,GPU-127e16de-2b5f-dde9-1932-b4e29bb818c0,ok,0,0,450,30.871,34,210,405,439,292
