tick_index,t_target_raw_s,t_receipt_raw_s,utc_anchor,gpu_index,gpu_uuid,status,util_gpu_pct,util_mem_pct,mem_used_mib,power_w,temp_c,clock_sm_mhz,clock_mem_mhz,pcie_tx_kbps,pcie_rx_kbps
-1,18108.328511592,18108.328662062,2026-08-25T01:25:30.462543+00:00,-1,anchor,anchor,,,,,,,,,
0,18108.328511592,18108.336999096,,0,GPU-42e33043-7008-2803-9ba8-9bb9ef7d0845,ok,0,0,464,103.527,63,405,5001,439,341
0,18108.328511592,18108.342356019,,1,GPU-bff95c83-0adb-feb7-9825-359f31b26de8,ok,0,0,464,30.784,38,210,405,439,390
1,18109.328511592,18109.328971479,,0,GPU-42e33043-7008-2803-9ba8-9bb9ef7d0845,ok,0,0,464,34.158,60,210,810,488,341
1,18109.328511592,18109.329033389,,1,GPU-bff95c83-0adb-feb7-9825-359f31b26de8,ok,0,0,464,29.219,38,210,405,537,341
2,18110.328511592,18110.328853806,,0,GPU-42e33043-7008-2803-9ba8-9bb9ef7d0845,ok,0,0,464,39.079,60,210,405,439,341
2,18110.328511592,18110.328926666,,1,GPU-bff95c83-0adb-feb7-9825-359f31b26de8,ok,0,0,464,34.568,38,210,405,488,341
3,18111.328511592,18111.328991483,,0,GPU-42e33043-7008-2803-9ba8-9bb9ef7d0845,ok,0,0,464,25.614,60,210,405,439,341
3,18111.328511592,18111.329577553,,1,GPU-bff95c83-0adb-feb7-9825-359f31b26de8,ok,0,0,464,35.314,38,210,405,439,341
4,18112.328511592,18112.32899108,,0,GPU-42e33043-7008-2803-9ba8-9bb9ef7d0845,ok,0,0,464,24.123,58,210,405,488,341
4,18112.328511592,18112.32909011,,1,GPU-bff95c83-0adb-feb7-9825-359f31b26de8,ok,0,0,464,30.024,38,210,405,439,341
5,18113.328511592,18113.328928397,,0,GPU-42e33043-7008-2803-9ba8-9bb9ef7d0845,ok,100,40,1528,70.628,63,1440,9501,4101,9472
5,18113.328511592,18113.329041517,,1,GPU-bff95c83-0adb-feb7-9825-359f31b26de8,ok,0,0,467,31.456,38,210,405,439,341
6,18114.328511592,18114.328854834,,0,GPU-42e33043-7008-2803-9ba8-9bb9ef7d0845,ok,100,23,1528,351.934,74,1455,9501,4394,8398
6,18114.328511592,18114.328929254,,1,GPU-bff95c83-0adb-feb7-9825-359f31b26de8,ok,0,0,467,42.127,38,210,405,439,341
7,18115.328511592,18115.32889653,,0,GPU-42e33043-7008-2803-9ba8-9bb9ef7d0845,ok,100,21,1528,348.822,76,1470,9501,4541,8935
7,18115.328511592,18115.32894226,,1,GPU-bff95c83-0adb-feb7-9825-359f31b26de8,ok,0,0,467,30.198,38,210,405,439,341
8,18116.328511592,18116.328988847,,0,GPU-42e33043-7008-2803-9ba8-9bb9ef7d0845,ok,100,23,1528,348.987,76,1470,9501,3808,10986
8,18116.328511592,18116.329007967,,1,GPU-bff95c83-0adb-feb7-9825-359f31b26de8,ok,0,0,467,28.884,38,210,405,439,341
9,18117.328511592,18117.328961204,,0,GPU-42e33043-7008-2803-9ba8-9bb9ef7d0845,ok,100,22,1528,348.988,77,1455,9501,2929,14501
9,18117.328511592,18117.328927764,,1,GPU-bff95c83-0adb-feb7-9825-359f31b26de8,ok,0,0,467,34.631,38,210,405,439,341
10,18118.328511592,18118.328991101,,0,GPU-42e33043-7008-2803-9ba8-9bb9ef7d0845,ok,100,21,1528,348.934,78,1455,9501,2685,13281
10,18118.328511592,18118.328952731,,1,GPU-bff95c83-0adb-feb7-9825-359f31b26de8,ok,0,0,467,36.381,38,210,405,439,341
11,18119.328511592,18119.328870858,,0,GPU-42e33043-7008-2803-9ba8-9bb9ef7d0845,ok,100,21,1528,348.716,78,1425,9501,3759,9082
11,18119.328511592,18119.328922748,,1,GPU-bff95c83-0adb-feb7-9825-359f31b26de8,ok,0,0,467,29.694,38,210,405,439,341
12,18120.328511592,18120.328858335,,0,GPU-42e33043-7008-2803-9ba8-9bb9ef7d0845,ok,100,20,1528,349.211,78,1470,9501,4150,9814
12,18120.328511592,18120.328919655,,1,GPU-bff95c83-0adb-feb7-9825-359f31b26de8,ok,0,0,467,28.433,38,210,405,439,341
13,18121.328511592,18121.329024701,,0,GPU-42e33043-7008-2803-9ba8-9bb9ef7d0845,ok,100,21,1528,348.591,79,1455,9501,2978,14160
13,18121.328511592,18121.328969141,,1,GPU-bff95c83-0adb-feb7-9825-359f31b26de8,ok,0,0,467,28.31,38,210,405,439,341
14,18122.328511592,18122.328863198,,0,GPU-42e33043-7008-2803-9ba8-9bb9ef7d0845,ok,100,21,1528,348.636,79,1455,9501,3125,10498
14,18122.328511592,18122.328925608,,1,GPU-bff95c83-0adb-feb7-9825-359f31b26de8,ok,0,0,467,28.34,38,210,405,439,341
15,18123.328511592,18123.328865155,,0,GPU-42e33043-7008-2803-9ba8-9bb9ef7d0845,ok,100,21,1528,348.757,79,1440,9501,4248,8007
15,18123.328511592,18123.328934155,,1,GPU-bff95c83-0adb-feb7-9825-359f31b26de8,ok,0,0,467,28.528,38,210,405,488,341
16,18124.328511592,18124.328863892,,0,GPU-42e33043-7008-2803-9ba8-9bb9ef7d0845,ok,100,22,1528,348.694,80,1455,9501,2587,14697
16,18124.328511592,18124.328931762,,1,GPU-bff95c83-0adb-feb7-9825-359f31b26de8,ok,0,0,467,32.121,38,210,405,488,341
17,18125.328511592,18125.328865129,,0,GPU-42e33043-7008-2803-9ba8-9bb9ef7d0845,ok,100,21,1528,348.952,80,1425,9501,3710,8691
17,18125.328511592,18125.328927499,,1,GPU-bff95c83-0adb-feb7-9825-359f31b26de8,ok,0,0,467,40.164,38,210,405,439,341
18,18126.328511592,18126.329007876,,0,GPU-42e33043-7008-2803-9ba8-9bb9ef7d0845,ok,100,23,1528,349.605,80,1470,9501,3222,10791
18,18126.328511592,18126.328970746,,1,GPU-bff95c83-0adb-feb7-9825-359f31b26de8,ok,0,0,467,31.193,38,210,405,439,341
19,18127.328511592,18127.328871272,,0,GPU-42e33043-7008-2803-9ba8-9bb9ef7d0845,ok,100,21,1528,349.345,80,1455,9501,3173,9960
19,18127.328511592,18127.328941422,,1,GPU-bff95c83-0adb-feb7-9825-359f31b26de8,ok,0,0,467,29.506,38,210,405,439,341
20,18128.328511592,18128.328908089,,0,GPU-42e33043-7008-2803-9ba8-9bb9ef7d0845,ok,100,20,1528,349.637,80,1455,9501,3564,10644
20,18128.328511592,18128.328940389,,1,GPU-bff95c83-0adb-feb7-9825-359f31b26de8,ok,0,0,467,28.811,38,210,405,439,341
21,18129.328511592,18129.328868326,,0,GPU-42e33043-7008-2803-9ba8-9bb9ef7d0845,ok,100,20,1528,349.092,81,1440,9501,3125,10644
21,18129.328511592,18129.328930876,,1,GPU-bff95c83-0adb-feb7-9825-359f31b26de8,ok,0,0,467,28.738,38,210,405,439,341
22,18130.328511592,18130.328863023,,0,GPU-42e33043-7008-2803-9ba8-9bb9ef7d0845,ok,100,20,1528,349.442,81,1440,9501,3271,11523
22,18130.328511592,18130.328922633,,1,GPU-bff95c83-0adb-feb7-9825-359f31b26de8,ok,0,0,467,28.704,38,210,405,488,341
23,18131.328511592,18131.32886866,,0,GPU-42e33043-7008-2803-9ba8-9bb9ef7d0845,ok,100,21,1528,349.413,81,1425,9501,3320,9667
23,18131.328511592,18131.32891432,,1,GPU-bff95c83-0adb-feb7-9825-359f31b26de8,ok,0,0,467,31.04,38,210,405,439,341
24,18132.328511592,18132.328856457,,0,GPU-42e33043-7008-2803-9ba8-9bb9ef7d0845,ok,100,21,1528,349.425,81,1455,9501,3271,11865
24,18132.328511592,18132.328906327,,1,GPU-bff95c83-0adb-feb7-9825-359f31b26de8,ok,0,0,467,39.57,38,210,405,488,341
25,18133.328511592,18133.328861343,,0,GPU-42e33043-7008-2803-9ba8-9bb9ef7d0845,ok,100,21,1528,349.256,81,1425,9501,3564,8642
25,18133.328511592,18133.328932573,,1,GPU-bff95c83-0adb-feb7-9825-359f31b26de8,ok,0,0,467,30.698,38,210,405,439,341
26,18134.328511592,18134.32886136,,0,GPU-42e33043-7008-2803-9ba8-9bb9ef7d0845,ok,100,22,1528,349.432,81,1455,9501,2832,13769
26,18134.328511592,18134.32892116,,1,GPU-bff95c83-0adb-feb7-9825-359f31b26de8,ok,0,0,467,29.328,38,210,405,439,341
27,18135.328511592,18135.328852557,,0,GPU-42e33043-7008-2803-9ba8-9bb9ef7d0845,ok,100,21,1528,349.174,81,1455,9501,4052,7812
27,18135.328511592,18135.328900357,,1,GPU-bff95c83-0adb-feb7-9825-359f31b26de8,ok,0,0,467,29.124,38,210,405,488,341
28,18136.328511592,18136.328885394,,0,GPU-42e33043-7008-2803-9ba8-9bb9ef7d0845,ok,100,20,1528,349.279,81,1455,9501,2539,12890
28,18136.328511592,18136.328934114,,1,GPU-bff95c83-0adb-feb7-9825-359f31b26de8,ok,0,0,467,29.144,38,210,405,439,341
29,18137.328511592,18137.328879391,,0,GPU-42e33043-7008-2803-9ba8-9bb9ef7d0845,ok,100,20,1528,349.544,81,1440,9501,3808,9130
29,18137.328511592,18137.329007561,,1,GPU-bff95c83-0adb-feb7-9825-359f31b26de8,ok,0,0,467,28.968,38,210,405,439,341
30,18138.328511592,18138.328901568,,0,GPU-42e33043-7008-2803-9ba8-9bb9ef7d0845,ok,100,20,1528,349.401,82,1455,9501,2978,11132
30,18138.328511592,18138.328939118,,1,GPU-bff95c83-0adb-feb7-9825-359f31b26de8,ok,0,0,467,29.946,38,210,405,439,341
31,18139.328511592,18139.328973605,,0,GPU-42e33043-7008-2803-9ba8-9bb9ef7d0845,ok,0,0,1528,270.872,73,1920,9501,390,292
31,18139.328511592,18139.329033285,,1,GPU-bff95c83-0adb-feb7-9825-359f31b26de8,ok,0,0,467,39.984,38,210,405,439,341
32,18140.328511592,18140.328972861,,0,GPU-42e33043-7008-2803-9ba8-9bb9ef7d0845,ok,0,0,1528,186.633,72,1935,9501,390,292
32,18140.328511592,18140.329043201,,1,GPU-bff95c83-0adb-feb7-9825-359f31b26de8,ok,0,0,467,30.475,38,210,405,439,341
33,18141.328511592,18141.328834578,,0,GPU-42e33043-7008-2803-9ba8-9bb9ef7d0845,ok,100,21,1528,219.292,78,1470,9501,3906,9765
33,18141.328511592,18141.328893968,,1,GPU-bff95c83-0adb-feb7-9825-359f31b26de8,ok,0,0,467,29.225,38,210,405,439,341
34,18142.328511592,18142.328864375,,0,GPU-42e33043-7008-2803-9ba8-9bb9ef7d0845,ok,100,23,1528,348.691,80,1455,9501,2929,11718
34,18142.328511592,18142.328927415,,1,GPU-bff95c83-0adb-feb7-9825-359f31b26de8,ok,0,0,467,28.961,38,210,405,439,341
35,18143.328511592,18143.328844622,,0,GPU-42e33043-7008-2803-9ba8-9bb9ef7d0845,ok,100,23,1528,349.501,80,1455,9501,3271,10791
35,18143.328511592,18143.328914552,,1,GPU-bff95c83-0adb-feb7-9825-359f31b26de8,ok,0,0,467,28.896,38,210,405,439,341
36,18144.328511592,18144.328834589,,0,GPU-42e33043-7008-2803-9ba8-9bb9ef7d0845,ok,100,22,1528,349.598,81,1410,9501,3320,12841
36,18144.328511592,18144.328919119,,1,GPU-bff95c83-0adb-feb7-9825-359f31b26de8,ok,0,0,467,29.05,38,210,405,439,341
37,18145.328511592,18145.328848115,,0,GPU-42e33043-7008-2803-9ba8-9bb9ef7d0845,ok,100,21,1528,349.566,81,1455,9501,3564,8789
37,18145.328511592,18145.328911265,,1,GPU-bff95c83-0adb-feb7-9825-359f31b26de8,ok,0,0,467,28.933,38,210,405,488,341
38,18146.328511592,18146.328978022,,0,GPU-42e33043-7008-2803-9ba8-9bb9ef7d0845,ok,100,21,1528,349.288,81,1440,9501,2880,13720
38,18146.328511592,18146.328964892,,1,GPU-bff95c83-0adb-feb7-9825-359f31b26de8,ok,0,0,467,40.207,38,210,405,439,390
39,18147.328511592,18147.328852439,,0,GPU-42e33043-7008-2803-9ba8-9bb9ef7d0845,ok,100,20,1528,349.229,81,1455,9501,4345,7373
39,18147.328511592,18147.328927279,,1,GPU-bff95c83-0adb-feb7-9825-359f31b26de8,ok,0,0,467,30.036,38,210,405,439,341
40,18148.328511592,18148.328844326,,0,GPU-42e33043-7008-2803-9ba8-9bb9ef7d0845,ok,100,21,1528,349.22,81,1455,9501,2685,13671
40,18148.328511592,18148.328908626,,1,GPU-bff95c83-0adb-feb7-9825-359f31b26de8,ok,0,0,467,28.877,38,210,405,439,341
41,18149.328511592,18149.328846273,,0,GPU-42e33043-7008-2803-9ba8-9bb9ef7d0845,ok,100,20,1528,349.597,81,1425,9501,4003,7958
41,18149.328511592,18149.328933783,,1,GPU-bff95c83-0adb-feb7-9825-359f31b26de8,ok,0,0,467,28.811,38,210,405,488,341
42,18150.328511592,18150.32891648,,0,GPU-42e33043-7008-2803-9ba8-9bb9ef7d0845,ok,100,21,1528,349.102,81,1440,9501,2636,11767
42,18150.328511592,18150.32897648,,1,GPU-bff95c83-0adb-feb7-9825-359f31b26de8,ok,0,0,467,28.875,38,210,405,488,341
43,18151.328511592,18151.328923197,,0,GPU-42e33043-7008-2803-9ba8-9bb9ef7d0845,ok,100,20,1528,349.095,81,1425,9501,3613,10009
43,18151.328511592,18151.328952957,,1,GPU-bff95c83-0adb-feb7-9825-359f31b26de8,ok,0,0,467,29.052,38,210,405,439,341
44,18152.328511592,18152.328841023,,0,GPU-42e33043-7008-2803-9ba8-9bb9ef7d0845,ok,100,20,1528,349.025,82,1440,9501,3466,9277
44,18152.328511592,18152.328917503,,1,GPU-bff95c83-0adb-feb7-9825-359f31b26de8,ok,0,0,467,28.849,38,210,405,488,341
45,18153.328511592,18153.32884655,,0,GPU-42e33043-7008-2803-9ba8-9bb9ef7d0845,ok,100,20,1528,348.953,82,1425,9501,2978,13183
45,18153.328511592,18153.32893441,,1,GPU-bff95c83-0adb-feb7-9825-359f31b26de8,ok,0,0,467,34.547,38,210,405,439,341
46,18154.328511592,18154.328846797,,0,GPU-42e33043-7008-2803-9ba8-9bb9ef7d0845,ok,100,20,1528,349.233,82,1440,9501,4150,7470
46,18154.328511592,18154.328931657,,1,GPU-bff95c83-0adb-feb7-9825-359f31b26de8,ok,0,0,467,40.6,38,210,405,488,341
47,18155.328511592,18155.328846954,,0,GPU-42e33043-7008-2803-9ba8-9bb9ef7d0845,ok,100,20,1528,348.987,82,1440,9501,2490,12597
47,18155.328511592,18155.328896124,,1,GPU-bff95c83-0adb-feb7-9825-359f31b26de8,ok,0,0,467,31.16,38,210,405,439,341
48,18156.328511592,18156.328839771,,0,GPU-42e33043-7008-2803-9ba8-9bb9ef7d0845,ok,100,21,1528,349.528,82,1410,9501,3613,10009
48,18156.328511592,18156.328924111,,1,GPU-bff95c83-0adb-feb7-9825-359f31b26de8,ok,0,0,467,29.755,38,210,405,439,341
49,18157.328511592,18157.328942598,,0,GPU-42e33043-7008-2803-9ba8-9bb9ef7d0845,ok,100,19,1528,349.261,82,1440,9501,3320,9619
49,18157.328511592,18157.328995528,,1,GPU-bff95c83-0adb-feb7-9825-359f31b26de8,ok,0,0,467,29.11,38,210,405,488,341
50,18158.328511592,18158.328841404,,0,GPU-42e33043-7008-2803-9ba8-9bb9ef7d0845,ok,100,20,1528,349.149,82,1440,9501,2832,12939
50,18158.328511592,18158.328889714,,1,GPU-bff95c83-0adb-feb7-9825-359f31b26de8,ok,0,0,467,28.954,38,210,405,439,341
51,18159.328511592,18159.328844481,,0,GPU-42e33043-7008-2803-9ba8-9bb9ef7d0845,ok,100,20,1528,349.474,82,1440,9501,4101,7519
51,18159.328511592,18159.328905591,,1,GPU-bff95c83-0adb-feb7-9825-359f31b26de8,ok,0,0,467,29.088,38,210,405,439,341
52,18160.328511592,18160.328844748,,0,GPU-42e33043-7008-2803-9ba8-9bb9ef7d0845,ok,100,21,1528,349.19,82,1440,9501,2685,11865
52,18160.328511592,18160.328910748,,1,GPU-bff95c83-0adb-feb7-9825-359f31b26de8,ok,0,0,467,33.606,38,210,405,439,341
53,18161.328511592,18161.328847165,,0,GPU-42e33043-7008-2803-9ba8-9bb9ef7d0845,ok,100,20,1528,349.419,82,1425,9501,3173,11962
53,18161.328511592,18161.328916335,,1,GPU-bff95c83-0adb-feb7-9825-359f31b26de8,ok,0,0,467,39.802,38,210,405,439,341
54,18162.328511592,18162.328881852,,0,GPU-42e33043-7008-2803-9ba8-9bb9ef7d0845,ok,100,19,1528,349.225,82,1455,9501,3466,8398
54,18162.328511592,18162.328958382,,1,GPU-bff95c83-0adb-feb7-9825-359f31b26de8,ok,0,0,467,30.68,38,210,405,488,341
55,18163.328511592,18163.328847399,,0,GPU-42e33043-7008-2803-9ba8-9bb9ef7d0845,ok,100,20,1528,349.292,82,1440,9501,2441,12988
55,18163.328511592,18163.328895989,,1,GPU-bff95c83-0adb-feb7-9825-359f31b26de8,ok,0,0,467,29.319,38,210,405,439,341
56,18164.328511592,18164.328836005,,0,GPU-42e33043-7008-2803-9ba8-9bb9ef7d0845,ok,100,20,1528,349.412,82,1410,9501,3906,8886
56,18164.328511592,18164.328906605,,1,GPU-bff95c83-0adb-feb7-9825-359f31b26de8,ok,0,0,467,29.232,38,210,405,439,341
57,18165.328511592,18165.328842082,,0,GPU-42e33043-7008-2803-9ba8-9bb9ef7d0845,ok,100,19,1528,349.304,82,1440,9501,3222,9765
57,18165.328511592,18165.328887342,,1,GPU-bff95c83-0adb-feb7-9825-359f31b26de8,ok,0,0,467,29.279,38,210,405,439,341
58,18166.328511592,18166.328846679,,0,GPU-42e33043-7008-2803-9ba8-9bb9ef7d0845,ok,100,20,1528,349.058,82,1440,9501,2832,11474
58,18166.328511592,18166.328916449,,1,GPU-bff95c83-0adb-feb7-9825-359f31b26de8,ok,0,0,467,29.388,38,210,405,439,341
59,18167.328511592,18167.328985786,,0,GPU-42e33043-7008-2803-9ba8-9bb9ef7d0845,ok,0,0,1528,254.763,73,1920,9501,439,292
59,18167.328511592,18167.329028466,,1,GPU-bff95c83-0adb-feb7-9825-359f31b26de8,ok,0,0,467,33.235,38,210,405,488,341
60,18168.328511592,18168.328968953,,0,GPU-42e33043-7008-2803-9ba8-9bb9ef7d0845,ok,0,0,1528,187.936,72,1935,9501,439,292
60,18168.328511592,18168.329040773,,1,GPU-bff95c83-0adb-feb7-9825-359f31b26de8,ok,0,0,467,40.311,38,210,405,439,292
61,18169.328511592,18169.32884249,,0,GPU-42e33043-7008-2803-9ba8-9bb9ef7d0845,ok,100,22,1528,231.498,79,1470,9501,2343,11083
61,18169.328511592,18169.32888804,,1,GPU-bff95c83-0adb-feb7-9825-359f31b26de8,ok,0,0,467,30.487,38,210,405,439,341
62,18170.328511592,18170.328838566,,0,GPU-42e33043-7008-2803-9ba8-9bb9ef7d0845,ok,100,23,1528,348.835,80,1425,9501,3955,8154
62,18170.328511592,18170.328908616,,1,GPU-bff95c83-0adb-feb7-9825-359f31b26de8,ok,0,0,467,29.21,37,210,405,439,341
63,18171.328511592,18171.328854773,,0,GPU-42e33043-7008-2803-9ba8-9bb9ef7d0845,ok,100,21,1528,349.224,81,1470,9501,2441,12695
63,18171.328511592,18171.328899163,,1,GPU-bff95c83-0adb-feb7-9825-359f31b26de8,ok,0,0,467,29.055,37,210,405,488,341
64,18172.328511592,18172.32883271,,0,GPU-42e33043-7008-2803-9ba8-9bb9ef7d0845,ok,100,23,1528,349.858,81,1410,9501,3857,8691
64,18172.328511592,18172.32889405,,1,GPU-bff95c83-0adb-feb7-9825-359f31b26de8,ok,0,0,467,29.172,38,210,405,439,341
65,18173.328511592,18173.328845117,,0,GPU-42e33043-7008-2803-9ba8-9bb9ef7d0845,ok,100,20,1528,349.791,81,1455,9501,2880,11132
65,18173.328511592,18173.328914497,,1,GPU-bff95c83-0adb-feb7-9825-359f31b26de8,ok,0,0,467,29.255,38,210,405,439,341
66,18174.328511592,18174.328857954,,0,GPU-42e33043-7008-2803-9ba8-9bb9ef7d0845,ok,100,21,1528,349.336,81,1440,9501,3320,11230
66,18174.328511592,18174.328919414,,1,GPU-bff95c83-0adb-feb7-9825-359f31b26de8,ok,0,0,467,32.358,38,210,405,439,341
67,18175.328511592,18175.328849021,,0,GPU-42e33043-7008-2803-9ba8-9bb9ef7d0845,ok,100,20,1528,349.732,81,1440,9501,3564,8740
67,18175.328511592,18175.328918931,,1,GPU-bff95c83-0adb-feb7-9825-359f31b26de8,ok,0,0,467,40.559,38,210,405,439,341
68,18176.328511592,18176.328848127,,0,GPU-42e33043-7008-2803-9ba8-9bb9ef7d0845,ok,100,21,1528,349.488,81,1440,9501,2587,13867
68,18176.328511592,18176.328911857,,1,GPU-bff95c83-0adb-feb7-9825-359f31b26de8,ok,0,0,467,31.105,38,210,405,439,341
69,18177.328511592,18177.328883434,,0,GPU-42e33043-7008-2803-9ba8-9bb9ef7d0845,ok,100,20,1528,349.679,81,1410,9501,4296,8007
69,18177.328511592,18177.328927554,,1,GPU-bff95c83-0adb-feb7-9825-359f31b26de8,ok,0,0,467,29.516,37,210,405,439,341
70,18178.328511592,18178.328842701,,0,GPU-42e33043-7008-2803-9ba8-9bb9ef7d0845,ok,100,19,1528,349.162,82,1440,9501,2685,12207
70,18178.328511592,18178.328889421,,1,GPU-bff95c83-0adb-feb7-9825-359f31b26de8,ok,0,0,467,28.89,37,210,405,439,341
71,18179.328511592,18179.328837538,,0,GPU-42e33043-7008-2803-9ba8-9bb9ef7d0845,ok,100,20,1528,349.336,82,1425,9501,3271,10839
71,18179.328511592,18179.328883168,,1,GPU-bff95c83-0adb-feb7-9825-359f31b26de8,ok,0,0,467,29.015,38,210,405,439,341
72,18180.328511592,18180.328833205,,0,GPU-42e33043-7008-2803-9ba8-9bb9ef7d0845,ok,100,19,1528,349.337,82,1425,9501,3759,8007
72,18180.328511592,18180.328882355,,1,GPU-bff95c83-0adb-feb7-9825-359f31b26de8,ok,0,0,467,29.311,38,210,405,439,341
73,18181.328511592,18181.328845352,,0,GPU-42e33043-7008-2803-9ba8-9bb9ef7d0845,ok,100,20,1528,348.934,82,1440,9501,2587,13574
73,18181.328511592,18181.328917122,,1,GPU-bff95c83-0adb-feb7-9825-359f31b26de8,ok,0,0,467,30.942,38,210,405,439,341
74,18182.328511592,18182.328881478,,0,GPU-42e33043-7008-2803-9ba8-9bb9ef7d0845,ok,100,20,1528,349.137,82,1425,9501,4003,8154
74,18182.328511592,18182.328952598,,1,GPU-bff95c83-0adb-feb7-9825-359f31b26de8,ok,0,0,467,39.936,38,210,405,488,341
75,18183.328511592,18183.328841595,,0,GPU-42e33043-7008-2803-9ba8-9bb9ef7d0845,ok,100,20,1528,348.992,82,1440,9501,2978,10742
75,18183.328511592,18183.328888235,,1,GPU-bff95c83-0adb-feb7-9825-359f31b26de8,ok,0,0,467,30.913,38,210,405,439,341
76,18184.328511592,18184.328839492,,0,GPU-42e33043-7008-2803-9ba8-9bb9ef7d0845,ok,100,20,1528,348.955,82,1425,9501,3320,11425
76,18184.328511592,18184.328904722,,1,GPU-bff95c83-0adb-feb7-9825-359f31b26de8,ok,0,0,467,29.614,38,210,405,439,341
77,18185.328511592,18185.328843559,,0,GPU-42e33043-7008-2803-9ba8-9bb9ef7d0845,ok,100,19,1528,348.735,82,1425,9501,3857,7958
77,18185.328511592,18185.328895849,,1,GPU-bff95c83-0adb-feb7-9825-359f31b26de8,ok,0,0,467,29.111,38,210,405,488,341
78,18186.328511592,18186.328848816,,0,GPU-42e33043-7008-2803-9ba8-9bb9ef7d0845,ok,100,19,1528,348.759,82,1440,9501,2490,12646
78,18186.328511592,18186.328909746,,1,GPU-bff95c83-0adb-feb7-9825-359f31b26de8,ok,0,0,467,28.929,37,210,405,439,341
79,18187.328511592,18187.328834403,,0,GPU-42e33043-7008-2803-9ba8-9bb9ef7d0845,ok,100,20,1528,348.943,82,1440,9501,3710,9619
79,18187.328511592,18187.328900633,,1,GPU-bff95c83-0adb-feb7-9825-359f31b26de8,ok,0,0,467,29.035,37,210,405,439,341
80,18188.328511592,18188.328838829,,0,GPU-42e33043-7008-2803-9ba8-9bb9ef7d0845,ok,100,19,1528,349.351,82,1425,9501,3369,9082
80,18188.328511592,18188.328900399,,1,GPU-bff95c83-0adb-feb7-9825-359f31b26de8,ok,0,0,467,28.788,37,210,405,439,341
81,18189.328511592,18189.328914026,,0,GPU-42e33043-7008-2803-9ba8-9bb9ef7d0845,ok,100,20,1528,349.263,82,1440,9501,2685,14062
81,18189.328511592,18189.328946496,,1,GPU-bff95c83-0adb-feb7-9825-359f31b26de8,ok,0,0,467,40.113,38,210,405,439,341
82,18190.328511592,18190.328846863,,0,GPU-42e33043-7008-2803-9ba8-9bb9ef7d0845,ok,100,20,1528,348.911,82,1440,9501,3906,9472
82,18190.328511592,18190.328921273,,1,GPU-bff95c83-0adb-feb7-9825-359f31b26de8,ok,0,0,467,30.511,38,210,405,439,341
83,18191.328511592,18191.32884337,,0,GPU-42e33043-7008-2803-9ba8-9bb9ef7d0845,ok,100,20,1528,349.466,82,1455,9501,3466,9863
83,18191.328511592,18191.3289116,,1,GPU-bff95c83-0adb-feb7-9825-359f31b26de8,ok,0,0,467,29.213,38,210,405,439,341
84,18192.328511592,18192.328843587,,0,GPU-42e33043-7008-2803-9ba8-9bb9ef7d0845,ok,100,21,1528,349.458,82,1410,9501,2734,13183
84,18192.328511592,18192.328907777,,1,GPU-bff95c83-0adb-feb7-9825-359f31b26de8,ok,0,0,467,28.776,38,210,405,488,341
85,18193.328511592,18193.328851714,,0,GPU-42e33043-7008-2803-9ba8-9bb9ef7d0845,ok,100,20,1528,349.766,82,1440,9501,4101,8007
85,18193.328511592,18193.328923624,,1,GPU-bff95c83-0adb-feb7-9825-359f31b26de8,ok,0,0,467,28.786,38,210,405,439,390
86,18194.328511592,18194.32883983,,0,GPU-42e33043-7008-2803-9ba8-9bb9ef7d0845,ok,100,19,1528,349.16,82,1440,9501,439,292
86,18194.328511592,18194.328912071,,1,GPU-bff95c83-0adb-feb7-9825-359f31b26de8,ok,0,0,467,28.986,38,210,405,439,341
87,18195.328511592,18195.329025107,,0,GPU-42e33043-7008-2803-9ba8-9bb9ef7d0845,ok,0,0,1528,242.665,73,1920,9501,439,292
87,18195.328511592,18195.329105767,,1,GPU-bff95c83-0adb-feb7-9825-359f31b26de8,ok,0,0,467,28.62,38,210,405,439,341
88,18196.328511592,18196.328954044,,0,GPU-42e33043-7008-2803-9ba8-9bb9ef7d0845,ok,0,0,1528,167.044,71,1935,9501,341,292
88,18196.328511592,18196.329021264,,1,GPU-bff95c83-0adb-feb7-9825-359f31b26de8,ok,0,0,467,34.094,38,210,405,439,341
89,18197.328511592,18197.328905061,,0,GPU-42e33043-7008-2803-9ba8-9bb9ef7d0845,ok,14,1,464,139.003,68,1695,9751,390,292
89,18197.328511592,18197.328920941,,1,GPU-bff95c83-0adb-feb7-9825-359f31b26de8,ok,0,0,464,35.543,38,210,405,439,341
90,18198.328511592,18198.335029311,,0,GPU-42e33043-7008-2803-9ba8-9bb9ef7d0845,ok,0,0,467,129.364,67,1695,9751,390,390
90,18198.328511592,18198.335069351,,1,GPU-bff95c83-0adb-feb7-9825-359f31b26de8,ok,0,0,464,37.566,38,210,405,14501,11474
91,18199.328511592,18199.329028095,,0,GPU-42e33043-7008-2803-9ba8-9bb9ef7d0845,ok,100,66,8930,170.949,72,1665,9501,6835,19189
91,18199.328511592,18199.329005585,,1,GPU-bff95c83-0adb-feb7-9825-359f31b26de8,ok,0,0,467,37.317,38,210,405,439,390
92,18200.328511592,18200.328833731,,0,GPU-42e33043-7008-2803-9ba8-9bb9ef7d0845,ok,100,66,8930,312.218,74,1650,9501,6347,21142
92,18200.328511592,18200.328893952,,1,GPU-bff95c83-0adb-feb7-9825-359f31b26de8,ok,0,0,467,42.095,38,210,405,439,390
93,18201.328511592,18201.328833308,,0,GPU-42e33043-7008-2803-9ba8-9bb9ef7d0845,ok,100,62,8930,311.408,74,1620,9501,5664,23388
93,18201.328511592,18201.328898698,,1,GPU-bff95c83-0adb-feb7-9825-359f31b26de8,ok,0,0,467,30.544,38,210,405,439,341
94,18202.328511592,18202.328909435,,0,GPU-42e33043-7008-2803-9ba8-9bb9ef7d0845,ok,100,58,8930,311.038,74,1620,9501,5712,23681
94,18202.328511592,18202.328942275,,1,GPU-bff95c83-0adb-feb7-9825-359f31b26de8,ok,0,0,467,28.908,37,210,405,488,341
95,18203.328511592,18203.328855372,,0,GPU-42e33043-7008-2803-9ba8-9bb9ef7d0845,ok,100,58,8930,310.887,74,1605,9501,6591,14355
95,18203.328511592,18203.328922662,,1,GPU-bff95c83-0adb-feb7-9825-359f31b26de8,ok,0,0,467,33.502,38,210,405,439,341
96,18204.328511592,18204.328839439,,0,GPU-42e33043-7008-2803-9ba8-9bb9ef7d0845,ok,100,63,8930,309.932,74,1620,9501,6787,18994
96,18204.328511592,18204.328898309,,1,GPU-bff95c83-0adb-feb7-9825-359f31b26de8,ok,0,0,467,34.77,38,210,405,488,341
97,18205.328511592,18205.328845286,,0,GPU-42e33043-7008-2803-9ba8-9bb9ef7d0845,ok,100,65,8930,310.157,74,1620,9501,6689,19238
97,18205.328511592,18205.328912706,,1,GPU-bff95c83-0adb-feb7-9825-359f31b26de8,ok,0,0,467,30.532,38,210,405,439,341
98,18206.328511592,18206.328843553,,0,GPU-42e33043-7008-2803-9ba8-9bb9ef7d0845,ok,100,64,8930,310.693,74,1605,9501,5957,22607
98,18206.328511592,18206.328907503,,1,GPU-bff95c83-0adb-feb7-9825-359f31b26de8,ok,0,0,467,28.991,37,210,405,488,341
99,18207.328511592,18207.328887119,,0,GPU-42e33043-7008-2803-9ba8-9bb9ef7d0845,ok,100,59,8930,310.176,74,1590,9501,5664,23583
99,18207.328511592,18207.328946889,,1,GPU-bff95c83-0adb-feb7-9825-359f31b26de8,ok,0,0,467,28.519,37,210,405,488,341
100,18208.328511592,18208.328843356,,0,GPU-42e33043-7008-2803-9ba8-9bb9ef7d0845,ok,100,57,8930,310.197,74,1575,9501,6201,22412
100,18208.328511592,18208.328907526,,1,GPU-bff95c83-0adb-feb7-9825-359f31b26de8,ok,0,0,467,28.625,38,210,405,439,341
101,18209.328511592,18209.328915523,,0,GPU-42e33043-7008-2803-9ba8-9bb9ef7d0845,ok,100,60,8930,309.852,74,1590,9501,6835,20605
101,18209.328511592,18209.328900383,,1,GPU-bff95c83-0adb-feb7-9825-359f31b26de8,ok,0,0,467,28.64,37,210,405,439,341
102,18210.328511592,18210.32885256,,0,GPU-42e33043-7008-2803-9ba8-9bb9ef7d0845,ok,100,65,8930,309.704,74,1590,9501,3027,18994
102,18210.328511592,18210.32889633,,1,GPU-bff95c83-0adb-feb7-9825-359f31b26de8,ok,0,0,467,32.482,38,210,405,439,341
103,18211.328511592,18211.328847167,,0,GPU-42e33043-7008-2803-9ba8-9bb9ef7d0845,ok,100,66,8930,310.623,74,1590,9501,6250,21093
103,18211.328511592,18211.328915757,,1,GPU-bff95c83-0adb-feb7-9825-359f31b26de8,ok,0,0,467,39.914,38,210,405,439,341
104,18212.328511592,18212.328875054,,0,GPU-42e33043-7008-2803-9ba8-9bb9ef7d0845,ok,100,60,8930,309.488,74,1590,9501,5566,23046
104,18212.328511592,18212.328794034,,1,GPU-bff95c83-0adb-feb7-9825-359f31b26de8,ok,0,0,467,30.123,38,210,405,488,341
105,18213.328511592,18213.32885039,,0,GPU-42e33043-7008-2803-9ba8-9bb9ef7d0845,ok,100,58,8930,309.471,74,1590,9501,6054,22802
105,18213.328511592,18213.32891088,,1,GPU-bff95c83-0adb-feb7-9825-359f31b26de8,ok,0,0,467,28.752,38,210,405,439,341
106,18214.328511592,18214.328841427,,0,GPU-42e33043-7008-2803-9ba8-9bb9ef7d0845,ok,100,60,8930,309.86,74,1590,9501,6884,20166
106,18214.328511592,18214.328908097,,1,GPU-bff95c83-0adb-feb7-9825-359f31b26de8,ok,0,0,467,28.496,38,210,405,488,341
107,18215.328511592,18215.328845804,,0,GPU-42e33043-7008-2803-9ba8-9bb9ef7d0845,ok,100,66,8930,310.24,74,1590,9501,6884,19091
107,18215.328511592,18215.328904324,,1,GPU-bff95c83-0adb-feb7-9825-359f31b26de8,ok,0,0,467,28.468,37,210,405,439,341
108,18216.328511592,18216.328845301,,0,GPU-42e33043-7008-2803-9ba8-9bb9ef7d0845,ok,100,65,8930,310.369,74,1590,9501,6445,20507
108,18216.328511592,18216.328890771,,1,GPU-bff95c83-0adb-feb7-9825-359f31b26de8,ok,0,0,467,28.536,37,210,405,439,341
109,18217.328511592,18217.328822878,,0,GPU-42e33043-7008-2803-9ba8-9bb9ef7d0845,ok,100,60,8930,310.737,75,1575,9501,5566,23779
109,18217.328511592,18217.328893438,,1,GPU-bff95c83-0adb-feb7-9825-359f31b26de8,ok,0,0,467,31.206,38,210,405,439,341
110,18218.328511592,18218.328845685,,0,GPU-42e33043-7008-2803-9ba8-9bb9ef7d0845,ok,100,58,8930,309.307,75,1575,9501,5908,23437
110,18218.328511592,18218.328891875,,1,GPU-bff95c83-0adb-feb7-9825-359f31b26de8,ok,0,0,467,40.004,38,210,405,488,341
111,18219.328511592,18219.328846141,,0,GPU-42e33043-7008-2803-9ba8-9bb9ef7d0845,ok,100,60,8930,310.171,75,1590,9501,6884,20556
111,18219.328511592,18219.328912681,,1,GPU-bff95c83-0adb-feb7-9825-359f31b26de8,ok,0,0,467,29.715,38,210,405,439,341
112,18220.328511592,18220.328842778,,0,GPU-42e33043-7008-2803-9ba8-9bb9ef7d0845,ok,100,66,8930,310.156,75,1605,9501,6884,18896
112,18220.328511592,18220.328912838,,1,GPU-bff95c83-0adb-feb7-9825-359f31b26de8,ok,0,0,467,28.525,38,210,405,439,341
113,18221.328511592,18221.328846075,,0,GPU-42e33043-7008-2803-9ba8-9bb9ef7d0845,ok,100,65,8930,310.01,75,1605,9501,6494,20507
113,18221.328511592,18221.328905455,,1,GPU-bff95c83-0adb-feb7-9825-359f31b26de8,ok,0,0,467,28.481,38,210,405,439,341
114,18222.328511592,18222.328837142,,0,GPU-42e33043-7008-2803-9ba8-9bb9ef7d0845,ok,100,60,8930,310.52,75,1590,9501,5664,23632
114,18222.328511592,18222.328897662,,1,GPU-bff95c83-0adb-feb7-9825-359f31b26de8,ok,0,0,467,28.597,38,210,405,488,390
115,18223.328511592,18223.328845399,,0,GPU-42e33043-7008-2803-9ba8-9bb9ef7d0845,ok,100,58,8930,310.167,75,1590,9501,5566,23632
115,18223.328511592,18223.328888729,,1,GPU-bff95c83-0adb-feb7-9825-359f31b26de8,ok,0,0,467,28.719,37,210,405,439,341
116,18224.328511592,18224.328836226,,0,GPU-42e33043-7008-2803-9ba8-9bb9ef7d0845,ok,100,59,8930,310.817,75,1605,9501,6298,22851
116,18224.328511592,18224.328882896,,1,GPU-bff95c83-0adb-feb7-9825-359f31b26de8,ok,0,0,467,30.085,38,210,405,439,341
117,18225.328511592,18225.328857742,,0,GPU-42e33043-7008-2803-9ba8-9bb9ef7d0845,ok,100,65,8930,310.828,75,1605,9501,6884,19189
117,18225.328511592,18225.328901822,,1,GPU-bff95c83-0adb-feb7-9825-359f31b26de8,ok,0,0,467,40.353,38,210,405,488,341
118,18226.328511592,18226.328838729,,0,GPU-42e33043-7008-2803-9ba8-9bb9ef7d0845,ok,100,66,8930,310.959,75,1605,9501,6884,19042
118,18226.328511592,18226.328903499,,1,GPU-bff95c83-0adb-feb7-9825-359f31b26de8,ok,0,0,467,30.883,38,210,405,439,341
119,18227.328511592,18227.328845016,,0,GPU-42e33043-7008-2803-9ba8-9bb9ef7d0845,ok,100,61,8930,310.19,75,1590,9501,6250,22070
119,18227.328511592,18227.328915006,,1,GPU-bff95c83-0adb-feb7-9825-359f31b26de8,ok,0,0,467,29.392,38,210,405,439,390
120,18228.328511592,18228.328922793,,0,GPU-42e33043-7008-2803-9ba8-9bb9ef7d0845,ok,100,58,8930,310.353,75,1575,9501,5566,22265
120,18228.328511592,18228.328953413,,1,GPU-bff95c83-0adb-feb7-9825-359f31b26de8,ok,0,0,467,28.734,38,210,405,439,341
121,18229.328511592,18229.32885066,,0,GPU-42e33043-7008-2803-9ba8-9bb9ef7d0845,ok,100,59,8930,310.256,75,1605,9501,6152,23632
121,18229.328511592,18229.32892081,,1,GPU-bff95c83-0adb-feb7-9825-359f31b26de8,ok,0,0,467,28.512,38,210,405,439,341
122,18230.328511592,18230.328842747,,0,GPU-42e33043-7008-2803-9ba8-9bb9ef7d0845,ok,100,64,8930,310.484,75,1605,9501,6835,20214
122,18230.328511592,18230.328907807,,1,GPU-bff95c83-0adb-feb7-9825-359f31b26de8,ok,0,0,467,28.643,38,210,405,488,341
123,18231.328511592,18231.328845313,,0,GPU-42e33043-7008-2803-9ba8-9bb9ef7d0845,ok,100,65,8930,310.6,75,1605,9501,6591,19042
123,18231.328511592,18231.328917533,,1,GPU-bff95c83-0adb-feb7-9825-359f31b26de8,ok,0,0,467,28.388,38,210,405,439,341
124,18232.328511592,18232.32884049,,0,GPU-42e33043-7008-2803-9ba8-9bb9ef7d0845,ok,100,61,8930,309.556,75,1605,9501,6201,21044
124,18232.328511592,18232.32888559,,1,GPU-bff95c83-0adb-feb7-9825-359f31b26de8,ok,0,0,467,39.509,38,210,405,439,341
125,18233.328511592,18233.328951977,,0,GPU-42e33043-7008-2803-9ba8-9bb9ef7d0845,ok,100,58,8930,310.84,75,1590,9501,5517,23486
125,18233.328511592,18233.328930817,,1,GPU-bff95c83-0adb-feb7-9825-359f31b26de8,ok,0,0,467,30.091,38,210,405,439,341
126,18234.328511592,18234.328853584,,0,GPU-42e33043-7008-2803-9ba8-9bb9ef7d0845,ok,100,59,8930,310.619,75,1590,9501,6005,10595
126,18234.328511592,18234.328919064,,1,GPU-bff95c83-0adb-feb7-9825-359f31b26de8,ok,0,0,467,28.768,38,210,405,439,341
127,18235.328511592,18235.328844811,,0,GPU-42e33043-7008-2803-9ba8-9bb9ef7d0845,ok,100,65,8930,310.791,75,1620,9501,6640,19970
127,18235.328511592,18235.328893061,,1,GPU-bff95c83-0adb-feb7-9825-359f31b26de8,ok,0,0,467,28.418,38,210,405,439,341
128,18236.328511592,18236.328842028,,0,GPU-42e33043-7008-2803-9ba8-9bb9ef7d0845,ok,100,66,8930,310.718,75,1605,9501,6884,18896
128,18236.328511592,18236.328914048,,1,GPU-bff95c83-0adb-feb7-9825-359f31b26de8,ok,0,0,467,28.378,38,210,405,439,341
129,18237.328511592,18237.328853214,,0,GPU-42e33043-7008-2803-9ba8-9bb9ef7d0845,ok,100,60,8930,310.422,76,1605,9501,6103,21875
129,18237.328511592,18237.328902514,,1,GPU-bff95c83-0adb-feb7-9825-359f31b26de8,ok,0,0,467,28.511,38,210,405,439,341
130,18238.328511592,18238.328885871,,0,GPU-42e33043-7008-2803-9ba8-9bb9ef7d0845,ok,100,58,8930,310.579,75,1605,9501,5517,23291
130,18238.328511592,18238.328902191,,1,GPU-bff95c83-0adb-feb7-9825-359f31b26de8,ok,0,0,467,28.094,38,210,405,439,341
131,18239.328511592,18239.328843258,,0,GPU-42e33043-7008-2803-9ba8-9bb9ef7d0845,ok,100,61,8930,310.67,76,1605,9501,6201,22363
131,18239.328511592,18239.328910188,,1,GPU-bff95c83-0adb-feb7-9825-359f31b26de8,ok,0,0,467,33.503,38,210,405,439,341
132,18240.328511592,18240.328849915,,0,GPU-42e33043-7008-2803-9ba8-9bb9ef7d0845,ok,100,66,8930,310.617,76,1620,9501,6738,18798
132,18240.328511592,18240.328914535,,1,GPU-bff95c83-0adb-feb7-9825-359f31b26de8,ok,0,0,467,39.731,38,210,405,439,341
133,18241.328511592,18241.328848412,,0,GPU-42e33043-7008-2803-9ba8-9bb9ef7d0845,ok,100,64,8930,310.766,76,1605,9501,3759,18603
133,18241.328511592,18241.328914472,,1,GPU-bff95c83-0adb-feb7-9825-359f31b26de8,ok,0,0,467,29.613,38,210,405,439,341
134,18242.328511592,18242.328843109,,0,GPU-42e33043-7008-2803-9ba8-9bb9ef7d0845,ok,100,58,8930,311.394,76,1620,9501,5810,22167
134,18242.328511592,18242.328913189,,1,GPU-bff95c83-0adb-feb7-9825-359f31b26de8,ok,0,0,467,28.376,38,210,405,439,341
135,18243.328511592,18243.328850715,,0,GPU-42e33043-7008-2803-9ba8-9bb9ef7d0845,ok,100,58,8930,311.527,76,1605,9501,5615,23388
135,18243.328511592,18243.328921846,,1,GPU-bff95c83-0adb-feb7-9825-359f31b26de8,ok,0,0,467,28.28,38,210,405,439,341
136,18244.328511592,18244.328841832,,0,GPU-42e33043-7008-2803-9ba8-9bb9ef7d0845,ok,100,66,8930,311.004,76,1590,9501,6689,20458
136,18244.328511592,18244.328912212,,1,GPU-bff95c83-0adb-feb7-9825-359f31b26de8,ok,0,0,467,28.33,38,210,405,439,341
137,18245.328511592,18245.328843369,,0,GPU-42e33043-7008-2803-9ba8-9bb9ef7d0845,ok,100,66,8930,311.175,76,1590,9501,6738,18945
137,18245.328511592,18245.328890689,,1,GPU-bff95c83-0adb-feb7-9825-359f31b26de8,ok,0,0,467,28.481,38,210,405,439,390
138,18246.328511592,18246.328839336,,0,GPU-42e33043-7008-2803-9ba8-9bb9ef7d0845,ok,100,60,8930,311.999,76,1605,9501,6298,20361
138,18246.328511592,18246.328884236,,1,GPU-bff95c83-0adb-feb7-9825-359f31b26de8,ok,0,0,467,33.325,38,210,405,439,341
139,18247.328511592,18247.328850723,,0,GPU-42e33043-7008-2803-9ba8-9bb9ef7d0845,ok,100,58,8930,311.749,76,1620,9501,5468,23291
139,18247.328511592,18247.328920973,,1,GPU-bff95c83-0adb-feb7-9825-359f31b26de8,ok,0,0,467,40.185,38,210,405,488,341
140,18248.328511592,18248.32889193,,0,GPU-42e33043-7008-2803-9ba8-9bb9ef7d0845,ok,100,63,8930,311.426,76,1635,9501,4687,23046
140,18248.328511592,18248.32890923,,1,GPU-bff95c83-0adb-feb7-9825-359f31b26de8,ok,0,0,467,30.594,38,210,405,439,341
141,18249.328511592,18249.328844727,,0,GPU-42e33043-7008-2803-9ba8-9bb9ef7d0845,ok,100,66,8930,311.787,76,1635,9501,6787,19482
141,18249.328511592,18249.328891707,,1,GPU-bff95c83-0adb-feb7-9825-359f31b26de8,ok,0,0,467,28.986,38,210,405,439,341
142,18250.328511592,18250.328841103,,0,GPU-42e33043-7008-2803-9ba8-9bb9ef7d0845,ok,100,63,8930,311.864,76,1635,9501,6787,18798
142,18250.328511592,18250.328886203,,1,GPU-bff95c83-0adb-feb7-9825-359f31b26de8,ok,0,0,467,28.36,38,210,405,439,341
143,18251.328511592,18251.32884458,,0,GPU-42e33043-7008-2803-9ba8-9bb9ef7d0845,ok,100,58,8930,311.772,76,1635,9501,6103,21337
143,18251.328511592,18251.32889049,,1,GPU-bff95c83-0adb-feb7-9825-359f31b26de8,ok,0,0,467,28.339,37,210,405,439,341
144,18252.328511592,18252.328837917,,0,GPU-42e33043-7008-2803-9ba8-9bb9ef7d0845,ok,100,59,8930,311.471,76,1620,9501,5566,23632
144,18252.328511592,18252.328883187,,1,GPU-bff95c83-0adb-feb7-9825-359f31b26de8,ok,0,0,467,28.402,38,210,405,439,341
145,18253.328511592,18253.329013004,,0,GPU-42e33043-7008-2803-9ba8-9bb9ef7d0845,ok,100,66,8930,311.754,76,1635,9501,6005,23242
145,18253.328511592,18253.329026324,,1,GPU-bff95c83-0adb-feb7-9825-359f31b26de8,ok,0,0,467,31.927,38,210,405,439,341
146,18254.328511592,18254.328861621,,0,GPU-42e33043-7008-2803-9ba8-9bb9ef7d0845,ok,100,66,8930,312.3,76,1620,9501,6689,19335
146,18254.328511592,18254.328919301,,1,GPU-bff95c83-0adb-feb7-9825-359f31b26de8,ok,0,0,467,39.354,38,210,405,439,390
147,18255.328511592,18255.328890668,,0,GPU-42e33043-7008-2803-9ba8-9bb9ef7d0845,ok,100,61,8930,312.179,76,1620,9501,6982,18798
147,18255.328511592,18255.328926678,,1,GPU-bff95c83-0adb-feb7-9825-359f31b26de8,ok,0,0,467,30.048,38,210,405,439,341
148,18256.328511592,18256.328847304,,0,GPU-42e33043-7008-2803-9ba8-9bb9ef7d0845,ok,100,58,8930,311.664,76,1635,9501,6005,21533
148,18256.328511592,18256.328897474,,1,GPU-bff95c83-0adb-feb7-9825-359f31b26de8,ok,0,0,467,28.632,38,210,405,439,341
149,18257.328511592,18257.328863161,,0,GPU-42e33043-7008-2803-9ba8-9bb9ef7d0845,ok,100,62,8930,312.015,76,1635,9501,5566,23095
149,18257.328511592,18257.328915251,,1,GPU-bff95c83-0adb-feb7-9825-359f31b26de8,ok,0,0,467,28.293,38,210,405,439,341
150,18258.328511592,18258.328852378,,0,GPU-42e33043-7008-2803-9ba8-9bb9ef7d0845,ok,100,66,8930,311.776,76,1635,9501,6201,22363
150,18258.328511592,18258.328922878,,1,GPU-bff95c83-0adb-feb7-9825-359f31b26de8,ok,0,0,467,28.206,38,210,405,488,341
151,18259.328511592,18259.328844155,,0,GPU-42e33043-7008-2803-9ba8-9bb9ef7d0845,ok,100,65,8930,312.447,76,1620,9501,10009,18896
151,18259.328511592,18259.328909925,,1,GPU-bff95c83-0adb-feb7-9825-359f31b26de8,ok,0,0,467,28.308,37,210,405,439,341
152,18260.328511592,18260.328844162,,0,GPU-42e33043-7008-2803-9ba8-9bb9ef7d0845,ok,100,58,8930,311.958,77,1635,9501,6591,19189
152,18260.328511592,18260.328917082,,1,GPU-bff95c83-0adb-feb7-9825-359f31b26de8,ok,0,0,467,31.035,38,210,405,439,390
153,18261.328511592,18261.328840829,,0,GPU-42e33043-7008-2803-9ba8-9bb9ef7d0845,ok,100,59,8930,312.316,77,1635,9501,5517,23144
153,18261.328511592,18261.328901509,,1,GPU-bff95c83-0adb-feb7-9825-359f31b26de8,ok,0,0,467,39.916,38,210,405,439,341
154,18262.328511592,18262.328844585,,0,GPU-42e33043-7008-2803-9ba8-9bb9ef7d0845,ok,100,66,8930,311.875,77,1635,9501,5712,23437
154,18262.328511592,18262.328907885,,1,GPU-bff95c83-0adb-feb7-9825-359f31b26de8,ok,0,0,467,30.018,38,210,405,488,341
155,18263.328511592,18263.328846492,,0,GPU-42e33043-7008-2803-9ba8-9bb9ef7d0845,ok,100,66,8930,312.284,77,1635,9501,6640,20996
155,18263.328511592,18263.329652373,,1,GPU-bff95c83-0adb-feb7-9825-359f31b26de8,ok,0,0,467,28.538,37,210,405,439,341
156,18264.328511592,18264.328845209,,0,GPU-42e33043-7008-2803-9ba8-9bb9ef7d0845,ok,100,61,8930,312.108,77,1650,9501,6640,18847
156,18264.328511592,18264.328915899,,1,GPU-bff95c83-0adb-feb7-9825-359f31b26de8,ok,0,0,467,28.148,37,210,405,439,341
157,18265.328511592,18265.328840826,,0,GPU-42e33043-7008-2803-9ba8-9bb9ef7d0845,ok,100,58,8930,311.911,77,1650,9501,6347,20654
157,18265.328511592,18265.328885516,,1,GPU-bff95c83-0adb-feb7-9825-359f31b26de8,ok,0,0,467,28.19,38,210,405,439,341
158,18266.328511592,18266.328850293,,0,GPU-42e33043-7008-2803-9ba8-9bb9ef7d0845,ok,100,62,8930,311.231,77,1635,9501,5566,23144
158,18266.328511592,18266.328920983,,1,GPU-bff95c83-0adb-feb7-9825-359f31b26de8,ok,0,0,467,28.408,37,210,405,439,341
159,18267.328511592,18267.32884025,,0,GPU-42e33043-7008-2803-9ba8-9bb9ef7d0845,ok,100,66,8930,312.222,77,1635,9501,6054,23291
159,18267.328511592,18267.32890538,,1,GPU-bff95c83-0adb-feb7-9825-359f31b26de8,ok,0,0,467,29.581,38,210,405,439,341
160,18268.328511592,18268.328844526,,0,GPU-42e33043-7008-2803-9ba8-9bb9ef7d0845,ok,100,63,8930,311.425,77,1635,9501,6689,18847
160,18268.328511592,18268.328905486,,1,GPU-bff95c83-0adb-feb7-9825-359f31b26de8,ok,0,0,467,40.025,38,210,405,439,390
161,18269.328511592,18269.328847183,,0,GPU-42e33043-7008-2803-9ba8-9bb9ef7d0845,ok,100,58,8930,311.267,77,1650,9501,6738,19433
161,18269.328511592,18269.328894633,,1,GPU-bff95c83-0adb-feb7-9825-359f31b26de8,ok,0,0,467,30.73,38,210,405,439,341
162,18270.328511592,18270.32884851,,0,GPU-42e33043-7008-2803-9ba8-9bb9ef7d0845,ok,100,61,8930,311.896,77,1635,9501,5566,23583
162,18270.328511592,18270.32891611,,1,GPU-bff95c83-0adb-feb7-9825-359f31b26de8,ok,0,0,467,28.924,37,210,405,439,341
163,18271.328511592,18271.328838087,,0,GPU-42e33043-7008-2803-9ba8-9bb9ef7d0845,ok,100,66,8930,311.123,77,1635,9501,5957,23632
163,18271.328511592,18271.328905257,,1,GPU-bff95c83-0adb-feb7-9825-359f31b26de8,ok,0,0,467,28.354,37,210,405,439,341
164,18272.328511592,18272.328841544,,0,GPU-42e33043-7008-2803-9ba8-9bb9ef7d0845,ok,100,62,8930,310.913,77,1635,9501,6689,18896
164,18272.328511592,18272.328912194,,1,GPU-bff95c83-0adb-feb7-9825-359f31b26de8,ok,0,0,467,28.497,38,210,405,439,341
165,18273.328511592,18273.328845171,,0,GPU-42e33043-7008-2803-9ba8-9bb9ef7d0845,ok,100,58,8930,311.029,77,1650,9501,6445,19384
165,18273.328511592,18273.328892341,,1,GPU-bff95c83-0adb-feb7-9825-359f31b26de8,ok,0,0,467,28.292,37,210,405,439,341
166,18274.328511592,18274.328845397,,0,GPU-42e33043-7008-2803-9ba8-9bb9ef7d0845,ok,100,63,8930,311.47,77,1635,9501,5566,23583
166,18274.328511592,18274.328906747,,1,GPU-bff95c83-0adb-feb7-9825-359f31b26de8,ok,0,0,467,27.982,37,210,405,439,341
167,18275.328511592,18275.328843794,,0,GPU-42e33043-7008-2803-9ba8-9bb9ef7d0845,ok,100,66,8930,311.219,77,1635,9501,5761,23437
167,18275.328511592,18275.328906784,,1,GPU-bff95c83-0adb-feb7-9825-359f31b26de8,ok,0,0,467,39.225,38,210,405,439,341
168,18276.328511592,18276.328840001,,0,GPU-42e33043-7008-2803-9ba8-9bb9ef7d0845,ok,100,61,8930,310.373,77,1635,9501,6689,18994
168,18276.328511592,18276.328887301,,1,GPU-bff95c83-0adb-feb7-9825-359f31b26de8,ok,0,0,467,30.139,38,210,405,439,341
169,18277.328511592,18277.328850858,,0,GPU-42e33043-7008-2803-9ba8-9bb9ef7d0845,ok,100,58,8930,310.447,77,1650,9501,6689,18994
169,18277.328511592,18277.328917888,,1,GPU-bff95c83-0adb-feb7-9825-359f31b26de8,ok,0,0,467,28.766,38,210,405,488,341
170,18278.328511592,18278.328899095,,0,GPU-42e33043-7008-2803-9ba8-9bb9ef7d0845,ok,100,63,8930,310.578,77,1635,9501,5517,23681
170,18278.328511592,18278.328934725,,1,GPU-bff95c83-0adb-feb7-9825-359f31b26de8,ok,0,0,467,28.432,38,210,405,439,341
171,18279.328511592,18279.328851912,,0,GPU-42e33043-7008-2803-9ba8-9bb9ef7d0845,ok,100,66,8930,311.144,77,1620,9501,5859,9912
171,18279.328511592,18279.328914522,,1,GPU-bff95c83-0adb-feb7-9825-359f31b26de8,ok,0,0,467,28.306,38,210,405,439,341
172,18280.328511592,18280.328860508,,0,GPU-42e33043-7008-2803-9ba8-9bb9ef7d0845,ok,100,61,8930,311.244,77,1635,9501,6738,19628
172,18280.328511592,18280.328909318,,1,GPU-bff95c83-0adb-feb7-9825-359f31b26de8,ok,0,0,467,28.211,38,210,405,439,341
173,18281.328511592,18281.328842975,,0,GPU-42e33043-7008-2803-9ba8-9bb9ef7d0845,ok,100,58,8930,311.462,77,1650,9501,6835,18798
173,18281.328511592,18281.328912305,,1,GPU-bff95c83-0adb-feb7-9825-359f31b26de8,ok,0,0,467,28.101,38,210,405,439,341
174,18282.328511592,18282.328848342,,0,GPU-42e33043-7008-2803-9ba8-9bb9ef7d0845,ok,100,64,8930,311.371,77,1635,9501,5761,23095
174,18282.328511592,18282.328917262,,1,GPU-bff95c83-0adb-feb7-9825-359f31b26de8,ok,0,0,467,33.608,38,210,405,439,341
175,18283.328511592,18283.328854359,,0,GPU-42e33043-7008-2803-9ba8-9bb9ef7d0845,ok,100,66,8930,311.727,77,1635,9501,5615,23486
175,18283.328511592,18283.328910439,,1,GPU-bff95c83-0adb-feb7-9825-359f31b26de8,ok,0,0,467,39.611,38,210,405,488,341
176,18284.328511592,18284.328836446,,0,GPU-42e33043-7008-2803-9ba8-9bb9ef7d0845,ok,100,62,8930,312.103,77,1650,9501,6738,20751
176,18284.328511592,18284.328906856,,1,GPU-bff95c83-0adb-feb7-9825-359f31b26de8,ok,0,0,467,30.022,38,210,405,439,341
177,18285.328511592,18285.328900983,,0,GPU-42e33043-7008-2803-9ba8-9bb9ef7d0845,ok,100,58,8930,311.719,77,1650,9501,6738,18945
177,18285.328511592,18285.328917613,,1,GPU-bff95c83-0adb-feb7-9825-359f31b26de8,ok,0,0,467,28.682,37,210,405,439,390
178,18286.328511592,18286.328841339,,0,GPU-42e33043-7008-2803-9ba8-9bb9ef7d0845,ok,100,63,8930,311.026,77,1635,9501,5175,13281
178,18286.328511592,18286.32891207,,1,GPU-bff95c83-0adb-feb7-9825-359f31b26de8,ok,0,0,467,28.209,37,210,405,439,341
179,18287.328511592,18287.328862656,,0,GPU-42e33043-7008-2803-9ba8-9bb9ef7d0845,ok,100,66,8930,311.074,77,1635,9501,5468,23437
179,18287.328511592,18287.328917086,,1,GPU-bff95c83-0adb-feb7-9825-359f31b26de8,ok,0,0,467,28.058,38,210,405,439,341
180,18288.328511592,18288.328840443,,0,GPU-42e33043-7008-2803-9ba8-9bb9ef7d0845,ok,100,61,8930,310.841,77,1635,9501,6640,21337
180,18288.328511592,18288.328910923,,1,GPU-bff95c83-0adb-feb7-9825-359f31b26de8,ok,0,0,467,28.257,38,210,405,439,341
181,18289.328511592,18289.32886851,,0,GPU-42e33043-7008-2803-9ba8-9bb9ef7d0845,ok,100,58,8930,311.236,77,1650,9501,6689,18945
181,18289.328511592,18289.32893407,,1,GPU-bff95c83-0adb-feb7-9825-359f31b26de8,ok,0,0,467,32.715,38,210,405,439,341
182,18290.328511592,18290.328845157,,0,GPU-42e33043-7008-2803-9ba8-9bb9ef7d0845,ok,100,63,8930,310.699,77,1635,9501,6005,22070
182,18290.328511592,18290.328907007,,1,GPU-bff95c83-0adb-feb7-9825-359f31b26de8,ok,0,0,467,39.871,38,210,405,439,341
183,18291.328511592,18291.328845744,,0,GPU-42e33043-7008-2803-9ba8-9bb9ef7d0845,ok,100,66,8930,311.097,77,1620,9501,5615,23974
183,18291.328511592,18291.328915594,,1,GPU-bff95c83-0adb-feb7-9825-359f31b26de8,ok,0,0,467,29.621,38,210,405,439,341
184,18292.328511592,18292.32884164,,0,GPU-42e33043-7008-2803-9ba8-9bb9ef7d0845,ok,100,61,8930,310.822,77,1635,9501,6542,20654
184,18292.328511592,18292.328900821,,1,GPU-bff95c83-0adb-feb7-9825-359f31b26de8,ok,0,0,467,28.379,37,210,405,439,341
185,18293.328511592,18293.328841527,,0,GPU-42e33043-7008-2803-9ba8-9bb9ef7d0845,ok,100,58,8930,310.94,77,1620,9501,3076,18945
185,18293.328511592,18293.328911007,,1,GPU-bff95c83-0adb-feb7-9825-359f31b26de8,ok,0,0,467,28.122,37,210,405,439,341
186,18294.328511592,18294.328852604,,0,GPU-42e33043-7008-2803-9ba8-9bb9ef7d0845,ok,100,63,8930,310.21,77,1635,9501,6347,21630
186,18294.328511592,18294.328922114,,1,GPU-bff95c83-0adb-feb7-9825-359f31b26de8,ok,0,0,467,27.923,37,210,405,439,341
187,18295.328511592,18295.328852671,,0,GPU-42e33043-7008-2803-9ba8-9bb9ef7d0845,ok,100,66,8930,311.57,77,1635,9501,5517,23242
187,18295.328511592,18295.328925391,,1,GPU-bff95c83-0adb-feb7-9825-359f31b26de8,ok,0,0,467,28.162,37,210,405,439,341
188,18296.328511592,18296.328840728,,0,GPU-42e33043-7008-2803-9ba8-9bb9ef7d0845,ok,100,60,8930,311.328,77,1635,9501,6591,21533
188,18296.328511592,18296.328910838,,1,GPU-bff95c83-0adb-feb7-9825-359f31b26de8,ok,0,0,467,32.026,38,210,405,488,341
189,18297.328511592,18297.328843735,,0,GPU-42e33043-7008-2803-9ba8-9bb9ef7d0845,ok,100,58,8930,311.328,77,1605,9501,6640,18945
189,18297.328511592,18297.328915425,,1,GPU-bff95c83-0adb-feb7-9825-359f31b26de8,ok,0,0,467,40.155,38,210,405,439,341
190,18298.328511592,18298.328845372,,0,GPU-42e33043-7008-2803-9ba8-9bb9ef7d0845,ok,100,63,8930,311.247,77,1620,9501,6396,20751
190,18298.328511592,18298.328916752,,1,GPU-bff95c83-0adb-feb7-9825-359f31b26de8,ok,0,0,467,30.505,38,210,405,439,341
191,18299.328511592,18299.328862428,,0,GPU-42e33043-7008-2803-9ba8-9bb9ef7d0845,ok,100,66,8930,311.073,77,1620,9501,5517,22900
191,18299.328511592,18299.328905898,,1,GPU-bff95c83-0adb-feb7-9825-359f31b26de8,ok,0,0,467,28.839,38,210,405,439,341
192,18300.328511592,18300.328890585,,0,GPU-42e33043-7008-2803-9ba8-9bb9ef7d0845,ok,100,61,8930,310.557,77,1605,9501,4394,23095
192,18300.328511592,18300.328906635,,1,GPU-bff95c83-0adb-feb7-9825-359f31b26de8,ok,0,0,467,28.053,38,210,405,439,341
193,18301.328511592,18301.328848062,,0,GPU-42e33043-7008-2803-9ba8-9bb9ef7d0845,ok,100,58,8930,310.408,77,1605,9501,6884,19091
193,18301.328511592,18301.328916712,,1,GPU-bff95c83-0adb-feb7-9825-359f31b26de8,ok,0,0,467,28.156,37,210,405,439,341
194,18302.328511592,18302.328838049,,0,GPU-42e33043-7008-2803-9ba8-9bb9ef7d0845,ok,100,62,8930,310.746,77,1605,9501,9667,20458
194,18302.328511592,18302.328883559,,1,GPU-bff95c83-0adb-feb7-9825-359f31b26de8,ok,0,0,467,28.576,37,210,405,439,341
195,18303.328511592,18303.328852556,,0,GPU-42e33043-7008-2803-9ba8-9bb9ef7d0845,ok,100,66,8930,310.466,77,1620,9501,5517,23437
195,18303.328511592,18303.328917776,,1,GPU-bff95c83-0adb-feb7-9825-359f31b26de8,ok,0,0,467,30.843,38,210,405,439,341
196,18304.328511592,18304.328901213,,0,GPU-42e33043-7008-2803-9ba8-9bb9ef7d0845,ok,100,60,8930,310.26,77,1605,9501,6201,23437
196,18304.328511592,18304.328889563,,1,GPU-bff95c83-0adb-feb7-9825-359f31b26de8,ok,0,0,467,39.56,38,210,405,488,341
197,18305.328511592,18305.328853309,,0,GPU-42e33043-7008-2803-9ba8-9bb9ef7d0845,ok,100,58,8930,310.175,77,1605,9501,6738,19042
197,18305.328511592,18305.328912529,,1,GPU-bff95c83-0adb-feb7-9825-359f31b26de8,ok,0,0,467,30.049,38,210,405,488,341
198,18306.328511592,18306.328837626,,0,GPU-42e33043-7008-2803-9ba8-9bb9ef7d0845,ok,100,64,8930,310.229,77,1605,9501,6396,20800
198,18306.328511592,18306.328899576,,1,GPU-bff95c83-0adb-feb7-9825-359f31b26de8,ok,0,0,467,28.716,37,210,405,439,341
199,18307.328511592,18307.328852913,,0,GPU-42e33043-7008-2803-9ba8-9bb9ef7d0845,ok,100,66,8930,310.211,77,1605,9501,5566,24023
199,18307.328511592,18307.328924753,,1,GPU-bff95c83-0adb-feb7-9825-359f31b26de8,ok,0,0,467,28.477,37,210,405,488,292
200,18308.328511592,18308.32883999,,0,GPU-42e33043-7008-2803-9ba8-9bb9ef7d0845,ok,100,58,8930,309.888,77,1605,9501,6591,21289
200,18308.328511592,18308.32888545,,1,GPU-bff95c83-0adb-feb7-9825-359f31b26de8,ok,0,0,467,28.504,37,210,405,439,341
201,18309.328511592,18309.328882587,,0,GPU-42e33043-7008-2803-9ba8-9bb9ef7d0845,ok,100,59,8930,310.251,77,1605,9501,6884,19189
201,18309.328511592,18309.328925597,,1,GPU-bff95c83-0adb-feb7-9825-359f31b26de8,ok,0,0,467,28.629,37,210,405,439,341
202,18310.328511592,18310.328839764,,0,GPU-42e33043-7008-2803-9ba8-9bb9ef7d0845,ok,100,65,8930,310.049,77,1620,9501,5859,22900
202,18310.328511592,18310.328900974,,1,GPU-bff95c83-0adb-feb7-9825-359f31b26de8,ok,0,0,467,29.331,38,210,405,439,341
203,18311.328511592,18311.3288471,,0,GPU-42e33043-7008-2803-9ba8-9bb9ef7d0845,ok,100,61,8930,310.167,77,1590,9501,5859,23583
203,18311.328511592,18311.32889231,,1,GPU-bff95c83-0adb-feb7-9825-359f31b26de8,ok,0,0,467,39.799,38,210,405,439,341
204,18312.328511592,18312.328839967,,0,GPU-42e33043-7008-2803-9ba8-9bb9ef7d0845,ok,100,57,8930,310.154,77,1605,9501,6933,20019
204,18312.328511592,18312.328889807,,1,GPU-bff95c83-0adb-feb7-9825-359f31b26de8,ok,0,0,467,29.683,38,210,405,439,341
205,18313.328511592,18313.328856474,,0,GPU-42e33043-7008-2803-9ba8-9bb9ef7d0845,ok,100,62,8930,310.837,77,1605,9501,6835,18994
205,18313.328511592,18313.328903804,,1,GPU-bff95c83-0adb-feb7-9825-359f31b26de8,ok,0,0,467,28.563,37,210,405,439,341
206,18314.328511592,18314.329001491,,0,GPU-42e33043-7008-2803-9ba8-9bb9ef7d0845,ok,100,65,8930,310.993,77,1605,9501,5859,22314
206,18314.328511592,18314.328968211,,1,GPU-bff95c83-0adb-feb7-9825-359f31b26de8,ok,0,0,467,28.472,37,210,405,439,341
207,18315.328511592,18315.328869628,,0,GPU-42e33043-7008-2803-9ba8-9bb9ef7d0845,ok,100,61,8930,310.393,77,1590,9501,5761,23974
207,18315.328511592,18315.328928138,,1,GPU-bff95c83-0adb-feb7-9825-359f31b26de8,ok,0,0,467,28.384,37,210,405,488,341
208,18316.328511592,18316.328872115,,0,GPU-42e33043-7008-2803-9ba8-9bb9ef7d0845,ok,100,58,8930,311.069,77,1590,9501,6640,19824
208,18316.328511592,18316.328922065,,1,GPU-bff95c83-0adb-feb7-9825-359f31b26de8,ok,0,0,467,28.563,37,210,405,439,341
209,18317.328511592,18317.328853141,,0,GPU-42e33043-7008-2803-9ba8-9bb9ef7d0845,ok,100,62,8930,310.731,77,1590,9501,6738,19580
209,18317.328511592,18317.328916221,,1,GPU-bff95c83-0adb-feb7-9825-359f31b26de8,ok,0,0,467,28.544,37,210,405,439,341
210,18318.328511592,18318.328837608,,0,GPU-42e33043-7008-2803-9ba8-9bb9ef7d0845,ok,100,65,8930,310.192,77,1590,9501,5517,23437
210,18318.328511592,18318.328882378,,1,GPU-bff95c83-0adb-feb7-9825-359f31b26de8,ok,0,0,467,40.031,38,210,405,439,341
211,18319.328511592,18319.328860385,,0,GPU-42e33043-7008-2803-9ba8-9bb9ef7d0845,ok,100,58,8930,310.372,77,1590,9501,6054,23144
211,18319.328511592,18319.328917765,,1,GPU-bff95c83-0adb-feb7-9825-359f31b26de8,ok,0,0,467,30.476,38,210,405,439,341
212,18320.328511592,18320.328947272,,0,GPU-42e33043-7008-2803-9ba8-9bb9ef7d0845,ok,100,58,8930,310.489,77,1575,9501,6738,19726
212,18320.328511592,18320.328913512,,1,GPU-bff95c83-0adb-feb7-9825-359f31b26de8,ok,0,0,467,28.675,37,210,405,488,341
213,18321.328511592,18321.328850549,,0,GPU-42e33043-7008-2803-9ba8-9bb9ef7d0845,ok,100,64,8930,310.415,77,1590,9501,6542,19775
213,18321.328511592,18321.328923029,,1,GPU-bff95c83-0adb-feb7-9825-359f31b26de8,ok,0,0,467,27.934,37,210,405,439,341
214,18322.328511592,18322.328840626,,0,GPU-42e33043-7008-2803-9ba8-9bb9ef7d0845,ok,100,65,8930,310.217,77,1575,9501,5566,22949
214,18322.328511592,18322.328900446,,1,GPU-bff95c83-0adb-feb7-9825-359f31b26de8,ok,0,0,467,28.079,37,210,405,439,292
215,18323.328511592,18323.328849112,,0,GPU-42e33043-7008-2803-9ba8-9bb9ef7d0845,ok,100,58,8930,309.521,77,1575,9501,6445,22167
215,18323.328511592,18323.328908912,,1,GPU-bff95c83-0adb-feb7-9825-359f31b26de8,ok,0,0,467,28.197,37,210,405,439,341
216,18324.328511592,18324.328875889,,0,GPU-42e33043-7008-2803-9ba8-9bb9ef7d0845,ok,100,59,8930,310.249,77,1575,9501,6787,18945
216,18324.328511592,18324.328828029,,1,GPU-bff95c83-0adb-feb7-9825-359f31b26de8,ok,0,0,467,27.901,37,210,405,439,390
217,18325.328511592,18325.328856106,,0,GPU-42e33043-7008-2803-9ba8-9bb9ef7d0845,ok,100,66,8930,310.585,77,1605,9501,6201,21337
217,18325.328511592,18325.328900146,,1,GPU-bff95c83-0adb-feb7-9825-359f31b26de8,ok,0,0,467,33.152,38,210,405,439,341
218,18326.328511592,18326.328857053,,0,GPU-42e33043-7008-2803-9ba8-9bb9ef7d0845,ok,100,62,8930,311.58,77,1590,9501,5517,23388
218,18326.328511592,18326.328916133,,1,GPU-bff95c83-0adb-feb7-9825-359f31b26de8,ok,0,0,467,39.129,38,210,405,439,341
219,18327.328511592,18327.32885439,,0,GPU-42e33043-7008-2803-9ba8-9bb9ef7d0845,ok,100,58,8930,311.036,77,1590,9501,6640,20019
219,18327.328511592,18327.32891822,,1,GPU-bff95c83-0adb-feb7-9825-359f31b26de8,ok,0,0,467,29.717,38,210,405,488,341
220,18328.328511592,18328.328864197,,0,GPU-42e33043-7008-2803-9ba8-9bb9ef7d0845,ok,100,64,8930,310.707,77,1590,9501,6640,19482
220,18328.328511592,18328.328909787,,1,GPU-bff95c83-0adb-feb7-9825-359f31b26de8,ok,0,0,467,28.232,37,210,405,488,341
221,18329.328511592,18329.328863773,,0,GPU-42e33043-7008-2803-9ba8-9bb9ef7d0845,ok,100,64,8930,310.95,77,1590,9501,5566,23583
221,18329.328511592,18329.328908223,,1,GPU-bff95c83-0adb-feb7-9825-359f31b26de8,ok,0,0,467,27.925,37,210,405,439,341
222,18330.328511592,18330.32884619,,0,GPU-42e33043-7008-2803-9ba8-9bb9ef7d0845,ok,100,58,8930,310.863,77,1575,9501,6347,21533
222,18330.328511592,18330.32890678,,1,GPU-bff95c83-0adb-feb7-9825-359f31b26de8,ok,0,0,467,28.044,37,210,405,439,341
223,18331.328511592,18331.328845997,,0,GPU-42e33043-7008-2803-9ba8-9bb9ef7d0845,ok,100,62,8930,310.469,77,1575,9501,6835,18847
223,18331.328511592,18331.328910607,,1,GPU-bff95c83-0adb-feb7-9825-359f31b26de8,ok,0,0,467,28.163,37,210,405,439,341
224,18332.328511592,18332.328868554,,0,GPU-42e33043-7008-2803-9ba8-9bb9ef7d0845,ok,100,65,8930,310.821,77,1590,9501,5810,22998
224,18332.328511592,18332.328930174,,1,GPU-bff95c83-0adb-feb7-9825-359f31b26de8,ok,0,0,467,32.69,38,210,405,439,341
225,18333.328511592,18333.328858581,,0,GPU-42e33043-7008-2803-9ba8-9bb9ef7d0845,ok,100,58,8930,310.993,77,1575,9501,5859,23486
225,18333.328511592,18333.328924371,,1,GPU-bff95c83-0adb-feb7-9825-359f31b26de8,ok,0,0,467,39.612,38,210,405,439,341
226,18334.328511592,18334.328867198,,0,GPU-42e33043-7008-2803-9ba8-9bb9ef7d0845,ok,100,59,8930,311.228,77,1575,9501,6689,18847
226,18334.328511592,18334.328936398,,1,GPU-bff95c83-0adb-feb7-9825-359f31b26de8,ok,0,0,467,29.656,38,210,405,439,341
227,18335.328511592,18335.328878454,,0,GPU-42e33043-7008-2803-9ba8-9bb9ef7d0845,ok,100,66,8930,311.013,77,1605,9501,6347,20507
227,18335.328511592,18335.328947135,,1,GPU-bff95c83-0adb-feb7-9825-359f31b26de8,ok,0,0,467,28.258,37,210,405,439,341
228,18336.328511592,18336.328849471,,0,GPU-42e33043-7008-2803-9ba8-9bb9ef7d0845,ok,100,60,8930,311.009,77,1590,9501,5566,23388
228,18336.328511592,18336.328894251,,1,GPU-bff95c83-0adb-feb7-9825-359f31b26de8,ok,0,0,467,27.972,37,210,405,488,341
229,18337.328511592,18337.328866478,,0,GPU-42e33043-7008-2803-9ba8-9bb9ef7d0845,ok,100,58,8930,311.611,77,1590,9501,6640,21044
229,18337.328511592,18337.328926778,,1,GPU-bff95c83-0adb-feb7-9825-359f31b26de8,ok,0,0,467,28.154,37,210,405,439,341
230,18338.328511592,18338.328968665,,0,GPU-42e33043-7008-2803-9ba8-9bb9ef7d0845,ok,100,61,8930,311.117,77,1605,9501,6884,18945
230,18338.328511592,18338.328922865,,1,GPU-bff95c83-0adb-feb7-9825-359f31b26de8,ok,0,0,467,28.305,37,210,405,439,341
231,18339.328511592,18339.329014542,,0,GPU-42e33043-7008-2803-9ba8-9bb9ef7d0845,ok,100,59,8930,311.089,77,1590,9501,5566,23193
231,18339.328511592,18339.329033492,,1,GPU-bff95c83-0adb-feb7-9825-359f31b26de8,ok,0,0,467,31.626,38,210,405,439,341
232,18340.328511592,18340.328834249,,0,GPU-42e33043-7008-2803-9ba8-9bb9ef7d0845,ok,100,64,8930,311.171,78,1590,9501,6250,22412
232,18340.328511592,18340.328896059,,1,GPU-bff95c83-0adb-feb7-9825-359f31b26de8,ok,0,0,467,39.74,38,210,405,439,341
233,18341.328511592,18341.328860916,,0,GPU-42e33043-7008-2803-9ba8-9bb9ef7d0845,ok,100,63,8930,311.137,78,1575,9501,6738,18994
233,18341.328511592,18341.328910576,,1,GPU-bff95c83-0adb-feb7-9825-359f31b26de8,ok,0,0,467,30.583,38,210,405,439,341
234,18342.328511592,18342.328847082,,0,GPU-42e33043-7008-2803-9ba8-9bb9ef7d0845,ok,100,57,8930,310.435,77,1590,9501,5859,22314
234,18342.328511592,18342.328917022,,1,GPU-bff95c83-0adb-feb7-9825-359f31b26de8,ok,0,0,467,28.85,37,210,405,439,341
235,18343.328511592,18343.328843469,,0,GPU-42e33043-7008-2803-9ba8-9bb9ef7d0845,ok,100,64,8930,310.43,77,1605,9501,5712,23437
235,18343.328511592,18343.328906909,,1,GPU-bff95c83-0adb-feb7-9825-359f31b26de8,ok,0,0,467,28.046,37,210,405,439,341
236,18344.328511592,18344.328845216,,0,GPU-42e33043-7008-2803-9ba8-9bb9ef7d0845,ok,100,64,8930,311.448,77,1590,9501,6835,18798
236,18344.328511592,18344.328892516,,1,GPU-bff95c83-0adb-feb7-9825-359f31b26de8,ok,0,0,467,28.074,37,210,405,439,341
237,18345.328511592,18345.328838853,,0,GPU-42e33043-7008-2803-9ba8-9bb9ef7d0845,ok,100,57,8930,310.546,77,1575,9501,12988,20312
237,18345.328511592,18345.328901933,,1,GPU-bff95c83-0adb-feb7-9825-359f31b26de8,ok,0,0,467,28.341,37,210,405,439,341
238,18346.328511592,18346.32884855,,0,GPU-42e33043-7008-2803-9ba8-9bb9ef7d0845,ok,100,64,8930,310.04,77,1590,9501,5566,23974
238,18346.328511592,18346.32891356,,1,GPU-bff95c83-0adb-feb7-9825-359f31b26de8,ok,0,0,467,30.382,38,210,405,439,341
239,18347.328511592,18347.328852157,,0,GPU-42e33043-7008-2803-9ba8-9bb9ef7d0845,ok,100,64,8930,311.403,78,1590,9501,6787,20117
239,18347.328511592,18347.328898757,,1,GPU-bff95c83-0adb-feb7-9825-359f31b26de8,ok,0,0,467,39.113,38,210,405,488,341
240,18348.328511592,18348.328858043,,0,GPU-42e33043-7008-2803-9ba8-9bb9ef7d0845,ok,100,58,8930,311.322,78,1575,9501,6738,18798
240,18348.328511592,18348.328926983,,1,GPU-bff95c83-0adb-feb7-9825-359f31b26de8,ok,0,0,467,30.038,38,210,405,439,341
241,18349.328511592,18349.32886394,,0,GPU-42e33043-7008-2803-9ba8-9bb9ef7d0845,ok,100,61,8930,311.159,78,1605,9501,5517,23095
241,18349.328511592,18349.32893212,,1,GPU-bff95c83-0adb-feb7-9825-359f31b26de8,ok,0,0,467,28.455,37,210,405,439,341
242,18350.328511592,18350.328909547,,0,GPU-42e33043-7008-2803-9ba8-9bb9ef7d0845,ok,100,64,8930,312.019,78,1620,9501,6201,22656
242,18350.328511592,18350.328864827,,1,GPU-bff95c83-0adb-feb7-9825-359f31b26de8,ok,0,0,467,28.051,37,210,405,439,341
243,18351.328511592,18351.328861774,,0,GPU-42e33043-7008-2803-9ba8-9bb9ef7d0845,ok,100,61,8930,311.158,78,1590,9501,6835,18896
243,18351.328511592,18351.328929644,,1,GPU-bff95c83-0adb-feb7-9825-359f31b26de8,ok,0,0,467,28.102,37,210,405,439,341
244,18352.328511592,18352.328934611,,0,GPU-42e33043-7008-2803-9ba8-9bb9ef7d0845,ok,100,59,8930,311.326,78,1605,9501,6005,22119
244,18352.328511592,18352.328906571,,1,GPU-bff95c83-0adb-feb7-9825-359f31b26de8,ok,0,0,467,28.109,37,210,405,439,341
245,18353.328511592,18353.328862278,,0,GPU-42e33043-7008-2803-9ba8-9bb9ef7d0845,ok,100,64,8930,311.791,78,1620,9501,5761,23535
245,18353.328511592,18353.328911008,,1,GPU-bff95c83-0adb-feb7-9825-359f31b26de8,ok,0,0,467,28.748,38,210,405,439,292
246,18354.328511592,18354.328865674,,0,GPU-42e33043-7008-2803-9ba8-9bb9ef7d0845,ok,100,63,8930,311.895,78,1605,9501,6787,18750
246,18354.328511592,18354.328913014,,1,GPU-bff95c83-0adb-feb7-9825-359f31b26de8,ok,0,0,467,39.293,38,210,405,439,341
247,18355.328511592,18355.328867211,,0,GPU-42e33043-7008-2803-9ba8-9bb9ef7d0845,ok,100,58,8930,311.286,78,1590,9501,6103,21240
247,18355.328511592,18355.328911081,,1,GPU-bff95c83-0adb-feb7-9825-359f31b26de8,ok,0,0,467,29.599,38,210,405,439,341
248,18356.328511592,18356.328857048,,0,GPU-42e33043-7008-2803-9ba8-9bb9ef7d0845,ok,100,64,8930,311.275,78,1620,9501,5468,23339
248,18356.328511592,18356.328900808,,1,GPU-bff95c83-0adb-feb7-9825-359f31b26de8,ok,0,0,467,28.206,37,210,405,439,341
249,18357.328511592,18357.328861935,,0,GPU-42e33043-7008-2803-9ba8-9bb9ef7d0845,ok,100,64,8930,311.488,78,1605,9501,6689,19970
249,18357.328511592,18357.328933185,,1,GPU-bff95c83-0adb-feb7-9825-359f31b26de8,ok,0,0,467,27.861,37,210,405,439,341
250,18358.328511592,18358.328864112,,0,GPU-42e33043-7008-2803-9ba8-9bb9ef7d0845,ok,100,57,8930,311.387,78,1590,9501,6494,19775
250,18358.328511592,18358.328930492,,1,GPU-bff95c83-0adb-feb7-9825-359f31b26de8,ok,0,0,467,27.899,37,210,405,439,341
251,18359.328511592,18359.328868469,,0,GPU-42e33043-7008-2803-9ba8-9bb9ef7d0845,ok,100,64,8930,311.298,78,1605,9501,5468,23242
251,18359.328511592,18359.328914959,,1,GPU-bff95c83-0adb-feb7-9825-359f31b26de8,ok,0,0,467,28.145,37,210,405,439,341
252,18360.328511592,18360.328961775,,0,GPU-42e33043-7008-2803-9ba8-9bb9ef7d0845,ok,100,64,8930,312.197,78,1620,9501,6738,21484
252,18360.328511592,18360.328979565,,1,GPU-bff95c83-0adb-feb7-9825-359f31b26de8,ok,0,0,467,28.173,37,210,405,439,341
253,18361.328511592,18361.328851082,,0,GPU-42e33043-7008-2803-9ba8-9bb9ef7d0845,ok,100,57,8930,312.111,78,1605,9501,6787,19042
253,18361.328511592,18361.328911392,,1,GPU-bff95c83-0adb-feb7-9825-359f31b26de8,ok,0,0,467,39.649,38,210,405,488,341
254,18362.328511592,18362.328863829,,0,GPU-42e33043-7008-2803-9ba8-9bb9ef7d0845,ok,100,63,8930,311.976,78,1605,9501,5566,23388
254,18362.328511592,18362.328924019,,1,GPU-bff95c83-0adb-feb7-9825-359f31b26de8,ok,0,0,467,39.824,38,210,405,488,341
255,18363.328511592,18363.328858246,,0,GPU-42e33043-7008-2803-9ba8-9bb9ef7d0845,ok,100,64,8930,312.114,78,1620,9501,4687,22705
255,18363.328511592,18363.328922196,,1,GPU-bff95c83-0adb-feb7-9825-359f31b26de8,ok,0,0,467,29.341,37,210,405,439,341
256,18364.328511592,18364.328863913,,0,GPU-42e33043-7008-2803-9ba8-9bb9ef7d0845,ok,100,59,8930,311.655,78,1605,9501,6591,18896
256,18364.328511592,18364.328922203,,1,GPU-bff95c83-0adb-feb7-9825-359f31b26de8,ok,0,0,467,28.057,37,210,405,439,341
257,18365.328511592,18365.32891162,,0,GPU-42e33043-7008-2803-9ba8-9bb9ef7d0845,ok,100,60,8930,312.198,78,1605,9501,6152,20751
257,18365.328511592,18365.32894853,,1,GPU-bff95c83-0adb-feb7-9825-359f31b26de8,ok,0,0,467,27.953,37,210,405,439,390
258,18366.328511592,18366.328876306,,0,GPU-42e33043-7008-2803-9ba8-9bb9ef7d0845,ok,100,64,8930,312.046,78,1620,9501,5517,23535
258,18366.328511592,18366.328938456,,1,GPU-bff95c83-0adb-feb7-9825-359f31b26de8,ok,0,0,467,28.036,37,210,405,439,341
259,18367.328511592,18367.328903383,,0,GPU-42e33043-7008-2803-9ba8-9bb9ef7d0845,ok,100,63,8930,312.217,78,1605,9501,6689,20800
259,18367.328511592,18367.328942673,,1,GPU-bff95c83-0adb-feb7-9825-359f31b26de8,ok,0,0,467,28.138,37,210,405,439,341
260,18368.328511592,18368.32890856,,0,GPU-42e33043-7008-2803-9ba8-9bb9ef7d0845,ok,100,57,8930,311.926,78,1605,9501,6787,18798
260,18368.328511592,18368.32894379,,1,GPU-bff95c83-0adb-feb7-9825-359f31b26de8,ok,0,0,467,33.245,38,210,405,439,341
261,18369.328511592,18369.328866817,,0,GPU-42e33043-7008-2803-9ba8-9bb9ef7d0845,ok,100,64,8930,312.162,78,1620,9501,5810,22119
261,18369.328511592,18369.328939427,,1,GPU-bff95c83-0adb-feb7-9825-359f31b26de8,ok,0,0,467,39.813,38,210,405,439,341
262,18370.328511592,18370.328859994,,0,GPU-42e33043-7008-2803-9ba8-9bb9ef7d0845,ok,100,64,8930,312.348,78,1605,9501,5273,23632
262,18370.328511592,18370.328921504,,1,GPU-bff95c83-0adb-feb7-9825-359f31b26de8,ok,0,0,467,30.128,38,210,405,439,341
263,18371.328511592,18371.328880021,,0,GPU-42e33043-7008-2803-9ba8-9bb9ef7d0845,ok,100,59,8930,312.61,78,1605,9501,6689,18896
263,18371.328511592,18371.328927821,,1,GPU-bff95c83-0adb-feb7-9825-359f31b26de8,ok,0,0,467,28.587,37,210,405,439,341
264,18372.328511592,18372.328877737,,0,GPU-42e33043-7008-2803-9ba8-9bb9ef7d0845,ok,100,61,8930,311.746,78,1605,9501,6542,19775
264,18372.328511592,18372.328928107,,1,GPU-bff95c83-0adb-feb7-9825-359f31b26de8,ok,0,0,467,27.998,37,210,405,439,341
265,18373.328511592,18373.328974704,,0,GPU-42e33043-7008-2803-9ba8-9bb9ef7d0845,ok,100,64,8930,312.118,78,1605,9501,5566,23193
265,18373.328511592,18373.328954464,,1,GPU-bff95c83-0adb-feb7-9825-359f31b26de8,ok,0,0,467,27.912,37,210,405,439,341
266,18374.328511592,18374.328900711,,0,GPU-42e33043-7008-2803-9ba8-9bb9ef7d0845,ok,100,62,8930,311.457,77,1605,9501,6591,21630
266,18374.328511592,18374.328979671,,1,GPU-bff95c83-0adb-feb7-9825-359f31b26de8,ok,0,0,467,28.205,37,210,405,439,341
267,18375.328511592,18375.328916058,,0,GPU-42e33043-7008-2803-9ba8-9bb9ef7d0845,ok,100,58,8930,312.125,78,1590,9501,6884,18896
267,18375.328511592,18375.328985378,,1,GPU-bff95c83-0adb-feb7-9825-359f31b26de8,ok,0,0,467,32.267,38,210,405,439,341
268,18376.328511592,18376.328861235,,0,GPU-42e33043-7008-2803-9ba8-9bb9ef7d0845,ok,100,64,8930,311.91,78,1620,9501,5566,23535
268,18376.328511592,18376.328903965,,1,GPU-bff95c83-0adb-feb7-9825-359f31b26de8,ok,0,0,467,39.248,38,210,405,439,341
269,18377.328511592,18377.328860782,,0,GPU-42e33043-7008-2803-9ba8-9bb9ef7d0845,ok,100,64,8930,312.346,78,1605,9501,4931,23925
269,18377.328511592,18377.328906572,,1,GPU-bff95c83-0adb-feb7-9825-359f31b26de8,ok,0,0,467,29.716,38,210,405,439,341
270,18378.328511592,18378.328859768,,0,GPU-42e33043-7008-2803-9ba8-9bb9ef7d0845,ok,100,57,8930,312.514,78,1590,9501,6738,18847
270,18378.328511592,18378.328920799,,1,GPU-bff95c83-0adb-feb7-9825-359f31b26de8,ok,0,0,467,28.369,37,210,405,439,341
271,18379.328511592,18379.328866005,,0,GPU-42e33043-7008-2803-9ba8-9bb9ef7d0845,ok,100,62,8930,311.943,77,1590,9501,6445,20263
271,18379.328511592,18379.328926555,,1,GPU-bff95c83-0adb-feb7-9825-359f31b26de8,ok,0,0,467,28.107,37,210,405,439,341
272,18380.328511592,18380.328988302,,0,GPU-42e33043-7008-2803-9ba8-9bb9ef7d0845,ok,100,64,8930,311.742,77,1590,9501,5517,22900
272,18380.328511592,18380.329024792,,1,GPU-bff95c83-0adb-feb7-9825-359f31b26de8,ok,0,0,467,28.193,37,210,405,439,341
273,18381.328511592,18381.328859679,,0,GPU-42e33043-7008-2803-9ba8-9bb9ef7d0845,ok,100,60,8930,311.27,77,1590,9501,6542,21679
273,18381.328511592,18381.328908199,,1,GPU-bff95c83-0adb-feb7-9825-359f31b26de8,ok,0,0,467,28.219,37,210,405,439,341
274,18382.328511592,18382.328862946,,0,GPU-42e33043-7008-2803-9ba8-9bb9ef7d0845,ok,100,59,8930,311.461,77,1590,9501,6738,18994
274,18382.328511592,18382.328932786,,1,GPU-bff95c83-0adb-feb7-9825-359f31b26de8,ok,0,0,467,31.533,38,210,405,439,341
275,18383.328511592,18383.328859563,,0,GPU-42e33043-7008-2803-9ba8-9bb9ef7d0845,ok,100,64,8930,311.56,77,1605,9501,5517,23339
275,18383.328511592,18383.328929703,,1,GPU-bff95c83-0adb-feb7-9825-359f31b26de8,ok,0,0,467,39.743,38,210,405,439,341
276,18384.328511592,18384.328865319,,0,GPU-42e33043-7008-2803-9ba8-9bb9ef7d0845,ok,100,62,8930,311.737,77,1590,9501,4687,23486
276,18384.328511592,18384.32892636,,1,GPU-bff95c83-0adb-feb7-9825-359f31b26de8,ok,0,0,467,29.608,38,210,405,439,341
277,18385.328511592,18385.329032346,,0,GPU-42e33043-7008-2803-9ba8-9bb9ef7d0845,ok,100,58,8930,311.809,77,1590,9501,6835,18847
277,18385.328511592,18385.329002636,,1,GPU-bff95c83-0adb-feb7-9825-359f31b26de8,ok,0,0,467,28.283,37,210,405,439,341
278,18386.328511592,18386.328845663,,0,GPU-42e33043-7008-2803-9ba8-9bb9ef7d0845,ok,100,64,8930,312.415,77,1620,9501,6298,20605
278,18386.328511592,18386.328940513,,1,GPU-bff95c83-0adb-feb7-9825-359f31b26de8,ok,0,0,467,28.055,37,210,405,439,341
279,18387.328511592,18387.32884971,,0,GPU-42e33043-7008-2803-9ba8-9bb9ef7d0845,ok,100,64,8930,312.354,77,1620,9501,5566,22998
279,18387.328511592,18387.32892681,,1,GPU-bff95c83-0adb-feb7-9825-359f31b26de8,ok,0,0,467,28.147,37,210,405,439,341
280,18388.328511592,18388.328848347,,0,GPU-42e33043-7008-2803-9ba8-9bb9ef7d0845,ok,100,59,8930,312.506,77,1605,9501,6445,26855
280,18388.328511592,18388.328911887,,1,GPU-bff95c83-0adb-feb7-9825-359f31b26de8,ok,0,0,467,28.245,37,210,405,439,341
281,18389.328511592,18389.328848974,,0,GPU-42e33043-7008-2803-9ba8-9bb9ef7d0845,ok,100,61,8930,312.1,77,1605,9501,6787,18798
281,18389.328511592,18389.328914704,,1,GPU-bff95c83-0adb-feb7-9825-359f31b26de8,ok,0,0,467,30.335,38,210,405,439,341
282,18390.328511592,18390.328872001,,0,GPU-42e33043-7008-2803-9ba8-9bb9ef7d0845,ok,100,64,8930,311.644,77,1605,9501,5664,22802
282,18390.328511592,18390.328963711,,1,GPU-bff95c83-0adb-feb7-9825-359f31b26de8,ok,0,0,467,39.997,38,210,405,439,292
283,18391.328511592,18391.328864047,,0,GPU-42e33043-7008-2803-9ba8-9bb9ef7d0845,ok,100,61,8930,311.453,77,1605,9501,4882,24121
283,18391.328511592,18391.328937347,,1,GPU-bff95c83-0adb-feb7-9825-359f31b26de8,ok,0,0,467,30.423,38,210,405,439,341
284,18392.328511592,18392.328842764,,0,GPU-42e33043-7008-2803-9ba8-9bb9ef7d0845,ok,100,58,8930,311.923,77,1605,9501,6835,19042
284,18392.328511592,18392.328916454,,1,GPU-bff95c83-0adb-feb7-9825-359f31b26de8,ok,0,0,467,28.726,37,210,405,439,341
285,18393.328511592,18393.328849981,,0,GPU-42e33043-7008-2803-9ba8-9bb9ef7d0845,ok,100,64,8930,311.892,77,1605,9501,6201,20751
285,18393.328511592,18393.328931651,,1,GPU-bff95c83-0adb-feb7-9825-359f31b26de8,ok,0,0,467,28.002,37,210,405,439,341
286,18394.328511592,18394.328839958,,0,GPU-42e33043-7008-2803-9ba8-9bb9ef7d0845,ok,100,64,8930,311.648,77,1605,9501,5566,23437
286,18394.328511592,18394.328917248,,1,GPU-bff95c83-0adb-feb7-9825-359f31b26de8,ok,0,0,467,27.949,37,210,405,488,341
287,18395.328511592,18395.328966315,,0,GPU-42e33043-7008-2803-9ba8-9bb9ef7d0845,ok,100,57,8930,311.923,77,1620,9501,6884,20312
287,18395.328511592,18395.328987975,,1,GPU-bff95c83-0adb-feb7-9825-359f31b26de8,ok,0,0,467,28.189,37,210,405,439,341
288,18396.328511592,18396.328926672,,0,GPU-42e33043-7008-2803-9ba8-9bb9ef7d0845,ok,100,64,8930,312.015,77,1605,9501,6835,19140
288,18396.328511592,18396.328979062,,1,GPU-bff95c83-0adb-feb7-9825-359f31b26de8,ok,0,0,467,29.704,38,210,405,488,341
289,18397.328511592,18397.328852048,,0,GPU-42e33043-7008-2803-9ba8-9bb9ef7d0845,ok,100,64,8930,312.113,77,1605,9501,5517,23095
289,18397.328511592,18397.328940018,,1,GPU-bff95c83-0adb-feb7-9825-359f31b26de8,ok,0,0,467,39.392,38,210,405,439,341
290,18398.328511592,18398.328841495,,0,GPU-42e33043-7008-2803-9ba8-9bb9ef7d0845,ok,100,58,8930,311.898,77,1605,9501,3906,22167
290,18398.328511592,18398.328903515,,1,GPU-bff95c83-0adb-feb7-9825-359f31b26de8,ok,0,0,467,30.435,38,210,405,439,341
291,18399.328511592,18399.328843522,,0,GPU-42e33043-7008-2803-9ba8-9bb9ef7d0845,ok,100,62,8930,311.809,77,1605,9501,6640,18798
291,18399.328511592,18399.328907152,,1,GPU-bff95c83-0adb-feb7-9825-359f31b26de8,ok,0,0,467,28.977,37,210,405,488,341
292,18400.328511592,18400.328843999,,0,GPU-42e33043-7008-2803-9ba8-9bb9ef7d0845,ok,100,64,8930,311.372,77,1605,9501,5859,22656
292,18400.328511592,18400.328903739,,1,GPU-bff95c83-0adb-feb7-9825-359f31b26de8,ok,0,0,467,28.698,37,210,405,439,341
293,18401.328511592,18401.328841316,,0,GPU-42e33043-7008-2803-9ba8-9bb9ef7d0845,ok,100,60,8930,311.62,77,1605,9501,5761,23535
293,18401.328511592,18401.328885896,,1,GPU-bff95c83-0adb-feb7-9825-359f31b26de8,ok,0,0,467,28.801,37,210,405,439,341
294,18402.328511592,18402.328841423,,0,GPU-42e33043-7008-2803-9ba8-9bb9ef7d0845,ok,100,60,8930,312.013,77,1605,9501,6689,18896
294,18402.328511592,18402.328911283,,1,GPU-bff95c83-0adb-feb7-9825-359f31b26de8,ok,0,0,467,28.812,37,210,405,439,341
295,18403.328511592,18403.328845609,,0,GPU-42e33043-7008-2803-9ba8-9bb9ef7d0845,ok,100,64,8930,312.089,77,1605,9501,6347,20117
295,18403.328511592,18403.328894039,,1,GPU-bff95c83-0adb-feb7-9825-359f31b26de8,ok,0,0,467,28.466,37,210,405,488,341
296,18404.328511592,18404.328845066,,0,GPU-42e33043-7008-2803-9ba8-9bb9ef7d0845,ok,100,63,8930,311.323,77,1605,9501,5566,22656
296,18404.328511592,18404.328893906,,1,GPU-bff95c83-0adb-feb7-9825-359f31b26de8,ok,0,0,467,39.704,38,210,405,439,390
297,18405.328511592,18405.328890883,,0,GPU-42e33043-7008-2803-9ba8-9bb9ef7d0845,ok,100,57,8930,311.707,77,1620,9501,3564,21044
297,18405.328511592,18405.329705783,,1,GPU-bff95c83-0adb-feb7-9825-359f31b26de8,ok,0,0,467,29.827,38,210,405,439,292
298,18406.328511592,18406.32892147,,0,GPU-42e33043-7008-2803-9ba8-9bb9ef7d0845,ok,100,64,8930,312.166,77,1590,9501,6738,18847
298,18406.328511592,18406.32902396,,1,GPU-bff95c83-0adb-feb7-9825-359f31b26de8,ok,0,0,467,28.617,38,210,405,439,341
299,18407.328511592,18407.328844517,,0,GPU-42e33043-7008-2803-9ba8-9bb9ef7d0845,ok,100,64,8930,311.724,77,1605,9501,5566,23437
299,18407.328511592,18407.328894727,,1,GPU-bff95c83-0adb-feb7-9825-359f31b26de8,ok,0,0,467,28.385,37,210,405,439,341
300,18408.328511592,18408.328834884,,0,GPU-42e33043-7008-2803-9ba8-9bb9ef7d0845,ok,100,58,8930,311.363,77,1620,9501,6005,23535
300,18408.328511592,18408.328880884,,1,GPU-bff95c83-0adb-feb7-9825-359f31b26de8,ok,0,0,467,28.282,37,210,405,439,341
301,18409.328511592,18409.3288539,,0,GPU-42e33043-7008-2803-9ba8-9bb9ef7d0845,ok,100,62,8930,311.713,77,1605,9501,6884,18896
301,18409.328511592,18409.32892092,,1,GPU-bff95c83-0adb-feb7-9825-359f31b26de8,ok,0,0,467,28.398,37,210,405,439,341
302,18410.328511592,18410.328858167,,0,GPU-42e33043-7008-2803-9ba8-9bb9ef7d0845,ok,100,64,8930,311.842,77,1590,9501,6298,20556
302,18410.328511592,18410.328919877,,1,GPU-bff95c83-0adb-feb7-9825-359f31b26de8,ok,0,0,467,28.455,37,210,405,439,341
303,18411.328511592,18411.328848634,,0,GPU-42e33043-7008-2803-9ba8-9bb9ef7d0845,ok,100,62,8930,311.42,77,1605,9501,5517,23193
303,18411.328511592,18411.328895614,,1,GPU-bff95c83-0adb-feb7-9825-359f31b26de8,ok,0,0,467,34.205,38,210,405,439,341
304,18412.328511592,18412.328849351,,0,GPU-42e33043-7008-2803-9ba8-9bb9ef7d0845,ok,100,58,8930,311.97,77,1620,9501,3662,21435
304,18412.328511592,18412.328910201,,1,GPU-bff95c83-0adb-feb7-9825-359f31b26de8,ok,0,0,467,40.25,38,210,405,488,341
305,18413.328511592,18413.328851538,,0,GPU-42e33043-7008-2803-9ba8-9bb9ef7d0845,ok,100,64,8930,312.675,77,1590,9501,6884,18798
305,18413.328511592,18413.328913218,,1,GPU-bff95c83-0adb-feb7-9825-359f31b26de8,ok,0,0,467,29.737,38,210,405,439,390
306,18414.328511592,18414.328840855,,0,GPU-42e33043-7008-2803-9ba8-9bb9ef7d0845,ok,100,64,8930,312.395,77,1605,9501,5957,22265
306,18414.328511592,18414.328885065,,1,GPU-bff95c83-0adb-feb7-9825-359f31b26de8,ok,0,0,467,28.393,37,210,405,439,341
307,18415.328511592,18415.328845831,,0,GPU-42e33043-7008-2803-9ba8-9bb9ef7d0845,ok,100,58,8930,312.341,77,1620,9501,5517,23681
307,18415.328511592,18415.328899381,,1,GPU-bff95c83-0adb-feb7-9825-359f31b26de8,ok,0,0,467,28.163,37,210,405,439,341
308,18416.328511592,18416.328837808,,0,GPU-42e33043-7008-2803-9ba8-9bb9ef7d0845,ok,100,61,8930,312.373,77,1605,9501,6738,19677
308,18416.328511592,18416.328911028,,1,GPU-bff95c83-0adb-feb7-9825-359f31b26de8,ok,0,0,467,28.239,37,210,405,439,341
309,18417.328511592,18417.328844225,,0,GPU-42e33043-7008-2803-9ba8-9bb9ef7d0845,ok,100,64,8930,312.482,77,1590,9501,6689,19287
309,18417.328511592,18417.328905395,,1,GPU-bff95c83-0adb-feb7-9825-359f31b26de8,ok,0,0,467,28.471,37,210,405,439,341
310,18418.328511592,18418.328839792,,0,GPU-42e33043-7008-2803-9ba8-9bb9ef7d0845,ok,100,62,8930,311.516,77,1605,9501,5517,23095
310,18418.328511592,18418.328900782,,1,GPU-bff95c83-0adb-feb7-9825-359f31b26de8,ok,0,0,467,33.316,38,210,405,439,341
311,18419.328511592,18419.328848739,,0,GPU-42e33043-7008-2803-9ba8-9bb9ef7d0845,ok,100,57,8930,311.923,77,1620,9501,4492,22900
311,18419.328511592,18419.328918679,,1,GPU-bff95c83-0adb-feb7-9825-359f31b26de8,ok,0,0,467,40.23,38,210,405,439,341
312,18420.328511592,18420.328869846,,0,GPU-42e33043-7008-2803-9ba8-9bb9ef7d0845,ok,100,64,8930,311.519,77,1605,9501,6835,19091
312,18420.328511592,18420.328822876,,1,GPU-bff95c83-0adb-feb7-9825-359f31b26de8,ok,0,0,467,30.355,38,210,405,439,341
313,18421.328511592,18421.328826582,,0,GPU-42e33043-7008-2803-9ba8-9bb9ef7d0845,ok,100,64,8930,311.851,77,1605,9501,6250,21582
313,18421.328511592,18421.328875032,,1,GPU-bff95c83-0adb-feb7-9825-359f31b26de8,ok,0,0,467,28.779,37,210,405,439,341
314,18422.328511592,18422.328841419,,0,GPU-42e33043-7008-2803-9ba8-9bb9ef7d0845,ok,100,58,8930,311.515,77,1620,9501,5468,23437
314,18422.328511592,18422.328910289,,1,GPU-bff95c83-0adb-feb7-9825-359f31b26de8,ok,0,0,467,28.173,37,210,405,439,341
315,18423.328511592,18423.328843976,,0,GPU-42e33043-7008-2803-9ba8-9bb9ef7d0845,ok,100,62,8930,311.175,77,1605,9501,6787,20751
315,18423.328511592,18423.328909526,,1,GPU-bff95c83-0adb-feb7-9825-359f31b26de8,ok,0,0,467,28.076,37,210,405,439,292
316,18424.328511592,18424.328842073,,0,GPU-42e33043-7008-2803-9ba8-9bb9ef7d0845,ok,100,64,8930,311.547,77,1605,9501,6884,18896
316,18424.328511592,18424.328902653,,1,GPU-bff95c83-0adb-feb7-9825-359f31b26de8,ok,0,0,467,28.303,37,210,405,439,292
317,18425.328511592,18425.32885194,,0,GPU-42e33043-7008-2803-9ba8-9bb9ef7d0845,ok,100,62,8930,311.926,77,1620,9501,5712,23144
317,18425.328511592,18425.32891612,,1,GPU-bff95c83-0adb-feb7-9825-359f31b26de8,ok,0,0,467,32.066,38,210,405,488,341
318,18426.328511592,18426.328896527,,0,GPU-42e33043-7008-2803-9ba8-9bb9ef7d0845,ok,100,57,8930,312.554,77,1620,9501,5224,23095
318,18426.328511592,18426.328966627,,1,GPU-bff95c83-0adb-feb7-9825-359f31b26de8,ok,0,0,467,39.514,38,210,405,488,341
319,18427.328511592,18427.328845053,,0,GPU-42e33043-7008-2803-9ba8-9bb9ef7d0845,ok,100,64,8930,312.035,77,1605,9501,6884,19531
319,18427.328511592,18427.328904564,,1,GPU-bff95c83-0adb-feb7-9825-359f31b26de8,ok,0,0,467,29.919,38,210,405,439,341
320,18428.328511592,18428.32884853,,0,GPU-42e33043-7008-2803-9ba8-9bb9ef7d0845,ok,100,64,8930,312.178,77,1605,9501,6982,18994
320,18428.328511592,18428.3288944,,1,GPU-bff95c83-0adb-feb7-9825-359f31b26de8,ok,0,0,467,28.421,37,210,405,439,341
321,18429.328511592,18429.328858007,,0,GPU-42e33043-7008-2803-9ba8-9bb9ef7d0845,ok,100,60,8930,312.124,76,1620,9501,5664,23291
321,18429.328511592,18429.328923807,,1,GPU-bff95c83-0adb-feb7-9825-359f31b26de8,ok,0,0,467,27.953,37,210,405,439,341
322,18430.328511592,18430.328848044,,0,GPU-42e33043-7008-2803-9ba8-9bb9ef7d0845,ok,100,59,8930,312.154,76,1605,9501,6103,23730
322,18430.328511592,18430.328913324,,1,GPU-bff95c83-0adb-feb7-9825-359f31b26de8,ok,0,0,467,27.948,37,210,405,439,292
323,18431.328511592,18431.328833871,,0,GPU-42e33043-7008-2803-9ba8-9bb9ef7d0845,ok,100,64,8930,312.386,76,1605,9501,6738,24414
323,18431.328511592,18431.328882071,,1,GPU-bff95c83-0adb-feb7-9825-359f31b26de8,ok,0,0,467,28.38,37,210,405,488,341
324,18432.328511592,18432.328844728,,0,GPU-42e33043-7008-2803-9ba8-9bb9ef7d0845,ok,100,64,8930,311.85,76,1605,9501,6445,20166
324,18432.328511592,18432.328890888,,1,GPU-bff95c83-0adb-feb7-9825-359f31b26de8,ok,0,0,467,31.265,38,210,405,439,341
325,18433.328511592,18433.328843104,,0,GPU-42e33043-7008-2803-9ba8-9bb9ef7d0845,ok,100,58,8930,313.053,76,1620,9501,5517,23730
325,18433.328511592,18433.328903985,,1,GPU-bff95c83-0adb-feb7-9825-359f31b26de8,ok,0,0,467,40.032,38,210,405,488,341
326,18434.328511592,18434.328846481,,0,GPU-42e33043-7008-2803-9ba8-9bb9ef7d0845,ok,100,61,8930,312.481,76,1605,9501,6250,22656
326,18434.328511592,18434.328908871,,1,GPU-bff95c83-0adb-feb7-9825-359f31b26de8,ok,0,0,467,29.688,38,210,405,439,341
327,18435.328511592,18435.328842418,,0,GPU-42e33043-7008-2803-9ba8-9bb9ef7d0845,ok,100,64,8930,312.606,76,1605,9501,6640,18896
327,18435.328511592,18435.328887728,,1,GPU-bff95c83-0adb-feb7-9825-359f31b26de8,ok,0,0,467,28.359,37,210,405,439,341
328,18436.328511592,18436.328856865,,0,GPU-42e33043-7008-2803-9ba8-9bb9ef7d0845,ok,100,64,8930,312.219,76,1605,9501,6494,20117
328,18436.328511592,18436.328901615,,1,GPU-bff95c83-0adb-feb7-9825-359f31b26de8,ok,0,0,467,28.174,37,210,405,439,341
329,18437.328511592,18437.328848472,,0,GPU-42e33043-7008-2803-9ba8-9bb9ef7d0845,ok,100,57,8930,312.25,76,1620,9501,5615,23388
329,18437.328511592,18437.328913842,,1,GPU-bff95c83-0adb-feb7-9825-359f31b26de8,ok,0,0,467,28.2,37,210,405,439,341
330,18438.328511592,18438.328841649,,0,GPU-42e33043-7008-2803-9ba8-9bb9ef7d0845,ok,100,61,8930,312.255,76,1605,9501,5957,23486
330,18438.328511592,18438.328901119,,1,GPU-bff95c83-0adb-feb7-9825-359f31b26de8,ok,0,0,467,28.386,37,210,405,439,341
331,18439.328511592,18439.328846936,,0,GPU-42e33043-7008-2803-9ba8-9bb9ef7d0845,ok,100,64,8930,312.564,76,1620,9501,6787,19335
331,18439.328511592,18439.328911246,,1,GPU-bff95c83-0adb-feb7-9825-359f31b26de8,ok,0,0,467,29.712,38,210,405,537,341
332,18440.328511592,18440.328842472,,0,GPU-42e33043-7008-2803-9ba8-9bb9ef7d0845,ok,100,64,8930,312.417,76,1605,9501,6591,19238
332,18440.328511592,18440.328899492,,1,GPU-bff95c83-0adb-feb7-9825-359f31b26de8,ok,0,0,467,40.053,38,210,405,439,341
333,18441.328511592,18441.328944909,,0,GPU-42e33043-7008-2803-9ba8-9bb9ef7d0845,ok,100,57,8930,312.258,76,1620,9501,5517,23339
333,18441.328511592,18441.328913449,,1,GPU-bff95c83-0adb-feb7-9825-359f31b26de8,ok,0,0,467,30.561,38,210,405,439,341
334,18442.328511592,18442.328845916,,0,GPU-42e33043-7008-2803-9ba8-9bb9ef7d0845,ok,100,62,8930,311.32,76,1620,9501,6152,23046
334,18442.328511592,18442.328906666,,1,GPU-bff95c83-0adb-feb7-9825-359f31b26de8,ok,0,0,467,28.924,37,210,405,439,341
335,18443.328511592,18443.328843283,,0,GPU-42e33043-7008-2803-9ba8-9bb9ef7d0845,ok,100,64,8930,311.443,76,1620,9501,6787,18994
335,18443.328511592,18443.328915493,,1,GPU-bff95c83-0adb-feb7-9825-359f31b26de8,ok,0,0,467,28.245,37,210,405,439,341
336,18444.328511592,18444.32884225,,0,GPU-42e33043-7008-2803-9ba8-9bb9ef7d0845,ok,100,62,8930,311.097,76,1605,9501,6494,20019
336,18444.328511592,18444.32890504,,1,GPU-bff95c83-0adb-feb7-9825-359f31b26de8,ok,0,0,467,28.292,37,210,405,439,341
337,18445.328511592,18445.328857557,,0,GPU-42e33043-7008-2803-9ba8-9bb9ef7d0845,ok,100,57,8930,311.52,76,1605,9501,5566,22900
337,18445.328511592,18445.328922467,,1,GPU-bff95c83-0adb-feb7-9825-359f31b26de8,ok,0,0,467,28.518,37,210,405,439,341
338,18446.328511592,18446.328884013,,0,GPU-42e33043-7008-2803-9ba8-9bb9ef7d0845,ok,100,64,8930,311.538,76,1620,9501,6298,22216
338,18446.328511592,18446.328894713,,1,GPU-bff95c83-0adb-feb7-9825-359f31b26de8,ok,0,0,467,28.327,37,210,405,439,341
339,18447.328511592,18447.32884034,,0,GPU-42e33043-7008-2803-9ba8-9bb9ef7d0845,ok,100,64,8930,311.793,76,1620,9501,6542,18896
339,18447.328511592,18447.3289003,,1,GPU-bff95c83-0adb-feb7-9825-359f31b26de8,ok,0,0,467,39.537,38,210,405,439,341
340,18448.328511592,18448.328843207,,0,GPU-42e33043-7008-2803-9ba8-9bb9ef7d0845,ok,100,60,8930,312.341,76,1605,9501,6250,20556
340,18448.328511592,18448.328889177,,1,GPU-bff95c83-0adb-feb7-9825-359f31b26de8,ok,0,0,467,30.407,38,210,405,439,341
341,18449.328511592,18449.328851424,,0,GPU-42e33043-7008-2803-9ba8-9bb9ef7d0845,ok,100,59,8930,312.035,76,1605,9501,5566,23779
341,18449.328511592,18449.328898574,,1,GPU-bff95c83-0adb-feb7-9825-359f31b26de8,ok,0,0,467,29.07,38,210,405,439,341
342,18450.328511592,18450.328845361,,0,GPU-42e33043-7008-2803-9ba8-9bb9ef7d0845,ok,100,64,8930,312.711,76,1635,9501,6250,22558
342,18450.328511592,18450.328895251,,1,GPU-bff95c83-0adb-feb7-9825-359f31b26de8,ok,0,0,467,28.841,37,210,405,439,341
343,18451.328511592,18451.328916088,,0,GPU-42e33043-7008-2803-9ba8-9bb9ef7d0845,ok,100,64,8930,312.607,76,1620,9501,6787,18945
343,18451.328511592,18451.329430268,,1,GPU-bff95c83-0adb-feb7-9825-359f31b26de8,ok,0,0,467,28.78,37,210,405,439,341
344,18452.328511592,18452.328929234,,0,GPU-42e33043-7008-2803-9ba8-9bb9ef7d0845,ok,100,61,8930,311.997,76,1605,9501,6542,19726
344,18452.328511592,18452.328988214,,1,GPU-bff95c83-0adb-feb7-9825-359f31b26de8,ok,0,0,467,28.77,37,210,405,488,341
345,18453.328511592,18453.328851951,,0,GPU-42e33043-7008-2803-9ba8-9bb9ef7d0845,ok,100,58,8930,312.457,76,1590,9501,5566,23144
345,18453.328511592,18453.328913341,,1,GPU-bff95c83-0adb-feb7-9825-359f31b26de8,ok,0,0,467,28.561,37,210,405,439,341
346,18454.328511592,18454.328847368,,0,GPU-42e33043-7008-2803-9ba8-9bb9ef7d0845,ok,100,64,8930,312.095,76,1620,9501,6054,23486
346,18454.328511592,18454.328913858,,1,GPU-bff95c83-0adb-feb7-9825-359f31b26de8,ok,0,0,467,33.951,38,210,405,439,341
347,18455.328511592,18455.328842215,,0,GPU-42e33043-7008-2803-9ba8-9bb9ef7d0845,ok,100,64,8930,312.732,76,1620,9501,6738,19335
347,18455.328511592,18455.328909105,,1,GPU-bff95c83-0adb-feb7-9825-359f31b26de8,ok,0,0,467,39.984,38,210,405,488,341
348,18456.328511592,18456.329012002,,0,GPU-42e33043-7008-2803-9ba8-9bb9ef7d0845,ok,100,62,8930,312.306,76,1605,9501,6689,18847
348,18456.328511592,18456.329064212,,1,GPU-bff95c83-0adb-feb7-9825-359f31b26de8,ok,0,0,467,30.341,38,210,405,439,341
349,18457.328511592,18457.328867639,,0,GPU-42e33043-7008-2803-9ba8-9bb9ef7d0845,ok,100,57,8930,312.259,76,1605,9501,5566,22509
349,18457.328511592,18457.328933869,,1,GPU-bff95c83-0adb-feb7-9825-359f31b26de8,ok,0,0,467,29.145,37,210,405,439,341
350,18458.328511592,18458.328850815,,0,GPU-42e33043-7008-2803-9ba8-9bb9ef7d0845,ok,100,64,8930,312.605,76,1605,9501,5761,23339
350,18458.328511592,18458.328918485,,1,GPU-bff95c83-0adb-feb7-9825-359f31b26de8,ok,0,0,467,29.131,37,210,405,439,341
351,18459.328511592,18459.328839252,,0,GPU-42e33043-7008-2803-9ba8-9bb9ef7d0845,ok,100,64,8930,312.959,76,1620,9501,6787,20410
351,18459.328511592,18459.328884362,,1,GPU-bff95c83-0adb-feb7-9825-359f31b26de8,ok,0,0,467,29.089,37,210,405,439,341
352,18460.328511592,18460.328840759,,0,GPU-42e33043-7008-2803-9ba8-9bb9ef7d0845,ok,100,62,8930,313.003,76,1620,9501,6689,18896
352,18460.328511592,18460.328907889,,1,GPU-bff95c83-0adb-feb7-9825-359f31b26de8,ok,0,0,467,28.864,37,210,405,439,341
353,18461.328511592,18461.328845606,,0,GPU-42e33043-7008-2803-9ba8-9bb9ef7d0845,ok,100,57,8930,312.676,76,1605,9501,6054,22070
353,18461.328511592,18461.328903086,,1,GPU-bff95c83-0adb-feb7-9825-359f31b26de8,ok,0,0,467,33.071,38,210,405,439,341
354,18462.328511592,18462.328845103,,0,GPU-42e33043-7008-2803-9ba8-9bb9ef7d0845,ok,100,64,8930,312.476,76,1620,9501,5468,23144
354,18462.328511592,18462.328905393,,1,GPU-bff95c83-0adb-feb7-9825-359f31b26de8,ok,0,0,467,40.089,38,210,405,439,341
355,18463.328511592,18463.32884257,,0,GPU-42e33043-7008-2803-9ba8-9bb9ef7d0845,ok,100,64,8930,312.824,76,1635,9501,6542,21289
355,18463.328511592,18463.32888787,,1,GPU-bff95c83-0adb-feb7-9825-359f31b26de8,ok,0,0,467,30.879,38,210,405,439,341
356,18464.328511592,18464.328836316,,0,GPU-42e33043-7008-2803-9ba8-9bb9ef7d0845,ok,100,64,8930,312.774,76,1620,9501,6982,19091
356,18464.328511592,18464.328906516,,1,GPU-bff95c83-0adb-feb7-9825-359f31b26de8,ok,0,0,467,29.209,37,210,405,439,341
357,18465.328511592,18465.328846073,,0,GPU-42e33043-7008-2803-9ba8-9bb9ef7d0845,ok,100,57,8930,312.543,76,1620,9501,6445,20556
357,18465.328511592,18465.328906673,,1,GPU-bff95c83-0adb-feb7-9825-359f31b26de8,ok,0,0,467,28.502,37,210,405,439,341
358,18466.328511592,18466.32885977,,0,GPU-42e33043-7008-2803-9ba8-9bb9ef7d0845,ok,100,62,8930,311.281,76,1620,9501,5664,23193
358,18466.328511592,18466.32892067,,1,GPU-bff95c83-0adb-feb7-9825-359f31b26de8,ok,0,0,467,28.532,37,210,405,439,341
359,18467.328511592,18467.328846887,,0,GPU-42e33043-7008-2803-9ba8-9bb9ef7d0845,ok,100,64,8930,312.254,76,1635,9501,6201,22216
359,18467.328511592,18467.328917667,,1,GPU-bff95c83-0adb-feb7-9825-359f31b26de8,ok,0,0,467,28.564,37,210,405,439,341
360,18468.328511592,18468.328842364,,0,GPU-42e33043-7008-2803-9ba8-9bb9ef7d0845,ok,100,64,8930,312.082,76,1620,9501,6787,19042
360,18468.328511592,18468.328886344,,1,GPU-bff95c83-0adb-feb7-9825-359f31b26de8,ok,0,0,467,32.133,38,210,405,439,341
361,18469.328511592,18469.328835121,,0,GPU-42e33043-7008-2803-9ba8-9bb9ef7d0845,ok,100,58,8930,312.169,75,1605,9501,6884,19091
361,18469.328511592,18469.328884371,,1,GPU-bff95c83-0adb-feb7-9825-359f31b26de8,ok,0,0,467,39.508,38,210,405,439,341
362,18470.328511592,18470.328847067,,0,GPU-42e33043-7008-2803-9ba8-9bb9ef7d0845,ok,100,60,8930,312.107,75,1605,9501,5615,23681
362,18470.328511592,18470.328910797,,1,GPU-bff95c83-0adb-feb7-9825-359f31b26de8,ok,0,0,467,30.518,38,210,405,439,341
363,18471.328511592,18471.328860624,,0,GPU-42e33043-7008-2803-9ba8-9bb9ef7d0845,ok,100,64,8930,312.26,75,1620,9501,5712,10351
363,18471.328511592,18471.328908944,,1,GPU-bff95c83-0adb-feb7-9825-359f31b26de8,ok,0,0,467,28.895,37,210,405,439,341
364,18472.328511592,18472.328850031,,0,GPU-42e33043-7008-2803-9ba8-9bb9ef7d0845,ok,100,64,8930,312.361,75,1620,9501,6738,20703
364,18472.328511592,18472.328910331,,1,GPU-bff95c83-0adb-feb7-9825-359f31b26de8,ok,0,0,467,28.281,37,210,405,488,341
365,18473.328511592,18473.328849388,,0,GPU-42e33043-7008-2803-9ba8-9bb9ef7d0845,ok,100,60,8930,312.171,75,1605,9501,6835,19091
365,18473.328511592,18473.328911148,,1,GPU-bff95c83-0adb-feb7-9825-359f31b26de8,ok,0,0,467,28.402,37,210,405,439,341
366,18474.328511592,18474.328843965,,0,GPU-42e33043-7008-2803-9ba8-9bb9ef7d0845,ok,100,59,8930,312.296,75,1605,9501,6201,21582
366,18474.328511592,18474.328906805,,1,GPU-bff95c83-0adb-feb7-9825-359f31b26de8,ok,0,0,467,28.671,37,210,405,439,341
367,18475.328511592,18475.328852182,,0,GPU-42e33043-7008-2803-9ba8-9bb9ef7d0845,ok,100,64,8930,312.59,75,1605,9501,5566,23535
367,18475.328511592,18475.328916942,,1,GPU-bff95c83-0adb-feb7-9825-359f31b26de8,ok,0,0,467,30.907,38,210,405,439,341
368,18476.328511592,18476.328972469,,0,GPU-42e33043-7008-2803-9ba8-9bb9ef7d0845,ok,100,64,8930,312.462,75,1620,9501,6201,22753
368,18476.328511592,18476.329018219,,1,GPU-bff95c83-0adb-feb7-9825-359f31b26de8,ok,0,0,467,39.726,38,210,405,439,341
369,18477.328511592,18477.328843135,,0,GPU-42e33043-7008-2803-9ba8-9bb9ef7d0845,ok,100,62,8930,311.985,75,1605,9501,6933,18750
369,18477.328511592,18477.328908665,,1,GPU-bff95c83-0adb-feb7-9825-359f31b26de8,ok,0,0,467,30.141,38,210,405,439,341
370,18478.328511592,18478.328838122,,0,GPU-42e33043-7008-2803-9ba8-9bb9ef7d0845,ok,100,57,8930,311.775,75,1605,9501,4101,17626
370,18478.328511592,18478.328911232,,1,GPU-bff95c83-0adb-feb7-9825-359f31b26de8,ok,0,0,467,28.908,37,210,405,488,390
371,18479.328511592,18479.328851909,,0,GPU-42e33043-7008-2803-9ba8-9bb9ef7d0845,ok,100,62,8930,311.944,75,1605,9501,5566,23828
371,18479.328511592,18479.328896679,,1,GPU-bff95c83-0adb-feb7-9825-359f31b26de8,ok,0,0,467,28.665,37,210,405,439,341
372,18480.328511592,18480.328842806,,0,GPU-42e33043-7008-2803-9ba8-9bb9ef7d0845,ok,100,64,8930,312.124,75,1620,9501,5859,23144
372,18480.328511592,18480.328913346,,1,GPU-bff95c83-0adb-feb7-9825-359f31b26de8,ok,0,0,467,28.621,37,210,405,439,341
373,18481.328511592,18481.328931113,,0,GPU-42e33043-7008-2803-9ba8-9bb9ef7d0845,ok,100,64,8930,311.617,75,1605,9501,7031,20361
373,18481.328511592,18481.328865733,,1,GPU-bff95c83-0adb-feb7-9825-359f31b26de8,ok,0,0,467,28.841,37,210,405,488,341
374,18482.328511592,18482.32884504,,0,GPU-42e33043-7008-2803-9ba8-9bb9ef7d0845,ok,100,58,8930,311.928,75,1605,9501,6835,18847
374,18482.328511592,18482.32891429,,1,GPU-bff95c83-0adb-feb7-9825-359f31b26de8,ok,0,0,467,29.837,38,210,405,439,341
375,18483.328511592,18483.328845216,,0,GPU-42e33043-7008-2803-9ba8-9bb9ef7d0845,ok,100,60,8930,311.778,75,1605,9501,6103,21923
375,18483.328511592,18483.328908066,,1,GPU-bff95c83-0adb-feb7-9825-359f31b26de8,ok,0,0,467,40.156,38,210,405,439,341
376,18484.328511592,18484.328952563,,0,GPU-42e33043-7008-2803-9ba8-9bb9ef7d0845,ok,100,65,8930,311.832,75,1635,9501,5664,23583
376,18484.328511592,18484.328932373,,1,GPU-bff95c83-0adb-feb7-9825-359f31b26de8,ok,0,0,467,29.727,38,210,405,439,341
377,18485.328511592,18485.32885842,,0,GPU-42e33043-7008-2803-9ba8-9bb9ef7d0845,ok,100,64,8930,312.353,75,1620,9501,4003,22070
377,18485.328511592,18485.32892261,,1,GPU-bff95c83-0adb-feb7-9825-359f31b26de8,ok,0,0,467,28.594,37,210,405,439,341
378,18486.328511592,18486.328881877,,0,GPU-42e33043-7008-2803-9ba8-9bb9ef7d0845,ok,100,59,8930,311.969,75,1620,9501,6835,18798
378,18486.328511592,18486.328904907,,1,GPU-bff95c83-0adb-feb7-9825-359f31b26de8,ok,0,0,467,28.574,37,210,405,439,341
379,18487.328511592,18487.328844264,,0,GPU-42e33043-7008-2803-9ba8-9bb9ef7d0845,ok,100,59,8930,312.479,75,1605,9501,6445,20166
379,18487.328511592,18487.328889604,,1,GPU-bff95c83-0adb-feb7-9825-359f31b26de8,ok,0,0,467,28.76,37,210,405,439,341
380,18488.328511592,18488.328843111,,0,GPU-42e33043-7008-2803-9ba8-9bb9ef7d0845,ok,100,64,8930,311.936,75,1620,9501,5615,23486
380,18488.328511592,18488.328889471,,1,GPU-bff95c83-0adb-feb7-9825-359f31b26de8,ok,0,0,467,28.97,37,210,405,439,341
381,18489.328511592,18489.328845227,,0,GPU-42e33043-7008-2803-9ba8-9bb9ef7d0845,ok,100,64,8930,312.345,75,1620,9501,6201,23388
381,18489.328511592,18489.328893167,,1,GPU-bff95c83-0adb-feb7-9825-359f31b26de8,ok,0,0,467,28.788,37,210,405,439,341
382,18490.328511592,18490.328842124,,0,GPU-42e33043-7008-2803-9ba8-9bb9ef7d0845,ok,100,61,8930,311.73,75,1605,9501,6591,18896
382,18490.328511592,18490.328907144,,1,GPU-bff95c83-0adb-feb7-9825-359f31b26de8,ok,0,0,467,40.493,38,210,405,488,341
383,18491.328511592,18491.328841981,,0,GPU-42e33043-7008-2803-9ba8-9bb9ef7d0845,ok,100,58,8930,312.419,75,1605,9501,6787,18896
383,18491.328511592,18491.328888161,,1,GPU-bff95c83-0adb-feb7-9825-359f31b26de8,ok,0,0,467,31.019,38,210,405,439,341
384,18492.328511592,18492.328856528,,0,GPU-42e33043-7008-2803-9ba8-9bb9ef7d0845,ok,100,64,8930,311.701,75,1620,9501,6054,22460
384,18492.328511592,18492.328927638,,1,GPU-bff95c83-0adb-feb7-9825-359f31b26de8,ok,0,0,467,29.349,37,210,405,439,341
385,18493.328511592,18493.328849475,,0,GPU-42e33043-7008-2803-9ba8-9bb9ef7d0845,ok,100,64,8930,312.58,75,1605,9501,5761,22949
385,18493.328511592,18493.328918505,,1,GPU-bff95c83-0adb-feb7-9825-359f31b26de8,ok,0,0,467,28.81,37,210,405,439,341
386,18494.328511592,18494.328845642,,0,GPU-42e33043-7008-2803-9ba8-9bb9ef7d0845,ok,100,63,8930,312.477,75,1605,9501,6591,21484
386,18494.328511592,18494.328894332,,1,GPU-bff95c83-0adb-feb7-9825-359f31b26de8,ok,0,0,467,28.75,37,210,405,439,341
387,18495.328511592,18495.328848838,,0,GPU-42e33043-7008-2803-9ba8-9bb9ef7d0845,ok,100,57,8930,312.493,75,1620,9501,6738,18798
387,18495.328511592,18495.328914228,,1,GPU-bff95c83-0adb-feb7-9825-359f31b26de8,ok,0,0,467,28.653,37,210,405,439,341
388,18496.328511592,18496.328842355,,0,GPU-42e33043-7008-2803-9ba8-9bb9ef7d0845,ok,100,62,8930,312.179,75,1605,9501,6152,21142
388,18496.328511592,18496.328902975,,1,GPU-bff95c83-0adb-feb7-9825-359f31b26de8,ok,0,0,467,28.472,37,210,405,439,341
389,18497.328511592,18497.328912072,,0,GPU-42e33043-7008-2803-9ba8-9bb9ef7d0845,ok,100,64,8930,312.153,75,1605,9501,5566,22753
389,18497.328511592,18497.328943842,,1,GPU-bff95c83-0adb-feb7-9825-359f31b26de8,ok,0,0,467,33.683,38,210,405,488,341
390,18498.328511592,18498.328840229,,0,GPU-42e33043-7008-2803-9ba8-9bb9ef7d0845,ok,100,64,8930,312.354,75,1605,9501,6103,22265
390,18498.328511592,18498.328910749,,1,GPU-bff95c83-0adb-feb7-9825-359f31b26de8,ok,0,0,467,39.512,38,210,405,439,341
391,18499.328511592,18499.328924556,,0,GPU-42e33043-7008-2803-9ba8-9bb9ef7d0845,ok,0,0,464,249.311,70,1935,9501,439,292
391,18499.328511592,18499.328969846,,1,GPU-bff95c83-0adb-feb7-9825-359f31b26de8,ok,0,0,464,29.443,38,210,405,439,341
392,18500.328511592,18500.328981563,,0,GPU-42e33043-7008-2803-9ba8-9bb9ef7d0845,ok,0,0,464,168.596,69,1935,9751,341,292
392,18500.328511592,18500.329374393,,1,GPU-bff95c83-0adb-feb7-9825-359f31b26de8,ok,0,0,464,36.421,38,210,405,439,292
393,18501.328511592,18501.32903496,,0,GPU-42e33043-7008-2803-9ba8-9bb9ef7d0845,ok,100,34,1528,209.303,75,1470,9501,3417,10839
393,18501.328511592,18501.3290665,,1,GPU-bff95c83-0adb-feb7-9825-359f31b26de8,ok,0,0,467,37.183,38,210,405,439,341
394,18502.328511592,18502.328852216,,0,GPU-42e33043-7008-2803-9ba8-9bb9ef7d0845,ok,100,23,1528,348.533,78,1470,9501,4296,8642
394,18502.328511592,18502.328899816,,1,GPU-bff95c83-0adb-feb7-9825-359f31b26de8,ok,0,0,467,38.52,38,210,405,439,341
395,18503.328511592,18503.328846783,,0,GPU-42e33043-7008-2803-9ba8-9bb9ef7d0845,ok,100,21,1528,349.096,79,1470,9501,2929,14355
395,18503.328511592,18503.328890403,,1,GPU-bff95c83-0adb-feb7-9825-359f31b26de8,ok,0,0,467,30.965,38,210,405,439,341
396,18504.328511592,18504.32883772,,0,GPU-42e33043-7008-2803-9ba8-9bb9ef7d0845,ok,100,20,1528,349.311,80,1425,9501,3466,10253
396,18504.328511592,18504.32888315,,1,GPU-bff95c83-0adb-feb7-9825-359f31b26de8,ok,0,0,467,33.733,38,210,405,439,341
397,18505.328511592,18505.328843127,,0,GPU-42e33043-7008-2803-9ba8-9bb9ef7d0845,ok,100,22,1528,348.932,80,1455,9501,4003,9960
397,18505.328511592,18505.328893217,,1,GPU-bff95c83-0adb-feb7-9825-359f31b26de8,ok,0,0,467,35.422,38,210,405,439,341
398,18506.328511592,18506.328843634,,0,GPU-42e33043-7008-2803-9ba8-9bb9ef7d0845,ok,100,20,1528,349.112,80,1455,9501,2587,13281
398,18506.328511592,18506.328916044,,1,GPU-bff95c83-0adb-feb7-9825-359f31b26de8,ok,0,0,467,30.217,38,210,405,439,292
399,18507.328511592,18507.32889301,,0,GPU-42e33043-7008-2803-9ba8-9bb9ef7d0845,ok,100,22,1528,349.168,80,1440,9501,4296,7910
399,18507.328511592,18507.32894882,,1,GPU-bff95c83-0adb-feb7-9825-359f31b26de8,ok,0,0,467,29.11,37,210,405,439,292
400,18508.328511592,18508.328839337,,0,GPU-42e33043-7008-2803-9ba8-9bb9ef7d0845,ok,100,21,1528,348.603,81,1455,9501,2880,14892
400,18508.328511592,18508.328898897,,1,GPU-bff95c83-0adb-feb7-9825-359f31b26de8,ok,0,0,467,28.934,37,210,405,488,292
401,18509.328511592,18509.328842964,,0,GPU-42e33043-7008-2803-9ba8-9bb9ef7d0845,ok,100,20,1528,348.732,81,1425,9501,3710,8886
401,18509.328511592,18509.328887754,,1,GPU-bff95c83-0adb-feb7-9825-359f31b26de8,ok,0,0,467,28.736,37,210,405,488,292
402,18510.328511592,18510.328845891,,0,GPU-42e33043-7008-2803-9ba8-9bb9ef7d0845,ok,100,22,1528,348.801,81,1455,9501,3320,12548
402,18510.328511592,18510.328894071,,1,GPU-bff95c83-0adb-feb7-9825-359f31b26de8,ok,0,0,467,28.855,37,210,405,488,292
403,18511.328511592,18511.328848998,,0,GPU-42e33043-7008-2803-9ba8-9bb9ef7d0845,ok,100,20,1528,349.126,81,1440,9501,3515,9423
403,18511.328511592,18511.328915318,,1,GPU-bff95c83-0adb-feb7-9825-359f31b26de8,ok,0,0,467,32.534,38,210,405,488,341
404,18512.328511592,18512.328892615,,0,GPU-42e33043-7008-2803-9ba8-9bb9ef7d0845,ok,100,21,1528,348.952,81,1455,9501,3515,11230
404,18512.328511592,18512.328976435,,1,GPU-bff95c83-0adb-feb7-9825-359f31b26de8,ok,0,0,467,40.436,38,210,405,439,292
405,18513.328511592,18513.328847461,,0,GPU-42e33043-7008-2803-9ba8-9bb9ef7d0845,ok,100,20,1528,349.19,81,1455,9501,3222,10302
405,18513.328511592,18513.328892371,,1,GPU-bff95c83-0adb-feb7-9825-359f31b26de8,ok,0,0,467,31.181,38,210,405,439,341
406,18514.328511592,18514.328842038,,0,GPU-42e33043-7008-2803-9ba8-9bb9ef7d0845,ok,100,22,1528,348.883,81,1455,9501,4052,10791
406,18514.328511592,18514.328887768,,1,GPU-bff95c83-0adb-feb7-9825-359f31b26de8,ok,0,0,467,29.631,37,210,405,439,341
407,18515.328511592,18515.328839905,,0,GPU-42e33043-7008-2803-9ba8-9bb9ef7d0845,ok,100,19,1528,348.892,81,1440,9501,3076,10595
407,18515.328511592,18515.328904015,,1,GPU-bff95c83-0adb-feb7-9825-359f31b26de8,ok,0,0,467,28.784,37,210,405,439,341
408,18516.328511592,18516.328844452,,0,GPU-42e33043-7008-2803-9ba8-9bb9ef7d0845,ok,100,22,1528,348.983,82,1455,9501,3710,10009
408,18516.328511592,18516.328906492,,1,GPU-bff95c83-0adb-feb7-9825-359f31b26de8,ok,0,0,467,28.434,37,210,405,488,341
409,18517.328511592,18517.328839999,,0,GPU-42e33043-7008-2803-9ba8-9bb9ef7d0845,ok,100,20,1528,348.694,82,1455,9501,2880,11279
409,18517.328511592,18517.328904749,,1,GPU-bff95c83-0adb-feb7-9825-359f31b26de8,ok,0,0,467,28.635,37,210,405,488,341
410,18518.328511592,18518.328838956,,0,GPU-42e33043-7008-2803-9ba8-9bb9ef7d0845,ok,100,22,1528,348.571,82,1455,9501,4003,10253
410,18518.328511592,18518.328887086,,1,GPU-bff95c83-0adb-feb7-9825-359f31b26de8,ok,0,0,467,31.061,38,210,405,439,341
411,18519.328511592,18519.328844702,,0,GPU-42e33043-7008-2803-9ba8-9bb9ef7d0845,ok,100,20,1528,348.844,82,1440,9501,3027,10644
411,18519.328511592,18519.328891162,,1,GPU-bff95c83-0adb-feb7-9825-359f31b26de8,ok,0,0,467,39.653,38,210,405,488,341
412,18520.328511592,18520.328845869,,0,GPU-42e33043-7008-2803-9ba8-9bb9ef7d0845,ok,100,21,1528,349.123,82,1455,9501,3613,10644
412,18520.328511592,18520.328904609,,1,GPU-bff95c83-0adb-feb7-9825-359f31b26de8,ok,0,0,467,30.383,38,210,405,488,341
413,18521.328511592,18521.328846126,,0,GPU-42e33043-7008-2803-9ba8-9bb9ef7d0845,ok,100,20,1528,349.059,82,1440,9501,3222,10058
413,18521.328511592,18521.328910086,,1,GPU-bff95c83-0adb-feb7-9825-359f31b26de8,ok,0,0,467,28.983,37,210,405,439,341
414,18522.328511592,18522.328992043,,0,GPU-42e33043-7008-2803-9ba8-9bb9ef7d0845,ok,100,21,1528,348.48,82,1455,9501,3125,11376
414,18522.328511592,18522.329006673,,1,GPU-bff95c83-0adb-feb7-9825-359f31b26de8,ok,0,0,467,28.651,37,210,405,439,341
415,18523.328511592,18523.32884348,,0,GPU-42e33043-7008-2803-9ba8-9bb9ef7d0845,ok,100,19,1528,349.123,82,1440,9501,3662,7812
415,18523.328511592,18523.32889399,,1,GPU-bff95c83-0adb-feb7-9825-359f31b26de8,ok,0,0,467,28.706,37,210,405,439,341
416,18524.328511592,18524.328836987,,0,GPU-42e33043-7008-2803-9ba8-9bb9ef7d0845,ok,100,19,1528,348.82,82,1440,9501,2392,12695
416,18524.328511592,18524.328899337,,1,GPU-bff95c83-0adb-feb7-9825-359f31b26de8,ok,0,0,467,29.014,37,210,405,488,341
417,18525.328511592,18525.328851564,,0,GPU-42e33043-7008-2803-9ba8-9bb9ef7d0845,ok,100,22,1528,349.351,82,1440,9501,3466,9863
417,18525.328511592,18525.328902174,,1,GPU-bff95c83-0adb-feb7-9825-359f31b26de8,ok,0,0,467,29.708,38,210,405,439,341
418,18526.328511592,18526.32898883,,0,GPU-42e33043-7008-2803-9ba8-9bb9ef7d0845,ok,100,19,1528,349.509,82,1425,9501,3466,8593
418,18526.328511592,18526.32901335,,1,GPU-bff95c83-0adb-feb7-9825-359f31b26de8,ok,0,0,467,40.062,38,210,405,439,341
419,18527.328511592,18527.328901607,,0,GPU-42e33043-7008-2803-9ba8-9bb9ef7d0845,ok,0,0,1528,265.982,74,1920,9501,390,292
419,18527.328511592,18527.328886197,,1,GPU-bff95c83-0adb-feb7-9825-359f31b26de8,ok,0,0,467,30.091,38,210,405,439,341
420,18528.328511592,18528.328838184,,0,GPU-42e33043-7008-2803-9ba8-9bb9ef7d0845,ok,0,0,1528,183.687,72,1920,9501,390,292
420,18528.328511592,18528.328899154,,1,GPU-bff95c83-0adb-feb7-9825-359f31b26de8,ok,0,0,467,28.803,37,210,405,439,341
421,18529.328511592,18529.328841131,,0,GPU-42e33043-7008-2803-9ba8-9bb9ef7d0845,ok,100,23,1528,221.722,79,1455,9501,4052,8691
421,18529.328511592,18529.328901561,,1,GPU-bff95c83-0adb-feb7-9825-359f31b26de8,ok,0,0,467,28.634,37,210,405,439,341
422,18530.328511592,18530.328842398,,0,GPU-42e33043-7008-2803-9ba8-9bb9ef7d0845,ok,100,20,1528,349.501,80,1455,9501,2441,12744
422,18530.328511592,18530.328893558,,1,GPU-bff95c83-0adb-feb7-9825-359f31b26de8,ok,0,0,467,28.767,37,210,405,439,341
423,18531.328511592,18531.328843275,,0,GPU-42e33043-7008-2803-9ba8-9bb9ef7d0845,ok,100,22,1528,349.078,81,1455,9501,4052,7714
423,18531.328511592,18531.328909485,,1,GPU-bff95c83-0adb-feb7-9825-359f31b26de8,ok,0,0,467,29.013,37,210,405,439,341
424,18532.328511592,18532.329003561,,0,GPU-42e33043-7008-2803-9ba8-9bb9ef7d0845,ok,100,20,1528,349.029,81,1455,9501,2734,14648
424,18532.328511592,18532.328987701,,1,GPU-bff95c83-0adb-feb7-9825-359f31b26de8,ok,0,0,467,28.802,37,210,405,439,341
425,18533.328511592,18533.328833978,,0,GPU-42e33043-7008-2803-9ba8-9bb9ef7d0845,ok,100,22,1528,349.281,81,1440,9501,4199,7714
425,18533.328511592,18533.328878028,,1,GPU-bff95c83-0adb-feb7-9825-359f31b26de8,ok,0,0,467,40.196,38,210,405,488,341
426,18534.328511592,18534.328843205,,0,GPU-42e33043-7008-2803-9ba8-9bb9ef7d0845,ok,100,21,1528,349.389,81,1440,9501,2734,14404
426,18534.328511592,18534.328909005,,1,GPU-bff95c83-0adb-feb7-9825-359f31b26de8,ok,0,0,467,30.736,38,210,405,488,341
427,18535.328511592,18535.328845752,,0,GPU-42e33043-7008-2803-9ba8-9bb9ef7d0845,ok,100,22,1528,349.28,82,1440,9501,4296,7421
427,18535.328511592,18535.328891012,,1,GPU-bff95c83-0adb-feb7-9825-359f31b26de8,ok,0,0,467,29.22,37,210,405,488,341
428,18536.328511592,18536.328843129,,0,GPU-42e33043-7008-2803-9ba8-9bb9ef7d0845,ok,100,20,1528,349.04,82,1440,9501,2539,14111
428,18536.328511592,18536.328892249,,1,GPU-bff95c83-0adb-feb7-9825-359f31b26de8,ok,0,0,467,28.687,37,210,405,439,341
429,18537.328511592,18537.328849986,,0,GPU-42e33043-7008-2803-9ba8-9bb9ef7d0845,ok,100,22,1528,348.939,82,1455,9501,4003,7275
429,18537.328511592,18537.328919266,,1,GPU-bff95c83-0adb-feb7-9825-359f31b26de8,ok,0,0,467,28.617,37,210,405,439,341
430,18538.328511592,18538.328849222,,0,GPU-42e33043-7008-2803-9ba8-9bb9ef7d0845,ok,100,20,1528,348.886,82,1455,9501,2392,12695
430,18538.328511592,18538.328914872,,1,GPU-bff95c83-0adb-feb7-9825-359f31b26de8,ok,0,0,467,28.806,37,210,405,439,292
431,18539.328511592,18539.328854899,,0,GPU-42e33043-7008-2803-9ba8-9bb9ef7d0845,ok,100,22,1528,349.107,82,1455,9501,3906,8496
431,18539.328511592,18539.328900009,,1,GPU-bff95c83-0adb-feb7-9825-359f31b26de8,ok,0,0,467,28.783,37,210,405,488,341
432,18540.328511592,18540.328834396,,0,GPU-42e33043-7008-2803-9ba8-9bb9ef7d0845,ok,100,20,1528,349.134,82,1425,9501,2587,11328
432,18540.328511592,18540.328907506,,1,GPU-bff95c83-0adb-feb7-9825-359f31b26de8,ok,0,0,467,33.799,38,210,405,439,341
433,18541.328511592,18541.328845793,,0,GPU-42e33043-7008-2803-9ba8-9bb9ef7d0845,ok,100,22,1528,348.677,82,1455,9501,3613,9912
433,18541.328511592,18541.328893773,,1,GPU-bff95c83-0adb-feb7-9825-359f31b26de8,ok,0,0,467,39.473,38,210,405,439,341
434,18542.328511592,18542.32892866,,0,GPU-42e33043-7008-2803-9ba8-9bb9ef7d0845,ok,100,20,1528,349.098,82,1395,9501,2783,12890
434,18542.328511592,18542.32891624,,1,GPU-bff95c83-0adb-feb7-9825-359f31b26de8,ok,0,0,467,30.7,38,210,405,439,341
435,18543.328511592,18543.328848407,,0,GPU-42e33043-7008-2803-9ba8-9bb9ef7d0845,ok,100,21,1528,348.761,82,1440,9501,3955,10888
435,18543.328511592,18543.328915577,,1,GPU-bff95c83-0adb-feb7-9825-359f31b26de8,ok,0,0,467,29.28,37,210,405,439,341
436,18544.328511592,18544.328849973,,0,GPU-42e33043-7008-2803-9ba8-9bb9ef7d0845,ok,100,20,1528,349.3,82,1440,9501,3417,9765
436,18544.328511592,18544.328896363,,1,GPU-bff95c83-0adb-feb7-9825-359f31b26de8,ok,0,0,467,28.871,37,210,405,439,341
437,18545.328511592,18545.32884132,,0,GPU-42e33043-7008-2803-9ba8-9bb9ef7d0845,ok,100,19,1528,349.2,82,1425,9501,2734,13964
437,18545.328511592,18545.32890653,,1,GPU-bff95c83-0adb-feb7-9825-359f31b26de8,ok,0,0,467,28.91,37,210,405,439,341
438,18546.328511592,18546.328839267,,0,GPU-42e33043-7008-2803-9ba8-9bb9ef7d0845,ok,100,21,1528,348.909,82,1395,9501,3710,8789
438,18546.328511592,18546.328907137,,1,GPU-bff95c83-0adb-feb7-9825-359f31b26de8,ok,0,0,467,29.007,37,210,405,439,341
439,18547.328511592,18547.328997404,,0,GPU-42e33043-7008-2803-9ba8-9bb9ef7d0845,ok,100,19,1528,348.864,82,1425,9501,3125,11035
439,18547.328511592,18547.328971524,,1,GPU-bff95c83-0adb-feb7-9825-359f31b26de8,ok,0,0,467,33.098,38,210,405,439,341
440,18548.328511592,18548.328855981,,0,GPU-42e33043-7008-2803-9ba8-9bb9ef7d0845,ok,100,19,1528,348.515,82,1440,9501,2832,13476
440,18548.328511592,18548.328923411,,1,GPU-bff95c83-0adb-feb7-9825-359f31b26de8,ok,0,0,467,40.019,38,210,405,439,341
441,18549.328511592,18549.328842908,,0,GPU-42e33043-7008-2803-9ba8-9bb9ef7d0845,ok,100,20,1528,348.851,82,1425,9501,3759,7861
441,18549.328511592,18549.328885798,,1,GPU-bff95c83-0adb-feb7-9825-359f31b26de8,ok,0,0,467,30.624,38,210,405,439,341
442,18550.328511592,18550.328840764,,0,GPU-42e33043-7008-2803-9ba8-9bb9ef7d0845,ok,100,19,1528,348.951,82,1440,9501,2832,11230
442,18550.328511592,18550.328909464,,1,GPU-bff95c83-0adb-feb7-9825-359f31b26de8,ok,0,0,467,29.342,37,210,405,488,341
443,18551.328511592,18551.328848401,,0,GPU-42e33043-7008-2803-9ba8-9bb9ef7d0845,ok,100,19,1528,348.912,82,1425,9501,2978,13378
443,18551.328511592,18551.328900381,,1,GPU-bff95c83-0adb-feb7-9825-359f31b26de8,ok,0,0,467,28.917,37,210,405,488,341
444,18552.328511592,18552.328782448,,0,GPU-42e33043-7008-2803-9ba8-9bb9ef7d0845,ok,100,21,1528,349.164,82,1425,9501,4150,7128
444,18552.328511592,18552.329179058,,1,GPU-bff95c83-0adb-feb7-9825-359f31b26de8,ok,0,0,467,28.97,37,210,405,488,341
445,18553.328511592,18553.328842905,,0,GPU-42e33043-7008-2803-9ba8-9bb9ef7d0845,ok,100,20,1528,348.625,82,1425,9501,2734,11621
445,18553.328511592,18553.328911215,,1,GPU-bff95c83-0adb-feb7-9825-359f31b26de8,ok,0,0,467,29.2,37,210,405,439,341
446,18554.328511592,18554.328843512,,0,GPU-42e33043-7008-2803-9ba8-9bb9ef7d0845,ok,100,20,1528,349.225,82,1440,9501,488,292
446,18554.328511592,18554.328913232,,1,GPU-bff95c83-0adb-feb7-9825-359f31b26de8,ok,0,0,467,32.461,38,210,405,488,341
447,18555.328511592,18555.328956579,,0,GPU-42e33043-7008-2803-9ba8-9bb9ef7d0845,ok,0,0,1528,248.887,73,1920,9501,390,292
447,18555.328511592,18555.329023079,,1,GPU-bff95c83-0adb-feb7-9825-359f31b26de8,ok,0,0,467,40.191,38,210,405,488,341
448,18556.328511592,18556.329026696,,0,GPU-42e33043-7008-2803-9ba8-9bb9ef7d0845,ok,0,0,1528,182.048,72,1920,9501,390,3808
448,18556.328511592,18556.329044926,,1,GPU-bff95c83-0adb-feb7-9825-359f31b26de8,ok,0,0,467,30.154,38,210,405,439,341
449,18557.328511592,18557.328848592,,0,GPU-42e33043-7008-2803-9ba8-9bb9ef7d0845,ok,100,22,1528,229.898,79,1455,9501,2636,12255
449,18557.328511592,18557.328893492,,1,GPU-bff95c83-0adb-feb7-9825-359f31b26de8,ok,0,0,467,29.084,37,210,405,439,341
450,18558.328511592,18558.328873089,,0,GPU-42e33043-7008-2803-9ba8-9bb9ef7d0845,ok,100,22,1528,349.092,80,1440,9501,3759,8007
450,18558.328511592,18558.328917279,,1,GPU-bff95c83-0adb-feb7-9825-359f31b26de8,ok,0,0,467,29.064,37,210,405,439,341
451,18559.328511592,18559.328849166,,0,GPU-42e33043-7008-2803-9ba8-9bb9ef7d0845,ok,100,21,1528,349.264,81,1470,9501,2587,13427
451,18559.328511592,18559.328897436,,1,GPU-bff95c83-0adb-feb7-9825-359f31b26de8,ok,0,0,467,29.153,37,210,405,439,341
452,18560.328511592,18560.328840793,,0,GPU-42e33043-7008-2803-9ba8-9bb9ef7d0845,ok,100,22,1528,348.864,81,1440,9501,4052,7373
452,18560.328511592,18560.328906453,,1,GPU-bff95c83-0adb-feb7-9825-359f31b26de8,ok,0,0,467,29.407,37,210,405,439,341
453,18561.328511592,18561.32885026,,0,GPU-42e33043-7008-2803-9ba8-9bb9ef7d0845,ok,100,20,1528,349.121,81,1455,9501,2539,13134
453,18561.328511592,18561.32891159,,1,GPU-bff95c83-0adb-feb7-9825-359f31b26de8,ok,0,0,467,31.431,38,210,405,439,341
454,18562.328511592,18562.328852826,,0,GPU-42e33043-7008-2803-9ba8-9bb9ef7d0845,ok,100,22,1528,348.878,81,1440,9501,3857,7861
454,18562.328511592,18562.328905076,,1,GPU-bff95c83-0adb-feb7-9825-359f31b26de8,ok,0,0,467,40.446,38,210,405,439,341
455,18563.328511592,18563.328888933,,0,GPU-42e33043-7008-2803-9ba8-9bb9ef7d0845,ok,100,20,1528,348.752,81,1455,9501,2490,13623
455,18563.328511592,18563.328921493,,1,GPU-bff95c83-0adb-feb7-9825-359f31b26de8,ok,0,0,467,30.768,38,210,405,439,341
456,18564.328511592,18564.32884521,,0,GPU-42e33043-7008-2803-9ba8-9bb9ef7d0845,ok,100,22,1528,349.298,82,1410,9501,3808,7812
456,18564.328511592,18564.32889208,,1,GPU-bff95c83-0adb-feb7-9825-359f31b26de8,ok,0,0,467,29.197,37,210,405,488,341
457,18565.328511592,18565.328851807,,0,GPU-42e33043-7008-2803-9ba8-9bb9ef7d0845,ok,100,19,1528,349.288,81,1455,9501,2587,14404
457,18565.328511592,18565.328915417,,1,GPU-bff95c83-0adb-feb7-9825-359f31b26de8,ok,0,0,467,28.725,37,210,405,439,341
458,18566.328511592,18566.328850304,,0,GPU-42e33043-7008-2803-9ba8-9bb9ef7d0845,ok,100,21,1528,348.782,82,1410,9501,3808,8007
458,18566.328511592,18566.328899494,,1,GPU-bff95c83-0adb-feb7-9825-359f31b26de8,ok,0,0,467,28.669,37,210,405,439,341
459,18567.328511592,18567.328847811,,0,GPU-42e33043-7008-2803-9ba8-9bb9ef7d0845,ok,100,20,1528,348.78,82,1455,9501,2587,14746
459,18567.328511592,18567.328911551,,1,GPU-bff95c83-0adb-feb7-9825-359f31b26de8,ok,0,0,467,28.728,37,210,405,439,341
460,18568.328511592,18568.329045938,,0,GPU-42e33043-7008-2803-9ba8-9bb9ef7d0845,ok,100,20,1528,348.493,82,1425,9501,4150,7373
460,18568.328511592,18568.328970978,,1,GPU-bff95c83-0adb-feb7-9825-359f31b26de8,ok,0,0,467,29.471,38,210,405,439,341
461,18569.328511592,18569.328872464,,0,GPU-42e33043-7008-2803-9ba8-9bb9ef7d0845,ok,100,20,1528,349.622,82,1440,9501,2587,11767
461,18569.328511592,18569.328945994,,1,GPU-bff95c83-0adb-feb7-9825-359f31b26de8,ok,0,0,467,39.715,38,210,405,439,341
462,18570.328511592,18570.328860191,,0,GPU-42e33043-7008-2803-9ba8-9bb9ef7d0845,ok,100,19,1528,349.415,82,1425,9501,3369,10937
462,18570.328511592,18570.328921341,,1,GPU-bff95c83-0adb-feb7-9825-359f31b26de8,ok,0,0,467,30.155,38,210,405,439,341
463,18571.328511592,18571.328871468,,0,GPU-42e33043-7008-2803-9ba8-9bb9ef7d0845,ok,100,21,1528,348.939,82,1425,9501,3710,7812
463,18571.328511592,18571.328930238,,1,GPU-bff95c83-0adb-feb7-9825-359f31b26de8,ok,0,0,467,28.815,37,210,405,439,341
464,18572.328511592,18572.328858055,,0,GPU-42e33043-7008-2803-9ba8-9bb9ef7d0845,ok,100,19,1528,348.752,82,1425,9501,2441,12890
464,18572.328511592,18572.328917575,,1,GPU-bff95c83-0adb-feb7-9825-359f31b26de8,ok,0,0,467,28.391,37,210,405,439,341
465,18573.328511592,18573.328961282,,0,GPU-42e33043-7008-2803-9ba8-9bb9ef7d0845,ok,100,20,1528,348.873,82,1425,9501,3857,10107
465,18573.328511592,18573.328926122,,1,GPU-bff95c83-0adb-feb7-9825-359f31b26de8,ok,0,0,467,28.359,37,210,405,488,341
466,18574.328511592,18574.328861849,,0,GPU-42e33043-7008-2803-9ba8-9bb9ef7d0845,ok,100,22,1528,349.1,82,1425,9501,4687,11816
466,18574.328511592,18574.328906949,,1,GPU-bff95c83-0adb-feb7-9825-359f31b26de8,ok,0,0,467,28.739,37,210,405,439,341
467,18575.328511592,18575.328858995,,0,GPU-42e33043-7008-2803-9ba8-9bb9ef7d0845,ok,100,20,1528,349.139,82,1440,9501,2392,12792
467,18575.328511592,18575.328905915,,1,GPU-bff95c83-0adb-feb7-9825-359f31b26de8,ok,0,0,467,28.803,37,210,405,439,341
468,18576.328511592,18576.328851922,,0,GPU-42e33043-7008-2803-9ba8-9bb9ef7d0845,ok,100,25,1528,349.145,82,1410,9501,3564,9960
468,18576.328511592,18576.328898142,,1,GPU-bff95c83-0adb-feb7-9825-359f31b26de8,ok,0,0,467,39.892,38,210,405,439,341
469,18577.328511592,18577.328867829,,0,GPU-42e33043-7008-2803-9ba8-9bb9ef7d0845,ok,100,21,1528,348.983,82,1440,9501,3466,9033
469,18577.328511592,18577.328932329,,1,GPU-bff95c83-0adb-feb7-9825-359f31b26de8,ok,0,0,467,40.088,38,210,405,439,341
470,18578.328511592,18578.328918096,,0,GPU-42e33043-7008-2803-9ba8-9bb9ef7d0845,ok,100,19,1528,348.898,82,1440,9501,2636,14111
470,18578.328511592,18578.328960796,,1,GPU-bff95c83-0adb-feb7-9825-359f31b26de8,ok,0,0,467,30.087,37,210,405,488,341
471,18579.328511592,18579.328879243,,0,GPU-42e33043-7008-2803-9ba8-9bb9ef7d0845,ok,100,21,1528,349.136,82,1440,9501,4101,8251
471,18579.328511592,18579.328952803,,1,GPU-bff95c83-0adb-feb7-9825-359f31b26de8,ok,0,0,467,28.92,37,210,405,439,341
472,18580.328511592,18580.32884406,,0,GPU-42e33043-7008-2803-9ba8-9bb9ef7d0845,ok,100,21,1528,349.458,82,1440,9501,2880,10986
472,18580.328511592,18580.32891931,,1,GPU-bff95c83-0adb-feb7-9825-359f31b26de8,ok,0,0,467,28.857,37,210,405,439,341
473,18581.328511592,18581.328857646,,0,GPU-42e33043-7008-2803-9ba8-9bb9ef7d0845,ok,100,19,1528,349.353,82,1440,9501,3076,12451
473,18581.328511592,18581.328907156,,1,GPU-bff95c83-0adb-feb7-9825-359f31b26de8,ok,0,0,467,28.889,37,210,405,439,341
474,18582.328511592,18582.328897433,,0,GPU-42e33043-7008-2803-9ba8-9bb9ef7d0845,ok,100,20,1528,349.182,82,1425,9501,390,244
474,18582.328511592,18582.328955313,,1,GPU-bff95c83-0adb-feb7-9825-359f31b26de8,ok,0,0,467,29.065,37,210,405,439,341
475,18583.328511592,18583.32911939,,0,GPU-42e33043-7008-2803-9ba8-9bb9ef7d0845,ok,0,0,1528,205.07,71,1845,9501,390,292
475,18583.328511592,18583.32908865,,1,GPU-bff95c83-0adb-feb7-9825-359f31b26de8,ok,0,0,467,33.648,38,210,405,439,341
476,18584.328511592,18584.328849997,,0,GPU-42e33043-7008-2803-9ba8-9bb9ef7d0845,ok,0,0,1528,168.023,71,1845,9501,341,292
476,18584.328511592,18584.328921427,,1,GPU-bff95c83-0adb-feb7-9825-359f31b26de8,ok,0,0,467,39.803,38,210,405,439,341
477,18585.328511592,18585.328956314,,0,GPU-42e33043-7008-2803-9ba8-9bb9ef7d0845,ok,0,0,464,137.229,67,1695,9751,390,292
477,18585.328511592,18585.329004994,,1,GPU-bff95c83-0adb-feb7-9825-359f31b26de8,ok,0,0,464,31.981,38,210,405,439,341
478,18586.328511592,18586.328948501,,0,GPU-42e33043-7008-2803-9ba8-9bb9ef7d0845,ok,0,0,464,129.073,67,1695,9751,390,341
478,18586.328511592,18586.329009171,,1,GPU-bff95c83-0adb-feb7-9825-359f31b26de8,ok,0,0,464,37.947,38,210,405,439,341
