Kernel Name,index,total_fma_ops,float_flops,half_flops,double_flops,tensor_flops,total_flops,total_flops_with_tensor,shared_ops,external_memory_ops,shared_ratio,global_op_ld_lookup_miss_bytes,global_op_st_lookup_miss_bytes,kernel_duration,accumulated_time,smsp__sass_thread_inst_executed_op_fadd_pred_on.sum,smsp__sass_thread_inst_executed_op_fmul_pred_on.sum,smsp__sass_thread_inst_executed_op_ffma_pred_on.sum,smsp__sass_thread_inst_executed_op_hfma_pred_on.sum,smsp__sass_thread_inst_executed_op_dfma_pred_on.sum,smsp__sass_thread_inst_executed_op_dmul_pred_on.sum,smsp__sass_thread_inst_executed_op_dadd_pred_on.sum,smsp__sass_thread_inst_executed_op_hadd_pred_on.sum,smsp__sass_thread_inst_executed_op_hmul_pred_on.sum,sm__ops_path_tensor_src_fp16_dst_fp16.sum,sm__ops_path_tensor_src_fp16_dst_fp32.sum,sm__ops_path_tensor_src_bf16_dst_fp32.sum,sm__ops_path_tensor_src_fp8.sum,sm__ops_path_tensor_src_tf32_dst_fp32.sum,l1tex__t_sectors_pipe_lsu_mem_global_op_ld_lookup_miss.sum,l1tex__t_sectors_pipe_lsu_mem_global_op_st_lookup_miss.sum
"void native::vectorized_elementwise_kernel<2, native::FillFunctor<long>, std::array<char *, 1>>(int, T2, T3)",1,0.0,0.0,0,0,0.0,0.0,0.0,0.0,1.0,0.0,0.0,32.0,2.432,2.432,0.0,0.0,0.0,0,0,0,0,0,0,0.0,0.0,0,0,0.0,0.0,1.0
"void native::vectorized_elementwise_kernel<2, native::FillFunctor<long>, std::array<char *, 1>>(int, T2, T3)",2,0.0,0.0,0,0,0.0,0.0,0.0,0.0,1.0,0.0,0.0,32.0,2.08,4.5120000000000005,0.0,0.0,0.0,0,0,0,0,0,0,0.0,0.0,0,0,0.0,0.0,1.0
"void native::vectorized_elementwise_kernel<4, native::FillFunctor<bool>, std::array<char *, 1>>(int, T2, T3)",3,0.0,0.0,0,0,0.0,0.0,0.0,0.0,1.0,0.0,0.0,32.0,2.208,6.720000000000001,0.0,0.0,0.0,0,0,0,0,0,0,0.0,0.0,0,0,0.0,0.0,1.0
"void native::vectorized_elementwise_kernel<4, native::BinaryFunctor<long, long, bool, native::<unnamed>::CompareEqFunctor<long>>, std::array<char *, 3>>(int, T2, T3)",4,0.0,0.0,0,0,0.0,0.0,0.0,0.0,3.0,0.0,64.0,32.0,2.688,9.408000000000001,0.0,0.0,0.0,0,0,0,0,0,0,0.0,0.0,0,0,0.0,2.0,1.0
"void native::vectorized_elementwise_kernel<4, void native::compare_scalar_kernel<long>(at::TensorIteratorBase &, native::<unnamed>::OpType, T1)::[lambda(long) (instance 1)], std::array<char *, 2>>(int, T2, T3)",5,0.0,0.0,0,0,0.0,0.0,0.0,0.0,2.0,0.0,32.0,32.0,2.976,12.384,0.0,0.0,0.0,0,0,0,0,0,0,0.0,0.0,0,0,0.0,1.0,1.0
"void native::elementwise_kernel<128, 4, void native::gpu_kernel_impl_nocast<native::BinaryFunctor<long, long, bool, native::<unnamed>::CompareEqFunctor<long>>>(at::TensorIteratorBase &, const T1 &)::[lambda(int) (instance 1)]>(int, T3)",6,0.0,0.0,0,0,0.0,0.0,0.0,0.0,3.0,0.0,64.0,32.0,3.008,15.392,0.0,0.0,0.0,0,0,0,0,0,0,0.0,0.0,0,0,0.0,2.0,1.0
"void native::unrolled_elementwise_kernel<native::direct_copy_kernel_cuda(at::TensorIteratorBase &)::[lambda() (instance 3)]::operator ()() const::[lambda() (instance 4)]::operator ()() const::[lambda(long) (instance 1)], std::array<char *, 2>, 8, TrivialOffsetCalculator<1, unsigned int>, TrivialOffsetCalculator<1, unsigned int>, memory::LoadWithCast<1>, memory::StoreWithCast<1>>(int, T1, T2, T4, T5, T6, T7)",7,0.0,0.0,0,0,0.0,0.0,0.0,0.0,2.0,0.0,32.0,32.0,4.224,19.616,0.0,0.0,0.0,0,0,0,0,0,0,0.0,0.0,0,0,0.0,1.0,1.0
"void native::reduce_kernel<512, 1, native::ReduceOp<long, native::func_wrapper_t<long, native::sum_functor<long, long, long>::operator ()(at::TensorIterator &)::[lambda(long, long) (instance 1)]>, unsigned int, long, 4, 4>>(T3)",8,0.0,0.0,0,0,0.0,0.0,0.0,0.0,2.0,0.0,32.0,32.0,4.576,24.192,0.0,0.0,0.0,0,0,0,0,0,0,0.0,0.0,0,0,0.0,1.0,1.0
"void native::vectorized_elementwise_kernel<4, void native::compare_scalar_kernel<long>(at::TensorIteratorBase &, native::<unnamed>::OpType, T1)::[lambda(long) (instance 1)], std::array<char *, 2>>(int, T2, T3)",9,0.0,0.0,0,0,0.0,0.0,0.0,0.0,2.0,0.0,32.0,32.0,2.88,27.072,0.0,0.0,0.0,0,0,0,0,0,0,0.0,0.0,0,0,0.0,1.0,1.0
"void native::vectorized_elementwise_kernel<2, native::FillFunctor<long>, std::array<char *, 1>>(int, T2, T3)",10,0.0,0.0,0,0,0.0,0.0,0.0,0.0,1.0,0.0,0.0,32.0,2.112,29.183999999999997,0.0,0.0,0.0,0,0,0,0,0,0,0.0,0.0,0,0,0.0,0.0,1.0
"void native::vectorized_elementwise_kernel<2, native::FillFunctor<long>, std::array<char *, 1>>(int, T2, T3)",11,0.0,0.0,0,0,0.0,0.0,0.0,0.0,1.0,0.0,0.0,32.0,2.336,31.519999999999996,0.0,0.0,0.0,0,0,0,0,0,0,0.0,0.0,0,0,0.0,0.0,1.0
"void at_cuda_detail::DeviceScanInitKernel<at_cuda_detail::ScanTileState<long, 1>>(T1, int)",12,0.0,0.0,0,0,0.0,0.0,0.0,0.0,2.0,0.0,0.0,544.0,2.176,33.696,0.0,0.0,0.0,0,0,0,0,0,0,0.0,0.0,0,0,0.0,0.0,17.0
"void at_cuda_detail::DeviceScanKernel<at_cuda_detail::DeviceScanPolicy<long, std::plus<long>>::Policy900, const long *, long *, at_cuda_detail::ScanTileState<long, 1>, std::plus<long>, at_cuda_detail::NullType, unsigned int, long, 0>(T2, T3, T4, int, T5, T6, T7)",13,0.0,0.0,0,0,0.0,0.0,0.0,129.0,6.0,0.9555555555555556,32.0,32.0,3.328,37.024,0.0,0.0,0.0,0,0,0,0,0,0,0.0,0.0,0,0,0.0,1.0,1.0
"void native::vectorized_elementwise_kernel<2, native::CUDAFunctorOnSelf_add<long>, std::array<char *, 2>>(int, T2, T3)",14,0.0,0.0,0,0,0.0,0.0,0.0,0.0,2.0,0.0,32.0,32.0,2.56,39.584,0.0,0.0,0.0,0,0,0,0,0,0,0.0,0.0,0,0,0.0,1.0,1.0
"void native::vectorized_elementwise_kernel<4, void native::compare_scalar_kernel<long>(at::TensorIteratorBase &, native::<unnamed>::OpType, T1)::[lambda(long) (instance 1)], std::array<char *, 2>>(int, T2, T3)",15,0.0,0.0,0,0,0.0,0.0,0.0,0.0,2.0,0.0,32.0,32.0,2.88,42.464000000000006,0.0,0.0,0.0,0,0,0,0,0,0,0.0,0.0,0,0,0.0,1.0,1.0
"void native::tensor_kernel_scan_innermost_dim<long, std::plus<long>>(T1 *, const T1 *, unsigned int, unsigned int, unsigned int, T1, T2)",16,0.0,0.0,0,0,0.0,0.0,0.0,56.0,4.0,0.9333333333333333,32.0,32.0,3.456,45.92000000000001,0.0,0.0,0.0,0,0,0,0,0,0,0.0,0.0,0,0,0.0,1.0,1.0
"void native::vectorized_elementwise_kernel<2, native::CUDAFunctorOnSelf_add<long>, std::array<char *, 2>>(int, T2, T3)",17,0.0,0.0,0,0,0.0,0.0,0.0,0.0,2.0,0.0,32.0,32.0,2.56,48.48000000000001,0.0,0.0,0.0,0,0,0,0,0,0,0.0,0.0,0,0,0.0,1.0,1.0
"void native::vectorized_elementwise_kernel<4, native::AUnaryFunctor<long, long, bool, native::<unnamed>::CompareEqFunctor<long>>, std::array<char *, 2>>(int, T2, T3)",18,0.0,0.0,0,0,0.0,0.0,0.0,0.0,2.0,0.0,32.0,32.0,2.688,51.16800000000001,0.0,0.0,0.0,0,0,0,0,0,0,0.0,0.0,0,0,0.0,1.0,1.0
"void native::vectorized_elementwise_kernel<2, native::<unnamed>::masked_fill_kernel(at::TensorIterator &, const c10::Scalar &)::[lambda() (instance 1)]::operator ()() const::[lambda() (instance 4)]::operator ()() const::[lambda(long, bool) (instance 1)], std::array<char *, 3>>(int, T2, T3)",19,0.0,0.0,0,0,0.0,0.0,0.0,0.0,3.0,0.0,64.0,0.0,2.88,54.048000000000016,0.0,0.0,0.0,0,0,0,0,0,0,0.0,0.0,0,0,0.0,2.0,0.0
"void native::<unnamed>::indexSelectSmallIndex<float, long, unsigned int, 2, 2, (int)-2>(cuda::TensorInfo<T1, T3>, cuda::TensorInfo<const T1, T3>, cuda::TensorInfo<const T2, T3>, int, int, T3, long)",20,0.0,0.0,0,0,0.0,0.0,0.0,0.0,768.0,0.0,8704.0,32768.0,4.992,59.04000000000001,0.0,0.0,0.0,0,0,0,0,0,0,0.0,0.0,0,0,0.0,272.0,1024.0
"void native::<unnamed>::indexSelectSmallIndex<float, long, unsigned int, 2, 2, (int)-2>(cuda::TensorInfo<T1, T3>, cuda::TensorInfo<const T1, T3>, cuda::TensorInfo<const T2, T3>, int, int, T3, long)",21,0.0,0.0,0,0,0.0,0.0,0.0,0.0,768.0,0.0,8704.0,32768.0,5.056,64.09600000000002,0.0,0.0,0.0,0,0,0,0,0,0,0.0,0.0,0,0,0.0,272.0,1024.0
"void native::vectorized_elementwise_kernel<4, native::CUDAFunctor_add<float>, std::array<char *, 3>>(int, T2, T3)",22,8192.0,16384.0,0,0,0.0,16384.0,16384.0,0.0,192.0,0.0,65536.0,32768.0,2.944,67.04000000000002,0.0,0.0,8192.0,0,0,0,0,0,0,0.0,0.0,0,0,0.0,2048.0,1024.0
"void native::unrolled_elementwise_kernel<native::direct_copy_kernel_cuda(at::TensorIteratorBase &)::[lambda() (instance 3)]::operator ()() const::[lambda() (instance 11)]::operator ()() const::[lambda(bool) (instance 1)], std::array<char *, 2>, 8, TrivialOffsetCalculator<1, unsigned int>, TrivialOffsetCalculator<1, unsigned int>, memory::LoadWithCast<1>, memory::StoreWithCast<1>>(int, T1, T2, T4, T5, T6, T7)",23,0.0,0.0,0,0,0.0,0.0,0.0,0.0,2.0,0.0,32.0,32.0,3.712,70.75200000000002,0.0,0.0,0.0,0,0,0,0,0,0,0.0,0.0,0,0,0.0,1.0,1.0
"void native::reduce_kernel<512, 1, native::ReduceOp<bool, native::func_wrapper_t<bool, native::and_kernel_cuda(at::TensorIterator &)::[lambda() (instance 1)]::operator ()() const::[lambda() (instance 12)]::operator ()() const::[lambda(bool, bool) (instance 1)]>, unsigned int, bool, 4, 4>>(T3)",24,0.0,0.0,0,0,0.0,0.0,0.0,0.0,2.0,0.0,32.0,32.0,4.704,75.45600000000002,0.0,0.0,0.0,0,0,0,0,0,0,0.0,0.0,0,0,0.0,1.0,1.0
"void native::<unnamed>::vectorized_layer_norm_kernel<float, float>(int, T2, const T1 *, const T1 *, const T1 *, T2 *, T2 *, T1 *)",25,51268.0,175348.0,0,0,0.0,175348.0,175348.0,80.0,712.0,0.10101010101010101,98304.0,33024.0,8.032,83.48800000000001,51760.0,21052.0,51268.0,0,0,0,0,0,0,0.0,0.0,0,0,0.0,3072.0,1032.0
void cutlass::Kernel2<cutlass_80_simt_sgemm_128x32_8x5_nn_align1>(T1::Params),26,402653184.0,805896192.0,0,0,0.0,805896192.0,805896192.0,1218240.0,2304.0,0.998112317130722,51900416.0,294912.0,67.168,150.656,0.0,589824.0,402653184.0,0,0,0,0,0,0,0.0,0.0,0,0,0.0,1621888.0,9216.0
"void cublasLt::splitKreduce_kernel<32, 16, int, float, float, float, float, 0, float, float, float, 1, 1, 0>(cublasLt::cublasSplitKParams<T6>, const T4 *, const T10 *, T9 *, T5 *, const T6 *, const T6 *, const T11 *, const T4 *, T11 *, void *, long, T6 *, int *, T6 *, T6 *, const T6 *, const T6 *, const T6 *, const T6 *, const T6 *)",27,0.0,122880.0,0,0,0.0,122880.0,122880.0,0.0,7680.0,0.0,319488.0,98304.0,4.832,155.488,98304.0,24576.0,0.0,0,0,0,0,0,0,0.0,0.0,0,0,0.0,9984.0,3072.0
"void native::<unnamed>::CatArrayBatchedCopy<native::<unnamed>::OpaqueType<4>, unsigned int, 4, 64, 64>(T1 *, native::<unnamed>::CatArrInputTensorMetadata<T1, T2, T4, T5>, native::<unnamed>::TensorSizeStride<T2, 4>, int, T2)",28,0.0,0.0,0,0,0.0,0.0,0.0,0.0,512.0,0.0,32768.0,32768.0,4.416,159.904,0.0,0.0,0.0,0,0,0,0,0,0,0.0,0.0,0,0,0.0,1024.0,1024.0
"void native::<unnamed>::CatArrayBatchedCopy<native::<unnamed>::OpaqueType<4>, unsigned int, 4, 64, 64>(T1 *, native::<unnamed>::CatArrInputTensorMetadata<T1, T2, T4, T5>, native::<unnamed>::TensorSizeStride<T2, 4>, int, T2)",29,0.0,0.0,0,0,0.0,0.0,0.0,0.0,512.0,0.0,32768.0,32768.0,4.416,164.32,0.0,0.0,0.0,0,0,0,0,0,0,0.0,0.0,0,0,0.0,1024.0,1024.0
"fmha_cutlassF_f32_aligned_64x64_rf_sm80(PyTorchMemEffAttention::AttentionKernel<float, arch::Sm80, 1, 64, 64, 64, 1, 1>::Params)",30,262144.0,8708096.0,0,0,0.0,8708096.0,8708096.0,68096.0,128.0,0.99812382739212,98304.0,32768.0,26.752,191.072,6586368.0,1597440.0,262144.0,0,0,0,0,0,0,0.0,0.0,0,0,0.0,3072.0,1024.0
ampere_sgemm_32x32_sliced1x4_nn,31,138412032.0,278200320.0,0,0,0.0,278200320.0,278200320.0,724992.0,148736.0,0.8297685320832112,18489952.0,98304.0,33.696,224.768,589824.0,786432.0,138412032.0,0,0,0,0,0,0,0.0,0.0,0,0,0.0,577811.0,3072.0
"void cublasLt::splitKreduce_kernel<32, 16, int, float, float, float, float, 0, float, float, float, 1, 1, 0>(cublasLt::cublasSplitKParams<T6>, const T4 *, const T10 *, T9 *, T5 *, const T6 *, const T6 *, const T11 *, const T4 *, T11 *, void *, long, T6 *, int *, T6 *, T6 *, const T6 *, const T6 *, const T6 *, const T6 *, const T6 *)",32,0.0,40960.0,0,0,0.0,40960.0,40960.0,0.0,2560.0,0.0,106496.0,32768.0,3.424,228.192,32768.0,8192.0,0.0,0,0,0,0,0,0,0.0,0.0,0,0,0.0,3328.0,1024.0
"void native::vectorized_elementwise_kernel<4, native::CUDAFunctor_add<float>, std::array<char *, 3>>(int, T2, T3)",33,8192.0,16384.0,0,0,0.0,16384.0,16384.0,0.0,192.0,0.0,65536.0,32768.0,2.72,230.912,0.0,0.0,8192.0,0,0,0,0,0,0,0.0,0.0,0,0,0.0,2048.0,1024.0
"void native::<unnamed>::vectorized_layer_norm_kernel<float, float>(int, T2, const T1 *, const T1 *, const T1 *, T2 *, T2 *, T1 *)",34,51268.0,175348.0,0,0,0.0,175348.0,175348.0,80.0,712.0,0.10101010101010101,98304.0,33024.0,8.192,239.104,51760.0,21052.0,51268.0,0,0,0,0,0,0,0.0,0.0,0,0,0.0,3072.0,1032.0
ampere_sgemm_32x32_sliced1x4_nn,35,537133056.0,1076101120.0,0,0,0.0,1076101120.0,1076101120.0,2686976.0,591872.0,0.8194878201124297,72461440.0,131072.0,126.752,365.856,786432.0,1048576.0,537133056.0,0,0,0,0,0,0,0.0,0.0,0,0,0.0,2264420.0,4096.0
"void native::vectorized_elementwise_kernel<4, native::AUnaryFunctor<float, float, float, binary_internal::MulFunctor<float>>, std::array<char *, 2>>(int, T2, T3)",36,0.0,32768.0,0,0,0.0,32768.0,32768.0,0.0,512.0,0.0,131072.0,131072.0,2.592,368.448,0.0,32768.0,0.0,0,0,0,0,0,0,0.0,0.0,0,0,0.0,4096.0,4096.0
"void native::vectorized_elementwise_kernel<4, void native::<unnamed>::pow_tensor_scalar_kernel_impl<float, float>(at::TensorIteratorBase &, T2)::[lambda(float) (instance 2)], std::array<char *, 2>>(int, T2, T3)",37,0.0,65536.0,0,0,0.0,65536.0,65536.0,0.0,512.0,0.0,131072.0,131072.0,2.688,371.13599999999997,0.0,65536.0,0.0,0,0,0,0,0,0,0.0,0.0,0,0,0.0,4096.0,4096.0
"void native::vectorized_elementwise_kernel<4, native::AUnaryFunctor<float, float, float, binary_internal::MulFunctor<float>>, std::array<char *, 2>>(int, T2, T3)",38,0.0,32768.0,0,0,0.0,32768.0,32768.0,0.0,512.0,0.0,131072.0,131072.0,2.656,373.792,0.0,32768.0,0.0,0,0,0,0,0,0,0.0,0.0,0,0,0.0,4096.0,4096.0
"void native::vectorized_elementwise_kernel<4, native::CUDAFunctor_add<float>, std::array<char *, 3>>(int, T2, T3)",39,32768.0,65536.0,0,0,0.0,65536.0,65536.0,0.0,768.0,0.0,262144.0,131072.0,2.784,376.57599999999996,0.0,0.0,32768.0,0,0,0,0,0,0,0.0,0.0,0,0,0.0,8192.0,4096.0
"void native::vectorized_elementwise_kernel<4, native::AUnaryFunctor<float, float, float, binary_internal::MulFunctor<float>>, std::array<char *, 2>>(int, T2, T3)",40,0.0,32768.0,0,0,0.0,32768.0,32768.0,0.0,512.0,0.0,131072.0,131072.0,2.656,379.23199999999997,0.0,32768.0,0.0,0,0,0,0,0,0,0.0,0.0,0,0,0.0,4096.0,4096.0
"void native::vectorized_elementwise_kernel<4, native::tanh_kernel_cuda(at::TensorIteratorBase &)::[lambda() (instance 2)]::operator ()() const::[lambda() (instance 2)]::operator ()() const::[lambda(float) (instance 1)], std::array<char *, 2>>(int, T2, T3)",41,182764.0,463832.0,0,0,0.0,463832.0,463832.0,0.0,512.0,0.0,131072.0,131072.0,2.944,382.176,32768.0,65536.0,182764.0,0,0,0,0,0,0,0.0,0.0,0,0,0.0,4096.0,4096.0
"void native::vectorized_elementwise_kernel<4, native::CUDAFunctorOnSelf_add<float>, std::array<char *, 2>>(int, T2, T3)",42,32768.0,65536.0,0,0,0.0,65536.0,65536.0,0.0,512.0,0.0,131072.0,131072.0,2.656,384.832,0.0,0.0,32768.0,0,0,0,0,0,0,0.0,0.0,0,0,0.0,4096.0,4096.0
"void native::vectorized_elementwise_kernel<4, native::BinaryFunctor<float, float, float, binary_internal::MulFunctor<float>>, std::array<char *, 3>>(int, T2, T3)",43,0.0,32768.0,0,0,0.0,32768.0,32768.0,0.0,768.0,0.0,262144.0,131072.0,2.912,387.74399999999997,0.0,32768.0,0.0,0,0,0,0,0,0,0.0,0.0,0,0,0.0,8192.0,4096.0
ampere_sgemm_128x32_sliced1x4_nn,44,545259520.0,1092812800.0,0,0,0.0,1092812800.0,1092812800.0,1802880.0,542208.0,0.7687899132143442,68931616.0,163840.0,87.68,475.424,983040.0,1310720.0,545259520.0,0,0,0,0,0,0,0.0,0.0,0,0,0.0,2154113.0,5120.0
"void cublasLt::splitKreduce_kernel<32, 16, int, float, float, float, float, 0, float, float, float, 1, 1, 0>(cublasLt::cublasSplitKParams<T6>, const T4 *, const T10 *, T9 *, T5 *, const T6 *, const T6 *, const T11 *, const T4 *, T11 *, void *, long, T6 *, int *, T6 *, T6 *, const T6 *, const T6 *, const T6 *, const T6 *, const T6 *)",45,0.0,57344.0,0,0,0.0,57344.0,57344.0,0.0,3072.0,0.0,172032.0,32768.0,3.616,479.03999999999996,49152.0,8192.0,0.0,0,0,0,0,0,0,0.0,0.0,0,0,0.0,5376.0,1024.0
"void native::vectorized_elementwise_kernel<4, native::CUDAFunctor_add<float>, std::array<char *, 3>>(int, T2, T3)",46,8192.0,16384.0,0,0,0.0,16384.0,16384.0,0.0,192.0,0.0,65536.0,32768.0,2.688,481.72799999999995,0.0,0.0,8192.0,0,0,0,0,0,0,0.0,0.0,0,0,0.0,2048.0,1024.0
"void native::<unnamed>::vectorized_layer_norm_kernel<float, float>(int, T2, const T1 *, const T1 *, const T1 *, T2 *, T2 *, T1 *)",47,51268.0,175348.0,0,0,0.0,175348.0,175348.0,80.0,712.0,0.10101010101010101,98304.0,33024.0,8.032,489.75999999999993,51760.0,21052.0,51268.0,0,0,0,0,0,0,0.0,0.0,0,0,0.0,3072.0,1032.0
void cutlass::Kernel2<cutlass_80_simt_sgemm_128x32_8x5_nn_align1>(T1::Params),48,402653184.0,805896192.0,0,0,0.0,805896192.0,805896192.0,1218240.0,2304.0,0.998112317130722,51893728.0,294912.0,67.104,556.8639999999999,0.0,589824.0,402653184.0,0,0,0,0,0,0,0.0,0.0,0,0,0.0,1621679.0,9216.0
"void cublasLt::splitKreduce_kernel<32, 16, int, float, float, float, float, 0, float, float, float, 1, 1, 0>(cublasLt::cublasSplitKParams<T6>, const T4 *, const T10 *, T9 *, T5 *, const T6 *, const T6 *, const T11 *, const T4 *, T11 *, void *, long, T6 *, int *, T6 *, T6 *, const T6 *, const T6 *, const T6 *, const T6 *, const T6 *)",49,0.0,122880.0,0,0,0.0,122880.0,122880.0,0.0,7680.0,0.0,319488.0,98304.0,4.832,561.6959999999999,98304.0,24576.0,0.0,0,0,0,0,0,0,0.0,0.0,0,0,0.0,9984.0,3072.0
"void native::<unnamed>::CatArrayBatchedCopy<native::<unnamed>::OpaqueType<4>, unsigned int, 4, 64, 64>(T1 *, native::<unnamed>::CatArrInputTensorMetadata<T1, T2, T4, T5>, native::<unnamed>::TensorSizeStride<T2, 4>, int, T2)",50,0.0,0.0,0,0,0.0,0.0,0.0,0.0,512.0,0.0,32768.0,32768.0,4.416,566.112,0.0,0.0,0.0,0,0,0,0,0,0,0.0,0.0,0,0,0.0,1024.0,1024.0
"void native::<unnamed>::CatArrayBatchedCopy<native::<unnamed>::OpaqueType<4>, unsigned int, 4, 64, 64>(T1 *, native::<unnamed>::CatArrInputTensorMetadata<T1, T2, T4, T5>, native::<unnamed>::TensorSizeStride<T2, 4>, int, T2)",51,0.0,0.0,0,0,0.0,0.0,0.0,0.0,512.0,0.0,32768.0,32768.0,4.48,570.592,0.0,0.0,0.0,0,0,0,0,0,0,0.0,0.0,0,0,0.0,1024.0,1024.0
"fmha_cutlassF_f32_aligned_64x64_rf_sm80(PyTorchMemEffAttention::AttentionKernel<float, arch::Sm80, 1, 64, 64, 64, 1, 1>::Params)",52,262144.0,8708096.0,0,0,0.0,8708096.0,8708096.0,68096.0,128.0,0.99812382739212,98304.0,32768.0,25.76,596.352,6586368.0,1597440.0,262144.0,0,0,0,0,0,0,0.0,0.0,0,0,0.0,3072.0,1024.0
ampere_sgemm_32x32_sliced1x4_nn,53,138412032.0,278200320.0,0,0,0.0,278200320.0,278200320.0,724992.0,148736.0,0.8297685320832112,18496960.0,98304.0,33.76,630.112,589824.0,786432.0,138412032.0,0,0,0,0,0,0,0.0,0.0,0,0,0.0,578030.0,3072.0
"void cublasLt::splitKreduce_kernel<32, 16, int, float, float, float, float, 0, float, float, float, 1, 1, 0>(cublasLt::cublasSplitKParams<T6>, const T4 *, const T10 *, T9 *, T5 *, const T6 *, const T6 *, const T11 *, const T4 *, T11 *, void *, long, T6 *, int *, T6 *, T6 *, const T6 *, const T6 *, const T6 *, const T6 *, const T6 *)",54,0.0,40960.0,0,0,0.0,40960.0,40960.0,0.0,2560.0,0.0,106496.0,32768.0,3.424,633.536,32768.0,8192.0,0.0,0,0,0,0,0,0,0.0,0.0,0,0,0.0,3328.0,1024.0
"void native::vectorized_elementwise_kernel<4, native::CUDAFunctor_add<float>, std::array<char *, 3>>(int, T2, T3)",55,8192.0,16384.0,0,0,0.0,16384.0,16384.0,0.0,192.0,0.0,65536.0,32768.0,2.784,636.3199999999999,0.0,0.0,8192.0,0,0,0,0,0,0,0.0,0.0,0,0,0.0,2048.0,1024.0
"void native::<unnamed>::vectorized_layer_norm_kernel<float, float>(int, T2, const T1 *, const T1 *, const T1 *, T2 *, T2 *, T1 *)",56,51268.0,175348.0,0,0,0.0,175348.0,175348.0,80.0,712.0,0.10101010101010101,98304.0,33024.0,8.064,644.3839999999999,51760.0,21052.0,51268.0,0,0,0,0,0,0,0.0,0.0,0,0,0.0,3072.0,1032.0
ampere_sgemm_32x32_sliced1x4_nn,57,537133056.0,1076101120.0,0,0,0.0,1076101120.0,1076101120.0,2686976.0,591872.0,0.8194878201124297,72535040.0,131072.0,127.552,771.9359999999999,786432.0,1048576.0,537133056.0,0,0,0,0,0,0,0.0,0.0,0,0,0.0,2266720.0,4096.0
"void native::vectorized_elementwise_kernel<4, native::AUnaryFunctor<float, float, float, binary_internal::MulFunctor<float>>, std::array<char *, 2>>(int, T2, T3)",58,0.0,32768.0,0,0,0.0,32768.0,32768.0,0.0,512.0,0.0,131072.0,131072.0,2.624,774.56,0.0,32768.0,0.0,0,0,0,0,0,0,0.0,0.0,0,0,0.0,4096.0,4096.0
"void native::vectorized_elementwise_kernel<4, void native::<unnamed>::pow_tensor_scalar_kernel_impl<float, float>(at::TensorIteratorBase &, T2)::[lambda(float) (instance 2)], std::array<char *, 2>>(int, T2, T3)",59,0.0,65536.0,0,0,0.0,65536.0,65536.0,0.0,512.0,0.0,131072.0,131072.0,2.72,777.28,0.0,65536.0,0.0,0,0,0,0,0,0,0.0,0.0,0,0,0.0,4096.0,4096.0
"void native::vectorized_elementwise_kernel<4, native::AUnaryFunctor<float, float, float, binary_internal::MulFunctor<float>>, std::array<char *, 2>>(int, T2, T3)",60,0.0,32768.0,0,0,0.0,32768.0,32768.0,0.0,512.0,0.0,131072.0,131072.0,2.624,779.904,0.0,32768.0,0.0,0,0,0,0,0,0,0.0,0.0,0,0,0.0,4096.0,4096.0
"void native::vectorized_elementwise_kernel<4, native::CUDAFunctor_add<float>, std::array<char *, 3>>(int, T2, T3)",61,32768.0,65536.0,0,0,0.0,65536.0,65536.0,0.0,768.0,0.0,262144.0,131072.0,2.976,782.88,0.0,0.0,32768.0,0,0,0,0,0,0,0.0,0.0,0,0,0.0,8192.0,4096.0
"void native::vectorized_elementwise_kernel<4, native::AUnaryFunctor<float, float, float, binary_internal::MulFunctor<float>>, std::array<char *, 2>>(int, T2, T3)",62,0.0,32768.0,0,0,0.0,32768.0,32768.0,0.0,512.0,0.0,131072.0,131072.0,2.656,785.536,0.0,32768.0,0.0,0,0,0,0,0,0,0.0,0.0,0,0,0.0,4096.0,4096.0
"void native::vectorized_elementwise_kernel<4, native::tanh_kernel_cuda(at::TensorIteratorBase &)::[lambda() (instance 2)]::operator ()() const::[lambda() (instance 2)]::operator ()() const::[lambda(float) (instance 1)], std::array<char *, 2>>(int, T2, T3)",63,183168.0,464640.0,0,0,0.0,464640.0,464640.0,0.0,512.0,0.0,131072.0,131072.0,2.912,788.448,32768.0,65536.0,183168.0,0,0,0,0,0,0,0.0,0.0,0,0,0.0,4096.0,4096.0
"void native::vectorized_elementwise_kernel<4, native::CUDAFunctorOnSelf_add<float>, std::array<char *, 2>>(int, T2, T3)",64,32768.0,65536.0,0,0,0.0,65536.0,65536.0,0.0,512.0,0.0,131072.0,131072.0,2.624,791.072,0.0,0.0,32768.0,0,0,0,0,0,0,0.0,0.0,0,0,0.0,4096.0,4096.0
"void native::vectorized_elementwise_kernel<4, native::BinaryFunctor<float, float, float, binary_internal::MulFunctor<float>>, std::array<char *, 3>>(int, T2, T3)",65,0.0,32768.0,0,0,0.0,32768.0,32768.0,0.0,768.0,0.0,262144.0,131072.0,2.976,794.048,0.0,32768.0,0.0,0,0,0,0,0,0,0.0,0.0,0,0,0.0,8192.0,4096.0
ampere_sgemm_128x32_sliced1x4_nn,66,545259520.0,1092812800.0,0,0,0.0,1092812800.0,1092812800.0,1802880.0,542208.0,0.7687899132143442,68933536.0,163840.0,87.04,881.088,983040.0,1310720.0,545259520.0,0,0,0,0,0,0,0.0,0.0,0,0,0.0,2154173.0,5120.0
"void cublasLt::splitKreduce_kernel<32, 16, int, float, float, float, float, 0, float, float, float, 1, 1, 0>(cublasLt::cublasSplitKParams<T6>, const T4 *, const T10 *, T9 *, T5 *, const T6 *, const T6 *, const T11 *, const T4 *, T11 *, void *, long, T6 *, int *, T6 *, T6 *, const T6 *, const T6 *, const T6 *, const T6 *, const T6 *)",67,0.0,57344.0,0,0,0.0,57344.0,57344.0,0.0,3072.0,0.0,172032.0,32768.0,3.648,884.736,49152.0,8192.0,0.0,0,0,0,0,0,0,0.0,0.0,0,0,0.0,5376.0,1024.0
"void native::vectorized_elementwise_kernel<4, native::CUDAFunctor_add<float>, std::array<char *, 3>>(int, T2, T3)",68,8192.0,16384.0,0,0,0.0,16384.0,16384.0,0.0,192.0,0.0,65536.0,32768.0,2.656,887.3919999999999,0.0,0.0,8192.0,0,0,0,0,0,0,0.0,0.0,0,0,0.0,2048.0,1024.0
"void native::<unnamed>::vectorized_layer_norm_kernel<float, float>(int, T2, const T1 *, const T1 *, const T1 *, T2 *, T2 *, T1 *)",69,51268.0,175348.0,0,0,0.0,175348.0,175348.0,80.0,712.0,0.10101010101010101,98304.0,33024.0,8.16,895.5519999999999,51760.0,21052.0,51268.0,0,0,0,0,0,0,0.0,0.0,0,0,0.0,3072.0,1032.0
void cutlass::Kernel2<cutlass_80_simt_sgemm_128x32_8x5_nn_align1>(T1::Params),70,402653184.0,805896192.0,0,0,0.0,805896192.0,805896192.0,1218240.0,2304.0,0.998112317130722,51900448.0,294912.0,67.072,962.6239999999999,0.0,589824.0,402653184.0,0,0,0,0,0,0,0.0,0.0,0,0,0.0,1621889.0,9216.0
"void cublasLt::splitKreduce_kernel<32, 16, int, float, float, float, float, 0, float, float, float, 1, 1, 0>(cublasLt::cublasSplitKParams<T6>, const T4 *, const T10 *, T9 *, T5 *, const T6 *, const T6 *, const T11 *, const T4 *, T11 *, void *, long, T6 *, int *, T6 *, T6 *, const T6 *, const T6 *, const T6 *, const T6 *, const T6 *)",71,0.0,122880.0,0,0,0.0,122880.0,122880.0,0.0,7680.0,0.0,319488.0,98304.0,4.896,967.5199999999999,98304.0,24576.0,0.0,0,0,0,0,0,0,0.0,0.0,0,0,0.0,9984.0,3072.0
"void native::<unnamed>::CatArrayBatchedCopy<native::<unnamed>::OpaqueType<4>, unsigned int, 4, 64, 64>(T1 *, native::<unnamed>::CatArrInputTensorMetadata<T1, T2, T4, T5>, native::<unnamed>::TensorSizeStride<T2, 4>, int, T2)",72,0.0,0.0,0,0,0.0,0.0,0.0,0.0,512.0,0.0,32768.0,32768.0,4.448,971.9679999999998,0.0,0.0,0.0,0,0,0,0,0,0,0.0,0.0,0,0,0.0,1024.0,1024.0
"void native::<unnamed>::CatArrayBatchedCopy<native::<unnamed>::OpaqueType<4>, unsigned int, 4, 64, 64>(T1 *, native::<unnamed>::CatArrInputTensorMetadata<T1, T2, T4, T5>, native::<unnamed>::TensorSizeStride<T2, 4>, int, T2)",73,0.0,0.0,0,0,0.0,0.0,0.0,0.0,512.0,0.0,32768.0,32768.0,4.608,976.5759999999998,0.0,0.0,0.0,0,0,0,0,0,0,0.0,0.0,0,0,0.0,1024.0,1024.0
"fmha_cutlassF_f32_aligned_64x64_rf_sm80(PyTorchMemEffAttention::AttentionKernel<float, arch::Sm80, 1, 64, 64, 64, 1, 1>::Params)",74,262144.0,8708096.0,0,0,0.0,8708096.0,8708096.0,68096.0,128.0,0.99812382739212,98304.0,32768.0,25.504,1002.0799999999998,6586368.0,1597440.0,262144.0,0,0,0,0,0,0,0.0,0.0,0,0,0.0,3072.0,1024.0
ampere_sgemm_32x32_sliced1x4_nn,75,138412032.0,278200320.0,0,0,0.0,278200320.0,278200320.0,724992.0,148736.0,0.8297685320832112,18502656.0,98304.0,34.016,1036.0959999999998,589824.0,786432.0,138412032.0,0,0,0,0,0,0,0.0,0.0,0,0,0.0,578208.0,3072.0
"void cublasLt::splitKreduce_kernel<32, 16, int, float, float, float, float, 0, float, float, float, 1, 1, 0>(cublasLt::cublasSplitKParams<T6>, const T4 *, const T10 *, T9 *, T5 *, const T6 *, const T6 *, const T11 *, const T4 *, T11 *, void *, long, T6 *, int *, T6 *, T6 *, const T6 *, const T6 *, const T6 *, const T6 *, const T6 *)",76,0.0,40960.0,0,0,0.0,40960.0,40960.0,0.0,2560.0,0.0,106496.0,32768.0,3.392,1039.4879999999998,32768.0,8192.0,0.0,0,0,0,0,0,0,0.0,0.0,0,0,0.0,3328.0,1024.0
"void native::vectorized_elementwise_kernel<4, native::CUDAFunctor_add<float>, std::array<char *, 3>>(int, T2, T3)",77,8192.0,16384.0,0,0,0.0,16384.0,16384.0,0.0,192.0,0.0,65536.0,32768.0,2.848,1042.3359999999998,0.0,0.0,8192.0,0,0,0,0,0,0,0.0,0.0,0,0,0.0,2048.0,1024.0
"void native::<unnamed>::vectorized_layer_norm_kernel<float, float>(int, T2, const T1 *, const T1 *, const T1 *, T2 *, T2 *, T1 *)",78,51268.0,175348.0,0,0,0.0,175348.0,175348.0,80.0,712.0,0.10101010101010101,98304.0,33024.0,8.128,1050.4639999999997,51760.0,21052.0,51268.0,0,0,0,0,0,0,0.0,0.0,0,0,0.0,3072.0,1032.0
ampere_sgemm_32x32_sliced1x4_nn,79,537133056.0,1076101120.0,0,0,0.0,1076101120.0,1076101120.0,2686976.0,591872.0,0.8194878201124297,72270720.0,131072.0,126.848,1177.3119999999997,786432.0,1048576.0,537133056.0,0,0,0,0,0,0,0.0,0.0,0,0,0.0,2258460.0,4096.0
"void native::vectorized_elementwise_kernel<4, native::AUnaryFunctor<float, float, float, binary_internal::MulFunctor<float>>, std::array<char *, 2>>(int, T2, T3)",80,0.0,32768.0,0,0,0.0,32768.0,32768.0,0.0,512.0,0.0,131072.0,131072.0,2.624,1179.9359999999997,0.0,32768.0,0.0,0,0,0,0,0,0,0.0,0.0,0,0,0.0,4096.0,4096.0
"void native::vectorized_elementwise_kernel<4, void native::<unnamed>::pow_tensor_scalar_kernel_impl<float, float>(at::TensorIteratorBase &, T2)::[lambda(float) (instance 2)], std::array<char *, 2>>(int, T2, T3)",81,0.0,65536.0,0,0,0.0,65536.0,65536.0,0.0,512.0,0.0,131072.0,131072.0,2.752,1182.6879999999996,0.0,65536.0,0.0,0,0,0,0,0,0,0.0,0.0,0,0,0.0,4096.0,4096.0
"void native::vectorized_elementwise_kernel<4, native::AUnaryFunctor<float, float, float, binary_internal::MulFunctor<float>>, std::array<char *, 2>>(int, T2, T3)",82,0.0,32768.0,0,0,0.0,32768.0,32768.0,0.0,512.0,0.0,131072.0,131072.0,2.656,1185.3439999999996,0.0,32768.0,0.0,0,0,0,0,0,0,0.0,0.0,0,0,0.0,4096.0,4096.0
"void native::vectorized_elementwise_kernel<4, native::CUDAFunctor_add<float>, std::array<char *, 3>>(int, T2, T3)",83,32768.0,65536.0,0,0,0.0,65536.0,65536.0,0.0,768.0,0.0,262144.0,131072.0,3.104,1188.4479999999996,0.0,0.0,32768.0,0,0,0,0,0,0,0.0,0.0,0,0,0.0,8192.0,4096.0
"void native::vectorized_elementwise_kernel<4, native::AUnaryFunctor<float, float, float, binary_internal::MulFunctor<float>>, std::array<char *, 2>>(int, T2, T3)",84,0.0,32768.0,0,0,0.0,32768.0,32768.0,0.0,512.0,0.0,131072.0,131072.0,2.592,1191.0399999999997,0.0,32768.0,0.0,0,0,0,0,0,0,0.0,0.0,0,0,0.0,4096.0,4096.0
"void native::vectorized_elementwise_kernel<4, native::tanh_kernel_cuda(at::TensorIteratorBase &)::[lambda() (instance 2)]::operator ()() const::[lambda() (instance 2)]::operator ()() const::[lambda(float) (instance 1)], std::array<char *, 2>>(int, T2, T3)",85,183052.0,464408.0,0,0,0.0,464408.0,464408.0,0.0,512.0,0.0,131072.0,131072.0,2.944,1193.9839999999997,32768.0,65536.0,183052.0,0,0,0,0,0,0,0.0,0.0,0,0,0.0,4096.0,4096.0
"void native::vectorized_elementwise_kernel<4, native::CUDAFunctorOnSelf_add<float>, std::array<char *, 2>>(int, T2, T3)",86,32768.0,65536.0,0,0,0.0,65536.0,65536.0,0.0,512.0,0.0,131072.0,131072.0,2.624,1196.6079999999997,0.0,0.0,32768.0,0,0,0,0,0,0,0.0,0.0,0,0,0.0,4096.0,4096.0
"void native::vectorized_elementwise_kernel<4, native::BinaryFunctor<float, float, float, binary_internal::MulFunctor<float>>, std::array<char *, 3>>(int, T2, T3)",87,0.0,32768.0,0,0,0.0,32768.0,32768.0,0.0,768.0,0.0,262144.0,131072.0,2.88,1199.4879999999998,0.0,32768.0,0.0,0,0,0,0,0,0,0.0,0.0,0,0,0.0,8192.0,4096.0
ampere_sgemm_128x32_sliced1x4_nn,88,545259520.0,1092812800.0,0,0,0.0,1092812800.0,1092812800.0,1802880.0,542208.0,0.7687899132143442,68934688.0,163840.0,86.72,1286.2079999999999,983040.0,1310720.0,545259520.0,0,0,0,0,0,0,0.0,0.0,0,0,0.0,2154209.0,5120.0
"void cublasLt::splitKreduce_kernel<32, 16, int, float, float, float, float, 0, float, float, float, 1, 1, 0>(cublasLt::cublasSplitKParams<T6>, const T4 *, const T10 *, T9 *, T5 *, const T6 *, const T6 *, const T11 *, const T4 *, T11 *, void *, long, T6 *, int *, T6 *, T6 *, const T6 *, const T6 *, const T6 *, const T6 *, const T6 *)",89,0.0,57344.0,0,0,0.0,57344.0,57344.0,0.0,3072.0,0.0,172032.0,32768.0,3.584,1289.792,49152.0,8192.0,0.0,0,0,0,0,0,0,0.0,0.0,0,0,0.0,5376.0,1024.0
"void native::vectorized_elementwise_kernel<4, native::CUDAFunctor_add<float>, std::array<char *, 3>>(int, T2, T3)",90,8192.0,16384.0,0,0,0.0,16384.0,16384.0,0.0,192.0,0.0,65536.0,32768.0,2.784,1292.576,0.0,0.0,8192.0,0,0,0,0,0,0,0.0,0.0,0,0,0.0,2048.0,1024.0
"void native::<unnamed>::vectorized_layer_norm_kernel<float, float>(int, T2, const T1 *, const T1 *, const T1 *, T2 *, T2 *, T1 *)",91,51268.0,175348.0,0,0,0.0,175348.0,175348.0,80.0,712.0,0.10101010101010101,98304.0,33024.0,8.096,1300.672,51760.0,21052.0,51268.0,0,0,0,0,0,0,0.0,0.0,0,0,0.0,3072.0,1032.0
void cutlass::Kernel2<cutlass_80_simt_sgemm_128x32_8x5_nn_align1>(T1::Params),92,402653184.0,805896192.0,0,0,0.0,805896192.0,805896192.0,1218240.0,2304.0,0.998112317130722,51899616.0,294912.0,67.744,1368.416,0.0,589824.0,402653184.0,0,0,0,0,0,0,0.0,0.0,0,0,0.0,1621863.0,9216.0
"void cublasLt::splitKreduce_kernel<32, 16, int, float, float, float, float, 0, float, float, float, 1, 1, 0>(cublasLt::cublasSplitKParams<T6>, const T4 *, const T10 *, T9 *, T5 *, const T6 *, const T6 *, const T11 *, const T4 *, T11 *, void *, long, T6 *, int *, T6 *, T6 *, const T6 *, const T6 *, const T6 *, const T6 *, const T6 *)",93,0.0,122880.0,0,0,0.0,122880.0,122880.0,0.0,7680.0,0.0,319488.0,98304.0,4.896,1373.312,98304.0,24576.0,0.0,0,0,0,0,0,0,0.0,0.0,0,0,0.0,9984.0,3072.0
"void native::<unnamed>::CatArrayBatchedCopy<native::<unnamed>::OpaqueType<4>, unsigned int, 4, 64, 64>(T1 *, native::<unnamed>::CatArrInputTensorMetadata<T1, T2, T4, T5>, native::<unnamed>::TensorSizeStride<T2, 4>, int, T2)",94,0.0,0.0,0,0,0.0,0.0,0.0,0.0,512.0,0.0,32768.0,32768.0,4.416,1377.7279999999998,0.0,0.0,0.0,0,0,0,0,0,0,0.0,0.0,0,0,0.0,1024.0,1024.0
"void native::<unnamed>::CatArrayBatchedCopy<native::<unnamed>::OpaqueType<4>, unsigned int, 4, 64, 64>(T1 *, native::<unnamed>::CatArrInputTensorMetadata<T1, T2, T4, T5>, native::<unnamed>::TensorSizeStride<T2, 4>, int, T2)",95,0.0,0.0,0,0,0.0,0.0,0.0,0.0,512.0,0.0,32768.0,32768.0,4.544,1382.272,0.0,0.0,0.0,0,0,0,0,0,0,0.0,0.0,0,0,0.0,1024.0,1024.0
"fmha_cutlassF_f32_aligned_64x64_rf_sm80(PyTorchMemEffAttention::AttentionKernel<float, arch::Sm80, 1, 64, 64, 64, 1, 1>::Params)",96,262144.0,8708096.0,0,0,0.0,8708096.0,8708096.0,68096.0,128.0,0.99812382739212,98304.0,32768.0,25.536,1407.808,6586368.0,1597440.0,262144.0,0,0,0,0,0,0,0.0,0.0,0,0,0.0,3072.0,1024.0
ampere_sgemm_32x32_sliced1x4_nn,97,138412032.0,278200320.0,0,0,0.0,278200320.0,278200320.0,724992.0,148736.0,0.8297685320832112,18501216.0,98304.0,33.792,1441.6,589824.0,786432.0,138412032.0,0,0,0,0,0,0,0.0,0.0,0,0,0.0,578163.0,3072.0
"void cublasLt::splitKreduce_kernel<32, 16, int, float, float, float, float, 0, float, float, float, 1, 1, 0>(cublasLt::cublasSplitKParams<T6>, const T4 *, const T10 *, T9 *, T5 *, const T6 *, const T6 *, const T11 *, const T4 *, T11 *, void *, long, T6 *, int *, T6 *, T6 *, const T6 *, const T6 *, const T6 *, const T6 *, const T6 *)",98,0.0,40960.0,0,0,0.0,40960.0,40960.0,0.0,2560.0,0.0,106496.0,32768.0,3.392,1444.992,32768.0,8192.0,0.0,0,0,0,0,0,0,0.0,0.0,0,0,0.0,3328.0,1024.0
"void native::vectorized_elementwise_kernel<4, native::CUDAFunctor_add<float>, std::array<char *, 3>>(int, T2, T3)",99,8192.0,16384.0,0,0,0.0,16384.0,16384.0,0.0,192.0,0.0,65536.0,32768.0,2.784,1447.776,0.0,0.0,8192.0,0,0,0,0,0,0,0.0,0.0,0,0,0.0,2048.0,1024.0
"void native::<unnamed>::vectorized_layer_norm_kernel<float, float>(int, T2, const T1 *, const T1 *, const T1 *, T2 *, T2 *, T1 *)",100,51268.0,175348.0,0,0,0.0,175348.0,175348.0,80.0,712.0,0.10101010101010101,98304.0,33024.0,8.096,1455.872,51760.0,21052.0,51268.0,0,0,0,0,0,0,0.0,0.0,0,0,0.0,3072.0,1032.0
ampere_sgemm_32x32_sliced1x4_nn,101,537133056.0,1076101120.0,0,0,0.0,1076101120.0,1076101120.0,2686976.0,591872.0,0.8194878201124297,72436608.0,131072.0,126.944,1582.816,786432.0,1048576.0,537133056.0,0,0,0,0,0,0,0.0,0.0,0,0,0.0,2263644.0,4096.0
"void native::vectorized_elementwise_kernel<4, native::AUnaryFunctor<float, float, float, binary_internal::MulFunctor<float>>, std::array<char *, 2>>(int, T2, T3)",102,0.0,32768.0,0,0,0.0,32768.0,32768.0,0.0,512.0,0.0,131072.0,131072.0,2.656,1585.472,0.0,32768.0,0.0,0,0,0,0,0,0,0.0,0.0,0,0,0.0,4096.0,4096.0
"void native::vectorized_elementwise_kernel<4, void native::<unnamed>::pow_tensor_scalar_kernel_impl<float, float>(at::TensorIteratorBase &, T2)::[lambda(float) (instance 2)], std::array<char *, 2>>(int, T2, T3)",103,0.0,65536.0,0,0,0.0,65536.0,65536.0,0.0,512.0,0.0,131072.0,131072.0,2.72,1588.192,0.0,65536.0,0.0,0,0,0,0,0,0,0.0,0.0,0,0,0.0,4096.0,4096.0
"void native::vectorized_elementwise_kernel<4, native::AUnaryFunctor<float, float, float, binary_internal::MulFunctor<float>>, std::array<char *, 2>>(int, T2, T3)",104,0.0,32768.0,0,0,0.0,32768.0,32768.0,0.0,512.0,0.0,131072.0,131072.0,2.624,1590.816,0.0,32768.0,0.0,0,0,0,0,0,0,0.0,0.0,0,0,0.0,4096.0,4096.0
"void native::vectorized_elementwise_kernel<4, native::CUDAFunctor_add<float>, std::array<char *, 3>>(int, T2, T3)",105,32768.0,65536.0,0,0,0.0,65536.0,65536.0,0.0,768.0,0.0,262144.0,131072.0,2.944,1593.76,0.0,0.0,32768.0,0,0,0,0,0,0,0.0,0.0,0,0,0.0,8192.0,4096.0
"void native::vectorized_elementwise_kernel<4, native::AUnaryFunctor<float, float, float, binary_internal::MulFunctor<float>>, std::array<char *, 2>>(int, T2, T3)",106,0.0,32768.0,0,0,0.0,32768.0,32768.0,0.0,512.0,0.0,131072.0,131072.0,2.624,1596.384,0.0,32768.0,0.0,0,0,0,0,0,0,0.0,0.0,0,0,0.0,4096.0,4096.0
"void native::vectorized_elementwise_kernel<4, native::tanh_kernel_cuda(at::TensorIteratorBase &)::[lambda() (instance 2)]::operator ()() const::[lambda() (instance 2)]::operator ()() const::[lambda(float) (instance 1)], std::array<char *, 2>>(int, T2, T3)",107,182884.0,464072.0,0,0,0.0,464072.0,464072.0,0.0,512.0,0.0,131072.0,131072.0,2.848,1599.232,32768.0,65536.0,182884.0,0,0,0,0,0,0,0.0,0.0,0,0,0.0,4096.0,4096.0
"void native::vectorized_elementwise_kernel<4, native::CUDAFunctorOnSelf_add<float>, std::array<char *, 2>>(int, T2, T3)",108,32768.0,65536.0,0,0,0.0,65536.0,65536.0,0.0,512.0,0.0,131072.0,131072.0,2.592,1601.824,0.0,0.0,32768.0,0,0,0,0,0,0,0.0,0.0,0,0,0.0,4096.0,4096.0
"void native::vectorized_elementwise_kernel<4, native::BinaryFunctor<float, float, float, binary_internal::MulFunctor<float>>, std::array<char *, 3>>(int, T2, T3)",109,0.0,32768.0,0,0,0.0,32768.0,32768.0,0.0,768.0,0.0,262144.0,131072.0,2.944,1604.768,0.0,32768.0,0.0,0,0,0,0,0,0,0.0,0.0,0,0,0.0,8192.0,4096.0
ampere_sgemm_128x32_sliced1x4_nn,110,545259520.0,1092812800.0,0,0,0.0,1092812800.0,1092812800.0,1802880.0,542208.0,0.7687899132143442,68934432.0,163840.0,87.2,1691.968,983040.0,1310720.0,545259520.0,0,0,0,0,0,0,0.0,0.0,0,0,0.0,2154201.0,5120.0
"void cublasLt::splitKreduce_kernel<32, 16, int, float, float, float, float, 0, float, float, float, 1, 1, 0>(cublasLt::cublasSplitKParams<T6>, const T4 *, const T10 *, T9 *, T5 *, const T6 *, const T6 *, const T11 *, const T4 *, T11 *, void *, long, T6 *, int *, T6 *, T6 *, const T6 *, const T6 *, const T6 *, const T6 *, const T6 *)",111,0.0,57344.0,0,0,0.0,57344.0,57344.0,0.0,3072.0,0.0,172032.0,32768.0,3.68,1695.6480000000001,49152.0,8192.0,0.0,0,0,0,0,0,0,0.0,0.0,0,0,0.0,5376.0,1024.0
"void native::vectorized_elementwise_kernel<4, native::CUDAFunctor_add<float>, std::array<char *, 3>>(int, T2, T3)",112,8192.0,16384.0,0,0,0.0,16384.0,16384.0,0.0,192.0,0.0,65536.0,32768.0,2.656,1698.304,0.0,0.0,8192.0,0,0,0,0,0,0,0.0,0.0,0,0,0.0,2048.0,1024.0
"void native::<unnamed>::vectorized_layer_norm_kernel<float, float>(int, T2, const T1 *, const T1 *, const T1 *, T2 *, T2 *, T1 *)",113,51268.0,175348.0,0,0,0.0,175348.0,175348.0,80.0,712.0,0.10101010101010101,98304.0,33024.0,8.032,1706.336,51760.0,21052.0,51268.0,0,0,0,0,0,0,0.0,0.0,0,0,0.0,3072.0,1032.0
void cutlass::Kernel2<cutlass_80_simt_sgemm_128x32_8x5_nn_align1>(T1::Params),114,402653184.0,805896192.0,0,0,0.0,805896192.0,805896192.0,1218240.0,2304.0,0.998112317130722,51899936.0,294912.0,67.712,1774.048,0.0,589824.0,402653184.0,0,0,0,0,0,0,0.0,0.0,0,0,0.0,1621873.0,9216.0
"void cublasLt::splitKreduce_kernel<32, 16, int, float, float, float, float, 0, float, float, float, 1, 1, 0>(cublasLt::cublasSplitKParams<T6>, const T4 *, const T10 *, T9 *, T5 *, const T6 *, const T6 *, const T11 *, const T4 *, T11 *, void *, long, T6 *, int *, T6 *, T6 *, const T6 *, const T6 *, const T6 *, const T6 *, const T6 *)",115,0.0,122880.0,0,0,0.0,122880.0,122880.0,0.0,7680.0,0.0,319488.0,98304.0,4.864,1778.912,98304.0,24576.0,0.0,0,0,0,0,0,0,0.0,0.0,0,0,0.0,9984.0,3072.0
"void native::<unnamed>::CatArrayBatchedCopy<native::<unnamed>::OpaqueType<4>, unsigned int, 4, 64, 64>(T1 *, native::<unnamed>::CatArrInputTensorMetadata<T1, T2, T4, T5>, native::<unnamed>::TensorSizeStride<T2, 4>, int, T2)",116,0.0,0.0,0,0,0.0,0.0,0.0,0.0,512.0,0.0,32768.0,32768.0,4.416,1783.328,0.0,0.0,0.0,0,0,0,0,0,0,0.0,0.0,0,0,0.0,1024.0,1024.0
"void native::<unnamed>::CatArrayBatchedCopy<native::<unnamed>::OpaqueType<4>, unsigned int, 4, 64, 64>(T1 *, native::<unnamed>::CatArrInputTensorMetadata<T1, T2, T4, T5>, native::<unnamed>::TensorSizeStride<T2, 4>, int, T2)",117,0.0,0.0,0,0,0.0,0.0,0.0,0.0,512.0,0.0,32768.0,32768.0,4.416,1787.744,0.0,0.0,0.0,0,0,0,0,0,0,0.0,0.0,0,0,0.0,1024.0,1024.0
"fmha_cutlassF_f32_aligned_64x64_rf_sm80(PyTorchMemEffAttention::AttentionKernel<float, arch::Sm80, 1, 64, 64, 64, 1, 1>::Params)",118,262144.0,8708096.0,0,0,0.0,8708096.0,8708096.0,68096.0,128.0,0.99812382739212,98304.0,32768.0,25.376,1813.12,6586368.0,1597440.0,262144.0,0,0,0,0,0,0,0.0,0.0,0,0,0.0,3072.0,1024.0
ampere_sgemm_32x32_sliced1x4_nn,119,138412032.0,278200320.0,0,0,0.0,278200320.0,278200320.0,724992.0,148736.0,0.8297685320832112,18508032.0,98304.0,33.568,1846.6879999999999,589824.0,786432.0,138412032.0,0,0,0,0,0,0,0.0,0.0,0,0,0.0,578376.0,3072.0
"void cublasLt::splitKreduce_kernel<32, 16, int, float, float, float, float, 0, float, float, float, 1, 1, 0>(cublasLt::cublasSplitKParams<T6>, const T4 *, const T10 *, T9 *, T5 *, const T6 *, const T6 *, const T11 *, const T4 *, T11 *, void *, long, T6 *, int *, T6 *, T6 *, const T6 *, const T6 *, const T6 *, const T6 *, const T6 *)",120,0.0,40960.0,0,0,0.0,40960.0,40960.0,0.0,2560.0,0.0,106496.0,32768.0,3.392,1850.08,32768.0,8192.0,0.0,0,0,0,0,0,0,0.0,0.0,0,0,0.0,3328.0,1024.0
"void native::vectorized_elementwise_kernel<4, native::CUDAFunctor_add<float>, std::array<char *, 3>>(int, T2, T3)",121,8192.0,16384.0,0,0,0.0,16384.0,16384.0,0.0,192.0,0.0,65536.0,32768.0,2.816,1852.896,0.0,0.0,8192.0,0,0,0,0,0,0,0.0,0.0,0,0,0.0,2048.0,1024.0
"void native::<unnamed>::vectorized_layer_norm_kernel<float, float>(int, T2, const T1 *, const T1 *, const T1 *, T2 *, T2 *, T1 *)",122,51268.0,175348.0,0,0,0.0,175348.0,175348.0,80.0,712.0,0.10101010101010101,98304.0,33024.0,8.128,1861.024,51760.0,21052.0,51268.0,0,0,0,0,0,0,0.0,0.0,0,0,0.0,3072.0,1032.0
ampere_sgemm_32x32_sliced1x4_nn,123,537133056.0,1076101120.0,0,0,0.0,1076101120.0,1076101120.0,2686976.0,591872.0,0.8194878201124297,72323072.0,131072.0,126.72,1987.744,786432.0,1048576.0,537133056.0,0,0,0,0,0,0,0.0,0.0,0,0,0.0,2260096.0,4096.0
"void native::vectorized_elementwise_kernel<4, native::AUnaryFunctor<float, float, float, binary_internal::MulFunctor<float>>, std::array<char *, 2>>(int, T2, T3)",124,0.0,32768.0,0,0,0.0,32768.0,32768.0,0.0,512.0,0.0,131072.0,131072.0,2.624,1990.368,0.0,32768.0,0.0,0,0,0,0,0,0,0.0,0.0,0,0,0.0,4096.0,4096.0
"void native::vectorized_elementwise_kernel<4, void native::<unnamed>::pow_tensor_scalar_kernel_impl<float, float>(at::TensorIteratorBase &, T2)::[lambda(float) (instance 2)], std::array<char *, 2>>(int, T2, T3)",125,0.0,65536.0,0,0,0.0,65536.0,65536.0,0.0,512.0,0.0,131072.0,131072.0,2.688,1993.056,0.0,65536.0,0.0,0,0,0,0,0,0,0.0,0.0,0,0,0.0,4096.0,4096.0
"void native::vectorized_elementwise_kernel<4, native::AUnaryFunctor<float, float, float, binary_internal::MulFunctor<float>>, std::array<char *, 2>>(int, T2, T3)",126,0.0,32768.0,0,0,0.0,32768.0,32768.0,0.0,512.0,0.0,131072.0,131072.0,2.624,1995.68,0.0,32768.0,0.0,0,0,0,0,0,0,0.0,0.0,0,0,0.0,4096.0,4096.0
"void native::vectorized_elementwise_kernel<4, native::CUDAFunctor_add<float>, std::array<char *, 3>>(int, T2, T3)",127,32768.0,65536.0,0,0,0.0,65536.0,65536.0,0.0,768.0,0.0,262144.0,131072.0,2.848,1998.528,0.0,0.0,32768.0,0,0,0,0,0,0,0.0,0.0,0,0,0.0,8192.0,4096.0
"void native::vectorized_elementwise_kernel<4, native::AUnaryFunctor<float, float, float, binary_internal::MulFunctor<float>>, std::array<char *, 2>>(int, T2, T3)",128,0.0,32768.0,0,0,0.0,32768.0,32768.0,0.0,512.0,0.0,131072.0,131072.0,2.592,2001.1200000000001,0.0,32768.0,0.0,0,0,0,0,0,0,0.0,0.0,0,0,0.0,4096.0,4096.0
"void native::vectorized_elementwise_kernel<4, native::tanh_kernel_cuda(at::TensorIteratorBase &)::[lambda() (instance 2)]::operator ()() const::[lambda() (instance 2)]::operator ()() const::[lambda(float) (instance 1)], std::array<char *, 2>>(int, T2, T3)",129,182992.0,464288.0,0,0,0.0,464288.0,464288.0,0.0,512.0,0.0,131072.0,131072.0,2.912,2004.0320000000002,32768.0,65536.0,182992.0,0,0,0,0,0,0,0.0,0.0,0,0,0.0,4096.0,4096.0
"void native::vectorized_elementwise_kernel<4, native::CUDAFunctorOnSelf_add<float>, std::array<char *, 2>>(int, T2, T3)",130,32768.0,65536.0,0,0,0.0,65536.0,65536.0,0.0,512.0,0.0,131072.0,131072.0,2.656,2006.688,0.0,0.0,32768.0,0,0,0,0,0,0,0.0,0.0,0,0,0.0,4096.0,4096.0
"void native::vectorized_elementwise_kernel<4, native::BinaryFunctor<float, float, float, binary_internal::MulFunctor<float>>, std::array<char *, 3>>(int, T2, T3)",131,0.0,32768.0,0,0,0.0,32768.0,32768.0,0.0,768.0,0.0,262144.0,131072.0,2.912,2009.6000000000001,0.0,32768.0,0.0,0,0,0,0,0,0,0.0,0.0,0,0,0.0,8192.0,4096.0
ampere_sgemm_128x32_sliced1x4_nn,132,545259520.0,1092812800.0,0,0,0.0,1092812800.0,1092812800.0,1802880.0,542208.0,0.7687899132143442,68937888.0,163840.0,87.072,2096.672,983040.0,1310720.0,545259520.0,0,0,0,0,0,0,0.0,0.0,0,0,0.0,2154309.0,5120.0
"void cublasLt::splitKreduce_kernel<32, 16, int, float, float, float, float, 0, float, float, float, 1, 1, 0>(cublasLt::cublasSplitKParams<T6>, const T4 *, const T10 *, T9 *, T5 *, const T6 *, const T6 *, const T11 *, const T4 *, T11 *, void *, long, T6 *, int *, T6 *, T6 *, const T6 *, const T6 *, const T6 *, const T6 *, const T6 *)",133,0.0,57344.0,0,0,0.0,57344.0,57344.0,0.0,3072.0,0.0,172032.0,32768.0,3.616,2100.288,49152.0,8192.0,0.0,0,0,0,0,0,0,0.0,0.0,0,0,0.0,5376.0,1024.0
"void native::vectorized_elementwise_kernel<4, native::CUDAFunctor_add<float>, std::array<char *, 3>>(int, T2, T3)",134,8192.0,16384.0,0,0,0.0,16384.0,16384.0,0.0,192.0,0.0,65536.0,32768.0,2.688,2102.976,0.0,0.0,8192.0,0,0,0,0,0,0,0.0,0.0,0,0,0.0,2048.0,1024.0
"void native::<unnamed>::vectorized_layer_norm_kernel<float, float>(int, T2, const T1 *, const T1 *, const T1 *, T2 *, T2 *, T1 *)",135,51268.0,175348.0,0,0,0.0,175348.0,175348.0,80.0,712.0,0.10101010101010101,98304.0,33024.0,7.968,2110.944,51760.0,21052.0,51268.0,0,0,0,0,0,0,0.0,0.0,0,0,0.0,3072.0,1032.0
void cutlass::Kernel2<cutlass_80_simt_sgemm_128x32_8x5_nn_align1>(T1::Params),136,402653184.0,805896192.0,0,0,0.0,805896192.0,805896192.0,1218240.0,2304.0,0.998112317130722,51900192.0,294912.0,67.84,2178.784,0.0,589824.0,402653184.0,0,0,0,0,0,0,0.0,0.0,0,0,0.0,1621881.0,9216.0
"void cublasLt::splitKreduce_kernel<32, 16, int, float, float, float, float, 0, float, float, float, 1, 1, 0>(cublasLt::cublasSplitKParams<T6>, const T4 *, const T10 *, T9 *, T5 *, const T6 *, const T6 *, const T11 *, const T4 *, T11 *, void *, long, T6 *, int *, T6 *, T6 *, const T6 *, const T6 *, const T6 *, const T6 *, const T6 *)",137,0.0,122880.0,0,0,0.0,122880.0,122880.0,0.0,7680.0,0.0,319488.0,98304.0,4.832,2183.616,98304.0,24576.0,0.0,0,0,0,0,0,0,0.0,0.0,0,0,0.0,9984.0,3072.0
"void native::<unnamed>::CatArrayBatchedCopy<native::<unnamed>::OpaqueType<4>, unsigned int, 4, 64, 64>(T1 *, native::<unnamed>::CatArrInputTensorMetadata<T1, T2, T4, T5>, native::<unnamed>::TensorSizeStride<T2, 4>, int, T2)",138,0.0,0.0,0,0,0.0,0.0,0.0,0.0,512.0,0.0,32768.0,32768.0,4.512,2188.128,0.0,0.0,0.0,0,0,0,0,0,0,0.0,0.0,0,0,0.0,1024.0,1024.0
"void native::<unnamed>::CatArrayBatchedCopy<native::<unnamed>::OpaqueType<4>, unsigned int, 4, 64, 64>(T1 *, native::<unnamed>::CatArrInputTensorMetadata<T1, T2, T4, T5>, native::<unnamed>::TensorSizeStride<T2, 4>, int, T2)",139,0.0,0.0,0,0,0.0,0.0,0.0,0.0,512.0,0.0,32768.0,32768.0,4.448,2192.576,0.0,0.0,0.0,0,0,0,0,0,0,0.0,0.0,0,0,0.0,1024.0,1024.0
"fmha_cutlassF_f32_aligned_64x64_rf_sm80(PyTorchMemEffAttention::AttentionKernel<float, arch::Sm80, 1, 64, 64, 64, 1, 1>::Params)",140,262144.0,8708096.0,0,0,0.0,8708096.0,8708096.0,68096.0,128.0,0.99812382739212,98304.0,32768.0,25.824,2218.4,6586368.0,1597440.0,262144.0,0,0,0,0,0,0,0.0,0.0,0,0,0.0,3072.0,1024.0
ampere_sgemm_32x32_sliced1x4_nn,141,138412032.0,278200320.0,0,0,0.0,278200320.0,278200320.0,724992.0,148736.0,0.8297685320832112,18500288.0,98304.0,33.824,2252.224,589824.0,786432.0,138412032.0,0,0,0,0,0,0,0.0,0.0,0,0,0.0,578134.0,3072.0
"void cublasLt::splitKreduce_kernel<32, 16, int, float, float, float, float, 0, float, float, float, 1, 1, 0>(cublasLt::cublasSplitKParams<T6>, const T4 *, const T10 *, T9 *, T5 *, const T6 *, const T6 *, const T11 *, const T4 *, T11 *, void *, long, T6 *, int *, T6 *, T6 *, const T6 *, const T6 *, const T6 *, const T6 *, const T6 *)",142,0.0,40960.0,0,0,0.0,40960.0,40960.0,0.0,2560.0,0.0,106496.0,32768.0,3.392,2255.616,32768.0,8192.0,0.0,0,0,0,0,0,0,0.0,0.0,0,0,0.0,3328.0,1024.0
"void native::vectorized_elementwise_kernel<4, native::CUDAFunctor_add<float>, std::array<char *, 3>>(int, T2, T3)",143,8192.0,16384.0,0,0,0.0,16384.0,16384.0,0.0,192.0,0.0,65536.0,32768.0,2.784,2258.4,0.0,0.0,8192.0,0,0,0,0,0,0,0.0,0.0,0,0,0.0,2048.0,1024.0
"void native::<unnamed>::vectorized_layer_norm_kernel<float, float>(int, T2, const T1 *, const T1 *, const T1 *, T2 *, T2 *, T1 *)",144,51268.0,175348.0,0,0,0.0,175348.0,175348.0,80.0,712.0,0.10101010101010101,98304.0,33024.0,8.128,2266.5280000000002,51760.0,21052.0,51268.0,0,0,0,0,0,0,0.0,0.0,0,0,0.0,3072.0,1032.0
ampere_sgemm_32x32_sliced1x4_nn,145,537133056.0,1076101120.0,0,0,0.0,1076101120.0,1076101120.0,2686976.0,591872.0,0.8194878201124297,72045440.0,131072.0,127.616,2394.1440000000002,786432.0,1048576.0,537133056.0,0,0,0,0,0,0,0.0,0.0,0,0,0.0,2251420.0,4096.0
"void native::vectorized_elementwise_kernel<4, native::AUnaryFunctor<float, float, float, binary_internal::MulFunctor<float>>, std::array<char *, 2>>(int, T2, T3)",146,0.0,32768.0,0,0,0.0,32768.0,32768.0,0.0,512.0,0.0,131072.0,131072.0,2.656,2396.8,0.0,32768.0,0.0,0,0,0,0,0,0,0.0,0.0,0,0,0.0,4096.0,4096.0
"void native::vectorized_elementwise_kernel<4, void native::<unnamed>::pow_tensor_scalar_kernel_impl<float, float>(at::TensorIteratorBase &, T2)::[lambda(float) (instance 2)], std::array<char *, 2>>(int, T2, T3)",147,0.0,65536.0,0,0,0.0,65536.0,65536.0,0.0,512.0,0.0,131072.0,131072.0,2.784,2399.5840000000003,0.0,65536.0,0.0,0,0,0,0,0,0,0.0,0.0,0,0,0.0,4096.0,4096.0
"void native::vectorized_elementwise_kernel<4, native::AUnaryFunctor<float, float, float, binary_internal::MulFunctor<float>>, std::array<char *, 2>>(int, T2, T3)",148,0.0,32768.0,0,0,0.0,32768.0,32768.0,0.0,512.0,0.0,131072.0,131072.0,2.592,2402.1760000000004,0.0,32768.0,0.0,0,0,0,0,0,0,0.0,0.0,0,0,0.0,4096.0,4096.0
"void native::vectorized_elementwise_kernel<4, native::CUDAFunctor_add<float>, std::array<char *, 3>>(int, T2, T3)",149,32768.0,65536.0,0,0,0.0,65536.0,65536.0,0.0,768.0,0.0,262144.0,131072.0,3.104,2405.28,0.0,0.0,32768.0,0,0,0,0,0,0,0.0,0.0,0,0,0.0,8192.0,4096.0
"void native::vectorized_elementwise_kernel<4, native::AUnaryFunctor<float, float, float, binary_internal::MulFunctor<float>>, std::array<char *, 2>>(int, T2, T3)",150,0.0,32768.0,0,0,0.0,32768.0,32768.0,0.0,512.0,0.0,131072.0,131072.0,2.656,2407.936,0.0,32768.0,0.0,0,0,0,0,0,0,0.0,0.0,0,0,0.0,4096.0,4096.0
"void native::vectorized_elementwise_kernel<4, native::tanh_kernel_cuda(at::TensorIteratorBase &)::[lambda() (instance 2)]::operator ()() const::[lambda() (instance 2)]::operator ()() const::[lambda(float) (instance 1)], std::array<char *, 2>>(int, T2, T3)",151,182916.0,464136.0,0,0,0.0,464136.0,464136.0,0.0,512.0,0.0,131072.0,131072.0,2.944,2410.88,32768.0,65536.0,182916.0,0,0,0,0,0,0,0.0,0.0,0,0,0.0,4096.0,4096.0
"void native::vectorized_elementwise_kernel<4, native::CUDAFunctorOnSelf_add<float>, std::array<char *, 2>>(int, T2, T3)",152,32768.0,65536.0,0,0,0.0,65536.0,65536.0,0.0,512.0,0.0,131072.0,131072.0,2.656,2413.536,0.0,0.0,32768.0,0,0,0,0,0,0,0.0,0.0,0,0,0.0,4096.0,4096.0
"void native::vectorized_elementwise_kernel<4, native::BinaryFunctor<float, float, float, binary_internal::MulFunctor<float>>, std::array<char *, 3>>(int, T2, T3)",153,0.0,32768.0,0,0,0.0,32768.0,32768.0,0.0,768.0,0.0,262144.0,131072.0,2.976,2416.512,0.0,32768.0,0.0,0,0,0,0,0,0,0.0,0.0,0,0,0.0,8192.0,4096.0
ampere_sgemm_128x32_sliced1x4_nn,154,545259520.0,1092812800.0,0,0,0.0,1092812800.0,1092812800.0,1802880.0,542208.0,0.7687899132143442,68932800.0,163840.0,87.136,2503.648,983040.0,1310720.0,545259520.0,0,0,0,0,0,0,0.0,0.0,0,0,0.0,2154150.0,5120.0
"void cublasLt::splitKreduce_kernel<32, 16, int, float, float, float, float, 0, float, float, float, 1, 1, 0>(cublasLt::cublasSplitKParams<T6>, const T4 *, const T10 *, T9 *, T5 *, const T6 *, const T6 *, const T11 *, const T4 *, T11 *, void *, long, T6 *, int *, T6 *, T6 *, const T6 *, const T6 *, const T6 *, const T6 *, const T6 *)",155,0.0,57344.0,0,0,0.0,57344.0,57344.0,0.0,3072.0,0.0,172032.0,32768.0,3.648,2507.2960000000003,49152.0,8192.0,0.0,0,0,0,0,0,0,0.0,0.0,0,0,0.0,5376.0,1024.0
"void native::vectorized_elementwise_kernel<4, native::CUDAFunctor_add<float>, std::array<char *, 3>>(int, T2, T3)",156,8192.0,16384.0,0,0,0.0,16384.0,16384.0,0.0,192.0,0.0,65536.0,32768.0,2.656,2509.952,0.0,0.0,8192.0,0,0,0,0,0,0,0.0,0.0,0,0,0.0,2048.0,1024.0
"void native::<unnamed>::vectorized_layer_norm_kernel<float, float>(int, T2, const T1 *, const T1 *, const T1 *, T2 *, T2 *, T1 *)",157,51268.0,175348.0,0,0,0.0,175348.0,175348.0,80.0,712.0,0.10101010101010101,98304.0,33024.0,8.064,2518.016,51760.0,21052.0,51268.0,0,0,0,0,0,0,0.0,0.0,0,0,0.0,3072.0,1032.0
void cutlass::Kernel2<cutlass_80_simt_sgemm_128x32_8x5_nn_align1>(T1::Params),158,402653184.0,805896192.0,0,0,0.0,805896192.0,805896192.0,1218240.0,2304.0,0.998112317130722,51898048.0,294912.0,67.712,2585.728,0.0,589824.0,402653184.0,0,0,0,0,0,0,0.0,0.0,0,0,0.0,1621814.0,9216.0
"void cublasLt::splitKreduce_kernel<32, 16, int, float, float, float, float, 0, float, float, float, 1, 1, 0>(cublasLt::cublasSplitKParams<T6>, const T4 *, const T10 *, T9 *, T5 *, const T6 *, const T6 *, const T11 *, const T4 *, T11 *, void *, long, T6 *, int *, T6 *, T6 *, const T6 *, const T6 *, const T6 *, const T6 *, const T6 *)",159,0.0,122880.0,0,0,0.0,122880.0,122880.0,0.0,7680.0,0.0,319488.0,98304.0,4.896,2590.6240000000003,98304.0,24576.0,0.0,0,0,0,0,0,0,0.0,0.0,0,0,0.0,9984.0,3072.0
"void native::<unnamed>::CatArrayBatchedCopy<native::<unnamed>::OpaqueType<4>, unsigned int, 4, 64, 64>(T1 *, native::<unnamed>::CatArrInputTensorMetadata<T1, T2, T4, T5>, native::<unnamed>::TensorSizeStride<T2, 4>, int, T2)",160,0.0,0.0,0,0,0.0,0.0,0.0,0.0,512.0,0.0,32768.0,32768.0,4.416,2595.0400000000004,0.0,0.0,0.0,0,0,0,0,0,0,0.0,0.0,0,0,0.0,1024.0,1024.0
"void native::<unnamed>::CatArrayBatchedCopy<native::<unnamed>::OpaqueType<4>, unsigned int, 4, 64, 64>(T1 *, native::<unnamed>::CatArrInputTensorMetadata<T1, T2, T4, T5>, native::<unnamed>::TensorSizeStride<T2, 4>, int, T2)",161,0.0,0.0,0,0,0.0,0.0,0.0,0.0,512.0,0.0,32768.0,32768.0,4.448,2599.4880000000003,0.0,0.0,0.0,0,0,0,0,0,0,0.0,0.0,0,0,0.0,1024.0,1024.0
"fmha_cutlassF_f32_aligned_64x64_rf_sm80(PyTorchMemEffAttention::AttentionKernel<float, arch::Sm80, 1, 64, 64, 64, 1, 1>::Params)",162,262144.0,8708096.0,0,0,0.0,8708096.0,8708096.0,68096.0,128.0,0.99812382739212,98304.0,32768.0,25.792,2625.28,6586368.0,1597440.0,262144.0,0,0,0,0,0,0,0.0,0.0,0,0,0.0,3072.0,1024.0
ampere_sgemm_32x32_sliced1x4_nn,163,138412032.0,278200320.0,0,0,0.0,278200320.0,278200320.0,724992.0,148736.0,0.8297685320832112,18520224.0,98304.0,33.664,2658.9440000000004,589824.0,786432.0,138412032.0,0,0,0,0,0,0,0.0,0.0,0,0,0.0,578757.0,3072.0
"void cublasLt::splitKreduce_kernel<32, 16, int, float, float, float, float, 0, float, float, float, 1, 1, 0>(cublasLt::cublasSplitKParams<T6>, const T4 *, const T10 *, T9 *, T5 *, const T6 *, const T6 *, const T11 *, const T4 *, T11 *, void *, long, T6 *, int *, T6 *, T6 *, const T6 *, const T6 *, const T6 *, const T6 *, const T6 *)",164,0.0,40960.0,0,0,0.0,40960.0,40960.0,0.0,2560.0,0.0,106496.0,32768.0,3.36,2662.3040000000005,32768.0,8192.0,0.0,0,0,0,0,0,0,0.0,0.0,0,0,0.0,3328.0,1024.0
"void native::vectorized_elementwise_kernel<4, native::CUDAFunctor_add<float>, std::array<char *, 3>>(int, T2, T3)",165,8192.0,16384.0,0,0,0.0,16384.0,16384.0,0.0,192.0,0.0,65536.0,32768.0,2.784,2665.0880000000006,0.0,0.0,8192.0,0,0,0,0,0,0,0.0,0.0,0,0,0.0,2048.0,1024.0
"void native::<unnamed>::vectorized_layer_norm_kernel<float, float>(int, T2, const T1 *, const T1 *, const T1 *, T2 *, T2 *, T1 *)",166,51268.0,175348.0,0,0,0.0,175348.0,175348.0,80.0,712.0,0.10101010101010101,98304.0,33024.0,8.064,2673.1520000000005,51760.0,21052.0,51268.0,0,0,0,0,0,0,0.0,0.0,0,0,0.0,3072.0,1032.0
ampere_sgemm_32x32_sliced1x4_nn,167,537133056.0,1076101120.0,0,0,0.0,1076101120.0,1076101120.0,2686976.0,591872.0,0.8194878201124297,72448384.0,131072.0,127.232,2800.3840000000005,786432.0,1048576.0,537133056.0,0,0,0,0,0,0,0.0,0.0,0,0,0.0,2264012.0,4096.0
"void native::vectorized_elementwise_kernel<4, native::AUnaryFunctor<float, float, float, binary_internal::MulFunctor<float>>, std::array<char *, 2>>(int, T2, T3)",168,0.0,32768.0,0,0,0.0,32768.0,32768.0,0.0,512.0,0.0,131072.0,131072.0,2.592,2802.9760000000006,0.0,32768.0,0.0,0,0,0,0,0,0,0.0,0.0,0,0,0.0,4096.0,4096.0
"void native::vectorized_elementwise_kernel<4, void native::<unnamed>::pow_tensor_scalar_kernel_impl<float, float>(at::TensorIteratorBase &, T2)::[lambda(float) (instance 2)], std::array<char *, 2>>(int, T2, T3)",169,0.0,65536.0,0,0,0.0,65536.0,65536.0,0.0,512.0,0.0,131072.0,131072.0,2.72,2805.6960000000004,0.0,65536.0,0.0,0,0,0,0,0,0,0.0,0.0,0,0,0.0,4096.0,4096.0
"void native::vectorized_elementwise_kernel<4, native::AUnaryFunctor<float, float, float, binary_internal::MulFunctor<float>>, std::array<char *, 2>>(int, T2, T3)",170,0.0,32768.0,0,0,0.0,32768.0,32768.0,0.0,512.0,0.0,131072.0,131072.0,2.656,2808.3520000000003,0.0,32768.0,0.0,0,0,0,0,0,0,0.0,0.0,0,0,0.0,4096.0,4096.0
"void native::vectorized_elementwise_kernel<4, native::CUDAFunctor_add<float>, std::array<char *, 3>>(int, T2, T3)",171,32768.0,65536.0,0,0,0.0,65536.0,65536.0,0.0,768.0,0.0,262144.0,131072.0,2.88,2811.2320000000004,0.0,0.0,32768.0,0,0,0,0,0,0,0.0,0.0,0,0,0.0,8192.0,4096.0
"void native::vectorized_elementwise_kernel<4, native::AUnaryFunctor<float, float, float, binary_internal::MulFunctor<float>>, std::array<char *, 2>>(int, T2, T3)",172,0.0,32768.0,0,0,0.0,32768.0,32768.0,0.0,512.0,0.0,131072.0,131072.0,2.72,2813.952,0.0,32768.0,0.0,0,0,0,0,0,0,0.0,0.0,0,0,0.0,4096.0,4096.0
"void native::vectorized_elementwise_kernel<4, native::tanh_kernel_cuda(at::TensorIteratorBase &)::[lambda() (instance 2)]::operator ()() const::[lambda() (instance 2)]::operator ()() const::[lambda(float) (instance 1)], std::array<char *, 2>>(int, T2, T3)",173,182780.0,463864.0,0,0,0.0,463864.0,463864.0,0.0,512.0,0.0,131072.0,131072.0,3.008,2816.96,32768.0,65536.0,182780.0,0,0,0,0,0,0,0.0,0.0,0,0,0.0,4096.0,4096.0
"void native::vectorized_elementwise_kernel<4, native::CUDAFunctorOnSelf_add<float>, std::array<char *, 2>>(int, T2, T3)",174,32768.0,65536.0,0,0,0.0,65536.0,65536.0,0.0,512.0,0.0,131072.0,131072.0,2.624,2819.584,0.0,0.0,32768.0,0,0,0,0,0,0,0.0,0.0,0,0,0.0,4096.0,4096.0
"void native::vectorized_elementwise_kernel<4, native::BinaryFunctor<float, float, float, binary_internal::MulFunctor<float>>, std::array<char *, 3>>(int, T2, T3)",175,0.0,32768.0,0,0,0.0,32768.0,32768.0,0.0,768.0,0.0,262144.0,131072.0,2.88,2822.464,0.0,32768.0,0.0,0,0,0,0,0,0,0.0,0.0,0,0,0.0,8192.0,4096.0
ampere_sgemm_128x32_sliced1x4_nn,176,545259520.0,1092812800.0,0,0,0.0,1092812800.0,1092812800.0,1802880.0,542208.0,0.7687899132143442,68934944.0,163840.0,87.328,2909.792,983040.0,1310720.0,545259520.0,0,0,0,0,0,0,0.0,0.0,0,0,0.0,2154217.0,5120.0
"void cublasLt::splitKreduce_kernel<32, 16, int, float, float, float, float, 0, float, float, float, 1, 1, 0>(cublasLt::cublasSplitKParams<T6>, const T4 *, const T10 *, T9 *, T5 *, const T6 *, const T6 *, const T11 *, const T4 *, T11 *, void *, long, T6 *, int *, T6 *, T6 *, const T6 *, const T6 *, const T6 *, const T6 *, const T6 *)",177,0.0,57344.0,0,0,0.0,57344.0,57344.0,0.0,3072.0,0.0,172032.0,32768.0,3.648,2913.44,49152.0,8192.0,0.0,0,0,0,0,0,0,0.0,0.0,0,0,0.0,5376.0,1024.0
"void native::vectorized_elementwise_kernel<4, native::CUDAFunctor_add<float>, std::array<char *, 3>>(int, T2, T3)",178,8192.0,16384.0,0,0,0.0,16384.0,16384.0,0.0,192.0,0.0,65536.0,32768.0,2.72,2916.16,0.0,0.0,8192.0,0,0,0,0,0,0,0.0,0.0,0,0,0.0,2048.0,1024.0
"void native::<unnamed>::vectorized_layer_norm_kernel<float, float>(int, T2, const T1 *, const T1 *, const T1 *, T2 *, T2 *, T1 *)",179,51268.0,175348.0,0,0,0.0,175348.0,175348.0,80.0,712.0,0.10101010101010101,98304.0,33024.0,8.096,2924.256,51760.0,21052.0,51268.0,0,0,0,0,0,0,0.0,0.0,0,0,0.0,3072.0,1032.0
void cutlass::Kernel2<cutlass_80_simt_sgemm_128x32_8x5_nn_align1>(T1::Params),180,402653184.0,805896192.0,0,0,0.0,805896192.0,805896192.0,1218240.0,2304.0,0.998112317130722,51899744.0,294912.0,68.0,2992.256,0.0,589824.0,402653184.0,0,0,0,0,0,0,0.0,0.0,0,0,0.0,1621867.0,9216.0
"void cublasLt::splitKreduce_kernel<32, 16, int, float, float, float, float, 0, float, float, float, 1, 1, 0>(cublasLt::cublasSplitKParams<T6>, const T4 *, const T10 *, T9 *, T5 *, const T6 *, const T6 *, const T11 *, const T4 *, T11 *, void *, long, T6 *, int *, T6 *, T6 *, const T6 *, const T6 *, const T6 *, const T6 *, const T6 *)",181,0.0,122880.0,0,0,0.0,122880.0,122880.0,0.0,7680.0,0.0,319488.0,98304.0,4.768,2997.024,98304.0,24576.0,0.0,0,0,0,0,0,0,0.0,0.0,0,0,0.0,9984.0,3072.0
"void native::<unnamed>::CatArrayBatchedCopy<native::<unnamed>::OpaqueType<4>, unsigned int, 4, 64, 64>(T1 *, native::<unnamed>::CatArrInputTensorMetadata<T1, T2, T4, T5>, native::<unnamed>::TensorSizeStride<T2, 4>, int, T2)",182,0.0,0.0,0,0,0.0,0.0,0.0,0.0,512.0,0.0,32768.0,32768.0,4.416,3001.44,0.0,0.0,0.0,0,0,0,0,0,0,0.0,0.0,0,0,0.0,1024.0,1024.0
"void native::<unnamed>::CatArrayBatchedCopy<native::<unnamed>::OpaqueType<4>, unsigned int, 4, 64, 64>(T1 *, native::<unnamed>::CatArrInputTensorMetadata<T1, T2, T4, T5>, native::<unnamed>::TensorSizeStride<T2, 4>, int, T2)",183,0.0,0.0,0,0,0.0,0.0,0.0,0.0,512.0,0.0,32768.0,32768.0,4.448,3005.888,0.0,0.0,0.0,0,0,0,0,0,0,0.0,0.0,0,0,0.0,1024.0,1024.0
"fmha_cutlassF_f32_aligned_64x64_rf_sm80(PyTorchMemEffAttention::AttentionKernel<float, arch::Sm80, 1, 64, 64, 64, 1, 1>::Params)",184,262144.0,8708096.0,0,0,0.0,8708096.0,8708096.0,68096.0,128.0,0.99812382739212,98304.0,32768.0,25.248,3031.136,6586368.0,1597440.0,262144.0,0,0,0,0,0,0,0.0,0.0,0,0,0.0,3072.0,1024.0
ampere_sgemm_32x32_sliced1x4_nn,185,138412032.0,278200320.0,0,0,0.0,278200320.0,278200320.0,724992.0,148736.0,0.8297685320832112,18510688.0,98304.0,34.24,3065.3759999999997,589824.0,786432.0,138412032.0,0,0,0,0,0,0,0.0,0.0,0,0,0.0,578459.0,3072.0
"void cublasLt::splitKreduce_kernel<32, 16, int, float, float, float, float, 0, float, float, float, 1, 1, 0>(cublasLt::cublasSplitKParams<T6>, const T4 *, const T10 *, T9 *, T5 *, const T6 *, const T6 *, const T11 *, const T4 *, T11 *, void *, long, T6 *, int *, T6 *, T6 *, const T6 *, const T6 *, const T6 *, const T6 *, const T6 *)",186,0.0,40960.0,0,0,0.0,40960.0,40960.0,0.0,2560.0,0.0,106496.0,32768.0,3.424,3068.7999999999997,32768.0,8192.0,0.0,0,0,0,0,0,0,0.0,0.0,0,0,0.0,3328.0,1024.0
"void native::vectorized_elementwise_kernel<4, native::CUDAFunctor_add<float>, std::array<char *, 3>>(int, T2, T3)",187,8192.0,16384.0,0,0,0.0,16384.0,16384.0,0.0,192.0,0.0,65536.0,32768.0,2.816,3071.6159999999995,0.0,0.0,8192.0,0,0,0,0,0,0,0.0,0.0,0,0,0.0,2048.0,1024.0
"void native::<unnamed>::vectorized_layer_norm_kernel<float, float>(int, T2, const T1 *, const T1 *, const T1 *, T2 *, T2 *, T1 *)",188,51268.0,175348.0,0,0,0.0,175348.0,175348.0,80.0,712.0,0.10101010101010101,98304.0,33024.0,8.096,3079.7119999999995,51760.0,21052.0,51268.0,0,0,0,0,0,0,0.0,0.0,0,0,0.0,3072.0,1032.0
ampere_sgemm_32x32_sliced1x4_nn,189,537133056.0,1076101120.0,0,0,0.0,1076101120.0,1076101120.0,2686976.0,591872.0,0.8194878201124297,72258816.0,131072.0,126.624,3206.3359999999993,786432.0,1048576.0,537133056.0,0,0,0,0,0,0,0.0,0.0,0,0,0.0,2258088.0,4096.0
"void native::vectorized_elementwise_kernel<4, native::AUnaryFunctor<float, float, float, binary_internal::MulFunctor<float>>, std::array<char *, 2>>(int, T2, T3)",190,0.0,32768.0,0,0,0.0,32768.0,32768.0,0.0,512.0,0.0,131072.0,131072.0,2.624,3208.959999999999,0.0,32768.0,0.0,0,0,0,0,0,0,0.0,0.0,0,0,0.0,4096.0,4096.0
"void native::vectorized_elementwise_kernel<4, void native::<unnamed>::pow_tensor_scalar_kernel_impl<float, float>(at::TensorIteratorBase &, T2)::[lambda(float) (instance 2)], std::array<char *, 2>>(int, T2, T3)",191,0.0,65536.0,0,0,0.0,65536.0,65536.0,0.0,512.0,0.0,131072.0,131072.0,2.752,3211.711999999999,0.0,65536.0,0.0,0,0,0,0,0,0,0.0,0.0,0,0,0.0,4096.0,4096.0
"void native::vectorized_elementwise_kernel<4, native::AUnaryFunctor<float, float, float, binary_internal::MulFunctor<float>>, std::array<char *, 2>>(int, T2, T3)",192,0.0,32768.0,0,0,0.0,32768.0,32768.0,0.0,512.0,0.0,131072.0,131072.0,2.592,3214.303999999999,0.0,32768.0,0.0,0,0,0,0,0,0,0.0,0.0,0,0,0.0,4096.0,4096.0
"void native::vectorized_elementwise_kernel<4, native::CUDAFunctor_add<float>, std::array<char *, 3>>(int, T2, T3)",193,32768.0,65536.0,0,0,0.0,65536.0,65536.0,0.0,768.0,0.0,262144.0,131072.0,2.944,3217.247999999999,0.0,0.0,32768.0,0,0,0,0,0,0,0.0,0.0,0,0,0.0,8192.0,4096.0
"void native::vectorized_elementwise_kernel<4, native::AUnaryFunctor<float, float, float, binary_internal::MulFunctor<float>>, std::array<char *, 2>>(int, T2, T3)",194,0.0,32768.0,0,0,0.0,32768.0,32768.0,0.0,512.0,0.0,131072.0,131072.0,2.624,3219.871999999999,0.0,32768.0,0.0,0,0,0,0,0,0,0.0,0.0,0,0,0.0,4096.0,4096.0
"void native::vectorized_elementwise_kernel<4, native::tanh_kernel_cuda(at::TensorIteratorBase &)::[lambda() (instance 2)]::operator ()() const::[lambda() (instance 2)]::operator ()() const::[lambda(float) (instance 1)], std::array<char *, 2>>(int, T2, T3)",195,182756.0,463816.0,0,0,0.0,463816.0,463816.0,0.0,512.0,0.0,131072.0,131072.0,2.944,3222.815999999999,32768.0,65536.0,182756.0,0,0,0,0,0,0,0.0,0.0,0,0,0.0,4096.0,4096.0
"void native::vectorized_elementwise_kernel<4, native::CUDAFunctorOnSelf_add<float>, std::array<char *, 2>>(int, T2, T3)",196,32768.0,65536.0,0,0,0.0,65536.0,65536.0,0.0,512.0,0.0,131072.0,131072.0,2.624,3225.4399999999987,0.0,0.0,32768.0,0,0,0,0,0,0,0.0,0.0,0,0,0.0,4096.0,4096.0
"void native::vectorized_elementwise_kernel<4, native::BinaryFunctor<float, float, float, binary_internal::MulFunctor<float>>, std::array<char *, 3>>(int, T2, T3)",197,0.0,32768.0,0,0,0.0,32768.0,32768.0,0.0,768.0,0.0,262144.0,131072.0,2.944,3228.3839999999987,0.0,32768.0,0.0,0,0,0,0,0,0,0.0,0.0,0,0,0.0,8192.0,4096.0
ampere_sgemm_128x32_sliced1x4_nn,198,545259520.0,1092812800.0,0,0,0.0,1092812800.0,1092812800.0,1802880.0,542208.0,0.7687899132143442,68931648.0,163840.0,87.2,3315.5839999999985,983040.0,1310720.0,545259520.0,0,0,0,0,0,0,0.0,0.0,0,0,0.0,2154114.0,5120.0
"void cublasLt::splitKreduce_kernel<32, 16, int, float, float, float, float, 0, float, float, float, 1, 1, 0>(cublasLt::cublasSplitKParams<T6>, const T4 *, const T10 *, T9 *, T5 *, const T6 *, const T6 *, const T11 *, const T4 *, T11 *, void *, long, T6 *, int *, T6 *, T6 *, const T6 *, const T6 *, const T6 *, const T6 *, const T6 *)",199,0.0,57344.0,0,0,0.0,57344.0,57344.0,0.0,3072.0,0.0,172032.0,32768.0,3.552,3319.1359999999986,49152.0,8192.0,0.0,0,0,0,0,0,0,0.0,0.0,0,0,0.0,5376.0,1024.0
"void native::vectorized_elementwise_kernel<4, native::CUDAFunctor_add<float>, std::array<char *, 3>>(int, T2, T3)",200,8192.0,16384.0,0,0,0.0,16384.0,16384.0,0.0,192.0,0.0,65536.0,32768.0,2.656,3321.7919999999986,0.0,0.0,8192.0,0,0,0,0,0,0,0.0,0.0,0,0,0.0,2048.0,1024.0
"void native::<unnamed>::vectorized_layer_norm_kernel<float, float>(int, T2, const T1 *, const T1 *, const T1 *, T2 *, T2 *, T1 *)",201,51268.0,175348.0,0,0,0.0,175348.0,175348.0,80.0,712.0,0.10101010101010101,98304.0,33024.0,8.096,3329.8879999999986,51760.0,21052.0,51268.0,0,0,0,0,0,0,0.0,0.0,0,0,0.0,3072.0,1032.0
"void gemmSN_TN_kernel<float, 128, 16, 2, 4, 4, 4, 1, cublasGemvTensorStridedBatched<const float>, cublasGemvTensorStridedBatched<const float>, cublasGemvTensorStridedBatched<float>>(cublasGemmSmallNParams<T9, T10, T11, T1>)",202,411705344.0,903829056.0,0,0,0.0,903829056.0,903829056.0,5654076.0,4925476.0,0.5344343503392204,602433280.0,1945664.0,475.936,3805.8239999999987,28948032.0,51470336.0,411705344.0,0,0,0,0,0,0,0.0,0.0,0,0,0.0,18826040.0,60802.0
"void native::vectorized_elementwise_kernel<2, native::FillFunctor<long>, std::array<char *, 1>>(int, T2, T3)",203,0.0,0.0,0,0,0.0,0.0,0.0,0.0,1.0,0.0,0.0,32.0,2.208,3808.031999999999,0.0,0.0,0.0,0,0,0,0,0,0,0.0,0.0,0,0,0.0,0.0,1.0
"void native::<unnamed>::CatArrayBatchedCopy_aligned16_contig<native::<unnamed>::OpaqueType<8>, unsigned int, 2, 128, 1>(T1 *, native::<unnamed>::CatArrInputTensorMetadata<T1, T2, T4, T5>, native::<unnamed>::TensorSizeStride<T2, 4>, int, T2)",204,0.0,0.0,0,0,0.0,0.0,0.0,0.0,6.0,0.0,64.0,128.0,3.36,3811.391999999999,0.0,0.0,0.0,0,0,0,0,0,0,0.0,0.0,0,0,0.0,2.0,4.0
"void native::vectorized_elementwise_kernel<2, native::CUDAFunctorOnSelf_add<long>, std::array<char *, 2>>(int, T2, T3)",205,0.0,0.0,0,0,0.0,0.0,0.0,0.0,2.0,0.0,32.0,32.0,2.656,3814.047999999999,0.0,0.0,0.0,0,0,0,0,0,0,0.0,0.0,0,0,0.0,1.0,1.0
"void native::vectorized_elementwise_kernel<4, native::BUnaryFunctor<float, float, float, binary_internal::MulFunctor<float>>, std::array<char *, 2>>(int, T2, T3)",206,0.0,201028.0,0,0,0.0,201028.0,201028.0,0.0,3158.0,0.0,804128.0,804128.0,3.552,3817.599999999999,0.0,201028.0,0.0,0,0,0,0,0,0,0.0,0.0,0,0,0.0,25129.0,25129.0
"void mbtopk::fill<unsigned int, unsigned int>(T1 *, T1, T2)",207,0.0,0.0,0,0,0.0,0.0,0.0,0.0,1.0,0.0,0.0,32.0,2.112,3819.711999999999,0.0,0.0,0.0,0,0,0,0,0,0,0.0,0.0,0,0,0.0,0.0,1.0
"void mbtopk::radixFindKthValues<float, unsigned int, unsigned int, 2>(cuda::TensorInfo<const T1, T2>, unsigned int, unsigned int *, unsigned int, T2, int, int, unsigned int, T3, T3 *, short *)",208,0.0,0.0,0,0,0.0,0.0,0.0,3200.0,9484.0,0.2522863450015768,753600.0,61504.0,5.152,3824.863999999999,0.0,0.0,0.0,0,0,0,0,0,0,0.0,0.0,0,0,0.0,23550.0,1922.0
"void mbtopk::computeBlockwiseWithinKCounts<unsigned int, float>(T1 *, short *, unsigned int *, unsigned int, int, bool, unsigned int *, T2 *, unsigned int *, T1 *, unsigned int)",209,0.0,0.0,0,0,0.0,0.0,0.0,14800.0,82608.0,0.15193823915900131,4695904.0,0.0,8.64,3833.503999999999,0.0,0.0,0.0,0,0,0,0,0,0,0.0,0.0,0,0,0.0,146747.0,0.0
"void mbtopk::radixFindKthValues<float, unsigned int, unsigned int, 2>(cuda::TensorInfo<const T1, T2>, unsigned int, unsigned int *, unsigned int, T2, int, int, unsigned int, T3, T3 *, short *)",210,0.0,0.0,0,0,0.0,0.0,0.0,3200.0,9484.0,0.2522863450015768,750880.0,62080.0,5.088,3838.591999999999,0.0,0.0,0.0,0,0,0,0,0,0,0.0,0.0,0,0,0.0,23465.0,1940.0
"void mbtopk::computeBlockwiseWithinKCounts<unsigned int, float>(T1 *, short *, unsigned int *, unsigned int, int, bool, unsigned int *, T2 *, unsigned int *, T1 *, unsigned int)",211,0.0,0.0,0,0,0.0,0.0,0.0,14800.0,83208.0,0.1510080809729818,4695904.0,0.0,8.672,3847.263999999999,0.0,0.0,0.0,0,0,0,0,0,0,0.0,0.0,0,0,0.0,146747.0,0.0
"void mbtopk::radixFindKthValues<float, unsigned int, unsigned int, 2>(cuda::TensorInfo<const T1, T2>, unsigned int, unsigned int *, unsigned int, T2, int, int, unsigned int, T3, T3 *, short *)",212,0.0,0.0,0,0,0.0,0.0,0.0,3200.0,9484.0,0.2522863450015768,749472.0,60096.0,5.152,3852.4159999999993,0.0,0.0,0.0,0,0,0,0,0,0,0.0,0.0,0,0,0.0,23421.0,1878.0
"void mbtopk::computeBlockwiseWithinKCounts<unsigned int, float>(T1 *, short *, unsigned int *, unsigned int, int, bool, unsigned int *, T2 *, unsigned int *, T1 *, unsigned int)",213,0.0,0.0,0,0,0.0,0.0,0.0,14800.0,83608.0,0.15039427688805787,4695904.0,0.0,8.864,3861.2799999999993,0.0,0.0,0.0,0,0,0,0,0,0,0.0,0.0,0,0,0.0,146747.0,0.0
"void mbtopk::radixFindKthValues<float, unsigned int, unsigned int, 2>(cuda::TensorInfo<const T1, T2>, unsigned int, unsigned int *, unsigned int, T2, int, int, unsigned int, T3, T3 *, short *)",214,0.0,0.0,0,0,0.0,0.0,0.0,3200.0,9484.0,0.2522863450015768,747680.0,60992.0,5.056,3866.3359999999993,0.0,0.0,0.0,0,0,0,0,0,0,0.0,0.0,0,0,0.0,23365.0,1906.0
"void mbtopk::computeBlockwiseWithinKCounts<unsigned int, float>(T1 *, short *, unsigned int *, unsigned int, int, bool, unsigned int *, T2 *, unsigned int *, T1 *, unsigned int)",215,0.0,0.0,0,0,0.0,0.0,0.0,14800.0,83408.0,0.15070055392636036,4695904.0,160.0,8.896,3875.2319999999995,0.0,0.0,0.0,0,0,0,0,0,0,0.0,0.0,0,0,0.0,146747.0,5.0
"void mbtopk::computeBlockwiseKthCounts<unsigned int>(T1 *, short *, unsigned int, unsigned int, unsigned int *)",216,0.0,0.0,0,0,0.0,0.0,0.0,0.0,21.0,0.0,6432.0,800.0,3.136,3878.3679999999995,0.0,0.0,0.0,0,0,0,0,0,0,0.0,0.0,0,0,0.0,201.0,25.0
"void at_cuda_detail::DeviceScanByKeyInitKernel<at_cuda_detail::ReduceByKeyScanTileState<unsigned int, int, 1>, at_cuda_detail::TransformInputIterator<unsigned int, mbtopk::BlockIdxToKey, at_cuda_detail::CountingInputIterator<unsigned int, unsigned int>, long>>(T1, T2, std::iterator_traits<T2>::value_type *, unsigned int, int)",217,0.0,0.0,0,0,0.0,0.0,0.0,0.0,2.0,0.0,0.0,544.0,2.112,3880.4799999999996,0.0,0.0,0.0,0,0,0,0,0,0,0.0,0.0,0,0,0.0,0.0,17.0
"void at_cuda_detail::DeviceScanByKeyKernel<at_cuda_detail::DeviceScanByKeyPolicy<at_cuda_detail::TransformInputIterator<unsigned int, mbtopk::BlockIdxToKey, at_cuda_detail::CountingInputIterator<unsigned int, unsigned int>, long>, unsigned int, unsigned int, __4::plus<void>>::Policy900, at_cuda_detail::TransformInputIterator<unsigned int, mbtopk::BlockIdxToKey, at_cuda_detail::CountingInputIterator<unsigned int, unsigned int>, long>, unsigned int *, unsigned int *, at_cuda_detail::ReduceByKeyScanTileState<unsigned int, int, 1>, __4::equal_to<void>, __4::plus<void>, at_cuda_detail::NullType, int, unsigned int, unsigned int>(T2, T11 *, T3, T4, T5, int, T6, T7, T8, T9)",218,0.0,0.0,0,0,0.0,0.0,0.0,497.0,22.0,0.9576107899807321,800.0,0.0,5.12,3885.5999999999995,0.0,0.0,0.0,0,0,0,0,0,0,0.0,0.0,0,0,0.0,25.0,0.0
"void at_cuda_detail::DeviceScanByKeyInitKernel<at_cuda_detail::ReduceByKeyScanTileState<unsigned int, int, 1>, at_cuda_detail::TransformInputIterator<unsigned int, mbtopk::BlockIdxToKey, at_cuda_detail::CountingInputIterator<unsigned int, unsigned int>, long>>(T1, T2, std::iterator_traits<T2>::value_type *, unsigned int, int)",219,0.0,0.0,0,0,0.0,0.0,0.0,0.0,2.0,0.0,0.0,544.0,2.08,3887.6799999999994,0.0,0.0,0.0,0,0,0,0,0,0,0.0,0.0,0,0,0.0,0.0,17.0
"void at_cuda_detail::DeviceScanByKeyKernel<at_cuda_detail::DeviceScanByKeyPolicy<at_cuda_detail::TransformInputIterator<unsigned int, mbtopk::BlockIdxToKey, at_cuda_detail::CountingInputIterator<unsigned int, unsigned int>, long>, unsigned int, unsigned int, __4::plus<void>>::Policy900, at_cuda_detail::TransformInputIterator<unsigned int, mbtopk::BlockIdxToKey, at_cuda_detail::CountingInputIterator<unsigned int, unsigned int>, long>, unsigned int *, unsigned int *, at_cuda_detail::ReduceByKeyScanTileState<unsigned int, int, 1>, __4::equal_to<void>, __4::plus<void>, at_cuda_detail::NullType, int, unsigned int, unsigned int>(T2, T11 *, T3, T4, T5, int, T6, T7, T8, T9)",220,0.0,0.0,0,0,0.0,0.0,0.0,497.0,22.0,0.9576107899807321,800.0,0.0,5.152,3892.8319999999994,0.0,0.0,0.0,0,0,0,0,0,0,0.0,0.0,0,0,0.0,25.0,0.0
"void mbtopk::gatherTopK<float, unsigned int, 2>(cuda::TensorInfo<const T1, T2>, T2, T2, bool, unsigned int, T2, cuda::TensorInfo<T1, T2>, T2, cuda::TensorInfo<long, T2>, T2, unsigned int, unsigned int, T1 *, unsigned int *, unsigned int *, unsigned int)",221,0.0,0.0,0,0,0.0,0.0,0.0,59136.0,13020.0,0.819557625145518,766528.0,8256.0,8.896,3901.7279999999996,0.0,0.0,0.0,0,0,0,0,0,0,0.0,0.0,0,0,0.0,23954.0,258.0
"void native::radixSortKVInPlace<2, (int)-1, 32, 4, float, long, unsigned int>(cuda::TensorInfo<T5, T7>, T7, T7, T7, cuda::TensorInfo<T6, T7>, T7, bool)",222,0.0,0.0,0,0,0.0,0.0,0.0,1832.0,32.0,0.9828326180257511,2368.0,544.0,9.536,3911.2639999999997,0.0,0.0,0.0,0,0,0,0,0,0,0.0,0.0,0,0,0.0,74.0,17.0
"void native::elementwise_kernel<128, 4, void native::gpu_kernel_impl_nocast<native::<unnamed>::CompareFunctor<float>>(at::TensorIteratorBase &, const T1 &)::[lambda(int) (instance 1)]>(int, T3)",223,0.0,0.0,0,0,0.0,0.0,0.0,0.0,18849.0,0.0,812064.0,80512.0,5.056,3916.3199999999997,0.0,0.0,0.0,0,0,0,0,0,0,0.0,0.0,0,0,0.0,25377.0,2516.0
"void native::vectorized_elementwise_kernel<4, native::<unnamed>::masked_fill_kernel(at::TensorIterator &, const c10::Scalar &)::[lambda() (instance 1)]::operator ()() const::[lambda() (instance 7)]::operator ()() const::[lambda(float, bool) (instance 1)], std::array<char *, 3>>(int, T2, T3)",224,0.0,0.0,0,0,0.0,0.0,0.0,0.0,4737.0,0.0,1005184.0,0.0,3.936,3920.256,0.0,0.0,0.0,0,0,0,0,0,0,0.0,0.0,0,0,0.0,31412.0,0.0
"native::<unnamed>::fill_index_and_segment_kernel(int2 *, int, cuda::IntDivider<unsigned int>)",225,0.0,0.0,0,0,0.0,0.0,0.0,0.0,6283.0,0.0,0.0,1608224.0,4.384,3924.64,0.0,0.0,0.0,0,0,0,0,0,0,0.0,0.0,0,0,0.0,0.0,50257.0
"void at_cuda_detail::DeviceRadixSortHistogramKernel<at_cuda_detail::DeviceRadixSortPolicy<float, cuda::OpaqueType<8>, unsigned long long>::Policy900, 0, float, unsigned long long, at_cuda_detail::identity_decomposer_t>(T4 *, const T3 *, T4, int, int, T5)",226,0.0,0.0,0,0,0.0,0.0,0.0,62976.0,6283.0,0.9092825481164902,804128.0,0.0,5.728,3930.368,0.0,0.0,0.0,0,0,0,0,0,0,0.0,0.0,0,0,0.0,25129.0,0.0
"void at_cuda_detail::DeviceRadixSortExclusiveSumKernel<at_cuda_detail::DeviceRadixSortPolicy<float, cuda::OpaqueType<8>, unsigned long long>::Policy900, unsigned long long>(T2 *)",227,0.0,0.0,0,0,0.0,0.0,0.0,156.0,64.0,0.7090909090909091,8192.0,0.0,2.88,3933.248,0.0,0.0,0.0,0,0,0,0,0,0,0.0,0.0,0,0,0.0,256.0,0.0
"void at_cuda_detail::DeviceRadixSortOnesweepKernel<at_cuda_detail::DeviceRadixSortPolicy<float, cuda::OpaqueType<8>, unsigned long long>::Policy900, 0, float, cuda::OpaqueType<8>, unsigned long long, int, int, at_cuda_detail::identity_decomposer_t>(T7 *, T7 *, T5 *, const T5 *, T3 *, const T3 *, T4 *, const T4 *, T6, int, int, T8)",228,0.0,0.0,0,0,0.0,0.0,0.0,80583.0,33305.0,0.707563571227873,3151040.0,2024288.0,15.648,3948.896,0.0,0.0,0.0,0,0,0,0,0,0,0.0,0.0,0,0,0.0,98470.0,63259.0
"void at_cuda_detail::DeviceRadixSortOnesweepKernel<at_cuda_detail::DeviceRadixSortPolicy<float, cuda::OpaqueType<8>, unsigned long long>::Policy900, 0, float, cuda::OpaqueType<8>, unsigned long long, int, int, at_cuda_detail::identity_decomposer_t>(T7 *, T7 *, T5 *, const T5 *, T3 *, const T3 *, T4 *, const T4 *, T6, int, int, T8)",229,0.0,0.0,0,0,0.0,0.0,0.0,23142.0,33442.0,0.40898487204863565,3133376.0,2479936.0,12.096,3960.992,0.0,0.0,0.0,0,0,0,0,0,0,0.0,0.0,0,0,0.0,97918.0,77498.0
"void at_cuda_detail::DeviceRadixSortOnesweepKernel<at_cuda_detail::DeviceRadixSortPolicy<float, cuda::OpaqueType<8>, unsigned long long>::Policy900, 0, float, cuda::OpaqueType<8>, unsigned long long, int, int, at_cuda_detail::identity_decomposer_t>(T7 *, T7 *, T5 *, const T5 *, T3 *, const T3 *, T4 *, const T4 *, T6, int, int, T8)",230,0.0,0.0,0,0,0.0,0.0,0.0,23883.0,33294.0,0.417702922503804,3081024.0,1964224.0,12.544,3973.536,0.0,0.0,0.0,0,0,0,0,0,0,0.0,0.0,0,0,0.0,96282.0,61382.0
"void at_cuda_detail::DeviceRadixSortOnesweepKernel<at_cuda_detail::DeviceRadixSortPolicy<float, cuda::OpaqueType<8>, unsigned long long>::Policy900, 0, float, cuda::OpaqueType<8>, unsigned long long, int, int, at_cuda_detail::identity_decomposer_t>(T7 *, T7 *, T5 *, const T5 *, T3 *, const T3 *, T4 *, const T4 *, T6, int, int, T8)",231,0.0,0.0,0,0,0.0,0.0,0.0,23883.0,33296.0,0.41768831214256985,3124544.0,1959616.0,12.736,3986.272,0.0,0.0,0.0,0,0,0,0,0,0,0.0,0.0,0,0,0.0,97642.0,61238.0
"void at_cuda_detail::DeviceRadixSortHistogramKernel<at_cuda_detail::DeviceRadixSortPolicy<long, at_cuda_detail::NullType, unsigned long long>::Policy900, 0, long, unsigned long long, at_cuda_detail::identity_decomposer_t>(T4 *, const T3 *, T4, int, int, T5)",232,0.0,0.0,0,0,0.0,0.0,0.0,9184.0,6283.0,0.5937803064589126,1608224.0,0.0,6.336,3992.6079999999997,0.0,0.0,0.0,0,0,0,0,0,0,0.0,0.0,0,0,0.0,50257.0,0.0
"void at_cuda_detail::DeviceRadixSortExclusiveSumKernel<at_cuda_detail::DeviceRadixSortPolicy<long, at_cuda_detail::NullType, unsigned long long>::Policy900, unsigned long long>(T2 *)",233,0.0,0.0,0,0,0.0,0.0,0.0,39.0,16.0,0.7090909090909091,2048.0,0.0,2.88,3995.488,0.0,0.0,0.0,0,0,0,0,0,0,0.0,0.0,0,0,0.0,64.0,0.0
"void at_cuda_detail::DeviceRadixSortOnesweepKernel<at_cuda_detail::DeviceRadixSortPolicy<long, at_cuda_detail::NullType, unsigned long long>::Policy900, 0, long, at_cuda_detail::NullType, unsigned long long, int, int, at_cuda_detail::identity_decomposer_t>(T7 *, T7 *, T5 *, const T5 *, T3 *, const T3 *, T4 *, const T4 *, T6, int, int, T8)",234,0.0,0.0,0,0,0.0,0.0,0.0,20059.0,19298.0,0.5096679116802602,2090016.0,1391776.0,11.168,4006.656,0.0,0.0,0.0,0,0,0,0,0,0,0.0,0.0,0,0,0.0,65313.0,43493.0
"void native::<unnamed>::sort_postprocess_kernel<float>(const T1 *, T1 *, long *, const int2 *, int, int)",235,0.0,0.0,0,0,0.0,0.0,0.0,0.0,25132.0,0.0,2368352.0,2412352.0,6.848,4013.504,0.0,0.0,0.0,0,0,0,0,0,0,0.0,0.0,0,0,0.0,74011.0,75386.0
"void native::<unnamed>::cunn_SoftMaxForward<4, float, float, float, native::<unnamed>::SoftMaxForwardEpilogue>(T4 *, const T2 *, int)",236,2814392.0,6655044.0,0,0,0.0,6655044.0,6655044.0,528.0,6704.0,0.07300884955752213,2247616.0,753856.0,35.744,4049.248,825232.0,201028.0,2814392.0,0,0,0,0,0,0,0.0,0.0,0,0,0.0,70238.0,23558.0
"void native::tensor_kernel_scan_innermost_dim<float, std::plus<float>>(T1 *, const T1 *, unsigned int, unsigned int, unsigned int, T1, T2)",237,0.0,1024200.0,0,0,0.0,1024200.0,1024200.0,112284.0,12568.0,0.8993368147887099,736800.0,617152.0,109.984,4159.232,1024200.0,0.0,0.0,0,0,0,0,0,0,0.0,0.0,0,0,0.0,23025.0,19286.0
"void native::vectorized_elementwise_kernel<4, void native::compare_scalar_kernel<float>(at::TensorIteratorBase &, native::<unnamed>::OpType, T1)::[lambda(float) (instance 1)], std::array<char *, 2>>(int, T2, T3)",238,0.0,0.0,0,0,0.0,0.0,0.0,0.0,3158.0,0.0,804128.0,200864.0,3.808,4163.04,0.0,0.0,0.0,0,0,0,0,0,0,0.0,0.0,0,0,0.0,25129.0,6277.0
"void native::elementwise_kernel<128, 4, void native::gpu_kernel_impl_nocast<native::FillFunctor<bool>>(at::TensorIteratorBase &, const T1 &)::[lambda(int) (instance 1)]>(int, T3)",239,0.0,0.0,0,0,0.0,0.0,0.0,0.0,1.0,0.0,0.0,128.0,2.464,4165.504,0.0,0.0,0.0,0,0,0,0,0,0,0.0,0.0,0,0,0.0,0.0,4.0
"void native::_scatter_gather_elementwise_kernel<128, 8, void native::_cuda_scatter_gather_internal_kernel<1, native::OpaqueType<1>>::operator ()<native::TensorAssign>(at::TensorIterator &, long, long, long, const T1 &)::[lambda(int) (instance 1)]>(int, T3)",240,0.0,0.0,0,0,0.0,0.0,0.0,0.0,18849.0,0.0,1809280.0,82144.0,10.24,4175.744,0.0,0.0,0.0,0,0,0,0,0,0,0.0,0.0,0,0,0.0,56540.0,2567.0
"void native::vectorized_elementwise_kernel<4, native::<unnamed>::masked_fill_kernel(at::TensorIterator &, const c10::Scalar &)::[lambda() (instance 1)]::operator ()() const::[lambda() (instance 7)]::operator ()() const::[lambda(float, bool) (instance 1)], std::array<char *, 3>>(int, T2, T3)",241,0.0,0.0,0,0,0.0,0.0,0.0,0.0,4737.0,0.0,1005184.0,0.0,4.32,4180.063999999999,0.0,0.0,0.0,0,0,0,0,0,0,0.0,0.0,0,0,0.0,31412.0,0.0
"void native::<unnamed>::cunn_SoftMaxForward<4, float, float, float, native::<unnamed>::SoftMaxForwardEpilogue>(T4 *, const T2 *, int)",242,2814392.0,6655044.0,0,0,0.0,6655044.0,6655044.0,528.0,6704.0,0.07300884955752213,2243968.0,752512.0,36.256,4216.32,825232.0,201028.0,2814392.0,0,0,0,0,0,0,0.0,0.0,0,0,0.0,70124.0,23516.0
"void native::reduce_kernel<512, 1, native::ReduceOp<float, native::func_wrapper_t<float, native::MinNanFunctor<float>>, unsigned int, float, 4, 4>>(T3)",243,0.0,0.0,0,0,0.0,0.0,0.0,2037.0,1598.0,0.560385144429161,804256.0,832.0,8.768,4225.088,0.0,0.0,0.0,0,0,0,0,0,0,0.0,0.0,0,0,0.0,25133.0,26.0
"void native::vectorized_elementwise_kernel<4, void native::compare_scalar_kernel<float>(at::TensorIteratorBase &, native::<unnamed>::OpType, T1)::[lambda(float) (instance 1)], std::array<char *, 2>>(int, T2, T3)",244,0.0,0.0,0,0,0.0,0.0,0.0,0.0,2.0,0.0,32.0,32.0,2.848,4227.936,0.0,0.0,0.0,0,0,0,0,0,0,0.0,0.0,0,0,0.0,1.0,1.0
"void native::reduce_kernel<512, 1, native::ReduceOp<float, native::func_wrapper_t<float, native::MaxNanFunctor<float>>, unsigned int, float, 4, 4>>(T3)",245,0.0,0.0,0,0,0.0,0.0,0.0,2037.0,1598.0,0.560385144429161,804256.0,832.0,8.704,4236.639999999999,0.0,0.0,0.0,0,0,0,0,0,0,0.0,0.0,0,0,0.0,25133.0,26.0
"void native::vectorized_elementwise_kernel<4, void native::compare_scalar_kernel<float>(at::TensorIteratorBase &, native::<unnamed>::OpType, T1)::[lambda(float) (instance 1)], std::array<char *, 2>>(int, T2, T3)",246,0.0,0.0,0,0,0.0,0.0,0.0,0.0,2.0,0.0,32.0,32.0,2.816,4239.455999999999,0.0,0.0,0.0,0,0,0,0,0,0,0.0,0.0,0,0,0.0,1.0,1.0
"void native::vectorized_elementwise_kernel<4, native::BinaryFunctor<bool, bool, bool, native::BitwiseAndFunctor<bool>>, std::array<char *, 3>>(int, T2, T3)",247,0.0,0.0,0,0,0.0,0.0,0.0,0.0,3.0,0.0,64.0,32.0,2.72,4242.1759999999995,0.0,0.0,0.0,0,0,0,0,0,0,0.0,0.0,0,0,0.0,2.0,1.0
"void native::_assert_async_cuda_kernel<bool>(const T1 *, native::Msg)",248,0.0,0.0,0,0,0.0,0.0,0.0,0.0,1.0,0.0,32.0,0.0,4.064,4246.24,0.0,0.0,0.0,0,0,0,0,0,0,0.0,0.0,0,0,0.0,1.0,0.0
"void native::reduce_kernel<512, 1, native::ReduceOp<float, native::func_wrapper_t<float, native::sum_functor<float, float, float>::operator ()(at::TensorIterator &)::[lambda(float, float) (instance 1)]>, unsigned int, float, 4, 4>>(T3)",249,0.0,220484.0,0,0,0.0,220484.0,220484.0,320.0,1582.0,0.16824395373291273,793952.0,128.0,15.136,4261.376,220484.0,0.0,0.0,0,0,0,0,0,0,0.0,0.0,0,0,0.0,24811.0,4.0
"void native::vectorized_elementwise_kernel<4, native::AUnaryFunctor<float, float, bool, native::<unnamed>::CompareEqFunctor<float>>, std::array<char *, 2>>(int, T2, T3)",250,0.0,0.0,0,0,0.0,0.0,0.0,0.0,2.0,0.0,32.0,32.0,2.56,4263.936000000001,0.0,0.0,0.0,0,0,0,0,0,0,0.0,0.0,0,0,0.0,1.0,1.0
"void native::reduce_kernel<512, 1, native::ReduceOp<bool, native::func_wrapper_t<bool, native::or_kernel_cuda(at::TensorIterator &)::[lambda() (instance 1)]::operator ()() const::[lambda() (instance 12)]::operator ()() const::[lambda(bool, bool) (instance 1)]>, unsigned int, bool, 4, 4>>(T3)",251,0.0,0.0,0,0,0.0,0.0,0.0,0.0,2.0,0.0,32.0,32.0,4.704,4268.64,0.0,0.0,0.0,0,0,0,0,0,0,0.0,0.0,0,0,0.0,1.0,1.0
"void native::vectorized_elementwise_kernel<4, native::bitwise_not_kernel_cuda(at::TensorIteratorBase &)::[lambda(bool) (instance 1)], std::array<char *, 2>>(int, T2, T3)",252,0.0,0.0,0,0,0.0,0.0,0.0,0.0,2.0,0.0,32.0,32.0,2.656,4271.296,0.0,0.0,0.0,0,0,0,0,0,0,0.0,0.0,0,0,0.0,1.0,1.0
"void native::_assert_async_cuda_kernel<bool>(const T1 *, native::Msg)",253,0.0,0.0,0,0,0.0,0.0,0.0,0.0,1.0,0.0,32.0,0.0,4.064,4275.360000000001,0.0,0.0,0.0,0,0,0,0,0,0,0.0,0.0,0,0,0.0,1.0,0.0
"void native::<unnamed>::distribution_elementwise_grid_stride_kernel<float, 4, void templates::uniform_and_transform<float, float, at::CUDAGeneratorImpl *, void templates::exponential_kernel<at::CUDAGeneratorImpl *>(at::TensorIteratorBase &, double, T1)::[lambda() (instance 1)]::operator ()() const::[lambda() (instance 2)]::operator ()() const::[lambda(float) (instance 1)]>(at::TensorIteratorBase &, T3, T4)::[lambda(curandStatePhilox4_32_10 *) (instance 2)], void native::<unnamed>::distribution_nullary_kernel<float, float, float4, at::CUDAGeneratorImpl *, void templates::uniform_and_transform<float, float, at::CUDAGeneratorImpl *, void templates::exponential_kernel<at::CUDAGeneratorImpl *>(at::TensorIteratorBase &, double, T1)::[lambda() (instance 1)]::operator ()() const::[lambda() (instance 2)]::operator ()() const::[lambda(float) (instance 1)]>(at::TensorIteratorBase &, T3, T4)::[lambda(curandStatePhilox4_32_10 *) (instance 2)], void templates::exponential_kernel<at::CUDAGeneratorImpl *>(at::TensorIteratorBase &, double, T1)::[lambda() (instance 1)]::operator ()() const::[lambda() (instance 2)]::operator ()() const::[lambda(float) (instance 1)]>(at::TensorIteratorBase &, T4, const T5 &, T6)::[lambda(int, float) (instance 1)]>(long, at::PhiloxCudaState, T3, T4)",254,1133568.0,2669192.0,0,0,0.0,2669192.0,2669192.0,0.0,6283.0,0.0,0.0,804128.0,5.888,4281.2480000000005,0.0,402056.0,1133568.0,0,0,0,0,0,0,0.0,0.0,0,0,0.0,0.0,25129.0
"void native::vectorized_elementwise_kernel<4, native::BinaryFunctor<float, float, float, binary_internal::DivFunctor<float>>, std::array<char *, 3>>(int, T2, T3)",255,1005140.0,2010280.0,0,0,0.0,2010280.0,2010280.0,0.0,4737.0,0.0,1608256.0,0.0,6.4,4287.648,0.0,0.0,1005140.0,0,0,0,0,0,0,0.0,0.0,0,0,0.0,50258.0,0.0
"void native::reduce_kernel<512, 1, native::ReduceOp<float, native::ArgMaxOps<float>, unsigned int, long, 4, 4>>(T3)",256,0.0,0.0,0,0,0.0,0.0,0.0,640.0,1582.0,0.28802880288028804,795104.0,128.0,22.336,4309.984,0.0,0.0,0.0,0,0,0,0,0,0,0.0,0.0,0,0,0.0,24847.0,4.0
"void native::vectorized_elementwise_kernel<2, native::BinaryFunctor<long, long, long, binary_internal::MulFunctor<long>>, std::array<char *, 3>>(int, T2, T3)",257,0.0,0.0,0,0,0.0,0.0,0.0,0.0,3.0,0.0,64.0,32.0,2.944,4312.928000000001,0.0,0.0,0.0,0,0,0,0,0,0,0.0,0.0,0,0,0.0,2.0,1.0
"void native::vectorized_elementwise_kernel<2, native::CUDAFunctorOnOther_add<long>, std::array<char *, 2>>(int, T2, T3)",258,0.0,0.0,0,0,0.0,0.0,0.0,0.0,2.0,0.0,32.0,32.0,2.592,4315.52,0.0,0.0,0.0,0,0,0,0,0,0,0.0,0.0,0,0,0.0,1.0,1.0
"void native::elementwise_kernel<128, 2, void native::gpu_kernel_impl_nocast<native::BinaryFunctor<long, long, long, binary_internal::MulFunctor<long>>>(at::TensorIteratorBase &, const T1 &)::[lambda(int) (instance 1)]>(int, T3)",259,0.0,0.0,0,0,0.0,0.0,0.0,0.0,3.0,0.0,64.0,32.0,2.912,4318.432000000001,0.0,0.0,0.0,0,0,0,0,0,0,0.0,0.0,0,0,0.0,2.0,1.0
"void native::vectorized_elementwise_kernel<2, native::CUDAFunctor_add<long>, std::array<char *, 3>>(int, T2, T3)",260,0.0,0.0,0,0,0.0,0.0,0.0,0.0,3.0,0.0,64.0,32.0,2.656,4321.088000000001,0.0,0.0,0.0,0,0,0,0,0,0,0.0,0.0,0,0,0.0,2.0,1.0
"void native::<unnamed>::CatArrayBatchedCopy_aligned16_contig<native::<unnamed>::OpaqueType<8>, unsigned int, 2, 128, 1>(T1 *, native::<unnamed>::CatArrInputTensorMetadata<T1, T2, T4, T5>, native::<unnamed>::TensorSizeStride<T2, 4>, int, T2)",261,0.0,0.0,0,0,0.0,0.0,0.0,0.0,6.0,0.0,64.0,128.0,3.456,4324.544000000001,0.0,0.0,0.0,0,0,0,0,0,0,0.0,0.0,0,0,0.0,2.0,4.0
"void native::vectorized_elementwise_kernel<4, native::FillFunctor<bool>, std::array<char *, 1>>(int, T2, T3)",262,0.0,0.0,0,0,0.0,0.0,0.0,0.0,1.0,0.0,0.0,32.0,2.176,4326.720000000001,0.0,0.0,0.0,0,0,0,0,0,0,0.0,0.0,0,0,0.0,0.0,1.0
"void native::vectorized_elementwise_kernel<4, native::FillFunctor<bool>, std::array<char *, 1>>(int, T2, T3)",263,0.0,0.0,0,0,0.0,0.0,0.0,0.0,1.0,0.0,0.0,32.0,2.176,4328.896000000002,0.0,0.0,0.0,0,0,0,0,0,0,0.0,0.0,0,0,0.0,0.0,1.0
"void native::vectorized_elementwise_kernel<4, native::BinaryFunctor<bool, bool, bool, native::BitwiseOrFunctor<bool>>, std::array<char *, 3>>(int, T2, T3)",264,0.0,0.0,0,0,0.0,0.0,0.0,0.0,3.0,0.0,64.0,32.0,2.688,4331.584000000002,0.0,0.0,0.0,0,0,0,0,0,0,0.0,0.0,0,0,0.0,2.0,1.0
"void native::vectorized_elementwise_kernel<4, native::FillFunctor<bool>, std::array<char *, 1>>(int, T2, T3)",265,0.0,0.0,0,0,0.0,0.0,0.0,0.0,1.0,0.0,0.0,32.0,2.144,4333.728000000002,0.0,0.0,0.0,0,0,0,0,0,0,0.0,0.0,0,0,0.0,0.0,1.0
"void native::elementwise_kernel<128, 4, void native::gpu_kernel_impl_nocast<native::BinaryFunctor<long, long, bool, native::<unnamed>::CompareEqFunctor<long>>>(at::TensorIteratorBase &, const T1 &)::[lambda(int) (instance 1)]>(int, T3)",266,0.0,0.0,0,0,0.0,0.0,0.0,0.0,3.0,0.0,96.0,32.0,3.072,4336.800000000002,0.0,0.0,0.0,0,0,0,0,0,0,0.0,0.0,0,0,0.0,3.0,1.0
"void native::reduce_kernel<128, 4, native::ReduceOp<bool, native::func_wrapper_t<bool, native::or_kernel_cuda(at::TensorIterator &)::[lambda() (instance 1)]::operator ()() const::[lambda() (instance 12)]::operator ()() const::[lambda(bool, bool) (instance 1)]>, unsigned int, bool, 4, 4>>(T3)",267,0.0,0.0,0,0,0.0,0.0,0.0,0.0,5.0,0.0,32.0,32.0,6.912,4343.712000000002,0.0,0.0,0.0,0,0,0,0,0,0,0.0,0.0,0,0,0.0,1.0,1.0
"void native::vectorized_elementwise_kernel<4, native::BinaryFunctor<bool, bool, bool, native::BitwiseOrFunctor<bool>>, std::array<char *, 3>>(int, T2, T3)",268,0.0,0.0,0,0,0.0,0.0,0.0,0.0,3.0,0.0,64.0,32.0,2.72,4346.4320000000025,0.0,0.0,0.0,0,0,0,0,0,0,0.0,0.0,0,0,0.0,2.0,1.0
"void native::vectorized_elementwise_kernel<4, native::bitwise_not_kernel_cuda(at::TensorIteratorBase &)::[lambda(bool) (instance 1)], std::array<char *, 2>>(int, T2, T3)",269,0.0,0.0,0,0,0.0,0.0,0.0,0.0,2.0,0.0,32.0,32.0,2.624,4349.056000000002,0.0,0.0,0.0,0,0,0,0,0,0,0.0,0.0,0,0,0.0,1.0,1.0
"void native::unrolled_elementwise_kernel<native::BinaryFunctor<long, long, long, native::BitwiseAndFunctor<long>>, std::array<char *, 3>, 8, TrivialOffsetCalculator<2, unsigned int>, TrivialOffsetCalculator<1, unsigned int>, memory::LoadWithCast<2>, memory::StoreWithCast<1>>(int, T1, T2, T4, T5, T6, T7)",270,0.0,0.0,0,0,0.0,0.0,0.0,0.0,3.0,0.0,64.0,32.0,4.16,4353.216000000002,0.0,0.0,0.0,0,0,0,0,0,0,0.0,0.0,0,0,0.0,2.0,1.0
"void native::reduce_kernel<512, 1, native::ReduceOp<long, native::func_wrapper_t<long, native::MaxNanFunctor<long>>, unsigned int, long, 4, 4>>(T3)",271,0.0,0.0,0,0,0.0,0.0,0.0,0.0,2.0,0.0,32.0,32.0,4.672,4357.888000000002,0.0,0.0,0.0,0,0,0,0,0,0,0.0,0.0,0,0,0.0,1.0,1.0
"void native::vectorized_elementwise_kernel<4, native::AUnaryFunctor<long, long, bool, native::<unnamed>::CompareEqFunctor<long>>, std::array<char *, 2>>(int, T2, T3)",272,0.0,0.0,0,0,0.0,0.0,0.0,0.0,2.0,0.0,32.0,32.0,2.688,4360.576000000002,0.0,0.0,0.0,0,0,0,0,0,0,0.0,0.0,0,0,0.0,1.0,1.0
"void native::vectorized_elementwise_kernel<4, void native::compare_scalar_kernel<long>(at::TensorIteratorBase &, native::<unnamed>::OpType, T1)::[lambda(long) (instance 1)], std::array<char *, 2>>(int, T2, T3)",273,0.0,0.0,0,0,0.0,0.0,0.0,0.0,2.0,0.0,32.0,32.0,2.816,4363.392000000002,0.0,0.0,0.0,0,0,0,0,0,0,0.0,0.0,0,0,0.0,1.0,1.0
"void native::index_elementwise_kernel<128, 4, void native::gpu_index_kernel<void native::index_kernel_impl<native::OpaqueType<8>>(at::TensorIteratorBase &, c10::ArrayRef<long>, c10::ArrayRef<long>)::[lambda(char *, const char *, long) (instance 1)]>(at::TensorIteratorBase &, c10::ArrayRef<long>, c10::ArrayRef<long>, const T1 &)::[lambda(int) (instance 1)]>(long, T3)",274,0.0,0.0,0,0,0.0,0.0,0.0,0.0,3.0,0.0,96.0,32.0,4.704,4368.096000000001,0.0,0.0,0.0,0,0,0,0,0,0,0.0,0.0,0,0,0.0,3.0,1.0
"void native::tensor_kernel_scan_innermost_dim<long, std::plus<long>>(T1 *, const T1 *, unsigned int, unsigned int, unsigned int, T1, T2)",275,0.0,0.0,0,0,0.0,0.0,0.0,56.0,4.0,0.9333333333333333,64.0,32.0,3.392,4371.488000000001,0.0,0.0,0.0,0,0,0,0,0,0,0.0,0.0,0,0,0.0,2.0,1.0
"void native::vectorized_elementwise_kernel<2, native::CUDAFunctorOnSelf_add<long>, std::array<char *, 2>>(int, T2, T3)",276,0.0,0.0,0,0,0.0,0.0,0.0,0.0,2.0,0.0,64.0,64.0,2.624,4374.112000000001,0.0,0.0,0.0,0,0,0,0,0,0,0.0,0.0,0,0,0.0,2.0,2.0
"void native::vectorized_elementwise_kernel<4, native::AUnaryFunctor<long, long, bool, native::<unnamed>::CompareEqFunctor<long>>, std::array<char *, 2>>(int, T2, T3)",277,0.0,0.0,0,0,0.0,0.0,0.0,0.0,2.0,0.0,64.0,32.0,2.656,4376.768000000001,0.0,0.0,0.0,0,0,0,0,0,0,0.0,0.0,0,0,0.0,2.0,1.0
"void native::vectorized_elementwise_kernel<2, native::<unnamed>::masked_fill_kernel(at::TensorIterator &, const c10::Scalar &)::[lambda() (instance 1)]::operator ()() const::[lambda() (instance 4)]::operator ()() const::[lambda(long, bool) (instance 1)], std::array<char *, 3>>(int, T2, T3)",278,0.0,0.0,0,0,0.0,0.0,0.0,0.0,3.0,0.0,96.0,0.0,2.688,4379.456000000001,0.0,0.0,0.0,0,0,0,0,0,0,0.0,0.0,0,0,0.0,3.0,0.0
"void native::elementwise_kernel<128, 2, void native::gpu_kernel_impl_nocast<native::direct_copy_kernel_cuda(at::TensorIteratorBase &)::[lambda() (instance 3)]::operator ()() const::[lambda() (instance 4)]::operator ()() const::[lambda(long) (instance 1)]>(at::TensorIteratorBase &, const T1 &)::[lambda(int) (instance 1)]>(int, T3)",279,0.0,0.0,0,0,0.0,0.0,0.0,0.0,2.0,0.0,64.0,32.0,2.848,4382.304000000001,0.0,0.0,0.0,0,0,0,0,0,0,0.0,0.0,0,0,0.0,2.0,1.0
"void native::<unnamed>::indexSelectSmallIndex<float, long, unsigned int, 2, 2, (int)-2>(cuda::TensorInfo<T1, T3>, cuda::TensorInfo<const T1, T3>, cuda::TensorInfo<const T2, T3>, int, int, T3, long)",280,0.0,0.0,0,0,0.0,0.0,0.0,0.0,768.0,0.0,33280.0,32768.0,6.656,4388.960000000001,0.0,0.0,0.0,0,0,0,0,0,0,0.0,0.0,0,0,0.0,1040.0,1024.0
"void native::<unnamed>::indexSelectSmallIndex<float, long, unsigned int, 2, 2, (int)-2>(cuda::TensorInfo<T1, T3>, cuda::TensorInfo<const T1, T3>, cuda::TensorInfo<const T2, T3>, int, int, T3, long)",281,0.0,0.0,0,0,0.0,0.0,0.0,0.0,768.0,0.0,8704.0,32768.0,4.672,4393.6320000000005,0.0,0.0,0.0,0,0,0,0,0,0,0.0,0.0,0,0,0.0,272.0,1024.0
"void native::vectorized_elementwise_kernel<4, native::CUDAFunctor_add<float>, std::array<char *, 3>>(int, T2, T3)",282,8192.0,16384.0,0,0,0.0,16384.0,16384.0,0.0,192.0,0.0,65536.0,32768.0,2.752,4396.384000000001,0.0,0.0,8192.0,0,0,0,0,0,0,0.0,0.0,0,0,0.0,2048.0,1024.0
"void native::unrolled_elementwise_kernel<native::direct_copy_kernel_cuda(at::TensorIteratorBase &)::[lambda() (instance 3)]::operator ()() const::[lambda() (instance 11)]::operator ()() const::[lambda(bool) (instance 1)], std::array<char *, 2>, 8, TrivialOffsetCalculator<1, unsigned int>, TrivialOffsetCalculator<1, unsigned int>, memory::LoadWithCast<1>, memory::StoreWithCast<1>>(int, T1, T2, T4, T5, T6, T7)",283,0.0,0.0,0,0,0.0,0.0,0.0,0.0,2.0,0.0,64.0,32.0,3.712,4400.096000000001,0.0,0.0,0.0,0,0,0,0,0,0,0.0,0.0,0,0,0.0,2.0,1.0
"void native::reduce_kernel<512, 1, native::ReduceOp<bool, native::func_wrapper_t<bool, native::and_kernel_cuda(at::TensorIterator &)::[lambda() (instance 1)]::operator ()() const::[lambda() (instance 12)]::operator ()() const::[lambda(bool, bool) (instance 1)]>, unsigned int, bool, 4, 4>>(T3)",284,0.0,0.0,0,0,0.0,0.0,0.0,0.0,2.0,0.0,32.0,32.0,4.768,4404.864000000001,0.0,0.0,0.0,0,0,0,0,0,0,0.0,0.0,0,0,0.0,1.0,1.0
"void native::<unnamed>::vectorized_layer_norm_kernel<float, float>(int, T2, const T1 *, const T1 *, const T1 *, T2 *, T2 *, T1 *)",285,51268.0,175348.0,0,0,0.0,175348.0,175348.0,80.0,712.0,0.10101010101010101,98304.0,33024.0,8.0,4412.864000000001,51760.0,21052.0,51268.0,0,0,0,0,0,0,0.0,0.0,0,0,0.0,3072.0,1032.0
void cutlass::Kernel2<cutlass_80_simt_sgemm_128x32_8x5_nn_align1>(T1::Params),286,402653184.0,805896192.0,0,0,0.0,805896192.0,805896192.0,1218240.0,2304.0,0.998112317130722,51895424.0,294912.0,67.328,4480.192000000002,0.0,589824.0,402653184.0,0,0,0,0,0,0,0.0,0.0,0,0,0.0,1621732.0,9216.0
"void cublasLt::splitKreduce_kernel<32, 16, int, float, float, float, float, 0, float, float, float, 1, 1, 0>(cublasLt::cublasSplitKParams<T6>, const T4 *, const T10 *, T9 *, T5 *, const T6 *, const T6 *, const T11 *, const T4 *, T11 *, void *, long, T6 *, int *, T6 *, T6 *, const T6 *, const T6 *, const T6 *, const T6 *, const T6 *)",287,0.0,122880.0,0,0,0.0,122880.0,122880.0,0.0,7680.0,0.0,319488.0,98304.0,4.768,4484.960000000002,98304.0,24576.0,0.0,0,0,0,0,0,0,0.0,0.0,0,0,0.0,9984.0,3072.0
"void native::<unnamed>::CatArrayBatchedCopy<native::<unnamed>::OpaqueType<4>, unsigned int, 4, 64, 64>(T1 *, native::<unnamed>::CatArrInputTensorMetadata<T1, T2, T4, T5>, native::<unnamed>::TensorSizeStride<T2, 4>, int, T2)",288,0.0,0.0,0,0,0.0,0.0,0.0,0.0,1024.0,0.0,65536.0,65536.0,5.728,4490.688000000002,0.0,0.0,0.0,0,0,0,0,0,0,0.0,0.0,0,0,0.0,2048.0,2048.0
"void native::<unnamed>::CatArrayBatchedCopy<native::<unnamed>::OpaqueType<4>, unsigned int, 4, 64, 64>(T1 *, native::<unnamed>::CatArrInputTensorMetadata<T1, T2, T4, T5>, native::<unnamed>::TensorSizeStride<T2, 4>, int, T2)",289,0.0,0.0,0,0,0.0,0.0,0.0,0.0,1024.0,0.0,65536.0,65536.0,5.728,4496.416000000002,0.0,0.0,0.0,0,0,0,0,0,0,0.0,0.0,0,0,0.0,2048.0,2048.0
"fmha_cutlassF_f32_aligned_64x64_rf_sm80(PyTorchMemEffAttention::AttentionKernel<float, arch::Sm80, 1, 64, 64, 64, 1, 1>::Params)",290,262144.0,8716288.0,0,0,0.0,8716288.0,8716288.0,68096.0,128.0,0.99812382739212,163840.0,32768.0,27.424,4523.840000000002,6594560.0,1597440.0,262144.0,0,0,0,0,0,0,0.0,0.0,0,0,0.0,5120.0,1024.0
ampere_sgemm_32x32_sliced1x4_nn,291,138412032.0,278200320.0,0,0,0.0,278200320.0,278200320.0,724992.0,148736.0,0.8297685320832112,18485824.0,98304.0,33.888,4557.728000000002,589824.0,786432.0,138412032.0,0,0,0,0,0,0,0.0,0.0,0,0,0.0,577682.0,3072.0
"void cublasLt::splitKreduce_kernel<32, 16, int, float, float, float, float, 0, float, float, float, 1, 1, 0>(cublasLt::cublasSplitKParams<T6>, const T4 *, const T10 *, T9 *, T5 *, const T6 *, const T6 *, const T11 *, const T4 *, T11 *, void *, long, T6 *, int *, T6 *, T6 *, const T6 *, const T6 *, const T6 *, const T6 *, const T6 *)",292,0.0,40960.0,0,0,0.0,40960.0,40960.0,0.0,2560.0,0.0,106496.0,32768.0,3.488,4561.216000000002,32768.0,8192.0,0.0,0,0,0,0,0,0,0.0,0.0,0,0,0.0,3328.0,1024.0
"void native::vectorized_elementwise_kernel<4, native::CUDAFunctor_add<float>, std::array<char *, 3>>(int, T2, T3)",293,8192.0,16384.0,0,0,0.0,16384.0,16384.0,0.0,192.0,0.0,65536.0,32768.0,2.72,4563.936000000002,0.0,0.0,8192.0,0,0,0,0,0,0,0.0,0.0,0,0,0.0,2048.0,1024.0
"void native::<unnamed>::vectorized_layer_norm_kernel<float, float>(int, T2, const T1 *, const T1 *, const T1 *, T2 *, T2 *, T1 *)",294,51268.0,175348.0,0,0,0.0,175348.0,175348.0,80.0,712.0,0.10101010101010101,98304.0,33024.0,8.0,4571.936000000002,51760.0,21052.0,51268.0,0,0,0,0,0,0,0.0,0.0,0,0,0.0,3072.0,1032.0
ampere_sgemm_32x32_sliced1x4_nn,295,537133056.0,1076101120.0,0,0,0.0,1076101120.0,1076101120.0,2686976.0,591872.0,0.8194878201124297,72566912.0,131072.0,126.752,4698.688000000003,786432.0,1048576.0,537133056.0,0,0,0,0,0,0,0.0,0.0,0,0,0.0,2267716.0,4096.0
"void native::vectorized_elementwise_kernel<4, native::AUnaryFunctor<float, float, float, binary_internal::MulFunctor<float>>, std::array<char *, 2>>(int, T2, T3)",296,0.0,32768.0,0,0,0.0,32768.0,32768.0,0.0,512.0,0.0,131072.0,131072.0,2.752,4701.440000000003,0.0,32768.0,0.0,0,0,0,0,0,0,0.0,0.0,0,0,0.0,4096.0,4096.0
"void native::vectorized_elementwise_kernel<4, void native::<unnamed>::pow_tensor_scalar_kernel_impl<float, float>(at::TensorIteratorBase &, T2)::[lambda(float) (instance 2)], std::array<char *, 2>>(int, T2, T3)",297,0.0,65536.0,0,0,0.0,65536.0,65536.0,0.0,512.0,0.0,131072.0,131072.0,2.656,4704.096000000003,0.0,65536.0,0.0,0,0,0,0,0,0,0.0,0.0,0,0,0.0,4096.0,4096.0
"void native::vectorized_elementwise_kernel<4, native::AUnaryFunctor<float, float, float, binary_internal::MulFunctor<float>>, std::array<char *, 2>>(int, T2, T3)",298,0.0,32768.0,0,0,0.0,32768.0,32768.0,0.0,512.0,0.0,131072.0,131072.0,2.656,4706.752000000003,0.0,32768.0,0.0,0,0,0,0,0,0,0.0,0.0,0,0,0.0,4096.0,4096.0
"void native::vectorized_elementwise_kernel<4, native::CUDAFunctor_add<float>, std::array<char *, 3>>(int, T2, T3)",299,32768.0,65536.0,0,0,0.0,65536.0,65536.0,0.0,768.0,0.0,262144.0,131072.0,2.784,4709.536000000003,0.0,0.0,32768.0,0,0,0,0,0,0,0.0,0.0,0,0,0.0,8192.0,4096.0
"void native::vectorized_elementwise_kernel<4, native::AUnaryFunctor<float, float, float, binary_internal::MulFunctor<float>>, std::array<char *, 2>>(int, T2, T3)",300,0.0,32768.0,0,0,0.0,32768.0,32768.0,0.0,512.0,0.0,131072.0,131072.0,2.72,4712.256000000003,0.0,32768.0,0.0,0,0,0,0,0,0,0.0,0.0,0,0,0.0,4096.0,4096.0
"void native::vectorized_elementwise_kernel<4, native::tanh_kernel_cuda(at::TensorIteratorBase &)::[lambda() (instance 2)]::operator ()() const::[lambda() (instance 2)]::operator ()() const::[lambda(float) (instance 1)], std::array<char *, 2>>(int, T2, T3)",301,182981.0,464266.0,0,0,0.0,464266.0,464266.0,0.0,512.0,0.0,131072.0,131072.0,2.88,4715.136000000003,32768.0,65536.0,182981.0,0,0,0,0,0,0,0.0,0.0,0,0,0.0,4096.0,4096.0
"void native::vectorized_elementwise_kernel<4, native::CUDAFunctorOnSelf_add<float>, std::array<char *, 2>>(int, T2, T3)",302,32768.0,65536.0,0,0,0.0,65536.0,65536.0,0.0,512.0,0.0,131072.0,131072.0,2.656,4717.792000000003,0.0,0.0,32768.0,0,0,0,0,0,0,0.0,0.0,0,0,0.0,4096.0,4096.0
"void native::vectorized_elementwise_kernel<4, native::BinaryFunctor<float, float, float, binary_internal::MulFunctor<float>>, std::array<char *, 3>>(int, T2, T3)",303,0.0,32768.0,0,0,0.0,32768.0,32768.0,0.0,768.0,0.0,262144.0,131072.0,2.816,4720.608000000003,0.0,32768.0,0.0,0,0,0,0,0,0,0.0,0.0,0,0,0.0,8192.0,4096.0
ampere_sgemm_128x32_sliced1x4_nn,304,545259520.0,1092812800.0,0,0,0.0,1092812800.0,1092812800.0,1802880.0,542208.0,0.7687899132143442,68927392.0,163840.0,87.328,4807.936000000003,983040.0,1310720.0,545259520.0,0,0,0,0,0,0,0.0,0.0,0,0,0.0,2153981.0,5120.0
"void cublasLt::splitKreduce_kernel<32, 16, int, float, float, float, float, 0, float, float, float, 1, 1, 0>(cublasLt::cublasSplitKParams<T6>, const T4 *, const T10 *, T9 *, T5 *, const T6 *, const T6 *, const T11 *, const T4 *, T11 *, void *, long, T6 *, int *, T6 *, T6 *, const T6 *, const T6 *, const T6 *, const T6 *, const T6 *)",305,0.0,57344.0,0,0,0.0,57344.0,57344.0,0.0,3072.0,0.0,172032.0,32768.0,3.584,4811.520000000003,49152.0,8192.0,0.0,0,0,0,0,0,0,0.0,0.0,0,0,0.0,5376.0,1024.0
"void native::vectorized_elementwise_kernel<4, native::CUDAFunctor_add<float>, std::array<char *, 3>>(int, T2, T3)",306,8192.0,16384.0,0,0,0.0,16384.0,16384.0,0.0,192.0,0.0,65536.0,32768.0,2.72,4814.240000000003,0.0,0.0,8192.0,0,0,0,0,0,0,0.0,0.0,0,0,0.0,2048.0,1024.0
"void native::<unnamed>::vectorized_layer_norm_kernel<float, float>(int, T2, const T1 *, const T1 *, const T1 *, T2 *, T2 *, T1 *)",307,51268.0,175348.0,0,0,0.0,175348.0,175348.0,80.0,712.0,0.10101010101010101,98304.0,33024.0,8.128,4822.368000000003,51760.0,21052.0,51268.0,0,0,0,0,0,0,0.0,0.0,0,0,0.0,3072.0,1032.0
void cutlass::Kernel2<cutlass_80_simt_sgemm_128x32_8x5_nn_align1>(T1::Params),308,402653184.0,805896192.0,0,0,0.0,805896192.0,805896192.0,1218240.0,2304.0,0.998112317130722,51899456.0,294912.0,67.072,4889.440000000003,0.0,589824.0,402653184.0,0,0,0,0,0,0,0.0,0.0,0,0,0.0,1621858.0,9216.0
"void cublasLt::splitKreduce_kernel<32, 16, int, float, float, float, float, 0, float, float, float, 1, 1, 0>(cublasLt::cublasSplitKParams<T6>, const T4 *, const T10 *, T9 *, T5 *, const T6 *, const T6 *, const T11 *, const T4 *, T11 *, void *, long, T6 *, int *, T6 *, T6 *, const T6 *, const T6 *, const T6 *, const T6 *, const T6 *)",309,0.0,122880.0,0,0,0.0,122880.0,122880.0,0.0,7680.0,0.0,319488.0,98304.0,4.832,4894.272000000004,98304.0,24576.0,0.0,0,0,0,0,0,0,0.0,0.0,0,0,0.0,9984.0,3072.0
"void native::<unnamed>::CatArrayBatchedCopy<native::<unnamed>::OpaqueType<4>, unsigned int, 4, 64, 64>(T1 *, native::<unnamed>::CatArrInputTensorMetadata<T1, T2, T4, T5>, native::<unnamed>::TensorSizeStride<T2, 4>, int, T2)",310,0.0,0.0,0,0,0.0,0.0,0.0,0.0,1024.0,0.0,65536.0,65536.0,5.664,4899.936000000003,0.0,0.0,0.0,0,0,0,0,0,0,0.0,0.0,0,0,0.0,2048.0,2048.0
"void native::<unnamed>::CatArrayBatchedCopy<native::<unnamed>::OpaqueType<4>, unsigned int, 4, 64, 64>(T1 *, native::<unnamed>::CatArrInputTensorMetadata<T1, T2, T4, T5>, native::<unnamed>::TensorSizeStride<T2, 4>, int, T2)",311,0.0,0.0,0,0,0.0,0.0,0.0,0.0,1024.0,0.0,65536.0,65536.0,5.696,4905.632000000003,0.0,0.0,0.0,0,0,0,0,0,0,0.0,0.0,0,0,0.0,2048.0,2048.0
"fmha_cutlassF_f32_aligned_64x64_rf_sm80(PyTorchMemEffAttention::AttentionKernel<float, arch::Sm80, 1, 64, 64, 64, 1, 1>::Params)",312,262144.0,8716288.0,0,0,0.0,8716288.0,8716288.0,68096.0,128.0,0.99812382739212,163840.0,32768.0,25.824,4931.456000000003,6594560.0,1597440.0,262144.0,0,0,0,0,0,0,0.0,0.0,0,0,0.0,5120.0,1024.0
ampere_sgemm_32x32_sliced1x4_nn,313,138412032.0,278200320.0,0,0,0.0,278200320.0,278200320.0,724992.0,148736.0,0.8297685320832112,18483872.0,98304.0,33.792,4965.248000000003,589824.0,786432.0,138412032.0,0,0,0,0,0,0,0.0,0.0,0,0,0.0,577621.0,3072.0
"void cublasLt::splitKreduce_kernel<32, 16, int, float, float, float, float, 0, float, float, float, 1, 1, 0>(cublasLt::cublasSplitKParams<T6>, const T4 *, const T10 *, T9 *, T5 *, const T6 *, const T6 *, const T11 *, const T4 *, T11 *, void *, long, T6 *, int *, T6 *, T6 *, const T6 *, const T6 *, const T6 *, const T6 *, const T6 *)",314,0.0,40960.0,0,0,0.0,40960.0,40960.0,0.0,2560.0,0.0,106496.0,32768.0,3.456,4968.704000000003,32768.0,8192.0,0.0,0,0,0,0,0,0,0.0,0.0,0,0,0.0,3328.0,1024.0
"void native::vectorized_elementwise_kernel<4, native::CUDAFunctor_add<float>, std::array<char *, 3>>(int, T2, T3)",315,8192.0,16384.0,0,0,0.0,16384.0,16384.0,0.0,192.0,0.0,65536.0,32768.0,2.752,4971.456000000004,0.0,0.0,8192.0,0,0,0,0,0,0,0.0,0.0,0,0,0.0,2048.0,1024.0
"void native::<unnamed>::vectorized_layer_norm_kernel<float, float>(int, T2, const T1 *, const T1 *, const T1 *, T2 *, T2 *, T1 *)",316,51268.0,175348.0,0,0,0.0,175348.0,175348.0,80.0,712.0,0.10101010101010101,98304.0,33024.0,8.032,4979.488000000004,51760.0,21052.0,51268.0,0,0,0,0,0,0,0.0,0.0,0,0,0.0,3072.0,1032.0
ampere_sgemm_32x32_sliced1x4_nn,317,537133056.0,1076101120.0,0,0,0.0,1076101120.0,1076101120.0,2686976.0,591872.0,0.8194878201124297,72258432.0,131072.0,127.104,5106.592000000004,786432.0,1048576.0,537133056.0,0,0,0,0,0,0,0.0,0.0,0,0,0.0,2258076.0,4096.0
"void native::vectorized_elementwise_kernel<4, native::AUnaryFunctor<float, float, float, binary_internal::MulFunctor<float>>, std::array<char *, 2>>(int, T2, T3)",318,0.0,32768.0,0,0,0.0,32768.0,32768.0,0.0,512.0,0.0,131072.0,131072.0,2.656,5109.248000000004,0.0,32768.0,0.0,0,0,0,0,0,0,0.0,0.0,0,0,0.0,4096.0,4096.0
"void native::vectorized_elementwise_kernel<4, void native::<unnamed>::pow_tensor_scalar_kernel_impl<float, float>(at::TensorIteratorBase &, T2)::[lambda(float) (instance 2)], std::array<char *, 2>>(int, T2, T3)",319,0.0,65536.0,0,0,0.0,65536.0,65536.0,0.0,512.0,0.0,131072.0,131072.0,2.688,5111.936000000004,0.0,65536.0,0.0,0,0,0,0,0,0,0.0,0.0,0,0,0.0,4096.0,4096.0
"void native::vectorized_elementwise_kernel<4, native::AUnaryFunctor<float, float, float, binary_internal::MulFunctor<float>>, std::array<char *, 2>>(int, T2, T3)",320,0.0,32768.0,0,0,0.0,32768.0,32768.0,0.0,512.0,0.0,131072.0,131072.0,2.656,5114.592000000004,0.0,32768.0,0.0,0,0,0,0,0,0,0.0,0.0,0,0,0.0,4096.0,4096.0
"void native::vectorized_elementwise_kernel<4, native::CUDAFunctor_add<float>, std::array<char *, 3>>(int, T2, T3)",321,32768.0,65536.0,0,0,0.0,65536.0,65536.0,0.0,768.0,0.0,262144.0,131072.0,2.848,5117.440000000004,0.0,0.0,32768.0,0,0,0,0,0,0,0.0,0.0,0,0,0.0,8192.0,4096.0
"void native::vectorized_elementwise_kernel<4, native::AUnaryFunctor<float, float, float, binary_internal::MulFunctor<float>>, std::array<char *, 2>>(int, T2, T3)",322,0.0,32768.0,0,0,0.0,32768.0,32768.0,0.0,512.0,0.0,131072.0,131072.0,2.656,5120.096000000004,0.0,32768.0,0.0,0,0,0,0,0,0,0.0,0.0,0,0,0.0,4096.0,4096.0
"void native::vectorized_elementwise_kernel<4, native::tanh_kernel_cuda(at::TensorIteratorBase &)::[lambda() (instance 2)]::operator ()() const::[lambda() (instance 2)]::operator ()() const::[lambda(float) (instance 1)], std::array<char *, 2>>(int, T2, T3)",323,182907.0,464118.0,0,0,0.0,464118.0,464118.0,0.0,512.0,0.0,131072.0,131072.0,2.848,5122.944000000004,32768.0,65536.0,182907.0,0,0,0,0,0,0,0.0,0.0,0,0,0.0,4096.0,4096.0
"void native::vectorized_elementwise_kernel<4, native::CUDAFunctorOnSelf_add<float>, std::array<char *, 2>>(int, T2, T3)",324,32768.0,65536.0,0,0,0.0,65536.0,65536.0,0.0,512.0,0.0,131072.0,131072.0,2.688,5125.632000000004,0.0,0.0,32768.0,0,0,0,0,0,0,0.0,0.0,0,0,0.0,4096.0,4096.0
"void native::vectorized_elementwise_kernel<4, native::BinaryFunctor<float, float, float, binary_internal::MulFunctor<float>>, std::array<char *, 3>>(int, T2, T3)",325,0.0,32768.0,0,0,0.0,32768.0,32768.0,0.0,768.0,0.0,262144.0,131072.0,2.88,5128.512000000004,0.0,32768.0,0.0,0,0,0,0,0,0,0.0,0.0,0,0,0.0,8192.0,4096.0
ampere_sgemm_128x32_sliced1x4_nn,326,545259520.0,1092812800.0,0,0,0.0,1092812800.0,1092812800.0,1802880.0,542208.0,0.7687899132143442,68928800.0,163840.0,87.36,5215.872000000004,983040.0,1310720.0,545259520.0,0,0,0,0,0,0,0.0,0.0,0,0,0.0,2154025.0,5120.0
"void cublasLt::splitKreduce_kernel<32, 16, int, float, float, float, float, 0, float, float, float, 1, 1, 0>(cublasLt::cublasSplitKParams<T6>, const T4 *, const T10 *, T9 *, T5 *, const T6 *, const T6 *, const T11 *, const T4 *, T11 *, void *, long, T6 *, int *, T6 *, T6 *, const T6 *, const T6 *, const T6 *, const T6 *, const T6 *)",327,0.0,57344.0,0,0,0.0,57344.0,57344.0,0.0,3072.0,0.0,172032.0,32768.0,3.552,5219.424000000004,49152.0,8192.0,0.0,0,0,0,0,0,0,0.0,0.0,0,0,0.0,5376.0,1024.0
"void native::vectorized_elementwise_kernel<4, native::CUDAFunctor_add<float>, std::array<char *, 3>>(int, T2, T3)",328,8192.0,16384.0,0,0,0.0,16384.0,16384.0,0.0,192.0,0.0,65536.0,32768.0,2.816,5222.240000000003,0.0,0.0,8192.0,0,0,0,0,0,0,0.0,0.0,0,0,0.0,2048.0,1024.0
"void native::<unnamed>::vectorized_layer_norm_kernel<float, float>(int, T2, const T1 *, const T1 *, const T1 *, T2 *, T2 *, T1 *)",329,51268.0,175348.0,0,0,0.0,175348.0,175348.0,80.0,712.0,0.10101010101010101,98304.0,33024.0,8.064,5230.304000000004,51760.0,21052.0,51268.0,0,0,0,0,0,0,0.0,0.0,0,0,0.0,3072.0,1032.0
void cutlass::Kernel2<cutlass_80_simt_sgemm_128x32_8x5_nn_align1>(T1::Params),330,402653184.0,805896192.0,0,0,0.0,805896192.0,805896192.0,1218240.0,2304.0,0.998112317130722,51900832.0,294912.0,66.944,5297.248000000004,0.0,589824.0,402653184.0,0,0,0,0,0,0,0.0,0.0,0,0,0.0,1621901.0,9216.0
"void cublasLt::splitKreduce_kernel<32, 16, int, float, float, float, float, 0, float, float, float, 1, 1, 0>(cublasLt::cublasSplitKParams<T6>, const T4 *, const T10 *, T9 *, T5 *, const T6 *, const T6 *, const T11 *, const T4 *, T11 *, void *, long, T6 *, int *, T6 *, T6 *, const T6 *, const T6 *, const T6 *, const T6 *, const T6 *)",331,0.0,122880.0,0,0,0.0,122880.0,122880.0,0.0,7680.0,0.0,319488.0,98304.0,4.768,5302.016000000004,98304.0,24576.0,0.0,0,0,0,0,0,0,0.0,0.0,0,0,0.0,9984.0,3072.0
"void native::<unnamed>::CatArrayBatchedCopy<native::<unnamed>::OpaqueType<4>, unsigned int, 4, 64, 64>(T1 *, native::<unnamed>::CatArrInputTensorMetadata<T1, T2, T4, T5>, native::<unnamed>::TensorSizeStride<T2, 4>, int, T2)",332,0.0,0.0,0,0,0.0,0.0,0.0,0.0,1024.0,0.0,65536.0,65536.0,5.696,5307.712000000004,0.0,0.0,0.0,0,0,0,0,0,0,0.0,0.0,0,0,0.0,2048.0,2048.0
"void native::<unnamed>::CatArrayBatchedCopy<native::<unnamed>::OpaqueType<4>, unsigned int, 4, 64, 64>(T1 *, native::<unnamed>::CatArrInputTensorMetadata<T1, T2, T4, T5>, native::<unnamed>::TensorSizeStride<T2, 4>, int, T2)",333,0.0,0.0,0,0,0.0,0.0,0.0,0.0,1024.0,0.0,65536.0,65536.0,5.76,5313.472000000004,0.0,0.0,0.0,0,0,0,0,0,0,0.0,0.0,0,0,0.0,2048.0,2048.0
"fmha_cutlassF_f32_aligned_64x64_rf_sm80(PyTorchMemEffAttention::AttentionKernel<float, arch::Sm80, 1, 64, 64, 64, 1, 1>::Params)",334,262144.0,8716288.0,0,0,0.0,8716288.0,8716288.0,68096.0,128.0,0.99812382739212,163840.0,32768.0,25.92,5339.392000000004,6594560.0,1597440.0,262144.0,0,0,0,0,0,0,0.0,0.0,0,0,0.0,5120.0,1024.0
ampere_sgemm_32x32_sliced1x4_nn,335,138412032.0,278200320.0,0,0,0.0,278200320.0,278200320.0,724992.0,148736.0,0.8297685320832112,18490560.0,98304.0,33.76,5373.152000000005,589824.0,786432.0,138412032.0,0,0,0,0,0,0,0.0,0.0,0,0,0.0,577830.0,3072.0
"void cublasLt::splitKreduce_kernel<32, 16, int, float, float, float, float, 0, float, float, float, 1, 1, 0>(cublasLt::cublasSplitKParams<T6>, const T4 *, const T10 *, T9 *, T5 *, const T6 *, const T6 *, const T11 *, const T4 *, T11 *, void *, long, T6 *, int *, T6 *, T6 *, const T6 *, const T6 *, const T6 *, const T6 *, const T6 *)",336,0.0,40960.0,0,0,0.0,40960.0,40960.0,0.0,2560.0,0.0,106496.0,32768.0,3.424,5376.576000000005,32768.0,8192.0,0.0,0,0,0,0,0,0,0.0,0.0,0,0,0.0,3328.0,1024.0
"void native::vectorized_elementwise_kernel<4, native::CUDAFunctor_add<float>, std::array<char *, 3>>(int, T2, T3)",337,8192.0,16384.0,0,0,0.0,16384.0,16384.0,0.0,192.0,0.0,65536.0,32768.0,2.752,5379.328000000005,0.0,0.0,8192.0,0,0,0,0,0,0,0.0,0.0,0,0,0.0,2048.0,1024.0
"void native::<unnamed>::vectorized_layer_norm_kernel<float, float>(int, T2, const T1 *, const T1 *, const T1 *, T2 *, T2 *, T1 *)",338,51268.0,175348.0,0,0,0.0,175348.0,175348.0,80.0,712.0,0.10101010101010101,98304.0,33024.0,8.032,5387.360000000005,51760.0,21052.0,51268.0,0,0,0,0,0,0,0.0,0.0,0,0,0.0,3072.0,1032.0
ampere_sgemm_32x32_sliced1x4_nn,339,537133056.0,1076101120.0,0,0,0.0,1076101120.0,1076101120.0,2686976.0,591872.0,0.8194878201124297,72342528.0,131072.0,127.104,5514.464000000005,786432.0,1048576.0,537133056.0,0,0,0,0,0,0,0.0,0.0,0,0,0.0,2260704.0,4096.0
"void native::vectorized_elementwise_kernel<4, native::AUnaryFunctor<float, float, float, binary_internal::MulFunctor<float>>, std::array<char *, 2>>(int, T2, T3)",340,0.0,32768.0,0,0,0.0,32768.0,32768.0,0.0,512.0,0.0,131072.0,131072.0,2.752,5517.216000000006,0.0,32768.0,0.0,0,0,0,0,0,0,0.0,0.0,0,0,0.0,4096.0,4096.0
"void native::vectorized_elementwise_kernel<4, void native::<unnamed>::pow_tensor_scalar_kernel_impl<float, float>(at::TensorIteratorBase &, T2)::[lambda(float) (instance 2)], std::array<char *, 2>>(int, T2, T3)",341,0.0,65536.0,0,0,0.0,65536.0,65536.0,0.0,512.0,0.0,131072.0,131072.0,2.688,5519.904000000006,0.0,65536.0,0.0,0,0,0,0,0,0,0.0,0.0,0,0,0.0,4096.0,4096.0
"void native::vectorized_elementwise_kernel<4, native::AUnaryFunctor<float, float, float, binary_internal::MulFunctor<float>>, std::array<char *, 2>>(int, T2, T3)",342,0.0,32768.0,0,0,0.0,32768.0,32768.0,0.0,512.0,0.0,131072.0,131072.0,2.688,5522.592000000006,0.0,32768.0,0.0,0,0,0,0,0,0,0.0,0.0,0,0,0.0,4096.0,4096.0
"void native::vectorized_elementwise_kernel<4, native::CUDAFunctor_add<float>, std::array<char *, 3>>(int, T2, T3)",343,32768.0,65536.0,0,0,0.0,65536.0,65536.0,0.0,768.0,0.0,262144.0,131072.0,2.944,5525.536000000006,0.0,0.0,32768.0,0,0,0,0,0,0,0.0,0.0,0,0,0.0,8192.0,4096.0
"void native::vectorized_elementwise_kernel<4, native::AUnaryFunctor<float, float, float, binary_internal::MulFunctor<float>>, std::array<char *, 2>>(int, T2, T3)",344,0.0,32768.0,0,0,0.0,32768.0,32768.0,0.0,512.0,0.0,131072.0,131072.0,2.72,5528.256000000007,0.0,32768.0,0.0,0,0,0,0,0,0,0.0,0.0,0,0,0.0,4096.0,4096.0
"void native::vectorized_elementwise_kernel<4, native::tanh_kernel_cuda(at::TensorIteratorBase &)::[lambda() (instance 2)]::operator ()() const::[lambda() (instance 2)]::operator ()() const::[lambda(float) (instance 1)], std::array<char *, 2>>(int, T2, T3)",345,183087.0,464478.0,0,0,0.0,464478.0,464478.0,0.0,512.0,0.0,131072.0,131072.0,2.88,5531.136000000007,32768.0,65536.0,183087.0,0,0,0,0,0,0,0.0,0.0,0,0,0.0,4096.0,4096.0
"void native::vectorized_elementwise_kernel<4, native::CUDAFunctorOnSelf_add<float>, std::array<char *, 2>>(int, T2, T3)",346,32768.0,65536.0,0,0,0.0,65536.0,65536.0,0.0,512.0,0.0,131072.0,131072.0,2.688,5533.824000000007,0.0,0.0,32768.0,0,0,0,0,0,0,0.0,0.0,0,0,0.0,4096.0,4096.0
"void native::vectorized_elementwise_kernel<4, native::BinaryFunctor<float, float, float, binary_internal::MulFunctor<float>>, std::array<char *, 3>>(int, T2, T3)",347,0.0,32768.0,0,0,0.0,32768.0,32768.0,0.0,768.0,0.0,262144.0,131072.0,2.816,5536.640000000007,0.0,32768.0,0.0,0,0,0,0,0,0,0.0,0.0,0,0,0.0,8192.0,4096.0
ampere_sgemm_128x32_sliced1x4_nn,348,545259520.0,1092812800.0,0,0,0.0,1092812800.0,1092812800.0,1802880.0,542208.0,0.7687899132143442,68927872.0,163840.0,86.56,5623.200000000007,983040.0,1310720.0,545259520.0,0,0,0,0,0,0,0.0,0.0,0,0,0.0,2153996.0,5120.0
"void cublasLt::splitKreduce_kernel<32, 16, int, float, float, float, float, 0, float, float, float, 1, 1, 0>(cublasLt::cublasSplitKParams<T6>, const T4 *, const T10 *, T9 *, T5 *, const T6 *, const T6 *, const T11 *, const T4 *, T11 *, void *, long, T6 *, int *, T6 *, T6 *, const T6 *, const T6 *, const T6 *, const T6 *, const T6 *)",349,0.0,57344.0,0,0,0.0,57344.0,57344.0,0.0,3072.0,0.0,172032.0,32768.0,3.52,5626.7200000000075,49152.0,8192.0,0.0,0,0,0,0,0,0,0.0,0.0,0,0,0.0,5376.0,1024.0
"void native::vectorized_elementwise_kernel<4, native::CUDAFunctor_add<float>, std::array<char *, 3>>(int, T2, T3)",350,8192.0,16384.0,0,0,0.0,16384.0,16384.0,0.0,192.0,0.0,65536.0,32768.0,2.752,5629.472000000008,0.0,0.0,8192.0,0,0,0,0,0,0,0.0,0.0,0,0,0.0,2048.0,1024.0
"void native::<unnamed>::vectorized_layer_norm_kernel<float, float>(int, T2, const T1 *, const T1 *, const T1 *, T2 *, T2 *, T1 *)",351,51268.0,175348.0,0,0,0.0,175348.0,175348.0,80.0,712.0,0.10101010101010101,98304.0,33024.0,8.064,5637.536000000008,51760.0,21052.0,51268.0,0,0,0,0,0,0,0.0,0.0,0,0,0.0,3072.0,1032.0
void cutlass::Kernel2<cutlass_80_simt_sgemm_128x32_8x5_nn_align1>(T1::Params),352,402653184.0,805896192.0,0,0,0.0,805896192.0,805896192.0,1218240.0,2304.0,0.998112317130722,51899776.0,294912.0,67.136,5704.672000000009,0.0,589824.0,402653184.0,0,0,0,0,0,0,0.0,0.0,0,0,0.0,1621868.0,9216.0
"void cublasLt::splitKreduce_kernel<32, 16, int, float, float, float, float, 0, float, float, float, 1, 1, 0>(cublasLt::cublasSplitKParams<T6>, const T4 *, const T10 *, T9 *, T5 *, const T6 *, const T6 *, const T11 *, const T4 *, T11 *, void *, long, T6 *, int *, T6 *, T6 *, const T6 *, const T6 *, const T6 *, const T6 *, const T6 *)",353,0.0,122880.0,0,0,0.0,122880.0,122880.0,0.0,7680.0,0.0,319488.0,98304.0,4.832,5709.504000000009,98304.0,24576.0,0.0,0,0,0,0,0,0,0.0,0.0,0,0,0.0,9984.0,3072.0
"void native::<unnamed>::CatArrayBatchedCopy<native::<unnamed>::OpaqueType<4>, unsigned int, 4, 64, 64>(T1 *, native::<unnamed>::CatArrInputTensorMetadata<T1, T2, T4, T5>, native::<unnamed>::TensorSizeStride<T2, 4>, int, T2)",354,0.0,0.0,0,0,0.0,0.0,0.0,0.0,1024.0,0.0,65536.0,65536.0,5.728,5715.232000000009,0.0,0.0,0.0,0,0,0,0,0,0,0.0,0.0,0,0,0.0,2048.0,2048.0
"void native::<unnamed>::CatArrayBatchedCopy<native::<unnamed>::OpaqueType<4>, unsigned int, 4, 64, 64>(T1 *, native::<unnamed>::CatArrInputTensorMetadata<T1, T2, T4, T5>, native::<unnamed>::TensorSizeStride<T2, 4>, int, T2)",355,0.0,0.0,0,0,0.0,0.0,0.0,0.0,1024.0,0.0,65536.0,65536.0,5.728,5720.960000000009,0.0,0.0,0.0,0,0,0,0,0,0,0.0,0.0,0,0,0.0,2048.0,2048.0
"fmha_cutlassF_f32_aligned_64x64_rf_sm80(PyTorchMemEffAttention::AttentionKernel<float, arch::Sm80, 1, 64, 64, 64, 1, 1>::Params)",356,262144.0,8716288.0,0,0,0.0,8716288.0,8716288.0,68096.0,128.0,0.99812382739212,163840.0,32768.0,25.792,5746.7520000000095,6594560.0,1597440.0,262144.0,0,0,0,0,0,0,0.0,0.0,0,0,0.0,5120.0,1024.0
ampere_sgemm_32x32_sliced1x4_nn,357,138412032.0,278200320.0,0,0,0.0,278200320.0,278200320.0,724992.0,148736.0,0.8297685320832112,18484416.0,98304.0,33.856,5780.608000000009,589824.0,786432.0,138412032.0,0,0,0,0,0,0,0.0,0.0,0,0,0.0,577638.0,3072.0
"void cublasLt::splitKreduce_kernel<32, 16, int, float, float, float, float, 0, float, float, float, 1, 1, 0>(cublasLt::cublasSplitKParams<T6>, const T4 *, const T10 *, T9 *, T5 *, const T6 *, const T6 *, const T11 *, const T4 *, T11 *, void *, long, T6 *, int *, T6 *, T6 *, const T6 *, const T6 *, const T6 *, const T6 *, const T6 *)",358,0.0,40960.0,0,0,0.0,40960.0,40960.0,0.0,2560.0,0.0,106496.0,32768.0,3.456,5784.064000000009,32768.0,8192.0,0.0,0,0,0,0,0,0,0.0,0.0,0,0,0.0,3328.0,1024.0
"void native::vectorized_elementwise_kernel<4, native::CUDAFunctor_add<float>, std::array<char *, 3>>(int, T2, T3)",359,8192.0,16384.0,0,0,0.0,16384.0,16384.0,0.0,192.0,0.0,65536.0,32768.0,2.848,5786.912000000009,0.0,0.0,8192.0,0,0,0,0,0,0,0.0,0.0,0,0,0.0,2048.0,1024.0
"void native::<unnamed>::vectorized_layer_norm_kernel<float, float>(int, T2, const T1 *, const T1 *, const T1 *, T2 *, T2 *, T1 *)",360,51268.0,175348.0,0,0,0.0,175348.0,175348.0,80.0,712.0,0.10101010101010101,98304.0,33024.0,8.128,5795.040000000009,51760.0,21052.0,51268.0,0,0,0,0,0,0,0.0,0.0,0,0,0.0,3072.0,1032.0
ampere_sgemm_32x32_sliced1x4_nn,361,537133056.0,1076101120.0,0,0,0.0,1076101120.0,1076101120.0,2686976.0,591872.0,0.8194878201124297,71998848.0,131072.0,126.688,5921.728000000009,786432.0,1048576.0,537133056.0,0,0,0,0,0,0,0.0,0.0,0,0,0.0,2249964.0,4096.0
"void native::vectorized_elementwise_kernel<4, native::AUnaryFunctor<float, float, float, binary_internal::MulFunctor<float>>, std::array<char *, 2>>(int, T2, T3)",362,0.0,32768.0,0,0,0.0,32768.0,32768.0,0.0,512.0,0.0,131072.0,131072.0,2.688,5924.416000000009,0.0,32768.0,0.0,0,0,0,0,0,0,0.0,0.0,0,0,0.0,4096.0,4096.0
"void native::vectorized_elementwise_kernel<4, void native::<unnamed>::pow_tensor_scalar_kernel_impl<float, float>(at::TensorIteratorBase &, T2)::[lambda(float) (instance 2)], std::array<char *, 2>>(int, T2, T3)",363,0.0,65536.0,0,0,0.0,65536.0,65536.0,0.0,512.0,0.0,131072.0,131072.0,2.688,5927.104000000009,0.0,65536.0,0.0,0,0,0,0,0,0,0.0,0.0,0,0,0.0,4096.0,4096.0
"void native::vectorized_elementwise_kernel<4, native::AUnaryFunctor<float, float, float, binary_internal::MulFunctor<float>>, std::array<char *, 2>>(int, T2, T3)",364,0.0,32768.0,0,0,0.0,32768.0,32768.0,0.0,512.0,0.0,131072.0,131072.0,2.688,5929.7920000000095,0.0,32768.0,0.0,0,0,0,0,0,0,0.0,0.0,0,0,0.0,4096.0,4096.0
"void native::vectorized_elementwise_kernel<4, native::CUDAFunctor_add<float>, std::array<char *, 3>>(int, T2, T3)",365,32768.0,65536.0,0,0,0.0,65536.0,65536.0,0.0,768.0,0.0,262144.0,131072.0,2.976,5932.768000000009,0.0,0.0,32768.0,0,0,0,0,0,0,0.0,0.0,0,0,0.0,8192.0,4096.0
"void native::vectorized_elementwise_kernel<4, native::AUnaryFunctor<float, float, float, binary_internal::MulFunctor<float>>, std::array<char *, 2>>(int, T2, T3)",366,0.0,32768.0,0,0,0.0,32768.0,32768.0,0.0,512.0,0.0,131072.0,131072.0,2.688,5935.456000000009,0.0,32768.0,0.0,0,0,0,0,0,0,0.0,0.0,0,0,0.0,4096.0,4096.0
"void native::vectorized_elementwise_kernel<4, native::tanh_kernel_cuda(at::TensorIteratorBase &)::[lambda() (instance 2)]::operator ()() const::[lambda() (instance 2)]::operator ()() const::[lambda(float) (instance 1)], std::array<char *, 2>>(int, T2, T3)",367,182937.0,464178.0,0,0,0.0,464178.0,464178.0,0.0,512.0,0.0,131072.0,131072.0,2.816,5938.272000000009,32768.0,65536.0,182937.0,0,0,0,0,0,0,0.0,0.0,0,0,0.0,4096.0,4096.0
"void native::vectorized_elementwise_kernel<4, native::CUDAFunctorOnSelf_add<float>, std::array<char *, 2>>(int, T2, T3)",368,32768.0,65536.0,0,0,0.0,65536.0,65536.0,0.0,512.0,0.0,131072.0,131072.0,2.656,5940.928000000009,0.0,0.0,32768.0,0,0,0,0,0,0,0.0,0.0,0,0,0.0,4096.0,4096.0
"void native::vectorized_elementwise_kernel<4, native::BinaryFunctor<float, float, float, binary_internal::MulFunctor<float>>, std::array<char *, 3>>(int, T2, T3)",369,0.0,32768.0,0,0,0.0,32768.0,32768.0,0.0,768.0,0.0,262144.0,131072.0,2.848,5943.776000000009,0.0,32768.0,0.0,0,0,0,0,0,0,0.0,0.0,0,0,0.0,8192.0,4096.0
ampere_sgemm_128x32_sliced1x4_nn,370,545259520.0,1092812800.0,0,0,0.0,1092812800.0,1092812800.0,1802880.0,542208.0,0.7687899132143442,68924928.0,163840.0,87.008,6030.784000000009,983040.0,1310720.0,545259520.0,0,0,0,0,0,0,0.0,0.0,0,0,0.0,2153904.0,5120.0
"void cublasLt::splitKreduce_kernel<32, 16, int, float, float, float, float, 0, float, float, float, 1, 1, 0>(cublasLt::cublasSplitKParams<T6>, const T4 *, const T10 *, T9 *, T5 *, const T6 *, const T6 *, const T11 *, const T4 *, T11 *, void *, long, T6 *, int *, T6 *, T6 *, const T6 *, const T6 *, const T6 *, const T6 *, const T6 *)",371,0.0,57344.0,0,0,0.0,57344.0,57344.0,0.0,3072.0,0.0,172032.0,32768.0,3.584,6034.368000000009,49152.0,8192.0,0.0,0,0,0,0,0,0,0.0,0.0,0,0,0.0,5376.0,1024.0
"void native::vectorized_elementwise_kernel<4, native::CUDAFunctor_add<float>, std::array<char *, 3>>(int, T2, T3)",372,8192.0,16384.0,0,0,0.0,16384.0,16384.0,0.0,192.0,0.0,65536.0,32768.0,2.72,6037.088000000009,0.0,0.0,8192.0,0,0,0,0,0,0,0.0,0.0,0,0,0.0,2048.0,1024.0
"void native::<unnamed>::vectorized_layer_norm_kernel<float, float>(int, T2, const T1 *, const T1 *, const T1 *, T2 *, T2 *, T1 *)",373,51268.0,175348.0,0,0,0.0,175348.0,175348.0,80.0,712.0,0.10101010101010101,98304.0,33024.0,8.096,6045.184000000008,51760.0,21052.0,51268.0,0,0,0,0,0,0,0.0,0.0,0,0,0.0,3072.0,1032.0
void cutlass::Kernel2<cutlass_80_simt_sgemm_128x32_8x5_nn_align1>(T1::Params),374,402653184.0,805896192.0,0,0,0.0,805896192.0,805896192.0,1218240.0,2304.0,0.998112317130722,51898720.0,294912.0,66.88,6112.0640000000085,0.0,589824.0,402653184.0,0,0,0,0,0,0,0.0,0.0,0,0,0.0,1621835.0,9216.0
"void cublasLt::splitKreduce_kernel<32, 16, int, float, float, float, float, 0, float, float, float, 1, 1, 0>(cublasLt::cublasSplitKParams<T6>, const T4 *, const T10 *, T9 *, T5 *, const T6 *, const T6 *, const T11 *, const T4 *, T11 *, void *, long, T6 *, int *, T6 *, T6 *, const T6 *, const T6 *, const T6 *, const T6 *, const T6 *)",375,0.0,122880.0,0,0,0.0,122880.0,122880.0,0.0,7680.0,0.0,319488.0,98304.0,4.736,6116.800000000008,98304.0,24576.0,0.0,0,0,0,0,0,0,0.0,0.0,0,0,0.0,9984.0,3072.0
"void native::<unnamed>::CatArrayBatchedCopy<native::<unnamed>::OpaqueType<4>, unsigned int, 4, 64, 64>(T1 *, native::<unnamed>::CatArrInputTensorMetadata<T1, T2, T4, T5>, native::<unnamed>::TensorSizeStride<T2, 4>, int, T2)",376,0.0,0.0,0,0,0.0,0.0,0.0,0.0,1024.0,0.0,65536.0,65536.0,5.664,6122.464000000008,0.0,0.0,0.0,0,0,0,0,0,0,0.0,0.0,0,0,0.0,2048.0,2048.0
"void native::<unnamed>::CatArrayBatchedCopy<native::<unnamed>::OpaqueType<4>, unsigned int, 4, 64, 64>(T1 *, native::<unnamed>::CatArrInputTensorMetadata<T1, T2, T4, T5>, native::<unnamed>::TensorSizeStride<T2, 4>, int, T2)",377,0.0,0.0,0,0,0.0,0.0,0.0,0.0,1024.0,0.0,65536.0,65536.0,5.76,6128.224000000008,0.0,0.0,0.0,0,0,0,0,0,0,0.0,0.0,0,0,0.0,2048.0,2048.0
"fmha_cutlassF_f32_aligned_64x64_rf_sm80(PyTorchMemEffAttention::AttentionKernel<float, arch::Sm80, 1, 64, 64, 64, 1, 1>::Params)",378,262144.0,8716288.0,0,0,0.0,8716288.0,8716288.0,68096.0,128.0,0.99812382739212,163840.0,32768.0,26.656,6154.880000000008,6594560.0,1597440.0,262144.0,0,0,0,0,0,0,0.0,0.0,0,0,0.0,5120.0,1024.0
ampere_sgemm_32x32_sliced1x4_nn,379,138412032.0,278200320.0,0,0,0.0,278200320.0,278200320.0,724992.0,148736.0,0.8297685320832112,18488000.0,98304.0,33.696,6188.576000000008,589824.0,786432.0,138412032.0,0,0,0,0,0,0,0.0,0.0,0,0,0.0,577750.0,3072.0
"void cublasLt::splitKreduce_kernel<32, 16, int, float, float, float, float, 0, float, float, float, 1, 1, 0>(cublasLt::cublasSplitKParams<T6>, const T4 *, const T10 *, T9 *, T5 *, const T6 *, const T6 *, const T11 *, const T4 *, T11 *, void *, long, T6 *, int *, T6 *, T6 *, const T6 *, const T6 *, const T6 *, const T6 *, const T6 *)",380,0.0,40960.0,0,0,0.0,40960.0,40960.0,0.0,2560.0,0.0,106496.0,32768.0,3.424,6192.000000000008,32768.0,8192.0,0.0,0,0,0,0,0,0,0.0,0.0,0,0,0.0,3328.0,1024.0
"void native::vectorized_elementwise_kernel<4, native::CUDAFunctor_add<float>, std::array<char *, 3>>(int, T2, T3)",381,8192.0,16384.0,0,0,0.0,16384.0,16384.0,0.0,192.0,0.0,65536.0,32768.0,2.752,6194.752000000009,0.0,0.0,8192.0,0,0,0,0,0,0,0.0,0.0,0,0,0.0,2048.0,1024.0
"void native::<unnamed>::vectorized_layer_norm_kernel<float, float>(int, T2, const T1 *, const T1 *, const T1 *, T2 *, T2 *, T1 *)",382,51268.0,175348.0,0,0,0.0,175348.0,175348.0,80.0,712.0,0.10101010101010101,98304.0,33024.0,8.0,6202.752000000009,51760.0,21052.0,51268.0,0,0,0,0,0,0,0.0,0.0,0,0,0.0,3072.0,1032.0
ampere_sgemm_32x32_sliced1x4_nn,383,537133056.0,1076101120.0,0,0,0.0,1076101120.0,1076101120.0,2686976.0,591872.0,0.8194878201124297,72508672.0,131072.0,126.688,6329.440000000009,786432.0,1048576.0,537133056.0,0,0,0,0,0,0,0.0,0.0,0,0,0.0,2265896.0,4096.0
"void native::vectorized_elementwise_kernel<4, native::AUnaryFunctor<float, float, float, binary_internal::MulFunctor<float>>, std::array<char *, 2>>(int, T2, T3)",384,0.0,32768.0,0,0,0.0,32768.0,32768.0,0.0,512.0,0.0,131072.0,131072.0,2.688,6332.128000000009,0.0,32768.0,0.0,0,0,0,0,0,0,0.0,0.0,0,0,0.0,4096.0,4096.0
"void native::vectorized_elementwise_kernel<4, void native::<unnamed>::pow_tensor_scalar_kernel_impl<float, float>(at::TensorIteratorBase &, T2)::[lambda(float) (instance 2)], std::array<char *, 2>>(int, T2, T3)",385,0.0,65536.0,0,0,0.0,65536.0,65536.0,0.0,512.0,0.0,131072.0,131072.0,2.624,6334.752000000009,0.0,65536.0,0.0,0,0,0,0,0,0,0.0,0.0,0,0,0.0,4096.0,4096.0
"void native::vectorized_elementwise_kernel<4, native::AUnaryFunctor<float, float, float, binary_internal::MulFunctor<float>>, std::array<char *, 2>>(int, T2, T3)",386,0.0,32768.0,0,0,0.0,32768.0,32768.0,0.0,512.0,0.0,131072.0,131072.0,2.688,6337.440000000009,0.0,32768.0,0.0,0,0,0,0,0,0,0.0,0.0,0,0,0.0,4096.0,4096.0
"void native::vectorized_elementwise_kernel<4, native::CUDAFunctor_add<float>, std::array<char *, 3>>(int, T2, T3)",387,32768.0,65536.0,0,0,0.0,65536.0,65536.0,0.0,768.0,0.0,262144.0,131072.0,2.976,6340.416000000008,0.0,0.0,32768.0,0,0,0,0,0,0,0.0,0.0,0,0,0.0,8192.0,4096.0
"void native::vectorized_elementwise_kernel<4, native::AUnaryFunctor<float, float, float, binary_internal::MulFunctor<float>>, std::array<char *, 2>>(int, T2, T3)",388,0.0,32768.0,0,0,0.0,32768.0,32768.0,0.0,512.0,0.0,131072.0,131072.0,2.688,6343.104000000008,0.0,32768.0,0.0,0,0,0,0,0,0,0.0,0.0,0,0,0.0,4096.0,4096.0
"void native::vectorized_elementwise_kernel<4, native::tanh_kernel_cuda(at::TensorIteratorBase &)::[lambda() (instance 2)]::operator ()() const::[lambda() (instance 2)]::operator ()() const::[lambda(float) (instance 1)], std::array<char *, 2>>(int, T2, T3)",389,182972.0,464248.0,0,0,0.0,464248.0,464248.0,0.0,512.0,0.0,131072.0,131072.0,2.88,6345.984000000009,32768.0,65536.0,182972.0,0,0,0,0,0,0,0.0,0.0,0,0,0.0,4096.0,4096.0
"void native::vectorized_elementwise_kernel<4, native::CUDAFunctorOnSelf_add<float>, std::array<char *, 2>>(int, T2, T3)",390,32768.0,65536.0,0,0,0.0,65536.0,65536.0,0.0,512.0,0.0,131072.0,131072.0,2.688,6348.672000000009,0.0,0.0,32768.0,0,0,0,0,0,0,0.0,0.0,0,0,0.0,4096.0,4096.0
"void native::vectorized_elementwise_kernel<4, native::BinaryFunctor<float, float, float, binary_internal::MulFunctor<float>>, std::array<char *, 3>>(int, T2, T3)",391,0.0,32768.0,0,0,0.0,32768.0,32768.0,0.0,768.0,0.0,262144.0,131072.0,2.784,6351.456000000008,0.0,32768.0,0.0,0,0,0,0,0,0,0.0,0.0,0,0,0.0,8192.0,4096.0
ampere_sgemm_128x32_sliced1x4_nn,392,545259520.0,1092812800.0,0,0,0.0,1092812800.0,1092812800.0,1802880.0,542208.0,0.7687899132143442,68925216.0,163840.0,86.816,6438.272000000008,983040.0,1310720.0,545259520.0,0,0,0,0,0,0,0.0,0.0,0,0,0.0,2153913.0,5120.0
"void cublasLt::splitKreduce_kernel<32, 16, int, float, float, float, float, 0, float, float, float, 1, 1, 0>(cublasLt::cublasSplitKParams<T6>, const T4 *, const T10 *, T9 *, T5 *, const T6 *, const T6 *, const T11 *, const T4 *, T11 *, void *, long, T6 *, int *, T6 *, T6 *, const T6 *, const T6 *, const T6 *, const T6 *, const T6 *)",393,0.0,57344.0,0,0,0.0,57344.0,57344.0,0.0,3072.0,0.0,172032.0,32768.0,3.584,6441.856000000008,49152.0,8192.0,0.0,0,0,0,0,0,0,0.0,0.0,0,0,0.0,5376.0,1024.0
"void native::vectorized_elementwise_kernel<4, native::CUDAFunctor_add<float>, std::array<char *, 3>>(int, T2, T3)",394,8192.0,16384.0,0,0,0.0,16384.0,16384.0,0.0,192.0,0.0,65536.0,32768.0,2.72,6444.576000000008,0.0,0.0,8192.0,0,0,0,0,0,0,0.0,0.0,0,0,0.0,2048.0,1024.0
"void native::<unnamed>::vectorized_layer_norm_kernel<float, float>(int, T2, const T1 *, const T1 *, const T1 *, T2 *, T2 *, T1 *)",395,51268.0,175348.0,0,0,0.0,175348.0,175348.0,80.0,712.0,0.10101010101010101,98304.0,33024.0,8.032,6452.608000000008,51760.0,21052.0,51268.0,0,0,0,0,0,0,0.0,0.0,0,0,0.0,3072.0,1032.0
void cutlass::Kernel2<cutlass_80_simt_sgemm_128x32_8x5_nn_align1>(T1::Params),396,402653184.0,805896192.0,0,0,0.0,805896192.0,805896192.0,1218240.0,2304.0,0.998112317130722,51900224.0,294912.0,67.072,6519.6800000000085,0.0,589824.0,402653184.0,0,0,0,0,0,0,0.0,0.0,0,0,0.0,1621882.0,9216.0
"void cublasLt::splitKreduce_kernel<32, 16, int, float, float, float, float, 0, float, float, float, 1, 1, 0>(cublasLt::cublasSplitKParams<T6>, const T4 *, const T10 *, T9 *, T5 *, const T6 *, const T6 *, const T11 *, const T4 *, T11 *, void *, long, T6 *, int *, T6 *, T6 *, const T6 *, const T6 *, const T6 *, const T6 *, const T6 *)",397,0.0,122880.0,0,0,0.0,122880.0,122880.0,0.0,7680.0,0.0,319488.0,98304.0,4.96,6524.6400000000085,98304.0,24576.0,0.0,0,0,0,0,0,0,0.0,0.0,0,0,0.0,9984.0,3072.0
"void native::<unnamed>::CatArrayBatchedCopy<native::<unnamed>::OpaqueType<4>, unsigned int, 4, 64, 64>(T1 *, native::<unnamed>::CatArrInputTensorMetadata<T1, T2, T4, T5>, native::<unnamed>::TensorSizeStride<T2, 4>, int, T2)",398,0.0,0.0,0,0,0.0,0.0,0.0,0.0,1024.0,0.0,65536.0,65536.0,5.76,6530.400000000009,0.0,0.0,0.0,0,0,0,0,0,0,0.0,0.0,0,0,0.0,2048.0,2048.0
"void native::<unnamed>::CatArrayBatchedCopy<native::<unnamed>::OpaqueType<4>, unsigned int, 4, 64, 64>(T1 *, native::<unnamed>::CatArrInputTensorMetadata<T1, T2, T4, T5>, native::<unnamed>::TensorSizeStride<T2, 4>, int, T2)",399,0.0,0.0,0,0,0.0,0.0,0.0,0.0,1024.0,0.0,65536.0,65536.0,5.696,6536.096000000009,0.0,0.0,0.0,0,0,0,0,0,0,0.0,0.0,0,0,0.0,2048.0,2048.0
"fmha_cutlassF_f32_aligned_64x64_rf_sm80(PyTorchMemEffAttention::AttentionKernel<float, arch::Sm80, 1, 64, 64, 64, 1, 1>::Params)",400,262144.0,8716288.0,0,0,0.0,8716288.0,8716288.0,68096.0,128.0,0.99812382739212,163840.0,32768.0,25.984,6562.080000000009,6594560.0,1597440.0,262144.0,0,0,0,0,0,0,0.0,0.0,0,0,0.0,5120.0,1024.0
ampere_sgemm_32x32_sliced1x4_nn,401,138412032.0,278200320.0,0,0,0.0,278200320.0,278200320.0,724992.0,148736.0,0.8297685320832112,18502240.0,98304.0,33.728,6595.808000000009,589824.0,786432.0,138412032.0,0,0,0,0,0,0,0.0,0.0,0,0,0.0,578195.0,3072.0
"void cublasLt::splitKreduce_kernel<32, 16, int, float, float, float, float, 0, float, float, float, 1, 1, 0>(cublasLt::cublasSplitKParams<T6>, const T4 *, const T10 *, T9 *, T5 *, const T6 *, const T6 *, const T11 *, const T4 *, T11 *, void *, long, T6 *, int *, T6 *, T6 *, const T6 *, const T6 *, const T6 *, const T6 *, const T6 *)",402,0.0,40960.0,0,0,0.0,40960.0,40960.0,0.0,2560.0,0.0,106496.0,32768.0,3.424,6599.232000000009,32768.0,8192.0,0.0,0,0,0,0,0,0,0.0,0.0,0,0,0.0,3328.0,1024.0
"void native::vectorized_elementwise_kernel<4, native::CUDAFunctor_add<float>, std::array<char *, 3>>(int, T2, T3)",403,8192.0,16384.0,0,0,0.0,16384.0,16384.0,0.0,192.0,0.0,65536.0,32768.0,2.72,6601.952000000009,0.0,0.0,8192.0,0,0,0,0,0,0,0.0,0.0,0,0,0.0,2048.0,1024.0
"void native::<unnamed>::vectorized_layer_norm_kernel<float, float>(int, T2, const T1 *, const T1 *, const T1 *, T2 *, T2 *, T1 *)",404,51268.0,175348.0,0,0,0.0,175348.0,175348.0,80.0,712.0,0.10101010101010101,98304.0,33024.0,8.064,6610.01600000001,51760.0,21052.0,51268.0,0,0,0,0,0,0,0.0,0.0,0,0,0.0,3072.0,1032.0
ampere_sgemm_32x32_sliced1x4_nn,405,537133056.0,1076101120.0,0,0,0.0,1076101120.0,1076101120.0,2686976.0,591872.0,0.8194878201124297,72512000.0,131072.0,126.496,6736.51200000001,786432.0,1048576.0,537133056.0,0,0,0,0,0,0,0.0,0.0,0,0,0.0,2266000.0,4096.0
"void native::vectorized_elementwise_kernel<4, native::AUnaryFunctor<float, float, float, binary_internal::MulFunctor<float>>, std::array<char *, 2>>(int, T2, T3)",406,0.0,32768.0,0,0,0.0,32768.0,32768.0,0.0,512.0,0.0,131072.0,131072.0,2.688,6739.20000000001,0.0,32768.0,0.0,0,0,0,0,0,0,0.0,0.0,0,0,0.0,4096.0,4096.0
"void native::vectorized_elementwise_kernel<4, void native::<unnamed>::pow_tensor_scalar_kernel_impl<float, float>(at::TensorIteratorBase &, T2)::[lambda(float) (instance 2)], std::array<char *, 2>>(int, T2, T3)",407,0.0,65536.0,0,0,0.0,65536.0,65536.0,0.0,512.0,0.0,131072.0,131072.0,2.688,6741.88800000001,0.0,65536.0,0.0,0,0,0,0,0,0,0.0,0.0,0,0,0.0,4096.0,4096.0
"void native::vectorized_elementwise_kernel<4, native::AUnaryFunctor<float, float, float, binary_internal::MulFunctor<float>>, std::array<char *, 2>>(int, T2, T3)",408,0.0,32768.0,0,0,0.0,32768.0,32768.0,0.0,512.0,0.0,131072.0,131072.0,2.656,6744.54400000001,0.0,32768.0,0.0,0,0,0,0,0,0,0.0,0.0,0,0,0.0,4096.0,4096.0
"void native::vectorized_elementwise_kernel<4, native::CUDAFunctor_add<float>, std::array<char *, 3>>(int, T2, T3)",409,32768.0,65536.0,0,0,0.0,65536.0,65536.0,0.0,768.0,0.0,262144.0,131072.0,2.88,6747.42400000001,0.0,0.0,32768.0,0,0,0,0,0,0,0.0,0.0,0,0,0.0,8192.0,4096.0
"void native::vectorized_elementwise_kernel<4, native::AUnaryFunctor<float, float, float, binary_internal::MulFunctor<float>>, std::array<char *, 2>>(int, T2, T3)",410,0.0,32768.0,0,0,0.0,32768.0,32768.0,0.0,512.0,0.0,131072.0,131072.0,2.72,6750.14400000001,0.0,32768.0,0.0,0,0,0,0,0,0,0.0,0.0,0,0,0.0,4096.0,4096.0
"void native::vectorized_elementwise_kernel<4, native::tanh_kernel_cuda(at::TensorIteratorBase &)::[lambda() (instance 2)]::operator ()() const::[lambda() (instance 2)]::operator ()() const::[lambda(float) (instance 1)], std::array<char *, 2>>(int, T2, T3)",411,182840.0,463984.0,0,0,0.0,463984.0,463984.0,0.0,512.0,0.0,131072.0,131072.0,2.784,6752.92800000001,32768.0,65536.0,182840.0,0,0,0,0,0,0,0.0,0.0,0,0,0.0,4096.0,4096.0
"void native::vectorized_elementwise_kernel<4, native::CUDAFunctorOnSelf_add<float>, std::array<char *, 2>>(int, T2, T3)",412,32768.0,65536.0,0,0,0.0,65536.0,65536.0,0.0,512.0,0.0,131072.0,131072.0,2.656,6755.58400000001,0.0,0.0,32768.0,0,0,0,0,0,0,0.0,0.0,0,0,0.0,4096.0,4096.0
"void native::vectorized_elementwise_kernel<4, native::BinaryFunctor<float, float, float, binary_internal::MulFunctor<float>>, std::array<char *, 3>>(int, T2, T3)",413,0.0,32768.0,0,0,0.0,32768.0,32768.0,0.0,768.0,0.0,262144.0,131072.0,2.944,6758.52800000001,0.0,32768.0,0.0,0,0,0,0,0,0,0.0,0.0,0,0,0.0,8192.0,4096.0
ampere_sgemm_128x32_sliced1x4_nn,414,545259520.0,1092812800.0,0,0,0.0,1092812800.0,1092812800.0,1802880.0,542208.0,0.7687899132143442,68930784.0,163840.0,86.848,6845.37600000001,983040.0,1310720.0,545259520.0,0,0,0,0,0,0,0.0,0.0,0,0,0.0,2154087.0,5120.0
"void cublasLt::splitKreduce_kernel<32, 16, int, float, float, float, float, 0, float, float, float, 1, 1, 0>(cublasLt::cublasSplitKParams<T6>, const T4 *, const T10 *, T9 *, T5 *, const T6 *, const T6 *, const T11 *, const T4 *, T11 *, void *, long, T6 *, int *, T6 *, T6 *, const T6 *, const T6 *, const T6 *, const T6 *, const T6 *)",415,0.0,57344.0,0,0,0.0,57344.0,57344.0,0.0,3072.0,0.0,172032.0,32768.0,3.68,6849.0560000000105,49152.0,8192.0,0.0,0,0,0,0,0,0,0.0,0.0,0,0,0.0,5376.0,1024.0
"void native::vectorized_elementwise_kernel<4, native::CUDAFunctor_add<float>, std::array<char *, 3>>(int, T2, T3)",416,8192.0,16384.0,0,0,0.0,16384.0,16384.0,0.0,192.0,0.0,65536.0,32768.0,2.784,6851.84000000001,0.0,0.0,8192.0,0,0,0,0,0,0,0.0,0.0,0,0,0.0,2048.0,1024.0
"void native::<unnamed>::vectorized_layer_norm_kernel<float, float>(int, T2, const T1 *, const T1 *, const T1 *, T2 *, T2 *, T1 *)",417,51268.0,175348.0,0,0,0.0,175348.0,175348.0,80.0,712.0,0.10101010101010101,98304.0,33024.0,8.032,6859.87200000001,51760.0,21052.0,51268.0,0,0,0,0,0,0,0.0,0.0,0,0,0.0,3072.0,1032.0
void cutlass::Kernel2<cutlass_80_simt_sgemm_128x32_8x5_nn_align1>(T1::Params),418,402653184.0,805896192.0,0,0,0.0,805896192.0,805896192.0,1218240.0,2304.0,0.998112317130722,51899872.0,294912.0,67.264,6927.13600000001,0.0,589824.0,402653184.0,0,0,0,0,0,0,0.0,0.0,0,0,0.0,1621871.0,9216.0
"void cublasLt::splitKreduce_kernel<32, 16, int, float, float, float, float, 0, float, float, float, 1, 1, 0>(cublasLt::cublasSplitKParams<T6>, const T4 *, const T10 *, T9 *, T5 *, const T6 *, const T6 *, const T11 *, const T4 *, T11 *, void *, long, T6 *, int *, T6 *, T6 *, const T6 *, const T6 *, const T6 *, const T6 *, const T6 *)",419,0.0,122880.0,0,0,0.0,122880.0,122880.0,0.0,7680.0,0.0,319488.0,98304.0,4.704,6931.84000000001,98304.0,24576.0,0.0,0,0,0,0,0,0,0.0,0.0,0,0,0.0,9984.0,3072.0
"void native::<unnamed>::CatArrayBatchedCopy<native::<unnamed>::OpaqueType<4>, unsigned int, 4, 64, 64>(T1 *, native::<unnamed>::CatArrInputTensorMetadata<T1, T2, T4, T5>, native::<unnamed>::TensorSizeStride<T2, 4>, int, T2)",420,0.0,0.0,0,0,0.0,0.0,0.0,0.0,1024.0,0.0,65536.0,65536.0,5.696,6937.53600000001,0.0,0.0,0.0,0,0,0,0,0,0,0.0,0.0,0,0,0.0,2048.0,2048.0
"void native::<unnamed>::CatArrayBatchedCopy<native::<unnamed>::OpaqueType<4>, unsigned int, 4, 64, 64>(T1 *, native::<unnamed>::CatArrInputTensorMetadata<T1, T2, T4, T5>, native::<unnamed>::TensorSizeStride<T2, 4>, int, T2)",421,0.0,0.0,0,0,0.0,0.0,0.0,0.0,1024.0,0.0,65536.0,65536.0,5.76,6943.29600000001,0.0,0.0,0.0,0,0,0,0,0,0,0.0,0.0,0,0,0.0,2048.0,2048.0
"fmha_cutlassF_f32_aligned_64x64_rf_sm80(PyTorchMemEffAttention::AttentionKernel<float, arch::Sm80, 1, 64, 64, 64, 1, 1>::Params)",422,262144.0,8716288.0,0,0,0.0,8716288.0,8716288.0,68096.0,128.0,0.99812382739212,163840.0,32768.0,26.528,6969.8240000000105,6594560.0,1597440.0,262144.0,0,0,0,0,0,0,0.0,0.0,0,0,0.0,5120.0,1024.0
ampere_sgemm_32x32_sliced1x4_nn,423,138412032.0,278200320.0,0,0,0.0,278200320.0,278200320.0,724992.0,148736.0,0.8297685320832112,18498464.0,98304.0,33.632,7003.45600000001,589824.0,786432.0,138412032.0,0,0,0,0,0,0,0.0,0.0,0,0,0.0,578077.0,3072.0
"void cublasLt::splitKreduce_kernel<32, 16, int, float, float, float, float, 0, float, float, float, 1, 1, 0>(cublasLt::cublasSplitKParams<T6>, const T4 *, const T10 *, T9 *, T5 *, const T6 *, const T6 *, const T11 *, const T4 *, T11 *, void *, long, T6 *, int *, T6 *, T6 *, const T6 *, const T6 *, const T6 *, const T6 *, const T6 *)",424,0.0,40960.0,0,0,0.0,40960.0,40960.0,0.0,2560.0,0.0,106496.0,32768.0,3.424,7006.88000000001,32768.0,8192.0,0.0,0,0,0,0,0,0,0.0,0.0,0,0,0.0,3328.0,1024.0
"void native::vectorized_elementwise_kernel<4, native::CUDAFunctor_add<float>, std::array<char *, 3>>(int, T2, T3)",425,8192.0,16384.0,0,0,0.0,16384.0,16384.0,0.0,192.0,0.0,65536.0,32768.0,2.752,7009.6320000000105,0.0,0.0,8192.0,0,0,0,0,0,0,0.0,0.0,0,0,0.0,2048.0,1024.0
"void native::<unnamed>::vectorized_layer_norm_kernel<float, float>(int, T2, const T1 *, const T1 *, const T1 *, T2 *, T2 *, T1 *)",426,51268.0,175348.0,0,0,0.0,175348.0,175348.0,80.0,712.0,0.10101010101010101,98304.0,33024.0,8.0,7017.6320000000105,51760.0,21052.0,51268.0,0,0,0,0,0,0,0.0,0.0,0,0,0.0,3072.0,1032.0
ampere_sgemm_32x32_sliced1x4_nn,427,537133056.0,1076101120.0,0,0,0.0,1076101120.0,1076101120.0,2686976.0,591872.0,0.8194878201124297,72515712.0,131072.0,127.904,7145.536000000011,786432.0,1048576.0,537133056.0,0,0,0,0,0,0,0.0,0.0,0,0,0.0,2266116.0,4096.0
"void native::vectorized_elementwise_kernel<4, native::AUnaryFunctor<float, float, float, binary_internal::MulFunctor<float>>, std::array<char *, 2>>(int, T2, T3)",428,0.0,32768.0,0,0,0.0,32768.0,32768.0,0.0,512.0,0.0,131072.0,131072.0,2.72,7148.256000000011,0.0,32768.0,0.0,0,0,0,0,0,0,0.0,0.0,0,0,0.0,4096.0,4096.0
"void native::vectorized_elementwise_kernel<4, void native::<unnamed>::pow_tensor_scalar_kernel_impl<float, float>(at::TensorIteratorBase &, T2)::[lambda(float) (instance 2)], std::array<char *, 2>>(int, T2, T3)",429,0.0,65536.0,0,0,0.0,65536.0,65536.0,0.0,512.0,0.0,131072.0,131072.0,2.752,7151.008000000012,0.0,65536.0,0.0,0,0,0,0,0,0,0.0,0.0,0,0,0.0,4096.0,4096.0
"void native::vectorized_elementwise_kernel<4, native::AUnaryFunctor<float, float, float, binary_internal::MulFunctor<float>>, std::array<char *, 2>>(int, T2, T3)",430,0.0,32768.0,0,0,0.0,32768.0,32768.0,0.0,512.0,0.0,131072.0,131072.0,2.688,7153.696000000012,0.0,32768.0,0.0,0,0,0,0,0,0,0.0,0.0,0,0,0.0,4096.0,4096.0
"void native::vectorized_elementwise_kernel<4, native::CUDAFunctor_add<float>, std::array<char *, 3>>(int, T2, T3)",431,32768.0,65536.0,0,0,0.0,65536.0,65536.0,0.0,768.0,0.0,262144.0,131072.0,2.912,7156.608000000012,0.0,0.0,32768.0,0,0,0,0,0,0,0.0,0.0,0,0,0.0,8192.0,4096.0
"void native::vectorized_elementwise_kernel<4, native::AUnaryFunctor<float, float, float, binary_internal::MulFunctor<float>>, std::array<char *, 2>>(int, T2, T3)",432,0.0,32768.0,0,0,0.0,32768.0,32768.0,0.0,512.0,0.0,131072.0,131072.0,2.752,7159.360000000012,0.0,32768.0,0.0,0,0,0,0,0,0,0.0,0.0,0,0,0.0,4096.0,4096.0
"void native::vectorized_elementwise_kernel<4, native::tanh_kernel_cuda(at::TensorIteratorBase &)::[lambda() (instance 2)]::operator ()() const::[lambda() (instance 2)]::operator ()() const::[lambda(float) (instance 1)], std::array<char *, 2>>(int, T2, T3)",433,182900.0,464104.0,0,0,0.0,464104.0,464104.0,0.0,512.0,0.0,131072.0,131072.0,2.88,7162.2400000000125,32768.0,65536.0,182900.0,0,0,0,0,0,0,0.0,0.0,0,0,0.0,4096.0,4096.0
"void native::vectorized_elementwise_kernel<4, native::CUDAFunctorOnSelf_add<float>, std::array<char *, 2>>(int, T2, T3)",434,32768.0,65536.0,0,0,0.0,65536.0,65536.0,0.0,512.0,0.0,131072.0,131072.0,2.688,7164.928000000013,0.0,0.0,32768.0,0,0,0,0,0,0,0.0,0.0,0,0,0.0,4096.0,4096.0
"void native::vectorized_elementwise_kernel<4, native::BinaryFunctor<float, float, float, binary_internal::MulFunctor<float>>, std::array<char *, 3>>(int, T2, T3)",435,0.0,32768.0,0,0,0.0,32768.0,32768.0,0.0,768.0,0.0,262144.0,131072.0,2.816,7167.744000000012,0.0,32768.0,0.0,0,0,0,0,0,0,0.0,0.0,0,0,0.0,8192.0,4096.0
ampere_sgemm_128x32_sliced1x4_nn,436,545259520.0,1092812800.0,0,0,0.0,1092812800.0,1092812800.0,1802880.0,542208.0,0.7687899132143442,68930816.0,163840.0,86.848,7254.592000000012,983040.0,1310720.0,545259520.0,0,0,0,0,0,0,0.0,0.0,0,0,0.0,2154088.0,5120.0
"void cublasLt::splitKreduce_kernel<32, 16, int, float, float, float, float, 0, float, float, float, 1, 1, 0>(cublasLt::cublasSplitKParams<T6>, const T4 *, const T10 *, T9 *, T5 *, const T6 *, const T6 *, const T11 *, const T4 *, T11 *, void *, long, T6 *, int *, T6 *, T6 *, const T6 *, const T6 *, const T6 *, const T6 *, const T6 *)",437,0.0,57344.0,0,0,0.0,57344.0,57344.0,0.0,3072.0,0.0,172032.0,32768.0,3.776,7258.368000000012,49152.0,8192.0,0.0,0,0,0,0,0,0,0.0,0.0,0,0,0.0,5376.0,1024.0
"void native::vectorized_elementwise_kernel<4, native::CUDAFunctor_add<float>, std::array<char *, 3>>(int, T2, T3)",438,8192.0,16384.0,0,0,0.0,16384.0,16384.0,0.0,192.0,0.0,65536.0,32768.0,2.752,7261.120000000013,0.0,0.0,8192.0,0,0,0,0,0,0,0.0,0.0,0,0,0.0,2048.0,1024.0
"void native::<unnamed>::vectorized_layer_norm_kernel<float, float>(int, T2, const T1 *, const T1 *, const T1 *, T2 *, T2 *, T1 *)",439,51268.0,175348.0,0,0,0.0,175348.0,175348.0,80.0,712.0,0.10101010101010101,98304.0,33024.0,8.032,7269.152000000013,51760.0,21052.0,51268.0,0,0,0,0,0,0,0.0,0.0,0,0,0.0,3072.0,1032.0
void cutlass::Kernel2<cutlass_80_simt_sgemm_128x32_8x5_nn_align1>(T1::Params),440,402653184.0,805896192.0,0,0,0.0,805896192.0,805896192.0,1218240.0,2304.0,0.998112317130722,51899968.0,294912.0,67.072,7336.224000000013,0.0,589824.0,402653184.0,0,0,0,0,0,0,0.0,0.0,0,0,0.0,1621874.0,9216.0
"void cublasLt::splitKreduce_kernel<32, 16, int, float, float, float, float, 0, float, float, float, 1, 1, 0>(cublasLt::cublasSplitKParams<T6>, const T4 *, const T10 *, T9 *, T5 *, const T6 *, const T6 *, const T11 *, const T4 *, T11 *, void *, long, T6 *, int *, T6 *, T6 *, const T6 *, const T6 *, const T6 *, const T6 *, const T6 *)",441,0.0,122880.0,0,0,0.0,122880.0,122880.0,0.0,7680.0,0.0,319488.0,98304.0,4.768,7340.992000000013,98304.0,24576.0,0.0,0,0,0,0,0,0,0.0,0.0,0,0,0.0,9984.0,3072.0
"void native::<unnamed>::CatArrayBatchedCopy<native::<unnamed>::OpaqueType<4>, unsigned int, 4, 64, 64>(T1 *, native::<unnamed>::CatArrInputTensorMetadata<T1, T2, T4, T5>, native::<unnamed>::TensorSizeStride<T2, 4>, int, T2)",442,0.0,0.0,0,0,0.0,0.0,0.0,0.0,1024.0,0.0,65536.0,65536.0,5.696,7346.688000000013,0.0,0.0,0.0,0,0,0,0,0,0,0.0,0.0,0,0,0.0,2048.0,2048.0
"void native::<unnamed>::CatArrayBatchedCopy<native::<unnamed>::OpaqueType<4>, unsigned int, 4, 64, 64>(T1 *, native::<unnamed>::CatArrInputTensorMetadata<T1, T2, T4, T5>, native::<unnamed>::TensorSizeStride<T2, 4>, int, T2)",443,0.0,0.0,0,0,0.0,0.0,0.0,0.0,1024.0,0.0,65536.0,65536.0,5.728,7352.416000000013,0.0,0.0,0.0,0,0,0,0,0,0,0.0,0.0,0,0,0.0,2048.0,2048.0
"fmha_cutlassF_f32_aligned_64x64_rf_sm80(PyTorchMemEffAttention::AttentionKernel<float, arch::Sm80, 1, 64, 64, 64, 1, 1>::Params)",444,262144.0,8716288.0,0,0,0.0,8716288.0,8716288.0,68096.0,128.0,0.99812382739212,163840.0,32768.0,26.176,7378.592000000013,6594560.0,1597440.0,262144.0,0,0,0,0,0,0,0.0,0.0,0,0,0.0,5120.0,1024.0
ampere_sgemm_32x32_sliced1x4_nn,445,138412032.0,278200320.0,0,0,0.0,278200320.0,278200320.0,724992.0,148736.0,0.8297685320832112,18495744.0,98304.0,33.6,7412.192000000014,589824.0,786432.0,138412032.0,0,0,0,0,0,0,0.0,0.0,0,0,0.0,577992.0,3072.0
"void cublasLt::splitKreduce_kernel<32, 16, int, float, float, float, float, 0, float, float, float, 1, 1, 0>(cublasLt::cublasSplitKParams<T6>, const T4 *, const T10 *, T9 *, T5 *, const T6 *, const T6 *, const T11 *, const T4 *, T11 *, void *, long, T6 *, int *, T6 *, T6 *, const T6 *, const T6 *, const T6 *, const T6 *, const T6 *)",446,0.0,40960.0,0,0,0.0,40960.0,40960.0,0.0,2560.0,0.0,106496.0,32768.0,3.456,7415.648000000014,32768.0,8192.0,0.0,0,0,0,0,0,0,0.0,0.0,0,0,0.0,3328.0,1024.0
"void native::vectorized_elementwise_kernel<4, native::CUDAFunctor_add<float>, std::array<char *, 3>>(int, T2, T3)",447,8192.0,16384.0,0,0,0.0,16384.0,16384.0,0.0,192.0,0.0,65536.0,32768.0,2.688,7418.336000000014,0.0,0.0,8192.0,0,0,0,0,0,0,0.0,0.0,0,0,0.0,2048.0,1024.0
"void native::<unnamed>::vectorized_layer_norm_kernel<float, float>(int, T2, const T1 *, const T1 *, const T1 *, T2 *, T2 *, T1 *)",448,51268.0,175348.0,0,0,0.0,175348.0,175348.0,80.0,712.0,0.10101010101010101,98304.0,33024.0,8.16,7426.496000000014,51760.0,21052.0,51268.0,0,0,0,0,0,0,0.0,0.0,0,0,0.0,3072.0,1032.0
ampere_sgemm_32x32_sliced1x4_nn,449,537133056.0,1076101120.0,0,0,0.0,1076101120.0,1076101120.0,2686976.0,591872.0,0.8194878201124297,72397312.0,131072.0,126.912,7553.408000000014,786432.0,1048576.0,537133056.0,0,0,0,0,0,0,0.0,0.0,0,0,0.0,2262416.0,4096.0
"void native::vectorized_elementwise_kernel<4, native::AUnaryFunctor<float, float, float, binary_internal::MulFunctor<float>>, std::array<char *, 2>>(int, T2, T3)",450,0.0,32768.0,0,0,0.0,32768.0,32768.0,0.0,512.0,0.0,131072.0,131072.0,2.656,7556.064000000014,0.0,32768.0,0.0,0,0,0,0,0,0,0.0,0.0,0,0,0.0,4096.0,4096.0
"void native::vectorized_elementwise_kernel<4, void native::<unnamed>::pow_tensor_scalar_kernel_impl<float, float>(at::TensorIteratorBase &, T2)::[lambda(float) (instance 2)], std::array<char *, 2>>(int, T2, T3)",451,0.0,65536.0,0,0,0.0,65536.0,65536.0,0.0,512.0,0.0,131072.0,131072.0,2.656,7558.720000000014,0.0,65536.0,0.0,0,0,0,0,0,0,0.0,0.0,0,0,0.0,4096.0,4096.0
"void native::vectorized_elementwise_kernel<4, native::AUnaryFunctor<float, float, float, binary_internal::MulFunctor<float>>, std::array<char *, 2>>(int, T2, T3)",452,0.0,32768.0,0,0,0.0,32768.0,32768.0,0.0,512.0,0.0,131072.0,131072.0,2.752,7561.472000000014,0.0,32768.0,0.0,0,0,0,0,0,0,0.0,0.0,0,0,0.0,4096.0,4096.0
"void native::vectorized_elementwise_kernel<4, native::CUDAFunctor_add<float>, std::array<char *, 3>>(int, T2, T3)",453,32768.0,65536.0,0,0,0.0,65536.0,65536.0,0.0,768.0,0.0,262144.0,131072.0,2.816,7564.288000000014,0.0,0.0,32768.0,0,0,0,0,0,0,0.0,0.0,0,0,0.0,8192.0,4096.0
"void native::vectorized_elementwise_kernel<4, native::AUnaryFunctor<float, float, float, binary_internal::MulFunctor<float>>, std::array<char *, 2>>(int, T2, T3)",454,0.0,32768.0,0,0,0.0,32768.0,32768.0,0.0,512.0,0.0,131072.0,131072.0,2.656,7566.944000000014,0.0,32768.0,0.0,0,0,0,0,0,0,0.0,0.0,0,0,0.0,4096.0,4096.0
"void native::vectorized_elementwise_kernel<4, native::tanh_kernel_cuda(at::TensorIteratorBase &)::[lambda() (instance 2)]::operator ()() const::[lambda() (instance 2)]::operator ()() const::[lambda(float) (instance 1)], std::array<char *, 2>>(int, T2, T3)",455,183084.0,464472.0,0,0,0.0,464472.0,464472.0,0.0,512.0,0.0,131072.0,131072.0,2.88,7569.824000000014,32768.0,65536.0,183084.0,0,0,0,0,0,0,0.0,0.0,0,0,0.0,4096.0,4096.0
"void native::vectorized_elementwise_kernel<4, native::CUDAFunctorOnSelf_add<float>, std::array<char *, 2>>(int, T2, T3)",456,32768.0,65536.0,0,0,0.0,65536.0,65536.0,0.0,512.0,0.0,131072.0,131072.0,2.656,7572.480000000014,0.0,0.0,32768.0,0,0,0,0,0,0,0.0,0.0,0,0,0.0,4096.0,4096.0
"void native::vectorized_elementwise_kernel<4, native::BinaryFunctor<float, float, float, binary_internal::MulFunctor<float>>, std::array<char *, 3>>(int, T2, T3)",457,0.0,32768.0,0,0,0.0,32768.0,32768.0,0.0,768.0,0.0,262144.0,131072.0,2.944,7575.4240000000145,0.0,32768.0,0.0,0,0,0,0,0,0,0.0,0.0,0,0,0.0,8192.0,4096.0
ampere_sgemm_128x32_sliced1x4_nn,458,545259520.0,1092812800.0,0,0,0.0,1092812800.0,1092812800.0,1802880.0,542208.0,0.7687899132143442,68929760.0,163840.0,86.816,7662.240000000014,983040.0,1310720.0,545259520.0,0,0,0,0,0,0,0.0,0.0,0,0,0.0,2154055.0,5120.0
"void cublasLt::splitKreduce_kernel<32, 16, int, float, float, float, float, 0, float, float, float, 1, 1, 0>(cublasLt::cublasSplitKParams<T6>, const T4 *, const T10 *, T9 *, T5 *, const T6 *, const T6 *, const T11 *, const T4 *, T11 *, void *, long, T6 *, int *, T6 *, T6 *, const T6 *, const T6 *, const T6 *, const T6 *, const T6 *)",459,0.0,57344.0,0,0,0.0,57344.0,57344.0,0.0,3072.0,0.0,172032.0,32768.0,3.52,7665.760000000015,49152.0,8192.0,0.0,0,0,0,0,0,0,0.0,0.0,0,0,0.0,5376.0,1024.0
"void native::vectorized_elementwise_kernel<4, native::CUDAFunctor_add<float>, std::array<char *, 3>>(int, T2, T3)",460,8192.0,16384.0,0,0,0.0,16384.0,16384.0,0.0,192.0,0.0,65536.0,32768.0,2.752,7668.512000000015,0.0,0.0,8192.0,0,0,0,0,0,0,0.0,0.0,0,0,0.0,2048.0,1024.0
"void native::<unnamed>::vectorized_layer_norm_kernel<float, float>(int, T2, const T1 *, const T1 *, const T1 *, T2 *, T2 *, T1 *)",461,51268.0,175348.0,0,0,0.0,175348.0,175348.0,80.0,712.0,0.10101010101010101,98304.0,33024.0,8.16,7676.672000000015,51760.0,21052.0,51268.0,0,0,0,0,0,0,0.0,0.0,0,0,0.0,3072.0,1032.0
"void gemmSN_TN_kernel<float, 128, 16, 2, 4, 4, 4, 1, cublasGemvTensorStridedBatched<const float>, cublasGemvTensorStridedBatched<const float>, cublasGemvTensorStridedBatched<float>>(cublasGemmSmallNParams<T9, T10, T11, T1>)",462,411705344.0,903829056.0,0,0,0.0,903829056.0,903829056.0,5654076.0,4925476.0,0.5344343503392204,604927296.0,1979520.0,475.616,8152.288000000015,28948032.0,51470336.0,411705344.0,0,0,0,0,0,0,0.0,0.0,0,0,0.0,18903978.0,61860.0
"void native::vectorized_elementwise_kernel<2, native::FillFunctor<long>, std::array<char *, 1>>(int, T2, T3)",463,0.0,0.0,0,0,0.0,0.0,0.0,0.0,1.0,0.0,0.0,32.0,2.176,8154.464000000015,0.0,0.0,0.0,0,0,0,0,0,0,0.0,0.0,0,0,0.0,0.0,1.0
"void native::<unnamed>::CatArrayBatchedCopy_aligned16_contig<native::<unnamed>::OpaqueType<8>, unsigned int, 2, 128, 1>(T1 *, native::<unnamed>::CatArrInputTensorMetadata<T1, T2, T4, T5>, native::<unnamed>::TensorSizeStride<T2, 4>, int, T2)",464,0.0,0.0,0,0,0.0,0.0,0.0,0.0,6.0,0.0,96.0,160.0,3.392,8157.856000000015,0.0,0.0,0.0,0,0,0,0,0,0,0.0,0.0,0,0,0.0,3.0,5.0
"void native::vectorized_elementwise_kernel<2, native::CUDAFunctorOnSelf_add<long>, std::array<char *, 2>>(int, T2, T3)",465,0.0,0.0,0,0,0.0,0.0,0.0,0.0,2.0,0.0,32.0,32.0,2.592,8160.448000000015,0.0,0.0,0.0,0,0,0,0,0,0,0.0,0.0,0,0,0.0,1.0,1.0
"void native::vectorized_elementwise_kernel<4, native::BUnaryFunctor<float, float, float, binary_internal::MulFunctor<float>>, std::array<char *, 2>>(int, T2, T3)",466,0.0,201028.0,0,0,0.0,201028.0,201028.0,0.0,3158.0,0.0,804128.0,804128.0,3.552,8164.000000000015,0.0,201028.0,0.0,0,0,0,0,0,0,0.0,0.0,0,0,0.0,25129.0,25129.0
"void mbtopk::fill<unsigned int, unsigned int>(T1 *, T1, T2)",467,0.0,0.0,0,0,0.0,0.0,0.0,0.0,1.0,0.0,0.0,32.0,2.208,8166.208000000014,0.0,0.0,0.0,0,0,0,0,0,0,0.0,0.0,0,0,0.0,0.0,1.0
"void mbtopk::radixFindKthValues<float, unsigned int, unsigned int, 2>(cuda::TensorInfo<const T1, T2>, unsigned int, unsigned int *, unsigned int, T2, int, int, unsigned int, T3, T3 *, short *)",468,0.0,0.0,0,0,0.0,0.0,0.0,3200.0,9484.0,0.2522863450015768,747264.0,59584.0,5.024,8171.2320000000145,0.0,0.0,0.0,0,0,0,0,0,0,0.0,0.0,0,0,0.0,23352.0,1862.0
"void mbtopk::computeBlockwiseWithinKCounts<unsigned int, float>(T1 *, short *, unsigned int *, unsigned int, int, bool, unsigned int *, T2 *, unsigned int *, T1 *, unsigned int)",469,0.0,0.0,0,0,0.0,0.0,0.0,14800.0,82608.0,0.15193823915900131,4695904.0,0.0,8.448,8179.680000000015,0.0,0.0,0.0,0,0,0,0,0,0,0.0,0.0,0,0,0.0,146747.0,0.0
"void mbtopk::radixFindKthValues<float, unsigned int, unsigned int, 2>(cuda::TensorInfo<const T1, T2>, unsigned int, unsigned int *, unsigned int, T2, int, int, unsigned int, T3, T3 *, short *)",470,0.0,0.0,0,0,0.0,0.0,0.0,3200.0,9484.0,0.2522863450015768,748352.0,60864.0,4.896,8184.576000000015,0.0,0.0,0.0,0,0,0,0,0,0,0.0,0.0,0,0,0.0,23386.0,1902.0
"void mbtopk::computeBlockwiseWithinKCounts<unsigned int, float>(T1 *, short *, unsigned int *, unsigned int, int, bool, unsigned int *, T2 *, unsigned int *, T1 *, unsigned int)",471,0.0,0.0,0,0,0.0,0.0,0.0,14800.0,83258.0,0.15093108160476454,4695904.0,0.0,8.256,8192.832000000015,0.0,0.0,0.0,0,0,0,0,0,0,0.0,0.0,0,0,0.0,146747.0,0.0
"void mbtopk::radixFindKthValues<float, unsigned int, unsigned int, 2>(cuda::TensorInfo<const T1, T2>, unsigned int, unsigned int *, unsigned int, T2, int, int, unsigned int, T3, T3 *, short *)",472,0.0,0.0,0,0,0.0,0.0,0.0,3200.0,9484.0,0.2522863450015768,743264.0,59520.0,4.8,8197.632000000014,0.0,0.0,0.0,0,0,0,0,0,0,0.0,0.0,0,0,0.0,23227.0,1860.0
"void mbtopk::computeBlockwiseWithinKCounts<unsigned int, float>(T1 *, short *, unsigned int *, unsigned int, int, bool, unsigned int *, T2 *, unsigned int *, T1 *, unsigned int)",473,0.0,0.0,0,0,0.0,0.0,0.0,14800.0,83158.0,0.1510851589456706,4695904.0,0.0,8.416,8206.048000000013,0.0,0.0,0.0,0,0,0,0,0,0,0.0,0.0,0,0,0.0,146747.0,0.0
"void mbtopk::radixFindKthValues<float, unsigned int, unsigned int, 2>(cuda::TensorInfo<const T1, T2>, unsigned int, unsigned int *, unsigned int, T2, int, int, unsigned int, T3, T3 *, short *)",474,0.0,0.0,0,0,0.0,0.0,0.0,3200.0,9484.0,0.2522863450015768,745344.0,60352.0,4.768,8210.816000000013,0.0,0.0,0.0,0,0,0,0,0,0,0.0,0.0,0,0,0.0,23292.0,1886.0
"void mbtopk::computeBlockwiseWithinKCounts<unsigned int, float>(T1 *, short *, unsigned int *, unsigned int, int, bool, unsigned int *, T2 *, unsigned int *, T1 *, unsigned int)",475,0.0,0.0,0,0,0.0,0.0,0.0,14800.0,83058.0,0.15123955118641297,4695904.0,128.0,8.384,8219.200000000013,0.0,0.0,0.0,0,0,0,0,0,0,0.0,0.0,0,0,0.0,146747.0,4.0
"void mbtopk::computeBlockwiseKthCounts<unsigned int>(T1 *, short *, unsigned int, unsigned int, unsigned int *)",476,0.0,0.0,0,0,0.0,0.0,0.0,0.0,21.0,0.0,6432.0,800.0,3.168,8222.368000000013,0.0,0.0,0.0,0,0,0,0,0,0,0.0,0.0,0,0,0.0,201.0,25.0
"void at_cuda_detail::DeviceScanByKeyInitKernel<at_cuda_detail::ReduceByKeyScanTileState<unsigned int, int, 1>, at_cuda_detail::TransformInputIterator<unsigned int, mbtopk::BlockIdxToKey, at_cuda_detail::CountingInputIterator<unsigned int, unsigned int>, long>>(T1, T2, std::iterator_traits<T2>::value_type *, unsigned int, int)",477,0.0,0.0,0,0,0.0,0.0,0.0,0.0,2.0,0.0,0.0,544.0,2.144,8224.512000000013,0.0,0.0,0.0,0,0,0,0,0,0,0.0,0.0,0,0,0.0,0.0,17.0
"void at_cuda_detail::DeviceScanByKeyKernel<at_cuda_detail::DeviceScanByKeyPolicy<at_cuda_detail::TransformInputIterator<unsigned int, mbtopk::BlockIdxToKey, at_cuda_detail::CountingInputIterator<unsigned int, unsigned int>, long>, unsigned int, unsigned int, __4::plus<void>>::Policy900, at_cuda_detail::TransformInputIterator<unsigned int, mbtopk::BlockIdxToKey, at_cuda_detail::CountingInputIterator<unsigned int, unsigned int>, long>, unsigned int *, unsigned int *, at_cuda_detail::ReduceByKeyScanTileState<unsigned int, int, 1>, __4::equal_to<void>, __4::plus<void>, at_cuda_detail::NullType, int, unsigned int, unsigned int>(T2, T11 *, T3, T4, T5, int, T6, T7, T8, T9)",478,0.0,0.0,0,0,0.0,0.0,0.0,497.0,22.0,0.9576107899807321,800.0,0.0,5.088,8229.600000000013,0.0,0.0,0.0,0,0,0,0,0,0,0.0,0.0,0,0,0.0,25.0,0.0
"void at_cuda_detail::DeviceScanByKeyInitKernel<at_cuda_detail::ReduceByKeyScanTileState<unsigned int, int, 1>, at_cuda_detail::TransformInputIterator<unsigned int, mbtopk::BlockIdxToKey, at_cuda_detail::CountingInputIterator<unsigned int, unsigned int>, long>>(T1, T2, std::iterator_traits<T2>::value_type *, unsigned int, int)",479,0.0,0.0,0,0,0.0,0.0,0.0,0.0,2.0,0.0,0.0,544.0,2.208,8231.808000000014,0.0,0.0,0.0,0,0,0,0,0,0,0.0,0.0,0,0,0.0,0.0,17.0
"void at_cuda_detail::DeviceScanByKeyKernel<at_cuda_detail::DeviceScanByKeyPolicy<at_cuda_detail::TransformInputIterator<unsigned int, mbtopk::BlockIdxToKey, at_cuda_detail::CountingInputIterator<unsigned int, unsigned int>, long>, unsigned int, unsigned int, __4::plus<void>>::Policy900, at_cuda_detail::TransformInputIterator<unsigned int, mbtopk::BlockIdxToKey, at_cuda_detail::CountingInputIterator<unsigned int, unsigned int>, long>, unsigned int *, unsigned int *, at_cuda_detail::ReduceByKeyScanTileState<unsigned int, int, 1>, __4::equal_to<void>, __4::plus<void>, at_cuda_detail::NullType, int, unsigned int, unsigned int>(T2, T11 *, T3, T4, T5, int, T6, T7, T8, T9)",480,0.0,0.0,0,0,0.0,0.0,0.0,497.0,22.0,0.9576107899807321,800.0,0.0,5.152,8236.960000000014,0.0,0.0,0.0,0,0,0,0,0,0,0.0,0.0,0,0,0.0,25.0,0.0
"void mbtopk::gatherTopK<float, unsigned int, 2>(cuda::TensorInfo<const T1, T2>, T2, T2, bool, unsigned int, T2, cuda::TensorInfo<T1, T2>, T2, cuda::TensorInfo<long, T2>, T2, unsigned int, unsigned int, T1 *, unsigned int *, unsigned int *, unsigned int)",481,0.0,0.0,0,0,0.0,0.0,0.0,53472.0,13020.0,0.8041869698610359,766272.0,8320.0,8.96,8245.920000000013,0.0,0.0,0.0,0,0,0,0,0,0,0.0,0.0,0,0,0.0,23946.0,260.0
"void native::radixSortKVInPlace<2, (int)-1, 32, 4, float, long, unsigned int>(cuda::TensorInfo<T5, T7>, T7, T7, T7, cuda::TensorInfo<T6, T7>, T7, bool)",482,0.0,0.0,0,0,0.0,0.0,0.0,1832.0,32.0,0.9828326180257511,2368.0,544.0,9.312,8255.232000000013,0.0,0.0,0.0,0,0,0,0,0,0,0.0,0.0,0,0,0.0,74.0,17.0
"void native::elementwise_kernel<128, 4, void native::gpu_kernel_impl_nocast<native::<unnamed>::CompareFunctor<float>>(at::TensorIteratorBase &, const T1 &)::[lambda(int) (instance 1)]>(int, T3)",483,0.0,0.0,0,0,0.0,0.0,0.0,0.0,18849.0,0.0,812064.0,80032.0,5.056,8260.288000000013,0.0,0.0,0.0,0,0,0,0,0,0,0.0,0.0,0,0,0.0,25377.0,2501.0
"void native::vectorized_elementwise_kernel<4, native::<unnamed>::masked_fill_kernel(at::TensorIterator &, const c10::Scalar &)::[lambda() (instance 1)]::operator ()() const::[lambda() (instance 7)]::operator ()() const::[lambda(float, bool) (instance 1)], std::array<char *, 3>>(int, T2, T3)",484,0.0,0.0,0,0,0.0,0.0,0.0,0.0,4737.0,0.0,1005184.0,0.0,4.192,8264.480000000012,0.0,0.0,0.0,0,0,0,0,0,0,0.0,0.0,0,0,0.0,31412.0,0.0
"native::<unnamed>::fill_index_and_segment_kernel(int2 *, int, cuda::IntDivider<unsigned int>)",485,0.0,0.0,0,0,0.0,0.0,0.0,0.0,6283.0,0.0,0.0,1608224.0,4.48,8268.960000000012,0.0,0.0,0.0,0,0,0,0,0,0,0.0,0.0,0,0,0.0,0.0,50257.0
"void at_cuda_detail::DeviceRadixSortHistogramKernel<at_cuda_detail::DeviceRadixSortPolicy<float, cuda::OpaqueType<8>, unsigned long long>::Policy900, 0, float, unsigned long long, at_cuda_detail::identity_decomposer_t>(T4 *, const T3 *, T4, int, int, T5)",486,0.0,0.0,0,0,0.0,0.0,0.0,62976.0,6283.0,0.9092825481164902,804128.0,0.0,5.696,8274.656000000012,0.0,0.0,0.0,0,0,0,0,0,0,0.0,0.0,0,0,0.0,25129.0,0.0
"void at_cuda_detail::DeviceRadixSortExclusiveSumKernel<at_cuda_detail::DeviceRadixSortPolicy<float, cuda::OpaqueType<8>, unsigned long long>::Policy900, unsigned long long>(T2 *)",487,0.0,0.0,0,0,0.0,0.0,0.0,156.0,64.0,0.7090909090909091,8192.0,0.0,2.784,8277.440000000011,0.0,0.0,0.0,0,0,0,0,0,0,0.0,0.0,0,0,0.0,256.0,0.0
"void at_cuda_detail::DeviceRadixSortOnesweepKernel<at_cuda_detail::DeviceRadixSortPolicy<float, cuda::OpaqueType<8>, unsigned long long>::Policy900, 0, float, cuda::OpaqueType<8>, unsigned long long, int, int, at_cuda_detail::identity_decomposer_t>(T7 *, T7 *, T5 *, const T5 *, T3 *, const T3 *, T4 *, const T4 *, T6, int, int, T8)",488,0.0,0.0,0,0,0.0,0.0,0.0,78042.0,32103.0,0.708538744382405,3173184.0,2036256.0,15.552,8292.992000000011,0.0,0.0,0.0,0,0,0,0,0,0,0.0,0.0,0,0,0.0,99162.0,63633.0
"void at_cuda_detail::DeviceRadixSortOnesweepKernel<at_cuda_detail::DeviceRadixSortPolicy<float, cuda::OpaqueType<8>, unsigned long long>::Policy900, 0, float, cuda::OpaqueType<8>, unsigned long long, int, int, at_cuda_detail::identity_decomposer_t>(T7 *, T7 *, T5 *, const T5 *, T3 *, const T3 *, T4 *, const T4 *, T6, int, int, T8)",489,0.0,0.0,0,0,0.0,0.0,0.0,23142.0,33430.0,0.40907162553913595,3149248.0,2479936.0,12.32,8305.31200000001,0.0,0.0,0.0,0,0,0,0,0,0,0.0,0.0,0,0,0.0,98414.0,77498.0
"void at_cuda_detail::DeviceRadixSortOnesweepKernel<at_cuda_detail::DeviceRadixSortPolicy<float, cuda::OpaqueType<8>, unsigned long long>::Policy900, 0, float, cuda::OpaqueType<8>, unsigned long long, int, int, at_cuda_detail::identity_decomposer_t>(T7 *, T7 *, T5 *, const T5 *, T3 *, const T3 *, T4 *, const T4 *, T6, int, int, T8)",490,0.0,0.0,0,0,0.0,0.0,0.0,23883.0,33573.0,0.4156746031746032,3079872.0,2144960.0,12.576,8317.88800000001,0.0,0.0,0.0,0,0,0,0,0,0,0.0,0.0,0,0,0.0,96246.0,67030.0
"void at_cuda_detail::DeviceRadixSortOnesweepKernel<at_cuda_detail::DeviceRadixSortPolicy<float, cuda::OpaqueType<8>, unsigned long long>::Policy900, 0, float, cuda::OpaqueType<8>, unsigned long long, int, int, at_cuda_detail::identity_decomposer_t>(T7 *, T7 *, T5 *, const T5 *, T3 *, const T3 *, T4 *, const T4 *, T6, int, int, T8)",491,0.0,0.0,0,0,0.0,0.0,0.0,23883.0,33443.0,0.4166172417402226,3119808.0,1992608.0,12.864,8330.75200000001,0.0,0.0,0.0,0,0,0,0,0,0,0.0,0.0,0,0,0.0,97494.0,62269.0
"void at_cuda_detail::DeviceRadixSortHistogramKernel<at_cuda_detail::DeviceRadixSortPolicy<long, at_cuda_detail::NullType, unsigned long long>::Policy900, 0, long, unsigned long long, at_cuda_detail::identity_decomposer_t>(T4 *, const T3 *, T4, int, int, T5)",492,0.0,0.0,0,0,0.0,0.0,0.0,9184.0,6283.0,0.5937803064589126,1608224.0,0.0,5.6,8336.35200000001,0.0,0.0,0.0,0,0,0,0,0,0,0.0,0.0,0,0,0.0,50257.0,0.0
"void at_cuda_detail::DeviceRadixSortExclusiveSumKernel<at_cuda_detail::DeviceRadixSortPolicy<long, at_cuda_detail::NullType, unsigned long long>::Policy900, unsigned long long>(T2 *)",493,0.0,0.0,0,0,0.0,0.0,0.0,39.0,16.0,0.7090909090909091,2048.0,0.0,2.88,8339.232000000009,0.0,0.0,0.0,0,0,0,0,0,0,0.0,0.0,0,0,0.0,64.0,0.0
"void at_cuda_detail::DeviceRadixSortOnesweepKernel<at_cuda_detail::DeviceRadixSortPolicy<long, at_cuda_detail::NullType, unsigned long long>::Policy900, 0, long, at_cuda_detail::NullType, unsigned long long, int, int, at_cuda_detail::identity_decomposer_t>(T7 *, T7 *, T5 *, const T5 *, T3 *, const T3 *, T4 *, const T4 *, T6, int, int, T8)",494,0.0,0.0,0,0,0.0,0.0,0.0,20059.0,19097.0,0.5122841965471447,2112928.0,1395712.0,11.04,8350.27200000001,0.0,0.0,0.0,0,0,0,0,0,0,0.0,0.0,0,0,0.0,66029.0,43616.0
"void native::<unnamed>::sort_postprocess_kernel<float>(const T1 *, T1 *, long *, const int2 *, int, int)",495,0.0,0.0,0,0,0.0,0.0,0.0,0.0,25132.0,0.0,2372448.0,2412352.0,7.008,8357.28000000001,0.0,0.0,0.0,0,0,0,0,0,0,0.0,0.0,0,0,0.0,74139.0,75386.0
"void native::<unnamed>::cunn_SoftMaxForward<4, float, float, float, native::<unnamed>::SoftMaxForwardEpilogue>(T4 *, const T2 *, int)",496,2814392.0,6655044.0,0,0,0.0,6655044.0,6655044.0,528.0,6704.0,0.07300884955752213,2243712.0,753600.0,35.872,8393.15200000001,825232.0,201028.0,2814392.0,0,0,0,0,0,0,0.0,0.0,0,0,0.0,70116.0,23550.0
"void native::tensor_kernel_scan_innermost_dim<float, std::plus<float>>(T1 *, const T1 *, unsigned int, unsigned int, unsigned int, T1, T2)",497,0.0,1024200.0,0,0,0.0,1024200.0,1024200.0,112284.0,12568.0,0.8993368147887099,737440.0,617312.0,109.632,8502.784000000009,1024200.0,0.0,0.0,0,0,0,0,0,0,0.0,0.0,0,0,0.0,23045.0,19291.0
"void native::vectorized_elementwise_kernel<4, void native::compare_scalar_kernel<float>(at::TensorIteratorBase &, native::<unnamed>::OpType, T1)::[lambda(float) (instance 1)], std::array<char *, 2>>(int, T2, T3)",498,0.0,0.0,0,0,0.0,0.0,0.0,0.0,3158.0,0.0,804128.0,200800.0,3.744,8506.52800000001,0.0,0.0,0.0,0,0,0,0,0,0,0.0,0.0,0,0,0.0,25129.0,6275.0
"void native::elementwise_kernel<128, 4, void native::gpu_kernel_impl_nocast<native::FillFunctor<bool>>(at::TensorIteratorBase &, const T1 &)::[lambda(int) (instance 1)]>(int, T3)",499,0.0,0.0,0,0,0.0,0.0,0.0,0.0,1.0,0.0,0.0,128.0,2.496,8509.024000000009,0.0,0.0,0.0,0,0,0,0,0,0,0.0,0.0,0,0,0.0,0.0,4.0
"void native::_scatter_gather_elementwise_kernel<128, 8, void native::_cuda_scatter_gather_internal_kernel<1, native::OpaqueType<1>>::operator ()<native::TensorAssign>(at::TensorIterator &, long, long, long, const T1 &)::[lambda(int) (instance 1)]>(int, T3)",500,0.0,0.0,0,0,0.0,0.0,0.0,0.0,18849.0,0.0,1809280.0,84512.0,10.336,8519.360000000008,0.0,0.0,0.0,0,0,0,0,0,0,0.0,0.0,0,0,0.0,56540.0,2641.0
"void native::vectorized_elementwise_kernel<4, native::<unnamed>::masked_fill_kernel(at::TensorIterator &, const c10::Scalar &)::[lambda() (instance 1)]::operator ()() const::[lambda() (instance 7)]::operator ()() const::[lambda(float, bool) (instance 1)], std::array<char *, 3>>(int, T2, T3)",501,0.0,0.0,0,0,0.0,0.0,0.0,0.0,4737.0,0.0,1005184.0,0.0,4.096,8523.456000000007,0.0,0.0,0.0,0,0,0,0,0,0,0.0,0.0,0,0,0.0,31412.0,0.0
"void native::<unnamed>::cunn_SoftMaxForward<4, float, float, float, native::<unnamed>::SoftMaxForwardEpilogue>(T4 *, const T2 *, int)",502,2814392.0,6655044.0,0,0,0.0,6655044.0,6655044.0,528.0,6704.0,0.07300884955752213,2260224.0,753024.0,36.0,8559.456000000007,825232.0,201028.0,2814392.0,0,0,0,0,0,0,0.0,0.0,0,0,0.0,70632.0,23532.0
"void native::reduce_kernel<512, 1, native::ReduceOp<float, native::func_wrapper_t<float, native::MinNanFunctor<float>>, unsigned int, float, 4, 4>>(T3)",503,0.0,0.0,0,0,0.0,0.0,0.0,2037.0,1598.0,0.560385144429161,804256.0,832.0,8.672,8568.128000000008,0.0,0.0,0.0,0,0,0,0,0,0,0.0,0.0,0,0,0.0,25133.0,26.0
"void native::vectorized_elementwise_kernel<4, void native::compare_scalar_kernel<float>(at::TensorIteratorBase &, native::<unnamed>::OpType, T1)::[lambda(float) (instance 1)], std::array<char *, 2>>(int, T2, T3)",504,0.0,0.0,0,0,0.0,0.0,0.0,0.0,2.0,0.0,32.0,32.0,2.784,8570.912000000008,0.0,0.0,0.0,0,0,0,0,0,0,0.0,0.0,0,0,0.0,1.0,1.0
"void native::reduce_kernel<512, 1, native::ReduceOp<float, native::func_wrapper_t<float, native::MaxNanFunctor<float>>, unsigned int, float, 4, 4>>(T3)",505,0.0,0.0,0,0,0.0,0.0,0.0,2037.0,1598.0,0.560385144429161,804256.0,832.0,8.704,8579.616000000007,0.0,0.0,0.0,0,0,0,0,0,0,0.0,0.0,0,0,0.0,25133.0,26.0
"void native::vectorized_elementwise_kernel<4, void native::compare_scalar_kernel<float>(at::TensorIteratorBase &, native::<unnamed>::OpType, T1)::[lambda(float) (instance 1)], std::array<char *, 2>>(int, T2, T3)",506,0.0,0.0,0,0,0.0,0.0,0.0,0.0,2.0,0.0,32.0,32.0,2.784,8582.400000000007,0.0,0.0,0.0,0,0,0,0,0,0,0.0,0.0,0,0,0.0,1.0,1.0
"void native::vectorized_elementwise_kernel<4, native::BinaryFunctor<bool, bool, bool, native::BitwiseAndFunctor<bool>>, std::array<char *, 3>>(int, T2, T3)",507,0.0,0.0,0,0,0.0,0.0,0.0,0.0,3.0,0.0,64.0,32.0,2.752,8585.152000000007,0.0,0.0,0.0,0,0,0,0,0,0,0.0,0.0,0,0,0.0,2.0,1.0
"void native::_assert_async_cuda_kernel<bool>(const T1 *, native::Msg)",508,0.0,0.0,0,0,0.0,0.0,0.0,0.0,1.0,0.0,32.0,0.0,3.968,8589.120000000008,0.0,0.0,0.0,0,0,0,0,0,0,0.0,0.0,0,0,0.0,1.0,0.0
"void native::reduce_kernel<512, 1, native::ReduceOp<float, native::func_wrapper_t<float, native::sum_functor<float, float, float>::operator ()(at::TensorIterator &)::[lambda(float, float) (instance 1)]>, unsigned int, float, 4, 4>>(T3)",509,0.0,220484.0,0,0,0.0,220484.0,220484.0,320.0,1582.0,0.16824395373291273,790208.0,128.0,14.752,8603.872000000008,220484.0,0.0,0.0,0,0,0,0,0,0,0.0,0.0,0,0,0.0,24694.0,4.0
"void native::vectorized_elementwise_kernel<4, native::AUnaryFunctor<float, float, bool, native::<unnamed>::CompareEqFunctor<float>>, std::array<char *, 2>>(int, T2, T3)",510,0.0,0.0,0,0,0.0,0.0,0.0,0.0,2.0,0.0,32.0,32.0,2.496,8606.368000000008,0.0,0.0,0.0,0,0,0,0,0,0,0.0,0.0,0,0,0.0,1.0,1.0
"void native::reduce_kernel<512, 1, native::ReduceOp<bool, native::func_wrapper_t<bool, native::or_kernel_cuda(at::TensorIterator &)::[lambda() (instance 1)]::operator ()() const::[lambda() (instance 12)]::operator ()() const::[lambda(bool, bool) (instance 1)]>, unsigned int, bool, 4, 4>>(T3)",511,0.0,0.0,0,0,0.0,0.0,0.0,0.0,2.0,0.0,32.0,32.0,4.608,8610.976000000008,0.0,0.0,0.0,0,0,0,0,0,0,0.0,0.0,0,0,0.0,1.0,1.0
"void native::vectorized_elementwise_kernel<4, native::bitwise_not_kernel_cuda(at::TensorIteratorBase &)::[lambda(bool) (instance 1)], std::array<char *, 2>>(int, T2, T3)",512,0.0,0.0,0,0,0.0,0.0,0.0,0.0,2.0,0.0,32.0,32.0,2.528,8613.504000000008,0.0,0.0,0.0,0,0,0,0,0,0,0.0,0.0,0,0,0.0,1.0,1.0
"void native::_assert_async_cuda_kernel<bool>(const T1 *, native::Msg)",513,0.0,0.0,0,0,0.0,0.0,0.0,0.0,1.0,0.0,32.0,0.0,4.096,8617.600000000008,0.0,0.0,0.0,0,0,0,0,0,0,0.0,0.0,0,0,0.0,1.0,0.0
"void native::<unnamed>::distribution_elementwise_grid_stride_kernel<float, 4, void templates::uniform_and_transform<float, float, at::CUDAGeneratorImpl *, void templates::exponential_kernel<at::CUDAGeneratorImpl *>(at::TensorIteratorBase &, double, T1)::[lambda() (instance 1)]::operator ()() const::[lambda() (instance 2)]::operator ()() const::[lambda(float) (instance 1)]>(at::TensorIteratorBase &, T3, T4)::[lambda(curandStatePhilox4_32_10 *) (instance 2)], void native::<unnamed>::distribution_nullary_kernel<float, float, float4, at::CUDAGeneratorImpl *, void templates::uniform_and_transform<float, float, at::CUDAGeneratorImpl *, void templates::exponential_kernel<at::CUDAGeneratorImpl *>(at::TensorIteratorBase &, double, T1)::[lambda() (instance 1)]::operator ()() const::[lambda() (instance 2)]::operator ()() const::[lambda(float) (instance 1)]>(at::TensorIteratorBase &, T3, T4)::[lambda(curandStatePhilox4_32_10 *) (instance 2)], void templates::exponential_kernel<at::CUDAGeneratorImpl *>(at::TensorIteratorBase &, double, T1)::[lambda() (instance 1)]::operator ()() const::[lambda() (instance 2)]::operator ()() const::[lambda(float) (instance 1)]>(at::TensorIteratorBase &, T4, const T5 &, T6)::[lambda(int, float) (instance 1)]>(long, at::PhiloxCudaState, T3, T4)",514,1133568.0,2669192.0,0,0,0.0,2669192.0,2669192.0,0.0,6283.0,0.0,0.0,804128.0,5.92,8623.520000000008,0.0,402056.0,1133568.0,0,0,0,0,0,0,0.0,0.0,0,0,0.0,0.0,25129.0
"void native::vectorized_elementwise_kernel<4, native::BinaryFunctor<float, float, float, binary_internal::DivFunctor<float>>, std::array<char *, 3>>(int, T2, T3)",515,1005140.0,2010280.0,0,0,0.0,2010280.0,2010280.0,0.0,4737.0,0.0,1608256.0,0.0,6.336,8629.856000000007,0.0,0.0,1005140.0,0,0,0,0,0,0,0.0,0.0,0,0,0.0,50258.0,0.0
"void native::reduce_kernel<512, 1, native::ReduceOp<float, native::ArgMaxOps<float>, unsigned int, long, 4, 4>>(T3)",516,0.0,0.0,0,0,0.0,0.0,0.0,640.0,1582.0,0.28802880288028804,791296.0,128.0,22.688,8652.544000000007,0.0,0.0,0.0,0,0,0,0,0,0,0.0,0.0,0,0,0.0,24728.0,4.0
"void native::vectorized_elementwise_kernel<2, native::BinaryFunctor<long, long, long, binary_internal::MulFunctor<long>>, std::array<char *, 3>>(int, T2, T3)",517,0.0,0.0,0,0,0.0,0.0,0.0,0.0,3.0,0.0,64.0,32.0,2.656,8655.200000000008,0.0,0.0,0.0,0,0,0,0,0,0,0.0,0.0,0,0,0.0,2.0,1.0
"void native::vectorized_elementwise_kernel<2, native::CUDAFunctorOnOther_add<long>, std::array<char *, 2>>(int, T2, T3)",518,0.0,0.0,0,0,0.0,0.0,0.0,0.0,2.0,0.0,32.0,32.0,2.688,8657.888000000008,0.0,0.0,0.0,0,0,0,0,0,0,0.0,0.0,0,0,0.0,1.0,1.0
"void native::elementwise_kernel<128, 2, void native::gpu_kernel_impl_nocast<native::BinaryFunctor<long, long, long, binary_internal::MulFunctor<long>>>(at::TensorIteratorBase &, const T1 &)::[lambda(int) (instance 1)]>(int, T3)",519,0.0,0.0,0,0,0.0,0.0,0.0,0.0,3.0,0.0,64.0,32.0,2.944,8660.832000000008,0.0,0.0,0.0,0,0,0,0,0,0,0.0,0.0,0,0,0.0,2.0,1.0
"void native::vectorized_elementwise_kernel<2, native::CUDAFunctor_add<long>, std::array<char *, 3>>(int, T2, T3)",520,0.0,0.0,0,0,0.0,0.0,0.0,0.0,3.0,0.0,64.0,32.0,2.592,8663.424000000008,0.0,0.0,0.0,0,0,0,0,0,0,0.0,0.0,0,0,0.0,2.0,1.0
"void native::<unnamed>::CatArrayBatchedCopy_aligned16_contig<native::<unnamed>::OpaqueType<8>, unsigned int, 2, 128, 1>(T1 *, native::<unnamed>::CatArrInputTensorMetadata<T1, T2, T4, T5>, native::<unnamed>::TensorSizeStride<T2, 4>, int, T2)",521,0.0,0.0,0,0,0.0,0.0,0.0,0.0,6.0,0.0,96.0,160.0,3.52,8666.944000000009,0.0,0.0,0.0,0,0,0,0,0,0,0.0,0.0,0,0,0.0,3.0,5.0
"void native::vectorized_elementwise_kernel<4, native::FillFunctor<bool>, std::array<char *, 1>>(int, T2, T3)",522,0.0,0.0,0,0,0.0,0.0,0.0,0.0,1.0,0.0,0.0,32.0,2.144,8669.088000000009,0.0,0.0,0.0,0,0,0,0,0,0,0.0,0.0,0,0,0.0,0.0,1.0
"void native::vectorized_elementwise_kernel<4, native::FillFunctor<bool>, std::array<char *, 1>>(int, T2, T3)",523,0.0,0.0,0,0,0.0,0.0,0.0,0.0,1.0,0.0,0.0,32.0,2.208,8671.29600000001,0.0,0.0,0.0,0,0,0,0,0,0,0.0,0.0,0,0,0.0,0.0,1.0
"void native::vectorized_elementwise_kernel<4, native::BinaryFunctor<bool, bool, bool, native::BitwiseOrFunctor<bool>>, std::array<char *, 3>>(int, T2, T3)",524,0.0,0.0,0,0,0.0,0.0,0.0,0.0,3.0,0.0,64.0,32.0,2.592,8673.88800000001,0.0,0.0,0.0,0,0,0,0,0,0,0.0,0.0,0,0,0.0,2.0,1.0
"void native::vectorized_elementwise_kernel<4, native::FillFunctor<bool>, std::array<char *, 1>>(int, T2, T3)",525,0.0,0.0,0,0,0.0,0.0,0.0,0.0,1.0,0.0,0.0,32.0,2.208,8676.09600000001,0.0,0.0,0.0,0,0,0,0,0,0,0.0,0.0,0,0,0.0,0.0,1.0
"void native::elementwise_kernel<128, 4, void native::gpu_kernel_impl_nocast<native::BinaryFunctor<long, long, bool, native::<unnamed>::CompareEqFunctor<long>>>(at::TensorIteratorBase &, const T1 &)::[lambda(int) (instance 1)]>(int, T3)",526,0.0,0.0,0,0,0.0,0.0,0.0,0.0,3.0,0.0,128.0,32.0,3.072,8679.16800000001,0.0,0.0,0.0,0,0,0,0,0,0,0.0,0.0,0,0,0.0,4.0,1.0
"void native::reduce_kernel<128, 4, native::ReduceOp<bool, native::func_wrapper_t<bool, native::or_kernel_cuda(at::TensorIterator &)::[lambda() (instance 1)]::operator ()() const::[lambda() (instance 12)]::operator ()() const::[lambda(bool, bool) (instance 1)]>, unsigned int, bool, 4, 4>>(T3)",527,0.0,0.0,0,0,0.0,0.0,0.0,0.0,5.0,0.0,32.0,32.0,6.88,8686.04800000001,0.0,0.0,0.0,0,0,0,0,0,0,0.0,0.0,0,0,0.0,1.0,1.0
"void native::vectorized_elementwise_kernel<4, native::BinaryFunctor<bool, bool, bool, native::BitwiseOrFunctor<bool>>, std::array<char *, 3>>(int, T2, T3)",528,0.0,0.0,0,0,0.0,0.0,0.0,0.0,3.0,0.0,64.0,32.0,2.688,8688.73600000001,0.0,0.0,0.0,0,0,0,0,0,0,0.0,0.0,0,0,0.0,2.0,1.0
"void native::vectorized_elementwise_kernel<4, native::bitwise_not_kernel_cuda(at::TensorIteratorBase &)::[lambda(bool) (instance 1)], std::array<char *, 2>>(int, T2, T3)",529,0.0,0.0,0,0,0.0,0.0,0.0,0.0,2.0,0.0,32.0,32.0,2.592,8691.32800000001,0.0,0.0,0.0,0,0,0,0,0,0,0.0,0.0,0,0,0.0,1.0,1.0
"void native::unrolled_elementwise_kernel<native::BinaryFunctor<long, long, long, native::BitwiseAndFunctor<long>>, std::array<char *, 3>, 8, TrivialOffsetCalculator<2, unsigned int>, TrivialOffsetCalculator<1, unsigned int>, memory::LoadWithCast<2>, memory::StoreWithCast<1>>(int, T1, T2, T4, T5, T6, T7)",530,0.0,0.0,0,0,0.0,0.0,0.0,0.0,3.0,0.0,64.0,32.0,4.16,8695.48800000001,0.0,0.0,0.0,0,0,0,0,0,0,0.0,0.0,0,0,0.0,2.0,1.0
"void native::reduce_kernel<512, 1, native::ReduceOp<long, native::func_wrapper_t<long, native::MaxNanFunctor<long>>, unsigned int, long, 4, 4>>(T3)",531,0.0,0.0,0,0,0.0,0.0,0.0,0.0,2.0,0.0,32.0,32.0,4.608,8700.09600000001,0.0,0.0,0.0,0,0,0,0,0,0,0.0,0.0,0,0,0.0,1.0,1.0
"void native::vectorized_elementwise_kernel<4, native::AUnaryFunctor<long, long, bool, native::<unnamed>::CompareEqFunctor<long>>, std::array<char *, 2>>(int, T2, T3)",532,0.0,0.0,0,0,0.0,0.0,0.0,0.0,2.0,0.0,32.0,32.0,2.72,8702.81600000001,0.0,0.0,0.0,0,0,0,0,0,0,0.0,0.0,0,0,0.0,1.0,1.0
