Kernel Name,index,total_fma_ops,float_flops,half_flops,double_flops,tensor_flops,total_flops,total_flops_with_tensor,shared_ops,external_memory_ops,shared_ratio,global_op_ld_lookup_miss_bytes,global_op_st_lookup_miss_bytes,kernel_duration,accumulated_time,smsp__sass_thread_inst_executed_op_fadd_pred_on.sum,smsp__sass_thread_inst_executed_op_fmul_pred_on.sum,smsp__sass_thread_inst_executed_op_ffma_pred_on.sum,smsp__sass_thread_inst_executed_op_hfma_pred_on.sum,smsp__sass_thread_inst_executed_op_dfma_pred_on.sum,smsp__sass_thread_inst_executed_op_dmul_pred_on.sum,smsp__sass_thread_inst_executed_op_dadd_pred_on.sum,smsp__sass_thread_inst_executed_op_hadd_pred_on.sum,smsp__sass_thread_inst_executed_op_hmul_pred_on.sum,sm__ops_path_tensor_src_fp16_dst_fp16.sum,sm__ops_path_tensor_src_fp16_dst_fp32.sum,sm__ops_path_tensor_src_bf16_dst_fp32.sum,sm__ops_path_tensor_src_fp8.sum,sm__ops_path_tensor_src_tf32_dst_fp32.sum,l1tex__t_sectors_pipe_lsu_mem_global_op_ld_lookup_miss.sum,l1tex__t_sectors_pipe_lsu_mem_global_op_st_lookup_miss.sum
"void native::vectorized_elementwise_kernel<2, native::FillFunctor<long>, std::array<char *, 1>>(int, T2, T3)",1,0.0,0.0,0,0,0.0,0.0,0.0,0.0,1.0,0.0,0.0,32.0,2.4,2.4,0.0,0.0,0.0,0,0,0,0,0,0,0.0,0.0,0,0,0.0,0.0,1.0
"void native::vectorized_elementwise_kernel<2, native::FillFunctor<long>, std::array<char *, 1>>(int, T2, T3)",2,0.0,0.0,0,0,0.0,0.0,0.0,0.0,1.0,0.0,0.0,32.0,2.144,4.5440000000000005,0.0,0.0,0.0,0,0,0,0,0,0,0.0,0.0,0,0,0.0,0.0,1.0
"void native::elementwise_kernel<128, 4, void native::gpu_kernel_impl_nocast<native::BinaryFunctor<long, long, bool, native::<unnamed>::CompareEqFunctor<long>>>(at::TensorIteratorBase &, const T1 &)::[lambda(int) (instance 1)]>(int, T3)",3,0.0,0.0,0,0,0.0,0.0,0.0,0.0,3.0,0.0,64.0,32.0,3.2,7.744000000000001,0.0,0.0,0.0,0,0,0,0,0,0,0.0,0.0,0,0,0.0,2.0,1.0
"void native::unrolled_elementwise_kernel<native::direct_copy_kernel_cuda(at::TensorIteratorBase &)::[lambda() (instance 3)]::operator ()() const::[lambda() (instance 4)]::operator ()() const::[lambda(long) (instance 1)], std::array<char *, 2>, 8, TrivialOffsetCalculator<1, unsigned int>, TrivialOffsetCalculator<1, unsigned int>, memory::LoadWithCast<1>, memory::StoreWithCast<1>>(int, T1, T2, T4, T5, T6, T7)",4,0.0,0.0,0,0,0.0,0.0,0.0,0.0,2.0,0.0,32.0,32.0,4.672,12.416,0.0,0.0,0.0,0,0,0,0,0,0,0.0,0.0,0,0,0.0,1.0,1.0
"void native::reduce_kernel<512, 1, native::ReduceOp<long, native::func_wrapper_t<long, native::sum_functor<long, long, long>::operator ()(at::TensorIterator &)::[lambda(long, long) (instance 1)]>, unsigned int, long, 4, 4>>(T3)",5,0.0,0.0,0,0,0.0,0.0,0.0,0.0,2.0,0.0,32.0,32.0,4.608,17.024,0.0,0.0,0.0,0,0,0,0,0,0,0.0,0.0,0,0,0.0,1.0,1.0
"void native::vectorized_elementwise_kernel<4, void native::compare_scalar_kernel<long>(at::TensorIteratorBase &, native::<unnamed>::OpType, T1)::[lambda(long) (instance 1)], std::array<char *, 2>>(int, T2, T3)",6,0.0,0.0,0,0,0.0,0.0,0.0,0.0,2.0,0.0,32.0,32.0,2.912,19.936,0.0,0.0,0.0,0,0,0,0,0,0,0.0,0.0,0,0,0.0,1.0,1.0
"void native::vectorized_elementwise_kernel<2, native::FillFunctor<long>, std::array<char *, 1>>(int, T2, T3)",7,0.0,0.0,0,0,0.0,0.0,0.0,0.0,1.0,0.0,0.0,32.0,2.272,22.208,0.0,0.0,0.0,0,0,0,0,0,0,0.0,0.0,0,0,0.0,0.0,1.0
"void native::vectorized_elementwise_kernel<2, native::FillFunctor<long>, std::array<char *, 1>>(int, T2, T3)",8,0.0,0.0,0,0,0.0,0.0,0.0,0.0,1.0,0.0,0.0,32.0,2.112,24.32,0.0,0.0,0.0,0,0,0,0,0,0,0.0,0.0,0,0,0.0,0.0,1.0
"void at_cuda_detail::DeviceScanInitKernel<at_cuda_detail::ScanTileState<long, 1>>(T1, int)",9,0.0,0.0,0,0,0.0,0.0,0.0,0.0,2.0,0.0,0.0,544.0,2.176,26.496000000000002,0.0,0.0,0.0,0,0,0,0,0,0,0.0,0.0,0,0,0.0,0.0,17.0
"void at_cuda_detail::DeviceScanKernel<at_cuda_detail::DeviceScanPolicy<long, std::plus<long>>::Policy900, const long *, long *, at_cuda_detail::ScanTileState<long, 1>, std::plus<long>, at_cuda_detail::NullType, unsigned int, long, 0>(T2, T3, T4, int, T5, T6, T7)",10,0.0,0.0,0,0,0.0,0.0,0.0,129.0,6.0,0.9555555555555556,32.0,32.0,3.36,29.856,0.0,0.0,0.0,0,0,0,0,0,0,0.0,0.0,0,0,0.0,1.0,1.0
"void native::vectorized_elementwise_kernel<2, native::CUDAFunctorOnSelf_add<long>, std::array<char *, 2>>(int, T2, T3)",11,0.0,0.0,0,0,0.0,0.0,0.0,0.0,2.0,0.0,32.0,32.0,2.624,32.480000000000004,0.0,0.0,0.0,0,0,0,0,0,0,0.0,0.0,0,0,0.0,1.0,1.0
"void native::vectorized_elementwise_kernel<4, void native::compare_scalar_kernel<long>(at::TensorIteratorBase &, native::<unnamed>::OpType, T1)::[lambda(long) (instance 1)], std::array<char *, 2>>(int, T2, T3)",12,0.0,0.0,0,0,0.0,0.0,0.0,0.0,2.0,0.0,32.0,32.0,2.848,35.328,0.0,0.0,0.0,0,0,0,0,0,0,0.0,0.0,0,0,0.0,1.0,1.0
"void native::tensor_kernel_scan_innermost_dim<long, std::plus<long>>(T1 *, const T1 *, unsigned int, unsigned int, unsigned int, T1, T2)",13,0.0,0.0,0,0,0.0,0.0,0.0,56.0,4.0,0.9333333333333333,32.0,32.0,3.392,38.720000000000006,0.0,0.0,0.0,0,0,0,0,0,0,0.0,0.0,0,0,0.0,1.0,1.0
"void native::vectorized_elementwise_kernel<2, native::CUDAFunctorOnSelf_add<long>, std::array<char *, 2>>(int, T2, T3)",14,0.0,0.0,0,0,0.0,0.0,0.0,0.0,2.0,0.0,32.0,32.0,2.592,41.312000000000005,0.0,0.0,0.0,0,0,0,0,0,0,0.0,0.0,0,0,0.0,1.0,1.0
"void native::vectorized_elementwise_kernel<4, native::AUnaryFunctor<long, long, bool, native::<unnamed>::CompareEqFunctor<long>>, std::array<char *, 2>>(int, T2, T3)",15,0.0,0.0,0,0,0.0,0.0,0.0,0.0,2.0,0.0,32.0,32.0,2.656,43.968,0.0,0.0,0.0,0,0,0,0,0,0,0.0,0.0,0,0,0.0,1.0,1.0
"void native::vectorized_elementwise_kernel<2, native::<unnamed>::masked_fill_kernel(at::TensorIterator &, const c10::Scalar &)::[lambda() (instance 1)]::operator ()() const::[lambda() (instance 4)]::operator ()() const::[lambda(long, bool) (instance 1)], std::array<char *, 3>>(int, T2, T3)",16,0.0,0.0,0,0,0.0,0.0,0.0,0.0,3.0,0.0,64.0,0.0,2.688,46.656000000000006,0.0,0.0,0.0,0,0,0,0,0,0,0.0,0.0,0,0,0.0,2.0,0.0
"void native::<unnamed>::indexSelectSmallIndex<float, long, unsigned int, 2, 2, (int)-2>(cuda::TensorInfo<T1, T3>, cuda::TensorInfo<const T1, T3>, cuda::TensorInfo<const T2, T3>, int, int, T3, long)",17,0.0,0.0,0,0,0.0,0.0,0.0,0.0,384.0,0.0,4352.0,16384.0,5.12,51.776,0.0,0.0,0.0,0,0,0,0,0,0,0.0,0.0,0,0,0.0,136.0,512.0
"void native::unrolled_elementwise_kernel<native::direct_copy_kernel_cuda(at::TensorIteratorBase &)::[lambda() (instance 3)]::operator ()() const::[lambda() (instance 11)]::operator ()() const::[lambda(bool) (instance 1)], std::array<char *, 2>, 8, TrivialOffsetCalculator<1, unsigned int>, TrivialOffsetCalculator<1, unsigned int>, memory::LoadWithCast<1>, memory::StoreWithCast<1>>(int, T1, T2, T4, T5, T6, T7)",18,0.0,0.0,0,0,0.0,0.0,0.0,0.0,2.0,0.0,32.0,32.0,3.744,55.52,0.0,0.0,0.0,0,0,0,0,0,0,0.0,0.0,0,0,0.0,1.0,1.0
"void native::reduce_kernel<512, 1, native::ReduceOp<bool, native::func_wrapper_t<bool, native::and_kernel_cuda(at::TensorIterator &)::[lambda() (instance 1)]::operator ()() const::[lambda() (instance 12)]::operator ()() const::[lambda(bool, bool) (instance 1)]>, unsigned int, bool, 4, 4>>(T3)",19,0.0,0.0,0,0,0.0,0.0,0.0,0.0,2.0,0.0,32.0,32.0,4.8,60.32,0.0,0.0,0.0,0,0,0,0,0,0,0.0,0.0,0,0,0.0,1.0,1.0
"void native::unrolled_elementwise_kernel<native::direct_copy_kernel_cuda(at::TensorIteratorBase &)::[lambda() (instance 3)]::operator ()() const::[lambda() (instance 7)]::operator ()() const::[lambda(float) (instance 1)], std::array<char *, 2>, 8, TrivialOffsetCalculator<1, unsigned int>, TrivialOffsetCalculator<1, unsigned int>, memory::LoadWithCast<1>, memory::StoreWithCast<1>>(int, T1, T2, T4, T5, T6, T7)",20,0.0,0.0,0,0,0.0,0.0,0.0,0.0,2.0,0.0,32.0,32.0,3.52,63.84,0.0,0.0,0.0,0,0,0,0,0,0,0.0,0.0,0,0,0.0,1.0,1.0
"void gemmk1_kernel<int, float, 256, 5, 1, 0, 0, 0, cublasGemvTensorStridedBatched<const float>, cublasGemvTensorStridedBatched<const float>, cublasGemvTensorStridedBatched<float>, float, 0>(cublasGemmk1Params<T2, T9, T10, T11, T12, biasType<T11::value_type, T12>::type>)",21,0.0,512.0,0,0,0.0,512.0,512.0,32.0,24.0,0.5714285714285714,1280.0,1024.0,2.72,66.56,0.0,512.0,0.0,0,0,0,0,0,0,0.0,0.0,0,0,0.0,40.0,32.0
"void native::<unnamed>::CatArrayBatchedCopy_aligned16_contig<native::<unnamed>::OpaqueType<4>, unsigned int, 3, 128, 1>(T1 *, native::<unnamed>::CatArrInputTensorMetadata<T1, T2, T4, T5>, native::<unnamed>::TensorSizeStride<T2, 4>, int, T2)",22,0.0,0.0,0,0,0.0,0.0,0.0,0.0,20.0,0.0,2048.0,2048.0,3.36,69.92,0.0,0.0,0.0,0,0,0,0,0,0,0.0,0.0,0,0,0.0,64.0,64.0
"void native::vectorized_elementwise_kernel<4, native::cos_kernel_cuda(at::TensorIteratorBase &)::[lambda() (instance 2)]::operator ()() const::[lambda() (instance 2)]::operator ()() const::[lambda(float) (instance 1)], std::array<char *, 2>>(int, T2, T3)",23,4096.0,9216.0,0,0,0.0,9216.0,9216.0,0.0,32.0,0.0,2048.0,2048.0,4.256,74.176,0.0,1024.0,4096.0,0,0,0,0,0,0,0.0,0.0,0,0,0.0,64.0,64.0
"void native::vectorized_elementwise_kernel<4, native::AUnaryFunctor<float, float, float, binary_internal::MulFunctor<float>>, std::array<char *, 2>>(int, T2, T3)",24,0.0,512.0,0,0,0.0,512.0,512.0,0.0,32.0,0.0,2048.0,2048.0,2.624,76.8,0.0,512.0,0.0,0,0,0,0,0,0,0.0,0.0,0,0,0.0,64.0,64.0
"void native::vectorized_elementwise_kernel<4, native::sin_kernel_cuda(at::TensorIteratorBase &)::[lambda() (instance 2)]::operator ()() const::[lambda() (instance 2)]::operator ()() const::[lambda(float) (instance 1)], std::array<char *, 2>>(int, T2, T3)",25,3584.0,8192.0,0,0,0.0,8192.0,8192.0,0.0,32.0,0.0,2048.0,2048.0,4.192,80.99199999999999,0.0,1024.0,3584.0,0,0,0,0,0,0,0.0,0.0,0,0,0.0,64.0,64.0
"void native::vectorized_elementwise_kernel<4, native::AUnaryFunctor<float, float, float, binary_internal::MulFunctor<float>>, std::array<char *, 2>>(int, T2, T3)",26,0.0,512.0,0,0,0.0,512.0,512.0,0.0,32.0,0.0,2048.0,2048.0,2.688,83.67999999999999,0.0,512.0,0.0,0,0,0,0,0,0,0.0,0.0,0,0,0.0,64.0,64.0
"void native::vectorized_elementwise_kernel<4, void native::<unnamed>::pow_tensor_scalar_kernel_impl<float, float>(at::TensorIteratorBase &, T2)::[lambda(float) (instance 1)], std::array<char *, 2>>(int, T2, T3)",27,0.0,4096.0,0,0,0.0,4096.0,4096.0,0.0,64.0,0.0,16384.0,16384.0,2.624,86.30399999999999,0.0,4096.0,0.0,0,0,0,0,0,0,0.0,0.0,0,0,0.0,512.0,512.0
"void native::reduce_kernel<512, 1, native::ReduceOp<float, native::MeanOps<float, float, float, float>, unsigned int, float, 4, 4>>(T3)",28,0.0,8580.0,0,0,0.0,8580.0,8580.0,40.0,36.0,0.5263157894736842,16384.0,32.0,5.632,91.93599999999999,8576.0,4.0,0.0,0,0,0,0,0,0,0.0,0.0,0,0,0.0,512.0,1.0
"void native::vectorized_elementwise_kernel<4, native::CUDAFunctorOnSelf_add<float>, std::array<char *, 2>>(int, T2, T3)",29,4.0,8.0,0,0,0.0,8.0,8.0,0.0,2.0,0.0,32.0,32.0,2.592,94.52799999999999,0.0,0.0,4.0,0,0,0,0,0,0,0.0,0.0,0,0,0.0,1.0,1.0
"void native::vectorized_elementwise_kernel<4, native::rsqrt_kernel_cuda(at::TensorIteratorBase &)::[lambda() (instance 2)]::operator ()() const::[lambda() (instance 2)]::operator ()() const::[lambda(float) (instance 1)], std::array<char *, 2>>(int, T2, T3)",30,0.0,0.0,0,0,0.0,0.0,0.0,0.0,2.0,0.0,32.0,32.0,2.592,97.11999999999999,0.0,0.0,0.0,0,0,0,0,0,0,0.0,0.0,0,0,0.0,1.0,1.0
"void native::elementwise_kernel<128, 2, void native::gpu_kernel_impl_nocast<native::BinaryFunctor<float, float, float, binary_internal::MulFunctor<float>>>(at::TensorIteratorBase &, const T1 &)::[lambda(int) (instance 1)]>(int, T3)",31,0.0,4096.0,0,0,0.0,4096.0,4096.0,0.0,384.0,0.0,16896.0,16384.0,3.584,100.704,0.0,4096.0,0.0,0,0,0,0,0,0,0.0,0.0,0,0,0.0,528.0,512.0
"void native::elementwise_kernel<128, 2, void native::gpu_kernel_impl_nocast<native::BinaryFunctor<float, float, float, binary_internal::MulFunctor<float>>>(at::TensorIteratorBase &, const T1 &)::[lambda(int) (instance 1)]>(int, T3)",32,0.0,4096.0,0,0,0.0,4096.0,4096.0,0.0,384.0,0.0,32768.0,16384.0,3.392,104.09599999999999,0.0,4096.0,0.0,0,0,0,0,0,0,0.0,0.0,0,0,0.0,1024.0,512.0
ampere_sgemm_32x32_sliced1x4_tn,33,33554432.0,68026368.0,0,0,0.0,68026368.0,68026368.0,196608.0,37376.0,0.8402625820568927,4718592.0,65536.0,14.656,118.752,393216.0,524288.0,33554432.0,0,0,0,0,0,0,0.0,0.0,0,0,0.0,147456.0,2048.0
"void cublasLt::splitKreduce_kernel<32, 16, int, float, float, float, float, 0, float, float, float, 1, 1, 0>(cublasLt::cublasSplitKParams<T6>, const T4 *, const T10 *, T9 *, T5 *, const T6 *, const T6 *, const T11 *, const T4 *, T11 *, void *, long, T6 *, int *, T6 *, T6 *, const T6 *, const T6 *, const T6 *, const T6 *, const T6 *)",34,0.0,24576.0,0,0,0.0,24576.0,24576.0,0.0,1408.0,0.0,69632.0,16384.0,3.2,121.952,20480.0,4096.0,0.0,0,0,0,0,0,0,0.0,0.0,0,0,0.0,2176.0,512.0
ampere_sgemm_32x32_sliced1x4_tn,35,33554432.0,68026368.0,0,0,0.0,68026368.0,68026368.0,196608.0,37376.0,0.8402625820568927,4718592.0,65536.0,14.528,136.48,393216.0,524288.0,33554432.0,0,0,0,0,0,0,0.0,0.0,0,0,0.0,147456.0,2048.0
"void cublasLt::splitKreduce_kernel<32, 16, int, float, float, float, float, 0, float, float, float, 1, 1, 0>(cublasLt::cublasSplitKParams<T6>, const T4 *, const T10 *, T9 *, T5 *, const T6 *, const T6 *, const T11 *, const T4 *, T11 *, void *, long, T6 *, int *, T6 *, T6 *, const T6 *, const T6 *, const T6 *, const T6 *, const T6 *)",36,0.0,24576.0,0,0,0.0,24576.0,24576.0,0.0,1408.0,0.0,69632.0,16384.0,3.2,139.67999999999998,20480.0,4096.0,0.0,0,0,0,0,0,0,0.0,0.0,0,0,0.0,2176.0,512.0
ampere_sgemm_32x32_sliced1x4_tn,37,33554432.0,68026368.0,0,0,0.0,68026368.0,68026368.0,196608.0,37376.0,0.8402625820568927,4718592.0,65536.0,14.592,154.272,393216.0,524288.0,33554432.0,0,0,0,0,0,0,0.0,0.0,0,0,0.0,147456.0,2048.0
"void cublasLt::splitKreduce_kernel<32, 16, int, float, float, float, float, 0, float, float, float, 1, 1, 0>(cublasLt::cublasSplitKParams<T6>, const T4 *, const T10 *, T9 *, T5 *, const T6 *, const T6 *, const T11 *, const T4 *, T11 *, void *, long, T6 *, int *, T6 *, T6 *, const T6 *, const T6 *, const T6 *, const T6 *, const T6 *)",38,0.0,24576.0,0,0,0.0,24576.0,24576.0,0.0,1408.0,0.0,69632.0,16384.0,3.104,157.376,20480.0,4096.0,0.0,0,0,0,0,0,0,0.0,0.0,0,0,0.0,2176.0,512.0
"void native::elementwise_kernel<128, 2, void native::gpu_kernel_impl_nocast<native::BinaryFunctor<float, float, float, binary_internal::MulFunctor<float>>>(at::TensorIteratorBase &, const T1 &)::[lambda(int) (instance 1)]>(int, T3)",39,0.0,4096.0,0,0,0.0,4096.0,4096.0,0.0,384.0,0.0,24576.0,16384.0,3.552,160.928,0.0,4096.0,0.0,0,0,0,0,0,0,0.0,0.0,0,0,0.0,768.0,512.0
"void native::elementwise_kernel<128, 2, void native::gpu_kernel_impl_nocast<native::neg_kernel_cuda(at::TensorIteratorBase &)::[lambda() (instance 2)]::operator ()() const::[lambda() (instance 7)]::operator ()() const::[lambda(float) (instance 1)]>(at::TensorIteratorBase &, const T1 &)::[lambda(int) (instance 1)]>(int, T3)",40,0.0,2048.0,0,0,0.0,2048.0,2048.0,0.0,128.0,0.0,8192.0,8192.0,3.424,164.352,2048.0,0.0,0.0,0,0,0,0,0,0,0.0,0.0,0,0,0.0,256.0,256.0
"void native::<unnamed>::CatArrayBatchedCopy<native::<unnamed>::OpaqueType<4>, unsigned int, 4, 64, 64>(T1 *, native::<unnamed>::CatArrInputTensorMetadata<T1, T2, T4, T5>, native::<unnamed>::TensorSizeStride<T2, 4>, int, T2)",41,0.0,0.0,0,0,0.0,0.0,0.0,0.0,256.0,0.0,16384.0,16384.0,5.632,169.984,0.0,0.0,0.0,0,0,0,0,0,0,0.0,0.0,0,0,0.0,512.0,512.0
"void native::elementwise_kernel<128, 2, void native::gpu_kernel_impl_nocast<native::BinaryFunctor<float, float, float, binary_internal::MulFunctor<float>>>(at::TensorIteratorBase &, const T1 &)::[lambda(int) (instance 1)]>(int, T3)",42,0.0,4096.0,0,0,0.0,4096.0,4096.0,0.0,384.0,0.0,24576.0,16384.0,3.552,173.536,0.0,4096.0,0.0,0,0,0,0,0,0,0.0,0.0,0,0,0.0,768.0,512.0
"void native::vectorized_elementwise_kernel<4, native::CUDAFunctor_add<float>, std::array<char *, 3>>(int, T2, T3)",43,4096.0,8192.0,0,0,0.0,8192.0,8192.0,0.0,96.0,0.0,32768.0,16384.0,2.656,176.192,0.0,0.0,4096.0,0,0,0,0,0,0,0.0,0.0,0,0,0.0,1024.0,512.0
"void native::elementwise_kernel<128, 2, void native::gpu_kernel_impl_nocast<native::BinaryFunctor<float, float, float, binary_internal::MulFunctor<float>>>(at::TensorIteratorBase &, const T1 &)::[lambda(int) (instance 1)]>(int, T3)",44,0.0,4096.0,0,0,0.0,4096.0,4096.0,0.0,384.0,0.0,24576.0,16384.0,3.52,179.71200000000002,0.0,4096.0,0.0,0,0,0,0,0,0,0.0,0.0,0,0,0.0,768.0,512.0
"void native::elementwise_kernel<128, 2, void native::gpu_kernel_impl_nocast<native::neg_kernel_cuda(at::TensorIteratorBase &)::[lambda() (instance 2)]::operator ()() const::[lambda() (instance 7)]::operator ()() const::[lambda(float) (instance 1)]>(at::TensorIteratorBase &, const T1 &)::[lambda(int) (instance 1)]>(int, T3)",45,0.0,2048.0,0,0,0.0,2048.0,2048.0,0.0,128.0,0.0,8192.0,8192.0,3.488,183.20000000000002,2048.0,0.0,0.0,0,0,0,0,0,0,0.0,0.0,0,0,0.0,256.0,256.0
"void native::<unnamed>::CatArrayBatchedCopy<native::<unnamed>::OpaqueType<4>, unsigned int, 4, 64, 64>(T1 *, native::<unnamed>::CatArrInputTensorMetadata<T1, T2, T4, T5>, native::<unnamed>::TensorSizeStride<T2, 4>, int, T2)",46,0.0,0.0,0,0,0.0,0.0,0.0,0.0,256.0,0.0,16384.0,16384.0,5.728,188.92800000000003,0.0,0.0,0.0,0,0,0,0,0,0,0.0,0.0,0,0,0.0,512.0,512.0
"void native::elementwise_kernel<128, 2, void native::gpu_kernel_impl_nocast<native::BinaryFunctor<float, float, float, binary_internal::MulFunctor<float>>>(at::TensorIteratorBase &, const T1 &)::[lambda(int) (instance 1)]>(int, T3)",47,0.0,4096.0,0,0,0.0,4096.0,4096.0,0.0,384.0,0.0,24576.0,16384.0,3.52,192.44800000000004,0.0,4096.0,0.0,0,0,0,0,0,0,0.0,0.0,0,0,0.0,768.0,512.0
"void native::vectorized_elementwise_kernel<4, native::CUDAFunctor_add<float>, std::array<char *, 3>>(int, T2, T3)",48,4096.0,8192.0,0,0,0.0,8192.0,8192.0,0.0,96.0,0.0,32768.0,16384.0,2.688,195.13600000000002,0.0,0.0,4096.0,0,0,0,0,0,0,0.0,0.0,0,0,0.0,1024.0,512.0
"void native::<unnamed>::CatArrayBatchedCopy<native::<unnamed>::OpaqueType<4>, unsigned int, 4, 64, 64>(T1 *, native::<unnamed>::CatArrInputTensorMetadata<T1, T2, T4, T5>, native::<unnamed>::TensorSizeStride<T2, 4>, int, T2)",49,0.0,0.0,0,0,0.0,0.0,0.0,0.0,256.0,0.0,16384.0,16384.0,4.448,199.58400000000003,0.0,0.0,0.0,0,0,0,0,0,0,0.0,0.0,0,0,0.0,512.0,512.0
"void native::<unnamed>::CatArrayBatchedCopy<native::<unnamed>::OpaqueType<4>, unsigned int, 4, 64, 64>(T1 *, native::<unnamed>::CatArrInputTensorMetadata<T1, T2, T4, T5>, native::<unnamed>::TensorSizeStride<T2, 4>, int, T2)",50,0.0,0.0,0,0,0.0,0.0,0.0,0.0,256.0,0.0,16384.0,16384.0,4.64,204.22400000000002,0.0,0.0,0.0,0,0,0,0,0,0,0.0,0.0,0,0,0.0,512.0,512.0
"fmha_cutlassF_f32_aligned_64x128_rf_sm80(PyTorchMemEffAttention::AttentionKernel<float, cutlass::Sm80, 1, 64, 128, 128, 1, 1>::Params)",51,65536.0,5883904.0,0,0,0.0,5883904.0,5883904.0,33280.0,64.0,0.9980806142034548,49152.0,16384.0,31.872,236.096,4960256.0,792576.0,65536.0,0,0,0,0,0,0,0.0,0.0,0,0,0.0,1536.0,512.0
ampere_sgemm_32x32_sliced1x4_tn,52,36700160.0,74547200.0,0,0,0.0,74547200.0,74547200.0,220160.0,40960.0,0.8431372549019608,4697472.0,81920.0,14.496,250.592,491520.0,655360.0,36700160.0,0,0,0,0,0,0,0.0,0.0,0,0,0.0,146796.0,2560.0
"void cublasLt::splitKreduce_kernel<32, 16, int, float, float, float, float, 0, float, float, float, 1, 0, 0>(cublasLt::cublasSplitKParams<T6>, const T4 *, const T10 *, T9 *, T5 *, const T6 *, const T6 *, const T11 *, const T4 *, T11 *, void *, long, T6 *, int *, T6 *, T6 *, const T6 *, const T6 *, const T6 *, const T6 *, const T6 *)",53,0.0,24576.0,0,0,0.0,24576.0,24576.0,0.0,768.0,0.0,81920.0,16384.0,3.296,253.888,20480.0,4096.0,0.0,0,0,0,0,0,0,0.0,0.0,0,0,0.0,2560.0,512.0
"void native::vectorized_elementwise_kernel<4, native::CUDAFunctor_add<float>, std::array<char *, 3>>(int, T2, T3)",54,4096.0,8192.0,0,0,0.0,8192.0,8192.0,0.0,96.0,0.0,32768.0,16384.0,2.688,256.576,0.0,0.0,4096.0,0,0,0,0,0,0,0.0,0.0,0,0,0.0,1024.0,512.0
"void native::vectorized_elementwise_kernel<4, void native::<unnamed>::pow_tensor_scalar_kernel_impl<float, float>(at::TensorIteratorBase &, T2)::[lambda(float) (instance 1)], std::array<char *, 2>>(int, T2, T3)",55,0.0,4096.0,0,0,0.0,4096.0,4096.0,0.0,64.0,0.0,16384.0,16384.0,2.624,259.20000000000005,0.0,4096.0,0.0,0,0,0,0,0,0,0.0,0.0,0,0,0.0,512.0,512.0
"void native::reduce_kernel<512, 1, native::ReduceOp<float, native::MeanOps<float, float, float, float>, unsigned int, float, 4, 4>>(T3)",56,0.0,8580.0,0,0,0.0,8580.0,8580.0,40.0,36.0,0.5263157894736842,16384.0,32.0,5.568,264.76800000000003,8576.0,4.0,0.0,0,0,0,0,0,0,0.0,0.0,0,0,0.0,512.0,1.0
"void native::vectorized_elementwise_kernel<4, native::CUDAFunctorOnSelf_add<float>, std::array<char *, 2>>(int, T2, T3)",57,4.0,8.0,0,0,0.0,8.0,8.0,0.0,2.0,0.0,32.0,32.0,2.496,267.264,0.0,0.0,4.0,0,0,0,0,0,0,0.0,0.0,0,0,0.0,1.0,1.0
"void native::vectorized_elementwise_kernel<4, native::rsqrt_kernel_cuda(at::TensorIteratorBase &)::[lambda() (instance 2)]::operator ()() const::[lambda() (instance 2)]::operator ()() const::[lambda(float) (instance 1)], std::array<char *, 2>>(int, T2, T3)",58,0.0,0.0,0,0,0.0,0.0,0.0,0.0,2.0,0.0,32.0,32.0,2.624,269.88800000000003,0.0,0.0,0.0,0,0,0,0,0,0,0.0,0.0,0,0,0.0,1.0,1.0
"void native::elementwise_kernel<128, 2, void native::gpu_kernel_impl_nocast<native::BinaryFunctor<float, float, float, binary_internal::MulFunctor<float>>>(at::TensorIteratorBase &, const T1 &)::[lambda(int) (instance 1)]>(int, T3)",59,0.0,4096.0,0,0,0.0,4096.0,4096.0,0.0,384.0,0.0,16896.0,16384.0,3.488,273.37600000000003,0.0,4096.0,0.0,0,0,0,0,0,0,0.0,0.0,0,0,0.0,528.0,512.0
"void native::elementwise_kernel<128, 2, void native::gpu_kernel_impl_nocast<native::BinaryFunctor<float, float, float, binary_internal::MulFunctor<float>>>(at::TensorIteratorBase &, const T1 &)::[lambda(int) (instance 1)]>(int, T3)",60,0.0,4096.0,0,0,0.0,4096.0,4096.0,0.0,384.0,0.0,32768.0,16384.0,3.424,276.8,0.0,4096.0,0.0,0,0,0,0,0,0,0.0,0.0,0,0,0.0,1024.0,512.0
"void gemmSN_TN_kernel<float, 128, 16, 2, 4, 4, 4, 1, cublasGemvTensorStridedBatched<const float>, cublasGemvTensorStridedBatched<const float>, cublasGemvTensorStridedBatched<float>>(cublasGemmSmallNParams<T9, T10, T11, T1>)",61,16777216.0,36962304.0,0,0,0.0,36962304.0,36962304.0,247808.0,204800.0,0.5475113122171946,19667904.0,72864.0,27.392,304.192,1310720.0,2097152.0,16777216.0,0,0,0,0,0,0,0.0,0.0,0,0,0.0,614622.0,2277.0
"void native::vectorized_elementwise_kernel<4, native::<unnamed>::silu_kernel(at::TensorIteratorBase &)::[lambda() (instance 1)]::operator ()() const::[lambda() (instance 2)]::operator ()() const::[lambda(float) (instance 1)], std::array<char *, 2>>(int, T2, T3)",62,188416.0,393216.0,0,0,0.0,393216.0,393216.0,0.0,256.0,0.0,65536.0,65536.0,3.008,307.2,16384.0,0.0,188416.0,0,0,0,0,0,0,0.0,0.0,0,0,0.0,2048.0,2048.0
"void gemmSN_TN_kernel<float, 128, 16, 2, 4, 4, 4, 1, cublasGemvTensorStridedBatched<const float>, cublasGemvTensorStridedBatched<const float>, cublasGemvTensorStridedBatched<float>>(cublasGemmSmallNParams<T9, T10, T11, T1>)",63,16777216.0,36962304.0,0,0,0.0,36962304.0,36962304.0,247808.0,204800.0,0.5475113122171946,19419904.0,70144.0,27.104,334.304,1310720.0,2097152.0,16777216.0,0,0,0,0,0,0,0.0,0.0,0,0,0.0,606872.0,2192.0
"void native::vectorized_elementwise_kernel<4, native::BinaryFunctor<float, float, float, binary_internal::MulFunctor<float>>, std::array<char *, 3>>(int, T2, T3)",64,0.0,16384.0,0,0,0.0,16384.0,16384.0,0.0,384.0,0.0,131072.0,65536.0,2.656,336.96,0.0,16384.0,0.0,0,0,0,0,0,0,0.0,0.0,0,0,0.0,4096.0,2048.0
ampere_sgemm_64x32_sliced1x4_tn,65,134217728.0,270270464.0,0,0,0.0,270270464.0,270270464.0,651264.0,140288.0,0.8227684346701164,17825792.0,131072.0,34.624,371.584,786432.0,1048576.0,134217728.0,0,0,0,0,0,0,0.0,0.0,0,0,0.0,557056.0,4096.0
"void cublasLt::splitKreduce_kernel<32, 16, int, float, float, float, float, 0, float, float, float, 1, 0, 0>(cublasLt::cublasSplitKParams<T6>, const T4 *, const T10 *, T9 *, T5 *, const T6 *, const T6 *, const T11 *, const T4 *, T11 *, void *, long, T6 *, int *, T6 *, T6 *, const T6 *, const T6 *, const T6 *, const T6 *, const T6 *)",66,0.0,36864.0,0,0,0.0,36864.0,36864.0,0.0,1152.0,0.0,131072.0,16384.0,2.912,374.496,32768.0,4096.0,0.0,0,0,0,0,0,0,0.0,0.0,0,0,0.0,4096.0,512.0
"void native::vectorized_elementwise_kernel<4, native::CUDAFunctor_add<float>, std::array<char *, 3>>(int, T2, T3)",67,4096.0,8192.0,0,0,0.0,8192.0,8192.0,0.0,96.0,0.0,32768.0,16384.0,2.688,377.18399999999997,0.0,0.0,4096.0,0,0,0,0,0,0,0.0,0.0,0,0,0.0,1024.0,512.0
"void native::vectorized_elementwise_kernel<4, void native::<unnamed>::pow_tensor_scalar_kernel_impl<float, float>(at::TensorIteratorBase &, T2)::[lambda(float) (instance 1)], std::array<char *, 2>>(int, T2, T3)",68,0.0,4096.0,0,0,0.0,4096.0,4096.0,0.0,64.0,0.0,16384.0,16384.0,2.528,379.712,0.0,4096.0,0.0,0,0,0,0,0,0,0.0,0.0,0,0,0.0,512.0,512.0
"void native::reduce_kernel<512, 1, native::ReduceOp<float, native::MeanOps<float, float, float, float>, unsigned int, float, 4, 4>>(T3)",69,0.0,8580.0,0,0,0.0,8580.0,8580.0,40.0,36.0,0.5263157894736842,16384.0,32.0,5.6,385.312,8576.0,4.0,0.0,0,0,0,0,0,0,0.0,0.0,0,0,0.0,512.0,1.0
"void native::vectorized_elementwise_kernel<4, native::CUDAFunctorOnSelf_add<float>, std::array<char *, 2>>(int, T2, T3)",70,4.0,8.0,0,0,0.0,8.0,8.0,0.0,2.0,0.0,32.0,32.0,2.464,387.776,0.0,0.0,4.0,0,0,0,0,0,0,0.0,0.0,0,0,0.0,1.0,1.0
"void native::vectorized_elementwise_kernel<4, native::rsqrt_kernel_cuda(at::TensorIteratorBase &)::[lambda() (instance 2)]::operator ()() const::[lambda() (instance 2)]::operator ()() const::[lambda(float) (instance 1)], std::array<char *, 2>>(int, T2, T3)",71,0.0,0.0,0,0,0.0,0.0,0.0,0.0,2.0,0.0,32.0,32.0,2.656,390.432,0.0,0.0,0.0,0,0,0,0,0,0,0.0,0.0,0,0,0.0,1.0,1.0
"void native::elementwise_kernel<128, 2, void native::gpu_kernel_impl_nocast<native::BinaryFunctor<float, float, float, binary_internal::MulFunctor<float>>>(at::TensorIteratorBase &, const T1 &)::[lambda(int) (instance 1)]>(int, T3)",72,0.0,4096.0,0,0,0.0,4096.0,4096.0,0.0,384.0,0.0,16896.0,16384.0,3.392,393.824,0.0,4096.0,0.0,0,0,0,0,0,0,0.0,0.0,0,0,0.0,528.0,512.0
"void native::elementwise_kernel<128, 2, void native::gpu_kernel_impl_nocast<native::BinaryFunctor<float, float, float, binary_internal::MulFunctor<float>>>(at::TensorIteratorBase &, const T1 &)::[lambda(int) (instance 1)]>(int, T3)",73,0.0,4096.0,0,0,0.0,4096.0,4096.0,0.0,384.0,0.0,32768.0,16384.0,3.488,397.312,0.0,4096.0,0.0,0,0,0,0,0,0,0.0,0.0,0,0,0.0,1024.0,512.0
ampere_sgemm_32x32_sliced1x4_tn,74,33554432.0,68026368.0,0,0,0.0,68026368.0,68026368.0,196608.0,37376.0,0.8402625820568927,4718592.0,65536.0,14.528,411.84000000000003,393216.0,524288.0,33554432.0,0,0,0,0,0,0,0.0,0.0,0,0,0.0,147456.0,2048.0
"void cublasLt::splitKreduce_kernel<32, 16, int, float, float, float, float, 0, float, float, float, 1, 1, 0>(cublasLt::cublasSplitKParams<T6>, const T4 *, const T10 *, T9 *, T5 *, const T6 *, const T6 *, const T11 *, const T4 *, T11 *, void *, long, T6 *, int *, T6 *, T6 *, const T6 *, const T6 *, const T6 *, const T6 *, const T6 *)",75,0.0,24576.0,0,0,0.0,24576.0,24576.0,0.0,1408.0,0.0,69632.0,16384.0,3.232,415.07200000000006,20480.0,4096.0,0.0,0,0,0,0,0,0,0.0,0.0,0,0,0.0,2176.0,512.0
ampere_sgemm_32x32_sliced1x4_tn,76,33554432.0,68026368.0,0,0,0.0,68026368.0,68026368.0,196608.0,37376.0,0.8402625820568927,4718592.0,65536.0,14.56,429.63200000000006,393216.0,524288.0,33554432.0,0,0,0,0,0,0,0.0,0.0,0,0,0.0,147456.0,2048.0
"void cublasLt::splitKreduce_kernel<32, 16, int, float, float, float, float, 0, float, float, float, 1, 1, 0>(cublasLt::cublasSplitKParams<T6>, const T4 *, const T10 *, T9 *, T5 *, const T6 *, const T6 *, const T11 *, const T4 *, T11 *, void *, long, T6 *, int *, T6 *, T6 *, const T6 *, const T6 *, const T6 *, const T6 *, const T6 *)",77,0.0,24576.0,0,0,0.0,24576.0,24576.0,0.0,1408.0,0.0,69632.0,16384.0,3.2,432.83200000000005,20480.0,4096.0,0.0,0,0,0,0,0,0,0.0,0.0,0,0,0.0,2176.0,512.0
ampere_sgemm_32x32_sliced1x4_tn,78,33554432.0,68026368.0,0,0,0.0,68026368.0,68026368.0,196608.0,37376.0,0.8402625820568927,4718592.0,65536.0,14.592,447.42400000000004,393216.0,524288.0,33554432.0,0,0,0,0,0,0,0.0,0.0,0,0,0.0,147456.0,2048.0
"void cublasLt::splitKreduce_kernel<32, 16, int, float, float, float, float, 0, float, float, float, 1, 1, 0>(cublasLt::cublasSplitKParams<T6>, const T4 *, const T10 *, T9 *, T5 *, const T6 *, const T6 *, const T11 *, const T4 *, T11 *, void *, long, T6 *, int *, T6 *, T6 *, const T6 *, const T6 *, const T6 *, const T6 *, const T6 *)",79,0.0,24576.0,0,0,0.0,24576.0,24576.0,0.0,1408.0,0.0,69632.0,16384.0,3.2,450.624,20480.0,4096.0,0.0,0,0,0,0,0,0,0.0,0.0,0,0,0.0,2176.0,512.0
"void native::elementwise_kernel<128, 2, void native::gpu_kernel_impl_nocast<native::BinaryFunctor<float, float, float, binary_internal::MulFunctor<float>>>(at::TensorIteratorBase &, const T1 &)::[lambda(int) (instance 1)]>(int, T3)",80,0.0,4096.0,0,0,0.0,4096.0,4096.0,0.0,384.0,0.0,24576.0,16384.0,3.488,454.112,0.0,4096.0,0.0,0,0,0,0,0,0,0.0,0.0,0,0,0.0,768.0,512.0
"void native::elementwise_kernel<128, 2, void native::gpu_kernel_impl_nocast<native::neg_kernel_cuda(at::TensorIteratorBase &)::[lambda() (instance 2)]::operator ()() const::[lambda() (instance 7)]::operator ()() const::[lambda(float) (instance 1)]>(at::TensorIteratorBase &, const T1 &)::[lambda(int) (instance 1)]>(int, T3)",81,0.0,2048.0,0,0,0.0,2048.0,2048.0,0.0,128.0,0.0,8192.0,8192.0,3.52,457.632,2048.0,0.0,0.0,0,0,0,0,0,0,0.0,0.0,0,0,0.0,256.0,256.0
"void native::<unnamed>::CatArrayBatchedCopy<native::<unnamed>::OpaqueType<4>, unsigned int, 4, 64, 64>(T1 *, native::<unnamed>::CatArrInputTensorMetadata<T1, T2, T4, T5>, native::<unnamed>::TensorSizeStride<T2, 4>, int, T2)",82,0.0,0.0,0,0,0.0,0.0,0.0,0.0,256.0,0.0,16384.0,16384.0,5.664,463.296,0.0,0.0,0.0,0,0,0,0,0,0,0.0,0.0,0,0,0.0,512.0,512.0
"void native::elementwise_kernel<128, 2, void native::gpu_kernel_impl_nocast<native::BinaryFunctor<float, float, float, binary_internal::MulFunctor<float>>>(at::TensorIteratorBase &, const T1 &)::[lambda(int) (instance 1)]>(int, T3)",83,0.0,4096.0,0,0,0.0,4096.0,4096.0,0.0,384.0,0.0,24576.0,16384.0,3.584,466.88,0.0,4096.0,0.0,0,0,0,0,0,0,0.0,0.0,0,0,0.0,768.0,512.0
"void native::vectorized_elementwise_kernel<4, native::CUDAFunctor_add<float>, std::array<char *, 3>>(int, T2, T3)",84,4096.0,8192.0,0,0,0.0,8192.0,8192.0,0.0,96.0,0.0,32768.0,16384.0,2.624,469.504,0.0,0.0,4096.0,0,0,0,0,0,0,0.0,0.0,0,0,0.0,1024.0,512.0
"void native::elementwise_kernel<128, 2, void native::gpu_kernel_impl_nocast<native::BinaryFunctor<float, float, float, binary_internal::MulFunctor<float>>>(at::TensorIteratorBase &, const T1 &)::[lambda(int) (instance 1)]>(int, T3)",85,0.0,4096.0,0,0,0.0,4096.0,4096.0,0.0,384.0,0.0,24576.0,16384.0,3.584,473.088,0.0,4096.0,0.0,0,0,0,0,0,0,0.0,0.0,0,0,0.0,768.0,512.0
"void native::elementwise_kernel<128, 2, void native::gpu_kernel_impl_nocast<native::neg_kernel_cuda(at::TensorIteratorBase &)::[lambda() (instance 2)]::operator ()() const::[lambda() (instance 7)]::operator ()() const::[lambda(float) (instance 1)]>(at::TensorIteratorBase &, const T1 &)::[lambda(int) (instance 1)]>(int, T3)",86,0.0,2048.0,0,0,0.0,2048.0,2048.0,0.0,128.0,0.0,8192.0,8192.0,3.456,476.54400000000004,2048.0,0.0,0.0,0,0,0,0,0,0,0.0,0.0,0,0,0.0,256.0,256.0
"void native::<unnamed>::CatArrayBatchedCopy<native::<unnamed>::OpaqueType<4>, unsigned int, 4, 64, 64>(T1 *, native::<unnamed>::CatArrInputTensorMetadata<T1, T2, T4, T5>, native::<unnamed>::TensorSizeStride<T2, 4>, int, T2)",87,0.0,0.0,0,0,0.0,0.0,0.0,0.0,256.0,0.0,16384.0,16384.0,5.76,482.30400000000003,0.0,0.0,0.0,0,0,0,0,0,0,0.0,0.0,0,0,0.0,512.0,512.0
"void native::elementwise_kernel<128, 2, void native::gpu_kernel_impl_nocast<native::BinaryFunctor<float, float, float, binary_internal::MulFunctor<float>>>(at::TensorIteratorBase &, const T1 &)::[lambda(int) (instance 1)]>(int, T3)",88,0.0,4096.0,0,0,0.0,4096.0,4096.0,0.0,384.0,0.0,24576.0,16384.0,3.424,485.728,0.0,4096.0,0.0,0,0,0,0,0,0,0.0,0.0,0,0,0.0,768.0,512.0
"void native::vectorized_elementwise_kernel<4, native::CUDAFunctor_add<float>, std::array<char *, 3>>(int, T2, T3)",89,4096.0,8192.0,0,0,0.0,8192.0,8192.0,0.0,96.0,0.0,32768.0,16384.0,2.72,488.44800000000004,0.0,0.0,4096.0,0,0,0,0,0,0,0.0,0.0,0,0,0.0,1024.0,512.0
"void native::<unnamed>::CatArrayBatchedCopy<native::<unnamed>::OpaqueType<4>, unsigned int, 4, 64, 64>(T1 *, native::<unnamed>::CatArrInputTensorMetadata<T1, T2, T4, T5>, native::<unnamed>::TensorSizeStride<T2, 4>, int, T2)",90,0.0,0.0,0,0,0.0,0.0,0.0,0.0,256.0,0.0,16384.0,16384.0,4.48,492.92800000000005,0.0,0.0,0.0,0,0,0,0,0,0,0.0,0.0,0,0,0.0,512.0,512.0
"void native::<unnamed>::CatArrayBatchedCopy<native::<unnamed>::OpaqueType<4>, unsigned int, 4, 64, 64>(T1 *, native::<unnamed>::CatArrInputTensorMetadata<T1, T2, T4, T5>, native::<unnamed>::TensorSizeStride<T2, 4>, int, T2)",91,0.0,0.0,0,0,0.0,0.0,0.0,0.0,256.0,0.0,16384.0,16384.0,4.448,497.37600000000003,0.0,0.0,0.0,0,0,0,0,0,0,0.0,0.0,0,0,0.0,512.0,512.0
"fmha_cutlassF_f32_aligned_64x128_rf_sm80(PyTorchMemEffAttention::AttentionKernel<float, cutlass::Sm80, 1, 64, 128, 128, 1, 1>::Params)",92,65536.0,5883904.0,0,0,0.0,5883904.0,5883904.0,33280.0,64.0,0.9980806142034548,49152.0,16384.0,32.064,529.44,4960256.0,792576.0,65536.0,0,0,0,0,0,0,0.0,0.0,0,0,0.0,1536.0,512.0
ampere_sgemm_32x32_sliced1x4_tn,93,36700160.0,74547200.0,0,0,0.0,74547200.0,74547200.0,220160.0,40960.0,0.8431372549019608,4704896.0,81920.0,14.4,543.84,491520.0,655360.0,36700160.0,0,0,0,0,0,0,0.0,0.0,0,0,0.0,147028.0,2560.0
"void cublasLt::splitKreduce_kernel<32, 16, int, float, float, float, float, 0, float, float, float, 1, 0, 0>(cublasLt::cublasSplitKParams<T6>, const T4 *, const T10 *, T9 *, T5 *, const T6 *, const T6 *, const T11 *, const T4 *, T11 *, void *, long, T6 *, int *, T6 *, T6 *, const T6 *, const T6 *, const T6 *, const T6 *, const T6 *)",94,0.0,24576.0,0,0,0.0,24576.0,24576.0,0.0,768.0,0.0,81920.0,16384.0,3.264,547.104,20480.0,4096.0,0.0,0,0,0,0,0,0,0.0,0.0,0,0,0.0,2560.0,512.0
"void native::vectorized_elementwise_kernel<4, native::CUDAFunctor_add<float>, std::array<char *, 3>>(int, T2, T3)",95,4096.0,8192.0,0,0,0.0,8192.0,8192.0,0.0,96.0,0.0,32768.0,16384.0,2.816,549.9200000000001,0.0,0.0,4096.0,0,0,0,0,0,0,0.0,0.0,0,0,0.0,1024.0,512.0
"void native::vectorized_elementwise_kernel<4, void native::<unnamed>::pow_tensor_scalar_kernel_impl<float, float>(at::TensorIteratorBase &, T2)::[lambda(float) (instance 1)], std::array<char *, 2>>(int, T2, T3)",96,0.0,4096.0,0,0,0.0,4096.0,4096.0,0.0,64.0,0.0,16384.0,16384.0,2.464,552.3840000000001,0.0,4096.0,0.0,0,0,0,0,0,0,0.0,0.0,0,0,0.0,512.0,512.0
"void native::reduce_kernel<512, 1, native::ReduceOp<float, native::MeanOps<float, float, float, float>, unsigned int, float, 4, 4>>(T3)",97,0.0,8580.0,0,0,0.0,8580.0,8580.0,40.0,36.0,0.5263157894736842,16384.0,32.0,5.6,557.9840000000002,8576.0,4.0,0.0,0,0,0,0,0,0,0.0,0.0,0,0,0.0,512.0,1.0
"void native::vectorized_elementwise_kernel<4, native::CUDAFunctorOnSelf_add<float>, std::array<char *, 2>>(int, T2, T3)",98,4.0,8.0,0,0,0.0,8.0,8.0,0.0,2.0,0.0,32.0,32.0,2.528,560.5120000000002,0.0,0.0,4.0,0,0,0,0,0,0,0.0,0.0,0,0,0.0,1.0,1.0
"void native::vectorized_elementwise_kernel<4, native::rsqrt_kernel_cuda(at::TensorIteratorBase &)::[lambda() (instance 2)]::operator ()() const::[lambda() (instance 2)]::operator ()() const::[lambda(float) (instance 1)], std::array<char *, 2>>(int, T2, T3)",99,0.0,0.0,0,0,0.0,0.0,0.0,0.0,2.0,0.0,32.0,32.0,2.592,563.1040000000002,0.0,0.0,0.0,0,0,0,0,0,0,0.0,0.0,0,0,0.0,1.0,1.0
"void native::elementwise_kernel<128, 2, void native::gpu_kernel_impl_nocast<native::BinaryFunctor<float, float, float, binary_internal::MulFunctor<float>>>(at::TensorIteratorBase &, const T1 &)::[lambda(int) (instance 1)]>(int, T3)",100,0.0,4096.0,0,0,0.0,4096.0,4096.0,0.0,384.0,0.0,16896.0,16384.0,3.424,566.5280000000001,0.0,4096.0,0.0,0,0,0,0,0,0,0.0,0.0,0,0,0.0,528.0,512.0
"void native::elementwise_kernel<128, 2, void native::gpu_kernel_impl_nocast<native::BinaryFunctor<float, float, float, binary_internal::MulFunctor<float>>>(at::TensorIteratorBase &, const T1 &)::[lambda(int) (instance 1)]>(int, T3)",101,0.0,4096.0,0,0,0.0,4096.0,4096.0,0.0,384.0,0.0,32768.0,16384.0,3.52,570.0480000000001,0.0,4096.0,0.0,0,0,0,0,0,0,0.0,0.0,0,0,0.0,1024.0,512.0
"void gemmSN_TN_kernel<float, 128, 16, 2, 4, 4, 4, 1, cublasGemvTensorStridedBatched<const float>, cublasGemvTensorStridedBatched<const float>, cublasGemvTensorStridedBatched<float>>(cublasGemmSmallNParams<T9, T10, T11, T1>)",102,16777216.0,36962304.0,0,0,0.0,36962304.0,36962304.0,247808.0,204800.0,0.5475113122171946,19412480.0,73888.0,27.04,597.0880000000001,1310720.0,2097152.0,16777216.0,0,0,0,0,0,0,0.0,0.0,0,0,0.0,606640.0,2309.0
"void native::vectorized_elementwise_kernel<4, native::<unnamed>::silu_kernel(at::TensorIteratorBase &)::[lambda() (instance 1)]::operator ()() const::[lambda() (instance 2)]::operator ()() const::[lambda(float) (instance 1)], std::array<char *, 2>>(int, T2, T3)",103,188416.0,393216.0,0,0,0.0,393216.0,393216.0,0.0,256.0,0.0,65536.0,65536.0,3.072,600.1600000000001,16384.0,0.0,188416.0,0,0,0,0,0,0,0.0,0.0,0,0,0.0,2048.0,2048.0
"void gemmSN_TN_kernel<float, 128, 16, 2, 4, 4, 4, 1, cublasGemvTensorStridedBatched<const float>, cublasGemvTensorStridedBatched<const float>, cublasGemvTensorStridedBatched<float>>(cublasGemmSmallNParams<T9, T10, T11, T1>)",104,16777216.0,36962304.0,0,0,0.0,36962304.0,36962304.0,247808.0,204800.0,0.5475113122171946,19611648.0,69248.0,26.72,626.8800000000001,1310720.0,2097152.0,16777216.0,0,0,0,0,0,0,0.0,0.0,0,0,0.0,612864.0,2164.0
"void native::vectorized_elementwise_kernel<4, native::BinaryFunctor<float, float, float, binary_internal::MulFunctor<float>>, std::array<char *, 3>>(int, T2, T3)",105,0.0,16384.0,0,0,0.0,16384.0,16384.0,0.0,384.0,0.0,131072.0,65536.0,2.816,629.6960000000001,0.0,16384.0,0.0,0,0,0,0,0,0,0.0,0.0,0,0,0.0,4096.0,2048.0
ampere_sgemm_64x32_sliced1x4_tn,106,134217728.0,270270464.0,0,0,0.0,270270464.0,270270464.0,651264.0,140288.0,0.8227684346701164,17825792.0,131072.0,35.136,664.8320000000001,786432.0,1048576.0,134217728.0,0,0,0,0,0,0,0.0,0.0,0,0,0.0,557056.0,4096.0
"void cublasLt::splitKreduce_kernel<32, 16, int, float, float, float, float, 0, float, float, float, 1, 0, 0>(cublasLt::cublasSplitKParams<T6>, const T4 *, const T10 *, T9 *, T5 *, const T6 *, const T6 *, const T11 *, const T4 *, T11 *, void *, long, T6 *, int *, T6 *, T6 *, const T6 *, const T6 *, const T6 *, const T6 *, const T6 *)",107,0.0,36864.0,0,0,0.0,36864.0,36864.0,0.0,1152.0,0.0,131072.0,16384.0,3.104,667.9360000000001,32768.0,4096.0,0.0,0,0,0,0,0,0,0.0,0.0,0,0,0.0,4096.0,512.0
"void native::vectorized_elementwise_kernel<4, native::CUDAFunctor_add<float>, std::array<char *, 3>>(int, T2, T3)",108,4096.0,8192.0,0,0,0.0,8192.0,8192.0,0.0,96.0,0.0,32768.0,16384.0,2.624,670.5600000000002,0.0,0.0,4096.0,0,0,0,0,0,0,0.0,0.0,0,0,0.0,1024.0,512.0
"void native::vectorized_elementwise_kernel<4, void native::<unnamed>::pow_tensor_scalar_kernel_impl<float, float>(at::TensorIteratorBase &, T2)::[lambda(float) (instance 1)], std::array<char *, 2>>(int, T2, T3)",109,0.0,4096.0,0,0,0.0,4096.0,4096.0,0.0,64.0,0.0,16384.0,16384.0,2.72,673.2800000000002,0.0,4096.0,0.0,0,0,0,0,0,0,0.0,0.0,0,0,0.0,512.0,512.0
"void native::reduce_kernel<512, 1, native::ReduceOp<float, native::MeanOps<float, float, float, float>, unsigned int, float, 4, 4>>(T3)",110,0.0,8580.0,0,0,0.0,8580.0,8580.0,40.0,36.0,0.5263157894736842,16384.0,32.0,5.568,678.8480000000002,8576.0,4.0,0.0,0,0,0,0,0,0,0.0,0.0,0,0,0.0,512.0,1.0
"void native::vectorized_elementwise_kernel<4, native::CUDAFunctorOnSelf_add<float>, std::array<char *, 2>>(int, T2, T3)",111,4.0,8.0,0,0,0.0,8.0,8.0,0.0,2.0,0.0,32.0,32.0,2.56,681.4080000000001,0.0,0.0,4.0,0,0,0,0,0,0,0.0,0.0,0,0,0.0,1.0,1.0
"void native::vectorized_elementwise_kernel<4, native::rsqrt_kernel_cuda(at::TensorIteratorBase &)::[lambda() (instance 2)]::operator ()() const::[lambda() (instance 2)]::operator ()() const::[lambda(float) (instance 1)], std::array<char *, 2>>(int, T2, T3)",112,0.0,0.0,0,0,0.0,0.0,0.0,0.0,2.0,0.0,32.0,32.0,2.528,683.9360000000001,0.0,0.0,0.0,0,0,0,0,0,0,0.0,0.0,0,0,0.0,1.0,1.0
"void native::elementwise_kernel<128, 2, void native::gpu_kernel_impl_nocast<native::BinaryFunctor<float, float, float, binary_internal::MulFunctor<float>>>(at::TensorIteratorBase &, const T1 &)::[lambda(int) (instance 1)]>(int, T3)",113,0.0,4096.0,0,0,0.0,4096.0,4096.0,0.0,384.0,0.0,16896.0,16384.0,3.456,687.3920000000002,0.0,4096.0,0.0,0,0,0,0,0,0,0.0,0.0,0,0,0.0,528.0,512.0
"void native::elementwise_kernel<128, 2, void native::gpu_kernel_impl_nocast<native::BinaryFunctor<float, float, float, binary_internal::MulFunctor<float>>>(at::TensorIteratorBase &, const T1 &)::[lambda(int) (instance 1)]>(int, T3)",114,0.0,4096.0,0,0,0.0,4096.0,4096.0,0.0,384.0,0.0,32768.0,16384.0,3.392,690.7840000000002,0.0,4096.0,0.0,0,0,0,0,0,0,0.0,0.0,0,0,0.0,1024.0,512.0
ampere_sgemm_32x32_sliced1x4_tn,115,33554432.0,68026368.0,0,0,0.0,68026368.0,68026368.0,196608.0,37376.0,0.8402625820568927,4718592.0,65536.0,14.592,705.3760000000002,393216.0,524288.0,33554432.0,0,0,0,0,0,0,0.0,0.0,0,0,0.0,147456.0,2048.0
"void cublasLt::splitKreduce_kernel<32, 16, int, float, float, float, float, 0, float, float, float, 1, 1, 0>(cublasLt::cublasSplitKParams<T6>, const T4 *, const T10 *, T9 *, T5 *, const T6 *, const T6 *, const T11 *, const T4 *, T11 *, void *, long, T6 *, int *, T6 *, T6 *, const T6 *, const T6 *, const T6 *, const T6 *, const T6 *)",116,0.0,24576.0,0,0,0.0,24576.0,24576.0,0.0,1408.0,0.0,69632.0,16384.0,3.104,708.4800000000002,20480.0,4096.0,0.0,0,0,0,0,0,0,0.0,0.0,0,0,0.0,2176.0,512.0
ampere_sgemm_32x32_sliced1x4_tn,117,33554432.0,68026368.0,0,0,0.0,68026368.0,68026368.0,196608.0,37376.0,0.8402625820568927,4718592.0,65536.0,14.56,723.0400000000002,393216.0,524288.0,33554432.0,0,0,0,0,0,0,0.0,0.0,0,0,0.0,147456.0,2048.0
"void cublasLt::splitKreduce_kernel<32, 16, int, float, float, float, float, 0, float, float, float, 1, 1, 0>(cublasLt::cublasSplitKParams<T6>, const T4 *, const T10 *, T9 *, T5 *, const T6 *, const T6 *, const T11 *, const T4 *, T11 *, void *, long, T6 *, int *, T6 *, T6 *, const T6 *, const T6 *, const T6 *, const T6 *, const T6 *)",118,0.0,24576.0,0,0,0.0,24576.0,24576.0,0.0,1408.0,0.0,69632.0,16384.0,3.104,726.1440000000002,20480.0,4096.0,0.0,0,0,0,0,0,0,0.0,0.0,0,0,0.0,2176.0,512.0
ampere_sgemm_32x32_sliced1x4_tn,119,33554432.0,68026368.0,0,0,0.0,68026368.0,68026368.0,196608.0,37376.0,0.8402625820568927,4718592.0,65536.0,14.592,740.7360000000002,393216.0,524288.0,33554432.0,0,0,0,0,0,0,0.0,0.0,0,0,0.0,147456.0,2048.0
"void cublasLt::splitKreduce_kernel<32, 16, int, float, float, float, float, 0, float, float, float, 1, 1, 0>(cublasLt::cublasSplitKParams<T6>, const T4 *, const T10 *, T9 *, T5 *, const T6 *, const T6 *, const T11 *, const T4 *, T11 *, void *, long, T6 *, int *, T6 *, T6 *, const T6 *, const T6 *, const T6 *, const T6 *, const T6 *)",120,0.0,24576.0,0,0,0.0,24576.0,24576.0,0.0,1408.0,0.0,69632.0,16384.0,3.104,743.8400000000003,20480.0,4096.0,0.0,0,0,0,0,0,0,0.0,0.0,0,0,0.0,2176.0,512.0
"void native::elementwise_kernel<128, 2, void native::gpu_kernel_impl_nocast<native::BinaryFunctor<float, float, float, binary_internal::MulFunctor<float>>>(at::TensorIteratorBase &, const T1 &)::[lambda(int) (instance 1)]>(int, T3)",121,0.0,4096.0,0,0,0.0,4096.0,4096.0,0.0,384.0,0.0,24576.0,16384.0,3.552,747.3920000000003,0.0,4096.0,0.0,0,0,0,0,0,0,0.0,0.0,0,0,0.0,768.0,512.0
"void native::elementwise_kernel<128, 2, void native::gpu_kernel_impl_nocast<native::neg_kernel_cuda(at::TensorIteratorBase &)::[lambda() (instance 2)]::operator ()() const::[lambda() (instance 7)]::operator ()() const::[lambda(float) (instance 1)]>(at::TensorIteratorBase &, const T1 &)::[lambda(int) (instance 1)]>(int, T3)",122,0.0,2048.0,0,0,0.0,2048.0,2048.0,0.0,128.0,0.0,8192.0,8192.0,3.392,750.7840000000003,2048.0,0.0,0.0,0,0,0,0,0,0,0.0,0.0,0,0,0.0,256.0,256.0
"void native::<unnamed>::CatArrayBatchedCopy<native::<unnamed>::OpaqueType<4>, unsigned int, 4, 64, 64>(T1 *, native::<unnamed>::CatArrInputTensorMetadata<T1, T2, T4, T5>, native::<unnamed>::TensorSizeStride<T2, 4>, int, T2)",123,0.0,0.0,0,0,0.0,0.0,0.0,0.0,256.0,0.0,16384.0,16384.0,5.696,756.4800000000004,0.0,0.0,0.0,0,0,0,0,0,0,0.0,0.0,0,0,0.0,512.0,512.0
"void native::elementwise_kernel<128, 2, void native::gpu_kernel_impl_nocast<native::BinaryFunctor<float, float, float, binary_internal::MulFunctor<float>>>(at::TensorIteratorBase &, const T1 &)::[lambda(int) (instance 1)]>(int, T3)",124,0.0,4096.0,0,0,0.0,4096.0,4096.0,0.0,384.0,0.0,24576.0,16384.0,3.456,759.9360000000004,0.0,4096.0,0.0,0,0,0,0,0,0,0.0,0.0,0,0,0.0,768.0,512.0
"void native::vectorized_elementwise_kernel<4, native::CUDAFunctor_add<float>, std::array<char *, 3>>(int, T2, T3)",125,4096.0,8192.0,0,0,0.0,8192.0,8192.0,0.0,96.0,0.0,32768.0,16384.0,2.752,762.6880000000003,0.0,0.0,4096.0,0,0,0,0,0,0,0.0,0.0,0,0,0.0,1024.0,512.0
"void native::elementwise_kernel<128, 2, void native::gpu_kernel_impl_nocast<native::BinaryFunctor<float, float, float, binary_internal::MulFunctor<float>>>(at::TensorIteratorBase &, const T1 &)::[lambda(int) (instance 1)]>(int, T3)",126,0.0,4096.0,0,0,0.0,4096.0,4096.0,0.0,384.0,0.0,24576.0,16384.0,3.424,766.1120000000003,0.0,4096.0,0.0,0,0,0,0,0,0,0.0,0.0,0,0,0.0,768.0,512.0
"void native::elementwise_kernel<128, 2, void native::gpu_kernel_impl_nocast<native::neg_kernel_cuda(at::TensorIteratorBase &)::[lambda() (instance 2)]::operator ()() const::[lambda() (instance 7)]::operator ()() const::[lambda(float) (instance 1)]>(at::TensorIteratorBase &, const T1 &)::[lambda(int) (instance 1)]>(int, T3)",127,0.0,2048.0,0,0,0.0,2048.0,2048.0,0.0,128.0,0.0,8192.0,8192.0,3.52,769.6320000000003,2048.0,0.0,0.0,0,0,0,0,0,0,0.0,0.0,0,0,0.0,256.0,256.0
"void native::<unnamed>::CatArrayBatchedCopy<native::<unnamed>::OpaqueType<4>, unsigned int, 4, 64, 64>(T1 *, native::<unnamed>::CatArrInputTensorMetadata<T1, T2, T4, T5>, native::<unnamed>::TensorSizeStride<T2, 4>, int, T2)",128,0.0,0.0,0,0,0.0,0.0,0.0,0.0,256.0,0.0,16384.0,16384.0,5.664,775.2960000000003,0.0,0.0,0.0,0,0,0,0,0,0,0.0,0.0,0,0,0.0,512.0,512.0
"void native::elementwise_kernel<128, 2, void native::gpu_kernel_impl_nocast<native::BinaryFunctor<float, float, float, binary_internal::MulFunctor<float>>>(at::TensorIteratorBase &, const T1 &)::[lambda(int) (instance 1)]>(int, T3)",129,0.0,4096.0,0,0,0.0,4096.0,4096.0,0.0,384.0,0.0,24576.0,16384.0,3.488,778.7840000000003,0.0,4096.0,0.0,0,0,0,0,0,0,0.0,0.0,0,0,0.0,768.0,512.0
"void native::vectorized_elementwise_kernel<4, native::CUDAFunctor_add<float>, std::array<char *, 3>>(int, T2, T3)",130,4096.0,8192.0,0,0,0.0,8192.0,8192.0,0.0,96.0,0.0,32768.0,16384.0,2.624,781.4080000000004,0.0,0.0,4096.0,0,0,0,0,0,0,0.0,0.0,0,0,0.0,1024.0,512.0
"void native::<unnamed>::CatArrayBatchedCopy<native::<unnamed>::OpaqueType<4>, unsigned int, 4, 64, 64>(T1 *, native::<unnamed>::CatArrInputTensorMetadata<T1, T2, T4, T5>, native::<unnamed>::TensorSizeStride<T2, 4>, int, T2)",131,0.0,0.0,0,0,0.0,0.0,0.0,0.0,256.0,0.0,16384.0,16384.0,4.48,785.8880000000004,0.0,0.0,0.0,0,0,0,0,0,0,0.0,0.0,0,0,0.0,512.0,512.0
"void native::<unnamed>::CatArrayBatchedCopy<native::<unnamed>::OpaqueType<4>, unsigned int, 4, 64, 64>(T1 *, native::<unnamed>::CatArrInputTensorMetadata<T1, T2, T4, T5>, native::<unnamed>::TensorSizeStride<T2, 4>, int, T2)",132,0.0,0.0,0,0,0.0,0.0,0.0,0.0,256.0,0.0,16384.0,16384.0,4.416,790.3040000000004,0.0,0.0,0.0,0,0,0,0,0,0,0.0,0.0,0,0,0.0,512.0,512.0
"fmha_cutlassF_f32_aligned_64x128_rf_sm80(PyTorchMemEffAttention::AttentionKernel<float, cutlass::Sm80, 1, 64, 128, 128, 1, 1>::Params)",133,65536.0,5883904.0,0,0,0.0,5883904.0,5883904.0,33280.0,64.0,0.9980806142034548,49152.0,16384.0,31.904,822.2080000000004,4960256.0,792576.0,65536.0,0,0,0,0,0,0,0.0,0.0,0,0,0.0,1536.0,512.0
ampere_sgemm_32x32_sliced1x4_tn,134,36700160.0,74547200.0,0,0,0.0,74547200.0,74547200.0,220160.0,40960.0,0.8431372549019608,4709088.0,81920.0,14.4,836.6080000000004,491520.0,655360.0,36700160.0,0,0,0,0,0,0,0.0,0.0,0,0,0.0,147159.0,2560.0
"void cublasLt::splitKreduce_kernel<32, 16, int, float, float, float, float, 0, float, float, float, 1, 0, 0>(cublasLt::cublasSplitKParams<T6>, const T4 *, const T10 *, T9 *, T5 *, const T6 *, const T6 *, const T11 *, const T4 *, T11 *, void *, long, T6 *, int *, T6 *, T6 *, const T6 *, const T6 *, const T6 *, const T6 *, const T6 *)",135,0.0,24576.0,0,0,0.0,24576.0,24576.0,0.0,768.0,0.0,81920.0,16384.0,3.36,839.9680000000004,20480.0,4096.0,0.0,0,0,0,0,0,0,0.0,0.0,0,0,0.0,2560.0,512.0
"void native::vectorized_elementwise_kernel<4, native::CUDAFunctor_add<float>, std::array<char *, 3>>(int, T2, T3)",136,4096.0,8192.0,0,0,0.0,8192.0,8192.0,0.0,96.0,0.0,32768.0,16384.0,2.592,842.5600000000004,0.0,0.0,4096.0,0,0,0,0,0,0,0.0,0.0,0,0,0.0,1024.0,512.0
"void native::vectorized_elementwise_kernel<4, void native::<unnamed>::pow_tensor_scalar_kernel_impl<float, float>(at::TensorIteratorBase &, T2)::[lambda(float) (instance 1)], std::array<char *, 2>>(int, T2, T3)",137,0.0,4096.0,0,0,0.0,4096.0,4096.0,0.0,64.0,0.0,16384.0,16384.0,2.656,845.2160000000003,0.0,4096.0,0.0,0,0,0,0,0,0,0.0,0.0,0,0,0.0,512.0,512.0
"void native::reduce_kernel<512, 1, native::ReduceOp<float, native::MeanOps<float, float, float, float>, unsigned int, float, 4, 4>>(T3)",138,0.0,8580.0,0,0,0.0,8580.0,8580.0,40.0,36.0,0.5263157894736842,16384.0,32.0,5.504,850.7200000000004,8576.0,4.0,0.0,0,0,0,0,0,0,0.0,0.0,0,0,0.0,512.0,1.0
"void native::vectorized_elementwise_kernel<4, native::CUDAFunctorOnSelf_add<float>, std::array<char *, 2>>(int, T2, T3)",139,4.0,8.0,0,0,0.0,8.0,8.0,0.0,2.0,0.0,32.0,32.0,2.528,853.2480000000004,0.0,0.0,4.0,0,0,0,0,0,0,0.0,0.0,0,0,0.0,1.0,1.0
"void native::vectorized_elementwise_kernel<4, native::rsqrt_kernel_cuda(at::TensorIteratorBase &)::[lambda() (instance 2)]::operator ()() const::[lambda() (instance 2)]::operator ()() const::[lambda(float) (instance 1)], std::array<char *, 2>>(int, T2, T3)",140,0.0,0.0,0,0,0.0,0.0,0.0,0.0,2.0,0.0,32.0,32.0,2.56,855.8080000000003,0.0,0.0,0.0,0,0,0,0,0,0,0.0,0.0,0,0,0.0,1.0,1.0
"void native::elementwise_kernel<128, 2, void native::gpu_kernel_impl_nocast<native::BinaryFunctor<float, float, float, binary_internal::MulFunctor<float>>>(at::TensorIteratorBase &, const T1 &)::[lambda(int) (instance 1)]>(int, T3)",141,0.0,4096.0,0,0,0.0,4096.0,4096.0,0.0,384.0,0.0,16896.0,16384.0,3.52,859.3280000000003,0.0,4096.0,0.0,0,0,0,0,0,0,0.0,0.0,0,0,0.0,528.0,512.0
"void native::elementwise_kernel<128, 2, void native::gpu_kernel_impl_nocast<native::BinaryFunctor<float, float, float, binary_internal::MulFunctor<float>>>(at::TensorIteratorBase &, const T1 &)::[lambda(int) (instance 1)]>(int, T3)",142,0.0,4096.0,0,0,0.0,4096.0,4096.0,0.0,384.0,0.0,32768.0,16384.0,3.424,862.7520000000003,0.0,4096.0,0.0,0,0,0,0,0,0,0.0,0.0,0,0,0.0,1024.0,512.0
"void gemmSN_TN_kernel<float, 128, 16, 2, 4, 4, 4, 1, cublasGemvTensorStridedBatched<const float>, cublasGemvTensorStridedBatched<const float>, cublasGemvTensorStridedBatched<float>>(cublasGemmSmallNParams<T9, T10, T11, T1>)",143,16777216.0,36962304.0,0,0,0.0,36962304.0,36962304.0,247808.0,204800.0,0.5475113122171946,19261568.0,69984.0,26.624,889.3760000000003,1310720.0,2097152.0,16777216.0,0,0,0,0,0,0,0.0,0.0,0,0,0.0,601924.0,2187.0
"void native::vectorized_elementwise_kernel<4, native::<unnamed>::silu_kernel(at::TensorIteratorBase &)::[lambda() (instance 1)]::operator ()() const::[lambda() (instance 2)]::operator ()() const::[lambda(float) (instance 1)], std::array<char *, 2>>(int, T2, T3)",144,188416.0,393216.0,0,0,0.0,393216.0,393216.0,0.0,256.0,0.0,65536.0,65536.0,2.944,892.3200000000003,16384.0,0.0,188416.0,0,0,0,0,0,0,0.0,0.0,0,0,0.0,2048.0,2048.0
"void gemmSN_TN_kernel<float, 128, 16, 2, 4, 4, 4, 1, cublasGemvTensorStridedBatched<const float>, cublasGemvTensorStridedBatched<const float>, cublasGemvTensorStridedBatched<float>>(cublasGemmSmallNParams<T9, T10, T11, T1>)",145,16777216.0,36962304.0,0,0,0.0,36962304.0,36962304.0,247808.0,204800.0,0.5475113122171946,19319360.0,72224.0,27.712,920.0320000000003,1310720.0,2097152.0,16777216.0,0,0,0,0,0,0,0.0,0.0,0,0,0.0,603730.0,2257.0
"void native::vectorized_elementwise_kernel<4, native::BinaryFunctor<float, float, float, binary_internal::MulFunctor<float>>, std::array<char *, 3>>(int, T2, T3)",146,0.0,16384.0,0,0,0.0,16384.0,16384.0,0.0,384.0,0.0,131072.0,65536.0,2.688,922.7200000000003,0.0,16384.0,0.0,0,0,0,0,0,0,0.0,0.0,0,0,0.0,4096.0,2048.0
ampere_sgemm_64x32_sliced1x4_tn,147,134217728.0,270270464.0,0,0,0.0,270270464.0,270270464.0,651264.0,140288.0,0.8227684346701164,17825792.0,131072.0,34.592,957.3120000000002,786432.0,1048576.0,134217728.0,0,0,0,0,0,0,0.0,0.0,0,0,0.0,557056.0,4096.0
"void cublasLt::splitKreduce_kernel<32, 16, int, float, float, float, float, 0, float, float, float, 1, 0, 0>(cublasLt::cublasSplitKParams<T6>, const T4 *, const T10 *, T9 *, T5 *, const T6 *, const T6 *, const T11 *, const T4 *, T11 *, void *, long, T6 *, int *, T6 *, T6 *, const T6 *, const T6 *, const T6 *, const T6 *, const T6 *)",148,0.0,36864.0,0,0,0.0,36864.0,36864.0,0.0,1152.0,0.0,131072.0,16384.0,2.912,960.2240000000003,32768.0,4096.0,0.0,0,0,0,0,0,0,0.0,0.0,0,0,0.0,4096.0,512.0
"void native::vectorized_elementwise_kernel<4, native::CUDAFunctor_add<float>, std::array<char *, 3>>(int, T2, T3)",149,4096.0,8192.0,0,0,0.0,8192.0,8192.0,0.0,96.0,0.0,32768.0,16384.0,2.72,962.9440000000003,0.0,0.0,4096.0,0,0,0,0,0,0,0.0,0.0,0,0,0.0,1024.0,512.0
"void native::vectorized_elementwise_kernel<4, void native::<unnamed>::pow_tensor_scalar_kernel_impl<float, float>(at::TensorIteratorBase &, T2)::[lambda(float) (instance 1)], std::array<char *, 2>>(int, T2, T3)",150,0.0,4096.0,0,0,0.0,4096.0,4096.0,0.0,64.0,0.0,16384.0,16384.0,2.528,965.4720000000003,0.0,4096.0,0.0,0,0,0,0,0,0,0.0,0.0,0,0,0.0,512.0,512.0
"void native::reduce_kernel<512, 1, native::ReduceOp<float, native::MeanOps<float, float, float, float>, unsigned int, float, 4, 4>>(T3)",151,0.0,8580.0,0,0,0.0,8580.0,8580.0,40.0,36.0,0.5263157894736842,16384.0,32.0,5.568,971.0400000000003,8576.0,4.0,0.0,0,0,0,0,0,0,0.0,0.0,0,0,0.0,512.0,1.0
"void native::vectorized_elementwise_kernel<4, native::CUDAFunctorOnSelf_add<float>, std::array<char *, 2>>(int, T2, T3)",152,4.0,8.0,0,0,0.0,8.0,8.0,0.0,2.0,0.0,32.0,32.0,2.464,973.5040000000004,0.0,0.0,4.0,0,0,0,0,0,0,0.0,0.0,0,0,0.0,1.0,1.0
"void native::vectorized_elementwise_kernel<4, native::rsqrt_kernel_cuda(at::TensorIteratorBase &)::[lambda() (instance 2)]::operator ()() const::[lambda() (instance 2)]::operator ()() const::[lambda(float) (instance 1)], std::array<char *, 2>>(int, T2, T3)",153,0.0,0.0,0,0,0.0,0.0,0.0,0.0,2.0,0.0,32.0,32.0,2.688,976.1920000000003,0.0,0.0,0.0,0,0,0,0,0,0,0.0,0.0,0,0,0.0,1.0,1.0
"void native::elementwise_kernel<128, 2, void native::gpu_kernel_impl_nocast<native::BinaryFunctor<float, float, float, binary_internal::MulFunctor<float>>>(at::TensorIteratorBase &, const T1 &)::[lambda(int) (instance 1)]>(int, T3)",154,0.0,4096.0,0,0,0.0,4096.0,4096.0,0.0,384.0,0.0,16896.0,16384.0,3.456,979.6480000000004,0.0,4096.0,0.0,0,0,0,0,0,0,0.0,0.0,0,0,0.0,528.0,512.0
"void native::elementwise_kernel<128, 2, void native::gpu_kernel_impl_nocast<native::BinaryFunctor<float, float, float, binary_internal::MulFunctor<float>>>(at::TensorIteratorBase &, const T1 &)::[lambda(int) (instance 1)]>(int, T3)",155,0.0,4096.0,0,0,0.0,4096.0,4096.0,0.0,384.0,0.0,32768.0,16384.0,3.552,983.2000000000004,0.0,4096.0,0.0,0,0,0,0,0,0,0.0,0.0,0,0,0.0,1024.0,512.0
ampere_sgemm_32x32_sliced1x4_tn,156,33554432.0,68026368.0,0,0,0.0,68026368.0,68026368.0,196608.0,37376.0,0.8402625820568927,4718592.0,65536.0,14.56,997.7600000000003,393216.0,524288.0,33554432.0,0,0,0,0,0,0,0.0,0.0,0,0,0.0,147456.0,2048.0
"void cublasLt::splitKreduce_kernel<32, 16, int, float, float, float, float, 0, float, float, float, 1, 1, 0>(cublasLt::cublasSplitKParams<T6>, const T4 *, const T10 *, T9 *, T5 *, const T6 *, const T6 *, const T11 *, const T4 *, T11 *, void *, long, T6 *, int *, T6 *, T6 *, const T6 *, const T6 *, const T6 *, const T6 *, const T6 *)",157,0.0,24576.0,0,0,0.0,24576.0,24576.0,0.0,1408.0,0.0,69632.0,16384.0,3.2,1000.9600000000004,20480.0,4096.0,0.0,0,0,0,0,0,0,0.0,0.0,0,0,0.0,2176.0,512.0
ampere_sgemm_32x32_sliced1x4_tn,158,33554432.0,68026368.0,0,0,0.0,68026368.0,68026368.0,196608.0,37376.0,0.8402625820568927,4718592.0,65536.0,14.4,1015.3600000000004,393216.0,524288.0,33554432.0,0,0,0,0,0,0,0.0,0.0,0,0,0.0,147456.0,2048.0
"void cublasLt::splitKreduce_kernel<32, 16, int, float, float, float, float, 0, float, float, float, 1, 1, 0>(cublasLt::cublasSplitKParams<T6>, const T4 *, const T10 *, T9 *, T5 *, const T6 *, const T6 *, const T11 *, const T4 *, T11 *, void *, long, T6 *, int *, T6 *, T6 *, const T6 *, const T6 *, const T6 *, const T6 *, const T6 *)",159,0.0,24576.0,0,0,0.0,24576.0,24576.0,0.0,1408.0,0.0,69632.0,16384.0,3.168,1018.5280000000004,20480.0,4096.0,0.0,0,0,0,0,0,0,0.0,0.0,0,0,0.0,2176.0,512.0
ampere_sgemm_32x32_sliced1x4_tn,160,33554432.0,68026368.0,0,0,0.0,68026368.0,68026368.0,196608.0,37376.0,0.8402625820568927,4718592.0,65536.0,14.592,1033.1200000000003,393216.0,524288.0,33554432.0,0,0,0,0,0,0,0.0,0.0,0,0,0.0,147456.0,2048.0
"void cublasLt::splitKreduce_kernel<32, 16, int, float, float, float, float, 0, float, float, float, 1, 1, 0>(cublasLt::cublasSplitKParams<T6>, const T4 *, const T10 *, T9 *, T5 *, const T6 *, const T6 *, const T11 *, const T4 *, T11 *, void *, long, T6 *, int *, T6 *, T6 *, const T6 *, const T6 *, const T6 *, const T6 *, const T6 *)",161,0.0,24576.0,0,0,0.0,24576.0,24576.0,0.0,1408.0,0.0,69632.0,16384.0,3.2,1036.3200000000004,20480.0,4096.0,0.0,0,0,0,0,0,0,0.0,0.0,0,0,0.0,2176.0,512.0
"void native::elementwise_kernel<128, 2, void native::gpu_kernel_impl_nocast<native::BinaryFunctor<float, float, float, binary_internal::MulFunctor<float>>>(at::TensorIteratorBase &, const T1 &)::[lambda(int) (instance 1)]>(int, T3)",162,0.0,4096.0,0,0,0.0,4096.0,4096.0,0.0,384.0,0.0,24576.0,16384.0,3.488,1039.8080000000004,0.0,4096.0,0.0,0,0,0,0,0,0,0.0,0.0,0,0,0.0,768.0,512.0
"void native::elementwise_kernel<128, 2, void native::gpu_kernel_impl_nocast<native::neg_kernel_cuda(at::TensorIteratorBase &)::[lambda() (instance 2)]::operator ()() const::[lambda() (instance 7)]::operator ()() const::[lambda(float) (instance 1)]>(at::TensorIteratorBase &, const T1 &)::[lambda(int) (instance 1)]>(int, T3)",163,0.0,2048.0,0,0,0.0,2048.0,2048.0,0.0,128.0,0.0,8192.0,8192.0,3.584,1043.3920000000005,2048.0,0.0,0.0,0,0,0,0,0,0,0.0,0.0,0,0,0.0,256.0,256.0
"void native::<unnamed>::CatArrayBatchedCopy<native::<unnamed>::OpaqueType<4>, unsigned int, 4, 64, 64>(T1 *, native::<unnamed>::CatArrInputTensorMetadata<T1, T2, T4, T5>, native::<unnamed>::TensorSizeStride<T2, 4>, int, T2)",164,0.0,0.0,0,0,0.0,0.0,0.0,0.0,256.0,0.0,16384.0,16384.0,5.728,1049.1200000000006,0.0,0.0,0.0,0,0,0,0,0,0,0.0,0.0,0,0,0.0,512.0,512.0
"void native::elementwise_kernel<128, 2, void native::gpu_kernel_impl_nocast<native::BinaryFunctor<float, float, float, binary_internal::MulFunctor<float>>>(at::TensorIteratorBase &, const T1 &)::[lambda(int) (instance 1)]>(int, T3)",165,0.0,4096.0,0,0,0.0,4096.0,4096.0,0.0,384.0,0.0,24576.0,16384.0,3.52,1052.6400000000006,0.0,4096.0,0.0,0,0,0,0,0,0,0.0,0.0,0,0,0.0,768.0,512.0
"void native::vectorized_elementwise_kernel<4, native::CUDAFunctor_add<float>, std::array<char *, 3>>(int, T2, T3)",166,4096.0,8192.0,0,0,0.0,8192.0,8192.0,0.0,96.0,0.0,32768.0,16384.0,2.656,1055.2960000000005,0.0,0.0,4096.0,0,0,0,0,0,0,0.0,0.0,0,0,0.0,1024.0,512.0
"void native::elementwise_kernel<128, 2, void native::gpu_kernel_impl_nocast<native::BinaryFunctor<float, float, float, binary_internal::MulFunctor<float>>>(at::TensorIteratorBase &, const T1 &)::[lambda(int) (instance 1)]>(int, T3)",167,0.0,4096.0,0,0,0.0,4096.0,4096.0,0.0,384.0,0.0,24576.0,16384.0,3.648,1058.9440000000004,0.0,4096.0,0.0,0,0,0,0,0,0,0.0,0.0,0,0,0.0,768.0,512.0
"void native::elementwise_kernel<128, 2, void native::gpu_kernel_impl_nocast<native::neg_kernel_cuda(at::TensorIteratorBase &)::[lambda() (instance 2)]::operator ()() const::[lambda() (instance 7)]::operator ()() const::[lambda(float) (instance 1)]>(at::TensorIteratorBase &, const T1 &)::[lambda(int) (instance 1)]>(int, T3)",168,0.0,2048.0,0,0,0.0,2048.0,2048.0,0.0,128.0,0.0,8192.0,8192.0,3.424,1062.3680000000004,2048.0,0.0,0.0,0,0,0,0,0,0,0.0,0.0,0,0,0.0,256.0,256.0
"void native::<unnamed>::CatArrayBatchedCopy<native::<unnamed>::OpaqueType<4>, unsigned int, 4, 64, 64>(T1 *, native::<unnamed>::CatArrInputTensorMetadata<T1, T2, T4, T5>, native::<unnamed>::TensorSizeStride<T2, 4>, int, T2)",169,0.0,0.0,0,0,0.0,0.0,0.0,0.0,256.0,0.0,16384.0,16384.0,5.728,1068.0960000000005,0.0,0.0,0.0,0,0,0,0,0,0,0.0,0.0,0,0,0.0,512.0,512.0
"void native::elementwise_kernel<128, 2, void native::gpu_kernel_impl_nocast<native::BinaryFunctor<float, float, float, binary_internal::MulFunctor<float>>>(at::TensorIteratorBase &, const T1 &)::[lambda(int) (instance 1)]>(int, T3)",170,0.0,4096.0,0,0,0.0,4096.0,4096.0,0.0,384.0,0.0,24576.0,16384.0,3.456,1071.5520000000004,0.0,4096.0,0.0,0,0,0,0,0,0,0.0,0.0,0,0,0.0,768.0,512.0
"void native::vectorized_elementwise_kernel<4, native::CUDAFunctor_add<float>, std::array<char *, 3>>(int, T2, T3)",171,4096.0,8192.0,0,0,0.0,8192.0,8192.0,0.0,96.0,0.0,32768.0,16384.0,2.72,1074.2720000000004,0.0,0.0,4096.0,0,0,0,0,0,0,0.0,0.0,0,0,0.0,1024.0,512.0
"void native::<unnamed>::CatArrayBatchedCopy<native::<unnamed>::OpaqueType<4>, unsigned int, 4, 64, 64>(T1 *, native::<unnamed>::CatArrInputTensorMetadata<T1, T2, T4, T5>, native::<unnamed>::TensorSizeStride<T2, 4>, int, T2)",172,0.0,0.0,0,0,0.0,0.0,0.0,0.0,256.0,0.0,16384.0,16384.0,4.416,1078.6880000000003,0.0,0.0,0.0,0,0,0,0,0,0,0.0,0.0,0,0,0.0,512.0,512.0
"void native::<unnamed>::CatArrayBatchedCopy<native::<unnamed>::OpaqueType<4>, unsigned int, 4, 64, 64>(T1 *, native::<unnamed>::CatArrInputTensorMetadata<T1, T2, T4, T5>, native::<unnamed>::TensorSizeStride<T2, 4>, int, T2)",173,0.0,0.0,0,0,0.0,0.0,0.0,0.0,256.0,0.0,16384.0,16384.0,4.416,1083.1040000000003,0.0,0.0,0.0,0,0,0,0,0,0,0.0,0.0,0,0,0.0,512.0,512.0
"fmha_cutlassF_f32_aligned_64x128_rf_sm80(PyTorchMemEffAttention::AttentionKernel<float, cutlass::Sm80, 1, 64, 128, 128, 1, 1>::Params)",174,65536.0,5883904.0,0,0,0.0,5883904.0,5883904.0,33280.0,64.0,0.9980806142034548,49152.0,16384.0,32.096,1115.2000000000003,4960256.0,792576.0,65536.0,0,0,0,0,0,0,0.0,0.0,0,0,0.0,1536.0,512.0
ampere_sgemm_32x32_sliced1x4_tn,175,36700160.0,74547200.0,0,0,0.0,74547200.0,74547200.0,220160.0,40960.0,0.8431372549019608,4709408.0,81920.0,14.4,1129.6000000000004,491520.0,655360.0,36700160.0,0,0,0,0,0,0,0.0,0.0,0,0,0.0,147169.0,2560.0
"void cublasLt::splitKreduce_kernel<32, 16, int, float, float, float, float, 0, float, float, float, 1, 0, 0>(cublasLt::cublasSplitKParams<T6>, const T4 *, const T10 *, T9 *, T5 *, const T6 *, const T6 *, const T11 *, const T4 *, T11 *, void *, long, T6 *, int *, T6 *, T6 *, const T6 *, const T6 *, const T6 *, const T6 *, const T6 *)",176,0.0,24576.0,0,0,0.0,24576.0,24576.0,0.0,768.0,0.0,81920.0,16384.0,3.264,1132.8640000000003,20480.0,4096.0,0.0,0,0,0,0,0,0,0.0,0.0,0,0,0.0,2560.0,512.0
"void native::vectorized_elementwise_kernel<4, native::CUDAFunctor_add<float>, std::array<char *, 3>>(int, T2, T3)",177,4096.0,8192.0,0,0,0.0,8192.0,8192.0,0.0,96.0,0.0,32768.0,16384.0,2.752,1135.6160000000002,0.0,0.0,4096.0,0,0,0,0,0,0,0.0,0.0,0,0,0.0,1024.0,512.0
"void native::vectorized_elementwise_kernel<4, void native::<unnamed>::pow_tensor_scalar_kernel_impl<float, float>(at::TensorIteratorBase &, T2)::[lambda(float) (instance 1)], std::array<char *, 2>>(int, T2, T3)",178,0.0,4096.0,0,0,0.0,4096.0,4096.0,0.0,64.0,0.0,16384.0,16384.0,2.496,1138.1120000000003,0.0,4096.0,0.0,0,0,0,0,0,0,0.0,0.0,0,0,0.0,512.0,512.0
"void native::reduce_kernel<512, 1, native::ReduceOp<float, native::MeanOps<float, float, float, float>, unsigned int, float, 4, 4>>(T3)",179,0.0,8580.0,0,0,0.0,8580.0,8580.0,40.0,36.0,0.5263157894736842,16384.0,32.0,5.568,1143.6800000000003,8576.0,4.0,0.0,0,0,0,0,0,0,0.0,0.0,0,0,0.0,512.0,1.0
"void native::vectorized_elementwise_kernel<4, native::CUDAFunctorOnSelf_add<float>, std::array<char *, 2>>(int, T2, T3)",180,4.0,8.0,0,0,0.0,8.0,8.0,0.0,2.0,0.0,32.0,32.0,2.432,1146.1120000000003,0.0,0.0,4.0,0,0,0,0,0,0,0.0,0.0,0,0,0.0,1.0,1.0
"void native::vectorized_elementwise_kernel<4, native::rsqrt_kernel_cuda(at::TensorIteratorBase &)::[lambda() (instance 2)]::operator ()() const::[lambda() (instance 2)]::operator ()() const::[lambda(float) (instance 1)], std::array<char *, 2>>(int, T2, T3)",181,0.0,0.0,0,0,0.0,0.0,0.0,0.0,2.0,0.0,32.0,32.0,2.656,1148.7680000000003,0.0,0.0,0.0,0,0,0,0,0,0,0.0,0.0,0,0,0.0,1.0,1.0
"void native::elementwise_kernel<128, 2, void native::gpu_kernel_impl_nocast<native::BinaryFunctor<float, float, float, binary_internal::MulFunctor<float>>>(at::TensorIteratorBase &, const T1 &)::[lambda(int) (instance 1)]>(int, T3)",182,0.0,4096.0,0,0,0.0,4096.0,4096.0,0.0,384.0,0.0,16896.0,16384.0,3.456,1152.2240000000002,0.0,4096.0,0.0,0,0,0,0,0,0,0.0,0.0,0,0,0.0,528.0,512.0
"void native::elementwise_kernel<128, 2, void native::gpu_kernel_impl_nocast<native::BinaryFunctor<float, float, float, binary_internal::MulFunctor<float>>>(at::TensorIteratorBase &, const T1 &)::[lambda(int) (instance 1)]>(int, T3)",183,0.0,4096.0,0,0,0.0,4096.0,4096.0,0.0,384.0,0.0,32768.0,16384.0,3.52,1155.7440000000001,0.0,4096.0,0.0,0,0,0,0,0,0,0.0,0.0,0,0,0.0,1024.0,512.0
"void gemmSN_TN_kernel<float, 128, 16, 2, 4, 4, 4, 1, cublasGemvTensorStridedBatched<const float>, cublasGemvTensorStridedBatched<const float>, cublasGemvTensorStridedBatched<float>>(cublasGemmSmallNParams<T9, T10, T11, T1>)",184,16777216.0,36962304.0,0,0,0.0,36962304.0,36962304.0,247808.0,204800.0,0.5475113122171946,19413888.0,71040.0,26.944,1182.688,1310720.0,2097152.0,16777216.0,0,0,0,0,0,0,0.0,0.0,0,0,0.0,606684.0,2220.0
"void native::vectorized_elementwise_kernel<4, native::<unnamed>::silu_kernel(at::TensorIteratorBase &)::[lambda() (instance 1)]::operator ()() const::[lambda() (instance 2)]::operator ()() const::[lambda(float) (instance 1)], std::array<char *, 2>>(int, T2, T3)",185,188416.0,393216.0,0,0,0.0,393216.0,393216.0,0.0,256.0,0.0,65536.0,65536.0,3.104,1185.7920000000001,16384.0,0.0,188416.0,0,0,0,0,0,0,0.0,0.0,0,0,0.0,2048.0,2048.0
"void gemmSN_TN_kernel<float, 128, 16, 2, 4, 4, 4, 1, cublasGemvTensorStridedBatched<const float>, cublasGemvTensorStridedBatched<const float>, cublasGemvTensorStridedBatched<float>>(cublasGemmSmallNParams<T9, T10, T11, T1>)",186,16777216.0,36962304.0,0,0,0.0,36962304.0,36962304.0,247808.0,204800.0,0.5475113122171946,18885568.0,68864.0,28.256,1214.0480000000002,1310720.0,2097152.0,16777216.0,0,0,0,0,0,0,0.0,0.0,0,0,0.0,590174.0,2152.0
"void native::vectorized_elementwise_kernel<4, native::BinaryFunctor<float, float, float, binary_internal::MulFunctor<float>>, std::array<char *, 3>>(int, T2, T3)",187,0.0,16384.0,0,0,0.0,16384.0,16384.0,0.0,384.0,0.0,131072.0,65536.0,2.752,1216.8000000000002,0.0,16384.0,0.0,0,0,0,0,0,0,0.0,0.0,0,0,0.0,4096.0,2048.0
ampere_sgemm_64x32_sliced1x4_tn,188,134217728.0,270270464.0,0,0,0.0,270270464.0,270270464.0,651264.0,140288.0,0.8227684346701164,17825792.0,131072.0,34.624,1251.4240000000002,786432.0,1048576.0,134217728.0,0,0,0,0,0,0,0.0,0.0,0,0,0.0,557056.0,4096.0
"void cublasLt::splitKreduce_kernel<32, 16, int, float, float, float, float, 0, float, float, float, 1, 0, 0>(cublasLt::cublasSplitKParams<T6>, const T4 *, const T10 *, T9 *, T5 *, const T6 *, const T6 *, const T11 *, const T4 *, T11 *, void *, long, T6 *, int *, T6 *, T6 *, const T6 *, const T6 *, const T6 *, const T6 *, const T6 *)",189,0.0,36864.0,0,0,0.0,36864.0,36864.0,0.0,1152.0,0.0,131072.0,16384.0,3.008,1254.4320000000002,32768.0,4096.0,0.0,0,0,0,0,0,0,0.0,0.0,0,0,0.0,4096.0,512.0
"void native::vectorized_elementwise_kernel<4, native::CUDAFunctor_add<float>, std::array<char *, 3>>(int, T2, T3)",190,4096.0,8192.0,0,0,0.0,8192.0,8192.0,0.0,96.0,0.0,32768.0,16384.0,2.656,1257.0880000000002,0.0,0.0,4096.0,0,0,0,0,0,0,0.0,0.0,0,0,0.0,1024.0,512.0
"void native::vectorized_elementwise_kernel<4, void native::<unnamed>::pow_tensor_scalar_kernel_impl<float, float>(at::TensorIteratorBase &, T2)::[lambda(float) (instance 1)], std::array<char *, 2>>(int, T2, T3)",191,0.0,4096.0,0,0,0.0,4096.0,4096.0,0.0,64.0,0.0,16384.0,16384.0,2.56,1259.6480000000001,0.0,4096.0,0.0,0,0,0,0,0,0,0.0,0.0,0,0,0.0,512.0,512.0
"void native::reduce_kernel<512, 1, native::ReduceOp<float, native::MeanOps<float, float, float, float>, unsigned int, float, 4, 4>>(T3)",192,0.0,8580.0,0,0,0.0,8580.0,8580.0,40.0,36.0,0.5263157894736842,16384.0,32.0,5.632,1265.2800000000002,8576.0,4.0,0.0,0,0,0,0,0,0,0.0,0.0,0,0,0.0,512.0,1.0
"void native::vectorized_elementwise_kernel<4, native::CUDAFunctorOnSelf_add<float>, std::array<char *, 2>>(int, T2, T3)",193,4.0,8.0,0,0,0.0,8.0,8.0,0.0,2.0,0.0,32.0,32.0,2.56,1267.8400000000001,0.0,0.0,4.0,0,0,0,0,0,0,0.0,0.0,0,0,0.0,1.0,1.0
"void native::vectorized_elementwise_kernel<4, native::rsqrt_kernel_cuda(at::TensorIteratorBase &)::[lambda() (instance 2)]::operator ()() const::[lambda() (instance 2)]::operator ()() const::[lambda(float) (instance 1)], std::array<char *, 2>>(int, T2, T3)",194,0.0,0.0,0,0,0.0,0.0,0.0,0.0,2.0,0.0,32.0,32.0,2.56,1270.4,0.0,0.0,0.0,0,0,0,0,0,0,0.0,0.0,0,0,0.0,1.0,1.0
"void native::elementwise_kernel<128, 2, void native::gpu_kernel_impl_nocast<native::BinaryFunctor<float, float, float, binary_internal::MulFunctor<float>>>(at::TensorIteratorBase &, const T1 &)::[lambda(int) (instance 1)]>(int, T3)",195,0.0,4096.0,0,0,0.0,4096.0,4096.0,0.0,384.0,0.0,16896.0,16384.0,3.552,1273.952,0.0,4096.0,0.0,0,0,0,0,0,0,0.0,0.0,0,0,0.0,528.0,512.0
"void native::elementwise_kernel<128, 2, void native::gpu_kernel_impl_nocast<native::BinaryFunctor<float, float, float, binary_internal::MulFunctor<float>>>(at::TensorIteratorBase &, const T1 &)::[lambda(int) (instance 1)]>(int, T3)",196,0.0,4096.0,0,0,0.0,4096.0,4096.0,0.0,384.0,0.0,32768.0,16384.0,3.424,1277.376,0.0,4096.0,0.0,0,0,0,0,0,0,0.0,0.0,0,0,0.0,1024.0,512.0
ampere_sgemm_32x32_sliced1x4_tn,197,33554432.0,68026368.0,0,0,0.0,68026368.0,68026368.0,196608.0,37376.0,0.8402625820568927,4718592.0,65536.0,14.656,1292.032,393216.0,524288.0,33554432.0,0,0,0,0,0,0,0.0,0.0,0,0,0.0,147456.0,2048.0
"void cublasLt::splitKreduce_kernel<32, 16, int, float, float, float, float, 0, float, float, float, 1, 1, 0>(cublasLt::cublasSplitKParams<T6>, const T4 *, const T10 *, T9 *, T5 *, const T6 *, const T6 *, const T11 *, const T4 *, T11 *, void *, long, T6 *, int *, T6 *, T6 *, const T6 *, const T6 *, const T6 *, const T6 *, const T6 *)",198,0.0,24576.0,0,0,0.0,24576.0,24576.0,0.0,1408.0,0.0,69632.0,16384.0,3.136,1295.168,20480.0,4096.0,0.0,0,0,0,0,0,0,0.0,0.0,0,0,0.0,2176.0,512.0
ampere_sgemm_32x32_sliced1x4_tn,199,33554432.0,68026368.0,0,0,0.0,68026368.0,68026368.0,196608.0,37376.0,0.8402625820568927,4718592.0,65536.0,14.592,1309.76,393216.0,524288.0,33554432.0,0,0,0,0,0,0,0.0,0.0,0,0,0.0,147456.0,2048.0
"void cublasLt::splitKreduce_kernel<32, 16, int, float, float, float, float, 0, float, float, float, 1, 1, 0>(cublasLt::cublasSplitKParams<T6>, const T4 *, const T10 *, T9 *, T5 *, const T6 *, const T6 *, const T11 *, const T4 *, T11 *, void *, long, T6 *, int *, T6 *, T6 *, const T6 *, const T6 *, const T6 *, const T6 *, const T6 *)",200,0.0,24576.0,0,0,0.0,24576.0,24576.0,0.0,1408.0,0.0,69632.0,16384.0,3.168,1312.9279999999999,20480.0,4096.0,0.0,0,0,0,0,0,0,0.0,0.0,0,0,0.0,2176.0,512.0
ampere_sgemm_32x32_sliced1x4_tn,201,33554432.0,68026368.0,0,0,0.0,68026368.0,68026368.0,196608.0,37376.0,0.8402625820568927,4718592.0,65536.0,14.624,1327.552,393216.0,524288.0,33554432.0,0,0,0,0,0,0,0.0,0.0,0,0,0.0,147456.0,2048.0
"void cublasLt::splitKreduce_kernel<32, 16, int, float, float, float, float, 0, float, float, float, 1, 1, 0>(cublasLt::cublasSplitKParams<T6>, const T4 *, const T10 *, T9 *, T5 *, const T6 *, const T6 *, const T11 *, const T4 *, T11 *, void *, long, T6 *, int *, T6 *, T6 *, const T6 *, const T6 *, const T6 *, const T6 *, const T6 *)",202,0.0,24576.0,0,0,0.0,24576.0,24576.0,0.0,1408.0,0.0,69632.0,16384.0,3.168,1330.7199999999998,20480.0,4096.0,0.0,0,0,0,0,0,0,0.0,0.0,0,0,0.0,2176.0,512.0
"void native::elementwise_kernel<128, 2, void native::gpu_kernel_impl_nocast<native::BinaryFunctor<float, float, float, binary_internal::MulFunctor<float>>>(at::TensorIteratorBase &, const T1 &)::[lambda(int) (instance 1)]>(int, T3)",203,0.0,4096.0,0,0,0.0,4096.0,4096.0,0.0,384.0,0.0,24576.0,16384.0,3.456,1334.1759999999997,0.0,4096.0,0.0,0,0,0,0,0,0,0.0,0.0,0,0,0.0,768.0,512.0
"void native::elementwise_kernel<128, 2, void native::gpu_kernel_impl_nocast<native::neg_kernel_cuda(at::TensorIteratorBase &)::[lambda() (instance 2)]::operator ()() const::[lambda() (instance 7)]::operator ()() const::[lambda(float) (instance 1)]>(at::TensorIteratorBase &, const T1 &)::[lambda(int) (instance 1)]>(int, T3)",204,0.0,2048.0,0,0,0.0,2048.0,2048.0,0.0,128.0,0.0,8192.0,8192.0,3.456,1337.6319999999996,2048.0,0.0,0.0,0,0,0,0,0,0,0.0,0.0,0,0,0.0,256.0,256.0
"void native::<unnamed>::CatArrayBatchedCopy<native::<unnamed>::OpaqueType<4>, unsigned int, 4, 64, 64>(T1 *, native::<unnamed>::CatArrInputTensorMetadata<T1, T2, T4, T5>, native::<unnamed>::TensorSizeStride<T2, 4>, int, T2)",205,0.0,0.0,0,0,0.0,0.0,0.0,0.0,256.0,0.0,16384.0,16384.0,5.664,1343.2959999999996,0.0,0.0,0.0,0,0,0,0,0,0,0.0,0.0,0,0,0.0,512.0,512.0
"void native::elementwise_kernel<128, 2, void native::gpu_kernel_impl_nocast<native::BinaryFunctor<float, float, float, binary_internal::MulFunctor<float>>>(at::TensorIteratorBase &, const T1 &)::[lambda(int) (instance 1)]>(int, T3)",206,0.0,4096.0,0,0,0.0,4096.0,4096.0,0.0,384.0,0.0,24576.0,16384.0,3.488,1346.7839999999997,0.0,4096.0,0.0,0,0,0,0,0,0,0.0,0.0,0,0,0.0,768.0,512.0
"void native::vectorized_elementwise_kernel<4, native::CUDAFunctor_add<float>, std::array<char *, 3>>(int, T2, T3)",207,4096.0,8192.0,0,0,0.0,8192.0,8192.0,0.0,96.0,0.0,32768.0,16384.0,2.688,1349.4719999999998,0.0,0.0,4096.0,0,0,0,0,0,0,0.0,0.0,0,0,0.0,1024.0,512.0
"void native::elementwise_kernel<128, 2, void native::gpu_kernel_impl_nocast<native::BinaryFunctor<float, float, float, binary_internal::MulFunctor<float>>>(at::TensorIteratorBase &, const T1 &)::[lambda(int) (instance 1)]>(int, T3)",208,0.0,4096.0,0,0,0.0,4096.0,4096.0,0.0,384.0,0.0,24576.0,16384.0,3.52,1352.9919999999997,0.0,4096.0,0.0,0,0,0,0,0,0,0.0,0.0,0,0,0.0,768.0,512.0
"void native::elementwise_kernel<128, 2, void native::gpu_kernel_impl_nocast<native::neg_kernel_cuda(at::TensorIteratorBase &)::[lambda() (instance 2)]::operator ()() const::[lambda() (instance 7)]::operator ()() const::[lambda(float) (instance 1)]>(at::TensorIteratorBase &, const T1 &)::[lambda(int) (instance 1)]>(int, T3)",209,0.0,2048.0,0,0,0.0,2048.0,2048.0,0.0,128.0,0.0,8192.0,8192.0,3.488,1356.4799999999998,2048.0,0.0,0.0,0,0,0,0,0,0,0.0,0.0,0,0,0.0,256.0,256.0
"void native::<unnamed>::CatArrayBatchedCopy<native::<unnamed>::OpaqueType<4>, unsigned int, 4, 64, 64>(T1 *, native::<unnamed>::CatArrInputTensorMetadata<T1, T2, T4, T5>, native::<unnamed>::TensorSizeStride<T2, 4>, int, T2)",210,0.0,0.0,0,0,0.0,0.0,0.0,0.0,256.0,0.0,16384.0,16384.0,5.664,1362.1439999999998,0.0,0.0,0.0,0,0,0,0,0,0,0.0,0.0,0,0,0.0,512.0,512.0
"void native::elementwise_kernel<128, 2, void native::gpu_kernel_impl_nocast<native::BinaryFunctor<float, float, float, binary_internal::MulFunctor<float>>>(at::TensorIteratorBase &, const T1 &)::[lambda(int) (instance 1)]>(int, T3)",211,0.0,4096.0,0,0,0.0,4096.0,4096.0,0.0,384.0,0.0,24576.0,16384.0,3.552,1365.6959999999997,0.0,4096.0,0.0,0,0,0,0,0,0,0.0,0.0,0,0,0.0,768.0,512.0
"void native::vectorized_elementwise_kernel<4, native::CUDAFunctor_add<float>, std::array<char *, 3>>(int, T2, T3)",212,4096.0,8192.0,0,0,0.0,8192.0,8192.0,0.0,96.0,0.0,32768.0,16384.0,2.656,1368.3519999999996,0.0,0.0,4096.0,0,0,0,0,0,0,0.0,0.0,0,0,0.0,1024.0,512.0
"void native::<unnamed>::CatArrayBatchedCopy<native::<unnamed>::OpaqueType<4>, unsigned int, 4, 64, 64>(T1 *, native::<unnamed>::CatArrInputTensorMetadata<T1, T2, T4, T5>, native::<unnamed>::TensorSizeStride<T2, 4>, int, T2)",213,0.0,0.0,0,0,0.0,0.0,0.0,0.0,256.0,0.0,16384.0,16384.0,4.512,1372.8639999999996,0.0,0.0,0.0,0,0,0,0,0,0,0.0,0.0,0,0,0.0,512.0,512.0
"void native::<unnamed>::CatArrayBatchedCopy<native::<unnamed>::OpaqueType<4>, unsigned int, 4, 64, 64>(T1 *, native::<unnamed>::CatArrInputTensorMetadata<T1, T2, T4, T5>, native::<unnamed>::TensorSizeStride<T2, 4>, int, T2)",214,0.0,0.0,0,0,0.0,0.0,0.0,0.0,256.0,0.0,16384.0,16384.0,4.448,1377.3119999999997,0.0,0.0,0.0,0,0,0,0,0,0,0.0,0.0,0,0,0.0,512.0,512.0
"fmha_cutlassF_f32_aligned_64x128_rf_sm80(PyTorchMemEffAttention::AttentionKernel<float, cutlass::Sm80, 1, 64, 128, 128, 1, 1>::Params)",215,65536.0,5883904.0,0,0,0.0,5883904.0,5883904.0,33280.0,64.0,0.9980806142034548,49152.0,16384.0,31.904,1409.2159999999997,4960256.0,792576.0,65536.0,0,0,0,0,0,0,0.0,0.0,0,0,0.0,1536.0,512.0
ampere_sgemm_32x32_sliced1x4_tn,216,36700160.0,74547200.0,0,0,0.0,74547200.0,74547200.0,220160.0,40960.0,0.8431372549019608,4704832.0,81920.0,14.336,1423.5519999999997,491520.0,655360.0,36700160.0,0,0,0,0,0,0,0.0,0.0,0,0,0.0,147026.0,2560.0
"void cublasLt::splitKreduce_kernel<32, 16, int, float, float, float, float, 0, float, float, float, 1, 0, 0>(cublasLt::cublasSplitKParams<T6>, const T4 *, const T10 *, T9 *, T5 *, const T6 *, const T6 *, const T11 *, const T4 *, T11 *, void *, long, T6 *, int *, T6 *, T6 *, const T6 *, const T6 *, const T6 *, const T6 *, const T6 *)",217,0.0,24576.0,0,0,0.0,24576.0,24576.0,0.0,768.0,0.0,81920.0,16384.0,3.296,1426.8479999999997,20480.0,4096.0,0.0,0,0,0,0,0,0,0.0,0.0,0,0,0.0,2560.0,512.0
"void native::vectorized_elementwise_kernel<4, native::CUDAFunctor_add<float>, std::array<char *, 3>>(int, T2, T3)",218,4096.0,8192.0,0,0,0.0,8192.0,8192.0,0.0,96.0,0.0,32768.0,16384.0,2.688,1429.5359999999998,0.0,0.0,4096.0,0,0,0,0,0,0,0.0,0.0,0,0,0.0,1024.0,512.0
"void native::vectorized_elementwise_kernel<4, void native::<unnamed>::pow_tensor_scalar_kernel_impl<float, float>(at::TensorIteratorBase &, T2)::[lambda(float) (instance 1)], std::array<char *, 2>>(int, T2, T3)",219,0.0,4096.0,0,0,0.0,4096.0,4096.0,0.0,64.0,0.0,16384.0,16384.0,2.656,1432.1919999999998,0.0,4096.0,0.0,0,0,0,0,0,0,0.0,0.0,0,0,0.0,512.0,512.0
"void native::reduce_kernel<512, 1, native::ReduceOp<float, native::MeanOps<float, float, float, float>, unsigned int, float, 4, 4>>(T3)",220,0.0,8580.0,0,0,0.0,8580.0,8580.0,40.0,36.0,0.5263157894736842,16384.0,32.0,5.536,1437.7279999999998,8576.0,4.0,0.0,0,0,0,0,0,0,0.0,0.0,0,0,0.0,512.0,1.0
"void native::vectorized_elementwise_kernel<4, native::CUDAFunctorOnSelf_add<float>, std::array<char *, 2>>(int, T2, T3)",221,4.0,8.0,0,0,0.0,8.0,8.0,0.0,2.0,0.0,32.0,32.0,2.528,1440.2559999999999,0.0,0.0,4.0,0,0,0,0,0,0,0.0,0.0,0,0,0.0,1.0,1.0
"void native::vectorized_elementwise_kernel<4, native::rsqrt_kernel_cuda(at::TensorIteratorBase &)::[lambda() (instance 2)]::operator ()() const::[lambda() (instance 2)]::operator ()() const::[lambda(float) (instance 1)], std::array<char *, 2>>(int, T2, T3)",222,0.0,0.0,0,0,0.0,0.0,0.0,0.0,2.0,0.0,32.0,32.0,2.656,1442.9119999999998,0.0,0.0,0.0,0,0,0,0,0,0,0.0,0.0,0,0,0.0,1.0,1.0
"void native::elementwise_kernel<128, 2, void native::gpu_kernel_impl_nocast<native::BinaryFunctor<float, float, float, binary_internal::MulFunctor<float>>>(at::TensorIteratorBase &, const T1 &)::[lambda(int) (instance 1)]>(int, T3)",223,0.0,4096.0,0,0,0.0,4096.0,4096.0,0.0,384.0,0.0,16896.0,16384.0,3.456,1446.3679999999997,0.0,4096.0,0.0,0,0,0,0,0,0,0.0,0.0,0,0,0.0,528.0,512.0
"void native::elementwise_kernel<128, 2, void native::gpu_kernel_impl_nocast<native::BinaryFunctor<float, float, float, binary_internal::MulFunctor<float>>>(at::TensorIteratorBase &, const T1 &)::[lambda(int) (instance 1)]>(int, T3)",224,0.0,4096.0,0,0,0.0,4096.0,4096.0,0.0,384.0,0.0,32768.0,16384.0,3.424,1449.7919999999997,0.0,4096.0,0.0,0,0,0,0,0,0,0.0,0.0,0,0,0.0,1024.0,512.0
"void gemmSN_TN_kernel<float, 128, 16, 2, 4, 4, 4, 1, cublasGemvTensorStridedBatched<const float>, cublasGemvTensorStridedBatched<const float>, cublasGemvTensorStridedBatched<float>>(cublasGemmSmallNParams<T9, T10, T11, T1>)",225,16777216.0,36962304.0,0,0,0.0,36962304.0,36962304.0,247808.0,204800.0,0.5475113122171946,19333888.0,71648.0,27.648,1477.4399999999996,1310720.0,2097152.0,16777216.0,0,0,0,0,0,0,0.0,0.0,0,0,0.0,604184.0,2239.0
"void native::vectorized_elementwise_kernel<4, native::<unnamed>::silu_kernel(at::TensorIteratorBase &)::[lambda() (instance 1)]::operator ()() const::[lambda() (instance 2)]::operator ()() const::[lambda(float) (instance 1)], std::array<char *, 2>>(int, T2, T3)",226,188416.0,393216.0,0,0,0.0,393216.0,393216.0,0.0,256.0,0.0,65536.0,65536.0,3.072,1480.5119999999995,16384.0,0.0,188416.0,0,0,0,0,0,0,0.0,0.0,0,0,0.0,2048.0,2048.0
"void gemmSN_TN_kernel<float, 128, 16, 2, 4, 4, 4, 1, cublasGemvTensorStridedBatched<const float>, cublasGemvTensorStridedBatched<const float>, cublasGemvTensorStridedBatched<float>>(cublasGemmSmallNParams<T9, T10, T11, T1>)",227,16777216.0,36962304.0,0,0,0.0,36962304.0,36962304.0,247808.0,204800.0,0.5475113122171946,19300096.0,70048.0,26.912,1507.4239999999995,1310720.0,2097152.0,16777216.0,0,0,0,0,0,0,0.0,0.0,0,0,0.0,603128.0,2189.0
"void native::vectorized_elementwise_kernel<4, native::BinaryFunctor<float, float, float, binary_internal::MulFunctor<float>>, std::array<char *, 3>>(int, T2, T3)",228,0.0,16384.0,0,0,0.0,16384.0,16384.0,0.0,384.0,0.0,131072.0,65536.0,2.656,1510.0799999999995,0.0,16384.0,0.0,0,0,0,0,0,0,0.0,0.0,0,0,0.0,4096.0,2048.0
ampere_sgemm_64x32_sliced1x4_tn,229,134217728.0,270270464.0,0,0,0.0,270270464.0,270270464.0,651264.0,140288.0,0.8227684346701164,17825792.0,131072.0,35.072,1545.1519999999996,786432.0,1048576.0,134217728.0,0,0,0,0,0,0,0.0,0.0,0,0,0.0,557056.0,4096.0
"void cublasLt::splitKreduce_kernel<32, 16, int, float, float, float, float, 0, float, float, float, 1, 0, 0>(cublasLt::cublasSplitKParams<T6>, const T4 *, const T10 *, T9 *, T5 *, const T6 *, const T6 *, const T11 *, const T4 *, T11 *, void *, long, T6 *, int *, T6 *, T6 *, const T6 *, const T6 *, const T6 *, const T6 *, const T6 *)",230,0.0,36864.0,0,0,0.0,36864.0,36864.0,0.0,1152.0,0.0,131072.0,16384.0,2.976,1548.1279999999997,32768.0,4096.0,0.0,0,0,0,0,0,0,0.0,0.0,0,0,0.0,4096.0,512.0
"void native::vectorized_elementwise_kernel<4, native::CUDAFunctor_add<float>, std::array<char *, 3>>(int, T2, T3)",231,4096.0,8192.0,0,0,0.0,8192.0,8192.0,0.0,96.0,0.0,32768.0,16384.0,2.72,1550.8479999999997,0.0,0.0,4096.0,0,0,0,0,0,0,0.0,0.0,0,0,0.0,1024.0,512.0
"void native::vectorized_elementwise_kernel<4, void native::<unnamed>::pow_tensor_scalar_kernel_impl<float, float>(at::TensorIteratorBase &, T2)::[lambda(float) (instance 1)], std::array<char *, 2>>(int, T2, T3)",232,0.0,4096.0,0,0,0.0,4096.0,4096.0,0.0,64.0,0.0,16384.0,16384.0,2.56,1553.4079999999997,0.0,4096.0,0.0,0,0,0,0,0,0,0.0,0.0,0,0,0.0,512.0,512.0
"void native::reduce_kernel<512, 1, native::ReduceOp<float, native::MeanOps<float, float, float, float>, unsigned int, float, 4, 4>>(T3)",233,0.0,8580.0,0,0,0.0,8580.0,8580.0,40.0,36.0,0.5263157894736842,16384.0,32.0,5.568,1558.9759999999997,8576.0,4.0,0.0,0,0,0,0,0,0,0.0,0.0,0,0,0.0,512.0,1.0
"void native::vectorized_elementwise_kernel<4, native::CUDAFunctorOnSelf_add<float>, std::array<char *, 2>>(int, T2, T3)",234,4.0,8.0,0,0,0.0,8.0,8.0,0.0,2.0,0.0,32.0,32.0,2.496,1561.4719999999998,0.0,0.0,4.0,0,0,0,0,0,0,0.0,0.0,0,0,0.0,1.0,1.0
"void native::vectorized_elementwise_kernel<4, native::rsqrt_kernel_cuda(at::TensorIteratorBase &)::[lambda() (instance 2)]::operator ()() const::[lambda() (instance 2)]::operator ()() const::[lambda(float) (instance 1)], std::array<char *, 2>>(int, T2, T3)",235,0.0,0.0,0,0,0.0,0.0,0.0,0.0,2.0,0.0,32.0,32.0,2.592,1564.0639999999999,0.0,0.0,0.0,0,0,0,0,0,0,0.0,0.0,0,0,0.0,1.0,1.0
"void native::elementwise_kernel<128, 2, void native::gpu_kernel_impl_nocast<native::BinaryFunctor<float, float, float, binary_internal::MulFunctor<float>>>(at::TensorIteratorBase &, const T1 &)::[lambda(int) (instance 1)]>(int, T3)",236,0.0,4096.0,0,0,0.0,4096.0,4096.0,0.0,384.0,0.0,16896.0,16384.0,3.456,1567.5199999999998,0.0,4096.0,0.0,0,0,0,0,0,0,0.0,0.0,0,0,0.0,528.0,512.0
"void native::elementwise_kernel<128, 2, void native::gpu_kernel_impl_nocast<native::BinaryFunctor<float, float, float, binary_internal::MulFunctor<float>>>(at::TensorIteratorBase &, const T1 &)::[lambda(int) (instance 1)]>(int, T3)",237,0.0,4096.0,0,0,0.0,4096.0,4096.0,0.0,384.0,0.0,32768.0,16384.0,3.52,1571.0399999999997,0.0,4096.0,0.0,0,0,0,0,0,0,0.0,0.0,0,0,0.0,1024.0,512.0
ampere_sgemm_32x32_sliced1x4_tn,238,33554432.0,68026368.0,0,0,0.0,68026368.0,68026368.0,196608.0,37376.0,0.8402625820568927,4718592.0,65536.0,14.624,1585.6639999999998,393216.0,524288.0,33554432.0,0,0,0,0,0,0,0.0,0.0,0,0,0.0,147456.0,2048.0
"void cublasLt::splitKreduce_kernel<32, 16, int, float, float, float, float, 0, float, float, float, 1, 1, 0>(cublasLt::cublasSplitKParams<T6>, const T4 *, const T10 *, T9 *, T5 *, const T6 *, const T6 *, const T11 *, const T4 *, T11 *, void *, long, T6 *, int *, T6 *, T6 *, const T6 *, const T6 *, const T6 *, const T6 *, const T6 *)",239,0.0,24576.0,0,0,0.0,24576.0,24576.0,0.0,1408.0,0.0,69632.0,16384.0,3.136,1588.7999999999997,20480.0,4096.0,0.0,0,0,0,0,0,0,0.0,0.0,0,0,0.0,2176.0,512.0
ampere_sgemm_32x32_sliced1x4_tn,240,33554432.0,68026368.0,0,0,0.0,68026368.0,68026368.0,196608.0,37376.0,0.8402625820568927,4718592.0,65536.0,14.528,1603.3279999999997,393216.0,524288.0,33554432.0,0,0,0,0,0,0,0.0,0.0,0,0,0.0,147456.0,2048.0
"void cublasLt::splitKreduce_kernel<32, 16, int, float, float, float, float, 0, float, float, float, 1, 1, 0>(cublasLt::cublasSplitKParams<T6>, const T4 *, const T10 *, T9 *, T5 *, const T6 *, const T6 *, const T11 *, const T4 *, T11 *, void *, long, T6 *, int *, T6 *, T6 *, const T6 *, const T6 *, const T6 *, const T6 *, const T6 *)",241,0.0,24576.0,0,0,0.0,24576.0,24576.0,0.0,1408.0,0.0,69632.0,16384.0,3.136,1606.4639999999997,20480.0,4096.0,0.0,0,0,0,0,0,0,0.0,0.0,0,0,0.0,2176.0,512.0
ampere_sgemm_32x32_sliced1x4_tn,242,33554432.0,68026368.0,0,0,0.0,68026368.0,68026368.0,196608.0,37376.0,0.8402625820568927,4718592.0,65536.0,14.496,1620.9599999999998,393216.0,524288.0,33554432.0,0,0,0,0,0,0,0.0,0.0,0,0,0.0,147456.0,2048.0
"void cublasLt::splitKreduce_kernel<32, 16, int, float, float, float, float, 0, float, float, float, 1, 1, 0>(cublasLt::cublasSplitKParams<T6>, const T4 *, const T10 *, T9 *, T5 *, const T6 *, const T6 *, const T11 *, const T4 *, T11 *, void *, long, T6 *, int *, T6 *, T6 *, const T6 *, const T6 *, const T6 *, const T6 *, const T6 *)",243,0.0,24576.0,0,0,0.0,24576.0,24576.0,0.0,1408.0,0.0,69632.0,16384.0,3.136,1624.0959999999998,20480.0,4096.0,0.0,0,0,0,0,0,0,0.0,0.0,0,0,0.0,2176.0,512.0
"void native::elementwise_kernel<128, 2, void native::gpu_kernel_impl_nocast<native::BinaryFunctor<float, float, float, binary_internal::MulFunctor<float>>>(at::TensorIteratorBase &, const T1 &)::[lambda(int) (instance 1)]>(int, T3)",244,0.0,4096.0,0,0,0.0,4096.0,4096.0,0.0,384.0,0.0,24576.0,16384.0,3.52,1627.6159999999998,0.0,4096.0,0.0,0,0,0,0,0,0,0.0,0.0,0,0,0.0,768.0,512.0
"void native::elementwise_kernel<128, 2, void native::gpu_kernel_impl_nocast<native::neg_kernel_cuda(at::TensorIteratorBase &)::[lambda() (instance 2)]::operator ()() const::[lambda() (instance 7)]::operator ()() const::[lambda(float) (instance 1)]>(at::TensorIteratorBase &, const T1 &)::[lambda(int) (instance 1)]>(int, T3)",245,0.0,2048.0,0,0,0.0,2048.0,2048.0,0.0,128.0,0.0,8192.0,8192.0,3.488,1631.1039999999998,2048.0,0.0,0.0,0,0,0,0,0,0,0.0,0.0,0,0,0.0,256.0,256.0
"void native::<unnamed>::CatArrayBatchedCopy<native::<unnamed>::OpaqueType<4>, unsigned int, 4, 64, 64>(T1 *, native::<unnamed>::CatArrInputTensorMetadata<T1, T2, T4, T5>, native::<unnamed>::TensorSizeStride<T2, 4>, int, T2)",246,0.0,0.0,0,0,0.0,0.0,0.0,0.0,256.0,0.0,16384.0,16384.0,5.792,1636.8959999999997,0.0,0.0,0.0,0,0,0,0,0,0,0.0,0.0,0,0,0.0,512.0,512.0
"void native::elementwise_kernel<128, 2, void native::gpu_kernel_impl_nocast<native::BinaryFunctor<float, float, float, binary_internal::MulFunctor<float>>>(at::TensorIteratorBase &, const T1 &)::[lambda(int) (instance 1)]>(int, T3)",247,0.0,4096.0,0,0,0.0,4096.0,4096.0,0.0,384.0,0.0,24576.0,16384.0,3.552,1640.4479999999996,0.0,4096.0,0.0,0,0,0,0,0,0,0.0,0.0,0,0,0.0,768.0,512.0
"void native::vectorized_elementwise_kernel<4, native::CUDAFunctor_add<float>, std::array<char *, 3>>(int, T2, T3)",248,4096.0,8192.0,0,0,0.0,8192.0,8192.0,0.0,96.0,0.0,32768.0,16384.0,2.656,1643.1039999999996,0.0,0.0,4096.0,0,0,0,0,0,0,0.0,0.0,0,0,0.0,1024.0,512.0
"void native::elementwise_kernel<128, 2, void native::gpu_kernel_impl_nocast<native::BinaryFunctor<float, float, float, binary_internal::MulFunctor<float>>>(at::TensorIteratorBase &, const T1 &)::[lambda(int) (instance 1)]>(int, T3)",249,0.0,4096.0,0,0,0.0,4096.0,4096.0,0.0,384.0,0.0,24576.0,16384.0,3.456,1646.5599999999995,0.0,4096.0,0.0,0,0,0,0,0,0,0.0,0.0,0,0,0.0,768.0,512.0
"void native::elementwise_kernel<128, 2, void native::gpu_kernel_impl_nocast<native::neg_kernel_cuda(at::TensorIteratorBase &)::[lambda() (instance 2)]::operator ()() const::[lambda() (instance 7)]::operator ()() const::[lambda(float) (instance 1)]>(at::TensorIteratorBase &, const T1 &)::[lambda(int) (instance 1)]>(int, T3)",250,0.0,2048.0,0,0,0.0,2048.0,2048.0,0.0,128.0,0.0,8192.0,8192.0,3.456,1650.0159999999994,2048.0,0.0,0.0,0,0,0,0,0,0,0.0,0.0,0,0,0.0,256.0,256.0
"void native::<unnamed>::CatArrayBatchedCopy<native::<unnamed>::OpaqueType<4>, unsigned int, 4, 64, 64>(T1 *, native::<unnamed>::CatArrInputTensorMetadata<T1, T2, T4, T5>, native::<unnamed>::TensorSizeStride<T2, 4>, int, T2)",251,0.0,0.0,0,0,0.0,0.0,0.0,0.0,256.0,0.0,16384.0,16384.0,5.664,1655.6799999999994,0.0,0.0,0.0,0,0,0,0,0,0,0.0,0.0,0,0,0.0,512.0,512.0
"void native::elementwise_kernel<128, 2, void native::gpu_kernel_impl_nocast<native::BinaryFunctor<float, float, float, binary_internal::MulFunctor<float>>>(at::TensorIteratorBase &, const T1 &)::[lambda(int) (instance 1)]>(int, T3)",252,0.0,4096.0,0,0,0.0,4096.0,4096.0,0.0,384.0,0.0,24576.0,16384.0,3.488,1659.1679999999994,0.0,4096.0,0.0,0,0,0,0,0,0,0.0,0.0,0,0,0.0,768.0,512.0
"void native::vectorized_elementwise_kernel<4, native::CUDAFunctor_add<float>, std::array<char *, 3>>(int, T2, T3)",253,4096.0,8192.0,0,0,0.0,8192.0,8192.0,0.0,96.0,0.0,32768.0,16384.0,2.688,1661.8559999999995,0.0,0.0,4096.0,0,0,0,0,0,0,0.0,0.0,0,0,0.0,1024.0,512.0
"void native::<unnamed>::CatArrayBatchedCopy<native::<unnamed>::OpaqueType<4>, unsigned int, 4, 64, 64>(T1 *, native::<unnamed>::CatArrInputTensorMetadata<T1, T2, T4, T5>, native::<unnamed>::TensorSizeStride<T2, 4>, int, T2)",254,0.0,0.0,0,0,0.0,0.0,0.0,0.0,256.0,0.0,16384.0,16384.0,4.64,1666.4959999999996,0.0,0.0,0.0,0,0,0,0,0,0,0.0,0.0,0,0,0.0,512.0,512.0
"void native::<unnamed>::CatArrayBatchedCopy<native::<unnamed>::OpaqueType<4>, unsigned int, 4, 64, 64>(T1 *, native::<unnamed>::CatArrInputTensorMetadata<T1, T2, T4, T5>, native::<unnamed>::TensorSizeStride<T2, 4>, int, T2)",255,0.0,0.0,0,0,0.0,0.0,0.0,0.0,256.0,0.0,16384.0,16384.0,4.384,1670.8799999999997,0.0,0.0,0.0,0,0,0,0,0,0,0.0,0.0,0,0,0.0,512.0,512.0
"fmha_cutlassF_f32_aligned_64x128_rf_sm80(PyTorchMemEffAttention::AttentionKernel<float, cutlass::Sm80, 1, 64, 128, 128, 1, 1>::Params)",256,65536.0,5883904.0,0,0,0.0,5883904.0,5883904.0,33280.0,64.0,0.9980806142034548,49152.0,16384.0,32.032,1702.9119999999996,4960256.0,792576.0,65536.0,0,0,0,0,0,0,0.0,0.0,0,0,0.0,1536.0,512.0
ampere_sgemm_32x32_sliced1x4_tn,257,36700160.0,74547200.0,0,0,0.0,74547200.0,74547200.0,220160.0,40960.0,0.8431372549019608,4707872.0,81920.0,14.432,1717.3439999999996,491520.0,655360.0,36700160.0,0,0,0,0,0,0,0.0,0.0,0,0,0.0,147121.0,2560.0
"void cublasLt::splitKreduce_kernel<32, 16, int, float, float, float, float, 0, float, float, float, 1, 0, 0>(cublasLt::cublasSplitKParams<T6>, const T4 *, const T10 *, T9 *, T5 *, const T6 *, const T6 *, const T11 *, const T4 *, T11 *, void *, long, T6 *, int *, T6 *, T6 *, const T6 *, const T6 *, const T6 *, const T6 *, const T6 *)",258,0.0,24576.0,0,0,0.0,24576.0,24576.0,0.0,768.0,0.0,81920.0,16384.0,3.328,1720.6719999999996,20480.0,4096.0,0.0,0,0,0,0,0,0,0.0,0.0,0,0,0.0,2560.0,512.0
"void native::vectorized_elementwise_kernel<4, native::CUDAFunctor_add<float>, std::array<char *, 3>>(int, T2, T3)",259,4096.0,8192.0,0,0,0.0,8192.0,8192.0,0.0,96.0,0.0,32768.0,16384.0,2.72,1723.3919999999996,0.0,0.0,4096.0,0,0,0,0,0,0,0.0,0.0,0,0,0.0,1024.0,512.0
"void native::vectorized_elementwise_kernel<4, void native::<unnamed>::pow_tensor_scalar_kernel_impl<float, float>(at::TensorIteratorBase &, T2)::[lambda(float) (instance 1)], std::array<char *, 2>>(int, T2, T3)",260,0.0,4096.0,0,0,0.0,4096.0,4096.0,0.0,64.0,0.0,16384.0,16384.0,2.528,1725.9199999999996,0.0,4096.0,0.0,0,0,0,0,0,0,0.0,0.0,0,0,0.0,512.0,512.0
"void native::reduce_kernel<512, 1, native::ReduceOp<float, native::MeanOps<float, float, float, float>, unsigned int, float, 4, 4>>(T3)",261,0.0,8580.0,0,0,0.0,8580.0,8580.0,40.0,36.0,0.5263157894736842,16384.0,32.0,5.6,1731.5199999999995,8576.0,4.0,0.0,0,0,0,0,0,0,0.0,0.0,0,0,0.0,512.0,1.0
"void native::vectorized_elementwise_kernel<4, native::CUDAFunctorOnSelf_add<float>, std::array<char *, 2>>(int, T2, T3)",262,4.0,8.0,0,0,0.0,8.0,8.0,0.0,2.0,0.0,32.0,32.0,2.56,1734.0799999999995,0.0,0.0,4.0,0,0,0,0,0,0,0.0,0.0,0,0,0.0,1.0,1.0
"void native::vectorized_elementwise_kernel<4, native::rsqrt_kernel_cuda(at::TensorIteratorBase &)::[lambda() (instance 2)]::operator ()() const::[lambda() (instance 2)]::operator ()() const::[lambda(float) (instance 1)], std::array<char *, 2>>(int, T2, T3)",263,0.0,0.0,0,0,0.0,0.0,0.0,0.0,2.0,0.0,32.0,32.0,2.624,1736.7039999999995,0.0,0.0,0.0,0,0,0,0,0,0,0.0,0.0,0,0,0.0,1.0,1.0
"void native::elementwise_kernel<128, 2, void native::gpu_kernel_impl_nocast<native::BinaryFunctor<float, float, float, binary_internal::MulFunctor<float>>>(at::TensorIteratorBase &, const T1 &)::[lambda(int) (instance 1)]>(int, T3)",264,0.0,4096.0,0,0,0.0,4096.0,4096.0,0.0,384.0,0.0,16896.0,16384.0,3.456,1740.1599999999994,0.0,4096.0,0.0,0,0,0,0,0,0,0.0,0.0,0,0,0.0,528.0,512.0
"void native::elementwise_kernel<128, 2, void native::gpu_kernel_impl_nocast<native::BinaryFunctor<float, float, float, binary_internal::MulFunctor<float>>>(at::TensorIteratorBase &, const T1 &)::[lambda(int) (instance 1)]>(int, T3)",265,0.0,4096.0,0,0,0.0,4096.0,4096.0,0.0,384.0,0.0,32768.0,16384.0,3.456,1743.6159999999993,0.0,4096.0,0.0,0,0,0,0,0,0,0.0,0.0,0,0,0.0,1024.0,512.0
"void gemmSN_TN_kernel<float, 128, 16, 2, 4, 4, 4, 1, cublasGemvTensorStridedBatched<const float>, cublasGemvTensorStridedBatched<const float>, cublasGemvTensorStridedBatched<float>>(cublasGemmSmallNParams<T9, T10, T11, T1>)",266,16777216.0,36962304.0,0,0,0.0,36962304.0,36962304.0,247808.0,204800.0,0.5475113122171946,19139264.0,71008.0,27.136,1770.7519999999993,1310720.0,2097152.0,16777216.0,0,0,0,0,0,0,0.0,0.0,0,0,0.0,598102.0,2219.0
"void native::vectorized_elementwise_kernel<4, native::<unnamed>::silu_kernel(at::TensorIteratorBase &)::[lambda() (instance 1)]::operator ()() const::[lambda() (instance 2)]::operator ()() const::[lambda(float) (instance 1)], std::array<char *, 2>>(int, T2, T3)",267,188416.0,393216.0,0,0,0.0,393216.0,393216.0,0.0,256.0,0.0,65536.0,65536.0,3.008,1773.7599999999993,16384.0,0.0,188416.0,0,0,0,0,0,0,0.0,0.0,0,0,0.0,2048.0,2048.0
"void gemmSN_TN_kernel<float, 128, 16, 2, 4, 4, 4, 1, cublasGemvTensorStridedBatched<const float>, cublasGemvTensorStridedBatched<const float>, cublasGemvTensorStridedBatched<float>>(cublasGemmSmallNParams<T9, T10, T11, T1>)",268,16777216.0,36962304.0,0,0,0.0,36962304.0,36962304.0,247808.0,204800.0,0.5475113122171946,19468096.0,72608.0,27.328,1801.0879999999993,1310720.0,2097152.0,16777216.0,0,0,0,0,0,0,0.0,0.0,0,0,0.0,608378.0,2269.0
"void native::vectorized_elementwise_kernel<4, native::BinaryFunctor<float, float, float, binary_internal::MulFunctor<float>>, std::array<char *, 3>>(int, T2, T3)",269,0.0,16384.0,0,0,0.0,16384.0,16384.0,0.0,384.0,0.0,131072.0,65536.0,2.72,1803.8079999999993,0.0,16384.0,0.0,0,0,0,0,0,0,0.0,0.0,0,0,0.0,4096.0,2048.0
ampere_sgemm_64x32_sliced1x4_tn,270,134217728.0,270270464.0,0,0,0.0,270270464.0,270270464.0,651264.0,140288.0,0.8227684346701164,17825792.0,131072.0,34.656,1838.4639999999993,786432.0,1048576.0,134217728.0,0,0,0,0,0,0,0.0,0.0,0,0,0.0,557056.0,4096.0
"void cublasLt::splitKreduce_kernel<32, 16, int, float, float, float, float, 0, float, float, float, 1, 0, 0>(cublasLt::cublasSplitKParams<T6>, const T4 *, const T10 *, T9 *, T5 *, const T6 *, const T6 *, const T11 *, const T4 *, T11 *, void *, long, T6 *, int *, T6 *, T6 *, const T6 *, const T6 *, const T6 *, const T6 *, const T6 *)",271,0.0,36864.0,0,0,0.0,36864.0,36864.0,0.0,1152.0,0.0,131072.0,16384.0,3.104,1841.5679999999993,32768.0,4096.0,0.0,0,0,0,0,0,0,0.0,0.0,0,0,0.0,4096.0,512.0
"void native::vectorized_elementwise_kernel<4, native::CUDAFunctor_add<float>, std::array<char *, 3>>(int, T2, T3)",272,4096.0,8192.0,0,0,0.0,8192.0,8192.0,0.0,96.0,0.0,32768.0,16384.0,2.656,1844.2239999999993,0.0,0.0,4096.0,0,0,0,0,0,0,0.0,0.0,0,0,0.0,1024.0,512.0
"void native::vectorized_elementwise_kernel<4, void native::<unnamed>::pow_tensor_scalar_kernel_impl<float, float>(at::TensorIteratorBase &, T2)::[lambda(float) (instance 1)], std::array<char *, 2>>(int, T2, T3)",273,0.0,4096.0,0,0,0.0,4096.0,4096.0,0.0,64.0,0.0,16384.0,16384.0,2.56,1846.7839999999992,0.0,4096.0,0.0,0,0,0,0,0,0,0.0,0.0,0,0,0.0,512.0,512.0
"void native::reduce_kernel<512, 1, native::ReduceOp<float, native::MeanOps<float, float, float, float>, unsigned int, float, 4, 4>>(T3)",274,0.0,8580.0,0,0,0.0,8580.0,8580.0,40.0,36.0,0.5263157894736842,16384.0,32.0,5.536,1852.3199999999993,8576.0,4.0,0.0,0,0,0,0,0,0,0.0,0.0,0,0,0.0,512.0,1.0
"void native::vectorized_elementwise_kernel<4, native::CUDAFunctorOnSelf_add<float>, std::array<char *, 2>>(int, T2, T3)",275,4.0,8.0,0,0,0.0,8.0,8.0,0.0,2.0,0.0,32.0,32.0,2.496,1854.8159999999993,0.0,0.0,4.0,0,0,0,0,0,0,0.0,0.0,0,0,0.0,1.0,1.0
"void native::vectorized_elementwise_kernel<4, native::rsqrt_kernel_cuda(at::TensorIteratorBase &)::[lambda() (instance 2)]::operator ()() const::[lambda() (instance 2)]::operator ()() const::[lambda(float) (instance 1)], std::array<char *, 2>>(int, T2, T3)",276,0.0,0.0,0,0,0.0,0.0,0.0,0.0,2.0,0.0,32.0,32.0,2.592,1857.4079999999994,0.0,0.0,0.0,0,0,0,0,0,0,0.0,0.0,0,0,0.0,1.0,1.0
"void native::elementwise_kernel<128, 2, void native::gpu_kernel_impl_nocast<native::BinaryFunctor<float, float, float, binary_internal::MulFunctor<float>>>(at::TensorIteratorBase &, const T1 &)::[lambda(int) (instance 1)]>(int, T3)",277,0.0,4096.0,0,0,0.0,4096.0,4096.0,0.0,384.0,0.0,16896.0,16384.0,3.456,1860.8639999999994,0.0,4096.0,0.0,0,0,0,0,0,0,0.0,0.0,0,0,0.0,528.0,512.0
"void native::elementwise_kernel<128, 2, void native::gpu_kernel_impl_nocast<native::BinaryFunctor<float, float, float, binary_internal::MulFunctor<float>>>(at::TensorIteratorBase &, const T1 &)::[lambda(int) (instance 1)]>(int, T3)",278,0.0,4096.0,0,0,0.0,4096.0,4096.0,0.0,384.0,0.0,32768.0,16384.0,3.488,1864.3519999999994,0.0,4096.0,0.0,0,0,0,0,0,0,0.0,0.0,0,0,0.0,1024.0,512.0
ampere_sgemm_32x32_sliced1x4_tn,279,33554432.0,68026368.0,0,0,0.0,68026368.0,68026368.0,196608.0,37376.0,0.8402625820568927,4718592.0,65536.0,14.56,1878.9119999999994,393216.0,524288.0,33554432.0,0,0,0,0,0,0,0.0,0.0,0,0,0.0,147456.0,2048.0
"void cublasLt::splitKreduce_kernel<32, 16, int, float, float, float, float, 0, float, float, float, 1, 1, 0>(cublasLt::cublasSplitKParams<T6>, const T4 *, const T10 *, T9 *, T5 *, const T6 *, const T6 *, const T11 *, const T4 *, T11 *, void *, long, T6 *, int *, T6 *, T6 *, const T6 *, const T6 *, const T6 *, const T6 *, const T6 *)",280,0.0,24576.0,0,0,0.0,24576.0,24576.0,0.0,1408.0,0.0,69632.0,16384.0,3.136,1882.0479999999993,20480.0,4096.0,0.0,0,0,0,0,0,0,0.0,0.0,0,0,0.0,2176.0,512.0
ampere_sgemm_32x32_sliced1x4_tn,281,33554432.0,68026368.0,0,0,0.0,68026368.0,68026368.0,196608.0,37376.0,0.8402625820568927,4718592.0,65536.0,14.528,1896.5759999999993,393216.0,524288.0,33554432.0,0,0,0,0,0,0,0.0,0.0,0,0,0.0,147456.0,2048.0
"void cublasLt::splitKreduce_kernel<32, 16, int, float, float, float, float, 0, float, float, float, 1, 1, 0>(cublasLt::cublasSplitKParams<T6>, const T4 *, const T10 *, T9 *, T5 *, const T6 *, const T6 *, const T11 *, const T4 *, T11 *, void *, long, T6 *, int *, T6 *, T6 *, const T6 *, const T6 *, const T6 *, const T6 *, const T6 *)",282,0.0,24576.0,0,0,0.0,24576.0,24576.0,0.0,1408.0,0.0,69632.0,16384.0,3.136,1899.7119999999993,20480.0,4096.0,0.0,0,0,0,0,0,0,0.0,0.0,0,0,0.0,2176.0,512.0
ampere_sgemm_32x32_sliced1x4_tn,283,33554432.0,68026368.0,0,0,0.0,68026368.0,68026368.0,196608.0,37376.0,0.8402625820568927,4718592.0,65536.0,14.72,1914.4319999999993,393216.0,524288.0,33554432.0,0,0,0,0,0,0,0.0,0.0,0,0,0.0,147456.0,2048.0
"void cublasLt::splitKreduce_kernel<32, 16, int, float, float, float, float, 0, float, float, float, 1, 1, 0>(cublasLt::cublasSplitKParams<T6>, const T4 *, const T10 *, T9 *, T5 *, const T6 *, const T6 *, const T11 *, const T4 *, T11 *, void *, long, T6 *, int *, T6 *, T6 *, const T6 *, const T6 *, const T6 *, const T6 *, const T6 *)",284,0.0,24576.0,0,0,0.0,24576.0,24576.0,0.0,1408.0,0.0,69632.0,16384.0,3.104,1917.5359999999994,20480.0,4096.0,0.0,0,0,0,0,0,0,0.0,0.0,0,0,0.0,2176.0,512.0
"void native::elementwise_kernel<128, 2, void native::gpu_kernel_impl_nocast<native::BinaryFunctor<float, float, float, binary_internal::MulFunctor<float>>>(at::TensorIteratorBase &, const T1 &)::[lambda(int) (instance 1)]>(int, T3)",285,0.0,4096.0,0,0,0.0,4096.0,4096.0,0.0,384.0,0.0,24576.0,16384.0,3.52,1921.0559999999994,0.0,4096.0,0.0,0,0,0,0,0,0,0.0,0.0,0,0,0.0,768.0,512.0
"void native::elementwise_kernel<128, 2, void native::gpu_kernel_impl_nocast<native::neg_kernel_cuda(at::TensorIteratorBase &)::[lambda() (instance 2)]::operator ()() const::[lambda() (instance 7)]::operator ()() const::[lambda(float) (instance 1)]>(at::TensorIteratorBase &, const T1 &)::[lambda(int) (instance 1)]>(int, T3)",286,0.0,2048.0,0,0,0.0,2048.0,2048.0,0.0,128.0,0.0,8192.0,8192.0,3.52,1924.5759999999993,2048.0,0.0,0.0,0,0,0,0,0,0,0.0,0.0,0,0,0.0,256.0,256.0
"void native::<unnamed>::CatArrayBatchedCopy<native::<unnamed>::OpaqueType<4>, unsigned int, 4, 64, 64>(T1 *, native::<unnamed>::CatArrInputTensorMetadata<T1, T2, T4, T5>, native::<unnamed>::TensorSizeStride<T2, 4>, int, T2)",287,0.0,0.0,0,0,0.0,0.0,0.0,0.0,256.0,0.0,16384.0,16384.0,5.632,1930.2079999999994,0.0,0.0,0.0,0,0,0,0,0,0,0.0,0.0,0,0,0.0,512.0,512.0
"void native::elementwise_kernel<128, 2, void native::gpu_kernel_impl_nocast<native::BinaryFunctor<float, float, float, binary_internal::MulFunctor<float>>>(at::TensorIteratorBase &, const T1 &)::[lambda(int) (instance 1)]>(int, T3)",288,0.0,4096.0,0,0,0.0,4096.0,4096.0,0.0,384.0,0.0,24576.0,16384.0,3.424,1933.6319999999994,0.0,4096.0,0.0,0,0,0,0,0,0,0.0,0.0,0,0,0.0,768.0,512.0
"void native::vectorized_elementwise_kernel<4, native::CUDAFunctor_add<float>, std::array<char *, 3>>(int, T2, T3)",289,4096.0,8192.0,0,0,0.0,8192.0,8192.0,0.0,96.0,0.0,32768.0,16384.0,2.688,1936.3199999999995,0.0,0.0,4096.0,0,0,0,0,0,0,0.0,0.0,0,0,0.0,1024.0,512.0
"void native::elementwise_kernel<128, 2, void native::gpu_kernel_impl_nocast<native::BinaryFunctor<float, float, float, binary_internal::MulFunctor<float>>>(at::TensorIteratorBase &, const T1 &)::[lambda(int) (instance 1)]>(int, T3)",290,0.0,4096.0,0,0,0.0,4096.0,4096.0,0.0,384.0,0.0,24576.0,16384.0,3.552,1939.8719999999994,0.0,4096.0,0.0,0,0,0,0,0,0,0.0,0.0,0,0,0.0,768.0,512.0
"void native::elementwise_kernel<128, 2, void native::gpu_kernel_impl_nocast<native::neg_kernel_cuda(at::TensorIteratorBase &)::[lambda() (instance 2)]::operator ()() const::[lambda() (instance 7)]::operator ()() const::[lambda(float) (instance 1)]>(at::TensorIteratorBase &, const T1 &)::[lambda(int) (instance 1)]>(int, T3)",291,0.0,2048.0,0,0,0.0,2048.0,2048.0,0.0,128.0,0.0,8192.0,8192.0,3.424,1943.2959999999994,2048.0,0.0,0.0,0,0,0,0,0,0,0.0,0.0,0,0,0.0,256.0,256.0
"void native::<unnamed>::CatArrayBatchedCopy<native::<unnamed>::OpaqueType<4>, unsigned int, 4, 64, 64>(T1 *, native::<unnamed>::CatArrInputTensorMetadata<T1, T2, T4, T5>, native::<unnamed>::TensorSizeStride<T2, 4>, int, T2)",292,0.0,0.0,0,0,0.0,0.0,0.0,0.0,256.0,0.0,16384.0,16384.0,5.728,1949.0239999999994,0.0,0.0,0.0,0,0,0,0,0,0,0.0,0.0,0,0,0.0,512.0,512.0
"void native::elementwise_kernel<128, 2, void native::gpu_kernel_impl_nocast<native::BinaryFunctor<float, float, float, binary_internal::MulFunctor<float>>>(at::TensorIteratorBase &, const T1 &)::[lambda(int) (instance 1)]>(int, T3)",293,0.0,4096.0,0,0,0.0,4096.0,4096.0,0.0,384.0,0.0,24576.0,16384.0,3.488,1952.5119999999995,0.0,4096.0,0.0,0,0,0,0,0,0,0.0,0.0,0,0,0.0,768.0,512.0
"void native::vectorized_elementwise_kernel<4, native::CUDAFunctor_add<float>, std::array<char *, 3>>(int, T2, T3)",294,4096.0,8192.0,0,0,0.0,8192.0,8192.0,0.0,96.0,0.0,32768.0,16384.0,2.688,1955.1999999999996,0.0,0.0,4096.0,0,0,0,0,0,0,0.0,0.0,0,0,0.0,1024.0,512.0
"void native::<unnamed>::CatArrayBatchedCopy<native::<unnamed>::OpaqueType<4>, unsigned int, 4, 64, 64>(T1 *, native::<unnamed>::CatArrInputTensorMetadata<T1, T2, T4, T5>, native::<unnamed>::TensorSizeStride<T2, 4>, int, T2)",295,0.0,0.0,0,0,0.0,0.0,0.0,0.0,256.0,0.0,16384.0,16384.0,4.416,1959.6159999999995,0.0,0.0,0.0,0,0,0,0,0,0,0.0,0.0,0,0,0.0,512.0,512.0
"void native::<unnamed>::CatArrayBatchedCopy<native::<unnamed>::OpaqueType<4>, unsigned int, 4, 64, 64>(T1 *, native::<unnamed>::CatArrInputTensorMetadata<T1, T2, T4, T5>, native::<unnamed>::TensorSizeStride<T2, 4>, int, T2)",296,0.0,0.0,0,0,0.0,0.0,0.0,0.0,256.0,0.0,16384.0,16384.0,4.48,1964.0959999999995,0.0,0.0,0.0,0,0,0,0,0,0,0.0,0.0,0,0,0.0,512.0,512.0
"fmha_cutlassF_f32_aligned_64x128_rf_sm80(PyTorchMemEffAttention::AttentionKernel<float, cutlass::Sm80, 1, 64, 128, 128, 1, 1>::Params)",297,65536.0,5883904.0,0,0,0.0,5883904.0,5883904.0,33280.0,64.0,0.9980806142034548,49152.0,16384.0,31.84,1995.9359999999995,4960256.0,792576.0,65536.0,0,0,0,0,0,0,0.0,0.0,0,0,0.0,1536.0,512.0
ampere_sgemm_32x32_sliced1x4_tn,298,36700160.0,74547200.0,0,0,0.0,74547200.0,74547200.0,220160.0,40960.0,0.8431372549019608,4699456.0,81920.0,14.432,2010.3679999999995,491520.0,655360.0,36700160.0,0,0,0,0,0,0,0.0,0.0,0,0,0.0,146858.0,2560.0
"void cublasLt::splitKreduce_kernel<32, 16, int, float, float, float, float, 0, float, float, float, 1, 0, 0>(cublasLt::cublasSplitKParams<T6>, const T4 *, const T10 *, T9 *, T5 *, const T6 *, const T6 *, const T11 *, const T4 *, T11 *, void *, long, T6 *, int *, T6 *, T6 *, const T6 *, const T6 *, const T6 *, const T6 *, const T6 *)",299,0.0,24576.0,0,0,0.0,24576.0,24576.0,0.0,768.0,0.0,81920.0,16384.0,3.264,2013.6319999999994,20480.0,4096.0,0.0,0,0,0,0,0,0,0.0,0.0,0,0,0.0,2560.0,512.0
"void native::vectorized_elementwise_kernel<4, native::CUDAFunctor_add<float>, std::array<char *, 3>>(int, T2, T3)",300,4096.0,8192.0,0,0,0.0,8192.0,8192.0,0.0,96.0,0.0,32768.0,16384.0,2.656,2016.2879999999993,0.0,0.0,4096.0,0,0,0,0,0,0,0.0,0.0,0,0,0.0,1024.0,512.0
"void native::vectorized_elementwise_kernel<4, void native::<unnamed>::pow_tensor_scalar_kernel_impl<float, float>(at::TensorIteratorBase &, T2)::[lambda(float) (instance 1)], std::array<char *, 2>>(int, T2, T3)",301,0.0,4096.0,0,0,0.0,4096.0,4096.0,0.0,64.0,0.0,16384.0,16384.0,2.592,2018.8799999999994,0.0,4096.0,0.0,0,0,0,0,0,0,0.0,0.0,0,0,0.0,512.0,512.0
"void native::reduce_kernel<512, 1, native::ReduceOp<float, native::MeanOps<float, float, float, float>, unsigned int, float, 4, 4>>(T3)",302,0.0,8580.0,0,0,0.0,8580.0,8580.0,40.0,36.0,0.5263157894736842,16384.0,32.0,5.504,2024.3839999999993,8576.0,4.0,0.0,0,0,0,0,0,0,0.0,0.0,0,0,0.0,512.0,1.0
"void native::vectorized_elementwise_kernel<4, native::CUDAFunctorOnSelf_add<float>, std::array<char *, 2>>(int, T2, T3)",303,4.0,8.0,0,0,0.0,8.0,8.0,0.0,2.0,0.0,32.0,32.0,2.528,2026.9119999999994,0.0,0.0,4.0,0,0,0,0,0,0,0.0,0.0,0,0,0.0,1.0,1.0
"void native::vectorized_elementwise_kernel<4, native::rsqrt_kernel_cuda(at::TensorIteratorBase &)::[lambda() (instance 2)]::operator ()() const::[lambda() (instance 2)]::operator ()() const::[lambda(float) (instance 1)], std::array<char *, 2>>(int, T2, T3)",304,0.0,0.0,0,0,0.0,0.0,0.0,0.0,2.0,0.0,32.0,32.0,2.624,2029.5359999999994,0.0,0.0,0.0,0,0,0,0,0,0,0.0,0.0,0,0,0.0,1.0,1.0
"void native::elementwise_kernel<128, 2, void native::gpu_kernel_impl_nocast<native::BinaryFunctor<float, float, float, binary_internal::MulFunctor<float>>>(at::TensorIteratorBase &, const T1 &)::[lambda(int) (instance 1)]>(int, T3)",305,0.0,4096.0,0,0,0.0,4096.0,4096.0,0.0,384.0,0.0,16896.0,16384.0,3.456,2032.9919999999993,0.0,4096.0,0.0,0,0,0,0,0,0,0.0,0.0,0,0,0.0,528.0,512.0
"void native::elementwise_kernel<128, 2, void native::gpu_kernel_impl_nocast<native::BinaryFunctor<float, float, float, binary_internal::MulFunctor<float>>>(at::TensorIteratorBase &, const T1 &)::[lambda(int) (instance 1)]>(int, T3)",306,0.0,4096.0,0,0,0.0,4096.0,4096.0,0.0,384.0,0.0,32768.0,16384.0,3.52,2036.5119999999993,0.0,4096.0,0.0,0,0,0,0,0,0,0.0,0.0,0,0,0.0,1024.0,512.0
"void gemmSN_TN_kernel<float, 128, 16, 2, 4, 4, 4, 1, cublasGemvTensorStridedBatched<const float>, cublasGemvTensorStridedBatched<const float>, cublasGemvTensorStridedBatched<float>>(cublasGemmSmallNParams<T9, T10, T11, T1>)",307,16777216.0,36962304.0,0,0,0.0,36962304.0,36962304.0,247808.0,204800.0,0.5475113122171946,19176128.0,73664.0,27.616,2064.1279999999992,1310720.0,2097152.0,16777216.0,0,0,0,0,0,0,0.0,0.0,0,0,0.0,599254.0,2302.0
"void native::vectorized_elementwise_kernel<4, native::<unnamed>::silu_kernel(at::TensorIteratorBase &)::[lambda() (instance 1)]::operator ()() const::[lambda() (instance 2)]::operator ()() const::[lambda(float) (instance 1)], std::array<char *, 2>>(int, T2, T3)",308,188416.0,393216.0,0,0,0.0,393216.0,393216.0,0.0,256.0,0.0,65536.0,65536.0,3.008,2067.135999999999,16384.0,0.0,188416.0,0,0,0,0,0,0,0.0,0.0,0,0,0.0,2048.0,2048.0
"void gemmSN_TN_kernel<float, 128, 16, 2, 4, 4, 4, 1, cublasGemvTensorStridedBatched<const float>, cublasGemvTensorStridedBatched<const float>, cublasGemvTensorStridedBatched<float>>(cublasGemmSmallNParams<T9, T10, T11, T1>)",309,16777216.0,36962304.0,0,0,0.0,36962304.0,36962304.0,247808.0,204800.0,0.5475113122171946,19450368.0,72064.0,27.136,2094.271999999999,1310720.0,2097152.0,16777216.0,0,0,0,0,0,0,0.0,0.0,0,0,0.0,607824.0,2252.0
"void native::vectorized_elementwise_kernel<4, native::BinaryFunctor<float, float, float, binary_internal::MulFunctor<float>>, std::array<char *, 3>>(int, T2, T3)",310,0.0,16384.0,0,0,0.0,16384.0,16384.0,0.0,384.0,0.0,131072.0,65536.0,2.72,2096.991999999999,0.0,16384.0,0.0,0,0,0,0,0,0,0.0,0.0,0,0,0.0,4096.0,2048.0
ampere_sgemm_64x32_sliced1x4_tn,311,134217728.0,270270464.0,0,0,0.0,270270464.0,270270464.0,651264.0,140288.0,0.8227684346701164,17825792.0,131072.0,35.136,2132.127999999999,786432.0,1048576.0,134217728.0,0,0,0,0,0,0,0.0,0.0,0,0,0.0,557056.0,4096.0
"void cublasLt::splitKreduce_kernel<32, 16, int, float, float, float, float, 0, float, float, float, 1, 0, 0>(cublasLt::cublasSplitKParams<T6>, const T4 *, const T10 *, T9 *, T5 *, const T6 *, const T6 *, const T11 *, const T4 *, T11 *, void *, long, T6 *, int *, T6 *, T6 *, const T6 *, const T6 *, const T6 *, const T6 *, const T6 *)",312,0.0,36864.0,0,0,0.0,36864.0,36864.0,0.0,1152.0,0.0,131072.0,16384.0,2.976,2135.103999999999,32768.0,4096.0,0.0,0,0,0,0,0,0,0.0,0.0,0,0,0.0,4096.0,512.0
"void native::vectorized_elementwise_kernel<4, native::CUDAFunctor_add<float>, std::array<char *, 3>>(int, T2, T3)",313,4096.0,8192.0,0,0,0.0,8192.0,8192.0,0.0,96.0,0.0,32768.0,16384.0,2.688,2137.791999999999,0.0,0.0,4096.0,0,0,0,0,0,0,0.0,0.0,0,0,0.0,1024.0,512.0
"void native::vectorized_elementwise_kernel<4, void native::<unnamed>::pow_tensor_scalar_kernel_impl<float, float>(at::TensorIteratorBase &, T2)::[lambda(float) (instance 1)], std::array<char *, 2>>(int, T2, T3)",314,0.0,4096.0,0,0,0.0,4096.0,4096.0,0.0,64.0,0.0,16384.0,16384.0,2.56,2140.351999999999,0.0,4096.0,0.0,0,0,0,0,0,0,0.0,0.0,0,0,0.0,512.0,512.0
"void native::reduce_kernel<512, 1, native::ReduceOp<float, native::MeanOps<float, float, float, float>, unsigned int, float, 4, 4>>(T3)",315,0.0,8580.0,0,0,0.0,8580.0,8580.0,40.0,36.0,0.5263157894736842,16384.0,32.0,5.6,2145.951999999999,8576.0,4.0,0.0,0,0,0,0,0,0,0.0,0.0,0,0,0.0,512.0,1.0
"void native::vectorized_elementwise_kernel<4, native::CUDAFunctorOnSelf_add<float>, std::array<char *, 2>>(int, T2, T3)",316,4.0,8.0,0,0,0.0,8.0,8.0,0.0,2.0,0.0,32.0,32.0,2.496,2148.447999999999,0.0,0.0,4.0,0,0,0,0,0,0,0.0,0.0,0,0,0.0,1.0,1.0
"void native::vectorized_elementwise_kernel<4, native::rsqrt_kernel_cuda(at::TensorIteratorBase &)::[lambda() (instance 2)]::operator ()() const::[lambda() (instance 2)]::operator ()() const::[lambda(float) (instance 1)], std::array<char *, 2>>(int, T2, T3)",317,0.0,0.0,0,0,0.0,0.0,0.0,0.0,2.0,0.0,32.0,32.0,2.592,2151.039999999999,0.0,0.0,0.0,0,0,0,0,0,0,0.0,0.0,0,0,0.0,1.0,1.0
"void native::elementwise_kernel<128, 2, void native::gpu_kernel_impl_nocast<native::BinaryFunctor<float, float, float, binary_internal::MulFunctor<float>>>(at::TensorIteratorBase &, const T1 &)::[lambda(int) (instance 1)]>(int, T3)",318,0.0,4096.0,0,0,0.0,4096.0,4096.0,0.0,384.0,0.0,16896.0,16384.0,3.488,2154.527999999999,0.0,4096.0,0.0,0,0,0,0,0,0,0.0,0.0,0,0,0.0,528.0,512.0
"void native::elementwise_kernel<128, 2, void native::gpu_kernel_impl_nocast<native::BinaryFunctor<float, float, float, binary_internal::MulFunctor<float>>>(at::TensorIteratorBase &, const T1 &)::[lambda(int) (instance 1)]>(int, T3)",319,0.0,4096.0,0,0,0.0,4096.0,4096.0,0.0,384.0,0.0,32768.0,16384.0,3.584,2158.1119999999987,0.0,4096.0,0.0,0,0,0,0,0,0,0.0,0.0,0,0,0.0,1024.0,512.0
ampere_sgemm_32x32_sliced1x4_tn,320,33554432.0,68026368.0,0,0,0.0,68026368.0,68026368.0,196608.0,37376.0,0.8402625820568927,4718592.0,65536.0,14.688,2172.799999999999,393216.0,524288.0,33554432.0,0,0,0,0,0,0,0.0,0.0,0,0,0.0,147456.0,2048.0
"void cublasLt::splitKreduce_kernel<32, 16, int, float, float, float, float, 0, float, float, float, 1, 1, 0>(cublasLt::cublasSplitKParams<T6>, const T4 *, const T10 *, T9 *, T5 *, const T6 *, const T6 *, const T11 *, const T4 *, T11 *, void *, long, T6 *, int *, T6 *, T6 *, const T6 *, const T6 *, const T6 *, const T6 *, const T6 *)",321,0.0,24576.0,0,0,0.0,24576.0,24576.0,0.0,1408.0,0.0,69632.0,16384.0,3.296,2176.0959999999986,20480.0,4096.0,0.0,0,0,0,0,0,0,0.0,0.0,0,0,0.0,2176.0,512.0
ampere_sgemm_32x32_sliced1x4_tn,322,33554432.0,68026368.0,0,0,0.0,68026368.0,68026368.0,196608.0,37376.0,0.8402625820568927,4718592.0,65536.0,14.592,2190.6879999999987,393216.0,524288.0,33554432.0,0,0,0,0,0,0,0.0,0.0,0,0,0.0,147456.0,2048.0
"void cublasLt::splitKreduce_kernel<32, 16, int, float, float, float, float, 0, float, float, float, 1, 1, 0>(cublasLt::cublasSplitKParams<T6>, const T4 *, const T10 *, T9 *, T5 *, const T6 *, const T6 *, const T11 *, const T4 *, T11 *, void *, long, T6 *, int *, T6 *, T6 *, const T6 *, const T6 *, const T6 *, const T6 *, const T6 *)",323,0.0,24576.0,0,0,0.0,24576.0,24576.0,0.0,1408.0,0.0,69632.0,16384.0,3.104,2193.7919999999986,20480.0,4096.0,0.0,0,0,0,0,0,0,0.0,0.0,0,0,0.0,2176.0,512.0
ampere_sgemm_32x32_sliced1x4_tn,324,33554432.0,68026368.0,0,0,0.0,68026368.0,68026368.0,196608.0,37376.0,0.8402625820568927,4718592.0,65536.0,14.656,2208.4479999999985,393216.0,524288.0,33554432.0,0,0,0,0,0,0,0.0,0.0,0,0,0.0,147456.0,2048.0
"void cublasLt::splitKreduce_kernel<32, 16, int, float, float, float, float, 0, float, float, float, 1, 1, 0>(cublasLt::cublasSplitKParams<T6>, const T4 *, const T10 *, T9 *, T5 *, const T6 *, const T6 *, const T11 *, const T4 *, T11 *, void *, long, T6 *, int *, T6 *, T6 *, const T6 *, const T6 *, const T6 *, const T6 *, const T6 *)",325,0.0,24576.0,0,0,0.0,24576.0,24576.0,0.0,1408.0,0.0,69632.0,16384.0,3.136,2211.5839999999985,20480.0,4096.0,0.0,0,0,0,0,0,0,0.0,0.0,0,0,0.0,2176.0,512.0
"void native::elementwise_kernel<128, 2, void native::gpu_kernel_impl_nocast<native::BinaryFunctor<float, float, float, binary_internal::MulFunctor<float>>>(at::TensorIteratorBase &, const T1 &)::[lambda(int) (instance 1)]>(int, T3)",326,0.0,4096.0,0,0,0.0,4096.0,4096.0,0.0,384.0,0.0,24576.0,16384.0,3.52,2215.1039999999985,0.0,4096.0,0.0,0,0,0,0,0,0,0.0,0.0,0,0,0.0,768.0,512.0
"void native::elementwise_kernel<128, 2, void native::gpu_kernel_impl_nocast<native::neg_kernel_cuda(at::TensorIteratorBase &)::[lambda() (instance 2)]::operator ()() const::[lambda() (instance 7)]::operator ()() const::[lambda(float) (instance 1)]>(at::TensorIteratorBase &, const T1 &)::[lambda(int) (instance 1)]>(int, T3)",327,0.0,2048.0,0,0,0.0,2048.0,2048.0,0.0,128.0,0.0,8192.0,8192.0,3.456,2218.5599999999986,2048.0,0.0,0.0,0,0,0,0,0,0,0.0,0.0,0,0,0.0,256.0,256.0
"void native::<unnamed>::CatArrayBatchedCopy<native::<unnamed>::OpaqueType<4>, unsigned int, 4, 64, 64>(T1 *, native::<unnamed>::CatArrInputTensorMetadata<T1, T2, T4, T5>, native::<unnamed>::TensorSizeStride<T2, 4>, int, T2)",328,0.0,0.0,0,0,0.0,0.0,0.0,0.0,256.0,0.0,16384.0,16384.0,5.728,2224.2879999999986,0.0,0.0,0.0,0,0,0,0,0,0,0.0,0.0,0,0,0.0,512.0,512.0
"void native::elementwise_kernel<128, 2, void native::gpu_kernel_impl_nocast<native::BinaryFunctor<float, float, float, binary_internal::MulFunctor<float>>>(at::TensorIteratorBase &, const T1 &)::[lambda(int) (instance 1)]>(int, T3)",329,0.0,4096.0,0,0,0.0,4096.0,4096.0,0.0,384.0,0.0,24576.0,16384.0,3.616,2227.9039999999986,0.0,4096.0,0.0,0,0,0,0,0,0,0.0,0.0,0,0,0.0,768.0,512.0
"void native::vectorized_elementwise_kernel<4, native::CUDAFunctor_add<float>, std::array<char *, 3>>(int, T2, T3)",330,4096.0,8192.0,0,0,0.0,8192.0,8192.0,0.0,96.0,0.0,32768.0,16384.0,2.688,2230.5919999999987,0.0,0.0,4096.0,0,0,0,0,0,0,0.0,0.0,0,0,0.0,1024.0,512.0
"void native::elementwise_kernel<128, 2, void native::gpu_kernel_impl_nocast<native::BinaryFunctor<float, float, float, binary_internal::MulFunctor<float>>>(at::TensorIteratorBase &, const T1 &)::[lambda(int) (instance 1)]>(int, T3)",331,0.0,4096.0,0,0,0.0,4096.0,4096.0,0.0,384.0,0.0,24576.0,16384.0,3.488,2234.0799999999986,0.0,4096.0,0.0,0,0,0,0,0,0,0.0,0.0,0,0,0.0,768.0,512.0
"void native::elementwise_kernel<128, 2, void native::gpu_kernel_impl_nocast<native::neg_kernel_cuda(at::TensorIteratorBase &)::[lambda() (instance 2)]::operator ()() const::[lambda() (instance 7)]::operator ()() const::[lambda(float) (instance 1)]>(at::TensorIteratorBase &, const T1 &)::[lambda(int) (instance 1)]>(int, T3)",332,0.0,2048.0,0,0,0.0,2048.0,2048.0,0.0,128.0,0.0,8192.0,8192.0,3.456,2237.5359999999987,2048.0,0.0,0.0,0,0,0,0,0,0,0.0,0.0,0,0,0.0,256.0,256.0
"void native::<unnamed>::CatArrayBatchedCopy<native::<unnamed>::OpaqueType<4>, unsigned int, 4, 64, 64>(T1 *, native::<unnamed>::CatArrInputTensorMetadata<T1, T2, T4, T5>, native::<unnamed>::TensorSizeStride<T2, 4>, int, T2)",333,0.0,0.0,0,0,0.0,0.0,0.0,0.0,256.0,0.0,16384.0,16384.0,5.664,2243.199999999999,0.0,0.0,0.0,0,0,0,0,0,0,0.0,0.0,0,0,0.0,512.0,512.0
"void native::elementwise_kernel<128, 2, void native::gpu_kernel_impl_nocast<native::BinaryFunctor<float, float, float, binary_internal::MulFunctor<float>>>(at::TensorIteratorBase &, const T1 &)::[lambda(int) (instance 1)]>(int, T3)",334,0.0,4096.0,0,0,0.0,4096.0,4096.0,0.0,384.0,0.0,24576.0,16384.0,3.52,2246.719999999999,0.0,4096.0,0.0,0,0,0,0,0,0,0.0,0.0,0,0,0.0,768.0,512.0
"void native::vectorized_elementwise_kernel<4, native::CUDAFunctor_add<float>, std::array<char *, 3>>(int, T2, T3)",335,4096.0,8192.0,0,0,0.0,8192.0,8192.0,0.0,96.0,0.0,32768.0,16384.0,2.688,2249.407999999999,0.0,0.0,4096.0,0,0,0,0,0,0,0.0,0.0,0,0,0.0,1024.0,512.0
"void native::<unnamed>::CatArrayBatchedCopy<native::<unnamed>::OpaqueType<4>, unsigned int, 4, 64, 64>(T1 *, native::<unnamed>::CatArrInputTensorMetadata<T1, T2, T4, T5>, native::<unnamed>::TensorSizeStride<T2, 4>, int, T2)",336,0.0,0.0,0,0,0.0,0.0,0.0,0.0,256.0,0.0,16384.0,16384.0,4.416,2253.823999999999,0.0,0.0,0.0,0,0,0,0,0,0,0.0,0.0,0,0,0.0,512.0,512.0
"void native::<unnamed>::CatArrayBatchedCopy<native::<unnamed>::OpaqueType<4>, unsigned int, 4, 64, 64>(T1 *, native::<unnamed>::CatArrInputTensorMetadata<T1, T2, T4, T5>, native::<unnamed>::TensorSizeStride<T2, 4>, int, T2)",337,0.0,0.0,0,0,0.0,0.0,0.0,0.0,256.0,0.0,16384.0,16384.0,4.448,2258.271999999999,0.0,0.0,0.0,0,0,0,0,0,0,0.0,0.0,0,0,0.0,512.0,512.0
"fmha_cutlassF_f32_aligned_64x128_rf_sm80(PyTorchMemEffAttention::AttentionKernel<float, cutlass::Sm80, 1, 64, 128, 128, 1, 1>::Params)",338,65536.0,5883904.0,0,0,0.0,5883904.0,5883904.0,33280.0,64.0,0.9980806142034548,49152.0,16384.0,32.032,2290.303999999999,4960256.0,792576.0,65536.0,0,0,0,0,0,0,0.0,0.0,0,0,0.0,1536.0,512.0
ampere_sgemm_32x32_sliced1x4_tn,339,36700160.0,74547200.0,0,0,0.0,74547200.0,74547200.0,220160.0,40960.0,0.8431372549019608,4707552.0,81920.0,14.432,2304.735999999999,491520.0,655360.0,36700160.0,0,0,0,0,0,0,0.0,0.0,0,0,0.0,147111.0,2560.0
"void cublasLt::splitKreduce_kernel<32, 16, int, float, float, float, float, 0, float, float, float, 1, 0, 0>(cublasLt::cublasSplitKParams<T6>, const T4 *, const T10 *, T9 *, T5 *, const T6 *, const T6 *, const T11 *, const T4 *, T11 *, void *, long, T6 *, int *, T6 *, T6 *, const T6 *, const T6 *, const T6 *, const T6 *, const T6 *)",340,0.0,24576.0,0,0,0.0,24576.0,24576.0,0.0,768.0,0.0,81920.0,16384.0,3.264,2307.999999999999,20480.0,4096.0,0.0,0,0,0,0,0,0,0.0,0.0,0,0,0.0,2560.0,512.0
"void native::vectorized_elementwise_kernel<4, native::CUDAFunctor_add<float>, std::array<char *, 3>>(int, T2, T3)",341,4096.0,8192.0,0,0,0.0,8192.0,8192.0,0.0,96.0,0.0,32768.0,16384.0,2.688,2310.687999999999,0.0,0.0,4096.0,0,0,0,0,0,0,0.0,0.0,0,0,0.0,1024.0,512.0
"void native::vectorized_elementwise_kernel<4, void native::<unnamed>::pow_tensor_scalar_kernel_impl<float, float>(at::TensorIteratorBase &, T2)::[lambda(float) (instance 1)], std::array<char *, 2>>(int, T2, T3)",342,0.0,4096.0,0,0,0.0,4096.0,4096.0,0.0,64.0,0.0,16384.0,16384.0,2.592,2313.2799999999993,0.0,4096.0,0.0,0,0,0,0,0,0,0.0,0.0,0,0,0.0,512.0,512.0
"void native::reduce_kernel<512, 1, native::ReduceOp<float, native::MeanOps<float, float, float, float>, unsigned int, float, 4, 4>>(T3)",343,0.0,8580.0,0,0,0.0,8580.0,8580.0,40.0,36.0,0.5263157894736842,16384.0,32.0,5.568,2318.8479999999995,8576.0,4.0,0.0,0,0,0,0,0,0,0.0,0.0,0,0,0.0,512.0,1.0
"void native::vectorized_elementwise_kernel<4, native::CUDAFunctorOnSelf_add<float>, std::array<char *, 2>>(int, T2, T3)",344,4.0,8.0,0,0,0.0,8.0,8.0,0.0,2.0,0.0,32.0,32.0,2.496,2321.3439999999996,0.0,0.0,4.0,0,0,0,0,0,0,0.0,0.0,0,0,0.0,1.0,1.0
"void native::vectorized_elementwise_kernel<4, native::rsqrt_kernel_cuda(at::TensorIteratorBase &)::[lambda() (instance 2)]::operator ()() const::[lambda() (instance 2)]::operator ()() const::[lambda(float) (instance 1)], std::array<char *, 2>>(int, T2, T3)",345,0.0,0.0,0,0,0.0,0.0,0.0,0.0,2.0,0.0,32.0,32.0,2.624,2323.9679999999994,0.0,0.0,0.0,0,0,0,0,0,0,0.0,0.0,0,0,0.0,1.0,1.0
"void native::elementwise_kernel<128, 2, void native::gpu_kernel_impl_nocast<native::BinaryFunctor<float, float, float, binary_internal::MulFunctor<float>>>(at::TensorIteratorBase &, const T1 &)::[lambda(int) (instance 1)]>(int, T3)",346,0.0,4096.0,0,0,0.0,4096.0,4096.0,0.0,384.0,0.0,16896.0,16384.0,3.456,2327.4239999999995,0.0,4096.0,0.0,0,0,0,0,0,0,0.0,0.0,0,0,0.0,528.0,512.0
"void native::elementwise_kernel<128, 2, void native::gpu_kernel_impl_nocast<native::BinaryFunctor<float, float, float, binary_internal::MulFunctor<float>>>(at::TensorIteratorBase &, const T1 &)::[lambda(int) (instance 1)]>(int, T3)",347,0.0,4096.0,0,0,0.0,4096.0,4096.0,0.0,384.0,0.0,32768.0,16384.0,3.456,2330.8799999999997,0.0,4096.0,0.0,0,0,0,0,0,0,0.0,0.0,0,0,0.0,1024.0,512.0
"void gemmSN_TN_kernel<float, 128, 16, 2, 4, 4, 4, 1, cublasGemvTensorStridedBatched<const float>, cublasGemvTensorStridedBatched<const float>, cublasGemvTensorStridedBatched<float>>(cublasGemmSmallNParams<T9, T10, T11, T1>)",348,16777216.0,36962304.0,0,0,0.0,36962304.0,36962304.0,247808.0,204800.0,0.5475113122171946,19418496.0,70752.0,26.624,2357.5039999999995,1310720.0,2097152.0,16777216.0,0,0,0,0,0,0,0.0,0.0,0,0,0.0,606828.0,2211.0
"void native::vectorized_elementwise_kernel<4, native::<unnamed>::silu_kernel(at::TensorIteratorBase &)::[lambda() (instance 1)]::operator ()() const::[lambda() (instance 2)]::operator ()() const::[lambda(float) (instance 1)], std::array<char *, 2>>(int, T2, T3)",349,188416.0,393216.0,0,0,0.0,393216.0,393216.0,0.0,256.0,0.0,65536.0,65536.0,3.04,2360.5439999999994,16384.0,0.0,188416.0,0,0,0,0,0,0,0.0,0.0,0,0,0.0,2048.0,2048.0
"void gemmSN_TN_kernel<float, 128, 16, 2, 4, 4, 4, 1, cublasGemvTensorStridedBatched<const float>, cublasGemvTensorStridedBatched<const float>, cublasGemvTensorStridedBatched<float>>(cublasGemmSmallNParams<T9, T10, T11, T1>)",350,16777216.0,36962304.0,0,0,0.0,36962304.0,36962304.0,247808.0,204800.0,0.5475113122171946,19399488.0,74016.0,26.496,2387.0399999999995,1310720.0,2097152.0,16777216.0,0,0,0,0,0,0,0.0,0.0,0,0,0.0,606234.0,2313.0
"void native::vectorized_elementwise_kernel<4, native::BinaryFunctor<float, float, float, binary_internal::MulFunctor<float>>, std::array<char *, 3>>(int, T2, T3)",351,0.0,16384.0,0,0,0.0,16384.0,16384.0,0.0,384.0,0.0,131072.0,65536.0,2.752,2389.7919999999995,0.0,16384.0,0.0,0,0,0,0,0,0,0.0,0.0,0,0,0.0,4096.0,2048.0
ampere_sgemm_64x32_sliced1x4_tn,352,134217728.0,270270464.0,0,0,0.0,270270464.0,270270464.0,651264.0,140288.0,0.8227684346701164,17825792.0,131072.0,34.592,2424.3839999999996,786432.0,1048576.0,134217728.0,0,0,0,0,0,0,0.0,0.0,0,0,0.0,557056.0,4096.0
"void cublasLt::splitKreduce_kernel<32, 16, int, float, float, float, float, 0, float, float, float, 1, 0, 0>(cublasLt::cublasSplitKParams<T6>, const T4 *, const T10 *, T9 *, T5 *, const T6 *, const T6 *, const T11 *, const T4 *, T11 *, void *, long, T6 *, int *, T6 *, T6 *, const T6 *, const T6 *, const T6 *, const T6 *, const T6 *)",353,0.0,36864.0,0,0,0.0,36864.0,36864.0,0.0,1152.0,0.0,131072.0,16384.0,2.944,2427.3279999999995,32768.0,4096.0,0.0,0,0,0,0,0,0,0.0,0.0,0,0,0.0,4096.0,512.0
"void native::vectorized_elementwise_kernel<4, native::CUDAFunctor_add<float>, std::array<char *, 3>>(int, T2, T3)",354,4096.0,8192.0,0,0,0.0,8192.0,8192.0,0.0,96.0,0.0,32768.0,16384.0,2.688,2430.0159999999996,0.0,0.0,4096.0,0,0,0,0,0,0,0.0,0.0,0,0,0.0,1024.0,512.0
"void native::vectorized_elementwise_kernel<4, void native::<unnamed>::pow_tensor_scalar_kernel_impl<float, float>(at::TensorIteratorBase &, T2)::[lambda(float) (instance 1)], std::array<char *, 2>>(int, T2, T3)",355,0.0,4096.0,0,0,0.0,4096.0,4096.0,0.0,64.0,0.0,16384.0,16384.0,2.592,2432.6079999999997,0.0,4096.0,0.0,0,0,0,0,0,0,0.0,0.0,0,0,0.0,512.0,512.0
"void native::reduce_kernel<512, 1, native::ReduceOp<float, native::MeanOps<float, float, float, float>, unsigned int, float, 4, 4>>(T3)",356,0.0,8580.0,0,0,0.0,8580.0,8580.0,40.0,36.0,0.5263157894736842,16384.0,32.0,5.504,2438.1119999999996,8576.0,4.0,0.0,0,0,0,0,0,0,0.0,0.0,0,0,0.0,512.0,1.0
"void native::vectorized_elementwise_kernel<4, native::CUDAFunctorOnSelf_add<float>, std::array<char *, 2>>(int, T2, T3)",357,4.0,8.0,0,0,0.0,8.0,8.0,0.0,2.0,0.0,32.0,32.0,2.496,2440.6079999999997,0.0,0.0,4.0,0,0,0,0,0,0,0.0,0.0,0,0,0.0,1.0,1.0
"void native::vectorized_elementwise_kernel<4, native::rsqrt_kernel_cuda(at::TensorIteratorBase &)::[lambda() (instance 2)]::operator ()() const::[lambda() (instance 2)]::operator ()() const::[lambda(float) (instance 1)], std::array<char *, 2>>(int, T2, T3)",358,0.0,0.0,0,0,0.0,0.0,0.0,0.0,2.0,0.0,32.0,32.0,2.624,2443.2319999999995,0.0,0.0,0.0,0,0,0,0,0,0,0.0,0.0,0,0,0.0,1.0,1.0
"void native::elementwise_kernel<128, 2, void native::gpu_kernel_impl_nocast<native::BinaryFunctor<float, float, float, binary_internal::MulFunctor<float>>>(at::TensorIteratorBase &, const T1 &)::[lambda(int) (instance 1)]>(int, T3)",359,0.0,4096.0,0,0,0.0,4096.0,4096.0,0.0,384.0,0.0,16896.0,16384.0,3.456,2446.6879999999996,0.0,4096.0,0.0,0,0,0,0,0,0,0.0,0.0,0,0,0.0,528.0,512.0
"void native::elementwise_kernel<128, 2, void native::gpu_kernel_impl_nocast<native::BinaryFunctor<float, float, float, binary_internal::MulFunctor<float>>>(at::TensorIteratorBase &, const T1 &)::[lambda(int) (instance 1)]>(int, T3)",360,0.0,4096.0,0,0,0.0,4096.0,4096.0,0.0,384.0,0.0,32768.0,16384.0,3.52,2450.2079999999996,0.0,4096.0,0.0,0,0,0,0,0,0,0.0,0.0,0,0,0.0,1024.0,512.0
"void gemmSN_TN_kernel<float, 128, 16, 2, 4, 4, 4, 1, cublasGemvTensorStridedBatched<const float>, cublasGemvTensorStridedBatched<const float>, cublasGemvTensorStridedBatched<float>>(cublasGemmSmallNParams<T9, T10, T11, T1>)",361,622329856.0,1371070464.0,0,0,0.0,1371070464.0,1371070464.0,9192128.0,7596800.0,0.5475113122171946,889683008.0,5092416.0,719.616,3169.8239999999996,48619520.0,77791232.0,622329856.0,0,0,0,0,0,0,0.0,0.0,0,0,0.0,27802594.0,159138.0
"void native::vectorized_elementwise_kernel<2, native::FillFunctor<long>, std::array<char *, 1>>(int, T2, T3)",362,0.0,0.0,0,0,0.0,0.0,0.0,0.0,1.0,0.0,0.0,32.0,2.208,3172.0319999999997,0.0,0.0,0.0,0,0,0,0,0,0,0.0,0.0,0,0,0.0,0.0,1.0
"void native::<unnamed>::CatArrayBatchedCopy_aligned16_contig<native::<unnamed>::OpaqueType<8>, unsigned int, 2, 128, 1>(T1 *, native::<unnamed>::CatArrInputTensorMetadata<T1, T2, T4, T5>, native::<unnamed>::TensorSizeStride<T2, 4>, int, T2)",363,0.0,0.0,0,0,0.0,0.0,0.0,0.0,6.0,0.0,64.0,128.0,3.36,3175.392,0.0,0.0,0.0,0,0,0,0,0,0,0.0,0.0,0,0,0.0,2.0,4.0
"void native::vectorized_elementwise_kernel<2, native::CUDAFunctorOnSelf_add<long>, std::array<char *, 2>>(int, T2, T3)",364,0.0,0.0,0,0,0.0,0.0,0.0,0.0,2.0,0.0,32.0,32.0,2.592,3177.984,0.0,0.0,0.0,0,0,0,0,0,0,0.0,0.0,0,0,0.0,1.0,1.0
"void native::vectorized_elementwise_kernel<4, native::BUnaryFunctor<float, float, float, binary_internal::MulFunctor<float>>, std::array<char *, 2>>(int, T2, T3)",365,0.0,607744.0,0,0,0.0,607744.0,607744.0,0.0,9520.0,0.0,2430976.0,2430976.0,5.568,3183.552,0.0,607744.0,0.0,0,0,0,0,0,0,0.0,0.0,0,0,0.0,75968.0,75968.0
"void mbtopk::fill<unsigned int, unsigned int>(T1 *, T1, T2)",366,0.0,0.0,0,0,0.0,0.0,0.0,0.0,1.0,0.0,0.0,32.0,2.144,3185.696,0.0,0.0,0.0,0,0,0,0,0,0,0.0,0.0,0,0,0.0,0.0,1.0
"void mbtopk::radixFindKthValues<float, unsigned int, unsigned int, 2>(cuda::TensorInfo<const T1, T2>, unsigned int, unsigned int *, unsigned int, T2, int, int, unsigned int, T3, T3 *, short *)",367,0.0,0.0,0,0,0.0,0.0,0.0,7616.0,26608.0,0.22253389434315102,2433600.0,143168.0,6.944,3192.64,0.0,0.0,0.0,0,0,0,0,0,0,0.0,0.0,0,0,0.0,76050.0,4474.0
"void mbtopk::computeBlockwiseWithinKCounts<unsigned int, float>(T1 *, short *, unsigned int *, unsigned int, int, bool, unsigned int *, T2 *, unsigned int *, T1 *, unsigned int)",368,0.0,0.0,0,0,0.0,0.0,0.0,35224.0,459348.0,0.07122117709858221,16929536.0,576.0,16.672,3209.312,0.0,0.0,0.0,0,0,0,0,0,0,0.0,0.0,0,0,0.0,529048.0,18.0
"void mbtopk::radixFindKthValues<float, unsigned int, unsigned int, 2>(cuda::TensorInfo<const T1, T2>, unsigned int, unsigned int *, unsigned int, T2, int, int, unsigned int, T3, T3 *, short *)",369,0.0,0.0,0,0,0.0,0.0,0.0,7616.0,26608.0,0.22253389434315102,2433600.0,143232.0,6.784,3216.096,0.0,0.0,0.0,0,0,0,0,0,0,0.0,0.0,0,0,0.0,76050.0,4476.0
"void mbtopk::computeBlockwiseWithinKCounts<unsigned int, float>(T1 *, short *, unsigned int *, unsigned int, int, bool, unsigned int *, T2 *, unsigned int *, T1 *, unsigned int)",370,0.0,0.0,0,0,0.0,0.0,0.0,35224.0,461728.0,0.07088008499814871,16989184.0,480.0,17.024,3233.12,0.0,0.0,0.0,0,0,0,0,0,0,0.0,0.0,0,0,0.0,530912.0,15.0
"void mbtopk::radixFindKthValues<float, unsigned int, unsigned int, 2>(cuda::TensorInfo<const T1, T2>, unsigned int, unsigned int *, unsigned int, T2, int, int, unsigned int, T3, T3 *, short *)",371,0.0,0.0,0,0,0.0,0.0,0.0,7616.0,26608.0,0.22253389434315102,2433600.0,141824.0,6.784,3239.904,0.0,0.0,0.0,0,0,0,0,0,0,0.0,0.0,0,0,0.0,76050.0,4432.0
"void mbtopk::computeBlockwiseWithinKCounts<unsigned int, float>(T1 *, short *, unsigned int *, unsigned int, int, bool, unsigned int *, T2 *, unsigned int *, T1 *, unsigned int)",372,0.0,0.0,0,0,0.0,0.0,0.0,35224.0,459348.0,0.07122117709858221,16930336.0,384.0,16.736,3256.64,0.0,0.0,0.0,0,0,0,0,0,0,0.0,0.0,0,0,0.0,529073.0,12.0
"void mbtopk::radixFindKthValues<float, unsigned int, unsigned int, 2>(cuda::TensorInfo<const T1, T2>, unsigned int, unsigned int *, unsigned int, T2, int, int, unsigned int, T3, T3 *, short *)",373,0.0,0.0,0,0,0.0,0.0,0.0,7616.0,26608.0,0.22253389434315102,2433600.0,142336.0,6.656,3263.296,0.0,0.0,0.0,0,0,0,0,0,0,0.0,0.0,0,0,0.0,76050.0,4448.0
"void mbtopk::computeBlockwiseWithinKCounts<unsigned int, float>(T1 *, short *, unsigned int *, unsigned int, int, bool, unsigned int *, T2 *, unsigned int *, T1 *, unsigned int)",374,0.0,0.0,0,0,0.0,0.0,0.0,35224.0,460300.0,0.07108434707501554,16958016.0,480.0,16.608,3279.904,0.0,0.0,0.0,0,0,0,0,0,0,0.0,0.0,0,0,0.0,529938.0,15.0
"void mbtopk::computeBlockwiseKthCounts<unsigned int>(T1 *, short *, unsigned int, unsigned int, unsigned int *)",375,0.0,0.0,0,0,0.0,0.0,0.0,0.0,45.0,0.0,15264.0,1920.0,3.808,3283.712,0.0,0.0,0.0,0,0,0,0,0,0,0.0,0.0,0,0,0.0,477.0,60.0
"void at_cuda_detail::DeviceScanByKeyInitKernel<at_cuda_detail::ReduceByKeyScanTileState<unsigned int, int, 1>, at_cuda_detail::TransformInputIterator<unsigned int, mbtopk::BlockIdxToKey, at_cuda_detail::CountingInputIterator<unsigned int, unsigned int>, long>>(T1, T2, std::iterator_traits<T2>::value_type *, unsigned int, int)",376,0.0,0.0,0,0,0.0,0.0,0.0,0.0,2.0,0.0,0.0,544.0,2.08,3285.792,0.0,0.0,0.0,0,0,0,0,0,0,0.0,0.0,0,0,0.0,0.0,17.0
"void at_cuda_detail::DeviceScanByKeyKernel<at_cuda_detail::DeviceScanByKeyPolicy<at_cuda_detail::TransformInputIterator<unsigned int, mbtopk::BlockIdxToKey, at_cuda_detail::CountingInputIterator<unsigned int, unsigned int>, long>, unsigned int, unsigned int, __4::plus<void>>::Policy900, at_cuda_detail::TransformInputIterator<unsigned int, mbtopk::BlockIdxToKey, at_cuda_detail::CountingInputIterator<unsigned int, unsigned int>, long>, unsigned int *, unsigned int *, at_cuda_detail::ReduceByKeyScanTileState<unsigned int, int, 1>, __4::equal_to<void>, __4::plus<void>, at_cuda_detail::NullType, int, unsigned int, unsigned int>(T2, T11 *, T3, T4, T5, int, T6, T7, T8, T9)",377,0.0,0.0,0,0,0.0,0.0,0.0,497.0,38.0,0.9289719626168225,1920.0,0.0,5.312,3291.104,0.0,0.0,0.0,0,0,0,0,0,0,0.0,0.0,0,0,0.0,60.0,0.0
"void at_cuda_detail::DeviceScanByKeyInitKernel<at_cuda_detail::ReduceByKeyScanTileState<unsigned int, int, 1>, at_cuda_detail::TransformInputIterator<unsigned int, mbtopk::BlockIdxToKey, at_cuda_detail::CountingInputIterator<unsigned int, unsigned int>, long>>(T1, T2, std::iterator_traits<T2>::value_type *, unsigned int, int)",378,0.0,0.0,0,0,0.0,0.0,0.0,0.0,2.0,0.0,0.0,544.0,2.112,3293.216,0.0,0.0,0.0,0,0,0,0,0,0,0.0,0.0,0,0,0.0,0.0,17.0
"void at_cuda_detail::DeviceScanByKeyKernel<at_cuda_detail::DeviceScanByKeyPolicy<at_cuda_detail::TransformInputIterator<unsigned int, mbtopk::BlockIdxToKey, at_cuda_detail::CountingInputIterator<unsigned int, unsigned int>, long>, unsigned int, unsigned int, __4::plus<void>>::Policy900, at_cuda_detail::TransformInputIterator<unsigned int, mbtopk::BlockIdxToKey, at_cuda_detail::CountingInputIterator<unsigned int, unsigned int>, long>, unsigned int *, unsigned int *, at_cuda_detail::ReduceByKeyScanTileState<unsigned int, int, 1>, __4::equal_to<void>, __4::plus<void>, at_cuda_detail::NullType, int, unsigned int, unsigned int>(T2, T11 *, T3, T4, T5, int, T6, T7, T8, T9)",379,0.0,0.0,0,0,0.0,0.0,0.0,497.0,38.0,0.9289719626168225,1920.0,0.0,5.312,3298.528,0.0,0.0,0.0,0,0,0,0,0,0,0.0,0.0,0,0,0.0,60.0,0.0
"void mbtopk::gatherTopK<float, unsigned int, 2>(cuda::TensorInfo<const T1, T2>, T2, T2, bool, unsigned int, T2, cuda::TensorInfo<T1, T2>, T2, cuda::TensorInfo<long, T2>, T2, unsigned int, unsigned int, T1 *, unsigned int *, unsigned int *, unsigned int)",380,0.0,0.0,0,0,0.0,0.0,0.0,179712.0,34560.0,0.8387096774193549,2464896.0,10528.0,12.224,3310.752,0.0,0.0,0.0,0,0,0,0,0,0,0.0,0.0,0,0,0.0,77028.0,329.0
"void native::radixSortKVInPlace<2, (int)-1, 32, 4, float, long, unsigned int>(cuda::TensorInfo<T5, T7>, T7, T7, T7, cuda::TensorInfo<T6, T7>, T7, bool)",381,0.0,0.0,0,0,0.0,0.0,0.0,1832.0,32.0,0.9828326180257511,2368.0,544.0,9.44,3320.192,0.0,0.0,0.0,0,0,0,0,0,0,0.0,0.0,0,0,0.0,74.0,17.0
"void native::elementwise_kernel<128, 4, void native::gpu_kernel_impl_nocast<native::<unnamed>::CompareFunctor<float>>(at::TensorIteratorBase &, const T1 &)::[lambda(int) (instance 1)]>(int, T3)",382,0.0,0.0,0,0,0.0,0.0,0.0,0.0,56976.0,0.0,2441472.0,219488.0,7.584,3327.776,0.0,0.0,0.0,0,0,0,0,0,0,0.0,0.0,0,0,0.0,76296.0,6859.0
"void native::vectorized_elementwise_kernel<4, native::<unnamed>::masked_fill_kernel(at::TensorIterator &, const c10::Scalar &)::[lambda() (instance 1)]::operator ()() const::[lambda() (instance 7)]::operator ()() const::[lambda(float, bool) (instance 1)], std::array<char *, 3>>(int, T2, T3)",383,0.0,0.0,0,0,0.0,0.0,0.0,0.0,14280.0,0.0,3038720.0,3712.0,6.784,3334.56,0.0,0.0,0.0,0,0,0,0,0,0,0.0,0.0,0,0,0.0,94960.0,116.0
"native::<unnamed>::fill_index_and_segment_kernel(int2 *, int, cuda::IntDivider<unsigned int>)",384,0.0,0.0,0,0,0.0,0.0,0.0,0.0,18992.0,0.0,0.0,4861952.0,8.576,3343.136,0.0,0.0,0.0,0,0,0,0,0,0,0.0,0.0,0,0,0.0,0.0,151936.0
"void at_cuda_detail::DeviceRadixSortHistogramKernel<at_cuda_detail::DeviceRadixSortPolicy<float, cuda::OpaqueType<8>, unsigned long long>::Policy900, 0, float, unsigned long long, at_cuda_detail::identity_decomposer_t>(T4 *, const T3 *, T4, int, int, T5)",385,0.0,0.0,0,0,0.0,0.0,0.0,62976.0,18992.0,0.7682998243216865,2430976.0,0.0,7.36,3350.496,0.0,0.0,0.0,0,0,0,0,0,0,0.0,0.0,0,0,0.0,75968.0,0.0
"void at_cuda_detail::DeviceRadixSortExclusiveSumKernel<at_cuda_detail::DeviceRadixSortPolicy<float, cuda::OpaqueType<8>, unsigned long long>::Policy900, unsigned long long>(T2 *)",386,0.0,0.0,0,0,0.0,0.0,0.0,156.0,64.0,0.7090909090909091,8192.0,0.0,2.912,3353.408,0.0,0.0,0.0,0,0,0,0,0,0,0.0,0.0,0,0,0.0,256.0,0.0
"void at_cuda_detail::DeviceRadixSortOnesweepKernel<at_cuda_detail::DeviceRadixSortPolicy<float, cuda::OpaqueType<8>, unsigned long long>::Policy900, 0, float, cuda::OpaqueType<8>, unsigned long long, int, int, at_cuda_detail::identity_decomposer_t>(T7 *, T7 *, T5 *, const T5 *, T3 *, const T3 *, T4 *, const T4 *, T6, int, int, T8)",387,0.0,0.0,0,0,0.0,0.0,0.0,185478.0,88658.0,0.6765911810196399,8685184.0,6076288.0,30.176,3383.584,0.0,0.0,0.0,0,0,0,0,0,0,0.0,0.0,0,0,0.0,271412.0,189884.0
"void at_cuda_detail::DeviceRadixSortOnesweepKernel<at_cuda_detail::DeviceRadixSortPolicy<float, cuda::OpaqueType<8>, unsigned long long>::Policy900, 0, float, cuda::OpaqueType<8>, unsigned long long, int, int, at_cuda_detail::identity_decomposer_t>(T7 *, T7 *, T5 *, const T5 *, T3 *, const T3 *, T4 *, const T4 *, T6, int, int, T8)",388,0.0,0.0,0,0,0.0,0.0,0.0,67626.0,95430.0,0.41474094789520166,8938496.0,7495680.0,25.184,3408.768,0.0,0.0,0.0,0,0,0,0,0,0,0.0,0.0,0,0,0.0,279328.0,234240.0
"void at_cuda_detail::DeviceRadixSortOnesweepKernel<at_cuda_detail::DeviceRadixSortPolicy<float, cuda::OpaqueType<8>, unsigned long long>::Policy900, 0, float, cuda::OpaqueType<8>, unsigned long long, int, int, at_cuda_detail::identity_decomposer_t>(T7 *, T7 *, T5 *, const T5 *, T3 *, const T3 *, T4 *, const T4 *, T6, int, int, T8)",389,0.0,0.0,0,0,0.0,0.0,0.0,68478.0,95001.0,0.4188794891086929,8951296.0,7495680.0,26.208,3434.976,0.0,0.0,0.0,0,0,0,0,0,0,0.0,0.0,0,0,0.0,279728.0,234240.0
"void at_cuda_detail::DeviceRadixSortOnesweepKernel<at_cuda_detail::DeviceRadixSortPolicy<float, cuda::OpaqueType<8>, unsigned long long>::Policy900, 0, float, cuda::OpaqueType<8>, unsigned long long, int, int, at_cuda_detail::identity_decomposer_t>(T7 *, T7 *, T5 *, const T5 *, T3 *, const T3 *, T4 *, const T4 *, T6, int, int, T8)",390,0.0,0.0,0,0,0.0,0.0,0.0,68478.0,95053.0,0.418746292751833,8971264.0,5690272.0,26.816,3461.792,0.0,0.0,0.0,0,0,0,0,0,0,0.0,0.0,0,0,0.0,280352.0,177821.0
"void at_cuda_detail::DeviceRadixSortHistogramKernel<at_cuda_detail::DeviceRadixSortPolicy<long, at_cuda_detail::NullType, unsigned long long>::Policy900, 0, long, unsigned long long, at_cuda_detail::identity_decomposer_t>(T4 *, const T3 *, T4, int, int, T5)",391,0.0,0.0,0,0,0.0,0.0,0.0,9184.0,18992.0,0.3259511641113004,4861952.0,0.0,9.312,3471.104,0.0,0.0,0.0,0,0,0,0,0,0,0.0,0.0,0,0,0.0,151936.0,0.0
"void at_cuda_detail::DeviceRadixSortExclusiveSumKernel<at_cuda_detail::DeviceRadixSortPolicy<long, at_cuda_detail::NullType, unsigned long long>::Policy900, unsigned long long>(T2 *)",392,0.0,0.0,0,0,0.0,0.0,0.0,39.0,16.0,0.7090909090909091,2048.0,0.0,2.848,3473.9519999999998,0.0,0.0,0.0,0,0,0,0,0,0,0.0,0.0,0,0,0.0,64.0,0.0
"void at_cuda_detail::DeviceRadixSortOnesweepKernel<at_cuda_detail::DeviceRadixSortPolicy<long, at_cuda_detail::NullType, unsigned long long>::Policy900, 0, long, at_cuda_detail::NullType, unsigned long long, int, int, at_cuda_detail::identity_decomposer_t>(T7 *, T7 *, T5 *, const T5 *, T3 *, const T3 *, T4 *, const T4 *, T6, int, int, T8)",393,0.0,0.0,0,0,0.0,0.0,0.0,55759.0,65626.0,0.45935659265971907,7272832.0,4296768.0,19.328,3493.2799999999997,0.0,0.0,0.0,0,0,0,0,0,0,0.0,0.0,0,0,0.0,227276.0,134274.0
"void native::<unnamed>::sort_postprocess_kernel<float>(const T1 *, T1 *, long *, const int2 *, int, int)",394,0.0,0.0,0,0,0.0,0.0,0.0,0.0,75968.0,0.0,7141024.0,7292928.0,18.336,3511.6159999999995,0.0,0.0,0.0,0,0,0,0,0,0,0.0,0.0,0,0,0.0,223157.0,227904.0
"void native::<unnamed>::cunn_SoftMaxForward<4, float, float, float, native::<unnamed>::SoftMaxForwardEpilogue>(T4 *, const T2 *, int)",395,8508416.0,20076672.0,0,0,0.0,20076672.0,20076672.0,528.0,19136.0,0.026851098454027666,7292928.0,2430976.0,94.784,3606.3999999999996,2452096.0,607744.0,8508416.0,0,0,0,0,0,0,0.0,0.0,0,0,0.0,227904.0,75968.0
"void native::tensor_kernel_scan_innermost_dim<float, std::plus<float>>(T1 *, const T1 *, unsigned int, unsigned int, unsigned int, T1, T2)",396,0.0,3052116.0,0,0,0.0,3052116.0,3052116.0,334872.0,37984.0,0.8981268908103933,2430976.0,2430976.0,321.952,3928.352,3052116.0,0.0,0.0,0,0,0,0,0,0,0.0,0.0,0,0,0.0,75968.0,75968.0
"void native::vectorized_elementwise_kernel<4, void native::compare_scalar_kernel<float>(at::TensorIteratorBase &, native::<unnamed>::OpType, T1)::[lambda(float) (instance 1)], std::array<char *, 2>>(int, T2, T3)",397,0.0,0.0,0,0,0.0,0.0,0.0,0.0,9520.0,0.0,2430976.0,607360.0,5.568,3933.92,0.0,0.0,0.0,0,0,0,0,0,0,0.0,0.0,0,0,0.0,75968.0,18980.0
"void native::elementwise_kernel<128, 4, void native::gpu_kernel_impl_nocast<native::FillFunctor<bool>>(at::TensorIteratorBase &, const T1 &)::[lambda(int) (instance 1)]>(int, T3)",398,0.0,0.0,0,0,0.0,0.0,0.0,0.0,1.0,0.0,0.0,128.0,2.496,3936.416,0.0,0.0,0.0,0,0,0,0,0,0,0.0,0.0,0,0,0.0,0.0,4.0
"void native::_scatter_gather_elementwise_kernel<128, 8, void native::_cuda_scatter_gather_internal_kernel<1, native::OpaqueType<1>>::operator ()<native::TensorAssign>(at::TensorIterator &, long, long, long, const T1 &)::[lambda(int) (instance 1)]>(int, T3)",399,0.0,0.0,0,0,0.0,0.0,0.0,0.0,56976.0,0.0,5469696.0,246528.0,12.224,3948.6400000000003,0.0,0.0,0.0,0,0,0,0,0,0,0.0,0.0,0,0,0.0,170928.0,7704.0
"void native::vectorized_elementwise_kernel<4, native::<unnamed>::masked_fill_kernel(at::TensorIterator &, const c10::Scalar &)::[lambda() (instance 1)]::operator ()() const::[lambda() (instance 7)]::operator ()() const::[lambda(float, bool) (instance 1)], std::array<char *, 3>>(int, T2, T3)",400,0.0,0.0,0,0,0.0,0.0,0.0,0.0,14280.0,0.0,3038720.0,6912.0,6.56,3955.2000000000003,0.0,0.0,0.0,0,0,0,0,0,0,0.0,0.0,0,0,0.0,94960.0,216.0
"void native::<unnamed>::cunn_SoftMaxForward<4, float, float, float, native::<unnamed>::SoftMaxForwardEpilogue>(T4 *, const T2 *, int)",401,8508416.0,20076672.0,0,0,0.0,20076672.0,20076672.0,528.0,19136.0,0.026851098454027666,7292928.0,2430976.0,94.752,4049.952,2452096.0,607744.0,8508416.0,0,0,0,0,0,0,0.0,0.0,0,0,0.0,227904.0,75968.0
"void native::reduce_kernel<512, 1, native::ReduceOp<float, native::func_wrapper_t<float, native::MinNanFunctor<float>>, unsigned int, float, 4, 4>>(T3)",402,0.0,0.0,0,0,0.0,0.0,0.0,5987.0,4827.0,0.5536341779175143,2431296.0,2432.0,10.336,4060.288,0.0,0.0,0.0,0,0,0,0,0,0,0.0,0.0,0,0,0.0,75978.0,76.0
"void native::vectorized_elementwise_kernel<4, void native::compare_scalar_kernel<float>(at::TensorIteratorBase &, native::<unnamed>::OpType, T1)::[lambda(float) (instance 1)], std::array<char *, 2>>(int, T2, T3)",403,0.0,0.0,0,0,0.0,0.0,0.0,0.0,2.0,0.0,32.0,32.0,2.752,4063.04,0.0,0.0,0.0,0,0,0,0,0,0,0.0,0.0,0,0,0.0,1.0,1.0
"void native::reduce_kernel<512, 1, native::ReduceOp<float, native::func_wrapper_t<float, native::MaxNanFunctor<float>>, unsigned int, float, 4, 4>>(T3)",404,0.0,0.0,0,0,0.0,0.0,0.0,5987.0,4827.0,0.5536341779175143,2431296.0,2432.0,10.176,4073.216,0.0,0.0,0.0,0,0,0,0,0,0,0.0,0.0,0,0,0.0,75978.0,76.0
"void native::vectorized_elementwise_kernel<4, void native::compare_scalar_kernel<float>(at::TensorIteratorBase &, native::<unnamed>::OpType, T1)::[lambda(float) (instance 1)], std::array<char *, 2>>(int, T2, T3)",405,0.0,0.0,0,0,0.0,0.0,0.0,0.0,2.0,0.0,32.0,32.0,2.752,4075.968,0.0,0.0,0.0,0,0,0,0,0,0,0.0,0.0,0,0,0.0,1.0,1.0
"void native::vectorized_elementwise_kernel<4, native::BinaryFunctor<bool, bool, bool, native::BitwiseAndFunctor<bool>>, std::array<char *, 3>>(int, T2, T3)",406,0.0,0.0,0,0,0.0,0.0,0.0,0.0,3.0,0.0,64.0,32.0,2.72,4078.6879999999996,0.0,0.0,0.0,0,0,0,0,0,0,0.0,0.0,0,0,0.0,2.0,1.0
"void native::_assert_async_cuda_kernel<bool>(const T1 *, native::Msg)",407,0.0,0.0,0,0,0.0,0.0,0.0,0.0,1.0,0.0,32.0,0.0,4.032,4082.72,0.0,0.0,0.0,0,0,0,0,0,0,0.0,0.0,0,0,0.0,1.0,0.0
"void native::reduce_kernel<512, 1, native::ReduceOp<float, native::func_wrapper_t<float, native::sum_functor<float, float, float>::operator ()(at::TensorIterator &)::[lambda(float, float) (instance 1)]>, unsigned int, float, 4, 4>>(T3)",408,0.0,990796.0,0,0,0.0,990796.0,990796.0,7692.0,4832.0,0.6141807729160013,2431392.0,2560.0,10.208,4092.928,990796.0,0.0,0.0,0,0,0,0,0,0,0.0,0.0,0,0,0.0,75981.0,80.0
"void native::vectorized_elementwise_kernel<4, native::AUnaryFunctor<float, float, bool, native::<unnamed>::CompareEqFunctor<float>>, std::array<char *, 2>>(int, T2, T3)",409,0.0,0.0,0,0,0.0,0.0,0.0,0.0,2.0,0.0,32.0,32.0,2.592,4095.52,0.0,0.0,0.0,0,0,0,0,0,0,0.0,0.0,0,0,0.0,1.0,1.0
"void native::reduce_kernel<512, 1, native::ReduceOp<bool, native::func_wrapper_t<bool, native::or_kernel_cuda(at::TensorIterator &)::[lambda() (instance 1)]::operator ()() const::[lambda() (instance 12)]::operator ()() const::[lambda(bool, bool) (instance 1)]>, unsigned int, bool, 4, 4>>(T3)",410,0.0,0.0,0,0,0.0,0.0,0.0,0.0,2.0,0.0,32.0,32.0,4.704,4100.224,0.0,0.0,0.0,0,0,0,0,0,0,0.0,0.0,0,0,0.0,1.0,1.0
"void native::vectorized_elementwise_kernel<4, native::bitwise_not_kernel_cuda(at::TensorIteratorBase &)::[lambda(bool) (instance 1)], std::array<char *, 2>>(int, T2, T3)",411,0.0,0.0,0,0,0.0,0.0,0.0,0.0,2.0,0.0,32.0,32.0,2.624,4102.848,0.0,0.0,0.0,0,0,0,0,0,0,0.0,0.0,0,0,0.0,1.0,1.0
"void native::_assert_async_cuda_kernel<bool>(const T1 *, native::Msg)",412,0.0,0.0,0,0,0.0,0.0,0.0,0.0,1.0,0.0,32.0,0.0,4.064,4106.912,0.0,0.0,0.0,0,0,0,0,0,0,0.0,0.0,0,0,0.0,1.0,0.0
"void native::<unnamed>::distribution_elementwise_grid_stride_kernel<float, 4, void templates::uniform_and_transform<float, float, at::CUDAGeneratorImpl *, void templates::exponential_kernel<at::CUDAGeneratorImpl *>(at::TensorIteratorBase &, double, T1)::[lambda() (instance 1)]::operator ()() const::[lambda() (instance 2)]::operator ()() const::[lambda(float) (instance 1)]>(at::TensorIteratorBase &, T3, T4)::[lambda(curandStatePhilox4_32_10 *) (instance 2)], void native::<unnamed>::distribution_nullary_kernel<float, float, float4, at::CUDAGeneratorImpl *, void templates::uniform_and_transform<float, float, at::CUDAGeneratorImpl *, void templates::exponential_kernel<at::CUDAGeneratorImpl *>(at::TensorIteratorBase &, double, T1)::[lambda() (instance 1)]::operator ()() const::[lambda() (instance 2)]::operator ()() const::[lambda(float) (instance 1)]>(at::TensorIteratorBase &, T3, T4)::[lambda(curandStatePhilox4_32_10 *) (instance 2)], void templates::exponential_kernel<at::CUDAGeneratorImpl *>(at::TensorIteratorBase &, double, T1)::[lambda() (instance 1)]::operator ()() const::[lambda() (instance 2)]::operator ()() const::[lambda(float) (instance 1)]>(at::TensorIteratorBase &, T4, const T5 &, T6)::[lambda(int, float) (instance 1)]>(long, at::PhiloxCudaState, T3, T4)",413,1637376.0,4490240.0,0,0,0.0,4490240.0,4490240.0,0.0,18992.0,0.0,0.0,2430976.0,7.84,4114.752,0.0,1215488.0,1637376.0,0,0,0,0,0,0,0.0,0.0,0,0,0.0,0.0,75968.0
"void native::vectorized_elementwise_kernel<4, native::BinaryFunctor<float, float, float, binary_internal::DivFunctor<float>>, std::array<char *, 3>>(int, T2, T3)",414,3038720.0,6077440.0,0,0,0.0,6077440.0,6077440.0,0.0,14280.0,0.0,4861952.0,55296.0,10.176,4124.928000000001,0.0,0.0,3038720.0,0,0,0,0,0,0,0.0,0.0,0,0,0.0,151936.0,1728.0
"void native::reduce_kernel<512, 1, native::ReduceOp<float, native::ArgMaxOps<float>, unsigned int, long, 4, 4>>(T3)",415,0.0,0.0,0,0,0.0,0.0,0.0,14092.0,4912.0,0.7415280993475057,2432256.0,2688.0,12.896,4137.8240000000005,0.0,0.0,0.0,0,0,0,0,0,0,0.0,0.0,0,0,0.0,76008.0,84.0
"void native::<unnamed>::CatArrayBatchedCopy_aligned16_contig<native::<unnamed>::OpaqueType<8>, unsigned int, 2, 128, 1>(T1 *, native::<unnamed>::CatArrInputTensorMetadata<T1, T2, T4, T5>, native::<unnamed>::TensorSizeStride<T2, 4>, int, T2)",416,0.0,0.0,0,0,0.0,0.0,0.0,0.0,6.0,0.0,64.0,128.0,3.36,4141.184,0.0,0.0,0.0,0,0,0,0,0,0,0.0,0.0,0,0,0.0,2.0,4.0
"void native::vectorized_elementwise_kernel<4, native::FillFunctor<bool>, std::array<char *, 1>>(int, T2, T3)",417,0.0,0.0,0,0,0.0,0.0,0.0,0.0,1.0,0.0,0.0,32.0,2.112,4143.296,0.0,0.0,0.0,0,0,0,0,0,0,0.0,0.0,0,0,0.0,0.0,1.0
"void native::vectorized_elementwise_kernel<4, native::FillFunctor<bool>, std::array<char *, 1>>(int, T2, T3)",418,0.0,0.0,0,0,0.0,0.0,0.0,0.0,1.0,0.0,0.0,32.0,2.208,4145.504,0.0,0.0,0.0,0,0,0,0,0,0,0.0,0.0,0,0,0.0,0.0,1.0
"void native::vectorized_elementwise_kernel<4, native::BinaryFunctor<bool, bool, bool, native::BitwiseOrFunctor<bool>>, std::array<char *, 3>>(int, T2, T3)",419,0.0,0.0,0,0,0.0,0.0,0.0,0.0,3.0,0.0,64.0,32.0,2.656,4148.16,0.0,0.0,0.0,0,0,0,0,0,0,0.0,0.0,0,0,0.0,2.0,1.0
"void native::vectorized_elementwise_kernel<4, native::bitwise_not_kernel_cuda(at::TensorIteratorBase &)::[lambda(bool) (instance 1)], std::array<char *, 2>>(int, T2, T3)",420,0.0,0.0,0,0,0.0,0.0,0.0,0.0,2.0,0.0,32.0,32.0,2.624,4150.784,0.0,0.0,0.0,0,0,0,0,0,0,0.0,0.0,0,0,0.0,1.0,1.0
"void native::unrolled_elementwise_kernel<native::BinaryFunctor<long, long, long, native::BitwiseAndFunctor<long>>, std::array<char *, 3>, 8, TrivialOffsetCalculator<2, unsigned int>, TrivialOffsetCalculator<1, unsigned int>, memory::LoadWithCast<2>, memory::StoreWithCast<1>>(int, T1, T2, T4, T5, T6, T7)",421,0.0,0.0,0,0,0.0,0.0,0.0,0.0,3.0,0.0,64.0,32.0,4.128,4154.911999999999,0.0,0.0,0.0,0,0,0,0,0,0,0.0,0.0,0,0,0.0,2.0,1.0
"void native::reduce_kernel<512, 1, native::ReduceOp<long, native::func_wrapper_t<long, native::MaxNanFunctor<long>>, unsigned int, long, 4, 4>>(T3)",422,0.0,0.0,0,0,0.0,0.0,0.0,0.0,2.0,0.0,32.0,32.0,4.64,4159.552,0.0,0.0,0.0,0,0,0,0,0,0,0.0,0.0,0,0,0.0,1.0,1.0
"void native::vectorized_elementwise_kernel<4, native::AUnaryFunctor<long, long, bool, native::<unnamed>::CompareEqFunctor<long>>, std::array<char *, 2>>(int, T2, T3)",423,0.0,0.0,0,0,0.0,0.0,0.0,0.0,2.0,0.0,32.0,32.0,2.656,4162.208,0.0,0.0,0.0,0,0,0,0,0,0,0.0,0.0,0,0,0.0,1.0,1.0
"void native::vectorized_elementwise_kernel<4, void native::compare_scalar_kernel<long>(at::TensorIteratorBase &, native::<unnamed>::OpType, T1)::[lambda(long) (instance 1)], std::array<char *, 2>>(int, T2, T3)",424,0.0,0.0,0,0,0.0,0.0,0.0,0.0,2.0,0.0,32.0,32.0,2.816,4165.023999999999,0.0,0.0,0.0,0,0,0,0,0,0,0.0,0.0,0,0,0.0,1.0,1.0
"void native::index_elementwise_kernel<128, 4, void native::gpu_index_kernel<void native::index_kernel_impl<native::OpaqueType<8>>(at::TensorIteratorBase &, c10::ArrayRef<long>, c10::ArrayRef<long>)::[lambda(char *, const char *, long) (instance 1)]>(at::TensorIteratorBase &, c10::ArrayRef<long>, c10::ArrayRef<long>, const T1 &)::[lambda(int) (instance 1)]>(long, T3)",425,0.0,0.0,0,0,0.0,0.0,0.0,0.0,3.0,0.0,96.0,32.0,4.512,4169.535999999999,0.0,0.0,0.0,0,0,0,0,0,0,0.0,0.0,0,0,0.0,3.0,1.0
"void native::tensor_kernel_scan_innermost_dim<long, std::plus<long>>(T1 *, const T1 *, unsigned int, unsigned int, unsigned int, T1, T2)",426,0.0,0.0,0,0,0.0,0.0,0.0,56.0,4.0,0.9333333333333333,64.0,32.0,3.392,4172.927999999999,0.0,0.0,0.0,0,0,0,0,0,0,0.0,0.0,0,0,0.0,2.0,1.0
"void native::vectorized_elementwise_kernel<2, native::CUDAFunctorOnSelf_add<long>, std::array<char *, 2>>(int, T2, T3)",427,0.0,0.0,0,0,0.0,0.0,0.0,0.0,2.0,0.0,64.0,64.0,2.72,4175.647999999999,0.0,0.0,0.0,0,0,0,0,0,0,0.0,0.0,0,0,0.0,2.0,2.0
"void native::vectorized_elementwise_kernel<4, native::AUnaryFunctor<long, long, bool, native::<unnamed>::CompareEqFunctor<long>>, std::array<char *, 2>>(int, T2, T3)",428,0.0,0.0,0,0,0.0,0.0,0.0,0.0,2.0,0.0,64.0,32.0,2.624,4178.271999999999,0.0,0.0,0.0,0,0,0,0,0,0,0.0,0.0,0,0,0.0,2.0,1.0
"void native::vectorized_elementwise_kernel<2, native::<unnamed>::masked_fill_kernel(at::TensorIterator &, const c10::Scalar &)::[lambda() (instance 1)]::operator ()() const::[lambda() (instance 4)]::operator ()() const::[lambda(long, bool) (instance 1)], std::array<char *, 3>>(int, T2, T3)",429,0.0,0.0,0,0,0.0,0.0,0.0,0.0,3.0,0.0,96.0,0.0,2.688,4180.959999999999,0.0,0.0,0.0,0,0,0,0,0,0,0.0,0.0,0,0,0.0,3.0,0.0
"void native::elementwise_kernel<128, 2, void native::gpu_kernel_impl_nocast<native::direct_copy_kernel_cuda(at::TensorIteratorBase &)::[lambda() (instance 3)]::operator ()() const::[lambda() (instance 4)]::operator ()() const::[lambda(long) (instance 1)]>(at::TensorIteratorBase &, const T1 &)::[lambda(int) (instance 1)]>(int, T3)",430,0.0,0.0,0,0,0.0,0.0,0.0,0.0,2.0,0.0,64.0,32.0,2.912,4183.871999999999,0.0,0.0,0.0,0,0,0,0,0,0,0.0,0.0,0,0,0.0,2.0,1.0
"void native::<unnamed>::indexSelectSmallIndex<float, long, unsigned int, 2, 2, (int)-2>(cuda::TensorInfo<T1, T3>, cuda::TensorInfo<const T1, T3>, cuda::TensorInfo<const T2, T3>, int, int, T3, long)",431,0.0,0.0,0,0,0.0,0.0,0.0,0.0,384.0,0.0,16640.0,16384.0,7.168,4191.039999999999,0.0,0.0,0.0,0,0,0,0,0,0,0.0,0.0,0,0,0.0,520.0,512.0
"void native::unrolled_elementwise_kernel<native::direct_copy_kernel_cuda(at::TensorIteratorBase &)::[lambda() (instance 3)]::operator ()() const::[lambda() (instance 11)]::operator ()() const::[lambda(bool) (instance 1)], std::array<char *, 2>, 8, TrivialOffsetCalculator<1, unsigned int>, TrivialOffsetCalculator<1, unsigned int>, memory::LoadWithCast<1>, memory::StoreWithCast<1>>(int, T1, T2, T4, T5, T6, T7)",432,0.0,0.0,0,0,0.0,0.0,0.0,0.0,2.0,0.0,64.0,32.0,3.744,4194.783999999999,0.0,0.0,0.0,0,0,0,0,0,0,0.0,0.0,0,0,0.0,2.0,1.0
"void native::reduce_kernel<512, 1, native::ReduceOp<bool, native::func_wrapper_t<bool, native::and_kernel_cuda(at::TensorIterator &)::[lambda() (instance 1)]::operator ()() const::[lambda() (instance 12)]::operator ()() const::[lambda(bool, bool) (instance 1)]>, unsigned int, bool, 4, 4>>(T3)",433,0.0,0.0,0,0,0.0,0.0,0.0,0.0,2.0,0.0,32.0,32.0,4.768,4199.551999999999,0.0,0.0,0.0,0,0,0,0,0,0,0.0,0.0,0,0,0.0,1.0,1.0
"void native::unrolled_elementwise_kernel<native::direct_copy_kernel_cuda(at::TensorIteratorBase &)::[lambda() (instance 3)]::operator ()() const::[lambda() (instance 7)]::operator ()() const::[lambda(float) (instance 1)], std::array<char *, 2>, 8, TrivialOffsetCalculator<1, unsigned int>, TrivialOffsetCalculator<1, unsigned int>, memory::LoadWithCast<1>, memory::StoreWithCast<1>>(int, T1, T2, T4, T5, T6, T7)",434,0.0,0.0,0,0,0.0,0.0,0.0,0.0,2.0,0.0,32.0,32.0,3.52,4203.071999999999,0.0,0.0,0.0,0,0,0,0,0,0,0.0,0.0,0,0,0.0,1.0,1.0
"void gemmk1_kernel<int, float, 256, 5, 1, 0, 0, 0, cublasGemvTensorStridedBatched<const float>, cublasGemvTensorStridedBatched<const float>, cublasGemvTensorStridedBatched<float>, float, 0>(cublasGemmk1Params<T2, T9, T10, T11, T12, biasType<T11::value_type, T12>::type>)",435,0.0,512.0,0,0,0.0,512.0,512.0,32.0,24.0,0.5714285714285714,1280.0,1024.0,2.656,4205.727999999999,0.0,512.0,0.0,0,0,0,0,0,0,0.0,0.0,0,0,0.0,40.0,32.0
"void native::<unnamed>::CatArrayBatchedCopy_aligned16_contig<native::<unnamed>::OpaqueType<4>, unsigned int, 3, 128, 1>(T1 *, native::<unnamed>::CatArrInputTensorMetadata<T1, T2, T4, T5>, native::<unnamed>::TensorSizeStride<T2, 4>, int, T2)",436,0.0,0.0,0,0,0.0,0.0,0.0,0.0,20.0,0.0,2048.0,2048.0,3.36,4209.087999999999,0.0,0.0,0.0,0,0,0,0,0,0,0.0,0.0,0,0,0.0,64.0,64.0
"void native::vectorized_elementwise_kernel<4, native::cos_kernel_cuda(at::TensorIteratorBase &)::[lambda() (instance 2)]::operator ()() const::[lambda() (instance 2)]::operator ()() const::[lambda(float) (instance 1)], std::array<char *, 2>>(int, T2, T3)",437,4096.0,9216.0,0,0,0.0,9216.0,9216.0,0.0,32.0,0.0,2048.0,2048.0,4.224,4213.311999999999,0.0,1024.0,4096.0,0,0,0,0,0,0,0.0,0.0,0,0,0.0,64.0,64.0
"void native::vectorized_elementwise_kernel<4, native::AUnaryFunctor<float, float, float, binary_internal::MulFunctor<float>>, std::array<char *, 2>>(int, T2, T3)",438,0.0,512.0,0,0,0.0,512.0,512.0,0.0,32.0,0.0,2048.0,2048.0,2.624,4215.935999999999,0.0,512.0,0.0,0,0,0,0,0,0,0.0,0.0,0,0,0.0,64.0,64.0
"void native::vectorized_elementwise_kernel<4, native::sin_kernel_cuda(at::TensorIteratorBase &)::[lambda() (instance 2)]::operator ()() const::[lambda() (instance 2)]::operator ()() const::[lambda(float) (instance 1)], std::array<char *, 2>>(int, T2, T3)",439,3600.0,8224.0,0,0,0.0,8224.0,8224.0,0.0,32.0,0.0,2048.0,2048.0,4.192,4220.127999999999,0.0,1024.0,3600.0,0,0,0,0,0,0,0.0,0.0,0,0,0.0,64.0,64.0
"void native::vectorized_elementwise_kernel<4, native::AUnaryFunctor<float, float, float, binary_internal::MulFunctor<float>>, std::array<char *, 2>>(int, T2, T3)",440,0.0,512.0,0,0,0.0,512.0,512.0,0.0,32.0,0.0,2048.0,2048.0,2.624,4222.751999999999,0.0,512.0,0.0,0,0,0,0,0,0,0.0,0.0,0,0,0.0,64.0,64.0
"void native::vectorized_elementwise_kernel<4, void native::<unnamed>::pow_tensor_scalar_kernel_impl<float, float>(at::TensorIteratorBase &, T2)::[lambda(float) (instance 1)], std::array<char *, 2>>(int, T2, T3)",441,0.0,4096.0,0,0,0.0,4096.0,4096.0,0.0,64.0,0.0,16384.0,16384.0,2.56,4225.311999999999,0.0,4096.0,0.0,0,0,0,0,0,0,0.0,0.0,0,0,0.0,512.0,512.0
"void native::reduce_kernel<512, 1, native::ReduceOp<float, native::MeanOps<float, float, float, float>, unsigned int, float, 4, 4>>(T3)",442,0.0,8580.0,0,0,0.0,8580.0,8580.0,40.0,36.0,0.5263157894736842,16384.0,32.0,5.504,4230.815999999999,8576.0,4.0,0.0,0,0,0,0,0,0,0.0,0.0,0,0,0.0,512.0,1.0
"void native::vectorized_elementwise_kernel<4, native::CUDAFunctorOnSelf_add<float>, std::array<char *, 2>>(int, T2, T3)",443,4.0,8.0,0,0,0.0,8.0,8.0,0.0,2.0,0.0,32.0,32.0,2.464,4233.279999999999,0.0,0.0,4.0,0,0,0,0,0,0,0.0,0.0,0,0,0.0,1.0,1.0
"void native::vectorized_elementwise_kernel<4, native::rsqrt_kernel_cuda(at::TensorIteratorBase &)::[lambda() (instance 2)]::operator ()() const::[lambda() (instance 2)]::operator ()() const::[lambda(float) (instance 1)], std::array<char *, 2>>(int, T2, T3)",444,0.0,0.0,0,0,0.0,0.0,0.0,0.0,2.0,0.0,32.0,32.0,2.784,4236.0639999999985,0.0,0.0,0.0,0,0,0,0,0,0,0.0,0.0,0,0,0.0,1.0,1.0
"void native::elementwise_kernel<128, 2, void native::gpu_kernel_impl_nocast<native::BinaryFunctor<float, float, float, binary_internal::MulFunctor<float>>>(at::TensorIteratorBase &, const T1 &)::[lambda(int) (instance 1)]>(int, T3)",445,0.0,4096.0,0,0,0.0,4096.0,4096.0,0.0,384.0,0.0,16896.0,16384.0,3.456,4239.519999999999,0.0,4096.0,0.0,0,0,0,0,0,0,0.0,0.0,0,0,0.0,528.0,512.0
"void native::elementwise_kernel<128, 2, void native::gpu_kernel_impl_nocast<native::BinaryFunctor<float, float, float, binary_internal::MulFunctor<float>>>(at::TensorIteratorBase &, const T1 &)::[lambda(int) (instance 1)]>(int, T3)",446,0.0,4096.0,0,0,0.0,4096.0,4096.0,0.0,384.0,0.0,32768.0,16384.0,3.52,4243.039999999999,0.0,4096.0,0.0,0,0,0,0,0,0,0.0,0.0,0,0,0.0,1024.0,512.0
ampere_sgemm_32x32_sliced1x4_tn,447,33554432.0,68026368.0,0,0,0.0,68026368.0,68026368.0,196608.0,37376.0,0.8402625820568927,4718592.0,65536.0,14.56,4257.599999999999,393216.0,524288.0,33554432.0,0,0,0,0,0,0,0.0,0.0,0,0,0.0,147456.0,2048.0
"void cublasLt::splitKreduce_kernel<32, 16, int, float, float, float, float, 0, float, float, float, 1, 1, 0>(cublasLt::cublasSplitKParams<T6>, const T4 *, const T10 *, T9 *, T5 *, const T6 *, const T6 *, const T11 *, const T4 *, T11 *, void *, long, T6 *, int *, T6 *, T6 *, const T6 *, const T6 *, const T6 *, const T6 *, const T6 *)",448,0.0,24576.0,0,0,0.0,24576.0,24576.0,0.0,1408.0,0.0,69632.0,16384.0,3.104,4260.704,20480.0,4096.0,0.0,0,0,0,0,0,0,0.0,0.0,0,0,0.0,2176.0,512.0
ampere_sgemm_32x32_sliced1x4_tn,449,33554432.0,68026368.0,0,0,0.0,68026368.0,68026368.0,196608.0,37376.0,0.8402625820568927,4718592.0,65536.0,14.496,4275.2,393216.0,524288.0,33554432.0,0,0,0,0,0,0,0.0,0.0,0,0,0.0,147456.0,2048.0
"void cublasLt::splitKreduce_kernel<32, 16, int, float, float, float, float, 0, float, float, float, 1, 1, 0>(cublasLt::cublasSplitKParams<T6>, const T4 *, const T10 *, T9 *, T5 *, const T6 *, const T6 *, const T11 *, const T4 *, T11 *, void *, long, T6 *, int *, T6 *, T6 *, const T6 *, const T6 *, const T6 *, const T6 *, const T6 *)",450,0.0,24576.0,0,0,0.0,24576.0,24576.0,0.0,1408.0,0.0,69632.0,16384.0,3.168,4278.3679999999995,20480.0,4096.0,0.0,0,0,0,0,0,0,0.0,0.0,0,0,0.0,2176.0,512.0
ampere_sgemm_32x32_sliced1x4_tn,451,33554432.0,68026368.0,0,0,0.0,68026368.0,68026368.0,196608.0,37376.0,0.8402625820568927,4718592.0,65536.0,14.688,4293.056,393216.0,524288.0,33554432.0,0,0,0,0,0,0,0.0,0.0,0,0,0.0,147456.0,2048.0
"void cublasLt::splitKreduce_kernel<32, 16, int, float, float, float, float, 0, float, float, float, 1, 1, 0>(cublasLt::cublasSplitKParams<T6>, const T4 *, const T10 *, T9 *, T5 *, const T6 *, const T6 *, const T11 *, const T4 *, T11 *, void *, long, T6 *, int *, T6 *, T6 *, const T6 *, const T6 *, const T6 *, const T6 *, const T6 *)",452,0.0,24576.0,0,0,0.0,24576.0,24576.0,0.0,1408.0,0.0,69632.0,16384.0,3.2,4296.255999999999,20480.0,4096.0,0.0,0,0,0,0,0,0,0.0,0.0,0,0,0.0,2176.0,512.0
"void native::elementwise_kernel<128, 2, void native::gpu_kernel_impl_nocast<native::BinaryFunctor<float, float, float, binary_internal::MulFunctor<float>>>(at::TensorIteratorBase &, const T1 &)::[lambda(int) (instance 1)]>(int, T3)",453,0.0,4096.0,0,0,0.0,4096.0,4096.0,0.0,384.0,0.0,24576.0,16384.0,3.552,4299.807999999999,0.0,4096.0,0.0,0,0,0,0,0,0,0.0,0.0,0,0,0.0,768.0,512.0
"void native::elementwise_kernel<128, 2, void native::gpu_kernel_impl_nocast<native::neg_kernel_cuda(at::TensorIteratorBase &)::[lambda() (instance 2)]::operator ()() const::[lambda() (instance 7)]::operator ()() const::[lambda(float) (instance 1)]>(at::TensorIteratorBase &, const T1 &)::[lambda(int) (instance 1)]>(int, T3)",454,0.0,2048.0,0,0,0.0,2048.0,2048.0,0.0,128.0,0.0,8192.0,8192.0,3.52,4303.3279999999995,2048.0,0.0,0.0,0,0,0,0,0,0,0.0,0.0,0,0,0.0,256.0,256.0
"void native::<unnamed>::CatArrayBatchedCopy<native::<unnamed>::OpaqueType<4>, unsigned int, 4, 64, 64>(T1 *, native::<unnamed>::CatArrInputTensorMetadata<T1, T2, T4, T5>, native::<unnamed>::TensorSizeStride<T2, 4>, int, T2)",455,0.0,0.0,0,0,0.0,0.0,0.0,0.0,256.0,0.0,16384.0,16384.0,5.664,4308.991999999999,0.0,0.0,0.0,0,0,0,0,0,0,0.0,0.0,0,0,0.0,512.0,512.0
"void native::elementwise_kernel<128, 2, void native::gpu_kernel_impl_nocast<native::BinaryFunctor<float, float, float, binary_internal::MulFunctor<float>>>(at::TensorIteratorBase &, const T1 &)::[lambda(int) (instance 1)]>(int, T3)",456,0.0,4096.0,0,0,0.0,4096.0,4096.0,0.0,384.0,0.0,24576.0,16384.0,3.456,4312.447999999999,0.0,4096.0,0.0,0,0,0,0,0,0,0.0,0.0,0,0,0.0,768.0,512.0
"void native::vectorized_elementwise_kernel<4, native::CUDAFunctor_add<float>, std::array<char *, 3>>(int, T2, T3)",457,4096.0,8192.0,0,0,0.0,8192.0,8192.0,0.0,96.0,0.0,32768.0,16384.0,2.688,4315.1359999999995,0.0,0.0,4096.0,0,0,0,0,0,0,0.0,0.0,0,0,0.0,1024.0,512.0
"void native::elementwise_kernel<128, 2, void native::gpu_kernel_impl_nocast<native::BinaryFunctor<float, float, float, binary_internal::MulFunctor<float>>>(at::TensorIteratorBase &, const T1 &)::[lambda(int) (instance 1)]>(int, T3)",458,0.0,4096.0,0,0,0.0,4096.0,4096.0,0.0,384.0,0.0,24576.0,16384.0,3.616,4318.7519999999995,0.0,4096.0,0.0,0,0,0,0,0,0,0.0,0.0,0,0,0.0,768.0,512.0
"void native::elementwise_kernel<128, 2, void native::gpu_kernel_impl_nocast<native::neg_kernel_cuda(at::TensorIteratorBase &)::[lambda() (instance 2)]::operator ()() const::[lambda() (instance 7)]::operator ()() const::[lambda(float) (instance 1)]>(at::TensorIteratorBase &, const T1 &)::[lambda(int) (instance 1)]>(int, T3)",459,0.0,2048.0,0,0,0.0,2048.0,2048.0,0.0,128.0,0.0,8192.0,8192.0,3.456,4322.208,2048.0,0.0,0.0,0,0,0,0,0,0,0.0,0.0,0,0,0.0,256.0,256.0
"void native::<unnamed>::CatArrayBatchedCopy<native::<unnamed>::OpaqueType<4>, unsigned int, 4, 64, 64>(T1 *, native::<unnamed>::CatArrInputTensorMetadata<T1, T2, T4, T5>, native::<unnamed>::TensorSizeStride<T2, 4>, int, T2)",460,0.0,0.0,0,0,0.0,0.0,0.0,0.0,256.0,0.0,16384.0,16384.0,5.696,4327.9039999999995,0.0,0.0,0.0,0,0,0,0,0,0,0.0,0.0,0,0,0.0,512.0,512.0
"void native::elementwise_kernel<128, 2, void native::gpu_kernel_impl_nocast<native::BinaryFunctor<float, float, float, binary_internal::MulFunctor<float>>>(at::TensorIteratorBase &, const T1 &)::[lambda(int) (instance 1)]>(int, T3)",461,0.0,4096.0,0,0,0.0,4096.0,4096.0,0.0,384.0,0.0,24576.0,16384.0,3.488,4331.392,0.0,4096.0,0.0,0,0,0,0,0,0,0.0,0.0,0,0,0.0,768.0,512.0
"void native::vectorized_elementwise_kernel<4, native::CUDAFunctor_add<float>, std::array<char *, 3>>(int, T2, T3)",462,4096.0,8192.0,0,0,0.0,8192.0,8192.0,0.0,96.0,0.0,32768.0,16384.0,2.688,4334.08,0.0,0.0,4096.0,0,0,0,0,0,0,0.0,0.0,0,0,0.0,1024.0,512.0
"void native::<unnamed>::CatArrayBatchedCopy_aligned16_contig<native::<unnamed>::OpaqueType<4>, unsigned int, 4, 128, 1>(T1 *, native::<unnamed>::CatArrInputTensorMetadata<T1, T2, T4, T5>, native::<unnamed>::TensorSizeStride<T2, 4>, int, T2)",463,0.0,0.0,0,0,0.0,0.0,0.0,0.0,320.0,0.0,32768.0,32768.0,3.488,4337.568,0.0,0.0,0.0,0,0,0,0,0,0,0.0,0.0,0,0,0.0,1024.0,1024.0
"void native::<unnamed>::CatArrayBatchedCopy_aligned16_contig<native::<unnamed>::OpaqueType<4>, unsigned int, 4, 128, 1>(T1 *, native::<unnamed>::CatArrInputTensorMetadata<T1, T2, T4, T5>, native::<unnamed>::TensorSizeStride<T2, 4>, int, T2)",464,0.0,0.0,0,0,0.0,0.0,0.0,0.0,320.0,0.0,32768.0,32768.0,3.552,4341.12,0.0,0.0,0.0,0,0,0,0,0,0,0.0,0.0,0,0,0.0,1024.0,1024.0
"fmha_cutlassF_f32_aligned_64x128_rf_sm80(PyTorchMemEffAttention::AttentionKernel<float, cutlass::Sm80, 1, 64, 128, 128, 1, 1>::Params)",465,65536.0,5885952.0,0,0,0.0,5885952.0,5885952.0,33280.0,64.0,0.9980806142034548,81920.0,16384.0,32.384,4373.504,4962304.0,792576.0,65536.0,0,0,0,0,0,0,0.0,0.0,0,0,0.0,2560.0,512.0
ampere_sgemm_32x32_sliced1x4_tn,466,36700160.0,74547200.0,0,0,0.0,74547200.0,74547200.0,220160.0,40960.0,0.8431372549019608,4698624.0,81920.0,14.432,4387.936,491520.0,655360.0,36700160.0,0,0,0,0,0,0,0.0,0.0,0,0,0.0,146832.0,2560.0
"void cublasLt::splitKreduce_kernel<32, 16, int, float, float, float, float, 0, float, float, float, 1, 0, 0>(cublasLt::cublasSplitKParams<T6>, const T4 *, const T10 *, T9 *, T5 *, const T6 *, const T6 *, const T11 *, const T4 *, T11 *, void *, long, T6 *, int *, T6 *, T6 *, const T6 *, const T6 *, const T6 *, const T6 *, const T6 *)",467,0.0,24576.0,0,0,0.0,24576.0,24576.0,0.0,768.0,0.0,81920.0,16384.0,3.264,4391.2,20480.0,4096.0,0.0,0,0,0,0,0,0,0.0,0.0,0,0,0.0,2560.0,512.0
"void native::vectorized_elementwise_kernel<4, native::CUDAFunctor_add<float>, std::array<char *, 3>>(int, T2, T3)",468,4096.0,8192.0,0,0,0.0,8192.0,8192.0,0.0,96.0,0.0,32768.0,16384.0,2.624,4393.824,0.0,0.0,4096.0,0,0,0,0,0,0,0.0,0.0,0,0,0.0,1024.0,512.0
"void native::vectorized_elementwise_kernel<4, void native::<unnamed>::pow_tensor_scalar_kernel_impl<float, float>(at::TensorIteratorBase &, T2)::[lambda(float) (instance 1)], std::array<char *, 2>>(int, T2, T3)",469,0.0,4096.0,0,0,0.0,4096.0,4096.0,0.0,64.0,0.0,16384.0,16384.0,2.656,4396.48,0.0,4096.0,0.0,0,0,0,0,0,0,0.0,0.0,0,0,0.0,512.0,512.0
"void native::reduce_kernel<512, 1, native::ReduceOp<float, native::MeanOps<float, float, float, float>, unsigned int, float, 4, 4>>(T3)",470,0.0,8580.0,0,0,0.0,8580.0,8580.0,40.0,36.0,0.5263157894736842,16384.0,32.0,5.536,4402.016,8576.0,4.0,0.0,0,0,0,0,0,0,0.0,0.0,0,0,0.0,512.0,1.0
"void native::vectorized_elementwise_kernel<4, native::CUDAFunctorOnSelf_add<float>, std::array<char *, 2>>(int, T2, T3)",471,4.0,8.0,0,0,0.0,8.0,8.0,0.0,2.0,0.0,32.0,32.0,2.464,4404.48,0.0,0.0,4.0,0,0,0,0,0,0,0.0,0.0,0,0,0.0,1.0,1.0
"void native::vectorized_elementwise_kernel<4, native::rsqrt_kernel_cuda(at::TensorIteratorBase &)::[lambda() (instance 2)]::operator ()() const::[lambda() (instance 2)]::operator ()() const::[lambda(float) (instance 1)], std::array<char *, 2>>(int, T2, T3)",472,0.0,0.0,0,0,0.0,0.0,0.0,0.0,2.0,0.0,32.0,32.0,2.496,4406.976,0.0,0.0,0.0,0,0,0,0,0,0,0.0,0.0,0,0,0.0,1.0,1.0
"void native::elementwise_kernel<128, 2, void native::gpu_kernel_impl_nocast<native::BinaryFunctor<float, float, float, binary_internal::MulFunctor<float>>>(at::TensorIteratorBase &, const T1 &)::[lambda(int) (instance 1)]>(int, T3)",473,0.0,4096.0,0,0,0.0,4096.0,4096.0,0.0,384.0,0.0,16896.0,16384.0,3.52,4410.496,0.0,4096.0,0.0,0,0,0,0,0,0,0.0,0.0,0,0,0.0,528.0,512.0
"void native::elementwise_kernel<128, 2, void native::gpu_kernel_impl_nocast<native::BinaryFunctor<float, float, float, binary_internal::MulFunctor<float>>>(at::TensorIteratorBase &, const T1 &)::[lambda(int) (instance 1)]>(int, T3)",474,0.0,4096.0,0,0,0.0,4096.0,4096.0,0.0,384.0,0.0,32768.0,16384.0,3.456,4413.952,0.0,4096.0,0.0,0,0,0,0,0,0,0.0,0.0,0,0,0.0,1024.0,512.0
"void gemmSN_TN_kernel<float, 128, 16, 2, 4, 4, 4, 1, cublasGemvTensorStridedBatched<const float>, cublasGemvTensorStridedBatched<const float>, cublasGemvTensorStridedBatched<float>>(cublasGemmSmallNParams<T9, T10, T11, T1>)",475,16777216.0,36962304.0,0,0,0.0,36962304.0,36962304.0,247808.0,204800.0,0.5475113122171946,19630656.0,71936.0,27.2,4441.152,1310720.0,2097152.0,16777216.0,0,0,0,0,0,0,0.0,0.0,0,0,0.0,613458.0,2248.0
"void native::vectorized_elementwise_kernel<4, native::<unnamed>::silu_kernel(at::TensorIteratorBase &)::[lambda() (instance 1)]::operator ()() const::[lambda() (instance 2)]::operator ()() const::[lambda(float) (instance 1)], std::array<char *, 2>>(int, T2, T3)",476,188416.0,393216.0,0,0,0.0,393216.0,393216.0,0.0,256.0,0.0,65536.0,65536.0,3.008,4444.16,16384.0,0.0,188416.0,0,0,0,0,0,0,0.0,0.0,0,0,0.0,2048.0,2048.0
"void gemmSN_TN_kernel<float, 128, 16, 2, 4, 4, 4, 1, cublasGemvTensorStridedBatched<const float>, cublasGemvTensorStridedBatched<const float>, cublasGemvTensorStridedBatched<float>>(cublasGemmSmallNParams<T9, T10, T11, T1>)",477,16777216.0,36962304.0,0,0,0.0,36962304.0,36962304.0,247808.0,204800.0,0.5475113122171946,19731712.0,68928.0,26.784,4470.9439999999995,1310720.0,2097152.0,16777216.0,0,0,0,0,0,0,0.0,0.0,0,0,0.0,616616.0,2154.0
"void native::vectorized_elementwise_kernel<4, native::BinaryFunctor<float, float, float, binary_internal::MulFunctor<float>>, std::array<char *, 3>>(int, T2, T3)",478,0.0,16384.0,0,0,0.0,16384.0,16384.0,0.0,384.0,0.0,131072.0,65536.0,2.816,4473.759999999999,0.0,16384.0,0.0,0,0,0,0,0,0,0.0,0.0,0,0,0.0,4096.0,2048.0
ampere_sgemm_64x32_sliced1x4_tn,479,134217728.0,270270464.0,0,0,0.0,270270464.0,270270464.0,651264.0,140288.0,0.8227684346701164,17825792.0,131072.0,34.56,4508.32,786432.0,1048576.0,134217728.0,0,0,0,0,0,0,0.0,0.0,0,0,0.0,557056.0,4096.0
"void cublasLt::splitKreduce_kernel<32, 16, int, float, float, float, float, 0, float, float, float, 1, 0, 0>(cublasLt::cublasSplitKParams<T6>, const T4 *, const T10 *, T9 *, T5 *, const T6 *, const T6 *, const T11 *, const T4 *, T11 *, void *, long, T6 *, int *, T6 *, T6 *, const T6 *, const T6 *, const T6 *, const T6 *, const T6 *)",480,0.0,36864.0,0,0,0.0,36864.0,36864.0,0.0,1152.0,0.0,131072.0,16384.0,2.976,4511.295999999999,32768.0,4096.0,0.0,0,0,0,0,0,0,0.0,0.0,0,0,0.0,4096.0,512.0
"void native::vectorized_elementwise_kernel<4, native::CUDAFunctor_add<float>, std::array<char *, 3>>(int, T2, T3)",481,4096.0,8192.0,0,0,0.0,8192.0,8192.0,0.0,96.0,0.0,32768.0,16384.0,2.688,4513.9839999999995,0.0,0.0,4096.0,0,0,0,0,0,0,0.0,0.0,0,0,0.0,1024.0,512.0
"void native::vectorized_elementwise_kernel<4, void native::<unnamed>::pow_tensor_scalar_kernel_impl<float, float>(at::TensorIteratorBase &, T2)::[lambda(float) (instance 1)], std::array<char *, 2>>(int, T2, T3)",482,0.0,4096.0,0,0,0.0,4096.0,4096.0,0.0,64.0,0.0,16384.0,16384.0,2.784,4516.767999999999,0.0,4096.0,0.0,0,0,0,0,0,0,0.0,0.0,0,0,0.0,512.0,512.0
"void native::reduce_kernel<512, 1, native::ReduceOp<float, native::MeanOps<float, float, float, float>, unsigned int, float, 4, 4>>(T3)",483,0.0,8580.0,0,0,0.0,8580.0,8580.0,40.0,36.0,0.5263157894736842,16384.0,32.0,5.632,4522.399999999999,8576.0,4.0,0.0,0,0,0,0,0,0,0.0,0.0,0,0,0.0,512.0,1.0
"void native::vectorized_elementwise_kernel<4, native::CUDAFunctorOnSelf_add<float>, std::array<char *, 2>>(int, T2, T3)",484,4.0,8.0,0,0,0.0,8.0,8.0,0.0,2.0,0.0,32.0,32.0,2.432,4524.8319999999985,0.0,0.0,4.0,0,0,0,0,0,0,0.0,0.0,0,0,0.0,1.0,1.0
"void native::vectorized_elementwise_kernel<4, native::rsqrt_kernel_cuda(at::TensorIteratorBase &)::[lambda() (instance 2)]::operator ()() const::[lambda() (instance 2)]::operator ()() const::[lambda(float) (instance 1)], std::array<char *, 2>>(int, T2, T3)",485,0.0,0.0,0,0,0.0,0.0,0.0,0.0,2.0,0.0,32.0,32.0,2.528,4527.359999999999,0.0,0.0,0.0,0,0,0,0,0,0,0.0,0.0,0,0,0.0,1.0,1.0
"void native::elementwise_kernel<128, 2, void native::gpu_kernel_impl_nocast<native::BinaryFunctor<float, float, float, binary_internal::MulFunctor<float>>>(at::TensorIteratorBase &, const T1 &)::[lambda(int) (instance 1)]>(int, T3)",486,0.0,4096.0,0,0,0.0,4096.0,4096.0,0.0,384.0,0.0,16896.0,16384.0,3.648,4531.007999999999,0.0,4096.0,0.0,0,0,0,0,0,0,0.0,0.0,0,0,0.0,528.0,512.0
"void native::elementwise_kernel<128, 2, void native::gpu_kernel_impl_nocast<native::BinaryFunctor<float, float, float, binary_internal::MulFunctor<float>>>(at::TensorIteratorBase &, const T1 &)::[lambda(int) (instance 1)]>(int, T3)",487,0.0,4096.0,0,0,0.0,4096.0,4096.0,0.0,384.0,0.0,32768.0,16384.0,3.52,4534.527999999999,0.0,4096.0,0.0,0,0,0,0,0,0,0.0,0.0,0,0,0.0,1024.0,512.0
ampere_sgemm_32x32_sliced1x4_tn,488,33554432.0,68026368.0,0,0,0.0,68026368.0,68026368.0,196608.0,37376.0,0.8402625820568927,4718592.0,65536.0,14.688,4549.215999999999,393216.0,524288.0,33554432.0,0,0,0,0,0,0,0.0,0.0,0,0,0.0,147456.0,2048.0
"void cublasLt::splitKreduce_kernel<32, 16, int, float, float, float, float, 0, float, float, float, 1, 1, 0>(cublasLt::cublasSplitKParams<T6>, const T4 *, const T10 *, T9 *, T5 *, const T6 *, const T6 *, const T11 *, const T4 *, T11 *, void *, long, T6 *, int *, T6 *, T6 *, const T6 *, const T6 *, const T6 *, const T6 *, const T6 *)",489,0.0,24576.0,0,0,0.0,24576.0,24576.0,0.0,1408.0,0.0,69632.0,16384.0,3.168,4552.383999999999,20480.0,4096.0,0.0,0,0,0,0,0,0,0.0,0.0,0,0,0.0,2176.0,512.0
ampere_sgemm_32x32_sliced1x4_tn,490,33554432.0,68026368.0,0,0,0.0,68026368.0,68026368.0,196608.0,37376.0,0.8402625820568927,4718592.0,65536.0,14.592,4566.975999999999,393216.0,524288.0,33554432.0,0,0,0,0,0,0,0.0,0.0,0,0,0.0,147456.0,2048.0
"void cublasLt::splitKreduce_kernel<32, 16, int, float, float, float, float, 0, float, float, float, 1, 1, 0>(cublasLt::cublasSplitKParams<T6>, const T4 *, const T10 *, T9 *, T5 *, const T6 *, const T6 *, const T11 *, const T4 *, T11 *, void *, long, T6 *, int *, T6 *, T6 *, const T6 *, const T6 *, const T6 *, const T6 *, const T6 *)",491,0.0,24576.0,0,0,0.0,24576.0,24576.0,0.0,1408.0,0.0,69632.0,16384.0,3.136,4570.111999999999,20480.0,4096.0,0.0,0,0,0,0,0,0,0.0,0.0,0,0,0.0,2176.0,512.0
ampere_sgemm_32x32_sliced1x4_tn,492,33554432.0,68026368.0,0,0,0.0,68026368.0,68026368.0,196608.0,37376.0,0.8402625820568927,4718592.0,65536.0,14.496,4584.607999999999,393216.0,524288.0,33554432.0,0,0,0,0,0,0,0.0,0.0,0,0,0.0,147456.0,2048.0
"void cublasLt::splitKreduce_kernel<32, 16, int, float, float, float, float, 0, float, float, float, 1, 1, 0>(cublasLt::cublasSplitKParams<T6>, const T4 *, const T10 *, T9 *, T5 *, const T6 *, const T6 *, const T11 *, const T4 *, T11 *, void *, long, T6 *, int *, T6 *, T6 *, const T6 *, const T6 *, const T6 *, const T6 *, const T6 *)",493,0.0,24576.0,0,0,0.0,24576.0,24576.0,0.0,1408.0,0.0,69632.0,16384.0,3.168,4587.775999999999,20480.0,4096.0,0.0,0,0,0,0,0,0,0.0,0.0,0,0,0.0,2176.0,512.0
"void native::elementwise_kernel<128, 2, void native::gpu_kernel_impl_nocast<native::BinaryFunctor<float, float, float, binary_internal::MulFunctor<float>>>(at::TensorIteratorBase &, const T1 &)::[lambda(int) (instance 1)]>(int, T3)",494,0.0,4096.0,0,0,0.0,4096.0,4096.0,0.0,384.0,0.0,24576.0,16384.0,3.52,4591.295999999999,0.0,4096.0,0.0,0,0,0,0,0,0,0.0,0.0,0,0,0.0,768.0,512.0
"void native::elementwise_kernel<128, 2, void native::gpu_kernel_impl_nocast<native::neg_kernel_cuda(at::TensorIteratorBase &)::[lambda() (instance 2)]::operator ()() const::[lambda() (instance 7)]::operator ()() const::[lambda(float) (instance 1)]>(at::TensorIteratorBase &, const T1 &)::[lambda(int) (instance 1)]>(int, T3)",495,0.0,2048.0,0,0,0.0,2048.0,2048.0,0.0,128.0,0.0,8192.0,8192.0,3.456,4594.7519999999995,2048.0,0.0,0.0,0,0,0,0,0,0,0.0,0.0,0,0,0.0,256.0,256.0
"void native::<unnamed>::CatArrayBatchedCopy<native::<unnamed>::OpaqueType<4>, unsigned int, 4, 64, 64>(T1 *, native::<unnamed>::CatArrInputTensorMetadata<T1, T2, T4, T5>, native::<unnamed>::TensorSizeStride<T2, 4>, int, T2)",496,0.0,0.0,0,0,0.0,0.0,0.0,0.0,256.0,0.0,16384.0,16384.0,5.696,4600.447999999999,0.0,0.0,0.0,0,0,0,0,0,0,0.0,0.0,0,0,0.0,512.0,512.0
"void native::elementwise_kernel<128, 2, void native::gpu_kernel_impl_nocast<native::BinaryFunctor<float, float, float, binary_internal::MulFunctor<float>>>(at::TensorIteratorBase &, const T1 &)::[lambda(int) (instance 1)]>(int, T3)",497,0.0,4096.0,0,0,0.0,4096.0,4096.0,0.0,384.0,0.0,24576.0,16384.0,3.488,4603.936,0.0,4096.0,0.0,0,0,0,0,0,0,0.0,0.0,0,0,0.0,768.0,512.0
"void native::vectorized_elementwise_kernel<4, native::CUDAFunctor_add<float>, std::array<char *, 3>>(int, T2, T3)",498,4096.0,8192.0,0,0,0.0,8192.0,8192.0,0.0,96.0,0.0,32768.0,16384.0,2.624,4606.5599999999995,0.0,0.0,4096.0,0,0,0,0,0,0,0.0,0.0,0,0,0.0,1024.0,512.0
"void native::elementwise_kernel<128, 2, void native::gpu_kernel_impl_nocast<native::BinaryFunctor<float, float, float, binary_internal::MulFunctor<float>>>(at::TensorIteratorBase &, const T1 &)::[lambda(int) (instance 1)]>(int, T3)",499,0.0,4096.0,0,0,0.0,4096.0,4096.0,0.0,384.0,0.0,24576.0,16384.0,3.456,4610.016,0.0,4096.0,0.0,0,0,0,0,0,0,0.0,0.0,0,0,0.0,768.0,512.0
"void native::elementwise_kernel<128, 2, void native::gpu_kernel_impl_nocast<native::neg_kernel_cuda(at::TensorIteratorBase &)::[lambda() (instance 2)]::operator ()() const::[lambda() (instance 7)]::operator ()() const::[lambda(float) (instance 1)]>(at::TensorIteratorBase &, const T1 &)::[lambda(int) (instance 1)]>(int, T3)",500,0.0,2048.0,0,0,0.0,2048.0,2048.0,0.0,128.0,0.0,8192.0,8192.0,3.456,4613.472,2048.0,0.0,0.0,0,0,0,0,0,0,0.0,0.0,0,0,0.0,256.0,256.0
"void native::<unnamed>::CatArrayBatchedCopy<native::<unnamed>::OpaqueType<4>, unsigned int, 4, 64, 64>(T1 *, native::<unnamed>::CatArrInputTensorMetadata<T1, T2, T4, T5>, native::<unnamed>::TensorSizeStride<T2, 4>, int, T2)",501,0.0,0.0,0,0,0.0,0.0,0.0,0.0,256.0,0.0,16384.0,16384.0,5.696,4619.168,0.0,0.0,0.0,0,0,0,0,0,0,0.0,0.0,0,0,0.0,512.0,512.0
"void native::elementwise_kernel<128, 2, void native::gpu_kernel_impl_nocast<native::BinaryFunctor<float, float, float, binary_internal::MulFunctor<float>>>(at::TensorIteratorBase &, const T1 &)::[lambda(int) (instance 1)]>(int, T3)",502,0.0,4096.0,0,0,0.0,4096.0,4096.0,0.0,384.0,0.0,24576.0,16384.0,3.52,4622.688,0.0,4096.0,0.0,0,0,0,0,0,0,0.0,0.0,0,0,0.0,768.0,512.0
"void native::vectorized_elementwise_kernel<4, native::CUDAFunctor_add<float>, std::array<char *, 3>>(int, T2, T3)",503,4096.0,8192.0,0,0,0.0,8192.0,8192.0,0.0,96.0,0.0,32768.0,16384.0,2.688,4625.376,0.0,0.0,4096.0,0,0,0,0,0,0,0.0,0.0,0,0,0.0,1024.0,512.0
"void native::<unnamed>::CatArrayBatchedCopy_aligned16_contig<native::<unnamed>::OpaqueType<4>, unsigned int, 4, 128, 1>(T1 *, native::<unnamed>::CatArrInputTensorMetadata<T1, T2, T4, T5>, native::<unnamed>::TensorSizeStride<T2, 4>, int, T2)",504,0.0,0.0,0,0,0.0,0.0,0.0,0.0,320.0,0.0,32768.0,32768.0,3.552,4628.928,0.0,0.0,0.0,0,0,0,0,0,0,0.0,0.0,0,0,0.0,1024.0,1024.0
"void native::<unnamed>::CatArrayBatchedCopy_aligned16_contig<native::<unnamed>::OpaqueType<4>, unsigned int, 4, 128, 1>(T1 *, native::<unnamed>::CatArrInputTensorMetadata<T1, T2, T4, T5>, native::<unnamed>::TensorSizeStride<T2, 4>, int, T2)",505,0.0,0.0,0,0,0.0,0.0,0.0,0.0,320.0,0.0,32768.0,32768.0,3.456,4632.384,0.0,0.0,0.0,0,0,0,0,0,0,0.0,0.0,0,0,0.0,1024.0,1024.0
"fmha_cutlassF_f32_aligned_64x128_rf_sm80(PyTorchMemEffAttention::AttentionKernel<float, cutlass::Sm80, 1, 64, 128, 128, 1, 1>::Params)",506,65536.0,5885952.0,0,0,0.0,5885952.0,5885952.0,33280.0,64.0,0.9980806142034548,81920.0,16384.0,32.16,4664.544,4962304.0,792576.0,65536.0,0,0,0,0,0,0,0.0,0.0,0,0,0.0,2560.0,512.0
ampere_sgemm_32x32_sliced1x4_tn,507,36700160.0,74547200.0,0,0,0.0,74547200.0,74547200.0,220160.0,40960.0,0.8431372549019608,4702976.0,81920.0,14.432,4678.976,491520.0,655360.0,36700160.0,0,0,0,0,0,0,0.0,0.0,0,0,0.0,146968.0,2560.0
"void cublasLt::splitKreduce_kernel<32, 16, int, float, float, float, float, 0, float, float, float, 1, 0, 0>(cublasLt::cublasSplitKParams<T6>, const T4 *, const T10 *, T9 *, T5 *, const T6 *, const T6 *, const T11 *, const T4 *, T11 *, void *, long, T6 *, int *, T6 *, T6 *, const T6 *, const T6 *, const T6 *, const T6 *, const T6 *)",508,0.0,24576.0,0,0,0.0,24576.0,24576.0,0.0,768.0,0.0,81920.0,16384.0,3.264,4682.24,20480.0,4096.0,0.0,0,0,0,0,0,0,0.0,0.0,0,0,0.0,2560.0,512.0
"void native::vectorized_elementwise_kernel<4, native::CUDAFunctor_add<float>, std::array<char *, 3>>(int, T2, T3)",509,4096.0,8192.0,0,0,0.0,8192.0,8192.0,0.0,96.0,0.0,32768.0,16384.0,2.688,4684.928,0.0,0.0,4096.0,0,0,0,0,0,0,0.0,0.0,0,0,0.0,1024.0,512.0
"void native::vectorized_elementwise_kernel<4, void native::<unnamed>::pow_tensor_scalar_kernel_impl<float, float>(at::TensorIteratorBase &, T2)::[lambda(float) (instance 1)], std::array<char *, 2>>(int, T2, T3)",510,0.0,4096.0,0,0,0.0,4096.0,4096.0,0.0,64.0,0.0,16384.0,16384.0,2.592,4687.5199999999995,0.0,4096.0,0.0,0,0,0,0,0,0,0.0,0.0,0,0,0.0,512.0,512.0
"void native::reduce_kernel<512, 1, native::ReduceOp<float, native::MeanOps<float, float, float, float>, unsigned int, float, 4, 4>>(T3)",511,0.0,8580.0,0,0,0.0,8580.0,8580.0,40.0,36.0,0.5263157894736842,16384.0,32.0,5.568,4693.088,8576.0,4.0,0.0,0,0,0,0,0,0,0.0,0.0,0,0,0.0,512.0,1.0
"void native::vectorized_elementwise_kernel<4, native::CUDAFunctorOnSelf_add<float>, std::array<char *, 2>>(int, T2, T3)",512,4.0,8.0,0,0,0.0,8.0,8.0,0.0,2.0,0.0,32.0,32.0,2.496,4695.584,0.0,0.0,4.0,0,0,0,0,0,0,0.0,0.0,0,0,0.0,1.0,1.0
"void native::vectorized_elementwise_kernel<4, native::rsqrt_kernel_cuda(at::TensorIteratorBase &)::[lambda() (instance 2)]::operator ()() const::[lambda() (instance 2)]::operator ()() const::[lambda(float) (instance 1)], std::array<char *, 2>>(int, T2, T3)",513,0.0,0.0,0,0,0.0,0.0,0.0,0.0,2.0,0.0,32.0,32.0,2.592,4698.1759999999995,0.0,0.0,0.0,0,0,0,0,0,0,0.0,0.0,0,0,0.0,1.0,1.0
"void native::elementwise_kernel<128, 2, void native::gpu_kernel_impl_nocast<native::BinaryFunctor<float, float, float, binary_internal::MulFunctor<float>>>(at::TensorIteratorBase &, const T1 &)::[lambda(int) (instance 1)]>(int, T3)",514,0.0,4096.0,0,0,0.0,4096.0,4096.0,0.0,384.0,0.0,16896.0,16384.0,3.456,4701.632,0.0,4096.0,0.0,0,0,0,0,0,0,0.0,0.0,0,0,0.0,528.0,512.0
"void native::elementwise_kernel<128, 2, void native::gpu_kernel_impl_nocast<native::BinaryFunctor<float, float, float, binary_internal::MulFunctor<float>>>(at::TensorIteratorBase &, const T1 &)::[lambda(int) (instance 1)]>(int, T3)",515,0.0,4096.0,0,0,0.0,4096.0,4096.0,0.0,384.0,0.0,32768.0,16384.0,3.488,4705.12,0.0,4096.0,0.0,0,0,0,0,0,0,0.0,0.0,0,0,0.0,1024.0,512.0
"void gemmSN_TN_kernel<float, 128, 16, 2, 4, 4, 4, 1, cublasGemvTensorStridedBatched<const float>, cublasGemvTensorStridedBatched<const float>, cublasGemvTensorStridedBatched<float>>(cublasGemmSmallNParams<T9, T10, T11, T1>)",516,16777216.0,36962304.0,0,0,0.0,36962304.0,36962304.0,247808.0,204800.0,0.5475113122171946,19457792.0,70048.0,26.912,4732.032,1310720.0,2097152.0,16777216.0,0,0,0,0,0,0,0.0,0.0,0,0,0.0,608056.0,2189.0
"void native::vectorized_elementwise_kernel<4, native::<unnamed>::silu_kernel(at::TensorIteratorBase &)::[lambda() (instance 1)]::operator ()() const::[lambda() (instance 2)]::operator ()() const::[lambda(float) (instance 1)], std::array<char *, 2>>(int, T2, T3)",517,188416.0,393216.0,0,0,0.0,393216.0,393216.0,0.0,256.0,0.0,65536.0,65536.0,3.04,4735.072,16384.0,0.0,188416.0,0,0,0,0,0,0,0.0,0.0,0,0,0.0,2048.0,2048.0
"void gemmSN_TN_kernel<float, 128, 16, 2, 4, 4, 4, 1, cublasGemvTensorStridedBatched<const float>, cublasGemvTensorStridedBatched<const float>, cublasGemvTensorStridedBatched<float>>(cublasGemmSmallNParams<T9, T10, T11, T1>)",518,16777216.0,36962304.0,0,0,0.0,36962304.0,36962304.0,247808.0,204800.0,0.5475113122171946,19656960.0,71904.0,26.464,4761.536,1310720.0,2097152.0,16777216.0,0,0,0,0,0,0,0.0,0.0,0,0,0.0,614280.0,2247.0
"void native::vectorized_elementwise_kernel<4, native::BinaryFunctor<float, float, float, binary_internal::MulFunctor<float>>, std::array<char *, 3>>(int, T2, T3)",519,0.0,16384.0,0,0,0.0,16384.0,16384.0,0.0,384.0,0.0,131072.0,65536.0,2.752,4764.2880000000005,0.0,16384.0,0.0,0,0,0,0,0,0,0.0,0.0,0,0,0.0,4096.0,2048.0
ampere_sgemm_64x32_sliced1x4_tn,520,134217728.0,270270464.0,0,0,0.0,270270464.0,270270464.0,651264.0,140288.0,0.8227684346701164,17825792.0,131072.0,34.592,4798.88,786432.0,1048576.0,134217728.0,0,0,0,0,0,0,0.0,0.0,0,0,0.0,557056.0,4096.0
"void cublasLt::splitKreduce_kernel<32, 16, int, float, float, float, float, 0, float, float, float, 1, 0, 0>(cublasLt::cublasSplitKParams<T6>, const T4 *, const T10 *, T9 *, T5 *, const T6 *, const T6 *, const T11 *, const T4 *, T11 *, void *, long, T6 *, int *, T6 *, T6 *, const T6 *, const T6 *, const T6 *, const T6 *, const T6 *)",521,0.0,36864.0,0,0,0.0,36864.0,36864.0,0.0,1152.0,0.0,131072.0,16384.0,3.072,4801.952,32768.0,4096.0,0.0,0,0,0,0,0,0,0.0,0.0,0,0,0.0,4096.0,512.0
"void native::vectorized_elementwise_kernel<4, native::CUDAFunctor_add<float>, std::array<char *, 3>>(int, T2, T3)",522,4096.0,8192.0,0,0,0.0,8192.0,8192.0,0.0,96.0,0.0,32768.0,16384.0,2.688,4804.64,0.0,0.0,4096.0,0,0,0,0,0,0,0.0,0.0,0,0,0.0,1024.0,512.0
"void native::vectorized_elementwise_kernel<4, void native::<unnamed>::pow_tensor_scalar_kernel_impl<float, float>(at::TensorIteratorBase &, T2)::[lambda(float) (instance 1)], std::array<char *, 2>>(int, T2, T3)",523,0.0,4096.0,0,0,0.0,4096.0,4096.0,0.0,64.0,0.0,16384.0,16384.0,2.592,4807.232,0.0,4096.0,0.0,0,0,0,0,0,0,0.0,0.0,0,0,0.0,512.0,512.0
"void native::reduce_kernel<512, 1, native::ReduceOp<float, native::MeanOps<float, float, float, float>, unsigned int, float, 4, 4>>(T3)",524,0.0,8580.0,0,0,0.0,8580.0,8580.0,40.0,36.0,0.5263157894736842,16384.0,32.0,5.536,4812.768,8576.0,4.0,0.0,0,0,0,0,0,0,0.0,0.0,0,0,0.0,512.0,1.0
"void native::vectorized_elementwise_kernel<4, native::CUDAFunctorOnSelf_add<float>, std::array<char *, 2>>(int, T2, T3)",525,4.0,8.0,0,0,0.0,8.0,8.0,0.0,2.0,0.0,32.0,32.0,2.528,4815.296,0.0,0.0,4.0,0,0,0,0,0,0,0.0,0.0,0,0,0.0,1.0,1.0
"void native::vectorized_elementwise_kernel<4, native::rsqrt_kernel_cuda(at::TensorIteratorBase &)::[lambda() (instance 2)]::operator ()() const::[lambda() (instance 2)]::operator ()() const::[lambda(float) (instance 1)], std::array<char *, 2>>(int, T2, T3)",526,0.0,0.0,0,0,0.0,0.0,0.0,0.0,2.0,0.0,32.0,32.0,2.624,4817.92,0.0,0.0,0.0,0,0,0,0,0,0,0.0,0.0,0,0,0.0,1.0,1.0
"void native::elementwise_kernel<128, 2, void native::gpu_kernel_impl_nocast<native::BinaryFunctor<float, float, float, binary_internal::MulFunctor<float>>>(at::TensorIteratorBase &, const T1 &)::[lambda(int) (instance 1)]>(int, T3)",527,0.0,4096.0,0,0,0.0,4096.0,4096.0,0.0,384.0,0.0,16896.0,16384.0,3.584,4821.504,0.0,4096.0,0.0,0,0,0,0,0,0,0.0,0.0,0,0,0.0,528.0,512.0
"void native::elementwise_kernel<128, 2, void native::gpu_kernel_impl_nocast<native::BinaryFunctor<float, float, float, binary_internal::MulFunctor<float>>>(at::TensorIteratorBase &, const T1 &)::[lambda(int) (instance 1)]>(int, T3)",528,0.0,4096.0,0,0,0.0,4096.0,4096.0,0.0,384.0,0.0,32768.0,16384.0,3.488,4824.992,0.0,4096.0,0.0,0,0,0,0,0,0,0.0,0.0,0,0,0.0,1024.0,512.0
ampere_sgemm_32x32_sliced1x4_tn,529,33554432.0,68026368.0,0,0,0.0,68026368.0,68026368.0,196608.0,37376.0,0.8402625820568927,4718592.0,65536.0,14.56,4839.552000000001,393216.0,524288.0,33554432.0,0,0,0,0,0,0,0.0,0.0,0,0,0.0,147456.0,2048.0
"void cublasLt::splitKreduce_kernel<32, 16, int, float, float, float, float, 0, float, float, float, 1, 1, 0>(cublasLt::cublasSplitKParams<T6>, const T4 *, const T10 *, T9 *, T5 *, const T6 *, const T6 *, const T11 *, const T4 *, T11 *, void *, long, T6 *, int *, T6 *, T6 *, const T6 *, const T6 *, const T6 *, const T6 *, const T6 *)",530,0.0,24576.0,0,0,0.0,24576.0,24576.0,0.0,1408.0,0.0,69632.0,16384.0,3.136,4842.688000000001,20480.0,4096.0,0.0,0,0,0,0,0,0,0.0,0.0,0,0,0.0,2176.0,512.0
ampere_sgemm_32x32_sliced1x4_tn,531,33554432.0,68026368.0,0,0,0.0,68026368.0,68026368.0,196608.0,37376.0,0.8402625820568927,4718592.0,65536.0,14.528,4857.216000000001,393216.0,524288.0,33554432.0,0,0,0,0,0,0,0.0,0.0,0,0,0.0,147456.0,2048.0
"void cublasLt::splitKreduce_kernel<32, 16, int, float, float, float, float, 0, float, float, float, 1, 1, 0>(cublasLt::cublasSplitKParams<T6>, const T4 *, const T10 *, T9 *, T5 *, const T6 *, const T6 *, const T11 *, const T4 *, T11 *, void *, long, T6 *, int *, T6 *, T6 *, const T6 *, const T6 *, const T6 *, const T6 *, const T6 *)",532,0.0,24576.0,0,0,0.0,24576.0,24576.0,0.0,1408.0,0.0,69632.0,16384.0,3.168,4860.384000000001,20480.0,4096.0,0.0,0,0,0,0,0,0,0.0,0.0,0,0,0.0,2176.0,512.0
ampere_sgemm_32x32_sliced1x4_tn,533,33554432.0,68026368.0,0,0,0.0,68026368.0,68026368.0,196608.0,37376.0,0.8402625820568927,4718592.0,65536.0,14.528,4874.912000000001,393216.0,524288.0,33554432.0,0,0,0,0,0,0,0.0,0.0,0,0,0.0,147456.0,2048.0
"void cublasLt::splitKreduce_kernel<32, 16, int, float, float, float, float, 0, float, float, float, 1, 1, 0>(cublasLt::cublasSplitKParams<T6>, const T4 *, const T10 *, T9 *, T5 *, const T6 *, const T6 *, const T11 *, const T4 *, T11 *, void *, long, T6 *, int *, T6 *, T6 *, const T6 *, const T6 *, const T6 *, const T6 *, const T6 *)",534,0.0,24576.0,0,0,0.0,24576.0,24576.0,0.0,1408.0,0.0,69632.0,16384.0,3.168,4878.080000000001,20480.0,4096.0,0.0,0,0,0,0,0,0,0.0,0.0,0,0,0.0,2176.0,512.0
"void native::elementwise_kernel<128, 2, void native::gpu_kernel_impl_nocast<native::BinaryFunctor<float, float, float, binary_internal::MulFunctor<float>>>(at::TensorIteratorBase &, const T1 &)::[lambda(int) (instance 1)]>(int, T3)",535,0.0,4096.0,0,0,0.0,4096.0,4096.0,0.0,384.0,0.0,24576.0,16384.0,3.552,4881.6320000000005,0.0,4096.0,0.0,0,0,0,0,0,0,0.0,0.0,0,0,0.0,768.0,512.0
"void native::elementwise_kernel<128, 2, void native::gpu_kernel_impl_nocast<native::neg_kernel_cuda(at::TensorIteratorBase &)::[lambda() (instance 2)]::operator ()() const::[lambda() (instance 7)]::operator ()() const::[lambda(float) (instance 1)]>(at::TensorIteratorBase &, const T1 &)::[lambda(int) (instance 1)]>(int, T3)",536,0.0,2048.0,0,0,0.0,2048.0,2048.0,0.0,128.0,0.0,8192.0,8192.0,3.424,4885.0560000000005,2048.0,0.0,0.0,0,0,0,0,0,0,0.0,0.0,0,0,0.0,256.0,256.0
"void native::<unnamed>::CatArrayBatchedCopy<native::<unnamed>::OpaqueType<4>, unsigned int, 4, 64, 64>(T1 *, native::<unnamed>::CatArrInputTensorMetadata<T1, T2, T4, T5>, native::<unnamed>::TensorSizeStride<T2, 4>, int, T2)",537,0.0,0.0,0,0,0.0,0.0,0.0,0.0,256.0,0.0,16384.0,16384.0,5.6,4890.656000000001,0.0,0.0,0.0,0,0,0,0,0,0,0.0,0.0,0,0,0.0,512.0,512.0
"void native::elementwise_kernel<128, 2, void native::gpu_kernel_impl_nocast<native::BinaryFunctor<float, float, float, binary_internal::MulFunctor<float>>>(at::TensorIteratorBase &, const T1 &)::[lambda(int) (instance 1)]>(int, T3)",538,0.0,4096.0,0,0,0.0,4096.0,4096.0,0.0,384.0,0.0,24576.0,16384.0,3.488,4894.144000000001,0.0,4096.0,0.0,0,0,0,0,0,0,0.0,0.0,0,0,0.0,768.0,512.0
"void native::vectorized_elementwise_kernel<4, native::CUDAFunctor_add<float>, std::array<char *, 3>>(int, T2, T3)",539,4096.0,8192.0,0,0,0.0,8192.0,8192.0,0.0,96.0,0.0,32768.0,16384.0,2.688,4896.832000000001,0.0,0.0,4096.0,0,0,0,0,0,0,0.0,0.0,0,0,0.0,1024.0,512.0
"void native::elementwise_kernel<128, 2, void native::gpu_kernel_impl_nocast<native::BinaryFunctor<float, float, float, binary_internal::MulFunctor<float>>>(at::TensorIteratorBase &, const T1 &)::[lambda(int) (instance 1)]>(int, T3)",540,0.0,4096.0,0,0,0.0,4096.0,4096.0,0.0,384.0,0.0,24576.0,16384.0,3.552,4900.384000000001,0.0,4096.0,0.0,0,0,0,0,0,0,0.0,0.0,0,0,0.0,768.0,512.0
"void native::elementwise_kernel<128, 2, void native::gpu_kernel_impl_nocast<native::neg_kernel_cuda(at::TensorIteratorBase &)::[lambda() (instance 2)]::operator ()() const::[lambda() (instance 7)]::operator ()() const::[lambda(float) (instance 1)]>(at::TensorIteratorBase &, const T1 &)::[lambda(int) (instance 1)]>(int, T3)",541,0.0,2048.0,0,0,0.0,2048.0,2048.0,0.0,128.0,0.0,8192.0,8192.0,3.488,4903.872000000001,2048.0,0.0,0.0,0,0,0,0,0,0,0.0,0.0,0,0,0.0,256.0,256.0
"void native::<unnamed>::CatArrayBatchedCopy<native::<unnamed>::OpaqueType<4>, unsigned int, 4, 64, 64>(T1 *, native::<unnamed>::CatArrInputTensorMetadata<T1, T2, T4, T5>, native::<unnamed>::TensorSizeStride<T2, 4>, int, T2)",542,0.0,0.0,0,0,0.0,0.0,0.0,0.0,256.0,0.0,16384.0,16384.0,5.696,4909.568000000001,0.0,0.0,0.0,0,0,0,0,0,0,0.0,0.0,0,0,0.0,512.0,512.0
"void native::elementwise_kernel<128, 2, void native::gpu_kernel_impl_nocast<native::BinaryFunctor<float, float, float, binary_internal::MulFunctor<float>>>(at::TensorIteratorBase &, const T1 &)::[lambda(int) (instance 1)]>(int, T3)",543,0.0,4096.0,0,0,0.0,4096.0,4096.0,0.0,384.0,0.0,24576.0,16384.0,3.488,4913.056000000001,0.0,4096.0,0.0,0,0,0,0,0,0,0.0,0.0,0,0,0.0,768.0,512.0
"void native::vectorized_elementwise_kernel<4, native::CUDAFunctor_add<float>, std::array<char *, 3>>(int, T2, T3)",544,4096.0,8192.0,0,0,0.0,8192.0,8192.0,0.0,96.0,0.0,32768.0,16384.0,2.688,4915.7440000000015,0.0,0.0,4096.0,0,0,0,0,0,0,0.0,0.0,0,0,0.0,1024.0,512.0
"void native::<unnamed>::CatArrayBatchedCopy_aligned16_contig<native::<unnamed>::OpaqueType<4>, unsigned int, 4, 128, 1>(T1 *, native::<unnamed>::CatArrInputTensorMetadata<T1, T2, T4, T5>, native::<unnamed>::TensorSizeStride<T2, 4>, int, T2)",545,0.0,0.0,0,0,0.0,0.0,0.0,0.0,320.0,0.0,32768.0,32768.0,3.552,4919.296000000001,0.0,0.0,0.0,0,0,0,0,0,0,0.0,0.0,0,0,0.0,1024.0,1024.0
"void native::<unnamed>::CatArrayBatchedCopy_aligned16_contig<native::<unnamed>::OpaqueType<4>, unsigned int, 4, 128, 1>(T1 *, native::<unnamed>::CatArrInputTensorMetadata<T1, T2, T4, T5>, native::<unnamed>::TensorSizeStride<T2, 4>, int, T2)",546,0.0,0.0,0,0,0.0,0.0,0.0,0.0,320.0,0.0,32768.0,32768.0,3.52,4922.816000000002,0.0,0.0,0.0,0,0,0,0,0,0,0.0,0.0,0,0,0.0,1024.0,1024.0
"fmha_cutlassF_f32_aligned_64x128_rf_sm80(PyTorchMemEffAttention::AttentionKernel<float, cutlass::Sm80, 1, 64, 128, 128, 1, 1>::Params)",547,65536.0,5885952.0,0,0,0.0,5885952.0,5885952.0,33280.0,64.0,0.9980806142034548,81920.0,16384.0,31.968,4954.7840000000015,4962304.0,792576.0,65536.0,0,0,0,0,0,0,0.0,0.0,0,0,0.0,2560.0,512.0
ampere_sgemm_32x32_sliced1x4_tn,548,36700160.0,74547200.0,0,0,0.0,74547200.0,74547200.0,220160.0,40960.0,0.8431372549019608,4698336.0,81920.0,14.4,4969.184000000001,491520.0,655360.0,36700160.0,0,0,0,0,0,0,0.0,0.0,0,0,0.0,146823.0,2560.0
"void cublasLt::splitKreduce_kernel<32, 16, int, float, float, float, float, 0, float, float, float, 1, 0, 0>(cublasLt::cublasSplitKParams<T6>, const T4 *, const T10 *, T9 *, T5 *, const T6 *, const T6 *, const T11 *, const T4 *, T11 *, void *, long, T6 *, int *, T6 *, T6 *, const T6 *, const T6 *, const T6 *, const T6 *, const T6 *)",549,0.0,24576.0,0,0,0.0,24576.0,24576.0,0.0,768.0,0.0,81920.0,16384.0,3.264,4972.448000000001,20480.0,4096.0,0.0,0,0,0,0,0,0,0.0,0.0,0,0,0.0,2560.0,512.0
"void native::vectorized_elementwise_kernel<4, native::CUDAFunctor_add<float>, std::array<char *, 3>>(int, T2, T3)",550,4096.0,8192.0,0,0,0.0,8192.0,8192.0,0.0,96.0,0.0,32768.0,16384.0,2.688,4975.136000000001,0.0,0.0,4096.0,0,0,0,0,0,0,0.0,0.0,0,0,0.0,1024.0,512.0
"void native::vectorized_elementwise_kernel<4, void native::<unnamed>::pow_tensor_scalar_kernel_impl<float, float>(at::TensorIteratorBase &, T2)::[lambda(float) (instance 1)], std::array<char *, 2>>(int, T2, T3)",551,0.0,4096.0,0,0,0.0,4096.0,4096.0,0.0,64.0,0.0,16384.0,16384.0,2.656,4977.792000000001,0.0,4096.0,0.0,0,0,0,0,0,0,0.0,0.0,0,0,0.0,512.0,512.0
"void native::reduce_kernel<512, 1, native::ReduceOp<float, native::MeanOps<float, float, float, float>, unsigned int, float, 4, 4>>(T3)",552,0.0,8580.0,0,0,0.0,8580.0,8580.0,40.0,36.0,0.5263157894736842,16384.0,32.0,5.6,4983.392000000002,8576.0,4.0,0.0,0,0,0,0,0,0,0.0,0.0,0,0,0.0,512.0,1.0
"void native::vectorized_elementwise_kernel<4, native::CUDAFunctorOnSelf_add<float>, std::array<char *, 2>>(int, T2, T3)",553,4.0,8.0,0,0,0.0,8.0,8.0,0.0,2.0,0.0,32.0,32.0,2.496,4985.888000000002,0.0,0.0,4.0,0,0,0,0,0,0,0.0,0.0,0,0,0.0,1.0,1.0
"void native::vectorized_elementwise_kernel<4, native::rsqrt_kernel_cuda(at::TensorIteratorBase &)::[lambda() (instance 2)]::operator ()() const::[lambda() (instance 2)]::operator ()() const::[lambda(float) (instance 1)], std::array<char *, 2>>(int, T2, T3)",554,0.0,0.0,0,0,0.0,0.0,0.0,0.0,2.0,0.0,32.0,32.0,2.592,4988.480000000001,0.0,0.0,0.0,0,0,0,0,0,0,0.0,0.0,0,0,0.0,1.0,1.0
"void native::elementwise_kernel<128, 2, void native::gpu_kernel_impl_nocast<native::BinaryFunctor<float, float, float, binary_internal::MulFunctor<float>>>(at::TensorIteratorBase &, const T1 &)::[lambda(int) (instance 1)]>(int, T3)",555,0.0,4096.0,0,0,0.0,4096.0,4096.0,0.0,384.0,0.0,16896.0,16384.0,3.456,4991.9360000000015,0.0,4096.0,0.0,0,0,0,0,0,0,0.0,0.0,0,0,0.0,528.0,512.0
"void native::elementwise_kernel<128, 2, void native::gpu_kernel_impl_nocast<native::BinaryFunctor<float, float, float, binary_internal::MulFunctor<float>>>(at::TensorIteratorBase &, const T1 &)::[lambda(int) (instance 1)]>(int, T3)",556,0.0,4096.0,0,0,0.0,4096.0,4096.0,0.0,384.0,0.0,32768.0,16384.0,3.456,4995.392000000002,0.0,4096.0,0.0,0,0,0,0,0,0,0.0,0.0,0,0,0.0,1024.0,512.0
"void gemmSN_TN_kernel<float, 128, 16, 2, 4, 4, 4, 1, cublasGemvTensorStridedBatched<const float>, cublasGemvTensorStridedBatched<const float>, cublasGemvTensorStridedBatched<float>>(cublasGemmSmallNParams<T9, T10, T11, T1>)",557,16777216.0,36962304.0,0,0,0.0,36962304.0,36962304.0,247808.0,204800.0,0.5475113122171946,19732032.0,70880.0,26.688,5022.080000000002,1310720.0,2097152.0,16777216.0,0,0,0,0,0,0,0.0,0.0,0,0,0.0,616626.0,2215.0
"void native::vectorized_elementwise_kernel<4, native::<unnamed>::silu_kernel(at::TensorIteratorBase &)::[lambda() (instance 1)]::operator ()() const::[lambda() (instance 2)]::operator ()() const::[lambda(float) (instance 1)], std::array<char *, 2>>(int, T2, T3)",558,188416.0,393216.0,0,0,0.0,393216.0,393216.0,0.0,256.0,0.0,65536.0,65536.0,3.008,5025.088000000002,16384.0,0.0,188416.0,0,0,0,0,0,0,0.0,0.0,0,0,0.0,2048.0,2048.0
"void gemmSN_TN_kernel<float, 128, 16, 2, 4, 4, 4, 1, cublasGemvTensorStridedBatched<const float>, cublasGemvTensorStridedBatched<const float>, cublasGemvTensorStridedBatched<float>>(cublasGemmSmallNParams<T9, T10, T11, T1>)",559,16777216.0,36962304.0,0,0,0.0,36962304.0,36962304.0,247808.0,204800.0,0.5475113122171946,19401344.0,72224.0,26.944,5052.032000000002,1310720.0,2097152.0,16777216.0,0,0,0,0,0,0,0.0,0.0,0,0,0.0,606292.0,2257.0
"void native::vectorized_elementwise_kernel<4, native::BinaryFunctor<float, float, float, binary_internal::MulFunctor<float>>, std::array<char *, 3>>(int, T2, T3)",560,0.0,16384.0,0,0,0.0,16384.0,16384.0,0.0,384.0,0.0,131072.0,65536.0,2.752,5054.784000000002,0.0,16384.0,0.0,0,0,0,0,0,0,0.0,0.0,0,0,0.0,4096.0,2048.0
ampere_sgemm_64x32_sliced1x4_tn,561,134217728.0,270270464.0,0,0,0.0,270270464.0,270270464.0,651264.0,140288.0,0.8227684346701164,17825792.0,131072.0,34.56,5089.344000000003,786432.0,1048576.0,134217728.0,0,0,0,0,0,0,0.0,0.0,0,0,0.0,557056.0,4096.0
"void cublasLt::splitKreduce_kernel<32, 16, int, float, float, float, float, 0, float, float, float, 1, 0, 0>(cublasLt::cublasSplitKParams<T6>, const T4 *, const T10 *, T9 *, T5 *, const T6 *, const T6 *, const T11 *, const T4 *, T11 *, void *, long, T6 *, int *, T6 *, T6 *, const T6 *, const T6 *, const T6 *, const T6 *, const T6 *)",562,0.0,36864.0,0,0,0.0,36864.0,36864.0,0.0,1152.0,0.0,131072.0,16384.0,2.976,5092.320000000002,32768.0,4096.0,0.0,0,0,0,0,0,0,0.0,0.0,0,0,0.0,4096.0,512.0
"void native::vectorized_elementwise_kernel<4, native::CUDAFunctor_add<float>, std::array<char *, 3>>(int, T2, T3)",563,4096.0,8192.0,0,0,0.0,8192.0,8192.0,0.0,96.0,0.0,32768.0,16384.0,2.624,5094.944000000002,0.0,0.0,4096.0,0,0,0,0,0,0,0.0,0.0,0,0,0.0,1024.0,512.0
"void native::vectorized_elementwise_kernel<4, void native::<unnamed>::pow_tensor_scalar_kernel_impl<float, float>(at::TensorIteratorBase &, T2)::[lambda(float) (instance 1)], std::array<char *, 2>>(int, T2, T3)",564,0.0,4096.0,0,0,0.0,4096.0,4096.0,0.0,64.0,0.0,16384.0,16384.0,2.528,5097.4720000000025,0.0,4096.0,0.0,0,0,0,0,0,0,0.0,0.0,0,0,0.0,512.0,512.0
"void native::reduce_kernel<512, 1, native::ReduceOp<float, native::MeanOps<float, float, float, float>, unsigned int, float, 4, 4>>(T3)",565,0.0,8580.0,0,0,0.0,8580.0,8580.0,40.0,36.0,0.5263157894736842,16384.0,32.0,5.536,5103.0080000000025,8576.0,4.0,0.0,0,0,0,0,0,0,0.0,0.0,0,0,0.0,512.0,1.0
"void native::vectorized_elementwise_kernel<4, native::CUDAFunctorOnSelf_add<float>, std::array<char *, 2>>(int, T2, T3)",566,4.0,8.0,0,0,0.0,8.0,8.0,0.0,2.0,0.0,32.0,32.0,2.56,5105.568000000003,0.0,0.0,4.0,0,0,0,0,0,0,0.0,0.0,0,0,0.0,1.0,1.0
"void native::vectorized_elementwise_kernel<4, native::rsqrt_kernel_cuda(at::TensorIteratorBase &)::[lambda() (instance 2)]::operator ()() const::[lambda() (instance 2)]::operator ()() const::[lambda(float) (instance 1)], std::array<char *, 2>>(int, T2, T3)",567,0.0,0.0,0,0,0.0,0.0,0.0,0.0,2.0,0.0,32.0,32.0,2.592,5108.160000000003,0.0,0.0,0.0,0,0,0,0,0,0,0.0,0.0,0,0,0.0,1.0,1.0
"void native::elementwise_kernel<128, 2, void native::gpu_kernel_impl_nocast<native::BinaryFunctor<float, float, float, binary_internal::MulFunctor<float>>>(at::TensorIteratorBase &, const T1 &)::[lambda(int) (instance 1)]>(int, T3)",568,0.0,4096.0,0,0,0.0,4096.0,4096.0,0.0,384.0,0.0,16896.0,16384.0,3.424,5111.584000000003,0.0,4096.0,0.0,0,0,0,0,0,0,0.0,0.0,0,0,0.0,528.0,512.0
"void native::elementwise_kernel<128, 2, void native::gpu_kernel_impl_nocast<native::BinaryFunctor<float, float, float, binary_internal::MulFunctor<float>>>(at::TensorIteratorBase &, const T1 &)::[lambda(int) (instance 1)]>(int, T3)",569,0.0,4096.0,0,0,0.0,4096.0,4096.0,0.0,384.0,0.0,32768.0,16384.0,3.52,5115.104000000003,0.0,4096.0,0.0,0,0,0,0,0,0,0.0,0.0,0,0,0.0,1024.0,512.0
ampere_sgemm_32x32_sliced1x4_tn,570,33554432.0,68026368.0,0,0,0.0,68026368.0,68026368.0,196608.0,37376.0,0.8402625820568927,4718592.0,65536.0,14.656,5129.760000000003,393216.0,524288.0,33554432.0,0,0,0,0,0,0,0.0,0.0,0,0,0.0,147456.0,2048.0
"void cublasLt::splitKreduce_kernel<32, 16, int, float, float, float, float, 0, float, float, float, 1, 1, 0>(cublasLt::cublasSplitKParams<T6>, const T4 *, const T10 *, T9 *, T5 *, const T6 *, const T6 *, const T11 *, const T4 *, T11 *, void *, long, T6 *, int *, T6 *, T6 *, const T6 *, const T6 *, const T6 *, const T6 *, const T6 *)",571,0.0,24576.0,0,0,0.0,24576.0,24576.0,0.0,1408.0,0.0,69632.0,16384.0,3.136,5132.896000000003,20480.0,4096.0,0.0,0,0,0,0,0,0,0.0,0.0,0,0,0.0,2176.0,512.0
ampere_sgemm_32x32_sliced1x4_tn,572,33554432.0,68026368.0,0,0,0.0,68026368.0,68026368.0,196608.0,37376.0,0.8402625820568927,4718592.0,65536.0,14.624,5147.520000000003,393216.0,524288.0,33554432.0,0,0,0,0,0,0,0.0,0.0,0,0,0.0,147456.0,2048.0
"void cublasLt::splitKreduce_kernel<32, 16, int, float, float, float, float, 0, float, float, float, 1, 1, 0>(cublasLt::cublasSplitKParams<T6>, const T4 *, const T10 *, T9 *, T5 *, const T6 *, const T6 *, const T11 *, const T4 *, T11 *, void *, long, T6 *, int *, T6 *, T6 *, const T6 *, const T6 *, const T6 *, const T6 *, const T6 *)",573,0.0,24576.0,0,0,0.0,24576.0,24576.0,0.0,1408.0,0.0,69632.0,16384.0,3.136,5150.656000000004,20480.0,4096.0,0.0,0,0,0,0,0,0,0.0,0.0,0,0,0.0,2176.0,512.0
ampere_sgemm_32x32_sliced1x4_tn,574,33554432.0,68026368.0,0,0,0.0,68026368.0,68026368.0,196608.0,37376.0,0.8402625820568927,4718592.0,65536.0,14.528,5165.184000000004,393216.0,524288.0,33554432.0,0,0,0,0,0,0,0.0,0.0,0,0,0.0,147456.0,2048.0
"void cublasLt::splitKreduce_kernel<32, 16, int, float, float, float, float, 0, float, float, float, 1, 1, 0>(cublasLt::cublasSplitKParams<T6>, const T4 *, const T10 *, T9 *, T5 *, const T6 *, const T6 *, const T11 *, const T4 *, T11 *, void *, long, T6 *, int *, T6 *, T6 *, const T6 *, const T6 *, const T6 *, const T6 *, const T6 *)",575,0.0,24576.0,0,0,0.0,24576.0,24576.0,0.0,1408.0,0.0,69632.0,16384.0,3.136,5168.320000000004,20480.0,4096.0,0.0,0,0,0,0,0,0,0.0,0.0,0,0,0.0,2176.0,512.0
"void native::elementwise_kernel<128, 2, void native::gpu_kernel_impl_nocast<native::BinaryFunctor<float, float, float, binary_internal::MulFunctor<float>>>(at::TensorIteratorBase &, const T1 &)::[lambda(int) (instance 1)]>(int, T3)",576,0.0,4096.0,0,0,0.0,4096.0,4096.0,0.0,384.0,0.0,24576.0,16384.0,3.488,5171.8080000000045,0.0,4096.0,0.0,0,0,0,0,0,0,0.0,0.0,0,0,0.0,768.0,512.0
"void native::elementwise_kernel<128, 2, void native::gpu_kernel_impl_nocast<native::neg_kernel_cuda(at::TensorIteratorBase &)::[lambda() (instance 2)]::operator ()() const::[lambda() (instance 7)]::operator ()() const::[lambda(float) (instance 1)]>(at::TensorIteratorBase &, const T1 &)::[lambda(int) (instance 1)]>(int, T3)",577,0.0,2048.0,0,0,0.0,2048.0,2048.0,0.0,128.0,0.0,8192.0,8192.0,3.456,5175.264000000005,2048.0,0.0,0.0,0,0,0,0,0,0,0.0,0.0,0,0,0.0,256.0,256.0
"void native::<unnamed>::CatArrayBatchedCopy<native::<unnamed>::OpaqueType<4>, unsigned int, 4, 64, 64>(T1 *, native::<unnamed>::CatArrInputTensorMetadata<T1, T2, T4, T5>, native::<unnamed>::TensorSizeStride<T2, 4>, int, T2)",578,0.0,0.0,0,0,0.0,0.0,0.0,0.0,256.0,0.0,16384.0,16384.0,5.728,5180.992000000005,0.0,0.0,0.0,0,0,0,0,0,0,0.0,0.0,0,0,0.0,512.0,512.0
"void native::elementwise_kernel<128, 2, void native::gpu_kernel_impl_nocast<native::BinaryFunctor<float, float, float, binary_internal::MulFunctor<float>>>(at::TensorIteratorBase &, const T1 &)::[lambda(int) (instance 1)]>(int, T3)",579,0.0,4096.0,0,0,0.0,4096.0,4096.0,0.0,384.0,0.0,24576.0,16384.0,3.52,5184.512000000005,0.0,4096.0,0.0,0,0,0,0,0,0,0.0,0.0,0,0,0.0,768.0,512.0
"void native::vectorized_elementwise_kernel<4, native::CUDAFunctor_add<float>, std::array<char *, 3>>(int, T2, T3)",580,4096.0,8192.0,0,0,0.0,8192.0,8192.0,0.0,96.0,0.0,32768.0,16384.0,2.592,5187.104000000005,0.0,0.0,4096.0,0,0,0,0,0,0,0.0,0.0,0,0,0.0,1024.0,512.0
"void native::elementwise_kernel<128, 2, void native::gpu_kernel_impl_nocast<native::BinaryFunctor<float, float, float, binary_internal::MulFunctor<float>>>(at::TensorIteratorBase &, const T1 &)::[lambda(int) (instance 1)]>(int, T3)",581,0.0,4096.0,0,0,0.0,4096.0,4096.0,0.0,384.0,0.0,24576.0,16384.0,3.584,5190.688000000005,0.0,4096.0,0.0,0,0,0,0,0,0,0.0,0.0,0,0,0.0,768.0,512.0
"void native::elementwise_kernel<128, 2, void native::gpu_kernel_impl_nocast<native::neg_kernel_cuda(at::TensorIteratorBase &)::[lambda() (instance 2)]::operator ()() const::[lambda() (instance 7)]::operator ()() const::[lambda(float) (instance 1)]>(at::TensorIteratorBase &, const T1 &)::[lambda(int) (instance 1)]>(int, T3)",582,0.0,2048.0,0,0,0.0,2048.0,2048.0,0.0,128.0,0.0,8192.0,8192.0,3.488,5194.176000000005,2048.0,0.0,0.0,0,0,0,0,0,0,0.0,0.0,0,0,0.0,256.0,256.0
"void native::<unnamed>::CatArrayBatchedCopy<native::<unnamed>::OpaqueType<4>, unsigned int, 4, 64, 64>(T1 *, native::<unnamed>::CatArrInputTensorMetadata<T1, T2, T4, T5>, native::<unnamed>::TensorSizeStride<T2, 4>, int, T2)",583,0.0,0.0,0,0,0.0,0.0,0.0,0.0,256.0,0.0,16384.0,16384.0,5.632,5199.8080000000045,0.0,0.0,0.0,0,0,0,0,0,0,0.0,0.0,0,0,0.0,512.0,512.0
"void native::elementwise_kernel<128, 2, void native::gpu_kernel_impl_nocast<native::BinaryFunctor<float, float, float, binary_internal::MulFunctor<float>>>(at::TensorIteratorBase &, const T1 &)::[lambda(int) (instance 1)]>(int, T3)",584,0.0,4096.0,0,0,0.0,4096.0,4096.0,0.0,384.0,0.0,24576.0,16384.0,3.456,5203.264000000005,0.0,4096.0,0.0,0,0,0,0,0,0,0.0,0.0,0,0,0.0,768.0,512.0
"void native::vectorized_elementwise_kernel<4, native::CUDAFunctor_add<float>, std::array<char *, 3>>(int, T2, T3)",585,4096.0,8192.0,0,0,0.0,8192.0,8192.0,0.0,96.0,0.0,32768.0,16384.0,2.688,5205.952000000005,0.0,0.0,4096.0,0,0,0,0,0,0,0.0,0.0,0,0,0.0,1024.0,512.0
"void native::<unnamed>::CatArrayBatchedCopy_aligned16_contig<native::<unnamed>::OpaqueType<4>, unsigned int, 4, 128, 1>(T1 *, native::<unnamed>::CatArrInputTensorMetadata<T1, T2, T4, T5>, native::<unnamed>::TensorSizeStride<T2, 4>, int, T2)",586,0.0,0.0,0,0,0.0,0.0,0.0,0.0,320.0,0.0,32768.0,32768.0,3.584,5209.536000000005,0.0,0.0,0.0,0,0,0,0,0,0,0.0,0.0,0,0,0.0,1024.0,1024.0
"void native::<unnamed>::CatArrayBatchedCopy_aligned16_contig<native::<unnamed>::OpaqueType<4>, unsigned int, 4, 128, 1>(T1 *, native::<unnamed>::CatArrInputTensorMetadata<T1, T2, T4, T5>, native::<unnamed>::TensorSizeStride<T2, 4>, int, T2)",587,0.0,0.0,0,0,0.0,0.0,0.0,0.0,320.0,0.0,32768.0,32768.0,3.52,5213.056000000005,0.0,0.0,0.0,0,0,0,0,0,0,0.0,0.0,0,0,0.0,1024.0,1024.0
"fmha_cutlassF_f32_aligned_64x128_rf_sm80(PyTorchMemEffAttention::AttentionKernel<float, cutlass::Sm80, 1, 64, 128, 128, 1, 1>::Params)",588,65536.0,5885952.0,0,0,0.0,5885952.0,5885952.0,33280.0,64.0,0.9980806142034548,81920.0,16384.0,32.128,5245.184000000005,4962304.0,792576.0,65536.0,0,0,0,0,0,0,0.0,0.0,0,0,0.0,2560.0,512.0
ampere_sgemm_32x32_sliced1x4_tn,589,36700160.0,74547200.0,0,0,0.0,74547200.0,74547200.0,220160.0,40960.0,0.8431372549019608,4703488.0,81920.0,14.4,5259.584000000004,491520.0,655360.0,36700160.0,0,0,0,0,0,0,0.0,0.0,0,0,0.0,146984.0,2560.0
"void cublasLt::splitKreduce_kernel<32, 16, int, float, float, float, float, 0, float, float, float, 1, 0, 0>(cublasLt::cublasSplitKParams<T6>, const T4 *, const T10 *, T9 *, T5 *, const T6 *, const T6 *, const T11 *, const T4 *, T11 *, void *, long, T6 *, int *, T6 *, T6 *, const T6 *, const T6 *, const T6 *, const T6 *, const T6 *)",590,0.0,24576.0,0,0,0.0,24576.0,24576.0,0.0,768.0,0.0,81920.0,16384.0,3.296,5262.880000000005,20480.0,4096.0,0.0,0,0,0,0,0,0,0.0,0.0,0,0,0.0,2560.0,512.0
"void native::vectorized_elementwise_kernel<4, native::CUDAFunctor_add<float>, std::array<char *, 3>>(int, T2, T3)",591,4096.0,8192.0,0,0,0.0,8192.0,8192.0,0.0,96.0,0.0,32768.0,16384.0,2.688,5265.568000000005,0.0,0.0,4096.0,0,0,0,0,0,0,0.0,0.0,0,0,0.0,1024.0,512.0
"void native::vectorized_elementwise_kernel<4, void native::<unnamed>::pow_tensor_scalar_kernel_impl<float, float>(at::TensorIteratorBase &, T2)::[lambda(float) (instance 1)], std::array<char *, 2>>(int, T2, T3)",592,0.0,4096.0,0,0,0.0,4096.0,4096.0,0.0,64.0,0.0,16384.0,16384.0,2.56,5268.128000000005,0.0,4096.0,0.0,0,0,0,0,0,0,0.0,0.0,0,0,0.0,512.0,512.0
"void native::reduce_kernel<512, 1, native::ReduceOp<float, native::MeanOps<float, float, float, float>, unsigned int, float, 4, 4>>(T3)",593,0.0,8580.0,0,0,0.0,8580.0,8580.0,40.0,36.0,0.5263157894736842,16384.0,32.0,5.6,5273.7280000000055,8576.0,4.0,0.0,0,0,0,0,0,0,0.0,0.0,0,0,0.0,512.0,1.0
"void native::vectorized_elementwise_kernel<4, native::CUDAFunctorOnSelf_add<float>, std::array<char *, 2>>(int, T2, T3)",594,4.0,8.0,0,0,0.0,8.0,8.0,0.0,2.0,0.0,32.0,32.0,2.496,5276.224000000006,0.0,0.0,4.0,0,0,0,0,0,0,0.0,0.0,0,0,0.0,1.0,1.0
"void native::vectorized_elementwise_kernel<4, native::rsqrt_kernel_cuda(at::TensorIteratorBase &)::[lambda() (instance 2)]::operator ()() const::[lambda() (instance 2)]::operator ()() const::[lambda(float) (instance 1)], std::array<char *, 2>>(int, T2, T3)",595,0.0,0.0,0,0,0.0,0.0,0.0,0.0,2.0,0.0,32.0,32.0,2.688,5278.912000000006,0.0,0.0,0.0,0,0,0,0,0,0,0.0,0.0,0,0,0.0,1.0,1.0
"void native::elementwise_kernel<128, 2, void native::gpu_kernel_impl_nocast<native::BinaryFunctor<float, float, float, binary_internal::MulFunctor<float>>>(at::TensorIteratorBase &, const T1 &)::[lambda(int) (instance 1)]>(int, T3)",596,0.0,4096.0,0,0,0.0,4096.0,4096.0,0.0,384.0,0.0,16896.0,16384.0,3.392,5282.3040000000055,0.0,4096.0,0.0,0,0,0,0,0,0,0.0,0.0,0,0,0.0,528.0,512.0
"void native::elementwise_kernel<128, 2, void native::gpu_kernel_impl_nocast<native::BinaryFunctor<float, float, float, binary_internal::MulFunctor<float>>>(at::TensorIteratorBase &, const T1 &)::[lambda(int) (instance 1)]>(int, T3)",597,0.0,4096.0,0,0,0.0,4096.0,4096.0,0.0,384.0,0.0,32768.0,16384.0,3.52,5285.824000000006,0.0,4096.0,0.0,0,0,0,0,0,0,0.0,0.0,0,0,0.0,1024.0,512.0
"void gemmSN_TN_kernel<float, 128, 16, 2, 4, 4, 4, 1, cublasGemvTensorStridedBatched<const float>, cublasGemvTensorStridedBatched<const float>, cublasGemvTensorStridedBatched<float>>(cublasGemmSmallNParams<T9, T10, T11, T1>)",598,16777216.0,36962304.0,0,0,0.0,36962304.0,36962304.0,247808.0,204800.0,0.5475113122171946,19384512.0,73120.0,26.752,5312.576000000006,1310720.0,2097152.0,16777216.0,0,0,0,0,0,0,0.0,0.0,0,0,0.0,605766.0,2285.0
"void native::vectorized_elementwise_kernel<4, native::<unnamed>::silu_kernel(at::TensorIteratorBase &)::[lambda() (instance 1)]::operator ()() const::[lambda() (instance 2)]::operator ()() const::[lambda(float) (instance 1)], std::array<char *, 2>>(int, T2, T3)",599,188416.0,393216.0,0,0,0.0,393216.0,393216.0,0.0,256.0,0.0,65536.0,65536.0,3.104,5315.680000000007,16384.0,0.0,188416.0,0,0,0,0,0,0,0.0,0.0,0,0,0.0,2048.0,2048.0
"void gemmSN_TN_kernel<float, 128, 16, 2, 4, 4, 4, 1, cublasGemvTensorStridedBatched<const float>, cublasGemvTensorStridedBatched<const float>, cublasGemvTensorStridedBatched<float>>(cublasGemmSmallNParams<T9, T10, T11, T1>)",600,16777216.0,36962304.0,0,0,0.0,36962304.0,36962304.0,247808.0,204800.0,0.5475113122171946,19446720.0,72032.0,27.168,5342.848000000006,1310720.0,2097152.0,16777216.0,0,0,0,0,0,0,0.0,0.0,0,0,0.0,607710.0,2251.0
"void native::vectorized_elementwise_kernel<4, native::BinaryFunctor<float, float, float, binary_internal::MulFunctor<float>>, std::array<char *, 3>>(int, T2, T3)",601,0.0,16384.0,0,0,0.0,16384.0,16384.0,0.0,384.0,0.0,131072.0,65536.0,2.752,5345.600000000007,0.0,16384.0,0.0,0,0,0,0,0,0,0.0,0.0,0,0,0.0,4096.0,2048.0
ampere_sgemm_64x32_sliced1x4_tn,602,134217728.0,270270464.0,0,0,0.0,270270464.0,270270464.0,651264.0,140288.0,0.8227684346701164,17825792.0,131072.0,34.56,5380.160000000007,786432.0,1048576.0,134217728.0,0,0,0,0,0,0,0.0,0.0,0,0,0.0,557056.0,4096.0
"void cublasLt::splitKreduce_kernel<32, 16, int, float, float, float, float, 0, float, float, float, 1, 0, 0>(cublasLt::cublasSplitKParams<T6>, const T4 *, const T10 *, T9 *, T5 *, const T6 *, const T6 *, const T11 *, const T4 *, T11 *, void *, long, T6 *, int *, T6 *, T6 *, const T6 *, const T6 *, const T6 *, const T6 *, const T6 *)",603,0.0,36864.0,0,0,0.0,36864.0,36864.0,0.0,1152.0,0.0,131072.0,16384.0,2.944,5383.1040000000075,32768.0,4096.0,0.0,0,0,0,0,0,0,0.0,0.0,0,0,0.0,4096.0,512.0
"void native::vectorized_elementwise_kernel<4, native::CUDAFunctor_add<float>, std::array<char *, 3>>(int, T2, T3)",604,4096.0,8192.0,0,0,0.0,8192.0,8192.0,0.0,96.0,0.0,32768.0,16384.0,2.688,5385.792000000008,0.0,0.0,4096.0,0,0,0,0,0,0,0.0,0.0,0,0,0.0,1024.0,512.0
"void native::vectorized_elementwise_kernel<4, void native::<unnamed>::pow_tensor_scalar_kernel_impl<float, float>(at::TensorIteratorBase &, T2)::[lambda(float) (instance 1)], std::array<char *, 2>>(int, T2, T3)",605,0.0,4096.0,0,0,0.0,4096.0,4096.0,0.0,64.0,0.0,16384.0,16384.0,2.592,5388.384000000007,0.0,4096.0,0.0,0,0,0,0,0,0,0.0,0.0,0,0,0.0,512.0,512.0
"void native::reduce_kernel<512, 1, native::ReduceOp<float, native::MeanOps<float, float, float, float>, unsigned int, float, 4, 4>>(T3)",606,0.0,8580.0,0,0,0.0,8580.0,8580.0,40.0,36.0,0.5263157894736842,16384.0,32.0,5.504,5393.888000000007,8576.0,4.0,0.0,0,0,0,0,0,0,0.0,0.0,0,0,0.0,512.0,1.0
"void native::vectorized_elementwise_kernel<4, native::CUDAFunctorOnSelf_add<float>, std::array<char *, 2>>(int, T2, T3)",607,4.0,8.0,0,0,0.0,8.0,8.0,0.0,2.0,0.0,32.0,32.0,2.464,5396.352000000007,0.0,0.0,4.0,0,0,0,0,0,0,0.0,0.0,0,0,0.0,1.0,1.0
"void native::vectorized_elementwise_kernel<4, native::rsqrt_kernel_cuda(at::TensorIteratorBase &)::[lambda() (instance 2)]::operator ()() const::[lambda() (instance 2)]::operator ()() const::[lambda(float) (instance 1)], std::array<char *, 2>>(int, T2, T3)",608,0.0,0.0,0,0,0.0,0.0,0.0,0.0,2.0,0.0,32.0,32.0,2.496,5398.848000000007,0.0,0.0,0.0,0,0,0,0,0,0,0.0,0.0,0,0,0.0,1.0,1.0
"void native::elementwise_kernel<128, 2, void native::gpu_kernel_impl_nocast<native::BinaryFunctor<float, float, float, binary_internal::MulFunctor<float>>>(at::TensorIteratorBase &, const T1 &)::[lambda(int) (instance 1)]>(int, T3)",609,0.0,4096.0,0,0,0.0,4096.0,4096.0,0.0,384.0,0.0,16896.0,16384.0,3.488,5402.3360000000075,0.0,4096.0,0.0,0,0,0,0,0,0,0.0,0.0,0,0,0.0,528.0,512.0
"void native::elementwise_kernel<128, 2, void native::gpu_kernel_impl_nocast<native::BinaryFunctor<float, float, float, binary_internal::MulFunctor<float>>>(at::TensorIteratorBase &, const T1 &)::[lambda(int) (instance 1)]>(int, T3)",610,0.0,4096.0,0,0,0.0,4096.0,4096.0,0.0,384.0,0.0,32768.0,16384.0,3.456,5405.792000000008,0.0,4096.0,0.0,0,0,0,0,0,0,0.0,0.0,0,0,0.0,1024.0,512.0
ampere_sgemm_32x32_sliced1x4_tn,611,33554432.0,68026368.0,0,0,0.0,68026368.0,68026368.0,196608.0,37376.0,0.8402625820568927,4718592.0,65536.0,14.656,5420.448000000008,393216.0,524288.0,33554432.0,0,0,0,0,0,0,0.0,0.0,0,0,0.0,147456.0,2048.0
"void cublasLt::splitKreduce_kernel<32, 16, int, float, float, float, float, 0, float, float, float, 1, 1, 0>(cublasLt::cublasSplitKParams<T6>, const T4 *, const T10 *, T9 *, T5 *, const T6 *, const T6 *, const T11 *, const T4 *, T11 *, void *, long, T6 *, int *, T6 *, T6 *, const T6 *, const T6 *, const T6 *, const T6 *, const T6 *)",612,0.0,24576.0,0,0,0.0,24576.0,24576.0,0.0,1408.0,0.0,69632.0,16384.0,3.168,5423.616000000007,20480.0,4096.0,0.0,0,0,0,0,0,0,0.0,0.0,0,0,0.0,2176.0,512.0
ampere_sgemm_32x32_sliced1x4_tn,613,33554432.0,68026368.0,0,0,0.0,68026368.0,68026368.0,196608.0,37376.0,0.8402625820568927,4718592.0,65536.0,14.496,5438.112000000007,393216.0,524288.0,33554432.0,0,0,0,0,0,0,0.0,0.0,0,0,0.0,147456.0,2048.0
"void cublasLt::splitKreduce_kernel<32, 16, int, float, float, float, float, 0, float, float, float, 1, 1, 0>(cublasLt::cublasSplitKParams<T6>, const T4 *, const T10 *, T9 *, T5 *, const T6 *, const T6 *, const T11 *, const T4 *, T11 *, void *, long, T6 *, int *, T6 *, T6 *, const T6 *, const T6 *, const T6 *, const T6 *, const T6 *)",614,0.0,24576.0,0,0,0.0,24576.0,24576.0,0.0,1408.0,0.0,69632.0,16384.0,3.168,5441.280000000007,20480.0,4096.0,0.0,0,0,0,0,0,0,0.0,0.0,0,0,0.0,2176.0,512.0
ampere_sgemm_32x32_sliced1x4_tn,615,33554432.0,68026368.0,0,0,0.0,68026368.0,68026368.0,196608.0,37376.0,0.8402625820568927,4718592.0,65536.0,14.592,5455.872000000007,393216.0,524288.0,33554432.0,0,0,0,0,0,0,0.0,0.0,0,0,0.0,147456.0,2048.0
"void cublasLt::splitKreduce_kernel<32, 16, int, float, float, float, float, 0, float, float, float, 1, 1, 0>(cublasLt::cublasSplitKParams<T6>, const T4 *, const T10 *, T9 *, T5 *, const T6 *, const T6 *, const T11 *, const T4 *, T11 *, void *, long, T6 *, int *, T6 *, T6 *, const T6 *, const T6 *, const T6 *, const T6 *, const T6 *)",616,0.0,24576.0,0,0,0.0,24576.0,24576.0,0.0,1408.0,0.0,69632.0,16384.0,3.072,5458.944000000007,20480.0,4096.0,0.0,0,0,0,0,0,0,0.0,0.0,0,0,0.0,2176.0,512.0
"void native::elementwise_kernel<128, 2, void native::gpu_kernel_impl_nocast<native::BinaryFunctor<float, float, float, binary_internal::MulFunctor<float>>>(at::TensorIteratorBase &, const T1 &)::[lambda(int) (instance 1)]>(int, T3)",617,0.0,4096.0,0,0,0.0,4096.0,4096.0,0.0,384.0,0.0,24576.0,16384.0,3.52,5462.464000000007,0.0,4096.0,0.0,0,0,0,0,0,0,0.0,0.0,0,0,0.0,768.0,512.0
"void native::elementwise_kernel<128, 2, void native::gpu_kernel_impl_nocast<native::neg_kernel_cuda(at::TensorIteratorBase &)::[lambda() (instance 2)]::operator ()() const::[lambda() (instance 7)]::operator ()() const::[lambda(float) (instance 1)]>(at::TensorIteratorBase &, const T1 &)::[lambda(int) (instance 1)]>(int, T3)",618,0.0,2048.0,0,0,0.0,2048.0,2048.0,0.0,128.0,0.0,8192.0,8192.0,3.456,5465.920000000007,2048.0,0.0,0.0,0,0,0,0,0,0,0.0,0.0,0,0,0.0,256.0,256.0
"void native::<unnamed>::CatArrayBatchedCopy<native::<unnamed>::OpaqueType<4>, unsigned int, 4, 64, 64>(T1 *, native::<unnamed>::CatArrInputTensorMetadata<T1, T2, T4, T5>, native::<unnamed>::TensorSizeStride<T2, 4>, int, T2)",619,0.0,0.0,0,0,0.0,0.0,0.0,0.0,256.0,0.0,16384.0,16384.0,5.6,5471.520000000008,0.0,0.0,0.0,0,0,0,0,0,0,0.0,0.0,0,0,0.0,512.0,512.0
"void native::elementwise_kernel<128, 2, void native::gpu_kernel_impl_nocast<native::BinaryFunctor<float, float, float, binary_internal::MulFunctor<float>>>(at::TensorIteratorBase &, const T1 &)::[lambda(int) (instance 1)]>(int, T3)",620,0.0,4096.0,0,0,0.0,4096.0,4096.0,0.0,384.0,0.0,24576.0,16384.0,3.456,5474.976000000008,0.0,4096.0,0.0,0,0,0,0,0,0,0.0,0.0,0,0,0.0,768.0,512.0
"void native::vectorized_elementwise_kernel<4, native::CUDAFunctor_add<float>, std::array<char *, 3>>(int, T2, T3)",621,4096.0,8192.0,0,0,0.0,8192.0,8192.0,0.0,96.0,0.0,32768.0,16384.0,2.688,5477.664000000008,0.0,0.0,4096.0,0,0,0,0,0,0,0.0,0.0,0,0,0.0,1024.0,512.0
"void native::elementwise_kernel<128, 2, void native::gpu_kernel_impl_nocast<native::BinaryFunctor<float, float, float, binary_internal::MulFunctor<float>>>(at::TensorIteratorBase &, const T1 &)::[lambda(int) (instance 1)]>(int, T3)",622,0.0,4096.0,0,0,0.0,4096.0,4096.0,0.0,384.0,0.0,24576.0,16384.0,3.456,5481.120000000008,0.0,4096.0,0.0,0,0,0,0,0,0,0.0,0.0,0,0,0.0,768.0,512.0
"void native::elementwise_kernel<128, 2, void native::gpu_kernel_impl_nocast<native::neg_kernel_cuda(at::TensorIteratorBase &)::[lambda() (instance 2)]::operator ()() const::[lambda() (instance 7)]::operator ()() const::[lambda(float) (instance 1)]>(at::TensorIteratorBase &, const T1 &)::[lambda(int) (instance 1)]>(int, T3)",623,0.0,2048.0,0,0,0.0,2048.0,2048.0,0.0,128.0,0.0,8192.0,8192.0,3.488,5484.608000000008,2048.0,0.0,0.0,0,0,0,0,0,0,0.0,0.0,0,0,0.0,256.0,256.0
"void native::<unnamed>::CatArrayBatchedCopy<native::<unnamed>::OpaqueType<4>, unsigned int, 4, 64, 64>(T1 *, native::<unnamed>::CatArrInputTensorMetadata<T1, T2, T4, T5>, native::<unnamed>::TensorSizeStride<T2, 4>, int, T2)",624,0.0,0.0,0,0,0.0,0.0,0.0,0.0,256.0,0.0,16384.0,16384.0,5.696,5490.304000000008,0.0,0.0,0.0,0,0,0,0,0,0,0.0,0.0,0,0,0.0,512.0,512.0
"void native::elementwise_kernel<128, 2, void native::gpu_kernel_impl_nocast<native::BinaryFunctor<float, float, float, binary_internal::MulFunctor<float>>>(at::TensorIteratorBase &, const T1 &)::[lambda(int) (instance 1)]>(int, T3)",625,0.0,4096.0,0,0,0.0,4096.0,4096.0,0.0,384.0,0.0,24576.0,16384.0,3.52,5493.824000000009,0.0,4096.0,0.0,0,0,0,0,0,0,0.0,0.0,0,0,0.0,768.0,512.0
"void native::vectorized_elementwise_kernel<4, native::CUDAFunctor_add<float>, std::array<char *, 3>>(int, T2, T3)",626,4096.0,8192.0,0,0,0.0,8192.0,8192.0,0.0,96.0,0.0,32768.0,16384.0,2.656,5496.480000000009,0.0,0.0,4096.0,0,0,0,0,0,0,0.0,0.0,0,0,0.0,1024.0,512.0
"void native::<unnamed>::CatArrayBatchedCopy_aligned16_contig<native::<unnamed>::OpaqueType<4>, unsigned int, 4, 128, 1>(T1 *, native::<unnamed>::CatArrInputTensorMetadata<T1, T2, T4, T5>, native::<unnamed>::TensorSizeStride<T2, 4>, int, T2)",627,0.0,0.0,0,0,0.0,0.0,0.0,0.0,320.0,0.0,32768.0,32768.0,3.456,5499.936000000009,0.0,0.0,0.0,0,0,0,0,0,0,0.0,0.0,0,0,0.0,1024.0,1024.0
"void native::<unnamed>::CatArrayBatchedCopy_aligned16_contig<native::<unnamed>::OpaqueType<4>, unsigned int, 4, 128, 1>(T1 *, native::<unnamed>::CatArrInputTensorMetadata<T1, T2, T4, T5>, native::<unnamed>::TensorSizeStride<T2, 4>, int, T2)",628,0.0,0.0,0,0,0.0,0.0,0.0,0.0,320.0,0.0,32768.0,32768.0,3.52,5503.456000000009,0.0,0.0,0.0,0,0,0,0,0,0,0.0,0.0,0,0,0.0,1024.0,1024.0
"fmha_cutlassF_f32_aligned_64x128_rf_sm80(PyTorchMemEffAttention::AttentionKernel<float, cutlass::Sm80, 1, 64, 128, 128, 1, 1>::Params)",629,65536.0,5885952.0,0,0,0.0,5885952.0,5885952.0,33280.0,64.0,0.9980806142034548,81920.0,16384.0,32.032,5535.488000000009,4962304.0,792576.0,65536.0,0,0,0,0,0,0,0.0,0.0,0,0,0.0,2560.0,512.0
ampere_sgemm_32x32_sliced1x4_tn,630,36700160.0,74547200.0,0,0,0.0,74547200.0,74547200.0,220160.0,40960.0,0.8431372549019608,4707488.0,81920.0,14.432,5549.920000000009,491520.0,655360.0,36700160.0,0,0,0,0,0,0,0.0,0.0,0,0,0.0,147109.0,2560.0
"void cublasLt::splitKreduce_kernel<32, 16, int, float, float, float, float, 0, float, float, float, 1, 0, 0>(cublasLt::cublasSplitKParams<T6>, const T4 *, const T10 *, T9 *, T5 *, const T6 *, const T6 *, const T11 *, const T4 *, T11 *, void *, long, T6 *, int *, T6 *, T6 *, const T6 *, const T6 *, const T6 *, const T6 *, const T6 *)",631,0.0,24576.0,0,0,0.0,24576.0,24576.0,0.0,768.0,0.0,81920.0,16384.0,3.36,5553.280000000009,20480.0,4096.0,0.0,0,0,0,0,0,0,0.0,0.0,0,0,0.0,2560.0,512.0
"void native::vectorized_elementwise_kernel<4, native::CUDAFunctor_add<float>, std::array<char *, 3>>(int, T2, T3)",632,4096.0,8192.0,0,0,0.0,8192.0,8192.0,0.0,96.0,0.0,32768.0,16384.0,2.656,5555.936000000009,0.0,0.0,4096.0,0,0,0,0,0,0,0.0,0.0,0,0,0.0,1024.0,512.0
"void native::vectorized_elementwise_kernel<4, void native::<unnamed>::pow_tensor_scalar_kernel_impl<float, float>(at::TensorIteratorBase &, T2)::[lambda(float) (instance 1)], std::array<char *, 2>>(int, T2, T3)",633,0.0,4096.0,0,0,0.0,4096.0,4096.0,0.0,64.0,0.0,16384.0,16384.0,2.592,5558.528000000008,0.0,4096.0,0.0,0,0,0,0,0,0,0.0,0.0,0,0,0.0,512.0,512.0
"void native::reduce_kernel<512, 1, native::ReduceOp<float, native::MeanOps<float, float, float, float>, unsigned int, float, 4, 4>>(T3)",634,0.0,8580.0,0,0,0.0,8580.0,8580.0,40.0,36.0,0.5263157894736842,16384.0,32.0,5.536,5564.0640000000085,8576.0,4.0,0.0,0,0,0,0,0,0,0.0,0.0,0,0,0.0,512.0,1.0
"void native::vectorized_elementwise_kernel<4, native::CUDAFunctorOnSelf_add<float>, std::array<char *, 2>>(int, T2, T3)",635,4.0,8.0,0,0,0.0,8.0,8.0,0.0,2.0,0.0,32.0,32.0,2.432,5566.496000000008,0.0,0.0,4.0,0,0,0,0,0,0,0.0,0.0,0,0,0.0,1.0,1.0
"void native::vectorized_elementwise_kernel<4, native::rsqrt_kernel_cuda(at::TensorIteratorBase &)::[lambda() (instance 2)]::operator ()() const::[lambda() (instance 2)]::operator ()() const::[lambda(float) (instance 1)], std::array<char *, 2>>(int, T2, T3)",636,0.0,0.0,0,0,0.0,0.0,0.0,0.0,2.0,0.0,32.0,32.0,2.496,5568.992000000008,0.0,0.0,0.0,0,0,0,0,0,0,0.0,0.0,0,0,0.0,1.0,1.0
"void native::elementwise_kernel<128, 2, void native::gpu_kernel_impl_nocast<native::BinaryFunctor<float, float, float, binary_internal::MulFunctor<float>>>(at::TensorIteratorBase &, const T1 &)::[lambda(int) (instance 1)]>(int, T3)",637,0.0,4096.0,0,0,0.0,4096.0,4096.0,0.0,384.0,0.0,16896.0,16384.0,3.488,5572.480000000009,0.0,4096.0,0.0,0,0,0,0,0,0,0.0,0.0,0,0,0.0,528.0,512.0
"void native::elementwise_kernel<128, 2, void native::gpu_kernel_impl_nocast<native::BinaryFunctor<float, float, float, binary_internal::MulFunctor<float>>>(at::TensorIteratorBase &, const T1 &)::[lambda(int) (instance 1)]>(int, T3)",638,0.0,4096.0,0,0,0.0,4096.0,4096.0,0.0,384.0,0.0,32768.0,16384.0,3.552,5576.032000000008,0.0,4096.0,0.0,0,0,0,0,0,0,0.0,0.0,0,0,0.0,1024.0,512.0
"void gemmSN_TN_kernel<float, 128, 16, 2, 4, 4, 4, 1, cublasGemvTensorStridedBatched<const float>, cublasGemvTensorStridedBatched<const float>, cublasGemvTensorStridedBatched<float>>(cublasGemmSmallNParams<T9, T10, T11, T1>)",639,16777216.0,36962304.0,0,0,0.0,36962304.0,36962304.0,247808.0,204800.0,0.5475113122171946,19434880.0,73216.0,27.136,5603.168000000009,1310720.0,2097152.0,16777216.0,0,0,0,0,0,0,0.0,0.0,0,0,0.0,607340.0,2288.0
"void native::vectorized_elementwise_kernel<4, native::<unnamed>::silu_kernel(at::TensorIteratorBase &)::[lambda() (instance 1)]::operator ()() const::[lambda() (instance 2)]::operator ()() const::[lambda(float) (instance 1)], std::array<char *, 2>>(int, T2, T3)",640,188416.0,393216.0,0,0,0.0,393216.0,393216.0,0.0,256.0,0.0,65536.0,65536.0,2.976,5606.144000000008,16384.0,0.0,188416.0,0,0,0,0,0,0,0.0,0.0,0,0,0.0,2048.0,2048.0
"void gemmSN_TN_kernel<float, 128, 16, 2, 4, 4, 4, 1, cublasGemvTensorStridedBatched<const float>, cublasGemvTensorStridedBatched<const float>, cublasGemvTensorStridedBatched<float>>(cublasGemmSmallNParams<T9, T10, T11, T1>)",641,16777216.0,36962304.0,0,0,0.0,36962304.0,36962304.0,247808.0,204800.0,0.5475113122171946,19630016.0,73632.0,26.528,5632.672000000009,1310720.0,2097152.0,16777216.0,0,0,0,0,0,0,0.0,0.0,0,0,0.0,613438.0,2301.0
"void native::vectorized_elementwise_kernel<4, native::BinaryFunctor<float, float, float, binary_internal::MulFunctor<float>>, std::array<char *, 3>>(int, T2, T3)",642,0.0,16384.0,0,0,0.0,16384.0,16384.0,0.0,384.0,0.0,131072.0,65536.0,2.72,5635.392000000009,0.0,16384.0,0.0,0,0,0,0,0,0,0.0,0.0,0,0,0.0,4096.0,2048.0
ampere_sgemm_64x32_sliced1x4_tn,643,134217728.0,270270464.0,0,0,0.0,270270464.0,270270464.0,651264.0,140288.0,0.8227684346701164,17825792.0,131072.0,34.464,5669.856000000009,786432.0,1048576.0,134217728.0,0,0,0,0,0,0,0.0,0.0,0,0,0.0,557056.0,4096.0
"void cublasLt::splitKreduce_kernel<32, 16, int, float, float, float, float, 0, float, float, float, 1, 0, 0>(cublasLt::cublasSplitKParams<T6>, const T4 *, const T10 *, T9 *, T5 *, const T6 *, const T6 *, const T11 *, const T4 *, T11 *, void *, long, T6 *, int *, T6 *, T6 *, const T6 *, const T6 *, const T6 *, const T6 *, const T6 *)",644,0.0,36864.0,0,0,0.0,36864.0,36864.0,0.0,1152.0,0.0,131072.0,16384.0,2.944,5672.800000000009,32768.0,4096.0,0.0,0,0,0,0,0,0,0.0,0.0,0,0,0.0,4096.0,512.0
"void native::vectorized_elementwise_kernel<4, native::CUDAFunctor_add<float>, std::array<char *, 3>>(int, T2, T3)",645,4096.0,8192.0,0,0,0.0,8192.0,8192.0,0.0,96.0,0.0,32768.0,16384.0,2.688,5675.488000000009,0.0,0.0,4096.0,0,0,0,0,0,0,0.0,0.0,0,0,0.0,1024.0,512.0
"void native::vectorized_elementwise_kernel<4, void native::<unnamed>::pow_tensor_scalar_kernel_impl<float, float>(at::TensorIteratorBase &, T2)::[lambda(float) (instance 1)], std::array<char *, 2>>(int, T2, T3)",646,0.0,4096.0,0,0,0.0,4096.0,4096.0,0.0,64.0,0.0,16384.0,16384.0,2.624,5678.112000000009,0.0,4096.0,0.0,0,0,0,0,0,0,0.0,0.0,0,0,0.0,512.0,512.0
"void native::reduce_kernel<512, 1, native::ReduceOp<float, native::MeanOps<float, float, float, float>, unsigned int, float, 4, 4>>(T3)",647,0.0,8580.0,0,0,0.0,8580.0,8580.0,40.0,36.0,0.5263157894736842,16384.0,32.0,5.568,5683.680000000009,8576.0,4.0,0.0,0,0,0,0,0,0,0.0,0.0,0,0,0.0,512.0,1.0
"void native::vectorized_elementwise_kernel<4, native::CUDAFunctorOnSelf_add<float>, std::array<char *, 2>>(int, T2, T3)",648,4.0,8.0,0,0,0.0,8.0,8.0,0.0,2.0,0.0,32.0,32.0,2.432,5686.112000000009,0.0,0.0,4.0,0,0,0,0,0,0,0.0,0.0,0,0,0.0,1.0,1.0
"void native::vectorized_elementwise_kernel<4, native::rsqrt_kernel_cuda(at::TensorIteratorBase &)::[lambda() (instance 2)]::operator ()() const::[lambda() (instance 2)]::operator ()() const::[lambda(float) (instance 1)], std::array<char *, 2>>(int, T2, T3)",649,0.0,0.0,0,0,0.0,0.0,0.0,0.0,2.0,0.0,32.0,32.0,2.688,5688.800000000009,0.0,0.0,0.0,0,0,0,0,0,0,0.0,0.0,0,0,0.0,1.0,1.0
"void native::elementwise_kernel<128, 2, void native::gpu_kernel_impl_nocast<native::BinaryFunctor<float, float, float, binary_internal::MulFunctor<float>>>(at::TensorIteratorBase &, const T1 &)::[lambda(int) (instance 1)]>(int, T3)",650,0.0,4096.0,0,0,0.0,4096.0,4096.0,0.0,384.0,0.0,16896.0,16384.0,3.488,5692.28800000001,0.0,4096.0,0.0,0,0,0,0,0,0,0.0,0.0,0,0,0.0,528.0,512.0
"void native::elementwise_kernel<128, 2, void native::gpu_kernel_impl_nocast<native::BinaryFunctor<float, float, float, binary_internal::MulFunctor<float>>>(at::TensorIteratorBase &, const T1 &)::[lambda(int) (instance 1)]>(int, T3)",651,0.0,4096.0,0,0,0.0,4096.0,4096.0,0.0,384.0,0.0,32768.0,16384.0,3.552,5695.840000000009,0.0,4096.0,0.0,0,0,0,0,0,0,0.0,0.0,0,0,0.0,1024.0,512.0
ampere_sgemm_32x32_sliced1x4_tn,652,33554432.0,68026368.0,0,0,0.0,68026368.0,68026368.0,196608.0,37376.0,0.8402625820568927,4718592.0,65536.0,14.656,5710.496000000009,393216.0,524288.0,33554432.0,0,0,0,0,0,0,0.0,0.0,0,0,0.0,147456.0,2048.0
"void cublasLt::splitKreduce_kernel<32, 16, int, float, float, float, float, 0, float, float, float, 1, 1, 0>(cublasLt::cublasSplitKParams<T6>, const T4 *, const T10 *, T9 *, T5 *, const T6 *, const T6 *, const T11 *, const T4 *, T11 *, void *, long, T6 *, int *, T6 *, T6 *, const T6 *, const T6 *, const T6 *, const T6 *, const T6 *)",653,0.0,24576.0,0,0,0.0,24576.0,24576.0,0.0,1408.0,0.0,69632.0,16384.0,3.136,5713.63200000001,20480.0,4096.0,0.0,0,0,0,0,0,0,0.0,0.0,0,0,0.0,2176.0,512.0
ampere_sgemm_32x32_sliced1x4_tn,654,33554432.0,68026368.0,0,0,0.0,68026368.0,68026368.0,196608.0,37376.0,0.8402625820568927,4718592.0,65536.0,14.432,5728.064000000009,393216.0,524288.0,33554432.0,0,0,0,0,0,0,0.0,0.0,0,0,0.0,147456.0,2048.0
"void cublasLt::splitKreduce_kernel<32, 16, int, float, float, float, float, 0, float, float, float, 1, 1, 0>(cublasLt::cublasSplitKParams<T6>, const T4 *, const T10 *, T9 *, T5 *, const T6 *, const T6 *, const T11 *, const T4 *, T11 *, void *, long, T6 *, int *, T6 *, T6 *, const T6 *, const T6 *, const T6 *, const T6 *, const T6 *)",655,0.0,24576.0,0,0,0.0,24576.0,24576.0,0.0,1408.0,0.0,69632.0,16384.0,3.168,5731.232000000009,20480.0,4096.0,0.0,0,0,0,0,0,0,0.0,0.0,0,0,0.0,2176.0,512.0
ampere_sgemm_32x32_sliced1x4_tn,656,33554432.0,68026368.0,0,0,0.0,68026368.0,68026368.0,196608.0,37376.0,0.8402625820568927,4718592.0,65536.0,14.624,5745.856000000009,393216.0,524288.0,33554432.0,0,0,0,0,0,0,0.0,0.0,0,0,0.0,147456.0,2048.0
"void cublasLt::splitKreduce_kernel<32, 16, int, float, float, float, float, 0, float, float, float, 1, 1, 0>(cublasLt::cublasSplitKParams<T6>, const T4 *, const T10 *, T9 *, T5 *, const T6 *, const T6 *, const T11 *, const T4 *, T11 *, void *, long, T6 *, int *, T6 *, T6 *, const T6 *, const T6 *, const T6 *, const T6 *, const T6 *)",657,0.0,24576.0,0,0,0.0,24576.0,24576.0,0.0,1408.0,0.0,69632.0,16384.0,3.136,5748.992000000009,20480.0,4096.0,0.0,0,0,0,0,0,0,0.0,0.0,0,0,0.0,2176.0,512.0
"void native::elementwise_kernel<128, 2, void native::gpu_kernel_impl_nocast<native::BinaryFunctor<float, float, float, binary_internal::MulFunctor<float>>>(at::TensorIteratorBase &, const T1 &)::[lambda(int) (instance 1)]>(int, T3)",658,0.0,4096.0,0,0,0.0,4096.0,4096.0,0.0,384.0,0.0,24576.0,16384.0,3.52,5752.51200000001,0.0,4096.0,0.0,0,0,0,0,0,0,0.0,0.0,0,0,0.0,768.0,512.0
"void native::elementwise_kernel<128, 2, void native::gpu_kernel_impl_nocast<native::neg_kernel_cuda(at::TensorIteratorBase &)::[lambda() (instance 2)]::operator ()() const::[lambda() (instance 7)]::operator ()() const::[lambda(float) (instance 1)]>(at::TensorIteratorBase &, const T1 &)::[lambda(int) (instance 1)]>(int, T3)",659,0.0,2048.0,0,0,0.0,2048.0,2048.0,0.0,128.0,0.0,8192.0,8192.0,3.424,5755.93600000001,2048.0,0.0,0.0,0,0,0,0,0,0,0.0,0.0,0,0,0.0,256.0,256.0
"void native::<unnamed>::CatArrayBatchedCopy<native::<unnamed>::OpaqueType<4>, unsigned int, 4, 64, 64>(T1 *, native::<unnamed>::CatArrInputTensorMetadata<T1, T2, T4, T5>, native::<unnamed>::TensorSizeStride<T2, 4>, int, T2)",660,0.0,0.0,0,0,0.0,0.0,0.0,0.0,256.0,0.0,16384.0,16384.0,5.728,5761.66400000001,0.0,0.0,0.0,0,0,0,0,0,0,0.0,0.0,0,0,0.0,512.0,512.0
"void native::elementwise_kernel<128, 2, void native::gpu_kernel_impl_nocast<native::BinaryFunctor<float, float, float, binary_internal::MulFunctor<float>>>(at::TensorIteratorBase &, const T1 &)::[lambda(int) (instance 1)]>(int, T3)",661,0.0,4096.0,0,0,0.0,4096.0,4096.0,0.0,384.0,0.0,24576.0,16384.0,3.488,5765.15200000001,0.0,4096.0,0.0,0,0,0,0,0,0,0.0,0.0,0,0,0.0,768.0,512.0
"void native::vectorized_elementwise_kernel<4, native::CUDAFunctor_add<float>, std::array<char *, 3>>(int, T2, T3)",662,4096.0,8192.0,0,0,0.0,8192.0,8192.0,0.0,96.0,0.0,32768.0,16384.0,2.688,5767.84000000001,0.0,0.0,4096.0,0,0,0,0,0,0,0.0,0.0,0,0,0.0,1024.0,512.0
"void native::elementwise_kernel<128, 2, void native::gpu_kernel_impl_nocast<native::BinaryFunctor<float, float, float, binary_internal::MulFunctor<float>>>(at::TensorIteratorBase &, const T1 &)::[lambda(int) (instance 1)]>(int, T3)",663,0.0,4096.0,0,0,0.0,4096.0,4096.0,0.0,384.0,0.0,24576.0,16384.0,3.488,5771.32800000001,0.0,4096.0,0.0,0,0,0,0,0,0,0.0,0.0,0,0,0.0,768.0,512.0
"void native::elementwise_kernel<128, 2, void native::gpu_kernel_impl_nocast<native::neg_kernel_cuda(at::TensorIteratorBase &)::[lambda() (instance 2)]::operator ()() const::[lambda() (instance 7)]::operator ()() const::[lambda(float) (instance 1)]>(at::TensorIteratorBase &, const T1 &)::[lambda(int) (instance 1)]>(int, T3)",664,0.0,2048.0,0,0,0.0,2048.0,2048.0,0.0,128.0,0.0,8192.0,8192.0,3.424,5774.75200000001,2048.0,0.0,0.0,0,0,0,0,0,0,0.0,0.0,0,0,0.0,256.0,256.0
"void native::<unnamed>::CatArrayBatchedCopy<native::<unnamed>::OpaqueType<4>, unsigned int, 4, 64, 64>(T1 *, native::<unnamed>::CatArrInputTensorMetadata<T1, T2, T4, T5>, native::<unnamed>::TensorSizeStride<T2, 4>, int, T2)",665,0.0,0.0,0,0,0.0,0.0,0.0,0.0,256.0,0.0,16384.0,16384.0,5.632,5780.38400000001,0.0,0.0,0.0,0,0,0,0,0,0,0.0,0.0,0,0,0.0,512.0,512.0
"void native::elementwise_kernel<128, 2, void native::gpu_kernel_impl_nocast<native::BinaryFunctor<float, float, float, binary_internal::MulFunctor<float>>>(at::TensorIteratorBase &, const T1 &)::[lambda(int) (instance 1)]>(int, T3)",666,0.0,4096.0,0,0,0.0,4096.0,4096.0,0.0,384.0,0.0,24576.0,16384.0,3.456,5783.84000000001,0.0,4096.0,0.0,0,0,0,0,0,0,0.0,0.0,0,0,0.0,768.0,512.0
"void native::vectorized_elementwise_kernel<4, native::CUDAFunctor_add<float>, std::array<char *, 3>>(int, T2, T3)",667,4096.0,8192.0,0,0,0.0,8192.0,8192.0,0.0,96.0,0.0,32768.0,16384.0,2.688,5786.52800000001,0.0,0.0,4096.0,0,0,0,0,0,0,0.0,0.0,0,0,0.0,1024.0,512.0
"void native::<unnamed>::CatArrayBatchedCopy_aligned16_contig<native::<unnamed>::OpaqueType<4>, unsigned int, 4, 128, 1>(T1 *, native::<unnamed>::CatArrInputTensorMetadata<T1, T2, T4, T5>, native::<unnamed>::TensorSizeStride<T2, 4>, int, T2)",668,0.0,0.0,0,0,0.0,0.0,0.0,0.0,320.0,0.0,32768.0,32768.0,3.584,5790.11200000001,0.0,0.0,0.0,0,0,0,0,0,0,0.0,0.0,0,0,0.0,1024.0,1024.0
"void native::<unnamed>::CatArrayBatchedCopy_aligned16_contig<native::<unnamed>::OpaqueType<4>, unsigned int, 4, 128, 1>(T1 *, native::<unnamed>::CatArrInputTensorMetadata<T1, T2, T4, T5>, native::<unnamed>::TensorSizeStride<T2, 4>, int, T2)",669,0.0,0.0,0,0,0.0,0.0,0.0,0.0,320.0,0.0,32768.0,32768.0,3.552,5793.66400000001,0.0,0.0,0.0,0,0,0,0,0,0,0.0,0.0,0,0,0.0,1024.0,1024.0
"fmha_cutlassF_f32_aligned_64x128_rf_sm80(PyTorchMemEffAttention::AttentionKernel<float, cutlass::Sm80, 1, 64, 128, 128, 1, 1>::Params)",670,65536.0,5885952.0,0,0,0.0,5885952.0,5885952.0,33280.0,64.0,0.9980806142034548,81920.0,16384.0,32.128,5825.7920000000095,4962304.0,792576.0,65536.0,0,0,0,0,0,0,0.0,0.0,0,0,0.0,2560.0,512.0
ampere_sgemm_32x32_sliced1x4_tn,671,36700160.0,74547200.0,0,0,0.0,74547200.0,74547200.0,220160.0,40960.0,0.8431372549019608,4712000.0,81920.0,14.368,5840.16000000001,491520.0,655360.0,36700160.0,0,0,0,0,0,0,0.0,0.0,0,0,0.0,147250.0,2560.0
"void cublasLt::splitKreduce_kernel<32, 16, int, float, float, float, float, 0, float, float, float, 1, 0, 0>(cublasLt::cublasSplitKParams<T6>, const T4 *, const T10 *, T9 *, T5 *, const T6 *, const T6 *, const T11 *, const T4 *, T11 *, void *, long, T6 *, int *, T6 *, T6 *, const T6 *, const T6 *, const T6 *, const T6 *, const T6 *)",672,0.0,24576.0,0,0,0.0,24576.0,24576.0,0.0,768.0,0.0,81920.0,16384.0,3.232,5843.39200000001,20480.0,4096.0,0.0,0,0,0,0,0,0,0.0,0.0,0,0,0.0,2560.0,512.0
"void native::vectorized_elementwise_kernel<4, native::CUDAFunctor_add<float>, std::array<char *, 3>>(int, T2, T3)",673,4096.0,8192.0,0,0,0.0,8192.0,8192.0,0.0,96.0,0.0,32768.0,16384.0,2.688,5846.08000000001,0.0,0.0,4096.0,0,0,0,0,0,0,0.0,0.0,0,0,0.0,1024.0,512.0
"void native::vectorized_elementwise_kernel<4, void native::<unnamed>::pow_tensor_scalar_kernel_impl<float, float>(at::TensorIteratorBase &, T2)::[lambda(float) (instance 1)], std::array<char *, 2>>(int, T2, T3)",674,0.0,4096.0,0,0,0.0,4096.0,4096.0,0.0,64.0,0.0,16384.0,16384.0,2.592,5848.67200000001,0.0,4096.0,0.0,0,0,0,0,0,0,0.0,0.0,0,0,0.0,512.0,512.0
"void native::reduce_kernel<512, 1, native::ReduceOp<float, native::MeanOps<float, float, float, float>, unsigned int, float, 4, 4>>(T3)",675,0.0,8580.0,0,0,0.0,8580.0,8580.0,40.0,36.0,0.5263157894736842,16384.0,32.0,5.568,5854.24000000001,8576.0,4.0,0.0,0,0,0,0,0,0,0.0,0.0,0,0,0.0,512.0,1.0
"void native::vectorized_elementwise_kernel<4, native::CUDAFunctorOnSelf_add<float>, std::array<char *, 2>>(int, T2, T3)",676,4.0,8.0,0,0,0.0,8.0,8.0,0.0,2.0,0.0,32.0,32.0,2.464,5856.70400000001,0.0,0.0,4.0,0,0,0,0,0,0,0.0,0.0,0,0,0.0,1.0,1.0
"void native::vectorized_elementwise_kernel<4, native::rsqrt_kernel_cuda(at::TensorIteratorBase &)::[lambda() (instance 2)]::operator ()() const::[lambda() (instance 2)]::operator ()() const::[lambda(float) (instance 1)], std::array<char *, 2>>(int, T2, T3)",677,0.0,0.0,0,0,0.0,0.0,0.0,0.0,2.0,0.0,32.0,32.0,2.528,5859.23200000001,0.0,0.0,0.0,0,0,0,0,0,0,0.0,0.0,0,0,0.0,1.0,1.0
"void native::elementwise_kernel<128, 2, void native::gpu_kernel_impl_nocast<native::BinaryFunctor<float, float, float, binary_internal::MulFunctor<float>>>(at::TensorIteratorBase &, const T1 &)::[lambda(int) (instance 1)]>(int, T3)",678,0.0,4096.0,0,0,0.0,4096.0,4096.0,0.0,384.0,0.0,16896.0,16384.0,3.456,5862.68800000001,0.0,4096.0,0.0,0,0,0,0,0,0,0.0,0.0,0,0,0.0,528.0,512.0
"void native::elementwise_kernel<128, 2, void native::gpu_kernel_impl_nocast<native::BinaryFunctor<float, float, float, binary_internal::MulFunctor<float>>>(at::TensorIteratorBase &, const T1 &)::[lambda(int) (instance 1)]>(int, T3)",679,0.0,4096.0,0,0,0.0,4096.0,4096.0,0.0,384.0,0.0,32768.0,16384.0,3.424,5866.11200000001,0.0,4096.0,0.0,0,0,0,0,0,0,0.0,0.0,0,0,0.0,1024.0,512.0
"void gemmSN_TN_kernel<float, 128, 16, 2, 4, 4, 4, 1, cublasGemvTensorStridedBatched<const float>, cublasGemvTensorStridedBatched<const float>, cublasGemvTensorStridedBatched<float>>(cublasGemmSmallNParams<T9, T10, T11, T1>)",680,16777216.0,36962304.0,0,0,0.0,36962304.0,36962304.0,247808.0,204800.0,0.5475113122171946,19396288.0,73568.0,26.88,5892.99200000001,1310720.0,2097152.0,16777216.0,0,0,0,0,0,0,0.0,0.0,0,0,0.0,606134.0,2299.0
"void native::vectorized_elementwise_kernel<4, native::<unnamed>::silu_kernel(at::TensorIteratorBase &)::[lambda() (instance 1)]::operator ()() const::[lambda() (instance 2)]::operator ()() const::[lambda(float) (instance 1)], std::array<char *, 2>>(int, T2, T3)",681,188416.0,393216.0,0,0,0.0,393216.0,393216.0,0.0,256.0,0.0,65536.0,65536.0,3.04,5896.03200000001,16384.0,0.0,188416.0,0,0,0,0,0,0,0.0,0.0,0,0,0.0,2048.0,2048.0
"void gemmSN_TN_kernel<float, 128, 16, 2, 4, 4, 4, 1, cublasGemvTensorStridedBatched<const float>, cublasGemvTensorStridedBatched<const float>, cublasGemvTensorStridedBatched<float>>(cublasGemmSmallNParams<T9, T10, T11, T1>)",682,16777216.0,36962304.0,0,0,0.0,36962304.0,36962304.0,247808.0,204800.0,0.5475113122171946,19557952.0,69888.0,26.976,5923.00800000001,1310720.0,2097152.0,16777216.0,0,0,0,0,0,0,0.0,0.0,0,0,0.0,611186.0,2184.0
"void native::vectorized_elementwise_kernel<4, native::BinaryFunctor<float, float, float, binary_internal::MulFunctor<float>>, std::array<char *, 3>>(int, T2, T3)",683,0.0,16384.0,0,0,0.0,16384.0,16384.0,0.0,384.0,0.0,131072.0,65536.0,2.784,5925.7920000000095,0.0,16384.0,0.0,0,0,0,0,0,0,0.0,0.0,0,0,0.0,4096.0,2048.0
ampere_sgemm_64x32_sliced1x4_tn,684,134217728.0,270270464.0,0,0,0.0,270270464.0,270270464.0,651264.0,140288.0,0.8227684346701164,17825792.0,131072.0,34.592,5960.384000000009,786432.0,1048576.0,134217728.0,0,0,0,0,0,0,0.0,0.0,0,0,0.0,557056.0,4096.0
"void cublasLt::splitKreduce_kernel<32, 16, int, float, float, float, float, 0, float, float, float, 1, 0, 0>(cublasLt::cublasSplitKParams<T6>, const T4 *, const T10 *, T9 *, T5 *, const T6 *, const T6 *, const T11 *, const T4 *, T11 *, void *, long, T6 *, int *, T6 *, T6 *, const T6 *, const T6 *, const T6 *, const T6 *, const T6 *)",685,0.0,36864.0,0,0,0.0,36864.0,36864.0,0.0,1152.0,0.0,131072.0,16384.0,2.944,5963.3280000000095,32768.0,4096.0,0.0,0,0,0,0,0,0,0.0,0.0,0,0,0.0,4096.0,512.0
"void native::vectorized_elementwise_kernel<4, native::CUDAFunctor_add<float>, std::array<char *, 3>>(int, T2, T3)",686,4096.0,8192.0,0,0,0.0,8192.0,8192.0,0.0,96.0,0.0,32768.0,16384.0,2.72,5966.04800000001,0.0,0.0,4096.0,0,0,0,0,0,0,0.0,0.0,0,0,0.0,1024.0,512.0
"void native::vectorized_elementwise_kernel<4, void native::<unnamed>::pow_tensor_scalar_kernel_impl<float, float>(at::TensorIteratorBase &, T2)::[lambda(float) (instance 1)], std::array<char *, 2>>(int, T2, T3)",687,0.0,4096.0,0,0,0.0,4096.0,4096.0,0.0,64.0,0.0,16384.0,16384.0,2.592,5968.640000000009,0.0,4096.0,0.0,0,0,0,0,0,0,0.0,0.0,0,0,0.0,512.0,512.0
"void native::reduce_kernel<512, 1, native::ReduceOp<float, native::MeanOps<float, float, float, float>, unsigned int, float, 4, 4>>(T3)",688,0.0,8580.0,0,0,0.0,8580.0,8580.0,40.0,36.0,0.5263157894736842,16384.0,32.0,5.504,5974.144000000009,8576.0,4.0,0.0,0,0,0,0,0,0,0.0,0.0,0,0,0.0,512.0,1.0
"void native::vectorized_elementwise_kernel<4, native::CUDAFunctorOnSelf_add<float>, std::array<char *, 2>>(int, T2, T3)",689,4.0,8.0,0,0,0.0,8.0,8.0,0.0,2.0,0.0,32.0,32.0,2.464,5976.608000000009,0.0,0.0,4.0,0,0,0,0,0,0,0.0,0.0,0,0,0.0,1.0,1.0
"void native::vectorized_elementwise_kernel<4, native::rsqrt_kernel_cuda(at::TensorIteratorBase &)::[lambda() (instance 2)]::operator ()() const::[lambda() (instance 2)]::operator ()() const::[lambda(float) (instance 1)], std::array<char *, 2>>(int, T2, T3)",690,0.0,0.0,0,0,0.0,0.0,0.0,0.0,2.0,0.0,32.0,32.0,2.56,5979.16800000001,0.0,0.0,0.0,0,0,0,0,0,0,0.0,0.0,0,0,0.0,1.0,1.0
"void native::elementwise_kernel<128, 2, void native::gpu_kernel_impl_nocast<native::BinaryFunctor<float, float, float, binary_internal::MulFunctor<float>>>(at::TensorIteratorBase &, const T1 &)::[lambda(int) (instance 1)]>(int, T3)",691,0.0,4096.0,0,0,0.0,4096.0,4096.0,0.0,384.0,0.0,16896.0,16384.0,3.424,5982.59200000001,0.0,4096.0,0.0,0,0,0,0,0,0,0.0,0.0,0,0,0.0,528.0,512.0
"void native::elementwise_kernel<128, 2, void native::gpu_kernel_impl_nocast<native::BinaryFunctor<float, float, float, binary_internal::MulFunctor<float>>>(at::TensorIteratorBase &, const T1 &)::[lambda(int) (instance 1)]>(int, T3)",692,0.0,4096.0,0,0,0.0,4096.0,4096.0,0.0,384.0,0.0,32768.0,16384.0,3.488,5986.08000000001,0.0,4096.0,0.0,0,0,0,0,0,0,0.0,0.0,0,0,0.0,1024.0,512.0
ampere_sgemm_32x32_sliced1x4_tn,693,33554432.0,68026368.0,0,0,0.0,68026368.0,68026368.0,196608.0,37376.0,0.8402625820568927,4718592.0,65536.0,14.688,6000.76800000001,393216.0,524288.0,33554432.0,0,0,0,0,0,0,0.0,0.0,0,0,0.0,147456.0,2048.0
"void cublasLt::splitKreduce_kernel<32, 16, int, float, float, float, float, 0, float, float, float, 1, 1, 0>(cublasLt::cublasSplitKParams<T6>, const T4 *, const T10 *, T9 *, T5 *, const T6 *, const T6 *, const T11 *, const T4 *, T11 *, void *, long, T6 *, int *, T6 *, T6 *, const T6 *, const T6 *, const T6 *, const T6 *, const T6 *)",694,0.0,24576.0,0,0,0.0,24576.0,24576.0,0.0,1408.0,0.0,69632.0,16384.0,3.264,6004.03200000001,20480.0,4096.0,0.0,0,0,0,0,0,0,0.0,0.0,0,0,0.0,2176.0,512.0
ampere_sgemm_32x32_sliced1x4_tn,695,33554432.0,68026368.0,0,0,0.0,68026368.0,68026368.0,196608.0,37376.0,0.8402625820568927,4718592.0,65536.0,14.592,6018.62400000001,393216.0,524288.0,33554432.0,0,0,0,0,0,0,0.0,0.0,0,0,0.0,147456.0,2048.0
"void cublasLt::splitKreduce_kernel<32, 16, int, float, float, float, float, 0, float, float, float, 1, 1, 0>(cublasLt::cublasSplitKParams<T6>, const T4 *, const T10 *, T9 *, T5 *, const T6 *, const T6 *, const T11 *, const T4 *, T11 *, void *, long, T6 *, int *, T6 *, T6 *, const T6 *, const T6 *, const T6 *, const T6 *, const T6 *)",696,0.0,24576.0,0,0,0.0,24576.0,24576.0,0.0,1408.0,0.0,69632.0,16384.0,3.136,6021.76000000001,20480.0,4096.0,0.0,0,0,0,0,0,0,0.0,0.0,0,0,0.0,2176.0,512.0
ampere_sgemm_32x32_sliced1x4_tn,697,33554432.0,68026368.0,0,0,0.0,68026368.0,68026368.0,196608.0,37376.0,0.8402625820568927,4718592.0,65536.0,14.528,6036.2880000000105,393216.0,524288.0,33554432.0,0,0,0,0,0,0,0.0,0.0,0,0,0.0,147456.0,2048.0
"void cublasLt::splitKreduce_kernel<32, 16, int, float, float, float, float, 0, float, float, float, 1, 1, 0>(cublasLt::cublasSplitKParams<T6>, const T4 *, const T10 *, T9 *, T5 *, const T6 *, const T6 *, const T11 *, const T4 *, T11 *, void *, long, T6 *, int *, T6 *, T6 *, const T6 *, const T6 *, const T6 *, const T6 *, const T6 *)",698,0.0,24576.0,0,0,0.0,24576.0,24576.0,0.0,1408.0,0.0,69632.0,16384.0,3.168,6039.45600000001,20480.0,4096.0,0.0,0,0,0,0,0,0,0.0,0.0,0,0,0.0,2176.0,512.0
"void native::elementwise_kernel<128, 2, void native::gpu_kernel_impl_nocast<native::BinaryFunctor<float, float, float, binary_internal::MulFunctor<float>>>(at::TensorIteratorBase &, const T1 &)::[lambda(int) (instance 1)]>(int, T3)",699,0.0,4096.0,0,0,0.0,4096.0,4096.0,0.0,384.0,0.0,24576.0,16384.0,3.456,6042.91200000001,0.0,4096.0,0.0,0,0,0,0,0,0,0.0,0.0,0,0,0.0,768.0,512.0
"void native::elementwise_kernel<128, 2, void native::gpu_kernel_impl_nocast<native::neg_kernel_cuda(at::TensorIteratorBase &)::[lambda() (instance 2)]::operator ()() const::[lambda() (instance 7)]::operator ()() const::[lambda(float) (instance 1)]>(at::TensorIteratorBase &, const T1 &)::[lambda(int) (instance 1)]>(int, T3)",700,0.0,2048.0,0,0,0.0,2048.0,2048.0,0.0,128.0,0.0,8192.0,8192.0,3.36,6046.27200000001,2048.0,0.0,0.0,0,0,0,0,0,0,0.0,0.0,0,0,0.0,256.0,256.0
"void native::<unnamed>::CatArrayBatchedCopy<native::<unnamed>::OpaqueType<4>, unsigned int, 4, 64, 64>(T1 *, native::<unnamed>::CatArrInputTensorMetadata<T1, T2, T4, T5>, native::<unnamed>::TensorSizeStride<T2, 4>, int, T2)",701,0.0,0.0,0,0,0.0,0.0,0.0,0.0,256.0,0.0,16384.0,16384.0,5.6,6051.87200000001,0.0,0.0,0.0,0,0,0,0,0,0,0.0,0.0,0,0,0.0,512.0,512.0
"void native::elementwise_kernel<128, 2, void native::gpu_kernel_impl_nocast<native::BinaryFunctor<float, float, float, binary_internal::MulFunctor<float>>>(at::TensorIteratorBase &, const T1 &)::[lambda(int) (instance 1)]>(int, T3)",702,0.0,4096.0,0,0,0.0,4096.0,4096.0,0.0,384.0,0.0,24576.0,16384.0,3.552,6055.42400000001,0.0,4096.0,0.0,0,0,0,0,0,0,0.0,0.0,0,0,0.0,768.0,512.0
"void native::vectorized_elementwise_kernel<4, native::CUDAFunctor_add<float>, std::array<char *, 3>>(int, T2, T3)",703,4096.0,8192.0,0,0,0.0,8192.0,8192.0,0.0,96.0,0.0,32768.0,16384.0,2.656,6058.08000000001,0.0,0.0,4096.0,0,0,0,0,0,0,0.0,0.0,0,0,0.0,1024.0,512.0
"void native::elementwise_kernel<128, 2, void native::gpu_kernel_impl_nocast<native::BinaryFunctor<float, float, float, binary_internal::MulFunctor<float>>>(at::TensorIteratorBase &, const T1 &)::[lambda(int) (instance 1)]>(int, T3)",704,0.0,4096.0,0,0,0.0,4096.0,4096.0,0.0,384.0,0.0,24576.0,16384.0,3.456,6061.53600000001,0.0,4096.0,0.0,0,0,0,0,0,0,0.0,0.0,0,0,0.0,768.0,512.0
"void native::elementwise_kernel<128, 2, void native::gpu_kernel_impl_nocast<native::neg_kernel_cuda(at::TensorIteratorBase &)::[lambda() (instance 2)]::operator ()() const::[lambda() (instance 7)]::operator ()() const::[lambda(float) (instance 1)]>(at::TensorIteratorBase &, const T1 &)::[lambda(int) (instance 1)]>(int, T3)",705,0.0,2048.0,0,0,0.0,2048.0,2048.0,0.0,128.0,0.0,8192.0,8192.0,3.456,6064.99200000001,2048.0,0.0,0.0,0,0,0,0,0,0,0.0,0.0,0,0,0.0,256.0,256.0
"void native::<unnamed>::CatArrayBatchedCopy<native::<unnamed>::OpaqueType<4>, unsigned int, 4, 64, 64>(T1 *, native::<unnamed>::CatArrInputTensorMetadata<T1, T2, T4, T5>, native::<unnamed>::TensorSizeStride<T2, 4>, int, T2)",706,0.0,0.0,0,0,0.0,0.0,0.0,0.0,256.0,0.0,16384.0,16384.0,5.696,6070.68800000001,0.0,0.0,0.0,0,0,0,0,0,0,0.0,0.0,0,0,0.0,512.0,512.0
"void native::elementwise_kernel<128, 2, void native::gpu_kernel_impl_nocast<native::BinaryFunctor<float, float, float, binary_internal::MulFunctor<float>>>(at::TensorIteratorBase &, const T1 &)::[lambda(int) (instance 1)]>(int, T3)",707,0.0,4096.0,0,0,0.0,4096.0,4096.0,0.0,384.0,0.0,24576.0,16384.0,3.52,6074.2080000000105,0.0,4096.0,0.0,0,0,0,0,0,0,0.0,0.0,0,0,0.0,768.0,512.0
"void native::vectorized_elementwise_kernel<4, native::CUDAFunctor_add<float>, std::array<char *, 3>>(int, T2, T3)",708,4096.0,8192.0,0,0,0.0,8192.0,8192.0,0.0,96.0,0.0,32768.0,16384.0,2.624,6076.83200000001,0.0,0.0,4096.0,0,0,0,0,0,0,0.0,0.0,0,0,0.0,1024.0,512.0
"void native::<unnamed>::CatArrayBatchedCopy_aligned16_contig<native::<unnamed>::OpaqueType<4>, unsigned int, 4, 128, 1>(T1 *, native::<unnamed>::CatArrInputTensorMetadata<T1, T2, T4, T5>, native::<unnamed>::TensorSizeStride<T2, 4>, int, T2)",709,0.0,0.0,0,0,0.0,0.0,0.0,0.0,320.0,0.0,32768.0,32768.0,3.488,6080.320000000011,0.0,0.0,0.0,0,0,0,0,0,0,0.0,0.0,0,0,0.0,1024.0,1024.0
"void native::<unnamed>::CatArrayBatchedCopy_aligned16_contig<native::<unnamed>::OpaqueType<4>, unsigned int, 4, 128, 1>(T1 *, native::<unnamed>::CatArrInputTensorMetadata<T1, T2, T4, T5>, native::<unnamed>::TensorSizeStride<T2, 4>, int, T2)",710,0.0,0.0,0,0,0.0,0.0,0.0,0.0,320.0,0.0,32768.0,32768.0,3.616,6083.936000000011,0.0,0.0,0.0,0,0,0,0,0,0,0.0,0.0,0,0,0.0,1024.0,1024.0
"fmha_cutlassF_f32_aligned_64x128_rf_sm80(PyTorchMemEffAttention::AttentionKernel<float, cutlass::Sm80, 1, 64, 128, 128, 1, 1>::Params)",711,65536.0,5885952.0,0,0,0.0,5885952.0,5885952.0,33280.0,64.0,0.9980806142034548,81920.0,16384.0,31.968,6115.9040000000105,4962304.0,792576.0,65536.0,0,0,0,0,0,0,0.0,0.0,0,0,0.0,2560.0,512.0
ampere_sgemm_32x32_sliced1x4_tn,712,36700160.0,74547200.0,0,0,0.0,74547200.0,74547200.0,220160.0,40960.0,0.8431372549019608,4704608.0,81920.0,14.368,6130.272000000011,491520.0,655360.0,36700160.0,0,0,0,0,0,0,0.0,0.0,0,0,0.0,147019.0,2560.0
"void cublasLt::splitKreduce_kernel<32, 16, int, float, float, float, float, 0, float, float, float, 1, 0, 0>(cublasLt::cublasSplitKParams<T6>, const T4 *, const T10 *, T9 *, T5 *, const T6 *, const T6 *, const T11 *, const T4 *, T11 *, void *, long, T6 *, int *, T6 *, T6 *, const T6 *, const T6 *, const T6 *, const T6 *, const T6 *)",713,0.0,24576.0,0,0,0.0,24576.0,24576.0,0.0,768.0,0.0,81920.0,16384.0,3.296,6133.568000000011,20480.0,4096.0,0.0,0,0,0,0,0,0,0.0,0.0,0,0,0.0,2560.0,512.0
"void native::vectorized_elementwise_kernel<4, native::CUDAFunctor_add<float>, std::array<char *, 3>>(int, T2, T3)",714,4096.0,8192.0,0,0,0.0,8192.0,8192.0,0.0,96.0,0.0,32768.0,16384.0,2.688,6136.256000000011,0.0,0.0,4096.0,0,0,0,0,0,0,0.0,0.0,0,0,0.0,1024.0,512.0
"void native::vectorized_elementwise_kernel<4, void native::<unnamed>::pow_tensor_scalar_kernel_impl<float, float>(at::TensorIteratorBase &, T2)::[lambda(float) (instance 1)], std::array<char *, 2>>(int, T2, T3)",715,0.0,4096.0,0,0,0.0,4096.0,4096.0,0.0,64.0,0.0,16384.0,16384.0,2.592,6138.848000000011,0.0,4096.0,0.0,0,0,0,0,0,0,0.0,0.0,0,0,0.0,512.0,512.0
"void native::reduce_kernel<512, 1, native::ReduceOp<float, native::MeanOps<float, float, float, float>, unsigned int, float, 4, 4>>(T3)",716,0.0,8580.0,0,0,0.0,8580.0,8580.0,40.0,36.0,0.5263157894736842,16384.0,32.0,5.536,6144.384000000011,8576.0,4.0,0.0,0,0,0,0,0,0,0.0,0.0,0,0,0.0,512.0,1.0
"void native::vectorized_elementwise_kernel<4, native::CUDAFunctorOnSelf_add<float>, std::array<char *, 2>>(int, T2, T3)",717,4.0,8.0,0,0,0.0,8.0,8.0,0.0,2.0,0.0,32.0,32.0,2.464,6146.848000000011,0.0,0.0,4.0,0,0,0,0,0,0,0.0,0.0,0,0,0.0,1.0,1.0
"void native::vectorized_elementwise_kernel<4, native::rsqrt_kernel_cuda(at::TensorIteratorBase &)::[lambda() (instance 2)]::operator ()() const::[lambda() (instance 2)]::operator ()() const::[lambda(float) (instance 1)], std::array<char *, 2>>(int, T2, T3)",718,0.0,0.0,0,0,0.0,0.0,0.0,0.0,2.0,0.0,32.0,32.0,2.528,6149.376000000011,0.0,0.0,0.0,0,0,0,0,0,0,0.0,0.0,0,0,0.0,1.0,1.0
"void native::elementwise_kernel<128, 2, void native::gpu_kernel_impl_nocast<native::BinaryFunctor<float, float, float, binary_internal::MulFunctor<float>>>(at::TensorIteratorBase &, const T1 &)::[lambda(int) (instance 1)]>(int, T3)",719,0.0,4096.0,0,0,0.0,4096.0,4096.0,0.0,384.0,0.0,16896.0,16384.0,3.488,6152.864000000011,0.0,4096.0,0.0,0,0,0,0,0,0,0.0,0.0,0,0,0.0,528.0,512.0
"void native::elementwise_kernel<128, 2, void native::gpu_kernel_impl_nocast<native::BinaryFunctor<float, float, float, binary_internal::MulFunctor<float>>>(at::TensorIteratorBase &, const T1 &)::[lambda(int) (instance 1)]>(int, T3)",720,0.0,4096.0,0,0,0.0,4096.0,4096.0,0.0,384.0,0.0,32768.0,16384.0,3.456,6156.3200000000115,0.0,4096.0,0.0,0,0,0,0,0,0,0.0,0.0,0,0,0.0,1024.0,512.0
"void gemmSN_TN_kernel<float, 128, 16, 2, 4, 4, 4, 1, cublasGemvTensorStridedBatched<const float>, cublasGemvTensorStridedBatched<const float>, cublasGemvTensorStridedBatched<float>>(cublasGemmSmallNParams<T9, T10, T11, T1>)",721,16777216.0,36962304.0,0,0,0.0,36962304.0,36962304.0,247808.0,204800.0,0.5475113122171946,19519680.0,71264.0,27.04,6183.3600000000115,1310720.0,2097152.0,16777216.0,0,0,0,0,0,0,0.0,0.0,0,0,0.0,609990.0,2227.0
"void native::vectorized_elementwise_kernel<4, native::<unnamed>::silu_kernel(at::TensorIteratorBase &)::[lambda() (instance 1)]::operator ()() const::[lambda() (instance 2)]::operator ()() const::[lambda(float) (instance 1)], std::array<char *, 2>>(int, T2, T3)",722,188416.0,393216.0,0,0,0.0,393216.0,393216.0,0.0,256.0,0.0,65536.0,65536.0,3.04,6186.4000000000115,16384.0,0.0,188416.0,0,0,0,0,0,0,0.0,0.0,0,0,0.0,2048.0,2048.0
"void gemmSN_TN_kernel<float, 128, 16, 2, 4, 4, 4, 1, cublasGemvTensorStridedBatched<const float>, cublasGemvTensorStridedBatched<const float>, cublasGemvTensorStridedBatched<float>>(cublasGemmSmallNParams<T9, T10, T11, T1>)",723,16777216.0,36962304.0,0,0,0.0,36962304.0,36962304.0,247808.0,204800.0,0.5475113122171946,19286080.0,74144.0,27.072,6213.472000000012,1310720.0,2097152.0,16777216.0,0,0,0,0,0,0,0.0,0.0,0,0,0.0,602690.0,2317.0
"void native::vectorized_elementwise_kernel<4, native::BinaryFunctor<float, float, float, binary_internal::MulFunctor<float>>, std::array<char *, 3>>(int, T2, T3)",724,0.0,16384.0,0,0,0.0,16384.0,16384.0,0.0,384.0,0.0,131072.0,65536.0,2.72,6216.192000000012,0.0,16384.0,0.0,0,0,0,0,0,0,0.0,0.0,0,0,0.0,4096.0,2048.0
ampere_sgemm_64x32_sliced1x4_tn,725,134217728.0,270270464.0,0,0,0.0,270270464.0,270270464.0,651264.0,140288.0,0.8227684346701164,17825792.0,131072.0,34.56,6250.752000000012,786432.0,1048576.0,134217728.0,0,0,0,0,0,0,0.0,0.0,0,0,0.0,557056.0,4096.0
"void cublasLt::splitKreduce_kernel<32, 16, int, float, float, float, float, 0, float, float, float, 1, 0, 0>(cublasLt::cublasSplitKParams<T6>, const T4 *, const T10 *, T9 *, T5 *, const T6 *, const T6 *, const T11 *, const T4 *, T11 *, void *, long, T6 *, int *, T6 *, T6 *, const T6 *, const T6 *, const T6 *, const T6 *, const T6 *)",726,0.0,36864.0,0,0,0.0,36864.0,36864.0,0.0,1152.0,0.0,131072.0,16384.0,2.976,6253.728000000012,32768.0,4096.0,0.0,0,0,0,0,0,0,0.0,0.0,0,0,0.0,4096.0,512.0
"void native::vectorized_elementwise_kernel<4, native::CUDAFunctor_add<float>, std::array<char *, 3>>(int, T2, T3)",727,4096.0,8192.0,0,0,0.0,8192.0,8192.0,0.0,96.0,0.0,32768.0,16384.0,2.72,6256.448000000012,0.0,0.0,4096.0,0,0,0,0,0,0,0.0,0.0,0,0,0.0,1024.0,512.0
"void native::vectorized_elementwise_kernel<4, void native::<unnamed>::pow_tensor_scalar_kernel_impl<float, float>(at::TensorIteratorBase &, T2)::[lambda(float) (instance 1)], std::array<char *, 2>>(int, T2, T3)",728,0.0,4096.0,0,0,0.0,4096.0,4096.0,0.0,64.0,0.0,16384.0,16384.0,2.56,6259.0080000000125,0.0,4096.0,0.0,0,0,0,0,0,0,0.0,0.0,0,0,0.0,512.0,512.0
"void native::reduce_kernel<512, 1, native::ReduceOp<float, native::MeanOps<float, float, float, float>, unsigned int, float, 4, 4>>(T3)",729,0.0,8580.0,0,0,0.0,8580.0,8580.0,40.0,36.0,0.5263157894736842,16384.0,32.0,5.6,6264.608000000013,8576.0,4.0,0.0,0,0,0,0,0,0,0.0,0.0,0,0,0.0,512.0,1.0
"void native::vectorized_elementwise_kernel<4, native::CUDAFunctorOnSelf_add<float>, std::array<char *, 2>>(int, T2, T3)",730,4.0,8.0,0,0,0.0,8.0,8.0,0.0,2.0,0.0,32.0,32.0,2.464,6267.072000000013,0.0,0.0,4.0,0,0,0,0,0,0,0.0,0.0,0,0,0.0,1.0,1.0
"void native::vectorized_elementwise_kernel<4, native::rsqrt_kernel_cuda(at::TensorIteratorBase &)::[lambda() (instance 2)]::operator ()() const::[lambda() (instance 2)]::operator ()() const::[lambda(float) (instance 1)], std::array<char *, 2>>(int, T2, T3)",731,0.0,0.0,0,0,0.0,0.0,0.0,0.0,2.0,0.0,32.0,32.0,2.56,6269.632000000013,0.0,0.0,0.0,0,0,0,0,0,0,0.0,0.0,0,0,0.0,1.0,1.0
"void native::elementwise_kernel<128, 2, void native::gpu_kernel_impl_nocast<native::BinaryFunctor<float, float, float, binary_internal::MulFunctor<float>>>(at::TensorIteratorBase &, const T1 &)::[lambda(int) (instance 1)]>(int, T3)",732,0.0,4096.0,0,0,0.0,4096.0,4096.0,0.0,384.0,0.0,16896.0,16384.0,3.392,6273.024000000013,0.0,4096.0,0.0,0,0,0,0,0,0,0.0,0.0,0,0,0.0,528.0,512.0
"void native::elementwise_kernel<128, 2, void native::gpu_kernel_impl_nocast<native::BinaryFunctor<float, float, float, binary_internal::MulFunctor<float>>>(at::TensorIteratorBase &, const T1 &)::[lambda(int) (instance 1)]>(int, T3)",733,0.0,4096.0,0,0,0.0,4096.0,4096.0,0.0,384.0,0.0,32768.0,16384.0,3.52,6276.5440000000135,0.0,4096.0,0.0,0,0,0,0,0,0,0.0,0.0,0,0,0.0,1024.0,512.0
ampere_sgemm_32x32_sliced1x4_tn,734,33554432.0,68026368.0,0,0,0.0,68026368.0,68026368.0,196608.0,37376.0,0.8402625820568927,4718592.0,65536.0,14.688,6291.232000000014,393216.0,524288.0,33554432.0,0,0,0,0,0,0,0.0,0.0,0,0,0.0,147456.0,2048.0
"void cublasLt::splitKreduce_kernel<32, 16, int, float, float, float, float, 0, float, float, float, 1, 1, 0>(cublasLt::cublasSplitKParams<T6>, const T4 *, const T10 *, T9 *, T5 *, const T6 *, const T6 *, const T11 *, const T4 *, T11 *, void *, long, T6 *, int *, T6 *, T6 *, const T6 *, const T6 *, const T6 *, const T6 *, const T6 *)",735,0.0,24576.0,0,0,0.0,24576.0,24576.0,0.0,1408.0,0.0,69632.0,16384.0,3.136,6294.368000000014,20480.0,4096.0,0.0,0,0,0,0,0,0,0.0,0.0,0,0,0.0,2176.0,512.0
ampere_sgemm_32x32_sliced1x4_tn,736,33554432.0,68026368.0,0,0,0.0,68026368.0,68026368.0,196608.0,37376.0,0.8402625820568927,4718592.0,65536.0,14.624,6308.992000000014,393216.0,524288.0,33554432.0,0,0,0,0,0,0,0.0,0.0,0,0,0.0,147456.0,2048.0
"void cublasLt::splitKreduce_kernel<32, 16, int, float, float, float, float, 0, float, float, float, 1, 1, 0>(cublasLt::cublasSplitKParams<T6>, const T4 *, const T10 *, T9 *, T5 *, const T6 *, const T6 *, const T11 *, const T4 *, T11 *, void *, long, T6 *, int *, T6 *, T6 *, const T6 *, const T6 *, const T6 *, const T6 *, const T6 *)",737,0.0,24576.0,0,0,0.0,24576.0,24576.0,0.0,1408.0,0.0,69632.0,16384.0,3.136,6312.128000000014,20480.0,4096.0,0.0,0,0,0,0,0,0,0.0,0.0,0,0,0.0,2176.0,512.0
ampere_sgemm_32x32_sliced1x4_tn,738,33554432.0,68026368.0,0,0,0.0,68026368.0,68026368.0,196608.0,37376.0,0.8402625820568927,4718592.0,65536.0,14.624,6326.752000000014,393216.0,524288.0,33554432.0,0,0,0,0,0,0,0.0,0.0,0,0,0.0,147456.0,2048.0
"void cublasLt::splitKreduce_kernel<32, 16, int, float, float, float, float, 0, float, float, float, 1, 1, 0>(cublasLt::cublasSplitKParams<T6>, const T4 *, const T10 *, T9 *, T5 *, const T6 *, const T6 *, const T11 *, const T4 *, T11 *, void *, long, T6 *, int *, T6 *, T6 *, const T6 *, const T6 *, const T6 *, const T6 *, const T6 *)",739,0.0,24576.0,0,0,0.0,24576.0,24576.0,0.0,1408.0,0.0,69632.0,16384.0,3.136,6329.8880000000145,20480.0,4096.0,0.0,0,0,0,0,0,0,0.0,0.0,0,0,0.0,2176.0,512.0
"void native::elementwise_kernel<128, 2, void native::gpu_kernel_impl_nocast<native::BinaryFunctor<float, float, float, binary_internal::MulFunctor<float>>>(at::TensorIteratorBase &, const T1 &)::[lambda(int) (instance 1)]>(int, T3)",740,0.0,4096.0,0,0,0.0,4096.0,4096.0,0.0,384.0,0.0,24576.0,16384.0,3.52,6333.408000000015,0.0,4096.0,0.0,0,0,0,0,0,0,0.0,0.0,0,0,0.0,768.0,512.0
"void native::elementwise_kernel<128, 2, void native::gpu_kernel_impl_nocast<native::neg_kernel_cuda(at::TensorIteratorBase &)::[lambda() (instance 2)]::operator ()() const::[lambda() (instance 7)]::operator ()() const::[lambda(float) (instance 1)]>(at::TensorIteratorBase &, const T1 &)::[lambda(int) (instance 1)]>(int, T3)",741,0.0,2048.0,0,0,0.0,2048.0,2048.0,0.0,128.0,0.0,8192.0,8192.0,3.456,6336.864000000015,2048.0,0.0,0.0,0,0,0,0,0,0,0.0,0.0,0,0,0.0,256.0,256.0
"void native::<unnamed>::CatArrayBatchedCopy<native::<unnamed>::OpaqueType<4>, unsigned int, 4, 64, 64>(T1 *, native::<unnamed>::CatArrInputTensorMetadata<T1, T2, T4, T5>, native::<unnamed>::TensorSizeStride<T2, 4>, int, T2)",742,0.0,0.0,0,0,0.0,0.0,0.0,0.0,256.0,0.0,16384.0,16384.0,5.664,6342.528000000015,0.0,0.0,0.0,0,0,0,0,0,0,0.0,0.0,0,0,0.0,512.0,512.0
"void native::elementwise_kernel<128, 2, void native::gpu_kernel_impl_nocast<native::BinaryFunctor<float, float, float, binary_internal::MulFunctor<float>>>(at::TensorIteratorBase &, const T1 &)::[lambda(int) (instance 1)]>(int, T3)",743,0.0,4096.0,0,0,0.0,4096.0,4096.0,0.0,384.0,0.0,24576.0,16384.0,3.488,6346.016000000015,0.0,4096.0,0.0,0,0,0,0,0,0,0.0,0.0,0,0,0.0,768.0,512.0
"void native::vectorized_elementwise_kernel<4, native::CUDAFunctor_add<float>, std::array<char *, 3>>(int, T2, T3)",744,4096.0,8192.0,0,0,0.0,8192.0,8192.0,0.0,96.0,0.0,32768.0,16384.0,2.624,6348.640000000015,0.0,0.0,4096.0,0,0,0,0,0,0,0.0,0.0,0,0,0.0,1024.0,512.0
"void native::elementwise_kernel<128, 2, void native::gpu_kernel_impl_nocast<native::BinaryFunctor<float, float, float, binary_internal::MulFunctor<float>>>(at::TensorIteratorBase &, const T1 &)::[lambda(int) (instance 1)]>(int, T3)",745,0.0,4096.0,0,0,0.0,4096.0,4096.0,0.0,384.0,0.0,24576.0,16384.0,3.52,6352.160000000015,0.0,4096.0,0.0,0,0,0,0,0,0,0.0,0.0,0,0,0.0,768.0,512.0
"void native::elementwise_kernel<128, 2, void native::gpu_kernel_impl_nocast<native::neg_kernel_cuda(at::TensorIteratorBase &)::[lambda() (instance 2)]::operator ()() const::[lambda() (instance 7)]::operator ()() const::[lambda(float) (instance 1)]>(at::TensorIteratorBase &, const T1 &)::[lambda(int) (instance 1)]>(int, T3)",746,0.0,2048.0,0,0,0.0,2048.0,2048.0,0.0,128.0,0.0,8192.0,8192.0,3.456,6355.616000000015,2048.0,0.0,0.0,0,0,0,0,0,0,0.0,0.0,0,0,0.0,256.0,256.0
"void native::<unnamed>::CatArrayBatchedCopy<native::<unnamed>::OpaqueType<4>, unsigned int, 4, 64, 64>(T1 *, native::<unnamed>::CatArrInputTensorMetadata<T1, T2, T4, T5>, native::<unnamed>::TensorSizeStride<T2, 4>, int, T2)",747,0.0,0.0,0,0,0.0,0.0,0.0,0.0,256.0,0.0,16384.0,16384.0,5.6,6361.216000000016,0.0,0.0,0.0,0,0,0,0,0,0,0.0,0.0,0,0,0.0,512.0,512.0
"void native::elementwise_kernel<128, 2, void native::gpu_kernel_impl_nocast<native::BinaryFunctor<float, float, float, binary_internal::MulFunctor<float>>>(at::TensorIteratorBase &, const T1 &)::[lambda(int) (instance 1)]>(int, T3)",748,0.0,4096.0,0,0,0.0,4096.0,4096.0,0.0,384.0,0.0,24576.0,16384.0,3.52,6364.736000000016,0.0,4096.0,0.0,0,0,0,0,0,0,0.0,0.0,0,0,0.0,768.0,512.0
"void native::vectorized_elementwise_kernel<4, native::CUDAFunctor_add<float>, std::array<char *, 3>>(int, T2, T3)",749,4096.0,8192.0,0,0,0.0,8192.0,8192.0,0.0,96.0,0.0,32768.0,16384.0,2.656,6367.392000000016,0.0,0.0,4096.0,0,0,0,0,0,0,0.0,0.0,0,0,0.0,1024.0,512.0
"void native::<unnamed>::CatArrayBatchedCopy_aligned16_contig<native::<unnamed>::OpaqueType<4>, unsigned int, 4, 128, 1>(T1 *, native::<unnamed>::CatArrInputTensorMetadata<T1, T2, T4, T5>, native::<unnamed>::TensorSizeStride<T2, 4>, int, T2)",750,0.0,0.0,0,0,0.0,0.0,0.0,0.0,320.0,0.0,32768.0,32768.0,3.584,6370.976000000016,0.0,0.0,0.0,0,0,0,0,0,0,0.0,0.0,0,0,0.0,1024.0,1024.0
"void native::<unnamed>::CatArrayBatchedCopy_aligned16_contig<native::<unnamed>::OpaqueType<4>, unsigned int, 4, 128, 1>(T1 *, native::<unnamed>::CatArrInputTensorMetadata<T1, T2, T4, T5>, native::<unnamed>::TensorSizeStride<T2, 4>, int, T2)",751,0.0,0.0,0,0,0.0,0.0,0.0,0.0,320.0,0.0,32768.0,32768.0,3.488,6374.464000000016,0.0,0.0,0.0,0,0,0,0,0,0,0.0,0.0,0,0,0.0,1024.0,1024.0
"fmha_cutlassF_f32_aligned_64x128_rf_sm80(PyTorchMemEffAttention::AttentionKernel<float, cutlass::Sm80, 1, 64, 128, 128, 1, 1>::Params)",752,65536.0,5885952.0,0,0,0.0,5885952.0,5885952.0,33280.0,64.0,0.9980806142034548,81920.0,16384.0,32.192,6406.656000000016,4962304.0,792576.0,65536.0,0,0,0,0,0,0,0.0,0.0,0,0,0.0,2560.0,512.0
ampere_sgemm_32x32_sliced1x4_tn,753,36700160.0,74547200.0,0,0,0.0,74547200.0,74547200.0,220160.0,40960.0,0.8431372549019608,4708160.0,81920.0,14.4,6421.056000000016,491520.0,655360.0,36700160.0,0,0,0,0,0,0,0.0,0.0,0,0,0.0,147130.0,2560.0
"void cublasLt::splitKreduce_kernel<32, 16, int, float, float, float, float, 0, float, float, float, 1, 0, 0>(cublasLt::cublasSplitKParams<T6>, const T4 *, const T10 *, T9 *, T5 *, const T6 *, const T6 *, const T11 *, const T4 *, T11 *, void *, long, T6 *, int *, T6 *, T6 *, const T6 *, const T6 *, const T6 *, const T6 *, const T6 *)",754,0.0,24576.0,0,0,0.0,24576.0,24576.0,0.0,768.0,0.0,81920.0,16384.0,3.392,6424.448000000016,20480.0,4096.0,0.0,0,0,0,0,0,0,0.0,0.0,0,0,0.0,2560.0,512.0
"void native::vectorized_elementwise_kernel<4, native::CUDAFunctor_add<float>, std::array<char *, 3>>(int, T2, T3)",755,4096.0,8192.0,0,0,0.0,8192.0,8192.0,0.0,96.0,0.0,32768.0,16384.0,2.72,6427.168000000016,0.0,0.0,4096.0,0,0,0,0,0,0,0.0,0.0,0,0,0.0,1024.0,512.0
"void native::vectorized_elementwise_kernel<4, void native::<unnamed>::pow_tensor_scalar_kernel_impl<float, float>(at::TensorIteratorBase &, T2)::[lambda(float) (instance 1)], std::array<char *, 2>>(int, T2, T3)",756,0.0,4096.0,0,0,0.0,4096.0,4096.0,0.0,64.0,0.0,16384.0,16384.0,2.56,6429.728000000016,0.0,4096.0,0.0,0,0,0,0,0,0,0.0,0.0,0,0,0.0,512.0,512.0
"void native::reduce_kernel<512, 1, native::ReduceOp<float, native::MeanOps<float, float, float, float>, unsigned int, float, 4, 4>>(T3)",757,0.0,8580.0,0,0,0.0,8580.0,8580.0,40.0,36.0,0.5263157894736842,16384.0,32.0,5.6,6435.328000000017,8576.0,4.0,0.0,0,0,0,0,0,0,0.0,0.0,0,0,0.0,512.0,1.0
"void native::vectorized_elementwise_kernel<4, native::CUDAFunctorOnSelf_add<float>, std::array<char *, 2>>(int, T2, T3)",758,4.0,8.0,0,0,0.0,8.0,8.0,0.0,2.0,0.0,32.0,32.0,2.496,6437.824000000017,0.0,0.0,4.0,0,0,0,0,0,0,0.0,0.0,0,0,0.0,1.0,1.0
"void native::vectorized_elementwise_kernel<4, native::rsqrt_kernel_cuda(at::TensorIteratorBase &)::[lambda() (instance 2)]::operator ()() const::[lambda() (instance 2)]::operator ()() const::[lambda(float) (instance 1)], std::array<char *, 2>>(int, T2, T3)",759,0.0,0.0,0,0,0.0,0.0,0.0,0.0,2.0,0.0,32.0,32.0,2.624,6440.448000000017,0.0,0.0,0.0,0,0,0,0,0,0,0.0,0.0,0,0,0.0,1.0,1.0
"void native::elementwise_kernel<128, 2, void native::gpu_kernel_impl_nocast<native::BinaryFunctor<float, float, float, binary_internal::MulFunctor<float>>>(at::TensorIteratorBase &, const T1 &)::[lambda(int) (instance 1)]>(int, T3)",760,0.0,4096.0,0,0,0.0,4096.0,4096.0,0.0,384.0,0.0,16896.0,16384.0,3.456,6443.904000000017,0.0,4096.0,0.0,0,0,0,0,0,0,0.0,0.0,0,0,0.0,528.0,512.0
"void native::elementwise_kernel<128, 2, void native::gpu_kernel_impl_nocast<native::BinaryFunctor<float, float, float, binary_internal::MulFunctor<float>>>(at::TensorIteratorBase &, const T1 &)::[lambda(int) (instance 1)]>(int, T3)",761,0.0,4096.0,0,0,0.0,4096.0,4096.0,0.0,384.0,0.0,32768.0,16384.0,3.456,6447.360000000017,0.0,4096.0,0.0,0,0,0,0,0,0,0.0,0.0,0,0,0.0,1024.0,512.0
"void gemmSN_TN_kernel<float, 128, 16, 2, 4, 4, 4, 1, cublasGemvTensorStridedBatched<const float>, cublasGemvTensorStridedBatched<const float>, cublasGemvTensorStridedBatched<float>>(cublasGemmSmallNParams<T9, T10, T11, T1>)",762,16777216.0,36962304.0,0,0,0.0,36962304.0,36962304.0,247808.0,204800.0,0.5475113122171946,19685952.0,75328.0,26.656,6474.016000000017,1310720.0,2097152.0,16777216.0,0,0,0,0,0,0,0.0,0.0,0,0,0.0,615186.0,2354.0
"void native::vectorized_elementwise_kernel<4, native::<unnamed>::silu_kernel(at::TensorIteratorBase &)::[lambda() (instance 1)]::operator ()() const::[lambda() (instance 2)]::operator ()() const::[lambda(float) (instance 1)], std::array<char *, 2>>(int, T2, T3)",763,188416.0,393216.0,0,0,0.0,393216.0,393216.0,0.0,256.0,0.0,65536.0,65536.0,3.104,6477.120000000017,16384.0,0.0,188416.0,0,0,0,0,0,0,0.0,0.0,0,0,0.0,2048.0,2048.0
"void gemmSN_TN_kernel<float, 128, 16, 2, 4, 4, 4, 1, cublasGemvTensorStridedBatched<const float>, cublasGemvTensorStridedBatched<const float>, cublasGemvTensorStridedBatched<float>>(cublasGemmSmallNParams<T9, T10, T11, T1>)",764,16777216.0,36962304.0,0,0,0.0,36962304.0,36962304.0,247808.0,204800.0,0.5475113122171946,19446784.0,72224.0,26.816,6503.936000000017,1310720.0,2097152.0,16777216.0,0,0,0,0,0,0,0.0,0.0,0,0,0.0,607712.0,2257.0
"void native::vectorized_elementwise_kernel<4, native::BinaryFunctor<float, float, float, binary_internal::MulFunctor<float>>, std::array<char *, 3>>(int, T2, T3)",765,0.0,16384.0,0,0,0.0,16384.0,16384.0,0.0,384.0,0.0,131072.0,65536.0,2.816,6506.752000000017,0.0,16384.0,0.0,0,0,0,0,0,0,0.0,0.0,0,0,0.0,4096.0,2048.0
ampere_sgemm_64x32_sliced1x4_tn,766,134217728.0,270270464.0,0,0,0.0,270270464.0,270270464.0,651264.0,140288.0,0.8227684346701164,17825792.0,131072.0,34.528,6541.280000000017,786432.0,1048576.0,134217728.0,0,0,0,0,0,0,0.0,0.0,0,0,0.0,557056.0,4096.0
"void cublasLt::splitKreduce_kernel<32, 16, int, float, float, float, float, 0, float, float, float, 1, 0, 0>(cublasLt::cublasSplitKParams<T6>, const T4 *, const T10 *, T9 *, T5 *, const T6 *, const T6 *, const T11 *, const T4 *, T11 *, void *, long, T6 *, int *, T6 *, T6 *, const T6 *, const T6 *, const T6 *, const T6 *, const T6 *)",767,0.0,36864.0,0,0,0.0,36864.0,36864.0,0.0,1152.0,0.0,131072.0,16384.0,2.944,6544.224000000017,32768.0,4096.0,0.0,0,0,0,0,0,0,0.0,0.0,0,0,0.0,4096.0,512.0
"void native::vectorized_elementwise_kernel<4, native::CUDAFunctor_add<float>, std::array<char *, 3>>(int, T2, T3)",768,4096.0,8192.0,0,0,0.0,8192.0,8192.0,0.0,96.0,0.0,32768.0,16384.0,2.624,6546.848000000017,0.0,0.0,4096.0,0,0,0,0,0,0,0.0,0.0,0,0,0.0,1024.0,512.0
"void native::vectorized_elementwise_kernel<4, void native::<unnamed>::pow_tensor_scalar_kernel_impl<float, float>(at::TensorIteratorBase &, T2)::[lambda(float) (instance 1)], std::array<char *, 2>>(int, T2, T3)",769,0.0,4096.0,0,0,0.0,4096.0,4096.0,0.0,64.0,0.0,16384.0,16384.0,2.624,6549.472000000017,0.0,4096.0,0.0,0,0,0,0,0,0,0.0,0.0,0,0,0.0,512.0,512.0
"void native::reduce_kernel<512, 1, native::ReduceOp<float, native::MeanOps<float, float, float, float>, unsigned int, float, 4, 4>>(T3)",770,0.0,8580.0,0,0,0.0,8580.0,8580.0,40.0,36.0,0.5263157894736842,16384.0,32.0,5.568,6555.040000000017,8576.0,4.0,0.0,0,0,0,0,0,0,0.0,0.0,0,0,0.0,512.0,1.0
"void native::vectorized_elementwise_kernel<4, native::CUDAFunctorOnSelf_add<float>, std::array<char *, 2>>(int, T2, T3)",771,4.0,8.0,0,0,0.0,8.0,8.0,0.0,2.0,0.0,32.0,32.0,2.464,6557.504000000017,0.0,0.0,4.0,0,0,0,0,0,0,0.0,0.0,0,0,0.0,1.0,1.0
"void native::vectorized_elementwise_kernel<4, native::rsqrt_kernel_cuda(at::TensorIteratorBase &)::[lambda() (instance 2)]::operator ()() const::[lambda() (instance 2)]::operator ()() const::[lambda(float) (instance 1)], std::array<char *, 2>>(int, T2, T3)",772,0.0,0.0,0,0,0.0,0.0,0.0,0.0,2.0,0.0,32.0,32.0,2.56,6560.064000000018,0.0,0.0,0.0,0,0,0,0,0,0,0.0,0.0,0,0,0.0,1.0,1.0
"void native::elementwise_kernel<128, 2, void native::gpu_kernel_impl_nocast<native::BinaryFunctor<float, float, float, binary_internal::MulFunctor<float>>>(at::TensorIteratorBase &, const T1 &)::[lambda(int) (instance 1)]>(int, T3)",773,0.0,4096.0,0,0,0.0,4096.0,4096.0,0.0,384.0,0.0,16896.0,16384.0,3.456,6563.520000000018,0.0,4096.0,0.0,0,0,0,0,0,0,0.0,0.0,0,0,0.0,528.0,512.0
"void native::elementwise_kernel<128, 2, void native::gpu_kernel_impl_nocast<native::BinaryFunctor<float, float, float, binary_internal::MulFunctor<float>>>(at::TensorIteratorBase &, const T1 &)::[lambda(int) (instance 1)]>(int, T3)",774,0.0,4096.0,0,0,0.0,4096.0,4096.0,0.0,384.0,0.0,32768.0,16384.0,3.456,6566.976000000018,0.0,4096.0,0.0,0,0,0,0,0,0,0.0,0.0,0,0,0.0,1024.0,512.0
"void gemmSN_TN_kernel<float, 128, 16, 2, 4, 4, 4, 1, cublasGemvTensorStridedBatched<const float>, cublasGemvTensorStridedBatched<const float>, cublasGemvTensorStridedBatched<float>>(cublasGemmSmallNParams<T9, T10, T11, T1>)",775,622329856.0,1371070464.0,0,0,0.0,1371070464.0,1371070464.0,9192128.0,7596800.0,0.5475113122171946,885904896.0,5100480.0,720.032,7287.008000000018,48619520.0,77791232.0,622329856.0,0,0,0,0,0,0,0.0,0.0,0,0,0.0,27684528.0,159390.0
"void native::vectorized_elementwise_kernel<2, native::FillFunctor<long>, std::array<char *, 1>>(int, T2, T3)",776,0.0,0.0,0,0,0.0,0.0,0.0,0.0,1.0,0.0,0.0,32.0,2.144,7289.152000000018,0.0,0.0,0.0,0,0,0,0,0,0,0.0,0.0,0,0,0.0,0.0,1.0
"void native::<unnamed>::CatArrayBatchedCopy_aligned16_contig<native::<unnamed>::OpaqueType<8>, unsigned int, 2, 128, 1>(T1 *, native::<unnamed>::CatArrInputTensorMetadata<T1, T2, T4, T5>, native::<unnamed>::TensorSizeStride<T2, 4>, int, T2)",777,0.0,0.0,0,0,0.0,0.0,0.0,0.0,6.0,0.0,96.0,160.0,3.392,7292.544000000018,0.0,0.0,0.0,0,0,0,0,0,0,0.0,0.0,0,0,0.0,3.0,5.0
"void native::vectorized_elementwise_kernel<2, native::CUDAFunctorOnSelf_add<long>, std::array<char *, 2>>(int, T2, T3)",778,0.0,0.0,0,0,0.0,0.0,0.0,0.0,2.0,0.0,32.0,32.0,2.624,7295.168000000018,0.0,0.0,0.0,0,0,0,0,0,0,0.0,0.0,0,0,0.0,1.0,1.0
"void native::vectorized_elementwise_kernel<4, native::BUnaryFunctor<float, float, float, binary_internal::MulFunctor<float>>, std::array<char *, 2>>(int, T2, T3)",779,0.0,607744.0,0,0,0.0,607744.0,607744.0,0.0,9520.0,0.0,2430976.0,2430976.0,5.568,7300.736000000018,0.0,607744.0,0.0,0,0,0,0,0,0,0.0,0.0,0,0,0.0,75968.0,75968.0
"void mbtopk::fill<unsigned int, unsigned int>(T1 *, T1, T2)",780,0.0,0.0,0,0,0.0,0.0,0.0,0.0,1.0,0.0,0.0,32.0,2.624,7303.360000000018,0.0,0.0,0.0,0,0,0,0,0,0,0.0,0.0,0,0,0.0,0.0,1.0
"void mbtopk::radixFindKthValues<float, unsigned int, unsigned int, 2>(cuda::TensorInfo<const T1, T2>, unsigned int, unsigned int *, unsigned int, T2, int, int, unsigned int, T3, T3 *, short *)",781,0.0,0.0,0,0,0.0,0.0,0.0,7616.0,26608.0,0.22253389434315102,2433600.0,144064.0,6.624,7309.984000000018,0.0,0.0,0.0,0,0,0,0,0,0,0.0,0.0,0,0,0.0,76050.0,4502.0
"void mbtopk::computeBlockwiseWithinKCounts<unsigned int, float>(T1 *, short *, unsigned int *, unsigned int, int, bool, unsigned int *, T2 *, unsigned int *, T1 *, unsigned int)",782,0.0,0.0,0,0,0.0,0.0,0.0,35224.0,459348.0,0.07122117709858221,16957696.0,288.0,18.016,7328.000000000017,0.0,0.0,0.0,0,0,0,0,0,0,0.0,0.0,0,0,0.0,529928.0,9.0
"void mbtopk::radixFindKthValues<float, unsigned int, unsigned int, 2>(cuda::TensorInfo<const T1, T2>, unsigned int, unsigned int *, unsigned int, T2, int, int, unsigned int, T3, T3 *, short *)",783,0.0,0.0,0,0,0.0,0.0,0.0,7616.0,26608.0,0.22253389434315102,2433600.0,145152.0,6.592,7334.592000000017,0.0,0.0,0.0,0,0,0,0,0,0,0.0,0.0,0,0,0.0,76050.0,4536.0
"void mbtopk::computeBlockwiseWithinKCounts<unsigned int, float>(T1 *, short *, unsigned int *, unsigned int, int, bool, unsigned int *, T2 *, unsigned int *, T1 *, unsigned int)",784,0.0,0.0,0,0,0.0,0.0,0.0,35224.0,461728.0,0.07088008499814871,17020512.0,352.0,18.208,7352.800000000017,0.0,0.0,0.0,0,0,0,0,0,0,0.0,0.0,0,0,0.0,531891.0,11.0
"void mbtopk::radixFindKthValues<float, unsigned int, unsigned int, 2>(cuda::TensorInfo<const T1, T2>, unsigned int, unsigned int *, unsigned int, T2, int, int, unsigned int, T3, T3 *, short *)",785,0.0,0.0,0,0,0.0,0.0,0.0,7616.0,26608.0,0.22253389434315102,2433600.0,147008.0,6.528,7359.328000000017,0.0,0.0,0.0,0,0,0,0,0,0,0.0,0.0,0,0,0.0,76050.0,4594.0
"void mbtopk::computeBlockwiseWithinKCounts<unsigned int, float>(T1 *, short *, unsigned int *, unsigned int, int, bool, unsigned int *, T2 *, unsigned int *, T1 *, unsigned int)",786,0.0,0.0,0,0,0.0,0.0,0.0,35224.0,460895.0,0.07099909497519748,17002560.0,448.0,18.08,7377.408000000017,0.0,0.0,0.0,0,0,0,0,0,0,0.0,0.0,0,0,0.0,531330.0,14.0
"void mbtopk::radixFindKthValues<float, unsigned int, unsigned int, 2>(cuda::TensorInfo<const T1, T2>, unsigned int, unsigned int *, unsigned int, T2, int, int, unsigned int, T3, T3 *, short *)",787,0.0,0.0,0,0,0.0,0.0,0.0,7616.0,26608.0,0.22253389434315102,2433600.0,146176.0,6.496,7383.904000000017,0.0,0.0,0.0,0,0,0,0,0,0,0.0,0.0,0,0,0.0,76050.0,4568.0
"void mbtopk::computeBlockwiseWithinKCounts<unsigned int, float>(T1 *, short *, unsigned int *, unsigned int, int, bool, unsigned int *, T2 *, unsigned int *, T1 *, unsigned int)",788,0.0,0.0,0,0,0.0,0.0,0.0,35224.0,460300.0,0.07108434707501554,17020928.0,480.0,18.048,7401.952000000017,0.0,0.0,0.0,0,0,0,0,0,0,0.0,0.0,0,0,0.0,531904.0,15.0
"void mbtopk::computeBlockwiseKthCounts<unsigned int>(T1 *, short *, unsigned int, unsigned int, unsigned int *)",789,0.0,0.0,0,0,0.0,0.0,0.0,0.0,45.0,0.0,15264.0,1920.0,3.744,7405.696000000016,0.0,0.0,0.0,0,0,0,0,0,0,0.0,0.0,0,0,0.0,477.0,60.0
"void at_cuda_detail::DeviceScanByKeyInitKernel<at_cuda_detail::ReduceByKeyScanTileState<unsigned int, int, 1>, at_cuda_detail::TransformInputIterator<unsigned int, mbtopk::BlockIdxToKey, at_cuda_detail::CountingInputIterator<unsigned int, unsigned int>, long>>(T1, T2, std::iterator_traits<T2>::value_type *, unsigned int, int)",790,0.0,0.0,0,0,0.0,0.0,0.0,0.0,2.0,0.0,0.0,544.0,2.144,7407.8400000000165,0.0,0.0,0.0,0,0,0,0,0,0,0.0,0.0,0,0,0.0,0.0,17.0
"void at_cuda_detail::DeviceScanByKeyKernel<at_cuda_detail::DeviceScanByKeyPolicy<at_cuda_detail::TransformInputIterator<unsigned int, mbtopk::BlockIdxToKey, at_cuda_detail::CountingInputIterator<unsigned int, unsigned int>, long>, unsigned int, unsigned int, __4::plus<void>>::Policy900, at_cuda_detail::TransformInputIterator<unsigned int, mbtopk::BlockIdxToKey, at_cuda_detail::CountingInputIterator<unsigned int, unsigned int>, long>, unsigned int *, unsigned int *, at_cuda_detail::ReduceByKeyScanTileState<unsigned int, int, 1>, __4::equal_to<void>, __4::plus<void>, at_cuda_detail::NullType, int, unsigned int, unsigned int>(T2, T11 *, T3, T4, T5, int, T6, T7, T8, T9)",791,0.0,0.0,0,0,0.0,0.0,0.0,497.0,38.0,0.9289719626168225,1920.0,0.0,5.28,7413.120000000016,0.0,0.0,0.0,0,0,0,0,0,0,0.0,0.0,0,0,0.0,60.0,0.0
"void at_cuda_detail::DeviceScanByKeyInitKernel<at_cuda_detail::ReduceByKeyScanTileState<unsigned int, int, 1>, at_cuda_detail::TransformInputIterator<unsigned int, mbtopk::BlockIdxToKey, at_cuda_detail::CountingInputIterator<unsigned int, unsigned int>, long>>(T1, T2, std::iterator_traits<T2>::value_type *, unsigned int, int)",792,0.0,0.0,0,0,0.0,0.0,0.0,0.0,2.0,0.0,0.0,544.0,2.112,7415.232000000016,0.0,0.0,0.0,0,0,0,0,0,0,0.0,0.0,0,0,0.0,0.0,17.0
"void at_cuda_detail::DeviceScanByKeyKernel<at_cuda_detail::DeviceScanByKeyPolicy<at_cuda_detail::TransformInputIterator<unsigned int, mbtopk::BlockIdxToKey, at_cuda_detail::CountingInputIterator<unsigned int, unsigned int>, long>, unsigned int, unsigned int, __4::plus<void>>::Policy900, at_cuda_detail::TransformInputIterator<unsigned int, mbtopk::BlockIdxToKey, at_cuda_detail::CountingInputIterator<unsigned int, unsigned int>, long>, unsigned int *, unsigned int *, at_cuda_detail::ReduceByKeyScanTileState<unsigned int, int, 1>, __4::equal_to<void>, __4::plus<void>, at_cuda_detail::NullType, int, unsigned int, unsigned int>(T2, T11 *, T3, T4, T5, int, T6, T7, T8, T9)",793,0.0,0.0,0,0,0.0,0.0,0.0,497.0,38.0,0.9289719626168225,1920.0,0.0,5.344,7420.576000000016,0.0,0.0,0.0,0,0,0,0,0,0,0.0,0.0,0,0,0.0,60.0,0.0
"void mbtopk::gatherTopK<float, unsigned int, 2>(cuda::TensorInfo<const T1, T2>, T2, T2, bool, unsigned int, T2, cuda::TensorInfo<T1, T2>, T2, cuda::TensorInfo<long, T2>, T2, unsigned int, unsigned int, T1 *, unsigned int *, unsigned int *, unsigned int)",794,0.0,0.0,0,0,0.0,0.0,0.0,160656.0,34556.0,0.8229821937175993,2464896.0,9536.0,11.584,7432.160000000016,0.0,0.0,0.0,0,0,0,0,0,0,0.0,0.0,0,0,0.0,77028.0,298.0
"void native::radixSortKVInPlace<2, (int)-1, 32, 4, float, long, unsigned int>(cuda::TensorInfo<T5, T7>, T7, T7, T7, cuda::TensorInfo<T6, T7>, T7, bool)",795,0.0,0.0,0,0,0.0,0.0,0.0,1832.0,32.0,0.9828326180257511,2368.0,544.0,9.504,7441.664000000016,0.0,0.0,0.0,0,0,0,0,0,0,0.0,0.0,0,0,0.0,74.0,17.0
"void native::elementwise_kernel<128, 4, void native::gpu_kernel_impl_nocast<native::<unnamed>::CompareFunctor<float>>(at::TensorIteratorBase &, const T1 &)::[lambda(int) (instance 1)]>(int, T3)",796,0.0,0.0,0,0,0.0,0.0,0.0,0.0,56976.0,0.0,2441472.0,220032.0,7.584,7449.248000000016,0.0,0.0,0.0,0,0,0,0,0,0,0.0,0.0,0,0,0.0,76296.0,6876.0
"void native::vectorized_elementwise_kernel<4, native::<unnamed>::masked_fill_kernel(at::TensorIterator &, const c10::Scalar &)::[lambda() (instance 1)]::operator ()() const::[lambda() (instance 7)]::operator ()() const::[lambda(float, bool) (instance 1)], std::array<char *, 3>>(int, T2, T3)",797,0.0,0.0,0,0,0.0,0.0,0.0,0.0,14280.0,0.0,3038720.0,25472.0,6.88,7456.128000000016,0.0,0.0,0.0,0,0,0,0,0,0,0.0,0.0,0,0,0.0,94960.0,796.0
"native::<unnamed>::fill_index_and_segment_kernel(int2 *, int, cuda::IntDivider<unsigned int>)",798,0.0,0.0,0,0,0.0,0.0,0.0,0.0,18992.0,0.0,0.0,4861952.0,8.512,7464.640000000016,0.0,0.0,0.0,0,0,0,0,0,0,0.0,0.0,0,0,0.0,0.0,151936.0
"void at_cuda_detail::DeviceRadixSortHistogramKernel<at_cuda_detail::DeviceRadixSortPolicy<float, cuda::OpaqueType<8>, unsigned long long>::Policy900, 0, float, unsigned long long, at_cuda_detail::identity_decomposer_t>(T4 *, const T3 *, T4, int, int, T5)",799,0.0,0.0,0,0,0.0,0.0,0.0,62976.0,18992.0,0.7682998243216865,2430976.0,0.0,7.52,7472.160000000016,0.0,0.0,0.0,0,0,0,0,0,0,0.0,0.0,0,0,0.0,75968.0,0.0
"void at_cuda_detail::DeviceRadixSortExclusiveSumKernel<at_cuda_detail::DeviceRadixSortPolicy<float, cuda::OpaqueType<8>, unsigned long long>::Policy900, unsigned long long>(T2 *)",800,0.0,0.0,0,0,0.0,0.0,0.0,156.0,64.0,0.7090909090909091,8192.0,0.0,2.944,7475.104000000017,0.0,0.0,0.0,0,0,0,0,0,0,0.0,0.0,0,0,0.0,256.0,0.0
"void at_cuda_detail::DeviceRadixSortOnesweepKernel<at_cuda_detail::DeviceRadixSortPolicy<float, cuda::OpaqueType<8>, unsigned long long>::Policy900, 0, float, cuda::OpaqueType<8>, unsigned long long, int, int, at_cuda_detail::identity_decomposer_t>(T7 *, T7 *, T5 *, const T5 *, T3 *, const T3 *, T4 *, const T4 *, T6, int, int, T8)",801,0.0,0.0,0,0,0.0,0.0,0.0,175578.0,88817.0,0.6640745853741561,8856960.0,5999168.0,30.432,7505.536000000016,0.0,0.0,0.0,0,0,0,0,0,0,0.0,0.0,0,0,0.0,276780.0,187474.0
"void at_cuda_detail::DeviceRadixSortOnesweepKernel<at_cuda_detail::DeviceRadixSortPolicy<float, cuda::OpaqueType<8>, unsigned long long>::Policy900, 0, float, cuda::OpaqueType<8>, unsigned long long, int, int, at_cuda_detail::identity_decomposer_t>(T7 *, T7 *, T5 *, const T5 *, T3 *, const T3 *, T4 *, const T4 *, T6, int, int, T8)",802,0.0,0.0,0,0,0.0,0.0,0.0,67626.0,94821.0,0.41629577646863286,8970496.0,7495680.0,24.736,7530.272000000016,0.0,0.0,0.0,0,0,0,0,0,0,0.0,0.0,0,0,0.0,280328.0,234240.0
"void at_cuda_detail::DeviceRadixSortOnesweepKernel<at_cuda_detail::DeviceRadixSortPolicy<float, cuda::OpaqueType<8>, unsigned long long>::Policy900, 0, float, cuda::OpaqueType<8>, unsigned long long, int, int, at_cuda_detail::identity_decomposer_t>(T7 *, T7 *, T5 *, const T5 *, T3 *, const T3 *, T4 *, const T4 *, T6, int, int, T8)",803,0.0,0.0,0,0,0.0,0.0,0.0,68478.0,94591.0,0.41993266653993094,8976640.0,7495680.0,26.464,7556.736000000016,0.0,0.0,0.0,0,0,0,0,0,0,0.0,0.0,0,0,0.0,280520.0,234240.0
"void at_cuda_detail::DeviceRadixSortOnesweepKernel<at_cuda_detail::DeviceRadixSortPolicy<float, cuda::OpaqueType<8>, unsigned long long>::Policy900, 0, float, cuda::OpaqueType<8>, unsigned long long, int, int, at_cuda_detail::identity_decomposer_t>(T7 *, T7 *, T5 *, const T5 *, T3 *, const T3 *, T4 *, const T4 *, T6, int, int, T8)",804,0.0,0.0,0,0,0.0,0.0,0.0,68478.0,94950.0,0.4190102063293928,9026688.0,5692672.0,26.624,7583.360000000016,0.0,0.0,0.0,0,0,0,0,0,0,0.0,0.0,0,0,0.0,282084.0,177896.0
"void at_cuda_detail::DeviceRadixSortHistogramKernel<at_cuda_detail::DeviceRadixSortPolicy<long, at_cuda_detail::NullType, unsigned long long>::Policy900, 0, long, unsigned long long, at_cuda_detail::identity_decomposer_t>(T4 *, const T3 *, T4, int, int, T5)",805,0.0,0.0,0,0,0.0,0.0,0.0,9184.0,18992.0,0.3259511641113004,4861952.0,0.0,9.248,7592.608000000016,0.0,0.0,0.0,0,0,0,0,0,0,0.0,0.0,0,0,0.0,151936.0,0.0
"void at_cuda_detail::DeviceRadixSortExclusiveSumKernel<at_cuda_detail::DeviceRadixSortPolicy<long, at_cuda_detail::NullType, unsigned long long>::Policy900, unsigned long long>(T2 *)",806,0.0,0.0,0,0,0.0,0.0,0.0,39.0,16.0,0.7090909090909091,2048.0,0.0,2.848,7595.456000000016,0.0,0.0,0.0,0,0,0,0,0,0,0.0,0.0,0,0,0.0,64.0,0.0
"void at_cuda_detail::DeviceRadixSortOnesweepKernel<at_cuda_detail::DeviceRadixSortPolicy<long, at_cuda_detail::NullType, unsigned long long>::Policy900, 0, long, at_cuda_detail::NullType, unsigned long long, int, int, at_cuda_detail::identity_decomposer_t>(T7 *, T7 *, T5 *, const T5 *, T3 *, const T3 *, T4 *, const T4 *, T6, int, int, T8)",807,0.0,0.0,0,0,0.0,0.0,0.0,55759.0,65925.0,0.4582278689063476,7255552.0,4301344.0,19.168,7614.624000000015,0.0,0.0,0.0,0,0,0,0,0,0,0.0,0.0,0,0,0.0,226736.0,134417.0
"void native::<unnamed>::sort_postprocess_kernel<float>(const T1 *, T1 *, long *, const int2 *, int, int)",808,0.0,0.0,0,0,0.0,0.0,0.0,0.0,75968.0,0.0,7165472.0,7292928.0,17.728,7632.352000000015,0.0,0.0,0.0,0,0,0,0,0,0,0.0,0.0,0,0,0.0,223921.0,227904.0
"void native::<unnamed>::cunn_SoftMaxForward<4, float, float, float, native::<unnamed>::SoftMaxForwardEpilogue>(T4 *, const T2 *, int)",809,8508416.0,20076672.0,0,0,0.0,20076672.0,20076672.0,528.0,19136.0,0.026851098454027666,7292928.0,2430976.0,94.848,7727.200000000015,2452096.0,607744.0,8508416.0,0,0,0,0,0,0,0.0,0.0,0,0,0.0,227904.0,75968.0
"void native::tensor_kernel_scan_innermost_dim<float, std::plus<float>>(T1 *, const T1 *, unsigned int, unsigned int, unsigned int, T1, T2)",810,0.0,3052116.0,0,0,0.0,3052116.0,3052116.0,334872.0,37984.0,0.8981268908103933,2430976.0,2430976.0,321.856,8049.056000000015,3052116.0,0.0,0.0,0,0,0,0,0,0,0.0,0.0,0,0,0.0,75968.0,75968.0
"void native::vectorized_elementwise_kernel<4, void native::compare_scalar_kernel<float>(at::TensorIteratorBase &, native::<unnamed>::OpType, T1)::[lambda(float) (instance 1)], std::array<char *, 2>>(int, T2, T3)",811,0.0,0.0,0,0,0.0,0.0,0.0,0.0,9520.0,0.0,2430976.0,607392.0,5.6,8054.656000000015,0.0,0.0,0.0,0,0,0,0,0,0,0.0,0.0,0,0,0.0,75968.0,18981.0
"void native::elementwise_kernel<128, 4, void native::gpu_kernel_impl_nocast<native::FillFunctor<bool>>(at::TensorIteratorBase &, const T1 &)::[lambda(int) (instance 1)]>(int, T3)",812,0.0,0.0,0,0,0.0,0.0,0.0,0.0,1.0,0.0,0.0,128.0,2.496,8057.1520000000155,0.0,0.0,0.0,0,0,0,0,0,0,0.0,0.0,0,0,0.0,0.0,4.0
"void native::_scatter_gather_elementwise_kernel<128, 8, void native::_cuda_scatter_gather_internal_kernel<1, native::OpaqueType<1>>::operator ()<native::TensorAssign>(at::TensorIterator &, long, long, long, const T1 &)::[lambda(int) (instance 1)]>(int, T3)",813,0.0,0.0,0,0,0.0,0.0,0.0,0.0,56976.0,0.0,5469696.0,251232.0,11.968,8069.120000000015,0.0,0.0,0.0,0,0,0,0,0,0,0.0,0.0,0,0,0.0,170928.0,7851.0
"void native::vectorized_elementwise_kernel<4, native::<unnamed>::masked_fill_kernel(at::TensorIterator &, const c10::Scalar &)::[lambda() (instance 1)]::operator ()() const::[lambda() (instance 7)]::operator ()() const::[lambda(float, bool) (instance 1)], std::array<char *, 3>>(int, T2, T3)",814,0.0,0.0,0,0,0.0,0.0,0.0,0.0,14280.0,0.0,3038720.0,0.0,6.72,8075.840000000016,0.0,0.0,0.0,0,0,0,0,0,0,0.0,0.0,0,0,0.0,94960.0,0.0
"void native::<unnamed>::cunn_SoftMaxForward<4, float, float, float, native::<unnamed>::SoftMaxForwardEpilogue>(T4 *, const T2 *, int)",815,8508416.0,20076672.0,0,0,0.0,20076672.0,20076672.0,528.0,19136.0,0.026851098454027666,7292928.0,2430976.0,94.56,8170.400000000016,2452096.0,607744.0,8508416.0,0,0,0,0,0,0,0.0,0.0,0,0,0.0,227904.0,75968.0
"void native::reduce_kernel<512, 1, native::ReduceOp<float, native::func_wrapper_t<float, native::MinNanFunctor<float>>, unsigned int, float, 4, 4>>(T3)",816,0.0,0.0,0,0,0.0,0.0,0.0,5987.0,4827.0,0.5536341779175143,2431296.0,2432.0,10.048,8180.448000000016,0.0,0.0,0.0,0,0,0,0,0,0,0.0,0.0,0,0,0.0,75978.0,76.0
"void native::vectorized_elementwise_kernel<4, void native::compare_scalar_kernel<float>(at::TensorIteratorBase &, native::<unnamed>::OpType, T1)::[lambda(float) (instance 1)], std::array<char *, 2>>(int, T2, T3)",817,0.0,0.0,0,0,0.0,0.0,0.0,0.0,2.0,0.0,32.0,32.0,2.784,8183.232000000015,0.0,0.0,0.0,0,0,0,0,0,0,0.0,0.0,0,0,0.0,1.0,1.0
"void native::reduce_kernel<512, 1, native::ReduceOp<float, native::func_wrapper_t<float, native::MaxNanFunctor<float>>, unsigned int, float, 4, 4>>(T3)",818,0.0,0.0,0,0,0.0,0.0,0.0,5987.0,4827.0,0.5536341779175143,2431296.0,2432.0,10.272,8193.504000000015,0.0,0.0,0.0,0,0,0,0,0,0,0.0,0.0,0,0,0.0,75978.0,76.0
"void native::vectorized_elementwise_kernel<4, void native::compare_scalar_kernel<float>(at::TensorIteratorBase &, native::<unnamed>::OpType, T1)::[lambda(float) (instance 1)], std::array<char *, 2>>(int, T2, T3)",819,0.0,0.0,0,0,0.0,0.0,0.0,0.0,2.0,0.0,32.0,32.0,2.72,8196.224000000015,0.0,0.0,0.0,0,0,0,0,0,0,0.0,0.0,0,0,0.0,1.0,1.0
"void native::vectorized_elementwise_kernel<4, native::BinaryFunctor<bool, bool, bool, native::BitwiseAndFunctor<bool>>, std::array<char *, 3>>(int, T2, T3)",820,0.0,0.0,0,0,0.0,0.0,0.0,0.0,3.0,0.0,64.0,32.0,2.72,8198.944000000014,0.0,0.0,0.0,0,0,0,0,0,0,0.0,0.0,0,0,0.0,2.0,1.0
"void native::_assert_async_cuda_kernel<bool>(const T1 *, native::Msg)",821,0.0,0.0,0,0,0.0,0.0,0.0,0.0,1.0,0.0,32.0,0.0,4.0,8202.944000000014,0.0,0.0,0.0,0,0,0,0,0,0,0.0,0.0,0,0,0.0,1.0,0.0
"void native::reduce_kernel<512, 1, native::ReduceOp<float, native::func_wrapper_t<float, native::sum_functor<float, float, float>::operator ()(at::TensorIterator &)::[lambda(float, float) (instance 1)]>, unsigned int, float, 4, 4>>(T3)",822,0.0,990796.0,0,0,0.0,990796.0,990796.0,7692.0,4832.0,0.6141807729160013,2431392.0,2560.0,10.24,8213.184000000014,990796.0,0.0,0.0,0,0,0,0,0,0,0.0,0.0,0,0,0.0,75981.0,80.0
"void native::vectorized_elementwise_kernel<4, native::AUnaryFunctor<float, float, bool, native::<unnamed>::CompareEqFunctor<float>>, std::array<char *, 2>>(int, T2, T3)",823,0.0,0.0,0,0,0.0,0.0,0.0,0.0,2.0,0.0,32.0,32.0,2.624,8215.808000000014,0.0,0.0,0.0,0,0,0,0,0,0,0.0,0.0,0,0,0.0,1.0,1.0
"void native::reduce_kernel<512, 1, native::ReduceOp<bool, native::func_wrapper_t<bool, native::or_kernel_cuda(at::TensorIterator &)::[lambda() (instance 1)]::operator ()() const::[lambda() (instance 12)]::operator ()() const::[lambda(bool, bool) (instance 1)]>, unsigned int, bool, 4, 4>>(T3)",824,0.0,0.0,0,0,0.0,0.0,0.0,0.0,2.0,0.0,32.0,32.0,4.704,8220.512000000013,0.0,0.0,0.0,0,0,0,0,0,0,0.0,0.0,0,0,0.0,1.0,1.0
"void native::vectorized_elementwise_kernel<4, native::bitwise_not_kernel_cuda(at::TensorIteratorBase &)::[lambda(bool) (instance 1)], std::array<char *, 2>>(int, T2, T3)",825,0.0,0.0,0,0,0.0,0.0,0.0,0.0,2.0,0.0,32.0,32.0,2.528,8223.040000000014,0.0,0.0,0.0,0,0,0,0,0,0,0.0,0.0,0,0,0.0,1.0,1.0
"void native::_assert_async_cuda_kernel<bool>(const T1 *, native::Msg)",826,0.0,0.0,0,0,0.0,0.0,0.0,0.0,1.0,0.0,32.0,0.0,4.064,8227.104000000014,0.0,0.0,0.0,0,0,0,0,0,0,0.0,0.0,0,0,0.0,1.0,0.0
"void native::<unnamed>::distribution_elementwise_grid_stride_kernel<float, 4, void templates::uniform_and_transform<float, float, at::CUDAGeneratorImpl *, void templates::exponential_kernel<at::CUDAGeneratorImpl *>(at::TensorIteratorBase &, double, T1)::[lambda() (instance 1)]::operator ()() const::[lambda() (instance 2)]::operator ()() const::[lambda(float) (instance 1)]>(at::TensorIteratorBase &, T3, T4)::[lambda(curandStatePhilox4_32_10 *) (instance 2)], void native::<unnamed>::distribution_nullary_kernel<float, float, float4, at::CUDAGeneratorImpl *, void templates::uniform_and_transform<float, float, at::CUDAGeneratorImpl *, void templates::exponential_kernel<at::CUDAGeneratorImpl *>(at::TensorIteratorBase &, double, T1)::[lambda() (instance 1)]::operator ()() const::[lambda() (instance 2)]::operator ()() const::[lambda(float) (instance 1)]>(at::TensorIteratorBase &, T3, T4)::[lambda(curandStatePhilox4_32_10 *) (instance 2)], void templates::exponential_kernel<at::CUDAGeneratorImpl *>(at::TensorIteratorBase &, double, T1)::[lambda() (instance 1)]::operator ()() const::[lambda() (instance 2)]::operator ()() const::[lambda(float) (instance 1)]>(at::TensorIteratorBase &, T4, const T5 &, T6)::[lambda(int, float) (instance 1)]>(long, at::PhiloxCudaState, T3, T4)",827,1637376.0,4490240.0,0,0,0.0,4490240.0,4490240.0,0.0,18992.0,0.0,0.0,2430976.0,7.936,8235.040000000014,0.0,1215488.0,1637376.0,0,0,0,0,0,0,0.0,0.0,0,0,0.0,0.0,75968.0
"void native::vectorized_elementwise_kernel<4, native::BinaryFunctor<float, float, float, binary_internal::DivFunctor<float>>, std::array<char *, 3>>(int, T2, T3)",828,3038720.0,6077440.0,0,0,0.0,6077440.0,6077440.0,0.0,14280.0,0.0,4861952.0,60416.0,10.176,8245.216000000013,0.0,0.0,3038720.0,0,0,0,0,0,0,0.0,0.0,0,0,0.0,151936.0,1888.0
"void native::reduce_kernel<512, 1, native::ReduceOp<float, native::ArgMaxOps<float>, unsigned int, long, 4, 4>>(T3)",829,0.0,0.0,0,0,0.0,0.0,0.0,14092.0,4912.0,0.7415280993475057,2432256.0,2752.0,12.768,8257.984000000013,0.0,0.0,0.0,0,0,0,0,0,0,0.0,0.0,0,0,0.0,76008.0,86.0
"void native::<unnamed>::CatArrayBatchedCopy_aligned16_contig<native::<unnamed>::OpaqueType<8>, unsigned int, 2, 128, 1>(T1 *, native::<unnamed>::CatArrInputTensorMetadata<T1, T2, T4, T5>, native::<unnamed>::TensorSizeStride<T2, 4>, int, T2)",830,0.0,0.0,0,0,0.0,0.0,0.0,0.0,6.0,0.0,96.0,160.0,3.424,8261.408000000014,0.0,0.0,0.0,0,0,0,0,0,0,0.0,0.0,0,0,0.0,3.0,5.0
"void native::vectorized_elementwise_kernel<4, native::FillFunctor<bool>, std::array<char *, 1>>(int, T2, T3)",831,0.0,0.0,0,0,0.0,0.0,0.0,0.0,1.0,0.0,0.0,32.0,2.464,8263.872000000014,0.0,0.0,0.0,0,0,0,0,0,0,0.0,0.0,0,0,0.0,0.0,1.0
"void native::vectorized_elementwise_kernel<4, native::FillFunctor<bool>, std::array<char *, 1>>(int, T2, T3)",832,0.0,0.0,0,0,0.0,0.0,0.0,0.0,1.0,0.0,0.0,32.0,2.208,8266.080000000014,0.0,0.0,0.0,0,0,0,0,0,0,0.0,0.0,0,0,0.0,0.0,1.0
"void native::vectorized_elementwise_kernel<4, native::BinaryFunctor<bool, bool, bool, native::BitwiseOrFunctor<bool>>, std::array<char *, 3>>(int, T2, T3)",833,0.0,0.0,0,0,0.0,0.0,0.0,0.0,3.0,0.0,64.0,32.0,2.624,8268.704000000014,0.0,0.0,0.0,0,0,0,0,0,0,0.0,0.0,0,0,0.0,2.0,1.0
"void native::vectorized_elementwise_kernel<4, native::bitwise_not_kernel_cuda(at::TensorIteratorBase &)::[lambda(bool) (instance 1)], std::array<char *, 2>>(int, T2, T3)",834,0.0,0.0,0,0,0.0,0.0,0.0,0.0,2.0,0.0,32.0,32.0,2.656,8271.360000000015,0.0,0.0,0.0,0,0,0,0,0,0,0.0,0.0,0,0,0.0,1.0,1.0
"void native::unrolled_elementwise_kernel<native::BinaryFunctor<long, long, long, native::BitwiseAndFunctor<long>>, std::array<char *, 3>, 8, TrivialOffsetCalculator<2, unsigned int>, TrivialOffsetCalculator<1, unsigned int>, memory::LoadWithCast<2>, memory::StoreWithCast<1>>(int, T1, T2, T4, T5, T6, T7)",835,0.0,0.0,0,0,0.0,0.0,0.0,0.0,3.0,0.0,64.0,32.0,4.128,8275.488000000016,0.0,0.0,0.0,0,0,0,0,0,0,0.0,0.0,0,0,0.0,2.0,1.0
"void native::reduce_kernel<512, 1, native::ReduceOp<long, native::func_wrapper_t<long, native::MaxNanFunctor<long>>, unsigned int, long, 4, 4>>(T3)",836,0.0,0.0,0,0,0.0,0.0,0.0,0.0,2.0,0.0,32.0,32.0,4.608,8280.096000000016,0.0,0.0,0.0,0,0,0,0,0,0,0.0,0.0,0,0,0.0,1.0,1.0
"void native::vectorized_elementwise_kernel<4, native::AUnaryFunctor<long, long, bool, native::<unnamed>::CompareEqFunctor<long>>, std::array<char *, 2>>(int, T2, T3)",837,0.0,0.0,0,0,0.0,0.0,0.0,0.0,2.0,0.0,32.0,32.0,2.592,8282.688000000016,0.0,0.0,0.0,0,0,0,0,0,0,0.0,0.0,0,0,0.0,1.0,1.0
