tick_index,t_target_raw_s,t_receipt_raw_s,utc_anchor,gpu_index,gpu_uuid,status,util_gpu_pct,util_mem_pct,mem_used_mib,power_w,temp_c,clock_sm_mhz,clock_mem_mhz,pcie_tx_kbps,pcie_rx_kbps
-1,28232.876961714,28232.877100754,2026-08-29T21:20:13.447760+00:00,-1,anchor,anchor,,,,,,,,,
0,28232.876961714,28232.885011757,,2,GPU-5443d59d-561f-ed1e-da42-1975937205f9,ok,0,0,453,106.923,62,450,5001,537,292
1,28233.876961714,28233.877378462,,2,GPU-5443d59d-561f-ed1e-da42-1975937205f9,ok,0,0,453,83.075,60,270,810,439,292
2,28234.876961714,28234.8772856,,2,GPU-5443d59d-561f-ed1e-da42-1975937205f9,ok,0,0,453,48.291,59,210,810,439,292
3,28235.876961714,28235.877285879,,2,GPU-5443d59d-561f-ed1e-da42-1975937205f9,ok,0,0,453,33.681,59,210,405,439,292
4,28236.876961714,28236.877321447,,2,GPU-5443d59d-561f-ed1e-da42-1975937205f9,ok,0,0,453,31.945,58,210,405,439,292
5,28237.876961714,28237.877327155,,2,GPU-5443d59d-561f-ed1e-da42-1975937205f9,ok,4,1,1515,55.113,60,1710,9501,537,439
6,28238.876961714,28238.877274993,,2,GPU-5443d59d-561f-ed1e-da42-1975937205f9,ok,100,18,1515,324.378,69,1440,9501,488,341
7,28239.876961714,28239.877278591,,2,GPU-5443d59d-561f-ed1e-da42-1975937205f9,ok,100,22,1515,346.519,70,1455,9501,439,244
8,28240.876961714,28240.877292999,,2,GPU-5443d59d-561f-ed1e-da42-1975937205f9,ok,0,0,1515,167.768,63,1905,9501,390,292
9,28241.876961714,28241.877264777,,2,GPU-5443d59d-561f-ed1e-da42-1975937205f9,ok,0,0,1515,144.569,62,1905,9501,488,292
10,28242.876961714,28242.877271135,,2,GPU-5443d59d-561f-ed1e-da42-1975937205f9,ok,100,19,1515,246.409,69,1455,9501,537,439
11,28243.876961714,28243.877266173,,2,GPU-5443d59d-561f-ed1e-da42-1975937205f9,ok,100,20,1515,346.83,70,1455,9501,390,292
12,28244.876961714,28244.877282771,,2,GPU-5443d59d-561f-ed1e-da42-1975937205f9,ok,0,0,1515,171.06,63,1905,9501,390,244
13,28245.876961714,28245.877267759,,2,GPU-5443d59d-561f-ed1e-da42-1975937205f9,ok,0,0,1515,145.445,63,1905,9501,488,439
14,28246.876961714,28246.877266647,,2,GPU-5443d59d-561f-ed1e-da42-1975937205f9,ok,100,16,1515,245.286,69,1440,9501,390,439
15,28247.876961714,28247.877271245,,2,GPU-5443d59d-561f-ed1e-da42-1975937205f9,ok,100,21,1515,345.775,70,1440,9501,390,341
16,28248.876961714,28248.877353113,,2,GPU-5443d59d-561f-ed1e-da42-1975937205f9,ok,0,0,1515,174.168,64,1905,9501,439,292
17,28249.876961714,28249.877414221,,2,GPU-5443d59d-561f-ed1e-da42-1975937205f9,ok,0,0,1515,146.081,63,1710,9501,390,244
18,28250.876961714,28250.877305679,,2,GPU-5443d59d-561f-ed1e-da42-1975937205f9,ok,0,0,453,122.718,62,1710,9751,390,292
19,28251.876961714,28251.877271937,,2,GPU-5443d59d-561f-ed1e-da42-1975937205f9,ok,0,0,453,123.04,62,1710,9751,439,292
20,28252.876961714,28252.877264505,,2,GPU-5443d59d-561f-ed1e-da42-1975937205f9,ok,0,0,453,109.565,60,465,5001,488,292
21,28253.876961714,28253.877271173,,2,GPU-5443d59d-561f-ed1e-da42-1975937205f9,ok,0,0,453,82.392,58,270,810,390,292
22,28254.876961714,28254.877268601,,2,GPU-5443d59d-561f-ed1e-da42-1975937205f9,ok,0,0,453,46.372,58,210,810,439,292
23,28255.876961714,28255.877272429,,2,GPU-5443d59d-561f-ed1e-da42-1975937205f9,ok,0,0,453,33.659,58,210,405,439,292
24,28256.876961714,28256.877265897,,2,GPU-5443d59d-561f-ed1e-da42-1975937205f9,ok,0,0,453,30.563,57,210,405,439,292
25,28257.876961714,28257.877268475,,2,GPU-5443d59d-561f-ed1e-da42-1975937205f9,ok,0,0,453,29.884,57,210,405,439,292
26,28258.876961714,28258.877270433,,2,GPU-5443d59d-561f-ed1e-da42-1975937205f9,ok,0,0,453,29.785,57,210,405,439,341
27,28259.876961714,28259.877285811,,2,GPU-5443d59d-561f-ed1e-da42-1975937205f9,ok,0,0,453,29.487,57,210,405,439,292
28,28260.876961714,28260.877266739,,2,GPU-5443d59d-561f-ed1e-da42-1975937205f9,ok,0,0,453,29.274,56,210,405,439,292
29,28261.876961714,28261.877267617,,2,GPU-5443d59d-561f-ed1e-da42-1975937205f9,ok,0,0,453,29.339,56,210,405,439,292
30,28262.876961714,28262.877272595,,2,GPU-5443d59d-561f-ed1e-da42-1975937205f9,ok,0,0,453,29.231,55,210,405,390,292
31,28263.876961714,28263.877271833,,2,GPU-5443d59d-561f-ed1e-da42-1975937205f9,ok,0,0,453,29.058,55,210,405,439,341
32,28264.876961714,28264.877272221,,2,GPU-5443d59d-561f-ed1e-da42-1975937205f9,ok,0,0,453,28.828,55,210,405,439,341
33,28265.876961714,28265.877272059,,2,GPU-5443d59d-561f-ed1e-da42-1975937205f9,ok,0,0,453,28.747,55,210,405,439,292
34,28266.876961714,28266.877266577,,2,GPU-5443d59d-561f-ed1e-da42-1975937205f9,ok,0,0,453,28.567,55,210,405,439,292
35,28267.876961714,28267.877277515,,2,GPU-5443d59d-561f-ed1e-da42-1975937205f9,ok,0,0,453,28.488,54,210,405,439,292
36,28268.876961714,28268.877268903,,2,GPU-5443d59d-561f-ed1e-da42-1975937205f9,ok,0,0,453,28.464,54,210,405,439,292
37,28269.876961714,28269.877277011,,2,GPU-5443d59d-561f-ed1e-da42-1975937205f9,ok,0,0,453,28.215,54,210,405,390,292
38,28270.876961714,28270.877267319,,2,GPU-5443d59d-561f-ed1e-da42-1975937205f9,ok,0,0,453,28.139,54,210,405,439,292
39,28271.876961714,28271.877285337,,2,GPU-5443d59d-561f-ed1e-da42-1975937205f9,ok,0,0,453,28.059,54,210,405,439,292
40,28272.876961714,28272.877273255,,2,GPU-5443d59d-561f-ed1e-da42-1975937205f9,ok,0,0,453,27.846,54,210,405,439,292
41,28273.876961714,28273.877267663,,2,GPU-5443d59d-561f-ed1e-da42-1975937205f9,ok,0,0,453,27.869,53,210,405,439,292
42,28274.876961714,28274.877270541,,2,GPU-5443d59d-561f-ed1e-da42-1975937205f9,ok,0,0,453,27.925,53,210,405,390,292
43,28275.876961714,28275.877273359,,2,GPU-5443d59d-561f-ed1e-da42-1975937205f9,ok,0,0,453,27.813,53,210,405,439,292
44,28276.876961714,28276.877273577,,2,GPU-5443d59d-561f-ed1e-da42-1975937205f9,ok,0,0,453,27.757,53,210,405,390,292
45,28277.876961714,28277.877267805,,2,GPU-5443d59d-561f-ed1e-da42-1975937205f9,ok,0,0,453,27.932,53,210,405,439,292
46,28278.876961714,28278.877271723,,2,GPU-5443d59d-561f-ed1e-da42-1975937205f9,ok,0,0,453,27.815,53,210,405,390,292
47,28279.876961714,28279.877274512,,2,GPU-5443d59d-561f-ed1e-da42-1975937205f9,ok,0,0,453,27.504,52,210,405,439,292
48,28280.876961714,28280.87727971,,2,GPU-5443d59d-561f-ed1e-da42-1975937205f9,ok,0,0,453,28.307,52,210,405,439,292
49,28281.876961714,28281.877270298,,2,GPU-5443d59d-561f-ed1e-da42-1975937205f9,ok,0,0,453,28.328,52,210,405,390,292
50,28282.876961714,28282.877270786,,2,GPU-5443d59d-561f-ed1e-da42-1975937205f9,ok,0,0,453,27.35,52,210,405,439,292
51,28283.876961714,28283.877271844,,2,GPU-5443d59d-561f-ed1e-da42-1975937205f9,ok,0,0,453,28.096,52,210,405,439,341
52,28284.876961714,28284.877271492,,2,GPU-5443d59d-561f-ed1e-da42-1975937205f9,ok,0,0,453,28.609,52,210,405,439,341
53,28285.876961714,28285.87727335,,2,GPU-5443d59d-561f-ed1e-da42-1975937205f9,ok,0,0,453,28.791,52,210,405,390,341
54,28286.876961714,28286.877273128,,2,GPU-5443d59d-561f-ed1e-da42-1975937205f9,ok,0,0,453,28.55,52,210,405,439,341
55,28287.876961714,28287.877273796,,2,GPU-5443d59d-561f-ed1e-da42-1975937205f9,ok,0,0,453,27.328,52,210,405,390,341
56,28288.876961714,28288.877274204,,2,GPU-5443d59d-561f-ed1e-da42-1975937205f9,ok,0,0,453,27.735,51,210,405,439,341
57,28289.876961714,28289.877271942,,2,GPU-5443d59d-561f-ed1e-da42-1975937205f9,ok,0,0,453,28.67,51,210,405,390,292
58,28290.876961714,28290.87729899,,2,GPU-5443d59d-561f-ed1e-da42-1975937205f9,ok,0,0,453,28.812,51,210,405,439,292
59,28291.876961714,28291.877272688,,2,GPU-5443d59d-561f-ed1e-da42-1975937205f9,ok,0,0,453,27.985,51,210,405,390,292
60,28292.876961714,28292.877275496,,2,GPU-5443d59d-561f-ed1e-da42-1975937205f9,ok,0,0,453,27.037,51,210,405,439,292
61,28293.876961714,28293.877275714,,2,GPU-5443d59d-561f-ed1e-da42-1975937205f9,ok,0,0,453,28.312,51,210,405,439,292
62,28294.876961714,28294.877275092,,2,GPU-5443d59d-561f-ed1e-da42-1975937205f9,ok,0,0,453,28.796,51,210,405,390,341
63,28295.876961714,28295.87726804,,2,GPU-5443d59d-561f-ed1e-da42-1975937205f9,ok,0,0,453,28.394,51,210,405,439,341
64,28296.876961714,28296.877272688,,2,GPU-5443d59d-561f-ed1e-da42-1975937205f9,ok,0,0,453,27.971,50,210,405,390,341
65,28297.876961714,28297.877267146,,2,GPU-5443d59d-561f-ed1e-da42-1975937205f9,ok,0,0,453,26.926,50,210,405,439,292
66,28298.876961714,28298.877270624,,2,GPU-5443d59d-561f-ed1e-da42-1975937205f9,ok,0,0,453,27.984,50,210,405,439,292
67,28299.876961714,28299.877291672,,2,GPU-5443d59d-561f-ed1e-da42-1975937205f9,ok,0,0,453,29.019,50,210,405,439,341
68,28300.876961714,28300.87727208,,2,GPU-5443d59d-561f-ed1e-da42-1975937205f9,ok,0,0,453,28.647,50,210,405,439,341
69,28301.876961714,28301.877266868,,2,GPU-5443d59d-561f-ed1e-da42-1975937205f9,ok,0,0,453,27.764,50,210,405,390,341
70,28302.876961714,28302.877272456,,2,GPU-5443d59d-561f-ed1e-da42-1975937205f9,ok,0,0,453,26.895,50,210,405,439,341
71,28303.876961714,28303.877267114,,2,GPU-5443d59d-561f-ed1e-da42-1975937205f9,ok,0,0,453,26.905,50,210,405,439,341
72,28304.876961714,28304.877270382,,2,GPU-5443d59d-561f-ed1e-da42-1975937205f9,ok,0,0,453,28.599,50,210,405,439,341
73,28305.876961714,28305.8772695,,2,GPU-5443d59d-561f-ed1e-da42-1975937205f9,ok,0,0,453,28.822,50,210,405,439,292
74,28306.876961714,28306.877270148,,2,GPU-5443d59d-561f-ed1e-da42-1975937205f9,ok,0,0,453,27.673,50,210,405,439,292
75,28307.876961714,28307.877272966,,2,GPU-5443d59d-561f-ed1e-da42-1975937205f9,ok,0,0,453,27.378,49,210,405,439,292
76,28308.876961714,28308.877273044,,2,GPU-5443d59d-561f-ed1e-da42-1975937205f9,ok,0,0,453,26.864,49,210,405,390,292
77,28309.876961714,28309.877275202,,2,GPU-5443d59d-561f-ed1e-da42-1975937205f9,ok,0,0,453,26.681,49,210,405,439,292
78,28310.876961714,28310.87727509,,2,GPU-5443d59d-561f-ed1e-da42-1975937205f9,ok,0,0,453,28.346,49,210,405,439,292
79,28311.876961714,28311.877275158,,2,GPU-5443d59d-561f-ed1e-da42-1975937205f9,ok,0,0,453,28.542,49,210,405,439,292
80,28312.876961714,28312.877281526,,2,GPU-5443d59d-561f-ed1e-da42-1975937205f9,ok,0,0,453,27.231,49,210,405,439,292
81,28313.876961714,28313.877273354,,2,GPU-5443d59d-561f-ed1e-da42-1975937205f9,ok,0,0,453,27.658,49,210,405,439,341
82,28314.876961714,28314.877269092,,2,GPU-5443d59d-561f-ed1e-da42-1975937205f9,ok,0,0,453,27.407,49,210,405,439,341
83,28315.876961714,28315.87727463,,2,GPU-5443d59d-561f-ed1e-da42-1975937205f9,ok,0,0,453,26.771,49,210,405,439,341
84,28316.876961714,28316.877273108,,2,GPU-5443d59d-561f-ed1e-da42-1975937205f9,ok,0,0,453,26.816,49,210,405,439,292
85,28317.876961714,28317.877270316,,2,GPU-5443d59d-561f-ed1e-da42-1975937205f9,ok,0,0,453,28.588,49,210,405,439,292
86,28318.876961714,28318.877270214,,2,GPU-5443d59d-561f-ed1e-da42-1975937205f9,ok,0,0,453,28.447,49,210,405,390,292
87,28319.876961714,28319.877316092,,2,GPU-5443d59d-561f-ed1e-da42-1975937205f9,ok,0,0,453,26.736,48,210,405,439,292
88,28320.876961714,28320.8772626,,2,GPU-5443d59d-561f-ed1e-da42-1975937205f9,ok,0,0,453,26.73,48,210,405,439,292
89,28321.876961714,28321.877260368,,2,GPU-5443d59d-561f-ed1e-da42-1975937205f9,ok,0,0,453,27.336,48,210,405,439,292
90,28322.876961714,28322.877260977,,2,GPU-5443d59d-561f-ed1e-da42-1975937205f9,ok,0,0,453,27.605,48,210,405,439,292
91,28323.876961714,28323.877259515,,2,GPU-5443d59d-561f-ed1e-da42-1975937205f9,ok,0,0,453,26.997,48,210,405,439,292
92,28324.876961714,28324.877260543,,2,GPU-5443d59d-561f-ed1e-da42-1975937205f9,ok,0,0,453,26.538,48,210,405,439,292
93,28325.876961714,28325.877259061,,2,GPU-5443d59d-561f-ed1e-da42-1975937205f9,ok,0,0,453,26.552,48,210,405,439,292
94,28326.876961714,28326.877261009,,2,GPU-5443d59d-561f-ed1e-da42-1975937205f9,ok,0,0,453,27.283,48,210,405,439,292
95,28327.876961714,28327.877261677,,2,GPU-5443d59d-561f-ed1e-da42-1975937205f9,ok,0,0,453,28.942,48,210,405,439,341
96,28328.876961714,28328.877261485,,2,GPU-5443d59d-561f-ed1e-da42-1975937205f9,ok,0,0,453,29.246,48,210,405,439,341
97,28329.876961714,28329.877263893,,2,GPU-5443d59d-561f-ed1e-da42-1975937205f9,ok,0,0,453,27.739,48,210,405,439,341
98,28330.876961714,28330.877257941,,2,GPU-5443d59d-561f-ed1e-da42-1975937205f9,ok,0,0,453,27.003,48,210,405,439,341
99,28331.876961714,28331.877263189,,2,GPU-5443d59d-561f-ed1e-da42-1975937205f9,ok,0,0,453,26.876,48,210,405,390,341
100,28332.876961714,28332.877263107,,2,GPU-5443d59d-561f-ed1e-da42-1975937205f9,ok,0,0,453,26.66,48,210,405,439,292
101,28333.876961714,28333.877258395,,2,GPU-5443d59d-561f-ed1e-da42-1975937205f9,ok,0,0,453,26.719,48,210,405,439,292
102,28334.876961714,28334.877266813,,2,GPU-5443d59d-561f-ed1e-da42-1975937205f9,ok,0,0,453,26.799,48,210,405,439,292
103,28335.876961714,28335.877276171,,2,GPU-5443d59d-561f-ed1e-da42-1975937205f9,ok,0,0,453,26.536,48,210,405,439,292
104,28336.876961714,28336.877287639,,2,GPU-5443d59d-561f-ed1e-da42-1975937205f9,ok,0,0,453,26.993,48,210,405,439,292
105,28337.876961714,28337.877254177,,2,GPU-5443d59d-561f-ed1e-da42-1975937205f9,ok,0,0,453,27.521,48,210,405,439,292
106,28338.876961714,28338.877276545,,2,GPU-5443d59d-561f-ed1e-da42-1975937205f9,ok,0,0,453,26.968,48,210,405,439,292
107,28339.876961714,28339.877280093,,2,GPU-5443d59d-561f-ed1e-da42-1975937205f9,ok,0,0,453,26.642,48,210,405,390,292
108,28340.876961714,28340.877276251,,2,GPU-5443d59d-561f-ed1e-da42-1975937205f9,ok,0,0,453,26.756,48,210,405,439,292
109,28341.876961714,28341.877284369,,2,GPU-5443d59d-561f-ed1e-da42-1975937205f9,ok,0,0,453,26.61,48,210,405,439,292
110,28342.876961714,28342.877263217,,2,GPU-5443d59d-561f-ed1e-da42-1975937205f9,ok,0,0,453,26.568,48,210,405,390,292
111,28343.876961714,28343.877259835,,2,GPU-5443d59d-561f-ed1e-da42-1975937205f9,ok,0,0,453,26.666,48,210,405,439,292
112,28344.876961714,28344.877263603,,2,GPU-5443d59d-561f-ed1e-da42-1975937205f9,ok,0,0,453,26.557,48,210,405,439,292
113,28345.876961714,28345.877264621,,2,GPU-5443d59d-561f-ed1e-da42-1975937205f9,ok,0,0,453,26.601,48,210,405,390,292
114,28346.876961714,28346.877279539,,2,GPU-5443d59d-561f-ed1e-da42-1975937205f9,ok,0,0,453,26.71,48,210,405,439,341
115,28347.876961714,28347.877283207,,2,GPU-5443d59d-561f-ed1e-da42-1975937205f9,ok,0,0,453,26.537,48,210,405,439,341
116,28348.876961714,28348.877278255,,2,GPU-5443d59d-561f-ed1e-da42-1975937205f9,ok,0,0,453,26.582,48,210,405,390,341
117,28349.876961714,28349.877279523,,2,GPU-5443d59d-561f-ed1e-da42-1975937205f9,ok,0,0,453,26.711,47,210,405,439,292
118,28350.876961714,28350.877276431,,2,GPU-5443d59d-561f-ed1e-da42-1975937205f9,ok,0,0,453,26.545,47,210,405,390,292
119,28351.876961714,28351.877280769,,2,GPU-5443d59d-561f-ed1e-da42-1975937205f9,ok,0,0,453,26.575,47,210,405,439,292
120,28352.876961714,28352.877279957,,2,GPU-5443d59d-561f-ed1e-da42-1975937205f9,ok,0,0,453,26.64,47,210,405,439,292
121,28353.876961714,28353.877283645,,2,GPU-5443d59d-561f-ed1e-da42-1975937205f9,ok,0,0,453,26.478,47,210,405,439,292
122,28354.876961714,28354.877279663,,2,GPU-5443d59d-561f-ed1e-da42-1975937205f9,ok,0,0,453,26.484,47,210,405,390,292
123,28355.876961714,28355.877282221,,2,GPU-5443d59d-561f-ed1e-da42-1975937205f9,ok,0,0,453,26.647,47,210,405,439,292
124,28356.876961714,28356.877285049,,2,GPU-5443d59d-561f-ed1e-da42-1975937205f9,ok,0,0,453,26.633,47,210,405,439,292
125,28357.876961714,28357.877280277,,2,GPU-5443d59d-561f-ed1e-da42-1975937205f9,ok,0,0,453,26.654,47,210,405,439,292
126,28358.876961714,28358.877278135,,2,GPU-5443d59d-561f-ed1e-da42-1975937205f9,ok,0,0,453,26.752,47,210,405,439,341
127,28359.876961714,28359.877275033,,2,GPU-5443d59d-561f-ed1e-da42-1975937205f9,ok,0,0,453,26.654,47,210,405,439,292
128,28360.876961714,28360.877288361,,2,GPU-5443d59d-561f-ed1e-da42-1975937205f9,ok,0,0,453,26.706,47,210,405,390,292
129,28361.876961714,28361.877290119,,2,GPU-5443d59d-561f-ed1e-da42-1975937205f9,ok,0,0,453,26.973,47,210,405,439,292
130,28362.876961714,28362.877280087,,2,GPU-5443d59d-561f-ed1e-da42-1975937205f9,ok,0,0,453,26.765,47,210,405,439,341
131,28363.876961714,28363.877285155,,2,GPU-5443d59d-561f-ed1e-da42-1975937205f9,ok,0,0,453,26.692,47,210,405,439,341
132,28364.876961714,28364.877259303,,2,GPU-5443d59d-561f-ed1e-da42-1975937205f9,ok,0,0,453,26.728,47,210,405,390,341
133,28365.876961714,28365.877259312,,2,GPU-5443d59d-561f-ed1e-da42-1975937205f9,ok,0,0,453,26.703,47,210,405,439,341
134,28366.876961714,28366.87726034,,2,GPU-5443d59d-561f-ed1e-da42-1975937205f9,ok,0,0,453,26.799,47,210,405,439,341
135,28367.876961714,28367.877234908,,2,GPU-5443d59d-561f-ed1e-da42-1975937205f9,ok,0,0,453,26.708,47,210,405,439,341
136,28368.876961714,28368.877257496,,2,GPU-5443d59d-561f-ed1e-da42-1975937205f9,ok,0,0,453,26.719,47,210,405,390,341
137,28369.876961714,28369.877264494,,2,GPU-5443d59d-561f-ed1e-da42-1975937205f9,ok,0,0,453,26.831,47,210,405,390,341
138,28370.876961714,28370.877258772,,2,GPU-5443d59d-561f-ed1e-da42-1975937205f9,ok,0,0,453,26.682,47,210,405,390,292
139,28371.876961714,28371.87725932,,2,GPU-5443d59d-561f-ed1e-da42-1975937205f9,ok,0,0,453,26.615,47,210,405,390,292
140,28372.876961714,28372.877266568,,2,GPU-5443d59d-561f-ed1e-da42-1975937205f9,ok,0,0,453,26.659,47,210,405,439,292
141,28373.876961714,28373.877262696,,2,GPU-5443d59d-561f-ed1e-da42-1975937205f9,ok,0,0,453,26.572,47,210,405,439,292
142,28374.876961714,28374.877264644,,2,GPU-5443d59d-561f-ed1e-da42-1975937205f9,ok,0,0,453,26.589,47,210,405,439,292
143,28375.876961714,28375.877264322,,2,GPU-5443d59d-561f-ed1e-da42-1975937205f9,ok,0,0,453,26.753,47,210,405,439,292
144,28376.876961714,28376.87726275,,2,GPU-5443d59d-561f-ed1e-da42-1975937205f9,ok,0,0,453,26.771,47,210,405,390,292
145,28377.876961714,28377.877261828,,2,GPU-5443d59d-561f-ed1e-da42-1975937205f9,ok,0,0,453,26.751,47,210,405,439,341
146,28378.876961714,28378.877262486,,2,GPU-5443d59d-561f-ed1e-da42-1975937205f9,ok,0,0,453,26.933,47,210,405,390,292
147,28379.876961714,28379.877264384,,2,GPU-5443d59d-561f-ed1e-da42-1975937205f9,ok,0,0,453,26.927,47,210,405,439,292
148,28380.876961714,28380.877262352,,2,GPU-5443d59d-561f-ed1e-da42-1975937205f9,ok,0,0,453,26.707,47,210,405,439,292
149,28381.876961714,28381.87727064,,2,GPU-5443d59d-561f-ed1e-da42-1975937205f9,ok,0,0,453,26.613,47,210,405,439,292
150,28382.876961714,28382.877263718,,2,GPU-5443d59d-561f-ed1e-da42-1975937205f9,ok,0,0,453,26.646,47,210,405,390,292
151,28383.876961714,28383.877257806,,2,GPU-5443d59d-561f-ed1e-da42-1975937205f9,ok,0,0,453,26.683,47,210,405,390,292
152,28384.876961714,28384.877264024,,2,GPU-5443d59d-561f-ed1e-da42-1975937205f9,ok,0,0,453,26.607,47,210,405,390,292
153,28385.876961714,28385.877259032,,2,GPU-5443d59d-561f-ed1e-da42-1975937205f9,ok,0,0,453,26.66,47,210,405,439,292
154,28386.876961714,28386.87726004,,2,GPU-5443d59d-561f-ed1e-da42-1975937205f9,ok,0,0,453,26.759,47,210,405,439,341
155,28387.876961714,28387.877259558,,2,GPU-5443d59d-561f-ed1e-da42-1975937205f9,ok,0,0,453,26.629,47,210,405,439,341
156,28388.876961714,28388.877265926,,2,GPU-5443d59d-561f-ed1e-da42-1975937205f9,ok,0,0,453,26.531,47,210,405,439,341
157,28389.876961714,28389.877258784,,2,GPU-5443d59d-561f-ed1e-da42-1975937205f9,ok,0,0,453,26.55,47,210,405,439,341
158,28390.876961714,28390.877288242,,2,GPU-5443d59d-561f-ed1e-da42-1975937205f9,ok,0,0,453,26.477,47,210,405,1318,2734
159,28391.876961714,28391.87726642,,2,GPU-5443d59d-561f-ed1e-da42-1975937205f9,ok,0,0,453,26.524,47,210,405,390,292
160,28392.876961714,28392.877261518,,2,GPU-5443d59d-561f-ed1e-da42-1975937205f9,ok,0,0,453,26.617,47,210,405,439,292
161,28393.876961714,28393.877261686,,2,GPU-5443d59d-561f-ed1e-da42-1975937205f9,ok,0,0,453,26.509,47,210,405,439,292
162,28394.876961714,28394.877263514,,2,GPU-5443d59d-561f-ed1e-da42-1975937205f9,ok,0,0,453,26.507,47,210,405,439,292
163,28395.876961714,28395.877260832,,2,GPU-5443d59d-561f-ed1e-da42-1975937205f9,ok,0,0,453,26.568,47,210,405,439,292
164,28396.876961714,28396.87726342,,2,GPU-5443d59d-561f-ed1e-da42-1975937205f9,ok,0,0,453,26.522,47,210,405,439,341
165,28397.876961714,28397.877229568,,2,GPU-5443d59d-561f-ed1e-da42-1975937205f9,ok,0,0,453,26.619,47,210,405,439,341
166,28398.876961714,28398.877259346,,2,GPU-5443d59d-561f-ed1e-da42-1975937205f9,ok,0,0,453,26.752,47,210,405,439,292
167,28399.876961714,28399.877259824,,2,GPU-5443d59d-561f-ed1e-da42-1975937205f9,ok,0,0,453,26.697,47,210,405,439,292
168,28400.876961714,28400.877259352,,2,GPU-5443d59d-561f-ed1e-da42-1975937205f9,ok,0,0,453,26.809,46,210,405,439,292
169,28401.876961714,28401.8772617,,2,GPU-5443d59d-561f-ed1e-da42-1975937205f9,ok,0,0,453,26.995,46,210,405,439,292
170,28402.876961714,28402.877264738,,2,GPU-5443d59d-561f-ed1e-da42-1975937205f9,ok,0,0,453,26.812,46,210,405,439,292
171,28403.876961714,28403.877266336,,2,GPU-5443d59d-561f-ed1e-da42-1975937205f9,ok,0,0,453,26.766,46,210,405,439,292
172,28404.876961714,28404.877264414,,2,GPU-5443d59d-561f-ed1e-da42-1975937205f9,ok,0,0,453,26.959,46,210,405,439,292
173,28405.876961714,28405.877261512,,2,GPU-5443d59d-561f-ed1e-da42-1975937205f9,ok,0,0,453,26.863,46,210,405,439,292
174,28406.876961714,28406.87726049,,2,GPU-5443d59d-561f-ed1e-da42-1975937205f9,ok,0,0,453,26.796,46,210,405,390,292
175,28407.876961714,28407.877263808,,2,GPU-5443d59d-561f-ed1e-da42-1975937205f9,ok,0,0,453,26.85,46,210,405,439,292
176,28408.876961714,28408.877264077,,2,GPU-5443d59d-561f-ed1e-da42-1975937205f9,ok,0,0,453,26.654,46,210,405,439,292
177,28409.876961714,28409.877264825,,2,GPU-5443d59d-561f-ed1e-da42-1975937205f9,ok,0,0,453,26.661,46,210,405,439,292
178,28410.876961714,28410.877261103,,2,GPU-5443d59d-561f-ed1e-da42-1975937205f9,ok,0,0,453,26.825,46,210,405,439,292
179,28411.876961714,28411.877256991,,2,GPU-5443d59d-561f-ed1e-da42-1975937205f9,ok,0,0,453,26.885,46,210,405,390,292
180,28412.876961714,28412.877216309,,2,GPU-5443d59d-561f-ed1e-da42-1975937205f9,ok,0,0,453,26.855,46,210,405,439,292
181,28413.876961714,28413.877256477,,2,GPU-5443d59d-561f-ed1e-da42-1975937205f9,ok,0,0,453,26.665,46,210,405,390,341
182,28414.876961714,28414.877259615,,2,GPU-5443d59d-561f-ed1e-da42-1975937205f9,ok,0,0,453,26.674,46,210,405,439,292
183,28415.876961714,28415.877263173,,2,GPU-5443d59d-561f-ed1e-da42-1975937205f9,ok,0,0,453,26.709,46,210,405,439,292
184,28416.876961714,28416.877262871,,2,GPU-5443d59d-561f-ed1e-da42-1975937205f9,ok,0,0,453,26.597,46,210,405,439,292
185,28417.876961714,28417.877255479,,2,GPU-5443d59d-561f-ed1e-da42-1975937205f9,ok,0,0,453,26.603,46,210,405,439,292
186,28418.876961714,28418.877262157,,2,GPU-5443d59d-561f-ed1e-da42-1975937205f9,ok,0,0,453,26.658,46,210,405,390,292
187,28419.876961714,28419.877262555,,2,GPU-5443d59d-561f-ed1e-da42-1975937205f9,ok,0,0,453,26.565,46,210,405,439,292
188,28420.876961714,28420.877264133,,2,GPU-5443d59d-561f-ed1e-da42-1975937205f9,ok,0,0,453,26.619,46,210,405,439,292
189,28421.876961714,28421.877256941,,2,GPU-5443d59d-561f-ed1e-da42-1975937205f9,ok,0,0,453,26.817,46,210,405,439,292
190,28422.876961714,28422.877252049,,2,GPU-5443d59d-561f-ed1e-da42-1975937205f9,ok,0,0,453,26.795,46,210,405,439,292
191,28423.876961714,28423.877257927,,2,GPU-5443d59d-561f-ed1e-da42-1975937205f9,ok,0,0,453,26.689,46,210,405,390,292
192,28424.876961714,28424.877261075,,2,GPU-5443d59d-561f-ed1e-da42-1975937205f9,ok,0,0,453,26.739,46,210,405,439,292
193,28425.876961714,28425.877259883,,2,GPU-5443d59d-561f-ed1e-da42-1975937205f9,ok,0,0,453,26.748,46,210,405,439,292
194,28426.876961714,28426.877262291,,2,GPU-5443d59d-561f-ed1e-da42-1975937205f9,ok,0,0,453,26.719,46,210,405,439,292
195,28427.876961714,28427.877258779,,2,GPU-5443d59d-561f-ed1e-da42-1975937205f9,ok,0,0,453,26.891,46,210,405,439,292
196,28428.876961714,28428.877262887,,2,GPU-5443d59d-561f-ed1e-da42-1975937205f9,ok,0,0,453,26.844,46,210,405,390,292
197,28429.876961714,28429.877257845,,2,GPU-5443d59d-561f-ed1e-da42-1975937205f9,ok,0,0,453,26.738,46,210,405,439,292
198,28430.876961714,28430.877260843,,2,GPU-5443d59d-561f-ed1e-da42-1975937205f9,ok,0,0,453,26.838,46,210,405,439,292
199,28431.876961714,28431.877260341,,2,GPU-5443d59d-561f-ed1e-da42-1975937205f9,ok,0,0,453,26.773,46,210,405,439,292
200,28432.876961714,28432.877268049,,2,GPU-5443d59d-561f-ed1e-da42-1975937205f9,ok,0,0,453,26.894,46,210,405,439,292
201,28433.876961714,28433.877258107,,2,GPU-5443d59d-561f-ed1e-da42-1975937205f9,ok,0,0,453,27.0,46,210,405,439,292
202,28434.876961714,28434.877260605,,2,GPU-5443d59d-561f-ed1e-da42-1975937205f9,ok,0,0,453,26.899,46,210,405,439,292
203,28435.876961714,28435.877259363,,2,GPU-5443d59d-561f-ed1e-da42-1975937205f9,ok,0,0,453,26.798,46,210,405,390,292
204,28436.876961714,28436.877264981,,2,GPU-5443d59d-561f-ed1e-da42-1975937205f9,ok,0,0,453,26.922,46,210,405,439,292
205,28437.876961714,28437.877260169,,2,GPU-5443d59d-561f-ed1e-da42-1975937205f9,ok,0,0,453,27.052,46,210,405,439,292
206,28438.876961714,28438.877261797,,2,GPU-5443d59d-561f-ed1e-da42-1975937205f9,ok,0,0,453,26.85,46,210,405,439,292
207,28439.876961714,28439.877260215,,2,GPU-5443d59d-561f-ed1e-da42-1975937205f9,ok,0,0,453,26.824,46,210,405,439,292
208,28440.876961714,28440.877261293,,2,GPU-5443d59d-561f-ed1e-da42-1975937205f9,ok,0,0,453,26.859,45,210,405,390,292
209,28441.876961714,28441.877261381,,2,GPU-5443d59d-561f-ed1e-da42-1975937205f9,ok,0,0,453,26.698,45,210,405,439,292
210,28442.876961714,28442.877260549,,2,GPU-5443d59d-561f-ed1e-da42-1975937205f9,ok,0,0,453,26.668,45,210,405,439,292
211,28443.876961714,28443.877261167,,2,GPU-5443d59d-561f-ed1e-da42-1975937205f9,ok,0,0,453,26.831,45,210,405,488,292
212,28444.876961714,28444.877259635,,2,GPU-5443d59d-561f-ed1e-da42-1975937205f9,ok,0,0,453,26.867,45,210,405,439,292
213,28445.876961714,28445.877256583,,2,GPU-5443d59d-561f-ed1e-da42-1975937205f9,ok,0,0,453,26.898,45,210,405,439,341
214,28446.876961714,28446.877262961,,2,GPU-5443d59d-561f-ed1e-da42-1975937205f9,ok,0,0,453,26.939,45,210,405,390,341
215,28447.876961714,28447.877263269,,2,GPU-5443d59d-561f-ed1e-da42-1975937205f9,ok,0,0,453,26.838,45,210,405,439,341
216,28448.876961714,28448.877257217,,2,GPU-5443d59d-561f-ed1e-da42-1975937205f9,ok,0,0,453,26.893,45,210,405,439,341
217,28449.876961714,28449.877262115,,2,GPU-5443d59d-561f-ed1e-da42-1975937205f9,ok,0,0,453,26.974,45,210,405,390,292
218,28450.876961714,28450.877262173,,2,GPU-5443d59d-561f-ed1e-da42-1975937205f9,ok,0,0,453,26.814,45,210,405,439,292
219,28451.876961714,28451.877264091,,2,GPU-5443d59d-561f-ed1e-da42-1975937205f9,ok,0,0,453,26.785,45,210,405,439,292
220,28452.876961714,28452.87726405,,2,GPU-5443d59d-561f-ed1e-da42-1975937205f9,ok,0,0,453,26.887,45,210,405,439,292
221,28453.876961714,28453.877260028,,2,GPU-5443d59d-561f-ed1e-da42-1975937205f9,ok,0,0,453,26.812,45,210,405,439,292
222,28454.876961714,28454.877268906,,2,GPU-5443d59d-561f-ed1e-da42-1975937205f9,ok,0,0,453,26.851,45,210,405,439,292
223,28455.876961714,28455.877263874,,2,GPU-5443d59d-561f-ed1e-da42-1975937205f9,ok,0,0,453,27.083,45,210,405,390,292
224,28456.876961714,28456.877262512,,2,GPU-5443d59d-561f-ed1e-da42-1975937205f9,ok,0,0,453,27.084,45,210,405,439,292
225,28457.876961714,28457.87726105,,2,GPU-5443d59d-561f-ed1e-da42-1975937205f9,ok,0,0,453,27.066,45,210,405,439,292
226,28458.876961714,28458.877264638,,2,GPU-5443d59d-561f-ed1e-da42-1975937205f9,ok,0,0,453,27.134,45,210,405,439,292
227,28459.876961714,28459.877262196,,2,GPU-5443d59d-561f-ed1e-da42-1975937205f9,ok,0,0,453,26.944,45,210,405,390,292
228,28460.876961714,28460.877265454,,2,GPU-5443d59d-561f-ed1e-da42-1975937205f9,ok,0,0,453,26.881,45,210,405,439,292
229,28461.876961714,28461.877255362,,2,GPU-5443d59d-561f-ed1e-da42-1975937205f9,ok,0,0,453,27.042,45,210,405,439,292
230,28462.876961714,28462.87726193,,2,GPU-5443d59d-561f-ed1e-da42-1975937205f9,ok,0,0,453,27.02,45,210,405,390,292
231,28463.876961714,28463.877262148,,2,GPU-5443d59d-561f-ed1e-da42-1975937205f9,ok,0,0,453,27.083,45,210,405,439,341
232,28464.876961714,28464.877263826,,2,GPU-5443d59d-561f-ed1e-da42-1975937205f9,ok,0,0,453,27.06,45,210,405,439,341
233,28465.876961714,28465.877258574,,2,GPU-5443d59d-561f-ed1e-da42-1975937205f9,ok,0,0,453,27.071,45,210,405,439,292
234,28466.876961714,28466.877259632,,2,GPU-5443d59d-561f-ed1e-da42-1975937205f9,ok,0,0,453,27.201,45,210,405,439,292
235,28467.876961714,28467.87725985,,2,GPU-5443d59d-561f-ed1e-da42-1975937205f9,ok,0,0,453,26.993,45,210,405,439,292
236,28468.876961714,28468.877261528,,2,GPU-5443d59d-561f-ed1e-da42-1975937205f9,ok,0,0,453,26.894,45,210,405,439,292
237,28469.876961714,28469.877258826,,2,GPU-5443d59d-561f-ed1e-da42-1975937205f9,ok,0,0,453,26.952,45,210,405,439,292
238,28470.876961714,28470.877260114,,2,GPU-5443d59d-561f-ed1e-da42-1975937205f9,ok,0,0,453,26.883,45,210,405,439,292
239,28471.876961714,28471.877263602,,2,GPU-5443d59d-561f-ed1e-da42-1975937205f9,ok,0,0,453,27.0,45,210,405,390,292
240,28472.876961714,28472.877265,,2,GPU-5443d59d-561f-ed1e-da42-1975937205f9,ok,0,0,453,27.062,45,210,405,439,292
241,28473.876961714,28473.877278918,,2,GPU-5443d59d-561f-ed1e-da42-1975937205f9,ok,0,0,453,26.896,45,210,405,390,292
242,28474.876961714,28474.877270906,,2,GPU-5443d59d-561f-ed1e-da42-1975937205f9,ok,0,0,453,26.906,45,210,405,439,341
243,28475.876961714,28475.877272814,,2,GPU-5443d59d-561f-ed1e-da42-1975937205f9,ok,0,0,453,27.069,45,210,405,439,341
244,28476.876961714,28476.877286402,,2,GPU-5443d59d-561f-ed1e-da42-1975937205f9,ok,0,0,453,27.106,45,210,405,390,341
245,28477.876961714,28477.87727351,,2,GPU-5443d59d-561f-ed1e-da42-1975937205f9,ok,0,0,453,27.146,45,210,405,439,341
246,28478.876961714,28478.877278078,,2,GPU-5443d59d-561f-ed1e-da42-1975937205f9,ok,0,0,453,27.235,45,210,405,439,292
247,28479.876961714,28479.877263006,,2,GPU-5443d59d-561f-ed1e-da42-1975937205f9,ok,0,0,453,27.078,45,210,405,390,292
248,28480.876961714,28480.877257514,,2,GPU-5443d59d-561f-ed1e-da42-1975937205f9,ok,0,0,453,27.014,45,210,405,439,292
249,28481.876961714,28481.877263652,,2,GPU-5443d59d-561f-ed1e-da42-1975937205f9,ok,0,0,453,27.216,44,210,405,439,292
250,28482.876961714,28482.8772588,,2,GPU-5443d59d-561f-ed1e-da42-1975937205f9,ok,0,0,453,27.187,44,210,405,439,292
251,28483.876961714,28483.877274678,,2,GPU-5443d59d-561f-ed1e-da42-1975937205f9,ok,0,0,453,27.179,44,210,405,439,292
252,28484.876961714,28484.877277196,,2,GPU-5443d59d-561f-ed1e-da42-1975937205f9,ok,0,0,453,27.289,44,210,405,439,292
253,28485.876961714,28485.877274614,,2,GPU-5443d59d-561f-ed1e-da42-1975937205f9,ok,0,0,453,27.164,44,210,405,439,292
254,28486.876961714,28486.877279532,,2,GPU-5443d59d-561f-ed1e-da42-1975937205f9,ok,0,0,453,27.189,44,210,405,439,292
255,28487.876961714,28487.87727489,,2,GPU-5443d59d-561f-ed1e-da42-1975937205f9,ok,0,0,453,27.243,44,210,405,439,292
256,28488.876961714,28488.877279068,,2,GPU-5443d59d-561f-ed1e-da42-1975937205f9,ok,0,0,453,27.025,44,210,405,439,292
257,28489.876961714,28489.877282686,,2,GPU-5443d59d-561f-ed1e-da42-1975937205f9,ok,0,0,453,26.964,44,210,405,439,292
258,28490.876961714,28490.877279534,,2,GPU-5443d59d-561f-ed1e-da42-1975937205f9,ok,0,0,453,27.055,44,210,405,439,292
259,28491.876961714,28491.877276752,,2,GPU-5443d59d-561f-ed1e-da42-1975937205f9,ok,0,0,453,26.912,44,210,405,439,292
260,28492.876961714,28492.87729274,,2,GPU-5443d59d-561f-ed1e-da42-1975937205f9,ok,0,0,453,26.927,44,210,405,390,341
261,28493.876961714,28493.877276598,,2,GPU-5443d59d-561f-ed1e-da42-1975937205f9,ok,0,0,453,27.027,44,210,405,439,341
262,28494.876961714,28494.877288417,,2,GPU-5443d59d-561f-ed1e-da42-1975937205f9,ok,0,0,453,26.911,44,210,405,439,341
263,28495.876961714,28495.877279615,,2,GPU-5443d59d-561f-ed1e-da42-1975937205f9,ok,0,0,453,26.964,44,210,405,390,292
264,28496.876961714,28496.877277193,,2,GPU-5443d59d-561f-ed1e-da42-1975937205f9,ok,0,0,453,27.113,44,210,405,439,292
265,28497.876961714,28497.877278611,,2,GPU-5443d59d-561f-ed1e-da42-1975937205f9,ok,0,0,453,26.978,44,210,405,439,292
266,28498.876961714,28498.877284479,,2,GPU-5443d59d-561f-ed1e-da42-1975937205f9,ok,0,0,453,26.944,44,210,405,439,292
267,28499.876961714,28499.877280737,,2,GPU-5443d59d-561f-ed1e-da42-1975937205f9,ok,0,0,453,27.136,44,210,405,439,341
268,28500.876961714,28500.877285515,,2,GPU-5443d59d-561f-ed1e-da42-1975937205f9,ok,0,0,453,27.115,44,210,405,390,341
269,28501.876961714,28501.877258213,,2,GPU-5443d59d-561f-ed1e-da42-1975937205f9,ok,0,0,453,27.204,44,210,405,439,341
270,28502.876961714,28502.877256071,,2,GPU-5443d59d-561f-ed1e-da42-1975937205f9,ok,0,0,453,27.199,44,210,405,439,292
271,28503.876961714,28503.877257829,,2,GPU-5443d59d-561f-ed1e-da42-1975937205f9,ok,0,0,453,27.088,44,210,405,390,292
272,28504.876961714,28504.877262587,,2,GPU-5443d59d-561f-ed1e-da42-1975937205f9,ok,0,0,453,27.198,44,210,405,439,292
273,28505.876961714,28505.877257445,,2,GPU-5443d59d-561f-ed1e-da42-1975937205f9,ok,0,0,453,27.071,44,210,405,439,341
274,28506.876961714,28506.877259313,,2,GPU-5443d59d-561f-ed1e-da42-1975937205f9,ok,0,0,453,27.055,44,210,405,439,341
275,28507.876961714,28507.877264231,,2,GPU-5443d59d-561f-ed1e-da42-1975937205f9,ok,0,0,453,27.242,44,210,405,439,341
276,28508.876961714,28508.877262549,,2,GPU-5443d59d-561f-ed1e-da42-1975937205f9,ok,0,0,453,27.182,44,210,405,390,341
277,28509.876961714,28509.877263467,,2,GPU-5443d59d-561f-ed1e-da42-1975937205f9,ok,0,0,453,27.135,44,210,405,390,292
278,28510.876961714,28510.877258425,,2,GPU-5443d59d-561f-ed1e-da42-1975937205f9,ok,0,0,453,27.217,44,210,405,439,292
279,28511.876961714,28511.877263093,,2,GPU-5443d59d-561f-ed1e-da42-1975937205f9,ok,0,0,453,27.198,44,210,405,439,292
280,28512.876961714,28512.877259381,,2,GPU-5443d59d-561f-ed1e-da42-1975937205f9,ok,0,0,453,27.223,44,210,405,439,292
281,28513.876961714,28513.877258469,,2,GPU-5443d59d-561f-ed1e-da42-1975937205f9,ok,0,0,453,27.318,44,210,405,439,292
282,28514.876961714,28514.877260687,,2,GPU-5443d59d-561f-ed1e-da42-1975937205f9,ok,0,0,453,27.256,44,210,405,439,292
283,28515.876961714,28515.877257615,,2,GPU-5443d59d-561f-ed1e-da42-1975937205f9,ok,0,0,453,27.276,44,210,405,439,292
284,28516.876961714,28516.877260103,,2,GPU-5443d59d-561f-ed1e-da42-1975937205f9,ok,0,0,453,27.362,44,210,405,439,292
285,28517.876961714,28517.877261391,,2,GPU-5443d59d-561f-ed1e-da42-1975937205f9,ok,0,0,453,27.25,44,210,405,439,292
286,28518.876961714,28518.877258199,,2,GPU-5443d59d-561f-ed1e-da42-1975937205f9,ok,0,0,453,27.148,44,210,405,439,292
287,28519.876961714,28519.877260097,,2,GPU-5443d59d-561f-ed1e-da42-1975937205f9,ok,0,0,453,27.124,44,210,405,439,292
288,28520.876961714,28520.877260005,,2,GPU-5443d59d-561f-ed1e-da42-1975937205f9,ok,0,0,453,26.995,44,210,405,439,292
289,28521.876961714,28521.877260143,,2,GPU-5443d59d-561f-ed1e-da42-1975937205f9,ok,0,0,453,27.064,43,210,405,439,292
290,28522.876961714,28522.877259751,,2,GPU-5443d59d-561f-ed1e-da42-1975937205f9,ok,0,0,453,27.302,43,210,405,439,292
291,28523.876961714,28523.877263049,,2,GPU-5443d59d-561f-ed1e-da42-1975937205f9,ok,0,0,453,27.201,43,210,405,439,292
292,28524.876961714,28524.877265597,,2,GPU-5443d59d-561f-ed1e-da42-1975937205f9,ok,0,0,453,27.171,43,210,405,439,292
293,28525.876961714,28525.877264545,,2,GPU-5443d59d-561f-ed1e-da42-1975937205f9,ok,0,0,453,27.239,43,210,405,390,292
294,28526.876961714,28526.877262313,,2,GPU-5443d59d-561f-ed1e-da42-1975937205f9,ok,0,0,453,27.058,43,210,405,390,341
295,28527.876961714,28527.877265881,,2,GPU-5443d59d-561f-ed1e-da42-1975937205f9,ok,0,0,453,27.014,43,210,405,439,341
296,28528.876961714,28528.877263629,,2,GPU-5443d59d-561f-ed1e-da42-1975937205f9,ok,0,0,453,27.021,43,210,405,439,341
297,28529.876961714,28529.877255987,,2,GPU-5443d59d-561f-ed1e-da42-1975937205f9,ok,0,0,453,26.845,43,210,405,439,292
298,28530.876961714,28530.877264335,,2,GPU-5443d59d-561f-ed1e-da42-1975937205f9,ok,0,0,453,26.823,43,210,405,439,292
299,28531.876961714,28531.877259813,,2,GPU-5443d59d-561f-ed1e-da42-1975937205f9,ok,0,0,453,26.876,43,210,405,439,292
300,28532.876961714,28532.877262351,,2,GPU-5443d59d-561f-ed1e-da42-1975937205f9,ok,0,0,453,26.751,43,210,405,439,292
301,28533.876961714,28533.877254449,,2,GPU-5443d59d-561f-ed1e-da42-1975937205f9,ok,0,0,453,26.864,43,210,405,390,292
302,28534.876961714,28534.877256057,,2,GPU-5443d59d-561f-ed1e-da42-1975937205f9,ok,0,0,453,27.079,43,210,405,439,292
303,28535.876961714,28535.877259485,,2,GPU-5443d59d-561f-ed1e-da42-1975937205f9,ok,0,0,453,27.057,43,210,405,439,292
304,28536.876961714,28536.877258463,,2,GPU-5443d59d-561f-ed1e-da42-1975937205f9,ok,0,0,453,27.119,43,210,405,439,292
305,28537.876961714,28537.877255831,,2,GPU-5443d59d-561f-ed1e-da42-1975937205f9,ok,0,0,453,27.21,43,210,405,390,292
306,28538.876961714,28538.87726479,,2,GPU-5443d59d-561f-ed1e-da42-1975937205f9,ok,0,0,453,27.029,43,210,405,439,292
307,28539.876961714,28539.877261528,,2,GPU-5443d59d-561f-ed1e-da42-1975937205f9,ok,0,0,453,26.998,43,210,405,439,292
308,28540.876961714,28540.877259406,,2,GPU-5443d59d-561f-ed1e-da42-1975937205f9,ok,0,0,453,27.009,43,210,405,439,292
309,28541.876961714,28541.877256124,,2,GPU-5443d59d-561f-ed1e-da42-1975937205f9,ok,0,0,453,27.037,43,210,405,439,292
310,28542.876961714,28542.877260822,,2,GPU-5443d59d-561f-ed1e-da42-1975937205f9,ok,0,0,453,27.184,43,210,405,439,341
311,28543.876961714,28543.87727046,,2,GPU-5443d59d-561f-ed1e-da42-1975937205f9,ok,0,0,453,27.098,43,210,405,390,341
312,28544.876961714,28544.877259408,,2,GPU-5443d59d-561f-ed1e-da42-1975937205f9,ok,0,0,453,27.131,43,210,405,439,341
313,28545.876961714,28545.877262656,,2,GPU-5443d59d-561f-ed1e-da42-1975937205f9,ok,0,0,453,27.253,43,210,405,439,341
314,28546.876961714,28546.877264624,,2,GPU-5443d59d-561f-ed1e-da42-1975937205f9,ok,0,0,453,27.124,43,210,405,439,341
315,28547.876961714,28547.877258412,,2,GPU-5443d59d-561f-ed1e-da42-1975937205f9,ok,0,0,453,27.029,43,210,405,439,341
316,28548.876961714,28548.87725873,,2,GPU-5443d59d-561f-ed1e-da42-1975937205f9,ok,0,0,453,27.152,43,210,405,390,341
317,28549.876961714,28549.877260708,,2,GPU-5443d59d-561f-ed1e-da42-1975937205f9,ok,0,0,453,27.105,43,210,405,439,341
318,28550.876961714,28550.877259776,,2,GPU-5443d59d-561f-ed1e-da42-1975937205f9,ok,0,0,453,27.092,43,210,405,439,341
319,28551.876961714,28551.877261994,,2,GPU-5443d59d-561f-ed1e-da42-1975937205f9,ok,0,0,453,27.119,43,210,405,439,341
320,28552.876961714,28552.877263592,,2,GPU-5443d59d-561f-ed1e-da42-1975937205f9,ok,0,0,453,26.948,43,210,405,390,341
321,28553.876961714,28553.8772525,,2,GPU-5443d59d-561f-ed1e-da42-1975937205f9,ok,0,0,453,27.042,43,210,405,439,341
322,28554.876961714,28554.877262498,,2,GPU-5443d59d-561f-ed1e-da42-1975937205f9,ok,0,0,453,27.197,43,210,405,439,341
323,28555.876961714,28555.877261616,,2,GPU-5443d59d-561f-ed1e-da42-1975937205f9,ok,0,0,453,26.982,43,210,405,439,341
324,28556.876961714,28556.877263714,,2,GPU-5443d59d-561f-ed1e-da42-1975937205f9,ok,0,0,453,26.972,43,210,405,439,341
325,28557.876961714,28557.877258052,,2,GPU-5443d59d-561f-ed1e-da42-1975937205f9,ok,0,0,453,27.203,43,210,405,390,292
326,28558.876961714,28558.87726349,,2,GPU-5443d59d-561f-ed1e-da42-1975937205f9,ok,0,0,453,27.067,43,210,405,439,292
327,28559.876961714,28559.877263678,,2,GPU-5443d59d-561f-ed1e-da42-1975937205f9,ok,0,0,453,26.953,43,210,405,439,292
328,28560.876961714,28560.877258186,,2,GPU-5443d59d-561f-ed1e-da42-1975937205f9,ok,0,0,453,27.087,43,210,405,439,292
329,28561.876961714,28561.877255894,,2,GPU-5443d59d-561f-ed1e-da42-1975937205f9,ok,0,0,453,26.946,43,210,405,439,292
330,28562.876961714,28562.877261982,,2,GPU-5443d59d-561f-ed1e-da42-1975937205f9,ok,0,0,453,26.903,43,210,405,439,292
331,28563.876961714,28563.87725791,,2,GPU-5443d59d-561f-ed1e-da42-1975937205f9,ok,0,0,453,27.044,42,210,405,390,292
332,28564.876961714,28564.877270328,,2,GPU-5443d59d-561f-ed1e-da42-1975937205f9,ok,0,0,453,26.98,42,210,405,439,341
333,28565.876961714,28565.877259516,,2,GPU-5443d59d-561f-ed1e-da42-1975937205f9,ok,0,0,453,27.087,42,210,405,439,341
334,28566.876961714,28566.877259704,,2,GPU-5443d59d-561f-ed1e-da42-1975937205f9,ok,0,0,453,27.297,42,210,405,439,341
335,28567.876961714,28567.877259882,,2,GPU-5443d59d-561f-ed1e-da42-1975937205f9,ok,0,0,453,27.211,42,210,405,439,341
336,28568.876961714,28568.87725925,,2,GPU-5443d59d-561f-ed1e-da42-1975937205f9,ok,0,0,453,27.191,42,210,405,439,341
337,28569.876961714,28569.877260358,,2,GPU-5443d59d-561f-ed1e-da42-1975937205f9,ok,0,0,453,27.218,42,210,405,390,341
338,28570.876961714,28570.877265756,,2,GPU-5443d59d-561f-ed1e-da42-1975937205f9,ok,0,0,453,27.012,42,210,405,439,341
339,28571.876961714,28571.877262664,,2,GPU-5443d59d-561f-ed1e-da42-1975937205f9,ok,0,0,453,26.983,42,210,405,439,341
340,28572.876961714,28572.877262592,,2,GPU-5443d59d-561f-ed1e-da42-1975937205f9,ok,0,0,453,27.041,42,210,405,439,292
341,28573.876961714,28573.87726177,,2,GPU-5443d59d-561f-ed1e-da42-1975937205f9,ok,0,0,453,26.935,42,210,405,439,292
342,28574.876961714,28574.877263518,,2,GPU-5443d59d-561f-ed1e-da42-1975937205f9,ok,0,0,453,27.001,42,210,405,439,292
343,28575.876961714,28575.877261656,,2,GPU-5443d59d-561f-ed1e-da42-1975937205f9,ok,0,0,453,27.098,42,210,405,390,292
344,28576.876961714,28576.877260254,,2,GPU-5443d59d-561f-ed1e-da42-1975937205f9,ok,0,0,453,27.048,42,210,405,439,341
345,28577.876961714,28577.877264452,,2,GPU-5443d59d-561f-ed1e-da42-1975937205f9,ok,0,0,453,27.065,42,210,405,439,292
346,28578.876961714,28578.87725843,,2,GPU-5443d59d-561f-ed1e-da42-1975937205f9,ok,0,0,453,27.038,42,210,405,390,341
347,28579.876961714,28579.877263848,,2,GPU-5443d59d-561f-ed1e-da42-1975937205f9,ok,0,0,453,27.074,42,210,405,439,341
348,28580.876961714,28580.877258896,,2,GPU-5443d59d-561f-ed1e-da42-1975937205f9,ok,0,0,453,27.257,42,210,405,439,341
349,28581.876961714,28581.877257575,,2,GPU-5443d59d-561f-ed1e-da42-1975937205f9,ok,0,0,453,27.254,42,210,405,390,292
350,28582.876961714,28582.877262333,,2,GPU-5443d59d-561f-ed1e-da42-1975937205f9,ok,0,0,453,27.311,42,210,405,439,292
351,28583.876961714,28583.877264771,,2,GPU-5443d59d-561f-ed1e-da42-1975937205f9,ok,0,0,453,27.429,42,210,405,439,292
352,28584.876961714,28584.877258689,,2,GPU-5443d59d-561f-ed1e-da42-1975937205f9,ok,0,0,453,27.182,42,210,405,390,292
353,28585.876961714,28585.877262767,,2,GPU-5443d59d-561f-ed1e-da42-1975937205f9,ok,0,0,453,27.059,42,210,405,439,292
354,28586.876961714,28586.877261865,,2,GPU-5443d59d-561f-ed1e-da42-1975937205f9,ok,0,0,453,27.193,42,210,405,439,292
355,28587.876961714,28587.877260163,,2,GPU-5443d59d-561f-ed1e-da42-1975937205f9,ok,0,0,453,27.121,42,210,405,439,292
356,28588.876961714,28588.877262611,,2,GPU-5443d59d-561f-ed1e-da42-1975937205f9,ok,0,0,453,27.24,42,210,405,439,341
357,28589.876961714,28589.877259599,,2,GPU-5443d59d-561f-ed1e-da42-1975937205f9,ok,0,0,453,27.592,42,210,405,390,292
358,28590.876961714,28590.877260967,,2,GPU-5443d59d-561f-ed1e-da42-1975937205f9,ok,0,0,453,27.555,42,210,405,439,292
359,28591.876961714,28591.877265455,,2,GPU-5443d59d-561f-ed1e-da42-1975937205f9,ok,0,0,453,27.379,42,210,405,439,292
360,28592.876961714,28592.877259563,,2,GPU-5443d59d-561f-ed1e-da42-1975937205f9,ok,0,0,453,27.232,42,210,405,390,292
361,28593.876961714,28593.877258101,,2,GPU-5443d59d-561f-ed1e-da42-1975937205f9,ok,0,0,453,27.177,42,210,405,439,292
362,28594.876961714,28594.877260399,,2,GPU-5443d59d-561f-ed1e-da42-1975937205f9,ok,0,0,453,27.242,42,210,405,439,292
363,28595.876961714,28595.877261237,,2,GPU-5443d59d-561f-ed1e-da42-1975937205f9,ok,0,0,453,27.12,42,210,405,390,292
364,28596.876961714,28596.877259475,,2,GPU-5443d59d-561f-ed1e-da42-1975937205f9,ok,0,0,453,27.085,42,210,405,439,341
365,28597.876961714,28597.877257843,,2,GPU-5443d59d-561f-ed1e-da42-1975937205f9,ok,0,0,453,27.153,42,210,405,439,341
366,28598.876961714,28598.877256141,,2,GPU-5443d59d-561f-ed1e-da42-1975937205f9,ok,0,0,453,27.117,42,210,405,439,341
367,28599.876961714,28599.877257989,,2,GPU-5443d59d-561f-ed1e-da42-1975937205f9,ok,0,0,453,27.109,42,210,405,439,292
368,28600.876961714,28600.877262627,,2,GPU-5443d59d-561f-ed1e-da42-1975937205f9,ok,0,0,453,27.147,42,210,405,390,292
369,28601.876961714,28601.877255775,,2,GPU-5443d59d-561f-ed1e-da42-1975937205f9,ok,0,0,453,27.042,42,210,405,439,292
370,28602.876961714,28602.877262283,,2,GPU-5443d59d-561f-ed1e-da42-1975937205f9,ok,0,0,453,27.061,42,210,405,439,341
371,28603.876961714,28603.877262721,,2,GPU-5443d59d-561f-ed1e-da42-1975937205f9,ok,0,0,453,27.27,42,210,405,439,292
372,28604.876961714,28604.877267539,,2,GPU-5443d59d-561f-ed1e-da42-1975937205f9,ok,0,0,453,27.152,42,210,405,390,292
373,28605.876961714,28605.877257447,,2,GPU-5443d59d-561f-ed1e-da42-1975937205f9,ok,0,0,453,27.064,42,210,405,439,292
374,28606.876961714,28606.877260725,,2,GPU-5443d59d-561f-ed1e-da42-1975937205f9,ok,0,0,453,27.141,42,210,405,439,292
375,28607.876961714,28607.877268653,,2,GPU-5443d59d-561f-ed1e-da42-1975937205f9,ok,0,0,453,27.022,42,210,405,390,292
376,28608.876961714,28608.877261391,,2,GPU-5443d59d-561f-ed1e-da42-1975937205f9,ok,0,0,453,27.049,41,210,405,439,292
377,28609.876961714,28609.877259509,,2,GPU-5443d59d-561f-ed1e-da42-1975937205f9,ok,0,0,453,27.197,42,210,405,439,292
378,28610.876961714,28610.877267007,,2,GPU-5443d59d-561f-ed1e-da42-1975937205f9,ok,0,0,453,27.13,42,210,405,390,292
379,28611.876961714,28611.877277065,,2,GPU-5443d59d-561f-ed1e-da42-1975937205f9,ok,0,0,453,27.147,41,210,405,439,341
380,28612.876961714,28612.877280063,,2,GPU-5443d59d-561f-ed1e-da42-1975937205f9,ok,0,0,453,27.271,41,210,405,390,341
381,28613.876961714,28613.877278981,,2,GPU-5443d59d-561f-ed1e-da42-1975937205f9,ok,0,0,453,27.16,41,210,405,439,292
382,28614.876961714,28614.877281689,,2,GPU-5443d59d-561f-ed1e-da42-1975937205f9,ok,0,0,453,27.149,41,210,405,439,292
383,28615.876961714,28615.877275927,,2,GPU-5443d59d-561f-ed1e-da42-1975937205f9,ok,0,0,453,27.222,41,210,405,439,341
384,28616.876961714,28616.877277575,,2,GPU-5443d59d-561f-ed1e-da42-1975937205f9,ok,0,0,453,27.113,41,210,405,439,292
385,28617.876961714,28617.877262073,,2,GPU-5443d59d-561f-ed1e-da42-1975937205f9,ok,0,0,453,27.13,41,210,405,439,292
386,28618.876961714,28618.877262801,,2,GPU-5443d59d-561f-ed1e-da42-1975937205f9,ok,0,0,453,27.195,41,210,405,390,292
387,28619.876961714,28619.877266349,,2,GPU-5443d59d-561f-ed1e-da42-1975937205f9,ok,0,0,453,27.119,41,210,405,439,292
388,28620.876961714,28620.877264787,,2,GPU-5443d59d-561f-ed1e-da42-1975937205f9,ok,0,0,453,27.1,41,210,405,439,292
389,28621.876961714,28621.877275325,,2,GPU-5443d59d-561f-ed1e-da42-1975937205f9,ok,0,0,453,27.182,41,210,405,390,292
390,28622.876961714,28622.877277173,,2,GPU-5443d59d-561f-ed1e-da42-1975937205f9,ok,0,0,453,27.055,41,210,405,439,341
391,28623.876961714,28623.877281611,,2,GPU-5443d59d-561f-ed1e-da42-1975937205f9,ok,0,0,453,27.041,41,210,405,439,341
392,28624.876961714,28624.87728057,,2,GPU-5443d59d-561f-ed1e-da42-1975937205f9,ok,0,0,453,27.127,41,210,405,439,341
393,28625.876961714,28625.877284368,,2,GPU-5443d59d-561f-ed1e-da42-1975937205f9,ok,0,0,453,27.137,41,210,405,439,292
394,28626.876961714,28626.877286126,,2,GPU-5443d59d-561f-ed1e-da42-1975937205f9,ok,0,0,453,27.161,41,210,405,439,292
395,28627.876961714,28627.877279634,,2,GPU-5443d59d-561f-ed1e-da42-1975937205f9,ok,0,0,453,27.004,41,210,405,439,292
396,28628.876961714,28628.877279862,,2,GPU-5443d59d-561f-ed1e-da42-1975937205f9,ok,0,0,453,27.033,41,210,405,439,292
397,28629.876961714,28629.87727908,,2,GPU-5443d59d-561f-ed1e-da42-1975937205f9,ok,0,0,453,27.192,41,210,405,439,292
398,28630.876961714,28630.877285978,,2,GPU-5443d59d-561f-ed1e-da42-1975937205f9,ok,0,0,453,27.047,41,210,405,439,292
399,28631.876961714,28631.877283016,,2,GPU-5443d59d-561f-ed1e-da42-1975937205f9,ok,0,0,453,27.051,41,210,405,439,292
400,28632.876961714,28632.877287744,,2,GPU-5443d59d-561f-ed1e-da42-1975937205f9,ok,0,0,453,27.21,41,210,405,439,292
401,28633.876961714,28633.877278792,,2,GPU-5443d59d-561f-ed1e-da42-1975937205f9,ok,0,0,453,27.066,41,210,405,439,292
402,28634.876961714,28634.87728362,,2,GPU-5443d59d-561f-ed1e-da42-1975937205f9,ok,0,0,453,27.072,41,210,405,390,292
403,28635.876961714,28635.877284608,,2,GPU-5443d59d-561f-ed1e-da42-1975937205f9,ok,0,0,453,27.212,41,210,405,439,292
404,28636.876961714,28636.877280076,,2,GPU-5443d59d-561f-ed1e-da42-1975937205f9,ok,0,0,453,27.133,41,210,405,439,292
405,28637.876961714,28637.877279634,,2,GPU-5443d59d-561f-ed1e-da42-1975937205f9,ok,0,0,453,27.208,41,210,405,390,292
406,28638.876961714,28638.877285002,,2,GPU-5443d59d-561f-ed1e-da42-1975937205f9,ok,0,0,453,27.352,41,210,405,390,292
407,28639.876961714,28639.8772617,,2,GPU-5443d59d-561f-ed1e-da42-1975937205f9,ok,0,0,453,27.251,41,210,405,439,292
408,28640.876961714,28640.877263988,,2,GPU-5443d59d-561f-ed1e-da42-1975937205f9,ok,0,0,453,27.379,41,210,405,439,341
409,28641.876961714,28641.877256326,,2,GPU-5443d59d-561f-ed1e-da42-1975937205f9,ok,0,0,453,27.553,41,210,405,439,341
410,28642.876961714,28642.877266484,,2,GPU-5443d59d-561f-ed1e-da42-1975937205f9,ok,0,0,453,27.508,41,210,405,390,292
411,28643.876961714,28643.877256752,,2,GPU-5443d59d-561f-ed1e-da42-1975937205f9,ok,0,0,453,27.355,41,210,405,439,341
412,28644.876961714,28644.87726765,,2,GPU-5443d59d-561f-ed1e-da42-1975937205f9,ok,0,0,453,27.259,41,210,405,439,341
413,28645.876961714,28645.877257738,,2,GPU-5443d59d-561f-ed1e-da42-1975937205f9,ok,0,0,453,27.304,41,210,405,439,292
414,28646.876961714,28646.877260496,,2,GPU-5443d59d-561f-ed1e-da42-1975937205f9,ok,0,0,453,27.217,41,210,405,439,292
415,28647.876961714,28647.877260924,,2,GPU-5443d59d-561f-ed1e-da42-1975937205f9,ok,0,0,453,27.199,41,210,405,439,292
416,28648.876961714,28648.877267512,,2,GPU-5443d59d-561f-ed1e-da42-1975937205f9,ok,0,0,453,27.191,41,210,405,439,292
417,28649.876961714,28649.8772595,,2,GPU-5443d59d-561f-ed1e-da42-1975937205f9,ok,0,0,453,26.991,41,210,405,439,292
418,28650.876961714,28650.877262048,,2,GPU-5443d59d-561f-ed1e-da42-1975937205f9,ok,0,0,453,27.025,41,210,405,439,292
419,28651.876961714,28651.877257346,,2,GPU-5443d59d-561f-ed1e-da42-1975937205f9,ok,0,0,453,27.219,41,210,405,439,292
420,28652.876961714,28652.877261714,,2,GPU-5443d59d-561f-ed1e-da42-1975937205f9,ok,0,0,453,27.093,41,210,405,439,292
421,28653.876961714,28653.877259602,,2,GPU-5443d59d-561f-ed1e-da42-1975937205f9,ok,0,0,453,27.039,41,210,405,439,292
422,28654.876961714,28654.87726544,,2,GPU-5443d59d-561f-ed1e-da42-1975937205f9,ok,0,0,453,27.198,41,210,405,439,292
423,28655.876961714,28655.877259698,,2,GPU-5443d59d-561f-ed1e-da42-1975937205f9,ok,0,0,453,27.15,41,210,405,439,292
424,28656.876961714,28656.877260746,,2,GPU-5443d59d-561f-ed1e-da42-1975937205f9,ok,0,0,453,27.208,41,210,405,439,292
425,28657.876961714,28657.877262354,,2,GPU-5443d59d-561f-ed1e-da42-1975937205f9,ok,0,0,453,27.36,41,210,405,439,292
426,28658.876961714,28658.877264732,,2,GPU-5443d59d-561f-ed1e-da42-1975937205f9,ok,0,0,453,27.195,41,210,405,439,292
427,28659.876961714,28659.87726254,,2,GPU-5443d59d-561f-ed1e-da42-1975937205f9,ok,0,0,453,27.045,40,210,405,390,292
428,28660.876961714,28660.877261248,,2,GPU-5443d59d-561f-ed1e-da42-1975937205f9,ok,0,0,453,27.145,41,210,405,439,292
429,28661.876961714,28661.877263696,,2,GPU-5443d59d-561f-ed1e-da42-1975937205f9,ok,0,0,453,27.158,41,210,405,439,292
430,28662.876961714,28662.877261724,,2,GPU-5443d59d-561f-ed1e-da42-1975937205f9,ok,0,0,453,27.141,40,210,405,439,292
431,28663.876961714,28663.877262222,,2,GPU-5443d59d-561f-ed1e-da42-1975937205f9,ok,0,0,453,27.281,40,210,405,439,292
432,28664.876961714,28664.87726603,,2,GPU-5443d59d-561f-ed1e-da42-1975937205f9,ok,0,0,453,27.242,40,210,405,390,292
433,28665.876961714,28665.877259448,,2,GPU-5443d59d-561f-ed1e-da42-1975937205f9,ok,0,0,453,27.297,40,210,405,390,341
434,28666.876961714,28666.877267326,,2,GPU-5443d59d-561f-ed1e-da42-1975937205f9,ok,0,0,453,27.483,40,210,405,439,341
435,28667.876961714,28667.877260014,,2,GPU-5443d59d-561f-ed1e-da42-1975937205f9,ok,0,0,453,27.355,40,210,405,439,341
436,28668.876961714,28668.877265083,,2,GPU-5443d59d-561f-ed1e-da42-1975937205f9,ok,0,0,453,27.353,40,210,405,439,341
437,28669.876961714,28669.877259211,,2,GPU-5443d59d-561f-ed1e-da42-1975937205f9,ok,0,0,453,27.425,40,210,405,439,341
438,28670.876961714,28670.877267429,,2,GPU-5443d59d-561f-ed1e-da42-1975937205f9,ok,0,0,453,27.279,40,210,405,390,292
439,28671.876961714,28671.877261847,,2,GPU-5443d59d-561f-ed1e-da42-1975937205f9,ok,0,0,453,27.35,40,210,405,439,292
440,28672.876961714,28672.877262295,,2,GPU-5443d59d-561f-ed1e-da42-1975937205f9,ok,0,0,453,27.459,40,210,405,439,292
441,28673.876961714,28673.877259043,,2,GPU-5443d59d-561f-ed1e-da42-1975937205f9,ok,0,0,453,27.522,40,210,405,439,292
442,28674.876961714,28674.877253961,,2,GPU-5443d59d-561f-ed1e-da42-1975937205f9,ok,0,0,453,27.554,40,210,405,439,292
443,28675.876961714,28675.877262789,,2,GPU-5443d59d-561f-ed1e-da42-1975937205f9,ok,0,0,453,27.412,40,210,405,439,292
444,28676.876961714,28676.877260147,,2,GPU-5443d59d-561f-ed1e-da42-1975937205f9,ok,0,0,453,27.421,40,210,405,439,292
445,28677.876961714,28677.877260095,,2,GPU-5443d59d-561f-ed1e-da42-1975937205f9,ok,0,0,453,27.44,40,210,405,439,292
446,28678.876961714,28678.877264123,,2,GPU-5443d59d-561f-ed1e-da42-1975937205f9,ok,0,0,453,27.314,40,210,405,439,292
447,28679.876961714,28679.877264931,,2,GPU-5443d59d-561f-ed1e-da42-1975937205f9,ok,0,0,453,27.383,40,210,405,439,292
448,28680.876961714,28680.877262749,,2,GPU-5443d59d-561f-ed1e-da42-1975937205f9,ok,0,0,453,27.587,40,210,405,439,292
449,28681.876961714,28681.877258457,,2,GPU-5443d59d-561f-ed1e-da42-1975937205f9,ok,0,0,453,27.516,40,210,405,390,292
450,28682.876961714,28682.877263215,,2,GPU-5443d59d-561f-ed1e-da42-1975937205f9,ok,0,0,453,27.473,40,210,405,390,292
451,28683.876961714,28683.877256843,,2,GPU-5443d59d-561f-ed1e-da42-1975937205f9,ok,0,0,453,27.577,40,210,405,439,341
452,28684.876961714,28684.877260381,,2,GPU-5443d59d-561f-ed1e-da42-1975937205f9,ok,0,0,453,27.505,40,210,405,439,341
453,28685.876961714,28685.877256729,,2,GPU-5443d59d-561f-ed1e-da42-1975937205f9,ok,0,0,453,27.404,40,210,405,439,341
454,28686.876961714,28686.877261657,,2,GPU-5443d59d-561f-ed1e-da42-1975937205f9,ok,0,0,453,27.313,40,210,405,439,341
455,28687.876961714,28687.877263135,,2,GPU-5443d59d-561f-ed1e-da42-1975937205f9,ok,0,0,453,27.248,40,210,405,390,341
456,28688.876961714,28688.877260693,,2,GPU-5443d59d-561f-ed1e-da42-1975937205f9,ok,0,0,453,27.369,40,210,405,439,341
457,28689.876961714,28689.877261641,,2,GPU-5443d59d-561f-ed1e-da42-1975937205f9,ok,0,0,453,27.508,40,210,405,439,341
458,28690.876961714,28690.877261659,,2,GPU-5443d59d-561f-ed1e-da42-1975937205f9,ok,0,0,453,27.391,40,210,405,439,341
459,28691.876961714,28691.877263737,,2,GPU-5443d59d-561f-ed1e-da42-1975937205f9,ok,0,0,453,27.315,40,210,405,390,341
460,28692.876961714,28692.877261935,,2,GPU-5443d59d-561f-ed1e-da42-1975937205f9,ok,0,0,453,27.378,40,210,405,390,341
461,28693.876961714,28693.877262793,,2,GPU-5443d59d-561f-ed1e-da42-1975937205f9,ok,0,0,453,27.325,40,210,405,439,341
462,28694.876961714,28694.877264311,,2,GPU-5443d59d-561f-ed1e-da42-1975937205f9,ok,0,0,453,27.374,40,210,405,439,341
463,28695.876961714,28695.877269079,,2,GPU-5443d59d-561f-ed1e-da42-1975937205f9,ok,0,0,453,27.52,40,210,405,390,292
464,28696.876961714,28696.877259007,,2,GPU-5443d59d-561f-ed1e-da42-1975937205f9,ok,0,0,453,27.381,40,210,405,439,292
465,28697.876961714,28697.877261155,,2,GPU-5443d59d-561f-ed1e-da42-1975937205f9,ok,0,0,453,27.274,40,210,405,439,292
466,28698.876961714,28698.877258533,,2,GPU-5443d59d-561f-ed1e-da42-1975937205f9,ok,0,0,453,27.329,40,210,405,390,292
467,28699.876961714,28699.877262801,,2,GPU-5443d59d-561f-ed1e-da42-1975937205f9,ok,0,0,453,27.267,40,210,405,439,292
468,28700.876961714,28700.877264199,,2,GPU-5443d59d-561f-ed1e-da42-1975937205f9,ok,0,0,453,27.272,40,210,405,439,292
469,28701.876961714,28701.877260177,,2,GPU-5443d59d-561f-ed1e-da42-1975937205f9,ok,0,0,453,27.333,40,210,405,439,292
470,28702.876961714,28702.877261295,,2,GPU-5443d59d-561f-ed1e-da42-1975937205f9,ok,0,0,453,27.203,40,210,405,439,292
471,28703.876961714,28703.877264873,,2,GPU-5443d59d-561f-ed1e-da42-1975937205f9,ok,0,0,453,27.198,40,210,405,439,292
472,28704.876961714,28704.877263511,,2,GPU-5443d59d-561f-ed1e-da42-1975937205f9,ok,0,0,453,27.322,40,210,405,439,292
473,28705.876961714,28705.877258869,,2,GPU-5443d59d-561f-ed1e-da42-1975937205f9,ok,0,0,453,27.253,40,210,405,488,341
474,28706.876961714,28706.877261087,,2,GPU-5443d59d-561f-ed1e-da42-1975937205f9,ok,0,0,453,27.331,40,210,405,439,292
475,28707.876961714,28707.877263885,,2,GPU-5443d59d-561f-ed1e-da42-1975937205f9,ok,0,0,453,27.511,40,210,405,439,341
476,28708.876961714,28708.877243923,,2,GPU-5443d59d-561f-ed1e-da42-1975937205f9,ok,0,0,453,27.383,40,210,405,390,341
477,28709.876961714,28709.877260131,,2,GPU-5443d59d-561f-ed1e-da42-1975937205f9,ok,0,0,453,27.2,40,210,405,439,292
478,28710.876961714,28710.877267929,,2,GPU-5443d59d-561f-ed1e-da42-1975937205f9,ok,0,0,453,27.17,40,210,405,439,341
479,28711.876961714,28711.877260138,,2,GPU-5443d59d-561f-ed1e-da42-1975937205f9,ok,0,0,453,27.233,40,210,405,439,341
480,28712.876961714,28712.877255326,,2,GPU-5443d59d-561f-ed1e-da42-1975937205f9,ok,0,0,453,27.34,40,210,405,390,341
481,28713.876961714,28713.877259094,,2,GPU-5443d59d-561f-ed1e-da42-1975937205f9,ok,0,0,453,27.182,40,210,405,439,292
482,28714.876961714,28714.877264562,,2,GPU-5443d59d-561f-ed1e-da42-1975937205f9,ok,0,0,453,27.13,40,210,405,439,341
483,28715.876961714,28715.87726601,,2,GPU-5443d59d-561f-ed1e-da42-1975937205f9,ok,0,0,453,27.301,39,210,405,390,341
484,28716.876961714,28716.877263928,,2,GPU-5443d59d-561f-ed1e-da42-1975937205f9,ok,0,0,453,27.215,39,210,405,439,341
485,28717.876961714,28717.877268526,,2,GPU-5443d59d-561f-ed1e-da42-1975937205f9,ok,0,0,453,27.198,40,210,405,439,341
486,28718.876961714,28718.877256624,,2,GPU-5443d59d-561f-ed1e-da42-1975937205f9,ok,0,0,453,27.335,39,210,405,439,292
487,28719.876961714,28719.877257402,,2,GPU-5443d59d-561f-ed1e-da42-1975937205f9,ok,0,0,453,27.314,39,210,405,439,341
488,28720.876961714,28720.87726567,,2,GPU-5443d59d-561f-ed1e-da42-1975937205f9,ok,0,0,453,27.302,39,210,405,439,341
489,28721.876961714,28721.877259508,,2,GPU-5443d59d-561f-ed1e-da42-1975937205f9,ok,0,0,453,27.354,39,210,405,439,341
490,28722.876961714,28722.877262556,,2,GPU-5443d59d-561f-ed1e-da42-1975937205f9,ok,0,0,453,27.245,39,210,405,390,292
491,28723.876961714,28723.877264794,,2,GPU-5443d59d-561f-ed1e-da42-1975937205f9,ok,0,0,453,27.293,39,210,405,439,292
492,28724.876961714,28724.877263112,,2,GPU-5443d59d-561f-ed1e-da42-1975937205f9,ok,0,0,453,27.446,39,210,405,439,292
493,28725.876961714,28725.8772563,,2,GPU-5443d59d-561f-ed1e-da42-1975937205f9,ok,0,0,453,27.294,39,210,405,390,292
494,28726.876961714,28726.877258138,,2,GPU-5443d59d-561f-ed1e-da42-1975937205f9,ok,0,0,453,27.225,39,210,405,439,292
495,28727.876961714,28727.877262146,,2,GPU-5443d59d-561f-ed1e-da42-1975937205f9,ok,0,0,453,27.228,39,210,405,439,292
496,28728.876961714,28728.877261234,,2,GPU-5443d59d-561f-ed1e-da42-1975937205f9,ok,0,0,453,27.004,39,210,405,439,292
497,28729.876961714,28729.877255062,,2,GPU-5443d59d-561f-ed1e-da42-1975937205f9,ok,0,0,453,26.927,39,210,405,439,341
498,28730.876961714,28730.87725871,,2,GPU-5443d59d-561f-ed1e-da42-1975937205f9,ok,0,0,453,27.082,39,210,405,439,341
499,28731.876961714,28731.877261058,,2,GPU-5443d59d-561f-ed1e-da42-1975937205f9,ok,0,0,453,27.117,39,210,405,390,341
500,28732.876961714,28732.877261196,,2,GPU-5443d59d-561f-ed1e-da42-1975937205f9,ok,0,0,453,27.16,39,210,405,439,341
501,28733.876961714,28733.877258424,,2,GPU-5443d59d-561f-ed1e-da42-1975937205f9,ok,0,0,453,27.193,39,210,405,439,341
502,28734.876961714,28734.877265812,,2,GPU-5443d59d-561f-ed1e-da42-1975937205f9,ok,0,0,453,27.065,39,210,405,390,341
503,28735.876961714,28735.87726294,,2,GPU-5443d59d-561f-ed1e-da42-1975937205f9,ok,0,0,453,27.061,39,210,405,439,292
504,28736.876961714,28736.877267538,,2,GPU-5443d59d-561f-ed1e-da42-1975937205f9,ok,0,0,453,27.166,39,210,405,439,292
505,28737.876961714,28737.877258226,,2,GPU-5443d59d-561f-ed1e-da42-1975937205f9,ok,0,0,453,27.186,39,210,405,439,292
506,28738.876961714,28738.877258994,,2,GPU-5443d59d-561f-ed1e-da42-1975937205f9,ok,0,0,453,27.229,39,210,405,439,292
507,28739.876961714,28739.877260662,,2,GPU-5443d59d-561f-ed1e-da42-1975937205f9,ok,0,0,453,27.324,39,210,405,439,292
508,28740.876961714,28740.87726388,,2,GPU-5443d59d-561f-ed1e-da42-1975937205f9,ok,0,0,453,27.269,39,210,405,439,341
509,28741.876961714,28741.877261868,,2,GPU-5443d59d-561f-ed1e-da42-1975937205f9,ok,0,0,453,27.307,39,210,405,439,341
510,28742.876961714,28742.877261486,,2,GPU-5443d59d-561f-ed1e-da42-1975937205f9,ok,0,0,453,27.424,39,210,405,439,292
511,28743.876961714,28743.877261524,,2,GPU-5443d59d-561f-ed1e-da42-1975937205f9,ok,0,0,453,27.277,39,210,405,439,292
512,28744.876961714,28744.877261752,,2,GPU-5443d59d-561f-ed1e-da42-1975937205f9,ok,0,0,453,27.256,39,210,405,439,292
513,28745.876961714,28745.87726055,,2,GPU-5443d59d-561f-ed1e-da42-1975937205f9,ok,0,0,453,27.25,39,210,405,439,292
514,28746.876961714,28746.877261178,,2,GPU-5443d59d-561f-ed1e-da42-1975937205f9,ok,0,0,453,27.175,39,210,405,439,292
515,28747.876961714,28747.877261896,,2,GPU-5443d59d-561f-ed1e-da42-1975937205f9,ok,0,0,453,27.25,39,210,405,390,292
516,28748.876961714,28748.877264964,,2,GPU-5443d59d-561f-ed1e-da42-1975937205f9,ok,0,0,453,27.356,39,210,405,390,292
517,28749.876961714,28749.877275122,,2,GPU-5443d59d-561f-ed1e-da42-1975937205f9,ok,0,0,453,27.372,39,210,405,439,292
518,28750.876961714,28750.87727707,,2,GPU-5443d59d-561f-ed1e-da42-1975937205f9,ok,0,0,453,27.42,39,210,405,439,292
519,28751.876961714,28751.877278068,,2,GPU-5443d59d-561f-ed1e-da42-1975937205f9,ok,0,0,453,27.286,39,210,405,390,292
520,28752.876961714,28752.877270306,,2,GPU-5443d59d-561f-ed1e-da42-1975937205f9,ok,0,0,453,27.333,39,210,405,439,341
521,28753.876961714,28753.877274004,,2,GPU-5443d59d-561f-ed1e-da42-1975937205f9,ok,0,0,453,27.492,39,210,405,390,341
522,28754.876961714,28754.877263543,,2,GPU-5443d59d-561f-ed1e-da42-1975937205f9,ok,0,0,453,27.365,39,210,405,439,341
523,28755.876961714,28755.877269631,,2,GPU-5443d59d-561f-ed1e-da42-1975937205f9,ok,0,0,453,27.334,39,210,405,439,341
524,28756.876961714,28756.877262129,,2,GPU-5443d59d-561f-ed1e-da42-1975937205f9,ok,0,0,453,27.518,39,210,405,439,341
525,28757.876961714,28757.877266857,,2,GPU-5443d59d-561f-ed1e-da42-1975937205f9,ok,0,0,453,27.5,39,210,405,439,341
526,28758.876961714,28758.877260245,,2,GPU-5443d59d-561f-ed1e-da42-1975937205f9,ok,0,0,453,27.451,39,210,405,439,292
527,28759.876961714,28759.877275283,,2,GPU-5443d59d-561f-ed1e-da42-1975937205f9,ok,0,0,453,27.495,39,210,405,390,292
528,28760.876961714,28760.877281501,,2,GPU-5443d59d-561f-ed1e-da42-1975937205f9,ok,0,0,453,27.394,39,210,405,439,292
529,28761.876961714,28761.877274689,,2,GPU-5443d59d-561f-ed1e-da42-1975937205f9,ok,0,0,453,27.398,39,210,405,439,292
530,28762.876961714,28762.877281137,,2,GPU-5443d59d-561f-ed1e-da42-1975937205f9,ok,0,0,453,27.503,39,210,405,439,292
531,28763.876961714,28763.877280115,,2,GPU-5443d59d-561f-ed1e-da42-1975937205f9,ok,0,0,453,27.403,39,210,405,390,292
532,28764.876961714,28764.877281933,,2,GPU-5443d59d-561f-ed1e-da42-1975937205f9,ok,0,0,453,27.355,39,210,405,439,292
533,28765.876961714,28765.877276151,,2,GPU-5443d59d-561f-ed1e-da42-1975937205f9,ok,0,0,453,27.447,39,210,405,439,292
534,28766.876961714,28766.877280059,,2,GPU-5443d59d-561f-ed1e-da42-1975937205f9,ok,0,0,453,27.336,39,210,405,439,341
535,28767.876961714,28767.877277647,,2,GPU-5443d59d-561f-ed1e-da42-1975937205f9,ok,0,0,453,27.318,39,210,405,439,341
536,28768.876961714,28768.877281485,,2,GPU-5443d59d-561f-ed1e-da42-1975937205f9,ok,0,0,453,27.373,39,210,405,439,341
537,28769.876961714,28769.877290763,,2,GPU-5443d59d-561f-ed1e-da42-1975937205f9,ok,0,0,453,27.306,39,210,405,390,341
538,28770.876961714,28770.877278141,,2,GPU-5443d59d-561f-ed1e-da42-1975937205f9,ok,0,0,453,27.458,39,210,405,439,341
539,28771.876961714,28771.877284819,,2,GPU-5443d59d-561f-ed1e-da42-1975937205f9,ok,0,0,453,27.564,39,210,405,439,341
540,28772.876961714,28772.877277877,,2,GPU-5443d59d-561f-ed1e-da42-1975937205f9,ok,0,0,453,27.352,39,210,405,439,341
541,28773.876961714,28773.877283785,,2,GPU-5443d59d-561f-ed1e-da42-1975937205f9,ok,0,0,453,27.383,39,210,405,390,341
542,28774.876961714,28774.877287353,,2,GPU-5443d59d-561f-ed1e-da42-1975937205f9,ok,0,0,453,27.571,39,210,405,439,341
543,28775.876961714,28775.877281231,,2,GPU-5443d59d-561f-ed1e-da42-1975937205f9,ok,0,0,453,27.55,39,210,405,439,341
544,28776.876961714,28776.877283159,,2,GPU-5443d59d-561f-ed1e-da42-1975937205f9,ok,0,0,453,27.536,39,210,405,439,341
545,28777.876961714,28777.877264937,,2,GPU-5443d59d-561f-ed1e-da42-1975937205f9,ok,0,0,453,27.484,39,210,405,390,341
546,28778.876961714,28778.877259175,,2,GPU-5443d59d-561f-ed1e-da42-1975937205f9,ok,0,0,453,27.372,39,210,405,488,341
547,28779.876961714,28779.877261013,,2,GPU-5443d59d-561f-ed1e-da42-1975937205f9,ok,0,0,453,27.468,39,210,405,439,341
548,28780.876961714,28780.877262481,,2,GPU-5443d59d-561f-ed1e-da42-1975937205f9,ok,0,0,453,27.545,39,210,405,439,341
549,28781.876961714,28781.877260599,,2,GPU-5443d59d-561f-ed1e-da42-1975937205f9,ok,0,0,453,27.301,39,210,405,390,292
550,28782.876961714,28782.877262577,,2,GPU-5443d59d-561f-ed1e-da42-1975937205f9,ok,0,0,453,27.238,39,210,405,439,341
551,28783.876961714,28783.877264545,,2,GPU-5443d59d-561f-ed1e-da42-1975937205f9,ok,0,0,453,27.371,39,210,405,439,341
552,28784.876961714,28784.877262153,,2,GPU-5443d59d-561f-ed1e-da42-1975937205f9,ok,0,0,453,27.356,39,210,405,439,341
553,28785.876961714,28785.877265551,,2,GPU-5443d59d-561f-ed1e-da42-1975937205f9,ok,0,0,453,27.38,39,210,405,390,341
554,28786.876961714,28786.877256709,,2,GPU-5443d59d-561f-ed1e-da42-1975937205f9,ok,0,0,453,27.372,39,210,405,439,341
555,28787.876961714,28787.877262267,,2,GPU-5443d59d-561f-ed1e-da42-1975937205f9,ok,0,0,453,27.424,38,210,405,439,341
556,28788.876961714,28788.877262715,,2,GPU-5443d59d-561f-ed1e-da42-1975937205f9,ok,0,0,453,27.521,38,210,405,439,341
557,28789.876961714,28789.877262113,,2,GPU-5443d59d-561f-ed1e-da42-1975937205f9,ok,0,0,453,27.381,38,210,405,390,341
558,28790.876961714,28790.877263261,,2,GPU-5443d59d-561f-ed1e-da42-1975937205f9,ok,0,0,453,27.365,38,210,405,390,341
559,28791.876961714,28791.877259849,,2,GPU-5443d59d-561f-ed1e-da42-1975937205f9,ok,0,0,453,27.487,38,210,405,390,292
560,28792.876961714,28792.877263967,,2,GPU-5443d59d-561f-ed1e-da42-1975937205f9,ok,0,0,453,27.419,38,210,405,439,292
561,28793.876961714,28793.877265795,,2,GPU-5443d59d-561f-ed1e-da42-1975937205f9,ok,0,0,453,27.403,38,210,405,439,292
562,28794.876961714,28794.877261333,,2,GPU-5443d59d-561f-ed1e-da42-1975937205f9,ok,0,0,453,27.482,38,210,405,439,292
563,28795.876961714,28795.877261851,,2,GPU-5443d59d-561f-ed1e-da42-1975937205f9,ok,0,0,453,27.41,38,210,405,439,292
564,28796.876961714,28796.877267639,,2,GPU-5443d59d-561f-ed1e-da42-1975937205f9,ok,0,0,453,27.364,38,210,405,390,292
565,28797.876961714,28797.877263728,,2,GPU-5443d59d-561f-ed1e-da42-1975937205f9,ok,0,0,453,27.45,38,210,405,439,292
566,28798.876961714,28798.877266846,,2,GPU-5443d59d-561f-ed1e-da42-1975937205f9,ok,0,0,453,27.359,38,210,405,439,292
567,28799.876961714,28799.877260804,,2,GPU-5443d59d-561f-ed1e-da42-1975937205f9,ok,0,0,453,27.309,38,210,405,439,292
568,28800.876961714,28800.877259272,,2,GPU-5443d59d-561f-ed1e-da42-1975937205f9,ok,0,0,453,27.494,38,210,405,439,292
569,28801.876961714,28801.87726631,,2,GPU-5443d59d-561f-ed1e-da42-1975937205f9,ok,0,0,453,27.523,38,210,405,390,292
570,28802.876961714,28802.877261328,,2,GPU-5443d59d-561f-ed1e-da42-1975937205f9,ok,0,0,453,27.459,38,210,405,439,292
571,28803.876961714,28803.877259456,,2,GPU-5443d59d-561f-ed1e-da42-1975937205f9,ok,0,0,453,27.463,38,210,405,439,292
572,28804.876961714,28804.877264634,,2,GPU-5443d59d-561f-ed1e-da42-1975937205f9,ok,0,0,453,27.369,38,210,405,439,341
573,28805.876961714,28805.877261872,,2,GPU-5443d59d-561f-ed1e-da42-1975937205f9,ok,0,0,453,27.214,38,210,405,439,341
574,28806.876961714,28806.87726044,,2,GPU-5443d59d-561f-ed1e-da42-1975937205f9,ok,0,0,453,27.244,38,210,405,439,341
575,28807.876961714,28807.877262338,,2,GPU-5443d59d-561f-ed1e-da42-1975937205f9,ok,0,0,453,27.246,38,210,405,439,341
576,28808.876961714,28808.877263786,,2,GPU-5443d59d-561f-ed1e-da42-1975937205f9,ok,0,0,453,27.31,38,210,405,390,341
577,28809.876961714,28809.877262754,,2,GPU-5443d59d-561f-ed1e-da42-1975937205f9,ok,0,0,453,27.42,38,210,405,439,292
578,28810.876961714,28810.877262922,,2,GPU-5443d59d-561f-ed1e-da42-1975937205f9,ok,0,0,453,27.312,38,210,405,439,292
579,28811.876961714,28811.87726159,,2,GPU-5443d59d-561f-ed1e-da42-1975937205f9,ok,0,0,453,27.346,38,210,405,439,292
580,28812.876961714,28812.877266228,,2,GPU-5443d59d-561f-ed1e-da42-1975937205f9,ok,0,0,453,27.456,38,210,405,439,292
581,28813.876961714,28813.877258916,,2,GPU-5443d59d-561f-ed1e-da42-1975937205f9,ok,0,0,453,27.35,38,210,405,390,292
582,28814.876961714,28814.877265414,,2,GPU-5443d59d-561f-ed1e-da42-1975937205f9,ok,0,0,453,27.31,38,210,405,439,292
583,28815.876961714,28815.877261112,,2,GPU-5443d59d-561f-ed1e-da42-1975937205f9,ok,0,0,453,27.351,38,210,405,439,292
584,28816.876961714,28816.87726698,,2,GPU-5443d59d-561f-ed1e-da42-1975937205f9,ok,0,0,453,27.253,38,210,405,439,292
585,28817.876961714,28817.877265688,,2,GPU-5443d59d-561f-ed1e-da42-1975937205f9,ok,0,0,453,27.236,38,210,405,439,292
586,28818.876961714,28818.877258476,,2,GPU-5443d59d-561f-ed1e-da42-1975937205f9,ok,0,0,453,27.315,38,210,405,439,292
587,28819.876961714,28819.877260614,,2,GPU-5443d59d-561f-ed1e-da42-1975937205f9,ok,0,0,453,27.231,38,210,405,390,292
588,28820.876961714,28820.877262912,,2,GPU-5443d59d-561f-ed1e-da42-1975937205f9,ok,0,0,453,27.203,38,210,405,390,292
589,28821.876961714,28821.87726051,,2,GPU-5443d59d-561f-ed1e-da42-1975937205f9,ok,0,0,453,27.214,38,210,405,390,341
590,28822.876961714,28822.877263768,,2,GPU-5443d59d-561f-ed1e-da42-1975937205f9,ok,0,0,453,27.232,38,210,405,439,341
591,28823.876961714,28823.877261136,,2,GPU-5443d59d-561f-ed1e-da42-1975937205f9,ok,0,0,453,27.346,38,210,405,439,341
592,28824.876961714,28824.877259614,,2,GPU-5443d59d-561f-ed1e-da42-1975937205f9,ok,0,0,453,27.289,38,210,405,439,341
593,28825.876961714,28825.877262762,,2,GPU-5443d59d-561f-ed1e-da42-1975937205f9,ok,0,0,453,27.33,38,210,405,439,341
594,28826.876961714,28826.87726367,,2,GPU-5443d59d-561f-ed1e-da42-1975937205f9,ok,0,0,453,27.444,38,210,405,390,341
595,28827.876961714,28827.877258668,,2,GPU-5443d59d-561f-ed1e-da42-1975937205f9,ok,0,0,453,27.386,38,210,405,439,341
596,28828.876961714,28828.877259166,,2,GPU-5443d59d-561f-ed1e-da42-1975937205f9,ok,0,0,453,27.386,38,210,405,439,341
597,28829.876961714,28829.877263184,,2,GPU-5443d59d-561f-ed1e-da42-1975937205f9,ok,0,0,453,27.465,38,210,405,439,341
598,28830.876961714,28830.877265292,,2,GPU-5443d59d-561f-ed1e-da42-1975937205f9,ok,0,0,453,27.28,38,210,405,390,341
599,28831.876961714,28831.87726417,,2,GPU-5443d59d-561f-ed1e-da42-1975937205f9,ok,0,0,453,27.171,38,210,405,439,341
600,28832.876961714,28832.877265588,,2,GPU-5443d59d-561f-ed1e-da42-1975937205f9,ok,0,0,453,27.316,38,210,405,439,341
601,28833.876961714,28833.877264556,,2,GPU-5443d59d-561f-ed1e-da42-1975937205f9,ok,0,0,453,27.287,38,210,405,439,341
602,28834.876961714,28834.877263554,,2,GPU-5443d59d-561f-ed1e-da42-1975937205f9,ok,0,0,453,27.399,38,210,405,439,341
603,28835.876961714,28835.877260432,,2,GPU-5443d59d-561f-ed1e-da42-1975937205f9,ok,0,0,453,27.594,38,210,405,390,341
604,28836.876961714,28836.87726562,,2,GPU-5443d59d-561f-ed1e-da42-1975937205f9,ok,0,0,453,27.554,38,210,405,439,341
605,28837.876961714,28837.877265028,,2,GPU-5443d59d-561f-ed1e-da42-1975937205f9,ok,0,0,453,27.487,38,210,405,439,341
606,28838.876961714,28838.877266706,,2,GPU-5443d59d-561f-ed1e-da42-1975937205f9,ok,0,0,453,27.473,38,210,405,439,341
607,28839.876961714,28839.877260444,,2,GPU-5443d59d-561f-ed1e-da42-1975937205f9,ok,0,0,453,27.346,38,210,405,390,341
608,28840.876961714,28840.877263612,,2,GPU-5443d59d-561f-ed1e-da42-1975937205f9,ok,0,0,453,27.385,38,210,405,439,341
609,28841.876961714,28841.877266881,,2,GPU-5443d59d-561f-ed1e-da42-1975937205f9,ok,0,0,453,27.594,38,210,405,439,292
610,28842.876961714,28842.877262899,,2,GPU-5443d59d-561f-ed1e-da42-1975937205f9,ok,0,0,453,27.509,38,210,405,439,292
611,28843.876961714,28843.877259527,,2,GPU-5443d59d-561f-ed1e-da42-1975937205f9,ok,0,0,453,27.541,38,210,405,390,341
612,28844.876961714,28844.877263335,,2,GPU-5443d59d-561f-ed1e-da42-1975937205f9,ok,0,0,453,27.631,38,210,405,439,341
613,28845.876961714,28845.877260763,,2,GPU-5443d59d-561f-ed1e-da42-1975937205f9,ok,0,0,453,27.482,38,210,405,439,341
614,28846.876961714,28846.877261181,,2,GPU-5443d59d-561f-ed1e-da42-1975937205f9,ok,0,0,453,27.506,38,210,405,390,341
615,28847.876961714,28847.877265619,,2,GPU-5443d59d-561f-ed1e-da42-1975937205f9,ok,0,0,453,27.668,38,210,405,439,341
616,28848.876961714,28848.877259277,,2,GPU-5443d59d-561f-ed1e-da42-1975937205f9,ok,0,0,453,27.594,38,210,405,439,341
617,28849.876961714,28849.877263695,,2,GPU-5443d59d-561f-ed1e-da42-1975937205f9,ok,0,0,453,27.653,38,210,405,439,341
618,28850.876961714,28850.877323513,,2,GPU-5443d59d-561f-ed1e-da42-1975937205f9,ok,0,0,453,27.761,38,210,405,439,341
619,28851.876961714,28851.877256911,,2,GPU-5443d59d-561f-ed1e-da42-1975937205f9,ok,0,0,453,27.453,38,210,405,390,341
620,28852.876961714,28852.877266319,,2,GPU-5443d59d-561f-ed1e-da42-1975937205f9,ok,0,0,453,27.265,38,210,405,439,341
621,28853.876961714,28853.877258327,,2,GPU-5443d59d-561f-ed1e-da42-1975937205f9,ok,0,0,453,27.342,38,210,405,439,292
622,28854.876961714,28854.877261025,,2,GPU-5443d59d-561f-ed1e-da42-1975937205f9,ok,0,0,453,27.271,38,210,405,439,292
623,28855.876961714,28855.877264413,,2,GPU-5443d59d-561f-ed1e-da42-1975937205f9,ok,0,0,453,27.326,38,210,405,439,292
624,28856.876961714,28856.877261441,,2,GPU-5443d59d-561f-ed1e-da42-1975937205f9,ok,0,0,453,27.448,38,210,405,439,292
625,28857.876961714,28857.877259949,,2,GPU-5443d59d-561f-ed1e-da42-1975937205f9,ok,0,0,453,27.322,38,210,405,390,292
626,28858.876961714,28858.877259737,,2,GPU-5443d59d-561f-ed1e-da42-1975937205f9,ok,0,0,453,27.35,38,210,405,439,292
627,28859.876961714,28859.877263905,,2,GPU-5443d59d-561f-ed1e-da42-1975937205f9,ok,0,0,453,27.392,38,210,405,439,292
628,28860.876961714,28860.877267813,,2,GPU-5443d59d-561f-ed1e-da42-1975937205f9,ok,0,0,453,27.411,38,210,405,439,292
629,28861.876961714,28861.877261061,,2,GPU-5443d59d-561f-ed1e-da42-1975937205f9,ok,0,0,453,27.488,38,210,405,439,292
630,28862.876961714,28862.877257939,,2,GPU-5443d59d-561f-ed1e-da42-1975937205f9,ok,0,0,453,27.372,38,210,405,439,341
631,28863.876961714,28863.877262417,,2,GPU-5443d59d-561f-ed1e-da42-1975937205f9,ok,0,0,453,27.343,37,210,405,390,341
632,28864.876961714,28864.877260245,,2,GPU-5443d59d-561f-ed1e-da42-1975937205f9,ok,0,0,453,27.439,38,210,405,390,292
633,28865.876961714,28865.877261063,,2,GPU-5443d59d-561f-ed1e-da42-1975937205f9,ok,0,0,453,27.334,38,210,405,439,341
634,28866.876961714,28866.877261761,,2,GPU-5443d59d-561f-ed1e-da42-1975937205f9,ok,0,0,453,27.337,38,210,405,439,341
635,28867.876961714,28867.877272259,,2,GPU-5443d59d-561f-ed1e-da42-1975937205f9,ok,0,0,453,27.593,37,210,405,439,341
636,28868.876961714,28868.877263677,,2,GPU-5443d59d-561f-ed1e-da42-1975937205f9,ok,0,0,453,27.48,37,210,405,439,292
637,28869.876961714,28869.877260375,,2,GPU-5443d59d-561f-ed1e-da42-1975937205f9,ok,0,0,453,27.31,37,210,405,390,292
638,28870.876961714,28870.877261333,,2,GPU-5443d59d-561f-ed1e-da42-1975937205f9,ok,0,0,453,27.376,37,210,405,439,292
639,28871.876961714,28871.877261221,,2,GPU-5443d59d-561f-ed1e-da42-1975937205f9,ok,0,0,453,27.312,37,210,405,439,292
640,28872.876961714,28872.877264689,,2,GPU-5443d59d-561f-ed1e-da42-1975937205f9,ok,0,0,453,27.336,37,210,405,439,292
641,28873.876961714,28873.877261527,,2,GPU-5443d59d-561f-ed1e-da42-1975937205f9,ok,0,0,453,27.364,37,210,405,439,292
642,28874.876961714,28874.877261435,,2,GPU-5443d59d-561f-ed1e-da42-1975937205f9,ok,0,0,453,27.203,37,210,405,439,292
643,28875.876961714,28875.877264083,,2,GPU-5443d59d-561f-ed1e-da42-1975937205f9,ok,0,0,453,27.168,37,210,405,390,341
644,28876.876961714,28876.877280091,,2,GPU-5443d59d-561f-ed1e-da42-1975937205f9,ok,0,0,453,27.284,37,210,405,439,341
645,28877.876961714,28877.877277739,,2,GPU-5443d59d-561f-ed1e-da42-1975937205f9,ok,0,0,453,27.217,37,210,405,439,341
646,28878.876961714,28878.877275117,,2,GPU-5443d59d-561f-ed1e-da42-1975937205f9,ok,0,0,453,27.255,37,210,405,390,341
647,28879.876961714,28879.877278475,,2,GPU-5443d59d-561f-ed1e-da42-1975937205f9,ok,0,0,453,27.395,37,210,405,439,341
648,28880.876961714,28880.877275233,,2,GPU-5443d59d-561f-ed1e-da42-1975937205f9,ok,0,0,453,27.313,37,210,405,439,341
649,28881.876961714,28881.877263231,,2,GPU-5443d59d-561f-ed1e-da42-1975937205f9,ok,0,0,453,27.3,37,210,405,390,341
650,28882.876961714,28882.877266469,,2,GPU-5443d59d-561f-ed1e-da42-1975937205f9,ok,0,0,453,27.323,37,210,405,439,292
651,28883.876961714,28883.877265167,,2,GPU-5443d59d-561f-ed1e-da42-1975937205f9,ok,0,0,453,27.253,37,210,405,439,292
652,28884.876961714,28884.877264636,,2,GPU-5443d59d-561f-ed1e-da42-1975937205f9,ok,0,0,453,27.341,37,210,405,390,292
653,28885.876961714,28885.877270654,,2,GPU-5443d59d-561f-ed1e-da42-1975937205f9,ok,0,0,453,27.473,37,210,405,439,292
654,28886.876961714,28886.877282752,,2,GPU-5443d59d-561f-ed1e-da42-1975937205f9,ok,0,0,453,27.299,37,210,405,439,292
655,28887.876961714,28887.87727633,,2,GPU-5443d59d-561f-ed1e-da42-1975937205f9,ok,0,0,453,27.212,37,210,405,390,292
656,28888.876961714,28888.877277448,,2,GPU-5443d59d-561f-ed1e-da42-1975937205f9,ok,0,0,453,27.314,37,210,405,439,292
657,28889.876961714,28889.877282586,,2,GPU-5443d59d-561f-ed1e-da42-1975937205f9,ok,0,0,453,27.295,37,210,405,439,292
658,28890.876961714,28890.877279584,,2,GPU-5443d59d-561f-ed1e-da42-1975937205f9,ok,0,0,453,27.334,37,210,405,390,292
659,28891.876961714,28891.877294012,,2,GPU-5443d59d-561f-ed1e-da42-1975937205f9,ok,0,0,453,27.376,37,210,405,439,292
660,28892.876961714,28892.87729594,,2,GPU-5443d59d-561f-ed1e-da42-1975937205f9,ok,0,0,453,27.212,37,210,405,439,292
661,28893.876961714,28893.877278138,,2,GPU-5443d59d-561f-ed1e-da42-1975937205f9,ok,0,0,453,27.215,37,210,405,439,292
662,28894.876961714,28894.877283836,,2,GPU-5443d59d-561f-ed1e-da42-1975937205f9,ok,0,0,453,27.442,37,210,405,439,292
663,28895.876961714,28895.877272324,,2,GPU-5443d59d-561f-ed1e-da42-1975937205f9,ok,0,0,453,27.363,37,210,405,390,292
664,28896.876961714,28896.877280992,,2,GPU-5443d59d-561f-ed1e-da42-1975937205f9,ok,0,0,453,27.223,37,210,405,390,292
665,28897.876961714,28897.87728467,,2,GPU-5443d59d-561f-ed1e-da42-1975937205f9,ok,0,0,453,27.174,37,210,405,439,292
666,28898.876961714,28898.877286358,,2,GPU-5443d59d-561f-ed1e-da42-1975937205f9,ok,0,0,453,27.187,37,210,405,439,292
667,28899.876961714,28899.877257776,,2,GPU-5443d59d-561f-ed1e-da42-1975937205f9,ok,0,0,453,27.251,37,210,405,390,292
668,28900.876961714,28900.877261404,,2,GPU-5443d59d-561f-ed1e-da42-1975937205f9,ok,0,0,453,27.241,37,210,405,439,292
669,28901.876961714,28901.877261992,,2,GPU-5443d59d-561f-ed1e-da42-1975937205f9,ok,0,0,453,27.337,37,210,405,439,292
670,28902.876961714,28902.87726528,,2,GPU-5443d59d-561f-ed1e-da42-1975937205f9,ok,0,0,453,27.441,37,210,405,439,292
671,28903.876961714,28903.877262528,,2,GPU-5443d59d-561f-ed1e-da42-1975937205f9,ok,0,0,453,27.419,37,210,405,439,292
672,28904.876961714,28904.877264816,,2,GPU-5443d59d-561f-ed1e-da42-1975937205f9,ok,0,0,453,27.426,37,210,405,390,292
673,28905.876961714,28905.877262544,,2,GPU-5443d59d-561f-ed1e-da42-1975937205f9,ok,0,0,453,27.482,37,210,405,390,292
674,28906.876961714,28906.877262142,,2,GPU-5443d59d-561f-ed1e-da42-1975937205f9,ok,0,0,453,27.346,37,210,405,439,292
675,28907.876961714,28907.8772701,,2,GPU-5443d59d-561f-ed1e-da42-1975937205f9,ok,0,0,453,27.174,37,210,405,439,341
676,28908.876961714,28908.877265848,,2,GPU-5443d59d-561f-ed1e-da42-1975937205f9,ok,0,0,453,27.253,37,210,405,439,341
677,28909.876961714,28909.877257696,,2,GPU-5443d59d-561f-ed1e-da42-1975937205f9,ok,0,0,453,27.26,37,210,405,439,292
678,28910.876961714,28910.877263904,,2,GPU-5443d59d-561f-ed1e-da42-1975937205f9,ok,0,0,453,27.203,37,210,405,439,292
679,28911.876961714,28911.877261892,,2,GPU-5443d59d-561f-ed1e-da42-1975937205f9,ok,0,0,453,27.317,37,210,405,439,292
680,28912.876961714,28912.87726177,,2,GPU-5443d59d-561f-ed1e-da42-1975937205f9,ok,0,0,453,27.275,37,210,405,390,292
681,28913.876961714,28913.877266868,,2,GPU-5443d59d-561f-ed1e-da42-1975937205f9,ok,0,0,453,27.298,37,210,405,390,292
682,28914.876961714,28914.877270026,,2,GPU-5443d59d-561f-ed1e-da42-1975937205f9,ok,0,0,453,27.444,37,210,405,439,292
683,28915.876961714,28915.877265204,,2,GPU-5443d59d-561f-ed1e-da42-1975937205f9,ok,0,0,453,27.345,37,210,405,439,292
684,28916.876961714,28916.877266212,,2,GPU-5443d59d-561f-ed1e-da42-1975937205f9,ok,0,0,453,27.354,37,210,405,439,292
685,28917.876961714,28917.87726395,,2,GPU-5443d59d-561f-ed1e-da42-1975937205f9,ok,0,0,453,27.464,37,210,405,439,292
686,28918.876961714,28918.877264658,,2,GPU-5443d59d-561f-ed1e-da42-1975937205f9,ok,0,0,453,27.278,37,210,405,390,292
687,28919.876961714,28919.877263446,,2,GPU-5443d59d-561f-ed1e-da42-1975937205f9,ok,0,0,453,27.204,37,210,405,390,292
688,28920.876961714,28920.877265894,,2,GPU-5443d59d-561f-ed1e-da42-1975937205f9,ok,0,0,453,27.288,37,210,405,390,341
689,28921.876961714,28921.877264872,,2,GPU-5443d59d-561f-ed1e-da42-1975937205f9,ok,0,0,453,27.215,37,210,405,439,292
690,28922.876961714,28922.87726407,,2,GPU-5443d59d-561f-ed1e-da42-1975937205f9,ok,0,0,453,27.385,37,210,405,439,341
691,28923.876961714,28923.877262058,,2,GPU-5443d59d-561f-ed1e-da42-1975937205f9,ok,0,0,453,27.588,37,210,405,439,341
692,28924.876961714,28924.877262276,,2,GPU-5443d59d-561f-ed1e-da42-1975937205f9,ok,0,0,453,27.448,37,210,405,439,341
693,28925.876961714,28925.877261854,,2,GPU-5443d59d-561f-ed1e-da42-1975937205f9,ok,0,0,453,27.41,37,210,405,390,292
694,28926.876961714,28926.877259662,,2,GPU-5443d59d-561f-ed1e-da42-1975937205f9,ok,0,0,453,27.422,37,210,405,390,292
695,28927.876961714,28927.877269241,,2,GPU-5443d59d-561f-ed1e-da42-1975937205f9,ok,0,0,453,27.251,37,210,405,439,292
696,28928.876961714,28928.877264099,,2,GPU-5443d59d-561f-ed1e-da42-1975937205f9,ok,0,0,453,27.342,37,210,405,439,292
697,28929.876961714,28929.877268627,,2,GPU-5443d59d-561f-ed1e-da42-1975937205f9,ok,0,0,453,27.509,37,210,405,439,292
698,28930.876961714,28930.877264245,,2,GPU-5443d59d-561f-ed1e-da42-1975937205f9,ok,0,0,453,27.524,37,210,405,439,292
699,28931.876961714,28931.877261253,,2,GPU-5443d59d-561f-ed1e-da42-1975937205f9,ok,0,0,453,27.616,37,210,405,439,292
700,28932.876961714,28932.877266801,,2,GPU-5443d59d-561f-ed1e-da42-1975937205f9,ok,0,0,453,27.57,37,210,405,439,292
701,28933.876961714,28933.877261979,,2,GPU-5443d59d-561f-ed1e-da42-1975937205f9,ok,0,0,453,27.355,37,210,405,439,292
702,28934.876961714,28934.877265147,,2,GPU-5443d59d-561f-ed1e-da42-1975937205f9,ok,0,0,453,27.322,37,210,405,439,292
703,28935.876961714,28935.877260225,,2,GPU-5443d59d-561f-ed1e-da42-1975937205f9,ok,0,0,453,27.438,37,210,405,439,292
704,28936.876961714,28936.877262503,,2,GPU-5443d59d-561f-ed1e-da42-1975937205f9,ok,0,0,453,27.424,37,210,405,439,292
705,28937.876961714,28937.877259611,,2,GPU-5443d59d-561f-ed1e-da42-1975937205f9,ok,0,0,453,27.485,37,210,405,439,292
706,28938.876961714,28938.877261669,,2,GPU-5443d59d-561f-ed1e-da42-1975937205f9,ok,0,0,453,27.515,37,210,405,390,292
707,28939.876961714,28939.877262517,,2,GPU-5443d59d-561f-ed1e-da42-1975937205f9,ok,0,0,453,27.304,37,210,405,390,292
708,28940.876961714,28940.877265245,,2,GPU-5443d59d-561f-ed1e-da42-1975937205f9,ok,0,0,453,27.248,37,210,405,439,292
709,28941.876961714,28941.877262533,,2,GPU-5443d59d-561f-ed1e-da42-1975937205f9,ok,0,0,453,27.304,37,210,405,439,292
710,28942.876961714,28942.877265131,,2,GPU-5443d59d-561f-ed1e-da42-1975937205f9,ok,0,0,453,27.189,37,210,405,439,292
711,28943.876961714,28943.877264109,,2,GPU-5443d59d-561f-ed1e-da42-1975937205f9,ok,0,0,453,27.188,37,210,405,439,292
712,28944.876961714,28944.877260057,,2,GPU-5443d59d-561f-ed1e-da42-1975937205f9,ok,0,0,453,27.268,37,210,405,390,292
713,28945.876961714,28945.877265725,,2,GPU-5443d59d-561f-ed1e-da42-1975937205f9,ok,0,0,453,27.191,37,210,405,439,292
714,28946.876961714,28946.877233903,,2,GPU-5443d59d-561f-ed1e-da42-1975937205f9,ok,0,0,453,27.23,37,210,405,439,292
715,28947.876961714,28947.877264131,,2,GPU-5443d59d-561f-ed1e-da42-1975937205f9,ok,0,0,453,27.291,37,210,405,439,292
716,28948.876961714,28948.877262469,,2,GPU-5443d59d-561f-ed1e-da42-1975937205f9,ok,0,0,453,27.157,37,210,405,390,292
717,28949.876961714,28949.877263047,,2,GPU-5443d59d-561f-ed1e-da42-1975937205f9,ok,0,0,453,27.22,37,210,405,439,341
718,28950.876961714,28950.877261165,,2,GPU-5443d59d-561f-ed1e-da42-1975937205f9,ok,0,0,453,27.408,37,210,405,439,341
719,28951.876961714,28951.877265053,,2,GPU-5443d59d-561f-ed1e-da42-1975937205f9,ok,0,0,453,27.344,37,210,405,439,341
720,28952.876961714,28952.877265231,,2,GPU-5443d59d-561f-ed1e-da42-1975937205f9,ok,0,0,453,27.274,37,210,405,439,341
721,28953.876961714,28953.877263999,,2,GPU-5443d59d-561f-ed1e-da42-1975937205f9,ok,0,0,453,27.256,37,210,405,390,341
722,28954.876961714,28954.877262607,,2,GPU-5443d59d-561f-ed1e-da42-1975937205f9,ok,0,0,453,27.149,37,210,405,439,341
723,28955.876961714,28955.877261685,,2,GPU-5443d59d-561f-ed1e-da42-1975937205f9,ok,0,0,453,27.161,37,210,405,439,292
724,28956.876961714,28956.877261723,,2,GPU-5443d59d-561f-ed1e-da42-1975937205f9,ok,0,0,453,27.283,37,210,405,390,341
725,28957.876961714,28957.877262871,,2,GPU-5443d59d-561f-ed1e-da42-1975937205f9,ok,0,0,453,27.255,37,210,405,390,341
726,28958.876961714,28958.877261269,,2,GPU-5443d59d-561f-ed1e-da42-1975937205f9,ok,0,0,453,27.277,37,210,405,439,341
727,28959.876961714,28959.877259417,,2,GPU-5443d59d-561f-ed1e-da42-1975937205f9,ok,0,0,453,27.399,37,210,405,439,292
728,28960.876961714,28960.877259625,,2,GPU-5443d59d-561f-ed1e-da42-1975937205f9,ok,0,0,453,27.296,37,210,405,390,292
729,28961.876961714,28961.877261783,,2,GPU-5443d59d-561f-ed1e-da42-1975937205f9,ok,0,0,453,27.283,37,210,405,390,292
730,28962.876961714,28962.877260301,,2,GPU-5443d59d-561f-ed1e-da42-1975937205f9,ok,0,0,453,27.314,37,210,405,439,292
731,28963.876961714,28963.877264319,,2,GPU-5443d59d-561f-ed1e-da42-1975937205f9,ok,0,0,453,27.316,37,210,405,439,292
732,28964.876961714,28964.877263897,,2,GPU-5443d59d-561f-ed1e-da42-1975937205f9,ok,0,0,453,27.432,37,210,405,390,292
733,28965.876961714,28965.877266545,,2,GPU-5443d59d-561f-ed1e-da42-1975937205f9,ok,0,0,453,27.446,37,210,405,439,292
734,28966.876961714,28966.877261883,,2,GPU-5443d59d-561f-ed1e-da42-1975937205f9,ok,0,0,453,27.444,37,210,405,439,292
735,28967.876961714,28967.877269361,,2,GPU-5443d59d-561f-ed1e-da42-1975937205f9,ok,0,0,453,27.516,37,210,405,439,292
736,28968.876961714,28968.877264519,,2,GPU-5443d59d-561f-ed1e-da42-1975937205f9,ok,0,0,453,27.439,37,210,405,439,292
737,28969.876961714,28969.877267777,,2,GPU-5443d59d-561f-ed1e-da42-1975937205f9,ok,0,0,453,27.372,37,210,405,439,292
738,28970.876961714,28970.877266806,,2,GPU-5443d59d-561f-ed1e-da42-1975937205f9,ok,0,0,453,27.487,36,210,405,439,292
739,28971.876961714,28971.877261614,,2,GPU-5443d59d-561f-ed1e-da42-1975937205f9,ok,0,0,453,27.394,36,210,405,439,292
740,28972.876961714,28972.877264082,,2,GPU-5443d59d-561f-ed1e-da42-1975937205f9,ok,0,0,453,27.409,36,210,405,390,292
741,28973.876961714,28973.87726105,,2,GPU-5443d59d-561f-ed1e-da42-1975937205f9,ok,0,0,453,27.616,37,210,405,439,292
742,28974.876961714,28974.877266548,,2,GPU-5443d59d-561f-ed1e-da42-1975937205f9,ok,0,0,453,27.578,37,210,405,439,292
743,28975.876961714,28975.877262546,,2,GPU-5443d59d-561f-ed1e-da42-1975937205f9,ok,0,0,453,27.562,36,210,405,439,292
744,28976.876961714,28976.877268494,,2,GPU-5443d59d-561f-ed1e-da42-1975937205f9,ok,0,0,453,27.645,36,210,405,390,292
745,28977.876961714,28977.877256222,,2,GPU-5443d59d-561f-ed1e-da42-1975937205f9,ok,0,0,453,27.549,36,210,405,439,292
746,28978.876961714,28978.87726124,,2,GPU-5443d59d-561f-ed1e-da42-1975937205f9,ok,0,0,453,27.613,36,210,405,439,292
747,28979.876961714,28979.877262688,,2,GPU-5443d59d-561f-ed1e-da42-1975937205f9,ok,0,0,453,27.752,36,210,405,390,292
748,28980.876961714,28980.877264066,,2,GPU-5443d59d-561f-ed1e-da42-1975937205f9,ok,0,0,453,27.605,36,210,405,390,292
749,28981.876961714,28981.877257124,,2,GPU-5443d59d-561f-ed1e-da42-1975937205f9,ok,0,0,453,27.563,36,210,405,439,292
750,28982.876961714,28982.877266512,,2,GPU-5443d59d-561f-ed1e-da42-1975937205f9,ok,0,0,453,27.718,36,210,405,439,292
751,28983.876961714,28983.87726378,,2,GPU-5443d59d-561f-ed1e-da42-1975937205f9,ok,0,0,453,27.709,36,210,405,439,341
752,28984.876961714,28984.877264298,,2,GPU-5443d59d-561f-ed1e-da42-1975937205f9,ok,0,0,453,27.659,36,210,405,439,341
753,28985.876961714,28985.877257316,,2,GPU-5443d59d-561f-ed1e-da42-1975937205f9,ok,0,0,453,27.661,36,210,405,390,341
754,28986.876961714,28986.877270634,,2,GPU-5443d59d-561f-ed1e-da42-1975937205f9,ok,0,0,453,27.506,36,210,405,439,292
755,28987.876961714,28987.877261582,,2,GPU-5443d59d-561f-ed1e-da42-1975937205f9,ok,0,0,453,27.481,36,210,405,439,292
756,28988.876961714,28988.87727051,,2,GPU-5443d59d-561f-ed1e-da42-1975937205f9,ok,0,0,453,27.616,36,210,405,390,292
757,28989.876961714,28989.877273118,,2,GPU-5443d59d-561f-ed1e-da42-1975937205f9,ok,0,0,453,27.559,36,210,405,439,292
758,28990.876961714,28990.877278296,,2,GPU-5443d59d-561f-ed1e-da42-1975937205f9,ok,0,0,453,27.618,36,210,405,439,292
759,28991.876961714,28991.877278604,,2,GPU-5443d59d-561f-ed1e-da42-1975937205f9,ok,0,0,453,27.686,36,210,405,439,292
760,28992.876961714,28992.877279762,,2,GPU-5443d59d-561f-ed1e-da42-1975937205f9,ok,0,0,453,27.482,36,210,405,390,292
761,28993.876961714,28993.87727756,,2,GPU-5443d59d-561f-ed1e-da42-1975937205f9,ok,0,0,453,27.462,36,210,405,439,292
762,28994.876961714,28994.877264478,,2,GPU-5443d59d-561f-ed1e-da42-1975937205f9,ok,0,0,453,27.618,36,210,405,439,292
763,28995.876961714,28995.877264086,,2,GPU-5443d59d-561f-ed1e-da42-1975937205f9,ok,0,0,453,27.604,36,210,405,390,292
764,28996.876961714,28996.877267854,,2,GPU-5443d59d-561f-ed1e-da42-1975937205f9,ok,0,0,453,27.565,36,210,405,390,292
765,28997.876961714,28997.877265612,,2,GPU-5443d59d-561f-ed1e-da42-1975937205f9,ok,0,0,453,27.622,36,210,405,439,292
766,28998.876961714,28998.87727999,,2,GPU-5443d59d-561f-ed1e-da42-1975937205f9,ok,0,0,453,27.568,36,210,405,439,292
767,28999.876961714,28999.877274658,,2,GPU-5443d59d-561f-ed1e-da42-1975937205f9,ok,0,0,453,27.534,36,210,405,439,292
768,29000.876961714,29000.877278716,,2,GPU-5443d59d-561f-ed1e-da42-1975937205f9,ok,0,0,453,27.444,36,210,405,439,292
769,29001.876961714,29001.877278834,,2,GPU-5443d59d-561f-ed1e-da42-1975937205f9,ok,0,0,453,27.437,36,210,405,439,341
770,29002.876961714,29002.877284322,,2,GPU-5443d59d-561f-ed1e-da42-1975937205f9,ok,0,0,453,27.583,36,210,405,390,292
771,29003.876961714,29003.87728366,,2,GPU-5443d59d-561f-ed1e-da42-1975937205f9,ok,0,0,453,27.46,36,210,405,439,292
772,29004.876961714,29004.877282788,,2,GPU-5443d59d-561f-ed1e-da42-1975937205f9,ok,0,0,453,27.428,36,210,405,439,341
773,29005.876961714,29005.877282286,,2,GPU-5443d59d-561f-ed1e-da42-1975937205f9,ok,0,0,453,27.525,36,210,405,439,341
774,29006.876961714,29006.877287804,,2,GPU-5443d59d-561f-ed1e-da42-1975937205f9,ok,0,0,453,27.509,36,210,405,439,341
775,29007.876961714,29007.877280802,,2,GPU-5443d59d-561f-ed1e-da42-1975937205f9,ok,0,0,453,27.662,36,210,405,439,341
776,29008.876961714,29008.8772893,,2,GPU-5443d59d-561f-ed1e-da42-1975937205f9,ok,0,0,453,27.762,36,210,405,439,341
777,29009.876961714,29009.877282548,,2,GPU-5443d59d-561f-ed1e-da42-1975937205f9,ok,0,0,453,27.599,36,210,405,390,341
778,29010.876961714,29010.877276446,,2,GPU-5443d59d-561f-ed1e-da42-1975937205f9,ok,0,0,453,27.617,36,210,405,390,292
779,29011.876961714,29011.877253304,,2,GPU-5443d59d-561f-ed1e-da42-1975937205f9,ok,0,0,453,27.81,36,210,405,439,292
780,29012.876961714,29012.877278942,,2,GPU-5443d59d-561f-ed1e-da42-1975937205f9,ok,0,0,453,27.635,36,210,405,439,292
781,29013.876961714,29013.87725702,,2,GPU-5443d59d-561f-ed1e-da42-1975937205f9,ok,0,0,453,27.492,36,210,405,439,292
782,29014.876961714,29014.877266619,,2,GPU-5443d59d-561f-ed1e-da42-1975937205f9,ok,0,0,453,27.675,36,210,405,439,292
783,29015.876961714,29015.877259897,,2,GPU-5443d59d-561f-ed1e-da42-1975937205f9,ok,0,0,453,27.59,36,210,405,390,292
784,29016.876961714,29016.877264585,,2,GPU-5443d59d-561f-ed1e-da42-1975937205f9,ok,0,0,453,27.517,36,210,405,439,292
785,29017.876961714,29017.877260603,,2,GPU-5443d59d-561f-ed1e-da42-1975937205f9,ok,0,0,453,27.667,36,210,405,439,292
786,29018.876961714,29018.877265931,,2,GPU-5443d59d-561f-ed1e-da42-1975937205f9,ok,0,0,453,27.619,36,210,405,439,292
787,29019.876961714,29019.877263119,,2,GPU-5443d59d-561f-ed1e-da42-1975937205f9,ok,0,0,453,27.563,36,210,405,390,292
788,29020.876961714,29020.877262207,,2,GPU-5443d59d-561f-ed1e-da42-1975937205f9,ok,0,0,453,27.597,36,210,405,390,292
789,29021.876961714,29021.877264955,,2,GPU-5443d59d-561f-ed1e-da42-1975937205f9,ok,0,0,453,27.598,36,210,405,439,292
790,29022.876961714,29022.877267413,,2,GPU-5443d59d-561f-ed1e-da42-1975937205f9,ok,0,0,453,27.678,36,210,405,439,292
791,29023.876961714,29023.877262651,,2,GPU-5443d59d-561f-ed1e-da42-1975937205f9,ok,0,0,453,27.745,36,210,405,439,292
792,29024.876961714,29024.877265249,,2,GPU-5443d59d-561f-ed1e-da42-1975937205f9,ok,0,0,453,27.675,36,210,405,439,292
793,29025.876961714,29025.877260967,,2,GPU-5443d59d-561f-ed1e-da42-1975937205f9,ok,0,0,453,27.698,36,210,405,390,292
794,29026.876961714,29026.877260335,,2,GPU-5443d59d-561f-ed1e-da42-1975937205f9,ok,0,0,453,27.676,36,210,405,390,292
795,29027.876961714,29027.877266873,,2,GPU-5443d59d-561f-ed1e-da42-1975937205f9,ok,0,0,453,27.519,36,210,405,439,292
796,29028.876961714,29028.877261021,,2,GPU-5443d59d-561f-ed1e-da42-1975937205f9,ok,0,0,453,27.558,36,210,405,439,292
797,29029.876961714,29029.877257299,,2,GPU-5443d59d-561f-ed1e-da42-1975937205f9,ok,0,0,453,27.671,36,210,405,439,292
798,29030.876961714,29030.877262737,,2,GPU-5443d59d-561f-ed1e-da42-1975937205f9,ok,0,0,453,27.575,36,210,405,439,341
799,29031.876961714,29031.877264205,,2,GPU-5443d59d-561f-ed1e-da42-1975937205f9,ok,0,0,453,27.619,36,210,405,390,341
800,29032.876961714,29032.877264053,,2,GPU-5443d59d-561f-ed1e-da42-1975937205f9,ok,0,0,453,27.772,36,210,405,439,341
801,29033.876961714,29033.877260231,,2,GPU-5443d59d-561f-ed1e-da42-1975937205f9,ok,0,0,453,27.776,36,210,405,439,292
802,29034.876961714,29034.877263929,,2,GPU-5443d59d-561f-ed1e-da42-1975937205f9,ok,0,0,453,27.835,36,210,405,439,292
803,29035.876961714,29035.877263287,,2,GPU-5443d59d-561f-ed1e-da42-1975937205f9,ok,0,0,453,27.693,36,210,405,439,292
804,29036.876961714,29036.877261975,,2,GPU-5443d59d-561f-ed1e-da42-1975937205f9,ok,0,0,453,27.616,36,210,405,439,292
805,29037.876961714,29037.877265953,,2,GPU-5443d59d-561f-ed1e-da42-1975937205f9,ok,0,0,453,27.76,36,210,405,439,292
806,29038.876961714,29038.877264681,,2,GPU-5443d59d-561f-ed1e-da42-1975937205f9,ok,0,0,453,27.929,36,210,405,439,292
807,29039.876961714,29039.877272279,,2,GPU-5443d59d-561f-ed1e-da42-1975937205f9,ok,0,0,453,27.757,36,210,405,439,292
808,29040.876961714,29040.877260937,,2,GPU-5443d59d-561f-ed1e-da42-1975937205f9,ok,0,0,453,27.585,36,210,405,488,292
809,29041.876961714,29041.877262575,,2,GPU-5443d59d-561f-ed1e-da42-1975937205f9,ok,0,0,453,27.614,36,210,405,390,292
810,29042.876961714,29042.877264093,,2,GPU-5443d59d-561f-ed1e-da42-1975937205f9,ok,0,0,453,27.674,36,210,405,439,292
811,29043.876961714,29043.877264941,,2,GPU-5443d59d-561f-ed1e-da42-1975937205f9,ok,0,0,453,27.597,36,210,405,439,292
812,29044.876961714,29044.877264799,,2,GPU-5443d59d-561f-ed1e-da42-1975937205f9,ok,0,0,453,27.558,36,210,405,439,292
813,29045.876961714,29045.877265257,,2,GPU-5443d59d-561f-ed1e-da42-1975937205f9,ok,0,0,453,27.63,36,210,405,439,292
814,29046.876961714,29046.877263865,,2,GPU-5443d59d-561f-ed1e-da42-1975937205f9,ok,0,0,453,27.564,36,210,405,390,292
815,29047.876961714,29047.877265213,,2,GPU-5443d59d-561f-ed1e-da42-1975937205f9,ok,0,0,453,27.546,36,210,405,439,292
816,29048.876961714,29048.877261341,,2,GPU-5443d59d-561f-ed1e-da42-1975937205f9,ok,0,0,453,27.637,36,210,405,439,292
817,29049.876961714,29049.877257469,,2,GPU-5443d59d-561f-ed1e-da42-1975937205f9,ok,0,0,453,27.442,36,210,405,439,292
818,29050.876961714,29050.877259797,,2,GPU-5443d59d-561f-ed1e-da42-1975937205f9,ok,0,0,453,27.389,36,210,405,390,292
819,29051.876961714,29051.877256445,,2,GPU-5443d59d-561f-ed1e-da42-1975937205f9,ok,0,0,453,27.51,36,210,405,439,292
820,29052.876961714,29052.877256223,,2,GPU-5443d59d-561f-ed1e-da42-1975937205f9,ok,0,0,453,27.414,36,210,405,439,292
821,29053.876961714,29053.877261881,,2,GPU-5443d59d-561f-ed1e-da42-1975937205f9,ok,0,0,453,27.422,36,210,405,439,292
822,29054.876961714,29054.877262089,,2,GPU-5443d59d-561f-ed1e-da42-1975937205f9,ok,0,0,453,27.487,36,210,405,439,292
823,29055.876961714,29055.877259867,,2,GPU-5443d59d-561f-ed1e-da42-1975937205f9,ok,0,0,453,27.334,36,210,405,439,341
824,29056.876961714,29056.877259785,,2,GPU-5443d59d-561f-ed1e-da42-1975937205f9,ok,0,0,453,27.374,36,210,405,439,341
825,29057.876961714,29057.877258334,,2,GPU-5443d59d-561f-ed1e-da42-1975937205f9,ok,0,0,453,27.504,36,210,405,390,341
826,29058.876961714,29058.877262462,,2,GPU-5443d59d-561f-ed1e-da42-1975937205f9,ok,0,0,453,27.309,36,210,405,439,341
827,29059.876961714,29059.87726356,,2,GPU-5443d59d-561f-ed1e-da42-1975937205f9,ok,0,0,453,27.241,36,210,405,439,341
828,29060.876961714,29060.877263638,,2,GPU-5443d59d-561f-ed1e-da42-1975937205f9,ok,0,0,453,27.413,36,210,405,439,341
829,29061.876961714,29061.877263536,,2,GPU-5443d59d-561f-ed1e-da42-1975937205f9,ok,0,0,453,27.447,36,210,405,439,341
830,29062.876961714,29062.877262524,,2,GPU-5443d59d-561f-ed1e-da42-1975937205f9,ok,0,0,453,27.501,36,210,405,439,341
831,29063.876961714,29063.877256422,,2,GPU-5443d59d-561f-ed1e-da42-1975937205f9,ok,0,0,453,27.536,36,210,405,439,341
832,29064.876961714,29064.8772627,,2,GPU-5443d59d-561f-ed1e-da42-1975937205f9,ok,0,0,453,27.412,36,210,405,439,292
833,29065.876961714,29065.877257258,,2,GPU-5443d59d-561f-ed1e-da42-1975937205f9,ok,0,0,453,27.462,36,210,405,390,292
834,29066.876961714,29066.877228666,,2,GPU-5443d59d-561f-ed1e-da42-1975937205f9,ok,0,0,453,27.551,36,210,405,439,341
835,29067.876961714,29067.877260964,,2,GPU-5443d59d-561f-ed1e-da42-1975937205f9,ok,0,0,453,27.525,36,210,405,439,341
836,29068.876961714,29068.877260802,,2,GPU-5443d59d-561f-ed1e-da42-1975937205f9,ok,0,0,453,27.549,36,210,405,439,341
837,29069.876961714,29069.87725751,,2,GPU-5443d59d-561f-ed1e-da42-1975937205f9,ok,0,0,453,27.442,36,210,405,439,341
838,29070.876961714,29070.877256348,,2,GPU-5443d59d-561f-ed1e-da42-1975937205f9,ok,0,0,453,27.383,36,210,405,390,341
839,29071.876961714,29071.877258656,,2,GPU-5443d59d-561f-ed1e-da42-1975937205f9,ok,0,0,453,27.468,36,210,405,439,341
840,29072.876961714,29072.877261474,,2,GPU-5443d59d-561f-ed1e-da42-1975937205f9,ok,0,0,453,27.402,36,210,405,439,292
841,29073.876961714,29073.877260282,,2,GPU-5443d59d-561f-ed1e-da42-1975937205f9,ok,0,0,453,27.421,36,210,405,439,292
842,29074.876961714,29074.87725946,,2,GPU-5443d59d-561f-ed1e-da42-1975937205f9,ok,0,0,453,27.453,36,210,405,390,341
843,29075.876961714,29075.877260368,,2,GPU-5443d59d-561f-ed1e-da42-1975937205f9,ok,0,0,453,27.238,36,210,405,439,292
844,29076.876961714,29076.877257166,,2,GPU-5443d59d-561f-ed1e-da42-1975937205f9,ok,0,0,453,27.238,36,210,405,439,292
845,29077.876961714,29077.877258924,,2,GPU-5443d59d-561f-ed1e-da42-1975937205f9,ok,0,0,453,27.339,36,210,405,439,292
846,29078.876961714,29078.877260262,,2,GPU-5443d59d-561f-ed1e-da42-1975937205f9,ok,0,0,453,27.185,36,210,405,390,292
847,29079.876961714,29079.87726706,,2,GPU-5443d59d-561f-ed1e-da42-1975937205f9,ok,0,0,453,27.188,36,210,405,439,292
848,29080.876961714,29080.877258768,,2,GPU-5443d59d-561f-ed1e-da42-1975937205f9,ok,0,0,453,27.33,36,210,405,439,292
849,29081.876961714,29081.877257476,,2,GPU-5443d59d-561f-ed1e-da42-1975937205f9,ok,0,0,453,27.333,36,210,405,439,292
850,29082.876961714,29082.877264484,,2,GPU-5443d59d-561f-ed1e-da42-1975937205f9,ok,0,0,453,27.416,36,210,405,390,292
851,29083.876961714,29083.877256242,,2,GPU-5443d59d-561f-ed1e-da42-1975937205f9,ok,0,0,453,27.515,36,210,405,390,341
852,29084.876961714,29084.87725879,,2,GPU-5443d59d-561f-ed1e-da42-1975937205f9,ok,0,0,453,27.424,36,210,405,439,341
853,29085.876961714,29085.877258028,,2,GPU-5443d59d-561f-ed1e-da42-1975937205f9,ok,0,0,453,27.43,36,210,405,439,341
854,29086.876961714,29086.877260596,,2,GPU-5443d59d-561f-ed1e-da42-1975937205f9,ok,0,0,453,27.499,36,210,405,439,341
855,29087.876961714,29087.877257734,,2,GPU-5443d59d-561f-ed1e-da42-1975937205f9,ok,0,0,453,27.421,36,210,405,439,341
856,29088.876961714,29088.877261092,,2,GPU-5443d59d-561f-ed1e-da42-1975937205f9,ok,0,0,453,27.438,36,210,405,439,341
857,29089.876961714,29089.87726086,,2,GPU-5443d59d-561f-ed1e-da42-1975937205f9,ok,0,0,453,27.533,36,210,405,439,341
858,29090.876961714,29090.877260238,,2,GPU-5443d59d-561f-ed1e-da42-1975937205f9,ok,0,0,453,27.411,36,210,405,439,341
859,29091.876961714,29091.877259226,,2,GPU-5443d59d-561f-ed1e-da42-1975937205f9,ok,0,0,453,27.423,36,210,405,439,341
860,29092.876961714,29092.877258274,,2,GPU-5443d59d-561f-ed1e-da42-1975937205f9,ok,0,0,453,27.538,36,210,405,439,292
861,29093.876961714,29093.877256272,,2,GPU-5443d59d-561f-ed1e-da42-1975937205f9,ok,0,0,453,27.394,36,210,405,439,341
862,29094.876961714,29094.87726318,,2,GPU-5443d59d-561f-ed1e-da42-1975937205f9,ok,0,0,453,27.324,36,210,405,439,341
863,29095.876961714,29095.877259158,,2,GPU-5443d59d-561f-ed1e-da42-1975937205f9,ok,0,0,453,27.337,36,210,405,439,341
864,29096.876961714,29096.877260726,,2,GPU-5443d59d-561f-ed1e-da42-1975937205f9,ok,0,0,453,27.25,36,210,405,390,341
865,29097.876961714,29097.877257214,,2,GPU-5443d59d-561f-ed1e-da42-1975937205f9,ok,0,0,453,27.321,36,210,405,439,292
866,29098.876961714,29098.877258602,,2,GPU-5443d59d-561f-ed1e-da42-1975937205f9,ok,0,0,453,27.463,36,210,405,439,292
867,29099.876961714,29099.87725907,,2,GPU-5443d59d-561f-ed1e-da42-1975937205f9,ok,0,0,453,27.37,36,210,405,439,292
868,29100.876961714,29100.877258489,,2,GPU-5443d59d-561f-ed1e-da42-1975937205f9,ok,0,0,453,27.352,36,210,405,439,292
869,29101.876961714,29101.877264297,,2,GPU-5443d59d-561f-ed1e-da42-1975937205f9,ok,0,0,453,27.387,36,210,405,390,292
870,29102.876961714,29102.877255605,,2,GPU-5443d59d-561f-ed1e-da42-1975937205f9,ok,0,0,453,27.281,36,210,405,439,292
871,29103.876961714,29103.877261883,,2,GPU-5443d59d-561f-ed1e-da42-1975937205f9,ok,0,0,453,27.334,36,210,405,439,292
872,29104.876961714,29104.877260911,,2,GPU-5443d59d-561f-ed1e-da42-1975937205f9,ok,0,0,453,27.416,35,210,405,439,292
873,29105.876961714,29105.877258649,,2,GPU-5443d59d-561f-ed1e-da42-1975937205f9,ok,0,0,453,27.282,35,210,405,390,292
874,29106.876961714,29106.877257677,,2,GPU-5443d59d-561f-ed1e-da42-1975937205f9,ok,0,0,453,27.314,36,210,405,439,292
875,29107.876961714,29107.877258415,,2,GPU-5443d59d-561f-ed1e-da42-1975937205f9,ok,0,0,453,27.348,36,210,405,439,292
876,29108.876961714,29108.877261813,,2,GPU-5443d59d-561f-ed1e-da42-1975937205f9,ok,0,0,453,27.374,36,210,405,439,341
877,29109.876961714,29109.877255231,,2,GPU-5443d59d-561f-ed1e-da42-1975937205f9,ok,0,0,453,27.462,35,210,405,390,341
878,29110.876961714,29110.877258529,,2,GPU-5443d59d-561f-ed1e-da42-1975937205f9,ok,0,0,453,27.379,35,210,405,439,341
879,29111.876961714,29111.877256347,,2,GPU-5443d59d-561f-ed1e-da42-1975937205f9,ok,0,0,453,27.355,36,210,405,439,341
880,29112.876961714,29112.877258805,,2,GPU-5443d59d-561f-ed1e-da42-1975937205f9,ok,0,0,453,27.362,36,210,405,390,341
881,29113.876961714,29113.877232533,,2,GPU-5443d59d-561f-ed1e-da42-1975937205f9,ok,0,0,453,27.287,36,210,405,439,292
882,29114.876961714,29114.877258861,,2,GPU-5443d59d-561f-ed1e-da42-1975937205f9,ok,0,0,453,27.274,36,210,405,439,292
883,29115.876961714,29115.877260529,,2,GPU-5443d59d-561f-ed1e-da42-1975937205f9,ok,0,0,453,27.386,36,210,405,439,292
884,29116.876961714,29116.877257997,,2,GPU-5443d59d-561f-ed1e-da42-1975937205f9,ok,0,0,453,27.418,36,210,405,439,292
885,29117.876961714,29117.877259795,,2,GPU-5443d59d-561f-ed1e-da42-1975937205f9,ok,0,0,453,27.47,35,210,405,439,292
886,29118.876961714,29118.877257163,,2,GPU-5443d59d-561f-ed1e-da42-1975937205f9,ok,0,0,453,27.498,35,210,405,439,292
887,29119.876961714,29119.877263731,,2,GPU-5443d59d-561f-ed1e-da42-1975937205f9,ok,0,0,453,27.286,35,210,405,439,292
888,29120.876961714,29120.877266639,,2,GPU-5443d59d-561f-ed1e-da42-1975937205f9,ok,0,0,453,27.323,35,210,405,390,341
889,29121.876961714,29121.877253827,,2,GPU-5443d59d-561f-ed1e-da42-1975937205f9,ok,0,0,453,27.543,35,210,405,439,341
890,29122.876961714,29122.877259805,,2,GPU-5443d59d-561f-ed1e-da42-1975937205f9,ok,0,0,453,27.476,35,210,405,390,292
891,29123.876961714,29123.877263493,,2,GPU-5443d59d-561f-ed1e-da42-1975937205f9,ok,0,0,453,27.461,35,210,405,439,292
892,29124.876961714,29124.877259621,,2,GPU-5443d59d-561f-ed1e-da42-1975937205f9,ok,0,0,453,27.547,35,210,405,439,292
893,29125.876961714,29125.877254939,,2,GPU-5443d59d-561f-ed1e-da42-1975937205f9,ok,0,0,453,27.486,35,210,405,390,292
894,29126.876961714,29126.877259237,,2,GPU-5443d59d-561f-ed1e-da42-1975937205f9,ok,0,0,453,27.529,35,210,405,439,292
895,29127.876961714,29127.877259965,,2,GPU-5443d59d-561f-ed1e-da42-1975937205f9,ok,0,0,453,27.618,35,210,405,439,292
896,29128.876961714,29128.877256343,,2,GPU-5443d59d-561f-ed1e-da42-1975937205f9,ok,0,0,453,27.486,35,210,405,439,292
897,29129.876961714,29129.877257631,,2,GPU-5443d59d-561f-ed1e-da42-1975937205f9,ok,0,0,453,27.364,35,210,405,390,292
898,29130.876961714,29130.877256829,,2,GPU-5443d59d-561f-ed1e-da42-1975937205f9,ok,0,0,453,27.261,35,210,405,439,292
899,29131.876961714,29131.877257997,,2,GPU-5443d59d-561f-ed1e-da42-1975937205f9,ok,0,0,453,27.209,35,210,405,439,292
900,29132.876961714,29132.877257525,,2,GPU-5443d59d-561f-ed1e-da42-1975937205f9,ok,0,0,453,27.348,35,210,405,439,341
901,29133.876961714,29133.877255633,,2,GPU-5443d59d-561f-ed1e-da42-1975937205f9,ok,0,0,453,27.425,35,210,405,439,341
902,29134.876961714,29134.877256361,,2,GPU-5443d59d-561f-ed1e-da42-1975937205f9,ok,0,0,453,27.307,35,210,405,439,292
903,29135.876961714,29135.877257629,,2,GPU-5443d59d-561f-ed1e-da42-1975937205f9,ok,0,0,453,27.216,35,210,405,439,292
904,29136.876961714,29136.877261227,,2,GPU-5443d59d-561f-ed1e-da42-1975937205f9,ok,0,0,453,27.282,35,210,405,439,292
905,29137.876961714,29137.877256675,,2,GPU-5443d59d-561f-ed1e-da42-1975937205f9,ok,0,0,453,27.311,35,210,405,439,341
906,29138.876961714,29138.877258933,,2,GPU-5443d59d-561f-ed1e-da42-1975937205f9,ok,0,0,453,27.367,35,210,405,439,341
907,29139.876961714,29139.877259961,,2,GPU-5443d59d-561f-ed1e-da42-1975937205f9,ok,0,0,453,27.525,35,210,405,439,341
908,29140.876961714,29140.877256299,,2,GPU-5443d59d-561f-ed1e-da42-1975937205f9,ok,0,0,453,27.429,35,210,405,439,341
909,29141.876961714,29141.877267007,,2,GPU-5443d59d-561f-ed1e-da42-1975937205f9,ok,0,0,453,27.3,35,210,405,439,341
910,29142.876961714,29142.877258295,,2,GPU-5443d59d-561f-ed1e-da42-1975937205f9,ok,0,0,453,27.402,35,210,405,439,292
911,29143.876961714,29143.877261084,,2,GPU-5443d59d-561f-ed1e-da42-1975937205f9,ok,0,0,453,27.374,35,210,405,439,292
912,29144.876961714,29144.877260232,,2,GPU-5443d59d-561f-ed1e-da42-1975937205f9,ok,0,0,453,27.384,35,210,405,439,292
913,29145.876961714,29145.87726134,,2,GPU-5443d59d-561f-ed1e-da42-1975937205f9,ok,0,0,453,27.358,35,210,405,439,292
914,29146.876961714,29146.877260748,,2,GPU-5443d59d-561f-ed1e-da42-1975937205f9,ok,0,0,453,27.325,35,210,405,439,292
915,29147.876961714,29147.877262996,,2,GPU-5443d59d-561f-ed1e-da42-1975937205f9,ok,0,0,453,27.399,35,210,405,439,292
916,29148.876961714,29148.877260934,,2,GPU-5443d59d-561f-ed1e-da42-1975937205f9,ok,0,0,453,27.437,35,210,405,439,292
917,29149.876961714,29149.877260732,,2,GPU-5443d59d-561f-ed1e-da42-1975937205f9,ok,0,0,453,27.518,35,210,405,390,341
918,29150.876961714,29150.87725952,,2,GPU-5443d59d-561f-ed1e-da42-1975937205f9,ok,0,0,453,27.635,35,210,405,439,341
919,29151.876961714,29151.877259728,,2,GPU-5443d59d-561f-ed1e-da42-1975937205f9,ok,0,0,453,27.53,35,210,405,439,292
920,29152.876961714,29152.877259166,,2,GPU-5443d59d-561f-ed1e-da42-1975937205f9,ok,0,0,453,27.513,35,210,405,439,292
921,29153.876961714,29153.877258274,,2,GPU-5443d59d-561f-ed1e-da42-1975937205f9,ok,0,0,453,27.584,35,210,405,439,292
922,29154.876961714,29154.877261282,,2,GPU-5443d59d-561f-ed1e-da42-1975937205f9,ok,0,0,453,27.476,35,210,405,390,292
923,29155.876961714,29155.87726022,,2,GPU-5443d59d-561f-ed1e-da42-1975937205f9,ok,0,0,453,27.588,35,210,405,439,292
924,29156.876961714,29156.877259358,,2,GPU-5443d59d-561f-ed1e-da42-1975937205f9,ok,0,0,453,27.711,35,210,405,439,292
925,29157.876961714,29157.877259656,,2,GPU-5443d59d-561f-ed1e-da42-1975937205f9,ok,0,0,453,27.593,35,210,405,439,292
926,29158.876961714,29158.877260104,,2,GPU-5443d59d-561f-ed1e-da42-1975937205f9,ok,0,0,453,27.572,35,210,405,439,292
927,29159.876961714,29159.877257972,,2,GPU-5443d59d-561f-ed1e-da42-1975937205f9,ok,0,0,453,27.605,35,210,405,439,292
928,29160.876961714,29160.87726709,,2,GPU-5443d59d-561f-ed1e-da42-1975937205f9,ok,0,0,453,27.498,35,210,405,439,341
929,29161.876961714,29161.877257178,,2,GPU-5443d59d-561f-ed1e-da42-1975937205f9,ok,0,0,453,27.41,35,210,405,439,341
930,29162.876961714,29162.877257616,,2,GPU-5443d59d-561f-ed1e-da42-1975937205f9,ok,0,0,453,27.366,35,210,405,439,341
931,29163.876961714,29163.877260264,,2,GPU-5443d59d-561f-ed1e-da42-1975937205f9,ok,0,0,453,27.289,35,210,405,390,292
932,29164.876961714,29164.877262612,,2,GPU-5443d59d-561f-ed1e-da42-1975937205f9,ok,0,0,453,27.322,35,210,405,439,292
933,29165.876961714,29165.87725949,,2,GPU-5443d59d-561f-ed1e-da42-1975937205f9,ok,0,0,453,27.48,35,210,405,390,292
934,29166.876961714,29166.877258638,,2,GPU-5443d59d-561f-ed1e-da42-1975937205f9,ok,0,0,453,27.471,35,210,405,439,292
935,29167.876961714,29167.877258756,,2,GPU-5443d59d-561f-ed1e-da42-1975937205f9,ok,0,0,453,27.453,35,210,405,439,292
936,29168.876961714,29168.877257134,,2,GPU-5443d59d-561f-ed1e-da42-1975937205f9,ok,0,0,453,27.551,35,210,405,390,341
937,29169.876961714,29169.877261772,,2,GPU-5443d59d-561f-ed1e-da42-1975937205f9,ok,0,0,453,27.447,35,210,405,439,341
938,29170.876961714,29170.87726058,,2,GPU-5443d59d-561f-ed1e-da42-1975937205f9,ok,0,0,453,27.486,35,210,405,439,341
939,29171.876961714,29171.877276598,,2,GPU-5443d59d-561f-ed1e-da42-1975937205f9,ok,0,0,453,27.635,35,210,405,390,341
940,29172.876961714,29172.877278006,,2,GPU-5443d59d-561f-ed1e-da42-1975937205f9,ok,0,0,453,27.576,35,210,405,439,341
941,29173.876961714,29173.877277354,,2,GPU-5443d59d-561f-ed1e-da42-1975937205f9,ok,0,0,453,27.559,35,210,405,439,341
942,29174.876961714,29174.877276522,,2,GPU-5443d59d-561f-ed1e-da42-1975937205f9,ok,0,0,453,27.525,35,210,405,390,292
943,29175.876961714,29175.87727888,,2,GPU-5443d59d-561f-ed1e-da42-1975937205f9,ok,0,0,453,27.411,35,210,405,439,292
944,29176.876961714,29176.877277298,,2,GPU-5443d59d-561f-ed1e-da42-1975937205f9,ok,0,0,453,27.479,35,210,405,439,292
945,29177.876961714,29177.877275366,,2,GPU-5443d59d-561f-ed1e-da42-1975937205f9,ok,0,0,453,27.556,35,210,405,390,292
946,29178.876961714,29178.877275564,,2,GPU-5443d59d-561f-ed1e-da42-1975937205f9,ok,0,0,453,27.409,35,210,405,439,292
947,29179.876961714,29179.877276022,,2,GPU-5443d59d-561f-ed1e-da42-1975937205f9,ok,0,0,453,27.38,35,210,405,439,292
948,29180.876961714,29180.87727882,,2,GPU-5443d59d-561f-ed1e-da42-1975937205f9,ok,0,0,453,27.468,35,210,405,390,292
949,29181.876961714,29181.877282878,,2,GPU-5443d59d-561f-ed1e-da42-1975937205f9,ok,0,0,453,27.37,35,210,405,439,292
950,29182.876961714,29182.877260926,,2,GPU-5443d59d-561f-ed1e-da42-1975937205f9,ok,0,0,453,27.386,35,210,405,439,292
951,29183.876961714,29183.877262084,,2,GPU-5443d59d-561f-ed1e-da42-1975937205f9,ok,0,0,453,27.52,35,210,405,439,292
952,29184.876961714,29184.877262032,,2,GPU-5443d59d-561f-ed1e-da42-1975937205f9,ok,0,0,453,27.61,35,210,405,439,292
953,29185.876961714,29185.8772556,,2,GPU-5443d59d-561f-ed1e-da42-1975937205f9,ok,0,0,453,27.703,35,210,405,439,341
954,29186.876961714,29186.877253498,,2,GPU-5443d59d-561f-ed1e-da42-1975937205f9,ok,0,0,453,27.524,35,210,405,439,341
955,29187.876961714,29187.877261707,,2,GPU-5443d59d-561f-ed1e-da42-1975937205f9,ok,0,0,453,27.446,35,210,405,439,341
956,29188.876961714,29188.877256895,,2,GPU-5443d59d-561f-ed1e-da42-1975937205f9,ok,0,0,453,27.564,35,210,405,439,341
957,29189.876961714,29189.877259043,,2,GPU-5443d59d-561f-ed1e-da42-1975937205f9,ok,0,0,453,27.415,35,210,405,439,341
958,29190.876961714,29190.877262871,,2,GPU-5443d59d-561f-ed1e-da42-1975937205f9,ok,0,0,453,27.358,35,210,405,390,341
959,29191.876961714,29191.877272709,,2,GPU-5443d59d-561f-ed1e-da42-1975937205f9,ok,0,0,453,27.435,35,210,405,439,292
960,29192.876961714,29192.877275937,,2,GPU-5443d59d-561f-ed1e-da42-1975937205f9,ok,0,0,453,27.434,35,210,405,390,292
961,29193.876961714,29193.877277425,,2,GPU-5443d59d-561f-ed1e-da42-1975937205f9,ok,0,0,453,27.535,35,210,405,439,292
962,29194.876961714,29194.877278723,,2,GPU-5443d59d-561f-ed1e-da42-1975937205f9,ok,0,0,453,27.657,35,210,405,439,292
963,29195.876961714,29195.877272231,,2,GPU-5443d59d-561f-ed1e-da42-1975937205f9,ok,0,0,453,27.544,35,210,405,390,292
964,29196.876961714,29196.877280549,,2,GPU-5443d59d-561f-ed1e-da42-1975937205f9,ok,0,0,453,27.424,35,210,405,439,292
965,29197.876961714,29197.877276667,,2,GPU-5443d59d-561f-ed1e-da42-1975937205f9,ok,0,0,453,27.423,35,210,405,439,292
966,29198.876961714,29198.877275025,,2,GPU-5443d59d-561f-ed1e-da42-1975937205f9,ok,0,0,453,27.324,35,210,405,390,341
967,29199.876961714,29199.877275163,,2,GPU-5443d59d-561f-ed1e-da42-1975937205f9,ok,0,0,453,27.374,35,210,405,390,341
968,29200.876961714,29200.877276461,,2,GPU-5443d59d-561f-ed1e-da42-1975937205f9,ok,0,0,453,27.547,35,210,405,439,341
969,29201.876961714,29201.877278859,,2,GPU-5443d59d-561f-ed1e-da42-1975937205f9,ok,0,0,453,27.449,35,210,405,439,341
970,29202.876961714,29202.877274477,,2,GPU-5443d59d-561f-ed1e-da42-1975937205f9,ok,0,0,453,27.362,35,210,405,439,341
971,29203.876961714,29203.877278065,,2,GPU-5443d59d-561f-ed1e-da42-1975937205f9,ok,0,0,453,27.406,35,210,405,439,341
972,29204.876961714,29204.877279353,,2,GPU-5443d59d-561f-ed1e-da42-1975937205f9,ok,0,0,453,27.272,35,210,405,390,292
973,29205.876961714,29205.877285761,,2,GPU-5443d59d-561f-ed1e-da42-1975937205f9,ok,0,0,453,27.279,35,210,405,439,292
974,29206.876961714,29206.877278779,,2,GPU-5443d59d-561f-ed1e-da42-1975937205f9,ok,0,0,453,27.497,35,210,405,439,292
975,29207.876961714,29207.877275727,,2,GPU-5443d59d-561f-ed1e-da42-1975937205f9,ok,0,0,453,27.494,35,210,405,439,292
976,29208.876961714,29208.877275975,,2,GPU-5443d59d-561f-ed1e-da42-1975937205f9,ok,0,0,453,27.515,35,210,405,439,292
977,29209.876961714,29209.877279463,,2,GPU-5443d59d-561f-ed1e-da42-1975937205f9,ok,0,0,453,27.639,35,210,405,439,292
978,29210.876961714,29210.877276911,,2,GPU-5443d59d-561f-ed1e-da42-1975937205f9,ok,0,0,453,27.431,35,210,405,439,292
979,29211.876961714,29211.877284949,,2,GPU-5443d59d-561f-ed1e-da42-1975937205f9,ok,0,0,453,27.307,35,210,405,390,292
980,29212.876961714,29212.877276127,,2,GPU-5443d59d-561f-ed1e-da42-1975937205f9,ok,0,0,453,27.376,35,210,405,439,292
981,29213.876961714,29213.877275795,,2,GPU-5443d59d-561f-ed1e-da42-1975937205f9,ok,0,0,453,27.331,35,210,405,439,292
982,29214.876961714,29214.877279833,,2,GPU-5443d59d-561f-ed1e-da42-1975937205f9,ok,0,0,453,27.364,35,210,405,439,292
983,29215.876961714,29215.877286241,,2,GPU-5443d59d-561f-ed1e-da42-1975937205f9,ok,0,0,453,27.437,35,210,405,439,292
984,29216.876961714,29216.877276199,,2,GPU-5443d59d-561f-ed1e-da42-1975937205f9,ok,0,0,453,27.307,35,210,405,439,341
985,29217.876961714,29217.877282657,,2,GPU-5443d59d-561f-ed1e-da42-1975937205f9,ok,0,0,453,27.315,35,210,405,390,341
986,29218.876961714,29218.877274205,,2,GPU-5443d59d-561f-ed1e-da42-1975937205f9,ok,0,0,453,27.416,35,210,405,390,341
987,29219.876961714,29219.877276743,,2,GPU-5443d59d-561f-ed1e-da42-1975937205f9,ok,0,0,453,27.404,35,210,405,439,341
988,29220.876961714,29220.877277441,,2,GPU-5443d59d-561f-ed1e-da42-1975937205f9,ok,0,0,453,27.373,35,210,405,439,341
989,29221.876961714,29221.877274999,,2,GPU-5443d59d-561f-ed1e-da42-1975937205f9,ok,0,0,453,27.19,35,210,405,390,341
990,29222.876961714,29222.877257477,,2,GPU-5443d59d-561f-ed1e-da42-1975937205f9,ok,0,0,453,27.195,35,210,405,439,341
991,29223.876961714,29223.877260345,,2,GPU-5443d59d-561f-ed1e-da42-1975937205f9,ok,0,0,453,27.304,35,210,405,439,341
992,29224.876961714,29224.877255003,,2,GPU-5443d59d-561f-ed1e-da42-1975937205f9,ok,0,0,453,27.261,35,210,405,390,341
993,29225.876961714,29225.877262091,,2,GPU-5443d59d-561f-ed1e-da42-1975937205f9,ok,0,0,453,27.457,35,210,405,439,292
994,29226.876961714,29226.877258449,,2,GPU-5443d59d-561f-ed1e-da42-1975937205f9,ok,0,0,453,27.706,35,210,405,439,292
995,29227.876961714,29227.877261297,,2,GPU-5443d59d-561f-ed1e-da42-1975937205f9,ok,0,0,453,27.567,35,210,405,439,292
996,29228.876961714,29228.877260785,,2,GPU-5443d59d-561f-ed1e-da42-1975937205f9,ok,0,0,453,27.414,35,210,405,390,292
997,29229.876961714,29229.877255993,,2,GPU-5443d59d-561f-ed1e-da42-1975937205f9,ok,0,0,453,27.456,35,210,405,439,292
998,29230.876961714,29230.877259082,,2,GPU-5443d59d-561f-ed1e-da42-1975937205f9,ok,0,0,453,27.435,35,210,405,390,341
999,29231.876961714,29231.87725508,,2,GPU-5443d59d-561f-ed1e-da42-1975937205f9,ok,0,0,453,27.499,35,210,405,439,292
1000,29232.876961714,29232.877264518,,2,GPU-5443d59d-561f-ed1e-da42-1975937205f9,ok,0,0,453,27.589,35,210,405,439,292
1001,29233.876961714,29233.877258256,,2,GPU-5443d59d-561f-ed1e-da42-1975937205f9,ok,0,0,453,27.462,35,210,405,439,292
1002,29234.876961714,29234.877262364,,2,GPU-5443d59d-561f-ed1e-da42-1975937205f9,ok,0,0,453,27.479,35,210,405,439,292
1003,29235.876961714,29235.877255352,,2,GPU-5443d59d-561f-ed1e-da42-1975937205f9,ok,0,0,453,27.591,35,210,405,439,292
1004,29236.876961714,29236.87726192,,2,GPU-5443d59d-561f-ed1e-da42-1975937205f9,ok,0,0,453,27.546,35,210,405,390,292
1005,29237.876961714,29237.877259198,,2,GPU-5443d59d-561f-ed1e-da42-1975937205f9,ok,0,0,453,27.523,35,210,405,439,292
1006,29238.876961714,29238.877261206,,2,GPU-5443d59d-561f-ed1e-da42-1975937205f9,ok,0,0,453,27.62,35,210,405,439,292
1007,29239.876961714,29239.877259434,,2,GPU-5443d59d-561f-ed1e-da42-1975937205f9,ok,0,0,453,27.568,35,210,405,439,292
1008,29240.876961714,29240.877255082,,2,GPU-5443d59d-561f-ed1e-da42-1975937205f9,ok,0,0,453,27.478,35,210,405,390,292
1009,29241.876961714,29241.87725613,,2,GPU-5443d59d-561f-ed1e-da42-1975937205f9,ok,0,0,453,27.596,35,210,405,390,292
1010,29242.876961714,29242.877260258,,2,GPU-5443d59d-561f-ed1e-da42-1975937205f9,ok,0,0,453,27.564,35,210,405,439,292
1011,29243.876961714,29243.877261796,,2,GPU-5443d59d-561f-ed1e-da42-1975937205f9,ok,0,0,453,27.583,35,210,405,439,292
1012,29244.876961714,29244.877258824,,2,GPU-5443d59d-561f-ed1e-da42-1975937205f9,ok,0,0,453,27.657,35,210,405,439,292
1013,29245.876961714,29245.877259992,,2,GPU-5443d59d-561f-ed1e-da42-1975937205f9,ok,0,0,453,27.498,35,210,405,439,292
1014,29246.876961714,29246.87725759,,2,GPU-5443d59d-561f-ed1e-da42-1975937205f9,ok,0,0,453,27.462,35,210,405,439,292
1015,29247.876961714,29247.877257088,,2,GPU-5443d59d-561f-ed1e-da42-1975937205f9,ok,0,0,453,27.554,35,210,405,439,292
1016,29248.876961714,29248.877254216,,2,GPU-5443d59d-561f-ed1e-da42-1975937205f9,ok,0,0,453,27.469,35,210,405,439,292
1017,29249.876961714,29249.877257504,,2,GPU-5443d59d-561f-ed1e-da42-1975937205f9,ok,0,0,453,27.42,35,210,405,439,292
1018,29250.876961714,29250.877259842,,2,GPU-5443d59d-561f-ed1e-da42-1975937205f9,ok,0,0,453,27.449,35,210,405,439,341
1019,29251.876961714,29251.87726934,,2,GPU-5443d59d-561f-ed1e-da42-1975937205f9,ok,0,0,453,27.325,35,210,405,390,292
1020,29252.876961714,29252.877256498,,2,GPU-5443d59d-561f-ed1e-da42-1975937205f9,ok,0,0,453,27.3,35,210,405,439,341
1021,29253.876961714,29253.877255696,,2,GPU-5443d59d-561f-ed1e-da42-1975937205f9,ok,0,0,453,27.501,35,210,405,439,341
1022,29254.876961714,29254.877259264,,2,GPU-5443d59d-561f-ed1e-da42-1975937205f9,ok,0,0,453,27.57,35,210,405,439,341
1023,29255.876961714,29255.877257382,,2,GPU-5443d59d-561f-ed1e-da42-1975937205f9,ok,0,0,453,27.539,35,210,405,439,292
1024,29256.876961714,29256.87726024,,2,GPU-5443d59d-561f-ed1e-da42-1975937205f9,ok,0,0,453,27.493,35,210,405,439,292
1025,29257.876961714,29257.877260378,,2,GPU-5443d59d-561f-ed1e-da42-1975937205f9,ok,0,0,453,27.539,35,210,405,439,292
1026,29258.876961714,29258.877257576,,2,GPU-5443d59d-561f-ed1e-da42-1975937205f9,ok,0,0,453,27.594,35,210,405,390,292
1027,29259.876961714,29259.877256694,,2,GPU-5443d59d-561f-ed1e-da42-1975937205f9,ok,0,0,453,27.402,35,210,405,439,292
1028,29260.876961714,29260.877259752,,2,GPU-5443d59d-561f-ed1e-da42-1975937205f9,ok,0,0,453,27.321,35,210,405,439,292
1029,29261.876961714,29261.87725991,,2,GPU-5443d59d-561f-ed1e-da42-1975937205f9,ok,0,0,453,27.336,35,210,405,439,292
1030,29262.876961714,29262.877259048,,2,GPU-5443d59d-561f-ed1e-da42-1975937205f9,ok,0,0,453,27.307,35,210,405,439,292
1031,29263.876961714,29263.877257686,,2,GPU-5443d59d-561f-ed1e-da42-1975937205f9,ok,0,0,453,27.494,35,210,405,390,292
1032,29264.876961714,29264.877261774,,2,GPU-5443d59d-561f-ed1e-da42-1975937205f9,ok,0,0,453,27.56,35,210,405,439,292
1033,29265.876961714,29265.877259192,,2,GPU-5443d59d-561f-ed1e-da42-1975937205f9,ok,0,0,453,27.364,35,210,405,439,292
1034,29266.876961714,29266.8772602,,2,GPU-5443d59d-561f-ed1e-da42-1975937205f9,ok,0,0,453,27.436,35,210,405,439,292
1035,29267.876961714,29267.877258298,,2,GPU-5443d59d-561f-ed1e-da42-1975937205f9,ok,0,0,453,27.582,35,210,405,439,292
1036,29268.876961714,29268.877258546,,2,GPU-5443d59d-561f-ed1e-da42-1975937205f9,ok,0,0,453,27.512,35,210,405,390,341
1037,29269.876961714,29269.877257104,,2,GPU-5443d59d-561f-ed1e-da42-1975937205f9,ok,0,0,453,27.472,35,210,405,439,341
1038,29270.876961714,29270.877257522,,2,GPU-5443d59d-561f-ed1e-da42-1975937205f9,ok,0,0,453,27.528,35,210,405,439,341
1039,29271.876961714,29271.87726166,,2,GPU-5443d59d-561f-ed1e-da42-1975937205f9,ok,0,0,453,27.486,35,210,405,439,341
1040,29272.876961714,29272.877259048,,2,GPU-5443d59d-561f-ed1e-da42-1975937205f9,ok,0,0,453,27.511,35,210,405,439,292
1041,29273.876961714,29273.877262317,,2,GPU-5443d59d-561f-ed1e-da42-1975937205f9,ok,0,0,453,27.654,35,210,405,439,292
1042,29274.876961714,29274.877256865,,2,GPU-5443d59d-561f-ed1e-da42-1975937205f9,ok,0,0,453,27.708,35,210,405,439,292
1043,29275.876961714,29275.877257563,,2,GPU-5443d59d-561f-ed1e-da42-1975937205f9,ok,0,0,453,27.761,35,210,405,439,292
1044,29276.876961714,29276.877262891,,2,GPU-5443d59d-561f-ed1e-da42-1975937205f9,ok,0,0,453,27.735,35,210,405,439,292
1045,29277.876961714,29277.877259519,,2,GPU-5443d59d-561f-ed1e-da42-1975937205f9,ok,0,0,453,27.569,35,210,405,439,292
1046,29278.876961714,29278.877257757,,2,GPU-5443d59d-561f-ed1e-da42-1975937205f9,ok,0,0,453,27.541,35,210,405,439,292
1047,29279.876961714,29279.877257585,,2,GPU-5443d59d-561f-ed1e-da42-1975937205f9,ok,0,0,453,27.628,35,210,405,439,292
1048,29280.876961714,29280.877258123,,2,GPU-5443d59d-561f-ed1e-da42-1975937205f9,ok,0,0,453,27.564,35,210,405,439,292
1049,29281.876961714,29281.877252061,,2,GPU-5443d59d-561f-ed1e-da42-1975937205f9,ok,0,0,453,27.546,35,210,405,439,292
1050,29282.876961714,29282.877258339,,2,GPU-5443d59d-561f-ed1e-da42-1975937205f9,ok,0,0,453,27.716,35,210,405,390,292
1051,29283.876961714,29283.877256527,,2,GPU-5443d59d-561f-ed1e-da42-1975937205f9,ok,0,0,453,27.645,35,210,405,439,292
1052,29284.876961714,29284.877261975,,2,GPU-5443d59d-561f-ed1e-da42-1975937205f9,ok,0,0,453,27.566,35,210,405,439,341
1053,29285.876961714,29285.877256423,,2,GPU-5443d59d-561f-ed1e-da42-1975937205f9,ok,0,0,453,27.673,35,210,405,439,341
1054,29286.876961714,29286.877259761,,2,GPU-5443d59d-561f-ed1e-da42-1975937205f9,ok,0,0,453,27.534,35,210,405,439,341
1055,29287.876961714,29287.877259699,,2,GPU-5443d59d-561f-ed1e-da42-1975937205f9,ok,0,0,453,27.471,35,210,405,439,292
1056,29288.876961714,29288.877257557,,2,GPU-5443d59d-561f-ed1e-da42-1975937205f9,ok,0,0,453,27.553,35,210,405,390,292
1057,29289.876961714,29289.877258425,,2,GPU-5443d59d-561f-ed1e-da42-1975937205f9,ok,0,0,453,27.449,35,210,405,439,292
1058,29290.876961714,29290.877259123,,2,GPU-5443d59d-561f-ed1e-da42-1975937205f9,ok,0,0,453,27.481,35,210,405,439,292
1059,29291.876961714,29291.877266741,,2,GPU-5443d59d-561f-ed1e-da42-1975937205f9,ok,0,0,453,27.598,35,210,405,439,292
1060,29292.876961714,29292.877257729,,2,GPU-5443d59d-561f-ed1e-da42-1975937205f9,ok,0,0,453,27.499,35,210,405,439,292
1061,29293.876961714,29293.877257127,,2,GPU-5443d59d-561f-ed1e-da42-1975937205f9,ok,0,0,453,27.5,35,210,405,390,292
1062,29294.876961714,29294.877258125,,2,GPU-5443d59d-561f-ed1e-da42-1975937205f9,ok,0,0,453,27.455,35,210,405,439,292
1063,29295.876961714,29295.877259853,,2,GPU-5443d59d-561f-ed1e-da42-1975937205f9,ok,0,0,453,27.402,35,210,405,439,292
1064,29296.876961714,29296.877261071,,2,GPU-5443d59d-561f-ed1e-da42-1975937205f9,ok,0,0,453,27.455,35,210,405,439,292
1065,29297.876961714,29297.877259359,,2,GPU-5443d59d-561f-ed1e-da42-1975937205f9,ok,0,0,453,27.358,35,210,405,439,292
1066,29298.876961714,29298.877258787,,2,GPU-5443d59d-561f-ed1e-da42-1975937205f9,ok,0,0,453,27.421,35,210,405,390,292
1067,29299.876961714,29299.877258805,,2,GPU-5443d59d-561f-ed1e-da42-1975937205f9,ok,0,0,453,27.522,35,210,405,439,292
1068,29300.876961714,29300.877259393,,2,GPU-5443d59d-561f-ed1e-da42-1975937205f9,ok,0,0,453,27.327,35,210,405,439,292
1069,29301.876961714,29301.877257591,,2,GPU-5443d59d-561f-ed1e-da42-1975937205f9,ok,0,0,453,27.337,35,210,405,439,292
1070,29302.876961714,29302.877258899,,2,GPU-5443d59d-561f-ed1e-da42-1975937205f9,ok,0,0,453,27.538,35,210,405,488,292
1071,29303.876961714,29303.877257777,,2,GPU-5443d59d-561f-ed1e-da42-1975937205f9,ok,0,0,453,27.459,35,210,405,390,292
1072,29304.876961714,29304.877261765,,2,GPU-5443d59d-561f-ed1e-da42-1975937205f9,ok,0,0,453,27.449,35,210,405,390,292
1073,29305.876961714,29305.877262893,,2,GPU-5443d59d-561f-ed1e-da42-1975937205f9,ok,0,0,453,27.556,35,210,405,439,292
1074,29306.876961714,29306.877222431,,2,GPU-5443d59d-561f-ed1e-da42-1975937205f9,ok,0,0,453,27.458,35,210,405,439,292
1075,29307.876961714,29307.877259359,,2,GPU-5443d59d-561f-ed1e-da42-1975937205f9,ok,0,0,453,27.421,35,210,405,439,292
1076,29308.876961714,29308.877261487,,2,GPU-5443d59d-561f-ed1e-da42-1975937205f9,ok,0,0,453,27.462,35,210,405,439,292
1077,29309.876961714,29309.877260825,,2,GPU-5443d59d-561f-ed1e-da42-1975937205f9,ok,0,0,453,27.223,35,210,405,439,292
1078,29310.876961714,29310.877261213,,2,GPU-5443d59d-561f-ed1e-da42-1975937205f9,ok,0,0,453,27.167,35,210,405,439,292
1079,29311.876961714,29311.877258711,,2,GPU-5443d59d-561f-ed1e-da42-1975937205f9,ok,0,0,453,27.38,35,210,405,439,292
1080,29312.876961714,29312.877261719,,2,GPU-5443d59d-561f-ed1e-da42-1975937205f9,ok,0,0,453,27.344,35,210,405,439,341
1081,29313.876961714,29313.877267287,,2,GPU-5443d59d-561f-ed1e-da42-1975937205f9,ok,0,0,453,27.361,35,210,405,390,341
1082,29314.876961714,29314.877260415,,2,GPU-5443d59d-561f-ed1e-da42-1975937205f9,ok,0,0,453,27.538,35,210,405,439,341
1083,29315.876961714,29315.877256533,,2,GPU-5443d59d-561f-ed1e-da42-1975937205f9,ok,0,0,453,27.497,35,210,405,439,292
1084,29316.876961714,29316.877259012,,2,GPU-5443d59d-561f-ed1e-da42-1975937205f9,ok,0,0,453,27.434,35,210,405,439,292
1085,29317.876961714,29317.87726148,,2,GPU-5443d59d-561f-ed1e-da42-1975937205f9,ok,0,0,453,27.498,35,210,405,439,292
1086,29318.876961714,29318.877250808,,2,GPU-5443d59d-561f-ed1e-da42-1975937205f9,ok,0,0,453,27.503,35,210,405,439,292
1087,29319.876961714,29319.877258726,,2,GPU-5443d59d-561f-ed1e-da42-1975937205f9,ok,0,0,453,27.494,35,210,405,439,292
1088,29320.876961714,29320.877259014,,2,GPU-5443d59d-561f-ed1e-da42-1975937205f9,ok,0,0,453,27.619,35,210,405,439,292
1089,29321.876961714,29321.877258322,,2,GPU-5443d59d-561f-ed1e-da42-1975937205f9,ok,0,0,453,27.623,35,210,405,439,292
1090,29322.876961714,29322.87725702,,2,GPU-5443d59d-561f-ed1e-da42-1975937205f9,ok,0,0,453,27.562,34,210,405,439,292
1091,29323.876961714,29323.877259958,,2,GPU-5443d59d-561f-ed1e-da42-1975937205f9,ok,0,0,453,27.59,35,210,405,439,292
1092,29324.876961714,29324.877258626,,2,GPU-5443d59d-561f-ed1e-da42-1975937205f9,ok,0,0,453,27.373,35,210,405,439,341
1093,29325.876961714,29325.877255834,,2,GPU-5443d59d-561f-ed1e-da42-1975937205f9,ok,0,0,453,27.269,34,210,405,439,341
1094,29326.876961714,29326.877260962,,2,GPU-5443d59d-561f-ed1e-da42-1975937205f9,ok,0,0,453,27.35,34,210,405,439,292
1095,29327.876961714,29327.87726042,,2,GPU-5443d59d-561f-ed1e-da42-1975937205f9,ok,0,0,453,27.207,34,210,405,439,292
1096,29328.876961714,29328.877257068,,2,GPU-5443d59d-561f-ed1e-da42-1975937205f9,ok,0,0,453,27.137,34,210,405,390,292
1097,29329.876961714,29329.877258996,,2,GPU-5443d59d-561f-ed1e-da42-1975937205f9,ok,0,0,453,27.188,34,210,405,390,292
1098,29330.876961714,29330.877259834,,2,GPU-5443d59d-561f-ed1e-da42-1975937205f9,ok,0,0,453,27.145,34,210,405,439,292
1099,29331.876961714,29331.877261752,,2,GPU-5443d59d-561f-ed1e-da42-1975937205f9,ok,0,0,453,27.178,34,210,405,439,292
1100,29332.876961714,29332.87726232,,2,GPU-5443d59d-561f-ed1e-da42-1975937205f9,ok,0,0,453,27.182,34,210,405,439,292
1101,29333.876961714,29333.877256738,,2,GPU-5443d59d-561f-ed1e-da42-1975937205f9,ok,0,0,453,27.313,34,210,405,390,292
1102,29334.876961714,29334.877258566,,2,GPU-5443d59d-561f-ed1e-da42-1975937205f9,ok,0,0,453,27.556,34,210,405,439,292
1103,29335.876961714,29335.877261084,,2,GPU-5443d59d-561f-ed1e-da42-1975937205f9,ok,0,0,453,27.377,34,210,405,439,292
1104,29336.876961714,29336.877258002,,2,GPU-5443d59d-561f-ed1e-da42-1975937205f9,ok,0,0,453,27.261,34,210,405,439,292
1105,29337.876961714,29337.87725757,,2,GPU-5443d59d-561f-ed1e-da42-1975937205f9,ok,0,0,453,27.324,34,210,405,390,292
1106,29338.876961714,29338.877260468,,2,GPU-5443d59d-561f-ed1e-da42-1975937205f9,ok,0,0,453,27.232,34,210,405,390,292
1107,29339.876961714,29339.877255826,,2,GPU-5443d59d-561f-ed1e-da42-1975937205f9,ok,0,0,453,27.164,34,210,405,439,292
1108,29340.876961714,29340.877256924,,2,GPU-5443d59d-561f-ed1e-da42-1975937205f9,ok,0,0,453,27.153,34,210,405,439,292
1109,29341.876961714,29341.877261882,,2,GPU-5443d59d-561f-ed1e-da42-1975937205f9,ok,0,0,453,27.113,34,210,405,439,292
1110,29342.876961714,29342.87726105,,2,GPU-5443d59d-561f-ed1e-da42-1975937205f9,ok,0,0,453,27.069,34,210,405,390,292
1111,29343.876961714,29343.877258918,,2,GPU-5443d59d-561f-ed1e-da42-1975937205f9,ok,0,0,453,27.097,34,210,405,439,292
1112,29344.876961714,29344.877260816,,2,GPU-5443d59d-561f-ed1e-da42-1975937205f9,ok,0,0,453,27.057,34,210,405,439,292
1113,29345.876961714,29345.877258154,,2,GPU-5443d59d-561f-ed1e-da42-1975937205f9,ok,0,0,453,27.115,34,210,405,439,292
1114,29346.876961714,29346.877258802,,2,GPU-5443d59d-561f-ed1e-da42-1975937205f9,ok,0,0,453,27.162,34,210,405,439,292
1115,29347.876961714,29347.8772609,,2,GPU-5443d59d-561f-ed1e-da42-1975937205f9,ok,0,0,453,27.087,34,210,405,390,292
1116,29348.876961714,29348.877262008,,2,GPU-5443d59d-561f-ed1e-da42-1975937205f9,ok,0,0,453,27.197,34,210,405,439,292
1117,29349.876961714,29349.877256466,,2,GPU-5443d59d-561f-ed1e-da42-1975937205f9,ok,0,0,453,27.339,34,210,405,439,292
1118,29350.876961714,29350.877258084,,2,GPU-5443d59d-561f-ed1e-da42-1975937205f9,ok,0,0,453,27.26,34,210,405,439,292
1119,29351.876961714,29351.877262832,,2,GPU-5443d59d-561f-ed1e-da42-1975937205f9,ok,0,0,453,27.142,34,210,405,390,292
1120,29352.876961714,29352.8772601,,2,GPU-5443d59d-561f-ed1e-da42-1975937205f9,ok,0,0,453,27.207,34,210,405,439,292
1121,29353.876961714,29353.877265678,,2,GPU-5443d59d-561f-ed1e-da42-1975937205f9,ok,0,0,453,27.281,34,210,405,439,292
1122,29354.876961714,29354.877260046,,2,GPU-5443d59d-561f-ed1e-da42-1975937205f9,ok,0,0,453,27.355,34,210,405,390,292
1123,29355.876961714,29355.877254834,,2,GPU-5443d59d-561f-ed1e-da42-1975937205f9,ok,0,0,453,27.481,34,210,405,439,292
1124,29356.876961714,29356.877263802,,2,GPU-5443d59d-561f-ed1e-da42-1975937205f9,ok,0,0,453,27.426,34,210,405,439,292
1125,29357.876961714,29357.87728279,,2,GPU-5443d59d-561f-ed1e-da42-1975937205f9,ok,0,0,453,27.373,34,210,405,439,341
1126,29358.876961714,29358.877259128,,2,GPU-5443d59d-561f-ed1e-da42-1975937205f9,ok,0,0,453,27.534,34,210,405,439,341
1127,29359.876961714,29359.877260587,,2,GPU-5443d59d-561f-ed1e-da42-1975937205f9,ok,0,0,453,27.524,34,210,405,439,341
1128,29360.876961714,29360.877257545,,2,GPU-5443d59d-561f-ed1e-da42-1975937205f9,ok,0,0,453,27.474,34,210,405,390,341
1129,29361.876961714,29361.877257003,,2,GPU-5443d59d-561f-ed1e-da42-1975937205f9,ok,0,0,453,27.446,34,210,405,439,341
1130,29362.876961714,29362.877258551,,2,GPU-5443d59d-561f-ed1e-da42-1975937205f9,ok,0,0,453,27.225,34,210,405,439,341
1131,29363.876961714,29363.877259309,,2,GPU-5443d59d-561f-ed1e-da42-1975937205f9,ok,0,0,453,27.272,34,210,405,439,341
1132,29364.876961714,29364.877258857,,2,GPU-5443d59d-561f-ed1e-da42-1975937205f9,ok,0,0,453,27.46,34,210,405,390,341
1133,29365.876961714,29365.877257195,,2,GPU-5443d59d-561f-ed1e-da42-1975937205f9,ok,0,0,453,27.455,34,210,405,439,341
1134,29366.876961714,29366.877277163,,2,GPU-5443d59d-561f-ed1e-da42-1975937205f9,ok,0,0,453,27.437,34,210,405,439,292
1135,29367.876961714,29367.877256751,,2,GPU-5443d59d-561f-ed1e-da42-1975937205f9,ok,0,0,453,27.431,34,210,405,390,292
1136,29368.876961714,29368.877260549,,2,GPU-5443d59d-561f-ed1e-da42-1975937205f9,ok,0,0,453,27.323,34,210,405,439,292
1137,29369.876961714,29369.877257417,,2,GPU-5443d59d-561f-ed1e-da42-1975937205f9,ok,0,0,453,27.348,34,210,405,439,292
1138,29370.876961714,29370.877256375,,2,GPU-5443d59d-561f-ed1e-da42-1975937205f9,ok,0,0,453,27.404,34,210,405,390,292
1139,29371.876961714,29371.877260863,,2,GPU-5443d59d-561f-ed1e-da42-1975937205f9,ok,0,0,453,27.368,34,210,405,439,292
1140,29372.876961714,29372.877258621,,2,GPU-5443d59d-561f-ed1e-da42-1975937205f9,ok,0,0,453,27.439,34,210,405,439,292
1141,29373.876961714,29373.877249489,,2,GPU-5443d59d-561f-ed1e-da42-1975937205f9,ok,0,0,453,27.378,34,210,405,439,292
1142,29374.876961714,29374.877254777,,2,GPU-5443d59d-561f-ed1e-da42-1975937205f9,ok,0,0,453,27.309,34,210,405,390,292
1143,29375.876961714,29375.877258025,,2,GPU-5443d59d-561f-ed1e-da42-1975937205f9,ok,0,0,453,27.265,34,210,405,439,292
1144,29376.876961714,29376.877262293,,2,GPU-5443d59d-561f-ed1e-da42-1975937205f9,ok,0,0,453,27.084,34,210,405,439,292
1145,29377.876961714,29377.877256511,,2,GPU-5443d59d-561f-ed1e-da42-1975937205f9,ok,0,0,453,27.116,34,210,405,390,292
1146,29378.876961714,29378.877257269,,2,GPU-5443d59d-561f-ed1e-da42-1975937205f9,ok,0,0,453,27.26,34,210,405,439,292
1147,29379.876961714,29379.877261047,,2,GPU-5443d59d-561f-ed1e-da42-1975937205f9,ok,0,0,453,27.186,34,210,405,439,292
1148,29380.876961714,29380.877260365,,2,GPU-5443d59d-561f-ed1e-da42-1975937205f9,ok,0,0,453,27.198,34,210,405,390,341
1149,29381.876961714,29381.877253523,,2,GPU-5443d59d-561f-ed1e-da42-1975937205f9,ok,0,0,453,27.332,34,210,405,439,341
1150,29382.876961714,29382.877262531,,2,GPU-5443d59d-561f-ed1e-da42-1975937205f9,ok,0,0,453,27.276,34,210,405,439,341
1151,29383.876961714,29383.877261629,,2,GPU-5443d59d-561f-ed1e-da42-1975937205f9,ok,0,0,453,27.298,34,210,405,439,341
1152,29384.876961714,29384.877258777,,2,GPU-5443d59d-561f-ed1e-da42-1975937205f9,ok,0,0,453,27.444,34,210,405,439,292
1153,29385.876961714,29385.877253365,,2,GPU-5443d59d-561f-ed1e-da42-1975937205f9,ok,0,0,453,27.297,34,210,405,439,292
1154,29386.876961714,29386.877259263,,2,GPU-5443d59d-561f-ed1e-da42-1975937205f9,ok,0,0,453,27.267,34,210,405,439,292
1155,29387.876961714,29387.877258851,,2,GPU-5443d59d-561f-ed1e-da42-1975937205f9,ok,0,0,453,27.304,34,210,405,439,292
1156,29388.876961714,29388.877255109,,2,GPU-5443d59d-561f-ed1e-da42-1975937205f9,ok,0,0,453,27.149,34,210,405,390,341
1157,29389.876961714,29389.877258747,,2,GPU-5443d59d-561f-ed1e-da42-1975937205f9,ok,0,0,453,27.27,34,210,405,439,341
1158,29390.876961714,29390.877257035,,2,GPU-5443d59d-561f-ed1e-da42-1975937205f9,ok,0,0,453,27.371,34,210,405,439,292
1159,29391.876961714,29391.877257943,,2,GPU-5443d59d-561f-ed1e-da42-1975937205f9,ok,0,0,453,27.168,34,210,405,390,292
1160,29392.876961714,29392.877254071,,2,GPU-5443d59d-561f-ed1e-da42-1975937205f9,ok,0,0,453,27.073,34,210,405,439,292
1161,29393.876961714,29393.877256499,,2,GPU-5443d59d-561f-ed1e-da42-1975937205f9,ok,0,0,453,27.28,34,210,405,439,292
1162,29394.876961714,29394.877258607,,2,GPU-5443d59d-561f-ed1e-da42-1975937205f9,ok,0,0,453,27.348,34,210,405,439,292
1163,29395.876961714,29395.877256645,,2,GPU-5443d59d-561f-ed1e-da42-1975937205f9,ok,0,0,453,27.383,34,210,405,439,292
1164,29396.876961714,29396.877260373,,2,GPU-5443d59d-561f-ed1e-da42-1975937205f9,ok,0,0,453,27.46,34,210,405,439,292
1165,29397.876961714,29397.877250621,,2,GPU-5443d59d-561f-ed1e-da42-1975937205f9,ok,0,0,453,27.25,34,210,405,390,292
1166,29398.876961714,29398.877259529,,2,GPU-5443d59d-561f-ed1e-da42-1975937205f9,ok,0,0,453,27.234,34,210,405,439,341
1167,29399.876961714,29399.877273307,,2,GPU-5443d59d-561f-ed1e-da42-1975937205f9,ok,0,0,453,27.315,34,210,405,439,341
1168,29400.876961714,29400.877258675,,2,GPU-5443d59d-561f-ed1e-da42-1975937205f9,ok,0,0,453,27.167,34,210,405,439,341
1169,29401.876961714,29401.877258733,,2,GPU-5443d59d-561f-ed1e-da42-1975937205f9,ok,0,0,453,27.097,34,210,405,439,341
1170,29402.876961714,29402.877259961,,2,GPU-5443d59d-561f-ed1e-da42-1975937205f9,ok,0,0,453,27.227,34,210,405,439,341
1171,29403.876961714,29403.87725578,,2,GPU-5443d59d-561f-ed1e-da42-1975937205f9,ok,0,0,453,27.231,34,210,405,390,292
1172,29404.876961714,29404.877260408,,2,GPU-5443d59d-561f-ed1e-da42-1975937205f9,ok,0,0,453,27.347,34,210,405,439,292
1173,29405.876961714,29405.877256696,,2,GPU-5443d59d-561f-ed1e-da42-1975937205f9,ok,0,0,453,27.496,34,210,405,439,292
1174,29406.876961714,29406.877261724,,2,GPU-5443d59d-561f-ed1e-da42-1975937205f9,ok,0,0,453,27.461,34,210,405,439,292
1175,29407.876961714,29407.877256562,,2,GPU-5443d59d-561f-ed1e-da42-1975937205f9,ok,0,0,453,27.493,34,210,405,439,292
1176,29408.876961714,29408.87726223,,2,GPU-5443d59d-561f-ed1e-da42-1975937205f9,ok,0,0,453,27.438,34,210,405,439,292
1177,29409.876961714,29409.877259478,,2,GPU-5443d59d-561f-ed1e-da42-1975937205f9,ok,0,0,453,27.533,34,210,405,390,292
1178,29410.876961714,29410.877258196,,2,GPU-5443d59d-561f-ed1e-da42-1975937205f9,ok,0,0,453,27.607,34,210,405,439,292
1179,29411.876961714,29411.877258874,,2,GPU-5443d59d-561f-ed1e-da42-1975937205f9,ok,0,0,453,27.378,34,210,405,439,292
1180,29412.876961714,29412.877255812,,2,GPU-5443d59d-561f-ed1e-da42-1975937205f9,ok,0,0,453,27.329,34,210,405,390,292
1181,29413.876961714,29413.87726137,,2,GPU-5443d59d-561f-ed1e-da42-1975937205f9,ok,0,0,453,27.475,34,210,405,439,341
1182,29414.876961714,29414.877259828,,2,GPU-5443d59d-561f-ed1e-da42-1975937205f9,ok,0,0,453,27.451,34,210,405,439,341
1183,29415.876961714,29415.877257166,,2,GPU-5443d59d-561f-ed1e-da42-1975937205f9,ok,0,0,453,27.382,34,210,405,390,341
1184,29416.876961714,29416.877257264,,2,GPU-5443d59d-561f-ed1e-da42-1975937205f9,ok,0,0,453,27.414,34,210,405,439,341
1185,29417.876961714,29417.877259402,,2,GPU-5443d59d-561f-ed1e-da42-1975937205f9,ok,0,0,453,27.248,34,210,405,439,292
1186,29418.876961714,29418.87726146,,2,GPU-5443d59d-561f-ed1e-da42-1975937205f9,ok,0,0,453,27.176,34,210,405,439,341
1187,29419.876961714,29419.877256838,,2,GPU-5443d59d-561f-ed1e-da42-1975937205f9,ok,0,0,453,27.285,34,210,405,390,341
1188,29420.876961714,29420.877253926,,2,GPU-5443d59d-561f-ed1e-da42-1975937205f9,ok,0,0,453,27.097,34,210,405,439,341
1189,29421.876961714,29421.877265004,,2,GPU-5443d59d-561f-ed1e-da42-1975937205f9,ok,0,0,453,27.061,34,210,405,439,341
1190,29422.876961714,29422.877240682,,2,GPU-5443d59d-561f-ed1e-da42-1975937205f9,ok,0,0,453,27.242,34,210,405,439,341
1191,29423.876961714,29423.87726499,,2,GPU-5443d59d-561f-ed1e-da42-1975937205f9,ok,0,0,453,27.132,34,210,405,390,341
1192,29424.876961714,29424.877257818,,2,GPU-5443d59d-561f-ed1e-da42-1975937205f9,ok,0,0,453,27.12,34,210,405,439,341
1193,29425.876961714,29425.877256046,,2,GPU-5443d59d-561f-ed1e-da42-1975937205f9,ok,0,0,453,27.333,34,210,405,439,292
1194,29426.876961714,29426.877258834,,2,GPU-5443d59d-561f-ed1e-da42-1975937205f9,ok,0,0,453,27.27,34,210,405,390,292
1195,29427.876961714,29427.877251732,,2,GPU-5443d59d-561f-ed1e-da42-1975937205f9,ok,0,0,453,27.227,34,210,405,439,292
1196,29428.876961714,29428.87727617,,2,GPU-5443d59d-561f-ed1e-da42-1975937205f9,ok,0,0,453,27.391,34,210,405,439,292
1197,29429.876961714,29429.877274038,,2,GPU-5443d59d-561f-ed1e-da42-1975937205f9,ok,0,0,453,27.305,34,210,405,439,292
1198,29430.876961714,29430.877276276,,2,GPU-5443d59d-561f-ed1e-da42-1975937205f9,ok,0,0,453,27.215,34,210,405,439,292
1199,29431.876961714,29431.877273284,,2,GPU-5443d59d-561f-ed1e-da42-1975937205f9,ok,0,0,453,27.252,34,210,405,439,292
1200,29432.876961714,29432.877277052,,2,GPU-5443d59d-561f-ed1e-da42-1975937205f9,ok,0,0,453,27.082,34,210,405,390,292
1201,29433.876961714,29433.87727207,,2,GPU-5443d59d-561f-ed1e-da42-1975937205f9,ok,0,0,453,27.105,34,210,405,439,292
1202,29434.876961714,29434.877278018,,2,GPU-5443d59d-561f-ed1e-da42-1975937205f9,ok,0,0,453,27.29,34,210,405,439,292
1203,29435.876961714,29435.877273486,,2,GPU-5443d59d-561f-ed1e-da42-1975937205f9,ok,0,0,453,27.169,34,210,405,390,341
1204,29436.876961714,29436.877280474,,2,GPU-5443d59d-561f-ed1e-da42-1975937205f9,ok,0,0,453,27.139,34,210,405,439,341
1205,29437.876961714,29437.877258242,,2,GPU-5443d59d-561f-ed1e-da42-1975937205f9,ok,0,0,453,27.267,34,210,405,439,341
1206,29438.876961714,29438.87726431,,2,GPU-5443d59d-561f-ed1e-da42-1975937205f9,ok,0,0,453,27.173,34,210,405,390,341
1207,29439.876961714,29439.877257158,,2,GPU-5443d59d-561f-ed1e-da42-1975937205f9,ok,0,0,453,27.173,34,210,405,439,292
1208,29440.876961714,29440.877261656,,2,GPU-5443d59d-561f-ed1e-da42-1975937205f9,ok,0,0,453,27.204,34,210,405,439,292
1209,29441.876961714,29441.877260574,,2,GPU-5443d59d-561f-ed1e-da42-1975937205f9,ok,0,0,453,27.033,34,210,405,390,292
1210,29442.876961714,29442.877258752,,2,GPU-5443d59d-561f-ed1e-da42-1975937205f9,ok,0,0,453,27.11,34,210,405,439,292
1211,29443.876961714,29443.8772618,,2,GPU-5443d59d-561f-ed1e-da42-1975937205f9,ok,0,0,453,27.185,34,210,405,439,292
1212,29444.876961714,29444.877260138,,2,GPU-5443d59d-561f-ed1e-da42-1975937205f9,ok,0,0,453,27.272,34,210,405,439,292
1213,29445.876961714,29445.877267166,,2,GPU-5443d59d-561f-ed1e-da42-1975937205f9,ok,0,0,453,27.399,34,210,405,439,292
1214,29446.876961714,29446.877275465,,2,GPU-5443d59d-561f-ed1e-da42-1975937205f9,ok,0,0,453,27.328,34,210,405,439,292
1215,29447.876961714,29447.877275323,,2,GPU-5443d59d-561f-ed1e-da42-1975937205f9,ok,0,0,453,27.306,34,210,405,439,341
1216,29448.876961714,29448.877276301,,2,GPU-5443d59d-561f-ed1e-da42-1975937205f9,ok,0,0,453,27.392,34,210,405,439,341
1217,29449.876961714,29449.877273979,,2,GPU-5443d59d-561f-ed1e-da42-1975937205f9,ok,0,0,453,27.289,34,210,405,439,341
1218,29450.876961714,29450.877272247,,2,GPU-5443d59d-561f-ed1e-da42-1975937205f9,ok,0,0,453,27.271,34,210,405,439,341
1219,29451.876961714,29451.877277475,,2,GPU-5443d59d-561f-ed1e-da42-1975937205f9,ok,0,0,453,27.36,34,210,405,439,292
1220,29452.876961714,29452.877273033,,2,GPU-5443d59d-561f-ed1e-da42-1975937205f9,ok,0,0,453,27.162,34,210,405,390,292
1221,29453.876961714,29453.877275741,,2,GPU-5443d59d-561f-ed1e-da42-1975937205f9,ok,0,0,453,27.095,34,210,405,439,292
1222,29454.876961714,29454.877282389,,2,GPU-5443d59d-561f-ed1e-da42-1975937205f9,ok,0,0,453,27.311,34,210,405,439,292
1223,29455.876961714,29455.877268487,,2,GPU-5443d59d-561f-ed1e-da42-1975937205f9,ok,0,0,453,27.253,34,210,405,390,292
1224,29456.876961714,29456.877282395,,2,GPU-5443d59d-561f-ed1e-da42-1975937205f9,ok,0,0,453,27.246,34,210,405,439,292
1225,29457.876961714,29457.877281913,,2,GPU-5443d59d-561f-ed1e-da42-1975937205f9,ok,0,0,453,27.428,34,210,405,439,292
1226,29458.876961714,29458.877277621,,2,GPU-5443d59d-561f-ed1e-da42-1975937205f9,ok,0,0,453,27.345,34,210,405,390,292
1227,29459.876961714,29459.877289019,,2,GPU-5443d59d-561f-ed1e-da42-1975937205f9,ok,0,0,453,27.262,34,210,405,439,292
1228,29460.876961714,29460.877279187,,2,GPU-5443d59d-561f-ed1e-da42-1975937205f9,ok,0,0,453,27.339,34,210,405,439,292
1229,29461.876961714,29461.877262335,,2,GPU-5443d59d-561f-ed1e-da42-1975937205f9,ok,0,0,453,27.229,34,210,405,439,292
1230,29462.876961714,29462.877270803,,2,GPU-5443d59d-561f-ed1e-da42-1975937205f9,ok,0,0,453,27.187,34,210,405,439,292
1231,29463.876961714,29463.877283511,,2,GPU-5443d59d-561f-ed1e-da42-1975937205f9,ok,0,0,453,27.298,34,210,405,390,292
1232,29464.876961714,29464.877242189,,2,GPU-5443d59d-561f-ed1e-da42-1975937205f9,ok,0,0,453,27.159,34,210,405,439,292
1233,29465.876961714,29465.877259097,,2,GPU-5443d59d-561f-ed1e-da42-1975937205f9,ok,0,0,453,27.086,34,210,405,439,292
1234,29466.876961714,29466.877262515,,2,GPU-5443d59d-561f-ed1e-da42-1975937205f9,ok,0,0,453,27.257,34,210,405,439,292
1235,29467.876961714,29467.877245533,,2,GPU-5443d59d-561f-ed1e-da42-1975937205f9,ok,0,0,453,27.189,34,210,405,390,292
1236,29468.876961714,29468.877260871,,2,GPU-5443d59d-561f-ed1e-da42-1975937205f9,ok,0,0,453,27.124,34,210,405,439,292
1237,29469.876961714,29469.877257399,,2,GPU-5443d59d-561f-ed1e-da42-1975937205f9,ok,0,0,453,27.213,34,210,405,390,292
1238,29470.876961714,29470.877241987,,2,GPU-5443d59d-561f-ed1e-da42-1975937205f9,ok,0,0,453,27.021,34,210,405,439,292
1239,29471.876961714,29471.877262765,,2,GPU-5443d59d-561f-ed1e-da42-1975937205f9,ok,0,0,453,26.944,34,210,405,439,292
1240,29472.876961714,29472.877261983,,2,GPU-5443d59d-561f-ed1e-da42-1975937205f9,ok,0,0,453,27.07,34,210,405,439,292
1241,29473.876961714,29473.877251941,,2,GPU-5443d59d-561f-ed1e-da42-1975937205f9,ok,0,0,453,27.06,34,210,405,439,341
1242,29474.876961714,29474.877259169,,2,GPU-5443d59d-561f-ed1e-da42-1975937205f9,ok,0,0,453,27.154,34,210,405,439,292
1243,29475.876961714,29475.877265457,,2,GPU-5443d59d-561f-ed1e-da42-1975937205f9,ok,0,0,453,27.336,34,210,405,439,341
1244,29476.876961714,29476.877262975,,2,GPU-5443d59d-561f-ed1e-da42-1975937205f9,ok,0,0,453,27.243,34,210,405,390,292
1245,29477.876961714,29477.877262253,,2,GPU-5443d59d-561f-ed1e-da42-1975937205f9,ok,0,0,453,27.175,34,210,405,439,292
1246,29478.876961714,29478.877259791,,2,GPU-5443d59d-561f-ed1e-da42-1975937205f9,ok,0,0,453,27.323,34,210,405,439,292
1247,29479.876961714,29479.877262089,,2,GPU-5443d59d-561f-ed1e-da42-1975937205f9,ok,0,0,453,27.194,34,210,405,439,292
1248,29480.876961714,29480.877262747,,2,GPU-5443d59d-561f-ed1e-da42-1975937205f9,ok,0,0,453,27.151,34,210,405,439,292
1249,29481.876961714,29481.877256095,,2,GPU-5443d59d-561f-ed1e-da42-1975937205f9,ok,0,0,453,27.154,34,210,405,390,292
1250,29482.876961714,29482.877266803,,2,GPU-5443d59d-561f-ed1e-da42-1975937205f9,ok,0,0,453,27.173,34,210,405,439,292
1251,29483.876961714,29483.877259641,,2,GPU-5443d59d-561f-ed1e-da42-1975937205f9,ok,0,0,453,27.351,34,210,405,439,292
1252,29484.876961714,29484.877263189,,2,GPU-5443d59d-561f-ed1e-da42-1975937205f9,ok,0,0,453,27.202,34,210,405,439,292
1253,29485.876961714,29485.877265387,,2,GPU-5443d59d-561f-ed1e-da42-1975937205f9,ok,0,0,453,27.159,34,210,405,439,292
1254,29486.876961714,29486.877256705,,2,GPU-5443d59d-561f-ed1e-da42-1975937205f9,ok,0,0,453,27.3,34,210,405,439,292
1255,29487.876961714,29487.877254853,,2,GPU-5443d59d-561f-ed1e-da42-1975937205f9,ok,0,0,453,27.004,34,210,405,439,292
1256,29488.876961714,29488.877267431,,2,GPU-5443d59d-561f-ed1e-da42-1975937205f9,ok,0,0,453,26.822,34,210,405,439,292
1257,29489.876961714,29489.87726075,,2,GPU-5443d59d-561f-ed1e-da42-1975937205f9,ok,0,0,453,26.964,34,210,405,439,292
1258,29490.876961714,29490.877260368,,2,GPU-5443d59d-561f-ed1e-da42-1975937205f9,ok,0,0,453,26.959,34,210,405,439,292
1259,29491.876961714,29491.877261116,,2,GPU-5443d59d-561f-ed1e-da42-1975937205f9,ok,0,0,453,27.052,34,210,405,439,341
1260,29492.876961714,29492.877260344,,2,GPU-5443d59d-561f-ed1e-da42-1975937205f9,ok,0,0,453,27.21,34,210,405,439,341
1261,29493.876961714,29493.877258942,,2,GPU-5443d59d-561f-ed1e-da42-1975937205f9,ok,0,0,453,27.262,34,210,405,390,341
1262,29494.876961714,29494.87726076,,2,GPU-5443d59d-561f-ed1e-da42-1975937205f9,ok,0,0,453,27.429,34,210,405,439,341
1263,29495.876961714,29495.877258658,,2,GPU-5443d59d-561f-ed1e-da42-1975937205f9,ok,0,0,453,27.534,34,210,405,439,292
1264,29496.876961714,29496.877261986,,2,GPU-5443d59d-561f-ed1e-da42-1975937205f9,ok,0,0,453,27.372,34,210,405,439,292
1265,29497.876961714,29497.877257394,,2,GPU-5443d59d-561f-ed1e-da42-1975937205f9,ok,0,0,453,27.402,34,210,405,439,292
1266,29498.876961714,29498.877263902,,2,GPU-5443d59d-561f-ed1e-da42-1975937205f9,ok,0,0,453,27.491,34,210,405,439,292
1267,29499.876961714,29499.87726634,,2,GPU-5443d59d-561f-ed1e-da42-1975937205f9,ok,0,0,453,27.383,34,210,405,390,292
1268,29500.876961714,29500.877261458,,2,GPU-5443d59d-561f-ed1e-da42-1975937205f9,ok,0,0,453,27.351,34,210,405,439,292
1269,29501.876961714,29501.877260046,,2,GPU-5443d59d-561f-ed1e-da42-1975937205f9,ok,0,0,453,27.473,34,210,405,439,292
1270,29502.876961714,29502.877262204,,2,GPU-5443d59d-561f-ed1e-da42-1975937205f9,ok,0,0,453,27.392,34,210,405,439,292
1271,29503.876961714,29503.877262962,,2,GPU-5443d59d-561f-ed1e-da42-1975937205f9,ok,0,0,453,27.314,34,210,405,439,292
1272,29504.876961714,29504.87726144,,2,GPU-5443d59d-561f-ed1e-da42-1975937205f9,ok,0,0,453,27.341,34,210,405,390,292
1273,29505.876961714,29505.877260958,,2,GPU-5443d59d-561f-ed1e-da42-1975937205f9,ok,0,0,453,27.227,34,210,405,439,292
1274,29506.876961714,29506.877266116,,2,GPU-5443d59d-561f-ed1e-da42-1975937205f9,ok,0,0,453,27.218,34,210,405,439,292
1275,29507.876961714,29507.877268394,,2,GPU-5443d59d-561f-ed1e-da42-1975937205f9,ok,0,0,453,27.264,34,210,405,439,292
1276,29508.876961714,29508.877261592,,2,GPU-5443d59d-561f-ed1e-da42-1975937205f9,ok,0,0,453,27.17,34,210,405,390,292
1277,29509.876961714,29509.87725646,,2,GPU-5443d59d-561f-ed1e-da42-1975937205f9,ok,0,0,453,27.132,34,210,405,439,292
1278,29510.876961714,29510.877262028,,2,GPU-5443d59d-561f-ed1e-da42-1975937205f9,ok,0,0,453,27.258,34,210,405,439,292
1279,29511.876961714,29511.877258376,,2,GPU-5443d59d-561f-ed1e-da42-1975937205f9,ok,0,0,453,27.265,34,210,405,439,292
1280,29512.876961714,29512.877265354,,2,GPU-5443d59d-561f-ed1e-da42-1975937205f9,ok,0,0,453,27.258,34,210,405,439,292
1281,29513.876961714,29513.877264442,,2,GPU-5443d59d-561f-ed1e-da42-1975937205f9,ok,0,0,453,27.292,34,210,405,439,292
1282,29514.876961714,29514.87726069,,2,GPU-5443d59d-561f-ed1e-da42-1975937205f9,ok,0,0,453,27.24,34,210,405,439,341
1283,29515.876961714,29515.877256828,,2,GPU-5443d59d-561f-ed1e-da42-1975937205f9,ok,0,0,453,27.274,34,210,405,390,341
1284,29516.876961714,29516.877263446,,2,GPU-5443d59d-561f-ed1e-da42-1975937205f9,ok,0,0,453,27.323,34,210,405,439,292
1285,29517.876961714,29517.877263484,,2,GPU-5443d59d-561f-ed1e-da42-1975937205f9,ok,0,0,453,27.191,34,210,405,439,292
1286,29518.876961714,29518.877259042,,2,GPU-5443d59d-561f-ed1e-da42-1975937205f9,ok,0,0,453,27.215,34,210,405,439,292
1287,29519.876961714,29519.87726353,,2,GPU-5443d59d-561f-ed1e-da42-1975937205f9,ok,0,0,453,27.297,34,210,405,439,292
1288,29520.876961714,29520.877262138,,2,GPU-5443d59d-561f-ed1e-da42-1975937205f9,ok,0,0,453,27.289,34,210,405,390,292
1289,29521.876961714,29521.877259326,,2,GPU-5443d59d-561f-ed1e-da42-1975937205f9,ok,0,0,453,27.398,34,210,405,439,341
1290,29522.876961714,29522.877254384,,2,GPU-5443d59d-561f-ed1e-da42-1975937205f9,ok,0,0,453,27.317,34,210,405,439,341
1291,29523.876961714,29523.877266562,,2,GPU-5443d59d-561f-ed1e-da42-1975937205f9,ok,0,0,453,27.259,34,210,405,439,341
1292,29524.876961714,29524.87726042,,2,GPU-5443d59d-561f-ed1e-da42-1975937205f9,ok,0,0,453,27.346,34,210,405,439,341
1293,29525.876961714,29525.877267558,,2,GPU-5443d59d-561f-ed1e-da42-1975937205f9,ok,0,0,453,27.261,34,210,405,439,341
1294,29526.876961714,29526.877259366,,2,GPU-5443d59d-561f-ed1e-da42-1975937205f9,ok,0,0,453,27.304,34,210,405,390,341
1295,29527.876961714,29527.877262804,,2,GPU-5443d59d-561f-ed1e-da42-1975937205f9,ok,0,0,453,27.442,34,210,405,439,341
1296,29528.876961714,29528.877262472,,2,GPU-5443d59d-561f-ed1e-da42-1975937205f9,ok,0,0,453,27.32,34,210,405,439,292
1297,29529.876961714,29529.87726101,,2,GPU-5443d59d-561f-ed1e-da42-1975937205f9,ok,0,0,453,27.423,34,210,405,390,292
1298,29530.876961714,29530.877253438,,2,GPU-5443d59d-561f-ed1e-da42-1975937205f9,ok,0,0,453,27.613,34,210,405,439,292
1299,29531.876961714,29531.877265746,,2,GPU-5443d59d-561f-ed1e-da42-1975937205f9,ok,0,0,453,27.386,34,210,405,439,292
1300,29532.876961714,29532.877277795,,2,GPU-5443d59d-561f-ed1e-da42-1975937205f9,ok,0,0,453,27.34,34,210,405,439,292
1301,29533.876961714,29533.877259123,,2,GPU-5443d59d-561f-ed1e-da42-1975937205f9,ok,0,0,453,27.529,34,210,405,390,292
1302,29534.876961714,29534.877259491,,2,GPU-5443d59d-561f-ed1e-da42-1975937205f9,ok,0,0,453,27.514,34,210,405,439,292
1303,29535.876961714,29535.877260599,,2,GPU-5443d59d-561f-ed1e-da42-1975937205f9,ok,0,0,453,27.418,34,210,405,439,292
1304,29536.876961714,29536.877261557,,2,GPU-5443d59d-561f-ed1e-da42-1975937205f9,ok,0,0,453,27.318,34,210,405,439,292
1305,29537.876961714,29537.877259575,,2,GPU-5443d59d-561f-ed1e-da42-1975937205f9,ok,0,0,453,27.208,34,210,405,439,292
1306,29538.876961714,29538.877262353,,2,GPU-5443d59d-561f-ed1e-da42-1975937205f9,ok,0,0,453,27.219,34,210,405,439,292
1307,29539.876961714,29539.877267781,,2,GPU-5443d59d-561f-ed1e-da42-1975937205f9,ok,0,0,453,27.328,34,210,405,439,292
1308,29540.876961714,29540.877258709,,2,GPU-5443d59d-561f-ed1e-da42-1975937205f9,ok,0,0,453,27.185,34,210,405,439,341
1309,29541.876961714,29541.877261557,,2,GPU-5443d59d-561f-ed1e-da42-1975937205f9,ok,0,0,453,27.232,34,210,405,439,341
1310,29542.876961714,29542.877258455,,2,GPU-5443d59d-561f-ed1e-da42-1975937205f9,ok,0,0,453,27.451,34,210,405,390,341
1311,29543.876961714,29543.877261023,,2,GPU-5443d59d-561f-ed1e-da42-1975937205f9,ok,0,0,453,27.256,34,210,405,439,341
1312,29544.876961714,29544.877262091,,2,GPU-5443d59d-561f-ed1e-da42-1975937205f9,ok,0,0,453,27.351,34,210,405,439,292
1313,29545.876961714,29545.877261679,,2,GPU-5443d59d-561f-ed1e-da42-1975937205f9,ok,0,0,453,27.611,34,210,405,390,292
1314,29546.876961714,29546.877268227,,2,GPU-5443d59d-561f-ed1e-da42-1975937205f9,ok,0,0,453,27.501,34,210,405,439,292
1315,29547.876961714,29547.877262745,,2,GPU-5443d59d-561f-ed1e-da42-1975937205f9,ok,0,0,453,27.459,34,210,405,439,292
1316,29548.876961714,29548.877261693,,2,GPU-5443d59d-561f-ed1e-da42-1975937205f9,ok,0,0,453,27.462,34,210,405,439,292
1317,29549.876961714,29549.877256591,,2,GPU-5443d59d-561f-ed1e-da42-1975937205f9,ok,0,0,453,27.264,34,210,405,439,292
1318,29550.876961714,29550.877256959,,2,GPU-5443d59d-561f-ed1e-da42-1975937205f9,ok,0,0,453,27.247,34,210,405,439,292
1319,29551.876961714,29551.877263087,,2,GPU-5443d59d-561f-ed1e-da42-1975937205f9,ok,0,0,453,27.374,34,210,405,390,292
1320,29552.876961714,29552.877265085,,2,GPU-5443d59d-561f-ed1e-da42-1975937205f9,ok,0,0,453,27.272,34,210,405,439,341
1321,29553.876961714,29553.877256483,,2,GPU-5443d59d-561f-ed1e-da42-1975937205f9,ok,0,0,453,27.349,34,210,405,390,341
1322,29554.876961714,29554.877266851,,2,GPU-5443d59d-561f-ed1e-da42-1975937205f9,ok,0,0,453,27.506,34,210,405,439,292
1323,29555.876961714,29555.877262659,,2,GPU-5443d59d-561f-ed1e-da42-1975937205f9,ok,0,0,453,27.399,34,210,405,439,292
1324,29556.876961714,29556.877259997,,2,GPU-5443d59d-561f-ed1e-da42-1975937205f9,ok,0,0,453,27.529,34,210,405,439,292
1325,29557.876961714,29557.877255535,,2,GPU-5443d59d-561f-ed1e-da42-1975937205f9,ok,0,0,453,27.585,34,210,405,439,292
1326,29558.876961714,29558.877259853,,2,GPU-5443d59d-561f-ed1e-da42-1975937205f9,ok,0,0,453,27.473,34,210,405,390,292
1327,29559.876961714,29559.877258561,,2,GPU-5443d59d-561f-ed1e-da42-1975937205f9,ok,0,0,453,27.494,34,210,405,439,292
1328,29560.876961714,29560.877269049,,2,GPU-5443d59d-561f-ed1e-da42-1975937205f9,ok,0,0,453,27.421,34,210,405,439,292
1329,29561.876961714,29561.877256507,,2,GPU-5443d59d-561f-ed1e-da42-1975937205f9,ok,0,0,453,27.534,34,210,405,390,341
1330,29562.876961714,29562.877260475,,2,GPU-5443d59d-561f-ed1e-da42-1975937205f9,ok,0,0,453,27.674,34,210,405,439,341
1331,29563.876961714,29563.877276523,,2,GPU-5443d59d-561f-ed1e-da42-1975937205f9,ok,0,0,453,27.593,34,210,405,439,341
1332,29564.876961714,29564.877280391,,2,GPU-5443d59d-561f-ed1e-da42-1975937205f9,ok,0,0,453,27.647,34,210,405,439,292
1333,29565.876961714,29565.877268459,,2,GPU-5443d59d-561f-ed1e-da42-1975937205f9,ok,0,0,453,27.779,34,210,405,439,341
1334,29566.876961714,29566.877282437,,2,GPU-5443d59d-561f-ed1e-da42-1975937205f9,ok,0,0,453,27.663,34,210,405,439,292
1335,29567.876961714,29567.877280035,,2,GPU-5443d59d-561f-ed1e-da42-1975937205f9,ok,0,0,453,27.613,34,210,405,439,292
1336,29568.876961714,29568.877261673,,2,GPU-5443d59d-561f-ed1e-da42-1975937205f9,ok,0,0,453,27.671,34,210,405,439,292
1337,29569.876961714,29569.877255291,,2,GPU-5443d59d-561f-ed1e-da42-1975937205f9,ok,0,0,453,27.513,34,210,405,439,341
1338,29570.876961714,29570.877262399,,2,GPU-5443d59d-561f-ed1e-da42-1975937205f9,ok,0,0,453,27.551,34,210,405,439,292
1339,29571.876961714,29571.877268007,,2,GPU-5443d59d-561f-ed1e-da42-1975937205f9,ok,0,0,453,27.666,34,210,405,439,292
1340,29572.876961714,29572.877277395,,2,GPU-5443d59d-561f-ed1e-da42-1975937205f9,ok,0,0,453,27.553,34,210,405,439,292
1341,29573.876961714,29573.877270463,,2,GPU-5443d59d-561f-ed1e-da42-1975937205f9,ok,0,0,453,27.532,34,210,405,390,292
1342,29574.876961714,29574.877286871,,2,GPU-5443d59d-561f-ed1e-da42-1975937205f9,ok,0,0,453,27.586,34,210,405,439,292
1343,29575.876961714,29575.87727715,,2,GPU-5443d59d-561f-ed1e-da42-1975937205f9,ok,0,0,453,27.492,34,210,405,439,292
1344,29576.876961714,29576.877288198,,2,GPU-5443d59d-561f-ed1e-da42-1975937205f9,ok,0,0,453,27.393,34,210,405,390,292
1345,29577.876961714,29577.877273966,,2,GPU-5443d59d-561f-ed1e-da42-1975937205f9,ok,0,0,453,27.516,34,210,405,439,292
1346,29578.876961714,29578.877280434,,2,GPU-5443d59d-561f-ed1e-da42-1975937205f9,ok,0,0,453,27.562,34,210,405,439,292
1347,29579.876961714,29579.877283192,,2,GPU-5443d59d-561f-ed1e-da42-1975937205f9,ok,0,0,453,27.464,34,210,405,439,292
1348,29580.876961714,29580.87728272,,2,GPU-5443d59d-561f-ed1e-da42-1975937205f9,ok,0,0,453,27.434,34,210,405,439,292
1349,29581.876961714,29581.877277728,,2,GPU-5443d59d-561f-ed1e-da42-1975937205f9,ok,0,0,453,27.278,34,210,405,439,292
1350,29582.876961714,29582.877286526,,2,GPU-5443d59d-561f-ed1e-da42-1975937205f9,ok,0,0,453,27.249,34,210,405,439,341
1351,29583.876961714,29583.877277834,,2,GPU-5443d59d-561f-ed1e-da42-1975937205f9,ok,0,0,453,27.372,34,210,405,390,341
1352,29584.876961714,29584.877281832,,2,GPU-5443d59d-561f-ed1e-da42-1975937205f9,ok,0,0,453,27.281,34,210,405,439,341
1353,29585.876961714,29585.8772786,,2,GPU-5443d59d-561f-ed1e-da42-1975937205f9,ok,0,0,453,27.254,34,210,405,439,292
1354,29586.876961714,29586.877286508,,2,GPU-5443d59d-561f-ed1e-da42-1975937205f9,ok,0,0,453,27.36,34,210,405,439,292
1355,29587.876961714,29587.877279086,,2,GPU-5443d59d-561f-ed1e-da42-1975937205f9,ok,0,0,453,27.332,34,210,405,439,292
1356,29588.876961714,29588.877266354,,2,GPU-5443d59d-561f-ed1e-da42-1975937205f9,ok,0,0,453,27.434,34,210,405,439,292
1357,29589.876961714,29589.877260742,,2,GPU-5443d59d-561f-ed1e-da42-1975937205f9,ok,0,0,453,27.648,34,210,405,390,292
1358,29590.876961714,29590.87725805,,2,GPU-5443d59d-561f-ed1e-da42-1975937205f9,ok,0,0,453,27.544,34,210,405,439,292
1359,29591.876961714,29591.877258538,,2,GPU-5443d59d-561f-ed1e-da42-1975937205f9,ok,0,0,453,27.446,34,210,405,439,292
1360,29592.876961714,29592.877262486,,2,GPU-5443d59d-561f-ed1e-da42-1975937205f9,ok,0,0,453,27.447,34,210,405,439,341
1361,29593.876961714,29593.877260244,,2,GPU-5443d59d-561f-ed1e-da42-1975937205f9,ok,0,0,453,27.402,34,210,405,439,341
1362,29594.876961714,29594.877263012,,2,GPU-5443d59d-561f-ed1e-da42-1975937205f9,ok,0,0,453,27.367,34,210,405,439,341
1363,29595.876961714,29595.87726395,,2,GPU-5443d59d-561f-ed1e-da42-1975937205f9,ok,0,0,450,28.211,34,210,405,439,292
1364,29596.876961714,29596.877360348,,2,GPU-5443d59d-561f-ed1e-da42-1975937205f9,ok,0,0,450,34.895,34,210,405,439,1220
1365,29597.876961714,29597.877259876,,2,GPU-5443d59d-561f-ed1e-da42-1975937205f9,ok,0,0,453,30.529,34,210,405,439,341
1366,29598.876961714,29598.877249054,,2,GPU-5443d59d-561f-ed1e-da42-1975937205f9,ok,0,0,453,34.771,34,210,405,390,341
1367,29599.876961714,29599.877392262,,2,GPU-5443d59d-561f-ed1e-da42-1975937205f9,ok,0,0,453,28.646,34,210,405,439,341
1368,29600.876961714,29600.87738874,,2,GPU-5443d59d-561f-ed1e-da42-1975937205f9,ok,0,0,453,27.779,34,210,405,390,341
1369,29601.876961714,29601.877258268,,2,GPU-5443d59d-561f-ed1e-da42-1975937205f9,ok,0,0,453,27.431,34,210,405,439,341
1370,29602.876961714,29602.877261716,,2,GPU-5443d59d-561f-ed1e-da42-1975937205f9,ok,0,0,453,27.402,34,210,405,439,341
1371,29603.876961714,29603.877260274,,2,GPU-5443d59d-561f-ed1e-da42-1975937205f9,ok,0,0,453,27.527,34,210,405,439,341
1372,29604.876961714,29604.877376872,,2,GPU-5443d59d-561f-ed1e-da42-1975937205f9,ok,0,0,453,27.512,34,210,405,439,341
1373,29605.876961714,29605.87725589,,2,GPU-5443d59d-561f-ed1e-da42-1975937205f9,ok,0,0,453,27.447,34,210,405,390,341
1374,29606.876961714,29606.877262208,,2,GPU-5443d59d-561f-ed1e-da42-1975937205f9,ok,0,0,453,27.514,34,210,405,439,341
1375,29607.876961714,29607.877373616,,2,GPU-5443d59d-561f-ed1e-da42-1975937205f9,ok,0,0,453,27.445,34,210,405,439,292
1376,29608.876961714,29608.877372244,,2,GPU-5443d59d-561f-ed1e-da42-1975937205f9,ok,0,0,453,27.41,34,210,405,439,292
1377,29609.876961714,29609.877258082,,2,GPU-5443d59d-561f-ed1e-da42-1975937205f9,ok,0,0,453,27.458,34,210,405,390,292
1378,29610.876961714,29610.87731063,,2,GPU-5443d59d-561f-ed1e-da42-1975937205f9,ok,0,0,450,30.112,34,210,405,439,292
1379,29611.876961714,29611.877371128,,2,GPU-5443d59d-561f-ed1e-da42-1975937205f9,ok,0,0,450,34.823,34,210,405,439,292
1380,29612.876961714,29612.877376956,,2,GPU-5443d59d-561f-ed1e-da42-1975937205f9,ok,0,0,450,28.422,34,210,405,439,341
1381,29613.876961714,29613.877450264,,2,GPU-5443d59d-561f-ed1e-da42-1975937205f9,ok,0,0,450,27.668,34,210,405,390,341
1382,29614.876961714,29614.877367692,,2,GPU-5443d59d-561f-ed1e-da42-1975937205f9,ok,0,0,450,27.405,34,210,405,439,341
1383,29615.876961714,29615.87737272,,2,GPU-5443d59d-561f-ed1e-da42-1975937205f9,ok,0,0,450,27.45,34,210,405,439,292
1384,29616.876961714,29616.877550669,,2,GPU-5443d59d-561f-ed1e-da42-1975937205f9,ok,0,0,450,27.621,34,210,405,439,341
1385,29617.876961714,29617.878426147,,2,GPU-5443d59d-561f-ed1e-da42-1975937205f9,ok,0,0,450,27.494,34,210,405,390,439
1386,29618.876961714,29618.877214534,,2,GPU-5443d59d-561f-ed1e-da42-1975937205f9,ok,0,0,453,30.765,34,210,405,439,292
1387,29619.876961714,29619.877244483,,2,GPU-5443d59d-561f-ed1e-da42-1975937205f9,ok,0,0,453,34.952,34,210,405,390,292
1388,29620.876961714,29620.877363401,,2,GPU-5443d59d-561f-ed1e-da42-1975937205f9,ok,0,0,453,28.538,34,210,405,390,292
1389,29621.876961714,29621.877357779,,2,GPU-5443d59d-561f-ed1e-da42-1975937205f9,ok,0,0,453,27.7,34,210,405,439,341
1390,29622.876961714,29622.877245557,,2,GPU-5443d59d-561f-ed1e-da42-1975937205f9,ok,0,0,453,27.428,34,210,405,439,341
1391,29623.876961714,29623.877246455,,2,GPU-5443d59d-561f-ed1e-da42-1975937205f9,ok,0,0,453,27.347,34,210,405,390,341
1392,29624.876961714,29624.877361693,,2,GPU-5443d59d-561f-ed1e-da42-1975937205f9,ok,0,0,453,27.362,34,210,405,390,292
1393,29625.876961714,29625.877355421,,2,GPU-5443d59d-561f-ed1e-da42-1975937205f9,ok,0,0,453,27.325,34,210,405,439,292
1394,29626.876961714,29626.877243339,,2,GPU-5443d59d-561f-ed1e-da42-1975937205f9,ok,0,0,453,27.388,34,210,405,439,292
1395,29627.876961714,29627.877250797,,2,GPU-5443d59d-561f-ed1e-da42-1975937205f9,ok,0,0,453,27.461,34,210,405,390,292
1396,29628.876961714,29628.877362455,,2,GPU-5443d59d-561f-ed1e-da42-1975937205f9,ok,0,0,453,27.308,34,210,405,390,292
1397,29629.876961714,29629.877360723,,2,GPU-5443d59d-561f-ed1e-da42-1975937205f9,ok,0,0,453,27.302,34,210,405,439,292
1398,29630.876961714,29630.877245041,,2,GPU-5443d59d-561f-ed1e-da42-1975937205f9,ok,0,0,453,27.399,34,210,405,439,292
1399,29631.876961714,29631.877126949,,2,GPU-5443d59d-561f-ed1e-da42-1975937205f9,ok,0,0,450,30.496,34,210,405,439,292
1400,29632.876961714,29632.878034397,,2,GPU-5443d59d-561f-ed1e-da42-1975937205f9,ok,0,0,450,34.609,34,210,405,46533,13330
1401,29633.876961714,29633.877216225,,2,GPU-5443d59d-561f-ed1e-da42-1975937205f9,ok,0,0,453,31.045,34,210,405,439,390
1402,29634.876961714,29634.877248363,,2,GPU-5443d59d-561f-ed1e-da42-1975937205f9,ok,0,0,453,34.51,34,210,405,390,292
1403,29635.876961714,29635.877245931,,2,GPU-5443d59d-561f-ed1e-da42-1975937205f9,ok,0,0,453,34.526,34,210,405,439,292
1404,29636.876961714,29636.877247049,,2,GPU-5443d59d-561f-ed1e-da42-1975937205f9,ok,0,0,453,27.975,34,210,405,439,292
1405,29637.876961714,29637.877247877,,2,GPU-5443d59d-561f-ed1e-da42-1975937205f9,ok,0,0,453,27.28,34,210,405,439,341
1406,29638.876961714,29638.877247495,,2,GPU-5443d59d-561f-ed1e-da42-1975937205f9,ok,0,0,453,27.087,34,210,405,439,341
1407,29639.876961714,29639.877244893,,2,GPU-5443d59d-561f-ed1e-da42-1975937205f9,ok,0,0,453,27.142,34,210,405,390,341
1408,29640.876961714,29640.877247111,,2,GPU-5443d59d-561f-ed1e-da42-1975937205f9,ok,0,0,453,27.281,34,210,405,390,341
1409,29641.876961714,29641.877246309,,2,GPU-5443d59d-561f-ed1e-da42-1975937205f9,ok,0,0,453,27.044,34,210,405,439,341
1410,29642.876961714,29642.877245627,,2,GPU-5443d59d-561f-ed1e-da42-1975937205f9,ok,0,0,453,27.048,34,210,405,439,292
1411,29643.876961714,29643.877248545,,2,GPU-5443d59d-561f-ed1e-da42-1975937205f9,ok,0,0,453,27.233,34,210,405,439,341
1412,29644.876961714,29644.877247243,,2,GPU-5443d59d-561f-ed1e-da42-1975937205f9,ok,0,0,453,27.306,34,210,405,439,292
1413,29645.876961714,29645.877247231,,2,GPU-5443d59d-561f-ed1e-da42-1975937205f9,ok,0,0,453,27.522,34,210,405,439,292
1414,29646.876961714,29646.877247619,,2,GPU-5443d59d-561f-ed1e-da42-1975937205f9,ok,0,0,453,27.65,34,210,405,390,292
1415,29647.876961714,29647.877250527,,2,GPU-5443d59d-561f-ed1e-da42-1975937205f9,ok,0,0,453,27.505,34,210,405,390,292
1416,29648.876961714,29648.877243435,,2,GPU-5443d59d-561f-ed1e-da42-1975937205f9,ok,0,0,453,27.406,34,210,405,439,292
1417,29649.876961714,29649.877244693,,2,GPU-5443d59d-561f-ed1e-da42-1975937205f9,ok,0,0,453,27.431,34,210,405,439,292
1418,29650.876961714,29650.877243511,,2,GPU-5443d59d-561f-ed1e-da42-1975937205f9,ok,0,0,453,27.33,34,210,405,439,341
1419,29651.876961714,29651.877246029,,2,GPU-5443d59d-561f-ed1e-da42-1975937205f9,ok,0,0,453,27.344,34,210,405,439,341
1420,29652.876961714,29652.877246497,,2,GPU-5443d59d-561f-ed1e-da42-1975937205f9,ok,0,0,453,27.486,34,210,405,439,341
1421,29653.876961714,29653.877244415,,2,GPU-5443d59d-561f-ed1e-da42-1975937205f9,ok,0,0,453,27.383,34,210,405,390,292
1422,29654.876961714,29654.877243783,,2,GPU-5443d59d-561f-ed1e-da42-1975937205f9,ok,0,0,453,27.459,34,210,405,439,292
1423,29655.876961714,29655.877246581,,2,GPU-5443d59d-561f-ed1e-da42-1975937205f9,ok,0,0,453,27.635,34,210,405,439,292
1424,29656.876961714,29656.877244669,,2,GPU-5443d59d-561f-ed1e-da42-1975937205f9,ok,0,0,453,27.564,34,210,405,439,341
1425,29657.876961714,29657.877246187,,2,GPU-5443d59d-561f-ed1e-da42-1975937205f9,ok,0,0,453,27.585,34,210,405,390,341
1426,29658.876961714,29658.877243935,,2,GPU-5443d59d-561f-ed1e-da42-1975937205f9,ok,0,0,453,27.678,34,210,405,439,341
1427,29659.876961714,29659.877243653,,2,GPU-5443d59d-561f-ed1e-da42-1975937205f9,ok,0,0,453,27.524,34,210,405,439,341
1428,29660.876961714,29660.877247161,,2,GPU-5443d59d-561f-ed1e-da42-1975937205f9,ok,0,0,453,27.457,34,210,405,439,341
1429,29661.876961714,29661.877247999,,2,GPU-5443d59d-561f-ed1e-da42-1975937205f9,ok,0,0,453,27.559,34,210,405,390,341
1430,29662.876961714,29662.877243828,,2,GPU-5443d59d-561f-ed1e-da42-1975937205f9,ok,0,0,453,27.454,34,210,405,439,341
1431,29663.876961714,29663.877243836,,2,GPU-5443d59d-561f-ed1e-da42-1975937205f9,ok,0,0,453,27.494,34,210,405,439,341
1432,29664.876961714,29664.877249324,,2,GPU-5443d59d-561f-ed1e-da42-1975937205f9,ok,0,0,453,27.61,34,210,405,439,341
1433,29665.876961714,29665.877245072,,2,GPU-5443d59d-561f-ed1e-da42-1975937205f9,ok,0,0,453,27.486,34,210,405,439,341
1434,29666.876961714,29666.87724566,,2,GPU-5443d59d-561f-ed1e-da42-1975937205f9,ok,0,0,453,27.506,34,210,405,439,341
1435,29667.876961714,29667.877243718,,2,GPU-5443d59d-561f-ed1e-da42-1975937205f9,ok,0,0,453,27.58,34,210,405,439,341
1436,29668.876961714,29668.877245086,,2,GPU-5443d59d-561f-ed1e-da42-1975937205f9,ok,0,0,453,27.444,34,210,405,439,292
1437,29669.876961714,29669.877250374,,2,GPU-5443d59d-561f-ed1e-da42-1975937205f9,ok,0,0,453,27.423,34,210,405,439,292
1438,29670.876961714,29670.877244122,,2,GPU-5443d59d-561f-ed1e-da42-1975937205f9,ok,0,0,453,27.507,34,210,405,439,292
1439,29671.876961714,29671.87724446,,2,GPU-5443d59d-561f-ed1e-da42-1975937205f9,ok,0,0,453,27.457,34,210,405,390,292
1440,29672.876961714,29672.877247868,,2,GPU-5443d59d-561f-ed1e-da42-1975937205f9,ok,0,0,453,27.429,34,210,405,439,292
1441,29673.876961714,29673.877247786,,2,GPU-5443d59d-561f-ed1e-da42-1975937205f9,ok,0,0,453,27.455,34,210,405,439,292
1442,29674.876961714,29674.877245394,,2,GPU-5443d59d-561f-ed1e-da42-1975937205f9,ok,0,0,453,27.423,34,210,405,439,292
1443,29675.876961714,29675.877245542,,2,GPU-5443d59d-561f-ed1e-da42-1975937205f9,ok,0,0,453,27.414,34,210,405,439,292
1444,29676.876961714,29676.8772463,,2,GPU-5443d59d-561f-ed1e-da42-1975937205f9,ok,0,0,453,27.358,34,210,405,439,292
1445,29677.876961714,29677.877242798,,2,GPU-5443d59d-561f-ed1e-da42-1975937205f9,ok,0,0,453,27.305,34,210,405,439,292
1446,29678.876961714,29678.877245376,,2,GPU-5443d59d-561f-ed1e-da42-1975937205f9,ok,0,0,453,27.507,34,210,405,439,341
1447,29679.876961714,29679.877246594,,2,GPU-5443d59d-561f-ed1e-da42-1975937205f9,ok,0,0,453,27.552,34,210,405,439,341
1448,29680.876961714,29680.877245712,,2,GPU-5443d59d-561f-ed1e-da42-1975937205f9,ok,0,0,453,27.452,34,210,405,439,292
1449,29681.876961714,29681.87724686,,2,GPU-5443d59d-561f-ed1e-da42-1975937205f9,ok,0,0,453,27.432,34,210,405,390,292
1450,29682.876961714,29682.877246068,,2,GPU-5443d59d-561f-ed1e-da42-1975937205f9,ok,0,0,453,27.278,34,210,405,439,292
1451,29683.876961714,29683.877247966,,2,GPU-5443d59d-561f-ed1e-da42-1975937205f9,ok,0,0,453,27.309,34,210,405,439,292
1452,29684.876961714,29684.877245954,,2,GPU-5443d59d-561f-ed1e-da42-1975937205f9,ok,0,0,453,27.453,34,210,405,439,292
1453,29685.876961714,29685.877247612,,2,GPU-5443d59d-561f-ed1e-da42-1975937205f9,ok,0,0,453,27.349,34,210,405,390,292
1454,29686.876961714,29686.87725037,,2,GPU-5443d59d-561f-ed1e-da42-1975937205f9,ok,0,0,453,27.332,34,210,405,439,292
1455,29687.876961714,29687.877263298,,2,GPU-5443d59d-561f-ed1e-da42-1975937205f9,ok,0,0,453,27.465,34,210,405,439,341
1456,29688.876961714,29688.877267536,,2,GPU-5443d59d-561f-ed1e-da42-1975937205f9,ok,0,0,453,27.375,34,210,405,390,341
1457,29689.876961714,29689.877259374,,2,GPU-5443d59d-561f-ed1e-da42-1975937205f9,ok,0,0,453,27.313,34,210,405,439,341
1458,29690.876961714,29690.877262322,,2,GPU-5443d59d-561f-ed1e-da42-1975937205f9,ok,0,0,453,27.388,34,210,405,439,341
1459,29691.876961714,29691.87725889,,2,GPU-5443d59d-561f-ed1e-da42-1975937205f9,ok,0,0,453,27.329,34,210,405,390,292
1460,29692.876961714,29692.877279238,,2,GPU-5443d59d-561f-ed1e-da42-1975937205f9,ok,0,0,453,27.364,34,210,405,439,292
1461,29693.876961714,29693.877252046,,2,GPU-5443d59d-561f-ed1e-da42-1975937205f9,ok,0,0,453,27.533,34,210,405,439,341
1462,29694.876961714,29694.877274484,,2,GPU-5443d59d-561f-ed1e-da42-1975937205f9,ok,0,0,453,27.468,34,210,405,439,341
1463,29695.876961714,29695.877262822,,2,GPU-5443d59d-561f-ed1e-da42-1975937205f9,ok,0,0,453,27.367,34,210,405,390,341
1464,29696.876961714,29696.87726552,,2,GPU-5443d59d-561f-ed1e-da42-1975937205f9,ok,0,0,453,27.409,34,210,405,439,292
1465,29697.876961714,29697.877281018,,2,GPU-5443d59d-561f-ed1e-da42-1975937205f9,ok,0,0,453,27.401,34,210,405,439,292
1466,29698.876961714,29698.877259196,,2,GPU-5443d59d-561f-ed1e-da42-1975937205f9,ok,0,0,453,27.293,34,210,405,390,292
1467,29699.876961714,29699.877264854,,2,GPU-5443d59d-561f-ed1e-da42-1975937205f9,ok,0,0,453,27.223,34,210,405,439,292
1468,29700.876961714,29700.877279752,,2,GPU-5443d59d-561f-ed1e-da42-1975937205f9,ok,0,0,453,27.229,34,210,405,439,292
1469,29701.876961714,29701.87726492,,2,GPU-5443d59d-561f-ed1e-da42-1975937205f9,ok,0,0,453,27.357,34,210,405,390,292
1470,29702.876961714,29702.877262938,,2,GPU-5443d59d-561f-ed1e-da42-1975937205f9,ok,0,0,453,27.537,34,210,405,439,292
1471,29703.876961714,29703.877262296,,2,GPU-5443d59d-561f-ed1e-da42-1975937205f9,ok,0,0,453,27.472,34,210,405,439,292
1472,29704.876961714,29704.877270074,,2,GPU-5443d59d-561f-ed1e-da42-1975937205f9,ok,0,0,453,27.466,34,210,405,439,292
1473,29705.876961714,29705.877265653,,2,GPU-5443d59d-561f-ed1e-da42-1975937205f9,ok,0,0,453,27.605,34,210,405,390,292
1474,29706.876961714,29706.877263121,,2,GPU-5443d59d-561f-ed1e-da42-1975937205f9,ok,0,0,453,27.551,34,210,405,439,292
1475,29707.876961714,29707.877273529,,2,GPU-5443d59d-561f-ed1e-da42-1975937205f9,ok,0,0,453,27.525,34,210,405,439,292
1476,29708.876961714,29708.877265867,,2,GPU-5443d59d-561f-ed1e-da42-1975937205f9,ok,0,0,453,27.43,34,210,405,439,292
1477,29709.876961714,29709.877270445,,2,GPU-5443d59d-561f-ed1e-da42-1975937205f9,ok,0,0,453,27.403,34,210,405,390,292
1478,29710.876961714,29710.877244063,,2,GPU-5443d59d-561f-ed1e-da42-1975937205f9,ok,0,0,453,27.397,34,210,405,439,292
1479,29711.876961714,29711.877243951,,2,GPU-5443d59d-561f-ed1e-da42-1975937205f9,ok,0,0,453,27.338,34,210,405,439,292
1480,29712.876961714,29712.877246889,,2,GPU-5443d59d-561f-ed1e-da42-1975937205f9,ok,0,0,453,27.415,34,210,405,439,292
1481,29713.876961714,29713.877245587,,2,GPU-5443d59d-561f-ed1e-da42-1975937205f9,ok,0,0,453,27.569,34,210,405,439,292
1482,29714.876961714,29714.877243655,,2,GPU-5443d59d-561f-ed1e-da42-1975937205f9,ok,0,0,453,27.476,34,210,405,390,292
1483,29715.876961714,29715.877244133,,2,GPU-5443d59d-561f-ed1e-da42-1975937205f9,ok,0,0,453,27.468,34,210,405,390,292
1484,29716.876961714,29716.877246461,,2,GPU-5443d59d-561f-ed1e-da42-1975937205f9,ok,0,0,453,27.613,34,210,405,439,292
1485,29717.876961714,29717.877242369,,2,GPU-5443d59d-561f-ed1e-da42-1975937205f9,ok,0,0,453,27.577,34,210,405,439,292
1486,29718.876961714,29718.877244977,,2,GPU-5443d59d-561f-ed1e-da42-1975937205f9,ok,0,0,453,27.562,34,210,405,439,292
1487,29719.876961714,29719.877245515,,2,GPU-5443d59d-561f-ed1e-da42-1975937205f9,ok,0,0,453,27.645,34,210,405,439,292
1488,29720.876961714,29720.877248493,,2,GPU-5443d59d-561f-ed1e-da42-1975937205f9,ok,0,0,453,27.49,34,210,405,390,292
1489,29721.876961714,29721.877244141,,2,GPU-5443d59d-561f-ed1e-da42-1975937205f9,ok,0,0,453,27.465,34,210,405,390,292
1490,29722.876961714,29722.877245959,,2,GPU-5443d59d-561f-ed1e-da42-1975937205f9,ok,0,0,453,27.531,34,210,405,439,341
1491,29723.876961714,29723.877247947,,2,GPU-5443d59d-561f-ed1e-da42-1975937205f9,ok,0,0,453,27.431,34,210,405,390,292
1492,29724.876961714,29724.877245955,,2,GPU-5443d59d-561f-ed1e-da42-1975937205f9,ok,0,0,453,27.445,34,210,405,439,292
1493,29725.876961714,29725.877246583,,2,GPU-5443d59d-561f-ed1e-da42-1975937205f9,ok,0,0,453,27.421,34,210,405,439,292
1494,29726.876961714,29726.877246771,,2,GPU-5443d59d-561f-ed1e-da42-1975937205f9,ok,0,0,453,27.237,34,210,405,439,292
1495,29727.876961714,29727.877247309,,2,GPU-5443d59d-561f-ed1e-da42-1975937205f9,ok,0,0,453,27.263,34,210,405,439,292
1496,29728.876961714,29728.877243787,,2,GPU-5443d59d-561f-ed1e-da42-1975937205f9,ok,0,0,453,27.407,34,210,405,439,292
1497,29729.876961714,29729.877244475,,2,GPU-5443d59d-561f-ed1e-da42-1975937205f9,ok,0,0,453,27.291,34,210,405,439,341
1498,29730.876961714,29730.877245743,,2,GPU-5443d59d-561f-ed1e-da42-1975937205f9,ok,0,0,453,27.295,34,210,405,439,341
1499,29731.876961714,29731.877244831,,2,GPU-5443d59d-561f-ed1e-da42-1975937205f9,ok,0,0,453,27.443,34,210,405,439,292
1500,29732.876961714,29732.877250649,,2,GPU-5443d59d-561f-ed1e-da42-1975937205f9,ok,0,0,453,27.361,34,210,405,390,292
1501,29733.876961714,29733.877242657,,2,GPU-5443d59d-561f-ed1e-da42-1975937205f9,ok,0,0,453,27.417,34,210,405,390,292
1502,29734.876961714,29734.877244905,,2,GPU-5443d59d-561f-ed1e-da42-1975937205f9,ok,0,0,453,27.535,34,210,405,439,292
1503,29735.876961714,29735.877244783,,2,GPU-5443d59d-561f-ed1e-da42-1975937205f9,ok,0,0,453,27.411,34,210,405,439,292
1504,29736.876961714,29736.877248311,,2,GPU-5443d59d-561f-ed1e-da42-1975937205f9,ok,0,0,453,27.454,34,210,405,439,292
1505,29737.876961714,29737.877244659,,2,GPU-5443d59d-561f-ed1e-da42-1975937205f9,ok,0,0,453,27.575,34,210,405,439,341
1506,29738.876961714,29738.877247487,,2,GPU-5443d59d-561f-ed1e-da42-1975937205f9,ok,0,0,453,27.46,34,210,405,439,341
1507,29739.876961714,29739.877250655,,2,GPU-5443d59d-561f-ed1e-da42-1975937205f9,ok,0,0,453,27.443,34,210,405,439,292
1508,29740.876961714,29740.877245423,,2,GPU-5443d59d-561f-ed1e-da42-1975937205f9,ok,0,0,453,27.547,34,210,405,439,292
1509,29741.876961714,29741.877243801,,2,GPU-5443d59d-561f-ed1e-da42-1975937205f9,ok,0,0,453,27.498,34,210,405,439,292
1510,29742.876961714,29742.877249649,,2,GPU-5443d59d-561f-ed1e-da42-1975937205f9,ok,0,0,453,27.466,34,210,405,439,292
1511,29743.876961714,29743.877243447,,2,GPU-5443d59d-561f-ed1e-da42-1975937205f9,ok,0,0,453,27.477,34,210,405,390,292
1512,29744.876961714,29744.877246055,,2,GPU-5443d59d-561f-ed1e-da42-1975937205f9,ok,0,0,453,27.347,34,210,405,390,292
1513,29745.876961714,29745.877248423,,2,GPU-5443d59d-561f-ed1e-da42-1975937205f9,ok,0,0,453,27.324,34,210,405,439,292
1514,29746.876961714,29746.877246121,,2,GPU-5443d59d-561f-ed1e-da42-1975937205f9,ok,0,0,453,27.395,34,210,405,439,341
1515,29747.876961714,29747.877245919,,2,GPU-5443d59d-561f-ed1e-da42-1975937205f9,ok,0,0,453,27.478,34,210,405,439,341
1516,29748.876961714,29748.877246507,,2,GPU-5443d59d-561f-ed1e-da42-1975937205f9,ok,0,0,453,27.51,34,210,405,439,341
1517,29749.876961714,29749.877244576,,2,GPU-5443d59d-561f-ed1e-da42-1975937205f9,ok,0,0,453,27.433,34,210,405,439,341
1518,29750.876961714,29750.877246334,,2,GPU-5443d59d-561f-ed1e-da42-1975937205f9,ok,0,0,453,27.452,34,210,405,439,341
1519,29751.876961714,29751.877245102,,2,GPU-5443d59d-561f-ed1e-da42-1975937205f9,ok,0,0,453,27.524,34,210,405,439,341
1520,29752.876961714,29752.87724576,,2,GPU-5443d59d-561f-ed1e-da42-1975937205f9,ok,0,0,453,27.413,34,210,405,439,341
1521,29753.876961714,29753.877248348,,2,GPU-5443d59d-561f-ed1e-da42-1975937205f9,ok,0,0,453,27.395,34,210,405,390,292
1522,29754.876961714,29754.877247396,,2,GPU-5443d59d-561f-ed1e-da42-1975937205f9,ok,0,0,453,27.434,34,210,405,439,292
1523,29755.876961714,29755.877242844,,2,GPU-5443d59d-561f-ed1e-da42-1975937205f9,ok,0,0,453,27.251,34,210,405,439,292
1524,29756.876961714,29756.877245572,,2,GPU-5443d59d-561f-ed1e-da42-1975937205f9,ok,0,0,453,27.37,34,210,405,439,292
1525,29757.876961714,29757.8772456,,2,GPU-5443d59d-561f-ed1e-da42-1975937205f9,ok,0,0,453,27.573,34,210,405,390,292
1526,29758.876961714,29758.877251578,,2,GPU-5443d59d-561f-ed1e-da42-1975937205f9,ok,0,0,453,27.515,34,210,405,439,292
1527,29759.876961714,29759.877243806,,2,GPU-5443d59d-561f-ed1e-da42-1975937205f9,ok,0,0,453,27.557,34,210,405,439,292
1528,29760.876961714,29760.877254174,,2,GPU-5443d59d-561f-ed1e-da42-1975937205f9,ok,0,0,453,27.62,34,210,405,439,292
1529,29761.876961714,29761.877244552,,2,GPU-5443d59d-561f-ed1e-da42-1975937205f9,ok,0,0,453,27.613,34,210,405,439,292
1530,29762.876961714,29762.87724771,,2,GPU-5443d59d-561f-ed1e-da42-1975937205f9,ok,0,0,453,27.632,34,210,405,390,292
1531,29763.876961714,29763.877243598,,2,GPU-5443d59d-561f-ed1e-da42-1975937205f9,ok,0,0,453,27.654,34,210,405,439,292
1532,29764.876961714,29764.877248486,,2,GPU-5443d59d-561f-ed1e-da42-1975937205f9,ok,0,0,453,27.558,34,210,405,439,292
1533,29765.876961714,29765.877245074,,2,GPU-5443d59d-561f-ed1e-da42-1975937205f9,ok,0,0,453,27.518,34,210,405,439,292
1534,29766.876961714,29766.877248642,,2,GPU-5443d59d-561f-ed1e-da42-1975937205f9,ok,0,0,453,27.583,34,210,405,390,292
1535,29767.876961714,29767.8772496,,2,GPU-5443d59d-561f-ed1e-da42-1975937205f9,ok,0,0,453,27.46,34,210,405,390,292
1536,29768.876961714,29768.877244438,,2,GPU-5443d59d-561f-ed1e-da42-1975937205f9,ok,0,0,453,27.518,34,210,405,439,292
1537,29769.876961714,29769.877248876,,2,GPU-5443d59d-561f-ed1e-da42-1975937205f9,ok,0,0,453,27.649,34,210,405,439,292
1538,29770.876961714,29770.877244934,,2,GPU-5443d59d-561f-ed1e-da42-1975937205f9,ok,0,0,453,27.42,34,210,405,439,292
1539,29771.876961714,29771.877247222,,2,GPU-5443d59d-561f-ed1e-da42-1975937205f9,ok,0,0,453,27.391,34,210,405,390,292
1540,29772.876961714,29772.8772482,,2,GPU-5443d59d-561f-ed1e-da42-1975937205f9,ok,0,0,453,27.651,34,210,405,390,292
1541,29773.876961714,29773.877247358,,2,GPU-5443d59d-561f-ed1e-da42-1975937205f9,ok,0,0,453,27.543,34,210,405,439,292
1542,29774.876961714,29774.877244256,,2,GPU-5443d59d-561f-ed1e-da42-1975937205f9,ok,0,0,453,27.384,34,210,405,439,292
1543,29775.876961714,29775.877246404,,2,GPU-5443d59d-561f-ed1e-da42-1975937205f9,ok,0,0,453,27.379,34,210,405,439,292
1544,29776.876961714,29776.877242942,,2,GPU-5443d59d-561f-ed1e-da42-1975937205f9,ok,0,0,453,27.303,34,210,405,390,292
1545,29777.876961714,29777.87725075,,2,GPU-5443d59d-561f-ed1e-da42-1975937205f9,ok,0,0,453,27.339,34,210,405,439,292
1546,29778.876961714,29778.877258808,,2,GPU-5443d59d-561f-ed1e-da42-1975937205f9,ok,0,0,453,27.48,34,210,405,439,341
1547,29779.876961714,29779.877254056,,2,GPU-5443d59d-561f-ed1e-da42-1975937205f9,ok,0,0,453,27.413,34,210,405,439,341
1548,29780.876961714,29780.877245254,,2,GPU-5443d59d-561f-ed1e-da42-1975937205f9,ok,0,0,453,27.401,34,210,405,390,341
1549,29781.876961714,29781.877243172,,2,GPU-5443d59d-561f-ed1e-da42-1975937205f9,ok,0,0,453,27.482,34,210,405,439,341
1550,29782.876961714,29782.87724725,,2,GPU-5443d59d-561f-ed1e-da42-1975937205f9,ok,0,0,453,27.342,34,210,405,439,341
1551,29783.876961714,29783.877245178,,2,GPU-5443d59d-561f-ed1e-da42-1975937205f9,ok,0,0,453,27.31,34,210,405,439,341
1552,29784.876961714,29784.877245896,,2,GPU-5443d59d-561f-ed1e-da42-1975937205f9,ok,0,0,453,27.298,34,210,405,439,341
1553,29785.876961714,29785.877248734,,2,GPU-5443d59d-561f-ed1e-da42-1975937205f9,ok,0,0,453,27.25,34,210,405,439,341
1554,29786.876961714,29786.877242932,,2,GPU-5443d59d-561f-ed1e-da42-1975937205f9,ok,0,0,453,27.336,34,210,405,439,292
1555,29787.876961714,29787.87724766,,2,GPU-5443d59d-561f-ed1e-da42-1975937205f9,ok,0,0,453,27.32,34,210,405,439,292
1556,29788.876961714,29788.877253988,,2,GPU-5443d59d-561f-ed1e-da42-1975937205f9,ok,0,0,453,27.354,34,210,405,439,292
1557,29789.876961714,29789.877244666,,2,GPU-5443d59d-561f-ed1e-da42-1975937205f9,ok,0,0,453,27.477,34,210,405,439,292
1558,29790.876961714,29790.877263684,,2,GPU-5443d59d-561f-ed1e-da42-1975937205f9,ok,0,0,453,27.35,34,210,405,439,292
1559,29791.876961714,29791.877243072,,2,GPU-5443d59d-561f-ed1e-da42-1975937205f9,ok,0,0,453,27.308,34,210,405,390,292
1560,29792.876961714,29792.877249181,,2,GPU-5443d59d-561f-ed1e-da42-1975937205f9,ok,0,0,453,27.408,34,210,405,439,292
1561,29793.876961714,29793.877244769,,2,GPU-5443d59d-561f-ed1e-da42-1975937205f9,ok,0,0,453,27.303,34,210,405,439,292
1562,29794.876961714,29794.877245037,,2,GPU-5443d59d-561f-ed1e-da42-1975937205f9,ok,0,0,453,27.215,34,210,405,390,292
1563,29795.876961714,29795.877243455,,2,GPU-5443d59d-561f-ed1e-da42-1975937205f9,ok,0,0,453,27.201,34,210,405,439,292
1564,29796.876961714,29796.877245063,,2,GPU-5443d59d-561f-ed1e-da42-1975937205f9,ok,0,0,453,27.095,34,210,405,439,292
1565,29797.876961714,29797.877241891,,2,GPU-5443d59d-561f-ed1e-da42-1975937205f9,ok,0,0,453,27.195,34,210,405,439,292
1566,29798.876961714,29798.877244199,,2,GPU-5443d59d-561f-ed1e-da42-1975937205f9,ok,0,0,453,27.399,34,210,405,390,292
1567,29799.876961714,29799.877245097,,2,GPU-5443d59d-561f-ed1e-da42-1975937205f9,ok,0,0,453,27.291,34,210,405,439,292
1568,29800.876961714,29800.877252065,,2,GPU-5443d59d-561f-ed1e-da42-1975937205f9,ok,0,0,453,27.268,34,210,405,439,292
1569,29801.876961714,29801.877249523,,2,GPU-5443d59d-561f-ed1e-da42-1975937205f9,ok,0,0,453,27.344,34,210,405,390,341
1570,29802.876961714,29802.877243511,,2,GPU-5443d59d-561f-ed1e-da42-1975937205f9,ok,0,0,453,27.27,34,210,405,439,341
1571,29803.876961714,29803.877245039,,2,GPU-5443d59d-561f-ed1e-da42-1975937205f9,ok,0,0,453,27.289,34,210,405,439,341
1572,29804.876961714,29804.877244657,,2,GPU-5443d59d-561f-ed1e-da42-1975937205f9,ok,0,0,453,27.403,34,210,405,439,341
1573,29805.876961714,29805.877242985,,2,GPU-5443d59d-561f-ed1e-da42-1975937205f9,ok,0,0,453,27.356,34,210,405,439,341
1574,29806.876961714,29806.877246883,,2,GPU-5443d59d-561f-ed1e-da42-1975937205f9,ok,0,0,453,27.366,34,210,405,439,341
1575,29807.876961714,29807.877243671,,2,GPU-5443d59d-561f-ed1e-da42-1975937205f9,ok,0,0,453,27.441,34,210,405,439,341
1576,29808.876961714,29808.877252239,,2,GPU-5443d59d-561f-ed1e-da42-1975937205f9,ok,0,0,453,27.327,34,210,405,390,341
1577,29809.876961714,29809.877246367,,2,GPU-5443d59d-561f-ed1e-da42-1975937205f9,ok,0,0,453,27.275,34,210,405,439,341
1578,29810.876961714,29810.877246615,,2,GPU-5443d59d-561f-ed1e-da42-1975937205f9,ok,0,0,453,27.327,34,210,405,439,341
1579,29811.876961714,29811.877262553,,2,GPU-5443d59d-561f-ed1e-da42-1975937205f9,ok,0,0,453,27.352,34,210,405,439,292
1580,29812.876961714,29812.877265991,,2,GPU-5443d59d-561f-ed1e-da42-1975937205f9,ok,0,0,453,27.423,34,210,405,390,292
1581,29813.876961714,29813.877262109,,2,GPU-5443d59d-561f-ed1e-da42-1975937205f9,ok,0,0,453,27.484,34,210,405,439,292
1582,29814.876961714,29814.877263007,,2,GPU-5443d59d-561f-ed1e-da42-1975937205f9,ok,0,0,453,27.315,34,210,405,439,292
1583,29815.876961714,29815.877263045,,2,GPU-5443d59d-561f-ed1e-da42-1975937205f9,ok,0,0,453,27.293,34,210,405,390,292
1584,29816.876961714,29816.877275373,,2,GPU-5443d59d-561f-ed1e-da42-1975937205f9,ok,0,0,453,27.41,34,210,405,439,292
1585,29817.876961714,29817.877253671,,2,GPU-5443d59d-561f-ed1e-da42-1975937205f9,ok,0,0,453,27.234,34,210,405,439,292
1586,29818.876961714,29818.877254189,,2,GPU-5443d59d-561f-ed1e-da42-1975937205f9,ok,0,0,453,27.161,34,210,405,390,292
1587,29819.876961714,29819.877264287,,2,GPU-5443d59d-561f-ed1e-da42-1975937205f9,ok,0,0,453,27.308,34,210,405,439,292
1588,29820.876961714,29820.877262825,,2,GPU-5443d59d-561f-ed1e-da42-1975937205f9,ok,0,0,453,27.388,34,210,405,439,292
1589,29821.876961714,29821.877261143,,2,GPU-5443d59d-561f-ed1e-da42-1975937205f9,ok,0,0,453,27.505,34,210,405,439,292
1590,29822.876961714,29822.877262861,,2,GPU-5443d59d-561f-ed1e-da42-1975937205f9,ok,0,0,453,27.4,34,210,405,439,292
1591,29823.876961714,29823.877278009,,2,GPU-5443d59d-561f-ed1e-da42-1975937205f9,ok,0,0,453,27.241,34,210,405,439,292
1592,29824.876961714,29824.877264257,,2,GPU-5443d59d-561f-ed1e-da42-1975937205f9,ok,0,0,453,27.373,34,210,405,439,292
1593,29825.876961714,29825.877266165,,2,GPU-5443d59d-561f-ed1e-da42-1975937205f9,ok,0,0,453,27.307,34,210,405,439,292
1594,29826.876961714,29826.877262043,,2,GPU-5443d59d-561f-ed1e-da42-1975937205f9,ok,0,0,453,27.258,34,210,405,488,292
1595,29827.876961714,29827.877261791,,2,GPU-5443d59d-561f-ed1e-da42-1975937205f9,ok,0,0,453,27.279,34,210,405,439,292
1596,29828.876961714,29828.877269509,,2,GPU-5443d59d-561f-ed1e-da42-1975937205f9,ok,0,0,453,27.192,34,210,405,439,292
1597,29829.876961714,29829.877260477,,2,GPU-5443d59d-561f-ed1e-da42-1975937205f9,ok,0,0,453,27.216,34,210,405,390,292
1598,29830.876961714,29830.877273395,,2,GPU-5443d59d-561f-ed1e-da42-1975937205f9,ok,0,0,453,27.293,34,210,405,439,292
1599,29831.876961714,29831.877263513,,2,GPU-5443d59d-561f-ed1e-da42-1975937205f9,ok,0,0,453,27.308,34,210,405,439,341
1600,29832.876961714,29832.877263431,,2,GPU-5443d59d-561f-ed1e-da42-1975937205f9,ok,0,0,453,27.235,34,210,405,439,341
1601,29833.876961714,29833.877265519,,2,GPU-5443d59d-561f-ed1e-da42-1975937205f9,ok,0,0,453,27.252,34,210,405,390,341
1602,29834.876961714,29834.877244027,,2,GPU-5443d59d-561f-ed1e-da42-1975937205f9,ok,0,0,453,27.101,34,210,405,439,341
1603,29835.876961714,29835.877241796,,2,GPU-5443d59d-561f-ed1e-da42-1975937205f9,ok,0,0,453,26.935,34,210,405,439,341
1604,29836.876961714,29836.877243564,,2,GPU-5443d59d-561f-ed1e-da42-1975937205f9,ok,0,0,453,27.112,34,210,405,390,341
1605,29837.876961714,29837.877245882,,2,GPU-5443d59d-561f-ed1e-da42-1975937205f9,ok,0,0,453,27.185,34,210,405,439,341
1606,29838.876961714,29838.8772443,,2,GPU-5443d59d-561f-ed1e-da42-1975937205f9,ok,0,0,453,27.184,34,210,405,439,341
1607,29839.876961714,29839.877241758,,2,GPU-5443d59d-561f-ed1e-da42-1975937205f9,ok,0,0,453,27.313,34,210,405,439,292
1608,29840.876961714,29840.877261626,,2,GPU-5443d59d-561f-ed1e-da42-1975937205f9,ok,0,0,453,27.358,34,210,405,439,292
1609,29841.876961714,29841.877242284,,2,GPU-5443d59d-561f-ed1e-da42-1975937205f9,ok,0,0,453,27.479,34,210,405,439,292
1610,29842.876961714,29842.877242202,,2,GPU-5443d59d-561f-ed1e-da42-1975937205f9,ok,0,0,453,27.453,34,210,405,439,292
1611,29843.876961714,29843.87724124,,2,GPU-5443d59d-561f-ed1e-da42-1975937205f9,ok,0,0,453,27.183,34,210,405,439,292
1612,29844.876961714,29844.877247078,,2,GPU-5443d59d-561f-ed1e-da42-1975937205f9,ok,0,0,453,27.162,34,210,405,439,292
1613,29845.876961714,29845.877243236,,2,GPU-5443d59d-561f-ed1e-da42-1975937205f9,ok,0,0,453,27.19,34,210,405,439,292
1614,29846.876961714,29846.877244334,,2,GPU-5443d59d-561f-ed1e-da42-1975937205f9,ok,0,0,453,27.072,34,210,405,439,292
1615,29847.876961714,29847.877248612,,2,GPU-5443d59d-561f-ed1e-da42-1975937205f9,ok,0,0,453,27.105,34,210,405,439,292
1616,29848.876961714,29848.87724514,,2,GPU-5443d59d-561f-ed1e-da42-1975937205f9,ok,0,0,453,27.283,34,210,405,439,292
1617,29849.876961714,29849.877249398,,2,GPU-5443d59d-561f-ed1e-da42-1975937205f9,ok,0,0,453,27.232,34,210,405,390,292
1618,29850.876961714,29850.877242686,,2,GPU-5443d59d-561f-ed1e-da42-1975937205f9,ok,0,0,453,27.15,34,210,405,439,292
1619,29851.876961714,29851.877244964,,2,GPU-5443d59d-561f-ed1e-da42-1975937205f9,ok,0,0,453,27.09,34,210,405,439,341
1620,29852.876961714,29852.877244632,,2,GPU-5443d59d-561f-ed1e-da42-1975937205f9,ok,0,0,453,26.961,34,210,405,439,341
1621,29853.876961714,29853.87724589,,2,GPU-5443d59d-561f-ed1e-da42-1975937205f9,ok,0,0,453,27.032,34,210,405,439,341
1622,29854.876961714,29854.877244188,,2,GPU-5443d59d-561f-ed1e-da42-1975937205f9,ok,0,0,453,27.191,34,210,405,439,341
1623,29855.876961714,29855.877245166,,2,GPU-5443d59d-561f-ed1e-da42-1975937205f9,ok,0,0,453,27.213,34,210,405,390,341
1624,29856.876961714,29856.877243714,,2,GPU-5443d59d-561f-ed1e-da42-1975937205f9,ok,0,0,453,27.251,34,210,405,439,341
1625,29857.876961714,29857.877243512,,2,GPU-5443d59d-561f-ed1e-da42-1975937205f9,ok,0,0,453,27.311,34,210,405,439,341
1626,29858.876961714,29858.87724637,,2,GPU-5443d59d-561f-ed1e-da42-1975937205f9,ok,0,0,453,27.239,34,210,405,439,341
1627,29859.876961714,29859.877243588,,2,GPU-5443d59d-561f-ed1e-da42-1975937205f9,ok,0,0,453,27.296,34,210,405,439,341
1628,29860.876961714,29860.877245176,,2,GPU-5443d59d-561f-ed1e-da42-1975937205f9,ok,0,0,453,27.237,34,210,405,390,292
1629,29861.876961714,29861.877244564,,2,GPU-5443d59d-561f-ed1e-da42-1975937205f9,ok,0,0,453,27.129,34,210,405,439,292
1630,29862.876961714,29862.877244612,,2,GPU-5443d59d-561f-ed1e-da42-1975937205f9,ok,0,0,453,27.214,34,210,405,439,292
1631,29863.876961714,29863.87724235,,2,GPU-5443d59d-561f-ed1e-da42-1975937205f9,ok,0,0,453,27.109,34,210,405,439,292
1632,29864.876961714,29864.877243548,,2,GPU-5443d59d-561f-ed1e-da42-1975937205f9,ok,0,0,453,27.084,34,210,405,439,292
1633,29865.876961714,29865.877242686,,2,GPU-5443d59d-561f-ed1e-da42-1975937205f9,ok,0,0,453,27.206,34,210,405,439,292
1634,29866.876961714,29866.877247444,,2,GPU-5443d59d-561f-ed1e-da42-1975937205f9,ok,0,0,453,27.055,34,210,405,439,292
1635,29867.876961714,29867.877241062,,2,GPU-5443d59d-561f-ed1e-da42-1975937205f9,ok,0,0,453,27.057,34,210,405,390,292
1636,29868.876961714,29868.8772463,,2,GPU-5443d59d-561f-ed1e-da42-1975937205f9,ok,0,0,453,27.246,34,210,405,439,292
1637,29869.876961714,29869.877241848,,2,GPU-5443d59d-561f-ed1e-da42-1975937205f9,ok,0,0,453,27.181,34,210,405,439,341
1638,29870.876961714,29870.877251666,,2,GPU-5443d59d-561f-ed1e-da42-1975937205f9,ok,0,0,453,27.067,34,210,405,439,341
1639,29871.876961714,29871.877242064,,2,GPU-5443d59d-561f-ed1e-da42-1975937205f9,ok,0,0,453,27.084,34,210,405,439,292
1640,29872.876961714,29872.877242202,,2,GPU-5443d59d-561f-ed1e-da42-1975937205f9,ok,0,0,453,27.05,34,210,405,439,292
1641,29873.876961714,29873.87724497,,2,GPU-5443d59d-561f-ed1e-da42-1975937205f9,ok,0,0,453,27.068,34,210,405,439,292
1642,29874.876961714,29874.877244228,,2,GPU-5443d59d-561f-ed1e-da42-1975937205f9,ok,0,0,453,27.151,34,210,405,390,292
1643,29875.876961714,29875.877243296,,2,GPU-5443d59d-561f-ed1e-da42-1975937205f9,ok,0,0,453,27.075,34,210,405,439,292
1644,29876.876961714,29876.877245314,,2,GPU-5443d59d-561f-ed1e-da42-1975937205f9,ok,0,0,453,27.125,34,210,405,439,292
1645,29877.876961714,29877.877242062,,2,GPU-5443d59d-561f-ed1e-da42-1975937205f9,ok,0,0,453,27.188,34,210,405,439,292
1646,29878.876961714,29878.877240151,,2,GPU-5443d59d-561f-ed1e-da42-1975937205f9,ok,0,0,453,27.125,34,210,405,439,292
1647,29879.876961714,29879.877244159,,2,GPU-5443d59d-561f-ed1e-da42-1975937205f9,ok,0,0,453,27.22,34,210,405,390,292
1648,29880.876961714,29880.877245497,,2,GPU-5443d59d-561f-ed1e-da42-1975937205f9,ok,0,0,453,27.319,34,210,405,439,292
1649,29881.876961714,29881.877257345,,2,GPU-5443d59d-561f-ed1e-da42-1975937205f9,ok,0,0,453,27.307,34,210,405,439,292
1650,29882.876961714,29882.877244633,,2,GPU-5443d59d-561f-ed1e-da42-1975937205f9,ok,0,0,453,27.402,34,210,405,439,292
1651,29883.876961714,29883.877242651,,2,GPU-5443d59d-561f-ed1e-da42-1975937205f9,ok,0,0,453,27.516,34,210,405,439,292
1652,29884.876961714,29884.877245689,,2,GPU-5443d59d-561f-ed1e-da42-1975937205f9,ok,0,0,453,27.331,34,210,405,390,292
1653,29885.876961714,29885.877220937,,2,GPU-5443d59d-561f-ed1e-da42-1975937205f9,ok,0,0,453,27.274,33,210,405,439,292
1654,29886.876961714,29886.877258225,,2,GPU-5443d59d-561f-ed1e-da42-1975937205f9,ok,0,0,453,27.449,34,210,405,439,292
1655,29887.876961714,29887.877249083,,2,GPU-5443d59d-561f-ed1e-da42-1975937205f9,ok,0,0,453,27.445,34,210,405,439,292
1656,29888.876961714,29888.877246631,,2,GPU-5443d59d-561f-ed1e-da42-1975937205f9,ok,0,0,453,27.427,33,210,405,439,292
1657,29889.876961714,29889.877242969,,2,GPU-5443d59d-561f-ed1e-da42-1975937205f9,ok,0,0,453,27.4,34,210,405,439,292
1658,29890.876961714,29890.877247817,,2,GPU-5443d59d-561f-ed1e-da42-1975937205f9,ok,0,0,453,27.22,34,210,405,439,292
1659,29891.876961714,29891.877243065,,2,GPU-5443d59d-561f-ed1e-da42-1975937205f9,ok,0,0,453,27.271,34,210,405,439,292
1660,29892.876961714,29892.877247683,,2,GPU-5443d59d-561f-ed1e-da42-1975937205f9,ok,0,0,453,27.446,34,210,405,439,292
1661,29893.876961714,29893.877246751,,2,GPU-5443d59d-561f-ed1e-da42-1975937205f9,ok,0,0,453,27.431,34,210,405,390,292
1662,29894.876961714,29894.877245769,,2,GPU-5443d59d-561f-ed1e-da42-1975937205f9,ok,0,0,453,27.471,34,210,405,439,292
1663,29895.876961714,29895.877247657,,2,GPU-5443d59d-561f-ed1e-da42-1975937205f9,ok,0,0,453,27.453,34,210,405,439,292
1664,29896.876961714,29896.877244635,,2,GPU-5443d59d-561f-ed1e-da42-1975937205f9,ok,0,0,453,27.399,34,210,405,390,292
1665,29897.876961714,29897.877246683,,2,GPU-5443d59d-561f-ed1e-da42-1975937205f9,ok,0,0,453,27.435,34,210,405,390,292
1666,29898.876961714,29898.877245701,,2,GPU-5443d59d-561f-ed1e-da42-1975937205f9,ok,0,0,453,27.287,34,210,405,439,292
1667,29899.876961714,29899.877246819,,2,GPU-5443d59d-561f-ed1e-da42-1975937205f9,ok,0,0,453,27.199,34,210,405,488,292
1668,29900.876961714,29900.877252807,,2,GPU-5443d59d-561f-ed1e-da42-1975937205f9,ok,0,0,453,27.272,34,210,405,439,292
1669,29901.876961714,29901.877244065,,2,GPU-5443d59d-561f-ed1e-da42-1975937205f9,ok,0,0,453,27.257,34,210,405,439,292
1670,29902.876961714,29902.877244413,,2,GPU-5443d59d-561f-ed1e-da42-1975937205f9,ok,0,0,453,27.296,33,210,405,439,292
1671,29903.876961714,29903.877248481,,2,GPU-5443d59d-561f-ed1e-da42-1975937205f9,ok,0,0,453,27.356,34,210,405,439,292
1672,29904.876961714,29904.877245409,,2,GPU-5443d59d-561f-ed1e-da42-1975937205f9,ok,0,0,453,27.226,34,210,405,439,292
1673,29905.876961714,29905.877244057,,2,GPU-5443d59d-561f-ed1e-da42-1975937205f9,ok,0,0,453,27.23,34,210,405,390,292
1674,29906.876961714,29906.877249135,,2,GPU-5443d59d-561f-ed1e-da42-1975937205f9,ok,0,0,453,27.365,34,210,405,439,292
1675,29907.876961714,29907.877246453,,2,GPU-5443d59d-561f-ed1e-da42-1975937205f9,ok,0,0,453,27.246,34,210,405,439,292
1676,29908.876961714,29908.877246471,,2,GPU-5443d59d-561f-ed1e-da42-1975937205f9,ok,0,0,453,27.253,34,210,405,439,292
1677,29909.876961714,29909.877244799,,2,GPU-5443d59d-561f-ed1e-da42-1975937205f9,ok,0,0,453,27.297,34,210,405,439,292
1678,29910.876961714,29910.877246227,,2,GPU-5443d59d-561f-ed1e-da42-1975937205f9,ok,0,0,453,27.142,34,210,405,439,292
1679,29911.876961714,29911.877244735,,2,GPU-5443d59d-561f-ed1e-da42-1975937205f9,ok,0,0,453,27.22,34,210,405,390,292
1680,29912.876961714,29912.877246303,,2,GPU-5443d59d-561f-ed1e-da42-1975937205f9,ok,0,0,453,27.437,34,210,405,439,292
1681,29913.876961714,29913.877240951,,2,GPU-5443d59d-561f-ed1e-da42-1975937205f9,ok,0,0,453,27.413,34,210,405,439,292
1682,29914.876961714,29914.877247039,,2,GPU-5443d59d-561f-ed1e-da42-1975937205f9,ok,0,0,453,27.387,33,210,405,439,292
1683,29915.876961714,29915.877246427,,2,GPU-5443d59d-561f-ed1e-da42-1975937205f9,ok,0,0,453,27.401,34,210,405,439,292
1684,29916.876961714,29916.877246465,,2,GPU-5443d59d-561f-ed1e-da42-1975937205f9,ok,0,0,453,27.336,34,210,405,439,292
1685,29917.876961714,29917.877242723,,2,GPU-5443d59d-561f-ed1e-da42-1975937205f9,ok,0,0,453,27.301,34,210,405,439,341
1686,29918.876961714,29918.877246231,,2,GPU-5443d59d-561f-ed1e-da42-1975937205f9,ok,0,0,453,27.283,33,210,405,439,341
1687,29919.876961714,29919.877245109,,2,GPU-5443d59d-561f-ed1e-da42-1975937205f9,ok,0,0,453,27.212,33,210,405,390,341
1688,29920.876961714,29920.877248087,,2,GPU-5443d59d-561f-ed1e-da42-1975937205f9,ok,0,0,453,27.249,34,210,405,439,292
1689,29921.876961714,29921.877252696,,2,GPU-5443d59d-561f-ed1e-da42-1975937205f9,ok,0,0,453,27.294,33,210,405,439,292
1690,29922.876961714,29922.877245404,,2,GPU-5443d59d-561f-ed1e-da42-1975937205f9,ok,0,0,453,27.221,33,210,405,439,292
1691,29923.876961714,29923.877243122,,2,GPU-5443d59d-561f-ed1e-da42-1975937205f9,ok,0,0,453,27.334,34,210,405,439,292
1692,29924.876961714,29924.87724893,,2,GPU-5443d59d-561f-ed1e-da42-1975937205f9,ok,0,0,453,27.481,33,210,405,439,292
1693,29925.876961714,29925.877243448,,2,GPU-5443d59d-561f-ed1e-da42-1975937205f9,ok,0,0,453,27.257,33,210,405,439,292
1694,29926.876961714,29926.877248646,,2,GPU-5443d59d-561f-ed1e-da42-1975937205f9,ok,0,0,453,27.13,34,210,405,439,292
1695,29927.876961714,29927.877249514,,2,GPU-5443d59d-561f-ed1e-da42-1975937205f9,ok,0,0,453,27.269,33,210,405,439,292
1696,29928.876961714,29928.877244842,,2,GPU-5443d59d-561f-ed1e-da42-1975937205f9,ok,0,0,453,27.207,33,210,405,439,292
1697,29929.876961714,29929.8772603,,2,GPU-5443d59d-561f-ed1e-da42-1975937205f9,ok,0,0,453,27.263,34,210,405,439,292
1698,29930.876961714,29930.877244718,,2,GPU-5443d59d-561f-ed1e-da42-1975937205f9,ok,0,0,453,27.376,34,210,405,439,292
1699,29931.876961714,29931.877247206,,2,GPU-5443d59d-561f-ed1e-da42-1975937205f9,ok,0,0,453,27.186,34,210,405,390,341
1700,29932.876961714,29932.877246994,,2,GPU-5443d59d-561f-ed1e-da42-1975937205f9,ok,0,0,453,27.131,33,210,405,439,341
1701,29933.876961714,29933.877247212,,2,GPU-5443d59d-561f-ed1e-da42-1975937205f9,ok,0,0,453,27.232,33,210,405,439,341
1702,29934.876961714,29934.87724651,,2,GPU-5443d59d-561f-ed1e-da42-1975937205f9,ok,0,0,453,27.128,33,210,405,390,341
1703,29935.876961714,29935.877260278,,2,GPU-5443d59d-561f-ed1e-da42-1975937205f9,ok,0,0,453,27.101,33,210,405,439,292
1704,29936.876961714,29936.877260596,,2,GPU-5443d59d-561f-ed1e-da42-1975937205f9,ok,0,0,453,27.057,33,210,405,439,292
1705,29937.876961714,29937.877262344,,2,GPU-5443d59d-561f-ed1e-da42-1975937205f9,ok,0,0,453,27.002,34,210,405,390,292
1706,29938.876961714,29938.877265312,,2,GPU-5443d59d-561f-ed1e-da42-1975937205f9,ok,0,0,453,27.006,34,210,405,439,292
1707,29939.876961714,29939.87726278,,2,GPU-5443d59d-561f-ed1e-da42-1975937205f9,ok,0,0,453,26.89,34,210,405,439,292
1708,29940.876961714,29940.877272778,,2,GPU-5443d59d-561f-ed1e-da42-1975937205f9,ok,0,0,453,26.964,33,210,405,439,292
1709,29941.876961714,29941.877277366,,2,GPU-5443d59d-561f-ed1e-da42-1975937205f9,ok,0,0,453,27.21,33,210,405,439,292
1710,29942.876961714,29942.877275414,,2,GPU-5443d59d-561f-ed1e-da42-1975937205f9,ok,0,0,453,27.121,33,210,405,439,292
1711,29943.876961714,29943.877263382,,2,GPU-5443d59d-561f-ed1e-da42-1975937205f9,ok,0,0,453,27.081,33,210,405,439,292
1712,29944.876961714,29944.87726519,,2,GPU-5443d59d-561f-ed1e-da42-1975937205f9,ok,0,0,453,27.338,33,210,405,439,292
1713,29945.876961714,29945.877236478,,2,GPU-5443d59d-561f-ed1e-da42-1975937205f9,ok,0,0,453,27.321,34,210,405,439,292
1714,29946.876961714,29946.877266686,,2,GPU-5443d59d-561f-ed1e-da42-1975937205f9,ok,0,0,453,27.194,33,210,405,439,292
1715,29947.876961714,29947.877257744,,2,GPU-5443d59d-561f-ed1e-da42-1975937205f9,ok,0,0,453,27.139,33,210,405,439,292
1716,29948.876961714,29948.877264462,,2,GPU-5443d59d-561f-ed1e-da42-1975937205f9,ok,0,0,453,27.0,33,210,405,439,292
1717,29949.876961714,29949.87726447,,2,GPU-5443d59d-561f-ed1e-da42-1975937205f9,ok,0,0,453,27.102,33,210,405,439,292
1718,29950.876961714,29950.877267358,,2,GPU-5443d59d-561f-ed1e-da42-1975937205f9,ok,0,0,453,27.364,33,210,405,439,292
1719,29951.876961714,29951.877259486,,2,GPU-5443d59d-561f-ed1e-da42-1975937205f9,ok,0,0,453,27.297,33,210,405,439,341
1720,29952.876961714,29952.877266914,,2,GPU-5443d59d-561f-ed1e-da42-1975937205f9,ok,0,0,453,27.222,34,210,405,439,341
1721,29953.876961714,29953.877265482,,2,GPU-5443d59d-561f-ed1e-da42-1975937205f9,ok,0,0,453,27.32,34,210,405,439,341
1722,29954.876961714,29954.87726459,,2,GPU-5443d59d-561f-ed1e-da42-1975937205f9,ok,0,0,453,27.244,33,210,405,390,341
1723,29955.876961714,29955.877265688,,2,GPU-5443d59d-561f-ed1e-da42-1975937205f9,ok,0,0,453,27.223,33,210,405,439,341
1724,29956.876961714,29956.877263146,,2,GPU-5443d59d-561f-ed1e-da42-1975937205f9,ok,0,0,453,27.336,33,210,405,439,292
1725,29957.876961714,29957.877264924,,2,GPU-5443d59d-561f-ed1e-da42-1975937205f9,ok,0,0,453,27.23,33,210,405,439,341
1726,29958.876961714,29958.877244142,,2,GPU-5443d59d-561f-ed1e-da42-1975937205f9,ok,0,0,453,27.171,33,210,405,439,292
1727,29959.876961714,29959.87724635,,2,GPU-5443d59d-561f-ed1e-da42-1975937205f9,ok,0,0,453,27.216,33,210,405,390,341
1728,29960.876961714,29960.877248158,,2,GPU-5443d59d-561f-ed1e-da42-1975937205f9,ok,0,0,453,27.148,33,210,405,439,341
1729,29961.876961714,29961.877248546,,2,GPU-5443d59d-561f-ed1e-da42-1975937205f9,ok,0,0,453,27.138,33,210,405,439,341
1730,29962.876961714,29962.877252044,,2,GPU-5443d59d-561f-ed1e-da42-1975937205f9,ok,0,0,453,27.12,33,210,405,390,341
1731,29963.876961714,29963.877245432,,2,GPU-5443d59d-561f-ed1e-da42-1975937205f9,ok,0,0,453,26.984,33,210,405,390,341
1732,29964.876961714,29964.87724771,,2,GPU-5443d59d-561f-ed1e-da42-1975937205f9,ok,0,0,453,26.966,33,210,405,439,341
1733,29965.876961714,29965.877244489,,2,GPU-5443d59d-561f-ed1e-da42-1975937205f9,ok,0,0,453,27.041,33,210,405,439,292
1734,29966.876961714,29966.877245747,,2,GPU-5443d59d-561f-ed1e-da42-1975937205f9,ok,0,0,453,26.99,33,210,405,439,292
1735,29967.876961714,29967.877244095,,2,GPU-5443d59d-561f-ed1e-da42-1975937205f9,ok,0,0,453,26.971,33,210,405,439,292
1736,29968.876961714,29968.877246573,,2,GPU-5443d59d-561f-ed1e-da42-1975937205f9,ok,0,0,453,27.003,33,210,405,390,292
1737,29969.876961714,29969.877243841,,2,GPU-5443d59d-561f-ed1e-da42-1975937205f9,ok,0,0,453,26.831,33,210,405,439,292
1738,29970.876961714,29970.877249639,,2,GPU-5443d59d-561f-ed1e-da42-1975937205f9,ok,0,0,453,26.921,33,210,405,439,292
1739,29971.876961714,29971.877246277,,2,GPU-5443d59d-561f-ed1e-da42-1975937205f9,ok,0,0,453,27.045,33,210,405,439,292
1740,29972.876961714,29972.877244125,,2,GPU-5443d59d-561f-ed1e-da42-1975937205f9,ok,0,0,453,27.074,33,210,405,439,292
1741,29973.876961714,29973.877244473,,2,GPU-5443d59d-561f-ed1e-da42-1975937205f9,ok,0,0,453,27.277,33,210,405,390,292
1742,29974.876961714,29974.877246061,,2,GPU-5443d59d-561f-ed1e-da42-1975937205f9,ok,0,0,453,27.35,33,210,405,439,292
1743,29975.876961714,29975.877245989,,2,GPU-5443d59d-561f-ed1e-da42-1975937205f9,ok,0,0,453,27.433,33,210,405,439,292
1744,29976.876961714,29976.877250027,,2,GPU-5443d59d-561f-ed1e-da42-1975937205f9,ok,0,0,453,27.392,33,210,405,439,292
1745,29977.876961714,29977.877250785,,2,GPU-5443d59d-561f-ed1e-da42-1975937205f9,ok,0,0,453,27.191,33,210,405,439,292
1746,29978.876961714,29978.877250353,,2,GPU-5443d59d-561f-ed1e-da42-1975937205f9,ok,0,0,453,27.144,34,210,405,439,292
1747,29979.876961714,29979.877248591,,2,GPU-5443d59d-561f-ed1e-da42-1975937205f9,ok,0,0,453,27.229,34,210,405,439,292
1748,29980.876961714,29980.877257579,,2,GPU-5443d59d-561f-ed1e-da42-1975937205f9,ok,0,0,453,27.219,33,210,405,439,292
1749,29981.876961714,29981.877244817,,2,GPU-5443d59d-561f-ed1e-da42-1975937205f9,ok,0,0,453,27.227,33,210,405,439,292
1750,29982.876961714,29982.877250275,,2,GPU-5443d59d-561f-ed1e-da42-1975937205f9,ok,0,0,453,27.336,33,210,405,439,292
1751,29983.876961714,29983.877244243,,2,GPU-5443d59d-561f-ed1e-da42-1975937205f9,ok,0,0,453,27.328,33,210,405,439,341
1752,29984.876961714,29984.877248371,,2,GPU-5443d59d-561f-ed1e-da42-1975937205f9,ok,0,0,453,27.328,33,210,405,439,341
1753,29985.876961714,29985.877245299,,2,GPU-5443d59d-561f-ed1e-da42-1975937205f9,ok,0,0,453,27.366,33,210,405,439,341
1754,29986.876961714,29986.877243627,,2,GPU-5443d59d-561f-ed1e-da42-1975937205f9,ok,0,0,453,27.337,33,210,405,439,292
1755,29987.876961714,29987.877245925,,2,GPU-5443d59d-561f-ed1e-da42-1975937205f9,ok,0,0,453,27.465,33,210,405,439,292
1756,29988.876961714,29988.877248453,,2,GPU-5443d59d-561f-ed1e-da42-1975937205f9,ok,0,0,453,27.482,33,210,405,439,292
1757,29989.876961714,29989.877244311,,2,GPU-5443d59d-561f-ed1e-da42-1975937205f9,ok,0,0,453,27.279,33,210,405,439,292
1758,29990.876961714,29990.877244399,,2,GPU-5443d59d-561f-ed1e-da42-1975937205f9,ok,0,0,453,27.305,33,210,405,390,292
1759,29991.876961714,29991.877245207,,2,GPU-5443d59d-561f-ed1e-da42-1975937205f9,ok,0,0,453,27.452,33,210,405,439,292
1760,29992.876961714,29992.877245245,,2,GPU-5443d59d-561f-ed1e-da42-1975937205f9,ok,0,0,453,27.388,33,210,405,439,292
1761,29993.876961714,29993.877243993,,2,GPU-5443d59d-561f-ed1e-da42-1975937205f9,ok,0,0,453,27.368,33,210,405,439,292
1762,29994.876961714,29994.877248391,,2,GPU-5443d59d-561f-ed1e-da42-1975937205f9,ok,0,0,453,27.478,33,210,405,390,292
1763,29995.876961714,29995.877244099,,2,GPU-5443d59d-561f-ed1e-da42-1975937205f9,ok,0,0,453,27.383,33,210,405,439,292
1764,29996.876961714,29996.877249727,,2,GPU-5443d59d-561f-ed1e-da42-1975937205f9,ok,0,0,453,27.341,33,210,405,439,292
1765,29997.876961714,29997.877246925,,2,GPU-5443d59d-561f-ed1e-da42-1975937205f9,ok,0,0,453,27.448,33,210,405,439,341
1766,29998.876961714,29998.877244593,,2,GPU-5443d59d-561f-ed1e-da42-1975937205f9,ok,0,0,453,27.358,33,210,405,390,292
1767,29999.876961714,29999.877243881,,2,GPU-5443d59d-561f-ed1e-da42-1975937205f9,ok,0,0,453,27.268,33,210,405,439,292
1768,30000.876961714,30000.877247229,,2,GPU-5443d59d-561f-ed1e-da42-1975937205f9,ok,0,0,453,27.312,33,210,405,439,292
1769,30001.876961714,30001.877244567,,2,GPU-5443d59d-561f-ed1e-da42-1975937205f9,ok,0,0,453,27.239,33,210,405,439,292
1770,30002.876961714,30002.877250785,,2,GPU-5443d59d-561f-ed1e-da42-1975937205f9,ok,0,0,453,27.266,33,210,405,439,292
1771,30003.876961714,30003.877244013,,2,GPU-5443d59d-561f-ed1e-da42-1975937205f9,ok,0,0,453,27.387,33,210,405,390,292
1772,30004.876961714,30004.877244121,,2,GPU-5443d59d-561f-ed1e-da42-1975937205f9,ok,0,0,453,27.32,33,210,405,439,292
1773,30005.876961714,30005.877246229,,2,GPU-5443d59d-561f-ed1e-da42-1975937205f9,ok,0,0,453,27.342,33,210,405,439,292
1774,30006.876961714,30006.877247027,,2,GPU-5443d59d-561f-ed1e-da42-1975937205f9,ok,0,0,453,27.332,33,210,405,439,292
1775,30007.876961714,30007.877245425,,2,GPU-5443d59d-561f-ed1e-da42-1975937205f9,ok,0,0,453,27.102,33,210,405,390,292
1776,30008.876961714,30008.877246574,,2,GPU-5443d59d-561f-ed1e-da42-1975937205f9,ok,0,0,453,27.073,33,210,405,439,292
1777,30009.876961714,30009.877245152,,2,GPU-5443d59d-561f-ed1e-da42-1975937205f9,ok,0,0,453,26.981,33,210,405,439,292
1778,30010.876961714,30010.87724616,,2,GPU-5443d59d-561f-ed1e-da42-1975937205f9,ok,0,0,453,27.03,33,210,405,439,292
1779,30011.876961714,30011.877245118,,2,GPU-5443d59d-561f-ed1e-da42-1975937205f9,ok,0,0,453,27.316,33,210,405,439,292
1780,30012.876961714,30012.877247176,,2,GPU-5443d59d-561f-ed1e-da42-1975937205f9,ok,0,0,453,27.173,33,210,405,390,292
1781,30013.876961714,30013.877242824,,2,GPU-5443d59d-561f-ed1e-da42-1975937205f9,ok,0,0,453,27.101,33,210,405,439,292
1782,30014.876961714,30014.877247782,,2,GPU-5443d59d-561f-ed1e-da42-1975937205f9,ok,0,0,453,27.249,33,210,405,439,292
1783,30015.876961714,30015.87724216,,2,GPU-5443d59d-561f-ed1e-da42-1975937205f9,ok,0,0,453,27.165,33,210,405,439,292
1784,30016.876961714,30016.877246948,,2,GPU-5443d59d-561f-ed1e-da42-1975937205f9,ok,0,0,453,27.14,33,210,405,439,292
1785,30017.876961714,30017.877245186,,2,GPU-5443d59d-561f-ed1e-da42-1975937205f9,ok,0,0,453,27.223,33,210,405,439,292
1786,30018.876961714,30018.877244704,,2,GPU-5443d59d-561f-ed1e-da42-1975937205f9,ok,0,0,453,27.086,33,210,405,439,292
1787,30019.876961714,30019.877247432,,2,GPU-5443d59d-561f-ed1e-da42-1975937205f9,ok,0,0,453,27.032,33,210,405,439,292
1788,30020.876961714,30020.87724158,,2,GPU-5443d59d-561f-ed1e-da42-1975937205f9,ok,0,0,453,27.188,33,210,405,390,292
1789,30021.876961714,30021.877247128,,2,GPU-5443d59d-561f-ed1e-da42-1975937205f9,ok,0,0,453,27.202,33,210,405,390,292
1790,30022.876961714,30022.877263766,,2,GPU-5443d59d-561f-ed1e-da42-1975937205f9,ok,0,0,453,27.316,33,210,405,390,292
1791,30023.876961714,30023.877247754,,2,GPU-5443d59d-561f-ed1e-da42-1975937205f9,ok,0,0,453,27.403,33,210,405,390,292
1792,30024.876961714,30024.877246792,,2,GPU-5443d59d-561f-ed1e-da42-1975937205f9,ok,0,0,453,27.163,33,210,405,439,292
1793,30025.876961714,30025.87724901,,2,GPU-5443d59d-561f-ed1e-da42-1975937205f9,ok,0,0,453,27.061,33,210,405,439,292
1794,30026.876961714,30026.877244958,,2,GPU-5443d59d-561f-ed1e-da42-1975937205f9,ok,0,0,453,27.113,33,210,405,390,292
1795,30027.876961714,30027.877246386,,2,GPU-5443d59d-561f-ed1e-da42-1975937205f9,ok,0,0,453,27.006,33,210,405,390,341
1796,30028.876961714,30028.877244574,,2,GPU-5443d59d-561f-ed1e-da42-1975937205f9,ok,0,0,453,27.046,33,210,405,439,292
1797,30029.876961714,30029.877246462,,2,GPU-5443d59d-561f-ed1e-da42-1975937205f9,ok,0,0,453,27.214,33,210,405,439,292
1798,30030.876961714,30030.87724801,,2,GPU-5443d59d-561f-ed1e-da42-1975937205f9,ok,0,0,453,27.087,33,210,405,439,292
1799,30031.876961714,30031.877243928,,2,GPU-5443d59d-561f-ed1e-da42-1975937205f9,ok,0,0,453,27.054,33,210,405,439,292
1800,30032.876961714,30032.877246986,,2,GPU-5443d59d-561f-ed1e-da42-1975937205f9,ok,0,0,453,27.28,33,210,405,439,292
1801,30033.876961714,30033.877259654,,2,GPU-5443d59d-561f-ed1e-da42-1975937205f9,ok,0,0,453,27.279,33,210,405,390,292
1802,30034.876961714,30034.877245212,,2,GPU-5443d59d-561f-ed1e-da42-1975937205f9,ok,0,0,453,27.27,33,210,405,439,292
1803,30035.876961714,30035.87724429,,2,GPU-5443d59d-561f-ed1e-da42-1975937205f9,ok,0,0,453,27.32,33,210,405,439,292
1804,30036.876961714,30036.877264698,,2,GPU-5443d59d-561f-ed1e-da42-1975937205f9,ok,0,0,453,27.064,33,210,405,439,292
1805,30037.876961714,30037.877247456,,2,GPU-5443d59d-561f-ed1e-da42-1975937205f9,ok,0,0,453,27.116,33,210,405,439,292
1806,30038.876961714,30038.877243624,,2,GPU-5443d59d-561f-ed1e-da42-1975937205f9,ok,0,0,453,27.31,33,210,405,439,292
1807,30039.876961714,30039.877245552,,2,GPU-5443d59d-561f-ed1e-da42-1975937205f9,ok,0,0,453,27.132,33,210,405,439,341
1808,30040.876961714,30040.87724806,,2,GPU-5443d59d-561f-ed1e-da42-1975937205f9,ok,0,0,453,27.036,33,210,405,439,341
1809,30041.876961714,30041.877243428,,2,GPU-5443d59d-561f-ed1e-da42-1975937205f9,ok,0,0,453,27.038,33,210,405,439,341
1810,30042.876961714,30042.877253816,,2,GPU-5443d59d-561f-ed1e-da42-1975937205f9,ok,0,0,453,27.054,33,210,405,390,341
1811,30043.876961714,30043.877220544,,2,GPU-5443d59d-561f-ed1e-da42-1975937205f9,ok,0,0,453,27.137,33,210,405,439,292
1812,30044.876961714,30044.877245822,,2,GPU-5443d59d-561f-ed1e-da42-1975937205f9,ok,0,0,453,27.186,33,210,405,439,292
1813,30045.876961714,30045.87724667,,2,GPU-5443d59d-561f-ed1e-da42-1975937205f9,ok,0,0,453,27.111,33,210,405,390,292
1814,30046.876961714,30046.877248048,,2,GPU-5443d59d-561f-ed1e-da42-1975937205f9,ok,0,0,453,27.078,33,210,405,439,292
1815,30047.876961714,30047.877246156,,2,GPU-5443d59d-561f-ed1e-da42-1975937205f9,ok,0,0,453,27.004,33,210,405,439,292
1816,30048.876961714,30048.877248044,,2,GPU-5443d59d-561f-ed1e-da42-1975937205f9,ok,0,0,453,26.892,33,210,405,390,292
1817,30049.876961714,30049.877243292,,2,GPU-5443d59d-561f-ed1e-da42-1975937205f9,ok,0,0,453,26.96,33,210,405,439,292
1818,30050.876961714,30050.87724375,,2,GPU-5443d59d-561f-ed1e-da42-1975937205f9,ok,0,0,453,26.951,33,210,405,439,341
1819,30051.876961714,30051.877292119,,2,GPU-5443d59d-561f-ed1e-da42-1975937205f9,ok,0,0,453,27.063,33,210,405,439,341
1820,30052.876961714,30052.877194137,,2,GPU-5443d59d-561f-ed1e-da42-1975937205f9,ok,1,0,453,27.517,34,210,405,439,341
1821,30053.876961714,30053.877244785,,2,GPU-5443d59d-561f-ed1e-da42-1975937205f9,ok,3,0,1515,52.022,36,1710,9501,537,292
1822,30054.876961714,30054.877245543,,2,GPU-5443d59d-561f-ed1e-da42-1975937205f9,ok,100,24,1515,313.091,48,1485,9501,537,439
1823,30055.876961714,30055.877247481,,2,GPU-5443d59d-561f-ed1e-da42-1975937205f9,ok,100,25,1515,348.009,49,1485,9501,390,292
1824,30056.876961714,30056.877246909,,2,GPU-5443d59d-561f-ed1e-da42-1975937205f9,ok,0,0,1515,163.07,40,1935,9501,390,244
1825,30057.876961714,30057.877246437,,2,GPU-5443d59d-561f-ed1e-da42-1975937205f9,ok,0,0,1515,130.69,39,1710,9501,537,439
1826,30058.876961714,30058.877246565,,2,GPU-5443d59d-561f-ed1e-da42-1975937205f9,ok,100,22,1515,234.364,50,1470,9501,488,292
1827,30059.876961714,30059.877257883,,2,GPU-5443d59d-561f-ed1e-da42-1975937205f9,ok,100,23,1515,347.599,51,1470,9501,390,292
1828,30060.876961714,30060.877264251,,2,GPU-5443d59d-561f-ed1e-da42-1975937205f9,ok,0,0,1515,167.525,42,1935,9501,390,292
1829,30061.876961714,30061.877259939,,2,GPU-5443d59d-561f-ed1e-da42-1975937205f9,ok,0,0,1515,131.302,41,1935,9501,585,341
1830,30062.876961714,30062.877261927,,2,GPU-5443d59d-561f-ed1e-da42-1975937205f9,ok,100,22,1515,232.013,51,1485,9501,537,439
1831,30063.876961714,30063.877263355,,2,GPU-5443d59d-561f-ed1e-da42-1975937205f9,ok,100,27,1515,347.241,52,1485,9501,390,292
1832,30064.876961714,30064.877275703,,2,GPU-5443d59d-561f-ed1e-da42-1975937205f9,ok,0,0,1515,173.86,44,1920,9501,390,244
1833,30065.876961714,30065.877279071,,2,GPU-5443d59d-561f-ed1e-da42-1975937205f9,ok,0,0,1515,131.477,43,1710,9501,390,292
1834,30066.876961714,30066.877274219,,2,GPU-5443d59d-561f-ed1e-da42-1975937205f9,ok,0,0,453,117.347,42,1710,9751,390,292
1835,30067.876961714,30067.877270687,,2,GPU-5443d59d-561f-ed1e-da42-1975937205f9,ok,0,0,453,117.964,42,1710,9751,1904,390
