tick_index,t_target_raw_s,t_receipt_raw_s,utc_anchor,gpu_index,gpu_uuid,status,util_gpu_pct,util_mem_pct,mem_used_mib,power_w,temp_c,clock_sm_mhz,clock_mem_mhz,pcie_tx_kbps,pcie_rx_kbps
-1,21503.297812657,21503.297949867,2026-08-25T02:45:42.685813+00:00,-1,anchor,anchor,,,,,,,,,
0,21503.297812657,21503.347982412,,0,GPU-9b96eb67-aeee-89d5-aa85-fc650af4e25c,ok,0,0,450,28.921,36,210,405,390,341
0,21503.297812657,21503.357733195,,1,GPU-37ffc98b-8551-c8a1-5f3c-27ade9ae735a,ok,0,0,450,77.646,60,420,5001,390,292
0,21503.297812657,21503.363533616,,2,GPU-5443d59d-561f-ed1e-da42-1975937205f9,ok,0,0,450,28.546,37,210,405,439,341
0,21503.297812657,21503.365571597,,3,GPU-46bf67bb-cb31-bee1-3cf0-c35337ba97d2,ok,0,0,450,28.135,39,210,405,439,341
0,21503.297812657,21503.348620852,,4,GPU-127e16de-2b5f-dde9-1932-b4e29bb818c0,ok,0,0,450,25.711,34,210,405,439,341
1,21504.297812657,21504.298610555,,0,GPU-9b96eb67-aeee-89d5-aa85-fc650af4e25c,ok,0,0,450,27.533,36,210,405,439,292
1,21504.297812657,21504.298842865,,1,GPU-37ffc98b-8551-c8a1-5f3c-27ade9ae735a,ok,0,0,450,50.067,57,240,810,439,292
1,21504.297812657,21504.298816775,,2,GPU-5443d59d-561f-ed1e-da42-1975937205f9,ok,0,0,450,27.619,36,210,405,439,292
1,21504.297812657,21504.298664155,,3,GPU-46bf67bb-cb31-bee1-3cf0-c35337ba97d2,ok,0,0,450,26.509,39,210,405,439,341
1,21504.297812657,21504.300891386,,4,GPU-127e16de-2b5f-dde9-1932-b4e29bb818c0,ok,0,0,450,24.492,34,210,405,439,292
2,21505.297812657,21505.298637183,,0,GPU-9b96eb67-aeee-89d5-aa85-fc650af4e25c,ok,0,0,450,27.109,36,210,405,390,292
2,21505.297812657,21505.299075313,,1,GPU-37ffc98b-8551-c8a1-5f3c-27ade9ae735a,ok,0,0,450,25.284,57,210,405,390,292
2,21505.297812657,21505.298375563,,2,GPU-5443d59d-561f-ed1e-da42-1975937205f9,ok,0,0,450,27.234,36,210,405,439,341
2,21505.297812657,21505.298529343,,3,GPU-46bf67bb-cb31-bee1-3cf0-c35337ba97d2,ok,0,0,450,25.992,39,210,405,439,341
2,21505.297812657,21505.299709313,,4,GPU-127e16de-2b5f-dde9-1932-b4e29bb818c0,ok,0,0,450,23.95,34,210,405,439,292
3,21506.297812657,21506.299255971,,0,GPU-9b96eb67-aeee-89d5-aa85-fc650af4e25c,ok,0,0,450,27.166,36,210,405,439,292
3,21506.297812657,21506.299167001,,1,GPU-37ffc98b-8551-c8a1-5f3c-27ade9ae735a,ok,0,0,450,22.217,57,210,405,439,292
3,21506.297812657,21506.298236051,,2,GPU-5443d59d-561f-ed1e-da42-1975937205f9,ok,0,0,450,27.252,36,210,405,439,292
3,21506.297812657,21506.299201661,,3,GPU-46bf67bb-cb31-bee1-3cf0-c35337ba97d2,ok,0,0,450,25.99,39,210,405,439,292
3,21506.297812657,21506.299226511,,4,GPU-127e16de-2b5f-dde9-1932-b4e29bb818c0,ok,0,0,450,24.041,34,210,405,439,292
4,21507.297812657,21507.298770449,,0,GPU-9b96eb67-aeee-89d5-aa85-fc650af4e25c,ok,0,0,450,27.09,36,210,405,439,341
4,21507.297812657,21507.298533769,,1,GPU-37ffc98b-8551-c8a1-5f3c-27ade9ae735a,ok,0,0,450,19.986,56,210,405,439,341
4,21507.297812657,21507.298809689,,2,GPU-5443d59d-561f-ed1e-da42-1975937205f9,ok,0,0,450,27.442,36,210,405,439,292
4,21507.297812657,21507.298669659,,3,GPU-46bf67bb-cb31-bee1-3cf0-c35337ba97d2,ok,0,0,450,26.142,39,210,405,439,292
4,21507.297812657,21507.299863509,,4,GPU-127e16de-2b5f-dde9-1932-b4e29bb818c0,ok,0,0,450,24.173,34,210,405,439,341
5,21508.297812657,21508.298797107,,0,GPU-9b96eb67-aeee-89d5-aa85-fc650af4e25c,ok,0,0,453,30.148,36,210,405,439,292
5,21508.297812657,21508.298879697,,1,GPU-37ffc98b-8551-c8a1-5f3c-27ade9ae735a,ok,0,0,1514,21.385,55,210,405,4443,10498
5,21508.297812657,21508.298852217,,2,GPU-5443d59d-561f-ed1e-da42-1975937205f9,ok,0,0,453,28.48,36,210,405,439,341
5,21508.297812657,21508.299209647,,3,GPU-46bf67bb-cb31-bee1-3cf0-c35337ba97d2,ok,0,0,453,26.119,39,210,405,439,292
5,21508.297812657,21508.298582517,,4,GPU-127e16de-2b5f-dde9-1932-b4e29bb818c0,ok,0,0,453,24.185,34,210,405,439,341
6,21509.297812657,21509.298727925,,0,GPU-9b96eb67-aeee-89d5-aa85-fc650af4e25c,ok,0,0,453,38.417,36,210,405,390,292
6,21509.297812657,21509.298501605,,1,GPU-37ffc98b-8551-c8a1-5f3c-27ade9ae735a,ok,100,26,1514,241.661,68,1515,9501,7470,8447
6,21509.297812657,21509.298675065,,2,GPU-5443d59d-561f-ed1e-da42-1975937205f9,ok,0,0,453,35.464,37,210,405,439,292
6,21509.297812657,21509.298636275,,3,GPU-46bf67bb-cb31-bee1-3cf0-c35337ba97d2,ok,0,0,453,32.957,40,210,405,439,292
6,21509.297812657,21509.298554965,,4,GPU-127e16de-2b5f-dde9-1932-b4e29bb818c0,ok,0,0,453,31.911,34,210,405,390,341
7,21510.297812657,21510.298549503,,0,GPU-9b96eb67-aeee-89d5-aa85-fc650af4e25c,ok,0,0,453,38.418,36,210,405,390,292
7,21510.297812657,21510.298617703,,1,GPU-37ffc98b-8551-c8a1-5f3c-27ade9ae735a,ok,100,23,1514,349.473,70,1500,9501,3808,13183
7,21510.297812657,21510.300209814,,2,GPU-5443d59d-561f-ed1e-da42-1975937205f9,ok,0,0,453,35.412,37,210,405,439,292
7,21510.297812657,21510.298680723,,3,GPU-46bf67bb-cb31-bee1-3cf0-c35337ba97d2,ok,0,0,453,40.816,40,210,405,439,341
7,21510.297812657,21510.298578833,,4,GPU-127e16de-2b5f-dde9-1932-b4e29bb818c0,ok,0,0,453,33.908,34,210,405,439,292
8,21511.297812657,21511.298462421,,0,GPU-9b96eb67-aeee-89d5-aa85-fc650af4e25c,ok,0,0,453,28.569,36,210,405,439,292
8,21511.297812657,21511.299139861,,1,GPU-37ffc98b-8551-c8a1-5f3c-27ade9ae735a,ok,100,24,1514,349.516,71,1515,9501,3613,13964
8,21511.297812657,21511.299166441,,2,GPU-5443d59d-561f-ed1e-da42-1975937205f9,ok,0,0,453,28.141,37,210,405,439,341
8,21511.297812657,21511.298291561,,3,GPU-46bf67bb-cb31-bee1-3cf0-c35337ba97d2,ok,0,0,453,27.598,40,210,405,439,341
8,21511.297812657,21511.299075041,,4,GPU-127e16de-2b5f-dde9-1932-b4e29bb818c0,ok,0,0,453,24.942,34,210,405,439,292
9,21512.297812657,21512.298700239,,0,GPU-9b96eb67-aeee-89d5-aa85-fc650af4e25c,ok,0,0,453,27.317,36,210,405,390,292
9,21512.297812657,21512.298609329,,1,GPU-37ffc98b-8551-c8a1-5f3c-27ade9ae735a,ok,100,32,1514,348.942,72,1470,9501,5078,11279
9,21512.297812657,21512.298470359,,2,GPU-5443d59d-561f-ed1e-da42-1975937205f9,ok,0,0,453,27.472,36,210,405,439,341
9,21512.297812657,21512.298675399,,3,GPU-46bf67bb-cb31-bee1-3cf0-c35337ba97d2,ok,0,0,453,26.291,39,210,405,390,292
9,21512.297812657,21512.298571689,,4,GPU-127e16de-2b5f-dde9-1932-b4e29bb818c0,ok,0,0,453,24.133,34,210,405,439,292
10,21513.297812657,21513.298752347,,0,GPU-9b96eb67-aeee-89d5-aa85-fc650af4e25c,ok,0,0,453,26.86,36,210,405,439,292
10,21513.297812657,21513.298704357,,1,GPU-37ffc98b-8551-c8a1-5f3c-27ade9ae735a,ok,100,25,1514,349.035,72,1485,9501,5712,8691
10,21513.297812657,21513.298676707,,2,GPU-5443d59d-561f-ed1e-da42-1975937205f9,ok,0,0,453,27.495,36,210,405,439,292
10,21513.297812657,21513.298589857,,3,GPU-46bf67bb-cb31-bee1-3cf0-c35337ba97d2,ok,0,0,453,26.157,39,210,405,390,292
10,21513.297812657,21513.298530917,,4,GPU-127e16de-2b5f-dde9-1932-b4e29bb818c0,ok,0,0,453,24.125,34,210,405,439,292
11,21514.297812657,21514.298533475,,0,GPU-9b96eb67-aeee-89d5-aa85-fc650af4e25c,ok,0,0,453,26.852,36,210,405,439,292
11,21514.297812657,21514.298383365,,1,GPU-37ffc98b-8551-c8a1-5f3c-27ade9ae735a,ok,100,31,1514,349.416,73,1485,9501,5322,8496
11,21514.297812657,21514.298625045,,2,GPU-5443d59d-561f-ed1e-da42-1975937205f9,ok,0,0,453,27.514,36,210,405,439,292
11,21514.297812657,21514.298667245,,3,GPU-46bf67bb-cb31-bee1-3cf0-c35337ba97d2,ok,0,0,453,26.22,39,210,405,390,341
11,21514.297812657,21514.298805495,,4,GPU-127e16de-2b5f-dde9-1932-b4e29bb818c0,ok,0,0,453,23.907,34,210,405,439,341
12,21515.297812657,21515.298955923,,0,GPU-9b96eb67-aeee-89d5-aa85-fc650af4e25c,ok,0,0,453,27.088,35,210,405,439,292
12,21515.297812657,21515.298206353,,1,GPU-37ffc98b-8551-c8a1-5f3c-27ade9ae735a,ok,100,23,1514,349.242,73,1485,9501,5615,8447
12,21515.297812657,21515.298898103,,2,GPU-5443d59d-561f-ed1e-da42-1975937205f9,ok,0,0,453,27.477,36,210,405,390,292
12,21515.297812657,21515.298914633,,3,GPU-46bf67bb-cb31-bee1-3cf0-c35337ba97d2,ok,0,0,453,26.41,39,210,405,439,292
12,21515.297812657,21515.298863093,,4,GPU-127e16de-2b5f-dde9-1932-b4e29bb818c0,ok,0,0,453,24.012,34,210,405,390,292
13,21516.297812657,21516.298532021,,0,GPU-9b96eb67-aeee-89d5-aa85-fc650af4e25c,ok,0,0,453,27.057,35,210,405,439,341
13,21516.297812657,21516.299103621,,1,GPU-37ffc98b-8551-c8a1-5f3c-27ade9ae735a,ok,100,23,1514,348.816,73,1485,9501,4687,11181
13,21516.297812657,21516.299141351,,2,GPU-5443d59d-561f-ed1e-da42-1975937205f9,ok,0,0,453,27.302,36,210,405,390,341
13,21516.297812657,21516.298356161,,3,GPU-46bf67bb-cb31-bee1-3cf0-c35337ba97d2,ok,0,0,453,26.229,39,210,405,439,292
13,21516.297812657,21516.298479701,,4,GPU-127e16de-2b5f-dde9-1932-b4e29bb818c0,ok,0,0,453,24.235,34,210,405,439,292
14,21517.297812657,21517.298766039,,0,GPU-9b96eb67-aeee-89d5-aa85-fc650af4e25c,ok,0,0,453,27.015,36,210,405,390,292
14,21517.297812657,21517.298821179,,1,GPU-37ffc98b-8551-c8a1-5f3c-27ade9ae735a,ok,100,22,1514,348.6,73,1485,9501,4931,15332
14,21517.297812657,21517.298846399,,2,GPU-5443d59d-561f-ed1e-da42-1975937205f9,ok,0,0,453,27.406,36,210,405,439,292
14,21517.297812657,21517.298795169,,3,GPU-46bf67bb-cb31-bee1-3cf0-c35337ba97d2,ok,0,0,453,26.217,39,210,405,439,292
14,21517.297812657,21517.298560929,,4,GPU-127e16de-2b5f-dde9-1932-b4e29bb818c0,ok,0,0,453,24.094,34,210,405,439,292
15,21518.297812657,21518.298493277,,0,GPU-9b96eb67-aeee-89d5-aa85-fc650af4e25c,ok,0,0,453,27.06,35,210,405,439,292
15,21518.297812657,21518.299007527,,1,GPU-37ffc98b-8551-c8a1-5f3c-27ade9ae735a,ok,100,22,1514,349.057,74,1485,9501,4052,13281
15,21518.297812657,21518.299022597,,2,GPU-5443d59d-561f-ed1e-da42-1975937205f9,ok,0,0,453,27.627,36,210,405,439,292
15,21518.297812657,21518.299073637,,3,GPU-46bf67bb-cb31-bee1-3cf0-c35337ba97d2,ok,0,0,453,26.399,39,210,405,390,292
15,21518.297812657,21518.298265627,,4,GPU-127e16de-2b5f-dde9-1932-b4e29bb818c0,ok,0,0,453,24.129,34,210,405,439,341
16,21519.297812657,21519.298751665,,0,GPU-9b96eb67-aeee-89d5-aa85-fc650af4e25c,ok,0,0,453,26.961,35,210,405,439,292
16,21519.297812657,21519.298686055,,1,GPU-37ffc98b-8551-c8a1-5f3c-27ade9ae735a,ok,100,25,1514,348.4,74,1485,9501,3710,13623
16,21519.297812657,21519.298649865,,2,GPU-5443d59d-561f-ed1e-da42-1975937205f9,ok,0,0,453,27.532,36,210,405,439,292
16,21519.297812657,21519.298711315,,3,GPU-46bf67bb-cb31-bee1-3cf0-c35337ba97d2,ok,0,0,453,26.325,39,210,405,439,292
16,21519.297812657,21519.298464755,,4,GPU-127e16de-2b5f-dde9-1932-b4e29bb818c0,ok,0,0,453,24.167,34,210,405,390,292
17,21520.297812657,21520.298655553,,0,GPU-9b96eb67-aeee-89d5-aa85-fc650af4e25c,ok,0,0,453,26.981,36,210,405,439,341
17,21520.297812657,21520.298695963,,1,GPU-37ffc98b-8551-c8a1-5f3c-27ade9ae735a,ok,100,30,1514,348.456,74,1440,9501,4443,17285
17,21520.297812657,21520.298738653,,2,GPU-5443d59d-561f-ed1e-da42-1975937205f9,ok,0,0,453,27.512,36,210,405,439,341
17,21520.297812657,21520.298759133,,3,GPU-46bf67bb-cb31-bee1-3cf0-c35337ba97d2,ok,0,0,453,26.313,39,210,405,439,292
17,21520.297812657,21520.298534943,,4,GPU-127e16de-2b5f-dde9-1932-b4e29bb818c0,ok,0,0,453,23.846,34,210,405,439,292
18,21521.297812657,21521.299026922,,0,GPU-9b96eb67-aeee-89d5-aa85-fc650af4e25c,ok,0,0,453,27.276,35,210,405,390,292
18,21521.297812657,21521.298499551,,1,GPU-37ffc98b-8551-c8a1-5f3c-27ade9ae735a,ok,100,22,1514,348.793,75,1470,9501,3759,12744
18,21521.297812657,21521.298525551,,2,GPU-5443d59d-561f-ed1e-da42-1975937205f9,ok,0,0,453,27.616,36,210,405,439,292
18,21521.297812657,21521.298983401,,3,GPU-46bf67bb-cb31-bee1-3cf0-c35337ba97d2,ok,0,0,453,26.411,39,210,405,439,292
18,21521.297812657,21521.298302561,,4,GPU-127e16de-2b5f-dde9-1932-b4e29bb818c0,ok,0,0,453,24.034,34,210,405,439,341
19,21522.297812657,21522.298601089,,0,GPU-9b96eb67-aeee-89d5-aa85-fc650af4e25c,ok,0,0,453,27.238,35,210,405,390,341
19,21522.297812657,21522.298445689,,1,GPU-37ffc98b-8551-c8a1-5f3c-27ade9ae735a,ok,100,21,1514,348.865,75,1485,9501,3759,13525
19,21522.297812657,21522.298657189,,2,GPU-5443d59d-561f-ed1e-da42-1975937205f9,ok,0,0,453,27.482,36,210,405,439,292
19,21522.297812657,21522.29934106,,3,GPU-46bf67bb-cb31-bee1-3cf0-c35337ba97d2,ok,0,0,453,26.262,39,210,405,439,341
19,21522.297812657,21522.298362789,,4,GPU-127e16de-2b5f-dde9-1932-b4e29bb818c0,ok,0,0,453,24.339,34,210,405,439,292
20,21523.297812657,21523.298621237,,0,GPU-9b96eb67-aeee-89d5-aa85-fc650af4e25c,ok,0,0,453,27.002,36,210,405,390,292
20,21523.297812657,21523.300368398,,1,GPU-37ffc98b-8551-c8a1-5f3c-27ade9ae735a,ok,100,22,1514,349.208,75,1485,9501,3710,14599
20,21523.297812657,21523.298595397,,2,GPU-5443d59d-561f-ed1e-da42-1975937205f9,ok,0,0,453,27.393,36,210,405,439,292
20,21523.297812657,21523.298694537,,3,GPU-46bf67bb-cb31-bee1-3cf0-c35337ba97d2,ok,0,0,453,26.285,39,210,405,439,341
20,21523.297812657,21523.298477037,,4,GPU-127e16de-2b5f-dde9-1932-b4e29bb818c0,ok,0,0,453,24.238,34,210,405,439,292
21,21524.297812657,21524.298638635,,0,GPU-9b96eb67-aeee-89d5-aa85-fc650af4e25c,ok,0,0,453,27.054,36,210,405,439,292
21,21524.297812657,21524.298480485,,1,GPU-37ffc98b-8551-c8a1-5f3c-27ade9ae735a,ok,100,22,1514,349.109,75,1485,9501,4003,12744
21,21524.297812657,21524.298531535,,2,GPU-5443d59d-561f-ed1e-da42-1975937205f9,ok,0,0,453,27.491,36,210,405,439,341
21,21524.297812657,21524.298611795,,3,GPU-46bf67bb-cb31-bee1-3cf0-c35337ba97d2,ok,0,0,453,26.437,39,210,405,439,341
21,21524.297812657,21524.298728215,,4,GPU-127e16de-2b5f-dde9-1932-b4e29bb818c0,ok,0,0,453,24.267,34,210,405,439,341
22,21525.297812657,21525.298935454,,0,GPU-9b96eb67-aeee-89d5-aa85-fc650af4e25c,ok,0,0,453,26.994,36,210,405,488,292
22,21525.297812657,21525.299575394,,1,GPU-37ffc98b-8551-c8a1-5f3c-27ade9ae735a,ok,100,24,1514,349.109,75,1470,9501,4003,13623
22,21525.297812657,21525.298478733,,2,GPU-5443d59d-561f-ed1e-da42-1975937205f9,ok,0,0,453,27.433,36,210,405,390,341
22,21525.297812657,21525.298542583,,3,GPU-46bf67bb-cb31-bee1-3cf0-c35337ba97d2,ok,0,0,453,26.298,39,210,405,390,292
22,21525.297812657,21525.298295543,,4,GPU-127e16de-2b5f-dde9-1932-b4e29bb818c0,ok,0,0,453,24.305,34,210,405,439,292
23,21526.297812657,21526.298472871,,0,GPU-9b96eb67-aeee-89d5-aa85-fc650af4e25c,ok,0,0,453,26.958,36,210,405,439,341
23,21526.297812657,21526.298449501,,1,GPU-37ffc98b-8551-c8a1-5f3c-27ade9ae735a,ok,100,25,1514,349.208,76,1455,9501,4101,11767
23,21526.297812657,21526.299967742,,2,GPU-5443d59d-561f-ed1e-da42-1975937205f9,ok,0,0,453,27.404,36,210,405,439,292
23,21526.297812657,21526.299005922,,3,GPU-46bf67bb-cb31-bee1-3cf0-c35337ba97d2,ok,0,0,453,26.275,39,210,405,439,292
23,21526.297812657,21526.298365791,,4,GPU-127e16de-2b5f-dde9-1932-b4e29bb818c0,ok,0,0,453,24.37,34,210,405,439,341
24,21527.297812657,21527.29858837,,0,GPU-9b96eb67-aeee-89d5-aa85-fc650af4e25c,ok,0,0,453,27.119,36,210,405,439,292
24,21527.297812657,21527.29907931,,1,GPU-37ffc98b-8551-c8a1-5f3c-27ade9ae735a,ok,100,22,1514,348.939,75,1470,9501,4199,12646
24,21527.297812657,21527.29862455,,2,GPU-5443d59d-561f-ed1e-da42-1975937205f9,ok,0,0,453,27.519,36,210,405,439,292
24,21527.297812657,21527.29865756,,3,GPU-46bf67bb-cb31-bee1-3cf0-c35337ba97d2,ok,0,0,453,26.377,39,210,405,439,292
24,21527.297812657,21527.298359229,,4,GPU-127e16de-2b5f-dde9-1932-b4e29bb818c0,ok,0,0,453,24.4,34,210,405,439,292
25,21528.297812657,21528.298729178,,0,GPU-9b96eb67-aeee-89d5-aa85-fc650af4e25c,ok,0,0,453,27.004,36,210,405,439,292
25,21528.297812657,21528.298609578,,1,GPU-37ffc98b-8551-c8a1-5f3c-27ade9ae735a,ok,100,21,1514,348.796,75,1470,9501,4443,12548
25,21528.297812657,21528.298650748002,,2,GPU-5443d59d-561f-ed1e-da42-1975937205f9,ok,0,0,453,27.336,36,210,405,439,292
25,21528.297812657,21528.298495678,,3,GPU-46bf67bb-cb31-bee1-3cf0-c35337ba97d2,ok,0,0,453,26.199,39,210,405,439,292
25,21528.297812657,21528.298545998,,4,GPU-127e16de-2b5f-dde9-1932-b4e29bb818c0,ok,0,0,453,24.278,34,210,405,439,292
26,21529.297812657,21529.298380326,,0,GPU-9b96eb67-aeee-89d5-aa85-fc650af4e25c,ok,0,0,453,26.898,36,210,405,439,292
26,21529.297812657,21529.298524616,,1,GPU-37ffc98b-8551-c8a1-5f3c-27ade9ae735a,ok,100,28,1514,348.483,76,1470,9501,5371,12939
26,21529.297812657,21529.298629366,,2,GPU-5443d59d-561f-ed1e-da42-1975937205f9,ok,0,0,453,27.284,36,210,405,439,341
26,21529.297812657,21529.299415816,,3,GPU-46bf67bb-cb31-bee1-3cf0-c35337ba97d2,ok,0,0,453,26.162,39,210,405,439,341
26,21529.297812657,21529.298662916,,4,GPU-127e16de-2b5f-dde9-1932-b4e29bb818c0,ok,0,0,453,24.335,34,210,405,390,341
27,21530.297812657,21530.298531724,,0,GPU-9b96eb67-aeee-89d5-aa85-fc650af4e25c,ok,0,0,453,26.981,36,210,405,439,292
27,21530.297812657,21530.298382024,,1,GPU-37ffc98b-8551-c8a1-5f3c-27ade9ae735a,ok,100,23,1514,348.587,75,1485,9501,4980,8593
27,21530.297812657,21530.298577284,,2,GPU-5443d59d-561f-ed1e-da42-1975937205f9,ok,0,0,453,27.454,36,210,405,439,292
27,21530.297812657,21530.298642744,,3,GPU-46bf67bb-cb31-bee1-3cf0-c35337ba97d2,ok,0,0,453,26.379,39,210,405,390,341
27,21530.297812657,21530.298807994,,4,GPU-127e16de-2b5f-dde9-1932-b4e29bb818c0,ok,0,0,453,24.475,34,210,405,439,341
28,21531.297812657,21531.298913952,,0,GPU-9b96eb67-aeee-89d5-aa85-fc650af4e25c,ok,0,0,453,26.908,36,210,405,390,341
28,21531.297812657,21531.298206051,,1,GPU-37ffc98b-8551-c8a1-5f3c-27ade9ae735a,ok,100,24,1514,349.948,76,1485,9501,5078,8447
28,21531.297812657,21531.298776242,,2,GPU-5443d59d-561f-ed1e-da42-1975937205f9,ok,0,0,453,27.351,36,210,405,439,292
28,21531.297812657,21531.298838772,,3,GPU-46bf67bb-cb31-bee1-3cf0-c35337ba97d2,ok,0,0,453,26.295,39,210,405,439,292
28,21531.297812657,21531.298880922,,4,GPU-127e16de-2b5f-dde9-1932-b4e29bb818c0,ok,0,0,453,24.357,34,210,405,439,292
29,21532.297812657,21532.29850784,,0,GPU-9b96eb67-aeee-89d5-aa85-fc650af4e25c,ok,0,0,453,26.928,36,210,405,390,292
29,21532.297812657,21532.29854608,,1,GPU-37ffc98b-8551-c8a1-5f3c-27ade9ae735a,ok,100,24,1514,349.634,76,1470,9501,5322,8935
29,21532.297812657,21532.29953644,,2,GPU-5443d59d-561f-ed1e-da42-1975937205f9,ok,0,0,453,27.331,36,210,405,439,341
29,21532.297812657,21532.29864638,,3,GPU-46bf67bb-cb31-bee1-3cf0-c35337ba97d2,ok,0,0,453,26.291,39,210,405,439,292
29,21532.297812657,21532.29861289,,4,GPU-127e16de-2b5f-dde9-1932-b4e29bb818c0,ok,0,0,453,24.482,34,210,405,439,292
30,21533.297812657,21533.298638708,,0,GPU-9b96eb67-aeee-89d5-aa85-fc650af4e25c,ok,0,0,453,27.054,36,210,405,390,292
30,21533.297812657,21533.298551258,,1,GPU-37ffc98b-8551-c8a1-5f3c-27ade9ae735a,ok,100,25,1514,349.316,76,1470,9501,5419,8789
30,21533.297812657,21533.298688908,,2,GPU-5443d59d-561f-ed1e-da42-1975937205f9,ok,0,0,453,27.485,36,210,405,439,341
30,21533.297812657,21533.298597558,,3,GPU-46bf67bb-cb31-bee1-3cf0-c35337ba97d2,ok,0,0,453,26.482,39,210,405,439,292
30,21533.297812657,21533.298477138,,4,GPU-127e16de-2b5f-dde9-1932-b4e29bb818c0,ok,0,0,453,24.413,34,210,405,439,341
31,21534.297812657,21534.298870876,,0,GPU-9b96eb67-aeee-89d5-aa85-fc650af4e25c,ok,0,0,453,26.924,36,210,405,439,292
31,21534.297812657,21534.298830996,,1,GPU-37ffc98b-8551-c8a1-5f3c-27ade9ae735a,ok,0,0,1514,257.366,67,1920,9501,390,244
31,21534.297812657,21534.298617606,,2,GPU-5443d59d-561f-ed1e-da42-1975937205f9,ok,0,0,453,27.44,36,210,405,439,292
31,21534.297812657,21534.298664916,,3,GPU-46bf67bb-cb31-bee1-3cf0-c35337ba97d2,ok,0,0,453,26.316,39,210,405,390,292
31,21534.297812657,21534.298782536,,4,GPU-127e16de-2b5f-dde9-1932-b4e29bb818c0,ok,0,0,453,24.255,34,210,405,439,292
32,21535.297812657,21535.298748264,,0,GPU-9b96eb67-aeee-89d5-aa85-fc650af4e25c,ok,0,0,453,27.016,36,210,405,439,292
32,21535.297812657,21535.298853934,,1,GPU-37ffc98b-8551-c8a1-5f3c-27ade9ae735a,ok,0,0,1514,166.01,66,1935,9501,488,244
32,21535.297812657,21535.298683624,,2,GPU-5443d59d-561f-ed1e-da42-1975937205f9,ok,0,0,453,27.444,36,210,405,439,341
32,21535.297812657,21535.298643904,,3,GPU-46bf67bb-cb31-bee1-3cf0-c35337ba97d2,ok,0,0,453,26.175,39,210,405,390,341
32,21535.297812657,21535.298816364,,4,GPU-127e16de-2b5f-dde9-1932-b4e29bb818c0,ok,0,0,453,24.371,34,210,405,439,292
33,21536.297812657,21536.298528282,,0,GPU-9b96eb67-aeee-89d5-aa85-fc650af4e25c,ok,0,0,453,27.251,36,210,405,439,292
33,21536.297812657,21536.298644502,,1,GPU-37ffc98b-8551-c8a1-5f3c-27ade9ae735a,ok,100,24,1514,213.177,72,1500,9501,3710,11181
33,21536.297812657,21536.298555702,,2,GPU-5443d59d-561f-ed1e-da42-1975937205f9,ok,0,0,453,27.516,36,210,405,439,341
33,21536.297812657,21536.298500102,,3,GPU-46bf67bb-cb31-bee1-3cf0-c35337ba97d2,ok,0,0,453,26.138,39,210,405,439,341
33,21536.297812657,21536.300445952,,4,GPU-127e16de-2b5f-dde9-1932-b4e29bb818c0,ok,0,0,453,24.235,34,210,405,439,341
34,21537.297812657,21537.29871433,,0,GPU-9b96eb67-aeee-89d5-aa85-fc650af4e25c,ok,0,0,453,27.088,36,210,405,439,292
34,21537.297812657,21537.29847755,,1,GPU-37ffc98b-8551-c8a1-5f3c-27ade9ae735a,ok,100,24,1514,349.779,74,1500,9501,4199,10644
34,21537.297812657,21537.29853221,,2,GPU-5443d59d-561f-ed1e-da42-1975937205f9,ok,0,0,453,27.38,36,210,405,390,341
34,21537.297812657,21537.29862335,,3,GPU-46bf67bb-cb31-bee1-3cf0-c35337ba97d2,ok,0,0,453,26.036,39,210,405,439,292
34,21537.297812657,21537.29866399,,4,GPU-127e16de-2b5f-dde9-1932-b4e29bb818c0,ok,0,0,453,24.316,34,210,405,439,292
35,21538.297812657,21538.298500458,,0,GPU-9b96eb67-aeee-89d5-aa85-fc650af4e25c,ok,0,0,453,27.067,36,210,405,439,292
35,21538.297812657,21538.298698418,,1,GPU-37ffc98b-8551-c8a1-5f3c-27ade9ae735a,ok,100,23,1514,349.071,74,1485,9501,4199,11718
35,21538.297812657,21538.298734728,,2,GPU-5443d59d-561f-ed1e-da42-1975937205f9,ok,0,0,453,27.376,36,210,405,439,292
35,21538.297812657,21538.298807658,,3,GPU-46bf67bb-cb31-bee1-3cf0-c35337ba97d2,ok,0,0,453,26.175,39,210,405,439,292
35,21538.297812657,21538.298780308,,4,GPU-127e16de-2b5f-dde9-1932-b4e29bb818c0,ok,0,0,453,24.393,34,210,405,439,292
36,21539.297812657,21539.298650436,,0,GPU-9b96eb67-aeee-89d5-aa85-fc650af4e25c,ok,0,0,453,27.198,36,210,405,439,292
36,21539.297812657,21539.298709926,,1,GPU-37ffc98b-8551-c8a1-5f3c-27ade9ae735a,ok,100,24,1514,349.598,75,1485,9501,4394,12207
36,21539.297812657,21539.298390246,,2,GPU-5443d59d-561f-ed1e-da42-1975937205f9,ok,0,0,453,27.415,36,210,405,439,292
36,21539.297812657,21539.299089226,,3,GPU-46bf67bb-cb31-bee1-3cf0-c35337ba97d2,ok,0,0,453,26.324,39,210,405,390,292
36,21539.297812657,21539.298688356,,4,GPU-127e16de-2b5f-dde9-1932-b4e29bb818c0,ok,0,0,453,24.337,34,210,405,439,292
37,21540.297812657,21540.298557554,,0,GPU-9b96eb67-aeee-89d5-aa85-fc650af4e25c,ok,0,0,453,27.048,36,210,405,439,292
37,21540.297812657,21540.298703854,,1,GPU-37ffc98b-8551-c8a1-5f3c-27ade9ae735a,ok,100,25,1514,349.603,75,1485,9501,4394,11669
37,21540.297812657,21540.298653504,,2,GPU-5443d59d-561f-ed1e-da42-1975937205f9,ok,0,0,453,27.294,36,210,405,439,341
37,21540.297812657,21540.298688914,,3,GPU-46bf67bb-cb31-bee1-3cf0-c35337ba97d2,ok,0,0,453,26.183,39,210,405,439,292
37,21540.297812657,21540.299273754,,4,GPU-127e16de-2b5f-dde9-1932-b4e29bb818c0,ok,0,0,453,24.079,34,210,405,439,341
38,21541.297812657,21541.299073172,,0,GPU-9b96eb67-aeee-89d5-aa85-fc650af4e25c,ok,0,0,453,27.026,36,210,405,439,292
38,21541.297812657,21541.299015902,,1,GPU-37ffc98b-8551-c8a1-5f3c-27ade9ae735a,ok,100,24,1514,349.953,75,1485,9501,4248,11425
38,21541.297812657,21541.298512832,,2,GPU-5443d59d-561f-ed1e-da42-1975937205f9,ok,0,0,453,27.297,36,210,405,439,292
38,21541.297812657,21541.298490162,,3,GPU-46bf67bb-cb31-bee1-3cf0-c35337ba97d2,ok,0,0,453,26.182,39,210,405,439,292
38,21541.297812657,21541.298382172,,4,GPU-127e16de-2b5f-dde9-1932-b4e29bb818c0,ok,0,0,453,23.926,34,210,405,439,292
39,21542.297812657,21542.29863325,,0,GPU-9b96eb67-aeee-89d5-aa85-fc650af4e25c,ok,0,0,453,27.125,36,210,405,439,292
39,21542.297812657,21542.29855856,,1,GPU-37ffc98b-8551-c8a1-5f3c-27ade9ae735a,ok,100,28,1514,349.056,75,1470,9501,4833,10156
39,21542.297812657,21542.29871488,,2,GPU-5443d59d-561f-ed1e-da42-1975937205f9,ok,0,0,453,27.38,36,210,405,439,292
39,21542.297812657,21542.29852119,,3,GPU-46bf67bb-cb31-bee1-3cf0-c35337ba97d2,ok,0,0,453,26.354,39,210,405,439,341
39,21542.297812657,21542.29874556,,4,GPU-127e16de-2b5f-dde9-1932-b4e29bb818c0,ok,0,0,453,24.183,34,210,405,439,292
40,21543.297812657,21543.298751028,,0,GPU-9b96eb67-aeee-89d5-aa85-fc650af4e25c,ok,0,0,453,26.967,36,210,405,439,292
40,21543.297812657,21543.298665328,,1,GPU-37ffc98b-8551-c8a1-5f3c-27ade9ae735a,ok,100,25,1514,348.769,75,1485,9501,5517,8691
40,21543.297812657,21543.298764508,,2,GPU-5443d59d-561f-ed1e-da42-1975937205f9,ok,0,0,453,27.243,36,210,405,439,292
40,21543.297812657,21543.298703628,,3,GPU-46bf67bb-cb31-bee1-3cf0-c35337ba97d2,ok,0,0,453,26.22,39,210,405,439,292
40,21543.297812657,21543.298450078,,4,GPU-127e16de-2b5f-dde9-1932-b4e29bb818c0,ok,0,0,453,24.378,34,210,405,439,341
41,21544.297812657,21544.298925246,,0,GPU-9b96eb67-aeee-89d5-aa85-fc650af4e25c,ok,0,0,453,27.014,36,210,405,439,292
41,21544.297812657,21544.299129106,,1,GPU-37ffc98b-8551-c8a1-5f3c-27ade9ae735a,ok,100,25,1514,349.443,75,1485,9501,5615,8398
41,21544.297812657,21544.298225516,,2,GPU-5443d59d-561f-ed1e-da42-1975937205f9,ok,0,0,453,27.24,36,210,405,439,341
41,21544.297812657,21544.299189486,,3,GPU-46bf67bb-cb31-bee1-3cf0-c35337ba97d2,ok,0,0,453,26.217,39,210,405,439,292
41,21544.297812657,21544.299157656,,4,GPU-127e16de-2b5f-dde9-1932-b4e29bb818c0,ok,0,0,453,24.341,34,210,405,439,292
42,21545.297812657,21545.298715854,,0,GPU-9b96eb67-aeee-89d5-aa85-fc650af4e25c,ok,0,0,453,27.125,36,210,405,390,292
42,21545.297812657,21545.298760454,,1,GPU-37ffc98b-8551-c8a1-5f3c-27ade9ae735a,ok,100,25,1514,349.592,75,1485,9501,6054,8349
42,21545.297812657,21545.298670494,,2,GPU-5443d59d-561f-ed1e-da42-1975937205f9,ok,0,0,453,27.429,36,210,405,390,292
42,21545.297812657,21545.298775434,,3,GPU-46bf67bb-cb31-bee1-3cf0-c35337ba97d2,ok,0,0,453,26.319,39,210,405,390,292
42,21545.297812657,21545.298560864,,4,GPU-127e16de-2b5f-dde9-1932-b4e29bb818c0,ok,0,0,453,24.151,34,210,405,439,292
43,21546.297812657,21546.298445692,,0,GPU-9b96eb67-aeee-89d5-aa85-fc650af4e25c,ok,0,0,453,27.136,36,210,405,439,341
43,21546.297812657,21546.298534172,,1,GPU-37ffc98b-8551-c8a1-5f3c-27ade9ae735a,ok,100,25,1514,349.334,76,1485,9501,5566,7714
43,21546.297812657,21546.298408932,,2,GPU-5443d59d-561f-ed1e-da42-1975937205f9,ok,0,0,453,27.333,36,210,405,439,292
43,21546.297812657,21546.300135002,,3,GPU-46bf67bb-cb31-bee1-3cf0-c35337ba97d2,ok,0,0,453,26.138,39,210,405,390,292
43,21546.297812657,21546.300069882,,4,GPU-127e16de-2b5f-dde9-1932-b4e29bb818c0,ok,0,0,453,24.044,34,210,405,439,292
44,21547.297812657,21547.29862478,,0,GPU-9b96eb67-aeee-89d5-aa85-fc650af4e25c,ok,0,0,453,27.298,36,210,405,439,292
44,21547.297812657,21547.29872441,,1,GPU-37ffc98b-8551-c8a1-5f3c-27ade9ae735a,ok,100,23,1514,349.211,76,1485,9501,5908,7568
44,21547.297812657,21547.29865983,,2,GPU-5443d59d-561f-ed1e-da42-1975937205f9,ok,0,0,453,27.297,36,210,405,390,341
44,21547.297812657,21547.29852233,,3,GPU-46bf67bb-cb31-bee1-3cf0-c35337ba97d2,ok,0,0,453,26.147,39,210,405,439,341
44,21547.297812657,21547.29858877,,4,GPU-127e16de-2b5f-dde9-1932-b4e29bb818c0,ok,0,0,453,24.23,34,210,405,390,341
45,21548.297812657,21548.298488848,,0,GPU-9b96eb67-aeee-89d5-aa85-fc650af4e25c,ok,0,0,453,27.228,36,210,405,439,292
45,21548.297812657,21548.298733948,,1,GPU-37ffc98b-8551-c8a1-5f3c-27ade9ae735a,ok,100,25,1514,349.122,75,1485,9501,5859,9277
45,21548.297812657,21548.298623658,,2,GPU-5443d59d-561f-ed1e-da42-1975937205f9,ok,0,0,453,27.193,36,210,405,390,292
45,21548.297812657,21548.298585698,,3,GPU-46bf67bb-cb31-bee1-3cf0-c35337ba97d2,ok,0,0,453,26.257,39,210,405,439,292
45,21548.297812657,21548.298692418,,4,GPU-127e16de-2b5f-dde9-1932-b4e29bb818c0,ok,0,0,453,24.311,34,210,405,439,292
46,21549.297812657,21549.298531006,,0,GPU-9b96eb67-aeee-89d5-aa85-fc650af4e25c,ok,0,0,453,27.084,36,210,405,439,292
46,21549.297812657,21549.298713936,,1,GPU-37ffc98b-8551-c8a1-5f3c-27ade9ae735a,ok,100,24,1514,349.654,76,1485,9501,5761,9228
46,21549.297812657,21549.298685626,,2,GPU-5443d59d-561f-ed1e-da42-1975937205f9,ok,0,0,453,27.113,36,210,405,390,292
46,21549.297812657,21549.298487346,,3,GPU-46bf67bb-cb31-bee1-3cf0-c35337ba97d2,ok,0,0,453,26.086,39,210,405,439,292
46,21549.297812657,21549.298660156,,4,GPU-127e16de-2b5f-dde9-1932-b4e29bb818c0,ok,0,0,453,23.939,34,210,405,439,292
47,21550.297812657,21550.298688724,,0,GPU-9b96eb67-aeee-89d5-aa85-fc650af4e25c,ok,0,0,453,27.211,36,210,405,439,341
47,21550.297812657,21550.298661644,,1,GPU-37ffc98b-8551-c8a1-5f3c-27ade9ae735a,ok,100,24,1514,349.305,76,1470,9501,4736,11132
47,21550.297812657,21550.298756784,,2,GPU-5443d59d-561f-ed1e-da42-1975937205f9,ok,0,0,453,27.25,36,210,405,390,292
47,21550.297812657,21550.298635534,,3,GPU-46bf67bb-cb31-bee1-3cf0-c35337ba97d2,ok,0,0,453,26.029,39,210,405,439,292
47,21550.297812657,21550.298717724,,4,GPU-127e16de-2b5f-dde9-1932-b4e29bb818c0,ok,0,0,453,23.88,34,210,405,439,341
48,21551.297812657,21551.298506702,,0,GPU-9b96eb67-aeee-89d5-aa85-fc650af4e25c,ok,0,0,453,27.103,36,210,405,439,292
48,21551.297812657,21551.298654912,,1,GPU-37ffc98b-8551-c8a1-5f3c-27ade9ae735a,ok,100,24,1514,349.015,76,1485,9501,5273,10351
48,21551.297812657,21551.298551892,,2,GPU-5443d59d-561f-ed1e-da42-1975937205f9,ok,0,0,453,27.113,36,210,405,390,292
48,21551.297812657,21551.298453512,,3,GPU-46bf67bb-cb31-bee1-3cf0-c35337ba97d2,ok,0,0,453,26.014,39,210,405,439,292
48,21551.297812657,21551.300233663,,4,GPU-127e16de-2b5f-dde9-1932-b4e29bb818c0,ok,0,0,453,24.106,34,210,405,439,292
49,21552.297812657,21552.29863543,,0,GPU-9b96eb67-aeee-89d5-aa85-fc650af4e25c,ok,0,0,453,26.976,36,210,405,439,341
49,21552.297812657,21552.2987425,,1,GPU-37ffc98b-8551-c8a1-5f3c-27ade9ae735a,ok,100,26,1514,349.259,76,1470,9501,5273,10644
49,21552.297812657,21552.29861046,,2,GPU-5443d59d-561f-ed1e-da42-1975937205f9,ok,0,0,453,27.124,36,210,405,439,292
49,21552.297812657,21552.2985714,,3,GPU-46bf67bb-cb31-bee1-3cf0-c35337ba97d2,ok,0,0,453,26.039,39,210,405,439,341
49,21552.297812657,21552.29867875,,4,GPU-127e16de-2b5f-dde9-1932-b4e29bb818c0,ok,0,0,453,24.117,34,210,405,390,292
50,21553.297812657,21553.298557188,,0,GPU-9b96eb67-aeee-89d5-aa85-fc650af4e25c,ok,0,0,453,27.029,36,210,405,439,292
50,21553.297812657,21553.298344738,,1,GPU-37ffc98b-8551-c8a1-5f3c-27ade9ae735a,ok,100,26,1514,349.072,76,1455,9501,4101,13427
50,21553.297812657,21553.298379628,,2,GPU-5443d59d-561f-ed1e-da42-1975937205f9,ok,0,0,453,27.292,36,210,405,439,292
50,21553.297812657,21553.299367698,,3,GPU-46bf67bb-cb31-bee1-3cf0-c35337ba97d2,ok,0,0,453,26.196,39,210,405,439,341
50,21553.297812657,21553.298598748,,4,GPU-127e16de-2b5f-dde9-1932-b4e29bb818c0,ok,0,0,453,24.056,34,210,405,439,341
51,21554.297812657,21554.299008416,,0,GPU-9b96eb67-aeee-89d5-aa85-fc650af4e25c,ok,0,0,453,26.959,36,210,405,439,292
51,21554.297812657,21554.298503796,,1,GPU-37ffc98b-8551-c8a1-5f3c-27ade9ae735a,ok,100,22,1514,349.056,76,1455,9501,4101,12011
51,21554.297812657,21554.298543476,,2,GPU-5443d59d-561f-ed1e-da42-1975937205f9,ok,0,0,453,27.232,36,210,405,439,341
51,21554.297812657,21554.299052676,,3,GPU-46bf67bb-cb31-bee1-3cf0-c35337ba97d2,ok,0,0,453,26.103,39,210,405,439,341
51,21554.297812657,21554.298309076,,4,GPU-127e16de-2b5f-dde9-1932-b4e29bb818c0,ok,0,0,453,23.887,34,210,405,439,292
52,21555.297812657,21555.298436974,,0,GPU-9b96eb67-aeee-89d5-aa85-fc650af4e25c,ok,0,0,453,27.002,36,210,405,439,292
52,21555.297812657,21555.299157854,,1,GPU-37ffc98b-8551-c8a1-5f3c-27ade9ae735a,ok,100,26,1514,348.913,76,1425,9501,4150,13427
52,21555.297812657,21555.298628094,,2,GPU-5443d59d-561f-ed1e-da42-1975937205f9,ok,0,0,453,27.401,36,210,405,439,341
52,21555.297812657,21555.298566194,,3,GPU-46bf67bb-cb31-bee1-3cf0-c35337ba97d2,ok,0,0,453,26.131,39,210,405,439,292
52,21555.297812657,21555.298665344,,4,GPU-127e16de-2b5f-dde9-1932-b4e29bb818c0,ok,0,0,453,24.018,34,210,405,439,292
53,21556.297812657,21556.298649262,,0,GPU-9b96eb67-aeee-89d5-aa85-fc650af4e25c,ok,0,0,453,27.033,36,210,405,390,292
53,21556.297812657,21556.298508502,,1,GPU-37ffc98b-8551-c8a1-5f3c-27ade9ae735a,ok,100,21,1514,348.799,76,1455,9501,3662,14794
53,21556.297812657,21556.300064283,,2,GPU-5443d59d-561f-ed1e-da42-1975937205f9,ok,0,0,453,27.563,36,210,405,439,292
53,21556.297812657,21556.298416342,,3,GPU-46bf67bb-cb31-bee1-3cf0-c35337ba97d2,ok,0,0,453,26.254,39,210,405,439,292
53,21556.297812657,21556.298548232,,4,GPU-127e16de-2b5f-dde9-1932-b4e29bb818c0,ok,0,0,453,24.072,34,210,405,390,292
54,21557.297812657,21557.29886671,,0,GPU-9b96eb67-aeee-89d5-aa85-fc650af4e25c,ok,0,0,453,26.826,36,210,405,439,341
54,21557.297812657,21557.29863742,,1,GPU-37ffc98b-8551-c8a1-5f3c-27ade9ae735a,ok,100,21,1514,348.803,76,1485,9501,3515,13476
54,21557.297812657,21557.2988907,,2,GPU-5443d59d-561f-ed1e-da42-1975937205f9,ok,0,0,453,27.373,36,210,405,439,292
54,21557.297812657,21557.29883099,,3,GPU-46bf67bb-cb31-bee1-3cf0-c35337ba97d2,ok,0,0,453,26.029,39,210,405,390,341
54,21557.297812657,21557.2988032,,4,GPU-127e16de-2b5f-dde9-1932-b4e29bb818c0,ok,0,0,453,23.723,34,210,405,390,292
55,21558.297812657,21558.299126668,,0,GPU-9b96eb67-aeee-89d5-aa85-fc650af4e25c,ok,0,0,453,26.828,36,210,405,439,341
55,21558.297812657,21558.298657318,,1,GPU-37ffc98b-8551-c8a1-5f3c-27ade9ae735a,ok,100,23,1514,349.004,76,1470,9501,3515,14843
55,21558.297812657,21558.298426588,,2,GPU-5443d59d-561f-ed1e-da42-1975937205f9,ok,0,0,453,27.298,36,210,405,390,292
55,21558.297812657,21558.298628658,,3,GPU-46bf67bb-cb31-bee1-3cf0-c35337ba97d2,ok,0,0,453,26.023,39,210,405,439,341
55,21558.297812657,21558.298684058,,4,GPU-127e16de-2b5f-dde9-1932-b4e29bb818c0,ok,0,0,453,23.989,34,210,405,439,292
56,21559.297812657,21559.298787896,,0,GPU-9b96eb67-aeee-89d5-aa85-fc650af4e25c,ok,0,0,453,26.893,36,210,405,439,292
56,21559.297812657,21559.298755476,,1,GPU-37ffc98b-8551-c8a1-5f3c-27ade9ae735a,ok,100,22,1514,349.016,76,1470,9501,3662,13525
56,21559.297812657,21559.298671216,,2,GPU-5443d59d-561f-ed1e-da42-1975937205f9,ok,0,0,453,27.31,36,210,405,390,341
56,21559.297812657,21559.298709956,,3,GPU-46bf67bb-cb31-bee1-3cf0-c35337ba97d2,ok,0,0,453,26.252,39,210,405,439,292
56,21559.297812657,21559.298534436,,4,GPU-127e16de-2b5f-dde9-1932-b4e29bb818c0,ok,0,0,453,24.122,34,210,405,439,292
57,21560.297812657,21560.298768184,,0,GPU-9b96eb67-aeee-89d5-aa85-fc650af4e25c,ok,0,0,453,26.77,36,210,405,439,292
57,21560.297812657,21560.298579044,,1,GPU-37ffc98b-8551-c8a1-5f3c-27ade9ae735a,ok,100,26,1514,348.442,76,1470,9501,3173,13818
57,21560.297812657,21560.298630374,,2,GPU-5443d59d-561f-ed1e-da42-1975937205f9,ok,0,0,453,27.2,36,210,405,439,292
57,21560.297812657,21560.298710214,,3,GPU-46bf67bb-cb31-bee1-3cf0-c35337ba97d2,ok,0,0,453,26.156,39,210,405,439,292
57,21560.297812657,21560.298736264,,4,GPU-127e16de-2b5f-dde9-1932-b4e29bb818c0,ok,0,0,453,23.788,34,210,405,390,292
58,21561.297812657,21561.299138442,,0,GPU-9b96eb67-aeee-89d5-aa85-fc650af4e25c,ok,0,0,453,26.859,36,210,405,390,292
58,21561.297812657,21561.298572472,,1,GPU-37ffc98b-8551-c8a1-5f3c-27ade9ae735a,ok,0,0,1514,312.823,70,1920,9501,390,292
58,21561.297812657,21561.298428122,,2,GPU-5443d59d-561f-ed1e-da42-1975937205f9,ok,0,0,453,27.225,36,210,405,439,292
58,21561.297812657,21561.299414043,,3,GPU-46bf67bb-cb31-bee1-3cf0-c35337ba97d2,ok,0,0,453,26.155,39,210,405,439,292
58,21561.297812657,21561.298639112,,4,GPU-127e16de-2b5f-dde9-1932-b4e29bb818c0,ok,0,0,453,23.94,34,210,405,439,292
59,21562.297812657,21562.29869584,,0,GPU-9b96eb67-aeee-89d5-aa85-fc650af4e25c,ok,0,0,453,27.074,36,210,405,390,341
59,21562.297812657,21562.29880166,,1,GPU-37ffc98b-8551-c8a1-5f3c-27ade9ae735a,ok,0,0,1514,166.767,66,1935,9501,390,292
59,21562.297812657,21562.2988365,,2,GPU-5443d59d-561f-ed1e-da42-1975937205f9,ok,0,0,453,27.411,36,210,405,439,292
59,21562.297812657,21562.29873078,,3,GPU-46bf67bb-cb31-bee1-3cf0-c35337ba97d2,ok,0,0,453,26.259,39,210,405,390,292
59,21562.297812657,21562.29884813,,4,GPU-127e16de-2b5f-dde9-1932-b4e29bb818c0,ok,0,0,453,24.261,34,210,405,439,292
60,21563.297812657,21563.298717158,,0,GPU-9b96eb67-aeee-89d5-aa85-fc650af4e25c,ok,0,0,453,27.06,36,210,405,390,292
60,21563.297812657,21563.298678428,,1,GPU-37ffc98b-8551-c8a1-5f3c-27ade9ae735a,ok,100,27,1514,174.413,68,1485,9501,5175,12451
60,21563.297812657,21563.298523818,,2,GPU-5443d59d-561f-ed1e-da42-1975937205f9,ok,0,0,453,27.384,36,210,405,390,292
60,21563.297812657,21563.298642208,,3,GPU-46bf67bb-cb31-bee1-3cf0-c35337ba97d2,ok,0,0,453,26.046,39,210,405,439,341
60,21563.297812657,21563.298561818,,4,GPU-127e16de-2b5f-dde9-1932-b4e29bb818c0,ok,0,0,453,24.323,34,210,405,439,341
61,21564.297812657,21564.299352037,,0,GPU-9b96eb67-aeee-89d5-aa85-fc650af4e25c,ok,0,0,453,27.042,36,210,405,439,292
61,21564.297812657,21564.298420576,,1,GPU-37ffc98b-8551-c8a1-5f3c-27ade9ae735a,ok,100,23,1514,348.915,73,1470,9501,5175,12158
61,21564.297812657,21564.298259566,,2,GPU-5443d59d-561f-ed1e-da42-1975937205f9,ok,0,0,453,27.356,36,210,405,390,292
61,21564.297812657,21564.298907196,,3,GPU-46bf67bb-cb31-bee1-3cf0-c35337ba97d2,ok,0,0,453,26.024,39,210,405,439,292
61,21564.297812657,21564.299326017,,4,GPU-127e16de-2b5f-dde9-1932-b4e29bb818c0,ok,0,0,453,24.3,34,210,405,439,341
62,21565.297812657,21565.298566834,,0,GPU-9b96eb67-aeee-89d5-aa85-fc650af4e25c,ok,0,0,453,27.134,36,210,405,439,341
62,21565.297812657,21565.298601044,,1,GPU-37ffc98b-8551-c8a1-5f3c-27ade9ae735a,ok,100,23,1514,349.341,74,1455,9501,5468,10644
62,21565.297812657,21565.298670714,,2,GPU-5443d59d-561f-ed1e-da42-1975937205f9,ok,0,0,453,27.392,36,210,405,390,341
62,21565.297812657,21565.299147935,,3,GPU-46bf67bb-cb31-bee1-3cf0-c35337ba97d2,ok,0,0,453,26.249,39,210,405,439,292
62,21565.297812657,21565.298431754,,4,GPU-127e16de-2b5f-dde9-1932-b4e29bb818c0,ok,0,0,453,24.148,34,210,405,390,292
63,21566.297812657,21566.298431612,,0,GPU-9b96eb67-aeee-89d5-aa85-fc650af4e25c,ok,0,0,453,27.063,36,210,405,390,341
63,21566.297812657,21566.299786273,,1,GPU-37ffc98b-8551-c8a1-5f3c-27ade9ae735a,ok,100,22,1514,349.027,74,1455,9501,5322,9228
63,21566.297812657,21566.298477502,,2,GPU-5443d59d-561f-ed1e-da42-1975937205f9,ok,0,0,453,27.304,36,210,405,439,292
63,21566.297812657,21566.299845523,,3,GPU-46bf67bb-cb31-bee1-3cf0-c35337ba97d2,ok,0,0,453,26.152,39,210,405,439,292
63,21566.297812657,21566.298582812,,4,GPU-127e16de-2b5f-dde9-1932-b4e29bb818c0,ok,0,0,453,24.055,34,210,405,439,292
64,21567.297812657,21567.29842012,,0,GPU-9b96eb67-aeee-89d5-aa85-fc650af4e25c,ok,0,0,453,27.086,35,210,405,439,292
64,21567.297812657,21567.299715791,,1,GPU-37ffc98b-8551-c8a1-5f3c-27ade9ae735a,ok,100,28,1514,348.608,74,1470,9501,5468,10009
64,21567.297812657,21567.29857051,,2,GPU-5443d59d-561f-ed1e-da42-1975937205f9,ok,0,0,453,27.309,36,210,405,390,292
64,21567.297812657,21567.299776831,,3,GPU-46bf67bb-cb31-bee1-3cf0-c35337ba97d2,ok,0,0,453,26.129,39,210,405,439,292
64,21567.297812657,21567.29846455,,4,GPU-127e16de-2b5f-dde9-1932-b4e29bb818c0,ok,0,0,453,23.837,34,210,405,439,292
65,21568.297812657,21568.298507968,,0,GPU-9b96eb67-aeee-89d5-aa85-fc650af4e25c,ok,0,0,453,27.382,36,210,405,390,292
65,21568.297812657,21568.298691518,,1,GPU-37ffc98b-8551-c8a1-5f3c-27ade9ae735a,ok,100,28,1514,348.134,74,1500,9501,5273,9765
65,21568.297812657,21568.298627728,,2,GPU-5443d59d-561f-ed1e-da42-1975937205f9,ok,0,0,453,27.312,36,210,405,439,292
65,21568.297812657,21568.299628439,,3,GPU-46bf67bb-cb31-bee1-3cf0-c35337ba97d2,ok,0,0,453,26.292,39,210,405,439,292
65,21568.297812657,21568.298462518,,4,GPU-127e16de-2b5f-dde9-1932-b4e29bb818c0,ok,0,0,453,24.003,34,210,405,439,292
66,21569.297812657,21569.298510056,,0,GPU-9b96eb67-aeee-89d5-aa85-fc650af4e25c,ok,0,0,453,27.35,36,210,405,439,292
66,21569.297812657,21569.299773497,,1,GPU-37ffc98b-8551-c8a1-5f3c-27ade9ae735a,ok,100,31,1514,348.356,75,1470,9501,5322,10986
66,21569.297812657,21569.298560526,,2,GPU-5443d59d-561f-ed1e-da42-1975937205f9,ok,0,0,453,27.134,36,210,405,390,341
66,21569.297812657,21569.299109597,,3,GPU-46bf67bb-cb31-bee1-3cf0-c35337ba97d2,ok,0,0,453,26.129,39,210,405,439,341
66,21569.297812657,21569.298450306,,4,GPU-127e16de-2b5f-dde9-1932-b4e29bb818c0,ok,0,0,453,24.197,34,210,405,439,292
67,21570.297812657,21570.298624725,,0,GPU-9b96eb67-aeee-89d5-aa85-fc650af4e25c,ok,0,0,453,27.222,36,210,405,439,341
67,21570.297812657,21570.298588265,,1,GPU-37ffc98b-8551-c8a1-5f3c-27ade9ae735a,ok,100,27,1514,348.1,75,1485,9501,6054,14453
67,21570.297812657,21570.299742895,,2,GPU-5443d59d-561f-ed1e-da42-1975937205f9,ok,0,0,453,27.14,36,210,405,439,292
67,21570.297812657,21570.298488214,,3,GPU-46bf67bb-cb31-bee1-3cf0-c35337ba97d2,ok,0,0,453,26.116,39,210,405,439,341
67,21570.297812657,21570.298402964,,4,GPU-127e16de-2b5f-dde9-1932-b4e29bb818c0,ok,0,0,453,24.24,34,210,405,390,292
68,21571.297812657,21571.298591723,,0,GPU-9b96eb67-aeee-89d5-aa85-fc650af4e25c,ok,0,0,453,27.237,35,210,405,439,292
68,21571.297812657,21571.298442482,,1,GPU-37ffc98b-8551-c8a1-5f3c-27ade9ae735a,ok,100,21,1514,348.502,75,1485,9501,6298,17578
68,21571.297812657,21571.298481863,,2,GPU-5443d59d-561f-ed1e-da42-1975937205f9,ok,0,0,453,27.308,36,210,405,439,292
68,21571.297812657,21571.298639323,,3,GPU-46bf67bb-cb31-bee1-3cf0-c35337ba97d2,ok,0,0,453,26.304,39,210,405,390,341
68,21571.297812657,21571.299480743,,4,GPU-127e16de-2b5f-dde9-1932-b4e29bb818c0,ok,0,0,453,24.257,34,210,405,439,341
69,21572.297812657,21572.298891601,,0,GPU-9b96eb67-aeee-89d5-aa85-fc650af4e25c,ok,0,0,453,27.057,35,210,405,439,292
69,21572.297812657,21572.29838732,,1,GPU-37ffc98b-8551-c8a1-5f3c-27ade9ae735a,ok,100,22,1514,348.659,75,1485,9501,4052,13769
69,21572.297812657,21572.298849951,,2,GPU-5443d59d-561f-ed1e-da42-1975937205f9,ok,0,0,453,27.117,36,210,405,439,292
69,21572.297812657,21572.298509021,,3,GPU-46bf67bb-cb31-bee1-3cf0-c35337ba97d2,ok,0,0,453,26.177,39,210,405,390,292
69,21572.297812657,21572.298535801,,4,GPU-127e16de-2b5f-dde9-1932-b4e29bb818c0,ok,0,0,453,24.519,34,210,405,439,292
70,21573.297812657,21573.298716729,,0,GPU-9b96eb67-aeee-89d5-aa85-fc650af4e25c,ok,0,0,453,26.996,36,210,405,439,292
70,21573.297812657,21573.298456299,,1,GPU-37ffc98b-8551-c8a1-5f3c-27ade9ae735a,ok,100,22,1514,349.294,75,1485,9501,4541,12744
70,21573.297812657,21573.298629539,,2,GPU-5443d59d-561f-ed1e-da42-1975937205f9,ok,0,0,453,26.966,36,210,405,439,341
70,21573.297812657,21573.298657149,,3,GPU-46bf67bb-cb31-bee1-3cf0-c35337ba97d2,ok,0,0,453,26.214,39,210,405,439,292
70,21573.297812657,21573.298691929,,4,GPU-127e16de-2b5f-dde9-1932-b4e29bb818c0,ok,0,0,453,24.647,34,210,405,390,292
71,21574.297812657,21574.299154587,,0,GPU-9b96eb67-aeee-89d5-aa85-fc650af4e25c,ok,0,0,453,27.118,35,210,405,439,341
71,21574.297812657,21574.299127047,,1,GPU-37ffc98b-8551-c8a1-5f3c-27ade9ae735a,ok,100,22,1514,349.391,75,1485,9501,4980,10546
71,21574.297812657,21574.298575097,,2,GPU-5443d59d-561f-ed1e-da42-1975937205f9,ok,0,0,453,27.109,36,210,405,439,292
71,21574.297812657,21574.298536977,,3,GPU-46bf67bb-cb31-bee1-3cf0-c35337ba97d2,ok,0,0,453,26.35,39,210,405,439,292
71,21574.297812657,21574.298321037,,4,GPU-127e16de-2b5f-dde9-1932-b4e29bb818c0,ok,0,0,453,24.474,34,210,405,439,292
72,21575.297812657,21575.298538965,,0,GPU-9b96eb67-aeee-89d5-aa85-fc650af4e25c,ok,0,0,453,27.078,35,210,405,439,292
72,21575.297812657,21575.300287165,,1,GPU-37ffc98b-8551-c8a1-5f3c-27ade9ae735a,ok,100,28,1514,348.866,75,1485,9501,5029,10693
72,21575.297812657,21575.298643785,,2,GPU-5443d59d-561f-ed1e-da42-1975937205f9,ok,0,0,453,27.035,36,210,405,439,292
72,21575.297812657,21575.298407155,,3,GPU-46bf67bb-cb31-bee1-3cf0-c35337ba97d2,ok,0,0,453,26.157,39,210,405,439,292
72,21575.297812657,21575.298504015,,4,GPU-127e16de-2b5f-dde9-1932-b4e29bb818c0,ok,0,0,453,24.259,34,210,405,439,292
73,21576.297812657,21576.299768203,,0,GPU-9b96eb67-aeee-89d5-aa85-fc650af4e25c,ok,0,0,453,27.073,36,210,405,439,292
73,21576.297812657,21576.298592673,,1,GPU-37ffc98b-8551-c8a1-5f3c-27ade9ae735a,ok,100,21,1514,348.912,75,1485,9501,4541,11035
73,21576.297812657,21576.298442703,,2,GPU-5443d59d-561f-ed1e-da42-1975937205f9,ok,0,0,453,27.031,36,210,405,439,341
73,21576.297812657,21576.298486623,,3,GPU-46bf67bb-cb31-bee1-3cf0-c35337ba97d2,ok,0,0,453,26.115,39,210,405,390,341
73,21576.297812657,21576.298644503,,4,GPU-127e16de-2b5f-dde9-1932-b4e29bb818c0,ok,0,0,453,24.287,34,210,405,439,341
74,21577.297812657,21577.299338531,,0,GPU-9b96eb67-aeee-89d5-aa85-fc650af4e25c,ok,0,0,453,27.244,36,210,405,439,292
74,21577.297812657,21577.298753581,,1,GPU-37ffc98b-8551-c8a1-5f3c-27ade9ae735a,ok,100,22,1514,349.28,75,1470,9501,4248,13134
74,21577.297812657,21577.298778371,,2,GPU-5443d59d-561f-ed1e-da42-1975937205f9,ok,0,0,453,27.207,36,210,405,439,292
74,21577.297812657,21577.298806591,,3,GPU-46bf67bb-cb31-bee1-3cf0-c35337ba97d2,ok,0,0,453,26.273,39,210,405,439,341
74,21577.297812657,21577.298686891,,4,GPU-127e16de-2b5f-dde9-1932-b4e29bb818c0,ok,0,0,453,24.245,34,210,405,439,292
75,21578.297812657,21578.298815159,,0,GPU-9b96eb67-aeee-89d5-aa85-fc650af4e25c,ok,0,0,453,27.178,36,210,405,439,292
75,21578.297812657,21578.298757539,,1,GPU-37ffc98b-8551-c8a1-5f3c-27ade9ae735a,ok,100,25,1514,348.52,75,1500,9501,4150,12792
75,21578.297812657,21578.298670399,,2,GPU-5443d59d-561f-ed1e-da42-1975937205f9,ok,0,0,453,27.086,36,210,405,439,292
75,21578.297812657,21578.298562959,,3,GPU-46bf67bb-cb31-bee1-3cf0-c35337ba97d2,ok,0,0,453,26.151,39,210,405,439,341
75,21578.297812657,21578.298793969,,4,GPU-127e16de-2b5f-dde9-1932-b4e29bb818c0,ok,0,0,453,24.289,34,210,405,439,292
76,21579.297812657,21579.298317637,,0,GPU-9b96eb67-aeee-89d5-aa85-fc650af4e25c,ok,0,0,453,27.197,35,210,405,390,292
76,21579.297812657,21579.298547877,,1,GPU-37ffc98b-8551-c8a1-5f3c-27ade9ae735a,ok,100,23,1514,348.767,75,1470,9501,3906,13574
76,21579.297812657,21579.299685017,,2,GPU-5443d59d-561f-ed1e-da42-1975937205f9,ok,0,0,453,27.019,36,210,405,439,292
76,21579.297812657,21579.299037257,,3,GPU-46bf67bb-cb31-bee1-3cf0-c35337ba97d2,ok,0,0,453,26.169,39,210,405,390,292
76,21579.297812657,21579.298412097,,4,GPU-127e16de-2b5f-dde9-1932-b4e29bb818c0,ok,0,0,453,24.258,34,210,405,439,341
77,21580.297812657,21580.299331565,,0,GPU-9b96eb67-aeee-89d5-aa85-fc650af4e25c,ok,0,0,453,27.362,36,210,405,439,341
77,21580.297812657,21580.298289875,,1,GPU-37ffc98b-8551-c8a1-5f3c-27ade9ae735a,ok,100,21,1514,348.93,75,1485,9501,3710,14160
77,21580.297812657,21580.299370535,,2,GPU-5443d59d-561f-ed1e-da42-1975937205f9,ok,0,0,453,27.229,36,210,405,439,341
77,21580.297812657,21580.298712535,,3,GPU-46bf67bb-cb31-bee1-3cf0-c35337ba97d2,ok,0,0,453,26.395,39,210,405,439,292
77,21580.297812657,21580.298445925,,4,GPU-127e16de-2b5f-dde9-1932-b4e29bb818c0,ok,0,0,453,23.93,34,210,405,439,341
78,21581.297812657,21581.298676713,,0,GPU-9b96eb67-aeee-89d5-aa85-fc650af4e25c,ok,0,0,453,27.272,36,210,405,390,292
78,21581.297812657,21581.298462923,,1,GPU-37ffc98b-8551-c8a1-5f3c-27ade9ae735a,ok,100,22,1514,349.08,75,1485,9501,4150,14257
78,21581.297812657,21581.298715313,,2,GPU-5443d59d-561f-ed1e-da42-1975937205f9,ok,0,0,453,27.149,36,210,405,439,292
78,21581.297812657,21581.298938593,,3,GPU-46bf67bb-cb31-bee1-3cf0-c35337ba97d2,ok,0,0,453,26.258,39,210,405,439,292
78,21581.297812657,21581.298571963,,4,GPU-127e16de-2b5f-dde9-1932-b4e29bb818c0,ok,0,0,453,24.116,34,210,405,439,292
79,21582.297812657,21582.298653811,,0,GPU-9b96eb67-aeee-89d5-aa85-fc650af4e25c,ok,0,0,453,27.295,36,210,405,439,292
79,21582.297812657,21582.299678411,,1,GPU-37ffc98b-8551-c8a1-5f3c-27ade9ae735a,ok,100,23,1514,349.217,75,1485,9501,4443,12011
79,21582.297812657,21582.298565971,,2,GPU-5443d59d-561f-ed1e-da42-1975937205f9,ok,0,0,453,27.126,36,210,405,439,292
79,21582.297812657,21582.299040691,,3,GPU-46bf67bb-cb31-bee1-3cf0-c35337ba97d2,ok,0,0,453,26.288,39,210,405,390,292
79,21582.297812657,21582.298394371,,4,GPU-127e16de-2b5f-dde9-1932-b4e29bb818c0,ok,0,0,453,24.149,34,210,405,439,292
80,21583.297812657,21583.298676209,,0,GPU-9b96eb67-aeee-89d5-aa85-fc650af4e25c,ok,0,0,453,27.25,36,210,405,439,341
80,21583.297812657,21583.298601439,,1,GPU-37ffc98b-8551-c8a1-5f3c-27ade9ae735a,ok,100,22,1514,349.539,75,1470,9501,3662,15478
80,21583.297812657,21583.298645569,,2,GPU-5443d59d-561f-ed1e-da42-1975937205f9,ok,0,0,453,27.251,36,210,405,439,341
80,21583.297812657,21583.298992749,,3,GPU-46bf67bb-cb31-bee1-3cf0-c35337ba97d2,ok,0,0,453,26.463,39,210,405,439,292
80,21583.297812657,21583.298339279,,4,GPU-127e16de-2b5f-dde9-1932-b4e29bb818c0,ok,0,0,453,23.983,34,210,405,439,341
81,21584.297812657,21584.299145697,,0,GPU-9b96eb67-aeee-89d5-aa85-fc650af4e25c,ok,0,0,453,26.994,36,210,405,439,341
81,21584.297812657,21584.298945077,,1,GPU-37ffc98b-8551-c8a1-5f3c-27ade9ae735a,ok,100,22,1514,349.133,75,1485,9501,3417,15039
81,21584.297812657,21584.299201917,,2,GPU-5443d59d-561f-ed1e-da42-1975937205f9,ok,0,0,453,27.154,36,210,405,390,292
81,21584.297812657,21584.299173357,,3,GPU-46bf67bb-cb31-bee1-3cf0-c35337ba97d2,ok,0,0,453,26.242,39,210,405,439,292
81,21584.297812657,21584.298240967,,4,GPU-127e16de-2b5f-dde9-1932-b4e29bb818c0,ok,0,0,453,24.064,34,210,405,390,292
82,21585.297812657,21585.299197515,,0,GPU-9b96eb67-aeee-89d5-aa85-fc650af4e25c,ok,0,0,453,26.981,36,210,405,439,292
82,21585.297812657,21585.299174495,,1,GPU-37ffc98b-8551-c8a1-5f3c-27ade9ae735a,ok,100,28,1514,349.657,75,1410,9501,4638,20556
82,21585.297812657,21585.299213745,,2,GPU-5443d59d-561f-ed1e-da42-1975937205f9,ok,0,0,453,27.192,36,210,405,390,292
82,21585.297812657,21585.299118565,,3,GPU-46bf67bb-cb31-bee1-3cf0-c35337ba97d2,ok,0,0,453,26.193,39,210,405,439,341
82,21585.297812657,21585.298238015,,4,GPU-127e16de-2b5f-dde9-1932-b4e29bb818c0,ok,0,0,453,24.214,34,210,405,390,292
83,21586.297812657,21586.298417913,,0,GPU-9b96eb67-aeee-89d5-aa85-fc650af4e25c,ok,0,0,453,27.058,36,210,405,439,292
83,21586.297812657,21586.298670833,,1,GPU-37ffc98b-8551-c8a1-5f3c-27ade9ae735a,ok,100,24,1514,349.182,75,1455,9501,3173,14453
83,21586.297812657,21586.299118863,,2,GPU-5443d59d-561f-ed1e-da42-1975937205f9,ok,0,0,453,27.237,36,210,405,439,292
83,21586.297812657,21586.298632643,,3,GPU-46bf67bb-cb31-bee1-3cf0-c35337ba97d2,ok,0,0,453,26.396,39,210,405,390,292
83,21586.297812657,21586.298608473,,4,GPU-127e16de-2b5f-dde9-1932-b4e29bb818c0,ok,0,0,453,24.02,34,210,405,439,292
84,21587.297812657,21587.298664061,,0,GPU-9b96eb67-aeee-89d5-aa85-fc650af4e25c,ok,0,0,453,27.157,36,210,405,390,292
84,21587.297812657,21587.298689741,,1,GPU-37ffc98b-8551-c8a1-5f3c-27ade9ae735a,ok,100,24,1514,349.126,75,1470,9501,3466,13671
84,21587.297812657,21587.298439051,,2,GPU-5443d59d-561f-ed1e-da42-1975937205f9,ok,0,0,453,27.241,36,210,405,439,341
84,21587.297812657,21587.299141831,,3,GPU-46bf67bb-cb31-bee1-3cf0-c35337ba97d2,ok,0,0,453,26.229,39,210,405,390,292
84,21587.297812657,21587.298635021,,4,GPU-127e16de-2b5f-dde9-1932-b4e29bb818c0,ok,0,0,453,24.047,34,210,405,439,341
85,21588.297812657,21588.299615799,,0,GPU-9b96eb67-aeee-89d5-aa85-fc650af4e25c,ok,0,0,453,27.23,35,210,405,390,341
85,21588.297812657,21588.298606169,,1,GPU-37ffc98b-8551-c8a1-5f3c-27ade9ae735a,ok,100,32,1514,348.817,75,1470,9501,390,292
85,21588.297812657,21588.299585119,,2,GPU-5443d59d-561f-ed1e-da42-1975937205f9,ok,0,0,453,27.284,36,210,405,439,292
85,21588.297812657,21588.298700629,,3,GPU-46bf67bb-cb31-bee1-3cf0-c35337ba97d2,ok,0,0,453,26.187,39,210,405,439,292
85,21588.297812657,21588.298520589,,4,GPU-127e16de-2b5f-dde9-1932-b4e29bb818c0,ok,0,0,453,24.049,34,210,405,439,292
86,21589.297812657,21589.298745117,,0,GPU-9b96eb67-aeee-89d5-aa85-fc650af4e25c,ok,0,0,453,26.935,35,210,405,390,292
86,21589.297812657,21589.298798177,,1,GPU-37ffc98b-8551-c8a1-5f3c-27ade9ae735a,ok,0,0,1514,179.942,65,1920,9501,390,292
86,21589.297812657,21589.298496607,,2,GPU-5443d59d-561f-ed1e-da42-1975937205f9,ok,0,0,453,27.149,36,210,405,439,292
86,21589.297812657,21589.299207607,,3,GPU-46bf67bb-cb31-bee1-3cf0-c35337ba97d2,ok,0,0,453,26.036,39,210,405,439,341
86,21589.297812657,21589.298697227,,4,GPU-127e16de-2b5f-dde9-1932-b4e29bb818c0,ok,0,0,453,23.711,34,210,405,390,292
87,21590.297812657,21590.298738125,,0,GPU-9b96eb67-aeee-89d5-aa85-fc650af4e25c,ok,0,0,453,26.894,35,210,405,439,292
87,21590.297812657,21590.298388045,,1,GPU-37ffc98b-8551-c8a1-5f3c-27ade9ae735a,ok,0,0,1514,140.843,64,1920,9501,390,292
87,21590.297812657,21590.298565565,,2,GPU-5443d59d-561f-ed1e-da42-1975937205f9,ok,0,0,453,27.126,36,210,405,439,292
87,21590.297812657,21590.298507755,,3,GPU-46bf67bb-cb31-bee1-3cf0-c35337ba97d2,ok,0,0,453,25.99,39,210,405,439,341
87,21590.297812657,21590.298646255,,4,GPU-127e16de-2b5f-dde9-1932-b4e29bb818c0,ok,0,0,453,23.968,34,210,405,439,341
88,21591.297812657,21591.298608873,,0,GPU-9b96eb67-aeee-89d5-aa85-fc650af4e25c,ok,0,0,450,29.57,36,210,405,488,341
88,21591.297812657,21591.298356753,,1,GPU-37ffc98b-8551-c8a1-5f3c-27ade9ae735a,ok,0,0,450,129.376,62,1710,9751,390,292
88,21591.297812657,21591.298553343,,2,GPU-5443d59d-561f-ed1e-da42-1975937205f9,ok,0,0,450,29.241,37,210,405,439,292
88,21591.297812657,21591.298685923,,3,GPU-46bf67bb-cb31-bee1-3cf0-c35337ba97d2,ok,0,0,450,29.653,39,210,405,439,341
88,21591.297812657,21591.298584743,,4,GPU-127e16de-2b5f-dde9-1932-b4e29bb818c0,ok,0,0,450,26.265,34,210,405,439,292
89,21592.297812657,21592.298834771,,0,GPU-9b96eb67-aeee-89d5-aa85-fc650af4e25c,ok,0,0,450,38.405,36,210,405,439,341
89,21592.297812657,21592.298820241,,1,GPU-37ffc98b-8551-c8a1-5f3c-27ade9ae735a,ok,0,0,450,117.157,61,1710,9751,439,341
89,21592.297812657,21592.298600031,,2,GPU-5443d59d-561f-ed1e-da42-1975937205f9,ok,0,0,450,35.371,37,210,405,439,292
89,21592.297812657,21592.298777661,,3,GPU-46bf67bb-cb31-bee1-3cf0-c35337ba97d2,ok,0,0,450,40.806,40,210,405,439,292
89,21592.297812657,21592.298632171,,4,GPU-127e16de-2b5f-dde9-1932-b4e29bb818c0,ok,0,0,450,33.801,34,210,405,439,292
90,21593.297812657,21593.298650469,,0,GPU-9b96eb67-aeee-89d5-aa85-fc650af4e25c,ok,0,0,450,28.595,36,210,405,439,292
90,21593.297812657,21593.298672859,,1,GPU-37ffc98b-8551-c8a1-5f3c-27ade9ae735a,ok,0,0,450,86.155,59,420,5001,488,292
90,21593.297812657,21593.298514049,,2,GPU-5443d59d-561f-ed1e-da42-1975937205f9,ok,0,0,450,28.076,37,210,405,439,292
90,21593.297812657,21593.298748119,,3,GPU-46bf67bb-cb31-bee1-3cf0-c35337ba97d2,ok,0,0,450,27.54,40,210,405,439,341
90,21593.297812657,21593.298714359,,4,GPU-127e16de-2b5f-dde9-1932-b4e29bb818c0,ok,0,0,450,25.266,35,210,405,439,341
91,21594.297812657,21594.298916047,,0,GPU-9b96eb67-aeee-89d5-aa85-fc650af4e25c,ok,0,0,450,27.287,35,210,405,439,292
91,21594.297812657,21594.298461657,,1,GPU-37ffc98b-8551-c8a1-5f3c-27ade9ae735a,ok,0,0,450,59.536,56,255,810,390,292
91,21594.297812657,21594.298679037,,2,GPU-5443d59d-561f-ed1e-da42-1975937205f9,ok,0,0,450,27.31,36,210,405,390,341
91,21594.297812657,21594.298755597,,3,GPU-46bf67bb-cb31-bee1-3cf0-c35337ba97d2,ok,0,0,450,26.103,39,210,405,390,341
91,21594.297812657,21594.298718877,,4,GPU-127e16de-2b5f-dde9-1932-b4e29bb818c0,ok,0,0,450,24.318,34,210,405,439,341
92,21595.297812657,21595.298937875,,0,GPU-9b96eb67-aeee-89d5-aa85-fc650af4e25c,ok,0,0,450,26.801,35,210,405,439,341
92,21595.297812657,21595.298738215,,1,GPU-37ffc98b-8551-c8a1-5f3c-27ade9ae735a,ok,0,0,450,30.649,55,210,405,439,292
92,21595.297812657,21595.298884875,,2,GPU-5443d59d-561f-ed1e-da42-1975937205f9,ok,0,0,450,27.186,36,210,405,390,292
92,21595.297812657,21595.298840275,,3,GPU-46bf67bb-cb31-bee1-3cf0-c35337ba97d2,ok,0,0,450,25.813,39,210,405,439,292
92,21595.297812657,21595.298660915,,4,GPU-127e16de-2b5f-dde9-1932-b4e29bb818c0,ok,0,0,450,24.043,34,210,405,390,341
93,21596.297812657,21596.300346294,,0,GPU-9b96eb67-aeee-89d5-aa85-fc650af4e25c,ok,0,0,450,26.801,36,210,405,5957,9082
93,21596.297812657,21596.300544274,,1,GPU-37ffc98b-8551-c8a1-5f3c-27ade9ae735a,ok,0,0,450,22.583,55,210,405,6250,341
93,21596.297812657,21596.300618374,,2,GPU-5443d59d-561f-ed1e-da42-1975937205f9,ok,0,0,450,27.15,36,210,405,390,390
93,21596.297812657,21596.300416704,,3,GPU-46bf67bb-cb31-bee1-3cf0-c35337ba97d2,ok,0,0,450,25.829,39,210,405,439,1416
93,21596.297812657,21596.300489194,,4,GPU-127e16de-2b5f-dde9-1932-b4e29bb818c0,ok,0,0,450,23.911,34,210,405,390,341
94,21597.297812657,21597.298482691,,0,GPU-9b96eb67-aeee-89d5-aa85-fc650af4e25c,ok,0,0,453,32.706,36,690,810,439,292
94,21597.297812657,21597.299529731,,1,GPU-37ffc98b-8551-c8a1-5f3c-27ade9ae735a,ok,0,0,1244,22.738,55,1710,9751,439,292
94,21597.297812657,21597.298408571,,2,GPU-5443d59d-561f-ed1e-da42-1975937205f9,ok,0,0,453,29.115,37,210,405,439,341
94,21597.297812657,21597.298912321,,3,GPU-46bf67bb-cb31-bee1-3cf0-c35337ba97d2,ok,0,0,453,28.146,39,210,405,439,341
94,21597.297812657,21597.298274331,,4,GPU-127e16de-2b5f-dde9-1932-b4e29bb818c0,ok,0,0,453,24.452,34,210,405,439,292
95,21598.297812657,21598.298433989,,0,GPU-9b96eb67-aeee-89d5-aa85-fc650af4e25c,ok,0,0,453,42.166,36,690,810,488,292
95,21598.297812657,21598.298613079,,1,GPU-37ffc98b-8551-c8a1-5f3c-27ade9ae735a,ok,0,0,1244,100.81,57,1710,9501,390,292
95,21598.297812657,21598.299060849,,2,GPU-5443d59d-561f-ed1e-da42-1975937205f9,ok,0,0,453,35.395,37,210,405,390,341
95,21598.297812657,21598.298648859,,3,GPU-46bf67bb-cb31-bee1-3cf0-c35337ba97d2,ok,0,0,453,40.67,40,210,405,390,292
95,21598.297812657,21598.298707669,,4,GPU-127e16de-2b5f-dde9-1932-b4e29bb818c0,ok,0,0,453,33.722,35,210,405,439,292
96,21599.297812657,21599.298834877,,0,GPU-9b96eb67-aeee-89d5-aa85-fc650af4e25c,ok,0,0,453,42.186,36,690,810,439,292
96,21599.297812657,21599.298737827,,1,GPU-37ffc98b-8551-c8a1-5f3c-27ade9ae735a,ok,3,0,1416,108.414,57,1710,9501,14990,79296
96,21599.297812657,21599.298647187,,2,GPU-5443d59d-561f-ed1e-da42-1975937205f9,ok,0,0,453,28.435,37,210,405,439,292
96,21599.297812657,21599.298753057,,3,GPU-46bf67bb-cb31-bee1-3cf0-c35337ba97d2,ok,0,0,453,28.001,40,210,405,439,292
96,21599.297812657,21599.298795977,,4,GPU-127e16de-2b5f-dde9-1932-b4e29bb818c0,ok,0,0,453,25.364,35,210,405,439,341
97,21600.297812657,21600.298540595,,0,GPU-9b96eb67-aeee-89d5-aa85-fc650af4e25c,ok,0,0,453,30.288,36,210,405,439,341
97,21600.297812657,21600.299807416,,1,GPU-37ffc98b-8551-c8a1-5f3c-27ade9ae735a,ok,45,19,1476,153.38,60,1905,9501,15136,78417
97,21600.297812657,21600.298455205,,2,GPU-5443d59d-561f-ed1e-da42-1975937205f9,ok,0,0,453,27.446,36,210,405,439,292
97,21600.297812657,21600.298471365,,3,GPU-46bf67bb-cb31-bee1-3cf0-c35337ba97d2,ok,0,0,453,26.678,39,210,405,439,292
97,21600.297812657,21600.300443926,,4,GPU-127e16de-2b5f-dde9-1932-b4e29bb818c0,ok,0,0,453,24.265,34,210,405,390,341
98,21601.297812657,21601.298638953,,0,GPU-9b96eb67-aeee-89d5-aa85-fc650af4e25c,ok,0,0,453,28.055,36,210,405,390,292
98,21601.297812657,21601.298743593,,1,GPU-37ffc98b-8551-c8a1-5f3c-27ade9ae735a,ok,41,19,1476,212.273,62,1950,9501,15771,79492
98,21601.297812657,21601.298605293,,2,GPU-5443d59d-561f-ed1e-da42-1975937205f9,ok,0,0,453,26.998,36,210,405,439,292
98,21601.297812657,21601.298731023,,3,GPU-46bf67bb-cb31-bee1-3cf0-c35337ba97d2,ok,0,0,453,26.731,39,210,405,439,292
98,21601.297812657,21601.298533423,,4,GPU-127e16de-2b5f-dde9-1932-b4e29bb818c0,ok,0,0,453,23.877,34,210,405,439,292
99,21602.297812657,21602.298827651,,0,GPU-9b96eb67-aeee-89d5-aa85-fc650af4e25c,ok,0,0,453,26.935,36,210,405,390,292
99,21602.297812657,21602.298739391,,1,GPU-37ffc98b-8551-c8a1-5f3c-27ade9ae735a,ok,43,20,1476,226.591,63,1950,9501,14746,79443
99,21602.297812657,21602.298775391,,2,GPU-5443d59d-561f-ed1e-da42-1975937205f9,ok,0,0,453,27.056,36,210,405,439,292
99,21602.297812657,21602.298859811,,3,GPU-46bf67bb-cb31-bee1-3cf0-c35337ba97d2,ok,0,0,453,27.231,39,210,405,390,341
99,21602.297812657,21602.298702621,,4,GPU-127e16de-2b5f-dde9-1932-b4e29bb818c0,ok,0,0,453,23.806,34,210,405,439,292
100,21603.297812657,21603.298641679,,0,GPU-9b96eb67-aeee-89d5-aa85-fc650af4e25c,ok,0,0,453,27.042,36,210,405,439,292
100,21603.297812657,21603.299200489,,1,GPU-37ffc98b-8551-c8a1-5f3c-27ade9ae735a,ok,34,15,1476,220.835,63,1935,9501,15576,79101
100,21603.297812657,21603.298693459,,2,GPU-5443d59d-561f-ed1e-da42-1975937205f9,ok,0,0,453,27.296,36,210,405,439,292
100,21603.297812657,21603.298488379,,3,GPU-46bf67bb-cb31-bee1-3cf0-c35337ba97d2,ok,0,0,453,27.43,39,210,405,439,341
100,21603.297812657,21603.298659439,,4,GPU-127e16de-2b5f-dde9-1932-b4e29bb818c0,ok,0,0,453,24.025,34,210,405,390,341
101,21604.297812657,21604.298577077,,0,GPU-9b96eb67-aeee-89d5-aa85-fc650af4e25c,ok,0,0,453,27.136,36,210,405,439,341
101,21604.297812657,21604.298532927,,1,GPU-37ffc98b-8551-c8a1-5f3c-27ade9ae735a,ok,34,15,1476,214.157,63,1950,9501,14892,79687
101,21604.297812657,21604.299091977,,2,GPU-5443d59d-561f-ed1e-da42-1975937205f9,ok,0,0,453,27.183,36,210,405,439,292
101,21604.297812657,21604.299119587,,3,GPU-46bf67bb-cb31-bee1-3cf0-c35337ba97d2,ok,0,0,453,27.109,39,210,405,390,341
101,21604.297812657,21604.298333247,,4,GPU-127e16de-2b5f-dde9-1932-b4e29bb818c0,ok,0,0,453,24.24,34,210,405,390,292
102,21605.297812657,21605.298688835,,0,GPU-9b96eb67-aeee-89d5-aa85-fc650af4e25c,ok,0,0,453,26.908,36,210,405,439,341
102,21605.297812657,21605.298569915,,1,GPU-37ffc98b-8551-c8a1-5f3c-27ade9ae735a,ok,34,15,1476,219.438,63,1950,9501,14892,79443
102,21605.297812657,21605.298613975,,2,GPU-5443d59d-561f-ed1e-da42-1975937205f9,ok,0,0,453,27.174,36,210,405,439,341
102,21605.297812657,21605.298726665,,3,GPU-46bf67bb-cb31-bee1-3cf0-c35337ba97d2,ok,0,0,453,27.12,39,210,405,390,292
102,21605.297812657,21605.298524935,,4,GPU-127e16de-2b5f-dde9-1932-b4e29bb818c0,ok,0,0,453,24.186,34,210,405,439,292
103,21606.297812657,21606.298463633,,0,GPU-9b96eb67-aeee-89d5-aa85-fc650af4e25c,ok,0,0,453,26.845,36,210,405,439,292
103,21606.297812657,21606.298580733,,1,GPU-37ffc98b-8551-c8a1-5f3c-27ade9ae735a,ok,37,16,1476,219.643,63,1950,9501,15234,79833
103,21606.297812657,21606.298419003,,2,GPU-5443d59d-561f-ed1e-da42-1975937205f9,ok,0,0,453,27.303,36,210,405,390,341
103,21606.297812657,21606.299116734,,3,GPU-46bf67bb-cb31-bee1-3cf0-c35337ba97d2,ok,0,0,453,27.306,39,210,405,439,292
103,21606.297812657,21606.298610843,,4,GPU-127e16de-2b5f-dde9-1932-b4e29bb818c0,ok,0,0,453,24.18,34,210,405,439,292
104,21607.297812657,21607.298495521,,0,GPU-9b96eb67-aeee-89d5-aa85-fc650af4e25c,ok,0,0,453,26.958,36,210,405,439,292
104,21607.297812657,21607.298643121,,1,GPU-37ffc98b-8551-c8a1-5f3c-27ade9ae735a,ok,37,16,1476,221.001,63,1950,9501,15332,79736
104,21607.297812657,21607.299087122,,2,GPU-5443d59d-561f-ed1e-da42-1975937205f9,ok,0,0,453,27.169,36,210,405,390,292
104,21607.297812657,21607.298605781,,3,GPU-46bf67bb-cb31-bee1-3cf0-c35337ba97d2,ok,0,0,453,27.258,39,210,405,439,292
104,21607.297812657,21607.298378341,,4,GPU-127e16de-2b5f-dde9-1932-b4e29bb818c0,ok,0,0,453,24.154,34,210,405,439,292
105,21608.297812657,21608.29908101,,0,GPU-9b96eb67-aeee-89d5-aa85-fc650af4e25c,ok,0,0,453,26.828,36,210,405,439,341
105,21608.297812657,21608.298534459,,1,GPU-37ffc98b-8551-c8a1-5f3c-27ade9ae735a,ok,38,17,1476,221.992,63,1950,9501,15234,78613
105,21608.297812657,21608.298508049,,2,GPU-5443d59d-561f-ed1e-da42-1975937205f9,ok,0,0,453,27.107,36,210,405,439,341
105,21608.297812657,21608.29904288,,3,GPU-46bf67bb-cb31-bee1-3cf0-c35337ba97d2,ok,0,0,453,27.311,39,210,405,390,292
105,21608.297812657,21608.298365439,,4,GPU-127e16de-2b5f-dde9-1932-b4e29bb818c0,ok,0,0,453,24.168,34,210,405,439,292
106,21609.297812657,21609.298595267,,0,GPU-9b96eb67-aeee-89d5-aa85-fc650af4e25c,ok,0,0,453,26.805,36,210,405,439,292
106,21609.297812657,21609.298745167,,1,GPU-37ffc98b-8551-c8a1-5f3c-27ade9ae735a,ok,38,17,1476,222.584,64,1950,9501,15576,78857
106,21609.297812657,21609.298460827,,2,GPU-5443d59d-561f-ed1e-da42-1975937205f9,ok,0,0,453,27.166,36,210,405,439,292
106,21609.297812657,21609.298707027,,3,GPU-46bf67bb-cb31-bee1-3cf0-c35337ba97d2,ok,0,0,453,27.476,39,210,405,439,292
106,21609.297812657,21609.298553347,,4,GPU-127e16de-2b5f-dde9-1932-b4e29bb818c0,ok,0,0,453,24.305,34,210,405,390,292
107,21610.297812657,21610.298540275,,0,GPU-9b96eb67-aeee-89d5-aa85-fc650af4e25c,ok,0,0,453,26.997,36,210,405,439,292
107,21610.297812657,21610.300411086,,1,GPU-37ffc98b-8551-c8a1-5f3c-27ade9ae735a,ok,39,18,1476,223.056,64,1950,9501,15771,79248
107,21610.297812657,21610.298629295,,2,GPU-5443d59d-561f-ed1e-da42-1975937205f9,ok,0,0,453,27.079,36,210,405,439,292
107,21610.297812657,21610.298508455,,3,GPU-46bf67bb-cb31-bee1-3cf0-c35337ba97d2,ok,0,0,453,27.329,39,210,405,439,292
107,21610.297812657,21610.298466365,,4,GPU-127e16de-2b5f-dde9-1932-b4e29bb818c0,ok,0,0,453,24.232,34,210,405,390,292
108,21611.297812657,21611.298679263,,0,GPU-9b96eb67-aeee-89d5-aa85-fc650af4e25c,ok,0,0,453,26.87,35,210,405,439,341
108,21611.297812657,21611.298254173,,1,GPU-37ffc98b-8551-c8a1-5f3c-27ade9ae735a,ok,39,18,1476,222.086,64,1950,9501,14843,78564
108,21611.297812657,21611.298489913,,2,GPU-5443d59d-561f-ed1e-da42-1975937205f9,ok,0,0,453,27.063,36,210,405,390,292
108,21611.297812657,21611.298514983,,3,GPU-46bf67bb-cb31-bee1-3cf0-c35337ba97d2,ok,0,0,453,27.304,39,210,405,390,292
108,21611.297812657,21611.298718134,,4,GPU-127e16de-2b5f-dde9-1932-b4e29bb818c0,ok,0,0,453,24.09,34,210,405,439,341
109,21612.297812657,21612.298556331,,0,GPU-9b96eb67-aeee-89d5-aa85-fc650af4e25c,ok,0,0,453,26.84,35,210,405,439,292
109,21612.297812657,21612.299054012,,1,GPU-37ffc98b-8551-c8a1-5f3c-27ade9ae735a,ok,41,18,1476,222.574,64,1950,9501,15185,78515
109,21612.297812657,21612.298516291,,2,GPU-5443d59d-561f-ed1e-da42-1975937205f9,ok,0,0,453,27.258,36,210,405,390,292
109,21612.297812657,21612.299116102,,3,GPU-46bf67bb-cb31-bee1-3cf0-c35337ba97d2,ok,0,0,453,27.435,39,210,405,439,292
109,21612.297812657,21612.298407001,,4,GPU-127e16de-2b5f-dde9-1932-b4e29bb818c0,ok,0,0,453,23.997,34,210,405,439,292
110,21613.297812657,21613.298624,,0,GPU-9b96eb67-aeee-89d5-aa85-fc650af4e25c,ok,0,0,453,26.943,36,210,405,439,292
110,21613.297812657,21613.29868511,,1,GPU-37ffc98b-8551-c8a1-5f3c-27ade9ae735a,ok,41,19,1476,223.198,65,1950,9501,15136,79394
110,21613.297812657,21613.29865082,,2,GPU-5443d59d-561f-ed1e-da42-1975937205f9,ok,0,0,453,27.349,36,210,405,439,292
110,21613.297812657,21613.298406759,,3,GPU-46bf67bb-cb31-bee1-3cf0-c35337ba97d2,ok,0,0,453,27.298,39,210,405,439,292
110,21613.297812657,21613.29871975,,4,GPU-127e16de-2b5f-dde9-1932-b4e29bb818c0,ok,0,0,453,24.118,34,210,405,439,292
111,21614.297812657,21614.298687468,,0,GPU-9b96eb67-aeee-89d5-aa85-fc650af4e25c,ok,0,0,453,26.937,36,210,405,439,341
111,21614.297812657,21614.298567628,,1,GPU-37ffc98b-8551-c8a1-5f3c-27ade9ae735a,ok,43,20,1476,225.911,64,1950,9501,14111,75390
111,21614.297812657,21614.298640408,,2,GPU-5443d59d-561f-ed1e-da42-1975937205f9,ok,0,0,453,27.36,36,210,405,439,292
111,21614.297812657,21614.298724278,,3,GPU-46bf67bb-cb31-bee1-3cf0-c35337ba97d2,ok,0,0,453,27.335,39,210,405,390,341
111,21614.297812657,21614.298531858,,4,GPU-127e16de-2b5f-dde9-1932-b4e29bb818c0,ok,0,0,453,24.422,34,210,405,390,292
112,21615.297812657,21615.298626406,,0,GPU-9b96eb67-aeee-89d5-aa85-fc650af4e25c,ok,0,0,453,27.007,36,210,405,439,292
112,21615.297812657,21615.298762216,,1,GPU-37ffc98b-8551-c8a1-5f3c-27ade9ae735a,ok,39,18,1476,223.137,64,1950,9501,15625,79541
112,21615.297812657,21615.298524786,,2,GPU-5443d59d-561f-ed1e-da42-1975937205f9,ok,0,0,453,27.331,36,210,405,390,341
112,21615.297812657,21615.298551596,,3,GPU-46bf67bb-cb31-bee1-3cf0-c35337ba97d2,ok,0,0,453,27.526,39,210,405,439,292
112,21615.297812657,21615.298718446,,4,GPU-127e16de-2b5f-dde9-1932-b4e29bb818c0,ok,0,0,453,24.292,34,210,405,439,341
113,21616.297812657,21616.298683614,,0,GPU-9b96eb67-aeee-89d5-aa85-fc650af4e25c,ok,0,0,453,26.947,35,210,405,390,292
113,21616.297812657,21616.298717634,,1,GPU-37ffc98b-8551-c8a1-5f3c-27ade9ae735a,ok,34,15,1476,225.016,64,1950,9501,14355,73828
113,21616.297812657,21616.298747344,,2,GPU-5443d59d-561f-ed1e-da42-1975937205f9,ok,0,0,453,27.162,36,210,405,439,292
113,21616.297812657,21616.298655374,,3,GPU-46bf67bb-cb31-bee1-3cf0-c35337ba97d2,ok,0,0,453,27.351,39,210,405,390,292
113,21616.297812657,21616.298455594,,4,GPU-127e16de-2b5f-dde9-1932-b4e29bb818c0,ok,0,0,453,24.127,34,210,405,439,292
114,21617.297812657,21617.298596102,,0,GPU-9b96eb67-aeee-89d5-aa85-fc650af4e25c,ok,0,0,453,26.921,36,210,405,439,292
114,21617.297812657,21617.298364962,,1,GPU-37ffc98b-8551-c8a1-5f3c-27ade9ae735a,ok,34,15,1476,219.387,64,1950,9501,14794,78564
114,21617.297812657,21617.298919012,,2,GPU-5443d59d-561f-ed1e-da42-1975937205f9,ok,0,0,453,27.232,36,210,405,390,292
114,21617.297812657,21617.298871102,,3,GPU-46bf67bb-cb31-bee1-3cf0-c35337ba97d2,ok,0,0,453,27.278,39,210,405,439,292
114,21617.297812657,21617.298981502,,4,GPU-127e16de-2b5f-dde9-1932-b4e29bb818c0,ok,0,0,453,24.2,34,210,405,439,341
115,21618.297812657,21618.29908801,,0,GPU-9b96eb67-aeee-89d5-aa85-fc650af4e25c,ok,0,0,453,27.163,36,210,405,439,341
115,21618.297812657,21618.29915714,,1,GPU-37ffc98b-8551-c8a1-5f3c-27ade9ae735a,ok,35,15,1476,221.134,64,1950,9501,14941,75439
115,21618.297812657,21618.29846405,,2,GPU-5443d59d-561f-ed1e-da42-1975937205f9,ok,0,0,453,27.507,36,210,405,390,292
115,21618.297812657,21618.29903792,,3,GPU-46bf67bb-cb31-bee1-3cf0-c35337ba97d2,ok,0,0,453,27.383,39,210,405,439,292
115,21618.297812657,21618.29827682,,4,GPU-127e16de-2b5f-dde9-1932-b4e29bb818c0,ok,0,0,453,24.182,34,210,405,439,292
116,21619.297812657,21619.298278838,,0,GPU-9b96eb67-aeee-89d5-aa85-fc650af4e25c,ok,0,0,453,27.179,35,210,405,439,292
116,21619.297812657,21619.299083078,,1,GPU-37ffc98b-8551-c8a1-5f3c-27ade9ae735a,ok,38,16,1476,210.978,63,1860,9501,15332,78662
116,21619.297812657,21619.298470858,,2,GPU-5443d59d-561f-ed1e-da42-1975937205f9,ok,0,0,453,27.448,36,210,405,439,292
116,21619.297812657,21619.299644608,,3,GPU-46bf67bb-cb31-bee1-3cf0-c35337ba97d2,ok,0,0,453,27.149,39,210,405,439,292
116,21619.297812657,21619.299050258,,4,GPU-127e16de-2b5f-dde9-1932-b4e29bb818c0,ok,0,0,453,24.15,34,210,405,439,292
117,21620.297812657,21620.298598916,,0,GPU-9b96eb67-aeee-89d5-aa85-fc650af4e25c,ok,0,0,453,27.099,35,210,405,439,292
117,21620.297812657,21620.298503306,,1,GPU-37ffc98b-8551-c8a1-5f3c-27ade9ae735a,ok,38,17,1476,205.701,64,1950,9501,13916,74316
117,21620.297812657,21620.298570926,,2,GPU-5443d59d-561f-ed1e-da42-1975937205f9,ok,0,0,453,27.417,36,210,405,390,292
117,21620.297812657,21620.298853766,,3,GPU-46bf67bb-cb31-bee1-3cf0-c35337ba97d2,ok,0,0,453,27.079,39,210,405,439,292
117,21620.297812657,21620.298703656,,4,GPU-127e16de-2b5f-dde9-1932-b4e29bb818c0,ok,0,0,453,24.134,34,210,405,390,341
118,21621.297812657,21621.299040344,,0,GPU-9b96eb67-aeee-89d5-aa85-fc650af4e25c,ok,0,0,453,27.18,35,210,405,439,292
118,21621.297812657,21621.299065424,,1,GPU-37ffc98b-8551-c8a1-5f3c-27ade9ae735a,ok,37,17,1476,223.329,64,1950,9501,15185,78125
118,21621.297812657,21621.298246184,,2,GPU-5443d59d-561f-ed1e-da42-1975937205f9,ok,0,0,453,27.636,36,210,405,390,341
118,21621.297812657,21621.299097584,,3,GPU-46bf67bb-cb31-bee1-3cf0-c35337ba97d2,ok,0,0,453,27.344,39,210,405,439,341
118,21621.297812657,21621.298475634,,4,GPU-127e16de-2b5f-dde9-1932-b4e29bb818c0,ok,0,0,453,24.229,34,210,405,390,292
119,21622.297812657,21622.298728742,,0,GPU-9b96eb67-aeee-89d5-aa85-fc650af4e25c,ok,0,0,453,27.023,36,210,405,439,292
119,21622.297812657,21622.298616342,,1,GPU-37ffc98b-8551-c8a1-5f3c-27ade9ae735a,ok,38,17,1476,223.254,65,1950,9501,14697,79101
119,21622.297812657,21622.298537962,,2,GPU-5443d59d-561f-ed1e-da42-1975937205f9,ok,0,0,453,27.573,36,210,405,390,292
119,21622.297812657,21622.298650352,,3,GPU-46bf67bb-cb31-bee1-3cf0-c35337ba97d2,ok,0,0,453,27.306,39,210,405,439,341
119,21622.297812657,21622.298754402,,4,GPU-127e16de-2b5f-dde9-1932-b4e29bb818c0,ok,0,0,453,24.258,34,210,405,439,292
120,21623.297812657,21623.29827625,,0,GPU-9b96eb67-aeee-89d5-aa85-fc650af4e25c,ok,0,0,453,26.896,35,210,405,439,341
120,21623.297812657,21623.29858706,,1,GPU-37ffc98b-8551-c8a1-5f3c-27ade9ae735a,ok,38,17,1476,222.202,65,1950,9501,15136,79492
120,21623.297812657,21623.29857289,,2,GPU-5443d59d-561f-ed1e-da42-1975937205f9,ok,0,0,453,27.385,36,210,405,390,292
120,21623.297812657,21623.29908156,,3,GPU-46bf67bb-cb31-bee1-3cf0-c35337ba97d2,ok,0,0,453,27.294,39,210,405,390,341
120,21623.297812657,21623.29904382,,4,GPU-127e16de-2b5f-dde9-1932-b4e29bb818c0,ok,0,0,453,24.019,34,210,405,439,292
121,21624.297812657,21624.299201858,,0,GPU-9b96eb67-aeee-89d5-aa85-fc650af4e25c,ok,0,0,453,26.996,35,210,405,439,292
121,21624.297812657,21624.298596788,,1,GPU-37ffc98b-8551-c8a1-5f3c-27ade9ae735a,ok,38,18,1476,222.855,65,1950,9501,14257,74853
121,21624.297812657,21624.299227458,,2,GPU-5443d59d-561f-ed1e-da42-1975937205f9,ok,0,0,453,27.395,36,210,405,439,292
121,21624.297812657,21624.298413208,,3,GPU-46bf67bb-cb31-bee1-3cf0-c35337ba97d2,ok,0,0,453,27.497,39,210,405,439,292
121,21624.297812657,21624.298617818,,4,GPU-127e16de-2b5f-dde9-1932-b4e29bb818c0,ok,0,0,453,24.134,34,210,405,439,341
122,21625.297812657,21625.298707926,,0,GPU-9b96eb67-aeee-89d5-aa85-fc650af4e25c,ok,0,0,453,26.959,36,210,405,439,292
122,21625.297812657,21625.298765156,,1,GPU-37ffc98b-8551-c8a1-5f3c-27ade9ae735a,ok,38,17,1476,220.696,65,1950,9501,15869,79101
122,21625.297812657,21625.298734776,,2,GPU-5443d59d-561f-ed1e-da42-1975937205f9,ok,0,0,453,27.507,36,210,405,439,292
122,21625.297812657,21625.298544176,,3,GPU-46bf67bb-cb31-bee1-3cf0-c35337ba97d2,ok,0,0,453,27.407,39,210,405,439,292
122,21625.297812657,21625.298501606,,4,GPU-127e16de-2b5f-dde9-1932-b4e29bb818c0,ok,0,0,453,24.31,34,210,405,439,341
123,21626.297812657,21626.298460514,,0,GPU-9b96eb67-aeee-89d5-aa85-fc650af4e25c,ok,0,0,453,26.938,35,210,405,390,341
123,21626.297812657,21626.298681824,,1,GPU-37ffc98b-8551-c8a1-5f3c-27ade9ae735a,ok,41,18,1476,222.953,65,1950,9501,14550,73925
123,21626.297812657,21626.298617874,,2,GPU-5443d59d-561f-ed1e-da42-1975937205f9,ok,0,0,453,27.661,36,210,405,390,292
123,21626.297812657,21626.300347494,,3,GPU-46bf67bb-cb31-bee1-3cf0-c35337ba97d2,ok,0,0,453,27.45,39,210,405,390,292
123,21626.297812657,21626.298581094,,4,GPU-127e16de-2b5f-dde9-1932-b4e29bb818c0,ok,0,0,453,24.26,34,210,405,390,292
124,21627.297812657,21627.298599912,,0,GPU-9b96eb67-aeee-89d5-aa85-fc650af4e25c,ok,0,0,453,27.016,35,210,405,390,292
124,21627.297812657,21627.298656152,,1,GPU-37ffc98b-8551-c8a1-5f3c-27ade9ae735a,ok,39,18,1476,221.489,65,1950,9501,15136,78564
124,21627.297812657,21627.298531362,,2,GPU-5443d59d-561f-ed1e-da42-1975937205f9,ok,0,0,453,27.679,36,210,405,390,341
124,21627.297812657,21627.299818272,,3,GPU-46bf67bb-cb31-bee1-3cf0-c35337ba97d2,ok,0,0,453,27.539,39,210,405,439,292
124,21627.297812657,21627.298513872,,4,GPU-127e16de-2b5f-dde9-1932-b4e29bb818c0,ok,0,0,453,24.273,34,210,405,439,292
125,21628.297812657,21628.29845628,,0,GPU-9b96eb67-aeee-89d5-aa85-fc650af4e25c,ok,0,0,453,26.87,35,210,405,439,292
125,21628.297812657,21628.29906895,,1,GPU-37ffc98b-8551-c8a1-5f3c-27ade9ae735a,ok,41,18,1476,221.423,65,1950,9501,14404,74072
125,21628.297812657,21628.29909907,,2,GPU-5443d59d-561f-ed1e-da42-1975937205f9,ok,0,0,453,27.411,36,210,405,390,292
125,21628.297812657,21628.29902627,,3,GPU-46bf67bb-cb31-bee1-3cf0-c35337ba97d2,ok,0,0,453,27.207,39,210,405,439,292
125,21628.297812657,21628.29827836,,4,GPU-127e16de-2b5f-dde9-1932-b4e29bb818c0,ok,0,0,453,24.271,34,210,405,439,341
126,21629.297812657,21629.298636898,,0,GPU-9b96eb67-aeee-89d5-aa85-fc650af4e25c,ok,0,0,453,26.851,35,210,405,439,292
126,21629.297812657,21629.298768048,,1,GPU-37ffc98b-8551-c8a1-5f3c-27ade9ae735a,ok,34,15,1476,219.996,65,1950,9501,15234,78173
126,21629.297812657,21629.298610568,,2,GPU-5443d59d-561f-ed1e-da42-1975937205f9,ok,0,0,453,27.41,36,210,405,390,292
126,21629.297812657,21629.298810968,,3,GPU-46bf67bb-cb31-bee1-3cf0-c35337ba97d2,ok,0,0,453,27.129,39,210,405,439,341
126,21629.297812657,21629.298725768,,4,GPU-127e16de-2b5f-dde9-1932-b4e29bb818c0,ok,0,0,453,24.291,34,210,405,439,292
127,21630.297812657,21630.298539796,,0,GPU-9b96eb67-aeee-89d5-aa85-fc650af4e25c,ok,0,0,453,27.016,35,210,405,439,292
127,21630.297812657,21630.298624196,,1,GPU-37ffc98b-8551-c8a1-5f3c-27ade9ae735a,ok,34,15,1476,222.413,65,1950,9501,14257,74755
127,21630.297812657,21630.298782636,,2,GPU-5443d59d-561f-ed1e-da42-1975937205f9,ok,0,0,453,27.591,36,210,405,439,341
127,21630.297812657,21630.298746676,,3,GPU-46bf67bb-cb31-bee1-3cf0-c35337ba97d2,ok,0,0,453,27.375,39,210,405,439,341
127,21630.297812657,21630.298702936,,4,GPU-127e16de-2b5f-dde9-1932-b4e29bb818c0,ok,0,0,453,24.27,34,210,405,439,292
128,21631.297812657,21631.298697564,,0,GPU-9b96eb67-aeee-89d5-aa85-fc650af4e25c,ok,0,0,453,27.003,36,210,405,439,292
128,21631.297812657,21631.298472654,,1,GPU-37ffc98b-8551-c8a1-5f3c-27ade9ae735a,ok,34,15,1476,220.982,65,1950,9501,14843,79687
128,21631.297812657,21631.298671544,,2,GPU-5443d59d-561f-ed1e-da42-1975937205f9,ok,0,0,453,27.571,36,210,405,390,292
128,21631.297812657,21631.298730654,,3,GPU-46bf67bb-cb31-bee1-3cf0-c35337ba97d2,ok,0,0,453,27.263,39,210,405,390,341
128,21631.297812657,21631.298437714,,4,GPU-127e16de-2b5f-dde9-1932-b4e29bb818c0,ok,0,0,453,24.242,34,210,405,439,292
129,21632.297812657,21632.298758492,,0,GPU-9b96eb67-aeee-89d5-aa85-fc650af4e25c,ok,0,0,453,26.947,36,210,405,439,292
129,21632.297812657,21632.298633712,,1,GPU-37ffc98b-8551-c8a1-5f3c-27ade9ae735a,ok,37,16,1476,221.995,65,1920,9501,15039,79003
129,21632.297812657,21632.298550582,,2,GPU-5443d59d-561f-ed1e-da42-1975937205f9,ok,0,0,453,27.495,36,210,405,390,292
129,21632.297812657,21632.298722332,,3,GPU-46bf67bb-cb31-bee1-3cf0-c35337ba97d2,ok,0,0,453,27.237,39,210,405,439,292
129,21632.297812657,21632.298785862,,4,GPU-127e16de-2b5f-dde9-1932-b4e29bb818c0,ok,0,0,453,24.195,34,210,405,439,341
130,21633.297812657,21633.29914352,,0,GPU-9b96eb67-aeee-89d5-aa85-fc650af4e25c,ok,0,0,453,26.908,36,210,405,439,341
130,21633.297812657,21633.29908307,,1,GPU-37ffc98b-8551-c8a1-5f3c-27ade9ae735a,ok,38,17,1476,218.725,66,1950,9501,15673,79345
130,21633.297812657,21633.29837048,,2,GPU-5443d59d-561f-ed1e-da42-1975937205f9,ok,0,0,453,27.341,36,210,405,390,341
130,21633.297812657,21633.29862743,,3,GPU-46bf67bb-cb31-bee1-3cf0-c35337ba97d2,ok,0,0,453,27.33,39,210,405,439,292
130,21633.297812657,21633.29859764,,4,GPU-127e16de-2b5f-dde9-1932-b4e29bb818c0,ok,0,0,453,24.162,34,210,405,439,292
131,21634.297812657,21634.298459888,,0,GPU-9b96eb67-aeee-89d5-aa85-fc650af4e25c,ok,0,0,453,26.742,35,210,405,439,292
131,21634.297812657,21634.299123548,,1,GPU-37ffc98b-8551-c8a1-5f3c-27ade9ae735a,ok,38,17,1476,225.071,66,1950,9501,15478,79296
131,21634.297812657,21634.298292758,,2,GPU-5443d59d-561f-ed1e-da42-1975937205f9,ok,0,0,453,27.279,36,210,405,390,292
131,21634.297812657,21634.299090378,,3,GPU-46bf67bb-cb31-bee1-3cf0-c35337ba97d2,ok,0,0,453,27.291,39,210,405,390,292
131,21634.297812657,21634.299186998,,4,GPU-127e16de-2b5f-dde9-1932-b4e29bb818c0,ok,0,0,453,24.059,34,210,405,439,292
132,21635.297812657,21635.298486166,,0,GPU-9b96eb67-aeee-89d5-aa85-fc650af4e25c,ok,0,0,453,26.74,36,210,405,439,292
132,21635.297812657,21635.298746016,,1,GPU-37ffc98b-8551-c8a1-5f3c-27ade9ae735a,ok,38,17,1476,223.945,66,1950,9501,15722,80224
132,21635.297812657,21635.298648786,,2,GPU-5443d59d-561f-ed1e-da42-1975937205f9,ok,0,0,453,27.269,36,210,405,390,292
132,21635.297812657,21635.298713236,,3,GPU-46bf67bb-cb31-bee1-3cf0-c35337ba97d2,ok,0,0,453,27.33,39,210,405,439,292
132,21635.297812657,21635.298605536,,4,GPU-127e16de-2b5f-dde9-1932-b4e29bb818c0,ok,0,0,453,24.121,34,210,405,390,292
133,21636.297812657,21636.298604634,,0,GPU-9b96eb67-aeee-89d5-aa85-fc650af4e25c,ok,0,0,453,26.847,36,210,405,439,341
133,21636.297812657,21636.298353344,,1,GPU-37ffc98b-8551-c8a1-5f3c-27ade9ae735a,ok,43,19,1476,227.109,66,1935,9501,14941,79199
133,21636.297812657,21636.298638614,,2,GPU-5443d59d-561f-ed1e-da42-1975937205f9,ok,0,0,453,27.248,36,210,405,390,341
133,21636.297812657,21636.298755354,,3,GPU-46bf67bb-cb31-bee1-3cf0-c35337ba97d2,ok,0,0,453,27.32,39,210,405,439,292
133,21636.297812657,21636.298674514,,4,GPU-127e16de-2b5f-dde9-1932-b4e29bb818c0,ok,0,0,453,24.373,34,210,405,439,292
134,21637.297812657,21637.300367103,,0,GPU-9b96eb67-aeee-89d5-aa85-fc650af4e25c,ok,0,0,453,26.677,36,210,405,439,292
134,21637.297812657,21637.298669072,,1,GPU-37ffc98b-8551-c8a1-5f3c-27ade9ae735a,ok,42,19,1476,227.585,66,1935,9501,15332,80419
134,21637.297812657,21637.298493842,,2,GPU-5443d59d-561f-ed1e-da42-1975937205f9,ok,0,0,453,27.354,36,210,405,439,292
134,21637.297812657,21637.298531152,,3,GPU-46bf67bb-cb31-bee1-3cf0-c35337ba97d2,ok,0,0,453,27.37,39,210,405,390,341
134,21637.297812657,21637.298587582,,4,GPU-127e16de-2b5f-dde9-1932-b4e29bb818c0,ok,0,0,453,24.504,34,210,405,439,292
135,21638.297812657,21638.29868496,,0,GPU-9b96eb67-aeee-89d5-aa85-fc650af4e25c,ok,0,0,453,26.644,36,210,405,439,292
135,21638.297812657,21638.29874973,,1,GPU-37ffc98b-8551-c8a1-5f3c-27ade9ae735a,ok,43,20,1476,227.835,66,1935,9501,15722,80126
135,21638.297812657,21638.29872914,,2,GPU-5443d59d-561f-ed1e-da42-1975937205f9,ok,0,0,453,27.424,36,210,405,439,292
135,21638.297812657,21638.29863647,,3,GPU-46bf67bb-cb31-bee1-3cf0-c35337ba97d2,ok,0,0,453,27.45,39,210,405,390,341
135,21638.297812657,21638.29853851,,4,GPU-127e16de-2b5f-dde9-1932-b4e29bb818c0,ok,0,0,453,24.468,34,210,405,439,292
136,21639.297812657,21639.298451588,,0,GPU-9b96eb67-aeee-89d5-aa85-fc650af4e25c,ok,0,0,453,26.775,36,210,405,439,292
136,21639.297812657,21639.299888588,,1,GPU-37ffc98b-8551-c8a1-5f3c-27ade9ae735a,ok,42,19,1476,224.405,66,1935,9501,15576,78906
136,21639.297812657,21639.299837978,,2,GPU-5443d59d-561f-ed1e-da42-1975937205f9,ok,0,0,453,27.305,36,210,405,439,341
136,21639.297812657,21639.299755598,,3,GPU-46bf67bb-cb31-bee1-3cf0-c35337ba97d2,ok,0,0,453,27.111,39,210,405,439,341
136,21639.297812657,21639.298388668,,4,GPU-127e16de-2b5f-dde9-1932-b4e29bb818c0,ok,0,0,453,24.422,34,210,405,390,292
137,21640.297812657,21640.298510966,,0,GPU-9b96eb67-aeee-89d5-aa85-fc650af4e25c,ok,0,0,453,26.747,36,210,405,439,341
137,21640.297812657,21640.298470656,,1,GPU-37ffc98b-8551-c8a1-5f3c-27ade9ae735a,ok,34,15,1476,223.882,66,1935,9501,14746,77929
137,21640.297812657,21640.298571876,,2,GPU-5443d59d-561f-ed1e-da42-1975937205f9,ok,0,0,453,27.265,36,210,405,439,292
137,21640.297812657,21640.299536846,,3,GPU-46bf67bb-cb31-bee1-3cf0-c35337ba97d2,ok,0,0,453,26.938,39,210,405,439,341
137,21640.297812657,21640.298636586,,4,GPU-127e16de-2b5f-dde9-1932-b4e29bb818c0,ok,0,0,453,24.402,34,210,405,439,341
138,21641.297812657,21641.298724724,,0,GPU-9b96eb67-aeee-89d5-aa85-fc650af4e25c,ok,0,0,453,26.75,36,210,405,439,292
138,21641.297812657,21641.298551794,,1,GPU-37ffc98b-8551-c8a1-5f3c-27ade9ae735a,ok,36,16,1476,222.243,66,1935,9501,14746,77490
138,21641.297812657,21641.300616485,,2,GPU-5443d59d-561f-ed1e-da42-1975937205f9,ok,0,0,453,27.339,36,210,405,390,292
138,21641.297812657,21641.298759044,,3,GPU-46bf67bb-cb31-bee1-3cf0-c35337ba97d2,ok,0,0,453,27.091,39,210,405,390,292
138,21641.297812657,21641.298686684,,4,GPU-127e16de-2b5f-dde9-1932-b4e29bb818c0,ok,0,0,453,24.06,34,210,405,439,292
139,21642.297812657,21642.299065982,,0,GPU-9b96eb67-aeee-89d5-aa85-fc650af4e25c,ok,0,0,453,26.877,36,210,405,439,292
139,21642.297812657,21642.298634242,,1,GPU-37ffc98b-8551-c8a1-5f3c-27ade9ae735a,ok,35,15,1476,223.771,66,1935,9501,15136,78417
139,21642.297812657,21642.298570652,,2,GPU-5443d59d-561f-ed1e-da42-1975937205f9,ok,0,0,453,27.239,36,210,405,439,292
139,21642.297812657,21642.298359462,,3,GPU-46bf67bb-cb31-bee1-3cf0-c35337ba97d2,ok,0,0,453,27.026,39,210,405,439,292
139,21642.297812657,21642.298654992,,4,GPU-127e16de-2b5f-dde9-1932-b4e29bb818c0,ok,0,0,453,23.938,34,210,405,439,292
140,21643.297812657,21643.29896081,,0,GPU-9b96eb67-aeee-89d5-aa85-fc650af4e25c,ok,0,0,453,26.755,35,210,405,439,341
140,21643.297812657,21643.29843547,,1,GPU-37ffc98b-8551-c8a1-5f3c-27ade9ae735a,ok,37,16,1476,222.15,66,1935,9501,14697,77294
140,21643.297812657,21643.29863518,,2,GPU-5443d59d-561f-ed1e-da42-1975937205f9,ok,0,0,453,27.271,36,210,405,439,341
140,21643.297812657,21643.29888936,,3,GPU-46bf67bb-cb31-bee1-3cf0-c35337ba97d2,ok,0,0,453,27.109,39,210,405,439,292
140,21643.297812657,21643.29858692,,4,GPU-127e16de-2b5f-dde9-1932-b4e29bb818c0,ok,0,0,453,24.036,34,210,405,439,292
141,21644.297812657,21644.298583448,,0,GPU-9b96eb67-aeee-89d5-aa85-fc650af4e25c,ok,0,0,453,26.727,36,210,405,439,292
141,21644.297812657,21644.299105558,,1,GPU-37ffc98b-8551-c8a1-5f3c-27ade9ae735a,ok,37,16,1476,222.595,66,1935,9501,14648,74121
141,21644.297812657,21644.298637308,,2,GPU-5443d59d-561f-ed1e-da42-1975937205f9,ok,0,0,453,27.373,36,210,405,439,292
141,21644.297812657,21644.298391778,,3,GPU-46bf67bb-cb31-bee1-3cf0-c35337ba97d2,ok,0,0,453,27.221,39,210,405,439,292
141,21644.297812657,21644.298567038,,4,GPU-127e16de-2b5f-dde9-1932-b4e29bb818c0,ok,0,0,453,23.826,34,210,405,390,292
142,21645.297812657,21645.298476086,,0,GPU-9b96eb67-aeee-89d5-aa85-fc650af4e25c,ok,0,0,453,26.828,36,210,405,439,292
142,21645.297812657,21645.298685356,,1,GPU-37ffc98b-8551-c8a1-5f3c-27ade9ae735a,ok,37,17,1476,223.243,66,1935,9501,12646,70263
142,21645.297812657,21645.299187966,,2,GPU-5443d59d-561f-ed1e-da42-1975937205f9,ok,0,0,453,27.322,36,210,405,439,292
142,21645.297812657,21645.298610266,,3,GPU-46bf67bb-cb31-bee1-3cf0-c35337ba97d2,ok,0,0,453,27.115,39,210,405,439,341
142,21645.297812657,21645.298566126,,4,GPU-127e16de-2b5f-dde9-1932-b4e29bb818c0,ok,0,0,453,23.884,34,210,405,439,341
143,21646.297812657,21646.298350754,,0,GPU-9b96eb67-aeee-89d5-aa85-fc650af4e25c,ok,0,0,453,26.643,36,210,405,439,292
143,21646.297812657,21646.298648614,,1,GPU-37ffc98b-8551-c8a1-5f3c-27ade9ae735a,ok,38,17,1476,223.016,67,1935,9501,14746,78271
143,21646.297812657,21646.300027965,,2,GPU-5443d59d-561f-ed1e-da42-1975937205f9,ok,0,0,453,27.369,36,210,405,439,292
143,21646.297812657,21646.298613284,,3,GPU-46bf67bb-cb31-bee1-3cf0-c35337ba97d2,ok,0,0,453,27.228,39,210,405,390,341
143,21646.297812657,21646.298691534,,4,GPU-127e16de-2b5f-dde9-1932-b4e29bb818c0,ok,0,0,453,24.038,34,210,405,439,292
144,21647.297812657,21647.299424793,,0,GPU-9b96eb67-aeee-89d5-aa85-fc650af4e25c,ok,0,0,453,26.697,36,210,405,439,341
144,21647.297812657,21647.298295772,,1,GPU-37ffc98b-8551-c8a1-5f3c-27ade9ae735a,ok,36,16,1476,220.728,66,1935,9501,14697,77734
144,21647.297812657,21647.298440342,,2,GPU-5443d59d-561f-ed1e-da42-1975937205f9,ok,0,0,453,27.52,36,210,405,439,341
144,21647.297812657,21647.299487603,,3,GPU-46bf67bb-cb31-bee1-3cf0-c35337ba97d2,ok,0,0,453,27.31,39,210,405,439,292
144,21647.297812657,21647.298753912,,4,GPU-127e16de-2b5f-dde9-1932-b4e29bb818c0,ok,0,0,453,23.975,34,210,405,439,292
145,21648.297812657,21648.29868215,,0,GPU-9b96eb67-aeee-89d5-aa85-fc650af4e25c,ok,0,0,453,26.974,36,210,405,390,341
145,21648.297812657,21648.29818948,,1,GPU-37ffc98b-8551-c8a1-5f3c-27ade9ae735a,ok,38,17,1476,221.489,67,1935,9501,14746,77832
145,21648.297812657,21648.2988275,,2,GPU-5443d59d-561f-ed1e-da42-1975937205f9,ok,0,0,453,27.414,36,210,405,439,292
145,21648.297812657,21648.29891061,,3,GPU-46bf67bb-cb31-bee1-3cf0-c35337ba97d2,ok,0,0,453,27.08,39,210,405,439,292
145,21648.297812657,21648.29889679,,4,GPU-127e16de-2b5f-dde9-1932-b4e29bb818c0,ok,0,0,453,23.897,34,210,405,439,292
146,21649.297812657,21649.298619258,,0,GPU-9b96eb67-aeee-89d5-aa85-fc650af4e25c,ok,0,0,453,26.976,36,210,405,439,292
146,21649.297812657,21649.298501688,,1,GPU-37ffc98b-8551-c8a1-5f3c-27ade9ae735a,ok,36,16,1476,220.356,67,1935,9501,14648,77490
146,21649.297812657,21649.298760838,,2,GPU-5443d59d-561f-ed1e-da42-1975937205f9,ok,0,0,453,27.375,36,210,405,439,292
146,21649.297812657,21649.298591028,,3,GPU-46bf67bb-cb31-bee1-3cf0-c35337ba97d2,ok,0,0,453,27.05,39,210,405,439,292
146,21649.297812657,21649.298738828,,4,GPU-127e16de-2b5f-dde9-1932-b4e29bb818c0,ok,0,0,453,23.926,34,210,405,439,292
147,21650.297812657,21650.298724646,,0,GPU-9b96eb67-aeee-89d5-aa85-fc650af4e25c,ok,0,0,453,27.037,36,210,405,439,292
147,21650.297812657,21650.298190636,,1,GPU-37ffc98b-8551-c8a1-5f3c-27ade9ae735a,ok,40,17,1476,199.661,65,1830,9501,14599,77880
147,21650.297812657,21650.298777986,,2,GPU-5443d59d-561f-ed1e-da42-1975937205f9,ok,0,0,453,27.527,36,210,405,439,341
147,21650.297812657,21650.298845076,,3,GPU-46bf67bb-cb31-bee1-3cf0-c35337ba97d2,ok,0,0,453,27.037,39,210,405,390,292
147,21650.297812657,21650.298758456,,4,GPU-127e16de-2b5f-dde9-1932-b4e29bb818c0,ok,0,0,453,23.943,34,210,405,439,292
148,21651.297812657,21651.298534244,,0,GPU-9b96eb67-aeee-89d5-aa85-fc650af4e25c,ok,0,0,453,27.155,36,210,405,439,292
148,21651.297812657,21651.299064345,,1,GPU-37ffc98b-8551-c8a1-5f3c-27ade9ae735a,ok,37,17,1476,212.564,67,1935,9501,15136,78906
148,21651.297812657,21651.298508344,,2,GPU-5443d59d-561f-ed1e-da42-1975937205f9,ok,0,0,453,27.399,36,210,405,439,341
148,21651.297812657,21651.298352844,,3,GPU-46bf67bb-cb31-bee1-3cf0-c35337ba97d2,ok,0,0,453,26.916,39,210,405,439,292
148,21651.297812657,21651.299124145,,4,GPU-127e16de-2b5f-dde9-1932-b4e29bb818c0,ok,0,0,453,23.871,34,210,405,439,341
149,21652.297812657,21652.299961883,,0,GPU-9b96eb67-aeee-89d5-aa85-fc650af4e25c,ok,0,0,453,26.963,36,210,405,439,292
149,21652.297812657,21652.298384002,,1,GPU-37ffc98b-8551-c8a1-5f3c-27ade9ae735a,ok,41,19,1476,223.584,67,1935,9501,14697,77783
149,21652.297812657,21652.298606462,,2,GPU-5443d59d-561f-ed1e-da42-1975937205f9,ok,0,0,453,27.25,36,210,405,439,292
149,21652.297812657,21652.298513402,,3,GPU-46bf67bb-cb31-bee1-3cf0-c35337ba97d2,ok,0,0,453,27.126,39,210,405,439,341
149,21652.297812657,21652.298473802,,4,GPU-127e16de-2b5f-dde9-1932-b4e29bb818c0,ok,0,0,453,24.053,34,210,405,390,292
150,21653.297812657,21653.29873412,,0,GPU-9b96eb67-aeee-89d5-aa85-fc650af4e25c,ok,0,0,453,26.833,36,210,405,439,292
150,21653.297812657,21653.29865141,,1,GPU-37ffc98b-8551-c8a1-5f3c-27ade9ae735a,ok,43,20,1476,223.555,68,1935,9501,14794,77734
150,21653.297812657,21653.2984813,,2,GPU-5443d59d-561f-ed1e-da42-1975937205f9,ok,0,0,453,27.292,36,210,405,390,292
150,21653.297812657,21653.29875686,,3,GPU-46bf67bb-cb31-bee1-3cf0-c35337ba97d2,ok,0,0,453,27.296,39,210,405,439,341
150,21653.297812657,21653.299196931,,4,GPU-127e16de-2b5f-dde9-1932-b4e29bb818c0,ok,0,0,453,24.316,34,210,405,439,292
151,21654.297812657,21654.298336508,,0,GPU-9b96eb67-aeee-89d5-aa85-fc650af4e25c,ok,0,0,453,26.724,36,210,405,439,292
151,21654.297812657,21654.300031769,,1,GPU-37ffc98b-8551-c8a1-5f3c-27ade9ae735a,ok,40,18,1476,224.745,67,1935,9501,15478,79052
151,21654.297812657,21654.298409138,,2,GPU-5443d59d-561f-ed1e-da42-1975937205f9,ok,0,0,453,27.227,36,210,405,439,341
151,21654.297812657,21654.299492139,,3,GPU-46bf67bb-cb31-bee1-3cf0-c35337ba97d2,ok,0,0,453,27.09,39,210,405,390,341
151,21654.297812657,21654.298506078,,4,GPU-127e16de-2b5f-dde9-1932-b4e29bb818c0,ok,0,0,453,24.161,34,210,405,390,292
152,21655.297812657,21655.298698417,,0,GPU-9b96eb67-aeee-89d5-aa85-fc650af4e25c,ok,0,0,453,26.748,36,210,405,439,341
152,21655.297812657,21655.298606236,,1,GPU-37ffc98b-8551-c8a1-5f3c-27ade9ae735a,ok,34,15,1476,222.725,67,1935,9501,15136,78320
152,21655.297812657,21655.298509756,,2,GPU-5443d59d-561f-ed1e-da42-1975937205f9,ok,0,0,453,27.09,36,210,405,439,292
152,21655.297812657,21655.298573636,,3,GPU-46bf67bb-cb31-bee1-3cf0-c35337ba97d2,ok,0,0,453,27.087,39,210,405,439,292
152,21655.297812657,21655.298661597,,4,GPU-127e16de-2b5f-dde9-1932-b4e29bb818c0,ok,0,0,453,23.93,34,210,405,439,292
153,21656.297812657,21656.298613815,,0,GPU-9b96eb67-aeee-89d5-aa85-fc650af4e25c,ok,0,0,453,26.946,36,210,405,439,292
153,21656.297812657,21656.299074685,,1,GPU-37ffc98b-8551-c8a1-5f3c-27ade9ae735a,ok,34,15,1476,222.795,67,1935,9501,15673,78808
153,21656.297812657,21656.298367304,,2,GPU-5443d59d-561f-ed1e-da42-1975937205f9,ok,0,0,453,27.068,36,210,405,439,292
153,21656.297812657,21656.298529794,,3,GPU-46bf67bb-cb31-bee1-3cf0-c35337ba97d2,ok,0,0,453,27.28,39,210,405,439,292
153,21656.297812657,21656.298564604,,4,GPU-127e16de-2b5f-dde9-1932-b4e29bb818c0,ok,0,0,453,23.867,34,210,405,439,292
154,21657.297812657,21657.299697263,,0,GPU-9b96eb67-aeee-89d5-aa85-fc650af4e25c,ok,0,0,453,26.798,35,210,405,439,292
154,21657.297812657,21657.298568633,,1,GPU-37ffc98b-8551-c8a1-5f3c-27ade9ae735a,ok,35,15,1476,222.816,67,1935,9501,15283,79833
154,21657.297812657,21657.298378182,,2,GPU-5443d59d-561f-ed1e-da42-1975937205f9,ok,0,0,453,27.033,36,210,405,390,292
154,21657.297812657,21657.298421472,,3,GPU-46bf67bb-cb31-bee1-3cf0-c35337ba97d2,ok,0,0,453,27.182,39,210,405,439,292
154,21657.297812657,21657.298599283,,4,GPU-127e16de-2b5f-dde9-1932-b4e29bb818c0,ok,0,0,453,23.784,34,210,405,439,292
155,21658.297812657,21658.298865531,,0,GPU-9b96eb67-aeee-89d5-aa85-fc650af4e25c,ok,0,0,453,26.703,36,210,405,390,292
155,21658.297812657,21658.2983308,,1,GPU-37ffc98b-8551-c8a1-5f3c-27ade9ae735a,ok,37,16,1476,223.976,67,1935,9501,14941,77832
155,21658.297812657,21658.298522191,,2,GPU-5443d59d-561f-ed1e-da42-1975937205f9,ok,0,0,453,27.114,36,210,405,390,341
155,21658.297812657,21658.298901831,,3,GPU-46bf67bb-cb31-bee1-3cf0-c35337ba97d2,ok,0,0,453,27.195,39,210,405,439,292
155,21658.297812657,21658.298545681,,4,GPU-127e16de-2b5f-dde9-1932-b4e29bb818c0,ok,0,0,453,23.725,34,210,405,439,292
156,21659.297812657,21659.298399089,,0,GPU-9b96eb67-aeee-89d5-aa85-fc650af4e25c,ok,0,0,453,26.851,36,210,405,439,292
156,21659.297812657,21659.299702989,,1,GPU-37ffc98b-8551-c8a1-5f3c-27ade9ae735a,ok,38,17,1476,226.759,67,1935,9501,14990,75097
156,21659.297812657,21659.299677379,,2,GPU-5443d59d-561f-ed1e-da42-1975937205f9,ok,0,0,453,27.216,36,210,405,439,292
156,21659.297812657,21659.298975339,,3,GPU-46bf67bb-cb31-bee1-3cf0-c35337ba97d2,ok,0,0,453,27.415,39,210,405,390,341
156,21659.297812657,21659.298261018,,4,GPU-127e16de-2b5f-dde9-1932-b4e29bb818c0,ok,0,0,453,23.733,34,210,405,439,292
157,21660.297812657,21660.298786067,,0,GPU-9b96eb67-aeee-89d5-aa85-fc650af4e25c,ok,0,0,453,26.859,36,210,405,439,341
157,21660.297812657,21660.298611457,,1,GPU-37ffc98b-8551-c8a1-5f3c-27ade9ae735a,ok,38,17,1476,226.769,67,1935,9501,13183,78320
157,21660.297812657,21660.298709377,,2,GPU-5443d59d-561f-ed1e-da42-1975937205f9,ok,0,0,453,27.112,36,210,405,439,292
157,21660.297812657,21660.298737517,,3,GPU-46bf67bb-cb31-bee1-3cf0-c35337ba97d2,ok,0,0,453,27.34,39,210,405,439,341
157,21660.297812657,21660.298655827,,4,GPU-127e16de-2b5f-dde9-1932-b4e29bb818c0,ok,0,0,453,23.817,34,210,405,439,292
158,21661.297812657,21661.298328785,,0,GPU-9b96eb67-aeee-89d5-aa85-fc650af4e25c,ok,0,0,453,26.966,35,210,405,439,292
158,21661.297812657,21661.299042905,,1,GPU-37ffc98b-8551-c8a1-5f3c-27ade9ae735a,ok,36,16,1476,224.526,67,1935,9501,15185,79199
158,21661.297812657,21661.298409615,,2,GPU-5443d59d-561f-ed1e-da42-1975937205f9,ok,0,0,453,27.208,36,210,405,439,292
158,21661.297812657,21661.299691325,,3,GPU-46bf67bb-cb31-bee1-3cf0-c35337ba97d2,ok,0,0,453,27.307,39,210,405,439,292
158,21661.297812657,21661.299734165,,4,GPU-127e16de-2b5f-dde9-1932-b4e29bb818c0,ok,0,0,453,23.819,34,210,405,439,341
159,21662.297812657,21662.298708683,,0,GPU-9b96eb67-aeee-89d5-aa85-fc650af4e25c,ok,0,0,453,27.168,35,210,405,439,292
159,21662.297812657,21662.298621743,,1,GPU-37ffc98b-8551-c8a1-5f3c-27ade9ae735a,ok,36,17,1476,223.671,67,1935,9501,14843,78710
159,21662.297812657,21662.298576913,,2,GPU-5443d59d-561f-ed1e-da42-1975937205f9,ok,0,0,453,27.308,36,210,405,439,292
159,21662.297812657,21662.300175313,,3,GPU-46bf67bb-cb31-bee1-3cf0-c35337ba97d2,ok,0,0,453,27.385,39,210,405,439,292
159,21662.297812657,21662.298657453,,4,GPU-127e16de-2b5f-dde9-1932-b4e29bb818c0,ok,0,0,453,24.006,34,210,405,439,292
160,21663.297812657,21663.298837171,,0,GPU-9b96eb67-aeee-89d5-aa85-fc650af4e25c,ok,0,0,453,27.01,36,210,405,439,341
160,21663.297812657,21663.298379561,,1,GPU-37ffc98b-8551-c8a1-5f3c-27ade9ae735a,ok,40,18,1476,222.098,68,1935,9501,14843,77832
160,21663.297812657,21663.298574401,,2,GPU-5443d59d-561f-ed1e-da42-1975937205f9,ok,0,0,453,27.122,36,210,405,439,292
160,21663.297812657,21663.298900651,,3,GPU-46bf67bb-cb31-bee1-3cf0-c35337ba97d2,ok,0,0,453,27.236,39,210,405,390,292
160,21663.297812657,21663.298599201,,4,GPU-127e16de-2b5f-dde9-1932-b4e29bb818c0,ok,0,0,453,24.209,34,210,405,439,292
161,21664.297812657,21664.298384729,,0,GPU-9b96eb67-aeee-89d5-aa85-fc650af4e25c,ok,0,0,453,26.903,36,210,405,439,292
161,21664.297812657,21664.299726069,,1,GPU-37ffc98b-8551-c8a1-5f3c-27ade9ae735a,ok,38,17,1476,225.258,68,1935,9501,15478,78564
161,21664.297812657,21664.299800199,,2,GPU-5443d59d-561f-ed1e-da42-1975937205f9,ok,0,0,453,27.205,36,210,405,439,292
161,21664.297812657,21664.298529809,,3,GPU-46bf67bb-cb31-bee1-3cf0-c35337ba97d2,ok,0,0,453,27.179,39,210,405,439,292
161,21664.297812657,21664.298411629,,4,GPU-127e16de-2b5f-dde9-1932-b4e29bb818c0,ok,0,0,453,24.074,34,210,405,439,292
162,21665.297812657,21665.298578197,,0,GPU-9b96eb67-aeee-89d5-aa85-fc650af4e25c,ok,0,0,453,27.125,36,210,405,439,292
162,21665.297812657,21665.298553577,,1,GPU-37ffc98b-8551-c8a1-5f3c-27ade9ae735a,ok,40,18,1476,224.982,68,1935,9501,14550,77148
162,21665.297812657,21665.299047827,,2,GPU-5443d59d-561f-ed1e-da42-1975937205f9,ok,0,0,453,27.432,36,210,405,439,341
162,21665.297812657,21665.298617527,,3,GPU-46bf67bb-cb31-bee1-3cf0-c35337ba97d2,ok,0,0,453,27.221,39,210,405,439,292
162,21665.297812657,21665.298329857,,4,GPU-127e16de-2b5f-dde9-1932-b4e29bb818c0,ok,0,0,453,23.915,34,210,405,390,292
163,21666.297812657,21666.298420285,,0,GPU-9b96eb67-aeee-89d5-aa85-fc650af4e25c,ok,0,0,453,27.121,36,210,405,439,292
163,21666.297812657,21666.298457245,,1,GPU-37ffc98b-8551-c8a1-5f3c-27ade9ae735a,ok,40,18,1476,224.641,68,1935,9501,14648,78564
163,21666.297812657,21666.298515275,,2,GPU-5443d59d-561f-ed1e-da42-1975937205f9,ok,0,0,453,27.419,36,210,405,439,292
163,21666.297812657,21666.300137085,,3,GPU-46bf67bb-cb31-bee1-3cf0-c35337ba97d2,ok,0,0,453,27.066,39,210,405,439,292
163,21666.297812657,21666.300116945,,4,GPU-127e16de-2b5f-dde9-1932-b4e29bb818c0,ok,0,0,453,24.013,34,210,405,439,341
164,21667.297812657,21667.299228783,,0,GPU-9b96eb67-aeee-89d5-aa85-fc650af4e25c,ok,0,0,453,27.152,36,210,405,439,292
164,21667.297812657,21667.298272213,,1,GPU-37ffc98b-8551-c8a1-5f3c-27ade9ae735a,ok,39,18,1476,223.834,68,1890,9501,14648,77929
164,21667.297812657,21667.298410703,,2,GPU-5443d59d-561f-ed1e-da42-1975937205f9,ok,0,0,453,27.399,36,210,405,439,292
164,21667.297812657,21667.298651453,,3,GPU-46bf67bb-cb31-bee1-3cf0-c35337ba97d2,ok,0,0,453,27.128,39,210,405,439,292
164,21667.297812657,21667.298509813,,4,GPU-127e16de-2b5f-dde9-1932-b4e29bb818c0,ok,0,0,453,24.068,34,210,405,439,341
165,21668.297812657,21668.298325101,,0,GPU-9b96eb67-aeee-89d5-aa85-fc650af4e25c,ok,0,0,453,27.235,36,210,405,439,292
165,21668.297812657,21668.298466261,,1,GPU-37ffc98b-8551-c8a1-5f3c-27ade9ae735a,ok,43,20,1476,206.58,67,1935,9501,14746,78857
165,21668.297812657,21668.298579521,,2,GPU-5443d59d-561f-ed1e-da42-1975937205f9,ok,0,0,453,27.372,36,210,405,439,341
165,21668.297812657,21668.298602801,,3,GPU-46bf67bb-cb31-bee1-3cf0-c35337ba97d2,ok,0,0,453,27.211,39,210,405,439,341
165,21668.297812657,21668.299371071,,4,GPU-127e16de-2b5f-dde9-1932-b4e29bb818c0,ok,0,0,453,24.164,34,210,405,439,292
166,21669.297812657,21669.298315579,,0,GPU-9b96eb67-aeee-89d5-aa85-fc650af4e25c,ok,0,0,453,26.962,36,210,405,439,341
166,21669.297812657,21669.298504149,,1,GPU-37ffc98b-8551-c8a1-5f3c-27ade9ae735a,ok,34,14,1476,226.282,68,1935,9501,14208,74316
166,21669.297812657,21669.299647599,,2,GPU-5443d59d-561f-ed1e-da42-1975937205f9,ok,0,0,453,27.258,36,210,405,439,292
166,21669.297812657,21669.298409349,,3,GPU-46bf67bb-cb31-bee1-3cf0-c35337ba97d2,ok,0,0,453,27.116,39,210,405,439,341
166,21669.297812657,21669.299022859,,4,GPU-127e16de-2b5f-dde9-1932-b4e29bb818c0,ok,0,0,453,24.451,34,210,405,390,292
167,21670.297812657,21670.298344067,,0,GPU-9b96eb67-aeee-89d5-aa85-fc650af4e25c,ok,0,0,453,26.985,35,210,405,439,292
167,21670.297812657,21670.299739997,,1,GPU-37ffc98b-8551-c8a1-5f3c-27ade9ae735a,ok,34,15,1476,222.734,68,1935,9501,15332,78076
167,21670.297812657,21670.299768027,,2,GPU-5443d59d-561f-ed1e-da42-1975937205f9,ok,0,0,453,27.376,36,210,405,439,292
167,21670.297812657,21670.299695407,,3,GPU-46bf67bb-cb31-bee1-3cf0-c35337ba97d2,ok,0,0,453,27.284,39,210,405,390,292
167,21670.297812657,21670.298256197,,4,GPU-127e16de-2b5f-dde9-1932-b4e29bb818c0,ok,0,0,453,24.457,34,210,405,439,292
168,21671.297812657,21671.299566395,,0,GPU-9b96eb67-aeee-89d5-aa85-fc650af4e25c,ok,0,0,453,27.23,35,210,405,439,292
168,21671.297812657,21671.299035455,,1,GPU-37ffc98b-8551-c8a1-5f3c-27ade9ae735a,ok,34,15,1476,222.105,67,1935,9501,15136,77343
168,21671.297812657,21671.298244715,,2,GPU-5443d59d-561f-ed1e-da42-1975937205f9,ok,0,0,453,27.422,36,210,405,439,292
168,21671.297812657,21671.298390985,,3,GPU-46bf67bb-cb31-bee1-3cf0-c35337ba97d2,ok,0,0,453,27.418,39,210,405,439,292
168,21671.297812657,21671.299012915,,4,GPU-127e16de-2b5f-dde9-1932-b4e29bb818c0,ok,0,0,453,24.139,34,210,405,439,341
169,21672.297812657,21672.299136583,,0,GPU-9b96eb67-aeee-89d5-aa85-fc650af4e25c,ok,0,0,453,27.081,36,210,405,439,292
169,21672.297812657,21672.299167743,,1,GPU-37ffc98b-8551-c8a1-5f3c-27ade9ae735a,ok,34,15,1476,223.627,68,1935,9501,15576,78417
169,21672.297812657,21672.298961683,,2,GPU-5443d59d-561f-ed1e-da42-1975937205f9,ok,0,0,453,27.362,36,210,405,439,341
169,21672.297812657,21672.299088713,,3,GPU-46bf67bb-cb31-bee1-3cf0-c35337ba97d2,ok,0,0,453,27.245,39,210,405,439,292
169,21672.297812657,21672.298202753,,4,GPU-127e16de-2b5f-dde9-1932-b4e29bb818c0,ok,0,0,453,23.956,34,210,405,439,292
170,21673.297812657,21673.298600341,,0,GPU-9b96eb67-aeee-89d5-aa85-fc650af4e25c,ok,0,0,453,27.058,36,210,405,439,341
170,21673.297812657,21673.298452491,,1,GPU-37ffc98b-8551-c8a1-5f3c-27ade9ae735a,ok,35,15,1476,223.837,68,1935,9501,14648,78222
170,21673.297812657,21673.298497171,,2,GPU-5443d59d-561f-ed1e-da42-1975937205f9,ok,0,0,453,27.397,36,210,405,390,292
170,21673.297812657,21673.298672111,,3,GPU-46bf67bb-cb31-bee1-3cf0-c35337ba97d2,ok,0,0,453,27.258,39,210,405,439,292
170,21673.297812657,21673.300148111,,4,GPU-127e16de-2b5f-dde9-1932-b4e29bb818c0,ok,0,0,453,24.22,34,210,405,439,292
171,21674.297812657,21674.298524069,,0,GPU-9b96eb67-aeee-89d5-aa85-fc650af4e25c,ok,0,0,453,27.229,36,210,405,439,292
171,21674.297812657,21674.298297029,,1,GPU-37ffc98b-8551-c8a1-5f3c-27ade9ae735a,ok,37,16,1476,223.972,68,1935,9501,14599,56933
171,21674.297812657,21674.298563419,,2,GPU-5443d59d-561f-ed1e-da42-1975937205f9,ok,0,0,453,27.267,36,210,405,390,292
171,21674.297812657,21674.298734619,,3,GPU-46bf67bb-cb31-bee1-3cf0-c35337ba97d2,ok,0,0,453,27.271,39,210,405,439,292
171,21674.297812657,21674.298791479,,4,GPU-127e16de-2b5f-dde9-1932-b4e29bb818c0,ok,0,0,453,24.438,34,210,405,439,292
172,21675.297812657,21675.298702987,,0,GPU-9b96eb67-aeee-89d5-aa85-fc650af4e25c,ok,0,0,453,27.049,36,210,405,439,292
172,21675.297812657,21675.298533527,,1,GPU-37ffc98b-8551-c8a1-5f3c-27ade9ae735a,ok,37,16,1476,224.543,68,1935,9501,14697,77685
172,21675.297812657,21675.300737618,,2,GPU-5443d59d-561f-ed1e-da42-1975937205f9,ok,0,0,453,27.205,36,210,405,439,292
172,21675.297812657,21675.298656637,,3,GPU-46bf67bb-cb31-bee1-3cf0-c35337ba97d2,ok,0,0,453,27.257,39,210,405,439,341
172,21675.297812657,21675.298578177,,4,GPU-127e16de-2b5f-dde9-1932-b4e29bb818c0,ok,0,0,453,24.212,34,210,405,439,341
173,21676.297812657,21676.299654385,,0,GPU-9b96eb67-aeee-89d5-aa85-fc650af4e25c,ok,0,0,453,26.99,36,210,405,390,341
173,21676.297812657,21676.298620175,,1,GPU-37ffc98b-8551-c8a1-5f3c-27ade9ae735a,ok,38,17,1476,226.787,68,1935,9501,15087,77734
173,21676.297812657,21676.298456835,,2,GPU-5443d59d-561f-ed1e-da42-1975937205f9,ok,0,0,453,27.274,36,210,405,439,292
173,21676.297812657,21676.298574445,,3,GPU-46bf67bb-cb31-bee1-3cf0-c35337ba97d2,ok,0,0,453,27.448,39,210,405,439,341
173,21676.297812657,21676.298418295,,4,GPU-127e16de-2b5f-dde9-1932-b4e29bb818c0,ok,0,0,453,24.137,34,210,405,439,292
174,21677.297812657,21677.299777083,,0,GPU-9b96eb67-aeee-89d5-aa85-fc650af4e25c,ok,0,0,453,27.059,36,210,405,390,341
174,21677.297812657,21677.298556663,,1,GPU-37ffc98b-8551-c8a1-5f3c-27ade9ae735a,ok,39,18,1476,227.297,68,1935,9501,15185,79101
174,21677.297812657,21677.298434803,,2,GPU-5443d59d-561f-ed1e-da42-1975937205f9,ok,0,0,453,27.214,36,210,405,439,292
174,21677.297812657,21677.299744703,,3,GPU-46bf67bb-cb31-bee1-3cf0-c35337ba97d2,ok,0,0,453,27.396,39,210,405,439,341
174,21677.297812657,21677.298391433,,4,GPU-127e16de-2b5f-dde9-1932-b4e29bb818c0,ok,0,0,453,24.055,34,210,405,390,292
175,21678.297812657,21678.298685651,,0,GPU-9b96eb67-aeee-89d5-aa85-fc650af4e25c,ok,0,0,453,26.95,35,210,405,439,341
175,21678.297812657,21678.298524321,,1,GPU-37ffc98b-8551-c8a1-5f3c-27ade9ae735a,ok,40,18,1476,227.362,68,1935,9501,14746,78613
175,21678.297812657,21678.298584891,,2,GPU-5443d59d-561f-ed1e-da42-1975937205f9,ok,0,0,453,27.248,36,210,405,439,292
175,21678.297812657,21678.298648131,,3,GPU-46bf67bb-cb31-bee1-3cf0-c35337ba97d2,ok,0,0,453,27.459,39,210,405,439,292
175,21678.297812657,21678.298493741,,4,GPU-127e16de-2b5f-dde9-1932-b4e29bb818c0,ok,0,0,453,23.836,34,210,405,439,292
176,21679.297812657,21679.298581009,,0,GPU-9b96eb67-aeee-89d5-aa85-fc650af4e25c,ok,0,0,453,26.922,35,210,405,439,292
176,21679.297812657,21679.298334369,,1,GPU-37ffc98b-8551-c8a1-5f3c-27ade9ae735a,ok,41,19,1476,229.802,68,1935,9501,14746,77734
176,21679.297812657,21679.298717179,,2,GPU-5443d59d-561f-ed1e-da42-1975937205f9,ok,0,0,453,27.332,36,210,405,439,292
176,21679.297812657,21679.299301489,,3,GPU-46bf67bb-cb31-bee1-3cf0-c35337ba97d2,ok,0,0,453,27.661,39,210,405,439,292
176,21679.297812657,21679.298496309,,4,GPU-127e16de-2b5f-dde9-1932-b4e29bb818c0,ok,0,0,453,23.972,34,210,405,439,292
177,21680.297812657,21680.298692307,,0,GPU-9b96eb67-aeee-89d5-aa85-fc650af4e25c,ok,0,0,453,26.945,35,210,405,439,292
177,21680.297812657,21680.298485607,,1,GPU-37ffc98b-8551-c8a1-5f3c-27ade9ae735a,ok,41,18,1476,227.087,68,1890,9501,14746,77880
177,21680.297812657,21680.298665867,,2,GPU-5443d59d-561f-ed1e-da42-1975937205f9,ok,0,0,453,27.256,36,210,405,439,341
177,21680.297812657,21680.298565697,,3,GPU-46bf67bb-cb31-bee1-3cf0-c35337ba97d2,ok,0,0,453,27.488,39,210,405,439,292
177,21680.297812657,21680.298601747,,4,GPU-127e16de-2b5f-dde9-1932-b4e29bb818c0,ok,0,0,453,24.152,34,210,405,390,341
178,21681.297812657,21681.298636045,,0,GPU-9b96eb67-aeee-89d5-aa85-fc650af4e25c,ok,0,0,453,26.883,36,210,405,390,292
178,21681.297812657,21681.298602195,,1,GPU-37ffc98b-8551-c8a1-5f3c-27ade9ae735a,ok,43,20,1476,229.887,68,1935,9501,15185,78613
178,21681.297812657,21681.298474255,,2,GPU-5443d59d-561f-ed1e-da42-1975937205f9,ok,0,0,453,27.365,36,210,405,439,292
178,21681.297812657,21681.299177295,,3,GPU-46bf67bb-cb31-bee1-3cf0-c35337ba97d2,ok,0,0,453,27.432,39,210,405,439,292
178,21681.297812657,21681.298561875,,4,GPU-127e16de-2b5f-dde9-1932-b4e29bb818c0,ok,0,0,453,24.097,34,210,405,439,292
179,21682.297812657,21682.298230253,,0,GPU-9b96eb67-aeee-89d5-aa85-fc650af4e25c,ok,0,0,453,26.879,36,210,405,390,292
179,21682.297812657,21682.299188443,,1,GPU-37ffc98b-8551-c8a1-5f3c-27ade9ae735a,ok,34,15,1476,227.539,68,1935,9501,15673,78417
179,21682.297812657,21682.299122763,,2,GPU-5443d59d-561f-ed1e-da42-1975937205f9,ok,0,0,453,27.47,36,210,405,439,292
179,21682.297812657,21682.299083233,,3,GPU-46bf67bb-cb31-bee1-3cf0-c35337ba97d2,ok,0,0,453,27.518,39,210,405,439,292
179,21682.297812657,21682.298960203,,4,GPU-127e16de-2b5f-dde9-1932-b4e29bb818c0,ok,0,0,453,24.098,34,210,405,439,292
180,21683.297812657,21683.298550131,,0,GPU-9b96eb67-aeee-89d5-aa85-fc650af4e25c,ok,0,0,453,27.016,36,210,405,390,341
180,21683.297812657,21683.298524351,,1,GPU-37ffc98b-8551-c8a1-5f3c-27ade9ae735a,ok,34,15,1476,224.879,68,1935,9501,14111,74218
180,21683.297812657,21683.300738702,,2,GPU-5443d59d-561f-ed1e-da42-1975937205f9,ok,0,0,453,27.372,36,210,405,439,341
180,21683.297812657,21683.298591421,,3,GPU-46bf67bb-cb31-bee1-3cf0-c35337ba97d2,ok,0,0,453,27.343,39,210,405,439,292
180,21683.297812657,21683.298472721,,4,GPU-127e16de-2b5f-dde9-1932-b4e29bb818c0,ok,0,0,453,24.195,34,210,405,439,292
181,21684.297812657,21684.298570629,,0,GPU-9b96eb67-aeee-89d5-aa85-fc650af4e25c,ok,0,0,453,26.923,35,210,405,439,292
181,21684.297812657,21684.298596569,,1,GPU-37ffc98b-8551-c8a1-5f3c-27ade9ae735a,ok,34,15,1476,222.759,68,1935,9501,15185,78466
181,21684.297812657,21684.298668409,,2,GPU-5443d59d-561f-ed1e-da42-1975937205f9,ok,0,0,453,27.441,36,210,405,439,292
181,21684.297812657,21684.298708119,,3,GPU-46bf67bb-cb31-bee1-3cf0-c35337ba97d2,ok,0,0,453,27.344,39,210,405,439,292
181,21684.297812657,21684.298535619,,4,GPU-127e16de-2b5f-dde9-1932-b4e29bb818c0,ok,0,0,453,24.108,34,210,405,390,341
182,21685.297812657,21685.298682067,,0,GPU-9b96eb67-aeee-89d5-aa85-fc650af4e25c,ok,0,0,453,26.888,35,210,405,439,341
182,21685.297812657,21685.298592897,,1,GPU-37ffc98b-8551-c8a1-5f3c-27ade9ae735a,ok,34,15,1476,224.614,68,1935,9501,14843,77783
182,21685.297812657,21685.298707267,,2,GPU-5443d59d-561f-ed1e-da42-1975937205f9,ok,0,0,453,27.505,36,210,405,390,292
182,21685.297812657,21685.298741957,,3,GPU-46bf67bb-cb31-bee1-3cf0-c35337ba97d2,ok,0,0,453,27.424,39,210,405,439,341
182,21685.297812657,21685.298638837,,4,GPU-127e16de-2b5f-dde9-1932-b4e29bb818c0,ok,0,0,453,24.132,34,210,405,390,341
183,21686.297812657,21686.299800786,,0,GPU-9b96eb67-aeee-89d5-aa85-fc650af4e25c,ok,0,0,453,27.01,36,210,405,439,292
183,21686.297812657,21686.298685565,,1,GPU-37ffc98b-8551-c8a1-5f3c-27ade9ae735a,ok,38,18,1476,224.612,68,1935,9501,15332,78417
183,21686.297812657,21686.298483115,,2,GPU-5443d59d-561f-ed1e-da42-1975937205f9,ok,0,0,453,27.383,36,210,405,439,292
183,21686.297812657,21686.298562715,,3,GPU-46bf67bb-cb31-bee1-3cf0-c35337ba97d2,ok,0,0,453,27.345,39,210,405,439,341
183,21686.297812657,21686.298661475,,4,GPU-127e16de-2b5f-dde9-1932-b4e29bb818c0,ok,0,0,453,24.247,34,210,405,439,292
184,21687.297812657,21687.298580503,,0,GPU-9b96eb67-aeee-89d5-aa85-fc650af4e25c,ok,0,0,453,26.902,36,210,405,439,292
184,21687.297812657,21687.299165383,,1,GPU-37ffc98b-8551-c8a1-5f3c-27ade9ae735a,ok,38,17,1496,232.655,68,1935,9501,12597,59960
184,21687.297812657,21687.298644143,,2,GPU-5443d59d-561f-ed1e-da42-1975937205f9,ok,0,0,453,27.347,36,210,405,390,292
184,21687.297812657,21687.298539943,,3,GPU-46bf67bb-cb31-bee1-3cf0-c35337ba97d2,ok,0,0,453,27.532,39,210,405,439,292
184,21687.297812657,21687.298455403,,4,GPU-127e16de-2b5f-dde9-1932-b4e29bb818c0,ok,0,0,453,24.359,34,210,405,439,341
185,21688.297812657,21688.298521561,,0,GPU-9b96eb67-aeee-89d5-aa85-fc650af4e25c,ok,0,0,453,26.954,36,210,405,390,292
185,21688.297812657,21688.298371411,,1,GPU-37ffc98b-8551-c8a1-5f3c-27ade9ae735a,ok,41,18,1496,231.453,68,1935,9501,14599,78125
185,21688.297812657,21688.298787821,,2,GPU-5443d59d-561f-ed1e-da42-1975937205f9,ok,0,0,453,27.417,36,210,405,439,292
185,21688.297812657,21688.298806241,,3,GPU-46bf67bb-cb31-bee1-3cf0-c35337ba97d2,ok,0,0,453,27.796,39,210,405,439,292
185,21688.297812657,21688.298498361,,4,GPU-127e16de-2b5f-dde9-1932-b4e29bb818c0,ok,0,0,453,24.391,34,210,405,439,341
186,21689.297812657,21689.298644169,,0,GPU-9b96eb67-aeee-89d5-aa85-fc650af4e25c,ok,0,0,453,27.116,36,210,405,390,341
186,21689.297812657,21689.299149479,,1,GPU-37ffc98b-8551-c8a1-5f3c-27ade9ae735a,ok,38,17,1496,231.668,68,1935,9501,15429,78613
186,21689.297812657,21689.298584519,,2,GPU-5443d59d-561f-ed1e-da42-1975937205f9,ok,0,0,453,27.435,36,210,405,439,341
186,21689.297812657,21689.298442249,,3,GPU-46bf67bb-cb31-bee1-3cf0-c35337ba97d2,ok,0,0,453,27.586,39,210,405,439,341
186,21689.297812657,21689.298613159,,4,GPU-127e16de-2b5f-dde9-1932-b4e29bb818c0,ok,0,0,453,24.189,34,210,405,390,292
187,21690.297812657,21690.298553827,,0,GPU-9b96eb67-aeee-89d5-aa85-fc650af4e25c,ok,0,0,453,26.978,36,210,405,390,292
187,21690.297812657,21690.298459347,,1,GPU-37ffc98b-8551-c8a1-5f3c-27ade9ae735a,ok,41,19,1496,231.5,68,1935,9501,14746,77978
187,21690.297812657,21690.298627547,,2,GPU-5443d59d-561f-ed1e-da42-1975937205f9,ok,0,0,453,27.513,36,210,405,439,292
187,21690.297812657,21690.298823667,,3,GPU-46bf67bb-cb31-bee1-3cf0-c35337ba97d2,ok,0,0,453,27.524,39,210,405,439,341
187,21690.297812657,21690.298596097,,4,GPU-127e16de-2b5f-dde9-1932-b4e29bb818c0,ok,0,0,453,24.259,34,210,405,439,292
188,21691.297812657,21691.298467625,,0,GPU-9b96eb67-aeee-89d5-aa85-fc650af4e25c,ok,0,0,453,27.064,36,210,405,390,292
188,21691.297812657,21691.298593955,,1,GPU-37ffc98b-8551-c8a1-5f3c-27ade9ae735a,ok,41,19,1496,232.018,68,1935,9501,15283,79101
188,21691.297812657,21691.298618405,,2,GPU-5443d59d-561f-ed1e-da42-1975937205f9,ok,0,0,453,27.571,36,210,405,439,292
188,21691.297812657,21691.299753816,,3,GPU-46bf67bb-cb31-bee1-3cf0-c35337ba97d2,ok,0,0,453,27.695,39,210,405,439,292
188,21691.297812657,21691.298424165,,4,GPU-127e16de-2b5f-dde9-1932-b4e29bb818c0,ok,0,0,453,24.49,34,210,405,439,292
189,21692.297812657,21692.298565393,,0,GPU-9b96eb67-aeee-89d5-aa85-fc650af4e25c,ok,0,0,453,27.079,35,210,405,390,292
189,21692.297812657,21692.298592663,,1,GPU-37ffc98b-8551-c8a1-5f3c-27ade9ae735a,ok,42,19,1496,230.383,69,1935,9501,15087,78662
189,21692.297812657,21692.299123323,,2,GPU-5443d59d-561f-ed1e-da42-1975937205f9,ok,0,0,453,27.424,36,210,405,439,292
189,21692.297812657,21692.299089633,,3,GPU-46bf67bb-cb31-bee1-3cf0-c35337ba97d2,ok,0,0,453,27.557,39,210,405,439,292
189,21692.297812657,21692.298308553,,4,GPU-127e16de-2b5f-dde9-1932-b4e29bb818c0,ok,0,0,453,24.478,34,210,405,390,292
190,21693.297812657,21693.298497701,,0,GPU-9b96eb67-aeee-89d5-aa85-fc650af4e25c,ok,0,0,453,27.001,36,210,405,439,341
190,21693.297812657,21693.298715021,,1,GPU-37ffc98b-8551-c8a1-5f3c-27ade9ae735a,ok,41,19,1496,228.566,69,1920,9501,15087,78564
190,21693.297812657,21693.298753051,,2,GPU-5443d59d-561f-ed1e-da42-1975937205f9,ok,0,0,453,27.426,36,210,405,439,341
190,21693.297812657,21693.299842862,,3,GPU-46bf67bb-cb31-bee1-3cf0-c35337ba97d2,ok,0,0,453,27.574,39,210,405,439,292
190,21693.297812657,21693.298570131,,4,GPU-127e16de-2b5f-dde9-1932-b4e29bb818c0,ok,0,0,453,24.226,34,210,405,439,292
191,21694.297812657,21694.298693659,,0,GPU-9b96eb67-aeee-89d5-aa85-fc650af4e25c,ok,0,0,453,27.095,36,210,405,439,341
191,21694.297812657,21694.298481419,,1,GPU-37ffc98b-8551-c8a1-5f3c-27ade9ae735a,ok,42,19,1496,229.108,69,1935,9501,14843,78857
191,21694.297812657,21694.298720249,,2,GPU-5443d59d-561f-ed1e-da42-1975937205f9,ok,0,0,453,27.488,36,210,405,439,292
191,21694.297812657,21694.298653359,,3,GPU-46bf67bb-cb31-bee1-3cf0-c35337ba97d2,ok,0,0,453,27.652,39,210,405,390,292
191,21694.297812657,21694.298518199,,4,GPU-127e16de-2b5f-dde9-1932-b4e29bb818c0,ok,0,0,453,24.098,34,210,405,439,292
192,21695.297812657,21695.298668407,,0,GPU-9b96eb67-aeee-89d5-aa85-fc650af4e25c,ok,0,0,453,26.877,36,210,405,439,292
192,21695.297812657,21695.298701387,,1,GPU-37ffc98b-8551-c8a1-5f3c-27ade9ae735a,ok,35,15,1496,228.963,68,1935,9501,15966,79345
192,21695.297812657,21695.298597827,,2,GPU-5443d59d-561f-ed1e-da42-1975937205f9,ok,0,0,453,27.436,36,210,405,390,292
192,21695.297812657,21695.298569767,,3,GPU-46bf67bb-cb31-bee1-3cf0-c35337ba97d2,ok,0,0,453,27.4,39,210,405,439,341
192,21695.297812657,21695.298625217,,4,GPU-127e16de-2b5f-dde9-1932-b4e29bb818c0,ok,0,0,453,24.158,34,210,405,390,292
193,21696.297812657,21696.299494206,,0,GPU-9b96eb67-aeee-89d5-aa85-fc650af4e25c,ok,0,0,453,26.831,36,210,405,439,292
193,21696.297812657,21696.298409115,,1,GPU-37ffc98b-8551-c8a1-5f3c-27ade9ae735a,ok,35,15,1496,226.747,68,1935,9501,14843,79003
193,21696.297812657,21696.298444445,,2,GPU-5443d59d-561f-ed1e-da42-1975937205f9,ok,0,0,453,27.546,36,210,405,439,292
193,21696.297812657,21696.298553785,,3,GPU-46bf67bb-cb31-bee1-3cf0-c35337ba97d2,ok,0,0,453,27.327,39,210,405,439,292
193,21696.297812657,21696.299474336,,4,GPU-127e16de-2b5f-dde9-1932-b4e29bb818c0,ok,0,0,453,24.251,34,210,405,439,292
194,21697.297812657,21697.298731683,,0,GPU-9b96eb67-aeee-89d5-aa85-fc650af4e25c,ok,0,0,453,26.952,36,210,405,439,292
194,21697.297812657,21697.298358623,,1,GPU-37ffc98b-8551-c8a1-5f3c-27ade9ae735a,ok,34,15,1496,225.382,68,1935,9501,14648,77490
194,21697.297812657,21697.298610743,,2,GPU-5443d59d-561f-ed1e-da42-1975937205f9,ok,0,0,453,27.656,36,210,405,390,292
194,21697.297812657,21697.298626153,,3,GPU-46bf67bb-cb31-bee1-3cf0-c35337ba97d2,ok,0,0,453,27.462,39,210,405,439,341
194,21697.297812657,21697.298550313,,4,GPU-127e16de-2b5f-dde9-1932-b4e29bb818c0,ok,0,0,453,24.491,34,210,405,390,341
195,21698.297812657,21698.298771922,,0,GPU-9b96eb67-aeee-89d5-aa85-fc650af4e25c,ok,0,0,453,26.799,36,210,405,439,292
195,21698.297812657,21698.298731482,,1,GPU-37ffc98b-8551-c8a1-5f3c-27ade9ae735a,ok,37,16,1496,225.533,68,1935,9501,15039,77636
195,21698.297812657,21698.298590731,,2,GPU-5443d59d-561f-ed1e-da42-1975937205f9,ok,0,0,453,27.486,36,210,405,390,292
195,21698.297812657,21698.298659031,,3,GPU-46bf67bb-cb31-bee1-3cf0-c35337ba97d2,ok,0,0,453,27.302,39,210,405,390,341
195,21698.297812657,21698.298632771,,4,GPU-127e16de-2b5f-dde9-1932-b4e29bb818c0,ok,0,0,453,24.648,34,210,405,439,292
196,21699.297812657,21699.29870936,,0,GPU-9b96eb67-aeee-89d5-aa85-fc650af4e25c,ok,0,0,453,26.769,36,210,405,439,292
196,21699.297812657,21699.298509989,,1,GPU-37ffc98b-8551-c8a1-5f3c-27ade9ae735a,ok,37,17,1496,227.787,68,1935,9501,14794,57714
196,21699.297812657,21699.29863847,,2,GPU-5443d59d-561f-ed1e-da42-1975937205f9,ok,0,0,453,27.38,36,210,405,390,292
196,21699.297812657,21699.2987357,,3,GPU-46bf67bb-cb31-bee1-3cf0-c35337ba97d2,ok,0,0,453,27.347,39,210,405,439,292
196,21699.297812657,21699.29868239,,4,GPU-127e16de-2b5f-dde9-1932-b4e29bb818c0,ok,0,0,453,24.65,34,210,405,439,292
197,21700.297812657,21700.298637828,,0,GPU-9b96eb67-aeee-89d5-aa85-fc650af4e25c,ok,0,0,453,26.956,36,210,405,439,341
197,21700.297812657,21700.298692508,,1,GPU-37ffc98b-8551-c8a1-5f3c-27ade9ae735a,ok,38,17,1496,227.976,68,1935,9501,14941,77246
197,21700.297812657,21700.298665568,,2,GPU-5443d59d-561f-ed1e-da42-1975937205f9,ok,0,0,453,27.389,36,210,405,390,341
197,21700.297812657,21700.298752578,,3,GPU-46bf67bb-cb31-bee1-3cf0-c35337ba97d2,ok,0,0,453,27.605,39,210,405,439,292
197,21700.297812657,21700.298601098,,4,GPU-127e16de-2b5f-dde9-1932-b4e29bb818c0,ok,0,0,453,24.678,34,210,405,439,292
198,21701.297812657,21701.298728126,,0,GPU-9b96eb67-aeee-89d5-aa85-fc650af4e25c,ok,0,0,453,26.891,35,210,405,439,292
198,21701.297812657,21701.298508456,,1,GPU-37ffc98b-8551-c8a1-5f3c-27ade9ae735a,ok,38,17,1496,226.039,68,1935,9501,14697,77246
198,21701.297812657,21701.298704216,,2,GPU-5443d59d-561f-ed1e-da42-1975937205f9,ok,0,0,453,27.209,36,210,405,390,292
198,21701.297812657,21701.298753386,,3,GPU-46bf67bb-cb31-bee1-3cf0-c35337ba97d2,ok,0,0,453,27.44,39,210,405,439,292
198,21701.297812657,21701.298606376,,4,GPU-127e16de-2b5f-dde9-1932-b4e29bb818c0,ok,0,0,453,24.641,34,210,405,439,292
199,21702.297812657,21702.298402974,,0,GPU-9b96eb67-aeee-89d5-aa85-fc650af4e25c,ok,0,0,453,26.822,36,210,405,439,292
199,21702.297812657,21702.298594974,,1,GPU-37ffc98b-8551-c8a1-5f3c-27ade9ae735a,ok,40,18,1496,229.022,68,1935,9501,15039,77685
199,21702.297812657,21702.298513804,,2,GPU-5443d59d-561f-ed1e-da42-1975937205f9,ok,0,0,453,27.259,36,210,405,390,292
199,21702.297812657,21702.299734564,,3,GPU-46bf67bb-cb31-bee1-3cf0-c35337ba97d2,ok,0,0,453,27.419,39,210,405,439,292
199,21702.297812657,21702.298487824,,4,GPU-127e16de-2b5f-dde9-1932-b4e29bb818c0,ok,0,0,453,24.349,34,210,405,390,292
200,21703.297812657,21703.298588512,,0,GPU-9b96eb67-aeee-89d5-aa85-fc650af4e25c,ok,0,0,453,26.821,36,210,405,439,292
200,21703.297812657,21703.298568652,,1,GPU-37ffc98b-8551-c8a1-5f3c-27ade9ae735a,ok,38,17,1496,227.413,68,1935,9501,14990,78466
200,21703.297812657,21703.299692322,,2,GPU-5443d59d-561f-ed1e-da42-1975937205f9,ok,0,0,453,27.384,36,210,405,439,292
200,21703.297812657,21703.298346832,,3,GPU-46bf67bb-cb31-bee1-3cf0-c35337ba97d2,ok,0,0,453,27.544,39,210,405,439,292
200,21703.297812657,21703.298418072,,4,GPU-127e16de-2b5f-dde9-1932-b4e29bb818c0,ok,0,0,453,24.28,34,210,405,439,292
201,21704.297812657,21704.29855012,,0,GPU-9b96eb67-aeee-89d5-aa85-fc650af4e25c,ok,0,0,453,26.702,36,210,405,439,341
201,21704.297812657,21704.29857817,,1,GPU-37ffc98b-8551-c8a1-5f3c-27ade9ae735a,ok,40,18,1496,226.435,68,1935,9501,14990,77246
201,21704.297812657,21704.29853368,,2,GPU-5443d59d-561f-ed1e-da42-1975937205f9,ok,0,0,453,27.268,36,210,405,439,341
201,21704.297812657,21704.3006853,,3,GPU-46bf67bb-cb31-bee1-3cf0-c35337ba97d2,ok,0,0,453,27.339,39,210,405,439,292
201,21704.297812657,21704.29841187,,4,GPU-127e16de-2b5f-dde9-1932-b4e29bb818c0,ok,0,0,453,24.196,34,210,405,439,292
202,21705.297812657,21705.298555578,,0,GPU-9b96eb67-aeee-89d5-aa85-fc650af4e25c,ok,0,0,453,26.713,36,210,405,439,292
202,21705.297812657,21705.298649178,,1,GPU-37ffc98b-8551-c8a1-5f3c-27ade9ae735a,ok,41,18,1496,225.975,68,1935,9501,15136,77636
202,21705.297812657,21705.298519038,,2,GPU-5443d59d-561f-ed1e-da42-1975937205f9,ok,0,0,453,27.275,36,210,405,439,292
202,21705.297812657,21705.298668848,,3,GPU-46bf67bb-cb31-bee1-3cf0-c35337ba97d2,ok,0,0,453,27.376,39,210,405,390,292
202,21705.297812657,21705.298389678,,4,GPU-127e16de-2b5f-dde9-1932-b4e29bb818c0,ok,0,0,453,24.027,34,210,405,439,292
203,21706.297812657,21706.298668776,,0,GPU-9b96eb67-aeee-89d5-aa85-fc650af4e25c,ok,0,0,453,26.598,36,210,405,390,292
203,21706.297812657,21706.298545546,,1,GPU-37ffc98b-8551-c8a1-5f3c-27ade9ae735a,ok,40,18,1496,226.417,69,1920,9501,14794,77148
203,21706.297812657,21706.298713956,,2,GPU-5443d59d-561f-ed1e-da42-1975937205f9,ok,0,0,453,27.255,36,210,405,439,292
203,21706.297812657,21706.298740476,,3,GPU-46bf67bb-cb31-bee1-3cf0-c35337ba97d2,ok,0,0,453,27.558,39,210,405,439,292
203,21706.297812657,21706.298624926,,4,GPU-127e16de-2b5f-dde9-1932-b4e29bb818c0,ok,0,0,453,23.809,34,210,405,439,292
204,21707.297812657,21707.298683524,,0,GPU-9b96eb67-aeee-89d5-aa85-fc650af4e25c,ok,0,0,453,26.714,35,210,405,390,341
204,21707.297812657,21707.299845064,,1,GPU-37ffc98b-8551-c8a1-5f3c-27ade9ae735a,ok,43,20,1496,229.376,69,1935,9501,15673,78759
204,21707.297812657,21707.298645004,,2,GPU-5443d59d-561f-ed1e-da42-1975937205f9,ok,0,0,453,27.278,36,210,405,439,292
204,21707.297812657,21707.298543934,,3,GPU-46bf67bb-cb31-bee1-3cf0-c35337ba97d2,ok,0,0,453,27.426,39,210,405,439,341
204,21707.297812657,21707.298502644,,4,GPU-127e16de-2b5f-dde9-1932-b4e29bb818c0,ok,0,0,453,23.719,34,210,405,439,292
205,21708.297812657,21708.298926972,,0,GPU-9b96eb67-aeee-89d5-aa85-fc650af4e25c,ok,0,0,453,26.941,36,210,405,439,292
205,21708.297812657,21708.298328772,,1,GPU-37ffc98b-8551-c8a1-5f3c-27ade9ae735a,ok,34,15,1496,230.919,68,1920,9501,14746,77978
205,21708.297812657,21708.298900972,,2,GPU-5443d59d-561f-ed1e-da42-1975937205f9,ok,0,0,453,27.337,36,210,405,439,341
205,21708.297812657,21708.298965422,,3,GPU-46bf67bb-cb31-bee1-3cf0-c35337ba97d2,ok,0,0,453,27.501,39,210,405,390,341
205,21708.297812657,21708.298503062,,4,GPU-127e16de-2b5f-dde9-1932-b4e29bb818c0,ok,0,0,453,23.885,34,210,405,439,341
206,21709.297812657,21709.2991573,,0,GPU-9b96eb67-aeee-89d5-aa85-fc650af4e25c,ok,0,0,453,26.787,36,210,405,390,292
206,21709.297812657,21709.29919338,,1,GPU-37ffc98b-8551-c8a1-5f3c-27ade9ae735a,ok,34,15,1496,219.49,68,1935,9501,15771,78808
206,21709.297812657,21709.29853999,,2,GPU-5443d59d-561f-ed1e-da42-1975937205f9,ok,0,0,453,27.228,36,210,405,439,292
206,21709.297812657,21709.29839772,,3,GPU-46bf67bb-cb31-bee1-3cf0-c35337ba97d2,ok,0,0,453,27.665,39,210,405,390,341
206,21709.297812657,21709.29856312,,4,GPU-127e16de-2b5f-dde9-1932-b4e29bb818c0,ok,0,0,453,23.705,34,210,405,390,341
207,21710.297812657,21710.298297038,,0,GPU-9b96eb67-aeee-89d5-aa85-fc650af4e25c,ok,0,0,453,26.72,36,210,405,439,341
207,21710.297812657,21710.298543778,,1,GPU-37ffc98b-8551-c8a1-5f3c-27ade9ae735a,ok,37,16,1496,226.675,68,1935,9501,15234,78515
207,21710.297812657,21710.298394188,,2,GPU-5443d59d-561f-ed1e-da42-1975937205f9,ok,0,0,453,27.185,36,210,405,439,341
207,21710.297812657,21710.299552578,,3,GPU-46bf67bb-cb31-bee1-3cf0-c35337ba97d2,ok,0,0,453,27.445,39,210,405,439,292
207,21710.297812657,21710.299527118,,4,GPU-127e16de-2b5f-dde9-1932-b4e29bb818c0,ok,0,0,453,23.692,34,210,405,390,292
208,21711.297812657,21711.299478306,,0,GPU-9b96eb67-aeee-89d5-aa85-fc650af4e25c,ok,0,0,453,26.815,36,210,405,390,292
208,21711.297812657,21711.298482966,,1,GPU-37ffc98b-8551-c8a1-5f3c-27ade9ae735a,ok,37,16,1496,227.215,68,1920,9501,14746,77734
208,21711.297812657,21711.298552216,,2,GPU-5443d59d-561f-ed1e-da42-1975937205f9,ok,0,0,453,27.283,36,210,405,439,292
208,21711.297812657,21711.298607526,,3,GPU-46bf67bb-cb31-bee1-3cf0-c35337ba97d2,ok,0,0,453,27.426,39,210,405,439,292
208,21711.297812657,21711.298655776,,4,GPU-127e16de-2b5f-dde9-1932-b4e29bb818c0,ok,0,0,453,23.905,34,210,405,439,292
209,21712.297812657,21712.298568584,,0,GPU-9b96eb67-aeee-89d5-aa85-fc650af4e25c,ok,0,0,453,26.615,36,210,405,390,292
209,21712.297812657,21712.298696544,,1,GPU-37ffc98b-8551-c8a1-5f3c-27ade9ae735a,ok,37,16,1496,224.08,68,1935,9501,14697,79101
209,21712.297812657,21712.298736914,,2,GPU-5443d59d-561f-ed1e-da42-1975937205f9,ok,0,0,453,27.196,36,210,405,439,292
209,21712.297812657,21712.298620114,,3,GPU-46bf67bb-cb31-bee1-3cf0-c35337ba97d2,ok,0,0,453,27.489,39,210,405,439,292
209,21712.297812657,21712.298775124,,4,GPU-127e16de-2b5f-dde9-1932-b4e29bb818c0,ok,0,0,453,23.91,34,210,405,439,292
210,21713.297812657,21713.298412852,,0,GPU-9b96eb67-aeee-89d5-aa85-fc650af4e25c,ok,0,0,453,26.588,36,210,405,390,292
210,21713.297812657,21713.298556022,,1,GPU-37ffc98b-8551-c8a1-5f3c-27ade9ae735a,ok,37,17,1498,227.865,68,1935,9501,11962,78173
210,21713.297812657,21713.298447432,,2,GPU-5443d59d-561f-ed1e-da42-1975937205f9,ok,0,0,453,27.183,36,210,405,439,292
210,21713.297812657,21713.298602482,,3,GPU-46bf67bb-cb31-bee1-3cf0-c35337ba97d2,ok,0,0,453,27.513,39,210,405,439,341
210,21713.297812657,21713.299720602,,4,GPU-127e16de-2b5f-dde9-1932-b4e29bb818c0,ok,0,0,453,23.996,34,210,405,439,292
211,21714.297812657,21714.299174,,0,GPU-9b96eb67-aeee-89d5-aa85-fc650af4e25c,ok,0,0,453,26.736,36,210,405,390,341
211,21714.297812657,21714.29911993,,1,GPU-37ffc98b-8551-c8a1-5f3c-27ade9ae735a,ok,42,19,1558,232.351,69,1935,9501,14990,77197
211,21714.297812657,21714.29824019,,2,GPU-5443d59d-561f-ed1e-da42-1975937205f9,ok,0,0,453,27.244,36,210,405,439,341
211,21714.297812657,21714.29921904,,3,GPU-46bf67bb-cb31-bee1-3cf0-c35337ba97d2,ok,0,0,453,27.79,39,210,405,439,292
211,21714.297812657,21714.29914742,,4,GPU-127e16de-2b5f-dde9-1932-b4e29bb818c0,ok,0,0,453,24.162,34,210,405,439,292
212,21715.297812657,21715.298603278,,0,GPU-9b96eb67-aeee-89d5-aa85-fc650af4e25c,ok,0,0,453,26.665,36,210,405,390,292
212,21715.297812657,21715.298757438,,1,GPU-37ffc98b-8551-c8a1-5f3c-27ade9ae735a,ok,38,17,1558,230.9,68,1935,9501,15576,78710
212,21715.297812657,21715.298569148,,2,GPU-5443d59d-561f-ed1e-da42-1975937205f9,ok,0,0,453,27.102,36,210,405,439,292
212,21715.297812657,21715.298683988,,3,GPU-46bf67bb-cb31-bee1-3cf0-c35337ba97d2,ok,0,0,453,27.658,39,210,405,390,292
212,21715.297812657,21715.298647158,,4,GPU-127e16de-2b5f-dde9-1932-b4e29bb818c0,ok,0,0,453,24.14,34,210,405,439,292
213,21716.297812657,21716.298731476,,0,GPU-9b96eb67-aeee-89d5-aa85-fc650af4e25c,ok,0,0,453,26.764,35,210,405,390,292
213,21716.297812657,21716.298673556,,1,GPU-37ffc98b-8551-c8a1-5f3c-27ade9ae735a,ok,39,18,1558,227.339,68,1935,9501,14941,76513
213,21716.297812657,21716.298699186,,2,GPU-5443d59d-561f-ed1e-da42-1975937205f9,ok,0,0,453,27.068,36,210,405,439,292
213,21716.297812657,21716.298451356,,3,GPU-46bf67bb-cb31-bee1-3cf0-c35337ba97d2,ok,0,0,453,27.469,39,210,405,439,292
213,21716.297812657,21716.298627136,,4,GPU-127e16de-2b5f-dde9-1932-b4e29bb818c0,ok,0,0,453,24.053,34,210,405,439,341
214,21717.297812657,21717.298514764,,0,GPU-9b96eb67-aeee-89d5-aa85-fc650af4e25c,ok,0,0,453,27.018,36,210,405,439,292
214,21717.297812657,21717.299029904,,1,GPU-37ffc98b-8551-c8a1-5f3c-27ade9ae735a,ok,39,18,1558,226.707,68,1935,9501,14941,77343
214,21717.297812657,21717.298320844,,2,GPU-5443d59d-561f-ed1e-da42-1975937205f9,ok,0,0,453,27.156,36,210,405,439,292
214,21717.297812657,21717.298470864,,3,GPU-46bf67bb-cb31-bee1-3cf0-c35337ba97d2,ok,0,0,453,27.497,39,210,405,439,341
214,21717.297812657,21717.300297284,,4,GPU-127e16de-2b5f-dde9-1932-b4e29bb818c0,ok,0,0,453,23.922,34,210,405,390,292
215,21718.297812657,21718.298685322,,0,GPU-9b96eb67-aeee-89d5-aa85-fc650af4e25c,ok,0,0,453,26.896,36,210,405,439,341
215,21718.297812657,21718.298725052,,1,GPU-37ffc98b-8551-c8a1-5f3c-27ade9ae735a,ok,41,18,1558,226.966,68,1935,9501,15625,78955
215,21718.297812657,21718.298611152,,2,GPU-5443d59d-561f-ed1e-da42-1975937205f9,ok,0,0,453,27.108,36,210,405,390,341
215,21718.297812657,21718.298512722,,3,GPU-46bf67bb-cb31-bee1-3cf0-c35337ba97d2,ok,0,0,453,27.292,39,210,405,488,341
215,21718.297812657,21718.298480592,,4,GPU-127e16de-2b5f-dde9-1932-b4e29bb818c0,ok,0,0,453,23.9,34,210,405,439,292
216,21719.297812657,21719.29859012,,0,GPU-9b96eb67-aeee-89d5-aa85-fc650af4e25c,ok,0,0,453,26.841,36,210,405,439,341
216,21719.297812657,21719.29838596,,1,GPU-37ffc98b-8551-c8a1-5f3c-27ade9ae735a,ok,42,19,1558,229.761,68,1755,9501,14648,78173
216,21719.297812657,21719.29867536,,2,GPU-5443d59d-561f-ed1e-da42-1975937205f9,ok,0,0,453,27.196,36,210,405,390,292
216,21719.297812657,21719.29854402,,3,GPU-46bf67bb-cb31-bee1-3cf0-c35337ba97d2,ok,0,0,453,27.32,39,210,405,439,341
216,21719.297812657,21719.300590931,,4,GPU-127e16de-2b5f-dde9-1932-b4e29bb818c0,ok,0,0,453,23.973,34,210,405,439,292
217,21720.297812657,21720.298616298,,0,GPU-9b96eb67-aeee-89d5-aa85-fc650af4e25c,ok,0,0,453,26.999,35,210,405,439,292
217,21720.297812657,21720.299108548,,1,GPU-37ffc98b-8551-c8a1-5f3c-27ade9ae735a,ok,45,21,1558,235.705,69,1935,9501,15673,78466
217,21720.297812657,21720.298578388,,2,GPU-5443d59d-561f-ed1e-da42-1975937205f9,ok,0,0,453,27.322,36,210,405,439,292
217,21720.297812657,21720.298522188,,3,GPU-46bf67bb-cb31-bee1-3cf0-c35337ba97d2,ok,0,0,453,27.571,39,210,405,439,341
217,21720.297812657,21720.298400268,,4,GPU-127e16de-2b5f-dde9-1932-b4e29bb818c0,ok,0,0,453,23.852,34,210,405,390,292
218,21721.297812657,21721.299064976,,0,GPU-9b96eb67-aeee-89d5-aa85-fc650af4e25c,ok,0,0,453,26.715,35,210,405,439,292
218,21721.297812657,21721.298446976,,1,GPU-37ffc98b-8551-c8a1-5f3c-27ade9ae735a,ok,34,15,1558,229.165,68,1935,9501,14794,78808
218,21721.297812657,21721.299438256,,2,GPU-5443d59d-561f-ed1e-da42-1975937205f9,ok,0,0,453,27.29,36,210,405,439,292
218,21721.297812657,21721.299127466,,3,GPU-46bf67bb-cb31-bee1-3cf0-c35337ba97d2,ok,0,0,453,27.353,39,210,405,439,292
218,21721.297812657,21721.298351036,,4,GPU-127e16de-2b5f-dde9-1932-b4e29bb818c0,ok,0,0,453,23.886,34,210,405,439,292
219,21722.297812657,21722.298357354,,0,GPU-9b96eb67-aeee-89d5-aa85-fc650af4e25c,ok,0,0,453,26.604,35,210,405,390,341
219,21722.297812657,21722.298407524,,1,GPU-37ffc98b-8551-c8a1-5f3c-27ade9ae735a,ok,34,15,1558,224.895,68,1935,9501,14892,78808
219,21722.297812657,21722.299518374,,2,GPU-5443d59d-561f-ed1e-da42-1975937205f9,ok,0,0,453,27.24,37,210,405,390,341
219,21722.297812657,21722.299471614,,3,GPU-46bf67bb-cb31-bee1-3cf0-c35337ba97d2,ok,0,0,453,27.16,39,210,405,390,292
219,21722.297812657,21722.299575084,,4,GPU-127e16de-2b5f-dde9-1932-b4e29bb818c0,ok,0,0,453,24.048,34,210,405,439,292
220,21723.297812657,21723.298443582,,0,GPU-9b96eb67-aeee-89d5-aa85-fc650af4e25c,ok,0,0,453,26.775,35,210,405,390,341
220,21723.297812657,21723.298725422,,1,GPU-37ffc98b-8551-c8a1-5f3c-27ade9ae735a,ok,36,16,1558,225.846,68,1935,9501,15527,78710
220,21723.297812657,21723.298695092,,2,GPU-5443d59d-561f-ed1e-da42-1975937205f9,ok,0,0,453,27.263,36,210,405,439,292
220,21723.297812657,21723.298543702,,3,GPU-46bf67bb-cb31-bee1-3cf0-c35337ba97d2,ok,0,0,453,27.298,39,210,405,439,292
220,21723.297812657,21723.298666882,,4,GPU-127e16de-2b5f-dde9-1932-b4e29bb818c0,ok,0,0,453,23.908,34,210,405,439,292
221,21724.297812657,21724.29856827,,0,GPU-9b96eb67-aeee-89d5-aa85-fc650af4e25c,ok,0,0,453,26.607,36,210,405,390,292
221,21724.297812657,21724.29861065,,1,GPU-37ffc98b-8551-c8a1-5f3c-27ade9ae735a,ok,37,16,1558,227.094,68,1935,9501,14306,73779
221,21724.297812657,21724.29909123,,2,GPU-5443d59d-561f-ed1e-da42-1975937205f9,ok,0,0,453,27.227,36,210,405,439,292
221,21724.297812657,21724.29864591,,3,GPU-46bf67bb-cb31-bee1-3cf0-c35337ba97d2,ok,0,0,453,27.242,39,210,405,439,292
221,21724.297812657,21724.29835877,,4,GPU-127e16de-2b5f-dde9-1932-b4e29bb818c0,ok,0,0,453,23.77,34,210,405,439,292
222,21725.297812657,21725.299049118,,0,GPU-9b96eb67-aeee-89d5-aa85-fc650af4e25c,ok,0,0,453,26.605,36,210,405,439,292
222,21725.297812657,21725.299676848,,1,GPU-37ffc98b-8551-c8a1-5f3c-27ade9ae735a,ok,37,16,1558,225.656,68,1935,9501,15771,78662
222,21725.297812657,21725.298561308,,2,GPU-5443d59d-561f-ed1e-da42-1975937205f9,ok,0,0,453,27.369,36,210,405,439,341
222,21725.297812657,21725.298484308,,3,GPU-46bf67bb-cb31-bee1-3cf0-c35337ba97d2,ok,0,0,453,27.269,39,210,405,439,341
222,21725.297812657,21725.298342248,,4,GPU-127e16de-2b5f-dde9-1932-b4e29bb818c0,ok,0,0,453,24.005,34,210,405,439,292
223,21726.297812657,21726.298695516,,0,GPU-9b96eb67-aeee-89d5-aa85-fc650af4e25c,ok,0,0,453,26.725,36,210,405,439,292
223,21726.297812657,21726.298635936,,1,GPU-37ffc98b-8551-c8a1-5f3c-27ade9ae735a,ok,38,17,1558,226.715,68,1935,9501,12646,65966
223,21726.297812657,21726.298662116,,2,GPU-5443d59d-561f-ed1e-da42-1975937205f9,ok,0,0,453,27.588,36,210,405,439,341
223,21726.297812657,21726.299231316,,3,GPU-46bf67bb-cb31-bee1-3cf0-c35337ba97d2,ok,0,0,453,27.345,39,210,405,390,341
223,21726.297812657,21726.298500776,,4,GPU-127e16de-2b5f-dde9-1932-b4e29bb818c0,ok,0,0,453,24.231,34,210,405,439,292
224,21727.297812657,21727.298754854,,0,GPU-9b96eb67-aeee-89d5-aa85-fc650af4e25c,ok,0,0,453,26.651,36,210,405,439,292
224,21727.297812657,21727.298587794,,1,GPU-37ffc98b-8551-c8a1-5f3c-27ade9ae735a,ok,37,17,1558,228.485,68,1935,9501,14990,77783
224,21727.297812657,21727.298780634,,2,GPU-5443d59d-561f-ed1e-da42-1975937205f9,ok,0,0,453,27.469,36,210,405,439,292
224,21727.297812657,21727.298495074,,3,GPU-46bf67bb-cb31-bee1-3cf0-c35337ba97d2,ok,0,0,453,27.228,39,210,405,439,341
224,21727.297812657,21727.298680214,,4,GPU-127e16de-2b5f-dde9-1932-b4e29bb818c0,ok,0,0,453,24.072,34,210,405,390,341
225,21728.297812657,21728.298665362,,0,GPU-9b96eb67-aeee-89d5-aa85-fc650af4e25c,ok,0,0,453,26.805,36,210,405,439,292
225,21728.297812657,21728.298633752,,1,GPU-37ffc98b-8551-c8a1-5f3c-27ade9ae735a,ok,38,17,1558,227.284,68,1935,9501,14794,78808
225,21728.297812657,21728.298722712,,2,GPU-5443d59d-561f-ed1e-da42-1975937205f9,ok,0,0,453,27.442,37,210,405,439,292
225,21728.297812657,21728.298754212,,3,GPU-46bf67bb-cb31-bee1-3cf0-c35337ba97d2,ok,0,0,453,27.281,39,210,405,439,292
225,21728.297812657,21728.298452472,,4,GPU-127e16de-2b5f-dde9-1932-b4e29bb818c0,ok,0,0,453,23.966,34,210,405,439,341
226,21729.297812657,21729.29870074,,0,GPU-9b96eb67-aeee-89d5-aa85-fc650af4e25c,ok,0,0,453,26.793,36,210,405,439,292
226,21729.297812657,21729.29868111,,1,GPU-37ffc98b-8551-c8a1-5f3c-27ade9ae735a,ok,36,17,1558,226.561,68,1935,9501,15185,77636
226,21729.297812657,21729.29865633,,2,GPU-5443d59d-561f-ed1e-da42-1975937205f9,ok,0,0,453,27.639,37,210,405,439,341
226,21729.297812657,21729.29859579,,3,GPU-46bf67bb-cb31-bee1-3cf0-c35337ba97d2,ok,0,0,453,27.472,39,210,405,439,292
226,21729.297812657,21729.29843883,,4,GPU-127e16de-2b5f-dde9-1932-b4e29bb818c0,ok,0,0,453,24.055,34,210,405,439,341
227,21730.297812657,21730.299177538,,0,GPU-9b96eb67-aeee-89d5-aa85-fc650af4e25c,ok,0,0,453,26.706,36,210,405,439,341
227,21730.297812657,21730.298513118,,1,GPU-37ffc98b-8551-c8a1-5f3c-27ade9ae735a,ok,41,19,1558,229.912,68,1935,9501,14697,77978
227,21730.297812657,21730.299242268,,2,GPU-5443d59d-561f-ed1e-da42-1975937205f9,ok,0,0,453,27.536,37,210,405,439,292
227,21730.297812657,21730.299192068,,3,GPU-46bf67bb-cb31-bee1-3cf0-c35337ba97d2,ok,0,0,453,27.443,39,210,405,439,292
227,21730.297812657,21730.298352218,,4,GPU-127e16de-2b5f-dde9-1932-b4e29bb818c0,ok,0,0,453,23.987,34,210,405,390,292
228,21731.297812657,21731.298573156,,0,GPU-9b96eb67-aeee-89d5-aa85-fc650af4e25c,ok,0,0,453,26.765,36,210,405,439,341
228,21731.297812657,21731.298698366,,1,GPU-37ffc98b-8551-c8a1-5f3c-27ade9ae735a,ok,41,19,1558,230.356,68,1935,9501,14990,78710
228,21731.297812657,21731.298670096,,2,GPU-5443d59d-561f-ed1e-da42-1975937205f9,ok,0,0,453,27.449,36,210,405,439,292
228,21731.297812657,21731.298737036,,3,GPU-46bf67bb-cb31-bee1-3cf0-c35337ba97d2,ok,0,0,453,27.503,39,210,405,439,341
228,21731.297812657,21731.298649896,,4,GPU-127e16de-2b5f-dde9-1932-b4e29bb818c0,ok,0,0,453,23.6,34,210,405,439,292
229,21732.297812657,21732.298679134,,0,GPU-9b96eb67-aeee-89d5-aa85-fc650af4e25c,ok,0,0,453,26.617,36,210,405,439,292
229,21732.297812657,21732.298401584,,1,GPU-37ffc98b-8551-c8a1-5f3c-27ade9ae735a,ok,42,19,1558,231.442,68,1935,9501,14746,77832
229,21732.297812657,21732.298718344,,2,GPU-5443d59d-561f-ed1e-da42-1975937205f9,ok,0,0,453,27.595,37,210,405,439,292
229,21732.297812657,21732.298578864,,3,GPU-46bf67bb-cb31-bee1-3cf0-c35337ba97d2,ok,0,0,453,27.672,40,210,405,439,341
229,21732.297812657,21732.298615194,,4,GPU-127e16de-2b5f-dde9-1932-b4e29bb818c0,ok,0,0,453,23.524,34,210,405,439,292
230,21733.297812657,21733.298668082,,0,GPU-9b96eb67-aeee-89d5-aa85-fc650af4e25c,ok,0,0,453,26.643,36,210,405,439,292
230,21733.297812657,21733.298535682,,1,GPU-37ffc98b-8551-c8a1-5f3c-27ade9ae735a,ok,45,22,1558,229.114,69,1935,9501,14794,78173
230,21733.297812657,21733.298583392,,2,GPU-5443d59d-561f-ed1e-da42-1975937205f9,ok,0,0,453,27.542,37,210,405,390,341
230,21733.297812657,21733.300122173,,3,GPU-46bf67bb-cb31-bee1-3cf0-c35337ba97d2,ok,0,0,453,27.452,40,210,405,439,341
230,21733.297812657,21733.298454642,,4,GPU-127e16de-2b5f-dde9-1932-b4e29bb818c0,ok,0,0,453,23.758,34,210,405,439,292
231,21734.297812657,21734.29896967,,0,GPU-9b96eb67-aeee-89d5-aa85-fc650af4e25c,ok,0,0,453,26.812,36,210,405,390,341
231,21734.297812657,21734.29852922,,1,GPU-37ffc98b-8551-c8a1-5f3c-27ade9ae735a,ok,40,18,1558,230.188,68,1935,9501,14599,77587
231,21734.297812657,21734.29865886,,2,GPU-5443d59d-561f-ed1e-da42-1975937205f9,ok,0,0,453,27.498,36,210,405,390,292
231,21734.297812657,21734.29869648,,3,GPU-46bf67bb-cb31-bee1-3cf0-c35337ba97d2,ok,0,0,453,27.407,39,210,405,439,341
231,21734.297812657,21734.29871161,,4,GPU-127e16de-2b5f-dde9-1932-b4e29bb818c0,ok,0,0,453,23.753,34,210,405,390,341
232,21735.297812657,21735.299129988,,0,GPU-9b96eb67-aeee-89d5-aa85-fc650af4e25c,ok,0,0,453,26.694,36,210,405,390,341
232,21735.297812657,21735.298552648,,1,GPU-37ffc98b-8551-c8a1-5f3c-27ade9ae735a,ok,33,14,1558,226.212,68,1935,9501,14746,78564
232,21735.297812657,21735.298634578,,2,GPU-5443d59d-561f-ed1e-da42-1975937205f9,ok,0,0,453,27.571,36,210,405,390,292
232,21735.297812657,21735.298606358,,3,GPU-46bf67bb-cb31-bee1-3cf0-c35337ba97d2,ok,0,0,453,27.543,39,210,405,390,341
232,21735.297812657,21735.298418418,,4,GPU-127e16de-2b5f-dde9-1932-b4e29bb818c0,ok,0,0,453,23.889,34,210,405,390,341
233,21736.297812657,21736.298693666,,0,GPU-9b96eb67-aeee-89d5-aa85-fc650af4e25c,ok,0,0,453,26.752,35,210,405,439,292
233,21736.297812657,21736.298728206,,1,GPU-37ffc98b-8551-c8a1-5f3c-27ade9ae735a,ok,34,15,1558,223.784,68,1935,9501,14990,77148
233,21736.297812657,21736.298459556,,2,GPU-5443d59d-561f-ed1e-da42-1975937205f9,ok,0,0,453,27.529,36,210,405,439,292
233,21736.297812657,21736.298742506,,3,GPU-46bf67bb-cb31-bee1-3cf0-c35337ba97d2,ok,0,0,453,27.28,39,210,405,439,341
233,21736.297812657,21736.298665906,,4,GPU-127e16de-2b5f-dde9-1932-b4e29bb818c0,ok,0,0,453,23.966,34,210,405,439,292
234,21737.297812657,21737.298621844,,0,GPU-9b96eb67-aeee-89d5-aa85-fc650af4e25c,ok,0,0,453,26.927,36,210,405,439,292
234,21737.297812657,21737.298421354,,1,GPU-37ffc98b-8551-c8a1-5f3c-27ade9ae735a,ok,33,15,1558,224.607,68,1935,9501,13769,72265
234,21737.297812657,21737.298753114,,2,GPU-5443d59d-561f-ed1e-da42-1975937205f9,ok,0,0,453,27.466,37,210,405,439,292
234,21737.297812657,21737.298714024,,3,GPU-46bf67bb-cb31-bee1-3cf0-c35337ba97d2,ok,0,0,453,27.213,39,210,405,439,292
234,21737.297812657,21737.298680104,,4,GPU-127e16de-2b5f-dde9-1932-b4e29bb818c0,ok,0,0,453,23.757,34,210,405,390,292
235,21738.297812657,21738.298328552,,0,GPU-9b96eb67-aeee-89d5-aa85-fc650af4e25c,ok,0,0,453,26.66,36,210,405,439,292
235,21738.297812657,21738.298561852,,1,GPU-37ffc98b-8551-c8a1-5f3c-27ade9ae735a,ok,36,15,1558,213.879,66,1845,9501,14257,73925
235,21738.297812657,21738.299734623,,2,GPU-5443d59d-561f-ed1e-da42-1975937205f9,ok,0,0,453,27.588,36,210,405,439,292
235,21738.297812657,21738.299763953,,3,GPU-46bf67bb-cb31-bee1-3cf0-c35337ba97d2,ok,0,0,453,27.312,40,210,405,390,292
235,21738.297812657,21738.298363972,,4,GPU-127e16de-2b5f-dde9-1932-b4e29bb818c0,ok,0,0,453,23.802,34,210,405,439,341
236,21739.297812657,21739.29850211,,0,GPU-9b96eb67-aeee-89d5-aa85-fc650af4e25c,ok,0,0,453,26.563,36,210,405,439,292
236,21739.297812657,21739.29867404,,1,GPU-37ffc98b-8551-c8a1-5f3c-27ade9ae735a,ok,36,16,1558,201.089,67,1935,9501,14257,73388
236,21739.297812657,21739.29863895,,2,GPU-5443d59d-561f-ed1e-da42-1975937205f9,ok,0,0,453,27.494,36,210,405,439,292
236,21739.297812657,21739.29869777,,3,GPU-46bf67bb-cb31-bee1-3cf0-c35337ba97d2,ok,0,0,453,27.108,40,210,405,439,292
236,21739.297812657,21739.29852995,,4,GPU-127e16de-2b5f-dde9-1932-b4e29bb818c0,ok,0,0,453,24.015,34,210,405,439,341
237,21740.297812657,21740.298743248,,0,GPU-9b96eb67-aeee-89d5-aa85-fc650af4e25c,ok,0,0,453,26.753,36,210,405,439,341
237,21740.297812657,21740.298521298,,1,GPU-37ffc98b-8551-c8a1-5f3c-27ade9ae735a,ok,37,16,1558,221.251,67,1935,9501,11621,72119
237,21740.297812657,21740.298486438,,2,GPU-5443d59d-561f-ed1e-da42-1975937205f9,ok,0,0,453,27.419,36,210,405,439,292
237,21740.297812657,21740.298675378,,3,GPU-46bf67bb-cb31-bee1-3cf0-c35337ba97d2,ok,0,0,453,27.246,40,210,405,439,341
237,21740.297812657,21740.298702248,,4,GPU-127e16de-2b5f-dde9-1932-b4e29bb818c0,ok,0,0,453,24.006,34,210,405,439,292
238,21741.297812657,21741.298489946,,0,GPU-9b96eb67-aeee-89d5-aa85-fc650af4e25c,ok,0,0,453,26.782,36,210,405,390,292
238,21741.297812657,21741.298708787,,1,GPU-37ffc98b-8551-c8a1-5f3c-27ade9ae735a,ok,38,16,1558,214.161,66,1860,9501,14062,73144
238,21741.297812657,21741.298588416,,2,GPU-5443d59d-561f-ed1e-da42-1975937205f9,ok,0,0,453,27.605,36,210,405,439,341
238,21741.297812657,21741.298672426,,3,GPU-46bf67bb-cb31-bee1-3cf0-c35337ba97d2,ok,0,0,453,27.467,39,210,405,439,292
238,21741.297812657,21741.298760027,,4,GPU-127e16de-2b5f-dde9-1932-b4e29bb818c0,ok,0,0,453,23.893,34,210,405,439,292
239,21742.297812657,21742.298483614,,0,GPU-9b96eb67-aeee-89d5-aa85-fc650af4e25c,ok,0,0,453,26.772,36,210,405,390,292
239,21742.297812657,21742.298579754,,1,GPU-37ffc98b-8551-c8a1-5f3c-27ade9ae735a,ok,39,17,1558,196.63,66,1830,9501,13964,74169
239,21742.297812657,21742.298776925,,2,GPU-5443d59d-561f-ed1e-da42-1975937205f9,ok,0,0,453,27.484,36,210,405,390,292
239,21742.297812657,21742.298738305,,3,GPU-46bf67bb-cb31-bee1-3cf0-c35337ba97d2,ok,0,0,453,27.194,39,210,405,390,292
239,21742.297812657,21742.298797165,,4,GPU-127e16de-2b5f-dde9-1932-b4e29bb818c0,ok,0,0,453,23.921,34,210,405,439,292
240,21743.297812657,21743.298657263,,0,GPU-9b96eb67-aeee-89d5-aa85-fc650af4e25c,ok,0,0,453,26.733,36,210,405,439,292
240,21743.297812657,21743.298403052,,1,GPU-37ffc98b-8551-c8a1-5f3c-27ade9ae735a,ok,38,17,1558,213.36,67,1935,9501,14501,76611
240,21743.297812657,21743.298553223,,2,GPU-5443d59d-561f-ed1e-da42-1975937205f9,ok,0,0,453,27.348,37,210,405,390,292
240,21743.297812657,21743.298901053,,3,GPU-46bf67bb-cb31-bee1-3cf0-c35337ba97d2,ok,0,0,453,27.283,40,210,405,390,292
240,21743.297812657,21743.298594953,,4,GPU-127e16de-2b5f-dde9-1932-b4e29bb818c0,ok,0,0,453,23.972,34,210,405,390,292
241,21744.297812657,21744.298723421,,0,GPU-9b96eb67-aeee-89d5-aa85-fc650af4e25c,ok,0,0,453,26.592,36,210,405,439,292
241,21744.297812657,21744.298667491,,1,GPU-37ffc98b-8551-c8a1-5f3c-27ade9ae735a,ok,39,18,1558,226.192,68,1935,9501,13964,73095
241,21744.297812657,21744.298694231,,2,GPU-5443d59d-561f-ed1e-da42-1975937205f9,ok,0,0,453,27.305,37,210,405,439,292
241,21744.297812657,21744.298608301,,3,GPU-46bf67bb-cb31-bee1-3cf0-c35337ba97d2,ok,0,0,453,27.577,40,210,405,390,341
241,21744.297812657,21744.298757491,,4,GPU-127e16de-2b5f-dde9-1932-b4e29bb818c0,ok,0,0,453,23.763,34,210,405,390,292
242,21745.297812657,21745.298632319,,0,GPU-9b96eb67-aeee-89d5-aa85-fc650af4e25c,ok,0,0,453,26.588,36,210,405,439,292
242,21745.297812657,21745.298544619,,1,GPU-37ffc98b-8551-c8a1-5f3c-27ade9ae735a,ok,39,18,1558,225.494,68,1935,9501,13916,73388
242,21745.297812657,21745.298608059,,2,GPU-5443d59d-561f-ed1e-da42-1975937205f9,ok,0,0,453,27.364,37,210,405,439,341
242,21745.297812657,21745.299079309,,3,GPU-46bf67bb-cb31-bee1-3cf0-c35337ba97d2,ok,0,0,453,27.464,40,210,405,439,292
242,21745.297812657,21745.298378768,,4,GPU-127e16de-2b5f-dde9-1932-b4e29bb818c0,ok,0,0,453,23.646,34,210,405,390,292
243,21746.297812657,21746.298772217,,0,GPU-9b96eb67-aeee-89d5-aa85-fc650af4e25c,ok,0,0,453,26.671,35,210,405,439,341
243,21746.297812657,21746.298798087,,1,GPU-37ffc98b-8551-c8a1-5f3c-27ade9ae735a,ok,42,20,1558,230.595,68,1935,9501,14648,74218
243,21746.297812657,21746.298730947,,2,GPU-5443d59d-561f-ed1e-da42-1975937205f9,ok,0,0,453,27.498,37,210,405,439,292
243,21746.297812657,21746.298696567,,3,GPU-46bf67bb-cb31-bee1-3cf0-c35337ba97d2,ok,0,0,453,27.614,40,210,405,439,292
243,21746.297812657,21746.298546917,,4,GPU-127e16de-2b5f-dde9-1932-b4e29bb818c0,ok,0,0,453,23.741,34,210,405,439,341
244,21747.297812657,21747.298517425,,0,GPU-9b96eb67-aeee-89d5-aa85-fc650af4e25c,ok,0,0,453,26.528,35,210,405,439,341
244,21747.297812657,21747.298662935,,1,GPU-37ffc98b-8551-c8a1-5f3c-27ade9ae735a,ok,41,18,1558,225.024,68,1935,9501,14062,72900
244,21747.297812657,21747.298545115,,2,GPU-5443d59d-561f-ed1e-da42-1975937205f9,ok,0,0,453,27.355,37,210,405,439,292
244,21747.297812657,21747.299805595,,3,GPU-46bf67bb-cb31-bee1-3cf0-c35337ba97d2,ok,0,0,453,27.7,40,210,405,439,341
244,21747.297812657,21747.298598995,,4,GPU-127e16de-2b5f-dde9-1932-b4e29bb818c0,ok,0,0,453,23.761,34,210,405,439,341
245,21748.297812657,21748.298713993,,0,GPU-9b96eb67-aeee-89d5-aa85-fc650af4e25c,ok,0,0,453,26.495,35,210,405,439,292
245,21748.297812657,21748.298743253,,1,GPU-37ffc98b-8551-c8a1-5f3c-27ade9ae735a,ok,41,18,1558,222.993,68,1920,9501,14550,74365
245,21748.297812657,21748.298623993,,2,GPU-5443d59d-561f-ed1e-da42-1975937205f9,ok,0,0,453,27.363,37,210,405,439,341
245,21748.297812657,21748.298677203,,3,GPU-46bf67bb-cb31-bee1-3cf0-c35337ba97d2,ok,0,0,453,27.312,40,210,405,439,341
245,21748.297812657,21748.298487893,,4,GPU-127e16de-2b5f-dde9-1932-b4e29bb818c0,ok,0,0,453,23.983,34,210,405,439,341
246,21749.297812657,21749.298523401,,0,GPU-9b96eb67-aeee-89d5-aa85-fc650af4e25c,ok,0,0,453,26.604,36,210,405,439,292
246,21749.297812657,21749.299715901,,1,GPU-37ffc98b-8551-c8a1-5f3c-27ade9ae735a,ok,45,21,1558,212.273,67,1935,9501,15429,77978
246,21749.297812657,21749.299075641,,2,GPU-5443d59d-561f-ed1e-da42-1975937205f9,ok,0,0,453,27.435,36,210,405,439,341
246,21749.297812657,21749.298343361,,3,GPU-46bf67bb-cb31-bee1-3cf0-c35337ba97d2,ok,0,0,453,27.137,40,210,405,439,341
246,21749.297812657,21749.298588201,,4,GPU-127e16de-2b5f-dde9-1932-b4e29bb818c0,ok,0,0,453,24.115,34,210,405,439,292
247,21750.297812657,21750.298729839,,0,GPU-9b96eb67-aeee-89d5-aa85-fc650af4e25c,ok,0,0,453,26.439,36,210,405,439,292
247,21750.297812657,21750.298754729,,1,GPU-37ffc98b-8551-c8a1-5f3c-27ade9ae735a,ok,40,18,1558,225.945,68,1935,9501,15283,77587
247,21750.297812657,21750.298440159,,2,GPU-5443d59d-561f-ed1e-da42-1975937205f9,ok,0,0,453,27.334,36,210,405,390,292
247,21750.297812657,21750.298590889,,3,GPU-46bf67bb-cb31-bee1-3cf0-c35337ba97d2,ok,0,0,453,27.283,39,210,405,439,292
247,21750.297812657,21750.298689269,,4,GPU-127e16de-2b5f-dde9-1932-b4e29bb818c0,ok,0,0,453,23.916,34,210,405,439,292
248,21751.297812657,21751.298998017,,0,GPU-9b96eb67-aeee-89d5-aa85-fc650af4e25c,ok,0,0,453,26.387,36,210,405,390,292
248,21751.297812657,21751.299098447,,1,GPU-37ffc98b-8551-c8a1-5f3c-27ade9ae735a,ok,34,15,1558,226.1,68,1935,9501,14501,73242
248,21751.297812657,21751.298272047,,2,GPU-5443d59d-561f-ed1e-da42-1975937205f9,ok,0,0,453,27.495,37,210,405,390,292
248,21751.297812657,21751.299131647,,3,GPU-46bf67bb-cb31-bee1-3cf0-c35337ba97d2,ok,0,0,453,27.235,39,210,405,439,341
248,21751.297812657,21751.298477187,,4,GPU-127e16de-2b5f-dde9-1932-b4e29bb818c0,ok,0,0,453,23.93,34,210,405,439,292
249,21752.297812657,21752.298614305,,0,GPU-9b96eb67-aeee-89d5-aa85-fc650af4e25c,ok,0,0,453,26.578,35,210,405,390,341
249,21752.297812657,21752.299641675,,1,GPU-37ffc98b-8551-c8a1-5f3c-27ade9ae735a,ok,34,15,1558,223.863,68,1935,9501,15380,77587
249,21752.297812657,21752.298651235,,2,GPU-5443d59d-561f-ed1e-da42-1975937205f9,ok,0,0,453,27.732,37,210,405,390,341
249,21752.297812657,21752.298450135,,3,GPU-46bf67bb-cb31-bee1-3cf0-c35337ba97d2,ok,0,0,453,27.235,40,210,405,439,341
249,21752.297812657,21752.298330265,,4,GPU-127e16de-2b5f-dde9-1932-b4e29bb818c0,ok,0,0,453,24.046,34,210,405,439,341
250,21753.297812657,21753.298702453,,0,GPU-9b96eb67-aeee-89d5-aa85-fc650af4e25c,ok,0,0,453,26.564,35,210,405,439,292
250,21753.297812657,21753.298479803,,1,GPU-37ffc98b-8551-c8a1-5f3c-27ade9ae735a,ok,36,16,1558,224.904,67,1935,9501,14160,74316
250,21753.297812657,21753.298440913,,2,GPU-5443d59d-561f-ed1e-da42-1975937205f9,ok,0,0,453,27.608,37,210,405,390,292
250,21753.297812657,21753.298667103,,3,GPU-46bf67bb-cb31-bee1-3cf0-c35337ba97d2,ok,0,0,453,27.272,40,210,405,390,341
250,21753.297812657,21753.299334913,,4,GPU-127e16de-2b5f-dde9-1932-b4e29bb818c0,ok,0,0,453,23.93,34,210,405,439,341
251,21754.297812657,21754.298768081,,0,GPU-9b96eb67-aeee-89d5-aa85-fc650af4e25c,ok,0,0,453,26.585,36,210,405,439,341
251,21754.297812657,21754.298755731,,1,GPU-37ffc98b-8551-c8a1-5f3c-27ade9ae735a,ok,37,16,1558,224.98,68,1935,9501,14208,73632
251,21754.297812657,21754.298720091,,2,GPU-5443d59d-561f-ed1e-da42-1975937205f9,ok,0,0,453,27.556,37,210,405,390,292
251,21754.297812657,21754.298675471,,3,GPU-46bf67bb-cb31-bee1-3cf0-c35337ba97d2,ok,0,0,453,27.283,40,210,405,439,292
251,21754.297812657,21754.298629111,,4,GPU-127e16de-2b5f-dde9-1932-b4e29bb818c0,ok,0,0,453,23.816,34,210,405,439,341
252,21755.297812657,21755.298899049,,0,GPU-9b96eb67-aeee-89d5-aa85-fc650af4e25c,ok,0,0,453,26.738,36,210,405,439,292
252,21755.297812657,21755.298813869,,1,GPU-37ffc98b-8551-c8a1-5f3c-27ade9ae735a,ok,37,16,1558,225.013,68,1935,9501,14208,60839
252,21755.297812657,21755.298842259,,2,GPU-5443d59d-561f-ed1e-da42-1975937205f9,ok,0,0,453,27.707,37,210,405,390,292
252,21755.297812657,21755.298731509,,3,GPU-46bf67bb-cb31-bee1-3cf0-c35337ba97d2,ok,0,0,453,27.45,40,210,405,439,292
252,21755.297812657,21755.298881299,,4,GPU-127e16de-2b5f-dde9-1932-b4e29bb818c0,ok,0,0,453,24.026,34,210,405,439,341
253,21756.297812657,21756.298657147,,0,GPU-9b96eb67-aeee-89d5-aa85-fc650af4e25c,ok,0,0,453,26.573,36,210,405,439,292
253,21756.297812657,21756.299107867,,1,GPU-37ffc98b-8551-c8a1-5f3c-27ade9ae735a,ok,37,17,1558,225.542,68,1935,9501,14892,74414
253,21756.297812657,21756.298331097,,2,GPU-5443d59d-561f-ed1e-da42-1975937205f9,ok,0,0,453,27.617,37,210,405,439,341
253,21756.297812657,21756.298627347,,3,GPU-46bf67bb-cb31-bee1-3cf0-c35337ba97d2,ok,0,0,453,27.334,40,210,405,439,341
253,21756.297812657,21756.299088297,,4,GPU-127e16de-2b5f-dde9-1932-b4e29bb818c0,ok,0,0,453,24.122,34,210,405,439,341
254,21757.297812657,21757.298766555,,0,GPU-9b96eb67-aeee-89d5-aa85-fc650af4e25c,ok,0,0,453,26.559,36,210,405,439,341
254,21757.297812657,21757.298494565,,1,GPU-37ffc98b-8551-c8a1-5f3c-27ade9ae735a,ok,38,17,1558,225.499,68,1935,9501,14501,76220
254,21757.297812657,21757.298692075,,2,GPU-5443d59d-561f-ed1e-da42-1975937205f9,ok,0,0,453,27.58,37,210,405,390,292
254,21757.297812657,21757.298671755,,3,GPU-46bf67bb-cb31-bee1-3cf0-c35337ba97d2,ok,0,0,453,27.438,40,210,405,439,341
254,21757.297812657,21757.298621495,,4,GPU-127e16de-2b5f-dde9-1932-b4e29bb818c0,ok,0,0,453,23.986,34,210,405,439,341
255,21758.297812657,21758.299058853,,0,GPU-9b96eb67-aeee-89d5-aa85-fc650af4e25c,ok,0,0,453,26.725,36,210,405,390,341
255,21758.297812657,21758.299149113,,1,GPU-37ffc98b-8551-c8a1-5f3c-27ade9ae735a,ok,40,18,1558,227.653,68,1935,9501,14599,74316
255,21758.297812657,21758.299128143,,2,GPU-5443d59d-561f-ed1e-da42-1975937205f9,ok,0,0,453,27.543,37,210,405,439,341
255,21758.297812657,21758.298280593,,3,GPU-46bf67bb-cb31-bee1-3cf0-c35337ba97d2,ok,0,0,453,27.717,40,210,405,439,292
255,21758.297812657,21758.298447643,,4,GPU-127e16de-2b5f-dde9-1932-b4e29bb818c0,ok,0,0,453,23.673,34,210,405,439,341
256,21759.297812657,21759.298535411,,0,GPU-9b96eb67-aeee-89d5-aa85-fc650af4e25c,ok,0,0,453,26.585,36,210,405,390,292
256,21759.297812657,21759.298430241,,1,GPU-37ffc98b-8551-c8a1-5f3c-27ade9ae735a,ok,39,18,1558,228.514,68,1935,9501,13867,72656
256,21759.297812657,21759.298628481,,2,GPU-5443d59d-561f-ed1e-da42-1975937205f9,ok,0,0,453,27.183,37,210,405,439,292
256,21759.297812657,21759.298614341,,3,GPU-46bf67bb-cb31-bee1-3cf0-c35337ba97d2,ok,0,0,453,27.651,40,210,405,390,292
256,21759.297812657,21759.298814691,,4,GPU-127e16de-2b5f-dde9-1932-b4e29bb818c0,ok,0,0,453,23.609,34,210,405,439,292
257,21760.297812657,21760.298774669,,0,GPU-9b96eb67-aeee-89d5-aa85-fc650af4e25c,ok,0,0,453,26.647,36,210,405,439,292
257,21760.297812657,21760.298714259,,1,GPU-37ffc98b-8551-c8a1-5f3c-27ade9ae735a,ok,42,19,1558,221.18,67,1935,9501,14404,74658
257,21760.297812657,21760.298640209,,2,GPU-5443d59d-561f-ed1e-da42-1975937205f9,ok,0,0,453,27.181,36,210,405,439,292
257,21760.297812657,21760.298741799,,3,GPU-46bf67bb-cb31-bee1-3cf0-c35337ba97d2,ok,0,0,453,27.593,40,210,405,439,292
257,21760.297812657,21760.298668899,,4,GPU-127e16de-2b5f-dde9-1932-b4e29bb818c0,ok,0,0,453,23.777,34,210,405,439,341
258,21761.297812657,21761.298624627,,0,GPU-9b96eb67-aeee-89d5-aa85-fc650af4e25c,ok,0,0,453,26.848,36,210,405,439,292
258,21761.297812657,21761.299158897,,1,GPU-37ffc98b-8551-c8a1-5f3c-27ade9ae735a,ok,41,19,1558,228.247,68,1935,9501,14599,74121
258,21761.297812657,21761.298459577,,2,GPU-5443d59d-561f-ed1e-da42-1975937205f9,ok,0,0,453,27.371,37,210,405,439,292
258,21761.297812657,21761.298596047,,3,GPU-46bf67bb-cb31-bee1-3cf0-c35337ba97d2,ok,0,0,453,27.719,40,210,405,439,341
258,21761.297812657,21761.298663537,,4,GPU-127e16de-2b5f-dde9-1932-b4e29bb818c0,ok,0,0,453,23.678,34,210,405,390,292
259,21762.297812657,21762.298666975,,0,GPU-9b96eb67-aeee-89d5-aa85-fc650af4e25c,ok,0,0,453,26.713,36,210,405,439,292
259,21762.297812657,21762.301016446,,1,GPU-37ffc98b-8551-c8a1-5f3c-27ade9ae735a,ok,41,19,1558,228.343,68,1920,9501,14746,74365
259,21762.297812657,21762.298463525,,2,GPU-5443d59d-561f-ed1e-da42-1975937205f9,ok,0,0,453,27.193,37,210,405,439,292
259,21762.297812657,21762.298626135,,3,GPU-46bf67bb-cb31-bee1-3cf0-c35337ba97d2,ok,0,0,453,27.558,40,210,405,439,341
259,21762.297812657,21762.298546745,,4,GPU-127e16de-2b5f-dde9-1932-b4e29bb818c0,ok,0,0,453,23.67,34,210,405,439,341
260,21763.297812657,21763.298682243,,0,GPU-9b96eb67-aeee-89d5-aa85-fc650af4e25c,ok,0,0,453,26.653,36,210,405,439,341
260,21763.297812657,21763.298735333,,1,GPU-37ffc98b-8551-c8a1-5f3c-27ade9ae735a,ok,45,20,1558,228.785,68,1935,9501,15234,77587
260,21763.297812657,21763.298481153,,2,GPU-5443d59d-561f-ed1e-da42-1975937205f9,ok,0,0,453,27.099,37,210,405,439,292
260,21763.297812657,21763.298703203,,3,GPU-46bf67bb-cb31-bee1-3cf0-c35337ba97d2,ok,0,0,453,27.427,40,210,405,439,292
260,21763.297812657,21763.298444783,,4,GPU-127e16de-2b5f-dde9-1932-b4e29bb818c0,ok,0,0,453,23.748,34,210,405,439,292
261,21764.297812657,21764.298697281,,0,GPU-9b96eb67-aeee-89d5-aa85-fc650af4e25c,ok,0,0,453,26.716,36,210,405,390,341
261,21764.297812657,21764.298649421,,1,GPU-37ffc98b-8551-c8a1-5f3c-27ade9ae735a,ok,42,20,1558,228.023,68,1935,9501,14306,76562
261,21764.297812657,21764.298730871,,2,GPU-5443d59d-561f-ed1e-da42-1975937205f9,ok,0,0,453,27.235,37,210,405,439,292
261,21764.297812657,21764.298604201,,3,GPU-46bf67bb-cb31-bee1-3cf0-c35337ba97d2,ok,0,0,453,27.508,40,210,405,390,292
261,21764.297812657,21764.298519311,,4,GPU-127e16de-2b5f-dde9-1932-b4e29bb818c0,ok,0,0,453,23.766,34,210,405,439,292
262,21765.297812657,21765.298273429,,0,GPU-9b96eb67-aeee-89d5-aa85-fc650af4e25c,ok,0,0,453,26.544,36,210,405,439,341
262,21765.297812657,21765.298483629,,1,GPU-37ffc98b-8551-c8a1-5f3c-27ade9ae735a,ok,34,15,1558,229.872,68,1935,9501,14697,78417
262,21765.297812657,21765.299026859,,2,GPU-5443d59d-561f-ed1e-da42-1975937205f9,ok,0,0,453,27.21,37,210,405,439,292
262,21765.297812657,21765.298519029,,3,GPU-46bf67bb-cb31-bee1-3cf0-c35337ba97d2,ok,0,0,453,27.45,40,210,405,439,292
262,21765.297812657,21765.299078459,,4,GPU-127e16de-2b5f-dde9-1932-b4e29bb818c0,ok,0,0,453,23.763,34,210,405,439,292
263,21766.297812657,21766.298709507,,0,GPU-9b96eb67-aeee-89d5-aa85-fc650af4e25c,ok,0,0,453,26.558,36,210,405,390,292
263,21766.297812657,21766.298666807,,1,GPU-37ffc98b-8551-c8a1-5f3c-27ade9ae735a,ok,37,16,1558,224.708,68,1935,9501,15185,78857
263,21766.297812657,21766.298600957,,2,GPU-5443d59d-561f-ed1e-da42-1975937205f9,ok,0,0,453,27.157,37,210,405,390,341
263,21766.297812657,21766.298436207,,3,GPU-46bf67bb-cb31-bee1-3cf0-c35337ba97d2,ok,0,0,453,27.494,40,210,405,439,292
263,21766.297812657,21766.298761977,,4,GPU-127e16de-2b5f-dde9-1932-b4e29bb818c0,ok,0,0,453,23.843,34,210,405,439,292
264,21767.297812657,21767.298844515,,0,GPU-9b96eb67-aeee-89d5-aa85-fc650af4e25c,ok,0,0,453,26.64,36,210,405,390,292
264,21767.297812657,21767.298822555,,1,GPU-37ffc98b-8551-c8a1-5f3c-27ade9ae735a,ok,37,16,1558,229.264,68,1935,9501,15429,77490
264,21767.297812657,21767.298510075,,2,GPU-5443d59d-561f-ed1e-da42-1975937205f9,ok,0,0,453,27.264,37,210,405,439,292
264,21767.297812657,21767.298784775,,3,GPU-46bf67bb-cb31-bee1-3cf0-c35337ba97d2,ok,0,0,453,27.661,40,210,405,439,292
264,21767.297812657,21767.298691565,,4,GPU-127e16de-2b5f-dde9-1932-b4e29bb818c0,ok,0,0,453,23.804,34,210,405,439,292
265,21768.297812657,21768.298644593,,0,GPU-9b96eb67-aeee-89d5-aa85-fc650af4e25c,ok,0,0,453,26.529,36,210,405,439,292
265,21768.297812657,21768.298521583,,1,GPU-37ffc98b-8551-c8a1-5f3c-27ade9ae735a,ok,35,15,1558,227.356,68,1935,9501,13964,72705
265,21768.297812657,21768.298710803,,2,GPU-5443d59d-561f-ed1e-da42-1975937205f9,ok,0,0,453,27.172,37,210,405,439,292
265,21768.297812657,21768.298780253,,3,GPU-46bf67bb-cb31-bee1-3cf0-c35337ba97d2,ok,0,0,453,27.562,40,210,405,439,292
265,21768.297812657,21768.298665583,,4,GPU-127e16de-2b5f-dde9-1932-b4e29bb818c0,ok,0,0,453,23.841,34,210,405,439,292
266,21769.297812657,21769.299234211,,0,GPU-9b96eb67-aeee-89d5-aa85-fc650af4e25c,ok,0,0,453,26.607,36,210,405,439,292
266,21769.297812657,21769.299207831,,1,GPU-37ffc98b-8551-c8a1-5f3c-27ade9ae735a,ok,37,16,1558,223.942,68,1935,9501,14990,77832
266,21769.297812657,21769.299169471,,2,GPU-5443d59d-561f-ed1e-da42-1975937205f9,ok,0,0,453,27.26,37,210,405,439,341
266,21769.297812657,21769.299267711,,3,GPU-46bf67bb-cb31-bee1-3cf0-c35337ba97d2,ok,0,0,453,27.455,40,210,405,439,292
266,21769.297812657,21769.298226451,,4,GPU-127e16de-2b5f-dde9-1932-b4e29bb818c0,ok,0,0,453,24.01,34,210,405,390,292
267,21770.297812657,21770.298572749,,0,GPU-9b96eb67-aeee-89d5-aa85-fc650af4e25c,ok,0,0,453,26.674,36,210,405,390,292
267,21770.297812657,21770.299123089,,1,GPU-37ffc98b-8551-c8a1-5f3c-27ade9ae735a,ok,37,16,1558,227.556,68,1935,9501,14746,48242
267,21770.297812657,21770.298531859,,2,GPU-5443d59d-561f-ed1e-da42-1975937205f9,ok,0,0,453,27.47,37,210,405,439,292
267,21770.297812657,21770.298325379,,3,GPU-46bf67bb-cb31-bee1-3cf0-c35337ba97d2,ok,0,0,453,27.586,40,210,405,439,341
267,21770.297812657,21770.299080829,,4,GPU-127e16de-2b5f-dde9-1932-b4e29bb818c0,ok,0,0,453,23.854,34,210,405,439,341
268,21771.297812657,21771.298599147,,0,GPU-9b96eb67-aeee-89d5-aa85-fc650af4e25c,ok,0,0,453,26.806,35,210,405,439,292
268,21771.297812657,21771.298726067,,1,GPU-37ffc98b-8551-c8a1-5f3c-27ade9ae735a,ok,41,18,1558,228.462,68,1935,9501,15625,78466
268,21771.297812657,21771.298709227,,2,GPU-5443d59d-561f-ed1e-da42-1975937205f9,ok,0,0,453,27.327,37,210,405,439,292
268,21771.297812657,21771.298543127,,3,GPU-46bf67bb-cb31-bee1-3cf0-c35337ba97d2,ok,0,0,453,27.569,40,210,405,439,341
268,21771.297812657,21771.298570037,,4,GPU-127e16de-2b5f-dde9-1932-b4e29bb818c0,ok,0,0,453,23.818,34,210,405,439,341
269,21772.297812657,21772.298487785,,0,GPU-9b96eb67-aeee-89d5-aa85-fc650af4e25c,ok,0,0,453,26.947,36,210,405,390,341
269,21772.297812657,21772.298364735,,1,GPU-37ffc98b-8551-c8a1-5f3c-27ade9ae735a,ok,36,16,1558,228.18,68,1935,9501,14599,77490
269,21772.297812657,21772.298891025,,2,GPU-5443d59d-561f-ed1e-da42-1975937205f9,ok,0,0,453,27.275,36,210,405,439,341
269,21772.297812657,21772.298515225,,3,GPU-46bf67bb-cb31-bee1-3cf0-c35337ba97d2,ok,0,0,453,27.622,40,210,405,439,292
269,21772.297812657,21772.298859305,,4,GPU-127e16de-2b5f-dde9-1932-b4e29bb818c0,ok,0,0,453,23.932,34,210,405,439,292
270,21773.297812657,21773.299207793,,0,GPU-9b96eb67-aeee-89d5-aa85-fc650af4e25c,ok,0,0,453,26.816,36,210,405,439,292
270,21773.297812657,21773.298601363,,1,GPU-37ffc98b-8551-c8a1-5f3c-27ade9ae735a,ok,38,17,1558,224.728,68,1935,9501,14794,78222
270,21773.297812657,21773.298505483,,2,GPU-5443d59d-561f-ed1e-da42-1975937205f9,ok,0,0,453,27.332,37,210,405,439,292
270,21773.297812657,21773.298690753,,3,GPU-46bf67bb-cb31-bee1-3cf0-c35337ba97d2,ok,0,0,453,27.631,40,210,405,439,292
270,21773.297812657,21773.298631803,,4,GPU-127e16de-2b5f-dde9-1932-b4e29bb818c0,ok,0,0,453,23.963,34,210,405,439,292
271,21774.297812657,21774.298402481,,0,GPU-9b96eb67-aeee-89d5-aa85-fc650af4e25c,ok,0,0,453,26.758,36,210,405,439,292
271,21774.297812657,21774.298657091,,1,GPU-37ffc98b-8551-c8a1-5f3c-27ade9ae735a,ok,38,17,1558,225.612,68,1935,9501,14746,78320
271,21774.297812657,21774.298714111,,2,GPU-5443d59d-561f-ed1e-da42-1975937205f9,ok,0,0,453,27.29,37,210,405,439,292
271,21774.297812657,21774.299127481,,3,GPU-46bf67bb-cb31-bee1-3cf0-c35337ba97d2,ok,0,0,453,27.388,40,210,405,439,341
271,21774.297812657,21774.298751111,,4,GPU-127e16de-2b5f-dde9-1932-b4e29bb818c0,ok,0,0,453,23.901,34,210,405,488,292
272,21775.297812657,21775.299205139,,0,GPU-9b96eb67-aeee-89d5-aa85-fc650af4e25c,ok,0,0,453,26.843,36,210,405,439,292
272,21775.297812657,21775.298656649,,1,GPU-37ffc98b-8551-c8a1-5f3c-27ade9ae735a,ok,38,18,1558,225.989,68,1935,9501,13964,72021
272,21775.297812657,21775.298630859,,2,GPU-5443d59d-561f-ed1e-da42-1975937205f9,ok,0,0,453,27.393,36,210,405,439,341
272,21775.297812657,21775.298593189,,3,GPU-46bf67bb-cb31-bee1-3cf0-c35337ba97d2,ok,0,0,453,27.417,40,210,405,439,341
272,21775.297812657,21775.298476169,,4,GPU-127e16de-2b5f-dde9-1932-b4e29bb818c0,ok,0,0,453,23.762,34,210,405,439,292
273,21776.297812657,21776.298374587,,0,GPU-9b96eb67-aeee-89d5-aa85-fc650af4e25c,ok,0,0,453,26.682,36,210,405,390,292
273,21776.297812657,21776.298606087,,1,GPU-37ffc98b-8551-c8a1-5f3c-27ade9ae735a,ok,38,17,1558,223.854,68,1935,9501,15087,77636
273,21776.297812657,21776.298626357,,2,GPU-5443d59d-561f-ed1e-da42-1975937205f9,ok,0,0,453,27.429,37,210,405,439,292
273,21776.297812657,21776.299089277,,3,GPU-46bf67bb-cb31-bee1-3cf0-c35337ba97d2,ok,0,0,453,27.604,40,210,405,439,292
273,21776.297812657,21776.298518257,,4,GPU-127e16de-2b5f-dde9-1932-b4e29bb818c0,ok,0,0,453,23.789,34,210,405,439,341
274,21777.297812657,21777.298617225,,0,GPU-9b96eb67-aeee-89d5-aa85-fc650af4e25c,ok,0,0,453,26.661,36,210,405,439,292
274,21777.297812657,21777.298656855,,1,GPU-37ffc98b-8551-c8a1-5f3c-27ade9ae735a,ok,41,19,1558,230.223,68,1935,9501,15039,77490
274,21777.297812657,21777.298441825,,2,GPU-5443d59d-561f-ed1e-da42-1975937205f9,ok,0,0,453,27.232,37,210,405,439,292
274,21777.297812657,21777.298732375,,3,GPU-46bf67bb-cb31-bee1-3cf0-c35337ba97d2,ok,0,0,453,27.517,40,210,405,439,292
274,21777.297812657,21777.298587815,,4,GPU-127e16de-2b5f-dde9-1932-b4e29bb818c0,ok,0,0,453,23.926,34,210,405,439,341
275,21778.297812657,21778.298499303,,0,GPU-9b96eb67-aeee-89d5-aa85-fc650af4e25c,ok,0,0,453,26.818,36,210,405,390,292
275,21778.297812657,21778.298582463,,1,GPU-37ffc98b-8551-c8a1-5f3c-27ade9ae735a,ok,40,18,1558,227.762,68,1935,9501,14941,78759
275,21778.297812657,21778.298779653,,2,GPU-5443d59d-561f-ed1e-da42-1975937205f9,ok,0,0,453,27.265,37,210,405,439,292
275,21778.297812657,21778.298544583,,3,GPU-46bf67bb-cb31-bee1-3cf0-c35337ba97d2,ok,0,0,453,27.525,40,210,405,439,292
275,21778.297812657,21778.298725893,,4,GPU-127e16de-2b5f-dde9-1932-b4e29bb818c0,ok,0,0,453,23.936,34,210,405,439,341
276,21779.297812657,21779.299516512,,0,GPU-9b96eb67-aeee-89d5-aa85-fc650af4e25c,ok,0,0,453,26.634,36,210,405,439,292
276,21779.297812657,21779.298373701,,1,GPU-37ffc98b-8551-c8a1-5f3c-27ade9ae735a,ok,34,15,1558,227.451,68,1935,9501,14697,77148
276,21779.297812657,21779.298539391,,2,GPU-5443d59d-561f-ed1e-da42-1975937205f9,ok,0,0,453,27.476,37,210,405,439,292
276,21779.297812657,21779.298447961,,3,GPU-46bf67bb-cb31-bee1-3cf0-c35337ba97d2,ok,0,0,453,27.624,40,210,405,390,292
276,21779.297812657,21779.299481112,,4,GPU-127e16de-2b5f-dde9-1932-b4e29bb818c0,ok,0,0,453,23.818,34,210,405,439,341
277,21780.297812657,21780.298706629,,0,GPU-9b96eb67-aeee-89d5-aa85-fc650af4e25c,ok,0,0,453,26.501,36,210,405,439,292
277,21780.297812657,21780.298745369,,1,GPU-37ffc98b-8551-c8a1-5f3c-27ade9ae735a,ok,35,15,1558,225.515,68,1935,9501,15673,78564
277,21780.297812657,21780.298665689,,2,GPU-5443d59d-561f-ed1e-da42-1975937205f9,ok,0,0,453,27.402,37,210,405,439,292
277,21780.297812657,21780.298525749,,3,GPU-46bf67bb-cb31-bee1-3cf0-c35337ba97d2,ok,0,0,453,27.471,40,210,405,439,341
277,21780.297812657,21780.298620169,,4,GPU-127e16de-2b5f-dde9-1932-b4e29bb818c0,ok,0,0,453,23.942,34,210,405,390,292
278,21781.297812657,21781.298686957,,0,GPU-9b96eb67-aeee-89d5-aa85-fc650af4e25c,ok,0,0,453,26.522,36,210,405,439,292
278,21781.297812657,21781.298775267,,1,GPU-37ffc98b-8551-c8a1-5f3c-27ade9ae735a,ok,37,16,1558,226.482,68,1935,9501,15625,78613
278,21781.297812657,21781.298594337,,2,GPU-5443d59d-561f-ed1e-da42-1975937205f9,ok,0,0,453,27.424,37,210,405,390,292
278,21781.297812657,21781.298748547,,3,GPU-46bf67bb-cb31-bee1-3cf0-c35337ba97d2,ok,0,0,453,27.483,40,210,405,439,341
278,21781.297812657,21781.298551817,,4,GPU-127e16de-2b5f-dde9-1932-b4e29bb818c0,ok,0,0,453,24.046,34,210,405,439,292
279,21782.297812657,21782.299017376,,0,GPU-9b96eb67-aeee-89d5-aa85-fc650af4e25c,ok,0,0,453,26.346,36,210,405,439,341
279,21782.297812657,21782.298347325,,1,GPU-37ffc98b-8551-c8a1-5f3c-27ade9ae735a,ok,35,15,1558,227.067,67,1935,9501,13818,72607
279,21782.297812657,21782.298914036,,2,GPU-5443d59d-561f-ed1e-da42-1975937205f9,ok,0,0,453,27.409,37,210,405,390,341
279,21782.297812657,21782.298491665,,3,GPU-46bf67bb-cb31-bee1-3cf0-c35337ba97d2,ok,0,0,453,27.636,40,210,405,390,341
279,21782.297812657,21782.298975916,,4,GPU-127e16de-2b5f-dde9-1932-b4e29bb818c0,ok,0,0,453,24.044,34,210,405,439,292
280,21783.297812657,21783.298637343,,0,GPU-9b96eb67-aeee-89d5-aa85-fc650af4e25c,ok,0,0,453,26.274,36,210,405,390,292
280,21783.297812657,21783.298263813,,1,GPU-37ffc98b-8551-c8a1-5f3c-27ade9ae735a,ok,37,16,1558,222.791,67,1935,9501,14697,78417
280,21783.297812657,21783.298408813,,2,GPU-5443d59d-561f-ed1e-da42-1975937205f9,ok,0,0,453,27.354,37,210,405,439,292
280,21783.297812657,21783.299211774,,3,GPU-46bf67bb-cb31-bee1-3cf0-c35337ba97d2,ok,0,0,453,27.42,40,210,405,439,341
280,21783.297812657,21783.298520333,,4,GPU-127e16de-2b5f-dde9-1932-b4e29bb818c0,ok,0,0,453,24.058,34,210,405,439,292
281,21784.297812657,21784.299176732,,0,GPU-9b96eb67-aeee-89d5-aa85-fc650af4e25c,ok,0,0,453,26.438,36,210,405,439,292
281,21784.297812657,21784.298556851,,1,GPU-37ffc98b-8551-c8a1-5f3c-27ade9ae735a,ok,36,16,1558,225.048,67,1935,9501,14257,73681
281,21784.297812657,21784.298467371,,2,GPU-5443d59d-561f-ed1e-da42-1975937205f9,ok,0,0,453,27.4,37,210,405,439,292
281,21784.297812657,21784.298619331,,3,GPU-46bf67bb-cb31-bee1-3cf0-c35337ba97d2,ok,0,0,453,27.397,40,210,405,439,341
281,21784.297812657,21784.298528831,,4,GPU-127e16de-2b5f-dde9-1932-b4e29bb818c0,ok,0,0,453,23.928,34,210,405,439,292
282,21785.297812657,21785.298264369,,0,GPU-9b96eb67-aeee-89d5-aa85-fc650af4e25c,ok,0,0,453,26.396,36,210,405,390,341
282,21785.297812657,21785.29914192,,1,GPU-37ffc98b-8551-c8a1-5f3c-27ade9ae735a,ok,38,17,1558,224.159,67,1935,9501,15722,65966
282,21785.297812657,21785.298470809,,2,GPU-5443d59d-561f-ed1e-da42-1975937205f9,ok,0,0,453,27.26,37,210,405,439,292
282,21785.297812657,21785.29911443,,3,GPU-46bf67bb-cb31-bee1-3cf0-c35337ba97d2,ok,0,0,453,27.546,40,210,405,390,292
282,21785.297812657,21785.29898479,,4,GPU-127e16de-2b5f-dde9-1932-b4e29bb818c0,ok,0,0,453,24.0,34,210,405,439,341
283,21786.297812657,21786.298442857,,0,GPU-9b96eb67-aeee-89d5-aa85-fc650af4e25c,ok,0,0,453,26.44,36,210,405,439,292
283,21786.297812657,21786.299157708,,1,GPU-37ffc98b-8551-c8a1-5f3c-27ade9ae735a,ok,40,18,1558,229.787,68,1935,9501,14550,72705
283,21786.297812657,21786.298697388,,2,GPU-5443d59d-561f-ed1e-da42-1975937205f9,ok,0,0,453,27.288,37,210,405,439,292
283,21786.297812657,21786.298574498,,3,GPU-46bf67bb-cb31-bee1-3cf0-c35337ba97d2,ok,0,0,453,27.432,40,210,405,390,292
283,21786.297812657,21786.298625498,,4,GPU-127e16de-2b5f-dde9-1932-b4e29bb818c0,ok,0,0,453,24.131,34,210,405,439,341
284,21787.297812657,21787.298482916,,0,GPU-9b96eb67-aeee-89d5-aa85-fc650af4e25c,ok,0,0,453,26.54,36,210,405,488,292
284,21787.297812657,21787.298559886,,1,GPU-37ffc98b-8551-c8a1-5f3c-27ade9ae735a,ok,38,17,1558,224.626,67,1935,9501,13720,72656
284,21787.297812657,21787.298609026,,2,GPU-5443d59d-561f-ed1e-da42-1975937205f9,ok,0,0,453,27.408,37,210,405,439,292
284,21787.297812657,21787.298682176,,3,GPU-46bf67bb-cb31-bee1-3cf0-c35337ba97d2,ok,0,0,453,27.468,40,210,405,439,292
284,21787.297812657,21787.298709616,,4,GPU-127e16de-2b5f-dde9-1932-b4e29bb818c0,ok,0,0,453,24.052,34,210,405,439,292
285,21788.297812657,21788.299242304,,0,GPU-9b96eb67-aeee-89d5-aa85-fc650af4e25c,ok,0,0,453,26.409,36,210,405,390,292
285,21788.297812657,21788.298572014,,1,GPU-37ffc98b-8551-c8a1-5f3c-27ade9ae735a,ok,36,16,1558,222.848,67,1935,9501,13671,72460
285,21788.297812657,21788.298464754,,2,GPU-5443d59d-561f-ed1e-da42-1975937205f9,ok,0,0,453,27.376,37,210,405,439,341
285,21788.297812657,21788.298598384,,3,GPU-46bf67bb-cb31-bee1-3cf0-c35337ba97d2,ok,0,0,453,27.599,40,210,405,439,341
285,21788.297812657,21788.299265364,,4,GPU-127e16de-2b5f-dde9-1932-b4e29bb818c0,ok,0,0,453,23.877,34,210,405,439,292
286,21789.297812657,21789.298470482,,0,GPU-9b96eb67-aeee-89d5-aa85-fc650af4e25c,ok,0,0,453,26.468,36,210,405,390,292
286,21789.297812657,21789.298578422,,1,GPU-37ffc98b-8551-c8a1-5f3c-27ade9ae735a,ok,36,16,1558,220.787,67,1935,9501,13867,72314
286,21789.297812657,21789.298620152,,2,GPU-5443d59d-561f-ed1e-da42-1975937205f9,ok,0,0,453,27.475,37,210,405,439,292
286,21789.297812657,21789.300718542,,3,GPU-46bf67bb-cb31-bee1-3cf0-c35337ba97d2,ok,0,0,453,27.364,40,210,405,439,341
286,21789.297812657,21789.298382872,,4,GPU-127e16de-2b5f-dde9-1932-b4e29bb818c0,ok,0,0,453,23.72,34,210,405,439,292
287,21790.297812657,21790.29847112,,0,GPU-9b96eb67-aeee-89d5-aa85-fc650af4e25c,ok,0,0,453,26.56,36,210,405,439,292
287,21790.297812657,21790.29866786,,1,GPU-37ffc98b-8551-c8a1-5f3c-27ade9ae735a,ok,36,16,1558,221.008,67,1935,9501,13964,72265
287,21790.297812657,21790.29981791,,2,GPU-5443d59d-561f-ed1e-da42-1975937205f9,ok,0,0,453,27.634,37,210,405,439,292
287,21790.297812657,21790.29854043,,3,GPU-46bf67bb-cb31-bee1-3cf0-c35337ba97d2,ok,0,0,453,27.262,40,210,405,390,292
287,21790.297812657,21790.2987016,,4,GPU-127e16de-2b5f-dde9-1932-b4e29bb818c0,ok,0,0,453,23.82,34,210,405,390,292
288,21791.297812657,21791.300033508,,0,GPU-9b96eb67-aeee-89d5-aa85-fc650af4e25c,ok,0,0,453,26.405,36,210,405,439,341
288,21791.297812657,21791.298376518,,1,GPU-37ffc98b-8551-c8a1-5f3c-27ade9ae735a,ok,36,16,1558,221.696,67,1935,9501,13525,71777
288,21791.297812657,21791.298518058,,2,GPU-5443d59d-561f-ed1e-da42-1975937205f9,ok,0,0,453,27.486,37,210,405,439,341
288,21791.297812657,21791.298489158,,3,GPU-46bf67bb-cb31-bee1-3cf0-c35337ba97d2,ok,0,0,453,27.279,40,210,405,439,341
288,21791.297812657,21791.298636998,,4,GPU-127e16de-2b5f-dde9-1932-b4e29bb818c0,ok,0,0,453,24.139,34,210,405,439,292
289,21792.297812657,21792.298620716,,0,GPU-9b96eb67-aeee-89d5-aa85-fc650af4e25c,ok,0,0,453,26.49,36,210,405,439,292
289,21792.297812657,21792.299708626,,1,GPU-37ffc98b-8551-c8a1-5f3c-27ade9ae735a,ok,37,17,1558,221.942,67,1935,9501,14501,73583
289,21792.297812657,21792.298378816,,2,GPU-5443d59d-561f-ed1e-da42-1975937205f9,ok,0,0,453,27.42,37,210,405,439,292
289,21792.297812657,21792.298514176,,3,GPU-46bf67bb-cb31-bee1-3cf0-c35337ba97d2,ok,0,0,453,27.288,40,210,405,439,292
289,21792.297812657,21792.298664836,,4,GPU-127e16de-2b5f-dde9-1932-b4e29bb818c0,ok,0,0,453,24.219,34,210,405,439,292
290,21793.297812657,21793.299189784,,0,GPU-9b96eb67-aeee-89d5-aa85-fc650af4e25c,ok,0,0,453,26.678,36,210,405,439,292
290,21793.297812657,21793.298571524,,1,GPU-37ffc98b-8551-c8a1-5f3c-27ade9ae735a,ok,39,17,1558,206.102,66,1890,9501,14013,73193
290,21793.297812657,21793.298382134,,2,GPU-5443d59d-561f-ed1e-da42-1975937205f9,ok,0,0,453,27.512,37,210,405,439,292
290,21793.297812657,21793.299157994,,3,GPU-46bf67bb-cb31-bee1-3cf0-c35337ba97d2,ok,0,0,453,27.393,40,210,405,439,292
290,21793.297812657,21793.298529574,,4,GPU-127e16de-2b5f-dde9-1932-b4e29bb818c0,ok,0,0,453,24.259,34,210,405,439,292
291,21794.297812657,21794.298308152,,0,GPU-9b96eb67-aeee-89d5-aa85-fc650af4e25c,ok,0,0,453,26.542,36,210,405,390,292
291,21794.297812657,21794.299739222,,1,GPU-37ffc98b-8551-c8a1-5f3c-27ade9ae735a,ok,37,17,1558,201.901,66,1890,9501,14111,72460
291,21794.297812657,21794.298344212,,2,GPU-5443d59d-561f-ed1e-da42-1975937205f9,ok,0,0,453,27.444,37,210,405,439,341
291,21794.297812657,21794.299815592,,3,GPU-46bf67bb-cb31-bee1-3cf0-c35337ba97d2,ok,0,0,453,27.158,40,210,405,439,292
291,21794.297812657,21794.299790522,,4,GPU-127e16de-2b5f-dde9-1932-b4e29bb818c0,ok,0,0,453,24.194,34,210,405,439,292
292,21795.297812657,21795.29876456,,0,GPU-9b96eb67-aeee-89d5-aa85-fc650af4e25c,ok,0,0,453,26.577,36,210,405,390,341
292,21795.297812657,21795.29869506,,1,GPU-37ffc98b-8551-c8a1-5f3c-27ade9ae735a,ok,40,17,1558,187.319,65,1785,9501,14160,73291
292,21795.297812657,21795.2986413,,2,GPU-5443d59d-561f-ed1e-da42-1975937205f9,ok,0,0,453,27.45,37,210,405,439,292
292,21795.297812657,21795.29847204,,3,GPU-46bf67bb-cb31-bee1-3cf0-c35337ba97d2,ok,0,0,453,27.033,40,210,405,390,292
292,21795.297812657,21795.29860766,,4,GPU-127e16de-2b5f-dde9-1932-b4e29bb818c0,ok,0,0,453,23.786,34,210,405,439,341
293,21796.297812657,21796.298416568,,0,GPU-9b96eb67-aeee-89d5-aa85-fc650af4e25c,ok,0,0,453,26.661,36,210,405,390,292
293,21796.297812657,21796.300405838,,1,GPU-37ffc98b-8551-c8a1-5f3c-27ade9ae735a,ok,40,17,1558,183.562,65,1815,9501,14599,73242
293,21796.297812657,21796.298534328,,2,GPU-5443d59d-561f-ed1e-da42-1975937205f9,ok,0,0,453,27.528,37,210,405,439,292
293,21796.297812657,21796.299132188,,3,GPU-46bf67bb-cb31-bee1-3cf0-c35337ba97d2,ok,0,0,453,27.058,40,210,405,439,292
293,21796.297812657,21796.298569448,,4,GPU-127e16de-2b5f-dde9-1932-b4e29bb818c0,ok,0,0,453,23.762,34,210,405,390,292
294,21797.297812657,21797.298605526,,0,GPU-9b96eb67-aeee-89d5-aa85-fc650af4e25c,ok,0,0,453,26.526,36,210,405,439,292
294,21797.297812657,21797.298376286,,1,GPU-37ffc98b-8551-c8a1-5f3c-27ade9ae735a,ok,40,17,1558,190.817,65,1845,9501,13720,71826
294,21797.297812657,21797.298632476,,2,GPU-5443d59d-561f-ed1e-da42-1975937205f9,ok,0,0,453,27.369,37,210,405,439,292
294,21797.297812657,21797.298673966,,3,GPU-46bf67bb-cb31-bee1-3cf0-c35337ba97d2,ok,0,0,453,26.918,40,210,405,439,292
294,21797.297812657,21797.298753446,,4,GPU-127e16de-2b5f-dde9-1932-b4e29bb818c0,ok,0,0,453,23.882,34,210,405,439,292
295,21798.297812657,21798.298591364,,0,GPU-9b96eb67-aeee-89d5-aa85-fc650af4e25c,ok,0,0,453,26.566,36,210,405,439,341
295,21798.297812657,21798.298364134,,1,GPU-37ffc98b-8551-c8a1-5f3c-27ade9ae735a,ok,40,18,1558,201.962,66,1890,9501,13671,71826
295,21798.297812657,21798.298552394,,2,GPU-5443d59d-561f-ed1e-da42-1975937205f9,ok,0,0,453,27.287,37,210,405,439,292
295,21798.297812657,21798.298838344,,3,GPU-46bf67bb-cb31-bee1-3cf0-c35337ba97d2,ok,0,0,453,27.112,40,210,405,439,292
295,21798.297812657,21798.298802724,,4,GPU-127e16de-2b5f-dde9-1932-b4e29bb818c0,ok,0,0,453,23.924,34,210,405,439,292
296,21799.297812657,21799.299048342,,0,GPU-9b96eb67-aeee-89d5-aa85-fc650af4e25c,ok,0,0,453,26.677,36,210,405,390,292
296,21799.297812657,21799.299157432,,1,GPU-37ffc98b-8551-c8a1-5f3c-27ade9ae735a,ok,39,17,1558,218.421,66,1935,9501,14501,74121
296,21799.297812657,21799.298241002,,2,GPU-5443d59d-561f-ed1e-da42-1975937205f9,ok,0,0,453,27.377,37,210,405,439,292
296,21799.297812657,21799.298466862,,3,GPU-46bf67bb-cb31-bee1-3cf0-c35337ba97d2,ok,0,0,453,27.464,40,210,405,488,341
296,21799.297812657,21799.299128392,,4,GPU-127e16de-2b5f-dde9-1932-b4e29bb818c0,ok,0,0,453,23.995,34,210,405,390,292
297,21800.297812657,21800.29934047,,0,GPU-9b96eb67-aeee-89d5-aa85-fc650af4e25c,ok,0,0,453,26.554,36,210,405,439,292
297,21800.297812657,21800.29834543,,1,GPU-37ffc98b-8551-c8a1-5f3c-27ade9ae735a,ok,39,17,1558,219.389,67,1845,9501,13867,72509
297,21800.297812657,21800.2985903,,2,GPU-5443d59d-561f-ed1e-da42-1975937205f9,ok,0,0,453,27.266,37,210,405,439,292
297,21800.297812657,21800.29936985,,3,GPU-46bf67bb-cb31-bee1-3cf0-c35337ba97d2,ok,0,0,453,27.36,40,210,405,390,341
297,21800.297812657,21800.29837111,,4,GPU-127e16de-2b5f-dde9-1932-b4e29bb818c0,ok,0,0,453,24.016,34,210,405,439,292
298,21801.297812657,21801.298587628,,0,GPU-9b96eb67-aeee-89d5-aa85-fc650af4e25c,ok,0,0,453,26.54,36,210,405,439,292
298,21801.297812657,21801.298472308,,1,GPU-37ffc98b-8551-c8a1-5f3c-27ade9ae735a,ok,45,20,1558,190.37,65,1800,9501,13720,72509
298,21801.297812657,21801.299565708,,2,GPU-5443d59d-561f-ed1e-da42-1975937205f9,ok,0,0,453,27.248,37,210,405,439,341
298,21801.297812657,21801.298671188,,3,GPU-46bf67bb-cb31-bee1-3cf0-c35337ba97d2,ok,0,0,453,27.159,40,210,405,439,341
298,21801.297812657,21801.298641778,,4,GPU-127e16de-2b5f-dde9-1932-b4e29bb818c0,ok,0,0,453,23.928,34,210,405,439,341
299,21802.297812657,21802.298819756,,0,GPU-9b96eb67-aeee-89d5-aa85-fc650af4e25c,ok,0,0,453,26.684,36,210,405,390,292
299,21802.297812657,21802.298287006,,1,GPU-37ffc98b-8551-c8a1-5f3c-27ade9ae735a,ok,41,18,1558,186.582,65,1845,9501,14550,75585
299,21802.297812657,21802.298466966,,2,GPU-5443d59d-561f-ed1e-da42-1975937205f9,ok,0,0,453,27.364,37,210,405,439,292
299,21802.297812657,21802.298744616,,3,GPU-46bf67bb-cb31-bee1-3cf0-c35337ba97d2,ok,0,0,453,27.075,40,210,405,439,292
299,21802.297812657,21802.298865416,,4,GPU-127e16de-2b5f-dde9-1932-b4e29bb818c0,ok,0,0,453,23.743,34,210,405,439,341
300,21803.297812657,21803.298807044,,0,GPU-9b96eb67-aeee-89d5-aa85-fc650af4e25c,ok,0,0,453,26.574,36,210,405,439,292
300,21803.297812657,21803.298565914,,1,GPU-37ffc98b-8551-c8a1-5f3c-27ade9ae735a,ok,33,14,1558,195.975,65,1935,9501,13720,72070
300,21803.297812657,21803.298722194,,2,GPU-5443d59d-561f-ed1e-da42-1975937205f9,ok,0,0,453,27.327,37,210,405,439,292
300,21803.297812657,21803.298634424,,3,GPU-46bf67bb-cb31-bee1-3cf0-c35337ba97d2,ok,0,0,453,26.89,40,210,405,439,292
300,21803.297812657,21803.298765594,,4,GPU-127e16de-2b5f-dde9-1932-b4e29bb818c0,ok,0,0,453,23.445,34,210,405,439,341
301,21804.297812657,21804.298784382,,0,GPU-9b96eb67-aeee-89d5-aa85-fc650af4e25c,ok,0,0,453,26.589,36,210,405,439,292
301,21804.297812657,21804.298309012,,1,GPU-37ffc98b-8551-c8a1-5f3c-27ade9ae735a,ok,34,15,1558,220.441,67,1935,9501,13720,72558
301,21804.297812657,21804.298822962,,2,GPU-5443d59d-561f-ed1e-da42-1975937205f9,ok,0,0,453,27.335,37,210,405,439,341
301,21804.297812657,21804.298600512,,3,GPU-46bf67bb-cb31-bee1-3cf0-c35337ba97d2,ok,0,0,453,27.022,40,210,405,439,341
301,21804.297812657,21804.298575812,,4,GPU-127e16de-2b5f-dde9-1932-b4e29bb818c0,ok,0,0,453,23.417,34,210,405,439,292
302,21805.297812657,21805.29865697,,0,GPU-9b96eb67-aeee-89d5-aa85-fc650af4e25c,ok,0,0,453,26.819,36,210,405,439,341
302,21805.297812657,21805.2983873,,1,GPU-37ffc98b-8551-c8a1-5f3c-27ade9ae735a,ok,36,15,1558,215.545,65,1860,9501,13818,72753
302,21805.297812657,21805.29861798,,2,GPU-5443d59d-561f-ed1e-da42-1975937205f9,ok,0,0,453,27.417,37,210,405,390,292
302,21805.297812657,21805.29879331,,3,GPU-46bf67bb-cb31-bee1-3cf0-c35337ba97d2,ok,0,0,453,27.308,40,210,405,439,341
302,21805.297812657,21805.29849044,,4,GPU-127e16de-2b5f-dde9-1932-b4e29bb818c0,ok,0,0,453,23.794,34,210,405,390,292
303,21806.297812657,21806.298416868,,0,GPU-9b96eb67-aeee-89d5-aa85-fc650af4e25c,ok,0,0,453,26.795,36,210,405,439,292
303,21806.297812657,21806.298713488,,1,GPU-37ffc98b-8551-c8a1-5f3c-27ade9ae735a,ok,37,16,1558,196.33,65,1890,9501,15039,77832
303,21806.297812657,21806.298683618,,2,GPU-5443d59d-561f-ed1e-da42-1975937205f9,ok,0,0,453,27.471,37,210,405,390,292
303,21806.297812657,21806.298750718,,3,GPU-46bf67bb-cb31-bee1-3cf0-c35337ba97d2,ok,0,0,453,27.081,40,210,405,439,292
303,21806.297812657,21806.298552298,,4,GPU-127e16de-2b5f-dde9-1932-b4e29bb818c0,ok,0,0,453,23.857,34,210,405,439,292
304,21807.297812657,21807.298561926,,0,GPU-9b96eb67-aeee-89d5-aa85-fc650af4e25c,ok,0,0,453,26.798,36,210,405,390,292
304,21807.297812657,21807.298473106,,1,GPU-37ffc98b-8551-c8a1-5f3c-27ade9ae735a,ok,38,17,1558,216.181,66,1935,9501,14746,78662
304,21807.297812657,21807.299077166,,2,GPU-5443d59d-561f-ed1e-da42-1975937205f9,ok,0,0,453,27.546,37,210,405,390,341
304,21807.297812657,21807.299465846,,3,GPU-46bf67bb-cb31-bee1-3cf0-c35337ba97d2,ok,0,0,453,27.134,40,210,405,439,292
304,21807.297812657,21807.298335066,,4,GPU-127e16de-2b5f-dde9-1932-b4e29bb818c0,ok,0,0,453,23.918,34,210,405,439,292
305,21808.297812657,21808.298859854,,0,GPU-9b96eb67-aeee-89d5-aa85-fc650af4e25c,ok,0,0,453,26.827,36,210,405,439,341
305,21808.297812657,21808.298440824,,1,GPU-37ffc98b-8551-c8a1-5f3c-27ade9ae735a,ok,37,17,1558,227.672,66,1935,9501,14599,77734
305,21808.297812657,21808.298657304,,2,GPU-5443d59d-561f-ed1e-da42-1975937205f9,ok,0,0,453,27.539,37,210,405,390,341
305,21808.297812657,21808.298596114,,3,GPU-46bf67bb-cb31-bee1-3cf0-c35337ba97d2,ok,0,0,453,27.532,40,210,405,439,292
305,21808.297812657,21808.298631004,,4,GPU-127e16de-2b5f-dde9-1932-b4e29bb818c0,ok,0,0,453,23.973,34,210,405,439,341
306,21809.297812657,21809.298681762,,0,GPU-9b96eb67-aeee-89d5-aa85-fc650af4e25c,ok,0,0,453,26.804,36,210,405,439,292
306,21809.297812657,21809.298518362,,1,GPU-37ffc98b-8551-c8a1-5f3c-27ade9ae735a,ok,35,15,1558,223.611,66,1935,9501,13916,73925
306,21809.297812657,21809.298640622,,2,GPU-5443d59d-561f-ed1e-da42-1975937205f9,ok,0,0,453,27.263,37,210,405,439,292
306,21809.297812657,21809.298594252,,3,GPU-46bf67bb-cb31-bee1-3cf0-c35337ba97d2,ok,0,0,453,27.377,40,210,405,439,341
306,21809.297812657,21809.298871762,,4,GPU-127e16de-2b5f-dde9-1932-b4e29bb818c0,ok,0,0,453,23.827,34,210,405,439,341
307,21810.297812657,21810.29862675,,0,GPU-9b96eb67-aeee-89d5-aa85-fc650af4e25c,ok,0,0,453,26.841,36,210,405,390,292
307,21810.297812657,21810.29837849,,1,GPU-37ffc98b-8551-c8a1-5f3c-27ade9ae735a,ok,37,16,1558,221.146,66,1935,9501,14794,78564
307,21810.297812657,21810.29874237,,2,GPU-5443d59d-561f-ed1e-da42-1975937205f9,ok,0,0,453,27.283,37,210,405,439,292
307,21810.297812657,21810.29859593,,3,GPU-46bf67bb-cb31-bee1-3cf0-c35337ba97d2,ok,0,0,453,27.277,40,210,405,439,341
307,21810.297812657,21810.29857442,,4,GPU-127e16de-2b5f-dde9-1932-b4e29bb818c0,ok,0,0,453,23.828,34,210,405,439,341
308,21811.297812657,21811.298312258,,0,GPU-9b96eb67-aeee-89d5-aa85-fc650af4e25c,ok,0,0,453,26.682,36,210,405,390,292
308,21811.297812657,21811.298532688,,1,GPU-37ffc98b-8551-c8a1-5f3c-27ade9ae735a,ok,37,16,1558,219.002,66,1935,9501,14990,78027
308,21811.297812657,21811.299679968,,2,GPU-5443d59d-561f-ed1e-da42-1975937205f9,ok,0,0,453,27.516,37,210,405,439,292
308,21811.297812657,21811.298462898,,3,GPU-46bf67bb-cb31-bee1-3cf0-c35337ba97d2,ok,0,0,453,27.394,40,210,405,439,341
308,21811.297812657,21811.299029278,,4,GPU-127e16de-2b5f-dde9-1932-b4e29bb818c0,ok,0,0,453,24.035,34,210,405,439,341
309,21812.297812657,21812.298469956,,0,GPU-9b96eb67-aeee-89d5-aa85-fc650af4e25c,ok,0,0,453,26.685,36,210,405,390,341
309,21812.297812657,21812.299230636,,1,GPU-37ffc98b-8551-c8a1-5f3c-27ade9ae735a,ok,38,17,1558,223.32,66,1935,9501,15429,78417
309,21812.297812657,21812.298323926,,2,GPU-5443d59d-561f-ed1e-da42-1975937205f9,ok,0,0,453,27.419,37,210,405,439,292
309,21812.297812657,21812.299073096,,3,GPU-46bf67bb-cb31-bee1-3cf0-c35337ba97d2,ok,0,0,453,27.215,40,210,405,390,292
309,21812.297812657,21812.299197496,,4,GPU-127e16de-2b5f-dde9-1932-b4e29bb818c0,ok,0,0,453,24.024,34,210,405,390,341
310,21813.297812657,21813.298586154,,0,GPU-9b96eb67-aeee-89d5-aa85-fc650af4e25c,ok,0,0,453,26.764,36,210,405,439,292
310,21813.297812657,21813.298529804,,1,GPU-37ffc98b-8551-c8a1-5f3c-27ade9ae735a,ok,38,17,1558,224.078,66,1935,9501,14794,77001
310,21813.297812657,21813.299050404,,2,GPU-5443d59d-561f-ed1e-da42-1975937205f9,ok,0,0,453,27.466,37,210,405,439,341
310,21813.297812657,21813.299089034,,3,GPU-46bf67bb-cb31-bee1-3cf0-c35337ba97d2,ok,0,0,453,27.227,40,210,405,439,292
310,21813.297812657,21813.298367474,,4,GPU-127e16de-2b5f-dde9-1932-b4e29bb818c0,ok,0,0,453,23.831,34,210,405,439,292
311,21814.297812657,21814.300106693,,0,GPU-9b96eb67-aeee-89d5-aa85-fc650af4e25c,ok,0,0,453,26.608,36,210,405,439,292
311,21814.297812657,21814.298459362,,1,GPU-37ffc98b-8551-c8a1-5f3c-27ade9ae735a,ok,39,18,1558,224.087,67,1935,9501,15185,77929
311,21814.297812657,21814.298399772,,2,GPU-5443d59d-561f-ed1e-da42-1975937205f9,ok,0,0,453,27.589,37,210,405,390,292
311,21814.297812657,21814.298442622,,3,GPU-46bf67bb-cb31-bee1-3cf0-c35337ba97d2,ok,0,0,453,27.408,40,210,405,439,292
311,21814.297812657,21814.300086613,,4,GPU-127e16de-2b5f-dde9-1932-b4e29bb818c0,ok,0,0,453,23.876,34,210,405,439,292
312,21815.297812657,21815.29875547,,0,GPU-9b96eb67-aeee-89d5-aa85-fc650af4e25c,ok,0,0,453,26.675,36,210,405,439,292
312,21815.297812657,21815.29832857,,1,GPU-37ffc98b-8551-c8a1-5f3c-27ade9ae735a,ok,40,18,1558,224.207,67,1935,9501,14746,78173
312,21815.297812657,21815.29853914,,2,GPU-5443d59d-561f-ed1e-da42-1975937205f9,ok,0,0,453,27.342,37,210,405,439,292
312,21815.297812657,21815.29873014,,3,GPU-46bf67bb-cb31-bee1-3cf0-c35337ba97d2,ok,0,0,453,27.285,40,210,405,439,292
312,21815.297812657,21815.29851508,,4,GPU-127e16de-2b5f-dde9-1932-b4e29bb818c0,ok,0,0,453,23.787,34,210,405,390,292
313,21816.297812657,21816.298617888,,0,GPU-9b96eb67-aeee-89d5-aa85-fc650af4e25c,ok,0,0,453,26.897,36,210,405,439,292
313,21816.297812657,21816.298733758,,1,GPU-37ffc98b-8551-c8a1-5f3c-27ade9ae735a,ok,41,19,1558,226.096,67,1935,9501,15087,78125
313,21816.297812657,21816.298709478,,2,GPU-5443d59d-561f-ed1e-da42-1975937205f9,ok,0,0,453,27.11,37,210,405,439,292
313,21816.297812657,21816.298687138,,3,GPU-46bf67bb-cb31-bee1-3cf0-c35337ba97d2,ok,0,0,453,27.321,40,210,405,390,292
313,21816.297812657,21816.298761418,,4,GPU-127e16de-2b5f-dde9-1932-b4e29bb818c0,ok,0,0,453,23.694,34,210,405,439,341
314,21817.297812657,21817.298358046,,0,GPU-9b96eb67-aeee-89d5-aa85-fc650af4e25c,ok,0,0,453,26.883,36,210,405,439,292
314,21817.297812657,21817.299071236,,1,GPU-37ffc98b-8551-c8a1-5f3c-27ade9ae735a,ok,42,19,1558,226.46,67,1935,9501,15673,80273
314,21817.297812657,21817.298676776,,2,GPU-5443d59d-561f-ed1e-da42-1975937205f9,ok,0,0,453,27.068,37,210,405,390,292
314,21817.297812657,21817.298643806,,3,GPU-46bf67bb-cb31-bee1-3cf0-c35337ba97d2,ok,0,0,453,27.51,40,210,405,390,292
314,21817.297812657,21817.298596366,,4,GPU-127e16de-2b5f-dde9-1932-b4e29bb818c0,ok,0,0,453,23.717,34,210,405,439,292
315,21818.297812657,21818.298522194,,0,GPU-9b96eb67-aeee-89d5-aa85-fc650af4e25c,ok,0,0,453,26.921,36,210,405,390,292
315,21818.297812657,21818.298660044,,1,GPU-37ffc98b-8551-c8a1-5f3c-27ade9ae735a,ok,37,16,1558,227.947,67,1935,9501,14990,79833
315,21818.297812657,21818.298758014,,2,GPU-5443d59d-561f-ed1e-da42-1975937205f9,ok,0,0,453,27.056,37,210,405,439,292
315,21818.297812657,21818.298687924,,3,GPU-46bf67bb-cb31-bee1-3cf0-c35337ba97d2,ok,0,0,453,27.299,40,210,405,439,292
315,21818.297812657,21818.298723714,,4,GPU-127e16de-2b5f-dde9-1932-b4e29bb818c0,ok,0,0,453,23.68,34,210,405,390,341
316,21819.297812657,21819.298567332,,0,GPU-9b96eb67-aeee-89d5-aa85-fc650af4e25c,ok,0,0,453,27.031,36,210,405,390,292
316,21819.297812657,21819.298530982,,1,GPU-37ffc98b-8551-c8a1-5f3c-27ade9ae735a,ok,36,16,1558,228.925,67,1935,9501,15136,79541
316,21819.297812657,21819.298614002,,2,GPU-5443d59d-561f-ed1e-da42-1975937205f9,ok,0,0,453,27.161,37,210,405,439,292
316,21819.297812657,21819.300125803,,3,GPU-46bf67bb-cb31-bee1-3cf0-c35337ba97d2,ok,0,0,453,27.424,40,210,405,439,292
316,21819.297812657,21819.298455672,,4,GPU-127e16de-2b5f-dde9-1932-b4e29bb818c0,ok,0,0,453,23.806,34,210,405,439,292
317,21820.297812657,21820.29846291,,0,GPU-9b96eb67-aeee-89d5-aa85-fc650af4e25c,ok,0,0,453,26.829,36,210,405,390,292
317,21820.297812657,21820.29848985,,1,GPU-37ffc98b-8551-c8a1-5f3c-27ade9ae735a,ok,37,16,1558,228.626,67,1935,9501,15332,78320
317,21820.297812657,21820.29837822,,2,GPU-5443d59d-561f-ed1e-da42-1975937205f9,ok,0,0,453,27.154,37,210,405,439,292
317,21820.297812657,21820.300097861,,3,GPU-46bf67bb-cb31-bee1-3cf0-c35337ba97d2,ok,0,0,453,27.71,40,210,405,439,341
317,21820.297812657,21820.300054721,,4,GPU-127e16de-2b5f-dde9-1932-b4e29bb818c0,ok,0,0,453,23.929,34,210,405,439,292
318,21821.297812657,21821.298375608,,0,GPU-9b96eb67-aeee-89d5-aa85-fc650af4e25c,ok,0,0,453,26.797,36,210,405,439,292
318,21821.297812657,21821.298558688,,1,GPU-37ffc98b-8551-c8a1-5f3c-27ade9ae735a,ok,37,16,1558,228.921,67,1935,9501,15332,79443
318,21821.297812657,21821.298539738,,2,GPU-5443d59d-561f-ed1e-da42-1975937205f9,ok,0,0,453,27.114,37,210,405,439,341
318,21821.297812657,21821.298584358,,3,GPU-46bf67bb-cb31-bee1-3cf0-c35337ba97d2,ok,0,0,453,27.485,40,210,405,439,341
318,21821.297812657,21821.299099858,,4,GPU-127e16de-2b5f-dde9-1932-b4e29bb818c0,ok,0,0,453,23.916,34,210,405,439,292
319,21822.297812657,21822.298618476,,0,GPU-9b96eb67-aeee-89d5-aa85-fc650af4e25c,ok,0,0,453,26.922,36,210,405,439,341
319,21822.297812657,21822.298557976,,1,GPU-37ffc98b-8551-c8a1-5f3c-27ade9ae735a,ok,37,17,1558,227.352,67,1935,9501,14990,78222
319,21822.297812657,21822.298576256,,2,GPU-5443d59d-561f-ed1e-da42-1975937205f9,ok,0,0,453,27.174,37,210,405,439,292
319,21822.297812657,21822.298685866,,3,GPU-46bf67bb-cb31-bee1-3cf0-c35337ba97d2,ok,0,0,453,27.451,40,210,405,439,292
319,21822.297812657,21822.298653356,,4,GPU-127e16de-2b5f-dde9-1932-b4e29bb818c0,ok,0,0,453,23.991,34,210,405,439,292
320,21823.297812657,21823.298583984,,0,GPU-9b96eb67-aeee-89d5-aa85-fc650af4e25c,ok,0,0,453,26.705,36,210,405,439,292
320,21823.297812657,21823.298513954,,1,GPU-37ffc98b-8551-c8a1-5f3c-27ade9ae735a,ok,37,16,1558,225.716,67,1935,9501,11865,78320
320,21823.297812657,21823.298357784,,2,GPU-5443d59d-561f-ed1e-da42-1975937205f9,ok,0,0,453,27.131,37,210,405,439,292
320,21823.297812657,21823.298648344,,3,GPU-46bf67bb-cb31-bee1-3cf0-c35337ba97d2,ok,0,0,453,27.559,40,210,405,439,292
320,21823.297812657,21823.298679024,,4,GPU-127e16de-2b5f-dde9-1932-b4e29bb818c0,ok,0,0,453,24.1,34,210,405,439,292
321,21824.297812657,21824.298531102,,0,GPU-9b96eb67-aeee-89d5-aa85-fc650af4e25c,ok,0,0,453,26.749,36,210,405,439,292
321,21824.297812657,21824.298483172,,1,GPU-37ffc98b-8551-c8a1-5f3c-27ade9ae735a,ok,38,17,1558,224.304,67,1935,9501,14990,78417
321,21824.297812657,21824.299501253,,2,GPU-5443d59d-561f-ed1e-da42-1975937205f9,ok,0,0,453,27.154,37,210,405,439,292
321,21824.297812657,21824.298602842,,3,GPU-46bf67bb-cb31-bee1-3cf0-c35337ba97d2,ok,0,0,453,27.338,40,210,405,390,292
321,21824.297812657,21824.298667972,,4,GPU-127e16de-2b5f-dde9-1932-b4e29bb818c0,ok,0,0,453,24.122,34,210,405,439,292
322,21825.297812657,21825.29865193,,0,GPU-9b96eb67-aeee-89d5-aa85-fc650af4e25c,ok,0,0,453,26.846,36,210,405,439,341
322,21825.297812657,21825.29850061,,1,GPU-37ffc98b-8551-c8a1-5f3c-27ade9ae735a,ok,38,17,1558,225.669,67,1935,9501,14599,78320
322,21825.297812657,21825.29868744,,2,GPU-5443d59d-561f-ed1e-da42-1975937205f9,ok,0,0,453,27.232,37,210,405,390,341
322,21825.297812657,21825.29871619,,3,GPU-46bf67bb-cb31-bee1-3cf0-c35337ba97d2,ok,0,0,453,27.304,40,210,405,439,292
322,21825.297812657,21825.298904851,,4,GPU-127e16de-2b5f-dde9-1932-b4e29bb818c0,ok,0,0,453,24.202,34,210,405,439,292
323,21826.297812657,21826.298629528,,0,GPU-9b96eb67-aeee-89d5-aa85-fc650af4e25c,ok,0,0,453,26.616,36,210,405,390,292
323,21826.297812657,21826.298451798,,1,GPU-37ffc98b-8551-c8a1-5f3c-27ade9ae735a,ok,40,18,1558,225.505,67,1935,9501,14843,78125
323,21826.297812657,21826.298653608,,2,GPU-5443d59d-561f-ed1e-da42-1975937205f9,ok,0,0,453,27.187,37,210,405,390,292
323,21826.297812657,21826.298822829,,3,GPU-46bf67bb-cb31-bee1-3cf0-c35337ba97d2,ok,0,0,453,27.485,40,210,405,439,292
323,21826.297812657,21826.298525168,,4,GPU-127e16de-2b5f-dde9-1932-b4e29bb818c0,ok,0,0,453,24.225,34,210,405,390,292
324,21827.297812657,21827.298778177,,0,GPU-9b96eb67-aeee-89d5-aa85-fc650af4e25c,ok,0,0,453,26.645,36,210,405,390,292
324,21827.297812657,21827.298557666,,1,GPU-37ffc98b-8551-c8a1-5f3c-27ade9ae735a,ok,42,19,1558,227.386,67,1935,9501,14892,77978
324,21827.297812657,21827.298743517,,2,GPU-5443d59d-561f-ed1e-da42-1975937205f9,ok,0,0,453,27.257,37,210,405,439,292
324,21827.297812657,21827.298701436,,3,GPU-46bf67bb-cb31-bee1-3cf0-c35337ba97d2,ok,0,0,453,27.405,40,210,405,439,341
324,21827.297812657,21827.298600916,,4,GPU-127e16de-2b5f-dde9-1932-b4e29bb818c0,ok,0,0,453,24.114,34,210,405,439,292
325,21828.297812657,21828.298734085,,0,GPU-9b96eb67-aeee-89d5-aa85-fc650af4e25c,ok,0,0,453,26.788,36,210,405,390,341
325,21828.297812657,21828.298658925,,1,GPU-37ffc98b-8551-c8a1-5f3c-27ade9ae735a,ok,46,21,1558,228.979,67,1935,9501,15283,79296
325,21828.297812657,21828.298697265,,2,GPU-5443d59d-561f-ed1e-da42-1975937205f9,ok,0,0,453,27.305,37,210,405,439,292
325,21828.297812657,21828.298618604,,3,GPU-46bf67bb-cb31-bee1-3cf0-c35337ba97d2,ok,0,0,453,27.398,40,210,405,390,341
325,21828.297812657,21828.298537514,,4,GPU-127e16de-2b5f-dde9-1932-b4e29bb818c0,ok,0,0,453,23.961,34,210,405,439,292
326,21829.297812657,21829.298584643,,0,GPU-9b96eb67-aeee-89d5-aa85-fc650af4e25c,ok,0,0,453,26.685,36,210,405,390,292
326,21829.297812657,21829.299099873,,1,GPU-37ffc98b-8551-c8a1-5f3c-27ade9ae735a,ok,34,15,1558,227.277,68,1935,9501,15869,79687
326,21829.297812657,21829.299063903,,2,GPU-5443d59d-561f-ed1e-da42-1975937205f9,ok,0,0,453,27.09,37,210,405,439,341
326,21829.297812657,21829.298556682,,3,GPU-46bf67bb-cb31-bee1-3cf0-c35337ba97d2,ok,0,0,453,27.526,40,210,405,390,292
326,21829.297812657,21829.298305892,,4,GPU-127e16de-2b5f-dde9-1932-b4e29bb818c0,ok,0,0,453,23.922,34,210,405,439,292
327,21830.297812657,21830.29841432,,0,GPU-9b96eb67-aeee-89d5-aa85-fc650af4e25c,ok,0,0,453,26.783,36,210,405,439,341
327,21830.297812657,21830.298516741,,1,GPU-37ffc98b-8551-c8a1-5f3c-27ade9ae735a,ok,34,15,1558,227.12,67,1935,9501,14843,78857
327,21830.297812657,21830.298592141,,2,GPU-5443d59d-561f-ed1e-da42-1975937205f9,ok,0,0,453,27.073,37,210,405,488,292
327,21830.297812657,21830.298620791,,3,GPU-46bf67bb-cb31-bee1-3cf0-c35337ba97d2,ok,0,0,453,27.416,40,210,405,390,292
327,21830.297812657,21830.299023641,,4,GPU-127e16de-2b5f-dde9-1932-b4e29bb818c0,ok,0,0,453,23.901,34,210,405,390,292
328,21831.297812657,21831.298688559,,0,GPU-9b96eb67-aeee-89d5-aa85-fc650af4e25c,ok,0,0,453,26.962,36,210,405,439,292
328,21831.297812657,21831.298727269,,1,GPU-37ffc98b-8551-c8a1-5f3c-27ade9ae735a,ok,35,16,1558,224.573,67,1935,9501,14404,75488
328,21831.297812657,21831.298489099,,2,GPU-5443d59d-561f-ed1e-da42-1975937205f9,ok,0,0,453,27.31,37,210,405,439,292
328,21831.297812657,21831.299187329,,3,GPU-46bf67bb-cb31-bee1-3cf0-c35337ba97d2,ok,0,0,453,27.408,40,210,405,439,292
328,21831.297812657,21831.298761139,,4,GPU-127e16de-2b5f-dde9-1932-b4e29bb818c0,ok,0,0,453,23.982,34,210,405,439,292
329,21832.297812657,21832.298493157,,0,GPU-9b96eb67-aeee-89d5-aa85-fc650af4e25c,ok,0,0,453,26.802,36,210,405,439,292
329,21832.297812657,21832.298597337,,1,GPU-37ffc98b-8551-c8a1-5f3c-27ade9ae735a,ok,35,16,1558,223.0,67,1935,9501,14990,79150
329,21832.297812657,21832.298633157,,2,GPU-5443d59d-561f-ed1e-da42-1975937205f9,ok,0,0,453,27.365,37,210,405,390,292
329,21832.297812657,21832.299218477,,3,GPU-46bf67bb-cb31-bee1-3cf0-c35337ba97d2,ok,0,0,453,27.392,40,210,405,439,341
329,21832.297812657,21832.298646197,,4,GPU-127e16de-2b5f-dde9-1932-b4e29bb818c0,ok,0,0,453,24.242,34,210,405,439,292
330,21833.297812657,21833.298568765,,0,GPU-9b96eb67-aeee-89d5-aa85-fc650af4e25c,ok,0,0,453,26.799,36,210,405,439,341
330,21833.297812657,21833.299026555,,1,GPU-37ffc98b-8551-c8a1-5f3c-27ade9ae735a,ok,38,17,1558,225.987,67,1935,9501,14550,74609
330,21833.297812657,21833.298504475,,2,GPU-5443d59d-561f-ed1e-da42-1975937205f9,ok,0,0,453,27.388,37,210,405,439,292
330,21833.297812657,21833.299645485,,3,GPU-46bf67bb-cb31-bee1-3cf0-c35337ba97d2,ok,0,0,453,27.388,40,210,405,439,341
330,21833.297812657,21833.298305645,,4,GPU-127e16de-2b5f-dde9-1932-b4e29bb818c0,ok,0,0,453,24.249,34,210,405,439,292
331,21834.297812657,21834.298812743,,0,GPU-9b96eb67-aeee-89d5-aa85-fc650af4e25c,ok,0,0,453,26.882,36,210,405,390,292
331,21834.297812657,21834.298348163,,1,GPU-37ffc98b-8551-c8a1-5f3c-27ade9ae735a,ok,38,17,1558,227.06,67,1935,9501,14843,78125
331,21834.297812657,21834.298853543,,2,GPU-5443d59d-561f-ed1e-da42-1975937205f9,ok,0,0,453,27.453,37,210,405,390,341
331,21834.297812657,21834.298562003,,3,GPU-46bf67bb-cb31-bee1-3cf0-c35337ba97d2,ok,0,0,453,27.56,40,210,405,439,292
331,21834.297812657,21834.298574693,,4,GPU-127e16de-2b5f-dde9-1932-b4e29bb818c0,ok,0,0,453,24.358,34,210,405,439,292
332,21835.297812657,21835.298636391,,0,GPU-9b96eb67-aeee-89d5-aa85-fc650af4e25c,ok,0,0,453,26.689,36,210,405,390,292
332,21835.297812657,21835.298608981,,1,GPU-37ffc98b-8551-c8a1-5f3c-27ade9ae735a,ok,39,18,1558,227.849,67,1935,9501,14941,78662
332,21835.297812657,21835.298723351,,2,GPU-5443d59d-561f-ed1e-da42-1975937205f9,ok,0,0,453,27.244,37,210,405,439,292
332,21835.297812657,21835.298672711,,3,GPU-46bf67bb-cb31-bee1-3cf0-c35337ba97d2,ok,0,0,453,27.41,40,210,405,390,292
332,21835.297812657,21835.298753001,,4,GPU-127e16de-2b5f-dde9-1932-b4e29bb818c0,ok,0,0,453,24.57,34,210,405,439,292
333,21836.297812657,21836.298589919,,0,GPU-9b96eb67-aeee-89d5-aa85-fc650af4e25c,ok,0,0,453,26.637,36,210,405,390,292
333,21836.297812657,21836.298727119,,1,GPU-37ffc98b-8551-c8a1-5f3c-27ade9ae735a,ok,40,18,1558,228.638,67,1935,9501,15820,80126
333,21836.297812657,21836.298503159,,2,GPU-5443d59d-561f-ed1e-da42-1975937205f9,ok,0,0,453,27.146,37,210,405,439,292
333,21836.297812657,21836.298675149,,3,GPU-46bf67bb-cb31-bee1-3cf0-c35337ba97d2,ok,0,0,453,27.411,40,210,405,439,292
333,21836.297812657,21836.298641709,,4,GPU-127e16de-2b5f-dde9-1932-b4e29bb818c0,ok,0,0,453,24.548,34,210,405,390,292
334,21837.297812657,21837.298479877,,0,GPU-9b96eb67-aeee-89d5-aa85-fc650af4e25c,ok,0,0,453,26.636,36,210,405,390,341
334,21837.297812657,21837.298721267,,1,GPU-37ffc98b-8551-c8a1-5f3c-27ade9ae735a,ok,40,18,1558,227.509,67,1935,9501,15039,75634
334,21837.297812657,21837.298657087,,2,GPU-5443d59d-561f-ed1e-da42-1975937205f9,ok,0,0,453,27.255,37,210,405,439,292
334,21837.297812657,21837.298514407,,3,GPU-46bf67bb-cb31-bee1-3cf0-c35337ba97d2,ok,0,0,453,27.557,40,210,405,439,341
334,21837.297812657,21837.298682947,,4,GPU-127e16de-2b5f-dde9-1932-b4e29bb818c0,ok,0,0,453,24.319,34,210,405,439,292
335,21838.297812657,21838.298685655,,0,GPU-9b96eb67-aeee-89d5-aa85-fc650af4e25c,ok,0,0,453,26.425,36,210,405,439,292
335,21838.297812657,21838.298602415,,1,GPU-37ffc98b-8551-c8a1-5f3c-27ade9ae735a,ok,41,18,1558,226.044,67,1935,9501,14941,79199
335,21838.297812657,21838.298727435,,2,GPU-5443d59d-561f-ed1e-da42-1975937205f9,ok,0,0,453,27.23,37,210,405,439,292
335,21838.297812657,21838.298748685,,3,GPU-46bf67bb-cb31-bee1-3cf0-c35337ba97d2,ok,0,0,453,27.377,40,210,405,439,341
335,21838.297812657,21838.298509855,,4,GPU-127e16de-2b5f-dde9-1932-b4e29bb818c0,ok,0,0,453,24.172,34,210,405,439,292
336,21839.297812657,21839.298715523,,0,GPU-9b96eb67-aeee-89d5-aa85-fc650af4e25c,ok,0,0,453,26.516,36,210,405,439,292
336,21839.297812657,21839.299820813,,1,GPU-37ffc98b-8551-c8a1-5f3c-27ade9ae735a,ok,42,19,1558,227.745,67,1935,9501,15429,79980
336,21839.297812657,21839.298556043,,2,GPU-5443d59d-561f-ed1e-da42-1975937205f9,ok,0,0,453,27.288,37,210,405,439,292
336,21839.297812657,21839.298694803,,3,GPU-46bf67bb-cb31-bee1-3cf0-c35337ba97d2,ok,0,0,453,27.392,40,210,405,439,292
336,21839.297812657,21839.298496763,,4,GPU-127e16de-2b5f-dde9-1932-b4e29bb818c0,ok,0,0,453,24.353,34,210,405,439,292
337,21840.297812657,21840.298492061,,0,GPU-9b96eb67-aeee-89d5-aa85-fc650af4e25c,ok,0,0,453,26.817,36,210,405,439,292
337,21840.297812657,21840.298665621,,1,GPU-37ffc98b-8551-c8a1-5f3c-27ade9ae735a,ok,46,21,1558,229.521,67,1935,9501,15283,79882
337,21840.297812657,21840.298711151,,2,GPU-5443d59d-561f-ed1e-da42-1975937205f9,ok,0,0,453,27.367,37,210,405,439,292
337,21840.297812657,21840.298598421,,3,GPU-46bf67bb-cb31-bee1-3cf0-c35337ba97d2,ok,0,0,453,27.495,40,210,405,439,292
337,21840.297812657,21840.298731591,,4,GPU-127e16de-2b5f-dde9-1932-b4e29bb818c0,ok,0,0,453,24.317,34,210,405,439,292
338,21841.297812657,21841.298627329,,0,GPU-9b96eb67-aeee-89d5-aa85-fc650af4e25c,ok,0,0,453,26.813,36,210,405,439,341
338,21841.297812657,21841.298440559,,1,GPU-37ffc98b-8551-c8a1-5f3c-27ade9ae735a,ok,38,17,1558,228.818,68,1935,9501,14794,78417
338,21841.297812657,21841.298683689,,2,GPU-5443d59d-561f-ed1e-da42-1975937205f9,ok,0,0,453,27.231,37,210,405,390,292
338,21841.297812657,21841.298724439,,3,GPU-46bf67bb-cb31-bee1-3cf0-c35337ba97d2,ok,0,0,453,27.33,40,210,405,390,292
338,21841.297812657,21841.298592149,,4,GPU-127e16de-2b5f-dde9-1932-b4e29bb818c0,ok,0,0,453,24.171,34,210,405,439,292
339,21842.297812657,21842.299522357,,0,GPU-9b96eb67-aeee-89d5-aa85-fc650af4e25c,ok,0,0,453,26.805,36,210,405,439,292
339,21842.297812657,21842.298491937,,1,GPU-37ffc98b-8551-c8a1-5f3c-27ade9ae735a,ok,34,15,1558,229.335,67,1935,9501,14794,78515
339,21842.297812657,21842.298509067,,2,GPU-5443d59d-561f-ed1e-da42-1975937205f9,ok,0,0,453,27.116,37,210,405,439,341
339,21842.297812657,21842.298621967,,3,GPU-46bf67bb-cb31-bee1-3cf0-c35337ba97d2,ok,0,0,453,27.383,40,210,405,439,292
339,21842.297812657,21842.298559527,,4,GPU-127e16de-2b5f-dde9-1932-b4e29bb818c0,ok,0,0,453,24.161,34,210,405,390,292
340,21843.297812657,21843.298484205,,0,GPU-9b96eb67-aeee-89d5-aa85-fc650af4e25c,ok,0,0,453,26.861,36,210,405,439,292
340,21843.297812657,21843.298468495,,1,GPU-37ffc98b-8551-c8a1-5f3c-27ade9ae735a,ok,37,16,1558,226.863,67,1935,9501,14990,79589
340,21843.297812657,21843.298970065,,2,GPU-5443d59d-561f-ed1e-da42-1975937205f9,ok,0,0,453,27.201,37,210,405,390,292
340,21843.297812657,21843.299867385,,3,GPU-46bf67bb-cb31-bee1-3cf0-c35337ba97d2,ok,0,0,453,27.498,40,210,405,439,292
340,21843.297812657,21843.298356675,,4,GPU-127e16de-2b5f-dde9-1932-b4e29bb818c0,ok,0,0,453,24.16,34,210,405,390,341
341,21844.297812657,21844.298888913,,0,GPU-9b96eb67-aeee-89d5-aa85-fc650af4e25c,ok,0,0,453,26.723,36,210,405,439,341
341,21844.297812657,21844.298412323,,1,GPU-37ffc98b-8551-c8a1-5f3c-27ade9ae735a,ok,37,16,1558,227.252,67,1935,9501,14892,78027
341,21844.297812657,21844.298931083,,2,GPU-5443d59d-561f-ed1e-da42-1975937205f9,ok,0,0,453,27.149,37,210,405,390,292
341,21844.297812657,21844.298547543,,3,GPU-46bf67bb-cb31-bee1-3cf0-c35337ba97d2,ok,0,0,453,27.352,40,210,405,390,292
341,21844.297812657,21844.298499353,,4,GPU-127e16de-2b5f-dde9-1932-b4e29bb818c0,ok,0,0,453,24.192,34,210,405,439,341
342,21845.297812657,21845.298532971,,0,GPU-9b96eb67-aeee-89d5-aa85-fc650af4e25c,ok,0,0,453,26.639,36,210,405,439,292
342,21845.297812657,21845.298382431,,1,GPU-37ffc98b-8551-c8a1-5f3c-27ade9ae735a,ok,38,17,1558,223.798,67,1920,9501,14843,78222
342,21845.297812657,21845.298475421,,2,GPU-5443d59d-561f-ed1e-da42-1975937205f9,ok,0,0,453,27.153,37,210,405,390,341
342,21845.297812657,21845.298821881,,3,GPU-46bf67bb-cb31-bee1-3cf0-c35337ba97d2,ok,0,0,453,27.34,40,210,405,439,341
342,21845.297812657,21845.298594191,,4,GPU-127e16de-2b5f-dde9-1932-b4e29bb818c0,ok,0,0,453,24.374,34,210,405,439,292
343,21846.297812657,21846.299178799,,0,GPU-9b96eb67-aeee-89d5-aa85-fc650af4e25c,ok,0,0,453,26.541,36,210,405,439,292
343,21846.297812657,21846.298588369,,1,GPU-37ffc98b-8551-c8a1-5f3c-27ade9ae735a,ok,38,17,1558,222.236,67,1935,9501,12207,61572
343,21846.297812657,21846.298655549,,2,GPU-5443d59d-561f-ed1e-da42-1975937205f9,ok,0,0,453,27.439,37,210,405,390,341
343,21846.297812657,21846.298417049,,3,GPU-46bf67bb-cb31-bee1-3cf0-c35337ba97d2,ok,0,0,453,27.443,40,210,405,439,292
343,21846.297812657,21846.299209759,,4,GPU-127e16de-2b5f-dde9-1932-b4e29bb818c0,ok,0,0,453,24.464,34,210,405,439,292
344,21847.297812657,21847.298514747,,0,GPU-9b96eb67-aeee-89d5-aa85-fc650af4e25c,ok,0,0,453,26.574,36,210,405,439,292
344,21847.297812657,21847.298582587,,1,GPU-37ffc98b-8551-c8a1-5f3c-27ade9ae735a,ok,39,18,1558,228.197,67,1935,9501,14941,79589
344,21847.297812657,21847.298676227,,2,GPU-5443d59d-561f-ed1e-da42-1975937205f9,ok,0,0,453,27.527,37,210,405,390,292
344,21847.297812657,21847.298700167,,3,GPU-46bf67bb-cb31-bee1-3cf0-c35337ba97d2,ok,0,0,453,27.355,40,210,405,439,292
344,21847.297812657,21847.299503207,,4,GPU-127e16de-2b5f-dde9-1932-b4e29bb818c0,ok,0,0,453,24.521,34,210,405,439,292
345,21848.297812657,21848.298770985,,0,GPU-9b96eb67-aeee-89d5-aa85-fc650af4e25c,ok,0,0,453,26.735,36,210,405,439,292
345,21848.297812657,21848.298389785,,1,GPU-37ffc98b-8551-c8a1-5f3c-27ade9ae735a,ok,38,17,1558,226.877,67,1935,9501,14794,78417
345,21848.297812657,21848.298565145,,2,GPU-5443d59d-561f-ed1e-da42-1975937205f9,ok,0,0,453,27.475,37,210,405,439,292
345,21848.297812657,21848.299409605,,3,GPU-46bf67bb-cb31-bee1-3cf0-c35337ba97d2,ok,0,0,453,27.378,40,210,405,439,292
345,21848.297812657,21848.298667155,,4,GPU-127e16de-2b5f-dde9-1932-b4e29bb818c0,ok,0,0,453,24.573,34,210,405,439,292
346,21849.297812657,21849.298574553,,0,GPU-9b96eb67-aeee-89d5-aa85-fc650af4e25c,ok,0,0,453,26.568,36,210,405,439,292
346,21849.297812657,21849.298835303,,1,GPU-37ffc98b-8551-c8a1-5f3c-27ade9ae735a,ok,41,18,1558,226.599,67,1935,9501,15722,79052
346,21849.297812657,21849.298778713,,2,GPU-5443d59d-561f-ed1e-da42-1975937205f9,ok,0,0,453,27.415,37,210,405,439,292
346,21849.297812657,21849.298749833,,3,GPU-46bf67bb-cb31-bee1-3cf0-c35337ba97d2,ok,0,0,453,27.483,40,210,405,439,341
346,21849.297812657,21849.298804373,,4,GPU-127e16de-2b5f-dde9-1932-b4e29bb818c0,ok,0,0,453,24.354,34,210,405,439,292
347,21850.297812657,21850.298624531,,0,GPU-9b96eb67-aeee-89d5-aa85-fc650af4e25c,ok,0,0,453,26.585,36,210,405,439,292
347,21850.297812657,21850.298506271,,1,GPU-37ffc98b-8551-c8a1-5f3c-27ade9ae735a,ok,41,19,1558,227.313,67,1935,9501,15087,79833
347,21850.297812657,21850.298459811,,2,GPU-5443d59d-561f-ed1e-da42-1975937205f9,ok,0,0,453,27.291,37,210,405,439,292
347,21850.297812657,21850.299440151,,3,GPU-46bf67bb-cb31-bee1-3cf0-c35337ba97d2,ok,0,0,453,27.37,40,210,405,390,341
347,21850.297812657,21850.298602941,,4,GPU-127e16de-2b5f-dde9-1932-b4e29bb818c0,ok,0,0,453,24.229,34,210,405,439,292
348,21851.297812657,21851.298682179,,0,GPU-9b96eb67-aeee-89d5-aa85-fc650af4e25c,ok,0,0,453,26.764,36,210,405,439,292
348,21851.297812657,21851.298517809,,1,GPU-37ffc98b-8551-c8a1-5f3c-27ade9ae735a,ok,42,19,1558,229.521,68,1935,9501,15087,79785
348,21851.297812657,21851.298655889,,2,GPU-5443d59d-561f-ed1e-da42-1975937205f9,ok,0,0,453,27.318,37,210,405,439,292
348,21851.297812657,21851.299469949,,3,GPU-46bf67bb-cb31-bee1-3cf0-c35337ba97d2,ok,0,0,453,27.529,40,210,405,439,292
348,21851.297812657,21851.298463809,,4,GPU-127e16de-2b5f-dde9-1932-b4e29bb818c0,ok,0,0,453,24.17,34,210,405,439,292
349,21852.297812657,21852.298710937,,0,GPU-9b96eb67-aeee-89d5-aa85-fc650af4e25c,ok,0,0,453,26.579,36,210,405,390,341
349,21852.297812657,21852.298566337,,1,GPU-37ffc98b-8551-c8a1-5f3c-27ade9ae735a,ok,42,19,1558,228.341,67,1935,9501,14990,79443
349,21852.297812657,21852.298523807,,2,GPU-5443d59d-561f-ed1e-da42-1975937205f9,ok,0,0,453,27.325,37,210,405,439,292
349,21852.297812657,21852.298605447,,3,GPU-46bf67bb-cb31-bee1-3cf0-c35337ba97d2,ok,0,0,453,27.657,40,210,405,439,292
349,21852.297812657,21852.298752807,,4,GPU-127e16de-2b5f-dde9-1932-b4e29bb818c0,ok,0,0,453,24.189,34,210,405,390,292
350,21853.297812657,21853.298368285,,0,GPU-9b96eb67-aeee-89d5-aa85-fc650af4e25c,ok,0,0,453,26.56,36,210,405,439,341
350,21853.297812657,21853.299080945,,1,GPU-37ffc98b-8551-c8a1-5f3c-27ade9ae735a,ok,34,14,1558,227.858,67,1935,9501,15722,79492
350,21853.297812657,21853.298450155,,2,GPU-5443d59d-561f-ed1e-da42-1975937205f9,ok,0,0,453,27.172,37,210,405,439,341
350,21853.297812657,21853.298579805,,3,GPU-46bf67bb-cb31-bee1-3cf0-c35337ba97d2,ok,0,0,453,27.35,40,210,405,439,292
350,21853.297812657,21853.298552665,,4,GPU-127e16de-2b5f-dde9-1932-b4e29bb818c0,ok,0,0,453,24.136,34,210,405,439,292
351,21854.297812657,21854.298690993,,0,GPU-9b96eb67-aeee-89d5-aa85-fc650af4e25c,ok,0,0,453,26.799,36,210,405,439,341
351,21854.297812657,21854.298639673,,1,GPU-37ffc98b-8551-c8a1-5f3c-27ade9ae735a,ok,34,15,1558,223.266,67,1935,9501,14892,79345
351,21854.297812657,21854.298713243,,2,GPU-5443d59d-561f-ed1e-da42-1975937205f9,ok,0,0,453,27.17,37,210,405,439,292
351,21854.297812657,21854.298471353,,3,GPU-46bf67bb-cb31-bee1-3cf0-c35337ba97d2,ok,0,0,453,27.275,40,210,405,390,292
351,21854.297812657,21854.298666693,,4,GPU-127e16de-2b5f-dde9-1932-b4e29bb818c0,ok,0,0,453,24.187,34,210,405,439,292
352,21855.297812657,21855.298556771,,0,GPU-9b96eb67-aeee-89d5-aa85-fc650af4e25c,ok,0,0,453,26.719,36,210,405,439,292
352,21855.297812657,21855.298353631,,1,GPU-37ffc98b-8551-c8a1-5f3c-27ade9ae735a,ok,35,15,1558,223.633,67,1935,9501,14843,78466
352,21855.297812657,21855.298614301,,2,GPU-5443d59d-561f-ed1e-da42-1975937205f9,ok,0,0,453,27.055,37,210,405,439,292
352,21855.297812657,21855.298796521,,3,GPU-46bf67bb-cb31-bee1-3cf0-c35337ba97d2,ok,0,0,453,27.415,40,210,405,439,341
352,21855.297812657,21855.298592811,,4,GPU-127e16de-2b5f-dde9-1932-b4e29bb818c0,ok,0,0,453,24.214,34,210,405,439,292
353,21856.297812657,21856.299677789,,0,GPU-9b96eb67-aeee-89d5-aa85-fc650af4e25c,ok,0,0,453,26.622,36,210,405,439,292
353,21856.297812657,21856.298695829,,1,GPU-37ffc98b-8551-c8a1-5f3c-27ade9ae735a,ok,37,16,1558,223.729,67,1935,9501,15234,79101
353,21856.297812657,21856.298440819,,2,GPU-5443d59d-561f-ed1e-da42-1975937205f9,ok,0,0,453,27.072,37,210,405,439,292
353,21856.297812657,21856.298524689,,3,GPU-46bf67bb-cb31-bee1-3cf0-c35337ba97d2,ok,0,0,453,27.309,40,210,405,390,292
353,21856.297812657,21856.298667259,,4,GPU-127e16de-2b5f-dde9-1932-b4e29bb818c0,ok,0,0,453,24.045,34,210,405,488,292
354,21857.297812657,21857.298491597,,0,GPU-9b96eb67-aeee-89d5-aa85-fc650af4e25c,ok,0,0,453,26.79,36,210,405,439,341
354,21857.297812657,21857.298525567,,1,GPU-37ffc98b-8551-c8a1-5f3c-27ade9ae735a,ok,38,17,1558,224.529,67,1935,9501,14892,55126
354,21857.297812657,21857.298675257,,2,GPU-5443d59d-561f-ed1e-da42-1975937205f9,ok,0,0,453,27.101,37,210,405,439,292
354,21857.297812657,21857.298596927,,3,GPU-46bf67bb-cb31-bee1-3cf0-c35337ba97d2,ok,0,0,453,27.332,40,210,405,390,292
354,21857.297812657,21857.298630537,,4,GPU-127e16de-2b5f-dde9-1932-b4e29bb818c0,ok,0,0,453,24.189,34,210,405,439,292
355,21858.297812657,21858.299175385,,0,GPU-9b96eb67-aeee-89d5-aa85-fc650af4e25c,ok,0,0,453,26.724,36,210,405,439,292
355,21858.297812657,21858.298628525,,1,GPU-37ffc98b-8551-c8a1-5f3c-27ade9ae735a,ok,38,17,1558,225.717,67,1935,9501,15039,80029
355,21858.297812657,21858.298380115,,2,GPU-5443d59d-561f-ed1e-da42-1975937205f9,ok,0,0,453,27.07,37,210,405,439,292
355,21858.297812657,21858.298687685,,3,GPU-46bf67bb-cb31-bee1-3cf0-c35337ba97d2,ok,0,0,453,27.472,40,210,405,439,292
355,21858.297812657,21858.298667105,,4,GPU-127e16de-2b5f-dde9-1932-b4e29bb818c0,ok,0,0,453,24.17,34,210,405,439,292
356,21859.297812657,21859.298486813,,0,GPU-9b96eb67-aeee-89d5-aa85-fc650af4e25c,ok,0,0,453,26.693,36,210,405,439,292
356,21859.297812657,21859.298565073,,1,GPU-37ffc98b-8551-c8a1-5f3c-27ade9ae735a,ok,39,18,1558,226.267,67,1935,9501,14941,79248
356,21859.297812657,21859.298683763,,2,GPU-5443d59d-561f-ed1e-da42-1975937205f9,ok,0,0,453,27.12,37,210,405,439,341
356,21859.297812657,21859.299529773,,3,GPU-46bf67bb-cb31-bee1-3cf0-c35337ba97d2,ok,0,0,453,27.284,40,210,405,439,292
356,21859.297812657,21859.298662333,,4,GPU-127e16de-2b5f-dde9-1932-b4e29bb818c0,ok,0,0,453,23.92,34,210,405,439,292
357,21860.297812657,21860.298706871,,0,GPU-9b96eb67-aeee-89d5-aa85-fc650af4e25c,ok,0,0,453,26.867,36,210,405,488,292
357,21860.297812657,21860.298766631,,1,GPU-37ffc98b-8551-c8a1-5f3c-27ade9ae735a,ok,37,17,1558,225.663,67,1935,9501,15576,79931
357,21860.297812657,21860.298741711,,2,GPU-5443d59d-561f-ed1e-da42-1975937205f9,ok,0,0,453,27.205,37,210,405,439,292
357,21860.297812657,21860.298547021,,3,GPU-46bf67bb-cb31-bee1-3cf0-c35337ba97d2,ok,0,0,453,27.283,40,210,405,439,292
357,21860.297812657,21860.298586351,,4,GPU-127e16de-2b5f-dde9-1932-b4e29bb818c0,ok,0,0,453,23.836,34,210,405,439,292
358,21861.297812657,21861.299107899,,0,GPU-9b96eb67-aeee-89d5-aa85-fc650af4e25c,ok,0,0,453,26.722,36,210,405,439,341
358,21861.297812657,21861.298649849,,1,GPU-37ffc98b-8551-c8a1-5f3c-27ade9ae735a,ok,42,19,1558,222.06,67,1920,9501,15234,78759
358,21861.297812657,21861.298449919,,2,GPU-5443d59d-561f-ed1e-da42-1975937205f9,ok,0,0,453,27.167,37,210,405,488,292
358,21861.297812657,21861.298635469,,3,GPU-46bf67bb-cb31-bee1-3cf0-c35337ba97d2,ok,0,0,453,27.477,40,210,405,390,341
358,21861.297812657,21861.298584399,,4,GPU-127e16de-2b5f-dde9-1932-b4e29bb818c0,ok,0,0,453,24.065,34,210,405,439,292
359,21862.297812657,21862.298374697,,0,GPU-9b96eb67-aeee-89d5-aa85-fc650af4e25c,ok,0,0,453,26.704,36,210,405,439,292
359,21862.297812657,21862.299103097,,1,GPU-37ffc98b-8551-c8a1-5f3c-27ade9ae735a,ok,43,20,1558,232.677,67,1935,9501,16015,80126
359,21862.297812657,21862.298568687,,2,GPU-5443d59d-561f-ed1e-da42-1975937205f9,ok,0,0,453,27.165,37,210,405,390,292
359,21862.297812657,21862.298657747,,3,GPU-46bf67bb-cb31-bee1-3cf0-c35337ba97d2,ok,0,0,453,27.513,40,210,405,439,341
359,21862.297812657,21862.298684947,,4,GPU-127e16de-2b5f-dde9-1932-b4e29bb818c0,ok,0,0,453,24.108,34,210,405,439,292
360,21863.297812657,21863.300238906,,0,GPU-9b96eb67-aeee-89d5-aa85-fc650af4e25c,ok,0,0,453,26.817,36,210,405,439,292
360,21863.297812657,21863.299007985,,1,GPU-37ffc98b-8551-c8a1-5f3c-27ade9ae735a,ok,56,28,1646,235.756,68,1740,9501,15625,80712
360,21863.297812657,21863.298485735,,2,GPU-5443d59d-561f-ed1e-da42-1975937205f9,ok,0,0,453,27.232,37,210,405,390,341
360,21863.297812657,21863.298447275,,3,GPU-46bf67bb-cb31-bee1-3cf0-c35337ba97d2,ok,0,0,453,27.6,40,210,405,439,341
360,21863.297812657,21863.298288865,,4,GPU-127e16de-2b5f-dde9-1932-b4e29bb818c0,ok,0,0,453,24.07,34,210,405,439,292
361,21864.297812657,21864.298353613,,0,GPU-9b96eb67-aeee-89d5-aa85-fc650af4e25c,ok,0,0,453,26.581,36,210,405,439,292
361,21864.297812657,21864.299064233,,1,GPU-37ffc98b-8551-c8a1-5f3c-27ade9ae735a,ok,43,20,1646,246.993,68,1935,9501,15234,79052
361,21864.297812657,21864.300321844,,2,GPU-5443d59d-561f-ed1e-da42-1975937205f9,ok,0,0,453,27.155,37,210,405,390,292
361,21864.297812657,21864.298560923,,3,GPU-46bf67bb-cb31-bee1-3cf0-c35337ba97d2,ok,0,0,453,27.978,40,210,405,439,341
361,21864.297812657,21864.298491543,,4,GPU-127e16de-2b5f-dde9-1932-b4e29bb818c0,ok,0,0,453,24.066,34,210,405,439,341
362,21865.297812657,21865.300080772,,0,GPU-9b96eb67-aeee-89d5-aa85-fc650af4e25c,ok,0,0,453,26.571,36,210,405,390,292
362,21865.297812657,21865.298488411,,1,GPU-37ffc98b-8551-c8a1-5f3c-27ade9ae735a,ok,39,18,1646,238.341,68,1935,9501,15283,80224
362,21865.297812657,21865.298388761,,2,GPU-5443d59d-561f-ed1e-da42-1975937205f9,ok,0,0,453,27.101,37,210,405,488,292
362,21865.297812657,21865.299414292,,3,GPU-46bf67bb-cb31-bee1-3cf0-c35337ba97d2,ok,0,0,453,27.937,40,210,405,488,292
362,21865.297812657,21865.298575511,,4,GPU-127e16de-2b5f-dde9-1932-b4e29bb818c0,ok,0,0,453,24.033,34,210,405,439,341
363,21866.297812657,21866.298448079,,0,GPU-9b96eb67-aeee-89d5-aa85-fc650af4e25c,ok,0,0,453,26.662,36,210,405,390,292
363,21866.297812657,21866.298551729,,1,GPU-37ffc98b-8551-c8a1-5f3c-27ade9ae735a,ok,40,18,1646,237.138,67,1935,9501,15478,80468
363,21866.297812657,21866.298366729,,2,GPU-5443d59d-561f-ed1e-da42-1975937205f9,ok,0,0,453,27.223,37,210,405,488,292
363,21866.297812657,21866.29907693,,3,GPU-46bf67bb-cb31-bee1-3cf0-c35337ba97d2,ok,0,0,453,27.809,40,210,405,439,292
363,21866.297812657,21866.29971892,,4,GPU-127e16de-2b5f-dde9-1932-b4e29bb818c0,ok,0,0,453,24.184,34,210,405,439,341
364,21867.297812657,21867.298641067,,0,GPU-9b96eb67-aeee-89d5-aa85-fc650af4e25c,ok,0,0,453,26.46,36,210,405,390,292
364,21867.297812657,21867.298487717,,1,GPU-37ffc98b-8551-c8a1-5f3c-27ade9ae735a,ok,35,16,1646,232.829,67,1935,9501,15087,79150
364,21867.297812657,21867.298433967,,2,GPU-5443d59d-561f-ed1e-da42-1975937205f9,ok,0,0,453,27.198,37,210,405,439,292
364,21867.297812657,21867.298593267,,3,GPU-46bf67bb-cb31-bee1-3cf0-c35337ba97d2,ok,0,0,453,28.031,40,210,405,439,292
364,21867.297812657,21867.298529467,,4,GPU-127e16de-2b5f-dde9-1932-b4e29bb818c0,ok,0,0,453,24.057,34,210,405,390,292
365,21868.297812657,21868.299099546,,0,GPU-9b96eb67-aeee-89d5-aa85-fc650af4e25c,ok,0,0,453,26.525,36,210,405,390,292
365,21868.297812657,21868.298603205,,1,GPU-37ffc98b-8551-c8a1-5f3c-27ade9ae735a,ok,37,16,1646,225.1,67,1935,9501,14599,76464
365,21868.297812657,21868.298374635,,2,GPU-5443d59d-561f-ed1e-da42-1975937205f9,ok,0,0,453,27.189,37,210,405,537,292
365,21868.297812657,21868.298638155,,3,GPU-46bf67bb-cb31-bee1-3cf0-c35337ba97d2,ok,0,0,453,27.596,40,210,405,439,292
365,21868.297812657,21868.298563225,,4,GPU-127e16de-2b5f-dde9-1932-b4e29bb818c0,ok,0,0,453,24.051,34,210,405,390,292
366,21869.297812657,21869.298392183,,0,GPU-9b96eb67-aeee-89d5-aa85-fc650af4e25c,ok,0,0,453,26.765,36,210,405,439,341
366,21869.297812657,21869.299856794,,1,GPU-37ffc98b-8551-c8a1-5f3c-27ade9ae735a,ok,38,17,1646,217.526,66,1875,9501,15234,53076
366,21869.297812657,21869.299790794,,2,GPU-5443d59d-561f-ed1e-da42-1975937205f9,ok,0,0,453,27.212,37,210,405,439,341
366,21869.297812657,21869.298359953,,3,GPU-46bf67bb-cb31-bee1-3cf0-c35337ba97d2,ok,0,0,453,27.284,40,210,405,439,292
366,21869.297812657,21869.299830504,,4,GPU-127e16de-2b5f-dde9-1932-b4e29bb818c0,ok,0,0,453,24.069,34,210,405,439,292
367,21870.297812657,21870.298728411,,0,GPU-9b96eb67-aeee-89d5-aa85-fc650af4e25c,ok,0,0,453,26.632,36,210,405,439,292
367,21870.297812657,21870.298416251,,1,GPU-37ffc98b-8551-c8a1-5f3c-27ade9ae735a,ok,39,18,1646,217.064,67,1935,9501,14794,78662
367,21870.297812657,21870.298635121,,2,GPU-5443d59d-561f-ed1e-da42-1975937205f9,ok,0,0,453,27.18,37,210,405,488,292
367,21870.297812657,21870.298529021,,3,GPU-46bf67bb-cb31-bee1-3cf0-c35337ba97d2,ok,0,0,453,27.231,40,210,405,390,292
367,21870.297812657,21870.298690051,,4,GPU-127e16de-2b5f-dde9-1932-b4e29bb818c0,ok,0,0,453,23.849,34,210,405,390,292
368,21871.297812657,21871.29869031,,0,GPU-9b96eb67-aeee-89d5-aa85-fc650af4e25c,ok,0,0,453,26.557,36,210,405,439,292
368,21871.297812657,21871.298440639,,1,GPU-37ffc98b-8551-c8a1-5f3c-27ade9ae735a,ok,38,17,1646,226.067,67,1935,9501,14843,78662
368,21871.297812657,21871.298652709,,2,GPU-5443d59d-561f-ed1e-da42-1975937205f9,ok,0,0,453,27.308,37,210,405,488,292
368,21871.297812657,21871.298539419,,3,GPU-46bf67bb-cb31-bee1-3cf0-c35337ba97d2,ok,0,0,453,27.297,40,210,405,439,292
368,21871.297812657,21871.29872333,,4,GPU-127e16de-2b5f-dde9-1932-b4e29bb818c0,ok,0,0,453,23.828,34,210,405,439,292
369,21872.297812657,21872.298329247,,0,GPU-9b96eb67-aeee-89d5-aa85-fc650af4e25c,ok,0,0,453,26.707,36,210,405,439,292
369,21872.297812657,21872.299070768,,1,GPU-37ffc98b-8551-c8a1-5f3c-27ade9ae735a,ok,40,18,1646,226.7,67,1935,9501,15234,78125
369,21872.297812657,21872.298577167,,2,GPU-5443d59d-561f-ed1e-da42-1975937205f9,ok,0,0,453,27.461,37,210,405,439,292
369,21872.297812657,21872.298533837,,3,GPU-46bf67bb-cb31-bee1-3cf0-c35337ba97d2,ok,0,0,453,27.589,40,210,405,439,292
369,21872.297812657,21872.299113588,,4,GPU-127e16de-2b5f-dde9-1932-b4e29bb818c0,ok,0,0,453,23.888,34,210,405,439,341
370,21873.297812657,21873.298668886,,0,GPU-9b96eb67-aeee-89d5-aa85-fc650af4e25c,ok,0,0,453,26.631,36,210,405,390,292
370,21873.297812657,21873.298568756,,1,GPU-37ffc98b-8551-c8a1-5f3c-27ade9ae735a,ok,42,18,1646,226.558,67,1935,9501,15039,78417
370,21873.297812657,21873.298729866,,2,GPU-5443d59d-561f-ed1e-da42-1975937205f9,ok,0,0,453,27.432,37,210,405,439,292
370,21873.297812657,21873.298693916,,3,GPU-46bf67bb-cb31-bee1-3cf0-c35337ba97d2,ok,0,0,453,27.487,40,210,405,439,292
370,21873.297812657,21873.298531276,,4,GPU-127e16de-2b5f-dde9-1932-b4e29bb818c0,ok,0,0,453,23.824,34,210,405,439,292
371,21874.297812657,21874.298898214,,0,GPU-9b96eb67-aeee-89d5-aa85-fc650af4e25c,ok,0,0,453,26.736,36,210,405,390,341
371,21874.297812657,21874.298232123,,1,GPU-37ffc98b-8551-c8a1-5f3c-27ade9ae735a,ok,42,19,1646,227.91,67,1935,9501,14208,74902
371,21874.297812657,21874.298929394,,2,GPU-5443d59d-561f-ed1e-da42-1975937205f9,ok,0,0,453,27.428,37,210,405,439,292
371,21874.297812657,21874.298845334,,3,GPU-46bf67bb-cb31-bee1-3cf0-c35337ba97d2,ok,0,0,453,27.504,40,210,405,390,341
371,21874.297812657,21874.298796384,,4,GPU-127e16de-2b5f-dde9-1932-b4e29bb818c0,ok,0,0,453,23.64,34,210,405,439,341
372,21875.297812657,21875.298388892,,0,GPU-9b96eb67-aeee-89d5-aa85-fc650af4e25c,ok,0,0,453,26.884,36,210,405,439,292
372,21875.297812657,21875.298641972,,1,GPU-37ffc98b-8551-c8a1-5f3c-27ade9ae735a,ok,43,20,1646,226.595,68,1935,9501,15136,77929
372,21875.297812657,21875.298424272,,2,GPU-5443d59d-561f-ed1e-da42-1975937205f9,ok,0,0,453,27.507,37,210,405,488,292
372,21875.297812657,21875.299738152,,3,GPU-46bf67bb-cb31-bee1-3cf0-c35337ba97d2,ok,0,0,453,27.598,40,210,405,439,341
372,21875.297812657,21875.298603782,,4,GPU-127e16de-2b5f-dde9-1932-b4e29bb818c0,ok,0,0,453,23.77,34,210,405,439,292
373,21876.297812657,21876.29828733,,0,GPU-9b96eb67-aeee-89d5-aa85-fc650af4e25c,ok,0,0,453,26.676,36,210,405,390,292
373,21876.297812657,21876.29908188,,1,GPU-37ffc98b-8551-c8a1-5f3c-27ade9ae735a,ok,35,15,1646,226.649,67,1935,9501,15820,79687
373,21876.297812657,21876.29850221,,2,GPU-5443d59d-561f-ed1e-da42-1975937205f9,ok,0,0,453,27.403,37,210,405,488,292
373,21876.297812657,21876.29905511,,3,GPU-46bf67bb-cb31-bee1-3cf0-c35337ba97d2,ok,0,0,453,27.327,40,210,405,439,341
373,21876.297812657,21876.29845975,,4,GPU-127e16de-2b5f-dde9-1932-b4e29bb818c0,ok,0,0,453,23.969,34,210,405,439,292
374,21877.297812657,21877.298870438,,0,GPU-9b96eb67-aeee-89d5-aa85-fc650af4e25c,ok,0,0,453,26.699,36,210,405,390,292
374,21877.297812657,21877.298337438,,1,GPU-37ffc98b-8551-c8a1-5f3c-27ade9ae735a,ok,34,15,1646,223.894,67,1935,9501,14892,78271
374,21877.297812657,21877.298532838,,2,GPU-5443d59d-561f-ed1e-da42-1975937205f9,ok,0,0,453,27.404,37,210,405,439,292
374,21877.297812657,21877.298897508,,3,GPU-46bf67bb-cb31-bee1-3cf0-c35337ba97d2,ok,0,0,453,27.282,40,210,405,439,341
374,21877.297812657,21877.298498878,,4,GPU-127e16de-2b5f-dde9-1932-b4e29bb818c0,ok,0,0,453,23.978,34,210,405,390,292
375,21878.297812657,21878.298414416,,0,GPU-9b96eb67-aeee-89d5-aa85-fc650af4e25c,ok,0,0,453,26.878,36,210,405,439,292
375,21878.297812657,21878.298646166,,1,GPU-37ffc98b-8551-c8a1-5f3c-27ade9ae735a,ok,37,16,1646,224.588,67,1935,9501,15185,79541
375,21878.297812657,21878.298692606,,2,GPU-5443d59d-561f-ed1e-da42-1975937205f9,ok,0,0,453,27.59,37,210,405,537,341
375,21878.297812657,21878.298494866,,3,GPU-46bf67bb-cb31-bee1-3cf0-c35337ba97d2,ok,0,0,453,27.41,40,210,405,439,341
375,21878.297812657,21878.298716806,,4,GPU-127e16de-2b5f-dde9-1932-b4e29bb818c0,ok,0,0,453,24.001,34,210,405,439,292
376,21879.297812657,21879.298693244,,0,GPU-9b96eb67-aeee-89d5-aa85-fc650af4e25c,ok,0,0,453,26.722,36,210,405,439,341
376,21879.297812657,21879.298438794,,1,GPU-37ffc98b-8551-c8a1-5f3c-27ade9ae735a,ok,37,16,1646,226.151,67,1935,9501,14843,78906
376,21879.297812657,21879.298725624,,2,GPU-5443d59d-561f-ed1e-da42-1975937205f9,ok,0,0,453,27.668,37,210,405,439,292
376,21879.297812657,21879.298670334,,3,GPU-46bf67bb-cb31-bee1-3cf0-c35337ba97d2,ok,0,0,453,27.293,40,210,405,439,292
376,21879.297812657,21879.298629984,,4,GPU-127e16de-2b5f-dde9-1932-b4e29bb818c0,ok,0,0,453,23.941,34,210,405,439,292
377,21880.297812657,21880.298707902,,0,GPU-9b96eb67-aeee-89d5-aa85-fc650af4e25c,ok,0,0,453,26.757,36,210,405,390,292
377,21880.297812657,21880.298608512,,1,GPU-37ffc98b-8551-c8a1-5f3c-27ade9ae735a,ok,40,18,1646,227.933,67,1935,9501,15429,79833
377,21880.297812657,21880.298512372,,2,GPU-5443d59d-561f-ed1e-da42-1975937205f9,ok,0,0,453,27.731,37,210,405,537,292
377,21880.297812657,21880.298736282,,3,GPU-46bf67bb-cb31-bee1-3cf0-c35337ba97d2,ok,0,0,453,27.356,40,210,405,390,292
377,21880.297812657,21880.298550352,,4,GPU-127e16de-2b5f-dde9-1932-b4e29bb818c0,ok,0,0,453,23.787,34,210,405,390,292
378,21881.297812657,21881.29834449,,0,GPU-9b96eb67-aeee-89d5-aa85-fc650af4e25c,ok,0,0,453,26.89,36,210,405,390,292
378,21881.297812657,21881.29912788,,1,GPU-37ffc98b-8551-c8a1-5f3c-27ade9ae735a,ok,39,17,1646,229.398,67,1935,9501,15527,78906
378,21881.297812657,21881.29857487,,2,GPU-5443d59d-561f-ed1e-da42-1975937205f9,ok,0,0,453,27.736,37,210,405,537,292
378,21881.297812657,21881.29854318,,3,GPU-46bf67bb-cb31-bee1-3cf0-c35337ba97d2,ok,0,0,453,27.581,40,210,405,439,292
378,21881.297812657,21881.2991446,,4,GPU-127e16de-2b5f-dde9-1932-b4e29bb818c0,ok,0,0,453,23.761,34,210,405,439,292
379,21882.297812657,21882.298689508,,0,GPU-9b96eb67-aeee-89d5-aa85-fc650af4e25c,ok,0,0,453,26.678,36,210,405,439,292
379,21882.297812657,21882.298715628,,1,GPU-37ffc98b-8551-c8a1-5f3c-27ade9ae735a,ok,39,17,1646,226.602,67,1935,9501,14746,76367
379,21882.297812657,21882.298576728,,2,GPU-5443d59d-561f-ed1e-da42-1975937205f9,ok,0,0,453,27.595,37,210,405,537,292
379,21882.297812657,21882.298550518,,3,GPU-46bf67bb-cb31-bee1-3cf0-c35337ba97d2,ok,0,0,453,27.346,40,210,405,439,292
379,21882.297812657,21882.298631208,,4,GPU-127e16de-2b5f-dde9-1932-b4e29bb818c0,ok,0,0,453,23.775,34,210,405,439,292
380,21883.297812657,21883.298523396,,0,GPU-9b96eb67-aeee-89d5-aa85-fc650af4e25c,ok,0,0,453,26.612,36,210,405,439,341
380,21883.297812657,21883.298247036,,1,GPU-37ffc98b-8551-c8a1-5f3c-27ade9ae735a,ok,39,18,1646,225.801,67,1935,9501,14941,78955
380,21883.297812657,21883.298440476,,2,GPU-5443d59d-561f-ed1e-da42-1975937205f9,ok,0,0,453,27.513,37,210,405,488,292
380,21883.297812657,21883.299320566,,3,GPU-46bf67bb-cb31-bee1-3cf0-c35337ba97d2,ok,0,0,453,27.225,40,210,405,439,341
380,21883.297812657,21883.298679696,,4,GPU-127e16de-2b5f-dde9-1932-b4e29bb818c0,ok,0,0,453,23.845,34,210,405,439,292
381,21884.297812657,21884.298571124,,0,GPU-9b96eb67-aeee-89d5-aa85-fc650af4e25c,ok,0,0,453,26.527,36,210,405,439,292
381,21884.297812657,21884.298537084,,1,GPU-37ffc98b-8551-c8a1-5f3c-27ade9ae735a,ok,41,18,1646,227.071,67,1935,9501,14208,74609
381,21884.297812657,21884.298706604,,2,GPU-5443d59d-561f-ed1e-da42-1975937205f9,ok,0,0,453,27.496,37,210,405,439,292
381,21884.297812657,21884.299548514,,3,GPU-46bf67bb-cb31-bee1-3cf0-c35337ba97d2,ok,0,0,453,27.542,40,210,405,390,341
381,21884.297812657,21884.298644874,,4,GPU-127e16de-2b5f-dde9-1932-b4e29bb818c0,ok,0,0,453,23.923,34,210,405,390,292
382,21885.297812657,21885.298556762,,0,GPU-9b96eb67-aeee-89d5-aa85-fc650af4e25c,ok,0,0,453,26.518,36,210,405,439,292
382,21885.297812657,21885.298269212,,1,GPU-37ffc98b-8551-c8a1-5f3c-27ade9ae735a,ok,40,18,1646,225.012,67,1935,9501,14941,78222
382,21885.297812657,21885.298739752,,2,GPU-5443d59d-561f-ed1e-da42-1975937205f9,ok,0,0,453,27.351,37,210,405,488,292
382,21885.297812657,21885.298529172,,3,GPU-46bf67bb-cb31-bee1-3cf0-c35337ba97d2,ok,0,0,453,27.505,40,210,405,390,292
382,21885.297812657,21885.298678412,,4,GPU-127e16de-2b5f-dde9-1932-b4e29bb818c0,ok,0,0,453,23.827,34,210,405,439,292
383,21886.297812657,21886.29905646,,0,GPU-9b96eb67-aeee-89d5-aa85-fc650af4e25c,ok,0,0,453,26.68,36,210,405,390,292
383,21886.297812657,21886.29868311,,1,GPU-37ffc98b-8551-c8a1-5f3c-27ade9ae735a,ok,45,21,1646,228.668,68,1935,9501,15039,78076
383,21886.297812657,21886.29869895,,2,GPU-5443d59d-561f-ed1e-da42-1975937205f9,ok,0,0,453,27.28,37,210,405,537,292
383,21886.297812657,21886.29874467,,3,GPU-46bf67bb-cb31-bee1-3cf0-c35337ba97d2,ok,0,0,453,27.498,40,210,405,439,292
383,21886.297812657,21886.29843649,,4,GPU-127e16de-2b5f-dde9-1932-b4e29bb818c0,ok,0,0,453,23.856,34,210,405,439,341
384,21887.297812657,21887.298698558,,0,GPU-9b96eb67-aeee-89d5-aa85-fc650af4e25c,ok,0,0,453,26.646,36,210,405,390,292
384,21887.297812657,21887.299097608,,1,GPU-37ffc98b-8551-c8a1-5f3c-27ade9ae735a,ok,41,18,1646,229.415,67,1935,9501,15527,79199
384,21887.297812657,21887.298369128,,2,GPU-5443d59d-561f-ed1e-da42-1975937205f9,ok,0,0,453,27.441,37,210,405,537,292
384,21887.297812657,21887.299167538,,3,GPU-46bf67bb-cb31-bee1-3cf0-c35337ba97d2,ok,0,0,453,27.588,40,210,405,439,292
384,21887.297812657,21887.298732868,,4,GPU-127e16de-2b5f-dde9-1932-b4e29bb818c0,ok,0,0,453,23.757,34,210,405,439,341
385,21888.297812657,21888.298776736,,0,GPU-9b96eb67-aeee-89d5-aa85-fc650af4e25c,ok,0,0,453,26.648,36,210,405,390,292
385,21888.297812657,21888.298501966,,1,GPU-37ffc98b-8551-c8a1-5f3c-27ade9ae735a,ok,34,15,1646,227.608,67,1935,9501,14892,78320
385,21888.297812657,21888.298718116,,2,GPU-5443d59d-561f-ed1e-da42-1975937205f9,ok,0,0,453,27.485,37,210,405,537,292
385,21888.297812657,21888.298675586,,3,GPU-46bf67bb-cb31-bee1-3cf0-c35337ba97d2,ok,0,0,453,27.342,40,210,405,390,292
385,21888.297812657,21888.298743896,,4,GPU-127e16de-2b5f-dde9-1932-b4e29bb818c0,ok,0,0,453,23.696,34,210,405,439,292
386,21889.297812657,21889.298710064,,0,GPU-9b96eb67-aeee-89d5-aa85-fc650af4e25c,ok,0,0,453,26.78,36,210,405,390,341
386,21889.297812657,21889.298233634,,1,GPU-37ffc98b-8551-c8a1-5f3c-27ade9ae735a,ok,36,16,1646,224.905,67,1935,9501,14941,78759
386,21889.297812657,21889.298425534,,2,GPU-5443d59d-561f-ed1e-da42-1975937205f9,ok,0,0,453,27.505,37,210,405,537,341
386,21889.297812657,21889.299349144,,3,GPU-46bf67bb-cb31-bee1-3cf0-c35337ba97d2,ok,0,0,453,27.312,40,210,405,439,292
386,21889.297812657,21889.298769294,,4,GPU-127e16de-2b5f-dde9-1932-b4e29bb818c0,ok,0,0,453,23.809,34,210,405,439,292
387,21890.297812657,21890.298543122,,0,GPU-9b96eb67-aeee-89d5-aa85-fc650af4e25c,ok,0,0,453,26.688,36,210,405,390,292
387,21890.297812657,21890.298427872,,1,GPU-37ffc98b-8551-c8a1-5f3c-27ade9ae735a,ok,37,16,1646,225.636,67,1935,9501,14794,78613
387,21890.297812657,21890.299416682,,2,GPU-5443d59d-561f-ed1e-da42-1975937205f9,ok,0,0,453,27.587,37,210,405,488,341
387,21890.297812657,21890.298870012,,3,GPU-46bf67bb-cb31-bee1-3cf0-c35337ba97d2,ok,0,0,453,27.472,40,210,405,439,341
387,21890.297812657,21890.298486862,,4,GPU-127e16de-2b5f-dde9-1932-b4e29bb818c0,ok,0,0,453,23.753,34,210,405,439,292
388,21891.297812657,21891.29918168,,0,GPU-9b96eb67-aeee-89d5-aa85-fc650af4e25c,ok,0,0,453,26.649,36,210,405,488,292
388,21891.297812657,21891.29856646,,1,GPU-37ffc98b-8551-c8a1-5f3c-27ade9ae735a,ok,38,16,1646,225.425,67,1935,9501,15332,78515
388,21891.297812657,21891.29915913,,2,GPU-5443d59d-561f-ed1e-da42-1975937205f9,ok,0,0,453,27.599,37,210,405,488,341
388,21891.297812657,21891.29841937,,3,GPU-46bf67bb-cb31-bee1-3cf0-c35337ba97d2,ok,0,0,453,27.341,40,210,405,439,292
388,21891.297812657,21891.29853687,,4,GPU-127e16de-2b5f-dde9-1932-b4e29bb818c0,ok,0,0,453,23.65,34,210,405,439,292
389,21892.297812657,21892.299760438,,0,GPU-9b96eb67-aeee-89d5-aa85-fc650af4e25c,ok,0,0,453,26.752,36,210,405,390,292
389,21892.297812657,21892.298580718,,1,GPU-37ffc98b-8551-c8a1-5f3c-27ade9ae735a,ok,39,18,1646,229.382,67,1935,9501,12109,79394
389,21892.297812657,21892.298425808,,2,GPU-5443d59d-561f-ed1e-da42-1975937205f9,ok,0,0,453,27.631,37,210,405,488,341
389,21892.297812657,21892.298399198,,3,GPU-46bf67bb-cb31-bee1-3cf0-c35337ba97d2,ok,0,0,453,27.386,40,210,405,439,292
389,21892.297812657,21892.299712868,,4,GPU-127e16de-2b5f-dde9-1932-b4e29bb818c0,ok,0,0,453,23.756,34,210,405,439,341
390,21893.297812657,21893.299065586,,0,GPU-9b96eb67-aeee-89d5-aa85-fc650af4e25c,ok,0,0,453,26.667,36,210,405,439,292
390,21893.297812657,21893.299186126,,1,GPU-37ffc98b-8551-c8a1-5f3c-27ade9ae735a,ok,38,17,1646,227.878,67,1935,9501,15527,79150
390,21893.297812657,21893.298213236,,2,GPU-5443d59d-561f-ed1e-da42-1975937205f9,ok,0,0,453,27.489,37,210,405,537,341
390,21893.297812657,21893.299147146,,3,GPU-46bf67bb-cb31-bee1-3cf0-c35337ba97d2,ok,0,0,453,27.547,40,210,405,390,292
390,21893.297812657,21893.299118326,,4,GPU-127e16de-2b5f-dde9-1932-b4e29bb818c0,ok,0,0,453,24.041,34,210,405,439,341
391,21894.297812657,21894.298748134,,0,GPU-9b96eb67-aeee-89d5-aa85-fc650af4e25c,ok,0,0,453,26.819,36,210,405,439,341
391,21894.297812657,21894.298256384,,1,GPU-37ffc98b-8551-c8a1-5f3c-27ade9ae735a,ok,38,17,1646,225.215,67,1935,9501,14892,78271
391,21894.297812657,21894.298546204,,2,GPU-5443d59d-561f-ed1e-da42-1975937205f9,ok,0,0,453,27.537,37,210,405,537,292
391,21894.297812657,21894.298513684,,3,GPU-46bf67bb-cb31-bee1-3cf0-c35337ba97d2,ok,0,0,453,27.296,40,210,405,439,292
391,21894.297812657,21894.298709534,,4,GPU-127e16de-2b5f-dde9-1932-b4e29bb818c0,ok,0,0,453,24.121,34,210,405,439,341
392,21895.297812657,21895.299652772,,0,GPU-9b96eb67-aeee-89d5-aa85-fc650af4e25c,ok,0,0,453,26.926,36,210,405,439,341
392,21895.297812657,21895.299022972,,1,GPU-37ffc98b-8551-c8a1-5f3c-27ade9ae735a,ok,40,18,1646,226.3,67,1935,9501,15234,78613
392,21895.297812657,21895.299064262,,2,GPU-5443d59d-561f-ed1e-da42-1975937205f9,ok,0,0,453,27.537,37,210,405,537,292
392,21895.297812657,21895.298277232,,3,GPU-46bf67bb-cb31-bee1-3cf0-c35337ba97d2,ok,0,0,453,27.296,40,210,405,439,292
392,21895.297812657,21895.298417262,,4,GPU-127e16de-2b5f-dde9-1932-b4e29bb818c0,ok,0,0,453,23.946,34,210,405,439,341
393,21896.297812657,21896.29850317,,0,GPU-9b96eb67-aeee-89d5-aa85-fc650af4e25c,ok,0,0,453,26.635,36,210,405,439,292
393,21896.297812657,21896.29847802,,1,GPU-37ffc98b-8551-c8a1-5f3c-27ade9ae735a,ok,42,19,1646,227.3,67,1935,9501,14892,78027
393,21896.297812657,21896.29865079,,2,GPU-5443d59d-561f-ed1e-da42-1975937205f9,ok,0,0,453,27.367,37,210,405,537,292
393,21896.297812657,21896.2994795,,3,GPU-46bf67bb-cb31-bee1-3cf0-c35337ba97d2,ok,0,0,453,27.479,40,210,405,439,292
393,21896.297812657,21896.29858848,,4,GPU-127e16de-2b5f-dde9-1932-b4e29bb818c0,ok,0,0,453,23.815,34,210,405,439,292
394,21897.297812657,21897.298626328,,0,GPU-9b96eb67-aeee-89d5-aa85-fc650af4e25c,ok,0,0,453,26.555,36,210,405,439,292
394,21897.297812657,21897.298400668,,1,GPU-37ffc98b-8551-c8a1-5f3c-27ade9ae735a,ok,41,18,1646,228.255,68,1935,9501,14794,78662
394,21897.297812657,21897.298659308,,2,GPU-5443d59d-561f-ed1e-da42-1975937205f9,ok,0,0,453,27.335,37,210,405,537,292
394,21897.297812657,21897.298845418,,3,GPU-46bf67bb-cb31-bee1-3cf0-c35337ba97d2,ok,0,0,453,27.349,40,210,405,439,292
394,21897.297812657,21897.298586588,,4,GPU-127e16de-2b5f-dde9-1932-b4e29bb818c0,ok,0,0,453,23.846,34,210,405,439,292
395,21898.297812657,21898.298693246,,0,GPU-9b96eb67-aeee-89d5-aa85-fc650af4e25c,ok,0,0,453,26.71,36,210,405,439,292
395,21898.297812657,21898.298763476,,1,GPU-37ffc98b-8551-c8a1-5f3c-27ade9ae735a,ok,43,20,1646,230.289,67,1935,9501,15185,78271
395,21898.297812657,21898.298790476,,2,GPU-5443d59d-561f-ed1e-da42-1975937205f9,ok,0,0,453,27.369,37,210,405,488,292
395,21898.297812657,21898.298506056,,3,GPU-46bf67bb-cb31-bee1-3cf0-c35337ba97d2,ok,0,0,453,27.389,40,210,405,439,341
395,21898.297812657,21898.298654466,,4,GPU-127e16de-2b5f-dde9-1932-b4e29bb818c0,ok,0,0,453,23.838,34,210,405,390,292
396,21899.297812657,21899.298367134,,0,GPU-9b96eb67-aeee-89d5-aa85-fc650af4e25c,ok,0,0,453,26.649,36,210,405,439,292
396,21899.297812657,21899.298596724,,1,GPU-37ffc98b-8551-c8a1-5f3c-27ade9ae735a,ok,35,15,1646,229.646,67,1935,9501,15332,79248
396,21899.297812657,21899.298569934,,2,GPU-5443d59d-561f-ed1e-da42-1975937205f9,ok,0,0,453,27.322,37,210,405,488,341
396,21899.297812657,21899.298981144,,3,GPU-46bf67bb-cb31-bee1-3cf0-c35337ba97d2,ok,0,0,453,27.527,40,210,405,439,341
396,21899.297812657,21899.298537334,,4,GPU-127e16de-2b5f-dde9-1932-b4e29bb818c0,ok,0,0,453,24.049,34,210,405,439,292
397,21900.297812657,21900.299773793,,0,GPU-9b96eb67-aeee-89d5-aa85-fc650af4e25c,ok,0,0,453,26.771,36,210,405,439,292
397,21900.297812657,21900.298626872,,1,GPU-37ffc98b-8551-c8a1-5f3c-27ade9ae735a,ok,35,16,1646,225.427,67,1920,9501,15234,78515
397,21900.297812657,21900.298498032,,2,GPU-5443d59d-561f-ed1e-da42-1975937205f9,ok,0,0,453,27.393,37,210,405,537,341
397,21900.297812657,21900.298459262,,3,GPU-46bf67bb-cb31-bee1-3cf0-c35337ba97d2,ok,0,0,453,27.333,40,210,405,439,292
397,21900.297812657,21900.298600312,,4,GPU-127e16de-2b5f-dde9-1932-b4e29bb818c0,ok,0,0,453,24.224,34,210,405,439,292
398,21901.297812657,21901.29866115,,0,GPU-9b96eb67-aeee-89d5-aa85-fc650af4e25c,ok,0,0,453,26.854,36,210,405,439,292
398,21901.297812657,21901.29849234,,1,GPU-37ffc98b-8551-c8a1-5f3c-27ade9ae735a,ok,38,17,1646,220.971,67,1935,9501,15136,79541
398,21901.297812657,21901.29868078,,2,GPU-5443d59d-561f-ed1e-da42-1975937205f9,ok,0,0,453,27.527,37,210,405,537,292
398,21901.297812657,21901.298568,,3,GPU-46bf67bb-cb31-bee1-3cf0-c35337ba97d2,ok,0,0,453,27.242,40,210,405,439,292
398,21901.297812657,21901.29846302,,4,GPU-127e16de-2b5f-dde9-1932-b4e29bb818c0,ok,0,0,453,23.817,34,210,405,439,292
399,21902.297812657,21902.298620778,,0,GPU-9b96eb67-aeee-89d5-aa85-fc650af4e25c,ok,0,0,453,26.633,36,210,405,439,292
399,21902.297812657,21902.298585618,,1,GPU-37ffc98b-8551-c8a1-5f3c-27ade9ae735a,ok,38,17,1646,228.803,67,1935,9501,15136,79541
399,21902.297812657,21902.298637328,,2,GPU-5443d59d-561f-ed1e-da42-1975937205f9,ok,0,0,453,27.488,37,210,405,488,292
399,21902.297812657,21902.298677858,,3,GPU-46bf67bb-cb31-bee1-3cf0-c35337ba97d2,ok,0,0,453,27.51,40,210,405,439,341
399,21902.297812657,21902.298549678,,4,GPU-127e16de-2b5f-dde9-1932-b4e29bb818c0,ok,0,0,453,23.855,34,210,405,439,341
400,21903.297812657,21903.299034766,,0,GPU-9b96eb67-aeee-89d5-aa85-fc650af4e25c,ok,0,0,453,26.661,36,210,405,439,292
400,21903.297812657,21903.298526826,,1,GPU-37ffc98b-8551-c8a1-5f3c-27ade9ae735a,ok,39,18,1646,225.577,67,1920,9501,15429,55859
400,21903.297812657,21903.298304266,,2,GPU-5443d59d-561f-ed1e-da42-1975937205f9,ok,0,0,453,27.428,37,210,405,488,292
400,21903.297812657,21903.299097026,,3,GPU-46bf67bb-cb31-bee1-3cf0-c35337ba97d2,ok,0,0,453,27.47,40,210,405,390,341
400,21903.297812657,21903.298503496,,4,GPU-127e16de-2b5f-dde9-1932-b4e29bb818c0,ok,0,0,453,24.071,34,210,405,439,341
401,21904.297812657,21904.298664724,,0,GPU-9b96eb67-aeee-89d5-aa85-fc650af4e25c,ok,0,0,453,26.791,36,210,405,390,292
401,21904.297812657,21904.298486514,,1,GPU-37ffc98b-8551-c8a1-5f3c-27ade9ae735a,ok,38,17,1646,224.072,67,1935,9501,14599,78759
401,21904.297812657,21904.298766614,,2,GPU-5443d59d-561f-ed1e-da42-1975937205f9,ok,0,0,453,27.513,37,210,405,537,292
401,21904.297812657,21904.298809744,,3,GPU-46bf67bb-cb31-bee1-3cf0-c35337ba97d2,ok,0,0,453,27.386,40,210,405,439,341
401,21904.297812657,21904.298624064,,4,GPU-127e16de-2b5f-dde9-1932-b4e29bb818c0,ok,0,0,453,23.902,34,210,405,439,292
402,21905.297812657,21905.298628382,,0,GPU-9b96eb67-aeee-89d5-aa85-fc650af4e25c,ok,0,0,453,26.696,36,210,405,390,341
402,21905.297812657,21905.300424773,,1,GPU-37ffc98b-8551-c8a1-5f3c-27ade9ae735a,ok,37,16,1646,224.949,67,1935,9501,15917,79785
402,21905.297812657,21905.298804702,,2,GPU-5443d59d-561f-ed1e-da42-1975937205f9,ok,0,0,453,27.438,37,210,405,488,292
402,21905.297812657,21905.298483472,,3,GPU-46bf67bb-cb31-bee1-3cf0-c35337ba97d2,ok,0,0,453,27.479,40,210,405,439,292
402,21905.297812657,21905.298592092,,4,GPU-127e16de-2b5f-dde9-1932-b4e29bb818c0,ok,0,0,453,23.781,34,210,405,390,292
403,21906.297812657,21906.2986617,,0,GPU-9b96eb67-aeee-89d5-aa85-fc650af4e25c,ok,0,0,453,26.719,36,210,405,390,292
403,21906.297812657,21906.29869918,,1,GPU-37ffc98b-8551-c8a1-5f3c-27ade9ae735a,ok,39,18,1646,224.772,67,1935,9501,15332,80029
403,21906.297812657,21906.29841965,,2,GPU-5443d59d-561f-ed1e-da42-1975937205f9,ok,0,0,453,27.375,37,210,405,537,292
403,21906.297812657,21906.2986036,,3,GPU-46bf67bb-cb31-bee1-3cf0-c35337ba97d2,ok,0,0,453,27.288,40,210,405,390,292
403,21906.297812657,21906.29913399,,4,GPU-127e16de-2b5f-dde9-1932-b4e29bb818c0,ok,0,0,453,23.819,34,210,405,439,292
404,21907.297812657,21907.298634018,,0,GPU-9b96eb67-aeee-89d5-aa85-fc650af4e25c,ok,0,0,453,26.763,36,210,405,390,292
404,21907.297812657,21907.298734028,,1,GPU-37ffc98b-8551-c8a1-5f3c-27ade9ae735a,ok,40,18,1646,225.495,67,1935,9501,15332,79589
404,21907.297812657,21907.298788308,,2,GPU-5443d59d-561f-ed1e-da42-1975937205f9,ok,0,0,453,27.494,36,210,405,537,292
404,21907.297812657,21907.298761738,,3,GPU-46bf67bb-cb31-bee1-3cf0-c35337ba97d2,ok,0,0,453,27.286,40,210,405,390,292
404,21907.297812657,21907.298617868,,4,GPU-127e16de-2b5f-dde9-1932-b4e29bb818c0,ok,0,0,453,24.036,34,210,405,439,292
405,21908.297812657,21908.298747366,,0,GPU-9b96eb67-aeee-89d5-aa85-fc650af4e25c,ok,0,0,453,26.593,36,210,405,390,341
405,21908.297812657,21908.298182376,,1,GPU-37ffc98b-8551-c8a1-5f3c-27ade9ae735a,ok,42,19,1646,226.07,67,1935,9501,13378,78662
405,21908.297812657,21908.298910876,,2,GPU-5443d59d-561f-ed1e-da42-1975937205f9,ok,0,0,453,27.435,36,210,405,488,292
405,21908.297812657,21908.298943836,,3,GPU-46bf67bb-cb31-bee1-3cf0-c35337ba97d2,ok,0,0,453,27.384,40,210,405,439,292
405,21908.297812657,21908.298880436,,4,GPU-127e16de-2b5f-dde9-1932-b4e29bb818c0,ok,0,0,453,24.122,34,210,405,439,292
406,21909.297812657,21909.298910424,,0,GPU-9b96eb67-aeee-89d5-aa85-fc650af4e25c,ok,0,0,453,26.65,36,210,405,439,292
406,21909.297812657,21909.298412424,,1,GPU-37ffc98b-8551-c8a1-5f3c-27ade9ae735a,ok,44,21,1646,227.909,67,1935,9501,15087,78271
406,21909.297812657,21909.298509704,,2,GPU-5443d59d-561f-ed1e-da42-1975937205f9,ok,0,0,453,27.409,37,210,405,537,292
406,21909.297812657,21909.300172315,,3,GPU-46bf67bb-cb31-bee1-3cf0-c35337ba97d2,ok,0,0,453,27.332,40,210,405,439,341
406,21909.297812657,21909.298556354,,4,GPU-127e16de-2b5f-dde9-1932-b4e29bb818c0,ok,0,0,453,23.957,34,210,405,439,341
407,21910.297812657,21910.298356452,,0,GPU-9b96eb67-aeee-89d5-aa85-fc650af4e25c,ok,0,0,453,26.909,36,210,405,439,292
407,21910.297812657,21910.298565402,,1,GPU-37ffc98b-8551-c8a1-5f3c-27ade9ae735a,ok,35,15,1646,228.61,67,1935,9501,15185,78955
407,21910.297812657,21910.299725583,,2,GPU-5443d59d-561f-ed1e-da42-1975937205f9,ok,0,0,453,27.575,37,210,405,488,292
407,21910.297812657,21910.299038343,,3,GPU-46bf67bb-cb31-bee1-3cf0-c35337ba97d2,ok,0,0,453,27.509,40,210,405,439,292
407,21910.297812657,21910.298454542,,4,GPU-127e16de-2b5f-dde9-1932-b4e29bb818c0,ok,0,0,453,23.894,34,210,405,390,292
408,21911.297812657,21911.298971361,,0,GPU-9b96eb67-aeee-89d5-aa85-fc650af4e25c,ok,0,0,453,26.802,36,210,405,439,292
408,21911.297812657,21911.299079311,,1,GPU-37ffc98b-8551-c8a1-5f3c-27ade9ae735a,ok,34,15,1646,224.522,67,1935,9501,15234,78662
408,21911.297812657,21911.29845429,,2,GPU-5443d59d-561f-ed1e-da42-1975937205f9,ok,0,0,453,27.49,37,210,405,537,292
408,21911.297812657,21911.2982571,,3,GPU-46bf67bb-cb31-bee1-3cf0-c35337ba97d2,ok,0,0,453,27.461,40,210,405,390,292
408,21911.297812657,21911.299121121,,4,GPU-127e16de-2b5f-dde9-1932-b4e29bb818c0,ok,0,0,453,24.006,34,210,405,439,341
409,21912.297812657,21912.298547788,,0,GPU-9b96eb67-aeee-89d5-aa85-fc650af4e25c,ok,0,0,453,26.635,36,210,405,439,341
409,21912.297812657,21912.299117109,,1,GPU-37ffc98b-8551-c8a1-5f3c-27ade9ae735a,ok,34,15,1646,222.631,67,1935,9501,15283,78076
409,21912.297812657,21912.298409428,,2,GPU-5443d59d-561f-ed1e-da42-1975937205f9,ok,0,0,453,27.388,37,210,405,537,292
409,21912.297812657,21912.299758369,,3,GPU-46bf67bb-cb31-bee1-3cf0-c35337ba97d2,ok,0,0,453,27.35,40,210,405,439,292
409,21912.297812657,21912.298470198,,4,GPU-127e16de-2b5f-dde9-1932-b4e29bb818c0,ok,0,0,453,23.91,34,210,405,390,341
410,21913.297812657,21913.298515886,,0,GPU-9b96eb67-aeee-89d5-aa85-fc650af4e25c,ok,0,0,453,26.806,36,210,405,390,292
410,21913.297812657,21913.298338906,,1,GPU-37ffc98b-8551-c8a1-5f3c-27ade9ae735a,ok,36,16,1646,222.849,67,1935,9501,14013,74707
410,21913.297812657,21913.298825987,,2,GPU-5443d59d-561f-ed1e-da42-1975937205f9,ok,0,0,453,27.412,37,210,405,537,292
410,21913.297812657,21913.298884077,,3,GPU-46bf67bb-cb31-bee1-3cf0-c35337ba97d2,ok,0,0,453,27.435,40,210,405,439,341
410,21913.297812657,21913.298454126,,4,GPU-127e16de-2b5f-dde9-1932-b4e29bb818c0,ok,0,0,453,23.951,34,210,405,439,341
411,21914.297812657,21914.298670164,,0,GPU-9b96eb67-aeee-89d5-aa85-fc650af4e25c,ok,0,0,453,26.652,36,210,405,390,292
411,21914.297812657,21914.298635114,,1,GPU-37ffc98b-8551-c8a1-5f3c-27ade9ae735a,ok,37,17,1646,223.449,67,1935,9501,15429,79248
411,21914.297812657,21914.298721725,,2,GPU-5443d59d-561f-ed1e-da42-1975937205f9,ok,0,0,453,27.322,37,210,405,537,292
411,21914.297812657,21914.298553724,,3,GPU-46bf67bb-cb31-bee1-3cf0-c35337ba97d2,ok,0,0,453,27.274,40,210,405,439,292
411,21914.297812657,21914.298605014,,4,GPU-127e16de-2b5f-dde9-1932-b4e29bb818c0,ok,0,0,453,24.069,34,210,405,390,341
412,21915.297812657,21915.298627683,,0,GPU-9b96eb67-aeee-89d5-aa85-fc650af4e25c,ok,0,0,453,26.558,36,210,405,439,341
412,21915.297812657,21915.298430712,,1,GPU-37ffc98b-8551-c8a1-5f3c-27ade9ae735a,ok,38,17,1646,225.952,67,1935,9501,15039,78808
412,21915.297812657,21915.298692493,,2,GPU-5443d59d-561f-ed1e-da42-1975937205f9,ok,0,0,453,27.349,37,210,405,537,341
412,21915.297812657,21915.298866153,,3,GPU-46bf67bb-cb31-bee1-3cf0-c35337ba97d2,ok,0,0,453,27.285,40,210,405,390,292
412,21915.297812657,21915.298670983,,4,GPU-127e16de-2b5f-dde9-1932-b4e29bb818c0,ok,0,0,453,23.964,34,210,405,439,341
413,21916.297812657,21916.29834375,,0,GPU-9b96eb67-aeee-89d5-aa85-fc650af4e25c,ok,0,0,453,26.645,36,210,405,439,292
413,21916.297812657,21916.299547481,,1,GPU-37ffc98b-8551-c8a1-5f3c-27ade9ae735a,ok,42,19,1646,229.325,67,1935,9501,15283,80371
413,21916.297812657,21916.29844706,,2,GPU-5443d59d-561f-ed1e-da42-1975937205f9,ok,0,0,453,27.409,37,210,405,537,292
413,21916.297812657,21916.299591031,,3,GPU-46bf67bb-cb31-bee1-3cf0-c35337ba97d2,ok,0,0,453,27.523,40,210,405,439,292
413,21916.297812657,21916.299018481,,4,GPU-127e16de-2b5f-dde9-1932-b4e29bb818c0,ok,0,0,453,23.922,34,210,405,439,292
414,21917.297812657,21917.299182799,,0,GPU-9b96eb67-aeee-89d5-aa85-fc650af4e25c,ok,0,0,453,26.612,36,210,405,439,341
414,21917.297812657,21917.298715099,,1,GPU-37ffc98b-8551-c8a1-5f3c-27ade9ae735a,ok,39,18,1646,227.855,67,1935,9501,15234,79541
414,21917.297812657,21917.298472419,,2,GPU-5443d59d-561f-ed1e-da42-1975937205f9,ok,0,0,453,27.269,37,210,405,537,292
414,21917.297812657,21917.298685229,,3,GPU-46bf67bb-cb31-bee1-3cf0-c35337ba97d2,ok,0,0,453,27.438,40,210,405,439,292
414,21917.297812657,21917.298646929,,4,GPU-127e16de-2b5f-dde9-1932-b4e29bb818c0,ok,0,0,453,23.894,34,210,405,439,292
415,21918.297812657,21918.298852507,,0,GPU-9b96eb67-aeee-89d5-aa85-fc650af4e25c,ok,0,0,453,26.812,36,210,405,439,292
415,21918.297812657,21918.298175636,,1,GPU-37ffc98b-8551-c8a1-5f3c-27ade9ae735a,ok,41,18,1646,226.779,67,1935,9501,14794,78759
415,21918.297812657,21918.298820517,,2,GPU-5443d59d-561f-ed1e-da42-1975937205f9,ok,0,0,453,27.273,37,210,405,488,292
415,21918.297812657,21918.298758217,,3,GPU-46bf67bb-cb31-bee1-3cf0-c35337ba97d2,ok,0,0,453,27.387,40,210,405,439,292
415,21918.297812657,21918.298879687,,4,GPU-127e16de-2b5f-dde9-1932-b4e29bb818c0,ok,0,0,453,23.874,34,210,405,439,292
416,21919.297812657,21919.299043015,,0,GPU-9b96eb67-aeee-89d5-aa85-fc650af4e25c,ok,0,0,453,26.911,36,210,405,439,292
416,21919.297812657,21919.299185975,,1,GPU-37ffc98b-8551-c8a1-5f3c-27ade9ae735a,ok,42,19,1646,227.367,67,1935,9501,15136,75634
416,21919.297812657,21919.298328695,,2,GPU-5443d59d-561f-ed1e-da42-1975937205f9,ok,0,0,453,27.351,37,210,405,537,292
416,21919.297812657,21919.298462715,,3,GPU-46bf67bb-cb31-bee1-3cf0-c35337ba97d2,ok,0,0,453,27.556,40,210,405,390,341
416,21919.297812657,21919.299118805,,4,GPU-127e16de-2b5f-dde9-1932-b4e29bb818c0,ok,0,0,453,23.791,34,210,405,390,292
417,21920.297812657,21920.298611463,,0,GPU-9b96eb67-aeee-89d5-aa85-fc650af4e25c,ok,0,0,453,26.622,36,210,405,439,292
417,21920.297812657,21920.298636913,,1,GPU-37ffc98b-8551-c8a1-5f3c-27ade9ae735a,ok,44,20,1646,226.868,68,1935,9501,15136,78417
417,21920.297812657,21920.298417003,,2,GPU-5443d59d-561f-ed1e-da42-1975937205f9,ok,0,0,453,27.246,37,210,405,537,292
417,21920.297812657,21920.299237503,,3,GPU-46bf67bb-cb31-bee1-3cf0-c35337ba97d2,ok,0,0,453,27.417,40,210,405,439,292
417,21920.297812657,21920.299208153,,4,GPU-127e16de-2b5f-dde9-1932-b4e29bb818c0,ok,0,0,453,23.798,34,210,405,439,292
418,21921.297812657,21921.298544131,,0,GPU-9b96eb67-aeee-89d5-aa85-fc650af4e25c,ok,0,0,453,26.582,36,210,405,439,292
418,21921.297812657,21921.299099291,,1,GPU-37ffc98b-8551-c8a1-5f3c-27ade9ae735a,ok,40,18,1646,226.758,67,1935,9501,15869,80371
418,21921.297812657,21921.298563651,,2,GPU-5443d59d-561f-ed1e-da42-1975937205f9,ok,0,0,453,27.302,37,210,405,488,341
418,21921.297812657,21921.298290601,,3,GPU-46bf67bb-cb31-bee1-3cf0-c35337ba97d2,ok,0,0,453,27.392,40,210,405,439,292
418,21921.297812657,21921.299055791,,4,GPU-127e16de-2b5f-dde9-1932-b4e29bb818c0,ok,0,0,453,23.807,34,210,405,390,292
419,21922.297812657,21922.298718429,,0,GPU-9b96eb67-aeee-89d5-aa85-fc650af4e25c,ok,0,0,453,26.782,36,210,405,439,292
419,21922.297812657,21922.300383779,,1,GPU-37ffc98b-8551-c8a1-5f3c-27ade9ae735a,ok,34,15,1646,226.607,67,1935,9501,15966,79785
419,21922.297812657,21922.298463999,,2,GPU-5443d59d-561f-ed1e-da42-1975937205f9,ok,0,0,453,27.486,37,210,405,537,341
419,21922.297812657,21922.298597579,,3,GPU-46bf67bb-cb31-bee1-3cf0-c35337ba97d2,ok,0,0,453,27.515,40,210,405,439,292
419,21922.297812657,21922.298631219,,4,GPU-127e16de-2b5f-dde9-1932-b4e29bb818c0,ok,0,0,453,23.742,34,210,405,439,341
420,21923.297812657,21923.298615307,,0,GPU-9b96eb67-aeee-89d5-aa85-fc650af4e25c,ok,0,0,453,26.738,36,210,405,439,292
420,21923.297812657,21923.298651097,,1,GPU-37ffc98b-8551-c8a1-5f3c-27ade9ae735a,ok,35,15,1646,223.582,67,1935,9501,15283,78662
420,21923.297812657,21923.298708427,,2,GPU-5443d59d-561f-ed1e-da42-1975937205f9,ok,0,0,453,27.501,37,210,405,537,341
420,21923.297812657,21923.300095257,,3,GPU-46bf67bb-cb31-bee1-3cf0-c35337ba97d2,ok,0,0,453,27.312,40,210,405,390,292
420,21923.297812657,21923.298410977,,4,GPU-127e16de-2b5f-dde9-1932-b4e29bb818c0,ok,0,0,453,23.784,34,210,405,439,341
421,21924.297812657,21924.298631015,,0,GPU-9b96eb67-aeee-89d5-aa85-fc650af4e25c,ok,0,0,453,26.681,36,210,405,439,341
421,21924.297812657,21924.298567825,,1,GPU-37ffc98b-8551-c8a1-5f3c-27ade9ae735a,ok,37,16,1646,224.977,67,1935,9501,14990,79248
421,21924.297812657,21924.298699015,,2,GPU-5443d59d-561f-ed1e-da42-1975937205f9,ok,0,0,453,27.472,37,210,405,488,341
421,21924.297812657,21924.298722975,,3,GPU-46bf67bb-cb31-bee1-3cf0-c35337ba97d2,ok,0,0,453,27.39,40,210,405,439,341
421,21924.297812657,21924.298586995,,4,GPU-127e16de-2b5f-dde9-1932-b4e29bb818c0,ok,0,0,453,23.818,34,210,405,390,341
422,21925.297812657,21925.298575683,,0,GPU-9b96eb67-aeee-89d5-aa85-fc650af4e25c,ok,0,0,453,26.542,36,210,405,439,292
422,21925.297812657,21925.299097553,,1,GPU-37ffc98b-8551-c8a1-5f3c-27ade9ae735a,ok,37,16,1646,226.321,67,1935,9501,15429,76562
422,21925.297812657,21925.298300053,,2,GPU-5443d59d-561f-ed1e-da42-1975937205f9,ok,0,0,453,27.577,37,210,405,537,341
422,21925.297812657,21925.299139523,,3,GPU-46bf67bb-cb31-bee1-3cf0-c35337ba97d2,ok,0,0,453,27.606,40,210,405,439,292
422,21925.297812657,21925.298534343,,4,GPU-127e16de-2b5f-dde9-1932-b4e29bb818c0,ok,0,0,453,23.723,34,210,405,439,341
423,21926.297812657,21926.298286871,,0,GPU-9b96eb67-aeee-89d5-aa85-fc650af4e25c,ok,0,0,453,26.492,36,210,405,439,292
423,21926.297812657,21926.299651351,,1,GPU-37ffc98b-8551-c8a1-5f3c-27ade9ae735a,ok,39,18,1646,228.799,67,1935,9501,15478,78759
423,21926.297812657,21926.299019331,,2,GPU-5443d59d-561f-ed1e-da42-1975937205f9,ok,0,0,453,27.507,37,210,405,537,341
423,21926.297812657,21926.298432111,,3,GPU-46bf67bb-cb31-bee1-3cf0-c35337ba97d2,ok,0,0,453,27.459,40,210,405,439,292
423,21926.297812657,21926.299719731,,4,GPU-127e16de-2b5f-dde9-1932-b4e29bb818c0,ok,0,0,453,23.646,34,210,405,439,341
424,21927.297812657,21927.298872499,,0,GPU-9b96eb67-aeee-89d5-aa85-fc650af4e25c,ok,0,0,453,26.609,36,210,405,439,292
424,21927.297812657,21927.298615529,,1,GPU-37ffc98b-8551-c8a1-5f3c-27ade9ae735a,ok,38,17,1646,227.585,67,1935,9501,14648,78417
424,21927.297812657,21927.298789719,,2,GPU-5443d59d-561f-ed1e-da42-1975937205f9,ok,0,0,453,27.395,37,210,405,488,292
424,21927.297812657,21927.299017799,,3,GPU-46bf67bb-cb31-bee1-3cf0-c35337ba97d2,ok,0,0,453,27.455,40,210,405,439,292
424,21927.297812657,21927.298839389,,4,GPU-127e16de-2b5f-dde9-1932-b4e29bb818c0,ok,0,0,453,23.822,34,210,405,439,292
425,21928.297812657,21928.299451807,,0,GPU-9b96eb67-aeee-89d5-aa85-fc650af4e25c,ok,0,0,453,26.503,36,210,405,439,292
425,21928.297812657,21928.298465957,,1,GPU-37ffc98b-8551-c8a1-5f3c-27ade9ae735a,ok,39,18,1646,226.15,67,1935,9501,14697,77880
425,21928.297812657,21928.298664927,,2,GPU-5443d59d-561f-ed1e-da42-1975937205f9,ok,0,0,453,27.47,37,210,405,537,292
425,21928.297812657,21928.298628957,,3,GPU-46bf67bb-cb31-bee1-3cf0-c35337ba97d2,ok,0,0,453,27.525,40,210,405,439,292
425,21928.297812657,21928.298491837,,4,GPU-127e16de-2b5f-dde9-1932-b4e29bb818c0,ok,0,0,453,23.958,34,210,405,439,292
426,21929.297812657,21929.300703165,,0,GPU-9b96eb67-aeee-89d5-aa85-fc650af4e25c,ok,0,0,453,26.514,36,210,405,439,292
426,21929.297812657,21929.298606235,,1,GPU-37ffc98b-8551-c8a1-5f3c-27ade9ae735a,ok,38,18,1646,225.128,67,1935,9501,14697,77929
426,21929.297812657,21929.298670395,,2,GPU-5443d59d-561f-ed1e-da42-1975937205f9,ok,0,0,453,27.36,37,210,405,537,292
426,21929.297812657,21929.298590265,,3,GPU-46bf67bb-cb31-bee1-3cf0-c35337ba97d2,ok,0,0,453,27.319,40,210,405,439,341
426,21929.297812657,21929.298644115,,4,GPU-127e16de-2b5f-dde9-1932-b4e29bb818c0,ok,0,0,453,23.94,34,210,405,439,292
427,21930.297812657,21930.298685273,,0,GPU-9b96eb67-aeee-89d5-aa85-fc650af4e25c,ok,0,0,453,26.784,36,210,405,439,341
427,21930.297812657,21930.298735613,,1,GPU-37ffc98b-8551-c8a1-5f3c-27ade9ae735a,ok,38,17,1646,222.844,67,1935,9501,14111,73144
427,21930.297812657,21930.298755983,,2,GPU-5443d59d-561f-ed1e-da42-1975937205f9,ok,0,0,453,27.316,37,210,405,537,292
427,21930.297812657,21930.298554913,,3,GPU-46bf67bb-cb31-bee1-3cf0-c35337ba97d2,ok,0,0,453,27.329,40,210,405,439,341
427,21930.297812657,21930.299265923,,4,GPU-127e16de-2b5f-dde9-1932-b4e29bb818c0,ok,0,0,453,23.901,34,210,405,439,292
428,21931.297812657,21931.298736861,,0,GPU-9b96eb67-aeee-89d5-aa85-fc650af4e25c,ok,0,0,453,26.727,36,210,405,439,292
428,21931.297812657,21931.298774861,,1,GPU-37ffc98b-8551-c8a1-5f3c-27ade9ae735a,ok,41,17,1646,195.723,65,1800,9501,14990,78027
428,21931.297812657,21931.298790071,,2,GPU-5443d59d-561f-ed1e-da42-1975937205f9,ok,0,0,453,27.284,37,210,405,488,341
428,21931.297812657,21931.298494611,,3,GPU-46bf67bb-cb31-bee1-3cf0-c35337ba97d2,ok,0,0,453,27.37,40,210,405,439,292
428,21931.297812657,21931.298647781,,4,GPU-127e16de-2b5f-dde9-1932-b4e29bb818c0,ok,0,0,453,23.992,34,210,405,439,292
429,21932.297812657,21932.298683869,,0,GPU-9b96eb67-aeee-89d5-aa85-fc650af4e25c,ok,0,0,453,26.652,36,210,405,439,292
429,21932.297812657,21932.298656959,,1,GPU-37ffc98b-8551-c8a1-5f3c-27ade9ae735a,ok,39,17,1646,203.223,67,1905,9501,14697,78271
429,21932.297812657,21932.298721149,,2,GPU-5443d59d-561f-ed1e-da42-1975937205f9,ok,0,0,453,27.356,37,210,405,537,341
429,21932.297812657,21932.298512239,,3,GPU-46bf67bb-cb31-bee1-3cf0-c35337ba97d2,ok,0,0,453,27.1,40,210,405,439,292
429,21932.297812657,21932.298769919,,4,GPU-127e16de-2b5f-dde9-1932-b4e29bb818c0,ok,0,0,453,24.049,34,210,405,439,292
430,21933.297812657,21933.298717387,,0,GPU-9b96eb67-aeee-89d5-aa85-fc650af4e25c,ok,0,0,453,26.732,36,210,405,439,341
430,21933.297812657,21933.298676527,,1,GPU-37ffc98b-8551-c8a1-5f3c-27ade9ae735a,ok,41,19,1646,213.344,67,1935,9501,15185,77148
430,21933.297812657,21933.298462527,,2,GPU-5443d59d-561f-ed1e-da42-1975937205f9,ok,0,0,453,27.549,37,210,405,537,341
430,21933.297812657,21933.298633497,,3,GPU-46bf67bb-cb31-bee1-3cf0-c35337ba97d2,ok,0,0,453,27.245,40,210,405,390,292
430,21933.297812657,21933.298696757,,4,GPU-127e16de-2b5f-dde9-1932-b4e29bb818c0,ok,0,0,453,23.866,34,210,405,439,341
431,21934.297812657,21934.300408035,,0,GPU-9b96eb67-aeee-89d5-aa85-fc650af4e25c,ok,0,0,453,26.597,36,210,405,439,292
431,21934.297812657,21934.300447025,,1,GPU-37ffc98b-8551-c8a1-5f3c-27ade9ae735a,ok,34,14,1646,222.77,67,1935,9501,15478,78076
431,21934.297812657,21934.298447205,,2,GPU-5443d59d-561f-ed1e-da42-1975937205f9,ok,0,0,453,27.433,37,210,405,537,341
431,21934.297812657,21934.298410265,,3,GPU-46bf67bb-cb31-bee1-3cf0-c35337ba97d2,ok,0,0,453,27.485,40,210,405,439,341
431,21934.297812657,21934.298486585,,4,GPU-127e16de-2b5f-dde9-1932-b4e29bb818c0,ok,0,0,453,23.72,34,210,405,439,341
432,21935.297812657,21935.298877593,,0,GPU-9b96eb67-aeee-89d5-aa85-fc650af4e25c,ok,0,0,453,26.628,36,210,405,439,292
432,21935.297812657,21935.298374383,,1,GPU-37ffc98b-8551-c8a1-5f3c-27ade9ae735a,ok,34,15,1646,221.648,67,1935,9501,14697,77490
432,21935.297812657,21935.298627503,,2,GPU-5443d59d-561f-ed1e-da42-1975937205f9,ok,0,0,453,27.443,37,210,405,537,341
432,21935.297812657,21935.298614393,,3,GPU-46bf67bb-cb31-bee1-3cf0-c35337ba97d2,ok,0,0,453,27.285,40,210,405,439,341
432,21935.297812657,21935.298849613,,4,GPU-127e16de-2b5f-dde9-1932-b4e29bb818c0,ok,0,0,453,23.741,34,210,405,439,341
433,21936.297812657,21936.298658871,,0,GPU-9b96eb67-aeee-89d5-aa85-fc650af4e25c,ok,0,0,453,26.816,36,210,405,439,292
433,21936.297812657,21936.298695131,,1,GPU-37ffc98b-8551-c8a1-5f3c-27ade9ae735a,ok,36,16,1646,223.689,67,1935,9501,14013,72753
433,21936.297812657,21936.298539071,,2,GPU-5443d59d-561f-ed1e-da42-1975937205f9,ok,0,0,453,27.58,37,210,405,537,341
433,21936.297812657,21936.298423191,,3,GPU-46bf67bb-cb31-bee1-3cf0-c35337ba97d2,ok,0,0,453,27.346,40,210,405,439,341
433,21936.297812657,21936.299757751,,4,GPU-127e16de-2b5f-dde9-1932-b4e29bb818c0,ok,0,0,453,23.79,34,210,405,439,292
434,21937.297812657,21937.298774899,,0,GPU-9b96eb67-aeee-89d5-aa85-fc650af4e25c,ok,0,0,453,26.625,36,210,405,439,292
434,21937.297812657,21937.298608519,,1,GPU-37ffc98b-8551-c8a1-5f3c-27ade9ae735a,ok,35,15,1646,220.498,67,1935,9501,14746,78417
434,21937.297812657,21937.298659009,,2,GPU-5443d59d-561f-ed1e-da42-1975937205f9,ok,0,0,453,27.49,37,210,405,488,292
434,21937.297812657,21937.298516429,,3,GPU-46bf67bb-cb31-bee1-3cf0-c35337ba97d2,ok,0,0,453,27.538,40,210,405,390,292
434,21937.297812657,21937.298736049,,4,GPU-127e16de-2b5f-dde9-1932-b4e29bb818c0,ok,0,0,453,23.696,34,210,405,439,292
435,21938.297812657,21938.299585557,,0,GPU-9b96eb67-aeee-89d5-aa85-fc650af4e25c,ok,0,0,453,26.585,36,210,405,439,292
435,21938.297812657,21938.298546937,,1,GPU-37ffc98b-8551-c8a1-5f3c-27ade9ae735a,ok,36,16,1646,219.728,67,1935,9501,14648,77343
435,21938.297812657,21938.298703867,,2,GPU-5443d59d-561f-ed1e-da42-1975937205f9,ok,0,0,453,27.508,37,210,405,537,292
435,21938.297812657,21938.298663887,,3,GPU-46bf67bb-cb31-bee1-3cf0-c35337ba97d2,ok,0,0,453,27.343,40,210,405,439,292
435,21938.297812657,21938.298575507,,4,GPU-127e16de-2b5f-dde9-1932-b4e29bb818c0,ok,0,0,453,23.749,34,210,405,390,292
436,21939.297812657,21939.298766455,,0,GPU-9b96eb67-aeee-89d5-aa85-fc650af4e25c,ok,0,0,453,26.768,36,210,405,439,292
436,21939.297812657,21939.298561815,,1,GPU-37ffc98b-8551-c8a1-5f3c-27ade9ae735a,ok,37,16,1646,222.24,67,1935,9501,14648,78173
436,21939.297812657,21939.298694905,,2,GPU-5443d59d-561f-ed1e-da42-1975937205f9,ok,0,0,453,27.579,37,210,405,488,292
436,21939.297812657,21939.298807195,,3,GPU-46bf67bb-cb31-bee1-3cf0-c35337ba97d2,ok,0,0,453,27.283,40,210,405,439,292
436,21939.297812657,21939.298655745,,4,GPU-127e16de-2b5f-dde9-1932-b4e29bb818c0,ok,0,0,453,23.769,34,210,405,439,292
437,21940.297812657,21940.298278193,,0,GPU-9b96eb67-aeee-89d5-aa85-fc650af4e25c,ok,0,0,453,26.593,36,210,405,439,292
437,21940.297812657,21940.299111593,,1,GPU-37ffc98b-8551-c8a1-5f3c-27ade9ae735a,ok,35,16,1646,222.099,67,1935,9501,14404,52441
437,21940.297812657,21940.298486973,,2,GPU-5443d59d-561f-ed1e-da42-1975937205f9,ok,0,0,453,27.397,37,210,405,488,292
437,21940.297812657,21940.299170093,,3,GPU-46bf67bb-cb31-bee1-3cf0-c35337ba97d2,ok,0,0,453,27.457,40,210,405,439,292
437,21940.297812657,21940.299008713,,4,GPU-127e16de-2b5f-dde9-1932-b4e29bb818c0,ok,0,0,453,23.871,34,210,405,439,292
438,21941.297812657,21941.298606371,,0,GPU-9b96eb67-aeee-89d5-aa85-fc650af4e25c,ok,0,0,453,26.558,36,210,405,390,341
438,21941.297812657,21941.298740191,,1,GPU-37ffc98b-8551-c8a1-5f3c-27ade9ae735a,ok,37,17,1646,220.829,67,1935,9501,15527,78125
438,21941.297812657,21941.298713001,,2,GPU-5443d59d-561f-ed1e-da42-1975937205f9,ok,0,0,453,27.383,37,210,405,488,292
438,21941.297812657,21941.298580881,,3,GPU-46bf67bb-cb31-bee1-3cf0-c35337ba97d2,ok,0,0,453,27.331,40,210,405,390,292
438,21941.297812657,21941.298648721,,4,GPU-127e16de-2b5f-dde9-1932-b4e29bb818c0,ok,0,0,453,23.944,34,210,405,439,292
439,21942.297812657,21942.298657439,,0,GPU-9b96eb67-aeee-89d5-aa85-fc650af4e25c,ok,0,0,453,26.649,36,210,405,439,292
439,21942.297812657,21942.299744859,,1,GPU-37ffc98b-8551-c8a1-5f3c-27ade9ae735a,ok,37,16,1646,214.787,66,1890,9501,15429,78417
439,21942.297812657,21942.298683779,,2,GPU-5443d59d-561f-ed1e-da42-1975937205f9,ok,0,0,453,27.477,37,210,405,537,292
439,21942.297812657,21942.298594529,,3,GPU-46bf67bb-cb31-bee1-3cf0-c35337ba97d2,ok,0,0,453,27.262,40,210,405,439,341
439,21942.297812657,21942.298423759,,4,GPU-127e16de-2b5f-dde9-1932-b4e29bb818c0,ok,0,0,453,23.79,34,210,405,439,292
440,21943.297812657,21943.299525497,,0,GPU-9b96eb67-aeee-89d5-aa85-fc650af4e25c,ok,0,0,453,26.529,36,210,405,439,292
440,21943.297812657,21943.298538747,,1,GPU-37ffc98b-8551-c8a1-5f3c-27ade9ae735a,ok,40,17,1646,197.058,65,1830,9501,14746,78369
440,21943.297812657,21943.298662937,,2,GPU-5443d59d-561f-ed1e-da42-1975937205f9,ok,0,0,453,27.372,37,210,405,488,341
440,21943.297812657,21943.298512687,,3,GPU-46bf67bb-cb31-bee1-3cf0-c35337ba97d2,ok,0,0,453,27.277,40,210,405,439,341
440,21943.297812657,21943.298690137,,4,GPU-127e16de-2b5f-dde9-1932-b4e29bb818c0,ok,0,0,453,23.804,34,210,405,439,292
441,21944.297812657,21944.298720905,,0,GPU-9b96eb67-aeee-89d5-aa85-fc650af4e25c,ok,0,0,453,26.502,36,210,405,439,341
441,21944.297812657,21944.298756935,,1,GPU-37ffc98b-8551-c8a1-5f3c-27ade9ae735a,ok,38,18,1646,209.744,66,1935,9501,15625,79101
441,21944.297812657,21944.298606235,,2,GPU-5443d59d-561f-ed1e-da42-1975937205f9,ok,0,0,453,27.524,37,210,405,488,341
441,21944.297812657,21944.298687015,,3,GPU-46bf67bb-cb31-bee1-3cf0-c35337ba97d2,ok,0,0,453,27.08,40,210,405,439,292
441,21944.297812657,21944.298447565,,4,GPU-127e16de-2b5f-dde9-1932-b4e29bb818c0,ok,0,0,453,23.779,34,210,405,439,292
442,21945.297812657,21945.299148243,,0,GPU-9b96eb67-aeee-89d5-aa85-fc650af4e25c,ok,0,0,453,26.626,36,210,405,390,292
442,21945.297812657,21945.299053663,,1,GPU-37ffc98b-8551-c8a1-5f3c-27ade9ae735a,ok,40,18,1646,222.69,67,1935,9501,15185,78564
442,21945.297812657,21945.298525463,,2,GPU-5443d59d-561f-ed1e-da42-1975937205f9,ok,0,0,453,27.789,37,210,405,537,341
442,21945.297812657,21945.299186043,,3,GPU-46bf67bb-cb31-bee1-3cf0-c35337ba97d2,ok,0,0,453,27.17,40,210,405,439,292
442,21945.297812657,21945.298284263,,4,GPU-127e16de-2b5f-dde9-1932-b4e29bb818c0,ok,0,0,453,23.722,34,210,405,390,292
443,21946.297812657,21946.298822601,,0,GPU-9b96eb67-aeee-89d5-aa85-fc650af4e25c,ok,0,0,453,26.512,36,210,405,390,292
443,21946.297812657,21946.298233291,,1,GPU-37ffc98b-8551-c8a1-5f3c-27ade9ae735a,ok,39,17,1646,223.738,67,1935,9501,14746,77343
443,21946.297812657,21946.298892281,,2,GPU-5443d59d-561f-ed1e-da42-1975937205f9,ok,0,0,453,27.736,37,210,405,488,292
443,21946.297812657,21946.298929581,,3,GPU-46bf67bb-cb31-bee1-3cf0-c35337ba97d2,ok,0,0,453,27.354,40,210,405,439,292
443,21946.297812657,21946.298736031,,4,GPU-127e16de-2b5f-dde9-1932-b4e29bb818c0,ok,0,0,453,23.712,34,210,405,390,341
444,21947.297812657,21947.298746409,,0,GPU-9b96eb67-aeee-89d5-aa85-fc650af4e25c,ok,0,0,453,26.445,36,210,405,439,292
444,21947.297812657,21947.298620679,,1,GPU-37ffc98b-8551-c8a1-5f3c-27ade9ae735a,ok,45,21,1646,226.509,67,1935,9501,15039,78613
444,21947.297812657,21947.298583649,,2,GPU-5443d59d-561f-ed1e-da42-1975937205f9,ok,0,0,453,27.592,37,210,405,537,292
444,21947.297812657,21947.298718519,,3,GPU-46bf67bb-cb31-bee1-3cf0-c35337ba97d2,ok,0,0,453,27.265,40,210,405,439,292
444,21947.297812657,21947.298546779,,4,GPU-127e16de-2b5f-dde9-1932-b4e29bb818c0,ok,0,0,453,23.733,34,210,405,439,341
445,21948.297812657,21948.298556897,,0,GPU-9b96eb67-aeee-89d5-aa85-fc650af4e25c,ok,0,0,453,26.618,36,210,405,390,292
445,21948.297812657,21948.299652558,,1,GPU-37ffc98b-8551-c8a1-5f3c-27ade9ae735a,ok,44,20,1646,225.149,67,1935,9501,14892,73779
445,21948.297812657,21948.299019477,,2,GPU-5443d59d-561f-ed1e-da42-1975937205f9,ok,0,0,453,27.63,37,210,405,488,292
445,21948.297812657,21948.298495717,,3,GPU-46bf67bb-cb31-bee1-3cf0-c35337ba97d2,ok,0,0,453,27.325,40,210,405,439,341
445,21948.297812657,21948.298289617,,4,GPU-127e16de-2b5f-dde9-1932-b4e29bb818c0,ok,0,0,453,23.736,34,210,405,439,341
446,21949.297812657,21949.298743475,,0,GPU-9b96eb67-aeee-89d5-aa85-fc650af4e25c,ok,0,0,453,26.566,36,210,405,439,341
446,21949.297812657,21949.298708505,,1,GPU-37ffc98b-8551-c8a1-5f3c-27ade9ae735a,ok,34,15,1646,223.981,67,1935,9501,14794,78271
446,21949.297812657,21949.298672675,,2,GPU-5443d59d-561f-ed1e-da42-1975937205f9,ok,0,0,453,27.6,37,210,405,488,292
446,21949.297812657,21949.298815485,,3,GPU-46bf67bb-cb31-bee1-3cf0-c35337ba97d2,ok,0,0,453,27.351,40,210,405,439,341
446,21949.297812657,21949.298785835,,4,GPU-127e16de-2b5f-dde9-1932-b4e29bb818c0,ok,0,0,453,23.76,34,210,405,439,341
447,21950.297812657,21950.298734153,,0,GPU-9b96eb67-aeee-89d5-aa85-fc650af4e25c,ok,0,0,453,26.545,36,210,405,439,292
447,21950.297812657,21950.299197523,,1,GPU-37ffc98b-8551-c8a1-5f3c-27ade9ae735a,ok,34,15,1646,221.944,66,1935,9501,15332,78955
447,21950.297812657,21950.298466563,,2,GPU-5443d59d-561f-ed1e-da42-1975937205f9,ok,0,0,453,27.533,37,210,405,537,341
447,21950.297812657,21950.298677393,,3,GPU-46bf67bb-cb31-bee1-3cf0-c35337ba97d2,ok,0,0,453,27.34,40,210,405,439,292
447,21950.297812657,21950.298712923,,4,GPU-127e16de-2b5f-dde9-1932-b4e29bb818c0,ok,0,0,453,23.738,34,210,405,390,292
448,21951.297812657,21951.298652231,,0,GPU-9b96eb67-aeee-89d5-aa85-fc650af4e25c,ok,0,0,453,26.724,36,210,405,439,292
448,21951.297812657,21951.298510241,,1,GPU-37ffc98b-8551-c8a1-5f3c-27ade9ae735a,ok,34,15,1646,221.171,66,1935,9501,14794,78466
448,21951.297812657,21951.298581081,,2,GPU-5443d59d-561f-ed1e-da42-1975937205f9,ok,0,0,453,27.62,37,210,405,537,341
448,21951.297812657,21951.298418061,,3,GPU-46bf67bb-cb31-bee1-3cf0-c35337ba97d2,ok,0,0,453,27.429,40,210,405,439,292
448,21951.297812657,21951.299116381,,4,GPU-127e16de-2b5f-dde9-1932-b4e29bb818c0,ok,0,0,453,23.88,34,210,405,439,292
449,21952.297812657,21952.29960486,,0,GPU-9b96eb67-aeee-89d5-aa85-fc650af4e25c,ok,0,0,453,26.65,36,210,405,439,292
449,21952.297812657,21952.298570489,,1,GPU-37ffc98b-8551-c8a1-5f3c-27ade9ae735a,ok,36,16,1646,221.361,66,1935,9501,14013,74414
449,21952.297812657,21952.298502819,,2,GPU-5443d59d-561f-ed1e-da42-1975937205f9,ok,0,0,453,27.557,37,210,405,488,341
449,21952.297812657,21952.29954544,,3,GPU-46bf67bb-cb31-bee1-3cf0-c35337ba97d2,ok,0,0,453,27.248,40,210,405,439,292
449,21952.297812657,21952.298651919,,4,GPU-127e16de-2b5f-dde9-1932-b4e29bb818c0,ok,0,0,453,24.051,34,210,405,390,292
450,21953.297812657,21953.298278797,,0,GPU-9b96eb67-aeee-89d5-aa85-fc650af4e25c,ok,0,0,453,26.533,36,210,405,439,341
450,21953.297812657,21953.299054048,,1,GPU-37ffc98b-8551-c8a1-5f3c-27ade9ae735a,ok,33,15,1646,218.641,66,1935,9501,14111,73388
450,21953.297812657,21953.298523527,,2,GPU-5443d59d-561f-ed1e-da42-1975937205f9,ok,0,0,453,27.592,37,210,405,488,292
450,21953.297812657,21953.299144878,,3,GPU-46bf67bb-cb31-bee1-3cf0-c35337ba97d2,ok,0,0,453,27.257,40,210,405,439,292
450,21953.297812657,21953.299082668,,4,GPU-127e16de-2b5f-dde9-1932-b4e29bb818c0,ok,0,0,453,23.966,34,210,405,390,292
451,21954.297812657,21954.298852195,,0,GPU-9b96eb67-aeee-89d5-aa85-fc650af4e25c,ok,0,0,453,26.584,36,210,405,390,292
451,21954.297812657,21954.298771515,,1,GPU-37ffc98b-8551-c8a1-5f3c-27ade9ae735a,ok,38,16,1646,202.721,65,1815,9501,14013,74609
451,21954.297812657,21954.298663435,,2,GPU-5443d59d-561f-ed1e-da42-1975937205f9,ok,0,0,453,27.624,37,210,405,537,292
451,21954.297812657,21954.298813005,,3,GPU-46bf67bb-cb31-bee1-3cf0-c35337ba97d2,ok,0,0,453,27.313,40,210,405,439,341
451,21954.297812657,21954.298873765,,4,GPU-127e16de-2b5f-dde9-1932-b4e29bb818c0,ok,0,0,453,23.883,34,210,405,439,292
452,21955.297812657,21955.298262003,,0,GPU-9b96eb67-aeee-89d5-aa85-fc650af4e25c,ok,0,0,453,26.512,36,210,405,390,292
452,21955.297812657,21955.298479413,,1,GPU-37ffc98b-8551-c8a1-5f3c-27ade9ae735a,ok,39,17,1646,186.29,64,1830,9501,15087,79199
452,21955.297812657,21955.299131664,,2,GPU-5443d59d-561f-ed1e-da42-1975937205f9,ok,0,0,453,27.376,37,210,405,537,292
452,21955.297812657,21955.299043254,,3,GPU-46bf67bb-cb31-bee1-3cf0-c35337ba97d2,ok,0,0,453,26.948,40,210,405,390,341
452,21955.297812657,21955.299082134,,4,GPU-127e16de-2b5f-dde9-1932-b4e29bb818c0,ok,0,0,453,23.795,34,210,405,439,341
453,21956.297812657,21956.298650571,,0,GPU-9b96eb67-aeee-89d5-aa85-fc650af4e25c,ok,0,0,453,26.608,36,210,405,390,341
453,21956.297812657,21956.298628541,,1,GPU-37ffc98b-8551-c8a1-5f3c-27ade9ae735a,ok,37,16,1646,208.239,66,1935,9501,14453,78027
453,21956.297812657,21956.299763592,,2,GPU-5443d59d-561f-ed1e-da42-1975937205f9,ok,0,0,453,27.321,37,210,405,537,292
453,21956.297812657,21956.298485751,,3,GPU-46bf67bb-cb31-bee1-3cf0-c35337ba97d2,ok,0,0,453,26.974,40,210,405,439,341
453,21956.297812657,21956.298424841,,4,GPU-127e16de-2b5f-dde9-1932-b4e29bb818c0,ok,0,0,453,23.805,34,210,405,439,341
454,21957.297812657,21957.29919538,,0,GPU-9b96eb67-aeee-89d5-aa85-fc650af4e25c,ok,0,0,453,26.805,36,210,405,390,341
454,21957.297812657,21957.298643139,,1,GPU-37ffc98b-8551-c8a1-5f3c-27ade9ae735a,ok,35,16,1646,218.421,66,1935,9501,14892,79492
454,21957.297812657,21957.298682459,,2,GPU-5443d59d-561f-ed1e-da42-1975937205f9,ok,0,0,453,27.489,37,210,405,488,341
454,21957.297812657,21957.298627049,,3,GPU-46bf67bb-cb31-bee1-3cf0-c35337ba97d2,ok,0,0,453,27.291,40,210,405,439,292
454,21957.297812657,21957.298466489,,4,GPU-127e16de-2b5f-dde9-1932-b4e29bb818c0,ok,0,0,453,23.894,34,210,405,439,292
455,21958.297812657,21958.298847178,,0,GPU-9b96eb67-aeee-89d5-aa85-fc650af4e25c,ok,0,0,453,26.715,36,210,405,439,292
455,21958.297812657,21958.298218897,,1,GPU-37ffc98b-8551-c8a1-5f3c-27ade9ae735a,ok,40,17,1646,197.072,64,1800,9501,14746,77880
455,21958.297812657,21958.298732518,,2,GPU-5443d59d-561f-ed1e-da42-1975937205f9,ok,0,0,453,27.444,37,210,405,537,341
455,21958.297812657,21958.298699938,,3,GPU-46bf67bb-cb31-bee1-3cf0-c35337ba97d2,ok,0,0,453,27.115,40,210,405,439,292
455,21958.297812657,21958.298884688,,4,GPU-127e16de-2b5f-dde9-1932-b4e29bb818c0,ok,0,0,453,24.003,34,210,405,390,341
456,21959.297812657,21959.298799116,,0,GPU-9b96eb67-aeee-89d5-aa85-fc650af4e25c,ok,0,0,453,26.753,36,210,405,439,341
456,21959.297812657,21959.298692976,,1,GPU-37ffc98b-8551-c8a1-5f3c-27ade9ae735a,ok,39,17,1646,195.194,65,1890,9501,14697,77197
456,21959.297812657,21959.298730326,,2,GPU-5443d59d-561f-ed1e-da42-1975937205f9,ok,0,0,453,27.311,37,210,405,537,292
456,21959.297812657,21959.298761386,,3,GPU-46bf67bb-cb31-bee1-3cf0-c35337ba97d2,ok,0,0,453,27.01,40,210,405,439,292
456,21959.297812657,21959.298460245,,4,GPU-127e16de-2b5f-dde9-1932-b4e29bb818c0,ok,0,0,453,24.123,34,210,405,439,292
457,21960.297812657,21960.298512784,,0,GPU-9b96eb67-aeee-89d5-aa85-fc650af4e25c,ok,0,0,453,26.972,36,210,405,439,292
457,21960.297812657,21960.298590464,,1,GPU-37ffc98b-8551-c8a1-5f3c-27ade9ae735a,ok,41,18,1646,217.33,66,1935,9501,15087,78515
457,21960.297812657,21960.298474294,,2,GPU-5443d59d-561f-ed1e-da42-1975937205f9,ok,0,0,453,27.355,37,210,405,537,292
457,21960.297812657,21960.298685814,,3,GPU-46bf67bb-cb31-bee1-3cf0-c35337ba97d2,ok,0,0,453,27.307,40,210,405,439,292
457,21960.297812657,21960.300069454,,4,GPU-127e16de-2b5f-dde9-1932-b4e29bb818c0,ok,0,0,453,24.12,34,210,405,439,292
458,21961.297812657,21961.298378121,,0,GPU-9b96eb67-aeee-89d5-aa85-fc650af4e25c,ok,0,0,453,26.763,36,210,405,439,341
458,21961.297812657,21961.298533062,,1,GPU-37ffc98b-8551-c8a1-5f3c-27ade9ae735a,ok,41,18,1646,223.816,66,1935,9501,15185,78857
458,21961.297812657,21961.299708692,,2,GPU-5443d59d-561f-ed1e-da42-1975937205f9,ok,0,0,453,27.385,37,210,405,488,292
458,21961.297812657,21961.300022762,,3,GPU-46bf67bb-cb31-bee1-3cf0-c35337ba97d2,ok,0,0,453,27.358,40,210,405,439,292
458,21961.297812657,21961.298423272,,4,GPU-127e16de-2b5f-dde9-1932-b4e29bb818c0,ok,0,0,453,24.036,34,210,405,390,292
459,21962.297812657,21962.2984215,,0,GPU-9b96eb67-aeee-89d5-aa85-fc650af4e25c,ok,0,0,453,26.642,36,210,405,439,341
459,21962.297812657,21962.29846737,,1,GPU-37ffc98b-8551-c8a1-5f3c-27ade9ae735a,ok,42,19,1646,224.456,66,1935,9501,14990,79150
459,21962.297812657,21962.29866694,,2,GPU-5443d59d-561f-ed1e-da42-1975937205f9,ok,0,0,453,27.441,37,210,405,537,292
459,21962.297812657,21962.30009053,,3,GPU-46bf67bb-cb31-bee1-3cf0-c35337ba97d2,ok,0,0,453,27.397,40,210,405,439,341
459,21962.297812657,21962.29857157,,4,GPU-127e16de-2b5f-dde9-1932-b4e29bb818c0,ok,0,0,453,24.031,34,210,405,439,292
460,21963.297812657,21963.298626358,,0,GPU-9b96eb67-aeee-89d5-aa85-fc650af4e25c,ok,0,0,453,26.594,36,210,405,390,292
460,21963.297812657,21963.298664148,,1,GPU-37ffc98b-8551-c8a1-5f3c-27ade9ae735a,ok,43,20,1646,227.741,66,1935,9501,15234,78955
460,21963.297812657,21963.298558328,,2,GPU-5443d59d-561f-ed1e-da42-1975937205f9,ok,0,0,453,27.558,37,210,405,537,292
460,21963.297812657,21963.299267698,,3,GPU-46bf67bb-cb31-bee1-3cf0-c35337ba97d2,ok,0,0,453,27.563,40,210,405,439,292
460,21963.297812657,21963.298693358,,4,GPU-127e16de-2b5f-dde9-1932-b4e29bb818c0,ok,0,0,453,24.194,34,210,405,439,341
461,21964.297812657,21964.298474256,,0,GPU-9b96eb67-aeee-89d5-aa85-fc650af4e25c,ok,0,0,453,26.611,36,210,405,439,292
461,21964.297812657,21964.298329886,,1,GPU-37ffc98b-8551-c8a1-5f3c-27ade9ae735a,ok,36,16,1646,224.91,66,1935,9501,14746,77246
461,21964.297812657,21964.299401976,,2,GPU-5443d59d-561f-ed1e-da42-1975937205f9,ok,0,0,453,27.556,37,210,405,488,292
461,21964.297812657,21964.298756636,,3,GPU-46bf67bb-cb31-bee1-3cf0-c35337ba97d2,ok,0,0,453,27.391,40,210,405,390,292
461,21964.297812657,21964.298560586,,4,GPU-127e16de-2b5f-dde9-1932-b4e29bb818c0,ok,0,0,453,24.12,34,210,405,390,341
462,21965.297812657,21965.298555024,,0,GPU-9b96eb67-aeee-89d5-aa85-fc650af4e25c,ok,0,0,453,26.819,36,210,405,439,292
462,21965.297812657,21965.298693724,,1,GPU-37ffc98b-8551-c8a1-5f3c-27ade9ae735a,ok,33,14,1646,223.633,66,1935,9501,15185,77343
462,21965.297812657,21965.298433294,,2,GPU-5443d59d-561f-ed1e-da42-1975937205f9,ok,0,0,453,27.63,37,210,405,537,292
462,21965.297812657,21965.299144364,,3,GPU-46bf67bb-cb31-bee1-3cf0-c35337ba97d2,ok,0,0,453,27.473,40,210,405,390,292
462,21965.297812657,21965.298666624,,4,GPU-127e16de-2b5f-dde9-1932-b4e29bb818c0,ok,0,0,453,24.057,34,210,405,439,292
463,21966.297812657,21966.298630402,,0,GPU-9b96eb67-aeee-89d5-aa85-fc650af4e25c,ok,0,0,453,26.819,36,210,405,439,292
463,21966.297812657,21966.298668312,,1,GPU-37ffc98b-8551-c8a1-5f3c-27ade9ae735a,ok,34,15,1646,218.91,66,1935,9501,15087,78320
463,21966.297812657,21966.298357622,,2,GPU-5443d59d-561f-ed1e-da42-1975937205f9,ok,0,0,453,27.67,37,210,405,537,292
463,21966.297812657,21966.299083132,,3,GPU-46bf67bb-cb31-bee1-3cf0-c35337ba97d2,ok,0,0,453,27.481,40,210,405,439,292
463,21966.297812657,21966.298681442,,4,GPU-127e16de-2b5f-dde9-1932-b4e29bb818c0,ok,0,0,453,23.989,34,210,405,439,292
464,21967.297812657,21967.29953417,,0,GPU-9b96eb67-aeee-89d5-aa85-fc650af4e25c,ok,0,0,453,26.895,36,210,405,390,292
464,21967.297812657,21967.29847831,,1,GPU-37ffc98b-8551-c8a1-5f3c-27ade9ae735a,ok,37,16,1646,215.402,66,1935,9501,14892,78222
464,21967.297812657,21967.29873873,,2,GPU-5443d59d-561f-ed1e-da42-1975937205f9,ok,0,0,453,27.507,37,210,405,488,292
464,21967.297812657,21967.29871411,,3,GPU-46bf67bb-cb31-bee1-3cf0-c35337ba97d2,ok,0,0,453,27.069,40,210,405,439,292
464,21967.297812657,21967.2985568,,4,GPU-127e16de-2b5f-dde9-1932-b4e29bb818c0,ok,0,0,453,23.802,34,210,405,390,292
465,21968.297812657,21968.298523558,,0,GPU-9b96eb67-aeee-89d5-aa85-fc650af4e25c,ok,0,0,453,26.99,36,210,405,439,292
465,21968.297812657,21968.298566858,,1,GPU-37ffc98b-8551-c8a1-5f3c-27ade9ae735a,ok,37,16,1646,222.724,66,1935,9501,15185,79003
465,21968.297812657,21968.298392428,,2,GPU-5443d59d-561f-ed1e-da42-1975937205f9,ok,0,0,453,27.576,37,210,405,537,292
465,21968.297812657,21968.298624338,,3,GPU-46bf67bb-cb31-bee1-3cf0-c35337ba97d2,ok,0,0,453,27.172,40,210,405,390,341
465,21968.297812657,21968.299100268,,4,GPU-127e16de-2b5f-dde9-1932-b4e29bb818c0,ok,0,0,453,23.885,34,210,405,439,292
466,21969.297812657,21969.298832276,,0,GPU-9b96eb67-aeee-89d5-aa85-fc650af4e25c,ok,0,0,453,26.816,36,210,405,439,341
466,21969.297812657,21969.298296736,,1,GPU-37ffc98b-8551-c8a1-5f3c-27ade9ae735a,ok,36,16,1646,223.521,66,1935,9501,13525,55468
466,21969.297812657,21969.298531386,,2,GPU-5443d59d-561f-ed1e-da42-1975937205f9,ok,0,0,453,27.571,37,210,405,488,292
466,21969.297812657,21969.298767596,,3,GPU-46bf67bb-cb31-bee1-3cf0-c35337ba97d2,ok,0,0,453,27.453,40,210,405,439,341
466,21969.297812657,21969.298559176,,4,GPU-127e16de-2b5f-dde9-1932-b4e29bb818c0,ok,0,0,453,23.859,34,210,405,390,292
467,21970.297812657,21970.298824664,,0,GPU-9b96eb67-aeee-89d5-aa85-fc650af4e25c,ok,0,0,453,26.752,36,210,405,439,292
467,21970.297812657,21970.298431714,,1,GPU-37ffc98b-8551-c8a1-5f3c-27ade9ae735a,ok,37,17,1646,220.516,66,1935,9501,14697,77490
467,21970.297812657,21970.298664004,,2,GPU-5443d59d-561f-ed1e-da42-1975937205f9,ok,0,0,453,27.518,37,210,405,488,341
467,21970.297812657,21970.298596564,,3,GPU-46bf67bb-cb31-bee1-3cf0-c35337ba97d2,ok,0,0,453,27.31,40,210,405,439,292
467,21970.297812657,21970.298559554,,4,GPU-127e16de-2b5f-dde9-1932-b4e29bb818c0,ok,0,0,453,23.883,34,210,405,439,292
468,21971.297812657,21971.298495292,,0,GPU-9b96eb67-aeee-89d5-aa85-fc650af4e25c,ok,0,0,453,26.86,36,210,405,439,292
468,21971.297812657,21971.299796322,,1,GPU-37ffc98b-8551-c8a1-5f3c-27ade9ae735a,ok,38,17,1646,222.471,66,1935,9501,14013,73242
468,21971.297812657,21971.300432542,,2,GPU-5443d59d-561f-ed1e-da42-1975937205f9,ok,0,0,453,27.639,37,210,405,537,341
468,21971.297812657,21971.298565902,,3,GPU-46bf67bb-cb31-bee1-3cf0-c35337ba97d2,ok,0,0,453,27.297,40,210,405,439,292
468,21971.297812657,21971.298461122,,4,GPU-127e16de-2b5f-dde9-1932-b4e29bb818c0,ok,0,0,453,24.008,34,210,405,439,292
469,21972.297812657,21972.29950656,,0,GPU-9b96eb67-aeee-89d5-aa85-fc650af4e25c,ok,0,0,453,26.77,36,210,405,390,292
469,21972.297812657,21972.29847406,,1,GPU-37ffc98b-8551-c8a1-5f3c-27ade9ae735a,ok,38,17,1646,223.202,66,1935,9501,14453,77685
469,21972.297812657,21972.29866901,,2,GPU-5443d59d-561f-ed1e-da42-1975937205f9,ok,0,0,453,27.45,37,210,405,537,292
469,21972.297812657,21972.29870859,,3,GPU-46bf67bb-cb31-bee1-3cf0-c35337ba97d2,ok,0,0,453,27.465,40,210,405,390,292
469,21972.297812657,21972.29857801,,4,GPU-127e16de-2b5f-dde9-1932-b4e29bb818c0,ok,0,0,453,23.908,34,210,405,439,292
470,21973.297812657,21973.298560508,,0,GPU-9b96eb67-aeee-89d5-aa85-fc650af4e25c,ok,0,0,453,26.727,36,210,405,390,292
470,21973.297812657,21973.298696658,,1,GPU-37ffc98b-8551-c8a1-5f3c-27ade9ae735a,ok,37,17,1646,221.479,66,1935,9501,15039,78417
470,21973.297812657,21973.298739698,,2,GPU-5443d59d-561f-ed1e-da42-1975937205f9,ok,0,0,453,27.421,37,210,405,537,292
470,21973.297812657,21973.298527408,,3,GPU-46bf67bb-cb31-bee1-3cf0-c35337ba97d2,ok,0,0,453,27.394,40,210,405,390,292
470,21973.297812657,21973.298712158,,4,GPU-127e16de-2b5f-dde9-1932-b4e29bb818c0,ok,0,0,453,23.82,34,210,405,439,292
471,21974.297812657,21974.298429426,,0,GPU-9b96eb67-aeee-89d5-aa85-fc650af4e25c,ok,0,0,453,26.891,36,210,405,390,292
471,21974.297812657,21974.298463446,,1,GPU-37ffc98b-8551-c8a1-5f3c-27ade9ae735a,ok,41,18,1646,223.613,66,1935,9501,14892,78759
471,21974.297812657,21974.298598656,,2,GPU-5443d59d-561f-ed1e-da42-1975937205f9,ok,0,0,453,27.639,37,210,405,488,292
471,21974.297812657,21974.298628216,,3,GPU-46bf67bb-cb31-bee1-3cf0-c35337ba97d2,ok,0,0,453,27.383,40,210,405,439,292
471,21974.297812657,21974.300670826,,4,GPU-127e16de-2b5f-dde9-1932-b4e29bb818c0,ok,0,0,453,23.865,34,210,405,439,292
472,21975.297812657,21975.298680154,,0,GPU-9b96eb67-aeee-89d5-aa85-fc650af4e25c,ok,0,0,453,26.799,36,210,405,390,341
472,21975.297812657,21975.298558274,,1,GPU-37ffc98b-8551-c8a1-5f3c-27ade9ae735a,ok,41,18,1646,224.747,66,1935,9501,14697,78417
472,21975.297812657,21975.300130744,,2,GPU-5443d59d-561f-ed1e-da42-1975937205f9,ok,0,0,453,27.602,37,210,405,537,292
472,21975.297812657,21975.298588294,,3,GPU-46bf67bb-cb31-bee1-3cf0-c35337ba97d2,ok,0,0,453,27.436,40,210,405,439,341
472,21975.297812657,21975.298415094,,4,GPU-127e16de-2b5f-dde9-1932-b4e29bb818c0,ok,0,0,453,23.731,34,210,405,439,292
473,21976.297812657,21976.298674672,,0,GPU-9b96eb67-aeee-89d5-aa85-fc650af4e25c,ok,0,0,453,26.788,36,210,405,439,292
473,21976.297812657,21976.298545032,,1,GPU-37ffc98b-8551-c8a1-5f3c-27ade9ae735a,ok,41,19,1646,225.899,67,1935,9501,14062,73876
473,21976.297812657,21976.298628992,,2,GPU-5443d59d-561f-ed1e-da42-1975937205f9,ok,0,0,453,27.577,37,210,405,537,292
473,21976.297812657,21976.299097432,,3,GPU-46bf67bb-cb31-bee1-3cf0-c35337ba97d2,ok,0,0,453,27.314,40,210,405,390,341
473,21976.297812657,21976.298477582,,4,GPU-127e16de-2b5f-dde9-1932-b4e29bb818c0,ok,0,0,453,23.672,34,210,405,439,292
474,21977.297812657,21977.29859691,,0,GPU-9b96eb67-aeee-89d5-aa85-fc650af4e25c,ok,0,0,453,26.865,36,210,405,439,292
474,21977.297812657,21977.29856971,,1,GPU-37ffc98b-8551-c8a1-5f3c-27ade9ae735a,ok,39,18,1646,221.335,66,1920,9501,14746,78662
474,21977.297812657,21977.29909783,,2,GPU-5443d59d-561f-ed1e-da42-1975937205f9,ok,0,0,453,27.604,37,210,405,488,341
474,21977.297812657,21977.29866799,,3,GPU-46bf67bb-cb31-bee1-3cf0-c35337ba97d2,ok,0,0,453,27.393,40,210,405,390,292
474,21977.297812657,21977.29835986,,4,GPU-127e16de-2b5f-dde9-1932-b4e29bb818c0,ok,0,0,453,23.877,34,210,405,439,292
475,21978.297812657,21978.298527548,,0,GPU-9b96eb67-aeee-89d5-aa85-fc650af4e25c,ok,0,0,453,26.611,36,210,405,439,341
475,21978.297812657,21978.298630028,,1,GPU-37ffc98b-8551-c8a1-5f3c-27ade9ae735a,ok,42,20,1646,224.47,66,1935,9501,15136,78515
475,21978.297812657,21978.299868878,,2,GPU-5443d59d-561f-ed1e-da42-1975937205f9,ok,0,0,453,27.522,37,210,405,537,341
475,21978.297812657,21978.298656248,,3,GPU-46bf67bb-cb31-bee1-3cf0-c35337ba97d2,ok,0,0,453,27.566,40,210,405,390,292
475,21978.297812657,21978.298552548,,4,GPU-127e16de-2b5f-dde9-1932-b4e29bb818c0,ok,0,0,453,23.871,34,210,405,390,292
476,21979.297812657,21979.298748256,,0,GPU-9b96eb67-aeee-89d5-aa85-fc650af4e25c,ok,0,0,453,26.641,36,210,405,439,292
476,21979.297812657,21979.298768226,,1,GPU-37ffc98b-8551-c8a1-5f3c-27ade9ae735a,ok,34,15,1646,217.347,66,1935,9501,14794,73828
476,21979.297812657,21979.298662216,,2,GPU-5443d59d-561f-ed1e-da42-1975937205f9,ok,0,0,453,27.565,37,210,405,537,292
476,21979.297812657,21979.298564396,,3,GPU-46bf67bb-cb31-bee1-3cf0-c35337ba97d2,ok,0,0,453,27.375,40,210,405,439,341
476,21979.297812657,21979.298706876,,4,GPU-127e16de-2b5f-dde9-1932-b4e29bb818c0,ok,0,0,453,23.921,34,210,405,439,292
477,21980.297812657,21980.299384084,,0,GPU-9b96eb67-aeee-89d5-aa85-fc650af4e25c,ok,0,0,453,26.861,36,210,405,439,292
477,21980.297812657,21980.298311584,,1,GPU-37ffc98b-8551-c8a1-5f3c-27ade9ae735a,ok,34,15,1646,219.618,66,1935,9501,14697,78857
477,21980.297812657,21980.298259564,,2,GPU-5443d59d-561f-ed1e-da42-1975937205f9,ok,0,0,453,27.714,37,210,405,537,292
477,21980.297812657,21980.299418584,,3,GPU-46bf67bb-cb31-bee1-3cf0-c35337ba97d2,ok,0,0,453,27.386,40,210,405,488,341
477,21980.297812657,21980.299479764,,4,GPU-127e16de-2b5f-dde9-1932-b4e29bb818c0,ok,0,0,453,23.969,34,210,405,439,292
478,21981.297812657,21981.298779382,,0,GPU-9b96eb67-aeee-89d5-aa85-fc650af4e25c,ok,0,0,453,26.704,36,210,405,439,292
478,21981.297812657,21981.298735232,,1,GPU-37ffc98b-8551-c8a1-5f3c-27ade9ae735a,ok,36,16,1646,222.275,66,1935,9501,15039,78173
478,21981.297812657,21981.298692072,,2,GPU-5443d59d-561f-ed1e-da42-1975937205f9,ok,0,0,453,27.627,37,210,405,488,292
478,21981.297812657,21981.298651382,,3,GPU-46bf67bb-cb31-bee1-3cf0-c35337ba97d2,ok,0,0,453,27.572,40,210,405,439,341
478,21981.297812657,21981.298615402,,4,GPU-127e16de-2b5f-dde9-1932-b4e29bb818c0,ok,0,0,453,23.789,34,210,405,439,292
479,21982.297812657,21982.29848477,,0,GPU-9b96eb67-aeee-89d5-aa85-fc650af4e25c,ok,0,0,453,26.592,36,210,405,439,341
479,21982.297812657,21982.29875103,,1,GPU-37ffc98b-8551-c8a1-5f3c-27ade9ae735a,ok,34,15,1646,222.436,66,1935,9501,15673,78125
479,21982.297812657,21982.29873744,,2,GPU-5443d59d-561f-ed1e-da42-1975937205f9,ok,0,0,453,27.619,37,210,405,488,292
479,21982.297812657,21982.29869933,,3,GPU-46bf67bb-cb31-bee1-3cf0-c35337ba97d2,ok,0,0,453,27.446,40,210,405,439,292
479,21982.297812657,21982.29867276,,4,GPU-127e16de-2b5f-dde9-1932-b4e29bb818c0,ok,0,0,453,23.651,34,210,405,390,341
480,21983.297812657,21983.298701098,,0,GPU-9b96eb67-aeee-89d5-aa85-fc650af4e25c,ok,0,0,453,26.672,36,210,405,439,292
480,21983.297812657,21983.298496318,,1,GPU-37ffc98b-8551-c8a1-5f3c-27ade9ae735a,ok,37,16,1646,221.309,66,1935,9501,14746,77099
480,21983.297812657,21983.298667868,,2,GPU-5443d59d-561f-ed1e-da42-1975937205f9,ok,0,0,453,27.733,37,210,405,537,292
480,21983.297812657,21983.298772698,,3,GPU-46bf67bb-cb31-bee1-3cf0-c35337ba97d2,ok,0,0,453,27.461,40,210,405,439,292
480,21983.297812657,21983.298541488,,4,GPU-127e16de-2b5f-dde9-1932-b4e29bb818c0,ok,0,0,453,23.586,34,210,405,439,341
481,21984.297812657,21984.298595796,,0,GPU-9b96eb67-aeee-89d5-aa85-fc650af4e25c,ok,0,0,453,26.671,36,210,405,439,292
481,21984.297812657,21984.298388406,,1,GPU-37ffc98b-8551-c8a1-5f3c-27ade9ae735a,ok,37,16,1646,222.823,66,1935,9501,14697,56494
481,21984.297812657,21984.299450456,,2,GPU-5443d59d-561f-ed1e-da42-1975937205f9,ok,0,0,453,27.597,37,210,405,537,341
481,21984.297812657,21984.298482306,,3,GPU-46bf67bb-cb31-bee1-3cf0-c35337ba97d2,ok,0,0,453,27.587,40,210,405,390,292
481,21984.297812657,21984.299525996,,4,GPU-127e16de-2b5f-dde9-1932-b4e29bb818c0,ok,0,0,453,23.543,34,210,405,439,292
482,21985.297812657,21985.298746844,,0,GPU-9b96eb67-aeee-89d5-aa85-fc650af4e25c,ok,0,0,453,26.789,36,210,405,439,292
482,21985.297812657,21985.298682834,,1,GPU-37ffc98b-8551-c8a1-5f3c-27ade9ae735a,ok,37,16,1646,221.699,66,1935,9501,15039,78906
482,21985.297812657,21985.298576924,,2,GPU-5443d59d-561f-ed1e-da42-1975937205f9,ok,0,0,453,27.581,37,210,405,537,292
482,21985.297812657,21985.298529904,,3,GPU-46bf67bb-cb31-bee1-3cf0-c35337ba97d2,ok,0,0,453,27.428,40,210,405,439,292
482,21985.297812657,21985.298631984,,4,GPU-127e16de-2b5f-dde9-1932-b4e29bb818c0,ok,0,0,453,23.494,34,210,405,439,292
483,21986.297812657,21986.298497932,,0,GPU-9b96eb67-aeee-89d5-aa85-fc650af4e25c,ok,0,0,453,26.905,36,210,405,439,292
483,21986.297812657,21986.298626912,,1,GPU-37ffc98b-8551-c8a1-5f3c-27ade9ae735a,ok,38,17,1646,222.137,66,1935,9501,15039,78222
483,21986.297812657,21986.299801442,,2,GPU-5443d59d-561f-ed1e-da42-1975937205f9,ok,0,0,453,27.685,37,210,405,537,292
483,21986.297812657,21986.298654102,,3,GPU-46bf67bb-cb31-bee1-3cf0-c35337ba97d2,ok,0,0,453,27.353,40,210,405,439,292
483,21986.297812657,21986.298451182,,4,GPU-127e16de-2b5f-dde9-1932-b4e29bb818c0,ok,0,0,453,23.624,34,210,405,439,292
484,21987.297812657,21987.29863425,,0,GPU-9b96eb67-aeee-89d5-aa85-fc650af4e25c,ok,0,0,453,26.723,36,210,405,439,292
484,21987.297812657,21987.29868434,,1,GPU-37ffc98b-8551-c8a1-5f3c-27ade9ae735a,ok,38,17,1646,222.063,66,1935,9501,14257,73876
484,21987.297812657,21987.29872539,,2,GPU-5443d59d-561f-ed1e-da42-1975937205f9,ok,0,0,453,27.658,37,210,405,488,292
484,21987.297812657,21987.29838353,,3,GPU-46bf67bb-cb31-bee1-3cf0-c35337ba97d2,ok,0,0,453,27.468,40,210,405,390,341
484,21987.297812657,21987.29875793,,4,GPU-127e16de-2b5f-dde9-1932-b4e29bb818c0,ok,0,0,453,23.958,34,210,405,390,292
485,21988.297812657,21988.300195449,,0,GPU-9b96eb67-aeee-89d5-aa85-fc650af4e25c,ok,0,0,453,26.699,36,210,405,439,292
485,21988.297812657,21988.298522758,,1,GPU-37ffc98b-8551-c8a1-5f3c-27ade9ae735a,ok,36,16,1646,218.934,66,1935,9501,14746,78417
485,21988.297812657,21988.298659768,,2,GPU-5443d59d-561f-ed1e-da42-1975937205f9,ok,0,0,453,27.724,37,210,405,488,292
485,21988.297812657,21988.298482528,,3,GPU-46bf67bb-cb31-bee1-3cf0-c35337ba97d2,ok,0,0,453,27.336,40,210,405,439,341
485,21988.297812657,21988.298569038,,4,GPU-127e16de-2b5f-dde9-1932-b4e29bb818c0,ok,0,0,453,24.06,34,210,405,439,292
486,21989.297812657,21989.298649286,,0,GPU-9b96eb67-aeee-89d5-aa85-fc650af4e25c,ok,0,0,453,26.819,36,210,405,439,292
486,21989.297812657,21989.298713266,,1,GPU-37ffc98b-8551-c8a1-5f3c-27ade9ae735a,ok,40,18,1646,221.902,66,1935,9501,15576,78173
486,21989.297812657,21989.298611846,,2,GPU-5443d59d-561f-ed1e-da42-1975937205f9,ok,0,0,453,27.761,37,210,405,488,292
486,21989.297812657,21989.298727546,,3,GPU-46bf67bb-cb31-bee1-3cf0-c35337ba97d2,ok,0,0,453,27.364,40,210,405,439,292
486,21989.297812657,21989.298496786,,4,GPU-127e16de-2b5f-dde9-1932-b4e29bb818c0,ok,0,0,453,23.933,34,210,405,439,341
487,21990.297812657,21990.298551104,,0,GPU-9b96eb67-aeee-89d5-aa85-fc650af4e25c,ok,0,0,453,26.685,36,210,405,439,292
487,21990.297812657,21990.298632554,,1,GPU-37ffc98b-8551-c8a1-5f3c-27ade9ae735a,ok,41,18,1646,223.266,67,1935,9501,15136,78710
487,21990.297812657,21990.298430954,,2,GPU-5443d59d-561f-ed1e-da42-1975937205f9,ok,0,0,453,27.525,37,210,405,488,292
487,21990.297812657,21990.298527074,,3,GPU-46bf67bb-cb31-bee1-3cf0-c35337ba97d2,ok,0,0,453,27.411,40,210,405,439,292
487,21990.297812657,21990.300366965,,4,GPU-127e16de-2b5f-dde9-1932-b4e29bb818c0,ok,0,0,453,23.91,34,210,405,439,292
488,21991.297812657,21991.298707362,,0,GPU-9b96eb67-aeee-89d5-aa85-fc650af4e25c,ok,0,0,453,26.733,36,210,405,439,341
488,21991.297812657,21991.298462082,,1,GPU-37ffc98b-8551-c8a1-5f3c-27ade9ae735a,ok,40,18,1646,222.727,67,1905,9501,14697,78027
488,21991.297812657,21991.298746642,,2,GPU-5443d59d-561f-ed1e-da42-1975937205f9,ok,0,0,453,27.451,37,210,405,537,292
488,21991.297812657,21991.298494812,,3,GPU-46bf67bb-cb31-bee1-3cf0-c35337ba97d2,ok,0,0,453,27.507,40,210,405,439,292
488,21991.297812657,21991.298653072,,4,GPU-127e16de-2b5f-dde9-1932-b4e29bb818c0,ok,0,0,453,23.877,34,210,405,439,292
489,21992.297812657,21992.29865358,,0,GPU-9b96eb67-aeee-89d5-aa85-fc650af4e25c,ok,0,0,453,26.84,36,210,405,439,292
489,21992.297812657,21992.29861575,,1,GPU-37ffc98b-8551-c8a1-5f3c-27ade9ae735a,ok,41,18,1646,226.886,67,1935,9501,15185,78076
489,21992.297812657,21992.29871511,,2,GPU-5443d59d-561f-ed1e-da42-1975937205f9,ok,0,0,453,27.599,37,210,405,537,292
489,21992.297812657,21992.29847256,,3,GPU-46bf67bb-cb31-bee1-3cf0-c35337ba97d2,ok,0,0,453,27.747,40,210,405,390,292
489,21992.297812657,21992.29858552,,4,GPU-127e16de-2b5f-dde9-1932-b4e29bb818c0,ok,0,0,453,23.883,34,210,405,439,292
490,21993.297812657,21993.298517308,,0,GPU-9b96eb67-aeee-89d5-aa85-fc650af4e25c,ok,0,0,453,26.634,36,210,405,439,292
490,21993.297812657,21993.298422028,,1,GPU-37ffc98b-8551-c8a1-5f3c-27ade9ae735a,ok,34,15,1646,223.667,66,1935,9501,13916,73144
490,21993.297812657,21993.298712258,,2,GPU-5443d59d-561f-ed1e-da42-1975937205f9,ok,0,0,453,27.466,37,210,405,488,292
490,21993.297812657,21993.298685898,,3,GPU-46bf67bb-cb31-bee1-3cf0-c35337ba97d2,ok,0,0,453,27.456,40,210,405,439,341
490,21993.297812657,21993.298569238,,4,GPU-127e16de-2b5f-dde9-1932-b4e29bb818c0,ok,0,0,453,23.958,34,210,405,439,292
491,21994.297812657,21994.298992176,,0,GPU-9b96eb67-aeee-89d5-aa85-fc650af4e25c,ok,0,0,453,26.59,36,210,405,439,292
491,21994.297812657,21994.300237937,,1,GPU-37ffc98b-8551-c8a1-5f3c-27ade9ae735a,ok,34,15,1646,220.74,66,1935,9501,15478,79052
491,21994.297812657,21994.298290376,,2,GPU-5443d59d-561f-ed1e-da42-1975937205f9,ok,0,0,453,27.424,37,210,405,537,292
491,21994.297812657,21994.298476566,,3,GPU-46bf67bb-cb31-bee1-3cf0-c35337ba97d2,ok,0,0,453,27.37,40,210,405,439,292
491,21994.297812657,21994.298523056,,4,GPU-127e16de-2b5f-dde9-1932-b4e29bb818c0,ok,0,0,453,23.919,34,210,405,390,341
492,21995.297812657,21995.298401724,,0,GPU-9b96eb67-aeee-89d5-aa85-fc650af4e25c,ok,0,0,453,26.714,36,210,405,439,341
492,21995.297812657,21995.298616574,,1,GPU-37ffc98b-8551-c8a1-5f3c-27ade9ae735a,ok,34,15,1646,221.945,66,1935,9501,15136,77343
492,21995.297812657,21995.299133535,,2,GPU-5443d59d-561f-ed1e-da42-1975937205f9,ok,0,0,453,27.626,37,210,405,537,341
492,21995.297812657,21995.298655684,,3,GPU-46bf67bb-cb31-bee1-3cf0-c35337ba97d2,ok,0,0,453,27.587,40,210,405,439,292
492,21995.297812657,21995.298492784,,4,GPU-127e16de-2b5f-dde9-1932-b4e29bb818c0,ok,0,0,453,23.937,34,210,405,439,341
493,21996.297812657,21996.298759472,,0,GPU-9b96eb67-aeee-89d5-aa85-fc650af4e25c,ok,0,0,453,26.58,36,210,405,439,292
493,21996.297812657,21996.298309662,,1,GPU-37ffc98b-8551-c8a1-5f3c-27ade9ae735a,ok,35,15,1646,221.217,66,1935,9501,12792,77246
493,21996.297812657,21996.299392403,,2,GPU-5443d59d-561f-ed1e-da42-1975937205f9,ok,0,0,453,27.547,37,210,405,537,341
493,21996.297812657,21996.298479332,,3,GPU-46bf67bb-cb31-bee1-3cf0-c35337ba97d2,ok,0,0,453,27.429,40,210,405,439,292
493,21996.297812657,21996.298587302,,4,GPU-127e16de-2b5f-dde9-1932-b4e29bb818c0,ok,0,0,453,23.945,34,210,405,439,292
494,21997.297812657,21997.300085771,,0,GPU-9b96eb67-aeee-89d5-aa85-fc650af4e25c,ok,0,0,453,26.609,36,210,405,439,292
494,21997.297812657,21997.29838418,,1,GPU-37ffc98b-8551-c8a1-5f3c-27ade9ae735a,ok,36,16,1646,220.91,66,1935,9501,14599,77343
494,21997.297812657,21997.29851395,,2,GPU-5443d59d-561f-ed1e-da42-1975937205f9,ok,0,0,453,27.441,37,210,405,488,341
494,21997.297812657,21997.29859429,,3,GPU-46bf67bb-cb31-bee1-3cf0-c35337ba97d2,ok,0,0,453,27.41,40,210,405,439,292
494,21997.297812657,21997.29880828,,4,GPU-127e16de-2b5f-dde9-1932-b4e29bb818c0,ok,0,0,453,24.047,34,210,405,390,292
495,21998.297812657,21998.298733268,,0,GPU-9b96eb67-aeee-89d5-aa85-fc650af4e25c,ok,0,0,453,26.795,36,210,405,439,341
495,21998.297812657,21998.298592168,,1,GPU-37ffc98b-8551-c8a1-5f3c-27ade9ae735a,ok,37,16,1646,221.414,66,1935,9501,11523,71630
495,21998.297812657,21998.298447258,,2,GPU-5443d59d-561f-ed1e-da42-1975937205f9,ok,0,0,453,27.469,37,210,405,537,292
495,21998.297812657,21998.298637328,,3,GPU-46bf67bb-cb31-bee1-3cf0-c35337ba97d2,ok,0,0,453,27.504,40,210,405,439,292
495,21998.297812657,21998.298709278,,4,GPU-127e16de-2b5f-dde9-1932-b4e29bb818c0,ok,0,0,453,24.144,34,210,405,439,292
496,21999.297812657,21999.298790656,,0,GPU-9b96eb67-aeee-89d5-aa85-fc650af4e25c,ok,0,0,453,26.761,36,210,405,439,292
496,21999.297812657,21999.298247496,,1,GPU-37ffc98b-8551-c8a1-5f3c-27ade9ae735a,ok,38,17,1646,222.573,66,1935,9501,14746,77832
496,21999.297812657,21999.298448876,,2,GPU-5443d59d-561f-ed1e-da42-1975937205f9,ok,0,0,453,27.393,37,210,405,537,292
496,21999.297812657,21999.298816947,,3,GPU-46bf67bb-cb31-bee1-3cf0-c35337ba97d2,ok,0,0,453,27.361,40,210,405,439,341
496,21999.297812657,21999.298858627,,4,GPU-127e16de-2b5f-dde9-1932-b4e29bb818c0,ok,0,0,453,24.169,34,210,405,439,292
497,22000.297812657,22000.298696494,,0,GPU-9b96eb67-aeee-89d5-aa85-fc650af4e25c,ok,0,0,453,26.902,36,210,405,439,292
497,22000.297812657,22000.298761525,,1,GPU-37ffc98b-8551-c8a1-5f3c-27ade9ae735a,ok,38,18,1646,224.354,66,1935,9501,15087,78271
497,22000.297812657,22000.298456104,,2,GPU-5443d59d-561f-ed1e-da42-1975937205f9,ok,0,0,453,27.449,37,210,405,537,292
497,22000.297812657,22000.298793735,,3,GPU-46bf67bb-cb31-bee1-3cf0-c35337ba97d2,ok,0,0,453,27.45,40,210,405,439,341
497,22000.297812657,22000.298734265,,4,GPU-127e16de-2b5f-dde9-1932-b4e29bb818c0,ok,0,0,453,24.238,34,210,405,439,292
498,22001.297812657,22001.298343622,,0,GPU-9b96eb67-aeee-89d5-aa85-fc650af4e25c,ok,0,0,453,26.87,36,210,405,439,341
498,22001.297812657,22001.298621712,,1,GPU-37ffc98b-8551-c8a1-5f3c-27ade9ae735a,ok,36,16,1646,223.543,66,1935,9501,15039,78076
498,22001.297812657,22001.298655923,,2,GPU-5443d59d-561f-ed1e-da42-1975937205f9,ok,0,0,453,27.427,37,210,405,537,292
498,22001.297812657,22001.299072093,,3,GPU-46bf67bb-cb31-bee1-3cf0-c35337ba97d2,ok,0,0,453,27.599,40,210,405,439,292
498,22001.297812657,22001.298562272,,4,GPU-127e16de-2b5f-dde9-1932-b4e29bb818c0,ok,0,0,453,24.18,34,210,405,439,341
499,22002.297812657,22002.29846856,,0,GPU-9b96eb67-aeee-89d5-aa85-fc650af4e25c,ok,0,0,453,26.791,36,210,405,390,292
499,22002.297812657,22002.298758061,,1,GPU-37ffc98b-8551-c8a1-5f3c-27ade9ae735a,ok,39,18,1646,223.227,67,1935,9501,15332,78466
499,22002.297812657,22002.298734291,,2,GPU-5443d59d-561f-ed1e-da42-1975937205f9,ok,0,0,453,27.304,37,210,405,537,292
499,22002.297812657,22002.298608291,,3,GPU-46bf67bb-cb31-bee1-3cf0-c35337ba97d2,ok,0,0,453,27.431,40,210,405,439,292
499,22002.297812657,22002.298568261,,4,GPU-127e16de-2b5f-dde9-1932-b4e29bb818c0,ok,0,0,453,24.211,34,210,405,390,341
500,22003.297812657,22003.298688769,,0,GPU-9b96eb67-aeee-89d5-aa85-fc650af4e25c,ok,0,0,453,26.896,36,210,405,439,341
500,22003.297812657,22003.299204609,,1,GPU-37ffc98b-8551-c8a1-5f3c-27ade9ae735a,ok,41,18,1646,223.403,67,1935,9501,15625,78222
500,22003.297812657,22003.298671339,,2,GPU-5443d59d-561f-ed1e-da42-1975937205f9,ok,0,0,453,27.366,37,210,405,537,341
500,22003.297812657,22003.298604019,,3,GPU-46bf67bb-cb31-bee1-3cf0-c35337ba97d2,ok,0,0,453,27.436,40,210,405,439,292
500,22003.297812657,22003.298468848,,4,GPU-127e16de-2b5f-dde9-1932-b4e29bb818c0,ok,0,0,453,24.218,34,210,405,439,341
501,22004.297812657,22004.298736707,,0,GPU-9b96eb67-aeee-89d5-aa85-fc650af4e25c,ok,0,0,453,26.755,36,210,405,439,341
501,22004.297812657,22004.298456137,,1,GPU-37ffc98b-8551-c8a1-5f3c-27ade9ae735a,ok,41,19,1646,224.236,67,1935,9501,14355,74707
501,22004.297812657,22004.298783647,,2,GPU-5443d59d-561f-ed1e-da42-1975937205f9,ok,0,0,453,27.506,37,210,405,537,341
501,22004.297812657,22004.298673527,,3,GPU-46bf67bb-cb31-bee1-3cf0-c35337ba97d2,ok,0,0,453,27.62,40,210,405,439,292
501,22004.297812657,22004.298712237,,4,GPU-127e16de-2b5f-dde9-1932-b4e29bb818c0,ok,0,0,453,24.269,34,210,405,439,292
502,22005.297812657,22005.299153235,,0,GPU-9b96eb67-aeee-89d5-aa85-fc650af4e25c,ok,0,0,453,26.748,36,210,405,439,292
502,22005.297812657,22005.298564795,,1,GPU-37ffc98b-8551-c8a1-5f3c-27ade9ae735a,ok,41,19,1646,223.519,67,1860,9501,14355,75537
502,22005.297812657,22005.298664415,,2,GPU-5443d59d-561f-ed1e-da42-1975937205f9,ok,0,0,453,27.405,37,210,405,488,292
502,22005.297812657,22005.298607335,,3,GPU-46bf67bb-cb31-bee1-3cf0-c35337ba97d2,ok,0,0,453,27.424,40,210,405,439,292
502,22005.297812657,22005.298403575,,4,GPU-127e16de-2b5f-dde9-1932-b4e29bb818c0,ok,0,0,453,24.307,34,210,405,439,292
503,22006.297812657,22006.298301873,,0,GPU-9b96eb67-aeee-89d5-aa85-fc650af4e25c,ok,0,0,453,26.89,36,210,405,439,292
503,22006.297812657,22006.298513923,,1,GPU-37ffc98b-8551-c8a1-5f3c-27ade9ae735a,ok,47,22,1646,227.137,67,1935,9501,14501,77246
503,22006.297812657,22006.299897443,,2,GPU-5443d59d-561f-ed1e-da42-1975937205f9,ok,0,0,453,27.447,37,210,405,537,292
503,22006.297812657,22006.298540223,,3,GPU-46bf67bb-cb31-bee1-3cf0-c35337ba97d2,ok,0,0,453,27.419,40,210,405,390,341
503,22006.297812657,22006.298617673,,4,GPU-127e16de-2b5f-dde9-1932-b4e29bb818c0,ok,0,0,453,24.194,34,210,405,439,341
504,22007.297812657,22007.299214531,,0,GPU-9b96eb67-aeee-89d5-aa85-fc650af4e25c,ok,0,0,453,26.858,36,210,405,439,341
504,22007.297812657,22007.298574911,,1,GPU-37ffc98b-8551-c8a1-5f3c-27ade9ae735a,ok,39,17,1646,227.409,67,1935,9501,15136,77441
504,22007.297812657,22007.299187581,,2,GPU-5443d59d-561f-ed1e-da42-1975937205f9,ok,0,0,453,27.378,37,210,405,537,292
504,22007.297812657,22007.298534331,,3,GPU-46bf67bb-cb31-bee1-3cf0-c35337ba97d2,ok,0,0,453,27.693,40,210,405,390,292
504,22007.297812657,22007.298407081,,4,GPU-127e16de-2b5f-dde9-1932-b4e29bb818c0,ok,0,0,453,23.98,34,210,405,439,292
505,22008.297812657,22008.298694049,,0,GPU-9b96eb67-aeee-89d5-aa85-fc650af4e25c,ok,0,0,453,26.868,36,210,405,439,292
505,22008.297812657,22008.298571579,,1,GPU-37ffc98b-8551-c8a1-5f3c-27ade9ae735a,ok,33,15,1646,224.515,67,1935,9501,15136,78613
505,22008.297812657,22008.298538589,,2,GPU-5443d59d-561f-ed1e-da42-1975937205f9,ok,0,0,453,27.256,37,210,405,488,292
505,22008.297812657,22008.298719739,,3,GPU-46bf67bb-cb31-bee1-3cf0-c35337ba97d2,ok,0,0,453,27.434,40,210,405,439,292
505,22008.297812657,22008.298489279,,4,GPU-127e16de-2b5f-dde9-1932-b4e29bb818c0,ok,0,0,453,23.771,34,210,405,439,292
506,22009.297812657,22009.299739157,,0,GPU-9b96eb67-aeee-89d5-aa85-fc650af4e25c,ok,0,0,453,26.93,36,210,405,439,292
506,22009.297812657,22009.298577347,,1,GPU-37ffc98b-8551-c8a1-5f3c-27ade9ae735a,ok,36,16,1646,223.416,67,1935,9501,15185,78662
506,22009.297812657,22009.298407537,,2,GPU-5443d59d-561f-ed1e-da42-1975937205f9,ok,0,0,453,27.402,37,210,405,537,341
506,22009.297812657,22009.298452297,,3,GPU-46bf67bb-cb31-bee1-3cf0-c35337ba97d2,ok,0,0,453,27.332,40,210,405,390,341
506,22009.297812657,22009.298644597,,4,GPU-127e16de-2b5f-dde9-1932-b4e29bb818c0,ok,0,0,453,23.745,34,210,405,439,292
507,22010.297812657,22010.298601855,,0,GPU-9b96eb67-aeee-89d5-aa85-fc650af4e25c,ok,0,0,453,26.846,36,210,405,439,292
507,22010.297812657,22010.299112465,,1,GPU-37ffc98b-8551-c8a1-5f3c-27ade9ae735a,ok,34,15,1646,223.002,66,1935,9501,15039,77197
507,22010.297812657,22010.298549885,,2,GPU-5443d59d-561f-ed1e-da42-1975937205f9,ok,0,0,453,27.297,37,210,405,537,292
507,22010.297812657,22010.298402685,,3,GPU-46bf67bb-cb31-bee1-3cf0-c35337ba97d2,ok,0,0,453,27.489,40,210,405,439,292
507,22010.297812657,22010.299768565,,4,GPU-127e16de-2b5f-dde9-1932-b4e29bb818c0,ok,0,0,453,23.826,34,210,405,439,292
508,22011.297812657,22011.298652983,,0,GPU-9b96eb67-aeee-89d5-aa85-fc650af4e25c,ok,0,0,453,26.826,36,210,405,390,341
508,22011.297812657,22011.298756413,,1,GPU-37ffc98b-8551-c8a1-5f3c-27ade9ae735a,ok,36,15,1646,221.265,66,1935,9501,15722,79101
508,22011.297812657,22011.298704473,,2,GPU-5443d59d-561f-ed1e-da42-1975937205f9,ok,0,0,453,27.333,37,210,405,488,292
508,22011.297812657,22011.298625553,,3,GPU-46bf67bb-cb31-bee1-3cf0-c35337ba97d2,ok,0,0,453,27.261,40,210,405,439,292
508,22011.297812657,22011.298457573,,4,GPU-127e16de-2b5f-dde9-1932-b4e29bb818c0,ok,0,0,453,23.771,34,210,405,390,292
509,22012.297812657,22012.298630511,,0,GPU-9b96eb67-aeee-89d5-aa85-fc650af4e25c,ok,0,0,453,26.977,36,210,405,390,292
509,22012.297812657,22012.298467541,,1,GPU-37ffc98b-8551-c8a1-5f3c-27ade9ae735a,ok,37,16,1646,222.425,66,1935,9501,14794,78564
509,22012.297812657,22012.299477101,,2,GPU-5443d59d-561f-ed1e-da42-1975937205f9,ok,0,0,453,27.551,37,210,405,488,292
509,22012.297812657,22012.298419361,,3,GPU-46bf67bb-cb31-bee1-3cf0-c35337ba97d2,ok,0,0,453,27.238,40,210,405,439,292
509,22012.297812657,22012.298568091,,4,GPU-127e16de-2b5f-dde9-1932-b4e29bb818c0,ok,0,0,453,23.796,34,210,405,439,341
510,22013.297812657,22013.298596289,,0,GPU-9b96eb67-aeee-89d5-aa85-fc650af4e25c,ok,0,0,453,26.839,36,210,405,390,292
510,22013.297812657,22013.298563409,,1,GPU-37ffc98b-8551-c8a1-5f3c-27ade9ae735a,ok,37,17,1646,222.548,66,1935,9501,14843,78320
510,22013.297812657,22013.298672829,,2,GPU-5443d59d-561f-ed1e-da42-1975937205f9,ok,0,0,453,27.449,37,210,405,537,341
510,22013.297812657,22013.298699459,,3,GPU-46bf67bb-cb31-bee1-3cf0-c35337ba97d2,ok,0,0,453,27.415,40,210,405,439,292
510,22013.297812657,22013.298477899,,4,GPU-127e16de-2b5f-dde9-1932-b4e29bb818c0,ok,0,0,453,24.08,34,210,405,390,341
511,22014.297812657,22014.298599597,,0,GPU-9b96eb67-aeee-89d5-aa85-fc650af4e25c,ok,0,0,453,26.677,36,210,405,439,341
511,22014.297812657,22014.298644397,,1,GPU-37ffc98b-8551-c8a1-5f3c-27ade9ae735a,ok,38,17,1646,223.997,67,1935,9501,15136,78808
511,22014.297812657,22014.298686787,,2,GPU-5443d59d-561f-ed1e-da42-1975937205f9,ok,0,0,453,27.425,37,210,405,537,292
511,22014.297812657,22014.298616917,,3,GPU-46bf67bb-cb31-bee1-3cf0-c35337ba97d2,ok,0,0,453,27.292,40,210,405,439,341
511,22014.297812657,22014.298770747,,4,GPU-127e16de-2b5f-dde9-1932-b4e29bb818c0,ok,0,0,453,24.043,34,210,405,439,292
512,22015.297812657,22015.298431445,,0,GPU-9b96eb67-aeee-89d5-aa85-fc650af4e25c,ok,0,0,453,26.823,36,210,405,390,292
512,22015.297812657,22015.298470345,,1,GPU-37ffc98b-8551-c8a1-5f3c-27ade9ae735a,ok,38,17,1646,223.252,67,1935,9501,14843,77685
512,22015.297812657,22015.298633165,,2,GPU-5443d59d-561f-ed1e-da42-1975937205f9,ok,0,0,453,27.46,36,210,405,537,292
512,22015.297812657,22015.298550575,,3,GPU-46bf67bb-cb31-bee1-3cf0-c35337ba97d2,ok,0,0,453,27.276,40,210,405,439,292
512,22015.297812657,22015.300012565,,4,GPU-127e16de-2b5f-dde9-1932-b4e29bb818c0,ok,0,0,453,23.786,34,210,405,439,292
513,22016.297812657,22016.298622253,,0,GPU-9b96eb67-aeee-89d5-aa85-fc650af4e25c,ok,0,0,453,26.774,36,210,405,390,292
513,22016.297812657,22016.298712703,,1,GPU-37ffc98b-8551-c8a1-5f3c-27ade9ae735a,ok,39,17,1646,224.177,67,1935,9501,15576,78906
513,22016.297812657,22016.298574383,,2,GPU-5443d59d-561f-ed1e-da42-1975937205f9,ok,0,0,453,27.276,36,210,405,537,292
513,22016.297812657,22016.298671413,,3,GPU-46bf67bb-cb31-bee1-3cf0-c35337ba97d2,ok,0,0,453,27.489,40,210,405,439,292
513,22016.297812657,22016.298484203,,4,GPU-127e16de-2b5f-dde9-1932-b4e29bb818c0,ok,0,0,453,23.679,34,210,405,390,292
514,22017.297812657,22017.298468101,,0,GPU-9b96eb67-aeee-89d5-aa85-fc650af4e25c,ok,0,0,453,26.828,36,210,405,390,292
514,22017.297812657,22017.298307241,,1,GPU-37ffc98b-8551-c8a1-5f3c-27ade9ae735a,ok,41,18,1646,219.232,66,1920,9501,14697,77197
514,22017.297812657,22017.299952531,,2,GPU-5443d59d-561f-ed1e-da42-1975937205f9,ok,0,0,453,27.308,37,210,405,488,292
514,22017.297812657,22017.298703651,,3,GPU-46bf67bb-cb31-bee1-3cf0-c35337ba97d2,ok,0,0,453,27.418,40,210,405,439,292
514,22017.297812657,22017.298501851,,4,GPU-127e16de-2b5f-dde9-1932-b4e29bb818c0,ok,0,0,453,23.832,34,210,405,439,292
515,22018.297812657,22018.298709349,,0,GPU-9b96eb67-aeee-89d5-aa85-fc650af4e25c,ok,0,0,453,27.004,36,210,405,439,341
515,22018.297812657,22018.298423329,,1,GPU-37ffc98b-8551-c8a1-5f3c-27ade9ae735a,ok,39,17,1646,222.007,66,1935,9501,14648,77539
515,22018.297812657,22018.298531939,,2,GPU-5443d59d-561f-ed1e-da42-1975937205f9,ok,0,0,453,27.446,37,210,405,488,292
515,22018.297812657,22018.298577499,,3,GPU-46bf67bb-cb31-bee1-3cf0-c35337ba97d2,ok,0,0,453,27.431,40,210,405,439,292
515,22018.297812657,22018.300076249,,4,GPU-127e16de-2b5f-dde9-1932-b4e29bb818c0,ok,0,0,453,23.907,34,210,405,439,292
516,22019.297812657,22019.299072877,,0,GPU-9b96eb67-aeee-89d5-aa85-fc650af4e25c,ok,0,0,453,26.827,36,210,405,390,292
516,22019.297812657,22019.299158787,,1,GPU-37ffc98b-8551-c8a1-5f3c-27ade9ae735a,ok,41,19,1646,225.149,67,1920,9501,15283,78564
516,22019.297812657,22019.298901557,,2,GPU-5443d59d-561f-ed1e-da42-1975937205f9,ok,0,0,453,27.413,37,210,405,537,292
516,22019.297812657,22019.299134997,,3,GPU-46bf67bb-cb31-bee1-3cf0-c35337ba97d2,ok,0,0,453,27.652,40,210,405,439,341
516,22019.297812657,22019.298220597,,4,GPU-127e16de-2b5f-dde9-1932-b4e29bb818c0,ok,0,0,453,23.87,34,210,405,439,341
517,22020.297812657,22020.298303995,,0,GPU-9b96eb67-aeee-89d5-aa85-fc650af4e25c,ok,0,0,453,26.714,36,210,405,390,292
517,22020.297812657,22020.298543875,,1,GPU-37ffc98b-8551-c8a1-5f3c-27ade9ae735a,ok,42,19,1646,226.176,67,1935,9501,14990,77294
517,22020.297812657,22020.299700555,,2,GPU-5443d59d-561f-ed1e-da42-1975937205f9,ok,0,0,453,27.454,37,210,405,537,292
517,22020.297812657,22020.299732125,,3,GPU-46bf67bb-cb31-bee1-3cf0-c35337ba97d2,ok,0,0,453,27.489,40,210,405,439,292
517,22020.297812657,22020.298344995,,4,GPU-127e16de-2b5f-dde9-1932-b4e29bb818c0,ok,0,0,453,23.979,34,210,405,390,341
518,22021.297812657,22021.298361163,,0,GPU-9b96eb67-aeee-89d5-aa85-fc650af4e25c,ok,0,0,453,26.784,36,210,405,390,341
518,22021.297812657,22021.298561173,,1,GPU-37ffc98b-8551-c8a1-5f3c-27ade9ae735a,ok,34,15,1646,223.913,66,1935,9501,15039,79248
518,22021.297812657,22021.298628783,,2,GPU-5443d59d-561f-ed1e-da42-1975937205f9,ok,0,0,453,27.537,37,210,405,537,292
518,22021.297812657,22021.299066673,,3,GPU-46bf67bb-cb31-bee1-3cf0-c35337ba97d2,ok,0,0,453,27.37,40,210,405,390,292
518,22021.297812657,22021.298538063,,4,GPU-127e16de-2b5f-dde9-1932-b4e29bb818c0,ok,0,0,453,24.013,34,210,405,439,292
519,22022.297812657,22022.298619521,,0,GPU-9b96eb67-aeee-89d5-aa85-fc650af4e25c,ok,0,0,453,26.658,36,210,405,439,292
519,22022.297812657,22022.299140521,,1,GPU-37ffc98b-8551-c8a1-5f3c-27ade9ae735a,ok,34,15,1646,222.228,67,1935,9501,14501,74365
519,22022.297812657,22022.298577941,,2,GPU-5443d59d-561f-ed1e-da42-1975937205f9,ok,0,0,453,27.507,37,210,405,488,292
519,22022.297812657,22022.298647341,,3,GPU-46bf67bb-cb31-bee1-3cf0-c35337ba97d2,ok,0,0,453,27.484,40,210,405,439,292
519,22022.297812657,22022.298408411,,4,GPU-127e16de-2b5f-dde9-1932-b4e29bb818c0,ok,0,0,453,24.011,34,210,405,439,292
520,22023.297812657,22023.298429319,,0,GPU-9b96eb67-aeee-89d5-aa85-fc650af4e25c,ok,0,0,453,26.601,36,210,405,439,292
520,22023.297812657,22023.298732589,,1,GPU-37ffc98b-8551-c8a1-5f3c-27ade9ae735a,ok,34,15,1646,221.701,66,1935,9501,15429,78466
520,22023.297812657,22023.298717609,,2,GPU-5443d59d-561f-ed1e-da42-1975937205f9,ok,0,0,453,27.526,37,210,405,488,292
520,22023.297812657,22023.298519469,,3,GPU-46bf67bb-cb31-bee1-3cf0-c35337ba97d2,ok,0,0,453,27.355,40,210,405,439,292
520,22023.297812657,22023.298682489,,4,GPU-127e16de-2b5f-dde9-1932-b4e29bb818c0,ok,0,0,453,24.013,34,210,405,390,292
521,22024.297812657,22024.298634857,,0,GPU-9b96eb67-aeee-89d5-aa85-fc650af4e25c,ok,0,0,453,26.678,36,210,405,439,292
521,22024.297812657,22024.300428868,,1,GPU-37ffc98b-8551-c8a1-5f3c-27ade9ae735a,ok,34,15,1646,221.686,66,1935,9501,15771,78271
521,22024.297812657,22024.298481697,,2,GPU-5443d59d-561f-ed1e-da42-1975937205f9,ok,0,0,453,27.597,37,210,405,537,341
521,22024.297812657,22024.298564847,,3,GPU-46bf67bb-cb31-bee1-3cf0-c35337ba97d2,ok,0,0,453,27.307,40,210,405,439,341
521,22024.297812657,22024.298518717,,4,GPU-127e16de-2b5f-dde9-1932-b4e29bb818c0,ok,0,0,453,23.878,34,210,405,439,292
522,22025.297812657,22025.298686405,,0,GPU-9b96eb67-aeee-89d5-aa85-fc650af4e25c,ok,0,0,453,26.621,36,210,405,439,341
522,22025.297812657,22025.298551785,,1,GPU-37ffc98b-8551-c8a1-5f3c-27ade9ae735a,ok,35,15,1646,220.544,66,1935,9501,14746,77197
522,22025.297812657,22025.298624215,,2,GPU-5443d59d-561f-ed1e-da42-1975937205f9,ok,0,0,453,27.584,37,210,405,537,341
522,22025.297812657,22025.298714285,,3,GPU-46bf67bb-cb31-bee1-3cf0-c35337ba97d2,ok,0,0,453,27.409,40,210,405,439,292
522,22025.297812657,22025.298742115,,4,GPU-127e16de-2b5f-dde9-1932-b4e29bb818c0,ok,0,0,453,23.656,34,210,405,439,341
523,22026.297812657,22026.298585353,,0,GPU-9b96eb67-aeee-89d5-aa85-fc650af4e25c,ok,0,0,453,26.608,36,210,405,439,292
523,22026.297812657,22026.298374643,,1,GPU-37ffc98b-8551-c8a1-5f3c-27ade9ae735a,ok,36,15,1646,213.315,65,1875,9501,13916,71679
523,22026.297812657,22026.298549323,,2,GPU-5443d59d-561f-ed1e-da42-1975937205f9,ok,0,0,453,27.721,37,210,405,537,292
523,22026.297812657,22026.298738833,,3,GPU-46bf67bb-cb31-bee1-3cf0-c35337ba97d2,ok,0,0,453,27.182,40,210,405,439,292
523,22026.297812657,22026.298695153,,4,GPU-127e16de-2b5f-dde9-1932-b4e29bb818c0,ok,0,0,453,23.702,34,210,405,390,341
524,22027.297812657,22027.298607611,,0,GPU-9b96eb67-aeee-89d5-aa85-fc650af4e25c,ok,0,0,453,26.685,36,210,405,439,292
524,22027.297812657,22027.298688531,,1,GPU-37ffc98b-8551-c8a1-5f3c-27ade9ae735a,ok,37,16,1646,205.794,66,1935,9501,15136,78417
524,22027.297812657,22027.298739921,,2,GPU-5443d59d-561f-ed1e-da42-1975937205f9,ok,0,0,453,27.798,37,210,405,488,292
524,22027.297812657,22027.298644661,,3,GPU-46bf67bb-cb31-bee1-3cf0-c35337ba97d2,ok,0,0,453,27.099,40,210,405,439,292
524,22027.297812657,22027.298467081,,4,GPU-127e16de-2b5f-dde9-1932-b4e29bb818c0,ok,0,0,453,23.914,34,210,405,439,292
525,22028.297812657,22028.298651949,,0,GPU-9b96eb67-aeee-89d5-aa85-fc650af4e25c,ok,0,0,453,26.601,36,210,405,439,292
525,22028.297812657,22028.298471979,,1,GPU-37ffc98b-8551-c8a1-5f3c-27ade9ae735a,ok,37,17,1646,225.853,66,1935,9501,14794,78417
525,22028.297812657,22028.298514189,,2,GPU-5443d59d-561f-ed1e-da42-1975937205f9,ok,0,0,453,27.591,37,210,405,537,292
525,22028.297812657,22028.298391749,,3,GPU-46bf67bb-cb31-bee1-3cf0-c35337ba97d2,ok,0,0,453,27.276,40,210,405,439,341
525,22028.297812657,22028.30001399,,4,GPU-127e16de-2b5f-dde9-1932-b4e29bb818c0,ok,0,0,453,23.969,34,210,405,439,292
526,22029.297812657,22029.298734197,,0,GPU-9b96eb67-aeee-89d5-aa85-fc650af4e25c,ok,0,0,453,26.636,36,210,405,439,341
526,22029.297812657,22029.298402697,,1,GPU-37ffc98b-8551-c8a1-5f3c-27ade9ae735a,ok,41,18,1646,226.888,67,1935,9501,14648,77832
526,22029.297812657,22029.298711697,,2,GPU-5443d59d-561f-ed1e-da42-1975937205f9,ok,0,0,453,27.674,37,210,405,537,292
526,22029.297812657,22029.298763587,,3,GPU-46bf67bb-cb31-bee1-3cf0-c35337ba97d2,ok,0,0,453,27.487,40,210,405,439,341
526,22029.297812657,22029.298674377,,4,GPU-127e16de-2b5f-dde9-1932-b4e29bb818c0,ok,0,0,453,23.894,34,210,405,390,292
527,22030.297812657,22030.298740245,,0,GPU-9b96eb67-aeee-89d5-aa85-fc650af4e25c,ok,0,0,453,26.779,36,210,405,390,341
527,22030.297812657,22030.298546775,,1,GPU-37ffc98b-8551-c8a1-5f3c-27ade9ae735a,ok,37,17,1646,225.967,66,1935,9501,15625,78662
527,22030.297812657,22030.298671275,,2,GPU-5443d59d-561f-ed1e-da42-1975937205f9,ok,0,0,453,27.864,37,210,405,537,292
527,22030.297812657,22030.298521275,,3,GPU-46bf67bb-cb31-bee1-3cf0-c35337ba97d2,ok,0,0,453,27.634,40,210,405,439,292
527,22030.297812657,22030.298633935,,4,GPU-127e16de-2b5f-dde9-1932-b4e29bb818c0,ok,0,0,453,23.745,34,210,405,439,292
528,22031.297812657,22031.298763173,,0,GPU-9b96eb67-aeee-89d5-aa85-fc650af4e25c,ok,0,0,453,26.595,36,210,405,390,292
528,22031.297812657,22031.298263173,,1,GPU-37ffc98b-8551-c8a1-5f3c-27ade9ae735a,ok,39,18,1646,223.311,67,1935,9501,14599,77685
528,22031.297812657,22031.299365423,,2,GPU-5443d59d-561f-ed1e-da42-1975937205f9,ok,0,0,453,27.677,37,210,405,488,292
528,22031.297812657,22031.298461443,,3,GPU-46bf67bb-cb31-bee1-3cf0-c35337ba97d2,ok,0,0,453,27.409,40,210,405,439,292
528,22031.297812657,22031.298793323,,4,GPU-127e16de-2b5f-dde9-1932-b4e29bb818c0,ok,0,0,453,23.779,34,210,405,390,292
529,22032.297812657,22032.298779681,,0,GPU-9b96eb67-aeee-89d5-aa85-fc650af4e25c,ok,0,0,453,26.57,36,210,405,439,292
529,22032.297812657,22032.298658871,,1,GPU-37ffc98b-8551-c8a1-5f3c-27ade9ae735a,ok,40,18,1646,228.909,67,1935,9501,15087,77294
529,22032.297812657,22032.298629521,,2,GPU-5443d59d-561f-ed1e-da42-1975937205f9,ok,0,0,453,27.542,37,210,405,488,292
529,22032.297812657,22032.298579521,,3,GPU-46bf67bb-cb31-bee1-3cf0-c35337ba97d2,ok,0,0,453,27.446,40,210,405,439,292
529,22032.297812657,22032.298739231,,4,GPU-127e16de-2b5f-dde9-1932-b4e29bb818c0,ok,0,0,453,23.813,34,210,405,390,292
530,22033.297812657,22033.298548969,,0,GPU-9b96eb67-aeee-89d5-aa85-fc650af4e25c,ok,0,0,453,26.731,36,210,405,439,292
530,22033.297812657,22033.298680469,,1,GPU-37ffc98b-8551-c8a1-5f3c-27ade9ae735a,ok,41,18,1646,224.645,67,1920,9501,15039,76806
530,22033.297812657,22033.298402239,,2,GPU-5443d59d-561f-ed1e-da42-1975937205f9,ok,0,0,453,27.613,37,210,405,537,292
530,22033.297812657,22033.29973215,,3,GPU-46bf67bb-cb31-bee1-3cf0-c35337ba97d2,ok,0,0,453,27.628,40,210,405,439,292
530,22033.297812657,22033.298643079,,4,GPU-127e16de-2b5f-dde9-1932-b4e29bb818c0,ok,0,0,453,23.869,34,210,405,439,292
531,22034.297812657,22034.298477427,,0,GPU-9b96eb67-aeee-89d5-aa85-fc650af4e25c,ok,0,0,453,26.645,36,210,405,439,292
531,22034.297812657,22034.299122427,,1,GPU-37ffc98b-8551-c8a1-5f3c-27ade9ae735a,ok,45,21,1646,228.757,67,1935,9501,14941,77490
531,22034.297812657,22034.299164647,,2,GPU-5443d59d-561f-ed1e-da42-1975937205f9,ok,0,0,453,27.507,37,210,405,537,292
531,22034.297812657,22034.298518537,,3,GPU-46bf67bb-cb31-bee1-3cf0-c35337ba97d2,ok,0,0,453,27.435,40,210,405,390,292
531,22034.297812657,22034.298327127,,4,GPU-127e16de-2b5f-dde9-1932-b4e29bb818c0,ok,0,0,453,23.975,34,210,405,390,292
532,22035.297812657,22035.298296015,,0,GPU-9b96eb67-aeee-89d5-aa85-fc650af4e25c,ok,0,0,453,26.672,36,210,405,439,292
532,22035.297812657,22035.299107115,,1,GPU-37ffc98b-8551-c8a1-5f3c-27ade9ae735a,ok,41,19,1646,226.83,67,1935,9501,15234,77832
532,22035.297812657,22035.298556245,,2,GPU-5443d59d-561f-ed1e-da42-1975937205f9,ok,0,0,453,27.481,37,210,405,537,292
532,22035.297812657,22035.298519975,,3,GPU-46bf67bb-cb31-bee1-3cf0-c35337ba97d2,ok,0,0,453,27.419,40,210,405,390,292
532,22035.297812657,22035.299081905,,4,GPU-127e16de-2b5f-dde9-1932-b4e29bb818c0,ok,0,0,453,23.868,34,210,405,439,292
533,22036.297812657,22036.298797493,,0,GPU-9b96eb67-aeee-89d5-aa85-fc650af4e25c,ok,0,0,453,26.794,36,210,405,390,341
533,22036.297812657,22036.298763073,,1,GPU-37ffc98b-8551-c8a1-5f3c-27ade9ae735a,ok,36,16,1646,225.994,67,1935,9501,14257,74755
533,22036.297812657,22036.298714773,,2,GPU-5443d59d-561f-ed1e-da42-1975937205f9,ok,0,0,453,27.583,37,210,405,537,341
533,22036.297812657,22036.298463723,,3,GPU-46bf67bb-cb31-bee1-3cf0-c35337ba97d2,ok,0,0,453,27.461,40,210,405,439,292
533,22036.297812657,22036.298676233,,4,GPU-127e16de-2b5f-dde9-1932-b4e29bb818c0,ok,0,0,453,23.819,34,210,405,488,292
534,22037.297812657,22037.298791481,,0,GPU-9b96eb67-aeee-89d5-aa85-fc650af4e25c,ok,0,0,453,26.692,36,210,405,390,292
534,22037.297812657,22037.298649061,,1,GPU-37ffc98b-8551-c8a1-5f3c-27ade9ae735a,ok,34,15,1646,226.612,66,1935,9501,14746,77978
534,22037.297812657,22037.298602411,,2,GPU-5443d59d-561f-ed1e-da42-1975937205f9,ok,0,0,453,27.507,37,210,405,488,292
534,22037.297812657,22037.298737191,,3,GPU-46bf67bb-cb31-bee1-3cf0-c35337ba97d2,ok,0,0,453,27.406,40,210,405,390,341
534,22037.297812657,22037.298582381,,4,GPU-127e16de-2b5f-dde9-1932-b4e29bb818c0,ok,0,0,453,23.951,34,210,405,439,292
535,22038.297812657,22038.298669549,,0,GPU-9b96eb67-aeee-89d5-aa85-fc650af4e25c,ok,0,0,453,26.625,36,210,405,439,292
535,22038.297812657,22038.298763029,,1,GPU-37ffc98b-8551-c8a1-5f3c-27ade9ae735a,ok,34,15,1646,223.661,66,1935,9501,15625,78125
535,22038.297812657,22038.298746939,,2,GPU-5443d59d-561f-ed1e-da42-1975937205f9,ok,0,0,453,27.502,37,210,405,488,292
535,22038.297812657,22038.298528929,,3,GPU-46bf67bb-cb31-bee1-3cf0-c35337ba97d2,ok,0,0,453,27.449,40,210,405,439,341
535,22038.297812657,22038.298705949,,4,GPU-127e16de-2b5f-dde9-1932-b4e29bb818c0,ok,0,0,453,24.139,34,210,405,439,341
536,22039.297812657,22039.298693467,,0,GPU-9b96eb67-aeee-89d5-aa85-fc650af4e25c,ok,0,0,453,26.54,36,210,405,439,292
536,22039.297812657,22039.298738967,,1,GPU-37ffc98b-8551-c8a1-5f3c-27ade9ae735a,ok,36,16,1646,223.091,66,1935,9501,15039,78613
536,22039.297812657,22039.298612157,,2,GPU-5443d59d-561f-ed1e-da42-1975937205f9,ok,0,0,453,27.534,37,210,405,537,292
536,22039.297812657,22039.298766077,,3,GPU-46bf67bb-cb31-bee1-3cf0-c35337ba97d2,ok,0,0,453,27.43,40,210,405,439,292
536,22039.297812657,22039.298575377,,4,GPU-127e16de-2b5f-dde9-1932-b4e29bb818c0,ok,0,0,453,24.159,34,210,405,439,341
537,22040.297812657,22040.298596575,,0,GPU-9b96eb67-aeee-89d5-aa85-fc650af4e25c,ok,0,0,453,26.619,36,210,405,439,341
537,22040.297812657,22040.298751415,,1,GPU-37ffc98b-8551-c8a1-5f3c-27ade9ae735a,ok,37,16,1646,223.694,66,1935,9501,15722,78271
537,22040.297812657,22040.298699815,,2,GPU-5443d59d-561f-ed1e-da42-1975937205f9,ok,0,0,453,27.386,37,210,405,537,292
537,22040.297812657,22040.298560075,,3,GPU-46bf67bb-cb31-bee1-3cf0-c35337ba97d2,ok,0,0,453,27.23,40,210,405,439,292
537,22040.297812657,22040.298714675,,4,GPU-127e16de-2b5f-dde9-1932-b4e29bb818c0,ok,0,0,453,23.916,34,210,405,439,292
538,22041.297812657,22041.298693203,,0,GPU-9b96eb67-aeee-89d5-aa85-fc650af4e25c,ok,0,0,453,26.857,36,210,405,439,341
538,22041.297812657,22041.298378993,,1,GPU-37ffc98b-8551-c8a1-5f3c-27ade9ae735a,ok,37,17,1646,223.823,66,1935,9501,11279,77392
538,22041.297812657,22041.298659863,,2,GPU-5443d59d-561f-ed1e-da42-1975937205f9,ok,0,0,453,27.338,37,210,405,537,292
538,22041.297812657,22041.298548603,,3,GPU-46bf67bb-cb31-bee1-3cf0-c35337ba97d2,ok,0,0,453,27.266,40,210,405,439,292
538,22041.297812657,22041.299445324,,4,GPU-127e16de-2b5f-dde9-1932-b4e29bb818c0,ok,0,0,453,23.937,34,210,405,439,292
539,22042.297812657,22042.298656401,,0,GPU-9b96eb67-aeee-89d5-aa85-fc650af4e25c,ok,0,0,453,26.753,36,210,405,439,292
539,22042.297812657,22042.298583121,,1,GPU-37ffc98b-8551-c8a1-5f3c-27ade9ae735a,ok,37,16,1646,223.709,66,1935,9501,14697,78222
539,22042.297812657,22042.298609821,,2,GPU-5443d59d-561f-ed1e-da42-1975937205f9,ok,0,0,453,27.334,37,210,405,488,341
539,22042.297812657,22042.298451301,,3,GPU-46bf67bb-cb31-bee1-3cf0-c35337ba97d2,ok,0,0,453,27.493,40,210,405,390,341
539,22042.297812657,22042.298718161,,4,GPU-127e16de-2b5f-dde9-1932-b4e29bb818c0,ok,0,0,453,24.052,34,210,405,439,292
540,22043.297812657,22043.29876773,,0,GPU-9b96eb67-aeee-89d5-aa85-fc650af4e25c,ok,0,0,453,26.798,36,210,405,390,292
540,22043.297812657,22043.298574279,,1,GPU-37ffc98b-8551-c8a1-5f3c-27ade9ae735a,ok,37,17,1646,222.841,66,1935,9501,14648,78515
540,22043.297812657,22043.298729659,,2,GPU-5443d59d-561f-ed1e-da42-1975937205f9,ok,0,0,453,27.246,37,210,405,537,341
540,22043.297812657,22043.298653019,,3,GPU-46bf67bb-cb31-bee1-3cf0-c35337ba97d2,ok,0,0,453,27.299,40,210,405,390,341
540,22043.297812657,22043.298555359,,4,GPU-127e16de-2b5f-dde9-1932-b4e29bb818c0,ok,0,0,453,23.822,34,210,405,439,292
541,22044.297812657,22044.298779508,,0,GPU-9b96eb67-aeee-89d5-aa85-fc650af4e25c,ok,0,0,453,26.95,36,210,405,439,292
541,22044.297812657,22044.298341147,,1,GPU-37ffc98b-8551-c8a1-5f3c-27ade9ae735a,ok,39,17,1646,215.077,66,1890,9501,14404,77490
541,22044.297812657,22044.298562337,,2,GPU-5443d59d-561f-ed1e-da42-1975937205f9,ok,0,0,453,27.363,37,210,405,537,341
541,22044.297812657,22044.298819258,,3,GPU-46bf67bb-cb31-bee1-3cf0-c35337ba97d2,ok,0,0,453,27.172,40,210,405,439,341
541,22044.297812657,22044.298605327,,4,GPU-127e16de-2b5f-dde9-1932-b4e29bb818c0,ok,0,0,453,23.753,34,210,405,439,341
542,22045.297812657,22045.298617766,,0,GPU-9b96eb67-aeee-89d5-aa85-fc650af4e25c,ok,0,0,453,26.832,36,210,405,390,341
542,22045.297812657,22045.298386145,,1,GPU-37ffc98b-8551-c8a1-5f3c-27ade9ae735a,ok,38,17,1646,215.933,66,1935,9501,14648,77001
542,22045.297812657,22045.298569645,,2,GPU-5443d59d-561f-ed1e-da42-1975937205f9,ok,0,0,453,27.481,37,210,405,537,292
542,22045.297812657,22045.298658946,,3,GPU-46bf67bb-cb31-bee1-3cf0-c35337ba97d2,ok,0,0,453,27.288,40,210,405,439,341
542,22045.297812657,22045.298823296,,4,GPU-127e16de-2b5f-dde9-1932-b4e29bb818c0,ok,0,0,453,23.759,34,210,405,439,341
543,22046.297812657,22046.298408323,,0,GPU-9b96eb67-aeee-89d5-aa85-fc650af4e25c,ok,0,0,453,26.806,36,210,405,390,292
543,22046.297812657,22046.298678304,,1,GPU-37ffc98b-8551-c8a1-5f3c-27ade9ae735a,ok,38,18,1646,223.096,66,1935,9501,15039,78662
543,22046.297812657,22046.298764584,,2,GPU-5443d59d-561f-ed1e-da42-1975937205f9,ok,0,0,453,27.545,37,210,405,537,292
543,22046.297812657,22046.298584884,,3,GPU-46bf67bb-cb31-bee1-3cf0-c35337ba97d2,ok,0,0,453,27.24,40,210,405,390,292
543,22046.297812657,22046.298739164,,4,GPU-127e16de-2b5f-dde9-1932-b4e29bb818c0,ok,0,0,453,23.564,34,210,405,439,292
544,22047.297812657,22047.298517862,,0,GPU-9b96eb67-aeee-89d5-aa85-fc650af4e25c,ok,0,0,453,26.928,36,210,405,390,341
544,22047.297812657,22047.300302142,,1,GPU-37ffc98b-8551-c8a1-5f3c-27ade9ae735a,ok,40,17,1646,207.026,65,1860,9501,15527,79150
544,22047.297812657,22047.298467002,,2,GPU-5443d59d-561f-ed1e-da42-1975937205f9,ok,0,0,453,27.646,37,210,405,488,292
544,22047.297812657,22047.298324251,,3,GPU-46bf67bb-cb31-bee1-3cf0-c35337ba97d2,ok,0,0,453,27.159,40,210,405,439,292
544,22047.297812657,22047.299057182,,4,GPU-127e16de-2b5f-dde9-1932-b4e29bb818c0,ok,0,0,453,23.628,34,210,405,390,292
545,22048.297812657,22048.29857808,,0,GPU-9b96eb67-aeee-89d5-aa85-fc650af4e25c,ok,0,0,453,26.829,36,210,405,439,292
545,22048.297812657,22048.2986649,,1,GPU-37ffc98b-8551-c8a1-5f3c-27ade9ae735a,ok,44,20,1646,211.559,66,1935,9501,14208,73876
545,22048.297812657,22048.29843196,,2,GPU-5443d59d-561f-ed1e-da42-1975937205f9,ok,0,0,453,27.532,37,210,405,488,341
545,22048.297812657,22048.29870777,,3,GPU-46bf67bb-cb31-bee1-3cf0-c35337ba97d2,ok,0,0,453,27.176,40,210,405,439,292
545,22048.297812657,22048.29914924,,4,GPU-127e16de-2b5f-dde9-1932-b4e29bb818c0,ok,0,0,453,23.918,34,210,405,390,292
546,22049.297812657,22049.298762398,,0,GPU-9b96eb67-aeee-89d5-aa85-fc650af4e25c,ok,0,0,453,26.82,36,210,405,439,292
546,22049.297812657,22049.298810348,,1,GPU-37ffc98b-8551-c8a1-5f3c-27ade9ae735a,ok,40,19,1646,220.937,66,1935,9501,14648,75097
546,22049.297812657,22049.298783988,,2,GPU-5443d59d-561f-ed1e-da42-1975937205f9,ok,0,0,453,27.534,37,210,405,537,341
546,22049.297812657,22049.298712428,,3,GPU-46bf67bb-cb31-bee1-3cf0-c35337ba97d2,ok,0,0,453,27.124,40,210,405,439,292
546,22049.297812657,22049.298852608,,4,GPU-127e16de-2b5f-dde9-1932-b4e29bb818c0,ok,0,0,453,23.865,34,210,405,439,341
547,22050.297812657,22050.299246546,,0,GPU-9b96eb67-aeee-89d5-aa85-fc650af4e25c,ok,0,0,453,26.897,36,210,405,439,341
547,22050.297812657,22050.298756106,,1,GPU-37ffc98b-8551-c8a1-5f3c-27ade9ae735a,ok,38,17,1646,214.019,65,1875,9501,14208,73242
547,22050.297812657,22050.298546776,,2,GPU-5443d59d-561f-ed1e-da42-1975937205f9,ok,0,0,453,27.613,37,210,405,537,341
547,22050.297812657,22050.298642416,,3,GPU-46bf67bb-cb31-bee1-3cf0-c35337ba97d2,ok,0,0,453,27.216,40,210,405,390,341
547,22050.297812657,22050.298677676,,4,GPU-127e16de-2b5f-dde9-1932-b4e29bb818c0,ok,0,0,453,23.828,34,210,405,390,341
548,22051.297812657,22051.298939764,,0,GPU-9b96eb67-aeee-89d5-aa85-fc650af4e25c,ok,0,0,453,26.799,36,210,405,439,292
548,22051.297812657,22051.298204724,,1,GPU-37ffc98b-8551-c8a1-5f3c-27ade9ae735a,ok,33,15,1646,202.987,66,1935,9501,13769,73046
548,22051.297812657,22051.298863104,,2,GPU-5443d59d-561f-ed1e-da42-1975937205f9,ok,0,0,453,27.451,37,210,405,488,292
548,22051.297812657,22051.298879534,,3,GPU-46bf67bb-cb31-bee1-3cf0-c35337ba97d2,ok,0,0,453,27.339,40,210,405,390,292
548,22051.297812657,22051.298917894,,4,GPU-127e16de-2b5f-dde9-1932-b4e29bb818c0,ok,0,0,453,23.907,34,210,405,439,341
549,22052.297812657,22052.298414002,,0,GPU-9b96eb67-aeee-89d5-aa85-fc650af4e25c,ok,0,0,453,26.772,36,210,405,390,292
549,22052.297812657,22052.298519172,,1,GPU-37ffc98b-8551-c8a1-5f3c-27ade9ae735a,ok,34,15,1646,221.157,66,1935,9501,14697,79296
549,22052.297812657,22052.298725562,,2,GPU-5443d59d-561f-ed1e-da42-1975937205f9,ok,0,0,453,27.483,37,210,405,488,292
549,22052.297812657,22052.298812462,,3,GPU-46bf67bb-cb31-bee1-3cf0-c35337ba97d2,ok,0,0,453,27.266,40,210,405,390,292
549,22052.297812657,22052.298767162,,4,GPU-127e16de-2b5f-dde9-1932-b4e29bb818c0,ok,0,0,453,23.875,34,210,405,439,341
550,22053.297812657,22053.29941998,,0,GPU-9b96eb67-aeee-89d5-aa85-fc650af4e25c,ok,0,0,453,26.78,36,210,405,390,292
550,22053.297812657,22053.29835893,,1,GPU-37ffc98b-8551-c8a1-5f3c-27ade9ae735a,ok,34,15,1646,222.729,66,1935,9501,14941,78808
550,22053.297812657,22053.29831656,,2,GPU-5443d59d-561f-ed1e-da42-1975937205f9,ok,0,0,453,27.615,37,210,405,488,292
550,22053.297812657,22053.29939375,,3,GPU-46bf67bb-cb31-bee1-3cf0-c35337ba97d2,ok,0,0,453,27.342,40,210,405,488,292
550,22053.297812657,22053.29852156,,4,GPU-127e16de-2b5f-dde9-1932-b4e29bb818c0,ok,0,0,453,23.993,34,210,405,439,292
551,22054.297812657,22054.298472598,,0,GPU-9b96eb67-aeee-89d5-aa85-fc650af4e25c,ok,0,0,453,26.624,36,210,405,390,292
551,22054.297812657,22054.299074848,,1,GPU-37ffc98b-8551-c8a1-5f3c-27ade9ae735a,ok,37,16,1646,224.959,66,1935,9501,15380,77490
551,22054.297812657,22054.299008058,,2,GPU-5443d59d-561f-ed1e-da42-1975937205f9,ok,0,0,453,27.591,37,210,405,537,341
551,22054.297812657,22054.299658208,,3,GPU-46bf67bb-cb31-bee1-3cf0-c35337ba97d2,ok,0,0,453,27.513,40,210,405,439,292
551,22054.297812657,22054.298282998,,4,GPU-127e16de-2b5f-dde9-1932-b4e29bb818c0,ok,0,0,453,24.056,34,210,405,439,292
552,22055.297812657,22055.299206156,,0,GPU-9b96eb67-aeee-89d5-aa85-fc650af4e25c,ok,0,0,453,26.602,36,210,405,390,292
552,22055.297812657,22055.299160356,,1,GPU-37ffc98b-8551-c8a1-5f3c-27ade9ae735a,ok,37,16,1646,226.198,66,1935,9501,15039,77685
552,22055.297812657,22055.299240696,,2,GPU-5443d59d-561f-ed1e-da42-1975937205f9,ok,0,0,453,27.693,37,210,405,537,341
552,22055.297812657,22055.299281466,,3,GPU-46bf67bb-cb31-bee1-3cf0-c35337ba97d2,ok,0,0,453,27.402,40,210,405,439,341
552,22055.297812657,22055.298258806,,4,GPU-127e16de-2b5f-dde9-1932-b4e29bb818c0,ok,0,0,453,24.008,34,210,405,390,292
553,22056.297812657,22056.298456594,,0,GPU-9b96eb67-aeee-89d5-aa85-fc650af4e25c,ok,0,0,453,26.836,36,210,405,390,292
553,22056.297812657,22056.298744084,,1,GPU-37ffc98b-8551-c8a1-5f3c-27ade9ae735a,ok,37,16,1646,224.983,66,1935,9501,15722,54492
553,22056.297812657,22056.298584164,,2,GPU-5443d59d-561f-ed1e-da42-1975937205f9,ok,0,0,453,27.803,37,210,405,488,292
553,22056.297812657,22056.298629334,,3,GPU-46bf67bb-cb31-bee1-3cf0-c35337ba97d2,ok,0,0,453,27.344,40,210,405,439,292
553,22056.297812657,22056.298670804,,4,GPU-127e16de-2b5f-dde9-1932-b4e29bb818c0,ok,0,0,453,23.752,34,210,405,439,292
554,22057.297812657,22057.298806022,,0,GPU-9b96eb67-aeee-89d5-aa85-fc650af4e25c,ok,0,0,453,26.819,36,210,405,439,292
554,22057.297812657,22057.298186732,,1,GPU-37ffc98b-8551-c8a1-5f3c-27ade9ae735a,ok,35,15,1646,222.467,66,1935,9501,12353,78076
554,22057.297812657,22057.298905192,,2,GPU-5443d59d-561f-ed1e-da42-1975937205f9,ok,0,0,453,27.665,37,210,405,537,292
554,22057.297812657,22057.298880592,,3,GPU-46bf67bb-cb31-bee1-3cf0-c35337ba97d2,ok,0,0,453,27.447,40,210,405,439,292
554,22057.297812657,22057.298846522,,4,GPU-127e16de-2b5f-dde9-1932-b4e29bb818c0,ok,0,0,453,23.685,34,210,405,439,292
555,22058.297812657,22058.29882397,,0,GPU-9b96eb67-aeee-89d5-aa85-fc650af4e25c,ok,0,0,453,26.826,36,210,405,439,341
555,22058.297812657,22058.29820454,,1,GPU-37ffc98b-8551-c8a1-5f3c-27ade9ae735a,ok,38,17,1646,224.545,67,1935,9501,14648,77197
555,22058.297812657,22058.29879211,,2,GPU-5443d59d-561f-ed1e-da42-1975937205f9,ok,0,0,453,27.637,37,210,405,537,292
555,22058.297812657,22058.29885063,,3,GPU-46bf67bb-cb31-bee1-3cf0-c35337ba97d2,ok,0,0,453,27.3,40,210,405,439,292
555,22058.297812657,22058.29888194,,4,GPU-127e16de-2b5f-dde9-1932-b4e29bb818c0,ok,0,0,453,23.891,34,210,405,439,292
556,22059.297812657,22059.298778318,,0,GPU-9b96eb67-aeee-89d5-aa85-fc650af4e25c,ok,0,0,453,26.963,36,210,405,439,292
556,22059.297812657,22059.298222278,,1,GPU-37ffc98b-8551-c8a1-5f3c-27ade9ae735a,ok,38,17,1646,225.122,67,1935,9501,14599,77734
556,22059.297812657,22059.298821458,,2,GPU-5443d59d-561f-ed1e-da42-1975937205f9,ok,0,0,453,27.682,37,210,405,488,292
556,22059.297812657,22059.298846588,,3,GPU-46bf67bb-cb31-bee1-3cf0-c35337ba97d2,ok,0,0,453,27.358,40,210,405,439,292
556,22059.297812657,22059.298891838,,4,GPU-127e16de-2b5f-dde9-1932-b4e29bb818c0,ok,0,0,453,23.794,34,210,405,439,341
557,22060.297812657,22060.298552656,,0,GPU-9b96eb67-aeee-89d5-aa85-fc650af4e25c,ok,0,0,453,26.907,36,210,405,439,292
557,22060.297812657,22060.298357746,,1,GPU-37ffc98b-8551-c8a1-5f3c-27ade9ae735a,ok,40,18,1646,226.285,67,1935,9501,14648,77587
557,22060.297812657,22060.298579916,,2,GPU-5443d59d-561f-ed1e-da42-1975937205f9,ok,0,0,453,27.604,37,210,405,537,292
557,22060.297812657,22060.298783656,,3,GPU-46bf67bb-cb31-bee1-3cf0-c35337ba97d2,ok,0,0,453,27.554,40,210,405,439,341
557,22060.297812657,22060.298620176,,4,GPU-127e16de-2b5f-dde9-1932-b4e29bb818c0,ok,0,0,453,23.785,34,210,405,439,292
558,22061.297812657,22061.298735504,,0,GPU-9b96eb67-aeee-89d5-aa85-fc650af4e25c,ok,0,0,453,26.863,36,210,405,439,341
558,22061.297812657,22061.298342894,,1,GPU-37ffc98b-8551-c8a1-5f3c-27ade9ae735a,ok,37,17,1646,224.129,66,1935,9501,13916,72900
558,22061.297812657,22061.298588314,,2,GPU-5443d59d-561f-ed1e-da42-1975937205f9,ok,0,0,453,27.545,37,210,405,537,292
558,22061.297812657,22061.298480874,,3,GPU-46bf67bb-cb31-bee1-3cf0-c35337ba97d2,ok,0,0,453,27.417,40,210,405,439,341
558,22061.297812657,22061.298626474,,4,GPU-127e16de-2b5f-dde9-1932-b4e29bb818c0,ok,0,0,453,23.807,34,210,405,439,292
559,22062.297812657,22062.298763612,,0,GPU-9b96eb67-aeee-89d5-aa85-fc650af4e25c,ok,0,0,453,26.829,36,210,405,439,292
559,22062.297812657,22062.298643462,,1,GPU-37ffc98b-8551-c8a1-5f3c-27ade9ae735a,ok,37,17,1646,221.257,66,1935,9501,15332,77343
559,22062.297812657,22062.298474252,,2,GPU-5443d59d-561f-ed1e-da42-1975937205f9,ok,0,0,453,27.571,37,210,405,537,292
559,22062.297812657,22062.298692622,,3,GPU-46bf67bb-cb31-bee1-3cf0-c35337ba97d2,ok,0,0,453,27.368,40,210,405,439,341
559,22062.297812657,22062.298611652,,4,GPU-127e16de-2b5f-dde9-1932-b4e29bb818c0,ok,0,0,453,24.101,34,210,405,439,292
560,22063.297812657,22063.29837724,,0,GPU-9b96eb67-aeee-89d5-aa85-fc650af4e25c,ok,0,0,453,26.679,36,210,405,439,292
560,22063.297812657,22063.29856552,,1,GPU-37ffc98b-8551-c8a1-5f3c-27ade9ae735a,ok,43,20,1646,229.44,67,1935,9501,15429,80029
560,22063.297812657,22063.29853284,,2,GPU-5443d59d-561f-ed1e-da42-1975937205f9,ok,0,0,453,27.573,37,210,405,537,341
560,22063.297812657,22063.29869901,,3,GPU-46bf67bb-cb31-bee1-3cf0-c35337ba97d2,ok,0,0,453,27.657,40,210,405,439,292
560,22063.297812657,22063.29874272,,4,GPU-127e16de-2b5f-dde9-1932-b4e29bb818c0,ok,0,0,453,24.371,34,210,405,439,341
561,22064.297812657,22064.298636328,,0,GPU-9b96eb67-aeee-89d5-aa85-fc650af4e25c,ok,0,0,453,26.697,36,210,405,439,292
561,22064.297812657,22064.298480168,,1,GPU-37ffc98b-8551-c8a1-5f3c-27ade9ae735a,ok,41,18,1646,227.631,67,1935,9501,14990,79345
561,22064.297812657,22064.299488008,,2,GPU-5443d59d-561f-ed1e-da42-1975937205f9,ok,0,0,453,27.589,37,210,405,488,292
561,22064.297812657,22064.298443288,,3,GPU-46bf67bb-cb31-bee1-3cf0-c35337ba97d2,ok,0,0,453,27.56,40,210,405,439,292
561,22064.297812657,22064.298583038,,4,GPU-127e16de-2b5f-dde9-1932-b4e29bb818c0,ok,0,0,453,24.222,34,210,405,390,341
562,22065.297812657,22065.298947476,,0,GPU-9b96eb67-aeee-89d5-aa85-fc650af4e25c,ok,0,0,453,26.772,36,210,405,439,341
562,22065.297812657,22065.298261126,,1,GPU-37ffc98b-8551-c8a1-5f3c-27ade9ae735a,ok,43,20,1646,226.548,67,1935,9501,15039,79345
562,22065.297812657,22065.298975886,,2,GPU-5443d59d-561f-ed1e-da42-1975937205f9,ok,0,0,453,27.604,37,210,405,537,292
562,22065.297812657,22065.298931466,,3,GPU-46bf67bb-cb31-bee1-3cf0-c35337ba97d2,ok,0,0,453,27.392,40,210,405,439,292
562,22065.297812657,22065.298816006,,4,GPU-127e16de-2b5f-dde9-1932-b4e29bb818c0,ok,0,0,453,24.361,34,210,405,439,341
563,22066.297812657,22066.298770444,,0,GPU-9b96eb67-aeee-89d5-aa85-fc650af4e25c,ok,0,0,453,26.602,36,210,405,439,292
563,22066.297812657,22066.298667684,,1,GPU-37ffc98b-8551-c8a1-5f3c-27ade9ae735a,ok,34,15,1646,224.978,67,1935,9501,15039,79345
563,22066.297812657,22066.298803654,,2,GPU-5443d59d-561f-ed1e-da42-1975937205f9,ok,0,0,453,27.525,37,210,405,537,292
563,22066.297812657,22066.298508934,,3,GPU-46bf67bb-cb31-bee1-3cf0-c35337ba97d2,ok,0,0,453,27.491,40,210,405,439,341
563,22066.297812657,22066.298742714,,4,GPU-127e16de-2b5f-dde9-1932-b4e29bb818c0,ok,0,0,453,24.282,34,210,405,390,292
564,22067.297812657,22067.298514612,,0,GPU-9b96eb67-aeee-89d5-aa85-fc650af4e25c,ok,0,0,453,26.699,36,210,405,439,292
564,22067.297812657,22067.298589522,,1,GPU-37ffc98b-8551-c8a1-5f3c-27ade9ae735a,ok,35,15,1646,224.225,67,1935,9501,15087,78613
564,22067.297812657,22067.298485372,,2,GPU-5443d59d-561f-ed1e-da42-1975937205f9,ok,0,0,453,27.646,37,210,405,488,292
564,22067.297812657,22067.298721102,,3,GPU-46bf67bb-cb31-bee1-3cf0-c35337ba97d2,ok,0,0,453,27.368,40,210,405,439,292
564,22067.297812657,22067.298691092,,4,GPU-127e16de-2b5f-dde9-1932-b4e29bb818c0,ok,0,0,453,24.135,34,210,405,390,292
565,22068.297812657,22068.29839651,,0,GPU-9b96eb67-aeee-89d5-aa85-fc650af4e25c,ok,0,0,453,26.962,36,210,405,439,292
565,22068.297812657,22068.29857785,,1,GPU-37ffc98b-8551-c8a1-5f3c-27ade9ae735a,ok,37,16,1646,223.722,67,1935,9501,15136,79248
565,22068.297812657,22068.29861284,,2,GPU-5443d59d-561f-ed1e-da42-1975937205f9,ok,0,0,453,27.79,37,210,405,537,292
565,22068.297812657,22068.29844149,,3,GPU-46bf67bb-cb31-bee1-3cf0-c35337ba97d2,ok,0,0,453,27.362,40,210,405,439,292
565,22068.297812657,22068.29972957,,4,GPU-127e16de-2b5f-dde9-1932-b4e29bb818c0,ok,0,0,453,24.159,34,210,405,439,292
566,22069.297812657,22069.298675588,,0,GPU-9b96eb67-aeee-89d5-aa85-fc650af4e25c,ok,0,0,453,26.815,36,210,405,439,292
566,22069.297812657,22069.298775218,,1,GPU-37ffc98b-8551-c8a1-5f3c-27ade9ae735a,ok,35,16,1646,223.068,67,1935,9501,14843,74267
566,22069.297812657,22069.298710718,,2,GPU-5443d59d-561f-ed1e-da42-1975937205f9,ok,0,0,453,27.609,37,210,405,537,292
566,22069.297812657,22069.298450318,,3,GPU-46bf67bb-cb31-bee1-3cf0-c35337ba97d2,ok,0,0,453,27.336,40,210,405,439,292
566,22069.297812657,22069.298739768,,4,GPU-127e16de-2b5f-dde9-1932-b4e29bb818c0,ok,0,0,453,24.148,34,210,405,439,292
567,22070.297812657,22070.298545496,,0,GPU-9b96eb67-aeee-89d5-aa85-fc650af4e25c,ok,0,0,453,26.766,36,210,405,439,341
567,22070.297812657,22070.298714796,,1,GPU-37ffc98b-8551-c8a1-5f3c-27ade9ae735a,ok,37,16,1646,222.058,67,1935,9501,15039,77880
567,22070.297812657,22070.298754446,,2,GPU-5443d59d-561f-ed1e-da42-1975937205f9,ok,0,0,453,27.487,37,210,405,537,341
567,22070.297812657,22070.298653976,,3,GPU-46bf67bb-cb31-bee1-3cf0-c35337ba97d2,ok,0,0,453,27.348,40,210,405,439,292
567,22070.297812657,22070.298509416,,4,GPU-127e16de-2b5f-dde9-1932-b4e29bb818c0,ok,0,0,453,24.14,34,210,405,439,292
568,22071.297812657,22071.298668054,,0,GPU-9b96eb67-aeee-89d5-aa85-fc650af4e25c,ok,0,0,453,26.863,36,210,405,439,292
568,22071.297812657,22071.298727484,,1,GPU-37ffc98b-8551-c8a1-5f3c-27ade9ae735a,ok,38,17,1646,224.758,67,1935,9501,12158,78515
568,22071.297812657,22071.298501534,,2,GPU-5443d59d-561f-ed1e-da42-1975937205f9,ok,0,0,453,27.46,37,210,405,537,292
568,22071.297812657,22071.298524604,,3,GPU-46bf67bb-cb31-bee1-3cf0-c35337ba97d2,ok,0,0,453,27.45,40,210,405,439,292
568,22071.297812657,22071.298712594,,4,GPU-127e16de-2b5f-dde9-1932-b4e29bb818c0,ok,0,0,453,24.088,34,210,405,439,292
569,22072.297812657,22072.298529582,,0,GPU-9b96eb67-aeee-89d5-aa85-fc650af4e25c,ok,0,0,453,26.808,36,210,405,439,292
569,22072.297812657,22072.299123722,,1,GPU-37ffc98b-8551-c8a1-5f3c-27ade9ae735a,ok,38,17,1646,225.385,67,1935,9501,14794,76513
569,22072.297812657,22072.298397142,,2,GPU-5443d59d-561f-ed1e-da42-1975937205f9,ok,0,0,453,27.297,37,210,405,488,292
569,22072.297812657,22072.300381233,,3,GPU-46bf67bb-cb31-bee1-3cf0-c35337ba97d2,ok,0,0,453,27.272,40,210,405,390,341
569,22072.297812657,22072.298580382,,4,GPU-127e16de-2b5f-dde9-1932-b4e29bb818c0,ok,0,0,453,24.08,34,210,405,390,341
570,22073.297812657,22073.29860645,,0,GPU-9b96eb67-aeee-89d5-aa85-fc650af4e25c,ok,0,0,453,27.023,36,210,405,439,341
570,22073.297812657,22073.29836472,,1,GPU-37ffc98b-8551-c8a1-5f3c-27ade9ae735a,ok,37,17,1646,225.091,67,1935,9501,14599,77294
570,22073.297812657,22073.29944219,,2,GPU-5443d59d-561f-ed1e-da42-1975937205f9,ok,0,0,453,27.399,37,210,405,537,292
570,22073.297812657,22073.29849606,,3,GPU-46bf67bb-cb31-bee1-3cf0-c35337ba97d2,ok,0,0,453,27.318,40,210,405,390,341
570,22073.297812657,22073.29941786,,4,GPU-127e16de-2b5f-dde9-1932-b4e29bb818c0,ok,0,0,453,24.028,34,210,405,439,341
571,22074.297812657,22074.298678538,,0,GPU-9b96eb67-aeee-89d5-aa85-fc650af4e25c,ok,0,0,453,27.19,36,210,405,439,292
571,22074.297812657,22074.298716438,,1,GPU-37ffc98b-8551-c8a1-5f3c-27ade9ae735a,ok,36,17,1646,223.544,67,1935,9501,15087,78076
571,22074.297812657,22074.298645728,,2,GPU-5443d59d-561f-ed1e-da42-1975937205f9,ok,0,0,453,27.593,37,210,405,537,292
571,22074.297812657,22074.298759618,,3,GPU-46bf67bb-cb31-bee1-3cf0-c35337ba97d2,ok,0,0,453,27.538,40,210,405,439,341
571,22074.297812657,22074.298795168,,4,GPU-127e16de-2b5f-dde9-1932-b4e29bb818c0,ok,0,0,453,24.121,34,210,405,439,292
572,22075.297812657,22075.298499506,,0,GPU-9b96eb67-aeee-89d5-aa85-fc650af4e25c,ok,0,0,453,26.929,36,210,405,439,341
572,22075.297812657,22075.298576266,,1,GPU-37ffc98b-8551-c8a1-5f3c-27ade9ae735a,ok,39,18,1646,224.776,67,1935,9501,14794,77978
572,22075.297812657,22075.299974457,,2,GPU-5443d59d-561f-ed1e-da42-1975937205f9,ok,0,0,453,27.465,37,210,405,537,292
572,22075.297812657,22075.298614166,,3,GPU-46bf67bb-cb31-bee1-3cf0-c35337ba97d2,ok,0,0,453,27.453,40,210,405,390,292
572,22075.297812657,22075.298678916,,4,GPU-127e16de-2b5f-dde9-1932-b4e29bb818c0,ok,0,0,453,24.158,34,210,405,439,292
573,22076.297812657,22076.298598544,,0,GPU-9b96eb67-aeee-89d5-aa85-fc650af4e25c,ok,0,0,453,26.784,36,210,405,439,292
573,22076.297812657,22076.298286074,,1,GPU-37ffc98b-8551-c8a1-5f3c-27ade9ae735a,ok,41,18,1646,223.998,67,1935,9501,14599,76611
573,22076.297812657,22076.299358764,,2,GPU-5443d59d-561f-ed1e-da42-1975937205f9,ok,0,0,453,27.443,37,210,405,537,341
573,22076.297812657,22076.298485854,,3,GPU-46bf67bb-cb31-bee1-3cf0-c35337ba97d2,ok,0,0,453,27.478,40,210,405,439,292
573,22076.297812657,22076.298733434,,4,GPU-127e16de-2b5f-dde9-1932-b4e29bb818c0,ok,0,0,453,23.984,34,210,405,439,292
574,22077.297812657,22077.298854322,,0,GPU-9b96eb67-aeee-89d5-aa85-fc650af4e25c,ok,0,0,453,26.746,36,210,405,439,292
574,22077.297812657,22077.298219812,,1,GPU-37ffc98b-8551-c8a1-5f3c-27ade9ae735a,ok,39,18,1646,224.442,67,1935,9501,14746,76806
574,22077.297812657,22077.298651322,,2,GPU-5443d59d-561f-ed1e-da42-1975937205f9,ok,0,0,453,27.578,37,210,405,488,341
574,22077.297812657,22077.298737142,,3,GPU-46bf67bb-cb31-bee1-3cf0-c35337ba97d2,ok,0,0,453,27.657,40,210,405,439,292
574,22077.297812657,22077.298892912,,4,GPU-127e16de-2b5f-dde9-1932-b4e29bb818c0,ok,0,0,453,23.955,34,210,405,439,292
575,22078.297812657,22078.29838033,,0,GPU-9b96eb67-aeee-89d5-aa85-fc650af4e25c,ok,0,0,453,26.812,36,210,405,439,292
575,22078.297812657,22078.29869011,,1,GPU-37ffc98b-8551-c8a1-5f3c-27ade9ae735a,ok,42,18,1646,202.457,65,1845,9501,14892,77783
575,22078.297812657,22078.29864814,,2,GPU-5443d59d-561f-ed1e-da42-1975937205f9,ok,0,0,453,27.454,37,210,405,537,292
575,22078.297812657,22078.29910306,,3,GPU-46bf67bb-cb31-bee1-3cf0-c35337ba97d2,ok,0,0,453,27.303,40,210,405,439,292
575,22078.297812657,22078.29859512,,4,GPU-127e16de-2b5f-dde9-1932-b4e29bb818c0,ok,0,0,453,24.025,34,210,405,439,292
576,22079.297812657,22079.298454518,,0,GPU-9b96eb67-aeee-89d5-aa85-fc650af4e25c,ok,0,0,453,26.964,36,210,405,439,341
576,22079.297812657,22079.300261349,,1,GPU-37ffc98b-8551-c8a1-5f3c-27ade9ae735a,ok,33,14,1646,221.019,67,1935,9501,15234,77294
576,22079.297812657,22079.298681828,,2,GPU-5443d59d-561f-ed1e-da42-1975937205f9,ok,0,0,453,27.367,37,210,405,537,292
576,22079.297812657,22079.298566928,,3,GPU-46bf67bb-cb31-bee1-3cf0-c35337ba97d2,ok,0,0,453,27.205,40,210,405,439,341
576,22079.297812657,22079.298497958,,4,GPU-127e16de-2b5f-dde9-1932-b4e29bb818c0,ok,0,0,453,23.956,34,210,405,439,341
577,22080.297812657,22080.298529306,,0,GPU-9b96eb67-aeee-89d5-aa85-fc650af4e25c,ok,0,0,453,27.011,36,210,405,439,292
577,22080.297812657,22080.299123906,,1,GPU-37ffc98b-8551-c8a1-5f3c-27ade9ae735a,ok,34,15,1646,220.772,67,1935,9501,15673,78027
577,22080.297812657,22080.298492506,,2,GPU-5443d59d-561f-ed1e-da42-1975937205f9,ok,0,0,453,27.195,37,210,405,537,292
577,22080.297812657,22080.299059156,,3,GPU-46bf67bb-cb31-bee1-3cf0-c35337ba97d2,ok,0,0,453,27.539,40,210,405,439,292
577,22080.297812657,22080.298307776,,4,GPU-127e16de-2b5f-dde9-1932-b4e29bb818c0,ok,0,0,453,24.079,34,210,405,390,292
578,22081.297812657,22081.298516114,,0,GPU-9b96eb67-aeee-89d5-aa85-fc650af4e25c,ok,0,0,453,27.014,35,210,405,439,292
578,22081.297812657,22081.298545054,,1,GPU-37ffc98b-8551-c8a1-5f3c-27ade9ae735a,ok,37,16,1646,224.392,67,1935,9501,14794,78515
578,22081.297812657,22081.298702854,,2,GPU-5443d59d-561f-ed1e-da42-1975937205f9,ok,0,0,453,27.296,37,210,405,537,292
578,22081.297812657,22081.298730864,,3,GPU-46bf67bb-cb31-bee1-3cf0-c35337ba97d2,ok,0,0,453,27.463,40,210,405,439,292
578,22081.297812657,22081.298581784,,4,GPU-127e16de-2b5f-dde9-1932-b4e29bb818c0,ok,0,0,453,24.187,34,210,405,439,292
579,22082.297812657,22082.298763012,,0,GPU-9b96eb67-aeee-89d5-aa85-fc650af4e25c,ok,0,0,453,27.032,36,210,405,439,292
579,22082.297812657,22082.298552532,,1,GPU-37ffc98b-8551-c8a1-5f3c-27ade9ae735a,ok,37,16,1646,225.377,67,1935,9501,14648,76806
579,22082.297812657,22082.298803462,,2,GPU-5443d59d-561f-ed1e-da42-1975937205f9,ok,0,0,453,27.391,37,210,405,488,292
579,22082.297812657,22082.298697562,,3,GPU-46bf67bb-cb31-bee1-3cf0-c35337ba97d2,ok,0,0,453,27.55,40,210,405,390,292
579,22082.297812657,22082.298642012,,4,GPU-127e16de-2b5f-dde9-1932-b4e29bb818c0,ok,0,0,453,24.184,34,210,405,390,292
580,22083.297812657,22083.29837792,,0,GPU-9b96eb67-aeee-89d5-aa85-fc650af4e25c,ok,0,0,453,26.865,36,210,405,439,341
580,22083.297812657,22083.299165261,,1,GPU-37ffc98b-8551-c8a1-5f3c-27ade9ae735a,ok,36,16,1646,222.915,66,1935,9501,14648,74169
580,22083.297812657,22083.299126751,,2,GPU-5443d59d-561f-ed1e-da42-1975937205f9,ok,0,0,453,27.315,37,210,405,537,341
580,22083.297812657,22083.29858242,,3,GPU-46bf67bb-cb31-bee1-3cf0-c35337ba97d2,ok,0,0,453,27.626,40,210,405,439,292
580,22083.297812657,22083.2986032,,4,GPU-127e16de-2b5f-dde9-1932-b4e29bb818c0,ok,0,0,453,24.18,34,210,405,439,292
581,22084.297812657,22084.298559758,,0,GPU-9b96eb67-aeee-89d5-aa85-fc650af4e25c,ok,0,0,453,26.809,36,210,405,439,292
581,22084.297812657,22084.298359188,,1,GPU-37ffc98b-8551-c8a1-5f3c-27ade9ae735a,ok,37,16,1646,222.063,66,1935,9501,14648,77050
581,22084.297812657,22084.298525888,,2,GPU-5443d59d-561f-ed1e-da42-1975937205f9,ok,0,0,453,27.355,37,210,405,537,341
581,22084.297812657,22084.298878128,,3,GPU-46bf67bb-cb31-bee1-3cf0-c35337ba97d2,ok,0,0,453,27.396,40,210,405,439,292
581,22084.297812657,22084.298837728,,4,GPU-127e16de-2b5f-dde9-1932-b4e29bb818c0,ok,0,0,453,24.042,34,210,405,390,292
582,22085.297812657,22085.299127917,,0,GPU-9b96eb67-aeee-89d5-aa85-fc650af4e25c,ok,0,0,453,26.855,36,210,405,439,292
582,22085.297812657,22085.299174617,,1,GPU-37ffc98b-8551-c8a1-5f3c-27ade9ae735a,ok,37,17,1646,224.155,67,1935,9501,15332,77294
582,22085.297812657,22085.298274646,,2,GPU-5443d59d-561f-ed1e-da42-1975937205f9,ok,0,0,453,27.42,37,210,405,488,341
582,22085.297812657,22085.299200887,,3,GPU-46bf67bb-cb31-bee1-3cf0-c35337ba97d2,ok,0,0,453,27.457,40,210,405,439,341
582,22085.297812657,22085.298477906,,4,GPU-127e16de-2b5f-dde9-1932-b4e29bb818c0,ok,0,0,453,24.185,34,210,405,439,292
583,22086.297812657,22086.298721914,,0,GPU-9b96eb67-aeee-89d5-aa85-fc650af4e25c,ok,0,0,453,26.684,36,210,405,390,292
583,22086.297812657,22086.298557084,,1,GPU-37ffc98b-8551-c8a1-5f3c-27ade9ae735a,ok,37,16,1646,222.564,66,1935,9501,11767,68212
583,22086.297812657,22086.298622364,,2,GPU-5443d59d-561f-ed1e-da42-1975937205f9,ok,0,0,453,27.293,37,210,405,537,341
583,22086.297812657,22086.298759535,,3,GPU-46bf67bb-cb31-bee1-3cf0-c35337ba97d2,ok,0,0,453,27.542,40,210,405,439,341
583,22086.297812657,22086.298656094,,4,GPU-127e16de-2b5f-dde9-1932-b4e29bb818c0,ok,0,0,453,24.419,34,210,405,439,292
584,22087.297812657,22087.299083233,,0,GPU-9b96eb67-aeee-89d5-aa85-fc650af4e25c,ok,0,0,453,26.612,36,210,405,390,341
584,22087.297812657,22087.298688243,,1,GPU-37ffc98b-8551-c8a1-5f3c-27ade9ae735a,ok,38,17,1646,224.13,67,1935,9501,14794,78125
584,22087.297812657,22087.298647502,,2,GPU-5443d59d-561f-ed1e-da42-1975937205f9,ok,0,0,453,27.307,37,210,405,537,292
584,22087.297812657,22087.298547582,,3,GPU-46bf67bb-cb31-bee1-3cf0-c35337ba97d2,ok,0,0,453,27.35,40,210,405,439,292
584,22087.297812657,22087.298368062,,4,GPU-127e16de-2b5f-dde9-1932-b4e29bb818c0,ok,0,0,453,24.443,34,210,405,439,292
585,22088.297812657,22088.29859636,,0,GPU-9b96eb67-aeee-89d5-aa85-fc650af4e25c,ok,0,0,453,26.638,36,210,405,439,292
585,22088.297812657,22088.298739601,,1,GPU-37ffc98b-8551-c8a1-5f3c-27ade9ae735a,ok,38,17,1646,223.839,67,1935,9501,15136,78369
585,22088.297812657,22088.298703721,,2,GPU-5443d59d-561f-ed1e-da42-1975937205f9,ok,0,0,453,27.339,37,210,405,488,292
585,22088.297812657,22088.298871421,,3,GPU-46bf67bb-cb31-bee1-3cf0-c35337ba97d2,ok,0,0,453,27.395,40,210,405,439,292
585,22088.297812657,22088.298845181,,4,GPU-127e16de-2b5f-dde9-1932-b4e29bb818c0,ok,0,0,453,24.356,34,210,405,439,292
586,22089.297812657,22089.298691269,,0,GPU-9b96eb67-aeee-89d5-aa85-fc650af4e25c,ok,0,0,453,26.498,36,210,405,439,292
586,22089.297812657,22089.298758799,,1,GPU-37ffc98b-8551-c8a1-5f3c-27ade9ae735a,ok,41,18,1646,225.209,67,1935,9501,15039,77929
586,22089.297812657,22089.298791709,,2,GPU-5443d59d-561f-ed1e-da42-1975937205f9,ok,0,0,453,27.201,37,210,405,537,292
586,22089.297812657,22089.298597529,,3,GPU-46bf67bb-cb31-bee1-3cf0-c35337ba97d2,ok,0,0,453,27.595,40,210,405,439,292
586,22089.297812657,22089.298717619,,4,GPU-127e16de-2b5f-dde9-1932-b4e29bb818c0,ok,0,0,453,24.311,34,210,405,439,292
587,22090.297812657,22090.298619297,,0,GPU-9b96eb67-aeee-89d5-aa85-fc650af4e25c,ok,0,0,453,26.569,36,210,405,439,292
587,22090.297812657,22090.298426386,,1,GPU-37ffc98b-8551-c8a1-5f3c-27ade9ae735a,ok,41,18,1646,224.635,67,1935,9501,14599,76904
587,22090.297812657,22090.298811277,,2,GPU-5443d59d-561f-ed1e-da42-1975937205f9,ok,0,0,453,27.194,37,210,405,537,292
587,22090.297812657,22090.298683327,,3,GPU-46bf67bb-cb31-bee1-3cf0-c35337ba97d2,ok,0,0,453,27.523,40,210,405,439,292
587,22090.297812657,22090.298656447,,4,GPU-127e16de-2b5f-dde9-1932-b4e29bb818c0,ok,0,0,453,24.271,34,210,405,439,292
588,22091.297812657,22091.299778245,,0,GPU-9b96eb67-aeee-89d5-aa85-fc650af4e25c,ok,0,0,453,26.766,36,210,405,439,341
588,22091.297812657,22091.299740635,,1,GPU-37ffc98b-8551-c8a1-5f3c-27ade9ae735a,ok,39,17,1646,223.061,67,1935,9501,15234,77001
588,22091.297812657,22091.298273384,,2,GPU-5443d59d-561f-ed1e-da42-1975937205f9,ok,0,0,453,27.309,37,210,405,537,292
588,22091.297812657,22091.299712415,,3,GPU-46bf67bb-cb31-bee1-3cf0-c35337ba97d2,ok,0,0,453,27.544,40,210,405,439,292
588,22091.297812657,22091.298307584,,4,GPU-127e16de-2b5f-dde9-1932-b4e29bb818c0,ok,0,0,453,24.309,34,210,405,439,341
589,22092.297812657,22092.299138393,,0,GPU-9b96eb67-aeee-89d5-aa85-fc650af4e25c,ok,0,0,453,26.663,36,210,405,439,292
589,22092.297812657,22092.299166053,,1,GPU-37ffc98b-8551-c8a1-5f3c-27ade9ae735a,ok,44,20,1646,206.046,66,1890,9501,15380,77929
589,22092.297812657,22092.298341663,,2,GPU-5443d59d-561f-ed1e-da42-1975937205f9,ok,0,0,453,27.255,37,210,405,585,292
589,22092.297812657,22092.298519423,,3,GPU-46bf67bb-cb31-bee1-3cf0-c35337ba97d2,ok,0,0,453,27.642,40,210,405,439,292
589,22092.297812657,22092.298538913,,4,GPU-127e16de-2b5f-dde9-1932-b4e29bb818c0,ok,0,0,453,24.243,34,210,405,439,292
590,22093.297812657,22093.298680411,,0,GPU-9b96eb67-aeee-89d5-aa85-fc650af4e25c,ok,0,0,453,26.607,36,210,405,439,292
590,22093.297812657,22093.298720411,,1,GPU-37ffc98b-8551-c8a1-5f3c-27ade9ae735a,ok,40,18,1646,224.16,68,1935,9501,14990,77148
590,22093.297812657,22093.298552731,,2,GPU-5443d59d-561f-ed1e-da42-1975937205f9,ok,0,0,453,27.332,37,210,405,537,292
590,22093.297812657,22093.298733691,,3,GPU-46bf67bb-cb31-bee1-3cf0-c35337ba97d2,ok,0,0,453,27.469,40,210,405,390,292
590,22093.297812657,22093.298645951,,4,GPU-127e16de-2b5f-dde9-1932-b4e29bb818c0,ok,0,0,453,23.888,34,210,405,439,292
591,22094.297812657,22094.298594559,,0,GPU-9b96eb67-aeee-89d5-aa85-fc650af4e25c,ok,0,0,453,26.706,36,210,405,439,341
591,22094.297812657,22094.298671259,,1,GPU-37ffc98b-8551-c8a1-5f3c-27ade9ae735a,ok,34,15,1646,225.696,67,1935,9501,15039,77539
591,22094.297812657,22094.298651699,,2,GPU-5443d59d-561f-ed1e-da42-1975937205f9,ok,0,0,453,27.501,37,210,405,488,292
591,22094.297812657,22094.299108629,,3,GPU-46bf67bb-cb31-bee1-3cf0-c35337ba97d2,ok,0,0,453,27.481,40,210,405,439,341
591,22094.297812657,22094.298368019,,4,GPU-127e16de-2b5f-dde9-1932-b4e29bb818c0,ok,0,0,453,23.835,34,210,405,439,292
592,22095.297812657,22095.300279297,,0,GPU-9b96eb67-aeee-89d5-aa85-fc650af4e25c,ok,0,0,453,26.6,36,210,405,439,292
592,22095.297812657,22095.299038137,,1,GPU-37ffc98b-8551-c8a1-5f3c-27ade9ae735a,ok,34,15,1646,223.076,67,1935,9501,13964,71191
592,22095.297812657,22095.298332557,,2,GPU-5443d59d-561f-ed1e-da42-1975937205f9,ok,0,0,453,27.417,37,210,405,488,292
592,22095.297812657,22095.298515907,,3,GPU-46bf67bb-cb31-bee1-3cf0-c35337ba97d2,ok,0,0,453,27.599,40,210,405,439,292
592,22095.297812657,22095.298486627,,4,GPU-127e16de-2b5f-dde9-1932-b4e29bb818c0,ok,0,0,453,23.957,34,210,405,439,292
593,22096.297812657,22096.298627715,,0,GPU-9b96eb67-aeee-89d5-aa85-fc650af4e25c,ok,0,0,453,26.486,36,210,405,439,292
593,22096.297812657,22096.298696885,,1,GPU-37ffc98b-8551-c8a1-5f3c-27ade9ae735a,ok,34,15,1646,221.022,66,1935,9501,15087,76513
593,22096.297812657,22096.298741385,,2,GPU-5443d59d-561f-ed1e-da42-1975937205f9,ok,0,0,453,27.462,37,210,405,537,341
593,22096.297812657,22096.298672175,,3,GPU-46bf67bb-cb31-bee1-3cf0-c35337ba97d2,ok,0,0,453,27.443,40,210,405,439,292
593,22096.297812657,22096.298453835,,4,GPU-127e16de-2b5f-dde9-1932-b4e29bb818c0,ok,0,0,453,23.878,34,210,405,439,292
594,22097.297812657,22097.298553553,,0,GPU-9b96eb67-aeee-89d5-aa85-fc650af4e25c,ok,0,0,453,26.52,36,210,405,390,292
594,22097.297812657,22097.298589683,,1,GPU-37ffc98b-8551-c8a1-5f3c-27ade9ae735a,ok,37,16,1646,223.63,67,1935,9501,14990,78076
594,22097.297812657,22097.298516173,,2,GPU-5443d59d-561f-ed1e-da42-1975937205f9,ok,0,0,453,27.539,37,210,405,537,292
594,22097.297812657,22097.298332313,,3,GPU-46bf67bb-cb31-bee1-3cf0-c35337ba97d2,ok,0,0,453,27.485,40,210,405,439,341
594,22097.297812657,22097.300581053,,4,GPU-127e16de-2b5f-dde9-1932-b4e29bb818c0,ok,0,0,453,23.821,34,210,405,439,292
595,22098.297812657,22098.298293901,,0,GPU-9b96eb67-aeee-89d5-aa85-fc650af4e25c,ok,0,0,453,26.428,36,210,405,390,292
595,22098.297812657,22098.299070381,,1,GPU-37ffc98b-8551-c8a1-5f3c-27ade9ae735a,ok,37,16,1646,225.761,67,1935,9501,14941,79052
595,22098.297812657,22098.298503951,,2,GPU-5443d59d-561f-ed1e-da42-1975937205f9,ok,0,0,453,27.369,37,210,405,537,292
595,22098.297812657,22098.299160581,,3,GPU-46bf67bb-cb31-bee1-3cf0-c35337ba97d2,ok,0,0,453,27.627,40,210,405,439,341
595,22098.297812657,22098.299106741,,4,GPU-127e16de-2b5f-dde9-1932-b4e29bb818c0,ok,0,0,453,23.769,34,210,405,439,292
596,22099.297812657,22099.298479709,,0,GPU-9b96eb67-aeee-89d5-aa85-fc650af4e25c,ok,0,0,453,26.452,36,210,405,439,341
596,22099.297812657,22099.298594809,,1,GPU-37ffc98b-8551-c8a1-5f3c-27ade9ae735a,ok,37,17,1646,225.244,67,1935,9501,13037,77539
596,22099.297812657,22099.298708059,,2,GPU-5443d59d-561f-ed1e-da42-1975937205f9,ok,0,0,453,27.406,37,210,405,488,292
596,22099.297812657,22099.299201269,,3,GPU-46bf67bb-cb31-bee1-3cf0-c35337ba97d2,ok,0,0,453,27.45,40,210,405,390,341
596,22099.297812657,22099.298636379,,4,GPU-127e16de-2b5f-dde9-1932-b4e29bb818c0,ok,0,0,453,23.693,34,210,405,439,292
597,22100.297812657,22100.298661227,,0,GPU-9b96eb67-aeee-89d5-aa85-fc650af4e25c,ok,0,0,453,26.579,36,210,405,439,292
597,22100.297812657,22100.298777657,,1,GPU-37ffc98b-8551-c8a1-5f3c-27ade9ae735a,ok,38,17,1646,224.976,67,1935,9501,11669,77392
597,22100.297812657,22100.298804337,,2,GPU-5443d59d-561f-ed1e-da42-1975937205f9,ok,0,0,453,27.58,37,210,405,488,292
597,22100.297812657,22100.298726077,,3,GPU-46bf67bb-cb31-bee1-3cf0-c35337ba97d2,ok,0,0,453,27.452,40,210,405,439,292
597,22100.297812657,22100.298688927,,4,GPU-127e16de-2b5f-dde9-1932-b4e29bb818c0,ok,0,0,453,23.752,34,210,405,439,292
598,22101.297812657,22101.298289375,,0,GPU-9b96eb67-aeee-89d5-aa85-fc650af4e25c,ok,0,0,453,26.486,36,210,405,439,292
598,22101.297812657,22101.299612815,,1,GPU-37ffc98b-8551-c8a1-5f3c-27ade9ae735a,ok,38,17,1646,225.229,67,1935,9501,15527,77539
598,22101.297812657,22101.298543835,,2,GPU-5443d59d-561f-ed1e-da42-1975937205f9,ok,0,0,453,27.463,37,210,405,537,341
598,22101.297812657,22101.298446195,,3,GPU-46bf67bb-cb31-bee1-3cf0-c35337ba97d2,ok,0,0,453,27.589,40,210,405,439,292
598,22101.297812657,22101.298983325,,4,GPU-127e16de-2b5f-dde9-1932-b4e29bb818c0,ok,0,0,453,23.879,34,210,405,390,292
599,22102.297812657,22102.298652463,,0,GPU-9b96eb67-aeee-89d5-aa85-fc650af4e25c,ok,0,0,453,26.404,36,210,405,439,292
599,22102.297812657,22102.299245383,,1,GPU-37ffc98b-8551-c8a1-5f3c-27ade9ae735a,ok,38,17,1646,224.647,67,1935,9501,15234,77832
599,22102.297812657,22102.298597733,,2,GPU-5443d59d-561f-ed1e-da42-1975937205f9,ok,0,0,453,27.476,37,210,405,537,341
599,22102.297812657,22102.298623753,,3,GPU-46bf67bb-cb31-bee1-3cf0-c35337ba97d2,ok,0,0,453,27.46,40,210,405,439,292
599,22102.297812657,22102.298536673,,4,GPU-127e16de-2b5f-dde9-1932-b4e29bb818c0,ok,0,0,453,23.863,34,210,405,439,292
600,22103.297812657,22103.298659031,,0,GPU-9b96eb67-aeee-89d5-aa85-fc650af4e25c,ok,0,0,453,26.377,36,210,405,439,341
600,22103.297812657,22103.300432501,,1,GPU-37ffc98b-8551-c8a1-5f3c-27ade9ae735a,ok,40,18,1646,226.508,67,1935,9501,15576,77880
600,22103.297812657,22103.298498661,,2,GPU-5443d59d-561f-ed1e-da42-1975937205f9,ok,0,0,453,27.645,37,210,405,488,341
600,22103.297812657,22103.298551351,,3,GPU-46bf67bb-cb31-bee1-3cf0-c35337ba97d2,ok,0,0,453,27.502,40,210,405,390,341
600,22103.297812657,22103.298598101,,4,GPU-127e16de-2b5f-dde9-1932-b4e29bb818c0,ok,0,0,453,23.93,34,210,405,439,292
601,22104.297812657,22104.298657529,,0,GPU-9b96eb67-aeee-89d5-aa85-fc650af4e25c,ok,0,0,453,26.317,36,210,405,439,341
601,22104.297812657,22104.298632319,,1,GPU-37ffc98b-8551-c8a1-5f3c-27ade9ae735a,ok,41,19,1646,227.93,67,1935,9501,15039,77490
601,22104.297812657,22104.298535139,,2,GPU-5443d59d-561f-ed1e-da42-1975937205f9,ok,0,0,453,27.5,37,210,405,537,341
601,22104.297812657,22104.299240009,,3,GPU-46bf67bb-cb31-bee1-3cf0-c35337ba97d2,ok,0,0,453,27.729,40,210,405,390,292
601,22104.297812657,22104.298591969,,4,GPU-127e16de-2b5f-dde9-1932-b4e29bb818c0,ok,0,0,453,24.026,34,210,405,439,341
602,22105.297812657,22105.299325867,,0,GPU-9b96eb67-aeee-89d5-aa85-fc650af4e25c,ok,0,0,453,26.448,36,210,405,439,292
602,22105.297812657,22105.298419647,,1,GPU-37ffc98b-8551-c8a1-5f3c-27ade9ae735a,ok,41,19,1646,227.647,67,1935,9501,14501,77539
602,22105.297812657,22105.298627367,,2,GPU-5443d59d-561f-ed1e-da42-1975937205f9,ok,0,0,453,27.497,37,210,405,537,292
602,22105.297812657,22105.298592427,,3,GPU-46bf67bb-cb31-bee1-3cf0-c35337ba97d2,ok,0,0,453,27.593,40,210,405,439,292
602,22105.297812657,22105.298474537,,4,GPU-127e16de-2b5f-dde9-1932-b4e29bb818c0,ok,0,0,453,23.924,34,210,405,439,292
603,22106.297812657,22106.298475645,,0,GPU-9b96eb67-aeee-89d5-aa85-fc650af4e25c,ok,0,0,453,26.595,35,210,405,439,341
603,22106.297812657,22106.299069345,,1,GPU-37ffc98b-8551-c8a1-5f3c-27ade9ae735a,ok,47,22,1646,229.241,67,1935,9501,15576,77832
603,22106.297812657,22106.298601915,,2,GPU-5443d59d-561f-ed1e-da42-1975937205f9,ok,0,0,453,27.686,37,210,405,537,292
603,22106.297812657,22106.298541075,,3,GPU-46bf67bb-cb31-bee1-3cf0-c35337ba97d2,ok,0,0,453,27.579,40,210,405,439,292
603,22106.297812657,22106.298336555,,4,GPU-127e16de-2b5f-dde9-1932-b4e29bb818c0,ok,0,0,453,23.845,34,210,405,439,292
604,22107.297812657,22107.298595813,,0,GPU-9b96eb67-aeee-89d5-aa85-fc650af4e25c,ok,0,0,453,26.538,35,210,405,439,292
604,22107.297812657,22107.298651793,,1,GPU-37ffc98b-8551-c8a1-5f3c-27ade9ae735a,ok,41,18,1646,229.957,67,1935,9501,14892,77099
604,22107.297812657,22107.298625443,,2,GPU-5443d59d-561f-ed1e-da42-1975937205f9,ok,0,0,453,27.62,37,210,405,488,292
604,22107.297812657,22107.300614664,,3,GPU-46bf67bb-cb31-bee1-3cf0-c35337ba97d2,ok,0,0,453,27.724,40,210,405,439,292
604,22107.297812657,22107.298353633,,4,GPU-127e16de-2b5f-dde9-1932-b4e29bb818c0,ok,0,0,453,23.967,34,210,405,439,292
605,22108.297812657,22108.300086751,,0,GPU-9b96eb67-aeee-89d5-aa85-fc650af4e25c,ok,0,0,453,26.611,36,210,405,439,292
605,22108.297812657,22108.298421771,,1,GPU-37ffc98b-8551-c8a1-5f3c-27ade9ae735a,ok,33,14,1646,225.568,67,1935,9501,14550,76953
605,22108.297812657,22108.298476681,,2,GPU-5443d59d-561f-ed1e-da42-1975937205f9,ok,0,0,453,27.585,37,210,405,537,292
605,22108.297812657,22108.298664331,,3,GPU-46bf67bb-cb31-bee1-3cf0-c35337ba97d2,ok,0,0,453,27.713,40,210,405,439,292
605,22108.297812657,22108.298614351,,4,GPU-127e16de-2b5f-dde9-1932-b4e29bb818c0,ok,0,0,453,24.033,34,210,405,439,292
606,22109.297812657,22109.298569099,,0,GPU-9b96eb67-aeee-89d5-aa85-fc650af4e25c,ok,0,0,453,26.78,36,210,405,439,292
606,22109.297812657,22109.298735709,,1,GPU-37ffc98b-8551-c8a1-5f3c-27ade9ae735a,ok,34,15,1646,223.739,67,1935,9501,15332,77880
606,22109.297812657,22109.298494679,,2,GPU-5443d59d-561f-ed1e-da42-1975937205f9,ok,0,0,453,27.635,37,210,405,488,292
606,22109.297812657,22109.298673299,,3,GPU-46bf67bb-cb31-bee1-3cf0-c35337ba97d2,ok,0,0,453,27.721,40,210,405,439,341
606,22109.297812657,22109.298624849,,4,GPU-127e16de-2b5f-dde9-1932-b4e29bb818c0,ok,0,0,453,23.933,34,210,405,488,341
607,22110.297812657,22110.298500567,,0,GPU-9b96eb67-aeee-89d5-aa85-fc650af4e25c,ok,0,0,453,26.66,36,210,405,390,341
607,22110.297812657,22110.298552447,,1,GPU-37ffc98b-8551-c8a1-5f3c-27ade9ae735a,ok,34,15,1646,224.107,67,1935,9501,14648,77734
607,22110.297812657,22110.298742307,,2,GPU-5443d59d-561f-ed1e-da42-1975937205f9,ok,0,0,453,27.606,37,210,405,537,292
607,22110.297812657,22110.299597287,,3,GPU-46bf67bb-cb31-bee1-3cf0-c35337ba97d2,ok,0,0,453,27.541,40,210,405,439,292
607,22110.297812657,22110.298704707,,4,GPU-127e16de-2b5f-dde9-1932-b4e29bb818c0,ok,0,0,453,23.943,34,210,405,390,341
608,22111.297812657,22111.298671415,,0,GPU-9b96eb67-aeee-89d5-aa85-fc650af4e25c,ok,0,0,453,26.672,36,210,405,390,292
608,22111.297812657,22111.298626155,,1,GPU-37ffc98b-8551-c8a1-5f3c-27ade9ae735a,ok,37,16,1646,222.964,67,1935,9501,14990,77343
608,22111.297812657,22111.298527125,,2,GPU-5443d59d-561f-ed1e-da42-1975937205f9,ok,0,0,453,27.694,37,210,405,537,292
608,22111.297812657,22111.300874756,,3,GPU-46bf67bb-cb31-bee1-3cf0-c35337ba97d2,ok,0,0,453,27.488,40,210,405,439,292
608,22111.297812657,22111.298591285,,4,GPU-127e16de-2b5f-dde9-1932-b4e29bb818c0,ok,0,0,453,23.825,34,210,405,439,341
609,22112.297812657,22112.298602403,,0,GPU-9b96eb67-aeee-89d5-aa85-fc650af4e25c,ok,0,0,453,26.777,36,210,405,439,292
609,22112.297812657,22112.298754213,,1,GPU-37ffc98b-8551-c8a1-5f3c-27ade9ae735a,ok,37,16,1646,224.684,67,1935,9501,15039,78417
609,22112.297812657,22112.298708713,,2,GPU-5443d59d-561f-ed1e-da42-1975937205f9,ok,0,0,453,27.822,37,210,405,537,292
609,22112.297812657,22112.298649973,,3,GPU-46bf67bb-cb31-bee1-3cf0-c35337ba97d2,ok,0,0,453,27.618,40,210,405,439,292
609,22112.297812657,22112.298771303,,4,GPU-127e16de-2b5f-dde9-1932-b4e29bb818c0,ok,0,0,453,23.74,34,210,405,439,292
610,22113.297812657,22113.298596171,,0,GPU-9b96eb67-aeee-89d5-aa85-fc650af4e25c,ok,0,0,453,26.628,36,210,405,439,341
610,22113.297812657,22113.298783201,,1,GPU-37ffc98b-8551-c8a1-5f3c-27ade9ae735a,ok,37,16,1646,224.213,67,1935,9501,15380,78564
610,22113.297812657,22113.298719921,,2,GPU-5443d59d-561f-ed1e-da42-1975937205f9,ok,0,0,453,27.747,37,210,405,537,292
610,22113.297812657,22113.298623141,,3,GPU-46bf67bb-cb31-bee1-3cf0-c35337ba97d2,ok,0,0,453,27.55,40,210,405,439,292
610,22113.297812657,22113.298757531,,4,GPU-127e16de-2b5f-dde9-1932-b4e29bb818c0,ok,0,0,453,23.811,34,210,405,439,292
611,22114.297812657,22114.298342039,,0,GPU-9b96eb67-aeee-89d5-aa85-fc650af4e25c,ok,0,0,453,26.644,36,210,405,439,292
611,22114.297812657,22114.299052829,,1,GPU-37ffc98b-8551-c8a1-5f3c-27ade9ae735a,ok,38,17,1646,224.197,67,1935,9501,14306,72363
611,22114.297812657,22114.298423299,,2,GPU-5443d59d-561f-ed1e-da42-1975937205f9,ok,0,0,453,27.682,37,210,405,537,341
611,22114.297812657,22114.298560469,,3,GPU-46bf67bb-cb31-bee1-3cf0-c35337ba97d2,ok,0,0,453,27.508,40,210,405,390,292
611,22114.297812657,22114.299686009,,4,GPU-127e16de-2b5f-dde9-1932-b4e29bb818c0,ok,0,0,453,23.95,34,210,405,390,292
612,22115.297812657,22115.298722687,,0,GPU-9b96eb67-aeee-89d5-aa85-fc650af4e25c,ok,0,0,453,26.688,36,210,405,439,292
612,22115.297812657,22115.298451137,,1,GPU-37ffc98b-8551-c8a1-5f3c-27ade9ae735a,ok,38,17,1646,224.445,67,1935,9501,14013,76562
612,22115.297812657,22115.298693157,,2,GPU-5443d59d-561f-ed1e-da42-1975937205f9,ok,0,0,453,27.693,37,210,405,537,292
612,22115.297812657,22115.298630747,,3,GPU-46bf67bb-cb31-bee1-3cf0-c35337ba97d2,ok,0,0,453,27.584,40,210,405,439,341
612,22115.297812657,22115.298540367,,4,GPU-127e16de-2b5f-dde9-1932-b4e29bb818c0,ok,0,0,453,24.032,34,210,405,439,292
613,22116.297812657,22116.298637755,,0,GPU-9b96eb67-aeee-89d5-aa85-fc650af4e25c,ok,0,0,453,26.513,36,210,405,439,292
613,22116.297812657,22116.298559145,,1,GPU-37ffc98b-8551-c8a1-5f3c-27ade9ae735a,ok,38,17,1646,226.111,67,1935,9501,14501,77587
613,22116.297812657,22116.298616925,,2,GPU-5443d59d-561f-ed1e-da42-1975937205f9,ok,0,0,453,27.486,37,210,405,488,292
613,22116.297812657,22116.299045505,,3,GPU-46bf67bb-cb31-bee1-3cf0-c35337ba97d2,ok,0,0,453,27.521,40,210,405,439,341
613,22116.297812657,22116.298317025,,4,GPU-127e16de-2b5f-dde9-1932-b4e29bb818c0,ok,0,0,453,23.936,34,210,405,439,292
614,22117.297812657,22117.298769683,,0,GPU-9b96eb67-aeee-89d5-aa85-fc650af4e25c,ok,0,0,453,26.514,36,210,405,439,341
614,22117.297812657,22117.298854003,,1,GPU-37ffc98b-8551-c8a1-5f3c-27ade9ae735a,ok,38,17,1646,224.38,67,1935,9501,15576,78125
614,22117.297812657,22117.298809523,,2,GPU-5443d59d-561f-ed1e-da42-1975937205f9,ok,0,0,453,27.415,37,210,405,537,292
614,22117.297812657,22117.298734343,,3,GPU-46bf67bb-cb31-bee1-3cf0-c35337ba97d2,ok,0,0,453,27.558,40,210,405,439,341
614,22117.297812657,22117.298528553,,4,GPU-127e16de-2b5f-dde9-1932-b4e29bb818c0,ok,0,0,453,23.785,34,210,405,439,292
615,22118.297812657,22118.299124931,,0,GPU-9b96eb67-aeee-89d5-aa85-fc650af4e25c,ok,0,0,453,26.587,36,210,405,439,292
615,22118.297812657,22118.298588941,,1,GPU-37ffc98b-8551-c8a1-5f3c-27ade9ae735a,ok,38,17,1646,223.566,67,1935,9501,14990,78222
615,22118.297812657,22118.298640971,,2,GPU-5443d59d-561f-ed1e-da42-1975937205f9,ok,0,0,453,27.44,37,210,405,537,292
615,22118.297812657,22118.298528881,,3,GPU-46bf67bb-cb31-bee1-3cf0-c35337ba97d2,ok,0,0,453,27.651,40,210,405,439,292
615,22118.297812657,22118.298411611,,4,GPU-127e16de-2b5f-dde9-1932-b4e29bb818c0,ok,0,0,453,23.866,34,210,405,439,341
616,22119.297812657,22119.298592369,,0,GPU-9b96eb67-aeee-89d5-aa85-fc650af4e25c,ok,0,0,453,26.688,36,210,405,439,292
616,22119.297812657,22119.298549199,,1,GPU-37ffc98b-8551-c8a1-5f3c-27ade9ae735a,ok,40,18,1646,218.632,67,1935,9501,14746,76513
616,22119.297812657,22119.298757469,,2,GPU-5443d59d-561f-ed1e-da42-1975937205f9,ok,0,0,453,27.394,37,210,405,537,292
616,22119.297812657,22119.298706499,,3,GPU-46bf67bb-cb31-bee1-3cf0-c35337ba97d2,ok,0,0,453,27.438,40,210,405,439,292
616,22119.297812657,22119.298659219,,4,GPU-127e16de-2b5f-dde9-1932-b4e29bb818c0,ok,0,0,453,24.061,34,210,405,439,341
617,22120.297812657,22120.298681067,,0,GPU-9b96eb67-aeee-89d5-aa85-fc650af4e25c,ok,0,0,453,26.682,36,210,405,439,292
617,22120.297812657,22120.298720277,,1,GPU-37ffc98b-8551-c8a1-5f3c-27ade9ae735a,ok,41,18,1646,224.35,67,1935,9501,14941,78369
617,22120.297812657,22120.298635527,,2,GPU-5443d59d-561f-ed1e-da42-1975937205f9,ok,0,0,453,27.451,37,210,405,537,341
617,22120.297812657,22120.298753977,,3,GPU-46bf67bb-cb31-bee1-3cf0-c35337ba97d2,ok,0,0,453,27.437,40,210,405,439,292
617,22120.297812657,22120.298547807,,4,GPU-127e16de-2b5f-dde9-1932-b4e29bb818c0,ok,0,0,453,24.028,34,210,405,439,341
618,22121.297812657,22121.298795505,,0,GPU-9b96eb67-aeee-89d5-aa85-fc650af4e25c,ok,0,0,453,26.364,36,210,405,439,341
618,22121.297812657,22121.298675275,,1,GPU-37ffc98b-8551-c8a1-5f3c-27ade9ae735a,ok,45,21,1646,216.83,66,1830,9501,15185,77929
618,22121.297812657,22121.298521655,,2,GPU-5443d59d-561f-ed1e-da42-1975937205f9,ok,0,0,453,27.528,37,210,405,537,341
618,22121.297812657,22121.298752195,,3,GPU-46bf67bb-cb31-bee1-3cf0-c35337ba97d2,ok,0,0,453,27.602,40,210,405,439,292
618,22121.297812657,22121.298582505,,4,GPU-127e16de-2b5f-dde9-1932-b4e29bb818c0,ok,0,0,453,23.941,34,210,405,390,292
619,22122.297812657,22122.298456263,,0,GPU-9b96eb67-aeee-89d5-aa85-fc650af4e25c,ok,0,0,453,26.387,36,210,405,488,292
619,22122.297812657,22122.299703414,,1,GPU-37ffc98b-8551-c8a1-5f3c-27ade9ae735a,ok,35,15,1646,227.057,67,1935,9501,15380,79052
619,22122.297812657,22122.298670463,,2,GPU-5443d59d-561f-ed1e-da42-1975937205f9,ok,0,0,453,27.698,37,210,405,488,292
619,22122.297812657,22122.298624113,,3,GPU-46bf67bb-cb31-bee1-3cf0-c35337ba97d2,ok,0,0,453,27.547,40,210,405,439,341
619,22122.297812657,22122.298544683,,4,GPU-127e16de-2b5f-dde9-1932-b4e29bb818c0,ok,0,0,453,23.807,34,210,405,439,292
620,22123.297812657,22123.298696251,,0,GPU-9b96eb67-aeee-89d5-aa85-fc650af4e25c,ok,0,0,453,26.499,36,210,405,439,292
620,22123.297812657,22123.298573111,,1,GPU-37ffc98b-8551-c8a1-5f3c-27ade9ae735a,ok,34,14,1646,224.721,67,1935,9501,14697,77490
620,22123.297812657,22123.298759951,,2,GPU-5443d59d-561f-ed1e-da42-1975937205f9,ok,0,0,453,27.734,37,210,405,537,292
620,22123.297812657,22123.298662231,,3,GPU-46bf67bb-cb31-bee1-3cf0-c35337ba97d2,ok,0,0,453,27.628,40,210,405,390,292
620,22123.297812657,22123.298611171,,4,GPU-127e16de-2b5f-dde9-1932-b4e29bb818c0,ok,0,0,453,23.973,34,210,405,439,292
621,22124.297812657,22124.299019579,,0,GPU-9b96eb67-aeee-89d5-aa85-fc650af4e25c,ok,0,0,453,26.301,36,210,405,439,341
621,22124.297812657,22124.298515599,,1,GPU-37ffc98b-8551-c8a1-5f3c-27ade9ae735a,ok,35,15,1646,222.365,67,1935,9501,15087,78271
621,22124.297812657,22124.298261359,,2,GPU-5443d59d-561f-ed1e-da42-1975937205f9,ok,0,0,453,27.476,37,210,405,537,292
621,22124.297812657,22124.299062529,,3,GPU-46bf67bb-cb31-bee1-3cf0-c35337ba97d2,ok,0,0,453,27.67,40,210,405,439,292
621,22124.297812657,22124.298478659,,4,GPU-127e16de-2b5f-dde9-1932-b4e29bb818c0,ok,0,0,453,24.159,34,210,405,390,341
622,22125.297812657,22125.298585047,,0,GPU-9b96eb67-aeee-89d5-aa85-fc650af4e25c,ok,0,0,453,26.237,36,210,405,390,292
622,22125.297812657,22125.298700627,,1,GPU-37ffc98b-8551-c8a1-5f3c-27ade9ae735a,ok,36,16,1646,224.512,67,1935,9501,14941,77490
622,22125.297812657,22125.298546497,,2,GPU-5443d59d-561f-ed1e-da42-1975937205f9,ok,0,0,453,27.29,37,210,405,488,292
622,22125.297812657,22125.298733757,,3,GPU-46bf67bb-cb31-bee1-3cf0-c35337ba97d2,ok,0,0,453,27.484,40,210,405,439,292
622,22125.297812657,22125.298459127,,4,GPU-127e16de-2b5f-dde9-1932-b4e29bb818c0,ok,0,0,453,24.049,34,210,405,439,341
623,22126.297812657,22126.298529195,,0,GPU-9b96eb67-aeee-89d5-aa85-fc650af4e25c,ok,0,0,453,26.308,35,210,405,390,292
623,22126.297812657,22126.298566925,,1,GPU-37ffc98b-8551-c8a1-5f3c-27ade9ae735a,ok,38,17,1646,225.673,67,1935,9501,15039,77783
623,22126.297812657,22126.299120856,,2,GPU-5443d59d-561f-ed1e-da42-1975937205f9,ok,0,0,453,27.333,37,210,405,488,341
623,22126.297812657,22126.298614275,,3,GPU-46bf67bb-cb31-bee1-3cf0-c35337ba97d2,ok,0,0,453,27.532,40,210,405,439,292
623,22126.297812657,22126.298412325,,4,GPU-127e16de-2b5f-dde9-1932-b4e29bb818c0,ok,0,0,453,24.114,34,210,405,390,292
624,22127.297812657,22127.298671103,,0,GPU-9b96eb67-aeee-89d5-aa85-fc650af4e25c,ok,0,0,453,26.296,35,210,405,439,292
624,22127.297812657,22127.298455403,,1,GPU-37ffc98b-8551-c8a1-5f3c-27ade9ae735a,ok,37,17,1646,227.479,67,1935,9501,14599,77539
624,22127.297812657,22127.298558873,,2,GPU-5443d59d-561f-ed1e-da42-1975937205f9,ok,0,0,453,27.296,37,210,405,537,341
624,22127.297812657,22127.298600993,,3,GPU-46bf67bb-cb31-bee1-3cf0-c35337ba97d2,ok,0,0,453,27.796,40,210,405,390,292
624,22127.297812657,22127.298716923,,4,GPU-127e16de-2b5f-dde9-1932-b4e29bb818c0,ok,0,0,453,24.14,34,210,405,439,341
625,22128.297812657,22128.298634991,,0,GPU-9b96eb67-aeee-89d5-aa85-fc650af4e25c,ok,0,0,453,26.421,36,210,405,439,292
625,22128.297812657,22128.298621191,,1,GPU-37ffc98b-8551-c8a1-5f3c-27ade9ae735a,ok,38,17,1646,227.008,67,1935,9501,15185,77880
625,22128.297812657,22128.298537761,,2,GPU-5443d59d-561f-ed1e-da42-1975937205f9,ok,0,0,453,27.292,37,210,405,537,341
625,22128.297812657,22128.299676232,,3,GPU-46bf67bb-cb31-bee1-3cf0-c35337ba97d2,ok,0,0,453,27.708,40,210,405,439,341
625,22128.297812657,22128.298357951,,4,GPU-127e16de-2b5f-dde9-1932-b4e29bb818c0,ok,0,0,453,24.195,34,210,405,390,292
626,22129.297812657,22129.298563399,,0,GPU-9b96eb67-aeee-89d5-aa85-fc650af4e25c,ok,0,0,453,26.632,35,210,405,439,292
626,22129.297812657,22129.29912355,,1,GPU-37ffc98b-8551-c8a1-5f3c-27ade9ae735a,ok,37,17,1646,224.931,67,1935,9501,15429,77490
626,22129.297812657,22129.298617609,,2,GPU-5443d59d-561f-ed1e-da42-1975937205f9,ok,0,0,453,27.333,37,210,405,488,341
626,22129.297812657,22129.298587939,,3,GPU-46bf67bb-cb31-bee1-3cf0-c35337ba97d2,ok,0,0,453,27.618,40,210,405,439,341
626,22129.297812657,22129.298408999,,4,GPU-127e16de-2b5f-dde9-1932-b4e29bb818c0,ok,0,0,453,24.23,34,210,405,439,292
627,22130.297812657,22130.298592657,,0,GPU-9b96eb67-aeee-89d5-aa85-fc650af4e25c,ok,0,0,453,26.46,35,210,405,390,341
627,22130.297812657,22130.298619237,,1,GPU-37ffc98b-8551-c8a1-5f3c-27ade9ae735a,ok,38,17,1646,224.236,67,1935,9501,15039,77929
627,22130.297812657,22130.299099598,,2,GPU-5443d59d-561f-ed1e-da42-1975937205f9,ok,0,0,453,27.299,37,210,405,537,292
627,22130.297812657,22130.298396337,,3,GPU-46bf67bb-cb31-bee1-3cf0-c35337ba97d2,ok,0,0,453,27.661,40,210,405,439,292
627,22130.297812657,22130.298641327,,4,GPU-127e16de-2b5f-dde9-1932-b4e29bb818c0,ok,0,0,453,24.244,34,210,405,439,292
628,22131.297812657,22131.298571735,,0,GPU-9b96eb67-aeee-89d5-aa85-fc650af4e25c,ok,0,0,453,26.371,35,210,405,390,292
628,22131.297812657,22131.299754616,,1,GPU-37ffc98b-8551-c8a1-5f3c-27ade9ae735a,ok,38,17,1646,223.933,67,1935,9501,15283,78369
628,22131.297812657,22131.298630696,,2,GPU-5443d59d-561f-ed1e-da42-1975937205f9,ok,0,0,453,27.454,37,210,405,537,292
628,22131.297812657,22131.298648676,,3,GPU-46bf67bb-cb31-bee1-3cf0-c35337ba97d2,ok,0,0,453,27.409,40,210,405,390,292
628,22131.297812657,22131.298424505,,4,GPU-127e16de-2b5f-dde9-1932-b4e29bb818c0,ok,0,0,453,24.301,34,210,405,439,292
629,22132.297812657,22132.298504163,,0,GPU-9b96eb67-aeee-89d5-aa85-fc650af4e25c,ok,0,0,453,26.51,36,210,405,390,292
629,22132.297812657,22132.299054564,,1,GPU-37ffc98b-8551-c8a1-5f3c-27ade9ae735a,ok,39,18,1646,224.448,67,1935,9501,14843,77099
629,22132.297812657,22132.299113784,,2,GPU-5443d59d-561f-ed1e-da42-1975937205f9,ok,0,0,453,27.512,37,210,405,488,292
629,22132.297812657,22132.298352933,,3,GPU-46bf67bb-cb31-bee1-3cf0-c35337ba97d2,ok,0,0,453,27.329,40,210,405,390,292
629,22132.297812657,22132.298556724,,4,GPU-127e16de-2b5f-dde9-1932-b4e29bb818c0,ok,0,0,453,24.313,34,210,405,439,292
630,22133.297812657,22133.298782512,,0,GPU-9b96eb67-aeee-89d5-aa85-fc650af4e25c,ok,0,0,453,26.35,36,210,405,390,341
630,22133.297812657,22133.298712852,,1,GPU-37ffc98b-8551-c8a1-5f3c-27ade9ae735a,ok,41,18,1646,225.04,67,1935,9501,14990,77099
630,22133.297812657,22133.298528792,,2,GPU-5443d59d-561f-ed1e-da42-1975937205f9,ok,0,0,453,27.262,37,210,405,488,292
630,22133.297812657,22133.298569232,,3,GPU-46bf67bb-cb31-bee1-3cf0-c35337ba97d2,ok,0,0,453,27.462,40,210,405,439,292
630,22133.297812657,22133.298671902,,4,GPU-127e16de-2b5f-dde9-1932-b4e29bb818c0,ok,0,0,453,24.172,34,210,405,439,292
631,22134.297812657,22134.29843256,,0,GPU-9b96eb67-aeee-89d5-aa85-fc650af4e25c,ok,0,0,453,26.296,36,210,405,390,292
631,22134.297812657,22134.29865809,,1,GPU-37ffc98b-8551-c8a1-5f3c-27ade9ae735a,ok,42,19,1646,228.68,67,1935,9501,14599,78271
631,22134.297812657,22134.29870101,,2,GPU-5443d59d-561f-ed1e-da42-1975937205f9,ok,0,0,453,27.243,37,210,405,537,292
631,22134.297812657,22134.29872764,,3,GPU-46bf67bb-cb31-bee1-3cf0-c35337ba97d2,ok,0,0,453,27.457,40,210,405,439,292
631,22134.297812657,22134.29877494,,4,GPU-127e16de-2b5f-dde9-1932-b4e29bb818c0,ok,0,0,453,23.895,34,210,405,439,292
632,22135.297812657,22135.298683888,,0,GPU-9b96eb67-aeee-89d5-aa85-fc650af4e25c,ok,0,0,453,26.49,36,210,405,439,292
632,22135.297812657,22135.298256777,,1,GPU-37ffc98b-8551-c8a1-5f3c-27ade9ae735a,ok,44,21,1646,233.246,67,1935,9501,14599,77148
632,22135.297812657,22135.299224088,,2,GPU-5443d59d-561f-ed1e-da42-1975937205f9,ok,0,0,453,27.434,37,210,405,488,292
632,22135.297812657,22135.298537578,,3,GPU-46bf67bb-cb31-bee1-3cf0-c35337ba97d2,ok,0,0,453,27.62,40,210,405,390,341
632,22135.297812657,22135.298394038,,4,GPU-127e16de-2b5f-dde9-1932-b4e29bb818c0,ok,0,0,453,23.725,34,210,405,390,341
633,22136.297812657,22136.298561706,,0,GPU-9b96eb67-aeee-89d5-aa85-fc650af4e25c,ok,0,0,453,26.472,36,210,405,390,341
633,22136.297812657,22136.298504286,,1,GPU-37ffc98b-8551-c8a1-5f3c-27ade9ae735a,ok,34,15,1646,227.617,67,1920,9501,14697,78320
633,22136.297812657,22136.298607316,,2,GPU-5443d59d-561f-ed1e-da42-1975937205f9,ok,0,0,453,27.325,37,210,405,537,292
633,22136.297812657,22136.299057036,,3,GPU-46bf67bb-cb31-bee1-3cf0-c35337ba97d2,ok,0,0,453,27.733,40,210,405,390,341
633,22136.297812657,22136.298344766,,4,GPU-127e16de-2b5f-dde9-1932-b4e29bb818c0,ok,0,0,453,23.698,34,210,405,439,341
634,22137.297812657,22137.298470274,,0,GPU-9b96eb67-aeee-89d5-aa85-fc650af4e25c,ok,0,0,453,26.446,36,210,405,390,292
634,22137.297812657,22137.298989334,,1,GPU-37ffc98b-8551-c8a1-5f3c-27ade9ae735a,ok,33,14,1646,217.583,67,1935,9501,15185,77490
634,22137.297812657,22137.298428534,,2,GPU-5443d59d-561f-ed1e-da42-1975937205f9,ok,0,0,453,27.235,37,210,405,537,292
634,22137.297812657,22137.300265334,,3,GPU-46bf67bb-cb31-bee1-3cf0-c35337ba97d2,ok,0,0,453,27.461,40,210,405,439,341
634,22137.297812657,22137.298277394,,4,GPU-127e16de-2b5f-dde9-1932-b4e29bb818c0,ok,0,0,453,23.733,34,210,405,390,292
635,22138.297812657,22138.298658792,,0,GPU-9b96eb67-aeee-89d5-aa85-fc650af4e25c,ok,0,0,453,26.495,35,210,405,390,292
635,22138.297812657,22138.298626842,,1,GPU-37ffc98b-8551-c8a1-5f3c-27ade9ae735a,ok,34,15,1646,221.754,67,1935,9501,15185,78027
635,22138.297812657,22138.298573152,,2,GPU-5443d59d-561f-ed1e-da42-1975937205f9,ok,0,0,453,27.369,37,210,405,488,292
635,22138.297812657,22138.298390772,,3,GPU-46bf67bb-cb31-bee1-3cf0-c35337ba97d2,ok,0,0,453,27.327,40,210,405,439,341
635,22138.297812657,22138.299122272,,4,GPU-127e16de-2b5f-dde9-1932-b4e29bb818c0,ok,0,0,453,23.68,34,210,405,439,292
636,22139.297812657,22139.29881833,,0,GPU-9b96eb67-aeee-89d5-aa85-fc650af4e25c,ok,0,0,453,26.459,35,210,405,390,341
636,22139.297812657,22139.29852419,,1,GPU-37ffc98b-8551-c8a1-5f3c-27ade9ae735a,ok,36,15,1646,222.657,67,1935,9501,14697,77392
636,22139.297812657,22139.29874861,,2,GPU-5443d59d-561f-ed1e-da42-1975937205f9,ok,0,0,453,27.212,37,210,405,537,292
636,22139.297812657,22139.2987748,,3,GPU-46bf67bb-cb31-bee1-3cf0-c35337ba97d2,ok,0,0,453,27.396,40,210,405,439,292
636,22139.297812657,22139.29884654,,4,GPU-127e16de-2b5f-dde9-1932-b4e29bb818c0,ok,0,0,453,23.838,34,210,405,439,292
637,22140.297812657,22140.298751898,,0,GPU-9b96eb67-aeee-89d5-aa85-fc650af4e25c,ok,0,0,453,26.536,36,210,405,439,292
637,22140.297812657,22140.298712728,,1,GPU-37ffc98b-8551-c8a1-5f3c-27ade9ae735a,ok,36,16,1646,223.286,67,1935,9501,14697,76513
637,22140.297812657,22140.298594738,,2,GPU-5443d59d-561f-ed1e-da42-1975937205f9,ok,0,0,453,27.204,37,210,405,537,292
637,22140.297812657,22140.298629048,,3,GPU-46bf67bb-cb31-bee1-3cf0-c35337ba97d2,ok,0,0,453,27.284,40,210,405,390,292
637,22140.297812657,22140.298666108,,4,GPU-127e16de-2b5f-dde9-1932-b4e29bb818c0,ok,0,0,453,24.087,34,210,405,439,292
638,22141.297812657,22141.298725036,,0,GPU-9b96eb67-aeee-89d5-aa85-fc650af4e25c,ok,0,0,453,26.628,36,210,405,439,292
638,22141.297812657,22141.298608466,,1,GPU-37ffc98b-8551-c8a1-5f3c-27ade9ae735a,ok,37,16,1646,222.954,67,1935,9501,14892,78955
638,22141.297812657,22141.298699546,,2,GPU-5443d59d-561f-ed1e-da42-1975937205f9,ok,0,0,453,27.445,37,210,405,488,292
638,22141.297812657,22141.298565746,,3,GPU-46bf67bb-cb31-bee1-3cf0-c35337ba97d2,ok,0,0,453,27.298,40,210,405,390,341
638,22141.297812657,22141.298648626,,4,GPU-127e16de-2b5f-dde9-1932-b4e29bb818c0,ok,0,0,453,24.215,34,210,405,439,292
639,22142.297812657,22142.299152864,,0,GPU-9b96eb67-aeee-89d5-aa85-fc650af4e25c,ok,0,0,453,26.532,36,210,405,439,292
639,22142.297812657,22142.298463514,,1,GPU-37ffc98b-8551-c8a1-5f3c-27ade9ae735a,ok,37,17,1646,223.817,67,1935,9501,12011,73388
639,22142.297812657,22142.298378194,,2,GPU-5443d59d-561f-ed1e-da42-1975937205f9,ok,0,0,453,27.278,37,210,405,488,341
639,22142.297812657,22142.299125574,,3,GPU-46bf67bb-cb31-bee1-3cf0-c35337ba97d2,ok,0,0,453,27.439,40,210,405,439,341
639,22142.297812657,22142.298526474,,4,GPU-127e16de-2b5f-dde9-1932-b4e29bb818c0,ok,0,0,453,24.137,34,210,405,439,292
640,22143.297812657,22143.299093412,,0,GPU-9b96eb67-aeee-89d5-aa85-fc650af4e25c,ok,0,0,453,26.554,35,210,405,439,292
640,22143.297812657,22143.299721762,,1,GPU-37ffc98b-8551-c8a1-5f3c-27ade9ae735a,ok,38,17,1646,224.537,67,1935,9501,15673,78808
640,22143.297812657,22143.298377132,,2,GPU-5443d59d-561f-ed1e-da42-1975937205f9,ok,0,0,453,27.238,37,210,405,537,292
640,22143.297812657,22143.298541482,,3,GPU-46bf67bb-cb31-bee1-3cf0-c35337ba97d2,ok,0,0,453,27.301,40,210,405,439,341
640,22143.297812657,22143.298613262,,4,GPU-127e16de-2b5f-dde9-1932-b4e29bb818c0,ok,0,0,453,23.851,34,210,405,390,292
641,22144.297812657,22144.29845935,,0,GPU-9b96eb67-aeee-89d5-aa85-fc650af4e25c,ok,0,0,453,26.714,35,210,405,439,341
641,22144.297812657,22144.29859462,,1,GPU-37ffc98b-8551-c8a1-5f3c-27ade9ae735a,ok,38,17,1646,224.848,67,1935,9501,15283,79052
641,22144.297812657,22144.29855955,,2,GPU-5443d59d-561f-ed1e-da42-1975937205f9,ok,0,0,453,27.474,37,210,405,537,292
641,22144.297812657,22144.29871995,,3,GPU-46bf67bb-cb31-bee1-3cf0-c35337ba97d2,ok,0,0,453,27.278,40,210,405,439,292
641,22144.297812657,22144.30007987,,4,GPU-127e16de-2b5f-dde9-1932-b4e29bb818c0,ok,0,0,453,23.779,34,210,405,439,292
642,22145.297812657,22145.298486738,,0,GPU-9b96eb67-aeee-89d5-aa85-fc650af4e25c,ok,0,0,453,26.638,35,210,405,439,292
642,22145.297812657,22145.298554368,,1,GPU-37ffc98b-8551-c8a1-5f3c-27ade9ae735a,ok,41,18,1646,226.457,67,1935,9501,15087,78857
642,22145.297812657,22145.298627138,,2,GPU-5443d59d-561f-ed1e-da42-1975937205f9,ok,0,0,453,27.471,37,210,405,488,292
642,22145.297812657,22145.300157278,,3,GPU-46bf67bb-cb31-bee1-3cf0-c35337ba97d2,ok,0,0,453,27.379,40,210,405,439,292
642,22145.297812657,22145.298524048,,4,GPU-127e16de-2b5f-dde9-1932-b4e29bb818c0,ok,0,0,453,23.949,34,210,405,439,341
643,22146.297812657,22146.299009446,,0,GPU-9b96eb67-aeee-89d5-aa85-fc650af4e25c,ok,0,0,453,26.607,35,210,405,439,292
643,22146.297812657,22146.299119316,,1,GPU-37ffc98b-8551-c8a1-5f3c-27ade9ae735a,ok,41,19,1646,228.032,67,1935,9501,15087,77294
643,22146.297812657,22146.299143876,,2,GPU-5443d59d-561f-ed1e-da42-1975937205f9,ok,0,0,453,27.514,37,210,405,537,292
643,22146.297812657,22146.298462096,,3,GPU-46bf67bb-cb31-bee1-3cf0-c35337ba97d2,ok,0,0,453,27.384,40,210,405,439,292
643,22146.297812657,22146.298273636,,4,GPU-127e16de-2b5f-dde9-1932-b4e29bb818c0,ok,0,0,453,23.923,34,210,405,439,341
644,22147.297812657,22147.298476644,,0,GPU-9b96eb67-aeee-89d5-aa85-fc650af4e25c,ok,0,0,453,26.744,35,210,405,439,341
644,22147.297812657,22147.298662104,,1,GPU-37ffc98b-8551-c8a1-5f3c-27ade9ae735a,ok,42,19,1646,228.529,67,1935,9501,15332,77734
644,22147.297812657,22147.298626794,,2,GPU-5443d59d-561f-ed1e-da42-1975937205f9,ok,0,0,453,27.568,37,210,405,537,292
644,22147.297812657,22147.299804854,,3,GPU-46bf67bb-cb31-bee1-3cf0-c35337ba97d2,ok,0,0,453,27.558,40,210,405,439,341
644,22147.297812657,22147.298512554,,4,GPU-127e16de-2b5f-dde9-1932-b4e29bb818c0,ok,0,0,453,23.815,34,210,405,390,341
645,22148.297812657,22148.298385092,,0,GPU-9b96eb67-aeee-89d5-aa85-fc650af4e25c,ok,0,0,453,26.624,35,210,405,439,292
645,22148.297812657,22148.298453522,,1,GPU-37ffc98b-8551-c8a1-5f3c-27ade9ae735a,ok,45,21,1646,230.158,67,1905,9501,14892,78759
645,22148.297812657,22148.299289822,,2,GPU-5443d59d-561f-ed1e-da42-1975937205f9,ok,0,0,453,27.328,37,210,405,537,292
645,22148.297812657,22148.298988222,,3,GPU-46bf67bb-cb31-bee1-3cf0-c35337ba97d2,ok,0,0,453,27.481,40,210,405,439,341
645,22148.297812657,22148.298562722,,4,GPU-127e16de-2b5f-dde9-1932-b4e29bb818c0,ok,0,0,453,23.864,34,210,405,439,341
646,22149.297812657,22149.2997318,,0,GPU-9b96eb67-aeee-89d5-aa85-fc650af4e25c,ok,0,0,453,26.511,35,210,405,439,341
646,22149.297812657,22149.29909278,,1,GPU-37ffc98b-8551-c8a1-5f3c-27ade9ae735a,ok,34,15,1646,229.075,67,1935,9501,15087,77539
646,22149.297812657,22149.29844138,,2,GPU-5443d59d-561f-ed1e-da42-1975937205f9,ok,0,0,453,27.296,37,210,405,537,341
646,22149.297812657,22149.29838427,,3,GPU-46bf67bb-cb31-bee1-3cf0-c35337ba97d2,ok,0,0,453,27.464,40,210,405,439,341
646,22149.297812657,22149.29853007,,4,GPU-127e16de-2b5f-dde9-1932-b4e29bb818c0,ok,0,0,453,23.982,34,210,405,390,341
647,22150.297812657,22150.298748738,,0,GPU-9b96eb67-aeee-89d5-aa85-fc650af4e25c,ok,0,0,453,26.598,35,210,405,439,292
647,22150.297812657,22150.298767008,,1,GPU-37ffc98b-8551-c8a1-5f3c-27ade9ae735a,ok,37,16,1646,226.735,67,1935,9501,15429,78564
647,22150.297812657,22150.298713338,,2,GPU-5443d59d-561f-ed1e-da42-1975937205f9,ok,0,0,453,27.525,37,210,405,488,341
647,22150.297812657,22150.298687148,,3,GPU-46bf67bb-cb31-bee1-3cf0-c35337ba97d2,ok,0,0,453,27.662,40,210,405,439,292
647,22150.297812657,22150.298547548,,4,GPU-127e16de-2b5f-dde9-1932-b4e29bb818c0,ok,0,0,453,23.996,34,210,405,439,341
648,22151.297812657,22151.298589616,,0,GPU-9b96eb67-aeee-89d5-aa85-fc650af4e25c,ok,0,0,453,26.506,36,210,405,439,292
648,22151.297812657,22151.298444136,,1,GPU-37ffc98b-8551-c8a1-5f3c-27ade9ae735a,ok,37,16,1646,228.441,67,1935,9501,14648,78222
648,22151.297812657,22151.298632566,,2,GPU-5443d59d-561f-ed1e-da42-1975937205f9,ok,0,0,453,27.468,37,210,405,537,292
648,22151.297812657,22151.298915886,,3,GPU-46bf67bb-cb31-bee1-3cf0-c35337ba97d2,ok,0,0,453,27.562,40,210,405,439,292
648,22151.297812657,22151.298660746,,4,GPU-127e16de-2b5f-dde9-1932-b4e29bb818c0,ok,0,0,453,23.913,34,210,405,439,341
649,22152.297812657,22152.298617824,,0,GPU-9b96eb67-aeee-89d5-aa85-fc650af4e25c,ok,0,0,453,26.512,35,210,405,439,341
649,22152.297812657,22152.298605354,,1,GPU-37ffc98b-8551-c8a1-5f3c-27ade9ae735a,ok,36,16,1646,226.554,67,1935,9501,14843,78515
649,22152.297812657,22152.299013484,,2,GPU-5443d59d-561f-ed1e-da42-1975937205f9,ok,0,0,453,27.525,37,210,405,537,292
649,22152.297812657,22152.299074924,,3,GPU-46bf67bb-cb31-bee1-3cf0-c35337ba97d2,ok,0,0,453,27.574,40,210,405,439,292
649,22152.297812657,22152.298371674,,4,GPU-127e16de-2b5f-dde9-1932-b4e29bb818c0,ok,0,0,453,23.896,34,210,405,439,292
650,22153.297812657,22153.298622162,,0,GPU-9b96eb67-aeee-89d5-aa85-fc650af4e25c,ok,0,0,453,26.575,35,210,405,439,341
650,22153.297812657,22153.298669322,,1,GPU-37ffc98b-8551-c8a1-5f3c-27ade9ae735a,ok,37,16,1646,224.25,67,1935,9501,15136,78369
650,22153.297812657,22153.298574692,,2,GPU-5443d59d-561f-ed1e-da42-1975937205f9,ok,0,0,453,27.658,37,210,405,488,292
650,22153.297812657,22153.298749552,,3,GPU-46bf67bb-cb31-bee1-3cf0-c35337ba97d2,ok,0,0,453,27.572,40,210,405,390,292
650,22153.297812657,22153.298790172,,4,GPU-127e16de-2b5f-dde9-1932-b4e29bb818c0,ok,0,0,453,23.839,34,210,405,439,292
651,22154.297812657,22154.29916807,,0,GPU-9b96eb67-aeee-89d5-aa85-fc650af4e25c,ok,0,0,453,26.403,35,210,405,439,292
651,22154.297812657,22154.29855943,,1,GPU-37ffc98b-8551-c8a1-5f3c-27ade9ae735a,ok,37,16,1646,224.43,67,1935,9501,14941,78173
651,22154.297812657,22154.29845459,,2,GPU-5443d59d-561f-ed1e-da42-1975937205f9,ok,0,0,453,27.546,37,210,405,537,292
651,22154.297812657,22154.29865382,,3,GPU-46bf67bb-cb31-bee1-3cf0-c35337ba97d2,ok,0,0,453,27.312,40,210,405,439,292
651,22154.297812657,22154.29862964,,4,GPU-127e16de-2b5f-dde9-1932-b4e29bb818c0,ok,0,0,453,23.784,34,210,405,390,341
652,22155.297812657,22155.298481518,,0,GPU-9b96eb67-aeee-89d5-aa85-fc650af4e25c,ok,0,0,453,26.454,36,210,405,439,292
652,22155.297812657,22155.298661998,,1,GPU-37ffc98b-8551-c8a1-5f3c-27ade9ae735a,ok,38,17,1646,225.366,67,1935,9501,13916,78173
652,22155.297812657,22155.298581278,,2,GPU-5443d59d-561f-ed1e-da42-1975937205f9,ok,0,0,453,27.534,37,210,405,537,292
652,22155.297812657,22155.298533568,,3,GPU-46bf67bb-cb31-bee1-3cf0-c35337ba97d2,ok,0,0,453,27.292,40,210,405,439,292
652,22155.297812657,22155.298706038,,4,GPU-127e16de-2b5f-dde9-1932-b4e29bb818c0,ok,0,0,453,23.872,34,210,405,439,341
653,22156.297812657,22156.299247626,,0,GPU-9b96eb67-aeee-89d5-aa85-fc650af4e25c,ok,0,0,453,26.489,36,210,405,439,292
653,22156.297812657,22156.299199386,,1,GPU-37ffc98b-8551-c8a1-5f3c-27ade9ae735a,ok,38,17,1646,224.899,67,1935,9501,15039,78076
653,22156.297812657,22156.298987816,,2,GPU-5443d59d-561f-ed1e-da42-1975937205f9,ok,0,0,453,27.478,37,210,405,537,341
653,22156.297812657,22156.299233036,,3,GPU-46bf67bb-cb31-bee1-3cf0-c35337ba97d2,ok,0,0,453,27.472,40,210,405,439,292
653,22156.297812657,22156.298234986,,4,GPU-127e16de-2b5f-dde9-1932-b4e29bb818c0,ok,0,0,453,23.696,34,210,405,439,341
654,22157.297812657,22157.298561474,,0,GPU-9b96eb67-aeee-89d5-aa85-fc650af4e25c,ok,0,0,453,26.477,36,210,405,390,341
654,22157.297812657,22157.298665084,,1,GPU-37ffc98b-8551-c8a1-5f3c-27ade9ae735a,ok,39,18,1646,225.663,67,1935,9501,15087,78125
654,22157.297812657,22157.298692224,,2,GPU-5443d59d-561f-ed1e-da42-1975937205f9,ok,0,0,453,27.496,37,210,405,537,341
654,22157.297812657,22157.299817584,,3,GPU-46bf67bb-cb31-bee1-3cf0-c35337ba97d2,ok,0,0,453,27.316,40,210,405,439,292
654,22157.297812657,22157.298505904,,4,GPU-127e16de-2b5f-dde9-1932-b4e29bb818c0,ok,0,0,453,23.472,34,210,405,439,341
655,22158.297812657,22158.298694922,,0,GPU-9b96eb67-aeee-89d5-aa85-fc650af4e25c,ok,0,0,453,26.652,35,210,405,390,292
655,22158.297812657,22158.298391282,,1,GPU-37ffc98b-8551-c8a1-5f3c-27ade9ae735a,ok,41,18,1646,228.189,67,1935,9501,14648,77832
655,22158.297812657,22158.298858692,,2,GPU-5443d59d-561f-ed1e-da42-1975937205f9,ok,0,0,453,27.702,37,210,405,488,292
655,22158.297812657,22158.298796092,,3,GPU-46bf67bb-cb31-bee1-3cf0-c35337ba97d2,ok,0,0,453,27.37,40,210,405,390,292
655,22158.297812657,22158.298655262,,4,GPU-127e16de-2b5f-dde9-1932-b4e29bb818c0,ok,0,0,453,23.638,34,210,405,439,341
656,22159.297812657,22159.29838204,,0,GPU-9b96eb67-aeee-89d5-aa85-fc650af4e25c,ok,0,0,453,26.572,35,210,405,390,292
656,22159.297812657,22159.29975027,,1,GPU-37ffc98b-8551-c8a1-5f3c-27ade9ae735a,ok,41,19,1646,228.467,67,1935,9501,15625,79003
656,22159.297812657,22159.29910015,,2,GPU-5443d59d-561f-ed1e-da42-1975937205f9,ok,0,0,453,27.633,37,210,405,488,292
656,22159.297812657,22159.2986187,,3,GPU-46bf67bb-cb31-bee1-3cf0-c35337ba97d2,ok,0,0,453,27.614,40,210,405,439,292
656,22159.297812657,22159.29854687,,4,GPU-127e16de-2b5f-dde9-1932-b4e29bb818c0,ok,0,0,453,23.759,34,210,405,439,292
657,22160.297812657,22160.300028929,,0,GPU-9b96eb67-aeee-89d5-aa85-fc650af4e25c,ok,0,0,453,26.511,35,210,405,439,292
657,22160.297812657,22160.298568708,,1,GPU-37ffc98b-8551-c8a1-5f3c-27ade9ae735a,ok,41,19,1646,227.62,67,1935,9501,14746,78759
657,22160.297812657,22160.298397868,,2,GPU-5443d59d-561f-ed1e-da42-1975937205f9,ok,0,0,453,27.567,37,210,405,537,292
657,22160.297812657,22160.298700268,,3,GPU-46bf67bb-cb31-bee1-3cf0-c35337ba97d2,ok,0,0,453,27.482,40,210,405,439,292
657,22160.297812657,22160.298602908,,4,GPU-127e16de-2b5f-dde9-1932-b4e29bb818c0,ok,0,0,453,23.767,34,210,405,439,292
658,22161.297812657,22161.298348956,,0,GPU-9b96eb67-aeee-89d5-aa85-fc650af4e25c,ok,0,0,453,26.563,36,210,405,439,341
658,22161.297812657,22161.299084176,,1,GPU-37ffc98b-8551-c8a1-5f3c-27ade9ae735a,ok,43,19,1646,227.372,68,1935,9501,14990,78710
658,22161.297812657,22161.300315437,,2,GPU-5443d59d-561f-ed1e-da42-1975937205f9,ok,0,0,453,27.697,37,210,405,537,292
658,22161.297812657,22161.298489926,,3,GPU-46bf67bb-cb31-bee1-3cf0-c35337ba97d2,ok,0,0,453,27.4,40,210,405,390,341
658,22161.297812657,22161.298444856,,4,GPU-127e16de-2b5f-dde9-1932-b4e29bb818c0,ok,0,0,453,23.861,34,210,405,439,292
659,22162.297812657,22162.298729314,,0,GPU-9b96eb67-aeee-89d5-aa85-fc650af4e25c,ok,0,0,453,26.466,36,210,405,439,292
659,22162.297812657,22162.298644424,,1,GPU-37ffc98b-8551-c8a1-5f3c-27ade9ae735a,ok,34,15,1646,227.226,67,1935,9501,14794,77392
659,22162.297812657,22162.298782644,,2,GPU-5443d59d-561f-ed1e-da42-1975937205f9,ok,0,0,453,27.606,37,210,405,537,341
659,22162.297812657,22162.298754654,,3,GPU-46bf67bb-cb31-bee1-3cf0-c35337ba97d2,ok,0,0,453,27.487,40,210,405,439,341
659,22162.297812657,22162.298687464,,4,GPU-127e16de-2b5f-dde9-1932-b4e29bb818c0,ok,0,0,453,23.864,34,210,405,390,341
660,22163.297812657,22163.298391502,,0,GPU-9b96eb67-aeee-89d5-aa85-fc650af4e25c,ok,0,0,453,26.526,35,210,405,439,292
660,22163.297812657,22163.299115042,,1,GPU-37ffc98b-8551-c8a1-5f3c-27ade9ae735a,ok,34,14,1646,223.625,67,1935,9501,15820,79101
660,22163.297812657,22163.298662602,,2,GPU-5443d59d-561f-ed1e-da42-1975937205f9,ok,0,0,453,27.616,37,210,405,537,292
660,22163.297812657,22163.298578352,,3,GPU-46bf67bb-cb31-bee1-3cf0-c35337ba97d2,ok,0,0,453,27.38,40,210,405,439,292
660,22163.297812657,22163.298626302,,4,GPU-127e16de-2b5f-dde9-1932-b4e29bb818c0,ok,0,0,453,23.902,34,210,405,439,292
661,22164.297812657,22164.299494411,,0,GPU-9b96eb67-aeee-89d5-aa85-fc650af4e25c,ok,0,0,453,26.611,35,210,405,439,292
661,22164.297812657,22164.29842813,,1,GPU-37ffc98b-8551-c8a1-5f3c-27ade9ae735a,ok,35,15,1646,223.45,67,1935,9501,13916,77539
661,22164.297812657,22164.2985858,,2,GPU-5443d59d-561f-ed1e-da42-1975937205f9,ok,0,0,453,27.642,37,210,405,488,292
661,22164.297812657,22164.299556741,,3,GPU-46bf67bb-cb31-bee1-3cf0-c35337ba97d2,ok,0,0,453,27.255,40,210,405,439,292
661,22164.297812657,22164.29846515,,4,GPU-127e16de-2b5f-dde9-1932-b4e29bb818c0,ok,0,0,453,23.932,34,210,405,439,292
662,22165.297812657,22165.298621928,,0,GPU-9b96eb67-aeee-89d5-aa85-fc650af4e25c,ok,0,0,453,26.372,35,210,405,439,341
662,22165.297812657,22165.298795988,,1,GPU-37ffc98b-8551-c8a1-5f3c-27ade9ae735a,ok,37,16,1646,226.105,67,1935,9501,15527,78222
662,22165.297812657,22165.298524088,,2,GPU-5443d59d-561f-ed1e-da42-1975937205f9,ok,0,0,453,27.4,37,210,405,488,292
662,22165.297812657,22165.298722288,,3,GPU-46bf67bb-cb31-bee1-3cf0-c35337ba97d2,ok,0,0,453,27.341,40,210,405,439,292
662,22165.297812657,22165.298763988,,4,GPU-127e16de-2b5f-dde9-1932-b4e29bb818c0,ok,0,0,453,23.786,34,210,405,439,292
663,22166.297812657,22166.299033316,,0,GPU-9b96eb67-aeee-89d5-aa85-fc650af4e25c,ok,0,0,453,26.445,36,210,405,439,292
663,22166.297812657,22166.299174506,,1,GPU-37ffc98b-8551-c8a1-5f3c-27ade9ae735a,ok,37,17,1646,226.533,67,1935,9501,15722,78173
663,22166.297812657,22166.298493066,,2,GPU-5443d59d-561f-ed1e-da42-1975937205f9,ok,0,0,453,27.386,37,210,405,488,341
663,22166.297812657,22166.298278076,,3,GPU-46bf67bb-cb31-bee1-3cf0-c35337ba97d2,ok,0,0,453,27.218,40,210,405,439,292
663,22166.297812657,22166.299108076,,4,GPU-127e16de-2b5f-dde9-1932-b4e29bb818c0,ok,0,0,453,23.818,34,210,405,439,341
664,22167.297812657,22167.298750734,,0,GPU-9b96eb67-aeee-89d5-aa85-fc650af4e25c,ok,0,0,453,26.686,36,210,405,439,292
664,22167.297812657,22167.298203754,,1,GPU-37ffc98b-8551-c8a1-5f3c-27ade9ae735a,ok,38,17,1646,229.286,67,1935,9501,14794,77880
664,22167.297812657,22167.298900614,,2,GPU-5443d59d-561f-ed1e-da42-1975937205f9,ok,0,0,453,27.588,37,210,405,537,341
664,22167.297812657,22167.298854274,,3,GPU-46bf67bb-cb31-bee1-3cf0-c35337ba97d2,ok,0,0,453,27.306,40,210,405,439,292
664,22167.297812657,22167.298826644,,4,GPU-127e16de-2b5f-dde9-1932-b4e29bb818c0,ok,0,0,453,23.76,34,210,405,439,341
665,22168.297812657,22168.299117833,,0,GPU-9b96eb67-aeee-89d5-aa85-fc650af4e25c,ok,0,0,453,26.442,36,210,405,439,341
665,22168.297812657,22168.298581922,,1,GPU-37ffc98b-8551-c8a1-5f3c-27ade9ae735a,ok,38,17,1646,228.393,67,1935,9501,14746,76562
665,22168.297812657,22168.298379972,,2,GPU-5443d59d-561f-ed1e-da42-1975937205f9,ok,0,0,453,27.537,37,210,405,537,341
665,22168.297812657,22168.298513402,,3,GPU-46bf67bb-cb31-bee1-3cf0-c35337ba97d2,ok,0,0,453,27.568,40,210,405,439,292
665,22168.297812657,22168.298622732,,4,GPU-127e16de-2b5f-dde9-1932-b4e29bb818c0,ok,0,0,453,23.753,34,210,405,439,341
666,22169.297812657,22169.299055251,,0,GPU-9b96eb67-aeee-89d5-aa85-fc650af4e25c,ok,0,0,453,26.37,35,210,405,439,292
666,22169.297812657,22169.29854873,,1,GPU-37ffc98b-8551-c8a1-5f3c-27ade9ae735a,ok,38,17,1646,227.798,67,1935,9501,14794,79248
666,22169.297812657,22169.29833046,,2,GPU-5443d59d-561f-ed1e-da42-1975937205f9,ok,0,0,453,27.417,37,210,405,488,341
666,22169.297812657,22169.29864086,,3,GPU-46bf67bb-cb31-bee1-3cf0-c35337ba97d2,ok,0,0,453,27.346,40,210,405,439,341
666,22169.297812657,22169.29859901,,4,GPU-127e16de-2b5f-dde9-1932-b4e29bb818c0,ok,0,0,453,23.93,34,210,405,390,292
667,22170.297812657,22170.298632198,,0,GPU-9b96eb67-aeee-89d5-aa85-fc650af4e25c,ok,0,0,453,26.62,35,210,405,439,292
667,22170.297812657,22170.298605438,,1,GPU-37ffc98b-8551-c8a1-5f3c-27ade9ae735a,ok,38,18,1646,226.072,67,1935,9501,14746,78515
667,22170.297812657,22170.298707128,,2,GPU-5443d59d-561f-ed1e-da42-1975937205f9,ok,0,0,453,27.428,37,210,405,537,292
667,22170.297812657,22170.298531798,,3,GPU-46bf67bb-cb31-bee1-3cf0-c35337ba97d2,ok,0,0,453,27.27,40,210,405,439,341
667,22170.297812657,22170.298732808,,4,GPU-127e16de-2b5f-dde9-1932-b4e29bb818c0,ok,0,0,453,23.834,34,210,405,439,292
668,22171.297812657,22171.298779486,,0,GPU-9b96eb67-aeee-89d5-aa85-fc650af4e25c,ok,0,0,453,26.561,35,210,405,439,292
668,22171.297812657,22171.298590206,,1,GPU-37ffc98b-8551-c8a1-5f3c-27ade9ae735a,ok,39,18,1646,225.944,67,1935,9501,14648,78271
668,22171.297812657,22171.298750996,,2,GPU-5443d59d-561f-ed1e-da42-1975937205f9,ok,0,0,453,27.292,37,210,405,537,292
668,22171.297812657,22171.298641996,,3,GPU-46bf67bb-cb31-bee1-3cf0-c35337ba97d2,ok,0,0,453,27.372,40,210,405,439,341
668,22171.297812657,22171.298675466,,4,GPU-127e16de-2b5f-dde9-1932-b4e29bb818c0,ok,0,0,453,23.606,34,210,405,390,292
669,22172.297812657,22172.300122315,,0,GPU-9b96eb67-aeee-89d5-aa85-fc650af4e25c,ok,0,0,453,26.503,35,210,405,439,341
669,22172.297812657,22172.298454754,,1,GPU-37ffc98b-8551-c8a1-5f3c-27ade9ae735a,ok,41,18,1646,227.067,68,1935,9501,14697,77880
669,22172.297812657,22172.298540344,,2,GPU-5443d59d-561f-ed1e-da42-1975937205f9,ok,0,0,453,27.255,37,210,405,488,292
669,22172.297812657,22172.298841205,,3,GPU-46bf67bb-cb31-bee1-3cf0-c35337ba97d2,ok,0,0,453,27.204,40,210,405,390,341
669,22172.297812657,22172.298583534,,4,GPU-127e16de-2b5f-dde9-1932-b4e29bb818c0,ok,0,0,453,23.693,34,210,405,439,292
670,22173.297812657,22173.298463292,,0,GPU-9b96eb67-aeee-89d5-aa85-fc650af4e25c,ok,0,0,453,26.555,35,210,405,439,292
670,22173.297812657,22173.299728983,,1,GPU-37ffc98b-8551-c8a1-5f3c-27ade9ae735a,ok,42,19,1646,227.055,68,1935,9501,15625,78369
670,22173.297812657,22173.299120273,,2,GPU-5443d59d-561f-ed1e-da42-1975937205f9,ok,0,0,453,27.354,37,210,405,537,292
670,22173.297812657,22173.299159473,,3,GPU-46bf67bb-cb31-bee1-3cf0-c35337ba97d2,ok,0,0,453,27.255,40,210,405,439,292
670,22173.297812657,22173.298345052,,4,GPU-127e16de-2b5f-dde9-1932-b4e29bb818c0,ok,0,0,453,23.926,34,210,405,439,292
671,22174.297812657,22174.299160291,,0,GPU-9b96eb67-aeee-89d5-aa85-fc650af4e25c,ok,0,0,453,26.45,35,210,405,439,292
671,22174.297812657,22174.299117591,,1,GPU-37ffc98b-8551-c8a1-5f3c-27ade9ae735a,ok,42,20,1646,228.895,68,1935,9501,15234,78515
671,22174.297812657,22174.29852325,,2,GPU-5443d59d-561f-ed1e-da42-1975937205f9,ok,0,0,453,27.253,37,210,405,537,292
671,22174.297812657,22174.29831424,,3,GPU-46bf67bb-cb31-bee1-3cf0-c35337ba97d2,ok,0,0,453,27.45,40,210,405,439,292
671,22174.297812657,22174.299201101,,4,GPU-127e16de-2b5f-dde9-1932-b4e29bb818c0,ok,0,0,453,23.845,34,210,405,439,292
672,22175.297812657,22175.298649349,,0,GPU-9b96eb67-aeee-89d5-aa85-fc650af4e25c,ok,0,0,453,26.535,35,210,405,390,341
672,22175.297812657,22175.298523688,,1,GPU-37ffc98b-8551-c8a1-5f3c-27ade9ae735a,ok,34,15,1646,228.685,67,1935,9501,14599,77978
672,22175.297812657,22175.298448478,,2,GPU-5443d59d-561f-ed1e-da42-1975937205f9,ok,0,0,453,27.238,37,210,405,537,292
672,22175.297812657,22175.298697619,,3,GPU-46bf67bb-cb31-bee1-3cf0-c35337ba97d2,ok,0,0,453,27.407,40,210,405,390,292
672,22175.297812657,22175.298721829,,4,GPU-127e16de-2b5f-dde9-1932-b4e29bb818c0,ok,0,0,453,23.837,34,210,405,439,292
673,22176.297812657,22176.298449196,,0,GPU-9b96eb67-aeee-89d5-aa85-fc650af4e25c,ok,0,0,453,26.645,35,210,405,439,292
673,22176.297812657,22176.298474166,,1,GPU-37ffc98b-8551-c8a1-5f3c-27ade9ae735a,ok,34,15,1646,225.03,67,1935,9501,15087,77685
673,22176.297812657,22176.298421976,,2,GPU-5443d59d-561f-ed1e-da42-1975937205f9,ok,0,0,453,27.4,37,210,405,488,292
673,22176.297812657,22176.300087527,,3,GPU-46bf67bb-cb31-bee1-3cf0-c35337ba97d2,ok,0,0,453,27.473,40,210,405,439,292
673,22176.297812657,22176.300154277,,4,GPU-127e16de-2b5f-dde9-1932-b4e29bb818c0,ok,0,0,453,24.007,34,210,405,439,292
674,22177.297812657,22177.298268054,,0,GPU-9b96eb67-aeee-89d5-aa85-fc650af4e25c,ok,0,0,453,26.506,35,210,405,390,292
674,22177.297812657,22177.298508205,,1,GPU-37ffc98b-8551-c8a1-5f3c-27ade9ae735a,ok,36,16,1646,224.153,67,1935,9501,14697,78564
674,22177.297812657,22177.299096235,,2,GPU-5443d59d-561f-ed1e-da42-1975937205f9,ok,0,0,453,27.338,37,210,405,537,292
674,22177.297812657,22177.299140605,,3,GPU-46bf67bb-cb31-bee1-3cf0-c35337ba97d2,ok,0,0,453,27.531,40,210,405,439,292
674,22177.297812657,22177.299168985,,4,GPU-127e16de-2b5f-dde9-1932-b4e29bb818c0,ok,0,0,453,24.016,34,210,405,439,341
675,22178.297812657,22178.298553353,,0,GPU-9b96eb67-aeee-89d5-aa85-fc650af4e25c,ok,0,0,453,26.559,35,210,405,439,292
675,22178.297812657,22178.298587533,,1,GPU-37ffc98b-8551-c8a1-5f3c-27ade9ae735a,ok,37,16,1646,225.671,67,1935,9501,15087,77343
675,22178.297812657,22178.298364173,,2,GPU-5443d59d-561f-ed1e-da42-1975937205f9,ok,0,0,453,27.276,37,210,405,537,292
675,22178.297812657,22178.299021673,,3,GPU-46bf67bb-cb31-bee1-3cf0-c35337ba97d2,ok,0,0,453,27.33,40,210,405,390,292
675,22178.297812657,22178.299059993,,4,GPU-127e16de-2b5f-dde9-1932-b4e29bb818c0,ok,0,0,453,24.014,34,210,405,390,292
676,22179.297812657,22179.299211661,,0,GPU-9b96eb67-aeee-89d5-aa85-fc650af4e25c,ok,0,0,453,26.704,35,210,405,439,292
676,22179.297812657,22179.298643831,,1,GPU-37ffc98b-8551-c8a1-5f3c-27ade9ae735a,ok,37,16,1646,225.272,67,1935,9501,14843,79003
676,22179.297812657,22179.299160381,,2,GPU-5443d59d-561f-ed1e-da42-1975937205f9,ok,0,0,453,27.447,37,210,405,537,292
676,22179.297812657,22179.298431551,,3,GPU-46bf67bb-cb31-bee1-3cf0-c35337ba97d2,ok,0,0,453,27.322,40,210,405,439,341
676,22179.297812657,22179.298655931,,4,GPU-127e16de-2b5f-dde9-1932-b4e29bb818c0,ok,0,0,453,24.081,34,210,405,439,292
677,22180.297812657,22180.298678789,,0,GPU-9b96eb67-aeee-89d5-aa85-fc650af4e25c,ok,0,0,453,26.491,35,210,405,439,341
677,22180.297812657,22180.298647459,,1,GPU-37ffc98b-8551-c8a1-5f3c-27ade9ae735a,ok,37,16,1646,224.886,67,1935,9501,15185,64306
677,22180.297812657,22180.298625759,,2,GPU-5443d59d-561f-ed1e-da42-1975937205f9,ok,0,0,453,27.391,37,210,405,537,292
677,22180.297812657,22180.298377989,,3,GPU-46bf67bb-cb31-bee1-3cf0-c35337ba97d2,ok,0,0,453,27.424,40,210,405,439,341
677,22180.297812657,22180.299086139,,4,GPU-127e16de-2b5f-dde9-1932-b4e29bb818c0,ok,0,0,453,24.234,34,210,405,439,292
678,22181.297812657,22181.298401777,,0,GPU-9b96eb67-aeee-89d5-aa85-fc650af4e25c,ok,0,0,453,26.503,36,210,405,439,292
678,22181.297812657,22181.298660017,,1,GPU-37ffc98b-8551-c8a1-5f3c-27ade9ae735a,ok,38,17,1646,225.528,67,1935,9501,15136,78515
678,22181.297812657,22181.298724967,,2,GPU-5443d59d-561f-ed1e-da42-1975937205f9,ok,0,0,453,27.359,37,210,405,488,292
678,22181.297812657,22181.298703917,,3,GPU-46bf67bb-cb31-bee1-3cf0-c35337ba97d2,ok,0,0,453,27.264,40,210,405,439,341
678,22181.297812657,22181.298516757,,4,GPU-127e16de-2b5f-dde9-1932-b4e29bb818c0,ok,0,0,453,24.203,34,210,405,439,292
679,22182.297812657,22182.298581615,,0,GPU-9b96eb67-aeee-89d5-aa85-fc650af4e25c,ok,0,0,453,26.705,35,210,405,439,292
679,22182.297812657,22182.298545685,,1,GPU-37ffc98b-8551-c8a1-5f3c-27ade9ae735a,ok,41,18,1646,229.33,68,1935,9501,15234,79248
679,22182.297812657,22182.298377655,,2,GPU-5443d59d-561f-ed1e-da42-1975937205f9,ok,0,0,453,27.412,37,210,405,488,292
679,22182.297812657,22182.299657925,,3,GPU-46bf67bb-cb31-bee1-3cf0-c35337ba97d2,ok,0,0,453,27.402,40,210,405,439,292
679,22182.297812657,22182.298302875,,4,GPU-127e16de-2b5f-dde9-1932-b4e29bb818c0,ok,0,0,453,24.097,34,210,405,439,292
680,22183.297812657,22183.298588753,,0,GPU-9b96eb67-aeee-89d5-aa85-fc650af4e25c,ok,0,0,453,26.541,35,210,405,439,292
680,22183.297812657,22183.298723583,,1,GPU-37ffc98b-8551-c8a1-5f3c-27ade9ae735a,ok,39,17,1646,222.752,67,1920,9501,14990,77734
680,22183.297812657,22183.298734733,,2,GPU-5443d59d-561f-ed1e-da42-1975937205f9,ok,0,0,453,27.277,37,210,405,537,341
680,22183.297812657,22183.298680023,,3,GPU-46bf67bb-cb31-bee1-3cf0-c35337ba97d2,ok,0,0,453,27.662,40,210,405,439,292
680,22183.297812657,22183.298550353,,4,GPU-127e16de-2b5f-dde9-1932-b4e29bb818c0,ok,0,0,453,24.021,34,210,405,439,292
681,22184.297812657,22184.300628141,,0,GPU-9b96eb67-aeee-89d5-aa85-fc650af4e25c,ok,0,0,453,26.539,35,210,405,390,341
681,22184.297812657,22184.298485631,,1,GPU-37ffc98b-8551-c8a1-5f3c-27ade9ae735a,ok,42,19,1646,226.956,67,1935,9501,14892,78759
681,22184.297812657,22184.298574621,,2,GPU-5443d59d-561f-ed1e-da42-1975937205f9,ok,0,0,453,27.275,37,210,405,537,292
681,22184.297812657,22184.298390221,,3,GPU-46bf67bb-cb31-bee1-3cf0-c35337ba97d2,ok,0,0,453,27.535,40,210,405,390,292
681,22184.297812657,22184.298594781,,4,GPU-127e16de-2b5f-dde9-1932-b4e29bb818c0,ok,0,0,453,23.951,34,210,405,439,292
682,22185.297812657,22185.298589409,,0,GPU-9b96eb67-aeee-89d5-aa85-fc650af4e25c,ok,0,0,453,26.783,35,210,405,390,341
682,22185.297812657,22185.298625299,,1,GPU-37ffc98b-8551-c8a1-5f3c-27ade9ae735a,ok,41,19,1646,228.023,68,1935,9501,15185,79785
682,22185.297812657,22185.299140939,,2,GPU-5443d59d-561f-ed1e-da42-1975937205f9,ok,0,0,453,27.303,37,210,405,488,292
682,22185.297812657,22185.298440239,,3,GPU-46bf67bb-cb31-bee1-3cf0-c35337ba97d2,ok,0,0,453,27.585,40,210,405,439,292
682,22185.297812657,22185.298660119,,4,GPU-127e16de-2b5f-dde9-1932-b4e29bb818c0,ok,0,0,453,23.814,34,210,405,439,341
683,22186.297812657,22186.299225257,,0,GPU-9b96eb67-aeee-89d5-aa85-fc650af4e25c,ok,0,0,453,26.714,35,210,405,439,292
683,22186.297812657,22186.299257127,,1,GPU-37ffc98b-8551-c8a1-5f3c-27ade9ae735a,ok,47,22,1646,231.915,68,1935,9501,15771,79199
683,22186.297812657,22186.299085997,,2,GPU-5443d59d-561f-ed1e-da42-1975937205f9,ok,0,0,453,27.195,37,210,405,488,292
683,22186.297812657,22186.299197977,,3,GPU-46bf67bb-cb31-bee1-3cf0-c35337ba97d2,ok,0,0,453,27.613,40,210,405,439,341
683,22186.297812657,22186.298234067,,4,GPU-127e16de-2b5f-dde9-1932-b4e29bb818c0,ok,0,0,453,23.862,34,210,405,439,341
684,22187.297812657,22187.299424125,,0,GPU-9b96eb67-aeee-89d5-aa85-fc650af4e25c,ok,0,0,453,26.646,35,210,405,439,292
684,22187.297812657,22187.298384655,,1,GPU-37ffc98b-8551-c8a1-5f3c-27ade9ae735a,ok,41,19,1646,229.607,67,1935,9501,14941,78222
684,22187.297812657,22187.298471745,,2,GPU-5443d59d-561f-ed1e-da42-1975937205f9,ok,0,0,453,27.244,37,210,405,537,292
684,22187.297812657,22187.298662565,,3,GPU-46bf67bb-cb31-bee1-3cf0-c35337ba97d2,ok,0,0,453,27.565,40,210,405,390,292
684,22187.297812657,22187.298647565,,4,GPU-127e16de-2b5f-dde9-1932-b4e29bb818c0,ok,0,0,453,24.232,34,210,405,390,341
685,22188.297812657,22188.298804013,,0,GPU-9b96eb67-aeee-89d5-aa85-fc650af4e25c,ok,0,0,453,26.788,35,210,405,439,292
685,22188.297812657,22188.298604603,,1,GPU-37ffc98b-8551-c8a1-5f3c-27ade9ae735a,ok,34,15,1646,228.473,67,1935,9501,14892,77978
685,22188.297812657,22188.298764413,,2,GPU-5443d59d-561f-ed1e-da42-1975937205f9,ok,0,0,453,27.32,37,210,405,537,292
685,22188.297812657,22188.298704413,,3,GPU-46bf67bb-cb31-bee1-3cf0-c35337ba97d2,ok,0,0,453,27.684,40,210,405,390,292
685,22188.297812657,22188.298661633,,4,GPU-127e16de-2b5f-dde9-1932-b4e29bb818c0,ok,0,0,453,24.314,34,210,405,439,292
686,22189.297812657,22189.298620041,,0,GPU-9b96eb67-aeee-89d5-aa85-fc650af4e25c,ok,0,0,453,26.71,35,210,405,439,341
686,22189.297812657,22189.298807251,,1,GPU-37ffc98b-8551-c8a1-5f3c-27ade9ae735a,ok,38,17,1646,227.826,67,1935,9501,16113,79589
686,22189.297812657,22189.298779141,,2,GPU-5443d59d-561f-ed1e-da42-1975937205f9,ok,0,0,453,27.213,37,210,405,488,292
686,22189.297812657,22189.298696231,,3,GPU-46bf67bb-cb31-bee1-3cf0-c35337ba97d2,ok,0,0,453,27.527,40,210,405,439,292
686,22189.297812657,22189.298731341,,4,GPU-127e16de-2b5f-dde9-1932-b4e29bb818c0,ok,0,0,453,24.348,34,210,405,439,292
687,22190.297812657,22190.298544779,,0,GPU-9b96eb67-aeee-89d5-aa85-fc650af4e25c,ok,0,0,453,26.731,35,210,405,439,292
687,22190.297812657,22190.300290799,,1,GPU-37ffc98b-8551-c8a1-5f3c-27ade9ae735a,ok,37,16,1646,229.628,67,1935,9501,15917,79980
687,22190.297812657,22190.299028609,,2,GPU-5443d59d-561f-ed1e-da42-1975937205f9,ok,0,0,453,27.293,37,210,405,537,341
687,22190.297812657,22190.298509059,,3,GPU-46bf67bb-cb31-bee1-3cf0-c35337ba97d2,ok,0,0,453,27.565,40,210,405,439,341
687,22190.297812657,22190.298312169,,4,GPU-127e16de-2b5f-dde9-1932-b4e29bb818c0,ok,0,0,453,24.186,34,210,405,390,292
688,22191.297812657,22191.298482777,,0,GPU-9b96eb67-aeee-89d5-aa85-fc650af4e25c,ok,0,0,453,26.907,35,210,405,439,292
688,22191.297812657,22191.298597117,,1,GPU-37ffc98b-8551-c8a1-5f3c-27ade9ae735a,ok,37,16,1646,226.479,67,1935,9501,15185,80322
688,22191.297812657,22191.298648277,,2,GPU-5443d59d-561f-ed1e-da42-1975937205f9,ok,0,0,453,27.501,37,210,405,488,292
688,22191.297812657,22191.298633637,,3,GPU-46bf67bb-cb31-bee1-3cf0-c35337ba97d2,ok,0,0,453,27.743,40,210,405,439,341
688,22191.297812657,22191.299097287,,4,GPU-127e16de-2b5f-dde9-1932-b4e29bb818c0,ok,0,0,453,23.985,34,210,405,390,292
689,22192.297812657,22192.298720765,,0,GPU-9b96eb67-aeee-89d5-aa85-fc650af4e25c,ok,0,0,453,26.675,35,210,405,439,341
689,22192.297812657,22192.298606955,,1,GPU-37ffc98b-8551-c8a1-5f3c-27ade9ae735a,ok,38,17,1646,225.35,67,1935,9501,11621,79394
689,22192.297812657,22192.298494785,,2,GPU-5443d59d-561f-ed1e-da42-1975937205f9,ok,0,0,453,27.473,37,210,405,537,292
689,22192.297812657,22192.298632145,,3,GPU-46bf67bb-cb31-bee1-3cf0-c35337ba97d2,ok,0,0,453,27.512,40,210,405,439,341
689,22192.297812657,22192.298677085,,4,GPU-127e16de-2b5f-dde9-1932-b4e29bb818c0,ok,0,0,453,24.086,34,210,405,390,292
690,22193.297812657,22193.298882633,,0,GPU-9b96eb67-aeee-89d5-aa85-fc650af4e25c,ok,0,0,453,26.603,35,210,405,439,292
690,22193.297812657,22193.298401143,,1,GPU-37ffc98b-8551-c8a1-5f3c-27ade9ae735a,ok,39,18,1646,227.315,67,1935,9501,14746,78613
690,22193.297812657,22193.298555103,,2,GPU-5443d59d-561f-ed1e-da42-1975937205f9,ok,0,0,453,27.405,37,210,405,537,292
690,22193.297812657,22193.298843463,,3,GPU-46bf67bb-cb31-bee1-3cf0-c35337ba97d2,ok,0,0,453,27.479,40,210,405,390,292
690,22193.297812657,22193.298534673,,4,GPU-127e16de-2b5f-dde9-1932-b4e29bb818c0,ok,0,0,453,24.081,34,210,405,439,292
691,22194.297812657,22194.298739991,,0,GPU-9b96eb67-aeee-89d5-aa85-fc650af4e25c,ok,0,0,453,26.673,35,210,405,439,292
691,22194.297812657,22194.298617541,,1,GPU-37ffc98b-8551-c8a1-5f3c-27ade9ae735a,ok,39,18,1646,226.792,67,1935,9501,14941,79345
691,22194.297812657,22194.298579271,,2,GPU-5443d59d-561f-ed1e-da42-1975937205f9,ok,0,0,453,27.412,37,210,405,537,292
691,22194.297812657,22194.298759501,,3,GPU-46bf67bb-cb31-bee1-3cf0-c35337ba97d2,ok,0,0,453,27.598,40,210,405,439,292
691,22194.297812657,22194.298682521,,4,GPU-127e16de-2b5f-dde9-1932-b4e29bb818c0,ok,0,0,453,24.079,34,210,405,439,292
692,22195.297812657,22195.298877119,,0,GPU-9b96eb67-aeee-89d5-aa85-fc650af4e25c,ok,0,0,453,26.679,35,210,405,439,341
692,22195.297812657,22195.298193809,,1,GPU-37ffc98b-8551-c8a1-5f3c-27ade9ae735a,ok,39,18,1646,225.224,67,1935,9501,14892,78808
692,22195.297812657,22195.298840479,,2,GPU-5443d59d-561f-ed1e-da42-1975937205f9,ok,0,0,453,27.471,37,210,405,537,292
692,22195.297812657,22195.298803669,,3,GPU-46bf67bb-cb31-bee1-3cf0-c35337ba97d2,ok,0,0,453,27.308,40,210,405,439,292
692,22195.297812657,22195.298903869,,4,GPU-127e16de-2b5f-dde9-1932-b4e29bb818c0,ok,0,0,453,24.107,34,210,405,439,341
693,22196.297812657,22196.299134557,,0,GPU-9b96eb67-aeee-89d5-aa85-fc650af4e25c,ok,0,0,453,26.818,35,210,405,439,292
693,22196.297812657,22196.298565957,,1,GPU-37ffc98b-8551-c8a1-5f3c-27ade9ae735a,ok,42,19,1646,227.181,67,1935,9501,15234,79736
693,22196.297812657,22196.298364247,,2,GPU-5443d59d-561f-ed1e-da42-1975937205f9,ok,0,0,453,27.513,37,210,405,537,292
693,22196.297812657,22196.299161007,,3,GPU-46bf67bb-cb31-bee1-3cf0-c35337ba97d2,ok,0,0,453,27.283,40,210,405,439,292
693,22196.297812657,22196.298538967,,4,GPU-127e16de-2b5f-dde9-1932-b4e29bb818c0,ok,0,0,453,24.048,34,210,405,439,341
694,22197.297812657,22197.298721305,,0,GPU-9b96eb67-aeee-89d5-aa85-fc650af4e25c,ok,0,0,453,26.84,35,210,405,439,292
694,22197.297812657,22197.298641865,,1,GPU-37ffc98b-8551-c8a1-5f3c-27ade9ae735a,ok,45,21,1646,231.653,68,1935,9501,15380,79296
694,22197.297812657,22197.298745315,,2,GPU-5443d59d-561f-ed1e-da42-1975937205f9,ok,0,0,453,27.364,37,210,405,537,292
694,22197.297812657,22197.298595275,,3,GPU-46bf67bb-cb31-bee1-3cf0-c35337ba97d2,ok,0,0,453,27.589,40,210,405,439,341
694,22197.297812657,22197.298557545,,4,GPU-127e16de-2b5f-dde9-1932-b4e29bb818c0,ok,0,0,453,23.973,34,210,405,439,341
695,22198.297812657,22198.298796913,,0,GPU-9b96eb67-aeee-89d5-aa85-fc650af4e25c,ok,0,0,453,26.883,35,210,405,439,341
695,22198.297812657,22198.298765323,,1,GPU-37ffc98b-8551-c8a1-5f3c-27ade9ae735a,ok,37,16,1646,229.083,67,1935,9501,15380,79638
695,22198.297812657,22198.300882304,,2,GPU-5443d59d-561f-ed1e-da42-1975937205f9,ok,0,0,453,27.354,37,210,405,537,341
695,22198.297812657,22198.298679343,,3,GPU-46bf67bb-cb31-bee1-3cf0-c35337ba97d2,ok,0,0,453,27.517,40,210,405,390,341
695,22198.297812657,22198.298576363,,4,GPU-127e16de-2b5f-dde9-1932-b4e29bb818c0,ok,0,0,453,23.899,34,210,405,390,341
696,22199.297812657,22199.298615591,,0,GPU-9b96eb67-aeee-89d5-aa85-fc650af4e25c,ok,0,0,453,26.848,35,210,405,439,292
696,22199.297812657,22199.298735641,,1,GPU-37ffc98b-8551-c8a1-5f3c-27ade9ae735a,ok,35,15,1646,227.708,67,1935,9501,15820,79736
696,22199.297812657,22199.298577651,,2,GPU-5443d59d-561f-ed1e-da42-1975937205f9,ok,0,0,453,27.532,37,210,405,537,341
696,22199.297812657,22199.298668661,,3,GPU-46bf67bb-cb31-bee1-3cf0-c35337ba97d2,ok,0,0,453,27.602,40,210,405,439,341
696,22199.297812657,22199.298480621,,4,GPU-127e16de-2b5f-dde9-1932-b4e29bb818c0,ok,0,0,453,23.884,34,210,405,439,341
697,22200.297812657,22200.299168449,,0,GPU-9b96eb67-aeee-89d5-aa85-fc650af4e25c,ok,0,0,453,26.694,35,210,405,439,292
697,22200.297812657,22200.299118589,,1,GPU-37ffc98b-8551-c8a1-5f3c-27ade9ae735a,ok,0,0,1646,205.377,65,1935,9501,390,292
697,22200.297812657,22200.298471389,,2,GPU-5443d59d-561f-ed1e-da42-1975937205f9,ok,0,0,453,27.59,37,210,405,537,292
697,22200.297812657,22200.299081969,,3,GPU-46bf67bb-cb31-bee1-3cf0-c35337ba97d2,ok,0,0,453,27.659,40,210,405,439,341
697,22200.297812657,22200.298277339,,4,GPU-127e16de-2b5f-dde9-1932-b4e29bb818c0,ok,0,0,453,23.845,34,210,405,390,341
698,22201.297812657,22201.298238317,,0,GPU-9b96eb67-aeee-89d5-aa85-fc650af4e25c,ok,0,0,453,26.721,35,210,405,488,341
698,22201.297812657,22201.298280197,,1,GPU-37ffc98b-8551-c8a1-5f3c-27ade9ae735a,ok,0,0,1646,154.517,64,1935,9501,488,292
698,22201.297812657,22201.298269877,,2,GPU-5443d59d-561f-ed1e-da42-1975937205f9,ok,0,0,453,27.64,37,210,405,537,292
698,22201.297812657,22201.298361707,,3,GPU-46bf67bb-cb31-bee1-3cf0-c35337ba97d2,ok,0,0,453,26.761,40,210,405,488,292
698,22201.297812657,22201.298348187,,4,GPU-127e16de-2b5f-dde9-1932-b4e29bb818c0,ok,0,0,453,23.708,34,210,405,439,341
699,22202.297812657,22202.298495705,,0,GPU-9b96eb67-aeee-89d5-aa85-fc650af4e25c,ok,0,0,450,33.457,36,210,405,439,292
699,22202.297812657,22202.298468145,,1,GPU-37ffc98b-8551-c8a1-5f3c-27ade9ae735a,ok,0,0,450,132.32,62,1710,9751,439,292
699,22202.297812657,22202.298567965,,2,GPU-5443d59d-561f-ed1e-da42-1975937205f9,ok,0,0,450,32.399,37,210,405,537,341
699,22202.297812657,22202.298344595,,3,GPU-46bf67bb-cb31-bee1-3cf0-c35337ba97d2,ok,0,0,450,34.579,41,210,405,488,341
699,22202.297812657,22202.299962636,,4,GPU-127e16de-2b5f-dde9-1932-b4e29bb818c0,ok,0,0,450,28.969,35,210,405,439,292
700,22203.297812657,22203.301889864,,0,GPU-9b96eb67-aeee-89d5-aa85-fc650af4e25c,ok,0,0,453,38.254,36,210,405,439,390
700,22203.297812657,22203.301963644,,1,GPU-37ffc98b-8551-c8a1-5f3c-27ade9ae735a,ok,0,0,453,115.925,62,1710,9751,488,390
700,22203.297812657,22203.301724704,,2,GPU-5443d59d-561f-ed1e-da42-1975937205f9,ok,0,0,453,35.815,37,210,405,488,390
700,22203.297812657,22203.302001234,,3,GPU-46bf67bb-cb31-bee1-3cf0-c35337ba97d2,ok,0,0,450,41.333,41,210,405,15136,8349
700,22203.297812657,22203.301913554,,4,GPU-127e16de-2b5f-dde9-1932-b4e29bb818c0,ok,0,0,450,33.566,35,210,405,439,390
701,22204.297812657,22204.298591891,,0,GPU-9b96eb67-aeee-89d5-aa85-fc650af4e25c,ok,0,0,453,34.771,36,210,405,439,341
701,22204.297812657,22204.298695091,,1,GPU-37ffc98b-8551-c8a1-5f3c-27ade9ae735a,ok,100,36,1514,144.745,68,1485,9501,6298,9423
701,22204.297812657,22204.298749531,,2,GPU-5443d59d-561f-ed1e-da42-1975937205f9,ok,0,0,453,32.818,37,210,405,537,292
701,22204.297812657,22204.298391521,,3,GPU-46bf67bb-cb31-bee1-3cf0-c35337ba97d2,ok,0,0,453,33.485,41,210,405,390,292
701,22204.297812657,22204.298735431,,4,GPU-127e16de-2b5f-dde9-1932-b4e29bb818c0,ok,0,0,453,27.73,35,210,405,439,292
702,22205.297812657,22205.298500799,,0,GPU-9b96eb67-aeee-89d5-aa85-fc650af4e25c,ok,0,0,453,38.253,36,210,405,439,341
702,22205.297812657,22205.30046728,,1,GPU-37ffc98b-8551-c8a1-5f3c-27ade9ae735a,ok,100,25,1514,349.333,72,1500,9501,5810,11279
702,22205.297812657,22205.298593339,,2,GPU-5443d59d-561f-ed1e-da42-1975937205f9,ok,0,0,453,35.711,37,210,405,537,292
702,22205.297812657,22205.298698309,,3,GPU-46bf67bb-cb31-bee1-3cf0-c35337ba97d2,ok,0,0,453,41.265,41,210,405,439,292
702,22205.297812657,22205.298546039,,4,GPU-127e16de-2b5f-dde9-1932-b4e29bb818c0,ok,0,0,453,33.61,35,210,405,390,292
703,22206.297812657,22206.298327587,,0,GPU-9b96eb67-aeee-89d5-aa85-fc650af4e25c,ok,0,0,453,28.359,36,210,405,390,292
703,22206.297812657,22206.298494627,,1,GPU-37ffc98b-8551-c8a1-5f3c-27ade9ae735a,ok,100,25,1514,349.592,73,1500,9501,5273,11816
703,22206.297812657,22206.299090287,,2,GPU-5443d59d-561f-ed1e-da42-1975937205f9,ok,0,0,453,28.544,37,210,405,537,341
703,22206.297812657,22206.298546257,,3,GPU-46bf67bb-cb31-bee1-3cf0-c35337ba97d2,ok,0,0,453,28.027,41,210,405,439,341
703,22206.297812657,22206.299134127,,4,GPU-127e16de-2b5f-dde9-1932-b4e29bb818c0,ok,0,0,453,25.081,35,210,405,439,292
704,22207.297812657,22207.298672685,,0,GPU-9b96eb67-aeee-89d5-aa85-fc650af4e25c,ok,0,0,453,26.993,35,210,405,439,292
704,22207.297812657,22207.299786996,,1,GPU-37ffc98b-8551-c8a1-5f3c-27ade9ae735a,ok,100,24,1514,349.844,74,1500,9501,4296,14062
704,22207.297812657,22207.298608925,,2,GPU-5443d59d-561f-ed1e-da42-1975937205f9,ok,0,0,453,27.711,37,210,405,488,341
704,22207.297812657,22207.298540815,,3,GPU-46bf67bb-cb31-bee1-3cf0-c35337ba97d2,ok,0,0,453,26.591,40,210,405,390,341
704,22207.297812657,22207.298467725,,4,GPU-127e16de-2b5f-dde9-1932-b4e29bb818c0,ok,0,0,453,24.037,34,210,405,390,292
705,22208.297812657,22208.298579183,,0,GPU-9b96eb67-aeee-89d5-aa85-fc650af4e25c,ok,0,0,453,26.548,35,210,405,390,341
705,22208.297812657,22208.298752073,,1,GPU-37ffc98b-8551-c8a1-5f3c-27ade9ae735a,ok,100,22,1514,349.792,74,1485,9501,4052,15625
705,22208.297812657,22208.298711813,,2,GPU-5443d59d-561f-ed1e-da42-1975937205f9,ok,0,0,453,27.634,37,210,405,488,292
705,22208.297812657,22208.298596473,,3,GPU-46bf67bb-cb31-bee1-3cf0-c35337ba97d2,ok,0,0,453,26.305,40,210,405,439,341
705,22208.297812657,22208.298511063,,4,GPU-127e16de-2b5f-dde9-1932-b4e29bb818c0,ok,0,0,453,23.824,34,210,405,439,292
706,22209.297812657,22209.299006671,,0,GPU-9b96eb67-aeee-89d5-aa85-fc650af4e25c,ok,0,0,453,26.561,35,210,405,439,292
706,22209.297812657,22209.298452761,,1,GPU-37ffc98b-8551-c8a1-5f3c-27ade9ae735a,ok,100,22,1514,348.972,75,1485,9501,3613,14599
706,22209.297812657,22209.299410332,,2,GPU-5443d59d-561f-ed1e-da42-1975937205f9,ok,0,0,453,27.723,37,210,405,537,292
706,22209.297812657,22209.299445622,,3,GPU-46bf67bb-cb31-bee1-3cf0-c35337ba97d2,ok,0,0,453,26.267,40,210,405,439,341
706,22209.297812657,22209.298277311,,4,GPU-127e16de-2b5f-dde9-1932-b4e29bb818c0,ok,0,0,453,23.823,34,210,405,439,341
707,22210.297812657,22210.299078029,,0,GPU-9b96eb67-aeee-89d5-aa85-fc650af4e25c,ok,0,0,453,26.722,35,210,405,439,292
707,22210.297812657,22210.299105389,,1,GPU-37ffc98b-8551-c8a1-5f3c-27ade9ae735a,ok,100,22,1514,349.185,75,1485,9501,3662,14648
707,22210.297812657,22210.298321259,,2,GPU-5443d59d-561f-ed1e-da42-1975937205f9,ok,0,0,453,27.733,37,210,405,537,292
707,22210.297812657,22210.298527059,,3,GPU-46bf67bb-cb31-bee1-3cf0-c35337ba97d2,ok,0,0,453,26.449,40,210,405,390,292
707,22210.297812657,22210.298497059,,4,GPU-127e16de-2b5f-dde9-1932-b4e29bb818c0,ok,0,0,453,23.784,34,210,405,390,292
708,22211.297812657,22211.298713287,,0,GPU-9b96eb67-aeee-89d5-aa85-fc650af4e25c,ok,0,0,453,26.624,35,210,405,439,341
708,22211.297812657,22211.298554277,,1,GPU-37ffc98b-8551-c8a1-5f3c-27ade9ae735a,ok,100,25,1514,349.03,75,1470,9501,3564,13378
708,22211.297812657,22211.298663937,,2,GPU-5443d59d-561f-ed1e-da42-1975937205f9,ok,0,0,453,27.556,37,210,405,537,292
708,22211.297812657,22211.298598847,,3,GPU-46bf67bb-cb31-bee1-3cf0-c35337ba97d2,ok,0,0,453,26.327,40,210,405,439,292
708,22211.297812657,22211.298639227,,4,GPU-127e16de-2b5f-dde9-1932-b4e29bb818c0,ok,0,0,453,23.874,34,210,405,439,292
709,22212.297812657,22212.298593755,,0,GPU-9b96eb67-aeee-89d5-aa85-fc650af4e25c,ok,0,0,453,26.535,35,210,405,439,292
709,22212.297812657,22212.298808435,,1,GPU-37ffc98b-8551-c8a1-5f3c-27ade9ae735a,ok,100,21,1514,349.23,76,1485,9501,3515,13964
709,22212.297812657,22212.298835545,,2,GPU-5443d59d-561f-ed1e-da42-1975937205f9,ok,0,0,453,27.541,37,210,405,488,341
709,22212.297812657,22212.298660275,,3,GPU-46bf67bb-cb31-bee1-3cf0-c35337ba97d2,ok,0,0,453,26.321,40,210,405,439,292
709,22212.297812657,22212.298748875,,4,GPU-127e16de-2b5f-dde9-1932-b4e29bb818c0,ok,0,0,453,23.825,34,210,405,439,292
710,22213.297812657,22213.298561543,,0,GPU-9b96eb67-aeee-89d5-aa85-fc650af4e25c,ok,0,0,453,26.62,35,210,405,439,292
710,22213.297812657,22213.298374103,,1,GPU-37ffc98b-8551-c8a1-5f3c-27ade9ae735a,ok,100,21,1514,349.043,76,1485,9501,3710,13818
710,22213.297812657,22213.298639633,,2,GPU-5443d59d-561f-ed1e-da42-1975937205f9,ok,0,0,453,27.601,37,210,405,537,341
710,22213.297812657,22213.298817633,,3,GPU-46bf67bb-cb31-bee1-3cf0-c35337ba97d2,ok,0,0,453,26.483,40,210,405,439,292
710,22213.297812657,22213.298663663,,4,GPU-127e16de-2b5f-dde9-1932-b4e29bb818c0,ok,0,0,453,23.6,34,210,405,439,292
711,22214.297812657,22214.298602801,,0,GPU-9b96eb67-aeee-89d5-aa85-fc650af4e25c,ok,0,0,453,26.559,35,210,405,439,292
711,22214.297812657,22214.299759852,,1,GPU-37ffc98b-8551-c8a1-5f3c-27ade9ae735a,ok,100,22,1514,349.09,76,1470,9501,4003,14160
711,22214.297812657,22214.298396811,,2,GPU-5443d59d-561f-ed1e-da42-1975937205f9,ok,0,0,453,27.479,37,210,405,537,341
711,22214.297812657,22214.298631901,,3,GPU-46bf67bb-cb31-bee1-3cf0-c35337ba97d2,ok,0,0,453,26.31,40,210,405,439,292
711,22214.297812657,22214.298461781,,4,GPU-127e16de-2b5f-dde9-1932-b4e29bb818c0,ok,0,0,453,23.484,34,210,405,439,292
712,22215.297812657,22215.298678609,,0,GPU-9b96eb67-aeee-89d5-aa85-fc650af4e25c,ok,0,0,453,26.657,35,210,405,439,292
712,22215.297812657,22215.298747309,,1,GPU-37ffc98b-8551-c8a1-5f3c-27ade9ae735a,ok,100,23,1514,349.286,76,1485,9501,4003,14208
712,22215.297812657,22215.298732069,,2,GPU-5443d59d-561f-ed1e-da42-1975937205f9,ok,0,0,453,27.573,37,210,405,488,341
712,22215.297812657,22215.298633919,,3,GPU-46bf67bb-cb31-bee1-3cf0-c35337ba97d2,ok,0,0,453,26.399,40,210,405,390,341
712,22215.297812657,22215.298694529,,4,GPU-127e16de-2b5f-dde9-1932-b4e29bb818c0,ok,0,0,453,23.529,34,210,405,439,292
713,22216.297812657,22216.298417557,,0,GPU-9b96eb67-aeee-89d5-aa85-fc650af4e25c,ok,0,0,453,26.857,36,210,405,439,292
713,22216.297812657,22216.298710317,,1,GPU-37ffc98b-8551-c8a1-5f3c-27ade9ae735a,ok,100,23,1514,349.28,76,1485,9501,4003,15087
713,22216.297812657,22216.298559927,,2,GPU-5443d59d-561f-ed1e-da42-1975937205f9,ok,0,0,453,27.695,37,210,405,488,292
713,22216.297812657,22216.298686087,,3,GPU-46bf67bb-cb31-bee1-3cf0-c35337ba97d2,ok,0,0,453,26.649,40,210,405,439,341
713,22216.297812657,22216.298608707,,4,GPU-127e16de-2b5f-dde9-1932-b4e29bb818c0,ok,0,0,453,23.681,34,210,405,439,292
714,22217.297812657,22217.298812456,,0,GPU-9b96eb67-aeee-89d5-aa85-fc650af4e25c,ok,0,0,453,26.671,36,210,405,390,292
714,22217.297812657,22217.298789246,,1,GPU-37ffc98b-8551-c8a1-5f3c-27ade9ae735a,ok,100,24,1514,348.963,76,1485,9501,4248,13085
714,22217.297812657,22217.298727026,,2,GPU-5443d59d-561f-ed1e-da42-1975937205f9,ok,0,0,453,27.498,37,210,405,537,292
714,22217.297812657,22217.298624175,,3,GPU-46bf67bb-cb31-bee1-3cf0-c35337ba97d2,ok,0,0,453,26.438,40,210,405,390,341
714,22217.297812657,22217.298755916,,4,GPU-127e16de-2b5f-dde9-1932-b4e29bb818c0,ok,0,0,453,23.748,34,210,405,439,292
715,22218.297812657,22218.298495523,,0,GPU-9b96eb67-aeee-89d5-aa85-fc650af4e25c,ok,0,0,453,26.553,35,210,405,439,292
715,22218.297812657,22218.298434483,,1,GPU-37ffc98b-8551-c8a1-5f3c-27ade9ae735a,ok,100,23,1514,349.623,76,1485,9501,4199,13183
715,22218.297812657,22218.299517294,,2,GPU-5443d59d-561f-ed1e-da42-1975937205f9,ok,0,0,453,27.482,37,210,405,537,292
715,22218.297812657,22218.298549523,,3,GPU-46bf67bb-cb31-bee1-3cf0-c35337ba97d2,ok,0,0,453,26.356,40,210,405,439,341
715,22218.297812657,22218.300127904,,4,GPU-127e16de-2b5f-dde9-1932-b4e29bb818c0,ok,0,0,453,23.874,34,210,405,439,292
716,22219.297812657,22219.298738632,,0,GPU-9b96eb67-aeee-89d5-aa85-fc650af4e25c,ok,0,0,453,26.783,35,210,405,439,292
716,22219.297812657,22219.298271471,,1,GPU-37ffc98b-8551-c8a1-5f3c-27ade9ae735a,ok,100,22,1514,349.252,76,1485,9501,4150,13085
716,22219.297812657,22219.299360172,,2,GPU-5443d59d-561f-ed1e-da42-1975937205f9,ok,0,0,453,27.62,37,210,405,488,292
716,22219.297812657,22219.298491501,,3,GPU-46bf67bb-cb31-bee1-3cf0-c35337ba97d2,ok,0,0,453,26.517,40,210,405,439,341
716,22219.297812657,22219.298782182,,4,GPU-127e16de-2b5f-dde9-1932-b4e29bb818c0,ok,0,0,453,23.815,34,210,405,390,292
717,22220.297812657,22220.29859289,,0,GPU-9b96eb67-aeee-89d5-aa85-fc650af4e25c,ok,0,0,453,26.693,35,210,405,439,341
717,22220.297812657,22220.29872827,,1,GPU-37ffc98b-8551-c8a1-5f3c-27ade9ae735a,ok,100,23,1514,349.031,76,1470,9501,4199,12402
717,22220.297812657,22220.29879018,,2,GPU-5443d59d-561f-ed1e-da42-1975937205f9,ok,0,0,453,27.527,37,210,405,488,292
717,22220.297812657,22220.29875386,,3,GPU-46bf67bb-cb31-bee1-3cf0-c35337ba97d2,ok,0,0,453,26.371,40,210,405,439,341
717,22220.297812657,22220.29930549,,4,GPU-127e16de-2b5f-dde9-1932-b4e29bb818c0,ok,0,0,453,23.72,34,210,405,439,292
718,22221.297812657,22221.299127568,,0,GPU-9b96eb67-aeee-89d5-aa85-fc650af4e25c,ok,0,0,453,26.64,35,210,405,390,292
718,22221.297812657,22221.299191858,,1,GPU-37ffc98b-8551-c8a1-5f3c-27ade9ae735a,ok,100,24,1514,349.029,76,1485,9501,4345,12548
718,22221.297812657,22221.298592738,,2,GPU-5443d59d-561f-ed1e-da42-1975937205f9,ok,0,0,453,27.541,37,210,405,537,341
718,22221.297812657,22221.298407208,,3,GPU-46bf67bb-cb31-bee1-3cf0-c35337ba97d2,ok,0,0,453,26.353,40,210,405,439,292
718,22221.297812657,22221.298552558,,4,GPU-127e16de-2b5f-dde9-1932-b4e29bb818c0,ok,0,0,453,23.811,34,210,405,439,292
719,22222.297812657,22222.299689016,,0,GPU-9b96eb67-aeee-89d5-aa85-fc650af4e25c,ok,0,0,453,26.774,35,210,405,439,292
719,22222.297812657,22222.298985036,,1,GPU-37ffc98b-8551-c8a1-5f3c-27ade9ae735a,ok,100,29,1514,348.729,76,1485,9501,5224,11035
719,22222.297812657,22222.298382806,,2,GPU-5443d59d-561f-ed1e-da42-1975937205f9,ok,0,0,453,27.574,37,210,405,537,292
719,22222.297812657,22222.299628646,,3,GPU-46bf67bb-cb31-bee1-3cf0-c35337ba97d2,ok,0,0,453,26.542,40,210,405,439,292
719,22222.297812657,22222.298269506,,4,GPU-127e16de-2b5f-dde9-1932-b4e29bb818c0,ok,0,0,453,23.885,34,210,405,439,292
720,22223.297812657,22223.298435274,,0,GPU-9b96eb67-aeee-89d5-aa85-fc650af4e25c,ok,0,0,453,26.57,35,210,405,439,341
720,22223.297812657,22223.298587704,,1,GPU-37ffc98b-8551-c8a1-5f3c-27ade9ae735a,ok,100,24,1514,348.658,76,1485,9501,5419,10253
720,22223.297812657,22223.300673004,,2,GPU-5443d59d-561f-ed1e-da42-1975937205f9,ok,0,0,453,27.44,37,210,405,537,292
720,22223.297812657,22223.298395574,,3,GPU-46bf67bb-cb31-bee1-3cf0-c35337ba97d2,ok,0,0,453,26.418,40,210,405,439,292
720,22223.297812657,22223.298636814,,4,GPU-127e16de-2b5f-dde9-1932-b4e29bb818c0,ok,0,0,453,23.734,34,210,405,439,341
721,22224.297812657,22224.299036312,,0,GPU-9b96eb67-aeee-89d5-aa85-fc650af4e25c,ok,0,0,453,26.621,35,210,405,439,292
721,22224.297812657,22224.298585512,,1,GPU-37ffc98b-8551-c8a1-5f3c-27ade9ae735a,ok,100,24,1514,349.472,76,1485,9501,5859,8642
721,22224.297812657,22224.298522772,,2,GPU-5443d59d-561f-ed1e-da42-1975937205f9,ok,0,0,453,27.399,37,210,405,537,292
721,22224.297812657,22224.299694572,,3,GPU-46bf67bb-cb31-bee1-3cf0-c35337ba97d2,ok,0,0,453,26.445,40,210,405,390,292
721,22224.297812657,22224.298318342,,4,GPU-127e16de-2b5f-dde9-1932-b4e29bb818c0,ok,0,0,453,23.664,34,210,405,439,341
722,22225.297812657,22225.29854046,,0,GPU-9b96eb67-aeee-89d5-aa85-fc650af4e25c,ok,0,0,453,26.795,36,210,405,439,292
722,22225.297812657,22225.29902704,,1,GPU-37ffc98b-8551-c8a1-5f3c-27ade9ae735a,ok,100,25,1514,348.954,76,1470,9501,8007,7910
722,22225.297812657,22225.29908861,,2,GPU-5443d59d-561f-ed1e-da42-1975937205f9,ok,0,0,453,27.538,37,210,405,488,292
722,22225.297812657,22225.29856725,,3,GPU-46bf67bb-cb31-bee1-3cf0-c35337ba97d2,ok,0,0,453,26.611,40,210,405,439,292
722,22225.297812657,22225.29838717,,4,GPU-127e16de-2b5f-dde9-1932-b4e29bb818c0,ok,0,0,453,23.858,34,210,405,439,292
723,22226.297812657,22226.298585568,,0,GPU-9b96eb67-aeee-89d5-aa85-fc650af4e25c,ok,0,0,453,26.59,36,210,405,439,341
723,22226.297812657,22226.299131758,,1,GPU-37ffc98b-8551-c8a1-5f3c-27ade9ae735a,ok,100,24,1514,349.041,76,1485,9501,5908,8544
723,22226.297812657,22226.298370128,,2,GPU-5443d59d-561f-ed1e-da42-1975937205f9,ok,0,0,453,27.609,37,210,405,537,341
723,22226.297812657,22226.299169818,,3,GPU-46bf67bb-cb31-bee1-3cf0-c35337ba97d2,ok,0,0,453,26.442,40,210,405,439,341
723,22226.297812657,22226.298615288,,4,GPU-127e16de-2b5f-dde9-1932-b4e29bb818c0,ok,0,0,453,23.891,34,210,405,439,292
724,22227.297812657,22227.298563006,,0,GPU-9b96eb67-aeee-89d5-aa85-fc650af4e25c,ok,0,0,453,26.62,35,210,405,439,292
724,22227.297812657,22227.299070556,,1,GPU-37ffc98b-8551-c8a1-5f3c-27ade9ae735a,ok,100,24,1514,349.321,76,1470,9501,5810,8447
724,22227.297812657,22227.298356056,,2,GPU-5443d59d-561f-ed1e-da42-1975937205f9,ok,0,0,453,27.648,37,210,405,537,341
724,22227.297812657,22227.298508366,,3,GPU-46bf67bb-cb31-bee1-3cf0-c35337ba97d2,ok,0,0,453,26.395,40,210,405,439,341
724,22227.297812657,22227.298614226,,4,GPU-127e16de-2b5f-dde9-1932-b4e29bb818c0,ok,0,0,453,23.856,34,210,405,439,292
725,22228.297812657,22228.298294434,,0,GPU-9b96eb67-aeee-89d5-aa85-fc650af4e25c,ok,0,0,453,26.799,35,210,405,439,292
725,22228.297812657,22228.298505144,,1,GPU-37ffc98b-8551-c8a1-5f3c-27ade9ae735a,ok,100,23,1514,349.381,76,1470,9501,5957,9521
725,22228.297812657,22228.299007894,,2,GPU-5443d59d-561f-ed1e-da42-1975937205f9,ok,0,0,453,27.654,36,210,405,488,292
725,22228.297812657,22228.298388174,,3,GPU-46bf67bb-cb31-bee1-3cf0-c35337ba97d2,ok,0,0,453,26.52,40,210,405,390,341
725,22228.297812657,22228.299652304,,4,GPU-127e16de-2b5f-dde9-1932-b4e29bb818c0,ok,0,0,453,23.887,34,210,405,439,292
726,22229.297812657,22229.299986942,,0,GPU-9b96eb67-aeee-89d5-aa85-fc650af4e25c,ok,0,0,453,26.657,35,210,405,439,292
726,22229.297812657,22229.298794732,,1,GPU-37ffc98b-8551-c8a1-5f3c-27ade9ae735a,ok,73,28,1514,344.941,73,1815,9501,390,292
726,22229.297812657,22229.298717482,,2,GPU-5443d59d-561f-ed1e-da42-1975937205f9,ok,0,0,453,27.518,36,210,405,488,292
726,22229.297812657,22229.298766392,,3,GPU-46bf67bb-cb31-bee1-3cf0-c35337ba97d2,ok,0,0,453,26.353,40,210,405,439,341
726,22229.297812657,22229.298660222,,4,GPU-127e16de-2b5f-dde9-1932-b4e29bb818c0,ok,0,0,453,24.028,34,210,405,390,292
727,22230.297812657,22230.29923848,,0,GPU-9b96eb67-aeee-89d5-aa85-fc650af4e25c,ok,0,0,453,26.634,35,210,405,439,341
727,22230.297812657,22230.29930365,,1,GPU-37ffc98b-8551-c8a1-5f3c-27ade9ae735a,ok,0,0,1514,179.663,66,1935,9501,390,292
727,22230.297812657,22230.29867246,,2,GPU-5443d59d-561f-ed1e-da42-1975937205f9,ok,0,0,453,27.59,37,210,405,537,292
727,22230.297812657,22230.29865168,,3,GPU-46bf67bb-cb31-bee1-3cf0-c35337ba97d2,ok,0,0,453,26.272,40,210,405,439,292
727,22230.297812657,22230.29849718,,4,GPU-127e16de-2b5f-dde9-1932-b4e29bb818c0,ok,0,0,453,23.869,34,210,405,439,341
728,22231.297812657,22231.298511508,,0,GPU-9b96eb67-aeee-89d5-aa85-fc650af4e25c,ok,0,0,453,26.808,35,210,405,390,341
728,22231.297812657,22231.298986328,,1,GPU-37ffc98b-8551-c8a1-5f3c-27ade9ae735a,ok,28,12,1514,147.796,66,1395,9501,5761,8203
728,22231.297812657,22231.298492148,,2,GPU-5443d59d-561f-ed1e-da42-1975937205f9,ok,0,0,453,27.681,37,210,405,537,292
728,22231.297812657,22231.299045008,,3,GPU-46bf67bb-cb31-bee1-3cf0-c35337ba97d2,ok,0,0,453,26.328,40,210,405,390,292
728,22231.297812657,22231.298265248,,4,GPU-127e16de-2b5f-dde9-1932-b4e29bb818c0,ok,0,0,453,23.818,34,210,405,439,341
729,22232.297812657,22232.298508096,,0,GPU-9b96eb67-aeee-89d5-aa85-fc650af4e25c,ok,0,0,453,26.699,35,210,405,390,292
729,22232.297812657,22232.298679736,,1,GPU-37ffc98b-8551-c8a1-5f3c-27ade9ae735a,ok,100,31,1514,334.847,73,1470,9501,6152,9521
729,22232.297812657,22232.298638636,,2,GPU-5443d59d-561f-ed1e-da42-1975937205f9,ok,0,0,453,27.453,37,210,405,537,292
729,22232.297812657,22232.298738846,,3,GPU-46bf67bb-cb31-bee1-3cf0-c35337ba97d2,ok,0,0,453,26.178,40,210,405,439,292
729,22232.297812657,22232.298545906,,4,GPU-127e16de-2b5f-dde9-1932-b4e29bb818c0,ok,0,0,453,23.949,34,210,405,439,292
730,22233.297812657,22233.298292174,,0,GPU-9b96eb67-aeee-89d5-aa85-fc650af4e25c,ok,0,0,453,26.641,35,210,405,390,292
730,22233.297812657,22233.298522584,,1,GPU-37ffc98b-8551-c8a1-5f3c-27ade9ae735a,ok,100,28,1514,347.92,74,1485,9501,5566,8984
730,22233.297812657,22233.299078964,,2,GPU-5443d59d-561f-ed1e-da42-1975937205f9,ok,0,0,453,27.371,37,210,405,488,341
730,22233.297812657,22233.299036584,,3,GPU-46bf67bb-cb31-bee1-3cf0-c35337ba97d2,ok,0,0,453,26.267,40,210,405,439,292
730,22233.297812657,22233.298544484,,4,GPU-127e16de-2b5f-dde9-1932-b4e29bb818c0,ok,0,0,453,23.715,34,210,405,439,292
731,22234.297812657,22234.298564672,,0,GPU-9b96eb67-aeee-89d5-aa85-fc650af4e25c,ok,0,0,453,26.669,35,210,405,390,341
731,22234.297812657,22234.298538312,,1,GPU-37ffc98b-8551-c8a1-5f3c-27ade9ae735a,ok,100,24,1514,348.274,74,1485,9501,5517,9130
731,22234.297812657,22234.299130972,,2,GPU-5443d59d-561f-ed1e-da42-1975937205f9,ok,0,0,453,27.495,37,210,405,488,292
731,22234.297812657,22234.299169882,,3,GPU-46bf67bb-cb31-bee1-3cf0-c35337ba97d2,ok,0,0,453,26.511,40,210,405,439,341
731,22234.297812657,22234.298359682,,4,GPU-127e16de-2b5f-dde9-1932-b4e29bb818c0,ok,0,0,453,23.512,34,210,405,439,292
732,22235.297812657,22235.29868801,,0,GPU-9b96eb67-aeee-89d5-aa85-fc650af4e25c,ok,0,0,453,26.477,35,210,405,390,292
732,22235.297812657,22235.29855372,,1,GPU-37ffc98b-8551-c8a1-5f3c-27ade9ae735a,ok,100,24,1514,348.908,75,1485,9501,5712,8447
732,22235.297812657,22235.29879565,,2,GPU-5443d59d-561f-ed1e-da42-1975937205f9,ok,0,0,453,27.589,37,210,405,488,292
732,22235.297812657,22235.29873146,,3,GPU-46bf67bb-cb31-bee1-3cf0-c35337ba97d2,ok,0,0,453,26.398,40,210,405,390,341
732,22235.297812657,22235.29865671,,4,GPU-127e16de-2b5f-dde9-1932-b4e29bb818c0,ok,0,0,453,23.481,34,210,405,439,292
733,22236.297812657,22236.298393338,,0,GPU-9b96eb67-aeee-89d5-aa85-fc650af4e25c,ok,0,0,453,26.445,35,210,405,390,292
733,22236.297812657,22236.298633818,,1,GPU-37ffc98b-8551-c8a1-5f3c-27ade9ae735a,ok,100,24,1514,348.956,75,1485,9501,5175,10156
733,22236.297812657,22236.298546188,,2,GPU-5443d59d-561f-ed1e-da42-1975937205f9,ok,0,0,453,27.753,36,210,405,537,292
733,22236.297812657,22236.299102108,,3,GPU-46bf67bb-cb31-bee1-3cf0-c35337ba97d2,ok,0,0,453,26.44,40,210,405,439,292
733,22236.297812657,22236.298661708,,4,GPU-127e16de-2b5f-dde9-1932-b4e29bb818c0,ok,0,0,453,23.553,34,210,405,390,292
734,22237.297812657,22237.298714696,,0,GPU-9b96eb67-aeee-89d5-aa85-fc650af4e25c,ok,0,0,453,26.537,35,210,405,390,292
734,22237.297812657,22237.298697796,,1,GPU-37ffc98b-8551-c8a1-5f3c-27ade9ae735a,ok,100,25,1514,348.983,75,1470,9501,6982,10253
734,22237.297812657,22237.298740886,,2,GPU-5443d59d-561f-ed1e-da42-1975937205f9,ok,0,0,453,27.8,36,210,405,488,292
734,22237.297812657,22237.298489246,,3,GPU-46bf67bb-cb31-bee1-3cf0-c35337ba97d2,ok,0,0,453,26.585,40,210,405,439,292
734,22237.297812657,22237.298592496,,4,GPU-127e16de-2b5f-dde9-1932-b4e29bb818c0,ok,0,0,453,23.558,34,210,405,439,292
735,22238.297812657,22238.298998124,,0,GPU-9b96eb67-aeee-89d5-aa85-fc650af4e25c,ok,0,0,453,26.39,35,210,405,439,292
735,22238.297812657,22238.298961074,,1,GPU-37ffc98b-8551-c8a1-5f3c-27ade9ae735a,ok,100,32,1514,348.663,75,1485,9501,7324,8935
735,22238.297812657,22238.298448434,,2,GPU-5443d59d-561f-ed1e-da42-1975937205f9,ok,0,0,453,27.664,37,210,405,537,292
735,22238.297812657,22238.299047544,,3,GPU-46bf67bb-cb31-bee1-3cf0-c35337ba97d2,ok,0,0,453,26.409,40,210,405,439,341
735,22238.297812657,22238.298283854,,4,GPU-127e16de-2b5f-dde9-1932-b4e29bb818c0,ok,0,0,453,23.589,34,210,405,439,341
736,22239.297812657,22239.298652582,,0,GPU-9b96eb67-aeee-89d5-aa85-fc650af4e25c,ok,0,0,453,26.371,35,210,405,439,292
736,22239.297812657,22239.298462862,,1,GPU-37ffc98b-8551-c8a1-5f3c-27ade9ae735a,ok,100,24,1514,348.809,75,1485,9501,5908,9130
736,22239.297812657,22239.300089072,,2,GPU-5443d59d-561f-ed1e-da42-1975937205f9,ok,0,0,453,27.606,37,210,405,537,292
736,22239.297812657,22239.298441892,,3,GPU-46bf67bb-cb31-bee1-3cf0-c35337ba97d2,ok,0,0,453,26.413,40,210,405,439,292
736,22239.297812657,22239.298509502,,4,GPU-127e16de-2b5f-dde9-1932-b4e29bb818c0,ok,0,0,453,23.743,34,210,405,439,292
737,22240.297812657,22240.2986837,,0,GPU-9b96eb67-aeee-89d5-aa85-fc650af4e25c,ok,0,0,453,26.369,35,210,405,439,341
737,22240.297812657,22240.29863223,,1,GPU-37ffc98b-8551-c8a1-5f3c-27ade9ae735a,ok,100,25,1514,348.813,75,1485,9501,7177,9472
737,22240.297812657,22240.2987356,,2,GPU-5443d59d-561f-ed1e-da42-1975937205f9,ok,0,0,453,27.657,37,210,405,488,292
737,22240.297812657,22240.29878097,,3,GPU-46bf67bb-cb31-bee1-3cf0-c35337ba97d2,ok,0,0,453,26.569,40,210,405,439,292
737,22240.297812657,22240.29971218,,4,GPU-127e16de-2b5f-dde9-1932-b4e29bb818c0,ok,0,0,453,23.879,34,210,405,439,292
738,22241.297812657,22241.298837998,,0,GPU-9b96eb67-aeee-89d5-aa85-fc650af4e25c,ok,0,0,453,26.432,35,210,405,390,292
738,22241.297812657,22241.298206598,,1,GPU-37ffc98b-8551-c8a1-5f3c-27ade9ae735a,ok,100,25,1514,349.214,75,1485,9501,7421,8398
738,22241.297812657,22241.298866498,,2,GPU-5443d59d-561f-ed1e-da42-1975937205f9,ok,0,0,453,27.684,36,210,405,537,341
738,22241.297812657,22241.298933618,,3,GPU-46bf67bb-cb31-bee1-3cf0-c35337ba97d2,ok,0,0,453,26.379,40,210,405,439,292
738,22241.297812657,22241.298893168,,4,GPU-127e16de-2b5f-dde9-1932-b4e29bb818c0,ok,0,0,453,23.662,34,210,405,439,292
739,22242.297812657,22242.298546846,,0,GPU-9b96eb67-aeee-89d5-aa85-fc650af4e25c,ok,0,0,453,26.698,35,210,405,390,292
739,22242.297812657,22242.299014066,,1,GPU-37ffc98b-8551-c8a1-5f3c-27ade9ae735a,ok,100,24,1514,349.38,75,1485,9501,5419,9667
739,22242.297812657,22242.300269677,,2,GPU-5443d59d-561f-ed1e-da42-1975937205f9,ok,0,0,453,27.664,37,210,405,537,341
739,22242.297812657,22242.298395016,,3,GPU-46bf67bb-cb31-bee1-3cf0-c35337ba97d2,ok,0,0,453,26.394,40,210,405,439,341
739,22242.297812657,22242.298504346,,4,GPU-127e16de-2b5f-dde9-1932-b4e29bb818c0,ok,0,0,453,23.614,34,210,405,439,292
740,22243.297812657,22243.298618944,,0,GPU-9b96eb67-aeee-89d5-aa85-fc650af4e25c,ok,0,0,453,26.645,35,210,405,439,292
740,22243.297812657,22243.298735894,,1,GPU-37ffc98b-8551-c8a1-5f3c-27ade9ae735a,ok,100,25,1514,349.358,75,1485,9501,7031,11181
740,22243.297812657,22243.298777484,,2,GPU-5443d59d-561f-ed1e-da42-1975937205f9,ok,0,0,453,27.504,37,210,405,488,341
740,22243.297812657,22243.298700474,,3,GPU-46bf67bb-cb31-bee1-3cf0-c35337ba97d2,ok,0,0,453,26.459,40,210,405,439,341
740,22243.297812657,22243.298656114,,4,GPU-127e16de-2b5f-dde9-1932-b4e29bb818c0,ok,0,0,453,23.811,34,210,405,439,292
741,22244.297812657,22244.299085082,,0,GPU-9b96eb67-aeee-89d5-aa85-fc650af4e25c,ok,0,0,453,26.674,35,210,405,439,292
741,22244.297812657,22244.299146252,,1,GPU-37ffc98b-8551-c8a1-5f3c-27ade9ae735a,ok,100,24,1514,349.254,75,1485,9501,5566,8691
741,22244.297812657,22244.299222762,,2,GPU-5443d59d-561f-ed1e-da42-1975937205f9,ok,0,0,453,27.383,37,210,405,488,292
741,22244.297812657,22244.299194782,,3,GPU-46bf67bb-cb31-bee1-3cf0-c35337ba97d2,ok,0,0,453,26.369,40,210,405,439,292
741,22244.297812657,22244.298219132,,4,GPU-127e16de-2b5f-dde9-1932-b4e29bb818c0,ok,0,0,453,23.849,34,210,405,439,292
742,22245.297812657,22245.29914731,,0,GPU-9b96eb67-aeee-89d5-aa85-fc650af4e25c,ok,0,0,453,26.817,35,210,405,439,292
742,22245.297812657,22245.29856881,,1,GPU-37ffc98b-8551-c8a1-5f3c-27ade9ae735a,ok,100,24,1514,349.054,75,1500,9501,5957,8642
742,22245.297812657,22245.29864882,,2,GPU-5443d59d-561f-ed1e-da42-1975937205f9,ok,0,0,453,27.397,36,210,405,537,292
742,22245.297812657,22245.29861476,,3,GPU-46bf67bb-cb31-bee1-3cf0-c35337ba97d2,ok,0,0,453,26.471,40,210,405,439,292
742,22245.297812657,22245.29841895,,4,GPU-127e16de-2b5f-dde9-1932-b4e29bb818c0,ok,0,0,453,23.867,34,210,405,439,292
743,22246.297812657,22246.298468438,,0,GPU-9b96eb67-aeee-89d5-aa85-fc650af4e25c,ok,0,0,453,26.582,35,210,405,439,292
743,22246.297812657,22246.299145998,,1,GPU-37ffc98b-8551-c8a1-5f3c-27ade9ae735a,ok,100,25,1514,349.366,75,1485,9501,5566,9716
743,22246.297812657,22246.299195398,,2,GPU-5443d59d-561f-ed1e-da42-1975937205f9,ok,0,0,453,27.297,36,210,405,537,292
743,22246.297812657,22246.299108508,,3,GPU-46bf67bb-cb31-bee1-3cf0-c35337ba97d2,ok,0,0,453,26.365,40,210,405,439,292
743,22246.297812657,22246.298324408,,4,GPU-127e16de-2b5f-dde9-1932-b4e29bb818c0,ok,0,0,453,23.858,34,210,405,439,341
744,22247.297812657,22247.298791916,,0,GPU-9b96eb67-aeee-89d5-aa85-fc650af4e25c,ok,0,0,453,26.518,35,210,405,390,292
744,22247.297812657,22247.298739656,,1,GPU-37ffc98b-8551-c8a1-5f3c-27ade9ae735a,ok,100,28,1514,349.285,75,1470,9501,5957,9228
744,22247.297812657,22247.298756756,,2,GPU-5443d59d-561f-ed1e-da42-1975937205f9,ok,0,0,453,27.291,37,210,405,537,292
744,22247.297812657,22247.298641776,,3,GPU-46bf67bb-cb31-bee1-3cf0-c35337ba97d2,ok,0,0,453,26.341,40,210,405,390,292
744,22247.297812657,22247.298519866,,4,GPU-127e16de-2b5f-dde9-1932-b4e29bb818c0,ok,0,0,453,24.006,34,210,405,439,341
745,22248.297812657,22248.300447195,,0,GPU-9b96eb67-aeee-89d5-aa85-fc650af4e25c,ok,0,0,453,26.778,35,210,405,390,292
745,22248.297812657,22248.298639194,,1,GPU-37ffc98b-8551-c8a1-5f3c-27ade9ae735a,ok,100,24,1514,349.053,75,1485,9501,5859,9521
745,22248.297812657,22248.298545974,,2,GPU-5443d59d-561f-ed1e-da42-1975937205f9,ok,0,0,453,27.461,36,210,405,537,292
745,22248.297812657,22248.298477104,,3,GPU-46bf67bb-cb31-bee1-3cf0-c35337ba97d2,ok,0,0,453,26.489,40,210,405,390,292
745,22248.297812657,22248.298513674,,4,GPU-127e16de-2b5f-dde9-1932-b4e29bb818c0,ok,0,0,453,24.203,34,210,405,439,292
746,22249.297812657,22249.298510112,,0,GPU-9b96eb67-aeee-89d5-aa85-fc650af4e25c,ok,0,0,453,26.731,35,210,405,390,292
746,22249.297812657,22249.298714062,,1,GPU-37ffc98b-8551-c8a1-5f3c-27ade9ae735a,ok,100,28,1514,349.286,76,1455,9501,7421,8984
746,22249.297812657,22249.298584362,,2,GPU-5443d59d-561f-ed1e-da42-1975937205f9,ok,0,0,453,27.493,36,210,405,488,292
746,22249.297812657,22249.300461913,,3,GPU-46bf67bb-cb31-bee1-3cf0-c35337ba97d2,ok,0,0,453,26.456,40,210,405,439,341
746,22249.297812657,22249.298620162,,4,GPU-127e16de-2b5f-dde9-1932-b4e29bb818c0,ok,0,0,453,24.234,34,210,405,439,292
747,22250.297812657,22250.299594081,,0,GPU-9b96eb67-aeee-89d5-aa85-fc650af4e25c,ok,0,0,453,26.72,35,210,405,390,292
747,22250.297812657,22250.29835937,,1,GPU-37ffc98b-8551-c8a1-5f3c-27ade9ae735a,ok,100,24,1514,348.889,75,1485,9501,5712,8691
747,22250.297812657,22250.299553411,,2,GPU-5443d59d-561f-ed1e-da42-1975937205f9,ok,0,0,453,27.59,36,210,405,488,292
747,22250.297812657,22250.299455861,,3,GPU-46bf67bb-cb31-bee1-3cf0-c35337ba97d2,ok,0,0,453,26.479,40,210,405,439,341
747,22250.297812657,22250.29840243,,4,GPU-127e16de-2b5f-dde9-1932-b4e29bb818c0,ok,0,0,453,24.168,34,210,405,390,292
748,22251.297812657,22251.298421358,,0,GPU-9b96eb67-aeee-89d5-aa85-fc650af4e25c,ok,0,0,453,26.786,35,210,405,439,341
748,22251.297812657,22251.298620268,,1,GPU-37ffc98b-8551-c8a1-5f3c-27ade9ae735a,ok,100,23,1514,349.392,76,1485,9501,6005,8593
748,22251.297812657,22251.299029188,,2,GPU-5443d59d-561f-ed1e-da42-1975937205f9,ok,0,0,453,27.76,37,210,405,488,341
748,22251.297812657,22251.298521408,,3,GPU-46bf67bb-cb31-bee1-3cf0-c35337ba97d2,ok,0,0,453,26.55,40,210,405,439,341
748,22251.297812657,22251.298582738,,4,GPU-127e16de-2b5f-dde9-1932-b4e29bb818c0,ok,0,0,453,24.175,34,210,405,439,292
749,22252.297812657,22252.298704476,,0,GPU-9b96eb67-aeee-89d5-aa85-fc650af4e25c,ok,0,0,453,26.591,35,210,405,390,341
749,22252.297812657,22252.298662236,,1,GPU-37ffc98b-8551-c8a1-5f3c-27ade9ae735a,ok,100,23,1514,349.245,75,1485,9501,6201,8593
749,22252.297812657,22252.298548726,,2,GPU-5443d59d-561f-ed1e-da42-1975937205f9,ok,0,0,453,27.738,37,210,405,537,292
749,22252.297812657,22252.298737496,,3,GPU-46bf67bb-cb31-bee1-3cf0-c35337ba97d2,ok,0,0,453,26.405,40,210,405,439,292
749,22252.297812657,22252.298598436,,4,GPU-127e16de-2b5f-dde9-1932-b4e29bb818c0,ok,0,0,453,24.121,34,210,405,439,292
750,22253.297812657,22253.298411194,,0,GPU-9b96eb67-aeee-89d5-aa85-fc650af4e25c,ok,0,0,453,26.598,35,210,405,390,292
750,22253.297812657,22253.298511404,,1,GPU-37ffc98b-8551-c8a1-5f3c-27ade9ae735a,ok,100,24,1514,349.264,76,1485,9501,6250,8154
750,22253.297812657,22253.298628724,,2,GPU-5443d59d-561f-ed1e-da42-1975937205f9,ok,0,0,453,27.719,37,210,405,537,292
750,22253.297812657,22253.298585284,,3,GPU-46bf67bb-cb31-bee1-3cf0-c35337ba97d2,ok,0,0,453,26.436,40,210,405,439,292
750,22253.297812657,22253.299115264,,4,GPU-127e16de-2b5f-dde9-1932-b4e29bb818c0,ok,0,0,453,24.094,34,210,405,439,341
751,22254.297812657,22254.298343382,,0,GPU-9b96eb67-aeee-89d5-aa85-fc650af4e25c,ok,0,0,453,26.748,35,210,405,390,292
751,22254.297812657,22254.299704473,,1,GPU-37ffc98b-8551-c8a1-5f3c-27ade9ae735a,ok,100,23,1514,349.517,76,1470,9501,5810,9375
751,22254.297812657,22254.298545482,,2,GPU-5443d59d-561f-ed1e-da42-1975937205f9,ok,0,0,453,27.854,36,210,405,537,292
751,22254.297812657,22254.298486962,,3,GPU-46bf67bb-cb31-bee1-3cf0-c35337ba97d2,ok,0,0,453,26.539,40,210,405,439,292
751,22254.297812657,22254.299050112,,4,GPU-127e16de-2b5f-dde9-1932-b4e29bb818c0,ok,0,0,453,24.081,34,210,405,390,341
752,22255.297812657,22255.299725531,,0,GPU-9b96eb67-aeee-89d5-aa85-fc650af4e25c,ok,0,0,453,26.661,35,210,405,390,341
752,22255.297812657,22255.299592111,,1,GPU-37ffc98b-8551-c8a1-5f3c-27ade9ae735a,ok,100,23,1514,349.093,76,1485,9501,5517,8544
752,22255.297812657,22255.29831037,,2,GPU-5443d59d-561f-ed1e-da42-1975937205f9,ok,0,0,453,27.765,36,210,405,488,292
752,22255.297812657,22255.29835542,,3,GPU-46bf67bb-cb31-bee1-3cf0-c35337ba97d2,ok,0,0,453,26.34,40,210,405,390,292
752,22255.297812657,22255.299684551,,4,GPU-127e16de-2b5f-dde9-1932-b4e29bb818c0,ok,0,0,453,23.966,34,210,405,439,292
753,22256.297812657,22256.299961619,,0,GPU-9b96eb67-aeee-89d5-aa85-fc650af4e25c,ok,0,0,453,26.679,35,210,405,439,341
753,22256.297812657,22256.298457888,,1,GPU-37ffc98b-8551-c8a1-5f3c-27ade9ae735a,ok,100,22,1514,349.22,76,1470,9501,390,292
753,22256.297812657,22256.298336718,,2,GPU-5443d59d-561f-ed1e-da42-1975937205f9,ok,0,0,453,27.671,36,210,405,537,292
753,22256.297812657,22256.300004819,,3,GPU-46bf67bb-cb31-bee1-3cf0-c35337ba97d2,ok,0,0,453,26.293,40,210,405,390,292
753,22256.297812657,22256.298381348,,4,GPU-127e16de-2b5f-dde9-1932-b4e29bb818c0,ok,0,0,453,24.015,34,210,405,439,292
754,22257.297812657,22257.298700086,,0,GPU-9b96eb67-aeee-89d5-aa85-fc650af4e25c,ok,0,0,453,26.768,35,210,405,439,292
754,22257.297812657,22257.299194617,,1,GPU-37ffc98b-8551-c8a1-5f3c-27ade9ae735a,ok,0,0,1514,210.684,66,1935,9501,390,292
754,22257.297812657,22257.298756846,,2,GPU-5443d59d-561f-ed1e-da42-1975937205f9,ok,0,0,453,27.689,37,210,405,537,292
754,22257.297812657,22257.298726216,,3,GPU-46bf67bb-cb31-bee1-3cf0-c35337ba97d2,ok,0,0,453,26.384,40,210,405,439,341
754,22257.297812657,22257.298471626,,4,GPU-127e16de-2b5f-dde9-1932-b4e29bb818c0,ok,0,0,453,23.977,34,210,405,439,292
755,22258.297812657,22258.298523824,,0,GPU-9b96eb67-aeee-89d5-aa85-fc650af4e25c,ok,0,0,453,26.635,35,210,405,439,292
755,22258.297812657,22258.298671954,,1,GPU-37ffc98b-8551-c8a1-5f3c-27ade9ae735a,ok,0,0,1514,174.204,66,1935,9501,5126,11523
755,22258.297812657,22258.298706194,,2,GPU-5443d59d-561f-ed1e-da42-1975937205f9,ok,0,0,453,27.561,37,210,405,488,292
755,22258.297812657,22258.298634014,,3,GPU-46bf67bb-cb31-bee1-3cf0-c35337ba97d2,ok,0,0,453,26.124,40,210,405,439,292
755,22258.297812657,22258.298604394,,4,GPU-127e16de-2b5f-dde9-1932-b4e29bb818c0,ok,0,0,453,24.157,34,210,405,390,292
756,22259.297812657,22259.298914303,,0,GPU-9b96eb67-aeee-89d5-aa85-fc650af4e25c,ok,0,0,453,26.583,35,210,405,439,341
756,22259.297812657,22259.298207752,,1,GPU-37ffc98b-8551-c8a1-5f3c-27ade9ae735a,ok,100,26,1514,230.126,73,1485,9501,4736,10693
756,22259.297812657,22259.298756723,,2,GPU-5443d59d-561f-ed1e-da42-1975937205f9,ok,0,0,453,27.582,36,210,405,537,292
756,22259.297812657,22259.298834333,,3,GPU-46bf67bb-cb31-bee1-3cf0-c35337ba97d2,ok,0,0,453,26.099,40,210,405,439,292
756,22259.297812657,22259.298874333,,4,GPU-127e16de-2b5f-dde9-1932-b4e29bb818c0,ok,0,0,453,24.419,34,210,405,439,292
757,22260.297812657,22260.29842901,,0,GPU-9b96eb67-aeee-89d5-aa85-fc650af4e25c,ok,0,0,453,26.659,35,210,405,439,292
757,22260.297812657,22260.299064171,,1,GPU-37ffc98b-8551-c8a1-5f3c-27ade9ae735a,ok,100,26,1514,349.107,74,1470,9501,4101,13964
757,22260.297812657,22260.299149941,,2,GPU-5443d59d-561f-ed1e-da42-1975937205f9,ok,0,0,453,27.548,36,210,405,488,292
757,22260.297812657,22260.299105961,,3,GPU-46bf67bb-cb31-bee1-3cf0-c35337ba97d2,ok,0,0,453,26.393,40,210,405,390,292
757,22260.297812657,22260.29826903,,4,GPU-127e16de-2b5f-dde9-1932-b4e29bb818c0,ok,0,0,453,24.151,34,210,405,390,292
758,22261.297812657,22261.298590669,,0,GPU-9b96eb67-aeee-89d5-aa85-fc650af4e25c,ok,0,0,453,26.548,35,210,405,439,292
758,22261.297812657,22261.298513068,,1,GPU-37ffc98b-8551-c8a1-5f3c-27ade9ae735a,ok,100,25,1514,349.489,75,1470,9501,3955,13476
758,22261.297812657,22261.300668289,,2,GPU-5443d59d-561f-ed1e-da42-1975937205f9,ok,0,0,453,27.436,36,210,405,537,292
758,22261.297812657,22261.298548708,,3,GPU-46bf67bb-cb31-bee1-3cf0-c35337ba97d2,ok,0,0,453,26.295,40,210,405,390,292
758,22261.297812657,22261.298408178,,4,GPU-127e16de-2b5f-dde9-1932-b4e29bb818c0,ok,0,0,453,24.101,34,210,405,439,292
759,22262.297812657,22262.298549377,,0,GPU-9b96eb67-aeee-89d5-aa85-fc650af4e25c,ok,0,0,453,26.583,35,210,405,390,292
759,22262.297812657,22262.298489866,,1,GPU-37ffc98b-8551-c8a1-5f3c-27ade9ae735a,ok,100,24,1514,349.331,75,1485,9501,3710,14550
759,22262.297812657,22262.298617437,,2,GPU-5443d59d-561f-ed1e-da42-1975937205f9,ok,0,0,453,27.63,37,210,405,537,341
759,22262.297812657,22262.298928927,,3,GPU-46bf67bb-cb31-bee1-3cf0-c35337ba97d2,ok,0,0,453,26.365,40,210,405,439,341
759,22262.297812657,22262.298656287,,4,GPU-127e16de-2b5f-dde9-1932-b4e29bb818c0,ok,0,0,453,24.191,34,210,405,390,292
760,22263.297812657,22263.299019345,,0,GPU-9b96eb67-aeee-89d5-aa85-fc650af4e25c,ok,0,0,453,26.776,35,210,405,390,341
760,22263.297812657,22263.298504005,,1,GPU-37ffc98b-8551-c8a1-5f3c-27ade9ae735a,ok,100,25,1514,349.247,75,1485,9501,3417,14208
760,22263.297812657,22263.298954865,,2,GPU-5443d59d-561f-ed1e-da42-1975937205f9,ok,0,0,453,27.798,36,210,405,537,341
760,22263.297812657,22263.298638525,,3,GPU-46bf67bb-cb31-bee1-3cf0-c35337ba97d2,ok,0,0,453,26.574,40,210,405,439,341
760,22263.297812657,22263.298658785,,4,GPU-127e16de-2b5f-dde9-1932-b4e29bb818c0,ok,0,0,453,24.199,34,210,405,439,341
761,22264.297812657,22264.298711893,,0,GPU-9b96eb67-aeee-89d5-aa85-fc650af4e25c,ok,0,0,453,26.666,35,210,405,439,292
761,22264.297812657,22264.298663853,,1,GPU-37ffc98b-8551-c8a1-5f3c-27ade9ae735a,ok,100,24,1514,349.405,75,1470,9501,3369,14843
761,22264.297812657,22264.298625903,,2,GPU-5443d59d-561f-ed1e-da42-1975937205f9,ok,0,0,453,27.638,36,210,405,537,292
761,22264.297812657,22264.298699583,,3,GPU-46bf67bb-cb31-bee1-3cf0-c35337ba97d2,ok,0,0,453,26.362,40,210,405,390,341
761,22264.297812657,22264.298379783,,4,GPU-127e16de-2b5f-dde9-1932-b4e29bb818c0,ok,0,0,453,24.246,34,210,405,390,341
762,22265.297812657,22265.298656921,,0,GPU-9b96eb67-aeee-89d5-aa85-fc650af4e25c,ok,0,0,453,26.676,35,210,405,439,292
762,22265.297812657,22265.298714251,,1,GPU-37ffc98b-8551-c8a1-5f3c-27ade9ae735a,ok,100,24,1514,349.247,75,1470,9501,3466,14941
762,22265.297812657,22265.299165151,,2,GPU-5443d59d-561f-ed1e-da42-1975937205f9,ok,0,0,453,27.51,37,210,405,488,292
762,22265.297812657,22265.298464831,,3,GPU-46bf67bb-cb31-bee1-3cf0-c35337ba97d2,ok,0,0,453,26.312,40,210,405,439,341
762,22265.297812657,22265.298681531,,4,GPU-127e16de-2b5f-dde9-1932-b4e29bb818c0,ok,0,0,453,24.09,34,210,405,439,292
763,22266.297812657,22266.298723699,,0,GPU-9b96eb67-aeee-89d5-aa85-fc650af4e25c,ok,0,0,453,26.769,35,210,405,390,341
763,22266.297812657,22266.298588919,,1,GPU-37ffc98b-8551-c8a1-5f3c-27ade9ae735a,ok,100,30,1514,348.65,75,1485,9501,3662,14306
763,22266.297812657,22266.298783819,,2,GPU-5443d59d-561f-ed1e-da42-1975937205f9,ok,0,0,453,27.476,36,210,405,537,292
763,22266.297812657,22266.298527429,,3,GPU-46bf67bb-cb31-bee1-3cf0-c35337ba97d2,ok,0,0,453,26.447,40,210,405,439,292
763,22266.297812657,22266.298756489,,4,GPU-127e16de-2b5f-dde9-1932-b4e29bb818c0,ok,0,0,453,23.956,34,210,405,439,292
764,22267.297812657,22267.298396987,,0,GPU-9b96eb67-aeee-89d5-aa85-fc650af4e25c,ok,0,0,453,26.498,35,210,405,390,292
764,22267.297812657,22267.298614537,,1,GPU-37ffc98b-8551-c8a1-5f3c-27ade9ae735a,ok,100,24,1514,348.821,75,1485,9501,3564,14794
764,22267.297812657,22267.299693177,,2,GPU-5443d59d-561f-ed1e-da42-1975937205f9,ok,0,0,453,27.331,36,210,405,537,292
764,22267.297812657,22267.298594357,,3,GPU-46bf67bb-cb31-bee1-3cf0-c35337ba97d2,ok,0,0,453,26.275,40,210,405,439,292
764,22267.297812657,22267.298358137,,4,GPU-127e16de-2b5f-dde9-1932-b4e29bb818c0,ok,0,0,453,24.016,34,210,405,439,292
765,22268.297812657,22268.298445025,,0,GPU-9b96eb67-aeee-89d5-aa85-fc650af4e25c,ok,0,0,453,26.448,35,210,405,390,292
765,22268.297812657,22268.299192245,,1,GPU-37ffc98b-8551-c8a1-5f3c-27ade9ae735a,ok,100,24,1514,349.289,75,1485,9501,3515,14746
765,22268.297812657,22268.298280435,,2,GPU-5443d59d-561f-ed1e-da42-1975937205f9,ok,0,0,453,27.273,36,210,405,488,292
765,22268.297812657,22268.299124505,,3,GPU-46bf67bb-cb31-bee1-3cf0-c35337ba97d2,ok,0,0,453,26.242,40,210,405,439,292
765,22268.297812657,22268.299076325,,4,GPU-127e16de-2b5f-dde9-1932-b4e29bb818c0,ok,0,0,453,24.059,34,210,405,439,292
766,22269.297812657,22269.298678033,,0,GPU-9b96eb67-aeee-89d5-aa85-fc650af4e25c,ok,0,0,453,26.692,35,210,405,390,292
766,22269.297812657,22269.298725823,,1,GPU-37ffc98b-8551-c8a1-5f3c-27ade9ae735a,ok,100,24,1514,349.127,75,1485,9501,3564,15380
766,22269.297812657,22269.298499603,,2,GPU-5443d59d-561f-ed1e-da42-1975937205f9,ok,0,0,453,27.334,36,210,405,537,292
766,22269.297812657,22269.298637543,,3,GPU-46bf67bb-cb31-bee1-3cf0-c35337ba97d2,ok,0,0,453,26.422,40,210,405,439,341
766,22269.297812657,22269.298469343,,4,GPU-127e16de-2b5f-dde9-1932-b4e29bb818c0,ok,0,0,453,24.064,34,210,405,439,292
767,22270.297812657,22270.298695931,,0,GPU-9b96eb67-aeee-89d5-aa85-fc650af4e25c,ok,0,0,453,26.584,35,210,405,390,292
767,22270.297812657,22270.298644191,,1,GPU-37ffc98b-8551-c8a1-5f3c-27ade9ae735a,ok,100,25,1514,348.957,75,1485,9501,3417,14013
767,22270.297812657,22270.298739851,,2,GPU-5443d59d-561f-ed1e-da42-1975937205f9,ok,0,0,453,27.252,36,210,405,537,292
767,22270.297812657,22270.298585181,,3,GPU-46bf67bb-cb31-bee1-3cf0-c35337ba97d2,ok,0,0,453,26.269,40,210,405,390,292
767,22270.297812657,22270.298771331,,4,GPU-127e16de-2b5f-dde9-1932-b4e29bb818c0,ok,0,0,453,23.953,34,210,405,439,292
768,22271.297812657,22271.298568899,,0,GPU-9b96eb67-aeee-89d5-aa85-fc650af4e25c,ok,0,0,453,26.537,35,210,405,390,292
768,22271.297812657,22271.298635639,,1,GPU-37ffc98b-8551-c8a1-5f3c-27ade9ae735a,ok,100,24,1514,349.055,75,1485,9501,3564,13867
768,22271.297812657,22271.298718299,,2,GPU-5443d59d-561f-ed1e-da42-1975937205f9,ok,0,0,453,27.26,37,210,405,488,341
768,22271.297812657,22271.298597049,,3,GPU-46bf67bb-cb31-bee1-3cf0-c35337ba97d2,ok,0,0,453,26.291,40,210,405,439,292
768,22271.297812657,22271.298685089,,4,GPU-127e16de-2b5f-dde9-1932-b4e29bb818c0,ok,0,0,453,23.799,34,210,405,439,292
769,22272.297812657,22272.298551957,,0,GPU-9b96eb67-aeee-89d5-aa85-fc650af4e25c,ok,0,0,453,26.666,35,210,405,390,292
769,22272.297812657,22272.298643267,,1,GPU-37ffc98b-8551-c8a1-5f3c-27ade9ae735a,ok,100,24,1514,349.006,75,1485,9501,3564,15478
769,22272.297812657,22272.298591847,,2,GPU-5443d59d-561f-ed1e-da42-1975937205f9,ok,0,0,453,27.314,36,210,405,537,341
769,22272.297812657,22272.299158827,,3,GPU-46bf67bb-cb31-bee1-3cf0-c35337ba97d2,ok,0,0,453,26.453,40,210,405,439,292
769,22272.297812657,22272.298439737,,4,GPU-127e16de-2b5f-dde9-1932-b4e29bb818c0,ok,0,0,453,23.859,34,210,405,439,292
770,22273.297812657,22273.300073205,,0,GPU-9b96eb67-aeee-89d5-aa85-fc650af4e25c,ok,0,0,453,26.513,35,210,405,439,341
770,22273.297812657,22273.298437155,,1,GPU-37ffc98b-8551-c8a1-5f3c-27ade9ae735a,ok,100,24,1514,349.244,76,1485,9501,3759,13525
770,22273.297812657,22273.298691285,,2,GPU-5443d59d-561f-ed1e-da42-1975937205f9,ok,0,0,453,27.164,36,210,405,537,292
770,22273.297812657,22273.298529325,,3,GPU-46bf67bb-cb31-bee1-3cf0-c35337ba97d2,ok,0,0,453,26.296,40,210,405,439,292
770,22273.297812657,22273.298567085,,4,GPU-127e16de-2b5f-dde9-1932-b4e29bb818c0,ok,0,0,453,23.909,34,210,405,439,341
771,22274.297812657,22274.298478713,,0,GPU-9b96eb67-aeee-89d5-aa85-fc650af4e25c,ok,0,0,453,26.532,35,210,405,439,292
771,22274.297812657,22274.299099053,,1,GPU-37ffc98b-8551-c8a1-5f3c-27ade9ae735a,ok,100,23,1514,349.256,76,1485,9501,3808,14843
771,22274.297812657,22274.298541613,,2,GPU-5443d59d-561f-ed1e-da42-1975937205f9,ok,0,0,453,27.24,36,210,405,537,292
771,22274.297812657,22274.299164503,,3,GPU-46bf67bb-cb31-bee1-3cf0-c35337ba97d2,ok,0,0,453,26.352,40,210,405,390,292
771,22274.297812657,22274.298365513,,4,GPU-127e16de-2b5f-dde9-1932-b4e29bb818c0,ok,0,0,453,23.973,34,210,405,439,341
772,22275.297812657,22275.299142691,,0,GPU-9b96eb67-aeee-89d5-aa85-fc650af4e25c,ok,0,0,453,26.708,35,210,405,439,292
772,22275.297812657,22275.298568871,,1,GPU-37ffc98b-8551-c8a1-5f3c-27ade9ae735a,ok,100,25,1514,349.081,76,1485,9501,4882,14990
772,22275.297812657,22275.299183781,,2,GPU-5443d59d-561f-ed1e-da42-1975937205f9,ok,0,0,453,27.464,36,210,405,488,292
772,22275.297812657,22275.298543751,,3,GPU-46bf67bb-cb31-bee1-3cf0-c35337ba97d2,ok,0,0,453,26.553,40,210,405,439,292
772,22275.297812657,22275.298380101,,4,GPU-127e16de-2b5f-dde9-1932-b4e29bb818c0,ok,0,0,453,24.044,34,210,405,439,341
773,22276.297812657,22276.298708539,,0,GPU-9b96eb67-aeee-89d5-aa85-fc650af4e25c,ok,0,0,453,26.655,35,210,405,439,292
773,22276.297812657,22276.298670249,,1,GPU-37ffc98b-8551-c8a1-5f3c-27ade9ae735a,ok,100,24,1514,349.411,76,1470,9501,4199,13378
773,22276.297812657,22276.298388649,,2,GPU-5443d59d-561f-ed1e-da42-1975937205f9,ok,0,0,453,27.376,36,210,405,439,341
773,22276.297812657,22276.298568499,,3,GPU-46bf67bb-cb31-bee1-3cf0-c35337ba97d2,ok,0,0,453,26.409,40,210,405,439,341
773,22276.297812657,22276.298601029,,4,GPU-127e16de-2b5f-dde9-1932-b4e29bb818c0,ok,0,0,453,24.028,34,210,405,390,341
774,22277.297812657,22277.298591207,,0,GPU-9b96eb67-aeee-89d5-aa85-fc650af4e25c,ok,0,0,453,26.719,35,210,405,439,341
774,22277.297812657,22277.298474507,,1,GPU-37ffc98b-8551-c8a1-5f3c-27ade9ae735a,ok,100,32,1514,348.641,75,1485,9501,4345,13134
774,22277.297812657,22277.298379787,,2,GPU-5443d59d-561f-ed1e-da42-1975937205f9,ok,0,0,453,27.329,36,210,405,488,341
774,22277.297812657,22277.300007787,,3,GPU-46bf67bb-cb31-bee1-3cf0-c35337ba97d2,ok,0,0,453,26.325,40,210,405,439,341
774,22277.297812657,22277.298344607,,4,GPU-127e16de-2b5f-dde9-1932-b4e29bb818c0,ok,0,0,453,24.054,34,210,405,439,341
775,22278.297812657,22278.298509835,,0,GPU-9b96eb67-aeee-89d5-aa85-fc650af4e25c,ok,0,0,453,26.67,35,210,405,439,341
775,22278.297812657,22278.298550575,,1,GPU-37ffc98b-8551-c8a1-5f3c-27ade9ae735a,ok,100,23,1514,348.682,76,1500,9501,5126,11767
775,22278.297812657,22278.298591635,,2,GPU-5443d59d-561f-ed1e-da42-1975937205f9,ok,0,0,453,27.375,36,210,405,537,292
775,22278.297812657,22278.299041545,,3,GPU-46bf67bb-cb31-bee1-3cf0-c35337ba97d2,ok,0,0,453,26.467,40,210,405,439,292
775,22278.297812657,22278.298294345,,4,GPU-127e16de-2b5f-dde9-1932-b4e29bb818c0,ok,0,0,453,24.036,34,210,405,439,292
776,22279.297812657,22279.298549873,,0,GPU-9b96eb67-aeee-89d5-aa85-fc650af4e25c,ok,0,0,453,26.67,35,210,405,439,292
776,22279.297812657,22279.299083673,,1,GPU-37ffc98b-8551-c8a1-5f3c-27ade9ae735a,ok,100,23,1514,348.546,76,1470,9501,4492,11035
776,22279.297812657,22279.298291203,,2,GPU-5443d59d-561f-ed1e-da42-1975937205f9,ok,0,0,453,27.391,36,210,405,439,292
776,22279.297812657,22279.299032933,,3,GPU-46bf67bb-cb31-bee1-3cf0-c35337ba97d2,ok,0,0,453,26.349,40,210,405,439,292
776,22279.297812657,22279.298512273,,4,GPU-127e16de-2b5f-dde9-1932-b4e29bb818c0,ok,0,0,453,23.959,34,210,405,439,292
777,22280.297812657,22280.298844581,,0,GPU-9b96eb67-aeee-89d5-aa85-fc650af4e25c,ok,0,0,453,26.866,35,210,405,439,292
777,22280.297812657,22280.298287771,,1,GPU-37ffc98b-8551-c8a1-5f3c-27ade9ae735a,ok,100,32,1514,349.017,75,1500,9501,5859,7958
777,22280.297812657,22280.298498911,,2,GPU-5443d59d-561f-ed1e-da42-1975937205f9,ok,0,0,453,27.445,36,210,405,439,292
777,22280.297812657,22280.298817341,,3,GPU-46bf67bb-cb31-bee1-3cf0-c35337ba97d2,ok,0,0,453,26.355,40,210,405,439,292
777,22280.297812657,22280.298712711,,4,GPU-127e16de-2b5f-dde9-1932-b4e29bb818c0,ok,0,0,453,24.052,34,210,405,439,292
778,22281.297812657,22281.298685379,,0,GPU-9b96eb67-aeee-89d5-aa85-fc650af4e25c,ok,0,0,453,26.673,35,210,405,439,292
778,22281.297812657,22281.298648709,,1,GPU-37ffc98b-8551-c8a1-5f3c-27ade9ae735a,ok,100,23,1514,348.942,76,1485,9501,5761,8203
778,22281.297812657,22281.298773739,,2,GPU-5443d59d-561f-ed1e-da42-1975937205f9,ok,0,0,453,27.359,36,210,405,537,292
778,22281.297812657,22281.298711519,,3,GPU-46bf67bb-cb31-bee1-3cf0-c35337ba97d2,ok,0,0,453,26.48,40,210,405,439,292
778,22281.297812657,22281.298739569,,4,GPU-127e16de-2b5f-dde9-1932-b4e29bb818c0,ok,0,0,453,24.136,34,210,405,439,292
779,22282.297812657,22282.298762427,,0,GPU-9b96eb67-aeee-89d5-aa85-fc650af4e25c,ok,0,0,453,26.576,35,210,405,439,292
779,22282.297812657,22282.300598558,,1,GPU-37ffc98b-8551-c8a1-5f3c-27ade9ae735a,ok,100,30,1514,348.945,75,1485,9501,5761,9228
779,22282.297812657,22282.298641547,,2,GPU-5443d59d-561f-ed1e-da42-1975937205f9,ok,0,0,453,27.368,36,210,405,439,292
779,22282.297812657,22282.298797517,,3,GPU-46bf67bb-cb31-bee1-3cf0-c35337ba97d2,ok,0,0,453,26.393,40,210,405,439,292
779,22282.297812657,22282.298848687,,4,GPU-127e16de-2b5f-dde9-1932-b4e29bb818c0,ok,0,0,453,24.099,34,210,405,439,292
780,22283.297812657,22283.298495005,,0,GPU-9b96eb67-aeee-89d5-aa85-fc650af4e25c,ok,0,0,453,26.626,35,210,405,439,292
780,22283.297812657,22283.298793815,,1,GPU-37ffc98b-8551-c8a1-5f3c-27ade9ae735a,ok,100,25,1514,348.654,76,1455,9501,5859,8056
780,22283.297812657,22283.298825285,,2,GPU-5443d59d-561f-ed1e-da42-1975937205f9,ok,0,0,453,27.483,36,210,405,488,292
780,22283.297812657,22283.298673325,,3,GPU-46bf67bb-cb31-bee1-3cf0-c35337ba97d2,ok,0,0,453,26.458,40,210,405,439,292
780,22283.297812657,22283.298767055,,4,GPU-127e16de-2b5f-dde9-1932-b4e29bb818c0,ok,0,0,453,24.088,34,210,405,390,292
781,22284.297812657,22284.298788183,,0,GPU-9b96eb67-aeee-89d5-aa85-fc650af4e25c,ok,0,0,453,26.44,35,210,405,439,292
781,22284.297812657,22284.298911533,,1,GPU-37ffc98b-8551-c8a1-5f3c-27ade9ae735a,ok,0,0,1514,263.682,67,1935,9501,390,292
781,22284.297812657,22284.298744413,,2,GPU-5443d59d-561f-ed1e-da42-1975937205f9,ok,0,0,453,27.403,36,210,405,537,292
781,22284.297812657,22284.298878973,,3,GPU-46bf67bb-cb31-bee1-3cf0-c35337ba97d2,ok,0,0,453,26.321,40,210,405,390,292
781,22284.297812657,22284.298691633,,4,GPU-127e16de-2b5f-dde9-1932-b4e29bb818c0,ok,0,0,453,24.126,34,210,405,390,292
782,22285.297812657,22285.298808891,,0,GPU-9b96eb67-aeee-89d5-aa85-fc650af4e25c,ok,0,0,453,26.483,35,210,405,439,292
782,22285.297812657,22285.298728911,,1,GPU-37ffc98b-8551-c8a1-5f3c-27ade9ae735a,ok,0,0,1514,171.072,66,1935,9501,390,292
782,22285.297812657,22285.298784421,,2,GPU-5443d59d-561f-ed1e-da42-1975937205f9,ok,0,0,453,27.453,36,210,405,537,292
782,22285.297812657,22285.298682411,,3,GPU-46bf67bb-cb31-bee1-3cf0-c35337ba97d2,ok,0,0,453,26.146,40,210,405,439,341
782,22285.297812657,22285.298501041,,4,GPU-127e16de-2b5f-dde9-1932-b4e29bb818c0,ok,0,0,453,24.226,34,210,405,439,292
783,22286.297812657,22286.299214649,,0,GPU-9b96eb67-aeee-89d5-aa85-fc650af4e25c,ok,0,0,450,26.774,36,210,405,390,292
783,22286.297812657,22286.299163709,,1,GPU-37ffc98b-8551-c8a1-5f3c-27ade9ae735a,ok,0,0,450,134.617,63,1710,9501,390,292
783,22286.297812657,22286.298318839,,2,GPU-5443d59d-561f-ed1e-da42-1975937205f9,ok,0,0,450,28.12,37,210,405,439,292
783,22286.297812657,22286.298936679,,3,GPU-46bf67bb-cb31-bee1-3cf0-c35337ba97d2,ok,0,0,450,27.096,40,210,405,439,292
783,22286.297812657,22286.299181949,,4,GPU-127e16de-2b5f-dde9-1932-b4e29bb818c0,ok,0,0,450,24.791,34,210,405,439,292
784,22287.297812657,22287.298766457,,0,GPU-9b96eb67-aeee-89d5-aa85-fc650af4e25c,ok,0,0,450,38.337,36,210,405,439,292
784,22287.297812657,22287.298627597,,1,GPU-37ffc98b-8551-c8a1-5f3c-27ade9ae735a,ok,0,0,450,118.574,62,1710,9751,390,292
784,22287.297812657,22287.298590167,,2,GPU-5443d59d-561f-ed1e-da42-1975937205f9,ok,0,0,450,35.613,37,210,405,390,292
784,22287.297812657,22287.298753347,,3,GPU-46bf67bb-cb31-bee1-3cf0-c35337ba97d2,ok,0,0,450,41.225,40,210,405,439,341
784,22287.297812657,22287.299594077,,4,GPU-127e16de-2b5f-dde9-1932-b4e29bb818c0,ok,0,0,450,33.796,35,210,405,439,292
