tick_index,t_target_raw_s,t_receipt_raw_s,utc_anchor,gpu_index,gpu_uuid,status,util_gpu_pct,util_mem_pct,mem_used_mib,power_w,temp_c,clock_sm_mhz,clock_mem_mhz,pcie_tx_kbps,pcie_rx_kbps
-1,6663.583133128,6663.583347429,2026-08-24T22:38:23.098590+00:00,-1,anchor,anchor,,,,,,,,,
0,6663.583133128,6663.635110554,,0,GPU-9b96eb67-aeee-89d5-aa85-fc650af4e25c,ok,0,0,450,104.99,65,510,5001,439,292
0,6663.583133128,6663.692365851,,1,GPU-37ffc98b-8551-c8a1-5f3c-27ade9ae735a,ok,0,0,450,15.84,29,210,405,439,341
0,6663.583133128,6663.750657378,,2,GPU-5443d59d-561f-ed1e-da42-1975937205f9,ok,0,0,450,27.832,35,210,405,439,341
0,6663.583133128,6663.808701446,,3,GPU-46bf67bb-cb31-bee1-3cf0-c35337ba97d2,ok,0,0,450,26.209,39,210,405,439,341
0,6663.583133128,6663.867302773,,4,GPU-127e16de-2b5f-dde9-1932-b4e29bb818c0,ok,0,0,450,23.915,34,210,405,439,341
1,6664.583133128,6664.625344929,,0,GPU-9b96eb67-aeee-89d5-aa85-fc650af4e25c,ok,0,0,450,104.99,62,330,810,439,292
1,6664.583133128,6664.667916832,,1,GPU-37ffc98b-8551-c8a1-5f3c-27ade9ae735a,ok,0,0,450,15.84,29,210,405,439,292
1,6664.583133128,6664.710455994,,2,GPU-5443d59d-561f-ed1e-da42-1975937205f9,ok,0,0,450,27.832,35,210,405,439,292
1,6664.583133128,6664.753170507,,3,GPU-46bf67bb-cb31-bee1-3cf0-c35337ba97d2,ok,0,0,450,26.209,39,210,405,439,341
1,6664.583133128,6664.79583267,,4,GPU-127e16de-2b5f-dde9-1932-b4e29bb818c0,ok,0,0,450,23.915,34,210,405,439,292
2,6665.583133128,6665.626081727,,0,GPU-9b96eb67-aeee-89d5-aa85-fc650af4e25c,ok,0,0,450,57.539,61,210,810,390,292
2,6665.583133128,6665.66889982,,1,GPU-37ffc98b-8551-c8a1-5f3c-27ade9ae735a,ok,0,0,450,15.559,29,210,405,390,292
2,6665.583133128,6665.711538313,,2,GPU-5443d59d-561f-ed1e-da42-1975937205f9,ok,0,0,450,27.654,35,210,405,439,341
2,6665.583133128,6665.754299555,,3,GPU-46bf67bb-cb31-bee1-3cf0-c35337ba97d2,ok,0,0,450,25.979,39,210,405,439,341
2,6665.583133128,6665.797132418,,4,GPU-127e16de-2b5f-dde9-1932-b4e29bb818c0,ok,0,0,450,23.561,34,210,405,439,292
3,6666.583133128,6666.625721405,,0,GPU-9b96eb67-aeee-89d5-aa85-fc650af4e25c,ok,0,0,450,37.36,60,210,405,390,292
3,6666.583133128,6666.668260588,,1,GPU-37ffc98b-8551-c8a1-5f3c-27ade9ae735a,ok,0,0,450,15.471,29,210,405,439,292
3,6666.583133128,6666.710769501,,2,GPU-5443d59d-561f-ed1e-da42-1975937205f9,ok,0,0,450,27.664,35,210,405,439,341
3,6666.583133128,6666.753224563,,3,GPU-46bf67bb-cb31-bee1-3cf0-c35337ba97d2,ok,0,0,450,25.955,39,210,405,439,341
3,6666.583133128,6666.795775036,,4,GPU-127e16de-2b5f-dde9-1932-b4e29bb818c0,ok,0,0,450,23.565,34,210,405,439,292
4,6667.583133128,6667.625875133,,0,GPU-9b96eb67-aeee-89d5-aa85-fc650af4e25c,ok,0,0,450,33.557,60,210,405,439,292
4,6667.583133128,6667.668422166,,1,GPU-37ffc98b-8551-c8a1-5f3c-27ade9ae735a,ok,0,0,450,15.462,29,210,405,439,292
4,6667.583133128,6667.71670427,,2,GPU-5443d59d-561f-ed1e-da42-1975937205f9,ok,0,0,450,27.758,35,210,405,439,390
4,6667.583133128,6667.763236744,,3,GPU-46bf67bb-cb31-bee1-3cf0-c35337ba97d2,ok,0,0,450,26.072,39,210,405,439,390
4,6667.583133128,6667.806119267,,4,GPU-127e16de-2b5f-dde9-1932-b4e29bb818c0,ok,0,0,450,23.695,34,210,405,439,390
5,6668.583133128,6668.624818151,,0,GPU-9b96eb67-aeee-89d5-aa85-fc650af4e25c,ok,0,0,1514,34.636,59,210,405,3662,13378
5,6668.583133128,6668.667230404,,1,GPU-37ffc98b-8551-c8a1-5f3c-27ade9ae735a,ok,0,0,453,16.627,29,210,405,439,292
5,6668.583133128,6668.709658086,,2,GPU-5443d59d-561f-ed1e-da42-1975937205f9,ok,0,0,453,28.781,35,210,405,439,292
5,6668.583133128,6668.752132199,,3,GPU-46bf67bb-cb31-bee1-3cf0-c35337ba97d2,ok,0,0,453,26.939,39,210,405,439,341
5,6668.583133128,6668.794651652,,4,GPU-127e16de-2b5f-dde9-1932-b4e29bb818c0,ok,0,0,453,24.046,34,210,405,439,341
6,6669.583133128,6669.624846759,,0,GPU-9b96eb67-aeee-89d5-aa85-fc650af4e25c,ok,100,24,1514,231.773,69,1485,9501,4394,12207
6,6669.583133128,6669.667358352,,1,GPU-37ffc98b-8551-c8a1-5f3c-27ade9ae735a,ok,0,0,453,25.054,30,210,405,439,292
6,6669.583133128,6669.709871844,,2,GPU-5443d59d-561f-ed1e-da42-1975937205f9,ok,0,0,453,35.778,36,210,405,390,292
6,6669.583133128,6669.752417937,,3,GPU-46bf67bb-cb31-bee1-3cf0-c35337ba97d2,ok,0,0,453,40.896,39,210,405,439,341
6,6669.583133128,6669.79496108,,4,GPU-127e16de-2b5f-dde9-1932-b4e29bb818c0,ok,0,0,453,33.725,34,210,405,439,341
7,6670.583133128,6670.624836477,,0,GPU-9b96eb67-aeee-89d5-aa85-fc650af4e25c,ok,100,26,1514,349.041,71,1470,9501,4003,11572
7,6670.583133128,6670.66739808,,1,GPU-37ffc98b-8551-c8a1-5f3c-27ade9ae735a,ok,0,0,453,25.04,30,210,405,439,292
7,6670.583133128,6670.709938972,,2,GPU-5443d59d-561f-ed1e-da42-1975937205f9,ok,0,0,453,35.734,36,210,405,439,292
7,6670.583133128,6670.752513035,,3,GPU-46bf67bb-cb31-bee1-3cf0-c35337ba97d2,ok,0,0,453,40.822,39,210,405,439,341
7,6670.583133128,6670.795051808,,4,GPU-127e16de-2b5f-dde9-1932-b4e29bb818c0,ok,0,0,453,25.213,35,210,405,439,341
8,6671.583133128,6671.624849555,,0,GPU-9b96eb67-aeee-89d5-aa85-fc650af4e25c,ok,100,26,1514,348.687,71,1470,9501,4248,10839
8,6671.583133128,6671.667366718,,1,GPU-37ffc98b-8551-c8a1-5f3c-27ade9ae735a,ok,0,0,453,16.791,30,210,405,439,292
8,6671.583133128,6671.70988083,,2,GPU-5443d59d-561f-ed1e-da42-1975937205f9,ok,0,0,453,29.023,36,210,405,439,292
8,6671.583133128,6671.752428093,,3,GPU-46bf67bb-cb31-bee1-3cf0-c35337ba97d2,ok,0,0,453,27.681,39,210,405,439,341
8,6671.583133128,6671.794964516,,4,GPU-127e16de-2b5f-dde9-1932-b4e29bb818c0,ok,0,0,453,24.211,34,210,405,439,341
9,6672.583133128,6672.624846223,,0,GPU-9b96eb67-aeee-89d5-aa85-fc650af4e25c,ok,100,24,1514,348.362,71,1485,9501,5078,9765
9,6672.583133128,6672.667366426,,1,GPU-37ffc98b-8551-c8a1-5f3c-27ade9ae735a,ok,0,0,453,15.766,29,210,405,439,292
9,6672.583133128,6672.709904638,,2,GPU-5443d59d-561f-ed1e-da42-1975937205f9,ok,0,0,453,28.143,35,210,405,439,341
9,6672.583133128,6672.752439651,,3,GPU-46bf67bb-cb31-bee1-3cf0-c35337ba97d2,ok,0,0,453,26.241,39,210,405,439,341
9,6672.583133128,6672.795016994,,4,GPU-127e16de-2b5f-dde9-1932-b4e29bb818c0,ok,0,0,453,23.872,34,210,405,439,292
10,6673.583133128,6673.624835971,,0,GPU-9b96eb67-aeee-89d5-aa85-fc650af4e25c,ok,100,23,1514,349.41,71,1455,9501,5419,8105
10,6673.583133128,6673.667368814,,1,GPU-37ffc98b-8551-c8a1-5f3c-27ade9ae735a,ok,0,0,453,15.53,29,210,405,390,341
10,6673.583133128,6673.709926056,,2,GPU-5443d59d-561f-ed1e-da42-1975937205f9,ok,0,0,453,27.828,35,210,405,439,341
10,6673.583133128,6673.752472839,,3,GPU-46bf67bb-cb31-bee1-3cf0-c35337ba97d2,ok,0,0,453,25.955,39,210,405,439,292
10,6673.583133128,6673.794961262,,4,GPU-127e16de-2b5f-dde9-1932-b4e29bb818c0,ok,0,0,453,23.799,34,210,405,439,292
11,6674.583133128,6674.624841209,,0,GPU-9b96eb67-aeee-89d5-aa85-fc650af4e25c,ok,100,22,1514,349.87,72,1470,9501,5517,8984
11,6674.583133128,6674.667367532,,1,GPU-37ffc98b-8551-c8a1-5f3c-27ade9ae735a,ok,0,0,453,15.642,29,210,405,439,341
11,6674.583133128,6674.709920874,,2,GPU-5443d59d-561f-ed1e-da42-1975937205f9,ok,0,0,453,27.901,35,210,405,439,341
11,6674.583133128,6674.752469657,,3,GPU-46bf67bb-cb31-bee1-3cf0-c35337ba97d2,ok,0,0,453,25.941,39,210,405,439,292
11,6674.583133128,6674.79497055,,4,GPU-127e16de-2b5f-dde9-1932-b4e29bb818c0,ok,0,0,453,24.025,34,210,405,439,292
12,6675.583133128,6675.624830017,,0,GPU-9b96eb67-aeee-89d5-aa85-fc650af4e25c,ok,100,22,1514,349.205,72,1470,9501,4394,12792
12,6675.583133128,6675.66734447,,1,GPU-37ffc98b-8551-c8a1-5f3c-27ade9ae735a,ok,0,0,453,15.807,29,210,405,439,292
12,6675.583133128,6675.709901152,,2,GPU-5443d59d-561f-ed1e-da42-1975937205f9,ok,0,0,453,28.079,35,210,405,390,341
12,6675.583133128,6675.752455955,,3,GPU-46bf67bb-cb31-bee1-3cf0-c35337ba97d2,ok,0,0,453,26.075,39,210,405,439,292
12,6675.583133128,6675.794987318,,4,GPU-127e16de-2b5f-dde9-1932-b4e29bb818c0,ok,0,0,453,24.058,34,210,405,439,292
13,6676.583133128,6676.624939805,,0,GPU-9b96eb67-aeee-89d5-aa85-fc650af4e25c,ok,100,23,1514,349.795,72,1485,9501,3515,14941
13,6676.583133128,6676.667444598,,1,GPU-37ffc98b-8551-c8a1-5f3c-27ade9ae735a,ok,0,0,453,15.605,29,210,405,439,292
13,6676.583133128,6676.709985841,,2,GPU-5443d59d-561f-ed1e-da42-1975937205f9,ok,0,0,453,27.924,35,210,405,439,341
13,6676.583133128,6676.752508503,,3,GPU-46bf67bb-cb31-bee1-3cf0-c35337ba97d2,ok,0,0,453,25.92,39,210,405,439,292
13,6676.583133128,6676.795062326,,4,GPU-127e16de-2b5f-dde9-1932-b4e29bb818c0,ok,0,0,453,24.071,34,210,405,439,292
14,6677.583133128,6677.624871493,,0,GPU-9b96eb67-aeee-89d5-aa85-fc650af4e25c,ok,100,23,1514,349.652,72,1485,9501,3369,12451
14,6677.583133128,6677.667295606,,1,GPU-37ffc98b-8551-c8a1-5f3c-27ade9ae735a,ok,0,0,453,15.509,29,210,405,439,341
14,6677.583133128,6677.709747538,,2,GPU-5443d59d-561f-ed1e-da42-1975937205f9,ok,0,0,453,27.903,35,210,405,439,292
14,6677.583133128,6677.752295031,,3,GPU-46bf67bb-cb31-bee1-3cf0-c35337ba97d2,ok,0,0,453,25.981,39,210,405,390,341
14,6677.583133128,6677.794827924,,4,GPU-127e16de-2b5f-dde9-1932-b4e29bb818c0,ok,0,0,453,24.201,34,210,405,439,292
15,6678.583133128,6678.624835621,,0,GPU-9b96eb67-aeee-89d5-aa85-fc650af4e25c,ok,100,23,1514,349.028,72,1470,9501,4589,10498
15,6678.583133128,6678.667360824,,1,GPU-37ffc98b-8551-c8a1-5f3c-27ade9ae735a,ok,0,0,453,15.587,29,210,405,439,292
15,6678.583133128,6678.709915037,,2,GPU-5443d59d-561f-ed1e-da42-1975937205f9,ok,0,0,453,27.996,35,210,405,439,292
15,6678.583133128,6678.752450289,,3,GPU-46bf67bb-cb31-bee1-3cf0-c35337ba97d2,ok,0,0,453,26.177,39,210,405,439,341
15,6678.583133128,6678.795005662,,4,GPU-127e16de-2b5f-dde9-1932-b4e29bb818c0,ok,0,0,453,24.253,34,210,405,439,292
16,6679.583133128,6679.624874389,,0,GPU-9b96eb67-aeee-89d5-aa85-fc650af4e25c,ok,100,22,1514,349.545,72,1440,9501,5810,7666
16,6679.583133128,6679.667389102,,1,GPU-37ffc98b-8551-c8a1-5f3c-27ade9ae735a,ok,0,0,453,15.491,29,210,405,439,292
16,6679.583133128,6679.709926855,,2,GPU-5443d59d-561f-ed1e-da42-1975937205f9,ok,0,0,453,27.751,35,210,405,439,292
16,6679.583133128,6679.752465717,,3,GPU-46bf67bb-cb31-bee1-3cf0-c35337ba97d2,ok,0,0,453,26.022,39,210,405,439,341
16,6679.583133128,6679.7950112300005,,4,GPU-127e16de-2b5f-dde9-1932-b4e29bb818c0,ok,0,0,453,24.307,34,210,405,439,292
17,6680.583133128,6680.624866797,,0,GPU-9b96eb67-aeee-89d5-aa85-fc650af4e25c,ok,100,21,1514,348.648,73,1470,9501,4736,10546
17,6680.583133128,6680.66738275,,1,GPU-37ffc98b-8551-c8a1-5f3c-27ade9ae735a,ok,0,0,453,15.612,29,210,405,439,292
17,6680.583133128,6680.709914413,,2,GPU-5443d59d-561f-ed1e-da42-1975937205f9,ok,0,0,453,27.733,35,210,405,439,292
17,6680.583133128,6680.752469275,,3,GPU-46bf67bb-cb31-bee1-3cf0-c35337ba97d2,ok,0,0,453,26.03,39,210,405,439,341
17,6680.583133128,6680.795012928,,4,GPU-127e16de-2b5f-dde9-1932-b4e29bb818c0,ok,0,0,453,24.06,34,210,405,439,292
18,6681.583133128,6681.624857645,,0,GPU-9b96eb67-aeee-89d5-aa85-fc650af4e25c,ok,100,24,1514,349.568,73,1470,9501,3906,12744
18,6681.583133128,6681.667385358,,1,GPU-37ffc98b-8551-c8a1-5f3c-27ade9ae735a,ok,0,0,453,15.832,29,210,405,439,341
18,6681.583133128,6681.709933761,,2,GPU-5443d59d-561f-ed1e-da42-1975937205f9,ok,0,0,453,27.988,35,210,405,439,292
18,6681.583133128,6681.752375483,,3,GPU-46bf67bb-cb31-bee1-3cf0-c35337ba97d2,ok,0,0,453,26.208,39,210,405,439,292
18,6681.583133128,6681.794846786,,4,GPU-127e16de-2b5f-dde9-1932-b4e29bb818c0,ok,0,0,453,24.122,34,210,405,439,341
19,6682.583133128,6682.624860523,,0,GPU-9b96eb67-aeee-89d5-aa85-fc650af4e25c,ok,100,24,1514,348.693,73,1470,9501,3125,12255
19,6682.583133128,6682.667383616,,1,GPU-37ffc98b-8551-c8a1-5f3c-27ade9ae735a,ok,0,0,453,15.692,29,210,405,390,341
19,6682.583133128,6682.709931969,,2,GPU-5443d59d-561f-ed1e-da42-1975937205f9,ok,0,0,453,27.887,35,210,405,439,292
19,6682.583133128,6682.752477891,,3,GPU-46bf67bb-cb31-bee1-3cf0-c35337ba97d2,ok,0,0,453,26.087,39,210,405,439,292
19,6682.583133128,6682.795027054,,4,GPU-127e16de-2b5f-dde9-1932-b4e29bb818c0,ok,0,0,453,24.383,34,210,405,439,341
20,6683.583133128,6683.624854211,,0,GPU-9b96eb67-aeee-89d5-aa85-fc650af4e25c,ok,100,22,1514,348.331,73,1470,9501,4492,10400
20,6683.583133128,6683.667377874,,1,GPU-37ffc98b-8551-c8a1-5f3c-27ade9ae735a,ok,0,0,453,15.549,29,210,405,439,292
20,6683.583133128,6683.709898987,,2,GPU-5443d59d-561f-ed1e-da42-1975937205f9,ok,0,0,453,27.875,35,210,405,439,292
20,6683.583133128,6683.752453559,,3,GPU-46bf67bb-cb31-bee1-3cf0-c35337ba97d2,ok,0,0,453,26.172,39,210,405,439,341
20,6683.583133128,6683.794968622,,4,GPU-127e16de-2b5f-dde9-1932-b4e29bb818c0,ok,0,0,453,24.22,34,210,405,439,341
21,6684.583133128,6684.624899109,,0,GPU-9b96eb67-aeee-89d5-aa85-fc650af4e25c,ok,100,22,1514,349.016,73,1470,9501,5371,7568
21,6684.583133128,6684.667415382,,1,GPU-37ffc98b-8551-c8a1-5f3c-27ade9ae735a,ok,0,0,453,15.592,29,210,405,439,292
21,6684.583133128,6684.709958755,,2,GPU-5443d59d-561f-ed1e-da42-1975937205f9,ok,0,0,453,28.019,35,210,405,439,292
21,6684.583133128,6684.752501007,,3,GPU-46bf67bb-cb31-bee1-3cf0-c35337ba97d2,ok,0,0,453,26.358,39,210,405,439,341
21,6684.583133128,6684.79501735,,4,GPU-127e16de-2b5f-dde9-1932-b4e29bb818c0,ok,0,0,453,24.171,34,210,405,439,341
22,6685.583133128,6685.624879787,,0,GPU-9b96eb67-aeee-89d5-aa85-fc650af4e25c,ok,100,22,1514,349.179,73,1470,9501,5664,14111
22,6685.583133128,6685.66738922,,1,GPU-37ffc98b-8551-c8a1-5f3c-27ade9ae735a,ok,0,0,453,15.453,29,210,405,439,292
22,6685.583133128,6685.709919783,,2,GPU-5443d59d-561f-ed1e-da42-1975937205f9,ok,0,0,453,27.931,35,210,405,390,341
22,6685.583133128,6685.752449125,,3,GPU-46bf67bb-cb31-bee1-3cf0-c35337ba97d2,ok,0,0,453,26.167,39,210,405,439,341
22,6685.583133128,6685.794993688,,4,GPU-127e16de-2b5f-dde9-1932-b4e29bb818c0,ok,0,0,453,24.206,34,210,405,439,341
23,6686.583133128,6686.624855425,,0,GPU-9b96eb67-aeee-89d5-aa85-fc650af4e25c,ok,100,27,1514,349.248,73,1470,9501,3369,15087
23,6686.583133128,6686.667378048,,1,GPU-37ffc98b-8551-c8a1-5f3c-27ade9ae735a,ok,0,0,453,15.496,29,210,405,439,292
23,6686.583133128,6686.709911271,,2,GPU-5443d59d-561f-ed1e-da42-1975937205f9,ok,0,0,453,27.92,35,210,405,439,341
23,6686.583133128,6686.752432683,,3,GPU-46bf67bb-cb31-bee1-3cf0-c35337ba97d2,ok,0,0,453,26.143,39,210,405,439,292
23,6686.583133128,6686.794978596,,4,GPU-127e16de-2b5f-dde9-1932-b4e29bb818c0,ok,0,0,453,24.272,34,210,405,439,341
24,6687.583133128,6687.624883273,,0,GPU-9b96eb67-aeee-89d5-aa85-fc650af4e25c,ok,100,25,1514,348.604,73,1470,9501,4638,12548
24,6687.583133128,6687.667395106,,1,GPU-37ffc98b-8551-c8a1-5f3c-27ade9ae735a,ok,0,0,453,15.549,29,210,405,390,341
24,6687.583133128,6687.709922059,,2,GPU-5443d59d-561f-ed1e-da42-1975937205f9,ok,0,0,453,27.956,35,210,405,439,292
24,6687.583133128,6687.752463881,,3,GPU-46bf67bb-cb31-bee1-3cf0-c35337ba97d2,ok,0,0,453,26.258,39,210,405,439,292
24,6687.583133128,6687.795004314,,4,GPU-127e16de-2b5f-dde9-1932-b4e29bb818c0,ok,0,0,453,24.152,34,210,405,439,341
25,6688.583133128,6688.624873311,,0,GPU-9b96eb67-aeee-89d5-aa85-fc650af4e25c,ok,100,22,1514,348.778,74,1470,9501,5419,7568
25,6688.583133128,6688.667395974,,1,GPU-37ffc98b-8551-c8a1-5f3c-27ade9ae735a,ok,0,0,453,15.151,29,210,405,390,292
25,6688.583133128,6688.709911127,,2,GPU-5443d59d-561f-ed1e-da42-1975937205f9,ok,0,0,453,27.83,35,210,405,439,341
25,6688.583133128,6688.752459179,,3,GPU-46bf67bb-cb31-bee1-3cf0-c35337ba97d2,ok,0,0,453,26.117,39,210,405,439,292
25,6688.583133128,6688.795019492,,4,GPU-127e16de-2b5f-dde9-1932-b4e29bb818c0,ok,0,0,453,24.128,34,210,405,439,341
26,6689.583133128,6689.624867599,,0,GPU-9b96eb67-aeee-89d5-aa85-fc650af4e25c,ok,100,21,1514,349.589,74,1455,9501,4492,12255
26,6689.583133128,6689.667410532,,1,GPU-37ffc98b-8551-c8a1-5f3c-27ade9ae735a,ok,0,0,453,15.091,29,210,405,439,292
26,6689.583133128,6689.709966895,,2,GPU-5443d59d-561f-ed1e-da42-1975937205f9,ok,0,0,453,27.834,35,210,405,439,341
26,6689.583133128,6689.752507008,,3,GPU-46bf67bb-cb31-bee1-3cf0-c35337ba97d2,ok,0,0,453,26.095,39,210,405,439,292
26,6689.583133128,6689.79505103,,4,GPU-127e16de-2b5f-dde9-1932-b4e29bb818c0,ok,0,0,453,24.348,34,210,405,439,341
27,6690.583133128,6690.624850977,,0,GPU-9b96eb67-aeee-89d5-aa85-fc650af4e25c,ok,100,23,1514,349.478,74,1455,9501,3320,14257
27,6690.583133128,6690.66727221,,1,GPU-37ffc98b-8551-c8a1-5f3c-27ade9ae735a,ok,0,0,453,15.272,29,210,405,439,292
27,6690.583133128,6690.709706403,,2,GPU-5443d59d-561f-ed1e-da42-1975937205f9,ok,0,0,453,27.999,35,210,405,439,292
27,6690.583133128,6690.752254175,,3,GPU-46bf67bb-cb31-bee1-3cf0-c35337ba97d2,ok,0,0,453,26.221,39,210,405,439,341
27,6690.583133128,6690.794790478,,4,GPU-127e16de-2b5f-dde9-1932-b4e29bb818c0,ok,0,0,453,24.331,34,210,405,439,341
28,6691.583133128,6691.624837756,,0,GPU-9b96eb67-aeee-89d5-aa85-fc650af4e25c,ok,100,23,1514,349.484,74,1455,9501,4541,10791
28,6691.583133128,6691.667350038,,1,GPU-37ffc98b-8551-c8a1-5f3c-27ade9ae735a,ok,0,0,453,15.148,29,210,405,439,341
28,6691.583133128,6691.709902191,,2,GPU-5443d59d-561f-ed1e-da42-1975937205f9,ok,0,0,453,27.927,35,210,405,390,292
28,6691.583133128,6691.752441894,,3,GPU-46bf67bb-cb31-bee1-3cf0-c35337ba97d2,ok,0,0,453,26.01,39,210,405,439,292
28,6691.583133128,6691.794974836,,4,GPU-127e16de-2b5f-dde9-1932-b4e29bb818c0,ok,0,0,453,24.303,34,210,405,439,341
29,6692.583133128,6692.624852244,,0,GPU-9b96eb67-aeee-89d5-aa85-fc650af4e25c,ok,100,21,1514,348.367,74,1470,9501,5615,7617
29,6692.583133128,6692.667387406,,1,GPU-37ffc98b-8551-c8a1-5f3c-27ade9ae735a,ok,0,0,453,15.157,29,210,405,439,292
29,6692.583133128,6692.709921479,,2,GPU-5443d59d-561f-ed1e-da42-1975937205f9,ok,0,0,453,27.876,35,210,405,439,292
29,6692.583133128,6692.752474042,,3,GPU-46bf67bb-cb31-bee1-3cf0-c35337ba97d2,ok,0,0,453,25.93,39,210,405,439,292
29,6692.583133128,6692.795033394,,4,GPU-127e16de-2b5f-dde9-1932-b4e29bb818c0,ok,0,0,453,24.11,34,210,405,439,341
30,6693.583133128,6693.624833882,,0,GPU-9b96eb67-aeee-89d5-aa85-fc650af4e25c,ok,100,26,1514,348.061,74,1470,9501,3906,13037
30,6693.583133128,6693.667351994,,1,GPU-37ffc98b-8551-c8a1-5f3c-27ade9ae735a,ok,0,0,453,15.244,29,210,405,439,292
30,6693.583133128,6693.709916677,,2,GPU-5443d59d-561f-ed1e-da42-1975937205f9,ok,0,0,453,28.105,35,210,405,439,292
30,6693.583133128,6693.75247786,,3,GPU-46bf67bb-cb31-bee1-3cf0-c35337ba97d2,ok,0,0,453,26.112,39,210,405,439,292
30,6693.583133128,6693.795041892,,4,GPU-127e16de-2b5f-dde9-1932-b4e29bb818c0,ok,0,0,453,23.815,34,210,405,439,341
31,6694.583133128,6694.62489311,,0,GPU-9b96eb67-aeee-89d5-aa85-fc650af4e25c,ok,0,0,1514,308.787,69,1725,9501,488,292
31,6694.583133128,6694.667617592,,1,GPU-37ffc98b-8551-c8a1-5f3c-27ade9ae735a,ok,0,0,453,15.172,29,210,405,439,292
31,6694.583133128,6694.710236215,,2,GPU-5443d59d-561f-ed1e-da42-1975937205f9,ok,0,0,453,28.065,35,210,405,439,341
31,6694.583133128,6694.752943078,,3,GPU-46bf67bb-cb31-bee1-3cf0-c35337ba97d2,ok,0,0,453,25.955,39,210,405,439,292
31,6694.583133128,6694.79566144,,4,GPU-127e16de-2b5f-dde9-1932-b4e29bb818c0,ok,0,0,453,23.849,34,210,405,390,341
32,6695.583133128,6695.624900888,,0,GPU-9b96eb67-aeee-89d5-aa85-fc650af4e25c,ok,0,0,1514,171.99,66,1725,9501,439,292
32,6695.583133128,6695.66762481,,1,GPU-37ffc98b-8551-c8a1-5f3c-27ade9ae735a,ok,0,0,453,15.278,29,210,405,390,292
32,6695.583133128,6695.710383453,,2,GPU-5443d59d-561f-ed1e-da42-1975937205f9,ok,0,0,453,28.0,35,210,405,439,292
32,6695.583133128,6695.753208356,,3,GPU-46bf67bb-cb31-bee1-3cf0-c35337ba97d2,ok,0,0,453,25.957,39,210,405,439,292
32,6695.583133128,6695.795937069,,4,GPU-127e16de-2b5f-dde9-1932-b4e29bb818c0,ok,0,0,453,24.022,34,210,405,439,341
33,6696.583133128,6696.624837426,,0,GPU-9b96eb67-aeee-89d5-aa85-fc650af4e25c,ok,100,31,1514,171.405,71,1470,9501,3417,14794
33,6696.583133128,6696.667351808,,1,GPU-37ffc98b-8551-c8a1-5f3c-27ade9ae735a,ok,0,0,453,15.356,29,210,405,390,341
33,6696.583133128,6696.709886461,,2,GPU-5443d59d-561f-ed1e-da42-1975937205f9,ok,0,0,453,28.068,35,210,405,390,292
33,6696.583133128,6696.752432064,,3,GPU-46bf67bb-cb31-bee1-3cf0-c35337ba97d2,ok,0,0,453,26.167,39,210,405,439,292
33,6696.583133128,6696.794977626,,4,GPU-127e16de-2b5f-dde9-1932-b4e29bb818c0,ok,0,0,453,24.061,34,210,405,439,292
34,6697.583133128,6697.624845384,,0,GPU-9b96eb67-aeee-89d5-aa85-fc650af4e25c,ok,100,23,1514,349.028,73,1455,9501,4101,11572
34,6697.583133128,6697.667367926,,1,GPU-37ffc98b-8551-c8a1-5f3c-27ade9ae735a,ok,0,0,453,15.178,29,210,405,439,292
34,6697.583133128,6697.709927489,,2,GPU-5443d59d-561f-ed1e-da42-1975937205f9,ok,0,0,453,27.847,35,210,405,439,292
34,6697.583133128,6697.752484102,,3,GPU-46bf67bb-cb31-bee1-3cf0-c35337ba97d2,ok,0,0,453,26.07,39,210,405,439,341
34,6697.583133128,6697.795042854,,4,GPU-127e16de-2b5f-dde9-1932-b4e29bb818c0,ok,0,0,453,24.161,34,210,405,390,341
35,6698.583133128,6698.624836722,,0,GPU-9b96eb67-aeee-89d5-aa85-fc650af4e25c,ok,100,23,1514,348.417,73,1455,9501,5468,7861
35,6698.583133128,6698.667346064,,1,GPU-37ffc98b-8551-c8a1-5f3c-27ade9ae735a,ok,0,0,453,15.211,29,210,405,439,292
35,6698.583133128,6698.709883107,,2,GPU-5443d59d-561f-ed1e-da42-1975937205f9,ok,0,0,453,27.742,35,210,405,439,292
35,6698.583133128,6698.75245255,,3,GPU-46bf67bb-cb31-bee1-3cf0-c35337ba97d2,ok,0,0,453,26.148,39,210,405,439,292
35,6698.583133128,6698.795005262,,4,GPU-127e16de-2b5f-dde9-1932-b4e29bb818c0,ok,0,0,453,24.101,34,210,405,439,341
36,6699.583133128,6699.62481538,,0,GPU-9b96eb67-aeee-89d5-aa85-fc650af4e25c,ok,100,21,1514,348.406,74,1455,9501,5029,12255
36,6699.583133128,6699.667328042,,1,GPU-37ffc98b-8551-c8a1-5f3c-27ade9ae735a,ok,0,0,453,15.396,29,210,405,439,292
36,6699.583133128,6699.709858225,,2,GPU-5443d59d-561f-ed1e-da42-1975937205f9,ok,0,0,453,27.813,35,210,405,439,292
36,6699.583133128,6699.752381938,,3,GPU-46bf67bb-cb31-bee1-3cf0-c35337ba97d2,ok,0,0,453,26.355,39,210,405,439,292
36,6699.583133128,6699.79490698,,4,GPU-127e16de-2b5f-dde9-1932-b4e29bb818c0,ok,0,0,453,24.06,34,210,405,439,341
37,6700.583133128,6700.624863438,,0,GPU-9b96eb67-aeee-89d5-aa85-fc650af4e25c,ok,100,23,1514,348.776,74,1455,9501,3271,14892
37,6700.583133128,6700.66738187,,1,GPU-37ffc98b-8551-c8a1-5f3c-27ade9ae735a,ok,0,0,453,15.417,29,210,405,390,292
37,6700.583133128,6700.709913783,,2,GPU-5443d59d-561f-ed1e-da42-1975937205f9,ok,0,0,453,27.681,35,210,405,390,292
37,6700.583133128,6700.752466236,,3,GPU-46bf67bb-cb31-bee1-3cf0-c35337ba97d2,ok,0,0,453,26.228,39,210,405,439,341
37,6700.583133128,6700.794985728,,4,GPU-127e16de-2b5f-dde9-1932-b4e29bb818c0,ok,0,0,453,24.281,34,210,405,390,341
38,6701.583133128,6701.624910926,,0,GPU-9b96eb67-aeee-89d5-aa85-fc650af4e25c,ok,100,20,1514,348.102,74,1470,9501,5371,10791
38,6701.583133128,6701.667424418,,1,GPU-37ffc98b-8551-c8a1-5f3c-27ade9ae735a,ok,0,0,453,15.409,29,210,405,390,341
38,6701.583133128,6701.709980751,,2,GPU-5443d59d-561f-ed1e-da42-1975937205f9,ok,0,0,453,27.812,35,210,405,439,341
38,6701.583133128,6701.752529964,,3,GPU-46bf67bb-cb31-bee1-3cf0-c35337ba97d2,ok,0,0,453,26.223,39,210,405,439,341
38,6701.583133128,6701.795091416,,4,GPU-127e16de-2b5f-dde9-1932-b4e29bb818c0,ok,0,0,453,24.324,34,210,405,439,341
39,6702.583133128,6702.624892254,,0,GPU-9b96eb67-aeee-89d5-aa85-fc650af4e25c,ok,100,21,1514,348.12,74,1470,9501,5468,8496
39,6702.583133128,6702.667397476,,1,GPU-37ffc98b-8551-c8a1-5f3c-27ade9ae735a,ok,0,0,453,15.426,29,210,405,439,292
39,6702.583133128,6702.709942199,,2,GPU-5443d59d-561f-ed1e-da42-1975937205f9,ok,0,0,453,27.996,35,210,405,439,292
39,6702.583133128,6702.752492942,,3,GPU-46bf67bb-cb31-bee1-3cf0-c35337ba97d2,ok,0,0,453,26.376,39,210,405,439,292
39,6702.583133128,6702.795034314,,4,GPU-127e16de-2b5f-dde9-1932-b4e29bb818c0,ok,0,0,453,24.175,34,210,405,390,292
40,6703.583133128,6703.624902122,,0,GPU-9b96eb67-aeee-89d5-aa85-fc650af4e25c,ok,100,26,1514,349.293,74,1455,9501,3515,13720
40,6703.583133128,6703.667333794,,1,GPU-37ffc98b-8551-c8a1-5f3c-27ade9ae735a,ok,0,0,453,15.325,29,210,405,390,292
40,6703.583133128,6703.709853267,,2,GPU-5443d59d-561f-ed1e-da42-1975937205f9,ok,0,0,453,27.91,35,210,405,439,292
40,6703.583133128,6703.75239952,,3,GPU-46bf67bb-cb31-bee1-3cf0-c35337ba97d2,ok,0,0,453,26.159,39,210,405,439,292
40,6703.583133128,6703.794977312,,4,GPU-127e16de-2b5f-dde9-1932-b4e29bb818c0,ok,0,0,453,24.015,34,210,405,439,341
41,6704.583133128,6704.6248393,,0,GPU-9b96eb67-aeee-89d5-aa85-fc650af4e25c,ok,100,26,1514,348.644,74,1455,9501,3759,12207
41,6704.583133128,6704.667384752,,1,GPU-37ffc98b-8551-c8a1-5f3c-27ade9ae735a,ok,0,0,453,15.371,29,210,405,439,292
41,6704.583133128,6704.709939825,,2,GPU-5443d59d-561f-ed1e-da42-1975937205f9,ok,0,0,453,27.924,35,210,405,390,292
41,6704.583133128,6704.752422178,,3,GPU-46bf67bb-cb31-bee1-3cf0-c35337ba97d2,ok,0,0,453,26.106,39,210,405,439,292
41,6704.583133128,6704.794959191,,4,GPU-127e16de-2b5f-dde9-1932-b4e29bb818c0,ok,0,0,453,24.078,34,210,405,439,292
42,6705.583133128,6705.625006638,,0,GPU-9b96eb67-aeee-89d5-aa85-fc650af4e25c,ok,100,21,1514,348.479,74,1470,9501,5664,7812
42,6705.583133128,6705.667535051,,1,GPU-37ffc98b-8551-c8a1-5f3c-27ade9ae735a,ok,0,0,453,15.507,29,210,405,439,292
42,6705.583133128,6705.710054283,,2,GPU-5443d59d-561f-ed1e-da42-1975937205f9,ok,0,0,453,27.832,35,210,405,439,292
42,6705.583133128,6705.752600176,,3,GPU-46bf67bb-cb31-bee1-3cf0-c35337ba97d2,ok,0,0,453,26.377,39,210,405,439,292
42,6705.583133128,6705.795145379,,4,GPU-127e16de-2b5f-dde9-1932-b4e29bb818c0,ok,0,0,453,24.08,34,210,405,390,292
43,6706.583133128,6706.624867666,,0,GPU-9b96eb67-aeee-89d5-aa85-fc650af4e25c,ok,100,22,1514,349.007,74,1455,9501,4443,12939
43,6706.583133128,6706.667386409,,1,GPU-37ffc98b-8551-c8a1-5f3c-27ade9ae735a,ok,0,0,453,15.532,29,210,405,439,341
43,6706.583133128,6706.709944351,,2,GPU-5443d59d-561f-ed1e-da42-1975937205f9,ok,0,0,453,27.782,35,210,405,439,292
43,6706.583133128,6706.752482374,,3,GPU-46bf67bb-cb31-bee1-3cf0-c35337ba97d2,ok,0,0,453,26.204,39,210,405,439,341
43,6706.583133128,6706.795023157,,4,GPU-127e16de-2b5f-dde9-1932-b4e29bb818c0,ok,0,0,453,23.947,34,210,405,439,292
44,6707.583133128,6707.624847264,,0,GPU-9b96eb67-aeee-89d5-aa85-fc650af4e25c,ok,100,22,1514,349.296,74,1470,9501,3125,13916
44,6707.583133128,6707.667263847,,1,GPU-37ffc98b-8551-c8a1-5f3c-27ade9ae735a,ok,0,0,453,15.532,29,210,405,439,292
44,6707.583133128,6707.709683339,,2,GPU-5443d59d-561f-ed1e-da42-1975937205f9,ok,0,0,453,27.807,35,210,405,439,341
44,6707.583133128,6707.752124072,,3,GPU-46bf67bb-cb31-bee1-3cf0-c35337ba97d2,ok,0,0,453,26.114,39,210,405,439,292
44,6707.583133128,6707.794633384,,4,GPU-127e16de-2b5f-dde9-1932-b4e29bb818c0,ok,0,0,453,23.962,34,210,405,439,292
45,6708.583133128,6708.624857362,,0,GPU-9b96eb67-aeee-89d5-aa85-fc650af4e25c,ok,100,21,1514,348.962,74,1470,9501,5273,8398
45,6708.583133128,6708.667376785,,1,GPU-37ffc98b-8551-c8a1-5f3c-27ade9ae735a,ok,0,0,453,15.256,29,210,405,390,292
45,6708.583133128,6708.709895497,,2,GPU-5443d59d-561f-ed1e-da42-1975937205f9,ok,0,0,453,27.711,35,210,405,439,292
45,6708.583133128,6708.75243432,,3,GPU-46bf67bb-cb31-bee1-3cf0-c35337ba97d2,ok,0,0,453,26.16,39,210,405,439,292
45,6708.583133128,6708.795015063,,4,GPU-127e16de-2b5f-dde9-1932-b4e29bb818c0,ok,0,0,453,24.03,34,210,405,439,292
46,6709.583133128,6709.62483259,,0,GPU-9b96eb67-aeee-89d5-aa85-fc650af4e25c,ok,100,22,1514,348.71,74,1455,9501,5761,13964
46,6709.583133128,6709.667363533,,1,GPU-37ffc98b-8551-c8a1-5f3c-27ade9ae735a,ok,0,0,453,15.119,29,210,405,439,292
46,6709.583133128,6709.709884435,,2,GPU-5443d59d-561f-ed1e-da42-1975937205f9,ok,0,0,453,27.746,35,210,405,439,292
46,6709.583133128,6709.752418668,,3,GPU-46bf67bb-cb31-bee1-3cf0-c35337ba97d2,ok,0,0,453,26.264,39,210,405,439,292
46,6709.583133128,6709.794984691,,4,GPU-127e16de-2b5f-dde9-1932-b4e29bb818c0,ok,0,0,453,23.857,34,210,405,439,292
47,6710.583133128,6710.624841498,,0,GPU-9b96eb67-aeee-89d5-aa85-fc650af4e25c,ok,100,23,1514,348.441,74,1455,9501,3076,13281
47,6710.583133128,6710.667373051,,1,GPU-37ffc98b-8551-c8a1-5f3c-27ade9ae735a,ok,0,0,453,15.198,29,210,405,439,292
47,6710.583133128,6710.709905643,,2,GPU-5443d59d-561f-ed1e-da42-1975937205f9,ok,0,0,453,27.851,35,210,405,439,292
47,6710.583133128,6710.752446766,,3,GPU-46bf67bb-cb31-bee1-3cf0-c35337ba97d2,ok,0,0,453,26.405,39,210,405,439,341
47,6710.583133128,6710.794972099,,4,GPU-127e16de-2b5f-dde9-1932-b4e29bb818c0,ok,0,0,453,23.513,34,210,405,439,292
48,6711.583133128,6711.624858516,,0,GPU-9b96eb67-aeee-89d5-aa85-fc650af4e25c,ok,100,20,1514,349.352,75,1470,9501,4638,9472
48,6711.583133128,6711.667373849,,1,GPU-37ffc98b-8551-c8a1-5f3c-27ade9ae735a,ok,0,0,453,15.141,29,210,405,439,292
48,6711.583133128,6711.709909361,,2,GPU-5443d59d-561f-ed1e-da42-1975937205f9,ok,0,0,453,27.75,35,210,405,439,292
48,6711.583133128,6711.752433014,,3,GPU-46bf67bb-cb31-bee1-3cf0-c35337ba97d2,ok,0,0,453,26.143,39,210,405,488,341
48,6711.583133128,6711.794936827,,4,GPU-127e16de-2b5f-dde9-1932-b4e29bb818c0,ok,0,0,453,23.612,34,210,405,488,292
49,6712.583133128,6712.624883564,,0,GPU-9b96eb67-aeee-89d5-aa85-fc650af4e25c,ok,100,22,1514,348.973,74,1455,9501,5419,8496
49,6712.583133128,6712.667400707,,1,GPU-37ffc98b-8551-c8a1-5f3c-27ade9ae735a,ok,0,0,453,15.291,29,210,405,390,341
49,6712.583133128,6712.709930029,,2,GPU-5443d59d-561f-ed1e-da42-1975937205f9,ok,0,0,453,27.728,35,210,405,439,341
49,6712.583133128,6712.752452652,,3,GPU-46bf67bb-cb31-bee1-3cf0-c35337ba97d2,ok,0,0,453,26.13,39,210,405,439,341
49,6712.583133128,6712.794989305,,4,GPU-127e16de-2b5f-dde9-1932-b4e29bb818c0,ok,0,0,453,23.751,34,210,405,439,292
50,6713.583133128,6713.624839482,,0,GPU-9b96eb67-aeee-89d5-aa85-fc650af4e25c,ok,100,22,1514,348.849,75,1455,9501,3466,13574
50,6713.583133128,6713.667377025,,1,GPU-37ffc98b-8551-c8a1-5f3c-27ade9ae735a,ok,0,0,453,15.45,29,210,405,439,341
50,6713.583133128,6713.709914687,,2,GPU-5443d59d-561f-ed1e-da42-1975937205f9,ok,0,0,453,27.902,35,210,405,439,292
50,6713.583133128,6713.75245963,,3,GPU-46bf67bb-cb31-bee1-3cf0-c35337ba97d2,ok,0,0,453,26.255,39,210,405,439,341
50,6713.583133128,6713.794969733,,4,GPU-127e16de-2b5f-dde9-1932-b4e29bb818c0,ok,0,0,453,23.718,34,210,405,439,292
51,6714.583133128,6714.6248424,,0,GPU-9b96eb67-aeee-89d5-aa85-fc650af4e25c,ok,100,22,1514,348.621,75,1470,9501,4248,10888
51,6714.583133128,6714.667374923,,1,GPU-37ffc98b-8551-c8a1-5f3c-27ade9ae735a,ok,0,0,453,15.321,29,210,405,439,341
51,6714.583133128,6714.709898205,,2,GPU-5443d59d-561f-ed1e-da42-1975937205f9,ok,0,0,453,27.917,35,210,405,439,292
51,6714.583133128,6714.752468088,,3,GPU-46bf67bb-cb31-bee1-3cf0-c35337ba97d2,ok,0,0,453,26.031,39,210,405,439,292
51,6714.583133128,6714.795003671,,4,GPU-127e16de-2b5f-dde9-1932-b4e29bb818c0,ok,0,0,453,23.822,34,210,405,439,292
52,6715.583133128,6715.624874198,,0,GPU-9b96eb67-aeee-89d5-aa85-fc650af4e25c,ok,100,21,1514,348.831,75,1470,9501,5468,8056
52,6715.583133128,6715.667399761,,1,GPU-37ffc98b-8551-c8a1-5f3c-27ade9ae735a,ok,0,0,453,15.362,29,210,405,390,292
52,6715.583133128,6715.709934413,,2,GPU-5443d59d-561f-ed1e-da42-1975937205f9,ok,0,0,453,27.935,35,210,405,390,292
52,6715.583133128,6715.752481246,,3,GPU-46bf67bb-cb31-bee1-3cf0-c35337ba97d2,ok,0,0,453,25.987,39,210,405,439,292
52,6715.583133128,6715.795016079,,4,GPU-127e16de-2b5f-dde9-1932-b4e29bb818c0,ok,0,0,453,23.837,34,210,405,439,341
53,6716.583133128,6716.624852706,,0,GPU-9b96eb67-aeee-89d5-aa85-fc650af4e25c,ok,100,28,1514,348.954,75,1455,9501,3857,14550
53,6716.583133128,6716.667361529,,1,GPU-37ffc98b-8551-c8a1-5f3c-27ade9ae735a,ok,0,0,453,15.546,29,210,405,439,292
53,6716.583133128,6716.709863621,,2,GPU-5443d59d-561f-ed1e-da42-1975937205f9,ok,0,0,453,28.01,35,210,405,439,341
53,6716.583133128,6716.752396074,,3,GPU-46bf67bb-cb31-bee1-3cf0-c35337ba97d2,ok,0,0,453,26.124,39,210,405,439,292
53,6716.583133128,6716.794895137,,4,GPU-127e16de-2b5f-dde9-1932-b4e29bb818c0,ok,0,0,453,23.683,34,210,405,439,341
54,6717.583133128,6717.624854094,,0,GPU-9b96eb67-aeee-89d5-aa85-fc650af4e25c,ok,100,21,1514,348.952,75,1470,9501,3808,11279
54,6717.583133128,6717.667368487,,1,GPU-37ffc98b-8551-c8a1-5f3c-27ade9ae735a,ok,0,0,453,15.329,29,210,405,439,292
54,6717.583133128,6717.709879369,,2,GPU-5443d59d-561f-ed1e-da42-1975937205f9,ok,0,0,453,27.898,35,210,405,439,292
54,6717.583133128,6717.752433112,,3,GPU-46bf67bb-cb31-bee1-3cf0-c35337ba97d2,ok,0,0,453,26.0,39,210,405,439,292
54,6717.583133128,6717.794916995,,4,GPU-127e16de-2b5f-dde9-1932-b4e29bb818c0,ok,0,0,453,23.697,34,210,405,439,341
55,6718.583133128,6718.624836472,,0,GPU-9b96eb67-aeee-89d5-aa85-fc650af4e25c,ok,100,22,1514,349.203,75,1470,9501,5517,7617
55,6718.583133128,6718.667347965,,1,GPU-37ffc98b-8551-c8a1-5f3c-27ade9ae735a,ok,0,0,453,15.199,29,210,405,439,292
55,6718.583133128,6718.709900057,,2,GPU-5443d59d-561f-ed1e-da42-1975937205f9,ok,0,0,453,27.906,35,210,405,439,292
55,6718.583133128,6718.75245625,,3,GPU-46bf67bb-cb31-bee1-3cf0-c35337ba97d2,ok,0,0,453,26.022,39,210,405,390,341
55,6718.583133128,6718.795001983,,4,GPU-127e16de-2b5f-dde9-1932-b4e29bb818c0,ok,0,0,453,23.842,34,210,405,439,292
56,6719.583133128,6719.62482232,,0,GPU-9b96eb67-aeee-89d5-aa85-fc650af4e25c,ok,100,22,1514,348.875,75,1455,9501,4052,11083
56,6719.583133128,6719.667344783,,1,GPU-37ffc98b-8551-c8a1-5f3c-27ade9ae735a,ok,0,0,453,15.247,29,210,405,439,292
56,6719.583133128,6719.709915246,,2,GPU-5443d59d-561f-ed1e-da42-1975937205f9,ok,0,0,453,27.918,35,210,405,439,292
56,6719.583133128,6719.752475348,,3,GPU-46bf67bb-cb31-bee1-3cf0-c35337ba97d2,ok,0,0,453,26.144,39,210,405,439,341
56,6719.583133128,6719.795004951,,4,GPU-127e16de-2b5f-dde9-1932-b4e29bb818c0,ok,0,0,453,23.82,34,210,405,390,292
57,6720.583133128,6720.624850488,,0,GPU-9b96eb67-aeee-89d5-aa85-fc650af4e25c,ok,100,24,1514,349.506,75,1455,9501,3417,12255
57,6720.583133128,6720.667300911,,1,GPU-37ffc98b-8551-c8a1-5f3c-27ade9ae735a,ok,0,0,453,15.18,29,210,405,439,341
57,6720.583133128,6720.709779444,,2,GPU-5443d59d-561f-ed1e-da42-1975937205f9,ok,0,0,453,27.751,35,210,405,439,292
57,6720.583133128,6720.752347826,,3,GPU-46bf67bb-cb31-bee1-3cf0-c35337ba97d2,ok,0,0,453,25.986,39,210,405,439,292
57,6720.583133128,6720.794869219,,4,GPU-127e16de-2b5f-dde9-1932-b4e29bb818c0,ok,0,0,453,23.894,34,210,405,439,292
58,6721.583133128,6721.624488306,,0,GPU-9b96eb67-aeee-89d5-aa85-fc650af4e25c,ok,100,21,1514,348.78,75,1470,9501,488,244
58,6721.583133128,6721.667004009,,1,GPU-37ffc98b-8551-c8a1-5f3c-27ade9ae735a,ok,0,0,453,15.353,29,210,405,390,292
58,6721.583133128,6721.709536221,,2,GPU-5443d59d-561f-ed1e-da42-1975937205f9,ok,0,0,453,27.709,35,210,405,390,341
58,6721.583133128,6721.752224694,,3,GPU-46bf67bb-cb31-bee1-3cf0-c35337ba97d2,ok,0,0,453,26.04,39,210,405,439,292
58,6721.583133128,6721.794967507,,4,GPU-127e16de-2b5f-dde9-1932-b4e29bb818c0,ok,0,0,453,24.009,34,210,405,439,292
59,6722.583133128,6722.624822914,,0,GPU-9b96eb67-aeee-89d5-aa85-fc650af4e25c,ok,0,0,1514,242.932,69,1950,9501,390,244
59,6722.583133128,6722.667567477,,1,GPU-37ffc98b-8551-c8a1-5f3c-27ade9ae735a,ok,0,0,453,15.442,29,210,405,439,292
59,6722.583133128,6722.71036232,,2,GPU-5443d59d-561f-ed1e-da42-1975937205f9,ok,0,0,453,27.762,35,210,405,439,341
59,6722.583133128,6722.753143232,,3,GPU-46bf67bb-cb31-bee1-3cf0-c35337ba97d2,ok,0,0,453,26.191,39,210,405,439,292
59,6722.583133128,6722.795887645,,4,GPU-127e16de-2b5f-dde9-1932-b4e29bb818c0,ok,0,0,453,23.964,34,210,405,439,292
60,6723.583133128,6723.624818672,,0,GPU-9b96eb67-aeee-89d5-aa85-fc650af4e25c,ok,0,0,1514,193.93,69,1950,9501,4785,8447
60,6723.583133128,6723.667360285,,1,GPU-37ffc98b-8551-c8a1-5f3c-27ade9ae735a,ok,0,0,453,15.239,29,210,405,439,292
60,6723.583133128,6723.709883808,,2,GPU-5443d59d-561f-ed1e-da42-1975937205f9,ok,0,0,453,27.597,35,210,405,439,341
60,6723.583133128,6723.75242424,,3,GPU-46bf67bb-cb31-bee1-3cf0-c35337ba97d2,ok,0,0,453,26.039,39,210,405,439,292
60,6723.583133128,6723.794959643,,4,GPU-127e16de-2b5f-dde9-1932-b4e29bb818c0,ok,0,0,453,23.859,34,210,405,439,292
61,6724.583133128,6724.62484866,,0,GPU-9b96eb67-aeee-89d5-aa85-fc650af4e25c,ok,100,22,1514,234.29,74,1470,9501,5517,9277
61,6724.583133128,6724.667372173,,1,GPU-37ffc98b-8551-c8a1-5f3c-27ade9ae735a,ok,0,0,453,15.264,29,210,405,390,292
61,6724.583133128,6724.709963586,,2,GPU-5443d59d-561f-ed1e-da42-1975937205f9,ok,0,0,453,27.557,35,210,405,488,341
61,6724.583133128,6724.752410578,,3,GPU-46bf67bb-cb31-bee1-3cf0-c35337ba97d2,ok,0,0,453,26.106,39,210,405,439,292
61,6724.583133128,6724.794905771,,4,GPU-127e16de-2b5f-dde9-1932-b4e29bb818c0,ok,0,0,453,23.913,34,210,405,439,292
62,6725.583133128,6725.624850798,,0,GPU-9b96eb67-aeee-89d5-aa85-fc650af4e25c,ok,100,23,1514,348.904,74,1470,9501,4394,16210
62,6725.583133128,6725.667382871,,1,GPU-37ffc98b-8551-c8a1-5f3c-27ade9ae735a,ok,0,0,453,15.337,29,210,405,439,292
62,6725.583133128,6725.709919504,,2,GPU-5443d59d-561f-ed1e-da42-1975937205f9,ok,0,0,453,27.767,35,210,405,439,292
62,6725.583133128,6725.752452696,,3,GPU-46bf67bb-cb31-bee1-3cf0-c35337ba97d2,ok,0,0,453,26.256,39,210,405,439,292
62,6725.583133128,6725.794988489,,4,GPU-127e16de-2b5f-dde9-1932-b4e29bb818c0,ok,0,0,453,23.94,34,210,405,439,292
63,6726.583133128,6726.624832726,,0,GPU-9b96eb67-aeee-89d5-aa85-fc650af4e25c,ok,100,27,1514,349.359,74,1470,9501,4052,10888
63,6726.583133128,6726.667367059,,1,GPU-37ffc98b-8551-c8a1-5f3c-27ade9ae735a,ok,0,0,453,15.045,29,210,405,439,292
63,6726.583133128,6726.709890292,,2,GPU-5443d59d-561f-ed1e-da42-1975937205f9,ok,0,0,453,27.52,35,210,405,439,292
63,6726.583133128,6726.752422804,,3,GPU-46bf67bb-cb31-bee1-3cf0-c35337ba97d2,ok,0,0,453,26.127,39,210,405,439,292
63,6726.583133128,6726.794967797,,4,GPU-127e16de-2b5f-dde9-1932-b4e29bb818c0,ok,0,0,453,24.121,34,210,405,439,292
64,6727.583133128,6727.624842144,,0,GPU-9b96eb67-aeee-89d5-aa85-fc650af4e25c,ok,100,22,1514,348.969,74,1455,9501,5468,7470
64,6727.583133128,6727.667383447,,1,GPU-37ffc98b-8551-c8a1-5f3c-27ade9ae735a,ok,0,0,453,14.996,29,210,405,390,292
64,6727.583133128,6727.70989477,,2,GPU-5443d59d-561f-ed1e-da42-1975937205f9,ok,0,0,453,27.382,35,210,405,439,292
64,6727.583133128,6727.752450552,,3,GPU-46bf67bb-cb31-bee1-3cf0-c35337ba97d2,ok,0,0,453,26.146,39,210,405,439,341
64,6727.583133128,6727.794988305,,4,GPU-127e16de-2b5f-dde9-1932-b4e29bb818c0,ok,0,0,453,24.374,34,210,405,439,292
65,6728.583133128,6728.624854192,,0,GPU-9b96eb67-aeee-89d5-aa85-fc650af4e25c,ok,100,23,1514,348.984,75,1470,9501,4101,12011
65,6728.583133128,6728.667382115,,1,GPU-37ffc98b-8551-c8a1-5f3c-27ade9ae735a,ok,0,0,453,15.224,29,210,405,439,292
65,6728.583133128,6728.709893108,,2,GPU-5443d59d-561f-ed1e-da42-1975937205f9,ok,0,0,453,27.565,35,210,405,390,292
65,6728.583133128,6728.75243791,,3,GPU-46bf67bb-cb31-bee1-3cf0-c35337ba97d2,ok,0,0,453,26.264,39,210,405,439,341
65,6728.583133128,6728.794975463,,4,GPU-127e16de-2b5f-dde9-1932-b4e29bb818c0,ok,0,0,453,24.319,34,210,405,439,341
66,6729.583133128,6729.62484085,,0,GPU-9b96eb67-aeee-89d5-aa85-fc650af4e25c,ok,100,22,1514,348.559,75,1470,9501,3125,14404
66,6729.583133128,6729.667375103,,1,GPU-37ffc98b-8551-c8a1-5f3c-27ade9ae735a,ok,0,0,453,15.173,29,210,405,439,292
66,6729.583133128,6729.709891296,,2,GPU-5443d59d-561f-ed1e-da42-1975937205f9,ok,0,0,453,27.551,35,210,405,439,341
66,6729.583133128,6729.752468378,,3,GPU-46bf67bb-cb31-bee1-3cf0-c35337ba97d2,ok,0,0,453,26.121,39,210,405,439,292
66,6729.583133128,6729.794999211,,4,GPU-127e16de-2b5f-dde9-1932-b4e29bb818c0,ok,0,0,453,24.188,34,210,405,439,341
67,6730.583133128,6730.624825668,,0,GPU-9b96eb67-aeee-89d5-aa85-fc650af4e25c,ok,100,22,1514,349.061,75,1470,9501,4833,8886
67,6730.583133128,6730.667342851,,1,GPU-37ffc98b-8551-c8a1-5f3c-27ade9ae735a,ok,0,0,453,15.074,29,210,405,390,292
67,6730.583133128,6730.709878644,,2,GPU-5443d59d-561f-ed1e-da42-1975937205f9,ok,0,0,453,27.586,35,210,405,439,341
67,6730.583133128,6730.752410036,,3,GPU-46bf67bb-cb31-bee1-3cf0-c35337ba97d2,ok,0,0,453,26.224,39,210,405,439,292
67,6730.583133128,6730.794940379,,4,GPU-127e16de-2b5f-dde9-1932-b4e29bb818c0,ok,0,0,453,24.071,34,210,405,439,341
68,6731.583133128,6731.624840436,,0,GPU-9b96eb67-aeee-89d5-aa85-fc650af4e25c,ok,100,25,1514,349.502,75,1455,9501,4882,10009
68,6731.583133128,6731.667355189,,1,GPU-37ffc98b-8551-c8a1-5f3c-27ade9ae735a,ok,0,0,453,15.103,29,210,405,439,341
68,6731.583133128,6731.709883932,,2,GPU-5443d59d-561f-ed1e-da42-1975937205f9,ok,0,0,453,27.75,35,210,405,439,292
68,6731.583133128,6731.752433274,,3,GPU-46bf67bb-cb31-bee1-3cf0-c35337ba97d2,ok,0,0,453,26.395,39,210,405,390,292
68,6731.583133128,6731.794970407,,4,GPU-127e16de-2b5f-dde9-1932-b4e29bb818c0,ok,0,0,453,24.108,34,210,405,439,341
69,6732.583133128,6732.624825204,,0,GPU-9b96eb67-aeee-89d5-aa85-fc650af4e25c,ok,100,25,1514,348.575,75,1455,9501,3466,14599
69,6732.583133128,6732.667334357,,1,GPU-37ffc98b-8551-c8a1-5f3c-27ade9ae735a,ok,0,0,453,14.993,29,210,405,439,341
69,6732.583133128,6732.70985138,,2,GPU-5443d59d-561f-ed1e-da42-1975937205f9,ok,0,0,453,27.591,35,210,405,439,292
69,6732.583133128,6732.752405522,,3,GPU-46bf67bb-cb31-bee1-3cf0-c35337ba97d2,ok,0,0,453,26.202,39,210,405,439,341
69,6732.583133128,6732.794952145,,4,GPU-127e16de-2b5f-dde9-1932-b4e29bb818c0,ok,0,0,453,23.951,34,210,405,439,292
70,6733.583133128,6733.624859432,,0,GPU-9b96eb67-aeee-89d5-aa85-fc650af4e25c,ok,100,22,1514,348.777,75,1455,9501,4199,10009
70,6733.583133128,6733.667283685,,1,GPU-37ffc98b-8551-c8a1-5f3c-27ade9ae735a,ok,0,0,453,15.087,29,210,405,439,292
70,6733.583133128,6733.709821458,,2,GPU-5443d59d-561f-ed1e-da42-1975937205f9,ok,0,0,453,27.415,35,210,405,390,292
70,6733.583133128,6733.75236181,,3,GPU-46bf67bb-cb31-bee1-3cf0-c35337ba97d2,ok,0,0,453,26.234,39,210,405,439,341
70,6733.583133128,6733.794914963,,4,GPU-127e16de-2b5f-dde9-1932-b4e29bb818c0,ok,0,0,453,23.87,34,210,405,390,292
71,6734.583133128,6734.624866331,,0,GPU-9b96eb67-aeee-89d5-aa85-fc650af4e25c,ok,100,21,1514,348.518,75,1470,9501,5664,7714
71,6734.583133128,6734.667375553,,1,GPU-37ffc98b-8551-c8a1-5f3c-27ade9ae735a,ok,0,0,453,15.308,29,210,405,439,292
71,6734.583133128,6734.709895536,,2,GPU-5443d59d-561f-ed1e-da42-1975937205f9,ok,0,0,453,27.6,35,210,405,439,341
71,6734.583133128,6734.752441069,,3,GPU-46bf67bb-cb31-bee1-3cf0-c35337ba97d2,ok,0,0,453,26.367,39,210,405,390,292
71,6734.583133128,6734.795008971,,4,GPU-127e16de-2b5f-dde9-1932-b4e29bb818c0,ok,0,0,453,24.005,34,210,405,439,292
72,6735.583133128,6735.624840719,,0,GPU-9b96eb67-aeee-89d5-aa85-fc650af4e25c,ok,100,23,1514,348.735,75,1455,9501,3857,12207
72,6735.583133128,6735.667378481,,1,GPU-37ffc98b-8551-c8a1-5f3c-27ade9ae735a,ok,0,0,453,15.133,29,210,405,390,292
72,6735.583133128,6735.709914684,,2,GPU-5443d59d-561f-ed1e-da42-1975937205f9,ok,0,0,453,27.558,35,210,405,439,341
72,6735.583133128,6735.752473337,,3,GPU-46bf67bb-cb31-bee1-3cf0-c35337ba97d2,ok,0,0,453,26.203,39,210,405,439,292
72,6735.583133128,6735.795035649,,4,GPU-127e16de-2b5f-dde9-1932-b4e29bb818c0,ok,0,0,453,23.861,34,210,405,439,292
73,6736.583133128,6736.624856197,,0,GPU-9b96eb67-aeee-89d5-aa85-fc650af4e25c,ok,100,22,1514,349.081,75,1455,9501,3662,11328
73,6736.583133128,6736.667385579,,1,GPU-37ffc98b-8551-c8a1-5f3c-27ade9ae735a,ok,0,0,453,15.016,29,210,405,439,292
73,6736.583133128,6736.709914012,,2,GPU-5443d59d-561f-ed1e-da42-1975937205f9,ok,0,0,453,27.511,35,210,405,439,341
73,6736.583133128,6736.752479945,,3,GPU-46bf67bb-cb31-bee1-3cf0-c35337ba97d2,ok,0,0,453,26.207,39,210,405,439,292
73,6736.583133128,6736.795034677,,4,GPU-127e16de-2b5f-dde9-1932-b4e29bb818c0,ok,0,0,453,23.828,34,210,405,439,292
74,6737.583133128,6737.624853335,,0,GPU-9b96eb67-aeee-89d5-aa85-fc650af4e25c,ok,100,21,1514,349.125,75,1455,9501,5371,8398
74,6737.583133128,6737.667256307,,1,GPU-37ffc98b-8551-c8a1-5f3c-27ade9ae735a,ok,0,0,453,15.146,29,210,405,439,292
74,6737.583133128,6737.70966864,,2,GPU-5443d59d-561f-ed1e-da42-1975937205f9,ok,0,0,453,27.616,35,210,405,439,292
74,6737.583133128,6737.752134853,,3,GPU-46bf67bb-cb31-bee1-3cf0-c35337ba97d2,ok,0,0,453,26.365,39,210,405,439,292
74,6737.583133128,6737.794632565,,4,GPU-127e16de-2b5f-dde9-1932-b4e29bb818c0,ok,0,0,453,23.944,34,210,405,439,292
75,6738.583133128,6738.624848903,,0,GPU-9b96eb67-aeee-89d5-aa85-fc650af4e25c,ok,100,22,1514,348.642,75,1455,9501,4589,12060
75,6738.583133128,6738.667363625,,1,GPU-37ffc98b-8551-c8a1-5f3c-27ade9ae735a,ok,0,0,453,15.083,29,210,405,439,292
75,6738.583133128,6738.709877668,,2,GPU-5443d59d-561f-ed1e-da42-1975937205f9,ok,0,0,453,27.542,35,210,405,439,292
75,6738.583133128,6738.752404321,,3,GPU-46bf67bb-cb31-bee1-3cf0-c35337ba97d2,ok,0,0,453,26.245,39,210,405,439,292
75,6738.583133128,6738.794959783,,4,GPU-127e16de-2b5f-dde9-1932-b4e29bb818c0,ok,0,0,453,24.069,34,210,405,439,292
76,6739.583133128,6739.624893661,,0,GPU-9b96eb67-aeee-89d5-aa85-fc650af4e25c,ok,100,23,1514,349.328,75,1425,9501,3125,12011
76,6739.583133128,6739.667421433,,1,GPU-37ffc98b-8551-c8a1-5f3c-27ade9ae735a,ok,0,0,453,15.03,29,210,405,439,292
76,6739.583133128,6739.709964366,,2,GPU-5443d59d-561f-ed1e-da42-1975937205f9,ok,0,0,453,27.529,35,210,405,439,341
76,6739.583133128,6739.752500649,,3,GPU-46bf67bb-cb31-bee1-3cf0-c35337ba97d2,ok,0,0,453,26.239,39,210,405,439,292
76,6739.583133128,6739.795041701,,4,GPU-127e16de-2b5f-dde9-1932-b4e29bb818c0,ok,0,0,453,24.121,34,210,405,439,292
77,6740.583133128,6740.624826489,,0,GPU-9b96eb67-aeee-89d5-aa85-fc650af4e25c,ok,100,21,1514,348.724,75,1455,9501,5126,8642
77,6740.583133128,6740.667373031,,1,GPU-37ffc98b-8551-c8a1-5f3c-27ade9ae735a,ok,0,0,453,14.916,29,210,405,390,292
77,6740.583133128,6740.709900334,,2,GPU-5443d59d-561f-ed1e-da42-1975937205f9,ok,0,0,453,27.582,35,210,405,439,341
77,6740.583133128,6740.752437037,,3,GPU-46bf67bb-cb31-bee1-3cf0-c35337ba97d2,ok,0,0,453,26.407,39,210,405,439,341
77,6740.583133128,6740.794991619,,4,GPU-127e16de-2b5f-dde9-1932-b4e29bb818c0,ok,0,0,453,24.158,34,210,405,439,292
78,6741.583133128,6741.624836597,,0,GPU-9b96eb67-aeee-89d5-aa85-fc650af4e25c,ok,100,25,1514,348.372,75,1440,9501,5126,13085
78,6741.583133128,6741.667385279,,1,GPU-37ffc98b-8551-c8a1-5f3c-27ade9ae735a,ok,0,0,453,14.816,29,210,405,439,292
78,6741.583133128,6741.709912962,,2,GPU-5443d59d-561f-ed1e-da42-1975937205f9,ok,0,0,453,27.588,35,210,405,390,292
78,6741.583133128,6741.752488095,,3,GPU-46bf67bb-cb31-bee1-3cf0-c35337ba97d2,ok,0,0,453,26.222,39,210,405,439,292
78,6741.583133128,6741.795042627,,4,GPU-127e16de-2b5f-dde9-1932-b4e29bb818c0,ok,0,0,453,24.177,34,210,405,439,292
79,6742.583133128,6742.624865195,,0,GPU-9b96eb67-aeee-89d5-aa85-fc650af4e25c,ok,100,22,1514,349.083,75,1440,9501,3076,13525
79,6742.583133128,6742.667384117,,1,GPU-37ffc98b-8551-c8a1-5f3c-27ade9ae735a,ok,0,0,453,14.949,29,210,405,439,292
79,6742.583133128,6742.70992318,,2,GPU-5443d59d-561f-ed1e-da42-1975937205f9,ok,0,0,453,27.682,35,210,405,439,292
79,6742.583133128,6742.752524913,,3,GPU-46bf67bb-cb31-bee1-3cf0-c35337ba97d2,ok,0,0,453,26.143,39,210,405,439,292
79,6742.583133128,6742.795056295,,4,GPU-127e16de-2b5f-dde9-1932-b4e29bb818c0,ok,0,0,453,24.179,34,210,405,439,292
80,6743.583133128,6743.624982943,,0,GPU-9b96eb67-aeee-89d5-aa85-fc650af4e25c,ok,100,21,1514,348.345,75,1470,9501,5224,8935
80,6743.583133128,6743.667500405,,1,GPU-37ffc98b-8551-c8a1-5f3c-27ade9ae735a,ok,0,0,453,15.099,29,210,405,390,341
80,6743.583133128,6743.710023348,,2,GPU-5443d59d-561f-ed1e-da42-1975937205f9,ok,0,0,453,27.734,35,210,405,439,292
80,6743.583133128,6743.752597911,,3,GPU-46bf67bb-cb31-bee1-3cf0-c35337ba97d2,ok,0,0,453,26.307,39,210,405,390,292
80,6743.583133128,6743.795139483,,4,GPU-127e16de-2b5f-dde9-1932-b4e29bb818c0,ok,0,0,453,24.249,34,210,405,390,292
81,6744.583133128,6744.624731481,,0,GPU-9b96eb67-aeee-89d5-aa85-fc650af4e25c,ok,100,22,1514,348.812,75,1470,9501,4833,10888
81,6744.583133128,6744.667281363,,1,GPU-37ffc98b-8551-c8a1-5f3c-27ade9ae735a,ok,0,0,453,15.219,29,210,405,390,341
81,6744.583133128,6744.709810226,,2,GPU-5443d59d-561f-ed1e-da42-1975937205f9,ok,0,0,453,27.812,35,210,405,439,292
81,6744.583133128,6744.752390919,,3,GPU-46bf67bb-cb31-bee1-3cf0-c35337ba97d2,ok,0,0,453,26.214,39,210,405,439,341
81,6744.583133128,6744.794939461,,4,GPU-127e16de-2b5f-dde9-1932-b4e29bb818c0,ok,0,0,453,24.097,34,210,405,439,292
82,6745.583133128,6745.624895269,,0,GPU-9b96eb67-aeee-89d5-aa85-fc650af4e25c,ok,100,22,1514,349.582,75,1440,9501,3515,15185
82,6745.583133128,6745.667423171,,1,GPU-37ffc98b-8551-c8a1-5f3c-27ade9ae735a,ok,0,0,453,15.267,29,210,405,439,341
82,6745.583133128,6745.709947774,,2,GPU-5443d59d-561f-ed1e-da42-1975937205f9,ok,0,0,453,27.807,35,210,405,439,341
82,6745.583133128,6745.752517507,,3,GPU-46bf67bb-cb31-bee1-3cf0-c35337ba97d2,ok,0,0,453,26.185,39,210,405,439,292
82,6745.583133128,6745.79508812,,4,GPU-127e16de-2b5f-dde9-1932-b4e29bb818c0,ok,0,0,453,24.098,34,210,405,439,341
83,6746.583133128,6746.624829857,,0,GPU-9b96eb67-aeee-89d5-aa85-fc650af4e25c,ok,100,20,1514,349.426,75,1455,9501,4833,9863
83,6746.583133128,6746.667354489,,1,GPU-37ffc98b-8551-c8a1-5f3c-27ade9ae735a,ok,0,0,453,15.016,29,210,405,439,292
83,6746.583133128,6746.709875742,,2,GPU-5443d59d-561f-ed1e-da42-1975937205f9,ok,0,0,453,27.559,35,210,405,439,341
83,6746.583133128,6746.752439805,,3,GPU-46bf67bb-cb31-bee1-3cf0-c35337ba97d2,ok,0,0,453,26.222,39,210,405,439,292
83,6746.583133128,6746.795019228,,4,GPU-127e16de-2b5f-dde9-1932-b4e29bb818c0,ok,0,0,453,24.252,34,210,405,439,292
84,6747.583133128,6747.624842855,,0,GPU-9b96eb67-aeee-89d5-aa85-fc650af4e25c,ok,100,25,1514,348.675,75,1440,9501,5078,9179
84,6747.583133128,6747.667372677,,1,GPU-37ffc98b-8551-c8a1-5f3c-27ade9ae735a,ok,0,0,453,14.886,29,210,405,390,292
84,6747.583133128,6747.70989575,,2,GPU-5443d59d-561f-ed1e-da42-1975937205f9,ok,0,0,453,27.545,35,210,405,439,292
84,6747.583133128,6747.752462613,,3,GPU-46bf67bb-cb31-bee1-3cf0-c35337ba97d2,ok,0,0,453,26.106,39,210,405,439,292
84,6747.583133128,6747.794992126,,4,GPU-127e16de-2b5f-dde9-1932-b4e29bb818c0,ok,0,0,453,24.31,34,210,405,439,292
85,6748.583133128,6748.624835603,,0,GPU-9b96eb67-aeee-89d5-aa85-fc650af4e25c,ok,100,24,1514,348.596,75,1455,9501,3515,14013
85,6748.583133128,6748.667358926,,1,GPU-37ffc98b-8551-c8a1-5f3c-27ade9ae735a,ok,0,0,453,14.922,29,210,405,390,292
85,6748.583133128,6748.709872098,,2,GPU-5443d59d-561f-ed1e-da42-1975937205f9,ok,0,0,453,27.64,35,210,405,439,292
85,6748.583133128,6748.752465711,,3,GPU-46bf67bb-cb31-bee1-3cf0-c35337ba97d2,ok,0,0,453,26.16,39,210,405,439,341
85,6748.583133128,6748.795007974,,4,GPU-127e16de-2b5f-dde9-1932-b4e29bb818c0,ok,0,0,453,24.348,34,210,405,439,292
86,6749.583133128,6749.624830821,,0,GPU-9b96eb67-aeee-89d5-aa85-fc650af4e25c,ok,41,11,1514,337.991,72,1920,9501,390,244
86,6749.583133128,6749.667579224,,1,GPU-37ffc98b-8551-c8a1-5f3c-27ade9ae735a,ok,0,0,453,14.852,29,210,405,439,292
86,6749.583133128,6749.710323416,,2,GPU-5443d59d-561f-ed1e-da42-1975937205f9,ok,0,0,453,27.53,35,210,405,439,292
86,6749.583133128,6749.753113359,,3,GPU-46bf67bb-cb31-bee1-3cf0-c35337ba97d2,ok,0,0,453,26.17,39,210,405,439,341
86,6749.583133128,6749.795933352,,4,GPU-127e16de-2b5f-dde9-1932-b4e29bb818c0,ok,0,0,453,24.196,34,210,405,390,341
87,6750.583133128,6750.624807319,,0,GPU-9b96eb67-aeee-89d5-aa85-fc650af4e25c,ok,0,0,1514,191.178,69,1950,9501,390,292
87,6750.583133128,6750.667456082,,1,GPU-37ffc98b-8551-c8a1-5f3c-27ade9ae735a,ok,0,0,453,14.887,29,210,405,390,292
87,6750.583133128,6750.710099354,,2,GPU-5443d59d-561f-ed1e-da42-1975937205f9,ok,0,0,453,27.638,35,210,405,439,341
87,6750.583133128,6750.752736017,,3,GPU-46bf67bb-cb31-bee1-3cf0-c35337ba97d2,ok,0,0,453,26.202,39,210,405,439,341
87,6750.583133128,6750.79552535,,4,GPU-127e16de-2b5f-dde9-1932-b4e29bb818c0,ok,0,0,453,23.943,34,210,405,439,292
88,6751.583133128,6751.625434897,,0,GPU-9b96eb67-aeee-89d5-aa85-fc650af4e25c,ok,0,0,1514,163.402,67,1725,9501,30078,292
88,6751.583133128,6751.66773389,,1,GPU-37ffc98b-8551-c8a1-5f3c-27ade9ae735a,ok,0,0,453,15.034,29,210,405,439,927
88,6751.583133128,6751.712538473,,2,GPU-5443d59d-561f-ed1e-da42-1975937205f9,ok,0,0,453,27.884,35,210,405,488,4150
88,6751.583133128,6751.756918386,,3,GPU-46bf67bb-cb31-bee1-3cf0-c35337ba97d2,ok,0,0,453,26.326,39,210,405,439,8691
88,6751.583133128,6751.856660016,,4,GPU-127e16de-2b5f-dde9-1932-b4e29bb818c0,ok,0,0,453,23.816,34,210,405,7861,9521
89,6752.583133128,6752.624490455,,0,GPU-9b96eb67-aeee-89d5-aa85-fc650af4e25c,ok,0,0,450,135.508,66,1725,9751,390,292
89,6752.583133128,6752.667037528,,1,GPU-37ffc98b-8551-c8a1-5f3c-27ade9ae735a,ok,0,0,450,18.498,30,210,405,390,292
89,6752.583133128,6752.70960142,,2,GPU-5443d59d-561f-ed1e-da42-1975937205f9,ok,0,0,450,30.403,36,210,405,390,292
89,6752.583133128,6752.752158983,,3,GPU-46bf67bb-cb31-bee1-3cf0-c35337ba97d2,ok,0,0,450,31.807,40,210,405,439,292
89,6752.583133128,6752.794704386,,4,GPU-127e16de-2b5f-dde9-1932-b4e29bb818c0,ok,0,0,450,27.51,35,210,405,439,341
90,6753.583133128,6753.673317927,,0,GPU-9b96eb67-aeee-89d5-aa85-fc650af4e25c,ok,0,0,453,135.718,66,1725,9751,439,1171
90,6753.583133128,6753.729396714,,1,GPU-37ffc98b-8551-c8a1-5f3c-27ade9ae735a,ok,0,0,453,24.862,30,210,405,439,830
90,6753.583133128,6753.774486098,,2,GPU-5443d59d-561f-ed1e-da42-1975937205f9,ok,0,0,453,35.483,36,210,405,439,2441
90,6753.583133128,6753.81736693,,3,GPU-46bf67bb-cb31-bee1-3cf0-c35337ba97d2,ok,0,0,453,41.207,40,210,405,439,390
90,6753.583133128,6753.859834333,,4,GPU-127e16de-2b5f-dde9-1932-b4e29bb818c0,ok,0,0,453,33.715,35,210,405,439,292
91,6754.583133128,6754.624851931,,0,GPU-9b96eb67-aeee-89d5-aa85-fc650af4e25c,ok,100,27,1514,177.44,72,1485,9501,4736,10595
91,6754.583133128,6754.667401394,,1,GPU-37ffc98b-8551-c8a1-5f3c-27ade9ae735a,ok,0,0,453,21.51,30,210,405,390,292
91,6754.583133128,6754.709934466,,2,GPU-5443d59d-561f-ed1e-da42-1975937205f9,ok,0,0,453,32.628,36,210,405,439,292
91,6754.583133128,6754.752422209,,3,GPU-46bf67bb-cb31-bee1-3cf0-c35337ba97d2,ok,0,0,453,34.539,40,210,405,439,292
91,6754.583133128,6754.794856092,,4,GPU-127e16de-2b5f-dde9-1932-b4e29bb818c0,ok,0,0,453,28.417,35,210,405,439,292
92,6755.583133128,6755.624825479,,0,GPU-9b96eb67-aeee-89d5-aa85-fc650af4e25c,ok,100,25,1514,349.688,73,1455,9501,5468,8642
92,6755.583133128,6755.667349022,,1,GPU-37ffc98b-8551-c8a1-5f3c-27ade9ae735a,ok,0,0,453,24.517,30,210,405,439,292
92,6755.583133128,6755.709873924,,2,GPU-5443d59d-561f-ed1e-da42-1975937205f9,ok,0,0,453,35.467,36,210,405,390,292
92,6755.583133128,6755.752433477,,3,GPU-46bf67bb-cb31-bee1-3cf0-c35337ba97d2,ok,0,0,453,41.072,40,210,405,439,341
92,6755.583133128,6755.79499793,,4,GPU-127e16de-2b5f-dde9-1932-b4e29bb818c0,ok,0,0,453,33.495,35,210,405,439,292
93,6756.583133128,6756.624874177,,0,GPU-9b96eb67-aeee-89d5-aa85-fc650af4e25c,ok,100,23,1514,348.774,73,1410,9501,4394,13085
93,6756.583133128,6756.66741555,,1,GPU-37ffc98b-8551-c8a1-5f3c-27ade9ae735a,ok,0,0,453,15.928,30,210,405,439,292
93,6756.583133128,6756.709956992,,2,GPU-5443d59d-561f-ed1e-da42-1975937205f9,ok,0,0,453,28.493,36,210,405,439,292
93,6756.583133128,6756.752525995,,3,GPU-46bf67bb-cb31-bee1-3cf0-c35337ba97d2,ok,0,0,453,28.532,40,210,405,439,341
93,6756.583133128,6756.795012528,,4,GPU-127e16de-2b5f-dde9-1932-b4e29bb818c0,ok,0,0,453,24.756,35,210,405,439,292
94,6757.583133128,6757.624834085,,0,GPU-9b96eb67-aeee-89d5-aa85-fc650af4e25c,ok,100,20,1514,349.418,74,1455,9501,3515,13574
94,6757.583133128,6757.667343688,,1,GPU-37ffc98b-8551-c8a1-5f3c-27ade9ae735a,ok,0,0,453,15.082,29,210,405,439,292
94,6757.583133128,6757.70988334,,2,GPU-5443d59d-561f-ed1e-da42-1975937205f9,ok,0,0,453,27.822,35,210,405,439,292
94,6757.583133128,6757.752438663,,3,GPU-46bf67bb-cb31-bee1-3cf0-c35337ba97d2,ok,0,0,453,26.796,39,210,405,390,292
94,6757.583133128,6757.794876236,,4,GPU-127e16de-2b5f-dde9-1932-b4e29bb818c0,ok,0,0,453,23.933,34,210,405,439,341
95,6758.583133128,6758.624844043,,0,GPU-9b96eb67-aeee-89d5-aa85-fc650af4e25c,ok,100,24,1514,349.31,74,1440,9501,4931,9814
95,6758.583133128,6758.667364456,,1,GPU-37ffc98b-8551-c8a1-5f3c-27ade9ae735a,ok,0,0,453,15.067,29,210,405,439,341
95,6758.583133128,6758.709887468,,2,GPU-5443d59d-561f-ed1e-da42-1975937205f9,ok,0,0,453,27.699,35,210,405,390,292
95,6758.583133128,6758.752456011,,3,GPU-46bf67bb-cb31-bee1-3cf0-c35337ba97d2,ok,0,0,453,26.179,39,210,405,439,341
95,6758.583133128,6758.794983404,,4,GPU-127e16de-2b5f-dde9-1932-b4e29bb818c0,ok,0,0,453,24.022,34,210,405,439,341
96,6759.583133128,6759.624832831,,0,GPU-9b96eb67-aeee-89d5-aa85-fc650af4e25c,ok,100,22,1514,348.84,74,1455,9501,6054,10351
96,6759.583133128,6759.667328804,,1,GPU-37ffc98b-8551-c8a1-5f3c-27ade9ae735a,ok,0,0,453,15.133,29,210,405,439,292
96,6759.583133128,6759.709845986,,2,GPU-5443d59d-561f-ed1e-da42-1975937205f9,ok,0,0,453,27.714,35,210,405,439,341
96,6759.583133128,6759.752386549,,3,GPU-46bf67bb-cb31-bee1-3cf0-c35337ba97d2,ok,0,0,453,26.167,39,210,405,439,341
96,6759.583133128,6759.794876532,,4,GPU-127e16de-2b5f-dde9-1932-b4e29bb818c0,ok,0,0,453,23.812,34,210,405,439,292
97,6760.583133128,6760.624838439,,0,GPU-9b96eb67-aeee-89d5-aa85-fc650af4e25c,ok,100,22,1514,349.352,74,1440,9501,4101,14453
97,6760.583133128,6760.667378842,,1,GPU-37ffc98b-8551-c8a1-5f3c-27ade9ae735a,ok,0,0,453,15.256,29,210,405,390,292
97,6760.583133128,6760.709925824,,2,GPU-5443d59d-561f-ed1e-da42-1975937205f9,ok,0,0,453,27.881,35,210,405,439,341
97,6760.583133128,6760.752516227,,3,GPU-46bf67bb-cb31-bee1-3cf0-c35337ba97d2,ok,0,0,453,26.292,39,210,405,439,292
97,6760.583133128,6760.79497734,,4,GPU-127e16de-2b5f-dde9-1932-b4e29bb818c0,ok,0,0,453,23.797,34,210,405,390,292
98,6761.583133128,6761.624824347,,0,GPU-9b96eb67-aeee-89d5-aa85-fc650af4e25c,ok,100,21,1514,348.877,74,1470,9501,3955,12841
98,6761.583133128,6761.66734222,,1,GPU-37ffc98b-8551-c8a1-5f3c-27ade9ae735a,ok,0,0,453,15.046,29,210,405,390,292
98,6761.583133128,6761.709892862,,2,GPU-5443d59d-561f-ed1e-da42-1975937205f9,ok,0,0,453,27.887,35,210,405,390,341
98,6761.583133128,6761.752479605,,3,GPU-46bf67bb-cb31-bee1-3cf0-c35337ba97d2,ok,0,0,453,26.18,39,210,405,439,292
98,6761.583133128,6761.794950048,,4,GPU-127e16de-2b5f-dde9-1932-b4e29bb818c0,ok,0,0,453,23.978,34,210,405,439,292
99,6762.583133128,6762.624842155,,0,GPU-9b96eb67-aeee-89d5-aa85-fc650af4e25c,ok,100,27,1514,348.713,74,1470,9501,5371,8984
99,6762.583133128,6762.667372278,,1,GPU-37ffc98b-8551-c8a1-5f3c-27ade9ae735a,ok,0,0,453,15.011,29,210,405,439,292
99,6762.583133128,6762.709905031,,2,GPU-5443d59d-561f-ed1e-da42-1975937205f9,ok,0,0,453,27.947,35,210,405,439,341
99,6762.583133128,6762.752499463,,3,GPU-46bf67bb-cb31-bee1-3cf0-c35337ba97d2,ok,0,0,453,26.204,39,210,405,439,341
99,6762.583133128,6762.795039686,,4,GPU-127e16de-2b5f-dde9-1932-b4e29bb818c0,ok,0,0,453,23.904,34,210,405,439,292
100,6763.583133128,6763.624846513,,0,GPU-9b96eb67-aeee-89d5-aa85-fc650af4e25c,ok,100,24,1514,349.225,74,1410,9501,5273,11816
100,6763.583133128,6763.667275936,,1,GPU-37ffc98b-8551-c8a1-5f3c-27ade9ae735a,ok,0,0,453,15.255,29,210,405,390,292
100,6763.583133128,6763.709707368,,2,GPU-5443d59d-561f-ed1e-da42-1975937205f9,ok,0,0,453,27.954,35,210,405,439,292
100,6763.583133128,6763.752282561,,3,GPU-46bf67bb-cb31-bee1-3cf0-c35337ba97d2,ok,0,0,453,26.328,39,210,405,439,341
100,6763.583133128,6763.794750074,,4,GPU-127e16de-2b5f-dde9-1932-b4e29bb818c0,ok,0,0,453,23.878,34,210,405,439,292
101,6764.583133128,6764.624837831,,0,GPU-9b96eb67-aeee-89d5-aa85-fc650af4e25c,ok,100,21,1514,349.113,74,1440,9501,3320,15039
101,6764.583133128,6764.667369084,,1,GPU-37ffc98b-8551-c8a1-5f3c-27ade9ae735a,ok,0,0,453,15.159,29,210,405,439,292
101,6764.583133128,6764.709900987,,2,GPU-5443d59d-561f-ed1e-da42-1975937205f9,ok,0,0,453,27.732,35,210,405,439,292
101,6764.583133128,6764.752466889,,3,GPU-46bf67bb-cb31-bee1-3cf0-c35337ba97d2,ok,0,0,453,26.15,39,210,405,439,292
101,6764.583133128,6764.794992332,,4,GPU-127e16de-2b5f-dde9-1932-b4e29bb818c0,ok,0,0,453,24.009,34,210,405,439,292
102,6765.583133128,6765.624866139,,0,GPU-9b96eb67-aeee-89d5-aa85-fc650af4e25c,ok,100,21,1514,348.785,74,1470,9501,4492,10595
102,6765.583133128,6765.667409132,,1,GPU-37ffc98b-8551-c8a1-5f3c-27ade9ae735a,ok,0,0,453,15.067,29,210,405,439,292
102,6765.583133128,6765.709944125,,2,GPU-5443d59d-561f-ed1e-da42-1975937205f9,ok,0,0,453,27.634,35,210,405,439,292
102,6765.583133128,6765.752513717,,3,GPU-46bf67bb-cb31-bee1-3cf0-c35337ba97d2,ok,0,0,453,26.089,39,210,405,439,292
102,6765.583133128,6765.79496851,,4,GPU-127e16de-2b5f-dde9-1932-b4e29bb818c0,ok,0,0,453,23.852,34,210,405,390,341
103,6766.583133128,6766.624841097,,0,GPU-9b96eb67-aeee-89d5-aa85-fc650af4e25c,ok,100,25,1514,348.777,74,1455,9501,5664,9375
103,6766.583133128,6766.66736802,,1,GPU-37ffc98b-8551-c8a1-5f3c-27ade9ae735a,ok,0,0,453,15.022,29,210,405,439,292
103,6766.583133128,6766.709911503,,2,GPU-5443d59d-561f-ed1e-da42-1975937205f9,ok,0,0,453,27.651,35,210,405,439,292
103,6766.583133128,6766.752444205,,3,GPU-46bf67bb-cb31-bee1-3cf0-c35337ba97d2,ok,0,0,453,26.218,39,210,405,390,292
103,6766.583133128,6766.794917788,,4,GPU-127e16de-2b5f-dde9-1932-b4e29bb818c0,ok,0,0,453,23.862,34,210,405,439,292
104,6767.583133128,6767.624854865,,0,GPU-9b96eb67-aeee-89d5-aa85-fc650af4e25c,ok,100,22,1514,348.938,74,1440,9501,3955,13330
104,6767.583133128,6767.667379558,,1,GPU-37ffc98b-8551-c8a1-5f3c-27ade9ae735a,ok,0,0,453,14.699,29,210,405,439,292
104,6767.583133128,6767.709799621,,2,GPU-5443d59d-561f-ed1e-da42-1975937205f9,ok,0,0,453,27.493,35,210,405,390,341
104,6767.583133128,6767.752274813,,3,GPU-46bf67bb-cb31-bee1-3cf0-c35337ba97d2,ok,0,0,453,26.091,39,210,405,439,292
104,6767.583133128,6767.794766766,,4,GPU-127e16de-2b5f-dde9-1932-b4e29bb818c0,ok,0,0,453,24.227,34,210,405,439,292
105,6768.583133128,6768.624874113,,0,GPU-9b96eb67-aeee-89d5-aa85-fc650af4e25c,ok,100,21,1514,348.461,74,1470,9501,3906,15087
105,6768.583133128,6768.667402026,,1,GPU-37ffc98b-8551-c8a1-5f3c-27ade9ae735a,ok,0,0,453,14.67,29,210,405,390,341
105,6768.583133128,6768.709930849,,2,GPU-5443d59d-561f-ed1e-da42-1975937205f9,ok,0,0,453,27.48,35,210,405,439,292
105,6768.583133128,6768.752472531,,3,GPU-46bf67bb-cb31-bee1-3cf0-c35337ba97d2,ok,0,0,453,26.118,39,210,405,439,292
105,6768.583133128,6768.794935964,,4,GPU-127e16de-2b5f-dde9-1932-b4e29bb818c0,ok,0,0,453,23.932,34,210,405,390,292
106,6769.583133128,6769.625003781,,0,GPU-9b96eb67-aeee-89d5-aa85-fc650af4e25c,ok,100,22,1514,348.432,74,1470,9501,5175,7763
106,6769.583133128,6769.667531124,,1,GPU-37ffc98b-8551-c8a1-5f3c-27ade9ae735a,ok,0,0,453,14.746,29,210,405,439,292
106,6769.583133128,6769.710057137,,2,GPU-5443d59d-561f-ed1e-da42-1975937205f9,ok,0,0,453,27.735,35,210,405,439,292
106,6769.583133128,6769.752658959,,3,GPU-46bf67bb-cb31-bee1-3cf0-c35337ba97d2,ok,0,0,453,26.309,39,210,405,439,341
106,6769.583133128,6769.795122842,,4,GPU-127e16de-2b5f-dde9-1932-b4e29bb818c0,ok,0,0,453,23.785,34,210,405,439,292
107,6770.583133128,6770.625024039,,0,GPU-9b96eb67-aeee-89d5-aa85-fc650af4e25c,ok,100,23,1514,348.549,74,1425,9501,4248,12255
107,6770.583133128,6770.667574382,,1,GPU-37ffc98b-8551-c8a1-5f3c-27ade9ae735a,ok,0,0,453,14.602,29,210,405,439,292
107,6770.583133128,6770.710106025,,2,GPU-5443d59d-561f-ed1e-da42-1975937205f9,ok,0,0,453,27.804,35,210,405,439,292
107,6770.583133128,6770.752664397,,3,GPU-46bf67bb-cb31-bee1-3cf0-c35337ba97d2,ok,0,0,453,26.131,39,210,405,439,292
107,6770.583133128,6770.79519886,,4,GPU-127e16de-2b5f-dde9-1932-b4e29bb818c0,ok,0,0,453,23.968,34,210,405,439,292
108,6771.583133128,6771.624840247,,0,GPU-9b96eb67-aeee-89d5-aa85-fc650af4e25c,ok,100,20,1514,348.888,74,1470,9501,3466,12695
108,6771.583133128,6771.66736682,,1,GPU-37ffc98b-8551-c8a1-5f3c-27ade9ae735a,ok,0,0,453,14.723,29,210,405,439,292
108,6771.583133128,6771.709895083,,2,GPU-5443d59d-561f-ed1e-da42-1975937205f9,ok,0,0,453,27.761,35,210,405,439,292
108,6771.583133128,6771.752434225,,3,GPU-46bf67bb-cb31-bee1-3cf0-c35337ba97d2,ok,0,0,453,26.084,39,210,405,439,292
108,6771.583133128,6771.794911728,,4,GPU-127e16de-2b5f-dde9-1932-b4e29bb818c0,ok,0,0,453,23.808,34,210,405,439,341
109,6772.583133128,6772.624861855,,0,GPU-9b96eb67-aeee-89d5-aa85-fc650af4e25c,ok,100,23,1514,348.573,74,1455,9501,5322,8593
109,6772.583133128,6772.667377588,,1,GPU-37ffc98b-8551-c8a1-5f3c-27ade9ae735a,ok,0,0,453,14.862,29,210,405,390,292
109,6772.583133128,6772.709901531,,2,GPU-5443d59d-561f-ed1e-da42-1975937205f9,ok,0,0,453,27.845,35,210,405,439,292
109,6772.583133128,6772.752434333,,3,GPU-46bf67bb-cb31-bee1-3cf0-c35337ba97d2,ok,0,0,453,26.232,39,210,405,439,292
109,6772.583133128,6772.794975376,,4,GPU-127e16de-2b5f-dde9-1932-b4e29bb818c0,ok,0,0,453,23.913,34,210,405,439,341
110,6773.583133128,6773.624841873,,0,GPU-9b96eb67-aeee-89d5-aa85-fc650af4e25c,ok,100,25,1514,349.054,75,1455,9501,5468,10156
110,6773.583133128,6773.667347236,,1,GPU-37ffc98b-8551-c8a1-5f3c-27ade9ae735a,ok,0,0,453,14.838,29,210,405,390,341
110,6773.583133128,6773.709892449,,2,GPU-5443d59d-561f-ed1e-da42-1975937205f9,ok,0,0,453,27.777,35,210,405,439,292
110,6773.583133128,6773.752436411,,3,GPU-46bf67bb-cb31-bee1-3cf0-c35337ba97d2,ok,0,0,453,26.112,39,210,405,439,292
110,6773.583133128,6773.794890664,,4,GPU-127e16de-2b5f-dde9-1932-b4e29bb818c0,ok,0,0,453,23.971,34,210,405,439,341
111,6774.583133128,6774.624821581,,0,GPU-9b96eb67-aeee-89d5-aa85-fc650af4e25c,ok,100,20,1514,348.316,75,1470,9501,3466,15869
111,6774.583133128,6774.667339034,,1,GPU-37ffc98b-8551-c8a1-5f3c-27ade9ae735a,ok,0,0,453,14.926,29,210,405,390,292
111,6774.583133128,6774.709857697,,2,GPU-5443d59d-561f-ed1e-da42-1975937205f9,ok,0,0,453,27.768,35,210,405,439,292
111,6774.583133128,6774.752393669,,3,GPU-46bf67bb-cb31-bee1-3cf0-c35337ba97d2,ok,0,0,453,26.134,39,210,405,439,341
111,6774.583133128,6774.794943762,,4,GPU-127e16de-2b5f-dde9-1932-b4e29bb818c0,ok,0,0,453,23.975,34,210,405,439,292
112,6775.583133128,6775.624862449,,0,GPU-9b96eb67-aeee-89d5-aa85-fc650af4e25c,ok,100,25,1514,350.106,74,1440,9501,6347,7861
112,6775.583133128,6775.667394752,,1,GPU-37ffc98b-8551-c8a1-5f3c-27ade9ae735a,ok,0,0,453,14.948,29,210,405,439,292
112,6775.583133128,6775.709915275,,2,GPU-5443d59d-561f-ed1e-da42-1975937205f9,ok,0,0,453,27.902,35,210,405,439,292
112,6775.583133128,6775.752467517,,3,GPU-46bf67bb-cb31-bee1-3cf0-c35337ba97d2,ok,0,0,453,26.289,39,210,405,439,341
112,6775.583133128,6775.79490979,,4,GPU-127e16de-2b5f-dde9-1932-b4e29bb818c0,ok,0,0,453,23.938,34,210,405,390,292
113,6776.583133128,6776.624895948,,0,GPU-9b96eb67-aeee-89d5-aa85-fc650af4e25c,ok,100,24,1514,348.681,75,1455,9501,5224,10351
113,6776.583133128,6776.66731398,,1,GPU-37ffc98b-8551-c8a1-5f3c-27ade9ae735a,ok,0,0,453,14.802,29,210,405,390,341
113,6776.583133128,6776.709883893,,2,GPU-5443d59d-561f-ed1e-da42-1975937205f9,ok,0,0,453,27.805,35,210,405,390,292
113,6776.583133128,6776.752425716,,3,GPU-46bf67bb-cb31-bee1-3cf0-c35337ba97d2,ok,0,0,453,26.138,39,210,405,439,292
113,6776.583133128,6776.794897968,,4,GPU-127e16de-2b5f-dde9-1932-b4e29bb818c0,ok,0,0,453,23.821,34,210,405,439,292
114,6777.583133128,6777.624815835,,0,GPU-9b96eb67-aeee-89d5-aa85-fc650af4e25c,ok,100,22,1514,348.454,75,1425,9501,3417,13330
114,6777.583133128,6777.667338988,,1,GPU-37ffc98b-8551-c8a1-5f3c-27ade9ae735a,ok,0,0,453,14.838,29,210,405,439,292
114,6777.583133128,6777.709867471,,2,GPU-5443d59d-561f-ed1e-da42-1975937205f9,ok,0,0,453,27.779,35,210,405,439,292
114,6777.583133128,6777.752435744,,3,GPU-46bf67bb-cb31-bee1-3cf0-c35337ba97d2,ok,0,0,453,26.153,39,210,405,439,292
114,6777.583133128,6777.794958126,,4,GPU-127e16de-2b5f-dde9-1932-b4e29bb818c0,ok,0,0,453,23.954,34,210,405,439,292
115,6778.583133128,6778.624851044,,0,GPU-9b96eb67-aeee-89d5-aa85-fc650af4e25c,ok,100,24,1514,349.49,75,1440,9501,4638,10449
115,6778.583133128,6778.667365876,,1,GPU-37ffc98b-8551-c8a1-5f3c-27ade9ae735a,ok,0,0,453,15.083,29,210,405,439,292
115,6778.583133128,6778.709888969,,2,GPU-5443d59d-561f-ed1e-da42-1975937205f9,ok,0,0,453,27.774,36,210,405,439,341
115,6778.583133128,6778.752452412,,3,GPU-46bf67bb-cb31-bee1-3cf0-c35337ba97d2,ok,0,0,453,26.309,39,210,405,439,292
115,6778.583133128,6778.794924544,,4,GPU-127e16de-2b5f-dde9-1932-b4e29bb818c0,ok,0,0,453,23.799,34,210,405,439,292
116,6779.583133128,6779.624849842,,0,GPU-9b96eb67-aeee-89d5-aa85-fc650af4e25c,ok,100,21,1514,348.235,75,1470,9501,5273,9423
116,6779.583133128,6779.667371104,,1,GPU-37ffc98b-8551-c8a1-5f3c-27ade9ae735a,ok,0,0,453,15.101,29,210,405,439,292
116,6779.583133128,6779.709905577,,2,GPU-5443d59d-561f-ed1e-da42-1975937205f9,ok,0,0,453,27.722,36,210,405,390,341
116,6779.583133128,6779.75246722,,3,GPU-46bf67bb-cb31-bee1-3cf0-c35337ba97d2,ok,0,0,453,26.119,39,210,405,439,341
116,6779.583133128,6779.794921062,,4,GPU-127e16de-2b5f-dde9-1932-b4e29bb818c0,ok,0,0,453,23.903,34,210,405,439,292
117,6780.583133128,6780.6248507,,0,GPU-9b96eb67-aeee-89d5-aa85-fc650af4e25c,ok,100,21,1514,348.697,75,1470,9501,3759,13525
117,6780.583133128,6780.667280682,,1,GPU-37ffc98b-8551-c8a1-5f3c-27ade9ae735a,ok,0,0,453,15.077,29,210,405,439,341
117,6780.583133128,6780.709699335,,2,GPU-5443d59d-561f-ed1e-da42-1975937205f9,ok,0,0,453,27.797,35,210,405,390,292
117,6780.583133128,6780.752155328,,3,GPU-46bf67bb-cb31-bee1-3cf0-c35337ba97d2,ok,0,0,453,26.065,39,210,405,439,341
117,6780.583133128,6780.79467546,,4,GPU-127e16de-2b5f-dde9-1932-b4e29bb818c0,ok,0,0,453,23.998,34,210,405,390,341
118,6781.583133128,6781.624883268,,0,GPU-9b96eb67-aeee-89d5-aa85-fc650af4e25c,ok,100,25,1514,349.533,75,1470,9501,3857,14160
118,6781.583133128,6781.6674148,,1,GPU-37ffc98b-8551-c8a1-5f3c-27ade9ae735a,ok,0,0,453,15.22,29,210,405,439,292
118,6781.583133128,6781.709940343,,2,GPU-5443d59d-561f-ed1e-da42-1975937205f9,ok,0,0,453,27.798,35,210,405,439,292
118,6781.583133128,6781.752481786,,3,GPU-46bf67bb-cb31-bee1-3cf0-c35337ba97d2,ok,0,0,453,26.229,39,210,405,439,341
118,6781.583133128,6781.794956138,,4,GPU-127e16de-2b5f-dde9-1932-b4e29bb818c0,ok,0,0,453,23.631,34,210,405,439,341
119,6782.583133128,6782.624849726,,0,GPU-9b96eb67-aeee-89d5-aa85-fc650af4e25c,ok,100,26,1514,348.89,75,1440,9501,5273,7763
119,6782.583133128,6782.667371488,,1,GPU-37ffc98b-8551-c8a1-5f3c-27ade9ae735a,ok,0,0,453,15.161,29,210,405,439,292
119,6782.583133128,6782.709913321,,2,GPU-5443d59d-561f-ed1e-da42-1975937205f9,ok,0,0,453,27.736,35,210,405,439,292
119,6782.583133128,6782.752461984,,3,GPU-46bf67bb-cb31-bee1-3cf0-c35337ba97d2,ok,0,0,453,26.07,39,210,405,439,292
119,6782.583133128,6782.794940406,,4,GPU-127e16de-2b5f-dde9-1932-b4e29bb818c0,ok,0,0,453,23.696,34,210,405,390,292
120,6783.583133128,6783.624861234,,0,GPU-9b96eb67-aeee-89d5-aa85-fc650af4e25c,ok,100,21,1514,349.413,75,1455,9501,4101,12402
120,6783.583133128,6783.667391576,,1,GPU-37ffc98b-8551-c8a1-5f3c-27ade9ae735a,ok,0,0,453,15.207,29,210,405,439,292
120,6783.583133128,6783.709925229,,2,GPU-5443d59d-561f-ed1e-da42-1975937205f9,ok,0,0,453,27.824,35,210,405,439,292
120,6783.583133128,6783.752488622,,3,GPU-46bf67bb-cb31-bee1-3cf0-c35337ba97d2,ok,0,0,453,26.024,39,210,405,439,292
120,6783.583133128,6783.795018994,,4,GPU-127e16de-2b5f-dde9-1932-b4e29bb818c0,ok,0,0,453,23.99,34,210,405,439,292
121,6784.583133128,6784.624865782,,0,GPU-9b96eb67-aeee-89d5-aa85-fc650af4e25c,ok,100,25,1514,348.883,75,1440,9501,4003,12255
121,6784.583133128,6784.667388334,,1,GPU-37ffc98b-8551-c8a1-5f3c-27ade9ae735a,ok,0,0,453,15.441,29,210,405,390,292
121,6784.583133128,6784.709925527,,2,GPU-5443d59d-561f-ed1e-da42-1975937205f9,ok,0,0,453,27.934,35,210,405,390,292
121,6784.583133128,6784.7524578,,3,GPU-46bf67bb-cb31-bee1-3cf0-c35337ba97d2,ok,0,0,453,26.16,39,210,405,488,292
121,6784.583133128,6784.794891962,,4,GPU-127e16de-2b5f-dde9-1932-b4e29bb818c0,ok,0,0,453,23.838,34,210,405,439,292
122,6785.583133128,6785.62487046,,0,GPU-9b96eb67-aeee-89d5-aa85-fc650af4e25c,ok,100,22,1514,348.746,75,1455,9501,5273,7812
122,6785.583133128,6785.667388132,,1,GPU-37ffc98b-8551-c8a1-5f3c-27ade9ae735a,ok,0,0,453,15.345,29,210,405,439,341
122,6785.583133128,6785.709919645,,2,GPU-5443d59d-561f-ed1e-da42-1975937205f9,ok,0,0,453,27.721,35,210,405,439,292
122,6785.583133128,6785.752482178,,3,GPU-46bf67bb-cb31-bee1-3cf0-c35337ba97d2,ok,0,0,453,26.006,39,210,405,439,341
122,6785.583133128,6785.79495048,,4,GPU-127e16de-2b5f-dde9-1932-b4e29bb818c0,ok,0,0,453,24.024,34,210,405,439,292
123,6786.583133128,6786.624842428,,0,GPU-9b96eb67-aeee-89d5-aa85-fc650af4e25c,ok,100,26,1514,348.644,75,1440,9501,4003,13574
123,6786.583133128,6786.66737216,,1,GPU-37ffc98b-8551-c8a1-5f3c-27ade9ae735a,ok,0,0,453,15.257,29,210,405,439,292
123,6786.583133128,6786.709896853,,2,GPU-5443d59d-561f-ed1e-da42-1975937205f9,ok,0,0,453,27.71,35,210,405,439,341
123,6786.583133128,6786.752436036,,3,GPU-46bf67bb-cb31-bee1-3cf0-c35337ba97d2,ok,0,0,453,26.027,39,210,405,439,292
123,6786.583133128,6786.794963478,,4,GPU-127e16de-2b5f-dde9-1932-b4e29bb818c0,ok,0,0,453,24.379,34,210,405,439,292
124,6787.583133128,6787.624537056,,0,GPU-9b96eb67-aeee-89d5-aa85-fc650af4e25c,ok,100,25,1514,348.743,75,1440,9501,488,292
124,6787.583133128,6787.667181338,,1,GPU-37ffc98b-8551-c8a1-5f3c-27ade9ae735a,ok,0,0,453,15.425,29,210,405,439,292
124,6787.583133128,6787.709958821,,2,GPU-5443d59d-561f-ed1e-da42-1975937205f9,ok,0,0,453,27.829,35,210,405,390,341
124,6787.583133128,6787.752745904,,3,GPU-46bf67bb-cb31-bee1-3cf0-c35337ba97d2,ok,0,0,453,26.146,39,210,405,439,341
124,6787.583133128,6787.795461067,,4,GPU-127e16de-2b5f-dde9-1932-b4e29bb818c0,ok,0,0,453,24.142,34,210,405,390,341
125,6788.583133128,6788.624831934,,0,GPU-9b96eb67-aeee-89d5-aa85-fc650af4e25c,ok,0,0,1514,229.724,69,1950,9501,390,292
125,6788.583133128,6788.667589017,,1,GPU-37ffc98b-8551-c8a1-5f3c-27ade9ae735a,ok,0,0,453,15.206,29,210,405,439,292
125,6788.583133128,6788.710357009,,2,GPU-5443d59d-561f-ed1e-da42-1975937205f9,ok,0,0,453,27.58,35,210,405,439,341
125,6788.583133128,6788.753141852,,3,GPU-46bf67bb-cb31-bee1-3cf0-c35337ba97d2,ok,0,0,453,25.891,39,210,405,439,292
125,6788.583133128,6788.795845425,,4,GPU-127e16de-2b5f-dde9-1932-b4e29bb818c0,ok,0,0,453,24.265,34,210,405,439,292
126,6789.583133128,6789.624894812,,0,GPU-9b96eb67-aeee-89d5-aa85-fc650af4e25c,ok,0,0,1514,197.328,69,1950,9501,683,292
126,6789.583133128,6789.667637825,,1,GPU-37ffc98b-8551-c8a1-5f3c-27ade9ae735a,ok,0,0,453,15.049,29,210,405,390,292
126,6789.583133128,6789.710400467,,2,GPU-5443d59d-561f-ed1e-da42-1975937205f9,ok,0,0,453,27.481,35,210,405,439,292
126,6789.583133128,6789.75318649,,3,GPU-46bf67bb-cb31-bee1-3cf0-c35337ba97d2,ok,0,0,453,25.85,39,210,405,390,292
126,6789.583133128,6789.795900023,,4,GPU-127e16de-2b5f-dde9-1932-b4e29bb818c0,ok,0,0,453,24.381,34,210,405,390,292
127,6790.583133128,6790.62486424,,0,GPU-9b96eb67-aeee-89d5-aa85-fc650af4e25c,ok,0,0,1514,166.242,67,1725,9501,390,292
127,6790.583133128,6790.667594273,,1,GPU-37ffc98b-8551-c8a1-5f3c-27ade9ae735a,ok,0,0,453,15.278,29,210,405,390,341
127,6790.583133128,6790.710371765,,2,GPU-5443d59d-561f-ed1e-da42-1975937205f9,ok,0,0,453,27.544,35,210,405,439,292
127,6790.583133128,6790.753174208,,3,GPU-46bf67bb-cb31-bee1-3cf0-c35337ba97d2,ok,0,0,453,25.892,39,210,405,439,292
127,6790.583133128,6790.795954411,,4,GPU-127e16de-2b5f-dde9-1932-b4e29bb818c0,ok,0,0,453,24.188,34,210,405,439,292
128,6791.583133128,6791.624853058,,0,GPU-9b96eb67-aeee-89d5-aa85-fc650af4e25c,ok,0,0,1514,150.091,66,1725,9501,390,292
128,6791.583133128,6791.667606021,,1,GPU-37ffc98b-8551-c8a1-5f3c-27ade9ae735a,ok,0,0,453,15.393,29,210,405,439,292
128,6791.583133128,6791.710387293,,2,GPU-5443d59d-561f-ed1e-da42-1975937205f9,ok,0,0,453,27.4,35,210,405,390,292
128,6791.583133128,6791.753173856,,3,GPU-46bf67bb-cb31-bee1-3cf0-c35337ba97d2,ok,0,0,453,25.961,39,210,405,439,341
128,6791.583133128,6791.795936789,,4,GPU-127e16de-2b5f-dde9-1932-b4e29bb818c0,ok,0,0,453,24.127,34,210,405,439,292
129,6792.583133128,6792.624885396,,0,GPU-9b96eb67-aeee-89d5-aa85-fc650af4e25c,ok,0,0,1514,133.928,66,1725,9501,390,292
129,6792.583133128,6792.667626949,,1,GPU-37ffc98b-8551-c8a1-5f3c-27ade9ae735a,ok,0,0,453,15.418,29,210,405,439,292
129,6792.583133128,6792.710390371,,2,GPU-5443d59d-561f-ed1e-da42-1975937205f9,ok,0,0,453,27.45,35,210,405,439,292
129,6792.583133128,6792.753223564,,3,GPU-46bf67bb-cb31-bee1-3cf0-c35337ba97d2,ok,0,0,453,26.132,39,210,405,439,292
129,6792.583133128,6792.795934867,,4,GPU-127e16de-2b5f-dde9-1932-b4e29bb818c0,ok,0,0,453,24.164,34,210,405,390,292
130,6793.583133128,6793.624771424,,0,GPU-9b96eb67-aeee-89d5-aa85-fc650af4e25c,ok,0,0,1514,133.226,65,1725,9501,439,292
130,6793.583133128,6793.667405857,,1,GPU-37ffc98b-8551-c8a1-5f3c-27ade9ae735a,ok,0,0,453,15.366,29,210,405,439,292
130,6793.583133128,6793.710085219,,2,GPU-5443d59d-561f-ed1e-da42-1975937205f9,ok,0,0,453,27.622,35,210,405,439,341
130,6793.583133128,6793.752882302,,3,GPU-46bf67bb-cb31-bee1-3cf0-c35337ba97d2,ok,0,0,453,25.979,39,210,405,439,292
130,6793.583133128,6793.795557685,,4,GPU-127e16de-2b5f-dde9-1932-b4e29bb818c0,ok,0,0,453,24.274,34,210,405,439,292
131,6794.583133128,6794.624790762,,0,GPU-9b96eb67-aeee-89d5-aa85-fc650af4e25c,ok,0,0,1514,132.749,65,1725,9501,390,244
131,6794.583133128,6794.667527845,,1,GPU-37ffc98b-8551-c8a1-5f3c-27ade9ae735a,ok,0,0,453,15.396,29,210,405,439,341
131,6794.583133128,6794.710266237,,2,GPU-5443d59d-561f-ed1e-da42-1975937205f9,ok,0,0,453,27.762,36,210,405,439,341
131,6794.583133128,6794.75306327,,3,GPU-46bf67bb-cb31-bee1-3cf0-c35337ba97d2,ok,0,0,453,26.072,39,210,405,439,341
131,6794.583133128,6794.795820223,,4,GPU-127e16de-2b5f-dde9-1932-b4e29bb818c0,ok,0,0,453,24.143,34,210,405,439,341
132,6795.583133128,6795.62492,,0,GPU-9b96eb67-aeee-89d5-aa85-fc650af4e25c,ok,0,0,1514,132.411,65,1725,9501,390,244
132,6795.583133128,6795.667664643,,1,GPU-37ffc98b-8551-c8a1-5f3c-27ade9ae735a,ok,0,0,453,15.432,29,210,405,439,292
132,6795.583133128,6795.710430365,,2,GPU-5443d59d-561f-ed1e-da42-1975937205f9,ok,0,0,453,27.898,36,210,405,390,341
132,6795.583133128,6795.752985118,,3,GPU-46bf67bb-cb31-bee1-3cf0-c35337ba97d2,ok,0,0,453,26.284,39,210,405,439,341
132,6795.583133128,6795.795580991,,4,GPU-127e16de-2b5f-dde9-1932-b4e29bb818c0,ok,0,0,453,23.888,34,210,405,390,292
133,6796.583133128,6796.624785938,,0,GPU-9b96eb67-aeee-89d5-aa85-fc650af4e25c,ok,0,0,1514,131.953,64,1725,9501,390,244
133,6796.583133128,6796.667529051,,1,GPU-37ffc98b-8551-c8a1-5f3c-27ade9ae735a,ok,0,0,453,15.356,29,210,405,439,292
133,6796.583133128,6796.710275973,,2,GPU-5443d59d-561f-ed1e-da42-1975937205f9,ok,0,0,453,27.899,36,210,405,390,292
133,6796.583133128,6796.753093406,,3,GPU-46bf67bb-cb31-bee1-3cf0-c35337ba97d2,ok,0,0,453,26.074,39,210,405,439,292
133,6796.583133128,6796.795857259,,4,GPU-127e16de-2b5f-dde9-1932-b4e29bb818c0,ok,0,0,453,24.009,34,210,405,439,292
134,6797.583133128,6797.624844056,,0,GPU-9b96eb67-aeee-89d5-aa85-fc650af4e25c,ok,0,0,1514,131.659,64,1725,9501,4541,11523
134,6797.583133128,6797.667397509,,1,GPU-37ffc98b-8551-c8a1-5f3c-27ade9ae735a,ok,0,0,453,15.37,29,210,405,439,292
134,6797.583133128,6797.709954801,,2,GPU-5443d59d-561f-ed1e-da42-1975937205f9,ok,0,0,453,27.966,36,210,405,439,292
134,6797.583133128,6797.752414614,,3,GPU-46bf67bb-cb31-bee1-3cf0-c35337ba97d2,ok,0,0,453,26.065,39,210,405,439,292
134,6797.583133128,6797.794900427,,4,GPU-127e16de-2b5f-dde9-1932-b4e29bb818c0,ok,0,0,453,24.096,34,210,405,439,292
135,6798.583133128,6798.624850374,,0,GPU-9b96eb67-aeee-89d5-aa85-fc650af4e25c,ok,100,26,1514,220.112,71,1470,9501,4296,10937
135,6798.583133128,6798.667406107,,1,GPU-37ffc98b-8551-c8a1-5f3c-27ade9ae735a,ok,0,0,453,15.556,29,210,405,390,292
135,6798.583133128,6798.709980319,,2,GPU-5443d59d-561f-ed1e-da42-1975937205f9,ok,0,0,453,27.939,35,210,405,439,292
135,6798.583133128,6798.752556782,,3,GPU-46bf67bb-cb31-bee1-3cf0-c35337ba97d2,ok,0,0,453,26.261,39,210,405,439,292
135,6798.583133128,6798.795034815,,4,GPU-127e16de-2b5f-dde9-1932-b4e29bb818c0,ok,0,0,453,24.135,34,210,405,439,292
136,6799.583133128,6799.624855122,,0,GPU-9b96eb67-aeee-89d5-aa85-fc650af4e25c,ok,100,23,1514,348.621,72,1485,9501,5224,9472
136,6799.583133128,6799.667380195,,1,GPU-37ffc98b-8551-c8a1-5f3c-27ade9ae735a,ok,0,0,453,15.566,29,210,405,439,292
136,6799.583133128,6799.709927337,,2,GPU-5443d59d-561f-ed1e-da42-1975937205f9,ok,0,0,453,27.875,35,210,405,439,292
136,6799.583133128,6799.75250152,,3,GPU-46bf67bb-cb31-bee1-3cf0-c35337ba97d2,ok,0,0,453,26.06,39,210,405,439,341
136,6799.583133128,6799.795056683,,4,GPU-127e16de-2b5f-dde9-1932-b4e29bb818c0,ok,0,0,453,24.376,34,210,405,439,292
137,6800.583133128,6800.62485882,,0,GPU-9b96eb67-aeee-89d5-aa85-fc650af4e25c,ok,100,23,1514,348.907,72,1470,9501,5371,9912
137,6800.583133128,6800.667377993,,1,GPU-37ffc98b-8551-c8a1-5f3c-27ade9ae735a,ok,0,0,453,15.557,29,210,405,439,341
137,6800.583133128,6800.709934965,,2,GPU-5443d59d-561f-ed1e-da42-1975937205f9,ok,0,0,453,27.895,36,210,405,439,292
137,6800.583133128,6800.752520858,,3,GPU-46bf67bb-cb31-bee1-3cf0-c35337ba97d2,ok,0,0,453,26.005,39,210,405,439,341
137,6800.583133128,6800.794984571,,4,GPU-127e16de-2b5f-dde9-1932-b4e29bb818c0,ok,0,0,453,24.192,34,210,405,439,292
138,6801.583133128,6801.624818948,,0,GPU-9b96eb67-aeee-89d5-aa85-fc650af4e25c,ok,100,24,1514,349.071,72,1470,9501,4443,14306
138,6801.583133128,6801.667346761,,1,GPU-37ffc98b-8551-c8a1-5f3c-27ade9ae735a,ok,0,0,453,15.748,29,210,405,439,341
138,6801.583133128,6801.709881223,,2,GPU-5443d59d-561f-ed1e-da42-1975937205f9,ok,0,0,453,27.8,36,210,405,439,292
138,6801.583133128,6801.752444386,,3,GPU-46bf67bb-cb31-bee1-3cf0-c35337ba97d2,ok,0,0,453,26.17,39,210,405,390,292
138,6801.583133128,6801.794930089,,4,GPU-127e16de-2b5f-dde9-1932-b4e29bb818c0,ok,0,0,453,24.239,34,210,405,439,292
139,6802.583133128,6802.624856886,,0,GPU-9b96eb67-aeee-89d5-aa85-fc650af4e25c,ok,100,22,1514,348.466,72,1455,9501,3271,13378
139,6802.583133128,6802.667349259,,1,GPU-37ffc98b-8551-c8a1-5f3c-27ade9ae735a,ok,0,0,453,15.646,29,210,405,390,292
139,6802.583133128,6802.709886631,,2,GPU-5443d59d-561f-ed1e-da42-1975937205f9,ok,0,0,453,27.56,36,210,405,390,292
139,6802.583133128,6802.752461514,,3,GPU-46bf67bb-cb31-bee1-3cf0-c35337ba97d2,ok,0,0,453,26.002,39,210,405,439,292
139,6802.583133128,6802.795020687,,4,GPU-127e16de-2b5f-dde9-1932-b4e29bb818c0,ok,0,0,453,24.473,34,210,405,439,292
140,6803.583133128,6803.624855304,,0,GPU-9b96eb67-aeee-89d5-aa85-fc650af4e25c,ok,100,24,1514,349.1,73,1485,9501,4248,11718
140,6803.583133128,6803.667381017,,1,GPU-37ffc98b-8551-c8a1-5f3c-27ade9ae735a,ok,0,0,453,15.694,29,210,405,439,292
140,6803.583133128,6803.709916359,,2,GPU-5443d59d-561f-ed1e-da42-1975937205f9,ok,0,0,453,27.523,36,210,405,439,341
140,6803.583133128,6803.752482932,,3,GPU-46bf67bb-cb31-bee1-3cf0-c35337ba97d2,ok,0,0,453,25.957,39,210,405,439,292
140,6803.583133128,6803.794971005,,4,GPU-127e16de-2b5f-dde9-1932-b4e29bb818c0,ok,0,0,453,24.341,34,210,405,439,341
141,6804.583133128,6804.624853862,,0,GPU-9b96eb67-aeee-89d5-aa85-fc650af4e25c,ok,100,22,1514,349.534,73,1485,9501,5517,8447
141,6804.583133128,6804.667386785,,1,GPU-37ffc98b-8551-c8a1-5f3c-27ade9ae735a,ok,0,0,453,15.723,29,210,405,439,292
141,6804.583133128,6804.709922047,,2,GPU-5443d59d-561f-ed1e-da42-1975937205f9,ok,0,0,453,27.607,35,210,405,439,292
141,6804.583133128,6804.7524867,,3,GPU-46bf67bb-cb31-bee1-3cf0-c35337ba97d2,ok,0,0,453,26.177,39,210,405,439,292
141,6804.583133128,6804.794970903,,4,GPU-127e16de-2b5f-dde9-1932-b4e29bb818c0,ok,0,0,453,24.516,34,210,405,439,341
142,6805.583133128,6805.62483614,,0,GPU-9b96eb67-aeee-89d5-aa85-fc650af4e25c,ok,100,25,1514,349.388,73,1470,9501,5419,10449
142,6805.583133128,6805.667350153,,1,GPU-37ffc98b-8551-c8a1-5f3c-27ade9ae735a,ok,0,0,453,15.395,29,210,405,439,292
142,6805.583133128,6805.709876565,,2,GPU-5443d59d-561f-ed1e-da42-1975937205f9,ok,0,0,453,27.582,35,210,405,439,292
142,6805.583133128,6805.752422108,,3,GPU-46bf67bb-cb31-bee1-3cf0-c35337ba97d2,ok,0,0,453,26.066,39,210,405,439,341
142,6805.583133128,6805.794995691,,4,GPU-127e16de-2b5f-dde9-1932-b4e29bb818c0,ok,0,0,453,24.729,34,210,405,439,341
143,6806.583133128,6806.624826408,,0,GPU-9b96eb67-aeee-89d5-aa85-fc650af4e25c,ok,100,21,1514,349.802,73,1455,9501,4296,13183
143,6806.583133128,6806.667244351,,1,GPU-37ffc98b-8551-c8a1-5f3c-27ade9ae735a,ok,0,0,453,15.352,29,210,405,439,341
143,6806.583133128,6806.709762493,,2,GPU-5443d59d-561f-ed1e-da42-1975937205f9,ok,0,0,453,27.66,36,210,405,439,292
143,6806.583133128,6806.752324956,,3,GPU-46bf67bb-cb31-bee1-3cf0-c35337ba97d2,ok,0,0,453,26.015,39,210,405,439,341
143,6806.583133128,6806.794856429,,4,GPU-127e16de-2b5f-dde9-1932-b4e29bb818c0,ok,0,0,453,24.338,34,210,405,390,341
144,6807.583133128,6807.624832096,,0,GPU-9b96eb67-aeee-89d5-aa85-fc650af4e25c,ok,100,23,1514,349.331,73,1470,9501,3662,14648
144,6807.583133128,6807.667364599,,1,GPU-37ffc98b-8551-c8a1-5f3c-27ade9ae735a,ok,0,0,453,15.435,29,210,405,390,341
144,6807.583133128,6807.709917502,,2,GPU-5443d59d-561f-ed1e-da42-1975937205f9,ok,0,0,453,27.727,36,210,405,439,292
144,6807.583133128,6807.752467604,,3,GPU-46bf67bb-cb31-bee1-3cf0-c35337ba97d2,ok,0,0,453,26.168,39,210,405,439,341
144,6807.583133128,6807.795023177,,4,GPU-127e16de-2b5f-dde9-1932-b4e29bb818c0,ok,0,0,453,23.988,34,210,405,439,341
145,6808.583133128,6808.624833874,,0,GPU-9b96eb67-aeee-89d5-aa85-fc650af4e25c,ok,100,23,1514,349.608,73,1470,9501,5566,11621
145,6808.583133128,6808.667357067,,1,GPU-37ffc98b-8551-c8a1-5f3c-27ade9ae735a,ok,0,0,453,15.373,29,210,405,439,292
145,6808.583133128,6808.70989757,,2,GPU-5443d59d-561f-ed1e-da42-1975937205f9,ok,0,0,453,27.707,36,210,405,439,292
145,6808.583133128,6808.752454612,,3,GPU-46bf67bb-cb31-bee1-3cf0-c35337ba97d2,ok,0,0,453,26.035,39,210,405,439,292
145,6808.583133128,6808.795033165,,4,GPU-127e16de-2b5f-dde9-1932-b4e29bb818c0,ok,0,0,453,23.973,34,210,405,439,341
146,6809.583133128,6809.624839612,,0,GPU-9b96eb67-aeee-89d5-aa85-fc650af4e25c,ok,100,23,1514,349.235,73,1470,9501,5273,8789
146,6809.583133128,6809.667375775,,1,GPU-37ffc98b-8551-c8a1-5f3c-27ade9ae735a,ok,0,0,453,15.364,29,210,405,439,292
146,6809.583133128,6809.709910728,,2,GPU-5443d59d-561f-ed1e-da42-1975937205f9,ok,0,0,453,27.69,36,210,405,439,341
146,6809.583133128,6809.75245577,,3,GPU-46bf67bb-cb31-bee1-3cf0-c35337ba97d2,ok,0,0,453,26.0,39,210,405,439,292
146,6809.583133128,6809.795017343,,4,GPU-127e16de-2b5f-dde9-1932-b4e29bb818c0,ok,0,0,453,24.039,34,210,405,439,341
147,6810.583133128,6810.62489562,,0,GPU-9b96eb67-aeee-89d5-aa85-fc650af4e25c,ok,100,21,1514,349.503,73,1455,9501,4394,12695
147,6810.583133128,6810.667326463,,1,GPU-37ffc98b-8551-c8a1-5f3c-27ade9ae735a,ok,0,0,453,15.406,29,210,405,439,292
147,6810.583133128,6810.709736826,,2,GPU-5443d59d-561f-ed1e-da42-1975937205f9,ok,0,0,453,27.653,36,210,405,439,292
147,6810.583133128,6810.752206698,,3,GPU-46bf67bb-cb31-bee1-3cf0-c35337ba97d2,ok,0,0,453,26.144,39,210,405,439,292
147,6810.583133128,6810.794687111,,4,GPU-127e16de-2b5f-dde9-1932-b4e29bb818c0,ok,0,0,453,24.15,34,210,405,439,292
148,6811.583133128,6811.624870898,,0,GPU-9b96eb67-aeee-89d5-aa85-fc650af4e25c,ok,100,23,1514,349.241,73,1440,9501,3417,13671
148,6811.583133128,6811.667393731,,1,GPU-37ffc98b-8551-c8a1-5f3c-27ade9ae735a,ok,0,0,453,15.302,29,210,405,439,341
148,6811.583133128,6811.709926344,,2,GPU-5443d59d-561f-ed1e-da42-1975937205f9,ok,0,0,453,27.518,36,210,405,439,292
148,6811.583133128,6811.752473896,,3,GPU-46bf67bb-cb31-bee1-3cf0-c35337ba97d2,ok,0,0,453,25.992,39,210,405,439,292
148,6811.583133128,6811.795030289,,4,GPU-127e16de-2b5f-dde9-1932-b4e29bb818c0,ok,0,0,453,24.201,34,210,405,439,292
149,6812.583133128,6812.624863786,,0,GPU-9b96eb67-aeee-89d5-aa85-fc650af4e25c,ok,100,24,1514,348.884,73,1470,9501,4443,11523
149,6812.583133128,6812.667392989,,1,GPU-37ffc98b-8551-c8a1-5f3c-27ade9ae735a,ok,0,0,453,15.285,29,210,405,439,341
149,6812.583133128,6812.709945892,,2,GPU-5443d59d-561f-ed1e-da42-1975937205f9,ok,0,0,453,27.464,36,210,405,439,292
149,6812.583133128,6812.752500154,,3,GPU-46bf67bb-cb31-bee1-3cf0-c35337ba97d2,ok,0,0,453,25.947,39,210,405,439,292
149,6812.583133128,6812.795082897,,4,GPU-127e16de-2b5f-dde9-1932-b4e29bb818c0,ok,0,0,453,24.174,34,210,405,390,292
150,6813.583133128,6813.624852994,,0,GPU-9b96eb67-aeee-89d5-aa85-fc650af4e25c,ok,100,22,1514,348.609,74,1470,9501,5615,7763
150,6813.583133128,6813.667376837,,1,GPU-37ffc98b-8551-c8a1-5f3c-27ade9ae735a,ok,0,0,453,15.374,29,210,405,390,292
150,6813.583133128,6813.70990827,,2,GPU-5443d59d-561f-ed1e-da42-1975937205f9,ok,0,0,453,27.586,36,210,405,390,341
150,6813.583133128,6813.752466492,,3,GPU-46bf67bb-cb31-bee1-3cf0-c35337ba97d2,ok,0,0,453,26.156,39,210,405,439,292
150,6813.583133128,6813.795060575,,4,GPU-127e16de-2b5f-dde9-1932-b4e29bb818c0,ok,0,0,453,24.31,34,210,405,439,292
151,6814.583133128,6814.624802572,,0,GPU-9b96eb67-aeee-89d5-aa85-fc650af4e25c,ok,100,21,1514,349.311,73,1455,9501,4638,11230
151,6814.583133128,6814.667348225,,1,GPU-37ffc98b-8551-c8a1-5f3c-27ade9ae735a,ok,0,0,453,15.194,29,210,405,439,292
151,6814.583133128,6814.709874858,,2,GPU-5443d59d-561f-ed1e-da42-1975937205f9,ok,0,0,453,27.529,36,210,405,390,292
151,6814.583133128,6814.75241767,,3,GPU-46bf67bb-cb31-bee1-3cf0-c35337ba97d2,ok,0,0,453,26.056,39,210,405,439,292
151,6814.583133128,6814.794981913,,4,GPU-127e16de-2b5f-dde9-1932-b4e29bb818c0,ok,0,0,453,24.235,34,210,405,390,292
152,6815.583133128,6815.62483367,,0,GPU-9b96eb67-aeee-89d5-aa85-fc650af4e25c,ok,100,24,1514,348.214,73,1455,9501,3222,13330
152,6815.583133128,6815.667356583,,1,GPU-37ffc98b-8551-c8a1-5f3c-27ade9ae735a,ok,0,0,453,15.143,29,210,405,439,292
152,6815.583133128,6815.709871836,,2,GPU-5443d59d-561f-ed1e-da42-1975937205f9,ok,0,0,453,27.561,36,210,405,439,292
152,6815.583133128,6815.752434688,,3,GPU-46bf67bb-cb31-bee1-3cf0-c35337ba97d2,ok,0,0,453,26.053,39,210,405,439,341
152,6815.583133128,6815.794990421,,4,GPU-127e16de-2b5f-dde9-1932-b4e29bb818c0,ok,0,0,453,24.265,34,210,405,439,292
153,6816.583133128,6816.624798258,,0,GPU-9b96eb67-aeee-89d5-aa85-fc650af4e25c,ok,100,25,1514,348.466,73,1470,9501,4345,13476
153,6816.583133128,6816.667319291,,1,GPU-37ffc98b-8551-c8a1-5f3c-27ade9ae735a,ok,0,0,453,15.169,29,210,405,390,292
153,6816.583133128,6816.709828794,,2,GPU-5443d59d-561f-ed1e-da42-1975937205f9,ok,0,0,453,27.776,36,210,405,439,292
153,6816.583133128,6816.752409726,,3,GPU-46bf67bb-cb31-bee1-3cf0-c35337ba97d2,ok,0,0,453,26.217,39,210,405,439,341
153,6816.583133128,6816.794936449,,4,GPU-127e16de-2b5f-dde9-1932-b4e29bb818c0,ok,0,0,453,24.379,34,210,405,439,292
154,6817.583133128,6817.624830506,,0,GPU-9b96eb67-aeee-89d5-aa85-fc650af4e25c,ok,100,22,1514,348.799,74,1455,9501,5371,7617
154,6817.583133128,6817.667336109,,1,GPU-37ffc98b-8551-c8a1-5f3c-27ade9ae735a,ok,0,0,453,14.995,29,210,405,439,292
154,6817.583133128,6817.709869132,,2,GPU-5443d59d-561f-ed1e-da42-1975937205f9,ok,0,0,453,27.783,36,210,405,439,292
154,6817.583133128,6817.752422574,,3,GPU-46bf67bb-cb31-bee1-3cf0-c35337ba97d2,ok,0,0,453,26.055,39,210,405,390,292
154,6817.583133128,6817.794979937,,4,GPU-127e16de-2b5f-dde9-1932-b4e29bb818c0,ok,0,0,453,24.085,34,210,405,439,292
155,6818.583133128,6818.624832184,,0,GPU-9b96eb67-aeee-89d5-aa85-fc650af4e25c,ok,100,23,1514,348.522,74,1410,9501,4150,11669
155,6818.583133128,6818.667347937,,1,GPU-37ffc98b-8551-c8a1-5f3c-27ade9ae735a,ok,0,0,453,15.103,29,210,405,439,292
155,6818.583133128,6818.70988294,,2,GPU-5443d59d-561f-ed1e-da42-1975937205f9,ok,0,0,453,27.927,36,210,405,439,341
155,6818.583133128,6818.752438082,,3,GPU-46bf67bb-cb31-bee1-3cf0-c35337ba97d2,ok,0,0,453,26.081,39,210,405,439,292
155,6818.583133128,6818.794980845,,4,GPU-127e16de-2b5f-dde9-1932-b4e29bb818c0,ok,0,0,453,23.861,34,210,405,439,292
156,6819.583133128,6819.624854812,,0,GPU-9b96eb67-aeee-89d5-aa85-fc650af4e25c,ok,100,25,1514,348.499,74,1440,9501,3662,17041
156,6819.583133128,6819.667376845,,1,GPU-37ffc98b-8551-c8a1-5f3c-27ade9ae735a,ok,0,0,453,15.316,29,210,405,439,292
156,6819.583133128,6819.709872928,,2,GPU-5443d59d-561f-ed1e-da42-1975937205f9,ok,0,0,453,28.051,36,210,405,390,292
156,6819.583133128,6819.752445531,,3,GPU-46bf67bb-cb31-bee1-3cf0-c35337ba97d2,ok,0,0,453,26.261,39,210,405,439,292
156,6819.583133128,6819.794964213,,4,GPU-127e16de-2b5f-dde9-1932-b4e29bb818c0,ok,0,0,453,23.918,34,210,405,439,292
157,6820.583133128,6820.6248224,,0,GPU-9b96eb67-aeee-89d5-aa85-fc650af4e25c,ok,100,23,1514,348.877,74,1440,9501,4833,8691
157,6820.583133128,6820.667343663,,1,GPU-37ffc98b-8551-c8a1-5f3c-27ade9ae735a,ok,0,0,453,15.341,29,210,405,439,341
157,6820.583133128,6820.709857766,,2,GPU-5443d59d-561f-ed1e-da42-1975937205f9,ok,0,0,453,27.899,36,210,405,390,292
157,6820.583133128,6820.752403949,,3,GPU-46bf67bb-cb31-bee1-3cf0-c35337ba97d2,ok,0,0,453,26.065,39,210,405,439,341
157,6820.583133128,6820.794932401,,4,GPU-127e16de-2b5f-dde9-1932-b4e29bb818c0,ok,0,0,453,24.008,34,210,405,439,341
158,6821.583133128,6821.624817369,,0,GPU-9b96eb67-aeee-89d5-aa85-fc650af4e25c,ok,100,23,1514,347.905,73,1455,9501,5371,10644
158,6821.583133128,6821.667346581,,1,GPU-37ffc98b-8551-c8a1-5f3c-27ade9ae735a,ok,0,0,453,15.356,29,210,405,439,341
158,6821.583133128,6821.709878514,,2,GPU-5443d59d-561f-ed1e-da42-1975937205f9,ok,0,0,453,27.878,36,210,405,390,292
158,6821.583133128,6821.752469517,,3,GPU-46bf67bb-cb31-bee1-3cf0-c35337ba97d2,ok,0,0,453,26.048,39,210,405,439,292
158,6821.583133128,6821.795018779,,4,GPU-127e16de-2b5f-dde9-1932-b4e29bb818c0,ok,0,0,453,24.194,34,210,405,390,341
159,6822.583133128,6822.624814197,,0,GPU-9b96eb67-aeee-89d5-aa85-fc650af4e25c,ok,100,26,1514,348.38,74,1440,9501,3125,13769
159,6822.583133128,6822.667351239,,1,GPU-37ffc98b-8551-c8a1-5f3c-27ade9ae735a,ok,0,0,453,15.306,29,210,405,439,292
159,6822.583133128,6822.709889572,,2,GPU-5443d59d-561f-ed1e-da42-1975937205f9,ok,0,0,453,27.9,36,210,405,439,292
159,6822.583133128,6822.752455505,,3,GPU-46bf67bb-cb31-bee1-3cf0-c35337ba97d2,ok,0,0,453,26.164,39,210,405,439,292
159,6822.583133128,6822.794988997,,4,GPU-127e16de-2b5f-dde9-1932-b4e29bb818c0,ok,0,0,453,24.58,34,210,405,439,341
160,6823.583133128,6823.624814265,,0,GPU-9b96eb67-aeee-89d5-aa85-fc650af4e25c,ok,100,22,1514,347.972,74,1470,9501,4101,11621
160,6823.583133128,6823.667227887,,1,GPU-37ffc98b-8551-c8a1-5f3c-27ade9ae735a,ok,0,0,453,15.212,29,210,405,439,292
160,6823.583133128,6823.70962118,,2,GPU-5443d59d-561f-ed1e-da42-1975937205f9,ok,0,0,453,27.719,36,210,405,439,292
160,6823.583133128,6823.752125523,,3,GPU-46bf67bb-cb31-bee1-3cf0-c35337ba97d2,ok,0,0,453,26.001,39,210,405,439,292
160,6823.583133128,6823.794675395,,4,GPU-127e16de-2b5f-dde9-1932-b4e29bb818c0,ok,0,0,453,24.532,34,210,405,439,341
161,6824.583133128,6824.624856723,,0,GPU-9b96eb67-aeee-89d5-aa85-fc650af4e25c,ok,100,20,1514,348.163,74,1470,9501,6054,9033
161,6824.583133128,6824.667379955,,1,GPU-37ffc98b-8551-c8a1-5f3c-27ade9ae735a,ok,0,0,453,15.292,29,210,405,390,292
161,6824.583133128,6824.710138858,,2,GPU-5443d59d-561f-ed1e-da42-1975937205f9,ok,0,0,453,27.602,36,210,405,537,292
161,6824.583133128,6824.752699151,,3,GPU-46bf67bb-cb31-bee1-3cf0-c35337ba97d2,ok,0,0,453,26.085,39,210,405,439,292
161,6824.583133128,6824.795237433,,4,GPU-127e16de-2b5f-dde9-1932-b4e29bb818c0,ok,0,0,453,24.559,34,210,405,439,341
162,6825.583133128,6825.624821171,,0,GPU-9b96eb67-aeee-89d5-aa85-fc650af4e25c,ok,100,23,1514,349.165,74,1410,9501,4687,16406
162,6825.583133128,6825.667353103,,1,GPU-37ffc98b-8551-c8a1-5f3c-27ade9ae735a,ok,0,0,453,15.481,29,210,405,439,292
162,6825.583133128,6825.709867146,,2,GPU-5443d59d-561f-ed1e-da42-1975937205f9,ok,0,0,453,27.625,36,210,405,439,292
162,6825.583133128,6825.752460589,,3,GPU-46bf67bb-cb31-bee1-3cf0-c35337ba97d2,ok,0,0,453,26.222,39,210,405,439,341
162,6825.583133128,6825.795003671,,4,GPU-127e16de-2b5f-dde9-1932-b4e29bb818c0,ok,0,0,453,24.716,34,210,405,439,292
163,6826.583133128,6826.624843469,,0,GPU-9b96eb67-aeee-89d5-aa85-fc650af4e25c,ok,100,25,1514,348.697,74,1440,9501,3759,11669
163,6826.583133128,6826.667367611,,1,GPU-37ffc98b-8551-c8a1-5f3c-27ade9ae735a,ok,0,0,453,15.429,29,210,405,439,292
163,6826.583133128,6826.709879024,,2,GPU-5443d59d-561f-ed1e-da42-1975937205f9,ok,0,0,453,27.591,36,210,405,390,341
163,6826.583133128,6826.752469837,,3,GPU-46bf67bb-cb31-bee1-3cf0-c35337ba97d2,ok,0,0,453,25.981,39,210,405,390,292
163,6826.583133128,6826.795014789,,4,GPU-127e16de-2b5f-dde9-1932-b4e29bb818c0,ok,0,0,453,24.602,34,210,405,439,292
164,6827.583133128,6827.624859367,,0,GPU-9b96eb67-aeee-89d5-aa85-fc650af4e25c,ok,100,20,1514,348.009,74,1470,9501,5859,8935
164,6827.583133128,6827.667387049,,1,GPU-37ffc98b-8551-c8a1-5f3c-27ade9ae735a,ok,0,0,453,15.363,29,210,405,439,292
164,6827.583133128,6827.709915722,,2,GPU-5443d59d-561f-ed1e-da42-1975937205f9,ok,0,0,453,27.794,36,210,405,390,292
164,6827.583133128,6827.752402355,,3,GPU-46bf67bb-cb31-bee1-3cf0-c35337ba97d2,ok,0,0,453,25.982,39,210,405,439,292
164,6827.583133128,6827.794853157,,4,GPU-127e16de-2b5f-dde9-1932-b4e29bb818c0,ok,0,0,453,24.547,34,210,405,439,292
165,6828.583133128,6828.624796105,,0,GPU-9b96eb67-aeee-89d5-aa85-fc650af4e25c,ok,100,21,1514,348.519,74,1455,9501,4785,10498
165,6828.583133128,6828.667336257,,1,GPU-37ffc98b-8551-c8a1-5f3c-27ade9ae735a,ok,0,0,453,15.461,29,210,405,439,341
165,6828.583133128,6828.70988533,,2,GPU-5443d59d-561f-ed1e-da42-1975937205f9,ok,0,0,453,28.034,36,210,405,439,292
165,6828.583133128,6828.752423313,,3,GPU-46bf67bb-cb31-bee1-3cf0-c35337ba97d2,ok,0,0,453,25.922,39,210,405,439,292
165,6828.583133128,6828.795000625,,4,GPU-127e16de-2b5f-dde9-1932-b4e29bb818c0,ok,0,0,453,24.443,34,210,405,439,292
166,6829.583133128,6829.624848823,,0,GPU-9b96eb67-aeee-89d5-aa85-fc650af4e25c,ok,100,22,1514,348.467,74,1455,9501,3662,17822
166,6829.583133128,6829.667389545,,1,GPU-37ffc98b-8551-c8a1-5f3c-27ade9ae735a,ok,0,0,453,15.337,29,210,405,439,341
166,6829.583133128,6829.709914868,,2,GPU-5443d59d-561f-ed1e-da42-1975937205f9,ok,0,0,453,27.921,36,210,405,439,292
166,6829.583133128,6829.752457261,,3,GPU-46bf67bb-cb31-bee1-3cf0-c35337ba97d2,ok,0,0,453,25.971,39,210,405,439,292
166,6829.583133128,6829.795010063,,4,GPU-127e16de-2b5f-dde9-1932-b4e29bb818c0,ok,0,0,453,24.186,34,210,405,439,341
167,6830.583133128,6830.624804531,,0,GPU-9b96eb67-aeee-89d5-aa85-fc650af4e25c,ok,100,25,1514,349.014,74,1440,9501,4248,9912
167,6830.583133128,6830.667349543,,1,GPU-37ffc98b-8551-c8a1-5f3c-27ade9ae735a,ok,0,0,453,15.425,29,210,405,390,341
167,6830.583133128,6830.709880726,,2,GPU-5443d59d-561f-ed1e-da42-1975937205f9,ok,0,0,453,27.879,36,210,405,439,292
167,6830.583133128,6830.752427649,,3,GPU-46bf67bb-cb31-bee1-3cf0-c35337ba97d2,ok,0,0,453,26.068,39,210,405,439,292
167,6830.583133128,6830.794963201,,4,GPU-127e16de-2b5f-dde9-1932-b4e29bb818c0,ok,0,0,453,24.196,34,210,405,439,341
168,6831.583133128,6831.626281879,,0,GPU-9b96eb67-aeee-89d5-aa85-fc650af4e25c,ok,0,0,1512,321.456,70,1950,9501,390,585
168,6831.583133128,6831.710671654,,1,GPU-37ffc98b-8551-c8a1-5f3c-27ade9ae735a,ok,0,0,450,15.383,29,210,405,439,3564
168,6831.583133128,6831.753442327,,2,GPU-5443d59d-561f-ed1e-da42-1975937205f9,ok,0,0,450,27.754,36,210,405,439,292
168,6831.583133128,6831.79590635,,3,GPU-46bf67bb-cb31-bee1-3cf0-c35337ba97d2,ok,0,0,450,25.977,39,210,405,439,292
168,6831.583133128,6831.838371712,,4,GPU-127e16de-2b5f-dde9-1932-b4e29bb818c0,ok,0,0,450,24.477,34,210,405,439,341
169,6832.583133128,6832.624601367,,0,GPU-9b96eb67-aeee-89d5-aa85-fc650af4e25c,ok,0,0,450,170.383,68,1950,9751,390,292
169,6832.583133128,6832.667309139,,1,GPU-37ffc98b-8551-c8a1-5f3c-27ade9ae735a,ok,0,0,450,20.366,30,210,405,390,292
169,6832.583133128,6832.709873682,,2,GPU-5443d59d-561f-ed1e-da42-1975937205f9,ok,0,0,450,32.108,36,210,405,439,292
169,6832.583133128,6832.752422525,,3,GPU-46bf67bb-cb31-bee1-3cf0-c35337ba97d2,ok,0,0,450,34.175,40,210,405,439,292
169,6832.583133128,6832.794891947,,4,GPU-127e16de-2b5f-dde9-1932-b4e29bb818c0,ok,0,0,450,29.754,35,210,405,439,292
170,6833.583133128,6833.632770357,,0,GPU-9b96eb67-aeee-89d5-aa85-fc650af4e25c,ok,0,0,468,161.035,66,1725,9751,16699,143896
170,6833.583133128,6833.67537634,,1,GPU-37ffc98b-8551-c8a1-5f3c-27ade9ae735a,ok,1,0,453,21.017,30,210,405,439,292
170,6833.583133128,6833.717901943,,2,GPU-5443d59d-561f-ed1e-da42-1975937205f9,ok,0,0,453,31.787,36,210,405,439,292
170,6833.583133128,6833.760544825,,3,GPU-46bf67bb-cb31-bee1-3cf0-c35337ba97d2,ok,0,0,453,41.012,40,210,405,390,292
170,6833.583133128,6833.803151748,,4,GPU-127e16de-2b5f-dde9-1932-b4e29bb818c0,ok,0,0,453,34.118,35,210,405,488,341
171,6834.583133128,6834.624982003,,0,GPU-9b96eb67-aeee-89d5-aa85-fc650af4e25c,ok,100,28,1514,225.696,72,1485,9501,2978,7373
171,6834.583133128,6834.667517266,,1,GPU-37ffc98b-8551-c8a1-5f3c-27ade9ae735a,ok,0,0,453,25.12,30,210,405,439,292
171,6834.583133128,6834.710048578,,2,GPU-5443d59d-561f-ed1e-da42-1975937205f9,ok,0,0,453,33.182,36,210,405,439,292
171,6834.583133128,6834.752621121,,3,GPU-46bf67bb-cb31-bee1-3cf0-c35337ba97d2,ok,0,0,453,35.404,40,210,405,390,292
171,6834.583133128,6834.795193574,,4,GPU-127e16de-2b5f-dde9-1932-b4e29bb818c0,ok,0,0,453,29.928,35,210,405,439,341
172,6835.583133128,6835.625085951,,0,GPU-9b96eb67-aeee-89d5-aa85-fc650af4e25c,ok,100,23,1514,349.665,73,1410,9501,4638,15283
172,6835.583133128,6835.667607534,,1,GPU-37ffc98b-8551-c8a1-5f3c-27ade9ae735a,ok,0,0,453,24.888,30,210,405,439,292
172,6835.583133128,6835.710158666,,2,GPU-5443d59d-561f-ed1e-da42-1975937205f9,ok,0,0,453,35.681,36,210,405,439,292
172,6835.583133128,6835.752758739,,3,GPU-46bf67bb-cb31-bee1-3cf0-c35337ba97d2,ok,0,0,453,41.054,40,210,405,439,341
172,6835.583133128,6835.795309922,,4,GPU-127e16de-2b5f-dde9-1932-b4e29bb818c0,ok,0,0,453,34.105,35,210,405,390,341
173,6836.583133128,6836.624820639,,0,GPU-9b96eb67-aeee-89d5-aa85-fc650af4e25c,ok,100,25,1514,348.677,74,1470,9501,3173,12500
173,6836.583133128,6836.667256472,,1,GPU-37ffc98b-8551-c8a1-5f3c-27ade9ae735a,ok,0,0,453,16.875,30,210,405,439,292
173,6836.583133128,6836.709684664,,2,GPU-5443d59d-561f-ed1e-da42-1975937205f9,ok,0,0,453,28.936,36,210,405,439,341
173,6836.583133128,6836.752281057,,3,GPU-46bf67bb-cb31-bee1-3cf0-c35337ba97d2,ok,0,0,453,27.85,40,210,405,439,341
173,6836.583133128,6836.79483985,,4,GPU-127e16de-2b5f-dde9-1932-b4e29bb818c0,ok,0,0,453,25.783,35,210,405,439,341
174,6837.583133128,6837.624893257,,0,GPU-9b96eb67-aeee-89d5-aa85-fc650af4e25c,ok,100,26,1514,348.288,73,1470,9501,5273,7812
174,6837.583133128,6837.66743566,,1,GPU-37ffc98b-8551-c8a1-5f3c-27ade9ae735a,ok,0,0,453,15.8,29,210,405,439,341
174,6837.583133128,6837.709964152,,2,GPU-5443d59d-561f-ed1e-da42-1975937205f9,ok,0,0,453,28.048,36,210,405,390,341
174,6837.583133128,6837.752528345,,3,GPU-46bf67bb-cb31-bee1-3cf0-c35337ba97d2,ok,0,0,453,26.325,39,210,405,439,341
174,6837.583133128,6837.795072378,,4,GPU-127e16de-2b5f-dde9-1932-b4e29bb818c0,ok,0,0,453,24.696,34,210,405,390,292
175,6838.583133128,6838.624827515,,0,GPU-9b96eb67-aeee-89d5-aa85-fc650af4e25c,ok,100,20,1514,348.97,74,1440,9501,4833,9814
175,6838.583133128,6838.667351548,,1,GPU-37ffc98b-8551-c8a1-5f3c-27ade9ae735a,ok,0,0,453,15.445,29,210,405,439,292
175,6838.583133128,6838.70987208,,2,GPU-5443d59d-561f-ed1e-da42-1975937205f9,ok,0,0,453,27.715,36,210,405,439,292
175,6838.583133128,6838.752454993,,3,GPU-46bf67bb-cb31-bee1-3cf0-c35337ba97d2,ok,0,0,453,26.002,39,210,405,439,292
175,6838.583133128,6838.794991006,,4,GPU-127e16de-2b5f-dde9-1932-b4e29bb818c0,ok,0,0,453,24.244,34,210,405,439,292
176,6839.583133128,6839.624863153,,0,GPU-9b96eb67-aeee-89d5-aa85-fc650af4e25c,ok,100,27,1514,348.313,74,1470,9501,3320,14453
176,6839.583133128,6839.667395966,,1,GPU-37ffc98b-8551-c8a1-5f3c-27ade9ae735a,ok,0,0,453,15.417,29,210,405,439,292
176,6839.583133128,6839.709905568,,2,GPU-5443d59d-561f-ed1e-da42-1975937205f9,ok,0,0,453,27.663,36,210,405,439,292
176,6839.583133128,6839.752463171,,3,GPU-46bf67bb-cb31-bee1-3cf0-c35337ba97d2,ok,0,0,453,26.021,39,210,405,390,292
176,6839.583133128,6839.795009794,,4,GPU-127e16de-2b5f-dde9-1932-b4e29bb818c0,ok,0,0,453,24.39,34,210,405,439,292
177,6840.583133128,6840.624859551,,0,GPU-9b96eb67-aeee-89d5-aa85-fc650af4e25c,ok,100,25,1514,348.762,74,1470,9501,4150,10058
177,6840.583133128,6840.667387774,,1,GPU-37ffc98b-8551-c8a1-5f3c-27ade9ae735a,ok,0,0,453,15.48,29,210,405,439,292
177,6840.583133128,6840.709827206,,2,GPU-5443d59d-561f-ed1e-da42-1975937205f9,ok,0,0,453,27.65,36,210,405,439,341
177,6840.583133128,6840.752296329,,3,GPU-46bf67bb-cb31-bee1-3cf0-c35337ba97d2,ok,0,0,453,26.157,39,210,405,390,341
177,6840.583133128,6840.794807352,,4,GPU-127e16de-2b5f-dde9-1932-b4e29bb818c0,ok,0,0,453,24.708,34,210,405,439,292
178,6841.583133128,6841.624851449,,0,GPU-9b96eb67-aeee-89d5-aa85-fc650af4e25c,ok,100,20,1514,348.973,74,1470,9501,5615,7958
178,6841.583133128,6841.667382022,,1,GPU-37ffc98b-8551-c8a1-5f3c-27ade9ae735a,ok,0,0,453,15.355,29,210,405,439,292
178,6841.583133128,6841.709909604,,2,GPU-5443d59d-561f-ed1e-da42-1975937205f9,ok,0,0,453,27.464,36,210,405,439,341
178,6841.583133128,6841.752478947,,3,GPU-46bf67bb-cb31-bee1-3cf0-c35337ba97d2,ok,0,0,453,26.024,39,210,405,439,292
178,6841.583133128,6841.79500327,,4,GPU-127e16de-2b5f-dde9-1932-b4e29bb818c0,ok,0,0,453,24.453,34,210,405,439,292
179,6842.583133128,6842.624857717,,0,GPU-9b96eb67-aeee-89d5-aa85-fc650af4e25c,ok,100,23,1514,348.828,74,1440,9501,4052,12500
179,6842.583133128,6842.66737713,,1,GPU-37ffc98b-8551-c8a1-5f3c-27ade9ae735a,ok,0,0,453,15.224,29,210,405,439,292
179,6842.583133128,6842.709885682,,2,GPU-5443d59d-561f-ed1e-da42-1975937205f9,ok,0,0,453,27.46,36,210,405,439,292
179,6842.583133128,6842.752431415,,3,GPU-46bf67bb-cb31-bee1-3cf0-c35337ba97d2,ok,0,0,453,26.037,39,210,405,439,292
179,6842.583133128,6842.794960518,,4,GPU-127e16de-2b5f-dde9-1932-b4e29bb818c0,ok,0,0,453,24.168,34,210,405,390,341
180,6843.583133128,6843.624801425,,0,GPU-9b96eb67-aeee-89d5-aa85-fc650af4e25c,ok,100,22,1514,349.288,74,1455,9501,3027,13427
180,6843.583133128,6843.667368158,,1,GPU-37ffc98b-8551-c8a1-5f3c-27ade9ae735a,ok,0,0,453,15.34,29,210,405,439,292
180,6843.583133128,6843.70988425,,2,GPU-5443d59d-561f-ed1e-da42-1975937205f9,ok,0,0,453,27.526,36,210,405,439,292
180,6843.583133128,6843.752445693,,3,GPU-46bf67bb-cb31-bee1-3cf0-c35337ba97d2,ok,0,0,453,26.15,39,210,405,439,341
180,6843.583133128,6843.794919246,,4,GPU-127e16de-2b5f-dde9-1932-b4e29bb818c0,ok,0,0,453,24.151,34,210,405,439,292
181,6844.583133128,6844.624865783,,0,GPU-9b96eb67-aeee-89d5-aa85-fc650af4e25c,ok,100,22,1514,348.935,74,1440,9501,4833,8251
181,6844.583133128,6844.667405876,,1,GPU-37ffc98b-8551-c8a1-5f3c-27ade9ae735a,ok,0,0,453,15.459,29,210,405,390,292
181,6844.583133128,6844.709932988,,2,GPU-5443d59d-561f-ed1e-da42-1975937205f9,ok,0,0,453,27.37,36,210,405,439,292
181,6844.583133128,6844.752499791,,3,GPU-46bf67bb-cb31-bee1-3cf0-c35337ba97d2,ok,0,0,453,25.952,39,210,405,390,341
181,6844.583133128,6844.795040664,,4,GPU-127e16de-2b5f-dde9-1932-b4e29bb818c0,ok,0,0,453,24.102,34,210,405,390,292
182,6845.583133128,6845.624806921,,0,GPU-9b96eb67-aeee-89d5-aa85-fc650af4e25c,ok,100,20,1514,349.277,74,1440,9501,4931,9375
182,6845.583133128,6845.667369994,,1,GPU-37ffc98b-8551-c8a1-5f3c-27ade9ae735a,ok,0,0,453,15.39,29,210,405,439,292
182,6845.583133128,6845.709899856,,2,GPU-5443d59d-561f-ed1e-da42-1975937205f9,ok,0,0,453,27.511,36,210,405,439,292
182,6845.583133128,6845.752479119,,3,GPU-46bf67bb-cb31-bee1-3cf0-c35337ba97d2,ok,0,0,453,25.924,39,210,405,439,341
182,6845.583133128,6845.795016772,,4,GPU-127e16de-2b5f-dde9-1932-b4e29bb818c0,ok,0,0,453,24.173,34,210,405,439,341
183,6846.583133128,6846.624856849,,0,GPU-9b96eb67-aeee-89d5-aa85-fc650af4e25c,ok,100,22,1514,348.879,74,1470,9501,3466,13964
183,6846.583133128,6846.667387622,,1,GPU-37ffc98b-8551-c8a1-5f3c-27ade9ae735a,ok,0,0,453,15.352,29,210,405,390,341
183,6846.583133128,6846.709907674,,2,GPU-5443d59d-561f-ed1e-da42-1975937205f9,ok,0,0,453,27.798,36,210,405,439,341
183,6846.583133128,6846.752465577,,3,GPU-46bf67bb-cb31-bee1-3cf0-c35337ba97d2,ok,0,0,453,26.058,39,210,405,390,292
183,6846.583133128,6846.79503435,,4,GPU-127e16de-2b5f-dde9-1932-b4e29bb818c0,ok,0,0,453,24.174,34,210,405,439,341
184,6847.583133128,6847.624843437,,0,GPU-9b96eb67-aeee-89d5-aa85-fc650af4e25c,ok,100,24,1514,349.091,74,1440,9501,4296,12597
184,6847.583133128,6847.66738225,,1,GPU-37ffc98b-8551-c8a1-5f3c-27ade9ae735a,ok,0,0,453,15.301,29,210,405,439,341
184,6847.583133128,6847.709923372,,2,GPU-5443d59d-561f-ed1e-da42-1975937205f9,ok,0,0,453,27.73,36,210,405,439,341
184,6847.583133128,6847.752490405,,3,GPU-46bf67bb-cb31-bee1-3cf0-c35337ba97d2,ok,0,0,453,25.973,39,210,405,439,292
184,6847.583133128,6847.795024538,,4,GPU-127e16de-2b5f-dde9-1932-b4e29bb818c0,ok,0,0,453,23.885,34,210,405,390,292
185,6848.583133128,6848.624859365,,0,GPU-9b96eb67-aeee-89d5-aa85-fc650af4e25c,ok,100,20,1514,348.296,74,1470,9501,5078,8105
185,6848.583133128,6848.667430208,,1,GPU-37ffc98b-8551-c8a1-5f3c-27ade9ae735a,ok,0,0,453,15.212,29,210,405,439,341
185,6848.583133128,6848.709950881,,2,GPU-5443d59d-561f-ed1e-da42-1975937205f9,ok,0,0,453,27.684,36,210,405,390,292
185,6848.583133128,6848.752521423,,3,GPU-46bf67bb-cb31-bee1-3cf0-c35337ba97d2,ok,0,0,453,26.121,39,210,405,390,292
185,6848.583133128,6848.795052896,,4,GPU-127e16de-2b5f-dde9-1932-b4e29bb818c0,ok,0,0,453,24.037,34,210,405,390,292
186,6849.583133128,6849.624848673,,0,GPU-9b96eb67-aeee-89d5-aa85-fc650af4e25c,ok,100,23,1514,348.957,74,1470,9501,3662,13427
186,6849.583133128,6849.667284556,,1,GPU-37ffc98b-8551-c8a1-5f3c-27ade9ae735a,ok,0,0,453,15.321,29,210,405,439,292
186,6849.583133128,6849.709809678,,2,GPU-5443d59d-561f-ed1e-da42-1975937205f9,ok,0,0,453,27.666,36,210,405,439,292
186,6849.583133128,6849.752400021,,3,GPU-46bf67bb-cb31-bee1-3cf0-c35337ba97d2,ok,0,0,453,26.359,39,210,405,439,292
186,6849.583133128,6849.794954874,,4,GPU-127e16de-2b5f-dde9-1932-b4e29bb818c0,ok,0,0,453,24.326,34,210,405,439,292
187,6850.583133128,6850.624847171,,0,GPU-9b96eb67-aeee-89d5-aa85-fc650af4e25c,ok,100,22,1514,349.1,74,1440,9501,3417,12109
187,6850.583133128,6850.667399864,,1,GPU-37ffc98b-8551-c8a1-5f3c-27ade9ae735a,ok,0,0,453,15.266,29,210,405,390,292
187,6850.583133128,6850.709942207,,2,GPU-5443d59d-561f-ed1e-da42-1975937205f9,ok,0,0,453,27.53,36,210,405,439,292
187,6850.583133128,6850.752497739,,3,GPU-46bf67bb-cb31-bee1-3cf0-c35337ba97d2,ok,0,0,453,26.211,39,210,405,439,292
187,6850.583133128,6850.795046302,,4,GPU-127e16de-2b5f-dde9-1932-b4e29bb818c0,ok,0,0,453,24.275,34,210,405,390,292
188,6851.583133128,6851.624820539,,0,GPU-9b96eb67-aeee-89d5-aa85-fc650af4e25c,ok,100,21,1514,349.48,74,1455,9501,5371,7910
188,6851.583133128,6851.667340172,,1,GPU-37ffc98b-8551-c8a1-5f3c-27ade9ae735a,ok,0,0,453,15.361,29,210,405,439,292
188,6851.583133128,6851.709874745,,2,GPU-5443d59d-561f-ed1e-da42-1975937205f9,ok,0,0,453,27.542,36,210,405,439,292
188,6851.583133128,6851.752454917,,3,GPU-46bf67bb-cb31-bee1-3cf0-c35337ba97d2,ok,0,0,453,26.173,39,210,405,439,292
188,6851.583133128,6851.79499949,,4,GPU-127e16de-2b5f-dde9-1932-b4e29bb818c0,ok,0,0,453,24.303,34,210,405,439,292
189,6852.583133128,6852.624827047,,0,GPU-9b96eb67-aeee-89d5-aa85-fc650af4e25c,ok,100,20,1514,348.641,74,1470,9501,3759,10742
189,6852.583133128,6852.66737327,,1,GPU-37ffc98b-8551-c8a1-5f3c-27ade9ae735a,ok,0,0,453,15.499,29,210,405,439,292
189,6852.583133128,6852.709917373,,2,GPU-5443d59d-561f-ed1e-da42-1975937205f9,ok,0,0,453,27.714,36,210,405,439,341
189,6852.583133128,6852.752474495,,3,GPU-46bf67bb-cb31-bee1-3cf0-c35337ba97d2,ok,0,0,453,26.246,39,210,405,439,292
189,6852.583133128,6852.795017188,,4,GPU-127e16de-2b5f-dde9-1932-b4e29bb818c0,ok,0,0,453,24.409,34,210,405,439,292
190,6853.583133128,6853.624821215,,0,GPU-9b96eb67-aeee-89d5-aa85-fc650af4e25c,ok,100,23,1514,348.065,74,1425,9501,2978,13769
190,6853.583133128,6853.667257248,,1,GPU-37ffc98b-8551-c8a1-5f3c-27ade9ae735a,ok,0,0,453,15.258,29,210,405,439,341
190,6853.583133128,6853.709673861,,2,GPU-5443d59d-561f-ed1e-da42-1975937205f9,ok,0,0,453,27.737,36,210,405,439,292
190,6853.583133128,6853.752135713,,3,GPU-46bf67bb-cb31-bee1-3cf0-c35337ba97d2,ok,0,0,453,26.034,39,210,405,439,292
190,6853.583133128,6853.794650756,,4,GPU-127e16de-2b5f-dde9-1932-b4e29bb818c0,ok,0,0,453,24.38,34,210,405,439,292
191,6854.583133128,6854.624860833,,0,GPU-9b96eb67-aeee-89d5-aa85-fc650af4e25c,ok,100,26,1514,349.091,74,1470,9501,5029,8349
191,6854.583133128,6854.667404686,,1,GPU-37ffc98b-8551-c8a1-5f3c-27ade9ae735a,ok,0,0,453,15.239,29,210,405,439,292
191,6854.583133128,6854.709936449,,2,GPU-5443d59d-561f-ed1e-da42-1975937205f9,ok,0,0,453,27.704,36,210,405,439,292
191,6854.583133128,6854.752495861,,3,GPU-46bf67bb-cb31-bee1-3cf0-c35337ba97d2,ok,0,0,453,26.029,39,210,405,439,292
191,6854.583133128,6854.795042554,,4,GPU-127e16de-2b5f-dde9-1932-b4e29bb818c0,ok,0,0,453,24.36,34,210,405,439,341
192,6855.583133128,6855.624831061,,0,GPU-9b96eb67-aeee-89d5-aa85-fc650af4e25c,ok,100,20,1514,349.23,75,1470,9501,5273,8740
192,6855.583133128,6855.667365414,,1,GPU-37ffc98b-8551-c8a1-5f3c-27ade9ae735a,ok,0,0,453,15.255,29,210,405,390,292
192,6855.583133128,6855.709893627,,2,GPU-5443d59d-561f-ed1e-da42-1975937205f9,ok,0,0,453,27.773,36,210,405,390,292
192,6855.583133128,6855.752477449,,3,GPU-46bf67bb-cb31-bee1-3cf0-c35337ba97d2,ok,0,0,453,26.18,39,210,405,439,292
192,6855.583133128,6855.795040422,,4,GPU-127e16de-2b5f-dde9-1932-b4e29bb818c0,ok,0,0,453,24.569,34,210,405,439,341
193,6856.583133128,6856.624835189,,0,GPU-9b96eb67-aeee-89d5-aa85-fc650af4e25c,ok,100,22,1514,349.509,75,1455,9501,3369,13085
193,6856.583133128,6856.667386632,,1,GPU-37ffc98b-8551-c8a1-5f3c-27ade9ae735a,ok,0,0,453,15.051,29,210,405,390,292
193,6856.583133128,6856.709923225,,2,GPU-5443d59d-561f-ed1e-da42-1975937205f9,ok,0,0,453,27.75,36,210,405,439,341
193,6856.583133128,6856.752523927,,3,GPU-46bf67bb-cb31-bee1-3cf0-c35337ba97d2,ok,0,0,453,26.015,39,210,405,439,292
193,6856.583133128,6856.79507452,,4,GPU-127e16de-2b5f-dde9-1932-b4e29bb818c0,ok,0,0,453,24.566,34,210,405,439,292
194,6857.583133128,6857.624855547,,0,GPU-9b96eb67-aeee-89d5-aa85-fc650af4e25c,ok,100,25,1514,348.851,75,1455,9501,3710,10546
194,6857.583133128,6857.66739814,,1,GPU-37ffc98b-8551-c8a1-5f3c-27ade9ae735a,ok,0,0,453,15.106,29,210,405,439,292
194,6857.583133128,6857.709929843,,2,GPU-5443d59d-561f-ed1e-da42-1975937205f9,ok,0,0,453,27.728,36,210,405,439,341
194,6857.583133128,6857.752490025,,3,GPU-46bf67bb-cb31-bee1-3cf0-c35337ba97d2,ok,0,0,453,26.007,39,210,405,439,292
194,6857.583133128,6857.795016888,,4,GPU-127e16de-2b5f-dde9-1932-b4e29bb818c0,ok,0,0,453,24.517,34,210,405,439,292
195,6858.583133128,6858.624847245,,0,GPU-9b96eb67-aeee-89d5-aa85-fc650af4e25c,ok,100,23,1514,348.898,75,1455,9501,6738,8007
195,6858.583133128,6858.667376758,,1,GPU-37ffc98b-8551-c8a1-5f3c-27ade9ae735a,ok,0,0,453,15.294,29,210,405,439,292
195,6858.583133128,6858.709898121,,2,GPU-5443d59d-561f-ed1e-da42-1975937205f9,ok,0,0,453,27.705,36,210,405,439,292
195,6858.583133128,6858.752464693,,3,GPU-46bf67bb-cb31-bee1-3cf0-c35337ba97d2,ok,0,0,453,26.133,39,210,405,439,292
195,6858.583133128,6858.795020786,,4,GPU-127e16de-2b5f-dde9-1932-b4e29bb818c0,ok,0,0,453,24.566,34,210,405,390,292
196,6859.583133128,6859.624869703,,0,GPU-9b96eb67-aeee-89d5-aa85-fc650af4e25c,ok,100,22,1514,348.407,75,1470,9501,390,244
196,6859.583133128,6859.667620966,,1,GPU-37ffc98b-8551-c8a1-5f3c-27ade9ae735a,ok,0,0,453,15.003,29,210,405,390,292
196,6859.583133128,6859.710364799,,2,GPU-5443d59d-561f-ed1e-da42-1975937205f9,ok,0,0,453,27.65,36,210,405,439,292
196,6859.583133128,6859.753139222,,3,GPU-46bf67bb-cb31-bee1-3cf0-c35337ba97d2,ok,0,0,453,25.951,39,210,405,439,292
196,6859.583133128,6859.795869694,,4,GPU-127e16de-2b5f-dde9-1932-b4e29bb818c0,ok,0,0,453,24.407,34,210,405,439,292
197,6860.583133128,6860.624840301,,0,GPU-9b96eb67-aeee-89d5-aa85-fc650af4e25c,ok,0,0,1514,200.745,69,1950,9501,390,292
197,6860.583133128,6860.667608284,,1,GPU-37ffc98b-8551-c8a1-5f3c-27ade9ae735a,ok,0,0,453,14.846,29,210,405,439,292
197,6860.583133128,6860.710353687,,2,GPU-5443d59d-561f-ed1e-da42-1975937205f9,ok,0,0,453,27.728,36,210,405,390,292
197,6860.583133128,6860.75313253,,3,GPU-46bf67bb-cb31-bee1-3cf0-c35337ba97d2,ok,0,0,453,25.95,39,210,405,439,292
197,6860.583133128,6860.795910072,,4,GPU-127e16de-2b5f-dde9-1932-b4e29bb818c0,ok,0,0,453,24.45,34,210,405,439,292
198,6861.583133128,6861.624823019,,0,GPU-9b96eb67-aeee-89d5-aa85-fc650af4e25c,ok,0,0,1514,166.687,67,1725,9501,4052,10888
198,6861.583133128,6861.667354612,,1,GPU-37ffc98b-8551-c8a1-5f3c-27ade9ae735a,ok,0,0,453,15.125,29,210,405,439,341
198,6861.583133128,6861.709884825,,2,GPU-5443d59d-561f-ed1e-da42-1975937205f9,ok,0,0,453,27.729,36,210,405,390,292
198,6861.583133128,6861.752459497,,3,GPU-46bf67bb-cb31-bee1-3cf0-c35337ba97d2,ok,0,0,453,26.109,39,210,405,439,292
198,6861.583133128,6861.79503101,,4,GPU-127e16de-2b5f-dde9-1932-b4e29bb818c0,ok,0,0,453,24.633,34,210,405,439,292
199,6862.583133128,6862.624816247,,0,GPU-9b96eb67-aeee-89d5-aa85-fc650af4e25c,ok,100,20,1514,249.143,74,1425,9501,3125,14306
199,6862.583133128,6862.66733029,,1,GPU-37ffc98b-8551-c8a1-5f3c-27ade9ae735a,ok,0,0,453,15.172,29,210,405,439,292
199,6862.583133128,6862.709873813,,2,GPU-5443d59d-561f-ed1e-da42-1975937205f9,ok,0,0,453,27.597,36,210,405,439,341
199,6862.583133128,6862.752455796,,3,GPU-46bf67bb-cb31-bee1-3cf0-c35337ba97d2,ok,0,0,453,25.972,39,210,405,439,292
199,6862.583133128,6862.795026918,,4,GPU-127e16de-2b5f-dde9-1932-b4e29bb818c0,ok,0,0,453,24.628,34,210,405,439,292
200,6863.583133128,6863.624812005,,0,GPU-9b96eb67-aeee-89d5-aa85-fc650af4e25c,ok,100,21,1514,348.145,74,1425,9501,4638,9375
200,6863.583133128,6863.667352128,,1,GPU-37ffc98b-8551-c8a1-5f3c-27ade9ae735a,ok,0,0,453,15.192,29,210,405,390,292
200,6863.583133128,6863.709891441,,2,GPU-5443d59d-561f-ed1e-da42-1975937205f9,ok,0,0,453,27.653,36,210,405,439,341
200,6863.583133128,6863.752486624,,3,GPU-46bf67bb-cb31-bee1-3cf0-c35337ba97d2,ok,0,0,453,25.998,39,210,405,439,292
200,6863.583133128,6863.795029746,,4,GPU-127e16de-2b5f-dde9-1932-b4e29bb818c0,ok,0,0,453,24.503,34,210,405,439,292
201,6864.583133128,6864.624814104,,0,GPU-9b96eb67-aeee-89d5-aa85-fc650af4e25c,ok,100,20,1514,348.505,74,1470,9501,6787,9521
201,6864.583133128,6864.667329386,,1,GPU-37ffc98b-8551-c8a1-5f3c-27ade9ae735a,ok,0,0,453,15.209,29,210,405,439,292
201,6864.583133128,6864.709855229,,2,GPU-5443d59d-561f-ed1e-da42-1975937205f9,ok,0,0,453,27.787,36,210,405,390,341
201,6864.583133128,6864.752413942,,3,GPU-46bf67bb-cb31-bee1-3cf0-c35337ba97d2,ok,0,0,453,26.149,39,210,405,439,292
201,6864.583133128,6864.794958014,,4,GPU-127e16de-2b5f-dde9-1932-b4e29bb818c0,ok,0,0,453,24.635,34,210,405,439,341
202,6865.583133128,6865.624846082,,0,GPU-9b96eb67-aeee-89d5-aa85-fc650af4e25c,ok,100,24,1514,348.866,74,1425,9501,3564,16113
202,6865.583133128,6865.667368974,,1,GPU-37ffc98b-8551-c8a1-5f3c-27ade9ae735a,ok,0,0,453,14.997,29,210,405,439,292
202,6865.583133128,6865.709893877,,2,GPU-5443d59d-561f-ed1e-da42-1975937205f9,ok,0,0,453,27.701,36,210,405,439,292
202,6865.583133128,6865.75248547,,3,GPU-46bf67bb-cb31-bee1-3cf0-c35337ba97d2,ok,0,0,453,25.951,39,210,405,439,292
202,6865.583133128,6865.795067932,,4,GPU-127e16de-2b5f-dde9-1932-b4e29bb818c0,ok,0,0,453,24.625,34,210,405,439,341
203,6866.583133128,6866.62485705,,0,GPU-9b96eb67-aeee-89d5-aa85-fc650af4e25c,ok,100,24,1514,347.362,74,1440,9501,4248,9570
203,6866.583133128,6866.667261582,,1,GPU-37ffc98b-8551-c8a1-5f3c-27ade9ae735a,ok,0,0,453,15.039,29,210,405,439,292
203,6866.583133128,6866.709654185,,2,GPU-5443d59d-561f-ed1e-da42-1975937205f9,ok,0,0,453,27.684,36,210,405,390,292
203,6866.583133128,6866.752200068,,3,GPU-46bf67bb-cb31-bee1-3cf0-c35337ba97d2,ok,0,0,453,25.916,39,210,405,439,292
203,6866.583133128,6866.79474073,,4,GPU-127e16de-2b5f-dde9-1932-b4e29bb818c0,ok,0,0,453,24.597,34,210,405,439,341
204,6867.583133128,6867.624835538,,0,GPU-9b96eb67-aeee-89d5-aa85-fc650af4e25c,ok,100,20,1514,349.303,74,1470,9501,5078,8349
204,6867.583133128,6867.66734852,,1,GPU-37ffc98b-8551-c8a1-5f3c-27ade9ae735a,ok,0,0,453,15.259,29,210,405,439,292
204,6867.583133128,6867.709893973,,2,GPU-5443d59d-561f-ed1e-da42-1975937205f9,ok,0,0,453,27.78,36,210,405,439,292
204,6867.583133128,6867.752456916,,3,GPU-46bf67bb-cb31-bee1-3cf0-c35337ba97d2,ok,0,0,453,26.105,39,210,405,439,292
204,6867.583133128,6867.794989848,,4,GPU-127e16de-2b5f-dde9-1932-b4e29bb818c0,ok,0,0,453,24.779,34,210,405,390,341
205,6868.583133128,6868.624828076,,0,GPU-9b96eb67-aeee-89d5-aa85-fc650af4e25c,ok,100,21,1514,348.973,75,1455,9501,3417,13574
205,6868.583133128,6868.667358228,,1,GPU-37ffc98b-8551-c8a1-5f3c-27ade9ae735a,ok,0,0,453,15.257,29,210,405,439,292
205,6868.583133128,6868.709892831,,2,GPU-5443d59d-561f-ed1e-da42-1975937205f9,ok,0,0,453,27.703,36,210,405,439,341
205,6868.583133128,6868.752460914,,3,GPU-46bf67bb-cb31-bee1-3cf0-c35337ba97d2,ok,0,0,453,25.929,39,210,405,439,292
205,6868.583133128,6868.795004896,,4,GPU-127e16de-2b5f-dde9-1932-b4e29bb818c0,ok,0,0,453,24.652,34,210,405,439,341
206,6869.583133128,6869.624865394,,0,GPU-9b96eb67-aeee-89d5-aa85-fc650af4e25c,ok,100,21,1514,349.204,75,1455,9501,3564,11035
206,6869.583133128,6869.667379146,,1,GPU-37ffc98b-8551-c8a1-5f3c-27ade9ae735a,ok,0,0,453,15.237,29,210,405,439,292
206,6869.583133128,6869.709908219,,2,GPU-5443d59d-561f-ed1e-da42-1975937205f9,ok,0,0,453,27.716,36,210,405,439,341
206,6869.583133128,6869.752460792,,3,GPU-46bf67bb-cb31-bee1-3cf0-c35337ba97d2,ok,0,0,453,25.851,39,210,405,390,292
206,6869.583133128,6869.794998864,,4,GPU-127e16de-2b5f-dde9-1932-b4e29bb818c0,ok,0,0,453,24.622,34,210,405,439,292
207,6870.583133128,6870.624827082,,0,GPU-9b96eb67-aeee-89d5-aa85-fc650af4e25c,ok,100,20,1514,349.074,75,1470,9501,5371,7568
207,6870.583133128,6870.667353054,,1,GPU-37ffc98b-8551-c8a1-5f3c-27ade9ae735a,ok,0,0,453,15.326,29,210,405,439,341
207,6870.583133128,6870.709909607,,2,GPU-5443d59d-561f-ed1e-da42-1975937205f9,ok,0,0,453,27.668,36,210,405,390,292
207,6870.583133128,6870.75238041,,3,GPU-46bf67bb-cb31-bee1-3cf0-c35337ba97d2,ok,0,0,453,26.059,39,210,405,439,341
207,6870.583133128,6870.794879892,,4,GPU-127e16de-2b5f-dde9-1932-b4e29bb818c0,ok,0,0,453,24.593,34,210,405,439,292
208,6871.583133128,6871.62487139,,0,GPU-9b96eb67-aeee-89d5-aa85-fc650af4e25c,ok,100,28,1514,348.408,74,1470,9501,4150,11132
208,6871.583133128,6871.667397432,,1,GPU-37ffc98b-8551-c8a1-5f3c-27ade9ae735a,ok,0,0,453,15.422,29,210,405,390,341
208,6871.583133128,6871.709929835,,2,GPU-5443d59d-561f-ed1e-da42-1975937205f9,ok,0,0,453,27.638,36,210,405,439,292
208,6871.583133128,6871.752513728,,3,GPU-46bf67bb-cb31-bee1-3cf0-c35337ba97d2,ok,0,0,453,25.955,39,210,405,439,341
208,6871.583133128,6871.79504849,,4,GPU-127e16de-2b5f-dde9-1932-b4e29bb818c0,ok,0,0,453,24.594,34,210,405,439,292
209,6872.583133128,6872.624844708,,0,GPU-9b96eb67-aeee-89d5-aa85-fc650af4e25c,ok,100,22,1514,349.353,75,1440,9501,3027,13330
209,6872.583133128,6872.66737773,,1,GPU-37ffc98b-8551-c8a1-5f3c-27ade9ae735a,ok,0,0,453,15.45,29,210,405,439,292
209,6872.583133128,6872.709929283,,2,GPU-5443d59d-561f-ed1e-da42-1975937205f9,ok,0,0,453,27.734,36,210,405,439,292
209,6872.583133128,6872.752483276,,3,GPU-46bf67bb-cb31-bee1-3cf0-c35337ba97d2,ok,0,0,453,25.929,39,210,405,390,341
209,6872.583133128,6872.794996578,,4,GPU-127e16de-2b5f-dde9-1932-b4e29bb818c0,ok,0,0,453,24.65,34,210,405,390,292
210,6873.583133128,6873.624820866,,0,GPU-9b96eb67-aeee-89d5-aa85-fc650af4e25c,ok,100,25,1514,348.997,75,1455,9501,5029,8642
210,6873.583133128,6873.667343428,,1,GPU-37ffc98b-8551-c8a1-5f3c-27ade9ae735a,ok,0,0,453,15.28,29,210,405,439,292
210,6873.583133128,6873.709856261,,2,GPU-5443d59d-561f-ed1e-da42-1975937205f9,ok,0,0,453,27.656,36,210,405,390,292
210,6873.583133128,6873.752418484,,3,GPU-46bf67bb-cb31-bee1-3cf0-c35337ba97d2,ok,0,0,453,25.952,39,210,405,439,341
210,6873.583133128,6873.794974906,,4,GPU-127e16de-2b5f-dde9-1932-b4e29bb818c0,ok,0,0,453,24.738,34,210,405,439,292
211,6874.583133128,6874.624858004,,0,GPU-9b96eb67-aeee-89d5-aa85-fc650af4e25c,ok,100,22,1514,348.976,75,1455,9501,4638,10498
211,6874.583133128,6874.667380246,,1,GPU-37ffc98b-8551-c8a1-5f3c-27ade9ae735a,ok,0,0,453,15.182,29,210,405,439,292
211,6874.583133128,6874.709910839,,2,GPU-5443d59d-561f-ed1e-da42-1975937205f9,ok,0,0,453,27.621,36,210,405,439,292
211,6874.583133128,6874.752455382,,3,GPU-46bf67bb-cb31-bee1-3cf0-c35337ba97d2,ok,0,0,453,25.979,39,210,405,439,341
211,6874.583133128,6874.794999994,,4,GPU-127e16de-2b5f-dde9-1932-b4e29bb818c0,ok,0,0,453,24.825,34,210,405,439,292
212,6875.583133128,6875.624840012,,0,GPU-9b96eb67-aeee-89d5-aa85-fc650af4e25c,ok,100,23,1514,348.723,75,1440,9501,3564,18896
212,6875.583133128,6875.667366064,,1,GPU-37ffc98b-8551-c8a1-5f3c-27ade9ae735a,ok,0,0,453,15.261,29,210,405,390,292
212,6875.583133128,6875.709888657,,2,GPU-5443d59d-561f-ed1e-da42-1975937205f9,ok,0,0,453,27.66,36,210,405,439,292
212,6875.583133128,6875.75243063,,3,GPU-46bf67bb-cb31-bee1-3cf0-c35337ba97d2,ok,0,0,453,26.205,39,210,405,439,341
212,6875.583133128,6875.794987652,,4,GPU-127e16de-2b5f-dde9-1932-b4e29bb818c0,ok,0,0,453,24.749,34,210,405,390,292
213,6876.583133128,6876.62482017,,0,GPU-9b96eb67-aeee-89d5-aa85-fc650af4e25c,ok,100,20,1514,349.0,75,1455,9501,4589,8349
213,6876.583133128,6876.667354662,,1,GPU-37ffc98b-8551-c8a1-5f3c-27ade9ae735a,ok,0,0,453,15.229,29,210,405,439,341
213,6876.583133128,6876.709877585,,2,GPU-5443d59d-561f-ed1e-da42-1975937205f9,ok,0,0,453,27.674,36,210,405,439,292
213,6876.583133128,6876.752428368,,3,GPU-46bf67bb-cb31-bee1-3cf0-c35337ba97d2,ok,0,0,453,26.149,39,210,405,439,292
213,6876.583133128,6876.794972091,,4,GPU-127e16de-2b5f-dde9-1932-b4e29bb818c0,ok,0,0,453,24.636,34,210,405,439,292
214,6877.583133128,6877.624827678,,0,GPU-9b96eb67-aeee-89d5-aa85-fc650af4e25c,ok,100,25,1514,349.137,75,1455,9501,4443,9619
214,6877.583133128,6877.66736043,,1,GPU-37ffc98b-8551-c8a1-5f3c-27ade9ae735a,ok,0,0,453,15.302,29,210,405,439,341
214,6877.583133128,6877.709876583,,2,GPU-5443d59d-561f-ed1e-da42-1975937205f9,ok,0,0,453,27.778,36,210,405,390,341
214,6877.583133128,6877.752431066,,3,GPU-46bf67bb-cb31-bee1-3cf0-c35337ba97d2,ok,0,0,453,26.169,39,210,405,439,292
214,6877.583133128,6877.795005559,,4,GPU-127e16de-2b5f-dde9-1932-b4e29bb818c0,ok,0,0,453,24.649,34,210,405,439,292
215,6878.583133128,6878.624835316,,0,GPU-9b96eb67-aeee-89d5-aa85-fc650af4e25c,ok,100,24,1514,348.824,75,1425,9501,3076,13867
215,6878.583133128,6878.667393799,,1,GPU-37ffc98b-8551-c8a1-5f3c-27ade9ae735a,ok,0,0,453,15.376,30,210,405,439,341
215,6878.583133128,6878.709958711,,2,GPU-5443d59d-561f-ed1e-da42-1975937205f9,ok,0,0,453,27.905,36,210,405,439,341
215,6878.583133128,6878.752510354,,3,GPU-46bf67bb-cb31-bee1-3cf0-c35337ba97d2,ok,0,0,453,26.274,39,210,405,390,292
215,6878.583133128,6878.795041127,,4,GPU-127e16de-2b5f-dde9-1932-b4e29bb818c0,ok,0,0,453,24.607,34,210,405,439,292
216,6879.583133128,6879.624817644,,0,GPU-9b96eb67-aeee-89d5-aa85-fc650af4e25c,ok,100,22,1514,348.711,75,1440,9501,5615,10986
216,6879.583133128,6879.667287627,,1,GPU-37ffc98b-8551-c8a1-5f3c-27ade9ae735a,ok,0,0,453,15.291,30,210,405,439,292
216,6879.583133128,6879.709812109,,2,GPU-5443d59d-561f-ed1e-da42-1975937205f9,ok,0,0,453,27.864,36,210,405,439,341
216,6879.583133128,6879.752355472,,3,GPU-46bf67bb-cb31-bee1-3cf0-c35337ba97d2,ok,0,0,453,26.072,39,210,405,439,292
216,6879.583133128,6879.794913955,,4,GPU-127e16de-2b5f-dde9-1932-b4e29bb818c0,ok,0,0,453,24.374,34,210,405,439,292
217,6880.583133128,6880.624832022,,0,GPU-9b96eb67-aeee-89d5-aa85-fc650af4e25c,ok,100,24,1514,347.74,75,1470,9501,4638,10742
217,6880.583133128,6880.667388145,,1,GPU-37ffc98b-8551-c8a1-5f3c-27ade9ae735a,ok,0,0,453,15.399,29,210,405,390,292
217,6880.583133128,6880.709903057,,2,GPU-5443d59d-561f-ed1e-da42-1975937205f9,ok,0,0,453,27.918,36,210,405,390,292
217,6880.583133128,6880.75245279,,3,GPU-46bf67bb-cb31-bee1-3cf0-c35337ba97d2,ok,0,0,453,25.987,39,210,405,439,292
217,6880.583133128,6880.794992563,,4,GPU-127e16de-2b5f-dde9-1932-b4e29bb818c0,ok,0,0,453,24.384,34,210,405,390,341
218,6881.583133128,6881.62484134,,0,GPU-9b96eb67-aeee-89d5-aa85-fc650af4e25c,ok,100,27,1514,349.192,75,1455,9501,3027,13720
218,6881.583133128,6881.667344293,,1,GPU-37ffc98b-8551-c8a1-5f3c-27ade9ae735a,ok,0,0,453,15.425,29,210,405,439,292
218,6881.583133128,6881.709856155,,2,GPU-5443d59d-561f-ed1e-da42-1975937205f9,ok,0,0,453,28.057,36,210,405,439,292
218,6881.583133128,6881.752416668,,3,GPU-46bf67bb-cb31-bee1-3cf0-c35337ba97d2,ok,0,0,453,26.064,39,210,405,439,292
218,6881.583133128,6881.794951731,,4,GPU-127e16de-2b5f-dde9-1932-b4e29bb818c0,ok,0,0,453,24.477,34,210,405,439,341
219,6882.583133128,6882.624819638,,0,GPU-9b96eb67-aeee-89d5-aa85-fc650af4e25c,ok,100,20,1514,349.13,75,1455,9501,5029,8398
219,6882.583133128,6882.667368571,,1,GPU-37ffc98b-8551-c8a1-5f3c-27ade9ae735a,ok,0,0,453,15.113,29,210,405,439,292
219,6882.583133128,6882.709904843,,2,GPU-5443d59d-561f-ed1e-da42-1975937205f9,ok,0,0,453,28.012,36,210,405,439,292
219,6882.583133128,6882.752480356,,3,GPU-46bf67bb-cb31-bee1-3cf0-c35337ba97d2,ok,0,0,453,25.846,39,210,405,439,292
219,6882.583133128,6882.795041199,,4,GPU-127e16de-2b5f-dde9-1932-b4e29bb818c0,ok,0,0,453,24.495,34,210,405,439,341
220,6883.583133128,6883.624868976,,0,GPU-9b96eb67-aeee-89d5-aa85-fc650af4e25c,ok,100,22,1514,349.035,75,1455,9501,6152,11230
220,6883.583133128,6883.667376169,,1,GPU-37ffc98b-8551-c8a1-5f3c-27ade9ae735a,ok,0,0,453,15.142,29,210,405,488,341
220,6883.583133128,6883.709799081,,2,GPU-5443d59d-561f-ed1e-da42-1975937205f9,ok,0,0,453,27.938,36,210,405,439,292
220,6883.583133128,6883.752274294,,3,GPU-46bf67bb-cb31-bee1-3cf0-c35337ba97d2,ok,0,0,453,25.864,39,210,405,439,292
220,6883.583133128,6883.794770207,,4,GPU-127e16de-2b5f-dde9-1932-b4e29bb818c0,ok,0,0,453,24.584,34,210,405,390,341
221,6884.583133128,6884.624852354,,0,GPU-9b96eb67-aeee-89d5-aa85-fc650af4e25c,ok,100,22,1514,348.828,75,1440,9501,3076,14111
221,6884.583133128,6884.667372947,,1,GPU-37ffc98b-8551-c8a1-5f3c-27ade9ae735a,ok,0,0,453,15.438,29,210,405,439,292
221,6884.583133128,6884.709907499,,2,GPU-5443d59d-561f-ed1e-da42-1975937205f9,ok,0,0,453,27.921,36,210,405,439,341
221,6884.583133128,6884.752459722,,3,GPU-46bf67bb-cb31-bee1-3cf0-c35337ba97d2,ok,0,0,453,26.092,39,210,405,390,292
221,6884.583133128,6884.795008775,,4,GPU-127e16de-2b5f-dde9-1932-b4e29bb818c0,ok,0,0,453,24.632,34,210,405,439,341
222,6885.583133128,6885.624824722,,0,GPU-9b96eb67-aeee-89d5-aa85-fc650af4e25c,ok,100,22,1514,348.63,75,1440,9501,4638,8300
222,6885.583133128,6885.667358025,,1,GPU-37ffc98b-8551-c8a1-5f3c-27ade9ae735a,ok,0,0,453,15.343,29,210,405,390,292
222,6885.583133128,6885.709895717,,2,GPU-5443d59d-561f-ed1e-da42-1975937205f9,ok,0,0,453,27.995,36,210,405,390,341
222,6885.583133128,6885.75245101,,3,GPU-46bf67bb-cb31-bee1-3cf0-c35337ba97d2,ok,0,0,453,25.934,39,210,405,439,341
222,6885.583133128,6885.795009993,,4,GPU-127e16de-2b5f-dde9-1932-b4e29bb818c0,ok,0,0,453,24.294,34,210,405,439,341
223,6886.583133128,6886.62484856,,0,GPU-9b96eb67-aeee-89d5-aa85-fc650af4e25c,ok,100,26,1514,347.889,75,1455,9501,4589,10058
223,6886.583133128,6886.667372203,,1,GPU-37ffc98b-8551-c8a1-5f3c-27ade9ae735a,ok,0,0,453,15.35,29,210,405,439,292
223,6886.583133128,6886.709895055,,2,GPU-5443d59d-561f-ed1e-da42-1975937205f9,ok,0,0,453,28.139,36,210,405,439,341
223,6886.583133128,6886.752449008,,3,GPU-46bf67bb-cb31-bee1-3cf0-c35337ba97d2,ok,0,0,453,25.944,39,210,405,439,341
223,6886.583133128,6886.794986721,,4,GPU-127e16de-2b5f-dde9-1932-b4e29bb818c0,ok,0,0,453,24.106,34,210,405,390,292
224,6887.583133128,6887.624882678,,0,GPU-9b96eb67-aeee-89d5-aa85-fc650af4e25c,ok,0,0,1514,281.005,70,1950,9501,390,292
224,6887.583133128,6887.667639231,,1,GPU-37ffc98b-8551-c8a1-5f3c-27ade9ae735a,ok,0,0,453,15.498,29,210,405,439,292
224,6887.583133128,6887.710393904,,2,GPU-5443d59d-561f-ed1e-da42-1975937205f9,ok,0,0,453,28.205,36,210,405,439,292
224,6887.583133128,6887.753190886,,3,GPU-46bf67bb-cb31-bee1-3cf0-c35337ba97d2,ok,0,0,453,26.138,39,210,405,439,292
224,6887.583133128,6887.795848889,,4,GPU-127e16de-2b5f-dde9-1932-b4e29bb818c0,ok,0,0,453,24.171,34,210,405,439,341
225,6888.583133128,6888.624855746,,0,GPU-9b96eb67-aeee-89d5-aa85-fc650af4e25c,ok,0,0,1514,201.657,69,1950,9501,390,292
225,6888.583133128,6888.667604799,,1,GPU-37ffc98b-8551-c8a1-5f3c-27ade9ae735a,ok,0,0,453,15.496,29,210,405,439,292
225,6888.583133128,6888.710357372,,2,GPU-5443d59d-561f-ed1e-da42-1975937205f9,ok,0,0,453,27.966,36,210,405,439,292
225,6888.583133128,6888.753134564,,3,GPU-46bf67bb-cb31-bee1-3cf0-c35337ba97d2,ok,0,0,453,26.034,39,210,405,439,292
225,6888.583133128,6888.795924107,,4,GPU-127e16de-2b5f-dde9-1932-b4e29bb818c0,ok,0,0,453,23.986,34,210,405,439,341
226,6889.583133128,6889.624854104,,0,GPU-9b96eb67-aeee-89d5-aa85-fc650af4e25c,ok,100,28,1514,215.734,73,1440,9501,3808,12792
226,6889.583133128,6889.667372087,,1,GPU-37ffc98b-8551-c8a1-5f3c-27ade9ae735a,ok,0,0,453,15.498,30,210,405,390,341
226,6889.583133128,6889.709911059,,2,GPU-5443d59d-561f-ed1e-da42-1975937205f9,ok,0,0,453,27.796,36,210,405,439,292
226,6889.583133128,6889.752461012,,3,GPU-46bf67bb-cb31-bee1-3cf0-c35337ba97d2,ok,0,0,453,26.019,39,210,405,439,292
226,6889.583133128,6889.795031125,,4,GPU-127e16de-2b5f-dde9-1932-b4e29bb818c0,ok,0,0,453,24.061,34,210,405,439,341
227,6890.583133128,6890.624840212,,0,GPU-9b96eb67-aeee-89d5-aa85-fc650af4e25c,ok,100,24,1514,348.98,74,1470,9501,3759,13281
227,6890.583133128,6890.667376565,,1,GPU-37ffc98b-8551-c8a1-5f3c-27ade9ae735a,ok,0,0,453,15.439,29,210,405,439,341
227,6890.583133128,6890.709885767,,2,GPU-5443d59d-561f-ed1e-da42-1975937205f9,ok,0,0,453,27.905,36,210,405,390,341
227,6890.583133128,6890.75244297,,3,GPU-46bf67bb-cb31-bee1-3cf0-c35337ba97d2,ok,0,0,453,26.183,39,210,405,439,341
227,6890.583133128,6890.795019293,,4,GPU-127e16de-2b5f-dde9-1932-b4e29bb818c0,ok,0,0,453,24.217,34,210,405,390,341
228,6891.583133128,6891.6248437,,0,GPU-9b96eb67-aeee-89d5-aa85-fc650af4e25c,ok,100,22,1514,349.184,75,1470,9501,5371,7958
228,6891.583133128,6891.667363823,,1,GPU-37ffc98b-8551-c8a1-5f3c-27ade9ae735a,ok,0,0,453,15.193,29,210,405,439,292
228,6891.583133128,6891.709884605,,2,GPU-5443d59d-561f-ed1e-da42-1975937205f9,ok,0,0,453,27.791,36,210,405,439,341
228,6891.583133128,6891.752453398,,3,GPU-46bf67bb-cb31-bee1-3cf0-c35337ba97d2,ok,0,0,453,26.043,39,210,405,439,341
228,6891.583133128,6891.795013031,,4,GPU-127e16de-2b5f-dde9-1932-b4e29bb818c0,ok,0,0,453,24.111,34,210,405,439,341
229,6892.583133128,6892.624876668,,0,GPU-9b96eb67-aeee-89d5-aa85-fc650af4e25c,ok,100,25,1514,348.807,75,1425,9501,3808,12841
229,6892.583133128,6892.667396961,,1,GPU-37ffc98b-8551-c8a1-5f3c-27ade9ae735a,ok,0,0,453,15.254,29,210,405,439,292
229,6892.583133128,6892.709940774,,2,GPU-5443d59d-561f-ed1e-da42-1975937205f9,ok,0,0,453,27.819,36,210,405,439,341
229,6892.583133128,6892.752501236,,3,GPU-46bf67bb-cb31-bee1-3cf0-c35337ba97d2,ok,0,0,453,25.98,39,210,405,439,341
229,6892.583133128,6892.795069889,,4,GPU-127e16de-2b5f-dde9-1932-b4e29bb818c0,ok,0,0,453,24.117,34,210,405,439,341
230,6893.583133128,6893.624839746,,0,GPU-9b96eb67-aeee-89d5-aa85-fc650af4e25c,ok,100,22,1514,348.721,75,1455,9501,3564,11230
230,6893.583133128,6893.667358649,,1,GPU-37ffc98b-8551-c8a1-5f3c-27ade9ae735a,ok,0,0,453,15.485,30,210,405,439,292
230,6893.583133128,6893.709892792,,2,GPU-5443d59d-561f-ed1e-da42-1975937205f9,ok,0,0,453,27.969,36,210,405,390,292
230,6893.583133128,6893.752439014,,3,GPU-46bf67bb-cb31-bee1-3cf0-c35337ba97d2,ok,0,0,453,26.111,39,210,405,439,341
230,6893.583133128,6893.794990327,,4,GPU-127e16de-2b5f-dde9-1932-b4e29bb818c0,ok,0,0,453,24.169,34,210,405,439,341
231,6894.583133128,6894.624853114,,0,GPU-9b96eb67-aeee-89d5-aa85-fc650af4e25c,ok,100,21,1514,348.014,75,1455,9501,6005,7910
231,6894.583133128,6894.667406607,,1,GPU-37ffc98b-8551-c8a1-5f3c-27ade9ae735a,ok,0,0,453,15.29,30,210,405,390,292
231,6894.583133128,6894.70995736,,2,GPU-5443d59d-561f-ed1e-da42-1975937205f9,ok,0,0,453,27.828,36,210,405,439,292
231,6894.583133128,6894.752509432,,3,GPU-46bf67bb-cb31-bee1-3cf0-c35337ba97d2,ok,0,0,453,25.942,39,210,405,390,341
231,6894.583133128,6894.795057065,,4,GPU-127e16de-2b5f-dde9-1932-b4e29bb818c0,ok,0,0,453,24.094,34,210,405,439,341
232,6895.583133128,6895.624847712,,0,GPU-9b96eb67-aeee-89d5-aa85-fc650af4e25c,ok,100,25,1514,348.038,75,1425,9501,3466,14013
232,6895.583133128,6895.667367665,,1,GPU-37ffc98b-8551-c8a1-5f3c-27ade9ae735a,ok,0,0,453,15.304,30,210,405,439,292
232,6895.583133128,6895.709882598,,2,GPU-5443d59d-561f-ed1e-da42-1975937205f9,ok,0,0,453,27.858,36,210,405,439,292
232,6895.583133128,6895.75241861,,3,GPU-46bf67bb-cb31-bee1-3cf0-c35337ba97d2,ok,0,0,453,25.906,39,210,405,439,341
232,6895.583133128,6895.794960113,,4,GPU-127e16de-2b5f-dde9-1932-b4e29bb818c0,ok,0,0,453,24.094,34,210,405,390,341
233,6896.583133128,6896.6248436,,0,GPU-9b96eb67-aeee-89d5-aa85-fc650af4e25c,ok,100,22,1514,348.639,75,1455,9501,4101,9521
233,6896.583133128,6896.667253143,,1,GPU-37ffc98b-8551-c8a1-5f3c-27ade9ae735a,ok,0,0,453,15.565,29,210,405,439,292
233,6896.583133128,6896.709681306,,2,GPU-5443d59d-561f-ed1e-da42-1975937205f9,ok,0,0,453,27.971,36,210,405,439,292
233,6896.583133128,6896.752145618,,3,GPU-46bf67bb-cb31-bee1-3cf0-c35337ba97d2,ok,0,0,453,26.092,39,210,405,439,292
233,6896.583133128,6896.794687391,,4,GPU-127e16de-2b5f-dde9-1932-b4e29bb818c0,ok,0,0,453,24.237,34,210,405,439,292
234,6897.583133128,6897.624874118,,0,GPU-9b96eb67-aeee-89d5-aa85-fc650af4e25c,ok,100,20,1514,348.755,75,1440,9501,5126,8203
234,6897.583133128,6897.667413551,,1,GPU-37ffc98b-8551-c8a1-5f3c-27ade9ae735a,ok,0,0,453,15.434,29,210,405,439,292
234,6897.583133128,6897.709936784,,2,GPU-5443d59d-561f-ed1e-da42-1975937205f9,ok,0,0,453,27.896,36,210,405,439,341
234,6897.583133128,6897.752485936,,3,GPU-46bf67bb-cb31-bee1-3cf0-c35337ba97d2,ok,0,0,453,25.947,39,210,405,439,292
234,6897.583133128,6897.795051299,,4,GPU-127e16de-2b5f-dde9-1932-b4e29bb818c0,ok,0,0,453,24.022,34,210,405,439,292
235,6898.583133128,6898.624858376,,0,GPU-9b96eb67-aeee-89d5-aa85-fc650af4e25c,ok,100,23,1514,347.516,75,1455,9501,3906,14208
235,6898.583133128,6898.667394939,,1,GPU-37ffc98b-8551-c8a1-5f3c-27ade9ae735a,ok,0,0,453,15.399,29,210,405,439,292
235,6898.583133128,6898.709907712,,2,GPU-5443d59d-561f-ed1e-da42-1975937205f9,ok,0,0,453,27.94,36,210,405,439,341
235,6898.583133128,6898.752479564,,3,GPU-46bf67bb-cb31-bee1-3cf0-c35337ba97d2,ok,0,0,453,25.904,39,210,405,439,292
235,6898.583133128,6898.795037317,,4,GPU-127e16de-2b5f-dde9-1932-b4e29bb818c0,ok,0,0,453,23.984,34,210,405,390,292
236,6899.583133128,6899.624951024,,0,GPU-9b96eb67-aeee-89d5-aa85-fc650af4e25c,ok,100,22,1514,349.777,75,1470,9501,3857,9765
236,6899.583133128,6899.667461147,,1,GPU-37ffc98b-8551-c8a1-5f3c-27ade9ae735a,ok,0,0,453,15.518,30,210,405,439,292
236,6899.583133128,6899.70998438,,2,GPU-5443d59d-561f-ed1e-da42-1975937205f9,ok,0,0,453,28.017,36,210,405,390,292
236,6899.583133128,6899.752544552,,3,GPU-46bf67bb-cb31-bee1-3cf0-c35337ba97d2,ok,0,0,453,26.073,39,210,405,439,292
236,6899.583133128,6899.795092695,,4,GPU-127e16de-2b5f-dde9-1932-b4e29bb818c0,ok,0,0,453,24.176,34,210,405,439,292
237,6900.583133128,6900.624855502,,0,GPU-9b96eb67-aeee-89d5-aa85-fc650af4e25c,ok,100,21,1514,347.905,75,1440,9501,5322,8447
237,6900.583133128,6900.667401415,,1,GPU-37ffc98b-8551-c8a1-5f3c-27ade9ae735a,ok,0,0,453,15.307,30,210,405,390,341
237,6900.583133128,6900.709929058,,2,GPU-5443d59d-561f-ed1e-da42-1975937205f9,ok,0,0,453,27.909,36,210,405,439,292
237,6900.583133128,6900.7524199,,3,GPU-46bf67bb-cb31-bee1-3cf0-c35337ba97d2,ok,0,0,453,25.959,39,210,405,439,292
237,6900.583133128,6900.794852333,,4,GPU-127e16de-2b5f-dde9-1932-b4e29bb818c0,ok,0,0,453,24.114,34,210,405,439,292
238,6901.583133128,6901.62485419,,0,GPU-9b96eb67-aeee-89d5-aa85-fc650af4e25c,ok,100,24,1514,348.238,75,1440,9501,3857,16943
238,6901.583133128,6901.667394533,,1,GPU-37ffc98b-8551-c8a1-5f3c-27ade9ae735a,ok,0,0,453,15.351,30,210,405,439,341
238,6901.583133128,6901.709918766,,2,GPU-5443d59d-561f-ed1e-da42-1975937205f9,ok,0,0,453,28.026,36,210,405,439,292
238,6901.583133128,6901.752488578,,3,GPU-46bf67bb-cb31-bee1-3cf0-c35337ba97d2,ok,0,0,453,25.952,39,210,405,439,292
238,6901.583133128,6901.795036051,,4,GPU-127e16de-2b5f-dde9-1932-b4e29bb818c0,ok,0,0,453,24.291,34,210,405,439,292
239,6902.583133128,6902.624735948,,0,GPU-9b96eb67-aeee-89d5-aa85-fc650af4e25c,ok,100,25,1514,348.606,75,1425,9501,4248,12158
239,6902.583133128,6902.667277491,,1,GPU-37ffc98b-8551-c8a1-5f3c-27ade9ae735a,ok,0,0,453,15.315,30,210,405,439,341
239,6902.583133128,6902.709808284,,2,GPU-5443d59d-561f-ed1e-da42-1975937205f9,ok,0,0,453,28.145,36,210,405,439,292
239,6902.583133128,6902.752398906,,3,GPU-46bf67bb-cb31-bee1-3cf0-c35337ba97d2,ok,0,0,453,26.136,39,210,405,439,292
239,6902.583133128,6902.794954189,,4,GPU-127e16de-2b5f-dde9-1932-b4e29bb818c0,ok,0,0,453,24.376,34,210,405,390,292
240,6903.583133128,6903.624797196,,0,GPU-9b96eb67-aeee-89d5-aa85-fc650af4e25c,ok,100,20,1514,348.787,75,1455,9501,6250,9375
240,6903.583133128,6903.667334769,,1,GPU-37ffc98b-8551-c8a1-5f3c-27ade9ae735a,ok,0,0,453,15.032,30,210,405,390,341
240,6903.583133128,6903.709899742,,2,GPU-5443d59d-561f-ed1e-da42-1975937205f9,ok,0,0,453,27.903,36,210,405,390,292
240,6903.583133128,6903.752454464,,3,GPU-46bf67bb-cb31-bee1-3cf0-c35337ba97d2,ok,0,0,453,26.023,39,210,405,390,292
240,6903.583133128,6903.795000367,,4,GPU-127e16de-2b5f-dde9-1932-b4e29bb818c0,ok,0,0,453,24.122,34,210,405,439,341
241,6904.583133128,6904.624876144,,0,GPU-9b96eb67-aeee-89d5-aa85-fc650af4e25c,ok,100,26,1514,348.822,75,1455,9501,3417,14453
241,6904.583133128,6904.667392237,,1,GPU-37ffc98b-8551-c8a1-5f3c-27ade9ae735a,ok,0,0,453,15.107,30,210,405,439,292
241,6904.583133128,6904.70994483,,2,GPU-5443d59d-561f-ed1e-da42-1975937205f9,ok,0,0,453,27.827,36,210,405,439,341
241,6904.583133128,6904.752502242,,3,GPU-46bf67bb-cb31-bee1-3cf0-c35337ba97d2,ok,0,0,453,25.994,39,210,405,439,292
241,6904.583133128,6904.795059245,,4,GPU-127e16de-2b5f-dde9-1932-b4e29bb818c0,ok,0,0,453,24.006,34,210,405,439,341
242,6905.583133128,6905.624827382,,0,GPU-9b96eb67-aeee-89d5-aa85-fc650af4e25c,ok,100,20,1514,348.514,75,1440,9501,3906,10253
242,6905.583133128,6905.667356705,,1,GPU-37ffc98b-8551-c8a1-5f3c-27ade9ae735a,ok,0,0,453,15.261,30,210,405,439,292
242,6905.583133128,6905.709884728,,2,GPU-5443d59d-561f-ed1e-da42-1975937205f9,ok,0,0,453,27.959,36,210,405,439,341
242,6905.583133128,6905.75243341,,3,GPU-46bf67bb-cb31-bee1-3cf0-c35337ba97d2,ok,0,0,453,26.145,39,210,405,390,292
242,6905.583133128,6905.794976503,,4,GPU-127e16de-2b5f-dde9-1932-b4e29bb818c0,ok,0,0,453,24.025,34,210,405,439,341
243,6906.583133128,6906.62482394,,0,GPU-9b96eb67-aeee-89d5-aa85-fc650af4e25c,ok,100,24,1514,349.355,75,1455,9501,6298,9619
243,6906.583133128,6906.667355343,,1,GPU-37ffc98b-8551-c8a1-5f3c-27ade9ae735a,ok,0,0,453,15.321,30,210,405,439,292
243,6906.583133128,6906.709898936,,2,GPU-5443d59d-561f-ed1e-da42-1975937205f9,ok,0,0,453,27.951,36,210,405,439,292
243,6906.583133128,6906.752468159,,3,GPU-46bf67bb-cb31-bee1-3cf0-c35337ba97d2,ok,0,0,453,25.974,39,210,405,439,292
243,6906.583133128,6906.795037171,,4,GPU-127e16de-2b5f-dde9-1932-b4e29bb818c0,ok,0,0,453,23.716,34,210,405,439,341
244,6907.583133128,6907.624834279,,0,GPU-9b96eb67-aeee-89d5-aa85-fc650af4e25c,ok,100,22,1514,348.908,75,1455,9501,3320,13671
244,6907.583133128,6907.667356981,,1,GPU-37ffc98b-8551-c8a1-5f3c-27ade9ae735a,ok,0,0,453,15.32,30,210,405,390,292
244,6907.583133128,6907.709907354,,2,GPU-5443d59d-561f-ed1e-da42-1975937205f9,ok,0,0,453,27.987,36,210,405,439,292
244,6907.583133128,6907.752408117,,3,GPU-46bf67bb-cb31-bee1-3cf0-c35337ba97d2,ok,0,0,453,25.941,39,210,405,439,292
244,6907.583133128,6907.794989659,,4,GPU-127e16de-2b5f-dde9-1932-b4e29bb818c0,ok,0,0,453,23.58,34,210,405,390,341
245,6908.583133128,6908.624825277,,0,GPU-9b96eb67-aeee-89d5-aa85-fc650af4e25c,ok,100,20,1514,348.972,75,1425,9501,4150,9521
245,6908.583133128,6908.667358029,,1,GPU-37ffc98b-8551-c8a1-5f3c-27ade9ae735a,ok,0,0,453,15.318,30,210,405,439,292
245,6908.583133128,6908.709903412,,2,GPU-5443d59d-561f-ed1e-da42-1975937205f9,ok,0,0,453,27.914,36,210,405,390,292
245,6908.583133128,6908.752476195,,3,GPU-46bf67bb-cb31-bee1-3cf0-c35337ba97d2,ok,0,0,453,26.133,39,210,405,439,292
245,6908.583133128,6908.795051947,,4,GPU-127e16de-2b5f-dde9-1932-b4e29bb818c0,ok,0,0,453,23.601,34,210,405,439,341
246,6909.583133128,6909.624817995,,0,GPU-9b96eb67-aeee-89d5-aa85-fc650af4e25c,ok,100,21,1514,348.936,75,1455,9501,4980,8984
246,6909.583133128,6909.667256767,,1,GPU-37ffc98b-8551-c8a1-5f3c-27ade9ae735a,ok,0,0,453,15.302,30,210,405,439,341
246,6909.583133128,6909.70969367,,2,GPU-5443d59d-561f-ed1e-da42-1975937205f9,ok,0,0,453,27.848,36,210,405,390,341
246,6909.583133128,6909.752256303,,3,GPU-46bf67bb-cb31-bee1-3cf0-c35337ba97d2,ok,0,0,453,26.013,39,210,405,439,292
246,6909.583133128,6909.794809025,,4,GPU-127e16de-2b5f-dde9-1932-b4e29bb818c0,ok,0,0,453,23.597,34,210,405,390,292
247,6910.583133128,6910.624831263,,0,GPU-9b96eb67-aeee-89d5-aa85-fc650af4e25c,ok,100,25,1514,348.19,75,1455,9501,3173,13916
247,6910.583133128,6910.667371445,,1,GPU-37ffc98b-8551-c8a1-5f3c-27ade9ae735a,ok,0,0,453,15.184,30,210,405,439,341
247,6910.583133128,6910.709902038,,2,GPU-5443d59d-561f-ed1e-da42-1975937205f9,ok,0,0,453,27.968,36,210,405,390,292
247,6910.583133128,6910.752452881,,3,GPU-46bf67bb-cb31-bee1-3cf0-c35337ba97d2,ok,0,0,453,26.047,39,210,405,439,292
247,6910.583133128,6910.794977253,,4,GPU-127e16de-2b5f-dde9-1932-b4e29bb818c0,ok,0,0,453,23.777,34,210,405,439,341
248,6911.583133128,6911.624867551,,0,GPU-9b96eb67-aeee-89d5-aa85-fc650af4e25c,ok,100,20,1514,348.79,75,1455,9501,4589,9472
248,6911.583133128,6911.667390023,,1,GPU-37ffc98b-8551-c8a1-5f3c-27ade9ae735a,ok,0,0,453,15.085,30,210,405,390,292
248,6911.583133128,6911.709918076,,2,GPU-5443d59d-561f-ed1e-da42-1975937205f9,ok,0,0,453,27.84,36,210,405,439,292
248,6911.583133128,6911.752491629,,3,GPU-46bf67bb-cb31-bee1-3cf0-c35337ba97d2,ok,0,0,453,26.113,39,210,405,439,292
248,6911.583133128,6911.795035071,,4,GPU-127e16de-2b5f-dde9-1932-b4e29bb818c0,ok,0,0,453,23.652,34,210,405,439,341
249,6912.583133128,6912.624835169,,0,GPU-9b96eb67-aeee-89d5-aa85-fc650af4e25c,ok,100,22,1514,348.865,75,1470,9501,4736,9765
249,6912.583133128,6912.667345551,,1,GPU-37ffc98b-8551-c8a1-5f3c-27ade9ae735a,ok,0,0,453,15.223,30,210,405,439,292
249,6912.583133128,6912.709877294,,2,GPU-5443d59d-561f-ed1e-da42-1975937205f9,ok,0,0,453,27.812,36,210,405,439,292
249,6912.583133128,6912.752455697,,3,GPU-46bf67bb-cb31-bee1-3cf0-c35337ba97d2,ok,0,0,453,26.053,39,210,405,439,292
249,6912.583133128,6912.795033069,,4,GPU-127e16de-2b5f-dde9-1932-b4e29bb818c0,ok,0,0,453,23.671,34,210,405,390,341
250,6913.583133128,6913.624831907,,0,GPU-9b96eb67-aeee-89d5-aa85-fc650af4e25c,ok,100,21,1514,348.91,75,1455,9501,2978,13769
250,6913.583133128,6913.667343799,,1,GPU-37ffc98b-8551-c8a1-5f3c-27ade9ae735a,ok,0,0,453,15.311,30,210,405,439,292
250,6913.583133128,6913.709850642,,2,GPU-5443d59d-561f-ed1e-da42-1975937205f9,ok,0,0,453,27.995,36,210,405,488,292
250,6913.583133128,6913.752329465,,3,GPU-46bf67bb-cb31-bee1-3cf0-c35337ba97d2,ok,0,0,453,26.179,39,210,405,439,292
250,6913.583133128,6913.794820987,,4,GPU-127e16de-2b5f-dde9-1932-b4e29bb818c0,ok,0,0,453,23.995,34,210,405,439,292
251,6914.583133128,6914.624513705,,0,GPU-9b96eb67-aeee-89d5-aa85-fc650af4e25c,ok,100,23,1514,348.968,75,1455,9501,390,292
251,6914.583133128,6914.667153387,,1,GPU-37ffc98b-8551-c8a1-5f3c-27ade9ae735a,ok,0,0,453,15.213,30,210,405,439,292
251,6914.583133128,6914.70990785,,2,GPU-5443d59d-561f-ed1e-da42-1975937205f9,ok,0,0,453,27.915,36,210,405,439,292
251,6914.583133128,6914.752705113,,3,GPU-46bf67bb-cb31-bee1-3cf0-c35337ba97d2,ok,0,0,453,26.071,39,210,405,390,292
251,6914.583133128,6914.795479186,,4,GPU-127e16de-2b5f-dde9-1932-b4e29bb818c0,ok,0,0,453,24.005,34,210,405,439,292
252,6915.583133128,6915.624835793,,0,GPU-9b96eb67-aeee-89d5-aa85-fc650af4e25c,ok,0,0,1514,221.7,69,1950,9501,390,292
252,6915.583133128,6915.667489065,,1,GPU-37ffc98b-8551-c8a1-5f3c-27ade9ae735a,ok,0,0,453,15.333,30,210,405,390,292
252,6915.583133128,6915.710245628,,2,GPU-5443d59d-561f-ed1e-da42-1975937205f9,ok,0,0,453,27.911,36,210,405,439,292
252,6915.583133128,6915.752958911,,3,GPU-46bf67bb-cb31-bee1-3cf0-c35337ba97d2,ok,0,0,453,26.039,39,210,405,439,292
252,6915.583133128,6915.795722604,,4,GPU-127e16de-2b5f-dde9-1932-b4e29bb818c0,ok,0,0,453,23.864,34,210,405,439,292
253,6916.583133128,6916.624565201,,0,GPU-9b96eb67-aeee-89d5-aa85-fc650af4e25c,ok,0,0,1514,189.561,69,1950,9501,439,292
253,6916.583133128,6916.667089203,,1,GPU-37ffc98b-8551-c8a1-5f3c-27ade9ae735a,ok,0,0,453,15.429,30,210,405,439,292
253,6916.583133128,6916.709604476,,2,GPU-5443d59d-561f-ed1e-da42-1975937205f9,ok,0,0,453,27.954,36,210,405,439,292
253,6916.583133128,6916.752177989,,3,GPU-46bf67bb-cb31-bee1-3cf0-c35337ba97d2,ok,0,0,453,26.197,39,210,405,439,292
253,6916.583133128,6916.794714601,,4,GPU-127e16de-2b5f-dde9-1932-b4e29bb818c0,ok,0,0,453,23.891,34,210,405,390,341
254,6917.583133128,6917.624838049,,0,GPU-9b96eb67-aeee-89d5-aa85-fc650af4e25c,ok,27,2,450,151.745,67,1725,9751,390,292
254,6917.583133128,6917.667596071,,1,GPU-37ffc98b-8551-c8a1-5f3c-27ade9ae735a,ok,0,0,450,17.095,30,210,405,390,341
254,6917.583133128,6917.710362204,,2,GPU-5443d59d-561f-ed1e-da42-1975937205f9,ok,0,0,450,29.468,36,210,405,439,341
254,6917.583133128,6917.753208947,,3,GPU-46bf67bb-cb31-bee1-3cf0-c35337ba97d2,ok,0,0,450,29.685,40,210,405,439,341
254,6917.583133128,6917.7959854,,4,GPU-127e16de-2b5f-dde9-1932-b4e29bb818c0,ok,0,0,450,26.235,35,210,405,390,292
255,6918.583133128,6918.625263547,,0,GPU-9b96eb67-aeee-89d5-aa85-fc650af4e25c,ok,0,0,450,136.463,66,1725,9751,488,292
255,6918.583133128,6918.66805994,,1,GPU-37ffc98b-8551-c8a1-5f3c-27ade9ae735a,ok,0,0,450,25.12,30,210,405,439,341
255,6918.583133128,6918.710836872,,2,GPU-5443d59d-561f-ed1e-da42-1975937205f9,ok,0,0,450,35.746,36,210,405,390,341
255,6918.583133128,6918.753660215,,3,GPU-46bf67bb-cb31-bee1-3cf0-c35337ba97d2,ok,0,0,450,41.027,40,210,405,439,292
255,6918.583133128,6918.796378028,,4,GPU-127e16de-2b5f-dde9-1932-b4e29bb818c0,ok,0,0,450,33.638,35,210,405,439,341
