tick_index,t_target_raw_s,t_receipt_raw_s,utc_anchor,gpu_index,gpu_uuid,status,util_gpu_pct,util_mem_pct,mem_used_mib,power_w,temp_c,clock_sm_mhz,clock_mem_mhz,pcie_tx_kbps,pcie_rx_kbps
-1,19545.110905743,19545.111067053,2026-08-25T01:49:27.238589+00:00,-1,anchor,anchor,,,,,,,,,
0,19545.110905743,19545.121212798,,0,GPU-42e33043-7008-2803-9ba8-9bb9ef7d0845,ok,0,0,464,111.228,64,465,5001,927,292
0,19545.110905743,19545.121158038,,1,GPU-bff95c83-0adb-feb7-9825-359f31b26de8,ok,0,0,464,30.79,36,210,405,439,390
1,19546.110905743,19546.11136709,,0,GPU-42e33043-7008-2803-9ba8-9bb9ef7d0845,ok,0,0,464,78.367,61,285,810,390,341
1,19546.110905743,19546.11142767,,1,GPU-bff95c83-0adb-feb7-9825-359f31b26de8,ok,0,0,464,29.232,36,210,405,439,292
2,19547.110905743,19547.111450167,,0,GPU-42e33043-7008-2803-9ba8-9bb9ef7d0845,ok,0,0,464,38.649,60,210,810,439,439
2,19547.110905743,19547.111512267,,1,GPU-bff95c83-0adb-feb7-9825-359f31b26de8,ok,0,0,464,28.55,36,210,405,439,341
3,19548.110905743,19548.111281414,,0,GPU-42e33043-7008-2803-9ba8-9bb9ef7d0845,ok,0,0,464,27.46,60,210,405,488,390
3,19548.110905743,19548.111311824,,1,GPU-bff95c83-0adb-feb7-9825-359f31b26de8,ok,0,0,464,28.449,36,210,405,488,341
4,19549.110905743,19549.111411741,,0,GPU-42e33043-7008-2803-9ba8-9bb9ef7d0845,ok,0,0,464,24.254,59,210,405,488,390
4,19549.110905743,19549.111292671,,1,GPU-bff95c83-0adb-feb7-9825-359f31b26de8,ok,0,0,464,28.422,36,210,405,439,341
5,19550.110905743,19550.111271108,,0,GPU-42e33043-7008-2803-9ba8-9bb9ef7d0845,ok,0,0,467,25.671,58,210,405,488,390
5,19550.110905743,19550.111980978,,1,GPU-bff95c83-0adb-feb7-9825-359f31b26de8,ok,100,20,1528,64.902,43,1485,9501,3271,12988
6,19551.110905743,19551.111244964,,0,GPU-42e33043-7008-2803-9ba8-9bb9ef7d0845,ok,0,0,467,35.278,58,210,405,488,390
6,19551.110905743,19551.111293624,,1,GPU-bff95c83-0adb-feb7-9825-359f31b26de8,ok,100,22,1528,349.672,46,1485,9501,3222,12841
7,19552.110905743,19552.111310731,,0,GPU-42e33043-7008-2803-9ba8-9bb9ef7d0845,ok,0,0,467,24.188,58,210,405,439,390
7,19552.110905743,19552.111250531,,1,GPU-bff95c83-0adb-feb7-9825-359f31b26de8,ok,100,22,1528,348.955,47,1470,9501,2880,12939
8,19553.110905743,19553.111259708,,0,GPU-42e33043-7008-2803-9ba8-9bb9ef7d0845,ok,0,0,467,23.089,57,210,405,439,439
8,19553.110905743,19553.111323458,,1,GPU-bff95c83-0adb-feb7-9825-359f31b26de8,ok,100,22,1528,348.583,47,1485,9501,2490,14648
9,19554.110905743,19554.111325325,,0,GPU-42e33043-7008-2803-9ba8-9bb9ef7d0845,ok,0,0,467,22.86,57,210,405,439,390
9,19554.110905743,19554.111276325,,1,GPU-bff95c83-0adb-feb7-9825-359f31b26de8,ok,100,21,1528,349.144,47,1485,9501,2636,14550
10,19555.110905743,19555.111260742,,0,GPU-42e33043-7008-2803-9ba8-9bb9ef7d0845,ok,0,0,467,22.747,57,210,405,439,390
10,19555.110905743,19555.111328782,,1,GPU-bff95c83-0adb-feb7-9825-359f31b26de8,ok,100,21,1528,349.062,47,1470,9501,2783,14160
11,19556.110905743,19556.111263219,,0,GPU-42e33043-7008-2803-9ba8-9bb9ef7d0845,ok,0,0,467,22.854,56,210,405,439,390
11,19556.110905743,19556.111308739,,1,GPU-bff95c83-0adb-feb7-9825-359f31b26de8,ok,100,21,1528,349.158,48,1470,9501,3125,14160
12,19557.110905743,19557.111237135,,0,GPU-42e33043-7008-2803-9ba8-9bb9ef7d0845,ok,0,0,467,22.672,56,210,405,439,390
12,19557.110905743,19557.111284365,,1,GPU-bff95c83-0adb-feb7-9825-359f31b26de8,ok,100,22,1528,348.927,48,1470,9501,3417,13183
13,19558.110905743,19558.111249902,,0,GPU-42e33043-7008-2803-9ba8-9bb9ef7d0845,ok,0,0,467,27.652,56,210,405,488,390
13,19558.110905743,19558.111922803,,1,GPU-bff95c83-0adb-feb7-9825-359f31b26de8,ok,100,21,1528,348.823,48,1470,9501,4785,15087
14,19559.110905743,19559.111253659,,0,GPU-42e33043-7008-2803-9ba8-9bb9ef7d0845,ok,0,0,467,32.974,56,210,405,439,390
14,19559.110905743,19559.111325129,,1,GPU-bff95c83-0adb-feb7-9825-359f31b26de8,ok,100,22,1528,349.453,48,1470,9501,3125,12695
15,19560.110905743,19560.111256376,,0,GPU-42e33043-7008-2803-9ba8-9bb9ef7d0845,ok,0,0,467,24.576,56,210,405,439,390
15,19560.110905743,19560.111300996,,1,GPU-bff95c83-0adb-feb7-9825-359f31b26de8,ok,100,22,1528,349.011,48,1470,9501,3173,12695
16,19561.110905743,19561.111250153,,0,GPU-42e33043-7008-2803-9ba8-9bb9ef7d0845,ok,0,0,467,23.132,55,210,405,439,390
16,19561.110905743,19561.111318883,,1,GPU-bff95c83-0adb-feb7-9825-359f31b26de8,ok,100,22,1528,349.014,48,1470,9501,3466,11914
17,19562.110905743,19562.11126436,,0,GPU-42e33043-7008-2803-9ba8-9bb9ef7d0845,ok,0,0,467,22.544,55,210,405,488,439
17,19562.110905743,19562.11131255,,1,GPU-bff95c83-0adb-feb7-9825-359f31b26de8,ok,100,23,1528,349.348,48,1470,9501,3759,11621
18,19563.110905743,19563.111257836,,0,GPU-42e33043-7008-2803-9ba8-9bb9ef7d0845,ok,0,0,467,22.529,55,210,405,439,390
18,19563.110905743,19563.111307677,,1,GPU-bff95c83-0adb-feb7-9825-359f31b26de8,ok,100,23,1528,349.676,48,1470,9501,3662,11767
19,19564.110905743,19564.111367423,,0,GPU-42e33043-7008-2803-9ba8-9bb9ef7d0845,ok,0,0,467,22.655,55,210,405,537,390
19,19564.110905743,19564.111351273,,1,GPU-bff95c83-0adb-feb7-9825-359f31b26de8,ok,100,22,1528,349.456,48,1470,9501,3662,11718
20,19565.110905743,19565.11125076,,0,GPU-42e33043-7008-2803-9ba8-9bb9ef7d0845,ok,0,0,467,26.64,55,210,405,439,390
20,19565.110905743,19565.11130107,,1,GPU-bff95c83-0adb-feb7-9825-359f31b26de8,ok,100,22,1528,349.196,48,1470,9501,3759,12109
21,19566.110905743,19566.111252397,,0,GPU-42e33043-7008-2803-9ba8-9bb9ef7d0845,ok,0,0,467,32.194,55,210,405,439,390
21,19566.110905743,19566.111300817,,1,GPU-bff95c83-0adb-feb7-9825-359f31b26de8,ok,100,22,1528,349.088,48,1470,9501,3710,11425
22,19567.110905743,19567.111257874,,0,GPU-42e33043-7008-2803-9ba8-9bb9ef7d0845,ok,0,0,467,24.077,55,210,405,439,390
22,19567.110905743,19567.111322634,,1,GPU-bff95c83-0adb-feb7-9825-359f31b26de8,ok,100,22,1528,348.997,48,1485,9501,3906,11132
23,19568.110905743,19568.111256161,,0,GPU-42e33043-7008-2803-9ba8-9bb9ef7d0845,ok,0,0,467,22.794,55,210,405,439,390
23,19568.110905743,19568.111317591,,1,GPU-bff95c83-0adb-feb7-9825-359f31b26de8,ok,100,22,1528,348.962,48,1485,9501,3662,10449
24,19569.110905743,19569.111250937,,0,GPU-42e33043-7008-2803-9ba8-9bb9ef7d0845,ok,0,0,467,22.372,55,210,405,439,390
24,19569.110905743,19569.111298548,,1,GPU-bff95c83-0adb-feb7-9825-359f31b26de8,ok,100,21,1528,349.331,48,1485,9501,3906,10351
25,19570.110905743,19570.111253844,,0,GPU-42e33043-7008-2803-9ba8-9bb9ef7d0845,ok,0,0,467,22.347,54,210,405,488,390
25,19570.110905743,19570.111324934,,1,GPU-bff95c83-0adb-feb7-9825-359f31b26de8,ok,100,21,1528,349.044,48,1485,9501,3759,10351
26,19571.110905743,19571.111251341,,0,GPU-42e33043-7008-2803-9ba8-9bb9ef7d0845,ok,0,0,467,22.466,54,210,405,537,390
26,19571.110905743,19571.111311291,,1,GPU-bff95c83-0adb-feb7-9825-359f31b26de8,ok,100,22,1528,349.41,48,1485,9501,4052,9521
27,19572.110905743,19572.111252698,,0,GPU-42e33043-7008-2803-9ba8-9bb9ef7d0845,ok,0,0,467,25.726,55,210,405,439,390
27,19572.110905743,19572.111317118,,1,GPU-bff95c83-0adb-feb7-9825-359f31b26de8,ok,100,22,1528,349.522,48,1470,9501,4199,9228
28,19573.110905743,19573.111337665,,0,GPU-42e33043-7008-2803-9ba8-9bb9ef7d0845,ok,0,0,467,32.282,55,210,405,439,390
28,19573.110905743,19573.111376565,,1,GPU-bff95c83-0adb-feb7-9825-359f31b26de8,ok,100,22,1528,349.197,49,1470,9501,4101,9326
29,19574.110905743,19574.111255782,,0,GPU-42e33043-7008-2803-9ba8-9bb9ef7d0845,ok,0,0,467,23.631,55,210,405,439,439
29,19574.110905743,19574.111301632,,1,GPU-bff95c83-0adb-feb7-9825-359f31b26de8,ok,100,23,1528,349.106,49,1470,9501,4003,9375
30,19575.110905743,19575.111400129,,0,GPU-42e33043-7008-2803-9ba8-9bb9ef7d0845,ok,0,0,467,22.511,54,210,405,439,390
30,19575.110905743,19575.111449779,,1,GPU-bff95c83-0adb-feb7-9825-359f31b26de8,ok,100,22,1528,348.98,49,1485,9501,390,292
31,19576.110905743,19576.111352015,,0,GPU-42e33043-7008-2803-9ba8-9bb9ef7d0845,ok,0,0,467,22.285,54,210,405,439,390
31,19576.110905743,19576.111400035,,1,GPU-bff95c83-0adb-feb7-9825-359f31b26de8,ok,0,0,1528,179.292,42,1965,9501,341,292
32,19577.110905743,19577.111255862,,0,GPU-42e33043-7008-2803-9ba8-9bb9ef7d0845,ok,0,0,467,22.24,54,210,405,439,390
32,19577.110905743,19577.111303202,,1,GPU-bff95c83-0adb-feb7-9825-359f31b26de8,ok,0,0,1528,150.249,41,1785,9501,4150,8300
33,19578.110905743,19578.111341669,,0,GPU-42e33043-7008-2803-9ba8-9bb9ef7d0845,ok,0,0,467,22.362,54,210,405,439,341
33,19578.110905743,19578.111315569,,1,GPU-bff95c83-0adb-feb7-9825-359f31b26de8,ok,100,17,1528,246.81,48,1470,9501,4394,8154
34,19579.110905743,19579.111307586,,0,GPU-42e33043-7008-2803-9ba8-9bb9ef7d0845,ok,0,0,467,24.901,54,210,405,439,390
34,19579.110905743,19579.111318386,,1,GPU-bff95c83-0adb-feb7-9825-359f31b26de8,ok,100,20,1528,348.133,49,1470,9501,4638,8154
35,19580.110905743,19580.111258513,,0,GPU-42e33043-7008-2803-9ba8-9bb9ef7d0845,ok,0,0,467,32.449,54,210,405,439,390
35,19580.110905743,19580.111320053,,1,GPU-bff95c83-0adb-feb7-9825-359f31b26de8,ok,100,20,1528,348.72,49,1470,9501,4638,8496
36,19581.110905743,19581.11126342,,0,GPU-42e33043-7008-2803-9ba8-9bb9ef7d0845,ok,0,0,467,24.337,54,210,405,439,390
36,19581.110905743,19581.11132368,,1,GPU-bff95c83-0adb-feb7-9825-359f31b26de8,ok,100,21,1528,349.08,49,1470,9501,4541,7763
37,19582.110905743,19582.111310186,,0,GPU-42e33043-7008-2803-9ba8-9bb9ef7d0845,ok,0,0,467,22.854,54,210,405,439,390
37,19582.110905743,19582.111346886,,1,GPU-bff95c83-0adb-feb7-9825-359f31b26de8,ok,100,21,1528,349.301,49,1470,9501,4248,8105
38,19583.110905743,19583.111266393,,0,GPU-42e33043-7008-2803-9ba8-9bb9ef7d0845,ok,0,0,467,22.233,54,210,405,439,439
38,19583.110905743,19583.111326293,,1,GPU-bff95c83-0adb-feb7-9825-359f31b26de8,ok,100,23,1528,349.403,49,1470,9501,3955,8105
39,19584.110905743,19584.11136741,,0,GPU-42e33043-7008-2803-9ba8-9bb9ef7d0845,ok,0,0,467,22.282,53,210,405,439,390
39,19584.110905743,19584.11131019,,1,GPU-bff95c83-0adb-feb7-9825-359f31b26de8,ok,100,23,1528,349.28,49,1485,9501,4199,8740
40,19585.110905743,19585.111284857,,0,GPU-42e33043-7008-2803-9ba8-9bb9ef7d0845,ok,0,0,467,22.355,53,210,405,439,390
40,19585.110905743,19585.111333797,,1,GPU-bff95c83-0adb-feb7-9825-359f31b26de8,ok,100,22,1528,349.191,49,1485,9501,4394,8007
41,19586.110905743,19586.111260204,,0,GPU-42e33043-7008-2803-9ba8-9bb9ef7d0845,ok,0,0,467,23.54,54,210,405,439,439
41,19586.110905743,19586.111326054,,1,GPU-bff95c83-0adb-feb7-9825-359f31b26de8,ok,100,22,1528,349.217,49,1485,9501,4296,8447
42,19587.110905743,19587.111233621,,0,GPU-42e33043-7008-2803-9ba8-9bb9ef7d0845,ok,0,0,467,31.732,54,210,405,439,390
42,19587.110905743,19587.111292351,,1,GPU-bff95c83-0adb-feb7-9825-359f31b26de8,ok,100,21,1528,349.384,49,1470,9501,4589,9130
43,19588.110905743,19588.111314177,,0,GPU-42e33043-7008-2803-9ba8-9bb9ef7d0845,ok,0,0,467,24.456,54,210,405,439,439
43,19588.110905743,19588.111347657,,1,GPU-bff95c83-0adb-feb7-9825-359f31b26de8,ok,100,21,1528,348.838,49,1470,9501,4199,9228
44,19589.110905743,19589.111230614,,0,GPU-42e33043-7008-2803-9ba8-9bb9ef7d0845,ok,0,0,467,22.988,53,210,405,439,390
44,19589.110905743,19589.111304244,,1,GPU-bff95c83-0adb-feb7-9825-359f31b26de8,ok,100,22,1528,348.948,49,1470,9501,4150,9423
45,19590.110905743,19590.111242521,,0,GPU-42e33043-7008-2803-9ba8-9bb9ef7d0845,ok,0,0,467,22.223,53,210,405,439,390
45,19590.110905743,19590.111317691,,1,GPU-bff95c83-0adb-feb7-9825-359f31b26de8,ok,100,21,1528,349.107,49,1485,9501,3955,10009
46,19591.110905743,19591.111291508,,0,GPU-42e33043-7008-2803-9ba8-9bb9ef7d0845,ok,0,0,467,22.261,53,210,405,439,390
46,19591.110905743,19591.111340908,,1,GPU-bff95c83-0adb-feb7-9825-359f31b26de8,ok,100,22,1528,349.391,49,1470,9501,3808,10595
47,19592.110905743,19592.111238305,,0,GPU-42e33043-7008-2803-9ba8-9bb9ef7d0845,ok,0,0,467,22.482,53,210,405,439,390
47,19592.110905743,19592.111325445,,1,GPU-bff95c83-0adb-feb7-9825-359f31b26de8,ok,100,22,1528,349.153,49,1470,9501,3662,11328
48,19593.110905743,19593.111394502,,0,GPU-42e33043-7008-2803-9ba8-9bb9ef7d0845,ok,1,0,467,22.279,53,210,405,488,390
48,19593.110905743,19593.111440132,,1,GPU-bff95c83-0adb-feb7-9825-359f31b26de8,ok,100,22,1528,348.872,50,1470,9501,3369,11376
49,19594.110905743,19594.111335808,,0,GPU-42e33043-7008-2803-9ba8-9bb9ef7d0845,ok,0,0,467,32.181,54,210,405,439,390
49,19594.110905743,19594.111305318,,1,GPU-bff95c83-0adb-feb7-9825-359f31b26de8,ok,100,22,1528,349.373,50,1470,9501,3173,12841
50,19595.110905743,19595.111244635,,0,GPU-42e33043-7008-2803-9ba8-9bb9ef7d0845,ok,0,0,467,23.591,54,210,405,439,390
50,19595.110905743,19595.111308765,,1,GPU-bff95c83-0adb-feb7-9825-359f31b26de8,ok,100,22,1528,349.045,50,1470,9501,3173,12792
51,19596.110905743,19596.111240232,,0,GPU-42e33043-7008-2803-9ba8-9bb9ef7d0845,ok,0,0,467,22.613,53,210,405,439,390
51,19596.110905743,19596.111314472,,1,GPU-bff95c83-0adb-feb7-9825-359f31b26de8,ok,100,22,1528,349.24,50,1470,9501,3125,13427
52,19597.110905743,19597.111242909,,0,GPU-42e33043-7008-2803-9ba8-9bb9ef7d0845,ok,0,0,467,22.283,53,210,405,439,439
52,19597.110905743,19597.111302999,,1,GPU-bff95c83-0adb-feb7-9825-359f31b26de8,ok,100,22,1528,348.682,50,1485,9501,2929,13867
53,19598.110905743,19598.111241816,,0,GPU-42e33043-7008-2803-9ba8-9bb9ef7d0845,ok,0,0,467,21.996,53,210,405,439,390
53,19598.110905743,19598.111317596,,1,GPU-bff95c83-0adb-feb7-9825-359f31b26de8,ok,100,21,1528,348.943,50,1485,9501,2978,14550
54,19599.110905743,19599.111238433,,0,GPU-42e33043-7008-2803-9ba8-9bb9ef7d0845,ok,0,0,467,22.501,53,210,405,439,390
54,19599.110905743,19599.111317953,,1,GPU-bff95c83-0adb-feb7-9825-359f31b26de8,ok,100,21,1528,349.049,50,1485,9501,2685,15332
55,19600.110905743,19600.111235119,,0,GPU-42e33043-7008-2803-9ba8-9bb9ef7d0845,ok,0,0,467,22.637,53,210,405,439,390
55,19600.110905743,19600.111295489,,1,GPU-bff95c83-0adb-feb7-9825-359f31b26de8,ok,100,21,1528,349.078,50,1470,9501,2636,15087
56,19601.110905743,19601.111233896,,0,GPU-42e33043-7008-2803-9ba8-9bb9ef7d0845,ok,0,0,467,27.178,53,210,405,439,390
56,19601.110905743,19601.111299086,,1,GPU-bff95c83-0adb-feb7-9825-359f31b26de8,ok,100,20,1528,349.087,50,1470,9501,2587,14746
57,19602.110905743,19602.111237273,,0,GPU-42e33043-7008-2803-9ba8-9bb9ef7d0845,ok,0,0,467,32.292,53,210,405,439,390
57,19602.110905743,19602.111297753,,1,GPU-bff95c83-0adb-feb7-9825-359f31b26de8,ok,100,22,1528,349.287,50,1470,9501,537,341
58,19603.110905743,19603.11143726,,0,GPU-42e33043-7008-2803-9ba8-9bb9ef7d0845,ok,0,0,467,23.126,53,210,405,439,390
58,19603.110905743,19603.11139577,,1,GPU-bff95c83-0adb-feb7-9825-359f31b26de8,ok,0,0,1528,232.89,43,1965,9501,390,292
59,19604.110905743,19604.111367947,,0,GPU-42e33043-7008-2803-9ba8-9bb9ef7d0845,ok,0,0,467,22.204,53,210,405,439,390
59,19604.110905743,19604.111418117,,1,GPU-bff95c83-0adb-feb7-9825-359f31b26de8,ok,0,0,1528,179.913,43,1965,9501,390,292
60,19605.110905743,19605.111343754,,0,GPU-42e33043-7008-2803-9ba8-9bb9ef7d0845,ok,0,0,467,22.392,53,210,405,439,390
60,19605.110905743,19605.111377434,,1,GPU-bff95c83-0adb-feb7-9825-359f31b26de8,ok,100,23,1528,229.374,49,1485,9501,2636,15673
61,19606.110905743,19606.11123326,,0,GPU-42e33043-7008-2803-9ba8-9bb9ef7d0845,ok,0,0,467,22.508,52,210,405,439,390
61,19606.110905743,19606.11130828,,1,GPU-bff95c83-0adb-feb7-9825-359f31b26de8,ok,100,21,1528,348.832,50,1470,9501,2587,13964
62,19607.110905743,19607.111236037,,0,GPU-42e33043-7008-2803-9ba8-9bb9ef7d0845,ok,0,0,467,22.346,52,210,405,488,390
62,19607.110905743,19607.111296527,,1,GPU-bff95c83-0adb-feb7-9825-359f31b26de8,ok,100,21,1528,348.786,50,1470,9501,2490,15576
63,19608.110905743,19608.111396794,,0,GPU-42e33043-7008-2803-9ba8-9bb9ef7d0845,ok,0,0,467,26.151,53,210,405,488,390
63,19608.110905743,19608.111447944,,1,GPU-bff95c83-0adb-feb7-9825-359f31b26de8,ok,100,21,1528,349.096,50,1470,9501,2490,13281
64,19609.110905743,19609.111320291,,0,GPU-42e33043-7008-2803-9ba8-9bb9ef7d0845,ok,0,0,467,32.386,53,210,405,488,390
64,19609.110905743,19609.111297931,,1,GPU-bff95c83-0adb-feb7-9825-359f31b26de8,ok,100,21,1528,349.558,50,1470,9501,2783,13183
65,19610.110905743,19610.111250788,,0,GPU-42e33043-7008-2803-9ba8-9bb9ef7d0845,ok,0,0,467,24.388,53,210,405,439,390
65,19610.110905743,19610.111300368,,1,GPU-bff95c83-0adb-feb7-9825-359f31b26de8,ok,100,21,1528,348.979,50,1485,9501,2880,13623
66,19611.110905743,19611.111350565,,0,GPU-42e33043-7008-2803-9ba8-9bb9ef7d0845,ok,0,0,467,22.802,52,210,405,439,390
66,19611.110905743,19611.111331095,,1,GPU-bff95c83-0adb-feb7-9825-359f31b26de8,ok,100,21,1528,349.011,50,1470,9501,3027,13037
67,19612.110905743,19612.111235371,,0,GPU-42e33043-7008-2803-9ba8-9bb9ef7d0845,ok,0,0,467,21.933,52,210,405,439,390
67,19612.110905743,19612.111307862,,1,GPU-bff95c83-0adb-feb7-9825-359f31b26de8,ok,100,21,1528,349.264,50,1470,9501,3076,12158
68,19613.110905743,19613.111281328,,0,GPU-42e33043-7008-2803-9ba8-9bb9ef7d0845,ok,0,0,467,21.819,52,210,405,488,390
68,19613.110905743,19613.111307508,,1,GPU-bff95c83-0adb-feb7-9825-359f31b26de8,ok,100,21,1528,349.496,50,1470,9501,3320,11767
69,19614.110905743,19614.111328085,,0,GPU-42e33043-7008-2803-9ba8-9bb9ef7d0845,ok,0,0,467,22.404,52,210,405,488,439
69,19614.110905743,19614.111286945,,1,GPU-bff95c83-0adb-feb7-9825-359f31b26de8,ok,100,22,1528,349.351,50,1470,9501,3710,9228
70,19615.110905743,19615.111235862,,0,GPU-42e33043-7008-2803-9ba8-9bb9ef7d0845,ok,0,0,467,25.647,53,210,405,439,390
70,19615.110905743,19615.111307562,,1,GPU-bff95c83-0adb-feb7-9825-359f31b26de8,ok,100,21,1528,349.013,50,1470,9501,4052,8886
71,19616.110905743,19616.111247019,,0,GPU-42e33043-7008-2803-9ba8-9bb9ef7d0845,ok,0,0,467,31.618,53,210,405,439,390
71,19616.110905743,19616.111292209,,1,GPU-bff95c83-0adb-feb7-9825-359f31b26de8,ok,100,21,1528,349.049,51,1470,9501,4296,9130
72,19617.110905743,19617.111235006,,0,GPU-42e33043-7008-2803-9ba8-9bb9ef7d0845,ok,0,0,467,23.294,53,210,405,439,439
72,19617.110905743,19617.111301526,,1,GPU-bff95c83-0adb-feb7-9825-359f31b26de8,ok,100,21,1528,349.057,50,1470,9501,4150,8496
73,19618.110905743,19618.111290503,,0,GPU-42e33043-7008-2803-9ba8-9bb9ef7d0845,ok,0,0,467,22.119,52,210,405,439,390
73,19618.110905743,19618.111330233,,1,GPU-bff95c83-0adb-feb7-9825-359f31b26de8,ok,100,22,1528,349.2,51,1470,9501,4541,7861
74,19619.110905743,19619.111238839,,0,GPU-42e33043-7008-2803-9ba8-9bb9ef7d0845,ok,0,0,467,22.534,52,210,405,439,390
74,19619.110905743,19619.111284379,,1,GPU-bff95c83-0adb-feb7-9825-359f31b26de8,ok,100,21,1528,349.265,51,1470,9501,4589,8007
75,19620.110905743,19620.111238356,,0,GPU-42e33043-7008-2803-9ba8-9bb9ef7d0845,ok,0,0,467,22.66,52,210,405,439,390
75,19620.110905743,19620.111285496,,1,GPU-bff95c83-0adb-feb7-9825-359f31b26de8,ok,100,22,1528,348.969,51,1470,9501,4296,8203
76,19621.110905743,19621.111233103,,0,GPU-42e33043-7008-2803-9ba8-9bb9ef7d0845,ok,0,0,467,22.046,52,210,405,439,390
76,19621.110905743,19621.111296563,,1,GPU-bff95c83-0adb-feb7-9825-359f31b26de8,ok,100,21,1528,349.054,51,1470,9501,4199,8886
77,19622.110905743,19622.11124288,,0,GPU-42e33043-7008-2803-9ba8-9bb9ef7d0845,ok,0,0,467,24.671,52,210,405,439,390
77,19622.110905743,19622.11130332,,1,GPU-bff95c83-0adb-feb7-9825-359f31b26de8,ok,100,22,1528,348.83,51,1470,9501,4101,9423
78,19623.110905743,19623.111309587,,0,GPU-42e33043-7008-2803-9ba8-9bb9ef7d0845,ok,0,0,467,31.957,52,210,405,488,390
78,19623.110905743,19623.111324507,,1,GPU-bff95c83-0adb-feb7-9825-359f31b26de8,ok,100,22,1528,349.104,51,1485,9501,3710,9960
79,19624.110905743,19624.111135313,,0,GPU-42e33043-7008-2803-9ba8-9bb9ef7d0845,ok,0,0,467,24.063,52,210,405,537,390
79,19624.110905743,19624.111198804,,1,GPU-bff95c83-0adb-feb7-9825-359f31b26de8,ok,100,21,1528,349.007,51,1485,9501,3613,11035
80,19625.110905743,19625.11124003,,0,GPU-42e33043-7008-2803-9ba8-9bb9ef7d0845,ok,0,0,467,22.557,52,210,405,439,439
80,19625.110905743,19625.1113277,,1,GPU-bff95c83-0adb-feb7-9825-359f31b26de8,ok,100,21,1528,349.242,51,1470,9501,3564,11474
81,19626.110905743,19626.111239417,,0,GPU-42e33043-7008-2803-9ba8-9bb9ef7d0845,ok,0,0,467,21.926,52,210,405,439,390
81,19626.110905743,19626.111309977,,1,GPU-bff95c83-0adb-feb7-9825-359f31b26de8,ok,100,20,1528,349.004,51,1470,9501,3369,12109
82,19627.110905743,19627.111237224,,0,GPU-42e33043-7008-2803-9ba8-9bb9ef7d0845,ok,0,0,467,21.838,51,210,405,439,390
82,19627.110905743,19627.111283054,,1,GPU-bff95c83-0adb-feb7-9825-359f31b26de8,ok,100,21,1528,349.302,51,1470,9501,3173,13183
83,19628.110905743,19628.111195601,,0,GPU-42e33043-7008-2803-9ba8-9bb9ef7d0845,ok,0,0,467,22.171,51,210,405,439,390
83,19628.110905743,19628.111240681,,1,GPU-bff95c83-0adb-feb7-9825-359f31b26de8,ok,100,21,1528,349.158,51,1470,9501,2685,14111
84,19629.110905743,19629.111236278,,0,GPU-42e33043-7008-2803-9ba8-9bb9ef7d0845,ok,0,0,467,24.864,52,210,405,488,390
84,19629.110905743,19629.111287938,,1,GPU-bff95c83-0adb-feb7-9825-359f31b26de8,ok,100,21,1528,348.462,51,1470,9501,2636,15429
85,19630.110905743,19630.111356585,,0,GPU-42e33043-7008-2803-9ba8-9bb9ef7d0845,ok,0,0,467,32.102,52,210,405,439,390
85,19630.110905743,19630.111417955,,1,GPU-bff95c83-0adb-feb7-9825-359f31b26de8,ok,0,0,1528,290.221,46,1965,9501,390,292
86,19631.110905743,19631.111349671,,0,GPU-42e33043-7008-2803-9ba8-9bb9ef7d0845,ok,0,0,467,23.745,52,210,405,439,390
86,19631.110905743,19631.111410361,,1,GPU-bff95c83-0adb-feb7-9825-359f31b26de8,ok,0,0,1528,183.793,44,1965,9501,341,292
87,19632.110905743,19632.111232388,,0,GPU-42e33043-7008-2803-9ba8-9bb9ef7d0845,ok,0,0,464,22.332,51,210,405,439,390
87,19632.110905743,19632.111296298,,1,GPU-bff95c83-0adb-feb7-9825-359f31b26de8,ok,0,0,464,152.582,43,1785,9501,341,244
88,19633.110905743,19633.111279215,,0,GPU-42e33043-7008-2803-9ba8-9bb9ef7d0845,ok,0,0,464,28.389,52,210,405,439,390
88,19633.110905743,19633.111983215,,1,GPU-bff95c83-0adb-feb7-9825-359f31b26de8,ok,0,0,464,133.359,43,1785,9751,390,292
89,19634.110905743,19634.111323362,,0,GPU-42e33043-7008-2803-9ba8-9bb9ef7d0845,ok,0,0,464,29.554,52,210,405,439,390
89,19634.110905743,19634.112033022,,1,GPU-bff95c83-0adb-feb7-9825-359f31b26de8,ok,0,0,464,133.846,43,1785,9751,390,292
90,19635.110905743,19635.111230349,,0,GPU-42e33043-7008-2803-9ba8-9bb9ef7d0845,ok,0,0,464,24.098,52,210,405,439,390
90,19635.110905743,19635.111297539,,1,GPU-bff95c83-0adb-feb7-9825-359f31b26de8,ok,0,0,464,100.107,41,450,5001,390,292
91,19636.110905743,19636.111251816,,0,GPU-42e33043-7008-2803-9ba8-9bb9ef7d0845,ok,0,0,467,24.493,52,210,405,488,390
91,19636.110905743,19636.111328976,,1,GPU-bff95c83-0adb-feb7-9825-359f31b26de8,ok,0,0,846,60.036,42,1785,9501,390,244
92,19637.110905743,19637.111252012,,0,GPU-42e33043-7008-2803-9ba8-9bb9ef7d0845,ok,0,0,467,33.454,52,210,405,439,390
92,19637.110905743,19637.111378302,,1,GPU-bff95c83-0adb-feb7-9825-359f31b26de8,ok,0,0,846,131.522,42,1785,9501,390,244
93,19638.110905743,19638.111302699,,0,GPU-42e33043-7008-2803-9ba8-9bb9ef7d0845,ok,0,0,467,23.903,52,210,405,439,390
93,19638.110905743,19638.111394139,,1,GPU-bff95c83-0adb-feb7-9825-359f31b26de8,ok,0,0,846,131.621,42,1785,9501,390,292
94,19639.110905743,19639.111560246,,0,GPU-42e33043-7008-2803-9ba8-9bb9ef7d0845,ok,0,0,467,22.709,51,210,405,439,488
94,19639.110905743,19639.111464696,,1,GPU-bff95c83-0adb-feb7-9825-359f31b26de8,ok,0,0,850,131.385,42,1785,9501,4931,5957
95,19640.110905743,19640.111339113,,0,GPU-42e33043-7008-2803-9ba8-9bb9ef7d0845,ok,0,0,467,22.408,51,210,405,439,390
95,19640.110905743,19640.111279713,,1,GPU-bff95c83-0adb-feb7-9825-359f31b26de8,ok,73,29,1336,153.605,47,1965,9501,17187,142529
96,19641.110905743,19641.11130681,,0,GPU-42e33043-7008-2803-9ba8-9bb9ef7d0845,ok,0,0,467,22.124,51,210,405,439,390
96,19641.110905743,19641.1113887,,1,GPU-bff95c83-0adb-feb7-9825-359f31b26de8,ok,69,25,1336,322.057,49,1965,9501,16406,140136
97,19642.110905743,19642.111793717,,0,GPU-42e33043-7008-2803-9ba8-9bb9ef7d0845,ok,0,0,467,21.915,51,210,405,439,390
97,19642.110905743,19642.111766777,,1,GPU-bff95c83-0adb-feb7-9825-359f31b26de8,ok,68,27,1336,321.848,49,1965,9501,16210,137500
98,19643.110905743,19643.111309933,,0,GPU-42e33043-7008-2803-9ba8-9bb9ef7d0845,ok,0,0,467,22.208,51,210,405,439,390
98,19643.110905743,19643.111425064,,1,GPU-bff95c83-0adb-feb7-9825-359f31b26de8,ok,68,27,1336,322.585,50,1965,9501,16162,141845
99,19644.110905743,19644.11132558,,0,GPU-42e33043-7008-2803-9ba8-9bb9ef7d0845,ok,0,0,467,31.041,52,210,405,439,390
99,19644.110905743,19644.11140873,,1,GPU-bff95c83-0adb-feb7-9825-359f31b26de8,ok,70,26,1336,321.438,50,1965,9501,16162,141650
100,19645.110905743,19645.111782447,,0,GPU-42e33043-7008-2803-9ba8-9bb9ef7d0845,ok,0,0,467,31.197,52,210,405,439,390
100,19645.110905743,19645.111840967,,1,GPU-bff95c83-0adb-feb7-9825-359f31b26de8,ok,69,28,1336,320.761,50,1965,9501,16357,138964
101,19646.110905743,19646.111343324,,0,GPU-42e33043-7008-2803-9ba8-9bb9ef7d0845,ok,0,0,467,24.673,52,210,405,439,390
101,19646.110905743,19646.112041434,,1,GPU-bff95c83-0adb-feb7-9825-359f31b26de8,ok,69,25,1336,320.664,50,1965,9501,16357,139550
102,19647.110905743,19647.111320811,,0,GPU-42e33043-7008-2803-9ba8-9bb9ef7d0845,ok,0,0,467,23.043,51,210,405,439,390
102,19647.110905743,19647.112020301,,1,GPU-bff95c83-0adb-feb7-9825-359f31b26de8,ok,72,28,1336,320.41,50,1965,9501,16455,137597
103,19648.110905743,19648.111439798,,0,GPU-42e33043-7008-2803-9ba8-9bb9ef7d0845,ok,0,0,467,21.905,51,210,405,439,390
103,19648.110905743,19648.111425848,,1,GPU-bff95c83-0adb-feb7-9825-359f31b26de8,ok,0,0,1336,283.271,46,1965,9501,390,292
104,19649.110905743,19649.111320414,,0,GPU-42e33043-7008-2803-9ba8-9bb9ef7d0845,ok,0,0,467,21.988,51,210,405,488,390
104,19649.110905743,19649.111970985,,1,GPU-bff95c83-0adb-feb7-9825-359f31b26de8,ok,0,0,1336,179.038,44,1965,9501,14843,130126
105,19650.110905743,19650.111769952,,0,GPU-42e33043-7008-2803-9ba8-9bb9ef7d0845,ok,0,0,467,22.335,51,210,405,439,390
105,19650.110905743,19650.111825112,,1,GPU-bff95c83-0adb-feb7-9825-359f31b26de8,ok,66,25,1336,239.265,49,1965,9501,15869,137890
106,19651.110905743,19651.111320258,,0,GPU-42e33043-7008-2803-9ba8-9bb9ef7d0845,ok,0,0,467,26.926,52,210,405,439,390
106,19651.110905743,19651.111434678,,1,GPU-bff95c83-0adb-feb7-9825-359f31b26de8,ok,68,27,1336,318.321,50,1965,9501,16455,138867
107,19652.110905743,19652.111911455,,0,GPU-42e33043-7008-2803-9ba8-9bb9ef7d0845,ok,0,0,467,32.84,52,210,405,439,390
107,19652.110905743,19652.111880015,,1,GPU-bff95c83-0adb-feb7-9825-359f31b26de8,ok,67,26,1336,319.92,50,1965,9501,16455,57275
108,19653.110905743,19653.112087702,,0,GPU-42e33043-7008-2803-9ba8-9bb9ef7d0845,ok,0,0,467,23.131,52,210,405,488,390
108,19653.110905743,19653.112024872,,1,GPU-bff95c83-0adb-feb7-9825-359f31b26de8,ok,72,28,1336,321.297,50,1965,9501,15771,139794
109,19654.110905743,19654.111846009,,0,GPU-42e33043-7008-2803-9ba8-9bb9ef7d0845,ok,0,0,467,22.141,51,210,405,439,390
109,19654.110905743,19654.111794339,,1,GPU-bff95c83-0adb-feb7-9825-359f31b26de8,ok,67,27,1336,320.791,50,1965,9501,15869,134033
110,19655.110905743,19655.111415296,,0,GPU-42e33043-7008-2803-9ba8-9bb9ef7d0845,ok,0,0,467,22.461,51,210,405,439,439
110,19655.110905743,19655.111320436,,1,GPU-bff95c83-0adb-feb7-9825-359f31b26de8,ok,68,25,1336,320.426,50,1965,9501,15966,140136
111,19656.110905743,19656.111290372,,0,GPU-42e33043-7008-2803-9ba8-9bb9ef7d0845,ok,0,0,467,22.504,51,210,405,439,390
111,19656.110905743,19656.111934113,,1,GPU-bff95c83-0adb-feb7-9825-359f31b26de8,ok,70,28,1336,320.738,50,1965,9501,16308,137744
112,19657.110905743,19657.111351549,,0,GPU-42e33043-7008-2803-9ba8-9bb9ef7d0845,ok,0,0,467,22.53,51,210,405,488,390
112,19657.110905743,19657.111467179,,1,GPU-bff95c83-0adb-feb7-9825-359f31b26de8,ok,70,28,1336,319.932,50,1965,9501,18164,226171
113,19658.110905743,19658.111240426,,0,GPU-42e33043-7008-2803-9ba8-9bb9ef7d0845,ok,0,0,467,27.046,51,210,405,439,390
113,19658.110905743,19658.111290296,,1,GPU-bff95c83-0adb-feb7-9825-359f31b26de8,ok,0,0,1336,232.924,45,1965,9501,390,292
114,19659.110905743,19659.111937483,,0,GPU-42e33043-7008-2803-9ba8-9bb9ef7d0845,ok,0,0,467,32.272,51,210,405,439,439
114,19659.110905743,19659.111866443,,1,GPU-bff95c83-0adb-feb7-9825-359f31b26de8,ok,0,0,1336,154.781,44,1965,9501,11767,115234
115,19660.110905743,19660.11130704,,0,GPU-42e33043-7008-2803-9ba8-9bb9ef7d0845,ok,0,0,467,23.818,51,210,405,439,390
115,19660.110905743,19660.11139981,,1,GPU-bff95c83-0adb-feb7-9825-359f31b26de8,ok,42,16,1336,227.363,47,1965,9501,11474,118212
116,19661.110905743,19661.111343107,,0,GPU-42e33043-7008-2803-9ba8-9bb9ef7d0845,ok,0,0,467,23.171,51,210,405,439,390
116,19661.110905743,19661.111411307,,1,GPU-bff95c83-0adb-feb7-9825-359f31b26de8,ok,41,17,1336,251.658,47,1965,9501,4394,115087
117,19662.110905743,19662.112495864,,0,GPU-42e33043-7008-2803-9ba8-9bb9ef7d0845,ok,0,0,467,22.94,51,210,405,439,390
117,19662.110905743,19662.112414064,,1,GPU-bff95c83-0adb-feb7-9825-359f31b26de8,ok,43,16,1336,253.354,48,1965,9501,4785,112011
118,19663.110905743,19663.1115208,,0,GPU-42e33043-7008-2803-9ba8-9bb9ef7d0845,ok,0,0,467,22.482,51,210,405,439,390
118,19663.110905743,19663.11156497,,1,GPU-bff95c83-0adb-feb7-9825-359f31b26de8,ok,38,16,1336,251.65,47,1965,9501,5761,110449
119,19664.110905743,19664.111505927,,0,GPU-42e33043-7008-2803-9ba8-9bb9ef7d0845,ok,0,0,467,23.146,51,210,405,439,390
119,19664.110905743,19664.111476687,,1,GPU-bff95c83-0adb-feb7-9825-359f31b26de8,ok,42,15,1336,249.218,47,1965,9501,12500,115185
120,19665.110905743,19665.111423614,,0,GPU-42e33043-7008-2803-9ba8-9bb9ef7d0845,ok,0,0,467,25.481,51,210,405,439,390
120,19665.110905743,19665.111507924,,1,GPU-bff95c83-0adb-feb7-9825-359f31b26de8,ok,39,16,1336,252.633,48,1965,9501,12646,26757
121,19666.110905743,19666.111469981,,0,GPU-42e33043-7008-2803-9ba8-9bb9ef7d0845,ok,0,0,467,31.331,51,210,405,439,390
121,19666.110905743,19666.111443241,,1,GPU-bff95c83-0adb-feb7-9825-359f31b26de8,ok,41,15,1336,251.798,48,1965,9501,11914,117773
122,19667.110905743,19667.112542768,,0,GPU-42e33043-7008-2803-9ba8-9bb9ef7d0845,ok,0,0,467,24.369,51,210,405,439,390
122,19667.110905743,19667.112451288,,1,GPU-bff95c83-0adb-feb7-9825-359f31b26de8,ok,41,16,1336,251.606,48,1965,9501,4443,112060
123,19668.110905743,19668.112086265,,0,GPU-42e33043-7008-2803-9ba8-9bb9ef7d0845,ok,0,0,467,23.172,51,210,405,439,390
123,19668.110905743,19668.112054825,,1,GPU-bff95c83-0adb-feb7-9825-359f31b26de8,ok,41,17,1336,251.077,48,1950,9501,12255,30957
124,19669.110905743,19669.111526711,,0,GPU-42e33043-7008-2803-9ba8-9bb9ef7d0845,ok,0,0,467,22.577,51,210,405,439,390
124,19669.110905743,19669.111562301,,1,GPU-bff95c83-0adb-feb7-9825-359f31b26de8,ok,46,19,1336,251.961,48,1965,9501,12500,33593
125,19670.110905743,19670.111357778,,0,GPU-42e33043-7008-2803-9ba8-9bb9ef7d0845,ok,0,0,467,22.474,51,210,405,439,390
125,19670.110905743,19670.111466208,,1,GPU-bff95c83-0adb-feb7-9825-359f31b26de8,ok,41,15,1336,254.71,48,1965,9501,11962,115429
126,19671.110905743,19671.111431735,,0,GPU-42e33043-7008-2803-9ba8-9bb9ef7d0845,ok,0,0,467,23.247,51,210,405,439,390
126,19671.110905743,19671.111511985,,1,GPU-bff95c83-0adb-feb7-9825-359f31b26de8,ok,42,17,1336,251.299,48,1950,9501,4833,111621
127,19672.110905743,19672.111413832,,0,GPU-42e33043-7008-2803-9ba8-9bb9ef7d0845,ok,0,0,467,24.875,51,210,405,439,390
127,19672.110905743,19672.111534862,,1,GPU-bff95c83-0adb-feb7-9825-359f31b26de8,ok,41,17,1336,249.937,48,1965,9501,5664,110498
128,19673.110905743,19673.111408689,,0,GPU-42e33043-7008-2803-9ba8-9bb9ef7d0845,ok,0,0,467,31.901,51,210,405,488,390
128,19673.110905743,19673.111518259,,1,GPU-bff95c83-0adb-feb7-9825-359f31b26de8,ok,0,0,1336,226.644,45,1965,9501,390,292
129,19674.110905743,19674.111883186,,0,GPU-42e33043-7008-2803-9ba8-9bb9ef7d0845,ok,0,0,467,23.733,51,210,405,439,439
129,19674.110905743,19674.111819386,,1,GPU-bff95c83-0adb-feb7-9825-359f31b26de8,ok,0,0,1336,173.647,45,1965,9501,13671,125195
130,19675.110905743,19675.111212602,,0,GPU-42e33043-7008-2803-9ba8-9bb9ef7d0845,ok,0,0,467,22.563,51,210,405,488,439
130,19675.110905743,19675.111270952,,1,GPU-bff95c83-0adb-feb7-9825-359f31b26de8,ok,70,28,1336,238.991,50,1965,9501,16796,140966
131,19676.110905743,19676.111374009,,0,GPU-42e33043-7008-2803-9ba8-9bb9ef7d0845,ok,0,0,467,22.15,51,210,405,439,390
131,19676.110905743,19676.111336819,,1,GPU-bff95c83-0adb-feb7-9825-359f31b26de8,ok,70,26,1336,322.369,51,1965,9501,16308,139404
132,19677.110905743,19677.111245766,,0,GPU-42e33043-7008-2803-9ba8-9bb9ef7d0845,ok,0,0,467,21.963,50,210,405,439,390
132,19677.110905743,19677.111323196,,1,GPU-bff95c83-0adb-feb7-9825-359f31b26de8,ok,69,25,1336,322.721,51,1965,9501,16357,140527
133,19678.110905743,19678.111285113,,0,GPU-42e33043-7008-2803-9ba8-9bb9ef7d0845,ok,0,0,467,22.082,50,210,405,439,390
133,19678.110905743,19678.111360823,,1,GPU-bff95c83-0adb-feb7-9825-359f31b26de8,ok,69,28,1336,322.25,51,1965,9501,16406,139843
134,19679.110905743,19679.11124709,,0,GPU-42e33043-7008-2803-9ba8-9bb9ef7d0845,ok,1,0,467,23.95,51,210,405,439,390
134,19679.110905743,19679.11132171,,1,GPU-bff95c83-0adb-feb7-9825-359f31b26de8,ok,70,28,1336,323.77,51,1965,9501,16308,140380
135,19680.110905743,19680.111795607,,0,GPU-42e33043-7008-2803-9ba8-9bb9ef7d0845,ok,0,0,467,31.785,51,210,405,439,390
135,19680.110905743,19680.111726177,,1,GPU-bff95c83-0adb-feb7-9825-359f31b26de8,ok,69,28,1336,323.769,51,1965,9501,16259,139550
136,19681.110905743,19681.111659373,,0,GPU-42e33043-7008-2803-9ba8-9bb9ef7d0845,ok,0,0,467,24.573,51,210,405,439,390
136,19681.110905743,19681.111734703,,1,GPU-bff95c83-0adb-feb7-9825-359f31b26de8,ok,72,28,1336,323.379,51,1965,9501,23388,139501
137,19682.110905743,19682.11134339,,0,GPU-42e33043-7008-2803-9ba8-9bb9ef7d0845,ok,0,0,467,22.983,51,210,405,439,390
137,19682.110905743,19682.11129719,,1,GPU-bff95c83-0adb-feb7-9825-359f31b26de8,ok,71,27,1336,323.179,51,1965,9501,341,292
138,19683.110905743,19683.111241347,,0,GPU-42e33043-7008-2803-9ba8-9bb9ef7d0845,ok,0,0,467,21.989,51,210,405,488,439
138,19683.110905743,19683.111289677,,1,GPU-bff95c83-0adb-feb7-9825-359f31b26de8,ok,0,0,1336,197.164,45,1965,9501,390,292
139,19684.110905743,19684.111347124,,0,GPU-42e33043-7008-2803-9ba8-9bb9ef7d0845,ok,0,0,467,21.992,50,210,405,439,390
139,19684.110905743,19684.111448284,,1,GPU-bff95c83-0adb-feb7-9825-359f31b26de8,ok,40,15,1336,180.762,47,1965,9501,12304,32568
140,19685.110905743,19685.111322601,,0,GPU-42e33043-7008-2803-9ba8-9bb9ef7d0845,ok,0,0,467,22.279,50,210,405,439,439
140,19685.110905743,19685.111408331,,1,GPU-bff95c83-0adb-feb7-9825-359f31b26de8,ok,45,18,1336,259.516,48,1965,9501,14111,126953
141,19686.110905743,19686.111494928,,0,GPU-42e33043-7008-2803-9ba8-9bb9ef7d0845,ok,0,0,467,22.287,50,210,405,439,390
141,19686.110905743,19686.111580678,,1,GPU-bff95c83-0adb-feb7-9825-359f31b26de8,ok,40,17,1336,269.561,49,1965,9501,5371,113232
142,19687.110905743,19687.111348754,,0,GPU-42e33043-7008-2803-9ba8-9bb9ef7d0845,ok,0,0,467,32.765,51,210,405,439,439
142,19687.110905743,19687.111434224,,1,GPU-bff95c83-0adb-feb7-9825-359f31b26de8,ok,40,16,1336,251.886,48,1965,9501,12646,27148
143,19688.110905743,19688.111355491,,0,GPU-42e33043-7008-2803-9ba8-9bb9ef7d0845,ok,0,0,467,32.795,51,210,405,439,488
143,19688.110905743,19688.112050761,,1,GPU-bff95c83-0adb-feb7-9825-359f31b26de8,ok,38,16,1336,251.994,48,1965,9501,11669,39355
144,19689.110905743,19689.111938368,,0,GPU-42e33043-7008-2803-9ba8-9bb9ef7d0845,ok,0,0,467,23.766,51,210,405,488,390
144,19689.110905743,19689.112001758,,1,GPU-bff95c83-0adb-feb7-9825-359f31b26de8,ok,43,16,1336,253.546,48,1965,9501,12744,28710
145,19690.110905743,19690.111376595,,0,GPU-42e33043-7008-2803-9ba8-9bb9ef7d0845,ok,0,0,467,22.86,51,210,405,439,537
145,19690.110905743,19690.111503015,,1,GPU-bff95c83-0adb-feb7-9825-359f31b26de8,ok,41,15,1336,254.286,48,1965,9501,12744,28320
146,19691.110905743,19691.111349282,,0,GPU-42e33043-7008-2803-9ba8-9bb9ef7d0845,ok,0,0,467,22.642,51,210,405,439,585
146,19691.110905743,19691.112072622,,1,GPU-bff95c83-0adb-feb7-9825-359f31b26de8,ok,42,16,1336,253.772,48,1965,9501,5712,111132
147,19692.110905743,19692.111316818,,0,GPU-42e33043-7008-2803-9ba8-9bb9ef7d0845,ok,0,0,467,22.408,50,210,405,439,341
147,19692.110905743,19692.111427319,,1,GPU-bff95c83-0adb-feb7-9825-359f31b26de8,ok,42,16,1336,253.555,48,1965,9501,12207,116699
148,19693.110905743,19693.111365685,,0,GPU-42e33043-7008-2803-9ba8-9bb9ef7d0845,ok,0,0,467,22.351,50,210,405,439,341
148,19693.110905743,19693.112010566,,1,GPU-bff95c83-0adb-feb7-9825-359f31b26de8,ok,41,17,1336,253.146,48,1965,9501,5126,110888
149,19694.110905743,19694.111355132,,0,GPU-42e33043-7008-2803-9ba8-9bb9ef7d0845,ok,0,0,467,26.267,51,210,405,439,341
149,19694.110905743,19694.111403062,,1,GPU-bff95c83-0adb-feb7-9825-359f31b26de8,ok,39,14,1336,249.539,48,1965,9501,12988,39550
150,19695.110905743,19695.111278289,,0,GPU-42e33043-7008-2803-9ba8-9bb9ef7d0845,ok,0,0,467,31.459,51,210,405,439,390
150,19695.110905743,19695.111383069,,1,GPU-bff95c83-0adb-feb7-9825-359f31b26de8,ok,40,15,1336,254.347,48,1965,9501,5517,110546
151,19696.110905743,19696.111349676,,0,GPU-42e33043-7008-2803-9ba8-9bb9ef7d0845,ok,0,0,467,24.244,51,210,405,439,390
151,19696.110905743,19696.112072836,,1,GPU-bff95c83-0adb-feb7-9825-359f31b26de8,ok,41,16,1336,252.724,49,1965,9501,12158,33056
152,19697.110905743,19697.111282243,,0,GPU-42e33043-7008-2803-9ba8-9bb9ef7d0845,ok,0,0,467,23.499,51,210,405,439,439
152,19697.110905743,19697.111985753,,1,GPU-bff95c83-0adb-feb7-9825-359f31b26de8,ok,43,17,1336,249.732,48,1965,9501,390,292
153,19698.110905743,19698.111238359,,0,GPU-42e33043-7008-2803-9ba8-9bb9ef7d0845,ok,0,0,467,22.893,51,210,405,439,439
153,19698.110905743,19698.111288919,,1,GPU-bff95c83-0adb-feb7-9825-359f31b26de8,ok,0,0,1336,180.007,45,1965,9501,341,292
154,19699.110905743,19699.111401616,,0,GPU-42e33043-7008-2803-9ba8-9bb9ef7d0845,ok,0,0,467,22.24,51,210,405,439,488
154,19699.110905743,19699.111420306,,1,GPU-bff95c83-0adb-feb7-9825-359f31b26de8,ok,44,15,1336,173.326,46,1785,9501,12109,32324
155,19700.110905743,19700.111402153,,0,GPU-42e33043-7008-2803-9ba8-9bb9ef7d0845,ok,0,0,467,22.416,50,210,405,439,390
155,19700.110905743,19700.111370853,,1,GPU-bff95c83-0adb-feb7-9825-359f31b26de8,ok,42,17,1336,249.384,48,1965,9501,12402,29785
156,19701.110905743,19701.11130514,,0,GPU-42e33043-7008-2803-9ba8-9bb9ef7d0845,ok,0,0,467,25.572,51,210,405,439,341
156,19701.110905743,19701.11140926,,1,GPU-bff95c83-0adb-feb7-9825-359f31b26de8,ok,42,16,1336,253.984,49,1965,9501,5761,32666
157,19702.110905743,19702.111349817,,0,GPU-42e33043-7008-2803-9ba8-9bb9ef7d0845,ok,0,0,467,31.445,51,210,405,439,341
157,19702.110905743,19702.111440897,,1,GPU-bff95c83-0adb-feb7-9825-359f31b26de8,ok,40,16,1336,253.335,49,1965,9501,11474,117431
158,19703.110905743,19703.111338804,,0,GPU-42e33043-7008-2803-9ba8-9bb9ef7d0845,ok,0,0,467,24.017,51,210,405,439,341
158,19703.110905743,19703.111430424,,1,GPU-bff95c83-0adb-feb7-9825-359f31b26de8,ok,42,17,1336,253.671,49,1965,9501,12548,33593
159,19704.110905743,19704.111305171,,0,GPU-42e33043-7008-2803-9ba8-9bb9ef7d0845,ok,0,0,467,22.743,51,210,405,488,341
159,19704.110905743,19704.111388111,,1,GPU-bff95c83-0adb-feb7-9825-359f31b26de8,ok,42,16,1336,253.259,49,1965,9501,5517,111181
160,19705.110905743,19705.111336267,,0,GPU-42e33043-7008-2803-9ba8-9bb9ef7d0845,ok,0,0,467,22.186,51,210,405,439,292
160,19705.110905743,19705.111446587,,1,GPU-bff95c83-0adb-feb7-9825-359f31b26de8,ok,41,16,1336,254.315,49,1965,9501,4492,115576
161,19706.110905743,19706.111339094,,0,GPU-42e33043-7008-2803-9ba8-9bb9ef7d0845,ok,0,0,467,22.157,51,210,405,439,341
161,19706.110905743,19706.111441894,,1,GPU-bff95c83-0adb-feb7-9825-359f31b26de8,ok,38,14,1336,252.701,49,1965,9501,5566,111474
162,19707.110905743,19707.111606841,,0,GPU-42e33043-7008-2803-9ba8-9bb9ef7d0845,ok,0,0,467,22.439,51,210,405,439,341
162,19707.110905743,19707.111570771,,1,GPU-bff95c83-0adb-feb7-9825-359f31b26de8,ok,40,16,1336,252.693,49,1965,9501,11718,117968
163,19708.110905743,19708.111375388,,0,GPU-42e33043-7008-2803-9ba8-9bb9ef7d0845,ok,0,0,467,25.999,51,210,405,439,341
163,19708.110905743,19708.111400138,,1,GPU-bff95c83-0adb-feb7-9825-359f31b26de8,ok,42,16,1336,254.186,49,1965,9501,11914,32324
164,19709.110905743,19709.111685965,,0,GPU-42e33043-7008-2803-9ba8-9bb9ef7d0845,ok,0,0,467,31.294,51,210,405,439,341
164,19709.110905743,19709.111608845,,1,GPU-bff95c83-0adb-feb7-9825-359f31b26de8,ok,41,16,1336,254.266,49,1965,9501,12646,28369
165,19710.110905743,19710.111592902,,0,GPU-42e33043-7008-2803-9ba8-9bb9ef7d0845,ok,0,0,467,23.883,51,210,405,488,341
165,19710.110905743,19710.111719852,,1,GPU-bff95c83-0adb-feb7-9825-359f31b26de8,ok,41,16,1336,254.365,49,1965,9501,12890,30419
166,19711.110905743,19711.111395618,,0,GPU-42e33043-7008-2803-9ba8-9bb9ef7d0845,ok,0,0,467,22.855,51,210,405,439,341
166,19711.110905743,19711.111439488,,1,GPU-bff95c83-0adb-feb7-9825-359f31b26de8,ok,41,16,1336,253.929,49,1965,9501,5126,114550
167,19712.110905743,19712.111280735,,0,GPU-42e33043-7008-2803-9ba8-9bb9ef7d0845,ok,0,0,467,22.835,51,210,405,439,292
167,19712.110905743,19712.111398795,,1,GPU-bff95c83-0adb-feb7-9825-359f31b26de8,ok,39,16,1336,253.508,49,1965,9501,390,244
168,19713.110905743,19713.111423542,,0,GPU-42e33043-7008-2803-9ba8-9bb9ef7d0845,ok,0,0,467,22.695,51,210,405,439,341
168,19713.110905743,19713.111345012,,1,GPU-bff95c83-0adb-feb7-9825-359f31b26de8,ok,0,0,1336,189.481,46,1965,9501,341,292
169,19714.110905743,19714.111589089,,0,GPU-42e33043-7008-2803-9ba8-9bb9ef7d0845,ok,0,0,467,22.312,51,210,405,488,390
169,19714.110905743,19714.111687439,,1,GPU-bff95c83-0adb-feb7-9825-359f31b26de8,ok,53,21,1336,180.11,48,1965,9501,13916,125878
170,19715.110905743,19715.111409916,,0,GPU-42e33043-7008-2803-9ba8-9bb9ef7d0845,ok,0,0,467,23.665,51,210,405,439,390
170,19715.110905743,19715.111340186,,1,GPU-bff95c83-0adb-feb7-9825-359f31b26de8,ok,42,16,1336,277.794,49,1965,9501,12255,31835
171,19716.110905743,19716.111324203,,0,GPU-42e33043-7008-2803-9ba8-9bb9ef7d0845,ok,0,0,467,31.273,51,210,405,439,341
171,19716.110905743,19716.111451333,,1,GPU-bff95c83-0adb-feb7-9825-359f31b26de8,ok,40,16,1336,254.166,49,1965,9501,12988,28906
172,19717.110905743,19717.11165284,,0,GPU-42e33043-7008-2803-9ba8-9bb9ef7d0845,ok,0,0,467,23.447,51,210,405,439,341
172,19717.110905743,19717.111261499,,1,GPU-bff95c83-0adb-feb7-9825-359f31b26de8,ok,41,16,1336,253.968,49,1965,9501,5175,111181
173,19718.110905743,19718.111275636,,0,GPU-42e33043-7008-2803-9ba8-9bb9ef7d0845,ok,0,0,467,22.434,51,210,405,488,341
173,19718.110905743,19718.111352936,,1,GPU-bff95c83-0adb-feb7-9825-359f31b26de8,ok,41,16,1336,254.143,49,1965,9501,11914,117578
174,19719.110905743,19719.111283243,,0,GPU-42e33043-7008-2803-9ba8-9bb9ef7d0845,ok,0,0,467,22.216,51,210,405,537,390
174,19719.110905743,19719.111360423,,1,GPU-bff95c83-0adb-feb7-9825-359f31b26de8,ok,40,15,1336,254.298,49,1965,9501,12255,31982
175,19720.110905743,19720.11126206,,0,GPU-42e33043-7008-2803-9ba8-9bb9ef7d0845,ok,0,0,467,22.136,51,210,405,537,341
175,19720.110905743,19720.11133272,,1,GPU-bff95c83-0adb-feb7-9825-359f31b26de8,ok,41,16,1336,254.018,49,1965,9501,5761,110839
176,19721.110905743,19721.111370067,,0,GPU-42e33043-7008-2803-9ba8-9bb9ef7d0845,ok,0,0,467,22.215,51,210,405,439,390
176,19721.110905743,19721.111425847,,1,GPU-bff95c83-0adb-feb7-9825-359f31b26de8,ok,41,16,1336,254.815,49,1965,9501,5126,114501
177,19722.110905743,19722.111358804,,0,GPU-42e33043-7008-2803-9ba8-9bb9ef7d0845,ok,1,0,467,22.347,51,210,405,537,390
177,19722.110905743,19722.111387824,,1,GPU-bff95c83-0adb-feb7-9825-359f31b26de8,ok,41,15,1336,254.507,49,1965,9501,12011,35791
178,19723.110905743,19723.11130993,,0,GPU-42e33043-7008-2803-9ba8-9bb9ef7d0845,ok,0,0,467,33.132,52,210,405,537,390
178,19723.110905743,19723.11139708,,1,GPU-bff95c83-0adb-feb7-9825-359f31b26de8,ok,40,16,1336,252.299,49,1965,9501,5566,111279
179,19724.110905743,19724.111258437,,0,GPU-42e33043-7008-2803-9ba8-9bb9ef7d0845,ok,0,0,467,23.303,52,210,405,537,390
179,19724.110905743,19724.111342947,,1,GPU-bff95c83-0adb-feb7-9825-359f31b26de8,ok,41,16,1336,254.038,49,1965,9501,4492,114746
180,19725.110905743,19725.111275814,,0,GPU-42e33043-7008-2803-9ba8-9bb9ef7d0845,ok,0,0,467,22.254,51,210,405,537,390
180,19725.110905743,19725.111337684,,1,GPU-bff95c83-0adb-feb7-9825-359f31b26de8,ok,40,15,1336,254.255,49,1965,9501,12207,33105
181,19726.110905743,19726.111241071,,0,GPU-42e33043-7008-2803-9ba8-9bb9ef7d0845,ok,0,0,467,22.083,51,210,405,488,390
181,19726.110905743,19726.111303891,,1,GPU-bff95c83-0adb-feb7-9825-359f31b26de8,ok,40,16,1336,253.443,49,1965,9501,11425,37158
182,19727.110905743,19727.111684868,,0,GPU-42e33043-7008-2803-9ba8-9bb9ef7d0845,ok,0,0,467,22.505,51,210,405,488,341
182,19727.110905743,19727.111749088,,1,GPU-bff95c83-0adb-feb7-9825-359f31b26de8,ok,44,16,1336,251.556,49,1950,9501,439,292
183,19728.110905743,19728.111229095,,0,GPU-42e33043-7008-2803-9ba8-9bb9ef7d0845,ok,0,0,467,22.616,51,210,405,488,341
183,19728.110905743,19728.111295605,,1,GPU-bff95c83-0adb-feb7-9825-359f31b26de8,ok,0,0,1336,172.803,46,1965,9501,341,292
184,19729.110905743,19729.111416461,,0,GPU-42e33043-7008-2803-9ba8-9bb9ef7d0845,ok,0,0,467,21.948,51,210,405,439,341
184,19729.110905743,19729.111395621,,1,GPU-bff95c83-0adb-feb7-9825-359f31b26de8,ok,44,16,1336,179.393,47,1785,9501,11914,32617
185,19730.110905743,19730.111311208,,0,GPU-42e33043-7008-2803-9ba8-9bb9ef7d0845,ok,0,0,467,26.588,51,210,405,439,341
185,19730.110905743,19730.111425418,,1,GPU-bff95c83-0adb-feb7-9825-359f31b26de8,ok,39,14,1336,246.43,49,1965,9501,12255,27148
186,19731.110905743,19731.111308755,,0,GPU-42e33043-7008-2803-9ba8-9bb9ef7d0845,ok,0,0,467,31.535,51,210,405,488,341
186,19731.110905743,19731.112031695,,1,GPU-bff95c83-0adb-feb7-9825-359f31b26de8,ok,41,16,1336,252.812,49,1965,9501,11425,116601
187,19732.110905743,19732.111305582,,0,GPU-42e33043-7008-2803-9ba8-9bb9ef7d0845,ok,0,0,467,23.792,51,210,405,488,341
187,19732.110905743,19732.111365802,,1,GPU-bff95c83-0adb-feb7-9825-359f31b26de8,ok,39,16,1336,252.679,49,1965,9501,5468,109326
188,19733.110905743,19733.111372049,,0,GPU-42e33043-7008-2803-9ba8-9bb9ef7d0845,ok,0,0,467,22.561,51,210,405,439,341
188,19733.110905743,19733.111482079,,1,GPU-bff95c83-0adb-feb7-9825-359f31b26de8,ok,39,15,1336,252.828,49,1965,9501,5371,112548
189,19734.110905743,19734.111855506,,0,GPU-42e33043-7008-2803-9ba8-9bb9ef7d0845,ok,0,0,467,22.147,51,210,405,439,341
189,19734.110905743,19734.111871156,,1,GPU-bff95c83-0adb-feb7-9825-359f31b26de8,ok,41,16,1336,251.179,49,1965,9501,4833,108837
190,19735.110905743,19735.111390212,,0,GPU-42e33043-7008-2803-9ba8-9bb9ef7d0845,ok,0,0,467,22.191,51,210,405,439,341
190,19735.110905743,19735.111463003,,1,GPU-bff95c83-0adb-feb7-9825-359f31b26de8,ok,47,17,1336,254.596,50,1965,9501,12695,28125
191,19736.110905743,19736.111317479,,0,GPU-42e33043-7008-2803-9ba8-9bb9ef7d0845,ok,0,0,467,22.359,51,210,405,439,341
191,19736.110905743,19736.111428399,,1,GPU-bff95c83-0adb-feb7-9825-359f31b26de8,ok,40,15,1336,254.494,49,1965,9501,12011,31542
192,19737.110905743,19737.111257946,,0,GPU-42e33043-7008-2803-9ba8-9bb9ef7d0845,ok,0,0,467,26.126,52,210,405,439,341
192,19737.110905743,19737.111968116,,1,GPU-bff95c83-0adb-feb7-9825-359f31b26de8,ok,41,16,1336,252.463,49,1965,9501,11181,117822
193,19738.110905743,19738.111348783,,0,GPU-42e33043-7008-2803-9ba8-9bb9ef7d0845,ok,0,0,467,31.228,52,210,405,439,341
193,19738.110905743,19738.111440773,,1,GPU-bff95c83-0adb-feb7-9825-359f31b26de8,ok,42,16,1336,252.759,49,1965,9501,5273,113134
194,19739.110905743,19739.1120041,,0,GPU-42e33043-7008-2803-9ba8-9bb9ef7d0845,ok,0,0,467,23.572,52,210,405,439,341
194,19739.110905743,19739.11202434,,1,GPU-bff95c83-0adb-feb7-9825-359f31b26de8,ok,40,15,1336,253.873,49,1965,9501,12011,33544
195,19740.110905743,19740.111412837,,0,GPU-42e33043-7008-2803-9ba8-9bb9ef7d0845,ok,0,0,467,22.524,51,210,405,439,341
195,19740.110905743,19740.111441627,,1,GPU-bff95c83-0adb-feb7-9825-359f31b26de8,ok,42,16,1336,253.68,49,1965,9501,4980,113476
196,19741.110905743,19741.111402024,,0,GPU-42e33043-7008-2803-9ba8-9bb9ef7d0845,ok,0,0,467,22.306,51,210,405,439,341
196,19741.110905743,19741.111529184,,1,GPU-bff95c83-0adb-feb7-9825-359f31b26de8,ok,41,16,1336,253.481,49,1965,9501,5664,109228
197,19742.110905743,19742.11124836,,0,GPU-42e33043-7008-2803-9ba8-9bb9ef7d0845,ok,0,0,467,22.309,51,210,405,488,341
197,19742.110905743,19742.112005641,,1,GPU-bff95c83-0adb-feb7-9825-359f31b26de8,ok,41,16,1336,250.91,49,1965,9501,12158,97558
198,19743.110905743,19743.111274137,,0,GPU-42e33043-7008-2803-9ba8-9bb9ef7d0845,ok,0,0,467,22.354,51,210,405,488,341
198,19743.110905743,19743.111402267,,1,GPU-bff95c83-0adb-feb7-9825-359f31b26de8,ok,0,0,1336,197.235,46,1965,9501,439,292
199,19744.110905743,19744.111351234,,0,GPU-42e33043-7008-2803-9ba8-9bb9ef7d0845,ok,0,0,467,25.553,52,210,405,439,341
199,19744.110905743,19744.111405844,,1,GPU-bff95c83-0adb-feb7-9825-359f31b26de8,ok,38,14,1336,166.057,47,1965,9501,12109,32275
200,19745.110905743,19745.111295841,,0,GPU-42e33043-7008-2803-9ba8-9bb9ef7d0845,ok,0,0,467,31.752,52,210,405,488,341
200,19745.110905743,19745.111346081,,1,GPU-bff95c83-0adb-feb7-9825-359f31b26de8,ok,41,16,1336,239.529,49,1965,9501,11718,113964
201,19746.110905743,19746.111268708,,0,GPU-42e33043-7008-2803-9ba8-9bb9ef7d0845,ok,0,0,467,23.268,52,210,405,439,341
201,19746.110905743,19746.111357978,,1,GPU-bff95c83-0adb-feb7-9825-359f31b26de8,ok,40,16,1336,252.741,49,1965,9501,11279,115332
202,19747.110905743,19747.111267804,,0,GPU-42e33043-7008-2803-9ba8-9bb9ef7d0845,ok,0,0,467,22.33,51,210,405,439,341
202,19747.110905743,19747.111380665,,1,GPU-bff95c83-0adb-feb7-9825-359f31b26de8,ok,41,16,1336,252.532,49,1965,9501,5615,110595
203,19748.110905743,19748.111281971,,0,GPU-42e33043-7008-2803-9ba8-9bb9ef7d0845,ok,0,0,467,22.227,51,210,405,439,341
203,19748.110905743,19748.111906662,,1,GPU-bff95c83-0adb-feb7-9825-359f31b26de8,ok,40,16,1336,250.282,49,1965,9501,5419,108300
204,19749.110905743,19749.112135969,,0,GPU-42e33043-7008-2803-9ba8-9bb9ef7d0845,ok,0,0,467,22.157,51,210,405,439,341
204,19749.110905743,19749.112254019,,1,GPU-bff95c83-0adb-feb7-9825-359f31b26de8,ok,39,16,1336,251.39,50,1965,9501,5957,27880
205,19750.110905743,19750.111396425,,0,GPU-42e33043-7008-2803-9ba8-9bb9ef7d0845,ok,0,0,467,22.305,51,210,405,488,341
205,19750.110905743,19750.111467415,,1,GPU-bff95c83-0adb-feb7-9825-359f31b26de8,ok,41,16,1336,252.1,49,1965,9501,12353,29931
206,19751.110905743,19751.111468112,,0,GPU-42e33043-7008-2803-9ba8-9bb9ef7d0845,ok,0,0,467,24.756,52,210,405,439,341
206,19751.110905743,19751.111435292,,1,GPU-bff95c83-0adb-feb7-9825-359f31b26de8,ok,41,15,1336,253.421,50,1965,9501,12597,28369
207,19752.110905743,19752.111721389,,0,GPU-42e33043-7008-2803-9ba8-9bb9ef7d0845,ok,0,0,467,31.948,52,210,405,488,341
207,19752.110905743,19752.111305419,,1,GPU-bff95c83-0adb-feb7-9825-359f31b26de8,ok,41,16,1336,252.241,49,1965,9501,11914,30468
208,19753.110905743,19753.111287146,,0,GPU-42e33043-7008-2803-9ba8-9bb9ef7d0845,ok,0,0,467,24.283,52,210,405,439,341
208,19753.110905743,19753.111387006,,1,GPU-bff95c83-0adb-feb7-9825-359f31b26de8,ok,41,16,1336,252.244,50,1965,9501,12011,30322
209,19754.110905743,19754.111313942,,0,GPU-42e33043-7008-2803-9ba8-9bb9ef7d0845,ok,0,0,467,23.019,52,210,405,439,341
209,19754.110905743,19754.112023003,,1,GPU-bff95c83-0adb-feb7-9825-359f31b26de8,ok,38,14,1336,251.826,50,1965,9501,12597,26367
210,19755.110905743,19755.111373739,,0,GPU-42e33043-7008-2803-9ba8-9bb9ef7d0845,ok,0,0,467,22.486,52,210,405,439,390
210,19755.110905743,19755.11208918,,1,GPU-bff95c83-0adb-feb7-9825-359f31b26de8,ok,39,16,1336,251.416,50,1965,9501,11523,116259
211,19756.110905743,19756.111461986,,0,GPU-42e33043-7008-2803-9ba8-9bb9ef7d0845,ok,0,0,467,22.465,52,210,405,488,390
211,19756.110905743,19756.111403516,,1,GPU-bff95c83-0adb-feb7-9825-359f31b26de8,ok,42,16,1336,254.375,50,1965,9501,5419,113183
212,19757.110905743,19757.111484193,,0,GPU-42e33043-7008-2803-9ba8-9bb9ef7d0845,ok,0,0,467,23.477,52,210,405,439,341
212,19757.110905743,19757.111510533,,1,GPU-bff95c83-0adb-feb7-9825-359f31b26de8,ok,40,16,1336,252.77,50,1965,9501,12744,26367
213,19758.110905743,19758.11147314,,0,GPU-42e33043-7008-2803-9ba8-9bb9ef7d0845,ok,0,0,467,23.893,52,210,405,439,341
213,19758.110905743,19758.1114416,,1,GPU-bff95c83-0adb-feb7-9825-359f31b26de8,ok,0,0,1336,229.897,47,1965,9501,439,292
214,19759.110905743,19759.111413517,,0,GPU-42e33043-7008-2803-9ba8-9bb9ef7d0845,ok,0,0,467,31.688,52,210,405,439,341
214,19759.110905743,19759.111321327,,1,GPU-bff95c83-0adb-feb7-9825-359f31b26de8,ok,0,0,1336,155.592,46,1965,9501,5078,110302
215,19760.110905743,19760.111297223,,0,GPU-42e33043-7008-2803-9ba8-9bb9ef7d0845,ok,0,0,467,23.492,52,210,405,439,341
215,19760.110905743,19760.111362683,,1,GPU-bff95c83-0adb-feb7-9825-359f31b26de8,ok,42,16,1336,214.682,49,1965,9501,5664,107128
216,19761.110905743,19761.11125772,,0,GPU-42e33043-7008-2803-9ba8-9bb9ef7d0845,ok,0,0,467,22.401,52,210,405,439,341
216,19761.110905743,19761.1113318,,1,GPU-bff95c83-0adb-feb7-9825-359f31b26de8,ok,41,16,1336,255.231,49,1965,9501,12402,116406
217,19762.110905743,19762.111795117,,0,GPU-42e33043-7008-2803-9ba8-9bb9ef7d0845,ok,0,0,467,22.074,52,210,405,488,292
217,19762.110905743,19762.111777277,,1,GPU-bff95c83-0adb-feb7-9825-359f31b26de8,ok,41,16,1336,253.448,49,1965,9501,12792,26220
218,19763.110905743,19763.111348564,,0,GPU-42e33043-7008-2803-9ba8-9bb9ef7d0845,ok,0,0,467,22.0,52,210,405,439,341
218,19763.110905743,19763.111424784,,1,GPU-bff95c83-0adb-feb7-9825-359f31b26de8,ok,41,16,1336,252.861,50,1965,9501,12060,33056
219,19764.110905743,19764.111308891,,0,GPU-42e33043-7008-2803-9ba8-9bb9ef7d0845,ok,0,0,467,22.275,52,210,405,439,341
219,19764.110905743,19764.111378181,,1,GPU-bff95c83-0adb-feb7-9825-359f31b26de8,ok,40,16,1336,253.552,50,1950,9501,12353,32324
220,19765.110905743,19765.111391278,,0,GPU-42e33043-7008-2803-9ba8-9bb9ef7d0845,ok,1,0,467,22.493,52,210,405,439,341
220,19765.110905743,19765.111417768,,1,GPU-bff95c83-0adb-feb7-9825-359f31b26de8,ok,42,16,1336,249.6,50,1965,9501,5664,113232
221,19766.110905743,19766.111402924,,0,GPU-42e33043-7008-2803-9ba8-9bb9ef7d0845,ok,0,0,467,31.722,52,210,405,439,341
221,19766.110905743,19766.111324964,,1,GPU-bff95c83-0adb-feb7-9825-359f31b26de8,ok,41,16,1336,254.712,50,1965,9501,12011,35986
222,19767.110905743,19767.111312351,,0,GPU-42e33043-7008-2803-9ba8-9bb9ef7d0845,ok,0,0,467,23.558,52,210,405,390,341
222,19767.110905743,19767.111996852,,1,GPU-bff95c83-0adb-feb7-9825-359f31b26de8,ok,71,27,1336,262.73,51,1965,9501,16357,140625
223,19768.110905743,19768.111308348,,0,GPU-42e33043-7008-2803-9ba8-9bb9ef7d0845,ok,0,0,467,22.296,52,210,405,488,341
223,19768.110905743,19768.111379208,,1,GPU-bff95c83-0adb-feb7-9825-359f31b26de8,ok,69,27,1336,323.689,52,1980,9501,16503,140869
224,19769.110905743,19769.111228135,,0,GPU-42e33043-7008-2803-9ba8-9bb9ef7d0845,ok,0,0,467,21.895,52,210,405,439,341
224,19769.110905743,19769.111310925,,1,GPU-bff95c83-0adb-feb7-9825-359f31b26de8,ok,69,27,1336,324.472,52,1980,9501,16406,140625
225,19770.110905743,19770.111665942,,0,GPU-42e33043-7008-2803-9ba8-9bb9ef7d0845,ok,0,0,467,21.934,52,210,405,439,341
225,19770.110905743,19770.111751682,,1,GPU-bff95c83-0adb-feb7-9825-359f31b26de8,ok,69,27,1336,324.711,52,1980,9501,17333,150878
226,19771.110905743,19771.111256909,,0,GPU-42e33043-7008-2803-9ba8-9bb9ef7d0845,ok,0,0,467,22.089,52,210,405,439,341
226,19771.110905743,19771.111956959,,1,GPU-bff95c83-0adb-feb7-9825-359f31b26de8,ok,0,0,1336,231.086,47,1980,9501,439,292
227,19772.110905743,19772.111315435,,0,GPU-42e33043-7008-2803-9ba8-9bb9ef7d0845,ok,0,0,467,22.028,52,210,405,439,341
227,19772.110905743,19772.111417925,,1,GPU-bff95c83-0adb-feb7-9825-359f31b26de8,ok,39,15,1336,165.676,48,1950,9501,12011,29736
228,19773.110905743,19773.111719082,,0,GPU-42e33043-7008-2803-9ba8-9bb9ef7d0845,ok,0,0,467,26.861,53,210,405,439,341
228,19773.110905743,19773.111813702,,1,GPU-bff95c83-0adb-feb7-9825-359f31b26de8,ok,69,27,1336,284.005,52,1950,9501,16650,57177
229,19774.110905743,19774.111358629,,0,GPU-42e33043-7008-2803-9ba8-9bb9ef7d0845,ok,0,0,467,31.873,53,210,405,439,341
229,19774.110905743,19774.112066409,,1,GPU-bff95c83-0adb-feb7-9825-359f31b26de8,ok,69,27,1336,322.976,52,1980,9501,16210,139208
230,19775.110905743,19775.111726746,,0,GPU-42e33043-7008-2803-9ba8-9bb9ef7d0845,ok,0,0,467,23.838,53,210,405,439,341
230,19775.110905743,19775.112438186,,1,GPU-bff95c83-0adb-feb7-9825-359f31b26de8,ok,71,27,1336,322.656,52,1980,9501,16455,139257
231,19776.110905743,19776.111418863,,0,GPU-42e33043-7008-2803-9ba8-9bb9ef7d0845,ok,0,0,467,22.46,52,210,405,439,341
231,19776.110905743,19776.111491293,,1,GPU-bff95c83-0adb-feb7-9825-359f31b26de8,ok,69,27,1336,323.545,52,1980,9501,16357,139990
232,19777.110905743,19777.11166891,,0,GPU-42e33043-7008-2803-9ba8-9bb9ef7d0845,ok,0,0,467,21.857,52,210,405,488,341
232,19777.110905743,19777.1117966,,1,GPU-bff95c83-0adb-feb7-9825-359f31b26de8,ok,69,27,1336,322.061,52,1980,9501,16308,138964
233,19778.110905743,19778.111368536,,0,GPU-42e33043-7008-2803-9ba8-9bb9ef7d0845,ok,0,0,467,21.932,52,210,405,439,341
233,19778.110905743,19778.111495317,,1,GPU-bff95c83-0adb-feb7-9825-359f31b26de8,ok,68,27,1336,321.945,52,1980,9501,16308,138574
234,19779.110905743,19779.111363803,,0,GPU-42e33043-7008-2803-9ba8-9bb9ef7d0845,ok,0,0,467,22.2,52,210,405,439,341
234,19779.110905743,19779.112007764,,1,GPU-bff95c83-0adb-feb7-9825-359f31b26de8,ok,69,27,1336,322.123,53,1980,9501,16357,139843
235,19780.110905743,19780.1113314,,0,GPU-42e33043-7008-2803-9ba8-9bb9ef7d0845,ok,0,0,467,25.926,53,210,405,439,341
235,19780.110905743,19780.11142728,,1,GPU-bff95c83-0adb-feb7-9825-359f31b26de8,ok,69,27,1336,323.572,53,1980,9501,390,292
236,19781.110905743,19781.111398997,,0,GPU-42e33043-7008-2803-9ba8-9bb9ef7d0845,ok,0,0,467,31.207,53,210,405,439,341
236,19781.110905743,19781.111443207,,1,GPU-bff95c83-0adb-feb7-9825-359f31b26de8,ok,0,0,1336,199.693,47,1980,9501,390,292
237,19782.110905743,19782.111815704,,0,GPU-42e33043-7008-2803-9ba8-9bb9ef7d0845,ok,0,0,467,23.771,53,210,405,439,341
237,19782.110905743,19782.111866894,,1,GPU-bff95c83-0adb-feb7-9825-359f31b26de8,ok,42,16,1336,186.311,49,1950,9501,12011,32177
238,19783.110905743,19783.111450721,,0,GPU-42e33043-7008-2803-9ba8-9bb9ef7d0845,ok,0,0,467,22.54,52,210,405,439,341
238,19783.110905743,19783.111380911,,1,GPU-bff95c83-0adb-feb7-9825-359f31b26de8,ok,40,15,1336,253.386,50,1950,9501,12109,113476
239,19784.110905743,19784.111341757,,0,GPU-42e33043-7008-2803-9ba8-9bb9ef7d0845,ok,0,0,467,22.148,52,210,405,439,341
239,19784.110905743,19784.111393018,,1,GPU-bff95c83-0adb-feb7-9825-359f31b26de8,ok,40,16,1336,252.261,50,1950,9501,5273,112744
240,19785.110905743,19785.111540734,,0,GPU-42e33043-7008-2803-9ba8-9bb9ef7d0845,ok,0,0,467,22.21,52,210,405,488,341
240,19785.110905743,19785.111460334,,1,GPU-bff95c83-0adb-feb7-9825-359f31b26de8,ok,40,16,1336,251.923,50,1950,9501,12500,30175
241,19786.110905743,19786.111527101,,0,GPU-42e33043-7008-2803-9ba8-9bb9ef7d0845,ok,0,0,467,22.434,52,210,405,439,390
241,19786.110905743,19786.111454641,,1,GPU-bff95c83-0adb-feb7-9825-359f31b26de8,ok,39,15,1336,251.479,50,1950,9501,11669,117138
242,19787.110905743,19787.111432438,,0,GPU-42e33043-7008-2803-9ba8-9bb9ef7d0845,ok,0,0,467,25.566,53,210,405,439,341
242,19787.110905743,19787.111504128,,1,GPU-bff95c83-0adb-feb7-9825-359f31b26de8,ok,40,15,1336,250.904,50,1950,9501,11865,115771
243,19788.110905743,19788.111383785,,0,GPU-42e33043-7008-2803-9ba8-9bb9ef7d0845,ok,0,0,467,31.783,53,210,405,439,341
243,19788.110905743,19788.111451615,,1,GPU-bff95c83-0adb-feb7-9825-359f31b26de8,ok,39,15,1336,250.786,50,1950,9501,12548,27929
244,19789.110905743,19789.111532652,,0,GPU-42e33043-7008-2803-9ba8-9bb9ef7d0845,ok,0,0,467,23.753,53,210,405,439,341
244,19789.110905743,19789.111588402,,1,GPU-bff95c83-0adb-feb7-9825-359f31b26de8,ok,40,16,1336,247.408,50,1950,9501,4150,114160
245,19790.110905743,19790.111481539,,0,GPU-42e33043-7008-2803-9ba8-9bb9ef7d0845,ok,0,0,467,22.642,52,210,405,439,341
245,19790.110905743,19790.111403579,,1,GPU-bff95c83-0adb-feb7-9825-359f31b26de8,ok,40,16,1336,250.955,50,1950,9501,5126,110449
246,19791.110905743,19791.111517995,,0,GPU-42e33043-7008-2803-9ba8-9bb9ef7d0845,ok,0,0,467,22.423,52,210,405,488,292
246,19791.110905743,19791.111484795,,1,GPU-bff95c83-0adb-feb7-9825-359f31b26de8,ok,40,16,1336,251.882,50,1950,9501,11474,36572
247,19792.110905743,19792.111363532,,0,GPU-42e33043-7008-2803-9ba8-9bb9ef7d0845,ok,0,0,467,22.402,52,210,405,439,341
247,19792.110905743,19792.112071763,,1,GPU-bff95c83-0adb-feb7-9825-359f31b26de8,ok,40,15,1336,252.568,50,1950,9501,4785,112304
248,19793.110905743,19793.111379839,,0,GPU-42e33043-7008-2803-9ba8-9bb9ef7d0845,ok,0,0,467,22.404,52,210,405,439,341
248,19793.110905743,19793.111440909,,1,GPU-bff95c83-0adb-feb7-9825-359f31b26de8,ok,40,15,1336,251.652,50,1950,9501,4785,114160
249,19794.110905743,19794.111386546,,0,GPU-42e33043-7008-2803-9ba8-9bb9ef7d0845,ok,0,0,467,24.796,53,210,405,439,341
249,19794.110905743,19794.111454106,,1,GPU-bff95c83-0adb-feb7-9825-359f31b26de8,ok,41,16,1336,252.026,50,1950,9501,6005,25341
250,19795.110905743,19795.111382203,,0,GPU-42e33043-7008-2803-9ba8-9bb9ef7d0845,ok,0,0,467,31.949,53,210,405,439,341
250,19795.110905743,19795.111999723,,1,GPU-bff95c83-0adb-feb7-9825-359f31b26de8,ok,39,14,1336,250.927,50,1950,9501,5126,114990
251,19796.110905743,19796.11130315,,0,GPU-42e33043-7008-2803-9ba8-9bb9ef7d0845,ok,0,0,467,23.367,53,210,405,439,341
251,19796.110905743,19796.1113721,,1,GPU-bff95c83-0adb-feb7-9825-359f31b26de8,ok,0,0,1336,208.914,47,1950,9501,390,292
252,19797.110905743,19797.111528516,,0,GPU-42e33043-7008-2803-9ba8-9bb9ef7d0845,ok,0,0,467,22.237,53,210,405,488,341
252,19797.110905743,19797.111452826,,1,GPU-bff95c83-0adb-feb7-9825-359f31b26de8,ok,0,0,1336,174.127,47,1950,9501,5078,110449
253,19798.110905743,19798.111391353,,0,GPU-42e33043-7008-2803-9ba8-9bb9ef7d0845,ok,0,0,467,21.957,53,210,405,488,341
253,19798.110905743,19798.111405923,,1,GPU-bff95c83-0adb-feb7-9825-359f31b26de8,ok,41,16,1336,201.205,50,1950,9501,5810,31738
254,19799.110905743,19799.11136062,,0,GPU-42e33043-7008-2803-9ba8-9bb9ef7d0845,ok,0,0,467,22.101,53,210,405,488,341
254,19799.110905743,19799.11132912,,1,GPU-bff95c83-0adb-feb7-9825-359f31b26de8,ok,40,16,1336,252.118,50,1950,9501,12207,34570
255,19800.110905743,19800.111267247,,0,GPU-42e33043-7008-2803-9ba8-9bb9ef7d0845,ok,0,0,467,22.453,53,210,405,488,292
255,19800.110905743,19800.111345057,,1,GPU-bff95c83-0adb-feb7-9825-359f31b26de8,ok,40,15,1336,252.682,50,1950,9501,5615,110546
256,19801.110905743,19801.111606564,,0,GPU-42e33043-7008-2803-9ba8-9bb9ef7d0845,ok,0,0,467,23.548,53,210,405,488,341
256,19801.110905743,19801.112287054,,1,GPU-bff95c83-0adb-feb7-9825-359f31b26de8,ok,46,19,1336,254.825,50,1950,9501,12011,33007
257,19802.110905743,19802.111380311,,0,GPU-42e33043-7008-2803-9ba8-9bb9ef7d0845,ok,0,0,467,32.267,53,210,405,439,341
257,19802.110905743,19802.111475191,,1,GPU-bff95c83-0adb-feb7-9825-359f31b26de8,ok,41,15,1336,255.292,50,1950,9501,5566,113525
258,19803.110905743,19803.111593568,,0,GPU-42e33043-7008-2803-9ba8-9bb9ef7d0845,ok,0,0,467,23.952,53,210,405,439,341
258,19803.110905743,19803.111385337,,1,GPU-bff95c83-0adb-feb7-9825-359f31b26de8,ok,42,16,1336,252.461,50,1950,9501,12011,29687
259,19804.110905743,19804.111410244,,0,GPU-42e33043-7008-2803-9ba8-9bb9ef7d0845,ok,0,0,467,22.632,53,210,405,439,341
259,19804.110905743,19804.111396914,,1,GPU-bff95c83-0adb-feb7-9825-359f31b26de8,ok,40,15,1336,252.749,50,1950,9501,4589,115380
260,19805.110905743,19805.111399451,,0,GPU-42e33043-7008-2803-9ba8-9bb9ef7d0845,ok,0,0,467,22.21,53,210,405,439,341
260,19805.110905743,19805.111483261,,1,GPU-bff95c83-0adb-feb7-9825-359f31b26de8,ok,41,16,1336,251.462,50,1950,9501,12353,27734
261,19806.110905743,19806.111395528,,0,GPU-42e33043-7008-2803-9ba8-9bb9ef7d0845,ok,0,0,467,22.333,53,210,405,439,341
261,19806.110905743,19806.111467378,,1,GPU-bff95c83-0adb-feb7-9825-359f31b26de8,ok,39,15,1336,251.925,50,1950,9501,11767,35058
262,19807.110905743,19807.111489455,,0,GPU-42e33043-7008-2803-9ba8-9bb9ef7d0845,ok,0,0,467,22.489,53,210,405,439,341
262,19807.110905743,19807.112187565,,1,GPU-bff95c83-0adb-feb7-9825-359f31b26de8,ok,41,16,1336,251.988,50,1950,9501,5078,111962
263,19808.110905743,19808.111392622,,0,GPU-42e33043-7008-2803-9ba8-9bb9ef7d0845,ok,0,0,467,22.652,53,210,405,488,341
263,19808.110905743,19808.111506312,,1,GPU-bff95c83-0adb-feb7-9825-359f31b26de8,ok,41,16,1336,251.731,50,1950,9501,5566,110937
264,19809.110905743,19809.111591359,,0,GPU-42e33043-7008-2803-9ba8-9bb9ef7d0845,ok,0,0,467,31.826,54,210,405,488,341
264,19809.110905743,19809.112293699,,1,GPU-bff95c83-0adb-feb7-9825-359f31b26de8,ok,41,16,1336,252.152,50,1950,9501,12695,28369
265,19810.110905743,19810.111620425,,0,GPU-42e33043-7008-2803-9ba8-9bb9ef7d0845,ok,0,0,467,23.968,54,210,405,439,341
265,19810.110905743,19810.111727725,,1,GPU-bff95c83-0adb-feb7-9825-359f31b26de8,ok,41,16,1336,251.639,50,1950,9501,5761,30957
266,19811.110905743,19811.111297112,,0,GPU-42e33043-7008-2803-9ba8-9bb9ef7d0845,ok,0,0,467,22.736,53,210,405,439,341
266,19811.110905743,19811.111383342,,1,GPU-bff95c83-0adb-feb7-9825-359f31b26de8,ok,0,0,1336,236.486,48,1950,9501,341,292
267,19812.110905743,19812.111331249,,0,GPU-42e33043-7008-2803-9ba8-9bb9ef7d0845,ok,0,0,467,22.233,53,210,405,439,341
267,19812.110905743,19812.111409429,,1,GPU-bff95c83-0adb-feb7-9825-359f31b26de8,ok,0,0,1336,174.579,47,1950,9501,341,292
268,19813.110905743,19813.111239006,,0,GPU-42e33043-7008-2803-9ba8-9bb9ef7d0845,ok,0,0,467,22.145,53,210,405,439,341
268,19813.110905743,19813.111317816,,1,GPU-bff95c83-0adb-feb7-9825-359f31b26de8,ok,43,18,1336,207.126,50,1950,9501,4931,115478
269,19814.110905743,19814.111410503,,0,GPU-42e33043-7008-2803-9ba8-9bb9ef7d0845,ok,0,0,467,22.485,53,210,405,439,341
269,19814.110905743,19814.111360873,,1,GPU-bff95c83-0adb-feb7-9825-359f31b26de8,ok,44,17,1336,257.598,50,1950,9501,11669,38916
270,19815.110905743,19815.111344959,,0,GPU-42e33043-7008-2803-9ba8-9bb9ef7d0845,ok,0,0,467,22.482,53,210,405,439,341
270,19815.110905743,19815.111422939,,1,GPU-bff95c83-0adb-feb7-9825-359f31b26de8,ok,39,16,1336,256.24,50,1950,9501,10986,119238
271,19816.110905743,19816.111379126,,0,GPU-42e33043-7008-2803-9ba8-9bb9ef7d0845,ok,0,0,467,27.109,54,210,405,439,341
271,19816.110905743,19816.111347506,,1,GPU-bff95c83-0adb-feb7-9825-359f31b26de8,ok,40,15,1336,253.212,50,1950,9501,12988,29882
272,19817.110905743,19817.111244103,,0,GPU-42e33043-7008-2803-9ba8-9bb9ef7d0845,ok,0,0,467,32.244,54,210,405,439,341
272,19817.110905743,19817.111318633,,1,GPU-bff95c83-0adb-feb7-9825-359f31b26de8,ok,40,15,1336,251.184,50,1950,9501,5468,107568
273,19818.110905743,19818.11127412,,0,GPU-42e33043-7008-2803-9ba8-9bb9ef7d0845,ok,0,0,467,23.471,54,210,405,488,341
273,19818.110905743,19818.11197569,,1,GPU-bff95c83-0adb-feb7-9825-359f31b26de8,ok,40,16,1336,250.896,50,1950,9501,11621,117822
274,19819.110905743,19819.111574787,,0,GPU-42e33043-7008-2803-9ba8-9bb9ef7d0845,ok,0,0,467,22.467,53,210,405,488,341
274,19819.110905743,19819.111525077,,1,GPU-bff95c83-0adb-feb7-9825-359f31b26de8,ok,44,17,1336,256.301,50,1950,9501,12255,32714
275,19820.110905743,19820.111328884,,0,GPU-42e33043-7008-2803-9ba8-9bb9ef7d0845,ok,0,0,467,22.378,53,210,405,488,341
275,19820.110905743,19820.111429614,,1,GPU-bff95c83-0adb-feb7-9825-359f31b26de8,ok,43,17,1336,256.642,50,1950,9501,5322,112207
276,19821.110905743,19821.11127742,,0,GPU-42e33043-7008-2803-9ba8-9bb9ef7d0845,ok,0,0,467,22.389,53,210,405,439,341
276,19821.110905743,19821.1113757,,1,GPU-bff95c83-0adb-feb7-9825-359f31b26de8,ok,44,17,1336,256.429,50,1950,9501,12451,32519
277,19822.110905743,19822.111424677,,0,GPU-42e33043-7008-2803-9ba8-9bb9ef7d0845,ok,0,0,467,22.566,53,210,405,439,390
277,19822.110905743,19822.111309037,,1,GPU-bff95c83-0adb-feb7-9825-359f31b26de8,ok,42,16,1336,256.1,50,1950,9501,11718,32617
278,19823.110905743,19823.111786684,,0,GPU-42e33043-7008-2803-9ba8-9bb9ef7d0845,ok,0,0,467,26.445,54,210,405,439,341
278,19823.110905743,19823.111822134,,1,GPU-bff95c83-0adb-feb7-9825-359f31b26de8,ok,41,16,1336,253.3,50,1950,9501,5810,25195
279,19824.110905743,19824.111250301,,0,GPU-42e33043-7008-2803-9ba8-9bb9ef7d0845,ok,0,0,467,32.364,54,210,405,439,341
279,19824.110905743,19824.111313231,,1,GPU-bff95c83-0adb-feb7-9825-359f31b26de8,ok,41,15,1336,251.234,50,1950,9501,12744,28662
280,19825.110905743,19825.111235128,,0,GPU-42e33043-7008-2803-9ba8-9bb9ef7d0845,ok,0,0,467,24.417,54,210,405,439,341
280,19825.110905743,19825.111302238,,1,GPU-bff95c83-0adb-feb7-9825-359f31b26de8,ok,38,13,1336,249.815,50,1950,9501,5322,112744
281,19826.110905743,19826.111269315,,0,GPU-42e33043-7008-2803-9ba8-9bb9ef7d0845,ok,0,0,467,23.043,53,210,405,439,341
281,19826.110905743,19826.111299825,,1,GPU-bff95c83-0adb-feb7-9825-359f31b26de8,ok,0,0,1336,238.638,48,1950,9501,390,292
282,19827.110905743,19827.111378471,,0,GPU-42e33043-7008-2803-9ba8-9bb9ef7d0845,ok,0,0,467,22.379,53,210,405,439,341
282,19827.110905743,19827.111471682,,1,GPU-bff95c83-0adb-feb7-9825-359f31b26de8,ok,0,0,1336,169.658,47,1950,9501,390,244
283,19828.110905743,19828.111265468,,0,GPU-42e33043-7008-2803-9ba8-9bb9ef7d0845,ok,0,0,467,22.219,53,210,405,439,292
283,19828.110905743,19828.111939089,,1,GPU-bff95c83-0adb-feb7-9825-359f31b26de8,ok,42,16,1336,208.624,50,1950,9501,11328,116943
284,19829.110905743,19829.111303765,,0,GPU-42e33043-7008-2803-9ba8-9bb9ef7d0845,ok,0,0,467,22.401,53,210,405,390,341
284,19829.110905743,19829.111413045,,1,GPU-bff95c83-0adb-feb7-9825-359f31b26de8,ok,40,16,1336,252.31,50,1950,9501,4736,113037
285,19830.110905743,19830.111239222,,0,GPU-42e33043-7008-2803-9ba8-9bb9ef7d0845,ok,0,0,467,25.678,54,210,405,439,341
285,19830.110905743,19830.111310702,,1,GPU-bff95c83-0adb-feb7-9825-359f31b26de8,ok,41,16,1336,251.947,50,1950,9501,5273,111035
286,19831.110905743,19831.111202529,,0,GPU-42e33043-7008-2803-9ba8-9bb9ef7d0845,ok,0,0,467,31.947,54,210,405,488,390
286,19831.110905743,19831.111254349,,1,GPU-bff95c83-0adb-feb7-9825-359f31b26de8,ok,40,15,1336,251.423,50,1950,9501,12060,32080
287,19832.110905743,19832.111301766,,0,GPU-42e33043-7008-2803-9ba8-9bb9ef7d0845,ok,0,0,467,23.87,54,210,405,439,341
287,19832.110905743,19832.111406356,,1,GPU-bff95c83-0adb-feb7-9825-359f31b26de8,ok,40,16,1336,252.538,50,1950,9501,11328,117236
288,19833.110905743,19833.111623493,,0,GPU-42e33043-7008-2803-9ba8-9bb9ef7d0845,ok,0,0,467,22.753,53,210,405,439,341
288,19833.110905743,19833.111671743,,1,GPU-bff95c83-0adb-feb7-9825-359f31b26de8,ok,40,16,1336,252.686,50,1950,9501,5126,109228
289,19834.110905743,19834.11173633,,0,GPU-42e33043-7008-2803-9ba8-9bb9ef7d0845,ok,0,0,467,22.497,53,210,405,439,341
289,19834.110905743,19834.11178158,,1,GPU-bff95c83-0adb-feb7-9825-359f31b26de8,ok,40,15,1336,251.082,50,1950,9501,5517,111083
290,19835.110905743,19835.111337956,,0,GPU-42e33043-7008-2803-9ba8-9bb9ef7d0845,ok,0,0,467,22.628,53,210,405,439,341
290,19835.110905743,19835.111429496,,1,GPU-bff95c83-0adb-feb7-9825-359f31b26de8,ok,41,16,1336,250.852,50,1950,9501,5517,110205
291,19836.110905743,19836.111360783,,0,GPU-42e33043-7008-2803-9ba8-9bb9ef7d0845,ok,0,0,467,22.888,53,210,405,439,341
291,19836.110905743,19836.111346273,,1,GPU-bff95c83-0adb-feb7-9825-359f31b26de8,ok,41,16,1336,250.438,50,1950,9501,12744,27978
292,19837.110905743,19837.11126805,,0,GPU-42e33043-7008-2803-9ba8-9bb9ef7d0845,ok,0,0,467,25.084,54,210,405,439,341
292,19837.110905743,19837.11196066,,1,GPU-bff95c83-0adb-feb7-9825-359f31b26de8,ok,41,16,1336,252.107,50,1950,9501,11572,33007
293,19838.110905743,19838.111254277,,0,GPU-42e33043-7008-2803-9ba8-9bb9ef7d0845,ok,0,0,467,32.324,54,210,405,439,341
293,19838.110905743,19838.111334607,,1,GPU-bff95c83-0adb-feb7-9825-359f31b26de8,ok,40,16,1336,252.343,50,1950,9501,11669,116503
294,19839.110905743,19839.111237733,,0,GPU-42e33043-7008-2803-9ba8-9bb9ef7d0845,ok,0,0,467,23.862,54,210,405,439,341
294,19839.110905743,19839.111299483,,1,GPU-bff95c83-0adb-feb7-9825-359f31b26de8,ok,40,16,1336,252.712,50,1950,9501,5517,110107
295,19840.110905743,19840.1112349,,0,GPU-42e33043-7008-2803-9ba8-9bb9ef7d0845,ok,0,0,467,22.696,54,210,405,439,341
295,19840.110905743,19840.111925411,,1,GPU-bff95c83-0adb-feb7-9825-359f31b26de8,ok,40,15,1336,252.135,50,1950,9501,12060,33105
296,19841.110905743,19841.111697557,,0,GPU-42e33043-7008-2803-9ba8-9bb9ef7d0845,ok,0,0,467,22.415,54,210,405,439,341
296,19841.110905743,19841.111745667,,1,GPU-bff95c83-0adb-feb7-9825-359f31b26de8,ok,43,16,1336,252.586,51,1950,9501,341,292
297,19842.110905743,19842.111392964,,0,GPU-42e33043-7008-2803-9ba8-9bb9ef7d0845,ok,0,0,467,22.401,54,210,405,439,341
297,19842.110905743,19842.111480024,,1,GPU-bff95c83-0adb-feb7-9825-359f31b26de8,ok,0,0,1336,176.94,47,1950,9501,390,292
298,19843.110905743,19843.111760521,,0,GPU-42e33043-7008-2803-9ba8-9bb9ef7d0845,ok,0,0,467,22.381,54,210,405,439,341
298,19843.110905743,19843.112500821,,1,GPU-bff95c83-0adb-feb7-9825-359f31b26de8,ok,44,16,1336,174.056,48,1920,9501,11865,32421
299,19844.110905743,19844.111350708,,0,GPU-42e33043-7008-2803-9ba8-9bb9ef7d0845,ok,0,0,467,23.496,54,210,405,439,390
299,19844.110905743,19844.111530568,,1,GPU-bff95c83-0adb-feb7-9825-359f31b26de8,ok,40,16,1336,245.533,50,1950,9501,4638,113085
300,19845.110905743,19845.111499595,,0,GPU-42e33043-7008-2803-9ba8-9bb9ef7d0845,ok,0,0,467,32.328,54,210,405,439,341
300,19845.110905743,19845.111555645,,1,GPU-bff95c83-0adb-feb7-9825-359f31b26de8,ok,39,16,1336,251.752,50,1950,9501,11474,32275
301,19846.110905743,19846.111629322,,0,GPU-42e33043-7008-2803-9ba8-9bb9ef7d0845,ok,0,0,467,24.458,54,210,405,439,341
301,19846.110905743,19846.111548211,,1,GPU-bff95c83-0adb-feb7-9825-359f31b26de8,ok,40,16,1336,250.778,50,1950,9501,11523,33837
302,19847.110905743,19847.111980779,,0,GPU-42e33043-7008-2803-9ba8-9bb9ef7d0845,ok,0,0,467,22.981,54,210,405,488,341
302,19847.110905743,19847.112066679,,1,GPU-bff95c83-0adb-feb7-9825-359f31b26de8,ok,69,27,1336,279.718,53,1980,9501,16308,140185
303,19848.110905743,19848.111566395,,0,GPU-42e33043-7008-2803-9ba8-9bb9ef7d0845,ok,0,0,467,22.196,54,210,405,439,341
303,19848.110905743,19848.111622705,,1,GPU-bff95c83-0adb-feb7-9825-359f31b26de8,ok,69,27,1336,322.703,53,1980,9501,21533,139306
304,19849.110905743,19849.111456012,,0,GPU-42e33043-7008-2803-9ba8-9bb9ef7d0845,ok,0,0,467,22.07,54,210,405,439,341
304,19849.110905743,19849.111528812,,1,GPU-bff95c83-0adb-feb7-9825-359f31b26de8,ok,69,27,1336,322.935,53,1980,9501,16308,139843
305,19850.110905743,19850.111381209,,0,GPU-42e33043-7008-2803-9ba8-9bb9ef7d0845,ok,0,0,467,22.241,54,210,405,439,341
305,19850.110905743,19850.111480149,,1,GPU-bff95c83-0adb-feb7-9825-359f31b26de8,ok,69,27,1336,322.649,53,1980,9501,15966,140136
306,19851.110905743,19851.111370286,,0,GPU-42e33043-7008-2803-9ba8-9bb9ef7d0845,ok,0,0,467,22.522,54,210,405,439,341
306,19851.110905743,19851.111479096,,1,GPU-bff95c83-0adb-feb7-9825-359f31b26de8,ok,68,27,1336,322.634,53,1980,9501,16845,133544
307,19852.110905743,19852.111359322,,0,GPU-42e33043-7008-2803-9ba8-9bb9ef7d0845,ok,0,0,467,31.803,55,210,405,439,341
307,19852.110905743,19852.112067523,,1,GPU-bff95c83-0adb-feb7-9825-359f31b26de8,ok,69,27,1336,323.557,53,1980,9501,17871,147363
308,19853.110905743,19853.111387479,,0,GPU-42e33043-7008-2803-9ba8-9bb9ef7d0845,ok,0,0,467,23.964,55,210,405,439,341
308,19853.110905743,19853.111498729,,1,GPU-bff95c83-0adb-feb7-9825-359f31b26de8,ok,0,0,1336,228.513,48,1980,9501,390,292
309,19854.110905743,19854.111829146,,0,GPU-42e33043-7008-2803-9ba8-9bb9ef7d0845,ok,0,0,467,22.668,54,210,405,439,341
309,19854.110905743,19854.111701026,,1,GPU-bff95c83-0adb-feb7-9825-359f31b26de8,ok,38,15,1336,164.987,49,1980,9501,11962,112451
310,19855.110905743,19855.111453423,,0,GPU-42e33043-7008-2803-9ba8-9bb9ef7d0845,ok,0,0,467,22.352,54,210,405,488,341
310,19855.110905743,19855.111500633,,1,GPU-bff95c83-0adb-feb7-9825-359f31b26de8,ok,39,16,1336,245.787,50,1980,9501,5224,112695
311,19856.110905743,19856.11126968,,0,GPU-42e33043-7008-2803-9ba8-9bb9ef7d0845,ok,0,0,467,22.497,54,210,405,488,341
311,19856.110905743,19856.11136919,,1,GPU-bff95c83-0adb-feb7-9825-359f31b26de8,ok,39,16,1336,251.806,51,1980,9501,5566,108691
312,19857.110905743,19857.111345567,,0,GPU-42e33043-7008-2803-9ba8-9bb9ef7d0845,ok,0,0,467,22.644,54,210,405,439,341
312,19857.110905743,19857.111393197,,1,GPU-bff95c83-0adb-feb7-9825-359f31b26de8,ok,40,15,1336,252.962,51,1980,9501,12304,28710
313,19858.110905743,19858.111306703,,0,GPU-42e33043-7008-2803-9ba8-9bb9ef7d0845,ok,0,0,467,22.43,54,210,405,488,390
313,19858.110905743,19858.111404173,,1,GPU-bff95c83-0adb-feb7-9825-359f31b26de8,ok,39,15,1336,251.995,51,1980,9501,5273,112402
314,19859.110905743,19859.11131803,,0,GPU-42e33043-7008-2803-9ba8-9bb9ef7d0845,ok,0,0,467,32.03,55,210,405,488,390
314,19859.110905743,19859.11136818,,1,GPU-bff95c83-0adb-feb7-9825-359f31b26de8,ok,39,16,1336,251.838,51,1980,9501,5664,108837
315,19860.110905743,19860.111403377,,0,GPU-42e33043-7008-2803-9ba8-9bb9ef7d0845,ok,0,0,467,32.194,55,210,405,488,390
315,19860.110905743,19860.111414527,,1,GPU-bff95c83-0adb-feb7-9825-359f31b26de8,ok,57,23,1336,266.052,52,1980,9501,6347,120019
316,19861.110905743,19861.111401084,,0,GPU-42e33043-7008-2803-9ba8-9bb9ef7d0845,ok,0,0,467,23.903,55,210,405,488,341
316,19861.110905743,19861.111336304,,1,GPU-bff95c83-0adb-feb7-9825-359f31b26de8,ok,54,21,1336,284.703,52,1980,9501,7373,129052
317,19862.110905743,19862.111424551,,0,GPU-42e33043-7008-2803-9ba8-9bb9ef7d0845,ok,0,0,467,22.79,54,210,405,439,341
317,19862.110905743,19862.111407501,,1,GPU-bff95c83-0adb-feb7-9825-359f31b26de8,ok,68,27,1336,301.098,53,1980,9501,16357,140722
318,19863.110905743,19863.111373098,,0,GPU-42e33043-7008-2803-9ba8-9bb9ef7d0845,ok,0,0,467,22.433,54,210,405,488,390
318,19863.110905743,19863.111322178,,1,GPU-bff95c83-0adb-feb7-9825-359f31b26de8,ok,68,27,1336,322.856,53,1980,9501,17041,135351
319,19864.110905743,19864.111327584,,0,GPU-42e33043-7008-2803-9ba8-9bb9ef7d0845,ok,0,0,467,22.26,54,210,405,439,341
319,19864.110905743,19864.111379114,,1,GPU-bff95c83-0adb-feb7-9825-359f31b26de8,ok,69,27,1336,322.613,53,1980,9501,16308,139111
320,19865.110905743,19865.111274921,,0,GPU-42e33043-7008-2803-9ba8-9bb9ef7d0845,ok,0,0,467,22.333,54,210,405,439,390
320,19865.110905743,19865.111364301,,1,GPU-bff95c83-0adb-feb7-9825-359f31b26de8,ok,0,0,1336,287.944,49,1980,9501,390,292
321,19866.110905743,19866.111244968,,0,GPU-42e33043-7008-2803-9ba8-9bb9ef7d0845,ok,0,0,467,26.728,55,210,405,488,341
321,19866.110905743,19866.111957948,,1,GPU-bff95c83-0adb-feb7-9825-359f31b26de8,ok,0,0,1336,155.809,47,1980,9501,341,85644
322,19867.110905743,19867.111353505,,0,GPU-42e33043-7008-2803-9ba8-9bb9ef7d0845,ok,0,0,467,32.47,55,210,405,488,341
322,19867.110905743,19867.111442465,,1,GPU-bff95c83-0adb-feb7-9825-359f31b26de8,ok,47,19,1336,218.119,51,1980,9501,16308,140966
323,19868.110905743,19868.111225272,,0,GPU-42e33043-7008-2803-9ba8-9bb9ef7d0845,ok,0,0,467,23.442,55,210,405,439,341
323,19868.110905743,19868.111303252,,1,GPU-bff95c83-0adb-feb7-9825-359f31b26de8,ok,69,27,1336,320.582,53,1980,9501,17041,136669
324,19869.110905743,19869.111242669,,0,GPU-42e33043-7008-2803-9ba8-9bb9ef7d0845,ok,0,0,467,22.301,54,210,405,439,341
324,19869.110905743,19869.111317469,,1,GPU-bff95c83-0adb-feb7-9825-359f31b26de8,ok,69,27,1336,322.917,53,1980,9501,16699,137402
325,19870.110905743,19870.111734306,,0,GPU-42e33043-7008-2803-9ba8-9bb9ef7d0845,ok,0,0,467,22.05,54,210,405,439,341
325,19870.110905743,19870.111759436,,1,GPU-bff95c83-0adb-feb7-9825-359f31b26de8,ok,68,27,1336,322.118,53,1980,9501,16015,137548
326,19871.110905743,19871.111191762,,0,GPU-42e33043-7008-2803-9ba8-9bb9ef7d0845,ok,0,0,467,22.009,54,210,405,439,341
326,19871.110905743,19871.111266102,,1,GPU-bff95c83-0adb-feb7-9825-359f31b26de8,ok,69,27,1336,321.714,53,1980,9501,16210,138476
327,19872.110905743,19872.111199799,,0,GPU-42e33043-7008-2803-9ba8-9bb9ef7d0845,ok,0,0,467,22.104,54,210,405,439,390
327,19872.110905743,19872.111275909,,1,GPU-bff95c83-0adb-feb7-9825-359f31b26de8,ok,68,27,1336,322.86,54,1980,9501,16406,139208
328,19873.110905743,19873.111306966,,0,GPU-42e33043-7008-2803-9ba8-9bb9ef7d0845,ok,0,0,467,25.925,55,210,405,439,341
328,19873.110905743,19873.111417556,,1,GPU-bff95c83-0adb-feb7-9825-359f31b26de8,ok,68,27,1336,322.541,53,1980,9501,9667,138769
329,19874.110905743,19874.111468383,,0,GPU-42e33043-7008-2803-9ba8-9bb9ef7d0845,ok,0,0,467,32.53,55,210,405,439,390
329,19874.110905743,19874.111436983,,1,GPU-bff95c83-0adb-feb7-9825-359f31b26de8,ok,68,27,1336,322.018,53,1980,9501,16308,139599
330,19875.110905743,19875.1114614,,0,GPU-42e33043-7008-2803-9ba8-9bb9ef7d0845,ok,0,0,467,23.852,55,210,405,439,341
330,19875.110905743,19875.11143018,,1,GPU-bff95c83-0adb-feb7-9825-359f31b26de8,ok,0,0,1336,271.463,49,1980,9501,341,292
331,19876.110905743,19876.111394877,,0,GPU-42e33043-7008-2803-9ba8-9bb9ef7d0845,ok,0,0,467,22.577,54,210,405,439,341
331,19876.110905743,19876.111432967,,1,GPU-bff95c83-0adb-feb7-9825-359f31b26de8,ok,0,0,1336,180.939,48,1980,9501,16210,141699
332,19877.110905743,19877.111438563,,0,GPU-42e33043-7008-2803-9ba8-9bb9ef7d0845,ok,0,0,467,22.133,54,210,405,439,341
332,19877.110905743,19877.111477733,,1,GPU-bff95c83-0adb-feb7-9825-359f31b26de8,ok,71,29,1336,257.58,53,1980,9501,16748,139306
333,19878.110905743,19878.11140174,,0,GPU-42e33043-7008-2803-9ba8-9bb9ef7d0845,ok,0,0,467,22.085,54,210,405,439,341
333,19878.110905743,19878.112090421,,1,GPU-bff95c83-0adb-feb7-9825-359f31b26de8,ok,69,27,1336,326.096,53,1980,9501,23437,139453
334,19879.110905743,19879.111436377,,0,GPU-42e33043-7008-2803-9ba8-9bb9ef7d0845,ok,0,0,467,22.228,54,210,405,439,341
334,19879.110905743,19879.111349817,,1,GPU-bff95c83-0adb-feb7-9825-359f31b26de8,ok,51,21,1336,309.991,52,1980,9501,11865,117968
335,19880.110905743,19880.111332754,,0,GPU-42e33043-7008-2803-9ba8-9bb9ef7d0845,ok,0,0,467,25.265,55,210,405,439,341
335,19880.110905743,19880.112044614,,1,GPU-bff95c83-0adb-feb7-9825-359f31b26de8,ok,44,18,1336,273.667,52,1980,9501,11572,114550
336,19881.110905743,19881.111296601,,0,GPU-42e33043-7008-2803-9ba8-9bb9ef7d0845,ok,0,0,467,32.322,55,210,405,439,341
336,19881.110905743,19881.111951371,,1,GPU-bff95c83-0adb-feb7-9825-359f31b26de8,ok,39,14,1336,253.619,51,1980,9501,4541,116503
337,19882.110905743,19882.111374958,,0,GPU-42e33043-7008-2803-9ba8-9bb9ef7d0845,ok,0,0,467,23.948,55,210,405,439,341
337,19882.110905743,19882.112105998,,1,GPU-bff95c83-0adb-feb7-9825-359f31b26de8,ok,44,17,1336,254.312,51,1980,9501,10693,115673
338,19883.110905743,19883.111299954,,0,GPU-42e33043-7008-2803-9ba8-9bb9ef7d0845,ok,0,0,467,22.773,54,210,405,439,341
338,19883.110905743,19883.112029635,,1,GPU-bff95c83-0adb-feb7-9825-359f31b26de8,ok,41,16,1336,255.863,51,1980,9501,5566,107275
339,19884.110905743,19884.111352361,,0,GPU-42e33043-7008-2803-9ba8-9bb9ef7d0845,ok,0,0,467,22.494,54,210,405,439,341
339,19884.110905743,19884.112057032,,1,GPU-bff95c83-0adb-feb7-9825-359f31b26de8,ok,40,16,1336,253.505,51,1980,9501,3710,116650
340,19885.110905743,19885.111289708,,0,GPU-42e33043-7008-2803-9ba8-9bb9ef7d0845,ok,0,0,467,22.434,54,210,405,439,341
340,19885.110905743,19885.112013938,,1,GPU-bff95c83-0adb-feb7-9825-359f31b26de8,ok,40,16,1336,256.049,51,1980,9501,11425,118310
341,19886.110905743,19886.111350035,,0,GPU-42e33043-7008-2803-9ba8-9bb9ef7d0845,ok,0,0,467,22.547,54,210,405,439,341
341,19886.110905743,19886.111435655,,1,GPU-bff95c83-0adb-feb7-9825-359f31b26de8,ok,42,16,1336,253.976,51,1980,9501,12792,28613
342,19887.110905743,19887.111427722,,0,GPU-42e33043-7008-2803-9ba8-9bb9ef7d0845,ok,0,0,467,24.155,55,210,405,439,341
342,19887.110905743,19887.111554522,,1,GPU-bff95c83-0adb-feb7-9825-359f31b26de8,ok,44,17,1336,257.619,51,1980,9501,10742,118798
343,19888.110905743,19888.111290158,,0,GPU-42e33043-7008-2803-9ba8-9bb9ef7d0845,ok,0,0,467,32.449,55,210,405,488,341
343,19888.110905743,19888.112002579,,1,GPU-bff95c83-0adb-feb7-9825-359f31b26de8,ok,0,0,1336,230.464,49,1980,9501,390,292
344,19889.110905743,19889.111644436,,0,GPU-42e33043-7008-2803-9ba8-9bb9ef7d0845,ok,0,0,467,23.436,55,210,405,488,341
344,19889.110905743,19889.111564655,,1,GPU-bff95c83-0adb-feb7-9825-359f31b26de8,ok,0,0,1336,175.116,48,1980,9501,16748,138037
345,19890.110905743,19890.111244222,,0,GPU-42e33043-7008-2803-9ba8-9bb9ef7d0845,ok,0,0,467,22.304,55,210,405,488,390
345,19890.110905743,19890.111948522,,1,GPU-bff95c83-0adb-feb7-9825-359f31b26de8,ok,69,27,1336,251.174,53,1980,9501,16259,139013
346,19891.110905743,19891.111252629,,0,GPU-42e33043-7008-2803-9ba8-9bb9ef7d0845,ok,0,0,467,22.044,55,210,405,488,341
346,19891.110905743,19891.111955419,,1,GPU-bff95c83-0adb-feb7-9825-359f31b26de8,ok,70,27,1336,325.853,54,1980,9501,16210,141796
347,19892.110905743,19892.111273476,,0,GPU-42e33043-7008-2803-9ba8-9bb9ef7d0845,ok,0,0,467,22.033,55,210,405,488,390
347,19892.110905743,19892.111976776,,1,GPU-bff95c83-0adb-feb7-9825-359f31b26de8,ok,69,27,1336,325.505,54,1980,9501,16601,137939
348,19893.110905743,19893.111284433,,0,GPU-42e33043-7008-2803-9ba8-9bb9ef7d0845,ok,0,0,467,22.251,55,210,405,439,341
348,19893.110905743,19893.111401233,,1,GPU-bff95c83-0adb-feb7-9825-359f31b26de8,ok,70,27,1336,326.479,54,1980,9501,16259,139550
349,19894.110905743,19894.111247289,,0,GPU-42e33043-7008-2803-9ba8-9bb9ef7d0845,ok,0,0,467,22.456,55,210,405,439,341
349,19894.110905743,19894.11134017,,1,GPU-bff95c83-0adb-feb7-9825-359f31b26de8,ok,69,27,1336,326.018,54,1980,9501,16357,139794
350,19895.110905743,19895.111275226,,0,GPU-42e33043-7008-2803-9ba8-9bb9ef7d0845,ok,0,0,467,32.668,55,210,405,439,341
350,19895.110905743,19895.111980277,,1,GPU-bff95c83-0adb-feb7-9825-359f31b26de8,ok,71,27,1336,326.168,54,1980,9501,16259,144726
351,19896.110905743,19896.111356793,,0,GPU-42e33043-7008-2803-9ba8-9bb9ef7d0845,ok,0,0,467,24.3,55,210,405,439,341
351,19896.110905743,19896.111393833,,1,GPU-bff95c83-0adb-feb7-9825-359f31b26de8,ok,69,27,1336,326.281,54,1980,9501,16699,139257
352,19897.110905743,19897.11131167,,0,GPU-42e33043-7008-2803-9ba8-9bb9ef7d0845,ok,0,0,467,22.917,55,210,405,439,390
352,19897.110905743,19897.11139165,,1,GPU-bff95c83-0adb-feb7-9825-359f31b26de8,ok,68,27,1336,326.106,54,1980,9501,390,292
353,19898.110905743,19898.111319367,,0,GPU-42e33043-7008-2803-9ba8-9bb9ef7d0845,ok,0,0,467,22.361,55,210,405,439,341
353,19898.110905743,19898.111354427,,1,GPU-bff95c83-0adb-feb7-9825-359f31b26de8,ok,0,0,1336,197.028,48,1980,9501,390,244
354,19899.110905743,19899.111297904,,0,GPU-42e33043-7008-2803-9ba8-9bb9ef7d0845,ok,0,0,467,22.329,55,210,405,488,341
354,19899.110905743,19899.112010844,,1,GPU-bff95c83-0adb-feb7-9825-359f31b26de8,ok,42,16,1336,185.409,50,1980,9501,11376,33886
355,19900.110905743,19900.111333321,,0,GPU-42e33043-7008-2803-9ba8-9bb9ef7d0845,ok,0,0,467,22.681,55,210,405,439,292
355,19900.110905743,19900.111433201,,1,GPU-bff95c83-0adb-feb7-9825-359f31b26de8,ok,40,15,1336,253.54,51,1980,9501,5029,114355
356,19901.110905743,19901.111495307,,0,GPU-42e33043-7008-2803-9ba8-9bb9ef7d0845,ok,0,0,467,22.7,55,210,405,488,292
356,19901.110905743,19901.111452747,,1,GPU-bff95c83-0adb-feb7-9825-359f31b26de8,ok,40,16,1336,253.997,51,1980,9501,12011,32666
357,19902.110905743,19902.111493164,,0,GPU-42e33043-7008-2803-9ba8-9bb9ef7d0845,ok,0,0,467,32.211,56,210,405,488,390
357,19902.110905743,19902.111521934,,1,GPU-bff95c83-0adb-feb7-9825-359f31b26de8,ok,40,16,1336,253.167,51,1980,9501,5078,112109
358,19903.110905743,19903.111445061,,0,GPU-42e33043-7008-2803-9ba8-9bb9ef7d0845,ok,0,0,467,32.407,56,210,405,488,341
358,19903.110905743,19903.111464571,,1,GPU-bff95c83-0adb-feb7-9825-359f31b26de8,ok,40,16,1336,253.035,51,1980,9501,11914,33886
359,19904.110905743,19904.111408338,,0,GPU-42e33043-7008-2803-9ba8-9bb9ef7d0845,ok,0,0,467,24.448,56,210,405,439,341
359,19904.110905743,19904.111436118,,1,GPU-bff95c83-0adb-feb7-9825-359f31b26de8,ok,40,16,1336,254.087,51,1980,9501,11621,114453
360,19905.110905743,19905.111461915,,0,GPU-42e33043-7008-2803-9ba8-9bb9ef7d0845,ok,0,0,467,23.224,55,210,405,439,390
360,19905.110905743,19905.111444245,,1,GPU-bff95c83-0adb-feb7-9825-359f31b26de8,ok,41,16,1336,254.263,51,1980,9501,5566,112304
361,19906.110905743,19906.111601992,,0,GPU-42e33043-7008-2803-9ba8-9bb9ef7d0845,ok,0,0,467,22.845,55,210,405,439,341
361,19906.110905743,19906.112313752,,1,GPU-bff95c83-0adb-feb7-9825-359f31b26de8,ok,40,16,1336,253.556,51,1980,9501,11962,32714
362,19907.110905743,19907.111370508,,0,GPU-42e33043-7008-2803-9ba8-9bb9ef7d0845,ok,0,0,467,22.837,55,210,405,488,341
362,19907.110905743,19907.111499128,,1,GPU-bff95c83-0adb-feb7-9825-359f31b26de8,ok,40,16,1336,253.266,51,1980,9501,11425,117724
363,19908.110905743,19908.111251005,,0,GPU-42e33043-7008-2803-9ba8-9bb9ef7d0845,ok,0,0,467,22.988,55,210,405,537,390
363,19908.110905743,19908.111892376,,1,GPU-bff95c83-0adb-feb7-9825-359f31b26de8,ok,41,16,1336,254.089,51,1980,9501,4882,111816
364,19909.110905743,19909.111260022,,0,GPU-42e33043-7008-2803-9ba8-9bb9ef7d0845,ok,0,0,467,27.321,56,210,405,439,390
364,19909.110905743,19909.111961402,,1,GPU-bff95c83-0adb-feb7-9825-359f31b26de8,ok,40,16,1336,254.16,51,1980,9501,12792,28417
365,19910.110905743,19910.111291059,,0,GPU-42e33043-7008-2803-9ba8-9bb9ef7d0845,ok,0,0,467,33.012,56,210,405,439,390
365,19910.110905743,19910.111398789,,1,GPU-bff95c83-0adb-feb7-9825-359f31b26de8,ok,41,16,1336,253.581,51,1980,9501,7812,127197
366,19911.110905743,19911.111705376,,0,GPU-42e33043-7008-2803-9ba8-9bb9ef7d0845,ok,0,0,467,24.19,56,210,405,439,341
366,19911.110905743,19911.111806606,,1,GPU-bff95c83-0adb-feb7-9825-359f31b26de8,ok,67,27,1336,283.721,53,1980,9501,16357,139599
367,19912.110905743,19912.111315853,,0,GPU-42e33043-7008-2803-9ba8-9bb9ef7d0845,ok,0,0,467,22.979,55,210,405,439,341
367,19912.110905743,19912.112011353,,1,GPU-bff95c83-0adb-feb7-9825-359f31b26de8,ok,0,0,1336,271.549,49,1980,9501,390,292
368,19913.110905743,19913.111286149,,0,GPU-42e33043-7008-2803-9ba8-9bb9ef7d0845,ok,0,0,467,22.49,55,210,405,439,341
368,19913.110905743,19913.111337839,,1,GPU-bff95c83-0adb-feb7-9825-359f31b26de8,ok,0,0,1336,180.415,48,1980,9501,11425,114306
369,19914.110905743,19914.111207056,,0,GPU-42e33043-7008-2803-9ba8-9bb9ef7d0845,ok,0,0,467,22.317,55,210,405,439,341
369,19914.110905743,19914.111873627,,1,GPU-bff95c83-0adb-feb7-9825-359f31b26de8,ok,41,16,1336,213.918,51,1980,9501,11718,33447
370,19915.110905743,19915.111311953,,0,GPU-42e33043-7008-2803-9ba8-9bb9ef7d0845,ok,0,0,467,22.651,55,210,405,439,390
370,19915.110905743,19915.112013083,,1,GPU-bff95c83-0adb-feb7-9825-359f31b26de8,ok,39,14,1336,255.054,51,1980,9501,12841,28369
371,19916.110905743,19916.11125418,,0,GPU-42e33043-7008-2803-9ba8-9bb9ef7d0845,ok,0,0,467,26.496,56,210,405,488,341
371,19916.110905743,19916.11188988,,1,GPU-bff95c83-0adb-feb7-9825-359f31b26de8,ok,41,16,1336,254.479,51,1980,9501,10693,116113
372,19917.110905743,19917.111326127,,0,GPU-42e33043-7008-2803-9ba8-9bb9ef7d0845,ok,0,0,467,32.92,56,210,405,439,341
372,19917.110905743,19917.111408147,,1,GPU-bff95c83-0adb-feb7-9825-359f31b26de8,ok,41,16,1336,255.477,52,1980,9501,12500,29882
373,19918.110905743,19918.111385594,,0,GPU-42e33043-7008-2803-9ba8-9bb9ef7d0845,ok,0,0,467,24.702,56,210,405,439,341
373,19918.110905743,19918.111440184,,1,GPU-bff95c83-0adb-feb7-9825-359f31b26de8,ok,42,17,1336,255.862,51,1980,9501,12695,27783
374,19919.110905743,19919.111597371,,0,GPU-42e33043-7008-2803-9ba8-9bb9ef7d0845,ok,0,0,467,23.221,55,210,405,439,341
374,19919.110905743,19919.111660241,,1,GPU-bff95c83-0adb-feb7-9825-359f31b26de8,ok,41,16,1336,255.545,51,1980,9501,5517,113378
375,19920.110905743,19920.111245627,,0,GPU-42e33043-7008-2803-9ba8-9bb9ef7d0845,ok,0,0,467,22.551,55,210,405,439,341
375,19920.110905743,19920.111918048,,1,GPU-bff95c83-0adb-feb7-9825-359f31b26de8,ok,41,16,1336,255.368,51,1980,9501,12792,30664
376,19921.110905743,19921.111339254,,0,GPU-42e33043-7008-2803-9ba8-9bb9ef7d0845,ok,0,0,467,22.616,55,210,405,439,341
376,19921.110905743,19921.111426424,,1,GPU-bff95c83-0adb-feb7-9825-359f31b26de8,ok,40,15,1336,255.282,51,1980,9501,5712,109619
377,19922.110905743,19922.111262471,,0,GPU-42e33043-7008-2803-9ba8-9bb9ef7d0845,ok,0,0,467,22.853,55,210,405,488,341
377,19922.110905743,19922.111928381,,1,GPU-bff95c83-0adb-feb7-9825-359f31b26de8,ok,39,16,1336,253.536,51,1980,9501,4492,114550
378,19923.110905743,19923.111439298,,0,GPU-42e33043-7008-2803-9ba8-9bb9ef7d0845,ok,0,0,467,25.208,56,210,405,439,341
378,19923.110905743,19923.111478678,,1,GPU-bff95c83-0adb-feb7-9825-359f31b26de8,ok,40,15,1336,254.705,52,1980,9501,5224,112207
379,19924.110905743,19924.111387395,,0,GPU-42e33043-7008-2803-9ba8-9bb9ef7d0845,ok,0,0,467,32.146,56,210,405,488,341
379,19924.110905743,19924.111325795,,1,GPU-bff95c83-0adb-feb7-9825-359f31b26de8,ok,40,16,1336,253.504,51,1980,9501,5957,27001
380,19925.110905743,19925.111359041,,0,GPU-42e33043-7008-2803-9ba8-9bb9ef7d0845,ok,0,0,467,24.519,56,210,405,439,341
380,19925.110905743,19925.111423022,,1,GPU-bff95c83-0adb-feb7-9825-359f31b26de8,ok,41,16,1336,253.727,51,1980,9501,11474,35839
381,19926.110905743,19926.111344518,,0,GPU-42e33043-7008-2803-9ba8-9bb9ef7d0845,ok,0,0,467,23.279,55,210,405,439,292
381,19926.110905743,19926.111414578,,1,GPU-bff95c83-0adb-feb7-9825-359f31b26de8,ok,41,16,1336,254.984,51,1980,9501,5419,110839
382,19927.110905743,19927.111443595,,0,GPU-42e33043-7008-2803-9ba8-9bb9ef7d0845,ok,0,0,467,22.81,55,210,405,488,341
382,19927.110905743,19927.111381895,,1,GPU-bff95c83-0adb-feb7-9825-359f31b26de8,ok,0,0,1336,238.811,49,1980,9501,341,244
383,19928.110905743,19928.111327842,,0,GPU-42e33043-7008-2803-9ba8-9bb9ef7d0845,ok,0,0,467,22.656,55,210,405,488,341
383,19928.110905743,19928.111408332,,1,GPU-bff95c83-0adb-feb7-9825-359f31b26de8,ok,0,0,1336,175.789,48,1980,9501,390,244
384,19929.110905743,19929.111290539,,0,GPU-42e33043-7008-2803-9ba8-9bb9ef7d0845,ok,0,0,467,22.585,55,210,405,439,341
384,19929.110905743,19929.111951329,,1,GPU-bff95c83-0adb-feb7-9825-359f31b26de8,ok,66,27,1336,226.415,53,1980,9501,14550,125341
385,19930.110905743,19930.111387386,,0,GPU-42e33043-7008-2803-9ba8-9bb9ef7d0845,ok,0,0,467,23.98,56,210,405,439,341
385,19930.110905743,19930.111431476,,1,GPU-bff95c83-0adb-feb7-9825-359f31b26de8,ok,63,25,1336,313.132,53,1980,9501,16406,139648
386,19931.110905743,19931.111794823,,0,GPU-42e33043-7008-2803-9ba8-9bb9ef7d0845,ok,0,0,467,32.406,56,210,405,439,341
386,19931.110905743,19931.111875253,,1,GPU-bff95c83-0adb-feb7-9825-359f31b26de8,ok,63,24,1336,313.176,53,1980,9501,16259,139501
387,19932.110905743,19932.111304369,,0,GPU-42e33043-7008-2803-9ba8-9bb9ef7d0845,ok,0,0,467,23.87,56,210,405,439,341
387,19932.110905743,19932.111373719,,1,GPU-bff95c83-0adb-feb7-9825-359f31b26de8,ok,68,27,1336,319.731,54,1980,9501,16552,57421
388,19933.110905743,19933.111295076,,0,GPU-42e33043-7008-2803-9ba8-9bb9ef7d0845,ok,0,0,467,22.626,55,210,405,488,341
388,19933.110905743,19933.111356066,,1,GPU-bff95c83-0adb-feb7-9825-359f31b26de8,ok,69,27,1336,324.528,54,1980,9501,16308,139697
389,19934.110905743,19934.111288633,,0,GPU-42e33043-7008-2803-9ba8-9bb9ef7d0845,ok,0,0,467,22.361,55,210,405,439,341
389,19934.110905743,19934.111965923,,1,GPU-bff95c83-0adb-feb7-9825-359f31b26de8,ok,69,27,1336,323.9,54,1980,9501,23437,137988
390,19935.110905743,19935.11126186,,0,GPU-42e33043-7008-2803-9ba8-9bb9ef7d0845,ok,0,0,467,22.368,55,210,405,439,390
390,19935.110905743,19935.11193596,,1,GPU-bff95c83-0adb-feb7-9825-359f31b26de8,ok,68,27,1336,324.286,54,1980,9501,15625,139355
391,19936.110905743,19936.111491597,,0,GPU-42e33043-7008-2803-9ba8-9bb9ef7d0845,ok,0,0,467,22.485,55,210,405,439,390
391,19936.110905743,19936.111547167,,1,GPU-bff95c83-0adb-feb7-9825-359f31b26de8,ok,69,27,1336,324.063,54,1980,9501,16455,139355
392,19937.110905743,19937.111432324,,0,GPU-42e33043-7008-2803-9ba8-9bb9ef7d0845,ok,1,0,467,22.508,55,210,405,488,390
392,19937.110905743,19937.112094344,,1,GPU-bff95c83-0adb-feb7-9825-359f31b26de8,ok,0,0,1336,269.35,50,1980,9501,390,292
393,19938.110905743,19938.11122502,,0,GPU-42e33043-7008-2803-9ba8-9bb9ef7d0845,ok,0,0,467,32.691,56,210,405,439,341
393,19938.110905743,19938.111929631,,1,GPU-bff95c83-0adb-feb7-9825-359f31b26de8,ok,0,0,1336,156.025,48,1980,9501,12548,31201
394,19939.110905743,19939.111776257,,0,GPU-42e33043-7008-2803-9ba8-9bb9ef7d0845,ok,0,0,467,23.843,56,210,405,439,341
394,19939.110905743,19939.111884397,,1,GPU-bff95c83-0adb-feb7-9825-359f31b26de8,ok,41,16,1336,236.2,51,1980,9501,5566,109521
395,19940.110905743,19940.111327624,,0,GPU-42e33043-7008-2803-9ba8-9bb9ef7d0845,ok,0,0,467,22.886,55,210,405,439,390
395,19940.110905743,19940.112027854,,1,GPU-bff95c83-0adb-feb7-9825-359f31b26de8,ok,41,16,1336,254.9,52,1980,9501,12744,33984
396,19941.110905743,19941.111441001,,0,GPU-42e33043-7008-2803-9ba8-9bb9ef7d0845,ok,0,0,467,22.84,55,210,405,439,341
396,19941.110905743,19941.111456461,,1,GPU-bff95c83-0adb-feb7-9825-359f31b26de8,ok,40,15,1336,258.621,52,1980,9501,12158,119091
397,19942.110905743,19942.111375438,,0,GPU-42e33043-7008-2803-9ba8-9bb9ef7d0845,ok,0,0,467,22.79,55,210,405,439,341
397,19942.110905743,19942.111499478,,1,GPU-bff95c83-0adb-feb7-9825-359f31b26de8,ok,42,16,1336,257.188,52,1980,9501,5712,109619
398,19943.110905743,19943.111260285,,0,GPU-42e33043-7008-2803-9ba8-9bb9ef7d0845,ok,0,0,467,22.863,55,210,405,439,341
398,19943.110905743,19943.112349605,,1,GPU-bff95c83-0adb-feb7-9825-359f31b26de8,ok,43,17,1336,258.34,52,1980,9501,11865,119335
399,19944.110905743,19944.111325671,,0,GPU-42e33043-7008-2803-9ba8-9bb9ef7d0845,ok,0,0,467,22.722,55,210,405,439,341
399,19944.110905743,19944.112010462,,1,GPU-bff95c83-0adb-feb7-9825-359f31b26de8,ok,42,16,1336,259.237,52,1980,9501,5078,112841
400,19945.110905743,19945.111292338,,0,GPU-42e33043-7008-2803-9ba8-9bb9ef7d0845,ok,0,0,467,27.809,56,210,405,439,390
400,19945.110905743,19945.112310019,,1,GPU-bff95c83-0adb-feb7-9825-359f31b26de8,ok,43,16,1336,256.676,52,1980,9501,12744,28808
401,19946.110905743,19946.111276685,,0,GPU-42e33043-7008-2803-9ba8-9bb9ef7d0845,ok,0,0,467,33.156,56,210,405,439,341
401,19946.110905743,19946.111995135,,1,GPU-bff95c83-0adb-feb7-9825-359f31b26de8,ok,42,16,1336,259.541,52,1980,9501,5859,110449
402,19947.110905743,19947.111306152,,0,GPU-42e33043-7008-2803-9ba8-9bb9ef7d0845,ok,0,0,467,24.702,56,210,405,439,341
402,19947.110905743,19947.111394302,,1,GPU-bff95c83-0adb-feb7-9825-359f31b26de8,ok,43,17,1336,257.384,52,1980,9501,5175,110595
403,19948.110905743,19948.111280539,,0,GPU-42e33043-7008-2803-9ba8-9bb9ef7d0845,ok,0,0,467,23.397,56,210,405,439,341
403,19948.110905743,19948.112006139,,1,GPU-bff95c83-0adb-feb7-9825-359f31b26de8,ok,42,16,1336,256.978,52,1980,9501,12255,36035
404,19949.110905743,19949.111284466,,0,GPU-42e33043-7008-2803-9ba8-9bb9ef7d0845,ok,0,0,467,22.937,56,210,405,488,341
404,19949.110905743,19949.112248396,,1,GPU-bff95c83-0adb-feb7-9825-359f31b26de8,ok,40,16,1336,257.427,52,1980,9501,5517,107861
405,19950.110905743,19950.111370442,,0,GPU-42e33043-7008-2803-9ba8-9bb9ef7d0845,ok,0,0,467,22.873,56,210,405,439,341
405,19950.110905743,19950.111489982,,1,GPU-bff95c83-0adb-feb7-9825-359f31b26de8,ok,42,16,1336,256.718,52,1980,9501,12744,30224
406,19951.110905743,19951.111288439,,0,GPU-42e33043-7008-2803-9ba8-9bb9ef7d0845,ok,0,0,467,23.036,56,210,405,439,341
406,19951.110905743,19951.111394219,,1,GPU-bff95c83-0adb-feb7-9825-359f31b26de8,ok,43,17,1336,256.408,52,1980,9501,5908,113769
407,19952.110905743,19952.111241876,,0,GPU-42e33043-7008-2803-9ba8-9bb9ef7d0845,ok,0,0,467,27.154,56,210,405,488,341
407,19952.110905743,19952.111299366,,1,GPU-bff95c83-0adb-feb7-9825-359f31b26de8,ok,0,0,1336,199.429,49,1980,9501,390,292
408,19953.110905743,19953.111413183,,0,GPU-42e33043-7008-2803-9ba8-9bb9ef7d0845,ok,0,0,467,32.624,56,210,405,439,390
408,19953.110905743,19953.111498463,,1,GPU-bff95c83-0adb-feb7-9825-359f31b26de8,ok,0,0,1336,162.704,48,1980,9501,13916,122216
409,19954.110905743,19954.11141967,,0,GPU-42e33043-7008-2803-9ba8-9bb9ef7d0845,ok,0,0,467,23.985,56,210,405,488,292
409,19954.110905743,19954.11144124,,1,GPU-bff95c83-0adb-feb7-9825-359f31b26de8,ok,59,22,1336,289.648,53,1980,9501,16357,139208
410,19955.110905743,19955.111433997,,0,GPU-42e33043-7008-2803-9ba8-9bb9ef7d0845,ok,0,0,467,22.92,56,210,405,488,341
410,19955.110905743,19955.111332917,,1,GPU-bff95c83-0adb-feb7-9825-359f31b26de8,ok,68,27,1336,322.302,54,1980,9501,16015,137060
411,19956.110905743,19956.111375073,,0,GPU-42e33043-7008-2803-9ba8-9bb9ef7d0845,ok,0,0,467,22.641,56,210,405,488,341
411,19956.110905743,19956.111469893,,1,GPU-bff95c83-0adb-feb7-9825-359f31b26de8,ok,70,27,1336,323.671,54,1980,9501,16601,138378
412,19957.110905743,19957.11132044,,0,GPU-42e33043-7008-2803-9ba8-9bb9ef7d0845,ok,0,0,467,22.548,56,210,405,439,341
412,19957.110905743,19957.112179011,,1,GPU-bff95c83-0adb-feb7-9825-359f31b26de8,ok,69,27,1336,324.482,54,1980,9501,16601,138574
413,19958.110905743,19958.111375207,,0,GPU-42e33043-7008-2803-9ba8-9bb9ef7d0845,ok,0,0,467,22.666,56,210,405,439,341
413,19958.110905743,19958.111445047,,1,GPU-bff95c83-0adb-feb7-9825-359f31b26de8,ok,69,27,1336,323.81,54,1980,9501,16162,138476
414,19959.110905743,19959.111245154,,0,GPU-42e33043-7008-2803-9ba8-9bb9ef7d0845,ok,0,0,467,26.237,56,210,405,439,341
414,19959.110905743,19959.111956204,,1,GPU-bff95c83-0adb-feb7-9825-359f31b26de8,ok,68,25,1336,324.405,54,1980,9501,16357,139013
415,19960.110905743,19960.111353401,,0,GPU-42e33043-7008-2803-9ba8-9bb9ef7d0845,ok,0,0,467,32.947,57,210,405,439,341
415,19960.110905743,19960.111434701,,1,GPU-bff95c83-0adb-feb7-9825-359f31b26de8,ok,66,25,1336,321.634,54,1980,9501,16015,139990
416,19961.110905743,19961.111372008,,0,GPU-42e33043-7008-2803-9ba8-9bb9ef7d0845,ok,0,0,467,23.682,57,210,405,439,341
416,19961.110905743,19961.111463118,,1,GPU-bff95c83-0adb-feb7-9825-359f31b26de8,ok,69,26,1336,322.514,54,1980,9501,341,292
417,19962.110905743,19962.111356874,,0,GPU-42e33043-7008-2803-9ba8-9bb9ef7d0845,ok,0,0,467,22.578,56,210,405,439,341
417,19962.110905743,19962.111372604,,1,GPU-bff95c83-0adb-feb7-9825-359f31b26de8,ok,0,0,1336,205.006,49,1980,9501,341,292
418,19963.110905743,19963.111316341,,0,GPU-42e33043-7008-2803-9ba8-9bb9ef7d0845,ok,0,0,467,22.456,56,210,405,439,341
418,19963.110905743,19963.112036822,,1,GPU-bff95c83-0adb-feb7-9825-359f31b26de8,ok,38,14,1336,180.208,51,1935,9501,14160,142822
419,19964.110905743,19964.111447268,,0,GPU-42e33043-7008-2803-9ba8-9bb9ef7d0845,ok,0,0,467,22.541,56,210,405,439,341
419,19964.110905743,19964.111465168,,1,GPU-bff95c83-0adb-feb7-9825-359f31b26de8,ok,71,28,1336,299.505,54,1980,9501,16357,139453
420,19965.110905743,19965.111749975,,0,GPU-42e33043-7008-2803-9ba8-9bb9ef7d0845,ok,0,0,467,22.715,56,210,405,439,341
420,19965.110905743,19965.112445795,,1,GPU-bff95c83-0adb-feb7-9825-359f31b26de8,ok,71,28,1336,325.549,54,1980,9501,16308,139843
421,19966.110905743,19966.111328522,,0,GPU-42e33043-7008-2803-9ba8-9bb9ef7d0845,ok,0,0,467,25.215,56,210,405,488,341
421,19966.110905743,19966.111433762,,1,GPU-bff95c83-0adb-feb7-9825-359f31b26de8,ok,70,26,1336,325.064,54,1980,9501,16259,138574
422,19967.110905743,19967.111277089,,0,GPU-42e33043-7008-2803-9ba8-9bb9ef7d0845,ok,0,0,467,33.089,57,210,405,488,341
422,19967.110905743,19967.111931959,,1,GPU-bff95c83-0adb-feb7-9825-359f31b26de8,ok,67,27,1336,324.272,54,1980,9501,16943,136376
423,19968.110905743,19968.111327215,,0,GPU-42e33043-7008-2803-9ba8-9bb9ef7d0845,ok,0,0,467,24.515,57,210,405,439,341
423,19968.110905743,19968.112061996,,1,GPU-bff95c83-0adb-feb7-9825-359f31b26de8,ok,71,28,1336,325.542,55,1980,9501,17675,144335
424,19969.110905743,19969.111553312,,0,GPU-42e33043-7008-2803-9ba8-9bb9ef7d0845,ok,0,0,467,23.041,56,210,405,488,341
424,19969.110905743,19969.112260663,,1,GPU-bff95c83-0adb-feb7-9825-359f31b26de8,ok,70,28,1336,326.576,54,1980,9501,16357,140625
425,19970.110905743,19970.111370349,,0,GPU-42e33043-7008-2803-9ba8-9bb9ef7d0845,ok,0,0,467,22.601,56,210,405,439,341
425,19970.110905743,19970.111463529,,1,GPU-bff95c83-0adb-feb7-9825-359f31b26de8,ok,72,28,1336,325.792,54,1980,9501,16210,139697
426,19971.110905743,19971.111291856,,0,GPU-42e33043-7008-2803-9ba8-9bb9ef7d0845,ok,0,0,467,22.653,56,210,405,488,341
426,19971.110905743,19971.111902906,,1,GPU-bff95c83-0adb-feb7-9825-359f31b26de8,ok,0,0,1336,308.249,53,1980,9501,341,292
427,19972.110905743,19972.111377473,,0,GPU-42e33043-7008-2803-9ba8-9bb9ef7d0845,ok,0,0,467,22.669,56,210,405,488,341
427,19972.110905743,19972.111402783,,1,GPU-bff95c83-0adb-feb7-9825-359f31b26de8,ok,0,0,1336,185.253,49,1980,9501,390,292
428,19973.110905743,19973.11128996,,0,GPU-42e33043-7008-2803-9ba8-9bb9ef7d0845,ok,0,0,467,24.073,57,210,405,439,341
428,19973.110905743,19973.11134838,,1,GPU-bff95c83-0adb-feb7-9825-359f31b26de8,ok,41,15,1336,207.208,52,1980,9501,5419,112988
429,19974.110905743,19974.111293896,,0,GPU-42e33043-7008-2803-9ba8-9bb9ef7d0845,ok,0,0,467,32.73,57,210,405,439,341
429,19974.110905743,19974.111341786,,1,GPU-bff95c83-0adb-feb7-9825-359f31b26de8,ok,40,16,1336,254.086,52,1980,9501,4785,113574
430,19975.110905743,19975.111349933,,0,GPU-42e33043-7008-2803-9ba8-9bb9ef7d0845,ok,0,0,467,24.685,57,210,405,488,341
430,19975.110905743,19975.111369463,,1,GPU-bff95c83-0adb-feb7-9825-359f31b26de8,ok,41,15,1336,249.841,52,1980,9501,12109,32373
431,19976.110905743,19976.11150064,,0,GPU-42e33043-7008-2803-9ba8-9bb9ef7d0845,ok,0,0,467,23.413,56,210,405,439,341
431,19976.110905743,19976.11154679,,1,GPU-bff95c83-0adb-feb7-9825-359f31b26de8,ok,38,13,1336,253.2,52,1980,9501,12500,32226
432,19977.110905743,19977.111276047,,0,GPU-42e33043-7008-2803-9ba8-9bb9ef7d0845,ok,0,0,467,22.973,56,210,405,488,341
432,19977.110905743,19977.111938047,,1,GPU-bff95c83-0adb-feb7-9825-359f31b26de8,ok,40,17,1336,251.955,52,1980,9501,4980,110595
433,19978.110905743,19978.111420854,,0,GPU-42e33043-7008-2803-9ba8-9bb9ef7d0845,ok,0,0,467,22.934,56,210,405,439,341
433,19978.110905743,19978.111485014,,1,GPU-bff95c83-0adb-feb7-9825-359f31b26de8,ok,41,17,1336,253.36,52,1980,9501,5419,110302
434,19979.110905743,19979.111323961,,0,GPU-42e33043-7008-2803-9ba8-9bb9ef7d0845,ok,0,0,467,23.05,56,210,405,439,390
434,19979.110905743,19979.112008191,,1,GPU-bff95c83-0adb-feb7-9825-359f31b26de8,ok,41,17,1336,252.049,52,1965,9501,5322,108300
435,19980.110905743,19980.111307458,,0,GPU-42e33043-7008-2803-9ba8-9bb9ef7d0845,ok,1,0,467,23.071,56,210,405,439,341
435,19980.110905743,19980.111364918,,1,GPU-bff95c83-0adb-feb7-9825-359f31b26de8,ok,41,17,1336,252.158,52,1980,9501,5517,108398
436,19981.110905743,19981.111306254,,0,GPU-42e33043-7008-2803-9ba8-9bb9ef7d0845,ok,0,0,467,32.996,57,210,405,439,341
436,19981.110905743,19981.111355084,,1,GPU-bff95c83-0adb-feb7-9825-359f31b26de8,ok,39,17,1336,253.643,52,1965,9501,5615,110156
437,19982.110905743,19982.111367251,,0,GPU-42e33043-7008-2803-9ba8-9bb9ef7d0845,ok,0,0,467,24.145,57,210,405,439,341
437,19982.110905743,19982.111428511,,1,GPU-bff95c83-0adb-feb7-9825-359f31b26de8,ok,40,17,1336,247.741,52,1980,9501,5664,110253
438,19983.110905743,19983.111572708,,0,GPU-42e33043-7008-2803-9ba8-9bb9ef7d0845,ok,0,0,467,23.088,56,210,405,488,341
438,19983.110905743,19983.111637438,,1,GPU-bff95c83-0adb-feb7-9825-359f31b26de8,ok,39,16,1336,254.137,52,1980,9501,12646,29003
439,19984.110905743,19984.111415545,,0,GPU-42e33043-7008-2803-9ba8-9bb9ef7d0845,ok,0,0,467,22.921,56,210,405,439,341
439,19984.110905743,19984.111519075,,1,GPU-bff95c83-0adb-feb7-9825-359f31b26de8,ok,38,15,1336,254.458,52,1980,9501,12011,33789
440,19985.110905743,19985.111768742,,0,GPU-42e33043-7008-2803-9ba8-9bb9ef7d0845,ok,0,0,467,22.948,56,210,405,488,341
440,19985.110905743,19985.111818972,,1,GPU-bff95c83-0adb-feb7-9825-359f31b26de8,ok,40,16,1336,253.095,52,1980,9501,12451,48925
441,19986.110905743,19986.111311549,,0,GPU-42e33043-7008-2803-9ba8-9bb9ef7d0845,ok,0,0,467,23.1,56,210,405,488,341
441,19986.110905743,19986.111366659,,1,GPU-bff95c83-0adb-feb7-9825-359f31b26de8,ok,39,13,1336,255.361,52,1980,9501,390,292
442,19987.110905743,19987.111494385,,0,GPU-42e33043-7008-2803-9ba8-9bb9ef7d0845,ok,0,0,467,22.778,56,210,405,439,341
442,19987.110905743,19987.111457245,,1,GPU-bff95c83-0adb-feb7-9825-359f31b26de8,ok,0,0,1336,188.318,49,1980,9501,390,292
443,19988.110905743,19988.112042053,,0,GPU-42e33043-7008-2803-9ba8-9bb9ef7d0845,ok,0,0,467,27.592,57,210,405,439,292
443,19988.110905743,19988.111628892,,1,GPU-bff95c83-0adb-feb7-9825-359f31b26de8,ok,41,14,1336,171.791,50,1785,9501,12451,31787
444,19989.110905743,19989.111459399,,0,GPU-42e33043-7008-2803-9ba8-9bb9ef7d0845,ok,0,0,467,32.87,57,210,405,439,341
444,19989.110905743,19989.111515249,,1,GPU-bff95c83-0adb-feb7-9825-359f31b26de8,ok,41,15,1336,232.07,52,1980,9501,5175,109277
445,19990.110905743,19990.111257536,,0,GPU-42e33043-7008-2803-9ba8-9bb9ef7d0845,ok,0,0,467,24.686,57,210,405,439,390
445,19990.110905743,19990.111950306,,1,GPU-bff95c83-0adb-feb7-9825-359f31b26de8,ok,41,17,1336,254.946,52,1980,9501,5322,115039
446,19991.110905743,19991.111392463,,0,GPU-42e33043-7008-2803-9ba8-9bb9ef7d0845,ok,0,0,467,23.427,56,210,405,439,341
446,19991.110905743,19991.111502353,,1,GPU-bff95c83-0adb-feb7-9825-359f31b26de8,ok,39,16,1336,254.886,52,1980,9501,12158,33251
447,19992.110905743,19992.11142241,,0,GPU-42e33043-7008-2803-9ba8-9bb9ef7d0845,ok,0,0,467,22.956,56,210,405,488,390
447,19992.110905743,19992.11148346,,1,GPU-bff95c83-0adb-feb7-9825-359f31b26de8,ok,38,16,1336,254.661,52,1980,9501,12011,33056
448,19993.110905743,19993.111299056,,0,GPU-42e33043-7008-2803-9ba8-9bb9ef7d0845,ok,0,0,467,22.922,56,210,405,439,341
448,19993.110905743,19993.111986717,,1,GPU-bff95c83-0adb-feb7-9825-359f31b26de8,ok,40,15,1336,253.474,52,1980,9501,11474,29785
449,19994.110905743,19994.111851793,,0,GPU-42e33043-7008-2803-9ba8-9bb9ef7d0845,ok,0,0,467,23.148,56,210,405,439,341
449,19994.110905743,19994.111393203,,1,GPU-bff95c83-0adb-feb7-9825-359f31b26de8,ok,42,15,1336,255.332,52,1980,9501,5224,111083
450,19995.110905743,19995.11147475,,0,GPU-42e33043-7008-2803-9ba8-9bb9ef7d0845,ok,0,0,467,27.234,57,210,405,439,341
450,19995.110905743,19995.11144541,,1,GPU-bff95c83-0adb-feb7-9825-359f31b26de8,ok,41,17,1336,255.038,52,1980,9501,5371,108496
451,19996.110905743,19996.111415897,,0,GPU-42e33043-7008-2803-9ba8-9bb9ef7d0845,ok,0,0,467,32.904,57,210,405,488,341
451,19996.110905743,19996.111469277,,1,GPU-bff95c83-0adb-feb7-9825-359f31b26de8,ok,40,17,1336,254.197,52,1965,9501,12646,29492
452,19997.110905743,19997.111281284,,0,GPU-42e33043-7008-2803-9ba8-9bb9ef7d0845,ok,0,0,467,24.891,57,210,405,488,390
452,19997.110905743,19997.111920214,,1,GPU-bff95c83-0adb-feb7-9825-359f31b26de8,ok,39,16,1336,253.831,52,1980,9501,11914,33300
453,19998.110905743,19998.111475971,,0,GPU-42e33043-7008-2803-9ba8-9bb9ef7d0845,ok,0,0,467,23.475,56,210,405,439,341
453,19998.110905743,19998.111441121,,1,GPU-bff95c83-0adb-feb7-9825-359f31b26de8,ok,39,15,1336,254.369,52,1980,9501,11621,118212
454,19999.110905743,19999.111368537,,0,GPU-42e33043-7008-2803-9ba8-9bb9ef7d0845,ok,0,0,467,22.953,56,210,405,488,341
454,19999.110905743,19999.112034368,,1,GPU-bff95c83-0adb-feb7-9825-359f31b26de8,ok,41,17,1336,255.861,52,1980,9501,12695,29150
455,20000.110905743,20000.111424044,,0,GPU-42e33043-7008-2803-9ba8-9bb9ef7d0845,ok,0,0,467,22.949,56,210,405,439,341
455,20000.110905743,20000.111454514,,1,GPU-bff95c83-0adb-feb7-9825-359f31b26de8,ok,41,16,1336,256.767,52,1980,9501,5615,110400
456,20001.110905743,20001.111533691,,0,GPU-42e33043-7008-2803-9ba8-9bb9ef7d0845,ok,0,0,467,23.169,56,210,405,439,341
456,20001.110905743,20001.111505591,,1,GPU-bff95c83-0adb-feb7-9825-359f31b26de8,ok,39,15,1336,255.387,52,1980,9501,5517,113769
457,20002.110905743,20002.111284068,,0,GPU-42e33043-7008-2803-9ba8-9bb9ef7d0845,ok,0,0,467,26.24,57,210,405,439,341
457,20002.110905743,20002.112000368,,1,GPU-bff95c83-0adb-feb7-9825-359f31b26de8,ok,0,0,1336,216.701,49,1980,9501,341,292
458,20003.110905743,20003.111425385,,0,GPU-42e33043-7008-2803-9ba8-9bb9ef7d0845,ok,0,0,467,32.607,57,210,405,488,341
458,20003.110905743,20003.111441615,,1,GPU-bff95c83-0adb-feb7-9825-359f31b26de8,ok,0,0,1336,156.316,49,1980,9501,11816,117871
459,20004.110905743,20004.111267782,,0,GPU-42e33043-7008-2803-9ba8-9bb9ef7d0845,ok,0,0,467,24.029,57,210,405,439,390
459,20004.110905743,20004.111966812,,1,GPU-bff95c83-0adb-feb7-9825-359f31b26de8,ok,41,16,1336,216.372,52,1980,9501,11914,115722
460,20005.110905743,20005.111439998,,0,GPU-42e33043-7008-2803-9ba8-9bb9ef7d0845,ok,0,0,467,22.915,56,210,405,439,292
460,20005.110905743,20005.111470369,,1,GPU-bff95c83-0adb-feb7-9825-359f31b26de8,ok,41,15,1336,255.923,52,1980,9501,5371,112255
461,20006.110905743,20006.111331525,,0,GPU-42e33043-7008-2803-9ba8-9bb9ef7d0845,ok,0,0,467,22.762,56,210,405,439,341
461,20006.110905743,20006.111449395,,1,GPU-bff95c83-0adb-feb7-9825-359f31b26de8,ok,40,17,1336,255.255,52,1980,9501,12060,31542
462,20007.110905743,20007.111347502,,0,GPU-42e33043-7008-2803-9ba8-9bb9ef7d0845,ok,0,0,467,22.873,56,210,405,439,341
462,20007.110905743,20007.111424142,,1,GPU-bff95c83-0adb-feb7-9825-359f31b26de8,ok,38,15,1336,255.63,52,1980,9501,11425,115283
463,20008.110905743,20008.111330759,,0,GPU-42e33043-7008-2803-9ba8-9bb9ef7d0845,ok,0,0,467,23.085,56,210,405,439,341
463,20008.110905743,20008.112040809,,1,GPU-bff95c83-0adb-feb7-9825-359f31b26de8,ok,40,14,1336,255.189,52,1980,9501,5126,110888
464,20009.110905743,20009.111390746,,0,GPU-42e33043-7008-2803-9ba8-9bb9ef7d0845,ok,0,0,467,25.52,57,210,405,488,390
464,20009.110905743,20009.112078786,,1,GPU-bff95c83-0adb-feb7-9825-359f31b26de8,ok,70,28,1336,293.003,54,1980,9501,16210,139111
465,20010.110905743,20010.111299583,,0,GPU-42e33043-7008-2803-9ba8-9bb9ef7d0845,ok,0,0,467,33.41,57,210,405,488,341
465,20010.110905743,20010.111378393,,1,GPU-bff95c83-0adb-feb7-9825-359f31b26de8,ok,71,28,1336,327.312,55,1980,9501,16113,138525
466,20011.110905743,20011.111238019,,0,GPU-42e33043-7008-2803-9ba8-9bb9ef7d0845,ok,0,0,467,24.027,57,210,405,488,390
466,20011.110905743,20011.111309069,,1,GPU-bff95c83-0adb-feb7-9825-359f31b26de8,ok,69,28,1336,327.426,55,1980,9501,16162,139453
467,20012.110905743,20012.111253636,,0,GPU-42e33043-7008-2803-9ba8-9bb9ef7d0845,ok,0,0,467,22.945,57,210,405,488,390
467,20012.110905743,20012.111323456,,1,GPU-bff95c83-0adb-feb7-9825-359f31b26de8,ok,71,27,1336,327.31,55,1980,9501,16210,139062
468,20013.110905743,20013.111345693,,0,GPU-42e33043-7008-2803-9ba8-9bb9ef7d0845,ok,0,0,467,22.749,57,210,405,488,341
468,20013.110905743,20013.112050193,,1,GPU-bff95c83-0adb-feb7-9825-359f31b26de8,ok,70,26,1336,327.156,55,1980,9501,17236,144970
469,20014.110905743,20014.11141076,,0,GPU-42e33043-7008-2803-9ba8-9bb9ef7d0845,ok,0,0,467,22.634,57,210,405,439,341
469,20014.110905743,20014.11146306,,1,GPU-bff95c83-0adb-feb7-9825-359f31b26de8,ok,0,0,1336,219.915,50,1980,9501,341,292
470,20015.110905743,20015.111265087,,0,GPU-42e33043-7008-2803-9ba8-9bb9ef7d0845,ok,0,0,467,22.665,57,210,405,439,341
470,20015.110905743,20015.111338367,,1,GPU-bff95c83-0adb-feb7-9825-359f31b26de8,ok,64,27,1336,180.584,51,1980,9501,16113,139990
471,20016.110905743,20016.111314914,,0,GPU-42e33043-7008-2803-9ba8-9bb9ef7d0845,ok,0,0,467,23.779,57,210,405,439,341
471,20016.110905743,20016.111433744,,1,GPU-bff95c83-0adb-feb7-9825-359f31b26de8,ok,69,28,1336,325.119,54,1980,9501,16357,140917
472,20017.110905743,20017.11134943,,0,GPU-42e33043-7008-2803-9ba8-9bb9ef7d0845,ok,0,0,467,33.276,57,210,405,439,341
472,20017.110905743,20017.111417611,,1,GPU-bff95c83-0adb-feb7-9825-359f31b26de8,ok,69,28,1336,326.96,55,1980,9501,16357,139746
473,20018.110905743,20018.111700307,,0,GPU-42e33043-7008-2803-9ba8-9bb9ef7d0845,ok,0,0,467,24.567,57,210,405,439,292
473,20018.110905743,20018.111808138,,1,GPU-bff95c83-0adb-feb7-9825-359f31b26de8,ok,68,27,1336,326.794,55,1980,9501,17871,57324
474,20019.110905743,20019.111316584,,0,GPU-42e33043-7008-2803-9ba8-9bb9ef7d0845,ok,0,0,467,23.109,57,210,405,439,341
474,20019.110905743,20019.112022474,,1,GPU-bff95c83-0adb-feb7-9825-359f31b26de8,ok,67,25,1336,326.535,55,1980,9501,16894,139501
475,20020.110905743,20020.111437051,,0,GPU-42e33043-7008-2803-9ba8-9bb9ef7d0845,ok,0,0,467,22.497,57,210,405,439,341
475,20020.110905743,20020.111469171,,1,GPU-bff95c83-0adb-feb7-9825-359f31b26de8,ok,68,27,1336,325.725,55,1980,9501,16406,139697
476,20021.110905743,20021.111272718,,0,GPU-42e33043-7008-2803-9ba8-9bb9ef7d0845,ok,0,0,467,22.486,57,210,405,439,390
476,20021.110905743,20021.111972288,,1,GPU-bff95c83-0adb-feb7-9825-359f31b26de8,ok,69,28,1336,326.124,55,1980,9501,16259,140722
477,20022.110905743,20022.111349895,,0,GPU-42e33043-7008-2803-9ba8-9bb9ef7d0845,ok,0,0,467,22.725,57,210,405,439,341
477,20022.110905743,20022.111445505,,1,GPU-bff95c83-0adb-feb7-9825-359f31b26de8,ok,71,28,1336,326.609,55,1980,9501,16455,140087
478,20023.110905743,20023.111570282,,0,GPU-42e33043-7008-2803-9ba8-9bb9ef7d0845,ok,0,0,467,23.012,57,210,405,439,341
478,20023.110905743,20023.111668872,,1,GPU-bff95c83-0adb-feb7-9825-359f31b26de8,ok,0,0,1336,295.873,52,1980,9501,390,292
479,20024.110905743,20024.111369388,,0,GPU-42e33043-7008-2803-9ba8-9bb9ef7d0845,ok,0,0,467,32.621,57,210,405,439,292
479,20024.110905743,20024.111442288,,1,GPU-bff95c83-0adb-feb7-9825-359f31b26de8,ok,0,0,1336,156.611,49,1980,9501,341,292
480,20025.110905743,20025.111383525,,0,GPU-42e33043-7008-2803-9ba8-9bb9ef7d0845,ok,0,0,467,24.144,58,210,405,439,341
480,20025.110905743,20025.112054846,,1,GPU-bff95c83-0adb-feb7-9825-359f31b26de8,ok,72,28,1336,232.904,54,1980,9501,16503,141357
481,20026.110905743,20026.111264072,,0,GPU-42e33043-7008-2803-9ba8-9bb9ef7d0845,ok,0,0,467,22.981,57,210,405,439,341
481,20026.110905743,20026.111326012,,1,GPU-bff95c83-0adb-feb7-9825-359f31b26de8,ok,70,28,1336,327.945,55,1980,9501,16894,139404
482,20027.110905743,20027.111331819,,0,GPU-42e33043-7008-2803-9ba8-9bb9ef7d0845,ok,0,0,467,22.727,57,210,405,439,341
482,20027.110905743,20027.111457809,,1,GPU-bff95c83-0adb-feb7-9825-359f31b26de8,ok,69,27,1336,328.68,55,1980,9501,23437,140820
483,20028.110905743,20028.111368656,,0,GPU-42e33043-7008-2803-9ba8-9bb9ef7d0845,ok,0,0,467,22.732,57,210,405,439,341
483,20028.110905743,20028.111312376,,1,GPU-bff95c83-0adb-feb7-9825-359f31b26de8,ok,69,28,1336,327.604,55,1980,9501,16552,139501
484,20029.110905743,20029.111314303,,0,GPU-42e33043-7008-2803-9ba8-9bb9ef7d0845,ok,0,0,467,22.835,57,210,405,439,341
484,20029.110905743,20029.111377253,,1,GPU-bff95c83-0adb-feb7-9825-359f31b26de8,ok,70,28,1336,328.173,55,1980,9501,16406,140722
485,20030.110905743,20030.111242779,,0,GPU-42e33043-7008-2803-9ba8-9bb9ef7d0845,ok,0,0,467,22.69,57,210,405,439,341
485,20030.110905743,20030.111309599,,1,GPU-bff95c83-0adb-feb7-9825-359f31b26de8,ok,69,25,1336,328.432,55,1980,9501,16552,140332
486,20031.110905743,20031.111582746,,0,GPU-42e33043-7008-2803-9ba8-9bb9ef7d0845,ok,0,0,467,27.824,58,210,405,439,341
486,20031.110905743,20031.111502406,,1,GPU-bff95c83-0adb-feb7-9825-359f31b26de8,ok,70,28,1336,329.527,55,1980,9501,16357,139453
487,20032.110905743,20032.111237593,,0,GPU-42e33043-7008-2803-9ba8-9bb9ef7d0845,ok,0,0,467,33.415,58,210,405,439,341
487,20032.110905743,20032.111919893,,1,GPU-bff95c83-0adb-feb7-9825-359f31b26de8,ok,70,26,1336,330.048,55,1980,9501,17333,149853
488,20033.110905743,20033.11154838,,0,GPU-42e33043-7008-2803-9ba8-9bb9ef7d0845,ok,0,0,467,24.054,58,210,405,439,341
488,20033.110905743,20033.11147096,,1,GPU-bff95c83-0adb-feb7-9825-359f31b26de8,ok,0,0,1336,223.897,50,1980,9501,390,292
489,20034.110905743,20034.111429357,,0,GPU-42e33043-7008-2803-9ba8-9bb9ef7d0845,ok,0,0,467,22.841,57,210,405,439,341
489,20034.110905743,20034.111338767,,1,GPU-bff95c83-0adb-feb7-9825-359f31b26de8,ok,38,13,1336,164.233,50,1980,9501,5322,113574
490,20035.110905743,20035.111239444,,0,GPU-42e33043-7008-2803-9ba8-9bb9ef7d0845,ok,0,0,467,22.597,57,210,405,439,341
490,20035.110905743,20035.111313834,,1,GPU-bff95c83-0adb-feb7-9825-359f31b26de8,ok,69,25,1336,280.989,54,1980,9501,16259,137939
491,20036.110905743,20036.11127964,,0,GPU-42e33043-7008-2803-9ba8-9bb9ef7d0845,ok,0,0,467,22.756,57,210,405,439,341
491,20036.110905743,20036.111998591,,1,GPU-bff95c83-0adb-feb7-9825-359f31b26de8,ok,69,28,1336,324.827,54,1980,9501,15332,139306
492,20037.110905743,20037.111379797,,0,GPU-42e33043-7008-2803-9ba8-9bb9ef7d0845,ok,0,0,467,22.991,57,210,405,439,341
492,20037.110905743,20037.111470377,,1,GPU-bff95c83-0adb-feb7-9825-359f31b26de8,ok,69,25,1336,325.295,55,1980,9501,16113,142285
493,20038.110905743,20038.111371044,,0,GPU-42e33043-7008-2803-9ba8-9bb9ef7d0845,ok,0,0,467,27.203,58,210,405,439,341
493,20038.110905743,20038.111458804,,1,GPU-bff95c83-0adb-feb7-9825-359f31b26de8,ok,70,28,1336,325.046,55,1980,9501,16406,137744
494,20039.110905743,20039.111766891,,0,GPU-42e33043-7008-2803-9ba8-9bb9ef7d0845,ok,0,0,467,33.603,58,210,405,439,341
494,20039.110905743,20039.112458071,,1,GPU-bff95c83-0adb-feb7-9825-359f31b26de8,ok,67,26,1336,324.612,55,1980,9501,16699,182324
495,20040.110905743,20040.111292978,,0,GPU-42e33043-7008-2803-9ba8-9bb9ef7d0845,ok,0,0,467,24.766,58,210,405,439,341
495,20040.110905743,20040.111400878,,1,GPU-bff95c83-0adb-feb7-9825-359f31b26de8,ok,70,28,1336,325.635,55,1980,9501,15820,146337
496,20041.110905743,20041.111240965,,0,GPU-42e33043-7008-2803-9ba8-9bb9ef7d0845,ok,0,0,467,23.31,57,210,405,439,341
496,20041.110905743,20041.111997035,,1,GPU-bff95c83-0adb-feb7-9825-359f31b26de8,ok,68,27,1336,324.954,55,1980,9501,16552,133447
497,20042.110905743,20042.111277681,,0,GPU-42e33043-7008-2803-9ba8-9bb9ef7d0845,ok,0,0,467,22.733,57,210,405,439,341
497,20042.110905743,20042.111989372,,1,GPU-bff95c83-0adb-feb7-9825-359f31b26de8,ok,71,27,1336,325.123,55,1980,9501,390,292
498,20043.110905743,20043.111235968,,0,GPU-42e33043-7008-2803-9ba8-9bb9ef7d0845,ok,0,0,467,22.702,57,210,405,439,341
498,20043.110905743,20043.111299008,,1,GPU-bff95c83-0adb-feb7-9825-359f31b26de8,ok,0,0,1336,200.953,49,1980,9501,390,292
499,20044.110905743,20044.111839015,,0,GPU-42e33043-7008-2803-9ba8-9bb9ef7d0845,ok,0,0,467,22.818,57,210,405,439,341
499,20044.110905743,20044.111886755,,1,GPU-bff95c83-0adb-feb7-9825-359f31b26de8,ok,57,21,1336,189.326,52,1980,9501,16699,124560
500,20045.110905743,20045.111344852,,0,GPU-42e33043-7008-2803-9ba8-9bb9ef7d0845,ok,0,0,467,26.122,58,210,405,439,341
500,20045.110905743,20045.111430392,,1,GPU-bff95c83-0adb-feb7-9825-359f31b26de8,ok,70,28,1336,320.164,54,1980,9501,16455,140771
501,20046.110905743,20046.111366159,,0,GPU-42e33043-7008-2803-9ba8-9bb9ef7d0845,ok,0,0,467,32.873,58,210,405,439,341
501,20046.110905743,20046.112062869,,1,GPU-bff95c83-0adb-feb7-9825-359f31b26de8,ok,71,28,1336,326.16,55,1980,9501,16259,137304
502,20047.110905743,20047.111446746,,0,GPU-42e33043-7008-2803-9ba8-9bb9ef7d0845,ok,0,0,467,24.414,58,210,405,439,292
502,20047.110905743,20047.111485636,,1,GPU-bff95c83-0adb-feb7-9825-359f31b26de8,ok,70,26,1336,325.471,55,1980,9501,16357,139208
503,20048.110905743,20048.111406142,,0,GPU-42e33043-7008-2803-9ba8-9bb9ef7d0845,ok,0,0,467,23.159,57,210,405,439,341
503,20048.110905743,20048.111321282,,1,GPU-bff95c83-0adb-feb7-9825-359f31b26de8,ok,71,26,1336,326.517,55,1980,9501,16357,139257
504,20049.110905743,20049.111498379,,0,GPU-42e33043-7008-2803-9ba8-9bb9ef7d0845,ok,0,0,467,22.725,57,210,405,439,341
504,20049.110905743,20049.111592829,,1,GPU-bff95c83-0adb-feb7-9825-359f31b26de8,ok,69,28,1336,325.468,54,1980,9501,16210,140771
505,20050.110905743,20050.111337216,,0,GPU-42e33043-7008-2803-9ba8-9bb9ef7d0845,ok,0,0,467,22.779,57,210,405,439,390
505,20050.110905743,20050.111452476,,1,GPU-bff95c83-0adb-feb7-9825-359f31b26de8,ok,69,28,1336,326.487,55,1980,9501,16357,138037
506,20051.110905743,20051.111379553,,0,GPU-42e33043-7008-2803-9ba8-9bb9ef7d0845,ok,0,0,467,23.057,57,210,405,439,341
506,20051.110905743,20051.111441963,,1,GPU-bff95c83-0adb-feb7-9825-359f31b26de8,ok,69,28,1336,326.262,55,1980,9501,23437,139453
507,20052.110905743,20052.11133294,,0,GPU-42e33043-7008-2803-9ba8-9bb9ef7d0845,ok,0,0,467,25.34,58,210,405,439,341
507,20052.110905743,20052.1114373,,1,GPU-bff95c83-0adb-feb7-9825-359f31b26de8,ok,0,0,1336,290.985,51,1980,9501,439,292
508,20053.110905743,20053.111236367,,0,GPU-42e33043-7008-2803-9ba8-9bb9ef7d0845,ok,0,0,467,33.105,58,210,405,439,341
508,20053.110905743,20053.111302657,,1,GPU-bff95c83-0adb-feb7-9825-359f31b26de8,ok,0,0,1336,156.437,49,1980,9501,341,292
509,20054.110905743,20054.111228573,,0,GPU-42e33043-7008-2803-9ba8-9bb9ef7d0845,ok,0,0,467,24.056,58,210,405,488,341
509,20054.110905743,20054.111273673,,1,GPU-bff95c83-0adb-feb7-9825-359f31b26de8,ok,70,26,1336,255.023,54,1980,9501,16357,139257
510,20055.110905743,20055.1115529,,0,GPU-42e33043-7008-2803-9ba8-9bb9ef7d0845,ok,0,0,467,22.969,57,210,405,439,341
510,20055.110905743,20055.11151113,,1,GPU-bff95c83-0adb-feb7-9825-359f31b26de8,ok,69,28,1336,323.703,54,1980,9501,16406,59765
511,20056.110905743,20056.111275297,,0,GPU-42e33043-7008-2803-9ba8-9bb9ef7d0845,ok,0,0,467,22.816,57,210,405,439,341
511,20056.110905743,20056.111251157,,1,GPU-bff95c83-0adb-feb7-9825-359f31b26de8,ok,67,25,1336,324.312,55,1980,9501,16210,138964
512,20057.110905743,20057.111229334,,0,GPU-42e33043-7008-2803-9ba8-9bb9ef7d0845,ok,0,0,467,22.771,57,210,405,439,341
512,20057.110905743,20057.111294954,,1,GPU-bff95c83-0adb-feb7-9825-359f31b26de8,ok,71,28,1336,324.865,55,1980,9501,16406,139404
513,20058.110905743,20058.111657681,,0,GPU-42e33043-7008-2803-9ba8-9bb9ef7d0845,ok,0,0,467,22.898,57,210,405,439,341
513,20058.110905743,20058.111714541,,1,GPU-bff95c83-0adb-feb7-9825-359f31b26de8,ok,68,25,1336,325.177,55,1980,9501,16015,139453
514,20059.110905743,20059.111236518,,0,GPU-42e33043-7008-2803-9ba8-9bb9ef7d0845,ok,0,0,467,23.975,58,210,405,439,341
514,20059.110905743,20059.111301858,,1,GPU-bff95c83-0adb-feb7-9825-359f31b26de8,ok,70,28,1336,324.685,54,1980,9501,16210,139306
515,20060.110905743,20060.111253964,,0,GPU-42e33043-7008-2803-9ba8-9bb9ef7d0845,ok,0,0,467,33.638,58,210,405,488,341
515,20060.110905743,20060.111312374,,1,GPU-bff95c83-0adb-feb7-9825-359f31b26de8,ok,67,25,1336,324.737,55,1980,9501,16210,139599
516,20061.110905743,20061.111275891,,0,GPU-42e33043-7008-2803-9ba8-9bb9ef7d0845,ok,0,0,467,23.946,58,210,405,439,341
516,20061.110905743,20061.111345071,,1,GPU-bff95c83-0adb-feb7-9825-359f31b26de8,ok,71,27,1336,324.385,55,1980,9501,16992,148632
517,20062.110905743,20062.111218378,,0,GPU-42e33043-7008-2803-9ba8-9bb9ef7d0845,ok,0,0,467,22.903,57,210,405,439,341
517,20062.110905743,20062.111273248,,1,GPU-bff95c83-0adb-feb7-9825-359f31b26de8,ok,0,0,1336,232.271,49,1980,9501,390,292
518,20063.110905743,20063.111767645,,0,GPU-42e33043-7008-2803-9ba8-9bb9ef7d0845,ok,0,0,467,22.754,57,210,405,488,341
518,20063.110905743,20063.111865445,,1,GPU-bff95c83-0adb-feb7-9825-359f31b26de8,ok,50,20,1336,158.997,50,1980,9501,16992,139697
519,20064.110905743,20064.111387492,,0,GPU-42e33043-7008-2803-9ba8-9bb9ef7d0845,ok,0,0,467,22.712,57,210,405,439,341
519,20064.110905743,20064.111346992,,1,GPU-bff95c83-0adb-feb7-9825-359f31b26de8,ok,71,27,1336,313.935,54,1980,9501,16503,139404
520,20065.110905743,20065.111327499,,0,GPU-42e33043-7008-2803-9ba8-9bb9ef7d0845,ok,0,0,467,22.955,57,210,405,488,390
520,20065.110905743,20065.111387959,,1,GPU-bff95c83-0adb-feb7-9825-359f31b26de8,ok,71,29,1336,327.586,55,1980,9501,16308,140039
521,20066.110905743,20066.111396786,,0,GPU-42e33043-7008-2803-9ba8-9bb9ef7d0845,ok,0,0,467,23.155,57,210,405,439,390
521,20066.110905743,20066.111414326,,1,GPU-bff95c83-0adb-feb7-9825-359f31b26de8,ok,70,28,1336,326.855,55,1980,9501,16259,139111
522,20067.110905743,20067.111403222,,0,GPU-42e33043-7008-2803-9ba8-9bb9ef7d0845,ok,0,0,467,33.95,58,210,405,488,341
522,20067.110905743,20067.111449652,,1,GPU-bff95c83-0adb-feb7-9825-359f31b26de8,ok,70,28,1336,326.797,54,1980,9501,16406,139941
523,20068.110905743,20068.111362989,,0,GPU-42e33043-7008-2803-9ba8-9bb9ef7d0845,ok,0,0,467,24.755,58,210,405,488,390
523,20068.110905743,20068.111315959,,1,GPU-bff95c83-0adb-feb7-9825-359f31b26de8,ok,72,28,1336,326.455,55,1980,9501,16308,139404
524,20069.110905743,20069.111342796,,0,GPU-42e33043-7008-2803-9ba8-9bb9ef7d0845,ok,0,0,467,23.36,57,210,405,488,341
524,20069.110905743,20069.111294646,,1,GPU-bff95c83-0adb-feb7-9825-359f31b26de8,ok,69,28,1336,327.308,55,1980,9501,16357,140136
525,20070.110905743,20070.111394553,,0,GPU-42e33043-7008-2803-9ba8-9bb9ef7d0845,ok,0,0,467,22.854,57,210,405,488,390
525,20070.110905743,20070.111416273,,1,GPU-bff95c83-0adb-feb7-9825-359f31b26de8,ok,69,28,1336,326.618,55,1980,9501,16210,139501
526,20071.110905743,20071.11133796,,0,GPU-42e33043-7008-2803-9ba8-9bb9ef7d0845,ok,0,0,467,22.846,57,210,405,439,341
526,20071.110905743,20071.11139328,,1,GPU-bff95c83-0adb-feb7-9825-359f31b26de8,ok,0,0,1336,313.513,52,1980,9501,439,292
527,20072.110905743,20072.111397467,,0,GPU-42e33043-7008-2803-9ba8-9bb9ef7d0845,ok,0,0,467,22.935,57,210,405,439,390
527,20072.110905743,20072.111298286,,1,GPU-bff95c83-0adb-feb7-9825-359f31b26de8,ok,0,0,1336,174.578,49,1980,9501,341,244
528,20073.110905743,20073.111405783,,0,GPU-42e33043-7008-2803-9ba8-9bb9ef7d0845,ok,0,0,467,22.766,57,210,405,439,341
528,20073.110905743,20073.111533243,,1,GPU-bff95c83-0adb-feb7-9825-359f31b26de8,ok,42,17,1336,202.929,52,1980,9501,5468,112695
529,20074.110905743,20074.11125643,,0,GPU-42e33043-7008-2803-9ba8-9bb9ef7d0845,ok,0,0,467,27.855,58,210,405,439,292
529,20074.110905743,20074.11133457,,1,GPU-bff95c83-0adb-feb7-9825-359f31b26de8,ok,72,28,1336,281.065,54,1980,9501,16357,139257
530,20075.110905743,20075.111266577,,0,GPU-42e33043-7008-2803-9ba8-9bb9ef7d0845,ok,0,0,467,33.438,58,210,405,439,341
530,20075.110905743,20075.111349907,,1,GPU-bff95c83-0adb-feb7-9825-359f31b26de8,ok,70,28,1336,326.535,54,1980,9501,16357,139843
531,20076.110905743,20076.111417934,,0,GPU-42e33043-7008-2803-9ba8-9bb9ef7d0845,ok,0,0,467,24.378,58,210,405,439,341
531,20076.110905743,20076.111379094,,1,GPU-bff95c83-0adb-feb7-9825-359f31b26de8,ok,68,27,1336,327.491,55,1980,9501,16748,139208
532,20077.110905743,20077.111365921,,0,GPU-42e33043-7008-2803-9ba8-9bb9ef7d0845,ok,0,0,467,23.158,57,210,405,439,341
532,20077.110905743,20077.111334591,,1,GPU-bff95c83-0adb-feb7-9825-359f31b26de8,ok,67,27,1336,325.881,55,1980,9501,16259,138916
533,20078.110905743,20078.111234717,,0,GPU-42e33043-7008-2803-9ba8-9bb9ef7d0845,ok,0,0,467,22.77,57,210,405,439,341
533,20078.110905743,20078.111314208,,1,GPU-bff95c83-0adb-feb7-9825-359f31b26de8,ok,71,28,1336,325.597,55,1980,9501,16455,139306
534,20079.110905743,20079.111690535,,0,GPU-42e33043-7008-2803-9ba8-9bb9ef7d0845,ok,0,0,467,22.695,57,210,405,439,341
534,20079.110905743,20079.111653525,,1,GPU-bff95c83-0adb-feb7-9825-359f31b26de8,ok,70,26,1336,325.652,55,1980,9501,16357,144628
535,20080.110905743,20080.111505501,,0,GPU-42e33043-7008-2803-9ba8-9bb9ef7d0845,ok,0,0,467,22.944,57,210,405,439,341
535,20080.110905743,20080.111539131,,1,GPU-bff95c83-0adb-feb7-9825-359f31b26de8,ok,70,26,1336,325.877,55,1980,9501,16357,139794
536,20081.110905743,20081.111340858,,0,GPU-42e33043-7008-2803-9ba8-9bb9ef7d0845,ok,0,0,467,27.121,58,210,405,439,341
536,20081.110905743,20081.111394278,,1,GPU-bff95c83-0adb-feb7-9825-359f31b26de8,ok,0,0,1336,312.5,52,1980,9501,439,292
537,20082.110905743,20082.111377395,,0,GPU-42e33043-7008-2803-9ba8-9bb9ef7d0845,ok,0,0,467,33.585,58,210,405,488,341
537,20082.110905743,20082.111295865,,1,GPU-bff95c83-0adb-feb7-9825-359f31b26de8,ok,0,0,1336,188.031,49,1980,9501,390,292
538,20083.110905743,20083.111292002,,0,GPU-42e33043-7008-2803-9ba8-9bb9ef7d0845,ok,0,0,467,23.806,58,210,405,488,341
538,20083.110905743,20083.111348942,,1,GPU-bff95c83-0adb-feb7-9825-359f31b26de8,ok,41,17,1336,204.826,52,1980,9501,12744,31787
539,20084.110905743,20084.111275179,,0,GPU-42e33043-7008-2803-9ba8-9bb9ef7d0845,ok,0,0,467,22.935,57,210,405,488,341
539,20084.110905743,20084.111336709,,1,GPU-bff95c83-0adb-feb7-9825-359f31b26de8,ok,57,21,1336,271.852,53,1980,9501,13867,126904
540,20085.110905743,20085.111444305,,0,GPU-42e33043-7008-2803-9ba8-9bb9ef7d0845,ok,0,0,467,23.095,57,210,405,439,390
540,20085.110905743,20085.111456365,,1,GPU-bff95c83-0adb-feb7-9825-359f31b26de8,ok,57,22,1336,291.089,53,1980,9501,13623,48583
541,20086.110905743,20086.111331782,,0,GPU-42e33043-7008-2803-9ba8-9bb9ef7d0845,ok,0,0,467,23.138,57,210,405,439,341
541,20086.110905743,20086.111299332,,1,GPU-bff95c83-0adb-feb7-9825-359f31b26de8,ok,53,22,1336,293.788,53,1980,9501,11572,125732
542,20087.110905743,20087.111239309,,0,GPU-42e33043-7008-2803-9ba8-9bb9ef7d0845,ok,0,0,467,23.235,57,210,405,439,341
542,20087.110905743,20087.111325229,,1,GPU-bff95c83-0adb-feb7-9825-359f31b26de8,ok,51,21,1336,284.84,53,1980,9501,14501,128271
543,20088.110905743,20088.111271566,,0,GPU-42e33043-7008-2803-9ba8-9bb9ef7d0845,ok,0,0,467,26.842,58,210,405,439,341
543,20088.110905743,20088.111211366,,1,GPU-bff95c83-0adb-feb7-9825-359f31b26de8,ok,57,21,1336,289.814,54,1980,9501,7666,138427
544,20089.110905743,20089.111215303,,0,GPU-42e33043-7008-2803-9ba8-9bb9ef7d0845,ok,0,0,467,34.164,58,210,405,439,341
544,20089.110905743,20089.111271493,,1,GPU-bff95c83-0adb-feb7-9825-359f31b26de8,ok,69,25,1336,312.861,55,1980,9501,16259,139453
545,20090.110905743,20090.1112453,,0,GPU-42e33043-7008-2803-9ba8-9bb9ef7d0845,ok,0,0,467,25.007,58,210,405,488,292
545,20090.110905743,20090.1113139,,1,GPU-bff95c83-0adb-feb7-9825-359f31b26de8,ok,70,28,1336,324.43,55,1980,9501,16308,139111
546,20091.110905743,20091.111333456,,0,GPU-42e33043-7008-2803-9ba8-9bb9ef7d0845,ok,0,0,467,23.438,58,210,405,488,390
546,20091.110905743,20091.111424436,,1,GPU-bff95c83-0adb-feb7-9825-359f31b26de8,ok,70,26,1336,325.549,55,1980,9501,9326,138916
547,20092.110905743,20092.111356583,,0,GPU-42e33043-7008-2803-9ba8-9bb9ef7d0845,ok,0,0,467,22.776,58,210,405,439,341
547,20092.110905743,20092.112087674,,1,GPU-bff95c83-0adb-feb7-9825-359f31b26de8,ok,0,0,1336,305.352,52,1980,9501,439,244
548,20093.110905743,20093.11121813,,0,GPU-42e33043-7008-2803-9ba8-9bb9ef7d0845,ok,0,0,467,22.736,58,210,405,488,341
548,20093.110905743,20093.11127233,,1,GPU-bff95c83-0adb-feb7-9825-359f31b26de8,ok,0,0,1336,183.595,49,1980,9501,341,292
549,20094.110905743,20094.111341407,,0,GPU-42e33043-7008-2803-9ba8-9bb9ef7d0845,ok,0,0,467,22.839,58,210,405,390,341
549,20094.110905743,20094.111368637,,1,GPU-bff95c83-0adb-feb7-9825-359f31b26de8,ok,40,17,1336,202.481,52,1980,9501,12304,32128
550,20095.110905743,20095.111356624,,0,GPU-42e33043-7008-2803-9ba8-9bb9ef7d0845,ok,0,0,467,25.518,58,210,405,439,341
550,20095.110905743,20095.111387284,,1,GPU-bff95c83-0adb-feb7-9825-359f31b26de8,ok,40,15,1336,255.078,52,1980,9501,11816,116015
551,20096.110905743,20096.111308561,,0,GPU-42e33043-7008-2803-9ba8-9bb9ef7d0845,ok,0,0,467,33.591,58,210,405,439,341
551,20096.110905743,20096.111260871,,1,GPU-bff95c83-0adb-feb7-9825-359f31b26de8,ok,40,17,1336,255.035,52,1980,9501,5126,113232
552,20097.110905743,20097.111240817,,0,GPU-42e33043-7008-2803-9ba8-9bb9ef7d0845,ok,0,0,467,24.777,58,210,405,439,341
552,20097.110905743,20097.111291327,,1,GPU-bff95c83-0adb-feb7-9825-359f31b26de8,ok,40,17,1336,253.955,52,1980,9501,5957,26367
553,20098.110905743,20098.111252564,,0,GPU-42e33043-7008-2803-9ba8-9bb9ef7d0845,ok,0,0,467,23.564,58,210,405,439,341
553,20098.110905743,20098.111307484,,1,GPU-bff95c83-0adb-feb7-9825-359f31b26de8,ok,39,16,1336,253.564,52,1980,9501,5371,112792
554,20099.110905743,20099.111236181,,0,GPU-42e33043-7008-2803-9ba8-9bb9ef7d0845,ok,0,0,467,23.254,58,210,405,488,341
554,20099.110905743,20099.111331871,,1,GPU-bff95c83-0adb-feb7-9825-359f31b26de8,ok,39,16,1336,250.451,52,1965,9501,12060,28564
555,20100.110905743,20100.111236788,,0,GPU-42e33043-7008-2803-9ba8-9bb9ef7d0845,ok,0,0,467,23.125,58,210,405,439,341
555,20100.110905743,20100.111315168,,1,GPU-bff95c83-0adb-feb7-9825-359f31b26de8,ok,41,16,1336,250.97,52,1980,9501,11816,32421
556,20101.110905743,20101.111245885,,0,GPU-42e33043-7008-2803-9ba8-9bb9ef7d0845,ok,0,0,467,23.236,58,210,405,439,292
556,20101.110905743,20101.111293215,,1,GPU-bff95c83-0adb-feb7-9825-359f31b26de8,ok,41,17,1336,255.063,52,1980,9501,4785,110595
557,20102.110905743,20102.111237312,,0,GPU-42e33043-7008-2803-9ba8-9bb9ef7d0845,ok,0,0,467,24.988,58,210,405,439,341
557,20102.110905743,20102.111286092,,1,GPU-bff95c83-0adb-feb7-9825-359f31b26de8,ok,40,17,1336,253.538,52,1965,9501,5810,108984
558,20103.110905743,20103.111340328,,0,GPU-42e33043-7008-2803-9ba8-9bb9ef7d0845,ok,0,0,467,33.738,59,210,405,439,341
558,20103.110905743,20103.111282798,,1,GPU-bff95c83-0adb-feb7-9825-359f31b26de8,ok,40,16,1336,252.799,53,1980,9501,4931,113720
559,20104.110905743,20104.111348155,,0,GPU-42e33043-7008-2803-9ba8-9bb9ef7d0845,ok,0,0,467,24.378,59,210,405,439,292
559,20104.110905743,20104.111373835,,1,GPU-bff95c83-0adb-feb7-9825-359f31b26de8,ok,39,16,1336,253.628,52,1980,9501,12353,30859
560,20105.110905743,20105.111326332,,0,GPU-42e33043-7008-2803-9ba8-9bb9ef7d0845,ok,0,0,467,23.318,58,210,405,439,292
560,20105.110905743,20105.111350472,,1,GPU-bff95c83-0adb-feb7-9825-359f31b26de8,ok,41,17,1336,253.479,52,1980,9501,12841,26904
561,20106.110905743,20106.111288509,,0,GPU-42e33043-7008-2803-9ba8-9bb9ef7d0845,ok,0,0,467,23.247,58,210,405,439,292
561,20106.110905743,20106.111337509,,1,GPU-bff95c83-0adb-feb7-9825-359f31b26de8,ok,41,17,1336,257.121,53,1980,9501,5371,111621
562,20107.110905743,20107.111310456,,0,GPU-42e33043-7008-2803-9ba8-9bb9ef7d0845,ok,0,0,467,23.28,58,210,405,439,341
562,20107.110905743,20107.111244106,,1,GPU-bff95c83-0adb-feb7-9825-359f31b26de8,ok,40,16,1336,253.855,52,1980,9501,341,292
563,20108.110905743,20108.111232253,,0,GPU-42e33043-7008-2803-9ba8-9bb9ef7d0845,ok,0,0,467,23.21,58,210,405,439,341
563,20108.110905743,20108.111291563,,1,GPU-bff95c83-0adb-feb7-9825-359f31b26de8,ok,0,0,1336,184.794,49,1980,9501,341,292
564,20109.110905743,20109.11140963,,0,GPU-42e33043-7008-2803-9ba8-9bb9ef7d0845,ok,0,0,467,22.995,58,210,405,439,341
564,20109.110905743,20109.111342619,,1,GPU-bff95c83-0adb-feb7-9825-359f31b26de8,ok,45,14,1336,175.532,50,1785,9501,5273,112744
565,20110.110905743,20110.111320246,,0,GPU-42e33043-7008-2803-9ba8-9bb9ef7d0845,ok,0,0,467,33.684,59,210,405,439,292
565,20110.110905743,20110.111389586,,1,GPU-bff95c83-0adb-feb7-9825-359f31b26de8,ok,38,16,1336,243.745,52,1980,9501,11962,32177
566,20111.110905743,20111.111372213,,0,GPU-42e33043-7008-2803-9ba8-9bb9ef7d0845,ok,0,0,467,25.211,59,210,405,390,341
566,20111.110905743,20111.111470883,,1,GPU-bff95c83-0adb-feb7-9825-359f31b26de8,ok,40,14,1336,256.06,52,1980,9501,4785,114013
567,20112.110905743,20112.11131215,,0,GPU-42e33043-7008-2803-9ba8-9bb9ef7d0845,ok,0,0,467,23.768,58,210,405,439,341
567,20112.110905743,20112.11138669,,1,GPU-bff95c83-0adb-feb7-9825-359f31b26de8,ok,41,14,1336,251.27,52,1980,9501,11572,117187
568,20113.110905743,20113.111435517,,0,GPU-42e33043-7008-2803-9ba8-9bb9ef7d0845,ok,0,0,467,23.197,58,210,405,439,292
568,20113.110905743,20113.111514447,,1,GPU-bff95c83-0adb-feb7-9825-359f31b26de8,ok,42,15,1336,255.386,52,1980,9501,4199,115234
569,20114.110905743,20114.111313544,,0,GPU-42e33043-7008-2803-9ba8-9bb9ef7d0845,ok,0,0,467,23.239,58,210,405,390,341
569,20114.110905743,20114.111389504,,1,GPU-bff95c83-0adb-feb7-9825-359f31b26de8,ok,41,15,1336,254.969,52,1980,9501,5371,112060
570,20115.110905743,20115.11131222,,0,GPU-42e33043-7008-2803-9ba8-9bb9ef7d0845,ok,0,0,467,23.373,58,210,405,488,292
570,20115.110905743,20115.111397161,,1,GPU-bff95c83-0adb-feb7-9825-359f31b26de8,ok,40,16,1336,253.652,52,1980,9501,5908,27783
571,20116.110905743,20116.111361807,,0,GPU-42e33043-7008-2803-9ba8-9bb9ef7d0845,ok,0,0,467,23.286,58,210,405,439,341
571,20116.110905743,20116.111428087,,1,GPU-bff95c83-0adb-feb7-9825-359f31b26de8,ok,39,16,1336,253.722,53,1980,9501,11376,28564
572,20117.110905743,20117.111373394,,0,GPU-42e33043-7008-2803-9ba8-9bb9ef7d0845,ok,0,0,467,33.451,59,210,405,439,341
572,20117.110905743,20117.111436764,,1,GPU-bff95c83-0adb-feb7-9825-359f31b26de8,ok,39,15,1336,252.138,52,1980,9501,11132,117773
573,20118.110905743,20118.111316381,,0,GPU-42e33043-7008-2803-9ba8-9bb9ef7d0845,ok,0,0,467,33.642,59,210,405,439,292
573,20118.110905743,20118.111393721,,1,GPU-bff95c83-0adb-feb7-9825-359f31b26de8,ok,42,17,1336,256.227,53,1980,9501,5517,109472
574,20119.110905743,20119.111314458,,0,GPU-42e33043-7008-2803-9ba8-9bb9ef7d0845,ok,0,0,467,25.118,59,210,405,439,292
574,20119.110905743,20119.111395328,,1,GPU-bff95c83-0adb-feb7-9825-359f31b26de8,ok,41,17,1336,254.896,52,1980,9501,5761,27929
575,20120.110905743,20120.111290225,,0,GPU-42e33043-7008-2803-9ba8-9bb9ef7d0845,ok,0,0,467,23.683,58,210,405,439,341
575,20120.110905743,20120.111368855,,1,GPU-bff95c83-0adb-feb7-9825-359f31b26de8,ok,40,17,1336,255.365,53,1980,9501,11914,34082
576,20121.110905743,20121.111289852,,0,GPU-42e33043-7008-2803-9ba8-9bb9ef7d0845,ok,0,0,467,23.115,58,210,405,439,341
576,20121.110905743,20121.111378672,,1,GPU-bff95c83-0adb-feb7-9825-359f31b26de8,ok,70,28,1336,285.157,54,1980,9501,16455,140234
577,20122.110905743,20122.111267408,,0,GPU-42e33043-7008-2803-9ba8-9bb9ef7d0845,ok,0,0,467,23.124,58,210,405,439,341
577,20122.110905743,20122.111331168,,1,GPU-bff95c83-0adb-feb7-9825-359f31b26de8,ok,0,0,1336,279.718,51,1980,9501,341,292
578,20123.110905743,20123.111705895,,0,GPU-42e33043-7008-2803-9ba8-9bb9ef7d0845,ok,0,0,467,23.122,58,210,405,439,341
578,20123.110905743,20123.111764785,,1,GPU-bff95c83-0adb-feb7-9825-359f31b26de8,ok,0,0,1336,186.894,49,1980,9501,5468,110888
579,20124.110905743,20124.111242182,,0,GPU-42e33043-7008-2803-9ba8-9bb9ef7d0845,ok,0,0,467,27.413,59,210,405,439,341
579,20124.110905743,20124.111303312,,1,GPU-bff95c83-0adb-feb7-9825-359f31b26de8,ok,42,17,1336,218.098,52,1980,9501,11425,118017
580,20125.110905743,20125.111747629,,0,GPU-42e33043-7008-2803-9ba8-9bb9ef7d0845,ok,0,0,467,33.616,59,210,405,439,341
580,20125.110905743,20125.111813809,,1,GPU-bff95c83-0adb-feb7-9825-359f31b26de8,ok,72,28,1336,284.498,55,1980,9501,16601,139355
581,20126.110905743,20126.111248476,,0,GPU-42e33043-7008-2803-9ba8-9bb9ef7d0845,ok,0,0,467,24.401,59,210,405,439,341
581,20126.110905743,20126.111310376,,1,GPU-bff95c83-0adb-feb7-9825-359f31b26de8,ok,70,28,1336,326.686,55,1980,9501,16259,139892
582,20127.110905743,20127.111227492,,0,GPU-42e33043-7008-2803-9ba8-9bb9ef7d0845,ok,0,0,467,23.105,58,210,405,439,341
582,20127.110905743,20127.111271763,,1,GPU-bff95c83-0adb-feb7-9825-359f31b26de8,ok,69,28,1336,326.886,55,1980,9501,16308,140429
583,20128.110905743,20128.111268459,,0,GPU-42e33043-7008-2803-9ba8-9bb9ef7d0845,ok,0,0,467,22.732,58,210,405,488,341
583,20128.110905743,20128.111342439,,1,GPU-bff95c83-0adb-feb7-9825-359f31b26de8,ok,69,28,1336,326.542,55,1980,9501,16357,139599
584,20129.110905743,20129.111927977,,0,GPU-42e33043-7008-2803-9ba8-9bb9ef7d0845,ok,0,0,467,22.776,58,210,405,488,341
584,20129.110905743,20129.111898576,,1,GPU-bff95c83-0adb-feb7-9825-359f31b26de8,ok,71,26,1336,325.875,55,1980,9501,16357,139599
585,20130.110905743,20130.111237123,,0,GPU-42e33043-7008-2803-9ba8-9bb9ef7d0845,ok,0,0,467,23.107,58,210,405,439,292
585,20130.110905743,20130.111290353,,1,GPU-bff95c83-0adb-feb7-9825-359f31b26de8,ok,69,27,1336,325.633,55,1980,9501,16357,140380
586,20131.110905743,20131.111264,,0,GPU-42e33043-7008-2803-9ba8-9bb9ef7d0845,ok,0,0,467,26.863,59,210,405,439,341
586,20131.110905743,20131.11131251,,1,GPU-bff95c83-0adb-feb7-9825-359f31b26de8,ok,70,27,1336,327.534,55,1980,9501,16455,141699
587,20132.110905743,20132.111367537,,0,GPU-42e33043-7008-2803-9ba8-9bb9ef7d0845,ok,0,0,467,33.979,59,210,405,488,341
587,20132.110905743,20132.111305097,,1,GPU-bff95c83-0adb-feb7-9825-359f31b26de8,ok,0,0,1336,277.903,51,1980,9501,390,292
588,20133.110905743,20133.111286374,,0,GPU-42e33043-7008-2803-9ba8-9bb9ef7d0845,ok,0,0,467,23.92,59,210,405,439,341
588,20133.110905743,20133.111339304,,1,GPU-bff95c83-0adb-feb7-9825-359f31b26de8,ok,0,0,1336,184.193,50,1980,9501,3808,118603
589,20134.110905743,20134.11127576,,0,GPU-42e33043-7008-2803-9ba8-9bb9ef7d0845,ok,0,0,467,22.791,58,210,405,439,341
589,20134.110905743,20134.11135547,,1,GPU-bff95c83-0adb-feb7-9825-359f31b26de8,ok,41,16,1336,207.635,52,1980,9501,12011,32568
590,20135.110905743,20135.111304707,,0,GPU-42e33043-7008-2803-9ba8-9bb9ef7d0845,ok,0,0,467,22.951,58,210,405,439,341
590,20135.110905743,20135.111401097,,1,GPU-bff95c83-0adb-feb7-9825-359f31b26de8,ok,39,16,1336,254.593,53,1980,9501,11962,33300
591,20136.110905743,20136.111405964,,0,GPU-42e33043-7008-2803-9ba8-9bb9ef7d0845,ok,0,0,467,23.199,58,210,405,439,341
591,20136.110905743,20136.111326274,,1,GPU-bff95c83-0adb-feb7-9825-359f31b26de8,ok,49,19,1336,254.381,53,1980,9501,14404,41210
592,20137.110905743,20137.111242131,,0,GPU-42e33043-7008-2803-9ba8-9bb9ef7d0845,ok,0,0,467,23.315,58,210,405,488,341
592,20137.110905743,20137.111310891,,1,GPU-bff95c83-0adb-feb7-9825-359f31b26de8,ok,69,27,1336,306.615,55,1980,9501,16210,138476
593,20138.110905743,20138.111241968,,0,GPU-42e33043-7008-2803-9ba8-9bb9ef7d0845,ok,0,0,467,25.809,59,210,405,439,341
593,20138.110905743,20138.111295838,,1,GPU-bff95c83-0adb-feb7-9825-359f31b26de8,ok,66,26,1336,323.549,55,1980,9501,16308,144482
594,20139.110905743,20139.111251305,,0,GPU-42e33043-7008-2803-9ba8-9bb9ef7d0845,ok,0,0,467,34.129,59,210,405,439,341
594,20139.110905743,20139.111298505,,1,GPU-bff95c83-0adb-feb7-9825-359f31b26de8,ok,68,25,1336,323.618,55,1980,9501,16357,137597
595,20140.110905743,20140.111267491,,0,GPU-42e33043-7008-2803-9ba8-9bb9ef7d0845,ok,0,0,467,24.749,59,210,405,439,292
595,20140.110905743,20140.111326201,,1,GPU-bff95c83-0adb-feb7-9825-359f31b26de8,ok,70,27,1336,323.966,55,1980,9501,16162,138769
596,20141.110905743,20141.111357618,,0,GPU-42e33043-7008-2803-9ba8-9bb9ef7d0845,ok,0,0,467,23.207,58,210,405,439,292
596,20141.110905743,20141.111391078,,1,GPU-bff95c83-0adb-feb7-9825-359f31b26de8,ok,68,28,1336,323.829,55,1980,9501,16259,139208
597,20142.110905743,20142.111273055,,0,GPU-42e33043-7008-2803-9ba8-9bb9ef7d0845,ok,0,0,467,22.62,58,210,405,439,341
597,20142.110905743,20142.111330835,,1,GPU-bff95c83-0adb-feb7-9825-359f31b26de8,ok,68,25,1336,324.073,55,1980,9501,15429,138525
598,20143.110905743,20143.111442702,,0,GPU-42e33043-7008-2803-9ba8-9bb9ef7d0845,ok,0,0,467,22.632,58,210,405,439,341
598,20143.110905743,20143.111355412,,1,GPU-bff95c83-0adb-feb7-9825-359f31b26de8,ok,0,0,1336,252.382,50,1980,9501,585,292
599,20144.110905743,20144.111270629,,0,GPU-42e33043-7008-2803-9ba8-9bb9ef7d0845,ok,0,0,467,22.8,58,210,405,488,341
599,20144.110905743,20144.111355339,,1,GPU-bff95c83-0adb-feb7-9825-359f31b26de8,ok,0,0,1336,156.142,49,1980,9501,12060,31835
600,20145.110905743,20145.111460906,,0,GPU-42e33043-7008-2803-9ba8-9bb9ef7d0845,ok,0,0,467,24.505,59,210,405,439,341
600,20145.110905743,20145.111421806,,1,GPU-bff95c83-0adb-feb7-9825-359f31b26de8,ok,39,16,1336,220.792,52,1980,9501,11083,30908
601,20146.110905743,20146.111339992,,0,GPU-42e33043-7008-2803-9ba8-9bb9ef7d0845,ok,0,0,467,33.501,59,210,405,488,390
601,20146.110905743,20146.111386372,,1,GPU-bff95c83-0adb-feb7-9825-359f31b26de8,ok,41,15,1336,252.429,52,1980,9501,13525,114843
602,20147.110905743,20147.111643549,,0,GPU-42e33043-7008-2803-9ba8-9bb9ef7d0845,ok,0,0,467,24.738,59,210,405,488,390
602,20147.110905743,20147.111269949,,1,GPU-bff95c83-0adb-feb7-9825-359f31b26de8,ok,55,22,1336,276.352,53,1980,9501,16162,138574
603,20148.110905743,20148.111399106,,0,GPU-42e33043-7008-2803-9ba8-9bb9ef7d0845,ok,0,0,467,23.319,58,210,405,439,341
603,20148.110905743,20148.111382316,,1,GPU-bff95c83-0adb-feb7-9825-359f31b26de8,ok,69,28,1336,319.985,55,1980,9501,16308,139160
604,20149.110905743,20149.111437113,,0,GPU-42e33043-7008-2803-9ba8-9bb9ef7d0845,ok,0,0,467,22.767,58,210,405,488,390
604,20149.110905743,20149.111419593,,1,GPU-bff95c83-0adb-feb7-9825-359f31b26de8,ok,67,28,1336,326.34,55,1980,9501,16308,138769
605,20150.110905743,20150.11182946,,0,GPU-42e33043-7008-2803-9ba8-9bb9ef7d0845,ok,0,0,467,22.631,58,210,405,439,341
605,20150.110905743,20150.11181375,,1,GPU-bff95c83-0adb-feb7-9825-359f31b26de8,ok,72,28,1336,325.752,55,1980,9501,16699,139160
606,20151.110905743,20151.111335157,,0,GPU-42e33043-7008-2803-9ba8-9bb9ef7d0845,ok,0,0,467,22.723,58,210,405,488,390
606,20151.110905743,20151.111403427,,1,GPU-bff95c83-0adb-feb7-9825-359f31b26de8,ok,70,26,1336,325.782,55,1980,9501,16406,140429
607,20152.110905743,20152.111320583,,0,GPU-42e33043-7008-2803-9ba8-9bb9ef7d0845,ok,1,0,467,22.746,58,210,405,439,390
607,20152.110905743,20152.111370423,,1,GPU-bff95c83-0adb-feb7-9825-359f31b26de8,ok,68,27,1336,325.613,55,1980,9501,16748,135986
608,20153.110905743,20153.111679,,0,GPU-42e33043-7008-2803-9ba8-9bb9ef7d0845,ok,0,0,467,33.752,59,210,405,439,390
608,20153.110905743,20153.111779011,,1,GPU-bff95c83-0adb-feb7-9825-359f31b26de8,ok,69,28,1336,325.802,55,1980,9501,390,292
609,20154.110905743,20154.111301767,,0,GPU-42e33043-7008-2803-9ba8-9bb9ef7d0845,ok,0,0,467,23.97,59,210,405,439,341
609,20154.110905743,20154.111263917,,1,GPU-bff95c83-0adb-feb7-9825-359f31b26de8,ok,0,0,1336,194.044,49,1980,9501,341,292
610,20155.110905743,20155.111330264,,0,GPU-42e33043-7008-2803-9ba8-9bb9ef7d0845,ok,0,0,467,22.858,58,210,405,439,341
610,20155.110905743,20155.112207414,,1,GPU-bff95c83-0adb-feb7-9825-359f31b26de8,ok,41,17,1336,182.841,51,1950,9501,5371,112207
611,20156.110905743,20156.111320321,,0,GPU-42e33043-7008-2803-9ba8-9bb9ef7d0845,ok,0,0,467,23.053,58,210,405,488,390
611,20156.110905743,20156.111294931,,1,GPU-bff95c83-0adb-feb7-9825-359f31b26de8,ok,40,15,1336,252.574,52,1980,9501,5419,111962
612,20157.110905743,20157.111324238,,0,GPU-42e33043-7008-2803-9ba8-9bb9ef7d0845,ok,0,0,467,23.33,58,210,405,439,341
612,20157.110905743,20157.111370948,,1,GPU-bff95c83-0adb-feb7-9825-359f31b26de8,ok,42,16,1336,257.95,52,1980,9501,11572,33056
613,20158.110905743,20158.111330254,,0,GPU-42e33043-7008-2803-9ba8-9bb9ef7d0845,ok,0,0,467,23.441,58,210,405,488,341
613,20158.110905743,20158.111411395,,1,GPU-bff95c83-0adb-feb7-9825-359f31b26de8,ok,40,16,1336,254.803,52,1980,9501,5371,111279
614,20159.110905743,20159.111443211,,0,GPU-42e33043-7008-2803-9ba8-9bb9ef7d0845,ok,0,0,467,23.285,58,210,405,537,390
614,20159.110905743,20159.111394881,,1,GPU-bff95c83-0adb-feb7-9825-359f31b26de8,ok,40,14,1336,255.241,52,1980,9501,12695,28857
615,20160.110905743,20160.111294638,,0,GPU-42e33043-7008-2803-9ba8-9bb9ef7d0845,ok,0,0,467,28.686,59,210,405,439,390
615,20160.110905743,20160.111388238,,1,GPU-bff95c83-0adb-feb7-9825-359f31b26de8,ok,40,15,1336,254.195,52,1980,9501,11914,32373
616,20161.110905743,20161.111377965,,0,GPU-42e33043-7008-2803-9ba8-9bb9ef7d0845,ok,0,0,467,34.355,59,210,405,488,341
616,20161.110905743,20161.111477655,,1,GPU-bff95c83-0adb-feb7-9825-359f31b26de8,ok,41,16,1336,254.493,52,1980,9501,5761,110253
617,20162.110905743,20162.111285002,,0,GPU-42e33043-7008-2803-9ba8-9bb9ef7d0845,ok,0,0,467,25.353,59,210,405,439,341
617,20162.110905743,20162.111377912,,1,GPU-bff95c83-0adb-feb7-9825-359f31b26de8,ok,40,14,1336,258.578,52,1980,9501,12402,32763
618,20163.110905743,20163.111329799,,0,GPU-42e33043-7008-2803-9ba8-9bb9ef7d0845,ok,0,0,467,23.831,58,210,405,439,341
618,20163.110905743,20163.111346949,,1,GPU-bff95c83-0adb-feb7-9825-359f31b26de8,ok,41,17,1336,254.388,52,1980,9501,12011,117822
619,20164.110905743,20164.111313816,,0,GPU-42e33043-7008-2803-9ba8-9bb9ef7d0845,ok,0,0,467,23.21,58,210,405,488,390
619,20164.110905743,20164.112130986,,1,GPU-bff95c83-0adb-feb7-9825-359f31b26de8,ok,41,17,1336,250.165,52,1980,9501,4589,114892
620,20165.110905743,20165.111351662,,0,GPU-42e33043-7008-2803-9ba8-9bb9ef7d0845,ok,0,0,467,23.198,58,210,405,439,341
620,20165.110905743,20165.111335812,,1,GPU-bff95c83-0adb-feb7-9825-359f31b26de8,ok,38,15,1336,253.134,52,1980,9501,5712,108935
621,20166.110905743,20166.111345479,,0,GPU-42e33043-7008-2803-9ba8-9bb9ef7d0845,ok,0,0,467,23.359,58,210,405,439,390
621,20166.110905743,20166.111299579,,1,GPU-bff95c83-0adb-feb7-9825-359f31b26de8,ok,40,14,1336,253.927,52,1980,9501,11474,32714
622,20167.110905743,20167.111326056,,0,GPU-42e33043-7008-2803-9ba8-9bb9ef7d0845,ok,0,0,467,27.823,59,210,405,439,341
622,20167.110905743,20167.111310496,,1,GPU-bff95c83-0adb-feb7-9825-359f31b26de8,ok,39,17,1336,254.835,52,1980,9501,8593,114941
623,20168.110905743,20168.111363943,,0,GPU-42e33043-7008-2803-9ba8-9bb9ef7d0845,ok,0,0,467,33.803,59,210,405,439,341
623,20168.110905743,20168.111387013,,1,GPU-bff95c83-0adb-feb7-9825-359f31b26de8,ok,39,16,1336,253.844,52,1980,9501,5615,113476
624,20169.110905743,20169.11123537,,0,GPU-42e33043-7008-2803-9ba8-9bb9ef7d0845,ok,0,0,467,25.109,59,210,405,439,341
624,20169.110905743,20169.11129,,1,GPU-bff95c83-0adb-feb7-9825-359f31b26de8,ok,0,0,1336,198.834,49,1980,9501,390,292
625,20170.110905743,20170.111396087,,0,GPU-42e33043-7008-2803-9ba8-9bb9ef7d0845,ok,0,0,467,23.529,58,210,405,439,292
625,20170.110905743,20170.111316437,,1,GPU-bff95c83-0adb-feb7-9825-359f31b26de8,ok,40,14,1336,167.369,51,1980,9501,11865,35449
626,20171.110905743,20171.111277863,,0,GPU-42e33043-7008-2803-9ba8-9bb9ef7d0845,ok,0,0,467,22.952,58,210,405,439,390
626,20171.110905743,20171.111250093,,1,GPU-bff95c83-0adb-feb7-9825-359f31b26de8,ok,38,14,1336,255.274,52,1980,9501,12060,35107
627,20172.110905743,20172.11133333,,0,GPU-42e33043-7008-2803-9ba8-9bb9ef7d0845,ok,0,0,467,23.234,58,210,405,439,341
627,20172.110905743,20172.1112537,,1,GPU-bff95c83-0adb-feb7-9825-359f31b26de8,ok,40,17,1336,254.604,52,1980,9501,11572,114550
628,20173.110905743,20173.111266577,,0,GPU-42e33043-7008-2803-9ba8-9bb9ef7d0845,ok,0,0,467,23.505,58,210,405,439,341
628,20173.110905743,20173.111947667,,1,GPU-bff95c83-0adb-feb7-9825-359f31b26de8,ok,39,16,1336,254.904,52,1980,9501,5615,109765
629,20174.110905743,20174.111216714,,0,GPU-42e33043-7008-2803-9ba8-9bb9ef7d0845,ok,0,0,467,26.979,59,210,405,439,341
629,20174.110905743,20174.111899164,,1,GPU-bff95c83-0adb-feb7-9825-359f31b26de8,ok,40,14,1336,253.838,52,1965,9501,5957,27880
630,20175.110905743,20175.111369681,,0,GPU-42e33043-7008-2803-9ba8-9bb9ef7d0845,ok,0,0,467,33.984,59,210,405,439,341
630,20175.110905743,20175.111352651,,1,GPU-bff95c83-0adb-feb7-9825-359f31b26de8,ok,41,15,1336,251.757,52,1980,9501,12011,30419
631,20176.110905743,20176.111346928,,0,GPU-42e33043-7008-2803-9ba8-9bb9ef7d0845,ok,0,0,467,24.749,59,210,405,439,341
631,20176.110905743,20176.111365568,,1,GPU-bff95c83-0adb-feb7-9825-359f31b26de8,ok,40,16,1336,254.824,52,1980,9501,11669,116748
632,20177.110905743,20177.111348154,,0,GPU-42e33043-7008-2803-9ba8-9bb9ef7d0845,ok,0,0,467,23.578,59,210,405,439,341
632,20177.110905743,20177.111322534,,1,GPU-bff95c83-0adb-feb7-9825-359f31b26de8,ok,40,17,1336,254.202,52,1980,9501,4833,114306
633,20178.110905743,20178.111323471,,0,GPU-42e33043-7008-2803-9ba8-9bb9ef7d0845,ok,0,0,467,23.409,59,210,405,439,341
633,20178.110905743,20178.111417361,,1,GPU-bff95c83-0adb-feb7-9825-359f31b26de8,ok,40,16,1336,254.315,53,1980,9501,12744,28222
634,20179.110905743,20179.111218668,,0,GPU-42e33043-7008-2803-9ba8-9bb9ef7d0845,ok,0,0,467,23.421,59,210,405,488,341
634,20179.110905743,20179.111903878,,1,GPU-bff95c83-0adb-feb7-9825-359f31b26de8,ok,40,15,1336,254.511,52,1980,9501,12548,29589
635,20180.110905743,20180.111312225,,0,GPU-42e33043-7008-2803-9ba8-9bb9ef7d0845,ok,0,0,467,23.497,59,210,405,439,341
635,20180.110905743,20180.112026655,,1,GPU-bff95c83-0adb-feb7-9825-359f31b26de8,ok,39,14,1336,254.16,52,1980,9501,12060,33300
636,20181.110905743,20181.111369702,,0,GPU-42e33043-7008-2803-9ba8-9bb9ef7d0845,ok,0,0,467,26.231,59,210,405,439,341
636,20181.110905743,20181.111388332,,1,GPU-bff95c83-0adb-feb7-9825-359f31b26de8,ok,50,19,1336,256.334,53,1980,9501,5517,108398
637,20182.110905743,20182.111248829,,0,GPU-42e33043-7008-2803-9ba8-9bb9ef7d0845,ok,0,0,467,34.297,59,210,405,439,341
637,20182.110905743,20182.111325239,,1,GPU-bff95c83-0adb-feb7-9825-359f31b26de8,ok,42,16,1336,258.553,53,1980,9501,12158,32031
638,20183.110905743,20183.111217695,,0,GPU-42e33043-7008-2803-9ba8-9bb9ef7d0845,ok,0,0,467,25.513,59,210,405,488,341
638,20183.110905743,20183.111946426,,1,GPU-bff95c83-0adb-feb7-9825-359f31b26de8,ok,41,15,1336,253.685,53,1980,9501,12304,30078
639,20184.110905743,20184.111304462,,0,GPU-42e33043-7008-2803-9ba8-9bb9ef7d0845,ok,0,0,467,24.001,59,210,405,439,341
639,20184.110905743,20184.112014493,,1,GPU-bff95c83-0adb-feb7-9825-359f31b26de8,ok,0,0,1336,220.401,50,1980,9501,341,292
640,20185.110905743,20185.111198509,,0,GPU-42e33043-7008-2803-9ba8-9bb9ef7d0845,ok,0,0,467,23.111,59,210,405,488,341
640,20185.110905743,20185.111249279,,1,GPU-bff95c83-0adb-feb7-9825-359f31b26de8,ok,0,0,1336,166.322,49,1980,9501,11328,112158
641,20186.110905743,20186.111300866,,0,GPU-42e33043-7008-2803-9ba8-9bb9ef7d0845,ok,0,0,467,22.828,59,210,405,439,341
641,20186.110905743,20186.111946756,,1,GPU-bff95c83-0adb-feb7-9825-359f31b26de8,ok,41,17,1336,199.011,52,1965,9501,5175,112109
642,20187.110905743,20187.111319333,,0,GPU-42e33043-7008-2803-9ba8-9bb9ef7d0845,ok,0,0,467,23.191,59,210,405,488,341
642,20187.110905743,20187.111404613,,1,GPU-bff95c83-0adb-feb7-9825-359f31b26de8,ok,40,15,1336,254.725,52,1980,9501,12597,26757
643,20188.110905743,20188.11132191,,0,GPU-42e33043-7008-2803-9ba8-9bb9ef7d0845,ok,0,0,467,24.762,59,210,405,439,341
643,20188.110905743,20188.1114396,,1,GPU-bff95c83-0adb-feb7-9825-359f31b26de8,ok,41,14,1336,254.43,53,1980,9501,12158,31396
644,20189.110905743,20189.111325866,,0,GPU-42e33043-7008-2803-9ba8-9bb9ef7d0845,ok,0,0,467,33.798,60,210,405,439,341
644,20189.110905743,20189.111434146,,1,GPU-bff95c83-0adb-feb7-9825-359f31b26de8,ok,39,14,1336,254.095,52,1980,9501,12548,29345
645,20190.110905743,20190.111364383,,0,GPU-42e33043-7008-2803-9ba8-9bb9ef7d0845,ok,0,0,467,25.233,60,210,405,488,292
645,20190.110905743,20190.111454683,,1,GPU-bff95c83-0adb-feb7-9825-359f31b26de8,ok,37,15,1336,253.921,52,1980,9501,12695,27050
646,20191.110905743,20191.11134303,,0,GPU-42e33043-7008-2803-9ba8-9bb9ef7d0845,ok,0,0,467,23.834,59,210,405,488,341
646,20191.110905743,20191.11140286,,1,GPU-bff95c83-0adb-feb7-9825-359f31b26de8,ok,41,14,1336,255.077,53,1980,9501,12060,28564
647,20192.110905743,20192.111378617,,0,GPU-42e33043-7008-2803-9ba8-9bb9ef7d0845,ok,0,0,467,23.37,59,210,405,488,341
647,20192.110905743,20192.111443927,,1,GPU-bff95c83-0adb-feb7-9825-359f31b26de8,ok,39,16,1336,256.599,52,1980,9501,5029,112500
648,20193.110905743,20193.111472404,,0,GPU-42e33043-7008-2803-9ba8-9bb9ef7d0845,ok,0,0,467,23.335,59,210,405,439,390
648,20193.110905743,20193.112167204,,1,GPU-bff95c83-0adb-feb7-9825-359f31b26de8,ok,39,15,1336,253.726,52,1980,9501,12255,27978
649,20194.110905743,20194.111523231,,0,GPU-42e33043-7008-2803-9ba8-9bb9ef7d0845,ok,0,0,467,23.418,59,210,405,439,341
649,20194.110905743,20194.111614601,,1,GPU-bff95c83-0adb-feb7-9825-359f31b26de8,ok,40,15,1336,254.334,53,1980,9501,12451,27783
650,20195.110905743,20195.111620138,,0,GPU-42e33043-7008-2803-9ba8-9bb9ef7d0845,ok,1,0,467,23.252,59,210,405,488,341
650,20195.110905743,20195.112284318,,1,GPU-bff95c83-0adb-feb7-9825-359f31b26de8,ok,38,16,1336,253.492,52,1980,9501,5566,109179
651,20196.110905743,20196.111265854,,0,GPU-42e33043-7008-2803-9ba8-9bb9ef7d0845,ok,0,0,467,34.007,60,210,405,488,341
651,20196.110905743,20196.111958815,,1,GPU-bff95c83-0adb-feb7-9825-359f31b26de8,ok,41,17,1336,254.181,53,1980,9501,4736,112548
652,20197.110905743,20197.111385481,,0,GPU-42e33043-7008-2803-9ba8-9bb9ef7d0845,ok,0,0,467,24.816,60,210,405,488,390
652,20197.110905743,20197.111493021,,1,GPU-bff95c83-0adb-feb7-9825-359f31b26de8,ok,39,16,1336,254.833,52,1965,9501,5566,109277
653,20198.110905743,20198.111384188,,0,GPU-42e33043-7008-2803-9ba8-9bb9ef7d0845,ok,0,0,467,23.495,59,210,405,439,341
653,20198.110905743,20198.112115908,,1,GPU-bff95c83-0adb-feb7-9825-359f31b26de8,ok,41,17,1336,248.744,52,1980,9501,5175,108691
654,20199.110905743,20199.111362785,,0,GPU-42e33043-7008-2803-9ba8-9bb9ef7d0845,ok,0,0,467,23.238,59,210,405,439,341
654,20199.110905743,20199.111422655,,1,GPU-bff95c83-0adb-feb7-9825-359f31b26de8,ok,43,17,1336,253.947,53,1980,9501,390,292
655,20200.110905743,20200.111248722,,0,GPU-42e33043-7008-2803-9ba8-9bb9ef7d0845,ok,0,0,467,23.106,59,210,405,439,341
655,20200.110905743,20200.111312302,,1,GPU-bff95c83-0adb-feb7-9825-359f31b26de8,ok,0,0,1336,176.342,49,1980,9501,390,292
656,20201.110905743,20201.111307328,,0,GPU-42e33043-7008-2803-9ba8-9bb9ef7d0845,ok,0,0,467,23.01,59,210,405,488,341
656,20201.110905743,20201.111997009,,1,GPU-bff95c83-0adb-feb7-9825-359f31b26de8,ok,41,17,1336,182.152,51,1905,9501,12109,32373
657,20202.110905743,20202.111640045,,0,GPU-42e33043-7008-2803-9ba8-9bb9ef7d0845,ok,0,0,467,23.067,59,210,405,488,341
657,20202.110905743,20202.111707695,,1,GPU-bff95c83-0adb-feb7-9825-359f31b26de8,ok,40,16,1336,251.813,53,1980,9501,12109,31396
658,20203.110905743,20203.111441582,,0,GPU-42e33043-7008-2803-9ba8-9bb9ef7d0845,ok,0,0,467,28.674,60,210,405,439,341
658,20203.110905743,20203.112069423,,1,GPU-bff95c83-0adb-feb7-9825-359f31b26de8,ok,41,14,1336,255.865,52,1980,9501,12402,114062
659,20204.110905743,20204.111587619,,0,GPU-42e33043-7008-2803-9ba8-9bb9ef7d0845,ok,0,0,467,34.521,60,210,405,439,341
659,20204.110905743,20204.111662919,,1,GPU-bff95c83-0adb-feb7-9825-359f31b26de8,ok,40,16,1336,254.692,52,1980,9501,5175,114355
660,20205.110905743,20205.111559536,,0,GPU-42e33043-7008-2803-9ba8-9bb9ef7d0845,ok,0,0,467,24.512,60,210,405,439,341
660,20205.110905743,20205.112390336,,1,GPU-bff95c83-0adb-feb7-9825-359f31b26de8,ok,40,16,1336,255.25,53,1980,9501,11914,33886
661,20206.110905743,20206.111309083,,0,GPU-42e33043-7008-2803-9ba8-9bb9ef7d0845,ok,0,0,467,23.413,59,210,405,439,341
661,20206.110905743,20206.111377923,,1,GPU-bff95c83-0adb-feb7-9825-359f31b26de8,ok,38,13,1336,254.328,52,1980,9501,12109,32812
662,20207.110905743,20207.111295659,,0,GPU-42e33043-7008-2803-9ba8-9bb9ef7d0845,ok,0,0,467,23.299,59,210,405,488,341
662,20207.110905743,20207.11199597,,1,GPU-bff95c83-0adb-feb7-9825-359f31b26de8,ok,42,15,1336,254.11,53,1980,9501,11523,118017
663,20208.110905743,20208.111314076,,0,GPU-42e33043-7008-2803-9ba8-9bb9ef7d0845,ok,0,0,467,23.275,59,210,405,488,341
663,20208.110905743,20208.112012107,,1,GPU-bff95c83-0adb-feb7-9825-359f31b26de8,ok,40,17,1336,253.62,53,1980,9501,5322,113085
664,20209.110905743,20209.111326073,,0,GPU-42e33043-7008-2803-9ba8-9bb9ef7d0845,ok,0,0,467,23.489,59,210,405,439,341
664,20209.110905743,20209.111413443,,1,GPU-bff95c83-0adb-feb7-9825-359f31b26de8,ok,39,16,1336,254.726,53,1980,9501,12304,31250
665,20210.110905743,20210.11144933,,0,GPU-42e33043-7008-2803-9ba8-9bb9ef7d0845,ok,0,0,467,28.106,60,210,405,439,341
665,20210.110905743,20210.11156192,,1,GPU-bff95c83-0adb-feb7-9825-359f31b26de8,ok,39,16,1336,253.964,52,1980,9501,12646,29003
666,20211.110905743,20211.111316267,,0,GPU-42e33043-7008-2803-9ba8-9bb9ef7d0845,ok,0,0,467,34.731,60,210,405,488,341
666,20211.110905743,20211.111386987,,1,GPU-bff95c83-0adb-feb7-9825-359f31b26de8,ok,39,16,1336,253.34,53,1980,9501,5712,27783
667,20212.110905743,20212.111335074,,0,GPU-42e33043-7008-2803-9ba8-9bb9ef7d0845,ok,0,0,467,25.404,60,210,405,439,341
667,20212.110905743,20212.111424484,,1,GPU-bff95c83-0adb-feb7-9825-359f31b26de8,ok,40,16,1336,253.777,53,1980,9501,5957,104296
668,20213.110905743,20213.11129259,,0,GPU-42e33043-7008-2803-9ba8-9bb9ef7d0845,ok,0,0,467,23.926,59,210,405,439,341
668,20213.110905743,20213.111985151,,1,GPU-bff95c83-0adb-feb7-9825-359f31b26de8,ok,37,16,1336,253.77,52,1980,9501,12646,28515
669,20214.110905743,20214.111307427,,0,GPU-42e33043-7008-2803-9ba8-9bb9ef7d0845,ok,0,0,467,23.363,59,210,405,488,341
669,20214.110905743,20214.111996198,,1,GPU-bff95c83-0adb-feb7-9825-359f31b26de8,ok,39,16,1336,253.549,53,1980,9501,12792,32373
670,20215.110905743,20215.111223084,,0,GPU-42e33043-7008-2803-9ba8-9bb9ef7d0845,ok,0,0,467,23.302,59,210,405,488,341
670,20215.110905743,20215.111279614,,1,GPU-bff95c83-0adb-feb7-9825-359f31b26de8,ok,0,0,1336,209.644,50,1980,9501,390,292
671,20216.110905743,20216.111223171,,0,GPU-42e33043-7008-2803-9ba8-9bb9ef7d0845,ok,0,0,467,23.251,59,210,405,439,341
671,20216.110905743,20216.111276601,,1,GPU-bff95c83-0adb-feb7-9825-359f31b26de8,ok,32,10,1336,156.39,50,1980,9501,16552,41308
672,20217.110905743,20217.111306658,,0,GPU-42e33043-7008-2803-9ba8-9bb9ef7d0845,ok,0,0,467,26.546,60,210,405,488,390
672,20217.110905743,20217.111357118,,1,GPU-bff95c83-0adb-feb7-9825-359f31b26de8,ok,72,28,1336,249.727,55,1980,9501,16503,140869
673,20218.110905743,20218.111229595,,0,GPU-42e33043-7008-2803-9ba8-9bb9ef7d0845,ok,0,0,467,33.763,60,210,405,439,390
673,20218.110905743,20218.111285585,,1,GPU-bff95c83-0adb-feb7-9825-359f31b26de8,ok,69,28,1336,327.469,55,1980,9501,16455,139355
674,20219.110905743,20219.111225581,,0,GPU-42e33043-7008-2803-9ba8-9bb9ef7d0845,ok,0,0,467,24.781,60,210,405,439,341
674,20219.110905743,20219.111284232,,1,GPU-bff95c83-0adb-feb7-9825-359f31b26de8,ok,70,28,1336,327.264,55,1980,9501,16455,139990
675,20220.110905743,20220.111328698,,0,GPU-42e33043-7008-2803-9ba8-9bb9ef7d0845,ok,0,0,467,23.476,59,210,405,439,341
675,20220.110905743,20220.111288528,,1,GPU-bff95c83-0adb-feb7-9825-359f31b26de8,ok,70,26,1336,326.929,55,1980,9501,16357,139453
676,20221.110905743,20221.111292505,,0,GPU-42e33043-7008-2803-9ba8-9bb9ef7d0845,ok,0,0,467,23.157,59,210,405,439,341
676,20221.110905743,20221.111360185,,1,GPU-bff95c83-0adb-feb7-9825-359f31b26de8,ok,68,27,1336,326.572,55,1980,9501,16650,139306
677,20222.110905743,20222.111482362,,0,GPU-42e33043-7008-2803-9ba8-9bb9ef7d0845,ok,0,0,467,23.112,59,210,405,439,341
677,20222.110905743,20222.111416982,,1,GPU-bff95c83-0adb-feb7-9825-359f31b26de8,ok,69,28,1336,327.472,55,1980,9501,16308,138964
678,20223.110905743,20223.111277419,,0,GPU-42e33043-7008-2803-9ba8-9bb9ef7d0845,ok,0,0,467,23.236,59,210,405,488,390
678,20223.110905743,20223.111327949,,1,GPU-bff95c83-0adb-feb7-9825-359f31b26de8,ok,71,28,1336,327.36,55,1980,9501,16406,139941
679,20224.110905743,20224.111231146,,0,GPU-42e33043-7008-2803-9ba8-9bb9ef7d0845,ok,0,0,467,25.914,60,210,405,439,341
679,20224.110905743,20224.111288706,,1,GPU-bff95c83-0adb-feb7-9825-359f31b26de8,ok,77,29,1336,315.535,55,1980,9501,390,292
680,20225.110905743,20225.111315173,,0,GPU-42e33043-7008-2803-9ba8-9bb9ef7d0845,ok,0,0,467,33.977,60,210,405,439,390
680,20225.110905743,20225.111423813,,1,GPU-bff95c83-0adb-feb7-9825-359f31b26de8,ok,0,0,1336,176.547,50,1980,9501,341,244
681,20226.110905743,20226.111245469,,0,GPU-42e33043-7008-2803-9ba8-9bb9ef7d0845,ok,0,0,467,24.039,60,210,405,439,341
681,20226.110905743,20226.111313409,,1,GPU-bff95c83-0adb-feb7-9825-359f31b26de8,ok,67,27,1336,247.115,54,1980,9501,16064,137988
682,20227.110905743,20227.111276956,,0,GPU-42e33043-7008-2803-9ba8-9bb9ef7d0845,ok,0,0,467,23.048,59,210,405,439,341
682,20227.110905743,20227.111364456,,1,GPU-bff95c83-0adb-feb7-9825-359f31b26de8,ok,70,26,1336,324.155,55,1980,9501,16210,139550
683,20228.110905743,20228.111281773,,0,GPU-42e33043-7008-2803-9ba8-9bb9ef7d0845,ok,0,0,467,23.034,59,210,405,439,341
683,20228.110905743,20228.111385103,,1,GPU-bff95c83-0adb-feb7-9825-359f31b26de8,ok,68,28,1336,324.895,55,1980,9501,16650,137841
684,20229.110905743,20229.11181771,,0,GPU-42e33043-7008-2803-9ba8-9bb9ef7d0845,ok,0,0,467,23.082,59,210,405,488,341
684,20229.110905743,20229.11184595,,1,GPU-bff95c83-0adb-feb7-9825-359f31b26de8,ok,67,25,1336,324.119,55,1980,9501,16308,142724
685,20230.110905743,20230.111327717,,0,GPU-42e33043-7008-2803-9ba8-9bb9ef7d0845,ok,0,0,467,23.282,59,210,405,488,341
685,20230.110905743,20230.111355917,,1,GPU-bff95c83-0adb-feb7-9825-359f31b26de8,ok,71,28,1336,324.559,55,1980,9501,16601,139208
686,20231.110905743,20231.111244654,,0,GPU-42e33043-7008-2803-9ba8-9bb9ef7d0845,ok,0,0,467,24.539,60,210,405,439,341
686,20231.110905743,20231.111294764,,1,GPU-bff95c83-0adb-feb7-9825-359f31b26de8,ok,69,28,1336,324.22,55,1980,9501,16308,138720
687,20232.110905743,20232.11133641,,0,GPU-42e33043-7008-2803-9ba8-9bb9ef7d0845,ok,0,0,467,34.487,60,210,405,439,341
687,20232.110905743,20232.112022001,,1,GPU-bff95c83-0adb-feb7-9825-359f31b26de8,ok,69,27,1336,323.987,55,1980,9501,16308,139355
688,20233.110905743,20233.111401277,,0,GPU-42e33043-7008-2803-9ba8-9bb9ef7d0845,ok,0,0,467,25.067,60,210,405,439,341
688,20233.110905743,20233.111382827,,1,GPU-bff95c83-0adb-feb7-9825-359f31b26de8,ok,70,28,1336,324.779,55,1980,9501,16113,140136
689,20234.110905743,20234.111393864,,0,GPU-42e33043-7008-2803-9ba8-9bb9ef7d0845,ok,0,0,467,23.514,59,210,405,439,341
689,20234.110905743,20234.111440624,,1,GPU-bff95c83-0adb-feb7-9825-359f31b26de8,ok,0,0,1336,242.208,50,1980,9501,390,292
690,20235.110905743,20235.111396561,,0,GPU-42e33043-7008-2803-9ba8-9bb9ef7d0845,ok,0,0,467,22.804,59,210,405,439,341
690,20235.110905743,20235.111448631,,1,GPU-bff95c83-0adb-feb7-9825-359f31b26de8,ok,0,0,1336,181.797,49,1980,9501,11425,114306
691,20236.110905743,20236.111478598,,0,GPU-42e33043-7008-2803-9ba8-9bb9ef7d0845,ok,0,0,467,22.789,59,210,405,439,341
691,20236.110905743,20236.111375748,,1,GPU-bff95c83-0adb-feb7-9825-359f31b26de8,ok,0,0,1336,185.452,49,1980,9501,390,292
692,20237.110905743,20237.111273015,,0,GPU-42e33043-7008-2803-9ba8-9bb9ef7d0845,ok,0,0,464,22.982,59,210,405,439,341
692,20237.110905743,20237.111319205,,1,GPU-bff95c83-0adb-feb7-9825-359f31b26de8,ok,0,0,464,156.299,49,1980,9501,390,292
693,20238.110905743,20238.111287751,,0,GPU-42e33043-7008-2803-9ba8-9bb9ef7d0845,ok,0,0,464,30.775,60,210,405,439,341
693,20238.110905743,20238.111268131,,1,GPU-bff95c83-0adb-feb7-9825-359f31b26de8,ok,0,0,464,144.469,48,1785,9751,341,292
694,20239.110905743,20239.111323608,,0,GPU-42e33043-7008-2803-9ba8-9bb9ef7d0845,ok,0,0,467,35.29,60,210,405,439,341
694,20239.110905743,20239.111336768,,1,GPU-bff95c83-0adb-feb7-9825-359f31b26de8,ok,100,23,1528,173.444,52,1470,9501,5273,8105
695,20240.110905743,20240.111274165,,0,GPU-42e33043-7008-2803-9ba8-9bb9ef7d0845,ok,0,0,467,35.415,60,210,405,439,341
695,20240.110905743,20240.111327655,,1,GPU-bff95c83-0adb-feb7-9825-359f31b26de8,ok,100,23,1528,349.962,55,1485,9501,4492,8007
696,20241.110905743,20241.111322292,,0,GPU-42e33043-7008-2803-9ba8-9bb9ef7d0845,ok,0,0,467,24.081,60,210,405,439,341
696,20241.110905743,20241.111350622,,1,GPU-bff95c83-0adb-feb7-9825-359f31b26de8,ok,100,24,1528,349.975,56,1485,9501,4443,8251
697,20242.110905743,20242.111303019,,0,GPU-42e33043-7008-2803-9ba8-9bb9ef7d0845,ok,0,0,467,22.872,59,210,405,488,390
697,20242.110905743,20242.111314529,,1,GPU-bff95c83-0adb-feb7-9825-359f31b26de8,ok,100,21,1528,349.724,56,1485,9501,4003,8837
698,20243.110905743,20243.111258906,,0,GPU-42e33043-7008-2803-9ba8-9bb9ef7d0845,ok,0,0,467,22.649,59,210,405,439,341
698,20243.110905743,20243.111305476,,1,GPU-bff95c83-0adb-feb7-9825-359f31b26de8,ok,100,22,1528,349.531,56,1485,9501,4101,10595
699,20244.110905743,20244.111356292,,0,GPU-42e33043-7008-2803-9ba8-9bb9ef7d0845,ok,0,0,467,22.626,59,210,405,390,341
699,20244.110905743,20244.111293682,,1,GPU-bff95c83-0adb-feb7-9825-359f31b26de8,ok,100,22,1528,349.679,56,1485,9501,3662,10107
700,20245.110905743,20245.111242319,,0,GPU-42e33043-7008-2803-9ba8-9bb9ef7d0845,ok,0,0,467,22.776,59,210,405,439,341
700,20245.110905743,20245.111288119,,1,GPU-bff95c83-0adb-feb7-9825-359f31b26de8,ok,100,24,1528,350.171,56,1470,9501,3613,11083
701,20246.110905743,20246.111242316,,0,GPU-42e33043-7008-2803-9ba8-9bb9ef7d0845,ok,0,0,467,31.893,60,210,405,439,341
701,20246.110905743,20246.111299566,,1,GPU-bff95c83-0adb-feb7-9825-359f31b26de8,ok,100,24,1528,349.408,56,1470,9501,3564,12109
702,20247.110905743,20247.111238453,,0,GPU-42e33043-7008-2803-9ba8-9bb9ef7d0845,ok,0,0,467,32.456,60,210,405,488,341
702,20247.110905743,20247.111283543,,1,GPU-bff95c83-0adb-feb7-9825-359f31b26de8,ok,100,22,1528,349.77,56,1470,9501,2978,12353
703,20248.110905743,20248.11133613,,0,GPU-42e33043-7008-2803-9ba8-9bb9ef7d0845,ok,0,0,467,24.163,60,210,405,439,341
703,20248.110905743,20248.11128117,,1,GPU-bff95c83-0adb-feb7-9825-359f31b26de8,ok,100,22,1528,349.382,56,1470,9501,3271,16357
704,20249.110905743,20249.111258407,,0,GPU-42e33043-7008-2803-9ba8-9bb9ef7d0845,ok,0,0,467,22.941,59,210,405,439,341
704,20249.110905743,20249.111305157,,1,GPU-bff95c83-0adb-feb7-9825-359f31b26de8,ok,100,22,1528,349.831,56,1470,9501,2734,13818
705,20250.110905743,20250.111287413,,0,GPU-42e33043-7008-2803-9ba8-9bb9ef7d0845,ok,0,0,467,22.702,59,210,405,439,341
705,20250.110905743,20250.111312303,,1,GPU-bff95c83-0adb-feb7-9825-359f31b26de8,ok,100,21,1528,349.833,56,1470,9501,2490,14062
706,20251.110905743,20251.11129603,,0,GPU-42e33043-7008-2803-9ba8-9bb9ef7d0845,ok,0,0,467,22.756,59,210,405,439,341
706,20251.110905743,20251.11131404,,1,GPU-bff95c83-0adb-feb7-9825-359f31b26de8,ok,100,26,1528,349.622,56,1455,9501,2441,13623
707,20252.110905743,20252.111302017,,0,GPU-42e33043-7008-2803-9ba8-9bb9ef7d0845,ok,0,0,467,22.95,59,210,405,488,341
707,20252.110905743,20252.111330527,,1,GPU-bff95c83-0adb-feb7-9825-359f31b26de8,ok,100,25,1528,349.69,56,1470,9501,2539,13867
708,20253.110905743,20253.111249464,,0,GPU-42e33043-7008-2803-9ba8-9bb9ef7d0845,ok,0,0,467,27.156,60,210,405,439,341
708,20253.110905743,20253.111305174,,1,GPU-bff95c83-0adb-feb7-9825-359f31b26de8,ok,100,22,1528,349.885,56,1485,9501,2783,13183
709,20254.110905743,20254.111231361,,0,GPU-42e33043-7008-2803-9ba8-9bb9ef7d0845,ok,0,0,467,33.637,60,210,405,439,341
709,20254.110905743,20254.111308201,,1,GPU-bff95c83-0adb-feb7-9825-359f31b26de8,ok,100,24,1528,350.126,56,1455,9501,2929,13281
710,20255.110905743,20255.111283138,,0,GPU-42e33043-7008-2803-9ba8-9bb9ef7d0845,ok,0,0,467,24.953,60,210,405,439,341
710,20255.110905743,20255.111306448,,1,GPU-bff95c83-0adb-feb7-9825-359f31b26de8,ok,100,20,1528,349.613,56,1470,9501,3173,11572
711,20256.110905743,20256.111302894,,0,GPU-42e33043-7008-2803-9ba8-9bb9ef7d0845,ok,0,0,467,23.374,59,210,405,439,341
711,20256.110905743,20256.111334215,,1,GPU-bff95c83-0adb-feb7-9825-359f31b26de8,ok,100,22,1528,349.383,56,1485,9501,3369,10986
712,20257.110905743,20257.111231551,,0,GPU-42e33043-7008-2803-9ba8-9bb9ef7d0845,ok,0,0,467,22.681,59,210,405,439,341
712,20257.110905743,20257.111300601,,1,GPU-bff95c83-0adb-feb7-9825-359f31b26de8,ok,100,23,1528,349.933,56,1470,9501,3857,12304
713,20258.110905743,20258.111299058,,0,GPU-42e33043-7008-2803-9ba8-9bb9ef7d0845,ok,0,0,467,22.672,59,210,405,439,341
713,20258.110905743,20258.111325638,,1,GPU-bff95c83-0adb-feb7-9825-359f31b26de8,ok,100,21,1528,349.782,56,1470,9501,3369,10595
714,20259.110905743,20259.111299575,,0,GPU-42e33043-7008-2803-9ba8-9bb9ef7d0845,ok,0,0,467,22.838,59,210,405,439,341
714,20259.110905743,20259.111332885,,1,GPU-bff95c83-0adb-feb7-9825-359f31b26de8,ok,100,20,1528,349.525,56,1485,9501,3955,9472
715,20260.110905743,20260.111303322,,0,GPU-42e33043-7008-2803-9ba8-9bb9ef7d0845,ok,0,0,467,26.195,60,210,405,439,341
715,20260.110905743,20260.111246702,,1,GPU-bff95c83-0adb-feb7-9825-359f31b26de8,ok,100,21,1528,349.762,56,1485,9501,4003,8300
716,20261.110905743,20261.111227639,,0,GPU-42e33043-7008-2803-9ba8-9bb9ef7d0845,ok,0,0,467,33.181,60,210,405,439,341
716,20261.110905743,20261.111299049,,1,GPU-bff95c83-0adb-feb7-9825-359f31b26de8,ok,100,25,1528,349.765,56,1485,9501,4541,7958
717,20262.110905743,20262.111306596,,0,GPU-42e33043-7008-2803-9ba8-9bb9ef7d0845,ok,0,0,467,24.613,60,210,405,439,341
717,20262.110905743,20262.111280006,,1,GPU-bff95c83-0adb-feb7-9825-359f31b26de8,ok,100,22,1528,349.746,56,1470,9501,4394,7910
718,20263.110905743,20263.111231342,,0,GPU-42e33043-7008-2803-9ba8-9bb9ef7d0845,ok,0,0,467,23.147,60,210,405,439,341
718,20263.110905743,20263.111301892,,1,GPU-bff95c83-0adb-feb7-9825-359f31b26de8,ok,100,22,1528,349.584,56,1485,9501,4541,7666
719,20264.110905743,20264.111236029,,0,GPU-42e33043-7008-2803-9ba8-9bb9ef7d0845,ok,0,0,467,22.639,60,210,405,439,341
719,20264.110905743,20264.111305869,,1,GPU-bff95c83-0adb-feb7-9825-359f31b26de8,ok,97,23,1528,349.566,56,1485,9501,390,244
720,20265.110905743,20265.111435206,,0,GPU-42e33043-7008-2803-9ba8-9bb9ef7d0845,ok,0,0,467,22.653,60,210,405,439,341
720,20265.110905743,20265.111413926,,1,GPU-bff95c83-0adb-feb7-9825-359f31b26de8,ok,0,0,1528,173.426,50,1980,9501,390,244
721,20266.110905743,20266.111310883,,0,GPU-42e33043-7008-2803-9ba8-9bb9ef7d0845,ok,0,0,467,22.7,60,210,405,488,341
721,20266.110905743,20266.111268063,,1,GPU-bff95c83-0adb-feb7-9825-359f31b26de8,ok,0,0,1528,151.395,48,1785,9501,4345,8691
722,20267.110905743,20267.11122895,,0,GPU-42e33043-7008-2803-9ba8-9bb9ef7d0845,ok,0,0,467,25.096,60,210,405,439,341
722,20267.110905743,20267.11126977,,1,GPU-bff95c83-0adb-feb7-9825-359f31b26de8,ok,100,20,1528,251.854,55,1485,9501,4345,8642
723,20268.110905743,20268.111326257,,0,GPU-42e33043-7008-2803-9ba8-9bb9ef7d0845,ok,0,0,467,33.385,60,210,405,439,341
723,20268.110905743,20268.111310687,,1,GPU-bff95c83-0adb-feb7-9825-359f31b26de8,ok,100,22,1528,348.789,56,1470,9501,4248,8447
724,20269.110905743,20269.111319313,,0,GPU-42e33043-7008-2803-9ba8-9bb9ef7d0845,ok,0,0,467,24.215,60,210,405,439,341
724,20269.110905743,20269.111252063,,1,GPU-bff95c83-0adb-feb7-9825-359f31b26de8,ok,100,21,1528,349.604,56,1485,9501,4345,7812
725,20270.110905743,20270.1112829,,0,GPU-42e33043-7008-2803-9ba8-9bb9ef7d0845,ok,0,0,467,22.956,60,210,405,488,341
725,20270.110905743,20270.11127253,,1,GPU-bff95c83-0adb-feb7-9825-359f31b26de8,ok,100,21,1528,349.456,56,1470,9501,4687,8007
726,20271.110905743,20271.111222467,,0,GPU-42e33043-7008-2803-9ba8-9bb9ef7d0845,ok,0,0,467,22.706,60,210,405,439,341
726,20271.110905743,20271.111277187,,1,GPU-bff95c83-0adb-feb7-9825-359f31b26de8,ok,100,21,1528,349.256,56,1470,9501,4199,8544
727,20272.110905743,20272.111229204,,0,GPU-42e33043-7008-2803-9ba8-9bb9ef7d0845,ok,0,0,467,22.725,60,210,405,439,341
727,20272.110905743,20272.111270364,,1,GPU-bff95c83-0adb-feb7-9825-359f31b26de8,ok,100,22,1528,349.289,56,1470,9501,5175,10009
728,20273.110905743,20273.111334581,,0,GPU-42e33043-7008-2803-9ba8-9bb9ef7d0845,ok,0,0,467,22.845,60,210,405,439,341
728,20273.110905743,20273.111293371,,1,GPU-bff95c83-0adb-feb7-9825-359f31b26de8,ok,100,22,1528,349.729,56,1470,9501,4101,10205
729,20274.110905743,20274.111231658,,0,GPU-42e33043-7008-2803-9ba8-9bb9ef7d0845,ok,0,0,467,23.86,60,210,405,439,341
729,20274.110905743,20274.111271858,,1,GPU-bff95c83-0adb-feb7-9825-359f31b26de8,ok,100,22,1528,349.529,56,1470,9501,3808,10498
730,20275.110905743,20275.111272934,,0,GPU-42e33043-7008-2803-9ba8-9bb9ef7d0845,ok,0,0,467,33.768,60,210,405,439,390
730,20275.110905743,20275.111305624,,1,GPU-bff95c83-0adb-feb7-9825-359f31b26de8,ok,100,22,1528,349.721,56,1455,9501,4052,13037
731,20276.110905743,20276.111234981,,0,GPU-42e33043-7008-2803-9ba8-9bb9ef7d0845,ok,0,0,467,23.93,60,210,405,488,341
731,20276.110905743,20276.111289391,,1,GPU-bff95c83-0adb-feb7-9825-359f31b26de8,ok,100,21,1528,349.354,56,1470,9501,3173,13085
732,20277.110905743,20277.111316718,,0,GPU-42e33043-7008-2803-9ba8-9bb9ef7d0845,ok,0,0,467,22.817,60,210,405,439,341
732,20277.110905743,20277.111290848,,1,GPU-bff95c83-0adb-feb7-9825-359f31b26de8,ok,100,22,1528,349.414,56,1470,9501,2685,15087
733,20278.110905743,20278.111268215,,0,GPU-42e33043-7008-2803-9ba8-9bb9ef7d0845,ok,0,0,467,22.707,60,210,405,488,341
733,20278.110905743,20278.111237605,,1,GPU-bff95c83-0adb-feb7-9825-359f31b26de8,ok,100,21,1528,349.867,56,1455,9501,2539,14501
734,20279.110905743,20279.111231212,,0,GPU-42e33043-7008-2803-9ba8-9bb9ef7d0845,ok,0,0,467,22.705,60,210,405,439,341
734,20279.110905743,20279.111285812,,1,GPU-bff95c83-0adb-feb7-9825-359f31b26de8,ok,100,21,1528,349.561,56,1455,9501,2490,14941
735,20280.110905743,20280.111252829,,0,GPU-42e33043-7008-2803-9ba8-9bb9ef7d0845,ok,0,0,467,22.889,60,210,405,439,341
735,20280.110905743,20280.111279329,,1,GPU-bff95c83-0adb-feb7-9825-359f31b26de8,ok,100,21,1528,349.464,56,1470,9501,2343,13037
736,20281.110905743,20281.111283575,,0,GPU-42e33043-7008-2803-9ba8-9bb9ef7d0845,ok,1,0,467,22.729,60,210,405,488,390
736,20281.110905743,20281.111243775,,1,GPU-bff95c83-0adb-feb7-9825-359f31b26de8,ok,100,22,1528,349.451,56,1485,9501,2636,12500
737,20282.110905743,20282.111286122,,0,GPU-42e33043-7008-2803-9ba8-9bb9ef7d0845,ok,0,0,467,33.95,61,210,405,439,341
737,20282.110905743,20282.111246592,,1,GPU-bff95c83-0adb-feb7-9825-359f31b26de8,ok,100,22,1528,349.849,56,1485,9501,2978,13525
738,20283.110905743,20283.111297959,,0,GPU-42e33043-7008-2803-9ba8-9bb9ef7d0845,ok,0,0,467,24.761,61,210,405,439,341
738,20283.110905743,20283.111245539,,1,GPU-bff95c83-0adb-feb7-9825-359f31b26de8,ok,100,23,1528,350.02,56,1470,9501,2832,12451
739,20284.110905743,20284.111228226,,0,GPU-42e33043-7008-2803-9ba8-9bb9ef7d0845,ok,0,0,467,23.26,60,210,405,439,341
739,20284.110905743,20284.111267446,,1,GPU-bff95c83-0adb-feb7-9825-359f31b26de8,ok,100,21,1528,349.46,56,1470,9501,3222,12011
740,20285.110905743,20285.111281433,,0,GPU-42e33043-7008-2803-9ba8-9bb9ef7d0845,ok,0,0,467,22.655,60,210,405,439,341
740,20285.110905743,20285.111241953,,1,GPU-bff95c83-0adb-feb7-9825-359f31b26de8,ok,100,20,1528,349.494,56,1470,9501,3173,11523
741,20286.110905743,20286.1112661,,0,GPU-42e33043-7008-2803-9ba8-9bb9ef7d0845,ok,0,0,467,22.63,60,210,405,439,341
741,20286.110905743,20286.11128712,,1,GPU-bff95c83-0adb-feb7-9825-359f31b26de8,ok,100,21,1528,349.348,56,1485,9501,3417,11376
742,20287.110905743,20287.111230596,,0,GPU-42e33043-7008-2803-9ba8-9bb9ef7d0845,ok,0,0,467,22.809,60,210,405,439,341
742,20287.110905743,20287.111269896,,1,GPU-bff95c83-0adb-feb7-9825-359f31b26de8,ok,100,22,1528,350.217,56,1485,9501,3417,10253
743,20288.110905743,20288.111303313,,0,GPU-42e33043-7008-2803-9ba8-9bb9ef7d0845,ok,0,0,467,22.679,60,210,405,439,341
743,20288.110905743,20288.111250913,,1,GPU-bff95c83-0adb-feb7-9825-359f31b26de8,ok,100,22,1528,349.839,56,1485,9501,3613,8593
744,20289.110905743,20289.11128328,,0,GPU-42e33043-7008-2803-9ba8-9bb9ef7d0845,ok,0,0,467,27.721,61,210,405,439,341
744,20289.110905743,20289.11124321,,1,GPU-bff95c83-0adb-feb7-9825-359f31b26de8,ok,100,22,1528,349.984,56,1485,9501,3955,8740
745,20290.110905743,20290.111226117,,0,GPU-42e33043-7008-2803-9ba8-9bb9ef7d0845,ok,0,0,467,33.346,61,210,405,439,341
745,20290.110905743,20290.111263557,,1,GPU-bff95c83-0adb-feb7-9825-359f31b26de8,ok,100,23,1528,350.217,56,1470,9501,5078,8056
746,20291.110905743,20291.111230944,,0,GPU-42e33043-7008-2803-9ba8-9bb9ef7d0845,ok,0,0,467,24.26,61,210,405,439,341
746,20291.110905743,20291.111287394,,1,GPU-bff95c83-0adb-feb7-9825-359f31b26de8,ok,100,24,1528,349.769,56,1470,9501,4296,7812
747,20292.110905743,20292.111294581,,0,GPU-42e33043-7008-2803-9ba8-9bb9ef7d0845,ok,0,0,467,22.926,60,210,405,488,341
747,20292.110905743,20292.111242381,,1,GPU-bff95c83-0adb-feb7-9825-359f31b26de8,ok,0,0,1528,230.769,50,1980,9501,390,292
748,20293.110905743,20293.111463368,,0,GPU-42e33043-7008-2803-9ba8-9bb9ef7d0845,ok,0,0,467,22.531,60,210,405,439,341
748,20293.110905743,20293.111447308,,1,GPU-bff95c83-0adb-feb7-9825-359f31b26de8,ok,0,0,1528,177.61,49,1980,9501,390,244
749,20294.110905743,20294.111227334,,0,GPU-42e33043-7008-2803-9ba8-9bb9ef7d0845,ok,0,0,467,22.437,60,210,405,488,341
749,20294.110905743,20294.111283164,,1,GPU-bff95c83-0adb-feb7-9825-359f31b26de8,ok,100,23,1528,236.002,55,1485,9501,2197,7519
750,20295.110905743,20295.111281161,,0,GPU-42e33043-7008-2803-9ba8-9bb9ef7d0845,ok,0,0,467,22.594,60,210,405,439,341
750,20295.110905743,20295.111310891,,1,GPU-bff95c83-0adb-feb7-9825-359f31b26de8,ok,100,26,1528,348.855,56,1485,9501,3417,9130
751,20296.110905743,20296.111292958,,0,GPU-42e33043-7008-2803-9ba8-9bb9ef7d0845,ok,0,0,467,26.986,61,210,405,439,341
751,20296.110905743,20296.111266628,,1,GPU-bff95c83-0adb-feb7-9825-359f31b26de8,ok,100,26,1528,349.861,56,1455,9501,3662,8300
752,20297.110905743,20297.111285815,,0,GPU-42e33043-7008-2803-9ba8-9bb9ef7d0845,ok,0,0,467,33.607,61,210,405,439,341
752,20297.110905743,20297.111245105,,1,GPU-bff95c83-0adb-feb7-9825-359f31b26de8,ok,100,22,1528,349.764,56,1455,9501,4003,8203
753,20298.110905743,20298.111277772,,0,GPU-42e33043-7008-2803-9ba8-9bb9ef7d0845,ok,0,0,467,23.967,61,210,405,488,341
753,20298.110905743,20298.111243462,,1,GPU-bff95c83-0adb-feb7-9825-359f31b26de8,ok,100,23,1528,349.417,56,1455,9501,4394,7812
754,20299.110905743,20299.111247458,,0,GPU-42e33043-7008-2803-9ba8-9bb9ef7d0845,ok,0,0,467,22.829,60,210,405,439,390
754,20299.110905743,20299.111311778,,1,GPU-bff95c83-0adb-feb7-9825-359f31b26de8,ok,100,24,1528,349.497,56,1455,9501,4589,8007
755,20300.110905743,20300.111228135,,0,GPU-42e33043-7008-2803-9ba8-9bb9ef7d0845,ok,0,0,467,22.718,60,210,405,488,341
755,20300.110905743,20300.111292855,,1,GPU-bff95c83-0adb-feb7-9825-359f31b26de8,ok,100,22,1528,349.308,56,1470,9501,5029,8300
756,20301.110905743,20301.111249292,,0,GPU-42e33043-7008-2803-9ba8-9bb9ef7d0845,ok,0,0,467,22.744,60,210,405,439,390
756,20301.110905743,20301.111176812,,1,GPU-bff95c83-0adb-feb7-9825-359f31b26de8,ok,100,21,1528,348.91,56,1470,9501,4638,8886
757,20302.110905743,20302.111318699,,0,GPU-42e33043-7008-2803-9ba8-9bb9ef7d0845,ok,0,0,467,22.883,60,210,405,439,390
757,20302.110905743,20302.111273649,,1,GPU-bff95c83-0adb-feb7-9825-359f31b26de8,ok,100,22,1528,349.129,56,1470,9501,4150,9423
758,20303.110905743,20303.111228766,,0,GPU-42e33043-7008-2803-9ba8-9bb9ef7d0845,ok,0,0,467,26.226,61,210,405,488,390
758,20303.110905743,20303.111294146,,1,GPU-bff95c83-0adb-feb7-9825-359f31b26de8,ok,100,21,1528,349.801,56,1470,9501,4150,10449
759,20304.110905743,20304.111236653,,0,GPU-42e33043-7008-2803-9ba8-9bb9ef7d0845,ok,0,0,467,33.827,61,210,405,439,292
759,20304.110905743,20304.111286253,,1,GPU-bff95c83-0adb-feb7-9825-359f31b26de8,ok,100,21,1528,349.665,56,1485,9501,3613,10742
760,20305.110905743,20305.111294669,,0,GPU-42e33043-7008-2803-9ba8-9bb9ef7d0845,ok,0,0,467,24.766,61,210,405,488,341
760,20305.110905743,20305.11132137,,1,GPU-bff95c83-0adb-feb7-9825-359f31b26de8,ok,100,21,1528,349.577,56,1485,9501,3710,10937
761,20306.110905743,20306.111225896,,0,GPU-42e33043-7008-2803-9ba8-9bb9ef7d0845,ok,0,0,467,23.207,60,210,405,488,341
761,20306.110905743,20306.111278196,,1,GPU-bff95c83-0adb-feb7-9825-359f31b26de8,ok,100,21,1528,349.867,56,1485,9501,3320,11572
762,20307.110905743,20307.111215113,,0,GPU-42e33043-7008-2803-9ba8-9bb9ef7d0845,ok,0,0,467,22.603,60,210,405,488,341
762,20307.110905743,20307.111270393,,1,GPU-bff95c83-0adb-feb7-9825-359f31b26de8,ok,100,20,1528,349.767,56,1470,9501,3173,13183
763,20308.110905743,20308.11122592,,0,GPU-42e33043-7008-2803-9ba8-9bb9ef7d0845,ok,0,0,467,22.641,60,210,405,439,341
763,20308.110905743,20308.11127163,,1,GPU-bff95c83-0adb-feb7-9825-359f31b26de8,ok,100,22,1528,349.867,56,1485,9501,3027,14160
764,20309.110905743,20309.111324417,,0,GPU-42e33043-7008-2803-9ba8-9bb9ef7d0845,ok,0,0,467,22.746,60,210,405,439,341
764,20309.110905743,20309.111315127,,1,GPU-bff95c83-0adb-feb7-9825-359f31b26de8,ok,100,22,1528,349.959,56,1485,9501,2587,13183
765,20310.110905743,20310.111294674,,0,GPU-42e33043-7008-2803-9ba8-9bb9ef7d0845,ok,0,0,467,24.885,61,210,405,439,341
765,20310.110905743,20310.111321784,,1,GPU-bff95c83-0adb-feb7-9825-359f31b26de8,ok,100,20,1528,349.701,56,1485,9501,2587,14208
766,20311.110905743,20311.1112352,,0,GPU-42e33043-7008-2803-9ba8-9bb9ef7d0845,ok,0,0,467,33.071,61,210,405,439,341
766,20311.110905743,20311.111290061,,1,GPU-bff95c83-0adb-feb7-9825-359f31b26de8,ok,100,22,1528,349.692,56,1470,9501,2587,15234
767,20312.110905743,20312.111241187,,0,GPU-42e33043-7008-2803-9ba8-9bb9ef7d0845,ok,0,0,467,24.464,61,210,405,439,341
767,20312.110905743,20312.111290217,,1,GPU-bff95c83-0adb-feb7-9825-359f31b26de8,ok,100,19,1528,349.918,56,1470,9501,2441,13183
768,20313.110905743,20313.111275264,,0,GPU-42e33043-7008-2803-9ba8-9bb9ef7d0845,ok,0,0,467,23.086,60,210,405,439,341
768,20313.110905743,20313.111308544,,1,GPU-bff95c83-0adb-feb7-9825-359f31b26de8,ok,100,21,1528,349.479,56,1485,9501,2734,12500
769,20314.110905743,20314.111246731,,0,GPU-42e33043-7008-2803-9ba8-9bb9ef7d0845,ok,0,0,467,22.606,60,210,405,439,341
769,20314.110905743,20314.111290281,,1,GPU-bff95c83-0adb-feb7-9825-359f31b26de8,ok,100,23,1528,349.842,56,1455,9501,3173,11669
770,20315.110905743,20315.111274408,,0,GPU-42e33043-7008-2803-9ba8-9bb9ef7d0845,ok,0,0,467,22.564,60,210,405,439,341
770,20315.110905743,20315.111299768,,1,GPU-bff95c83-0adb-feb7-9825-359f31b26de8,ok,100,23,1528,349.827,56,1455,9501,3320,11376
771,20316.110905743,20316.111166505,,0,GPU-42e33043-7008-2803-9ba8-9bb9ef7d0845,ok,0,0,467,22.722,60,210,405,439,341
771,20316.110905743,20316.111238265,,1,GPU-bff95c83-0adb-feb7-9825-359f31b26de8,ok,100,25,1528,350.042,56,1455,9501,3417,11230
772,20317.110905743,20317.111307302,,0,GPU-42e33043-7008-2803-9ba8-9bb9ef7d0845,ok,0,0,467,23.519,61,210,405,439,390
772,20317.110905743,20317.111276002,,1,GPU-bff95c83-0adb-feb7-9825-359f31b26de8,ok,100,23,1528,349.923,56,1455,9501,4199,9326
773,20318.110905743,20318.111240158,,0,GPU-42e33043-7008-2803-9ba8-9bb9ef7d0845,ok,0,0,467,33.382,61,210,405,488,341
773,20318.110905743,20318.111282088,,1,GPU-bff95c83-0adb-feb7-9825-359f31b26de8,ok,100,24,1528,349.748,56,1470,9501,4589,8935
774,20319.110905743,20319.111342695,,0,GPU-42e33043-7008-2803-9ba8-9bb9ef7d0845,ok,0,0,467,23.993,61,210,405,439,341
774,20319.110905743,20319.111383375,,1,GPU-bff95c83-0adb-feb7-9825-359f31b26de8,ok,0,0,1528,287.173,51,1980,9501,390,292
775,20320.110905743,20320.111282192,,0,GPU-42e33043-7008-2803-9ba8-9bb9ef7d0845,ok,0,0,467,22.694,60,210,405,439,341
775,20320.110905743,20320.111260872,,1,GPU-bff95c83-0adb-feb7-9825-359f31b26de8,ok,0,0,1528,181.956,49,1980,9501,390,292
776,20321.110905743,20321.111878429,,0,GPU-42e33043-7008-2803-9ba8-9bb9ef7d0845,ok,0,0,467,22.388,60,210,405,488,9521
776,20321.110905743,20321.111849239,,1,GPU-bff95c83-0adb-feb7-9825-359f31b26de8,ok,0,0,1528,151.757,48,1785,9501,29589,1660
777,20322.110905743,20322.111416056,,0,GPU-42e33043-7008-2803-9ba8-9bb9ef7d0845,ok,0,0,464,28.914,61,210,405,390,341
777,20322.110905743,20322.111364416,,1,GPU-bff95c83-0adb-feb7-9825-359f31b26de8,ok,0,0,464,133.319,48,1785,9751,341,292
778,20323.110905743,20323.111336233,,0,GPU-42e33043-7008-2803-9ba8-9bb9ef7d0845,ok,0,0,464,35.525,61,210,405,439,341
778,20323.110905743,20323.111375193,,1,GPU-bff95c83-0adb-feb7-9825-359f31b26de8,ok,0,0,464,133.933,48,1785,9751,390,341
