tick_index,t_target_raw_s,t_receipt_raw_s,utc_anchor,gpu_index,gpu_uuid,status,util_gpu_pct,util_mem_pct,mem_used_mib,power_w,temp_c,clock_sm_mhz,clock_mem_mhz,pcie_tx_kbps,pcie_rx_kbps
-1,50273.551594935,50273.551742615,2026-08-30T03:27:33.941561+00:00,-1,anchor,anchor,,,,,,,,,
0,50273.551594935,50273.559710718,,2,GPU-5443d59d-561f-ed1e-da42-1975937205f9,ok,0,0,453,106.941,60,495,5001,439,292
1,50274.551594935,50274.551953833,,2,GPU-5443d59d-561f-ed1e-da42-1975937205f9,ok,0,0,453,67.396,60,300,810,439,292
2,50275.551594935,50275.551990351,,2,GPU-5443d59d-561f-ed1e-da42-1975937205f9,ok,0,0,453,51.173,59,210,810,439,292
3,50276.551594935,50276.552038359,,2,GPU-5443d59d-561f-ed1e-da42-1975937205f9,ok,0,0,453,34.78,59,210,405,439,292
4,50277.551594935,50277.551946267,,2,GPU-5443d59d-561f-ed1e-da42-1975937205f9,ok,0,0,453,32.608,59,210,405,439,292
5,50278.551594935,50278.551893125,,2,GPU-5443d59d-561f-ed1e-da42-1975937205f9,ok,100,35,1515,124.275,67,1485,9501,683,390
6,50279.551594935,50279.551826854,,2,GPU-5443d59d-561f-ed1e-da42-1975937205f9,ok,100,21,1515,348.142,70,1470,9501,537,439
7,50280.551594935,50280.551878142,,2,GPU-5443d59d-561f-ed1e-da42-1975937205f9,ok,0,0,1515,298.76,65,1890,9501,390,292
8,50281.551594935,50281.55190333,,2,GPU-5443d59d-561f-ed1e-da42-1975937205f9,ok,0,0,1515,171.095,63,1905,9501,390,244
9,50282.551594935,50282.551820428,,2,GPU-5443d59d-561f-ed1e-da42-1975937205f9,ok,100,30,1515,187.529,68,1470,9501,439,341
10,50283.551594935,50283.551830476,,2,GPU-5443d59d-561f-ed1e-da42-1975937205f9,ok,100,22,1515,347.607,70,1485,9501,488,341
11,50284.551594935,50284.551876824,,2,GPU-5443d59d-561f-ed1e-da42-1975937205f9,ok,0,0,1515,303.746,65,1890,9501,390,292
12,50285.551594935,50285.551910812,,2,GPU-5443d59d-561f-ed1e-da42-1975937205f9,ok,0,0,1515,176.265,64,1905,9501,390,292
13,50286.551594935,50286.5518211,,2,GPU-5443d59d-561f-ed1e-da42-1975937205f9,ok,100,33,1515,184.863,68,1455,9501,585,341
14,50287.551594935,50287.551826188,,2,GPU-5443d59d-561f-ed1e-da42-1975937205f9,ok,100,21,1515,348.087,70,1455,9501,439,439
15,50288.551594935,50288.551888626,,2,GPU-5443d59d-561f-ed1e-da42-1975937205f9,ok,0,0,1515,307.51,66,1890,9501,390,292
16,50289.551594935,50289.551965894,,2,GPU-5443d59d-561f-ed1e-da42-1975937205f9,ok,0,0,1515,180.634,64,1905,9501,390,3466
17,50290.551594935,50290.551946172,,2,GPU-5443d59d-561f-ed1e-da42-1975937205f9,ok,0,0,1515,141.245,63,1710,9501,439,12548
18,50291.551594935,50291.580413888,,2,GPU-5443d59d-561f-ed1e-da42-1975937205f9,ok,0,0,453,123.783,62,1710,9751,390,244
19,50292.551594935,50292.551910808,,2,GPU-5443d59d-561f-ed1e-da42-1975937205f9,ok,0,0,453,109.999,61,525,5001,488,341
20,50293.551594935,50293.551914146,,2,GPU-5443d59d-561f-ed1e-da42-1975937205f9,ok,0,0,453,103.003,61,480,5001,439,341
21,50294.551594935,50294.551891714,,2,GPU-5443d59d-561f-ed1e-da42-1975937205f9,ok,0,0,453,54.852,59,285,810,439,341
22,50295.551594935,50295.551894502,,2,GPU-5443d59d-561f-ed1e-da42-1975937205f9,ok,0,0,453,44.068,58,210,810,439,341
23,50296.551594935,50296.55189011,,2,GPU-5443d59d-561f-ed1e-da42-1975937205f9,ok,0,0,453,33.831,58,210,405,390,341
24,50297.551594935,50297.551893398,,2,GPU-5443d59d-561f-ed1e-da42-1975937205f9,ok,0,0,453,30.827,58,210,405,439,341
25,50298.551594935,50298.551901146,,2,GPU-5443d59d-561f-ed1e-da42-1975937205f9,ok,0,0,453,30.18,58,210,405,439,341
26,50299.551594935,50299.551902614,,2,GPU-5443d59d-561f-ed1e-da42-1975937205f9,ok,0,0,453,30.119,57,210,405,439,341
27,50300.551594935,50300.551900152,,2,GPU-5443d59d-561f-ed1e-da42-1975937205f9,ok,0,0,453,30.097,57,210,405,439,341
28,50301.551594935,50301.55190772,,2,GPU-5443d59d-561f-ed1e-da42-1975937205f9,ok,0,0,453,29.774,57,210,405,390,341
29,50302.551594935,50302.551903158,,2,GPU-5443d59d-561f-ed1e-da42-1975937205f9,ok,0,0,453,29.715,56,210,405,439,341
30,50303.551594935,50303.551900986,,2,GPU-5443d59d-561f-ed1e-da42-1975937205f9,ok,0,0,453,29.734,56,210,405,439,292
31,50304.551594935,50304.551899584,,2,GPU-5443d59d-561f-ed1e-da42-1975937205f9,ok,0,0,453,29.437,56,210,405,439,292
32,50305.551594935,50305.551901222,,2,GPU-5443d59d-561f-ed1e-da42-1975937205f9,ok,0,0,453,29.303,55,210,405,439,292
33,50306.551594935,50306.55190214,,2,GPU-5443d59d-561f-ed1e-da42-1975937205f9,ok,0,0,453,29.203,55,210,405,439,292
34,50307.551594935,50307.551900648,,2,GPU-5443d59d-561f-ed1e-da42-1975937205f9,ok,0,0,453,28.942,55,210,405,439,292
35,50308.551594935,50308.551911386,,2,GPU-5443d59d-561f-ed1e-da42-1975937205f9,ok,0,0,453,28.983,55,210,405,439,292
36,50309.551594935,50309.551901604,,2,GPU-5443d59d-561f-ed1e-da42-1975937205f9,ok,0,0,453,28.955,55,210,405,439,292
37,50310.551594935,50310.551898452,,2,GPU-5443d59d-561f-ed1e-da42-1975937205f9,ok,0,0,453,28.802,54,210,405,439,292
38,50311.551594935,50311.5518962,,2,GPU-5443d59d-561f-ed1e-da42-1975937205f9,ok,0,0,453,28.706,54,210,405,390,292
39,50312.551594935,50312.551900458,,2,GPU-5443d59d-561f-ed1e-da42-1975937205f9,ok,0,0,453,28.603,54,210,405,439,292
40,50313.551594935,50313.551905816,,2,GPU-5443d59d-561f-ed1e-da42-1975937205f9,ok,0,0,453,28.846,54,210,405,439,292
41,50314.551594935,50314.551914054,,2,GPU-5443d59d-561f-ed1e-da42-1975937205f9,ok,0,0,453,29.023,54,210,405,439,292
42,50315.551594935,50315.551901942,,2,GPU-5443d59d-561f-ed1e-da42-1975937205f9,ok,0,0,453,28.993,54,210,405,439,292
43,50316.551594935,50316.55190109,,2,GPU-5443d59d-561f-ed1e-da42-1975937205f9,ok,0,0,453,28.81,53,210,405,439,292
44,50317.551594935,50317.551898108,,2,GPU-5443d59d-561f-ed1e-da42-1975937205f9,ok,0,0,453,28.666,53,210,405,439,292
45,50318.551594935,50318.551915206,,2,GPU-5443d59d-561f-ed1e-da42-1975937205f9,ok,0,0,453,28.732,53,210,405,439,341
46,50319.551594935,50319.551903134,,2,GPU-5443d59d-561f-ed1e-da42-1975937205f9,ok,0,0,453,28.617,53,210,405,439,292
47,50320.551594935,50320.551900622,,2,GPU-5443d59d-561f-ed1e-da42-1975937205f9,ok,0,0,453,28.269,53,210,405,439,292
48,50321.551594935,50321.55189474,,2,GPU-5443d59d-561f-ed1e-da42-1975937205f9,ok,0,0,453,28.194,53,210,405,439,292
49,50322.551594935,50322.551898209,,2,GPU-5443d59d-561f-ed1e-da42-1975937205f9,ok,0,0,453,28.341,53,210,405,390,292
50,50323.551594935,50323.551909017,,2,GPU-5443d59d-561f-ed1e-da42-1975937205f9,ok,0,0,453,28.284,53,210,405,439,292
51,50324.551594935,50324.551921955,,2,GPU-5443d59d-561f-ed1e-da42-1975937205f9,ok,0,0,453,28.005,52,210,405,439,292
52,50325.551594935,50325.551898613,,2,GPU-5443d59d-561f-ed1e-da42-1975937205f9,ok,0,0,453,28.361,52,210,405,439,292
53,50326.551594935,50326.551900211,,2,GPU-5443d59d-561f-ed1e-da42-1975937205f9,ok,0,0,453,29.393,52,210,405,439,292
54,50327.551594935,50327.551906049,,2,GPU-5443d59d-561f-ed1e-da42-1975937205f9,ok,0,0,453,29.123,52,210,405,390,292
55,50328.551594935,50328.551900767,,2,GPU-5443d59d-561f-ed1e-da42-1975937205f9,ok,0,0,453,28.319,52,210,405,390,292
56,50329.551594935,50329.551898595,,2,GPU-5443d59d-561f-ed1e-da42-1975937205f9,ok,0,0,453,27.861,52,210,405,439,292
57,50330.551594935,50330.551927623,,2,GPU-5443d59d-561f-ed1e-da42-1975937205f9,ok,0,0,453,27.501,52,210,405,439,341
58,50331.551594935,50331.551898291,,2,GPU-5443d59d-561f-ed1e-da42-1975937205f9,ok,0,0,453,29.132,52,210,405,439,292
59,50332.551594935,50332.551908649,,2,GPU-5443d59d-561f-ed1e-da42-1975937205f9,ok,0,0,453,29.534,52,210,405,439,341
60,50333.551594935,50333.551936627,,2,GPU-5443d59d-561f-ed1e-da42-1975937205f9,ok,0,0,453,28.217,52,210,405,439,341
61,50334.551594935,50334.551919635,,2,GPU-5443d59d-561f-ed1e-da42-1975937205f9,ok,0,0,453,27.736,51,210,405,390,341
62,50335.551594935,50335.551901903,,2,GPU-5443d59d-561f-ed1e-da42-1975937205f9,ok,0,0,453,27.438,51,210,405,439,341
63,50336.551594935,50336.551902301,,2,GPU-5443d59d-561f-ed1e-da42-1975937205f9,ok,0,0,453,28.827,51,210,405,439,341
64,50337.551594935,50337.551897629,,2,GPU-5443d59d-561f-ed1e-da42-1975937205f9,ok,0,0,453,29.174,51,210,405,439,341
65,50338.551594935,50338.551899227,,2,GPU-5443d59d-561f-ed1e-da42-1975937205f9,ok,0,0,453,27.625,51,210,405,390,341
66,50339.551594935,50339.551899805,,2,GPU-5443d59d-561f-ed1e-da42-1975937205f9,ok,0,0,453,27.217,51,210,405,439,341
67,50340.551594935,50340.551899513,,2,GPU-5443d59d-561f-ed1e-da42-1975937205f9,ok,0,0,453,28.124,51,210,405,439,341
68,50341.551594935,50341.551900631,,2,GPU-5443d59d-561f-ed1e-da42-1975937205f9,ok,0,0,453,28.833,51,210,405,439,341
69,50342.551594935,50342.551906139,,2,GPU-5443d59d-561f-ed1e-da42-1975937205f9,ok,0,0,453,28.539,51,210,405,439,341
70,50343.551594935,50343.551900157,,2,GPU-5443d59d-561f-ed1e-da42-1975937205f9,ok,0,0,453,28.377,51,210,405,390,341
71,50344.551594935,50344.551900125,,2,GPU-5443d59d-561f-ed1e-da42-1975937205f9,ok,0,0,453,27.873,51,210,405,439,341
72,50345.551594935,50345.551908563,,2,GPU-5443d59d-561f-ed1e-da42-1975937205f9,ok,0,0,453,28.879,50,210,405,439,341
73,50346.551594935,50346.551899561,,2,GPU-5443d59d-561f-ed1e-da42-1975937205f9,ok,0,0,453,29.27,50,210,405,439,292
74,50347.551594935,50347.551908909,,2,GPU-5443d59d-561f-ed1e-da42-1975937205f9,ok,0,0,453,27.631,50,210,405,439,292
75,50348.551594935,50348.551912927,,2,GPU-5443d59d-561f-ed1e-da42-1975937205f9,ok,0,0,453,27.816,50,210,405,439,292
76,50349.551594935,50349.551909035,,2,GPU-5443d59d-561f-ed1e-da42-1975937205f9,ok,0,0,453,28.032,50,210,405,439,292
77,50350.551594935,50350.551898863,,2,GPU-5443d59d-561f-ed1e-da42-1975937205f9,ok,0,0,453,28.595,50,210,405,439,292
78,50351.551594935,50351.551901381,,2,GPU-5443d59d-561f-ed1e-da42-1975937205f9,ok,0,0,453,28.954,50,210,405,439,292
79,50352.551594935,50352.551905149,,2,GPU-5443d59d-561f-ed1e-da42-1975937205f9,ok,0,0,453,27.533,50,210,405,439,292
80,50353.551594935,50353.551909197,,2,GPU-5443d59d-561f-ed1e-da42-1975937205f9,ok,0,0,453,26.781,50,210,405,439,292
81,50354.551594935,50354.551906565,,2,GPU-5443d59d-561f-ed1e-da42-1975937205f9,ok,0,0,453,27.565,50,210,405,439,292
82,50355.551594935,50355.551905623,,2,GPU-5443d59d-561f-ed1e-da42-1975937205f9,ok,0,0,453,27.688,50,210,405,439,292
83,50356.551594935,50356.551906371,,2,GPU-5443d59d-561f-ed1e-da42-1975937205f9,ok,0,0,453,28.563,50,210,405,439,292
84,50357.551594935,50357.551903119,,2,GPU-5443d59d-561f-ed1e-da42-1975937205f9,ok,0,0,453,28.817,50,210,405,390,292
85,50358.551594935,50358.551904997,,2,GPU-5443d59d-561f-ed1e-da42-1975937205f9,ok,0,0,453,27.062,50,210,405,439,292
86,50359.551594935,50359.551903875,,2,GPU-5443d59d-561f-ed1e-da42-1975937205f9,ok,0,0,453,26.652,49,210,405,439,292
87,50360.551594935,50360.551902513,,2,GPU-5443d59d-561f-ed1e-da42-1975937205f9,ok,0,0,453,27.062,49,210,405,439,292
88,50361.551594935,50361.551903311,,2,GPU-5443d59d-561f-ed1e-da42-1975937205f9,ok,0,0,453,27.483,49,210,405,439,292
89,50362.551594935,50362.551906219,,2,GPU-5443d59d-561f-ed1e-da42-1975937205f9,ok,0,0,453,28.214,49,210,405,390,292
90,50363.551594935,50363.551904077,,2,GPU-5443d59d-561f-ed1e-da42-1975937205f9,ok,0,0,453,28.292,49,210,405,390,292
91,50364.551594935,50364.551898085,,2,GPU-5443d59d-561f-ed1e-da42-1975937205f9,ok,0,0,453,27.206,49,210,405,439,292
92,50365.551594935,50365.551902474,,2,GPU-5443d59d-561f-ed1e-da42-1975937205f9,ok,0,0,453,26.492,49,210,405,439,341
93,50366.551594935,50366.551906272,,2,GPU-5443d59d-561f-ed1e-da42-1975937205f9,ok,0,0,453,26.482,49,210,405,439,341
94,50367.551594935,50367.55192419,,2,GPU-5443d59d-561f-ed1e-da42-1975937205f9,ok,0,0,453,26.631,49,210,405,439,292
95,50368.551594935,50368.551904938,,2,GPU-5443d59d-561f-ed1e-da42-1975937205f9,ok,0,0,453,27.25,49,210,405,439,292
96,50369.551594935,50369.551922626,,2,GPU-5443d59d-561f-ed1e-da42-1975937205f9,ok,0,0,453,27.433,49,210,405,439,341
97,50370.551594935,50370.551910944,,2,GPU-5443d59d-561f-ed1e-da42-1975937205f9,ok,0,0,453,27.984,49,210,405,439,341
98,50371.551594935,50371.551904502,,2,GPU-5443d59d-561f-ed1e-da42-1975937205f9,ok,0,0,453,28.714,49,210,405,390,341
99,50372.551594935,50372.55190369,,2,GPU-5443d59d-561f-ed1e-da42-1975937205f9,ok,0,0,453,27.624,49,210,405,439,292
100,50373.551594935,50373.551905568,,2,GPU-5443d59d-561f-ed1e-da42-1975937205f9,ok,0,0,453,26.662,49,210,405,439,292
101,50374.551594935,50374.551921316,,2,GPU-5443d59d-561f-ed1e-da42-1975937205f9,ok,0,0,453,26.626,49,210,405,390,292
102,50375.551594935,50375.551906244,,2,GPU-5443d59d-561f-ed1e-da42-1975937205f9,ok,0,0,453,26.676,48,210,405,439,292
103,50376.551594935,50376.551903832,,2,GPU-5443d59d-561f-ed1e-da42-1975937205f9,ok,0,0,453,26.509,48,210,405,439,292
104,50377.551594935,50377.55190399,,2,GPU-5443d59d-561f-ed1e-da42-1975937205f9,ok,0,0,453,26.867,49,210,405,390,292
105,50378.551594935,50378.551905178,,2,GPU-5443d59d-561f-ed1e-da42-1975937205f9,ok,0,0,453,27.636,48,210,405,439,292
106,50379.551594935,50379.551904106,,2,GPU-5443d59d-561f-ed1e-da42-1975937205f9,ok,0,0,453,27.23,48,210,405,439,341
107,50380.551594935,50380.551903004,,2,GPU-5443d59d-561f-ed1e-da42-1975937205f9,ok,0,0,453,26.914,48,210,405,439,341
108,50381.551594935,50381.551903612,,2,GPU-5443d59d-561f-ed1e-da42-1975937205f9,ok,0,0,453,28.554,48,210,405,439,341
109,50382.551594935,50382.55190478,,2,GPU-5443d59d-561f-ed1e-da42-1975937205f9,ok,0,0,453,28.261,48,210,405,439,341
110,50383.551594935,50383.551917328,,2,GPU-5443d59d-561f-ed1e-da42-1975937205f9,ok,0,0,453,26.684,48,210,405,390,341
111,50384.551594935,50384.551923296,,2,GPU-5443d59d-561f-ed1e-da42-1975937205f9,ok,0,0,453,26.706,48,210,405,439,341
112,50385.551594935,50385.551907734,,2,GPU-5443d59d-561f-ed1e-da42-1975937205f9,ok,0,0,453,26.681,48,210,405,439,341
113,50386.551594935,50386.551902762,,2,GPU-5443d59d-561f-ed1e-da42-1975937205f9,ok,0,0,453,26.715,48,210,405,439,341
114,50387.551594935,50387.55190763,,2,GPU-5443d59d-561f-ed1e-da42-1975937205f9,ok,0,0,453,26.878,48,210,405,390,341
115,50388.551594935,50388.551906858,,2,GPU-5443d59d-561f-ed1e-da42-1975937205f9,ok,0,0,453,26.851,48,210,405,439,341
116,50389.551594935,50389.551910386,,2,GPU-5443d59d-561f-ed1e-da42-1975937205f9,ok,0,0,453,26.8,48,210,405,439,292
117,50390.551594935,50390.551903104,,2,GPU-5443d59d-561f-ed1e-da42-1975937205f9,ok,0,0,453,26.923,48,210,405,439,292
118,50391.551594935,50391.551904472,,2,GPU-5443d59d-561f-ed1e-da42-1975937205f9,ok,0,0,453,26.847,48,210,405,439,341
119,50392.551594935,50392.55190428,,2,GPU-5443d59d-561f-ed1e-da42-1975937205f9,ok,0,0,453,26.86,48,210,405,390,341
120,50393.551594935,50393.551921298,,2,GPU-5443d59d-561f-ed1e-da42-1975937205f9,ok,0,0,453,26.999,48,210,405,439,341
121,50394.551594935,50394.551903456,,2,GPU-5443d59d-561f-ed1e-da42-1975937205f9,ok,0,0,453,26.866,48,210,405,439,341
122,50395.551594935,50395.551906284,,2,GPU-5443d59d-561f-ed1e-da42-1975937205f9,ok,0,0,453,26.84,48,210,405,439,341
123,50396.551594935,50396.551905522,,2,GPU-5443d59d-561f-ed1e-da42-1975937205f9,ok,0,0,453,26.924,48,210,405,439,292
124,50397.551594935,50397.55190594,,2,GPU-5443d59d-561f-ed1e-da42-1975937205f9,ok,0,0,453,26.835,48,210,405,439,292
125,50398.551594935,50398.551921478,,2,GPU-5443d59d-561f-ed1e-da42-1975937205f9,ok,0,0,453,26.796,48,210,405,439,292
126,50399.551594935,50399.551920846,,2,GPU-5443d59d-561f-ed1e-da42-1975937205f9,ok,0,0,453,26.884,48,210,405,390,292
127,50400.551594935,50400.551919634,,2,GPU-5443d59d-561f-ed1e-da42-1975937205f9,ok,0,0,453,26.826,48,210,405,439,292
128,50401.551594935,50401.551921482,,2,GPU-5443d59d-561f-ed1e-da42-1975937205f9,ok,0,0,453,26.815,48,210,405,439,292
129,50402.551594935,50402.55192155,,2,GPU-5443d59d-561f-ed1e-da42-1975937205f9,ok,0,0,453,26.888,48,210,405,390,292
130,50403.551594935,50403.551919848,,2,GPU-5443d59d-561f-ed1e-da42-1975937205f9,ok,0,0,453,26.778,48,210,405,439,292
131,50404.551594935,50404.551935996,,2,GPU-5443d59d-561f-ed1e-da42-1975937205f9,ok,0,0,453,26.744,48,210,405,439,292
132,50405.551594935,50405.551905714,,2,GPU-5443d59d-561f-ed1e-da42-1975937205f9,ok,0,0,453,26.778,48,210,405,439,292
133,50406.551594935,50406.551904942,,2,GPU-5443d59d-561f-ed1e-da42-1975937205f9,ok,0,0,453,26.812,48,210,405,439,292
134,50407.551594935,50407.55190259,,2,GPU-5443d59d-561f-ed1e-da42-1975937205f9,ok,0,0,453,26.899,48,210,405,390,341
135,50408.551594935,50408.551906679,,2,GPU-5443d59d-561f-ed1e-da42-1975937205f9,ok,0,0,453,26.775,48,210,405,390,341
136,50409.551594935,50409.551920417,,2,GPU-5443d59d-561f-ed1e-da42-1975937205f9,ok,0,0,453,26.701,48,210,405,439,341
137,50410.551594935,50410.551923685,,2,GPU-5443d59d-561f-ed1e-da42-1975937205f9,ok,0,0,453,26.658,48,210,405,390,292
138,50411.551594935,50411.551923653,,2,GPU-5443d59d-561f-ed1e-da42-1975937205f9,ok,0,0,453,26.46,48,210,405,439,292
139,50412.551594935,50412.551918161,,2,GPU-5443d59d-561f-ed1e-da42-1975937205f9,ok,0,0,453,26.502,48,210,405,439,292
140,50413.551594935,50413.551920609,,2,GPU-5443d59d-561f-ed1e-da42-1975937205f9,ok,0,0,453,26.707,48,210,405,390,292
141,50414.551594935,50414.551936367,,2,GPU-5443d59d-561f-ed1e-da42-1975937205f9,ok,0,0,453,26.648,48,210,405,439,292
142,50415.551594935,50415.551937575,,2,GPU-5443d59d-561f-ed1e-da42-1975937205f9,ok,0,0,453,26.624,48,210,405,439,292
143,50416.551594935,50416.551920663,,2,GPU-5443d59d-561f-ed1e-da42-1975937205f9,ok,0,0,453,26.736,48,210,405,439,292
144,50417.551594935,50417.551922761,,2,GPU-5443d59d-561f-ed1e-da42-1975937205f9,ok,0,0,453,26.543,48,210,405,439,292
145,50418.551594935,50418.551931679,,2,GPU-5443d59d-561f-ed1e-da42-1975937205f9,ok,0,0,453,26.506,48,210,405,439,292
146,50419.551594935,50419.551923517,,2,GPU-5443d59d-561f-ed1e-da42-1975937205f9,ok,0,0,453,26.634,48,210,405,390,341
147,50420.551594935,50420.551921265,,2,GPU-5443d59d-561f-ed1e-da42-1975937205f9,ok,0,0,453,26.534,48,210,405,439,341
148,50421.551594935,50421.551958963,,2,GPU-5443d59d-561f-ed1e-da42-1975937205f9,ok,0,0,453,26.607,48,210,405,439,292
149,50422.551594935,50422.551925411,,2,GPU-5443d59d-561f-ed1e-da42-1975937205f9,ok,0,0,453,26.746,48,210,405,439,292
150,50423.551594935,50423.551933899,,2,GPU-5443d59d-561f-ed1e-da42-1975937205f9,ok,0,0,453,26.636,48,210,405,439,292
151,50424.551594935,50424.551929567,,2,GPU-5443d59d-561f-ed1e-da42-1975937205f9,ok,0,0,453,26.734,48,210,405,439,292
152,50425.551594935,50425.551928325,,2,GPU-5443d59d-561f-ed1e-da42-1975937205f9,ok,0,0,453,26.906,48,210,405,390,292
153,50426.551594935,50426.551923913,,2,GPU-5443d59d-561f-ed1e-da42-1975937205f9,ok,0,0,453,26.818,48,210,405,439,292
154,50427.551594935,50427.551943391,,2,GPU-5443d59d-561f-ed1e-da42-1975937205f9,ok,0,0,453,26.841,47,210,405,439,292
155,50428.551594935,50428.551906449,,2,GPU-5443d59d-561f-ed1e-da42-1975937205f9,ok,0,0,453,26.987,47,210,405,439,292
156,50429.551594935,50429.551910037,,2,GPU-5443d59d-561f-ed1e-da42-1975937205f9,ok,0,0,453,26.883,47,210,405,390,292
157,50430.551594935,50430.551902535,,2,GPU-5443d59d-561f-ed1e-da42-1975937205f9,ok,0,0,453,26.804,47,210,405,439,292
158,50431.551594935,50431.551907243,,2,GPU-5443d59d-561f-ed1e-da42-1975937205f9,ok,0,0,453,26.928,47,210,405,439,292
159,50432.551594935,50432.551899361,,2,GPU-5443d59d-561f-ed1e-da42-1975937205f9,ok,0,0,453,26.867,47,210,405,439,292
160,50433.551594935,50433.551922059,,2,GPU-5443d59d-561f-ed1e-da42-1975937205f9,ok,0,0,453,26.924,47,210,405,390,292
161,50434.551594935,50434.551906727,,2,GPU-5443d59d-561f-ed1e-da42-1975937205f9,ok,0,0,453,27.118,47,210,405,390,341
162,50435.551594935,50435.551919245,,2,GPU-5443d59d-561f-ed1e-da42-1975937205f9,ok,0,0,453,26.957,47,210,405,390,341
163,50436.551594935,50436.551905153,,2,GPU-5443d59d-561f-ed1e-da42-1975937205f9,ok,0,0,453,26.888,47,210,405,390,341
164,50437.551594935,50437.551905301,,2,GPU-5443d59d-561f-ed1e-da42-1975937205f9,ok,0,0,453,27.027,47,210,405,439,292
165,50438.551594935,50438.551925669,,2,GPU-5443d59d-561f-ed1e-da42-1975937205f9,ok,0,0,453,26.845,47,210,405,439,292
166,50439.551594935,50439.551905317,,2,GPU-5443d59d-561f-ed1e-da42-1975937205f9,ok,0,0,453,26.749,47,210,405,439,292
167,50440.551594935,50440.551904165,,2,GPU-5443d59d-561f-ed1e-da42-1975937205f9,ok,0,0,453,26.884,47,210,405,439,292
168,50441.551594935,50441.551901523,,2,GPU-5443d59d-561f-ed1e-da42-1975937205f9,ok,0,0,453,26.86,47,210,405,439,292
169,50442.551594935,50442.551907121,,2,GPU-5443d59d-561f-ed1e-da42-1975937205f9,ok,0,0,453,26.824,47,210,405,390,292
170,50443.551594935,50443.551904449,,2,GPU-5443d59d-561f-ed1e-da42-1975937205f9,ok,0,0,453,26.724,47,210,405,439,292
171,50444.551594935,50444.551904217,,2,GPU-5443d59d-561f-ed1e-da42-1975937205f9,ok,0,0,453,26.742,47,210,405,439,292
172,50445.551594935,50445.551916375,,2,GPU-5443d59d-561f-ed1e-da42-1975937205f9,ok,0,0,453,26.847,47,210,405,439,292
173,50446.551594935,50446.551906663,,2,GPU-5443d59d-561f-ed1e-da42-1975937205f9,ok,0,0,453,26.709,47,210,405,439,292
174,50447.551594935,50447.551904191,,2,GPU-5443d59d-561f-ed1e-da42-1975937205f9,ok,0,0,453,26.701,47,210,405,439,292
175,50448.551594935,50448.551899549,,2,GPU-5443d59d-561f-ed1e-da42-1975937205f9,ok,0,0,453,26.766,47,210,405,439,341
176,50449.551594935,50449.551906477,,2,GPU-5443d59d-561f-ed1e-da42-1975937205f9,ok,0,0,453,26.685,47,210,405,439,341
177,50450.551594935,50450.551903075,,2,GPU-5443d59d-561f-ed1e-da42-1975937205f9,ok,0,0,453,26.807,47,210,405,390,341
178,50451.551594935,50451.551915424,,2,GPU-5443d59d-561f-ed1e-da42-1975937205f9,ok,0,0,453,26.893,47,210,405,439,341
179,50452.551594935,50452.551904122,,2,GPU-5443d59d-561f-ed1e-da42-1975937205f9,ok,0,0,453,26.608,47,210,405,439,292
180,50453.551594935,50453.55190417,,2,GPU-5443d59d-561f-ed1e-da42-1975937205f9,ok,0,0,453,26.587,47,210,405,439,292
181,50454.551594935,50454.551906098,,2,GPU-5443d59d-561f-ed1e-da42-1975937205f9,ok,0,0,453,26.769,47,210,405,439,292
182,50455.551594935,50455.551905816,,2,GPU-5443d59d-561f-ed1e-da42-1975937205f9,ok,0,0,453,26.7,47,210,405,439,292
183,50456.551594935,50456.551903544,,2,GPU-5443d59d-561f-ed1e-da42-1975937205f9,ok,0,0,453,26.77,47,210,405,390,292
184,50457.551594935,50457.551901252,,2,GPU-5443d59d-561f-ed1e-da42-1975937205f9,ok,0,0,453,26.907,47,210,405,439,292
185,50458.551594935,50458.55190475,,2,GPU-5443d59d-561f-ed1e-da42-1975937205f9,ok,0,0,453,26.736,47,210,405,439,292
186,50459.551594935,50459.551904108,,2,GPU-5443d59d-561f-ed1e-da42-1975937205f9,ok,0,0,453,26.717,47,210,405,439,341
187,50460.551594935,50460.551914626,,2,GPU-5443d59d-561f-ed1e-da42-1975937205f9,ok,0,0,453,26.849,47,210,405,439,341
188,50461.551594935,50461.551902324,,2,GPU-5443d59d-561f-ed1e-da42-1975937205f9,ok,0,0,453,26.725,47,210,405,439,341
189,50462.551594935,50462.551906722,,2,GPU-5443d59d-561f-ed1e-da42-1975937205f9,ok,0,0,453,26.727,47,210,405,439,292
190,50463.551594935,50463.55190413,,2,GPU-5443d59d-561f-ed1e-da42-1975937205f9,ok,0,0,453,26.784,47,210,405,439,292
191,50464.551594935,50464.551903408,,2,GPU-5443d59d-561f-ed1e-da42-1975937205f9,ok,0,0,453,26.662,47,210,405,439,292
192,50465.551594935,50465.551905176,,2,GPU-5443d59d-561f-ed1e-da42-1975937205f9,ok,0,0,453,26.723,47,210,405,439,292
193,50466.551594935,50466.551903194,,2,GPU-5443d59d-561f-ed1e-da42-1975937205f9,ok,0,0,453,26.847,47,210,405,439,341
194,50467.551594935,50467.551901992,,2,GPU-5443d59d-561f-ed1e-da42-1975937205f9,ok,0,0,453,26.788,47,210,405,439,341
195,50468.551594935,50468.55190611,,2,GPU-5443d59d-561f-ed1e-da42-1975937205f9,ok,0,0,453,26.822,47,210,405,390,341
196,50469.551594935,50469.551909828,,2,GPU-5443d59d-561f-ed1e-da42-1975937205f9,ok,0,0,453,26.778,47,210,405,390,341
197,50470.551594935,50470.551905516,,2,GPU-5443d59d-561f-ed1e-da42-1975937205f9,ok,0,0,453,26.501,47,210,405,439,341
198,50471.551594935,50471.551906264,,2,GPU-5443d59d-561f-ed1e-da42-1975937205f9,ok,0,0,453,26.551,47,210,405,439,341
199,50472.551594935,50472.551903342,,2,GPU-5443d59d-561f-ed1e-da42-1975937205f9,ok,0,0,453,26.749,46,210,405,439,341
200,50473.551594935,50473.55190793,,2,GPU-5443d59d-561f-ed1e-da42-1975937205f9,ok,0,0,453,26.592,46,210,405,439,341
201,50474.551594935,50474.551909238,,2,GPU-5443d59d-561f-ed1e-da42-1975937205f9,ok,0,0,453,26.572,46,210,405,390,292
202,50475.551594935,50475.551917076,,2,GPU-5443d59d-561f-ed1e-da42-1975937205f9,ok,0,0,453,26.724,46,210,405,390,292
203,50476.551594935,50476.551903154,,2,GPU-5443d59d-561f-ed1e-da42-1975937205f9,ok,0,0,453,26.656,46,210,405,390,292
204,50477.551594935,50477.551906002,,2,GPU-5443d59d-561f-ed1e-da42-1975937205f9,ok,0,0,453,26.724,46,210,405,390,292
205,50478.551594935,50478.55190443,,2,GPU-5443d59d-561f-ed1e-da42-1975937205f9,ok,0,0,453,26.805,46,210,405,390,341
206,50479.551594935,50479.551904218,,2,GPU-5443d59d-561f-ed1e-da42-1975937205f9,ok,0,0,453,26.72,46,210,405,439,341
207,50480.551594935,50480.551905296,,2,GPU-5443d59d-561f-ed1e-da42-1975937205f9,ok,0,0,453,26.753,46,210,405,439,341
208,50481.551594935,50481.551905524,,2,GPU-5443d59d-561f-ed1e-da42-1975937205f9,ok,0,0,453,26.712,46,210,405,439,341
209,50482.551594935,50482.551906182,,2,GPU-5443d59d-561f-ed1e-da42-1975937205f9,ok,0,0,453,26.776,46,210,405,390,341
210,50483.551594935,50483.55190341,,2,GPU-5443d59d-561f-ed1e-da42-1975937205f9,ok,0,0,453,26.889,46,210,405,439,341
211,50484.551594935,50484.551915308,,2,GPU-5443d59d-561f-ed1e-da42-1975937205f9,ok,0,0,453,26.72,46,210,405,439,341
212,50485.551594935,50485.551902946,,2,GPU-5443d59d-561f-ed1e-da42-1975937205f9,ok,0,0,453,26.752,46,210,405,439,341
213,50486.551594935,50486.551904624,,2,GPU-5443d59d-561f-ed1e-da42-1975937205f9,ok,0,0,453,26.954,46,210,405,390,341
214,50487.551594935,50487.551906512,,2,GPU-5443d59d-561f-ed1e-da42-1975937205f9,ok,0,0,453,26.919,46,210,405,439,341
215,50488.551594935,50488.55190431,,2,GPU-5443d59d-561f-ed1e-da42-1975937205f9,ok,0,0,453,27.009,46,210,405,439,292
216,50489.551594935,50489.551907138,,2,GPU-5443d59d-561f-ed1e-da42-1975937205f9,ok,0,0,453,27.05,46,210,405,439,292
217,50490.551594935,50490.551905656,,2,GPU-5443d59d-561f-ed1e-da42-1975937205f9,ok,0,0,453,26.839,46,210,405,439,292
218,50491.551594935,50491.551910244,,2,GPU-5443d59d-561f-ed1e-da42-1975937205f9,ok,0,0,453,26.887,46,210,405,439,292
219,50492.551594935,50492.551902192,,2,GPU-5443d59d-561f-ed1e-da42-1975937205f9,ok,0,0,453,26.957,46,210,405,439,292
220,50493.551594935,50493.55190484,,2,GPU-5443d59d-561f-ed1e-da42-1975937205f9,ok,0,0,453,26.765,46,210,405,439,341
221,50494.551594935,50494.551904929,,2,GPU-5443d59d-561f-ed1e-da42-1975937205f9,ok,0,0,453,26.702,46,210,405,439,341
222,50495.551594935,50495.551907587,,2,GPU-5443d59d-561f-ed1e-da42-1975937205f9,ok,0,0,453,26.747,46,210,405,439,292
223,50496.551594935,50496.551914895,,2,GPU-5443d59d-561f-ed1e-da42-1975937205f9,ok,0,0,453,26.614,46,210,405,439,292
224,50497.551594935,50497.551908903,,2,GPU-5443d59d-561f-ed1e-da42-1975937205f9,ok,0,0,453,26.644,46,210,405,390,292
225,50498.551594935,50498.551903231,,2,GPU-5443d59d-561f-ed1e-da42-1975937205f9,ok,0,0,453,26.751,46,210,405,390,292
226,50499.551594935,50499.551907709,,2,GPU-5443d59d-561f-ed1e-da42-1975937205f9,ok,0,0,453,26.674,46,210,405,439,292
227,50500.551594935,50500.551907417,,2,GPU-5443d59d-561f-ed1e-da42-1975937205f9,ok,0,0,453,26.73,46,210,405,439,292
228,50501.551594935,50501.551902725,,2,GPU-5443d59d-561f-ed1e-da42-1975937205f9,ok,0,0,453,26.785,46,210,405,439,292
229,50502.551594935,50502.551907453,,2,GPU-5443d59d-561f-ed1e-da42-1975937205f9,ok,0,0,453,26.598,46,210,405,390,341
230,50503.551594935,50503.551909501,,2,GPU-5443d59d-561f-ed1e-da42-1975937205f9,ok,0,0,453,26.638,46,210,405,439,292
231,50504.551594935,50504.551903299,,2,GPU-5443d59d-561f-ed1e-da42-1975937205f9,ok,0,0,453,26.898,46,210,405,439,292
232,50505.551594935,50505.551909327,,2,GPU-5443d59d-561f-ed1e-da42-1975937205f9,ok,0,0,453,26.871,46,210,405,390,292
233,50506.551594935,50506.551909165,,2,GPU-5443d59d-561f-ed1e-da42-1975937205f9,ok,0,0,453,26.804,46,210,405,439,292
234,50507.551594935,50507.551904483,,2,GPU-5443d59d-561f-ed1e-da42-1975937205f9,ok,0,0,453,26.897,46,210,405,439,292
235,50508.551594935,50508.551917121,,2,GPU-5443d59d-561f-ed1e-da42-1975937205f9,ok,0,0,453,26.77,46,210,405,439,292
236,50509.551594935,50509.551905509,,2,GPU-5443d59d-561f-ed1e-da42-1975937205f9,ok,0,0,453,26.732,46,210,405,439,292
237,50510.551594935,50510.551906337,,2,GPU-5443d59d-561f-ed1e-da42-1975937205f9,ok,0,0,453,26.761,46,210,405,390,292
238,50511.551594935,50511.551904575,,2,GPU-5443d59d-561f-ed1e-da42-1975937205f9,ok,0,0,453,26.612,46,210,405,439,292
239,50512.551594935,50512.551904733,,2,GPU-5443d59d-561f-ed1e-da42-1975937205f9,ok,0,0,453,26.715,46,210,405,390,292
240,50513.551594935,50513.551920971,,2,GPU-5443d59d-561f-ed1e-da42-1975937205f9,ok,0,0,453,26.882,45,210,405,439,292
241,50514.551594935,50514.551904979,,2,GPU-5443d59d-561f-ed1e-da42-1975937205f9,ok,0,0,453,26.806,45,210,405,439,292
242,50515.551594935,50515.551916487,,2,GPU-5443d59d-561f-ed1e-da42-1975937205f9,ok,0,0,453,26.828,45,210,405,439,292
243,50516.551594935,50516.551926845,,2,GPU-5443d59d-561f-ed1e-da42-1975937205f9,ok,0,0,453,26.861,45,210,405,439,341
244,50517.551594935,50517.551906813,,2,GPU-5443d59d-561f-ed1e-da42-1975937205f9,ok,0,0,453,26.897,45,210,405,439,341
245,50518.551594935,50518.551902741,,2,GPU-5443d59d-561f-ed1e-da42-1975937205f9,ok,0,0,453,26.98,45,210,405,439,341
246,50519.551594935,50519.551907849,,2,GPU-5443d59d-561f-ed1e-da42-1975937205f9,ok,0,0,453,26.971,45,210,405,439,292
247,50520.551594935,50520.551904027,,2,GPU-5443d59d-561f-ed1e-da42-1975937205f9,ok,0,0,453,27.059,45,210,405,439,292
248,50521.551594935,50521.551909865,,2,GPU-5443d59d-561f-ed1e-da42-1975937205f9,ok,0,0,453,27.072,45,210,405,439,292
249,50522.551594935,50522.551924963,,2,GPU-5443d59d-561f-ed1e-da42-1975937205f9,ok,0,0,453,26.864,45,210,405,439,292
250,50523.551594935,50523.551906451,,2,GPU-5443d59d-561f-ed1e-da42-1975937205f9,ok,0,0,453,26.928,45,210,405,439,292
251,50524.551594935,50524.551907919,,2,GPU-5443d59d-561f-ed1e-da42-1975937205f9,ok,0,0,453,27.035,45,210,405,439,292
252,50525.551594935,50525.551926797,,2,GPU-5443d59d-561f-ed1e-da42-1975937205f9,ok,0,0,453,26.877,45,210,405,390,292
253,50526.551594935,50526.551902175,,2,GPU-5443d59d-561f-ed1e-da42-1975937205f9,ok,0,0,453,26.939,45,210,405,439,292
254,50527.551594935,50527.551909443,,2,GPU-5443d59d-561f-ed1e-da42-1975937205f9,ok,0,0,453,27.095,45,210,405,439,292
255,50528.551594935,50528.551919911,,2,GPU-5443d59d-561f-ed1e-da42-1975937205f9,ok,0,0,453,26.96,45,210,405,390,292
256,50529.551594935,50529.551920769,,2,GPU-5443d59d-561f-ed1e-da42-1975937205f9,ok,0,0,453,26.914,45,210,405,439,292
257,50530.551594935,50530.551921217,,2,GPU-5443d59d-561f-ed1e-da42-1975937205f9,ok,0,0,453,26.992,45,210,405,439,292
258,50531.551594935,50531.551910195,,2,GPU-5443d59d-561f-ed1e-da42-1975937205f9,ok,0,0,453,26.86,45,210,405,439,292
259,50532.551594935,50532.551905453,,2,GPU-5443d59d-561f-ed1e-da42-1975937205f9,ok,0,0,453,26.821,45,210,405,390,292
260,50533.551594935,50533.551908431,,2,GPU-5443d59d-561f-ed1e-da42-1975937205f9,ok,0,0,453,26.949,45,210,405,439,292
261,50534.551594935,50534.551902879,,2,GPU-5443d59d-561f-ed1e-da42-1975937205f9,ok,0,0,453,26.879,45,210,405,439,292
262,50535.551594935,50535.551923197,,2,GPU-5443d59d-561f-ed1e-da42-1975937205f9,ok,0,0,453,26.908,45,210,405,390,292
263,50536.551594935,50536.551929485,,2,GPU-5443d59d-561f-ed1e-da42-1975937205f9,ok,0,0,453,27.02,45,210,405,390,292
264,50537.551594935,50537.551925934,,2,GPU-5443d59d-561f-ed1e-da42-1975937205f9,ok,0,0,453,27.004,45,210,405,390,292
265,50538.551594935,50538.551922722,,2,GPU-5443d59d-561f-ed1e-da42-1975937205f9,ok,0,0,453,27.055,45,210,405,390,292
266,50539.551594935,50539.55191828,,2,GPU-5443d59d-561f-ed1e-da42-1975937205f9,ok,0,0,453,27.172,45,210,405,439,292
267,50540.551594935,50540.551924818,,2,GPU-5443d59d-561f-ed1e-da42-1975937205f9,ok,0,0,453,27.109,45,210,405,439,292
268,50541.551594935,50541.551902336,,2,GPU-5443d59d-561f-ed1e-da42-1975937205f9,ok,0,0,453,27.065,45,210,405,439,292
269,50542.551594935,50542.551906164,,2,GPU-5443d59d-561f-ed1e-da42-1975937205f9,ok,0,0,453,27.112,45,210,405,390,292
270,50543.551594935,50543.551903402,,2,GPU-5443d59d-561f-ed1e-da42-1975937205f9,ok,0,0,453,26.904,45,210,405,439,292
271,50544.551594935,50544.55190616,,2,GPU-5443d59d-561f-ed1e-da42-1975937205f9,ok,0,0,453,26.835,45,210,405,439,292
272,50545.551594935,50545.551903838,,2,GPU-5443d59d-561f-ed1e-da42-1975937205f9,ok,0,0,453,26.937,45,210,405,439,292
273,50546.551594935,50546.551906776,,2,GPU-5443d59d-561f-ed1e-da42-1975937205f9,ok,0,0,453,26.931,45,210,405,390,292
274,50547.551594935,50547.551922054,,2,GPU-5443d59d-561f-ed1e-da42-1975937205f9,ok,0,0,453,26.983,45,210,405,439,292
275,50548.551594935,50548.551921782,,2,GPU-5443d59d-561f-ed1e-da42-1975937205f9,ok,0,0,453,27.059,45,210,405,439,292
276,50549.551594935,50549.5519238,,2,GPU-5443d59d-561f-ed1e-da42-1975937205f9,ok,0,0,453,27.073,45,210,405,439,292
277,50550.551594935,50550.551927178,,2,GPU-5443d59d-561f-ed1e-da42-1975937205f9,ok,0,0,453,27.093,45,210,405,439,292
278,50551.551594935,50551.551918256,,2,GPU-5443d59d-561f-ed1e-da42-1975937205f9,ok,0,0,453,27.058,45,210,405,390,292
279,50552.551594935,50552.551923324,,2,GPU-5443d59d-561f-ed1e-da42-1975937205f9,ok,0,0,453,26.979,45,210,405,439,292
280,50553.551594935,50553.551922412,,2,GPU-5443d59d-561f-ed1e-da42-1975937205f9,ok,0,0,453,26.937,44,210,405,439,292
281,50554.551594935,50554.55194054,,2,GPU-5443d59d-561f-ed1e-da42-1975937205f9,ok,0,0,453,26.865,44,210,405,439,292
282,50555.551594935,50555.551923478,,2,GPU-5443d59d-561f-ed1e-da42-1975937205f9,ok,0,0,453,27.006,44,210,405,390,292
283,50556.551594935,50556.551924376,,2,GPU-5443d59d-561f-ed1e-da42-1975937205f9,ok,0,0,453,27.243,44,210,405,439,292
284,50557.551594935,50557.551923484,,2,GPU-5443d59d-561f-ed1e-da42-1975937205f9,ok,0,0,453,27.253,44,210,405,439,292
285,50558.551594935,50558.551929112,,2,GPU-5443d59d-561f-ed1e-da42-1975937205f9,ok,0,0,453,27.272,44,210,405,439,292
286,50559.551594935,50559.55192337,,2,GPU-5443d59d-561f-ed1e-da42-1975937205f9,ok,0,0,453,27.371,44,210,405,390,292
287,50560.551594935,50560.551922368,,2,GPU-5443d59d-561f-ed1e-da42-1975937205f9,ok,0,0,453,27.276,44,210,405,390,292
288,50561.551594935,50561.551923686,,2,GPU-5443d59d-561f-ed1e-da42-1975937205f9,ok,0,0,453,27.264,44,210,405,439,292
289,50562.551594935,50562.551923364,,2,GPU-5443d59d-561f-ed1e-da42-1975937205f9,ok,0,0,453,27.425,44,210,405,439,292
290,50563.551594935,50563.551922172,,2,GPU-5443d59d-561f-ed1e-da42-1975937205f9,ok,0,0,453,27.313,44,210,405,439,292
291,50564.551594935,50564.55190557,,2,GPU-5443d59d-561f-ed1e-da42-1975937205f9,ok,0,0,453,27.297,44,210,405,390,292
292,50565.551594935,50565.551905388,,2,GPU-5443d59d-561f-ed1e-da42-1975937205f9,ok,0,0,453,27.412,44,210,405,390,292
293,50566.551594935,50566.551921056,,2,GPU-5443d59d-561f-ed1e-da42-1975937205f9,ok,0,0,453,27.188,44,210,405,439,292
294,50567.551594935,50567.551908014,,2,GPU-5443d59d-561f-ed1e-da42-1975937205f9,ok,0,0,453,27.115,44,210,405,439,292
295,50568.551594935,50568.551902802,,2,GPU-5443d59d-561f-ed1e-da42-1975937205f9,ok,0,0,453,27.226,44,210,405,439,292
296,50569.551594935,50569.55190538,,2,GPU-5443d59d-561f-ed1e-da42-1975937205f9,ok,0,0,453,27.11,44,210,405,390,341
297,50570.551594935,50570.551902888,,2,GPU-5443d59d-561f-ed1e-da42-1975937205f9,ok,0,0,453,27.136,44,210,405,390,341
298,50571.551594935,50571.551904036,,2,GPU-5443d59d-561f-ed1e-da42-1975937205f9,ok,0,0,453,27.283,44,210,405,439,341
299,50572.551594935,50572.551906294,,2,GPU-5443d59d-561f-ed1e-da42-1975937205f9,ok,0,0,453,27.174,44,210,405,439,341
300,50573.551594935,50573.551903392,,2,GPU-5443d59d-561f-ed1e-da42-1975937205f9,ok,0,0,453,27.197,44,210,405,439,341
301,50574.551594935,50574.5519048,,2,GPU-5443d59d-561f-ed1e-da42-1975937205f9,ok,0,0,453,27.271,44,210,405,439,292
302,50575.551594935,50575.551899448,,2,GPU-5443d59d-561f-ed1e-da42-1975937205f9,ok,0,0,453,27.084,44,210,405,439,292
303,50576.551594935,50576.551901456,,2,GPU-5443d59d-561f-ed1e-da42-1975937205f9,ok,0,0,453,27.019,44,210,405,390,292
304,50577.551594935,50577.551900914,,2,GPU-5443d59d-561f-ed1e-da42-1975937205f9,ok,0,0,453,27.051,44,210,405,390,292
305,50578.551594935,50578.551904422,,2,GPU-5443d59d-561f-ed1e-da42-1975937205f9,ok,0,0,453,27.075,44,210,405,439,292
306,50579.551594935,50579.55190951,,2,GPU-5443d59d-561f-ed1e-da42-1975937205f9,ok,0,0,453,27.084,44,210,405,439,292
307,50580.551594935,50580.551903478,,2,GPU-5443d59d-561f-ed1e-da42-1975937205f9,ok,0,0,453,27.062,44,210,405,439,341
308,50581.551594935,50581.551903387,,2,GPU-5443d59d-561f-ed1e-da42-1975937205f9,ok,0,0,453,27.342,44,210,405,390,292
309,50582.551594935,50582.551902395,,2,GPU-5443d59d-561f-ed1e-da42-1975937205f9,ok,0,0,453,27.362,44,210,405,439,341
310,50583.551594935,50583.551904333,,2,GPU-5443d59d-561f-ed1e-da42-1975937205f9,ok,0,0,453,27.104,44,210,405,439,341
311,50584.551594935,50584.551902391,,2,GPU-5443d59d-561f-ed1e-da42-1975937205f9,ok,0,0,453,27.058,44,210,405,439,292
312,50585.551594935,50585.551903179,,2,GPU-5443d59d-561f-ed1e-da42-1975937205f9,ok,0,0,453,26.986,44,210,405,439,292
313,50586.551594935,50586.551906737,,2,GPU-5443d59d-561f-ed1e-da42-1975937205f9,ok,0,0,453,26.948,44,210,405,439,292
314,50587.551594935,50587.551913145,,2,GPU-5443d59d-561f-ed1e-da42-1975937205f9,ok,0,0,453,27.066,44,210,405,439,292
315,50588.551594935,50588.551904833,,2,GPU-5443d59d-561f-ed1e-da42-1975937205f9,ok,0,0,453,27.03,44,210,405,390,292
316,50589.551594935,50589.551907031,,2,GPU-5443d59d-561f-ed1e-da42-1975937205f9,ok,0,0,453,27.151,44,210,405,439,292
317,50590.551594935,50590.551911139,,2,GPU-5443d59d-561f-ed1e-da42-1975937205f9,ok,0,0,453,27.33,44,210,405,439,292
318,50591.551594935,50591.551903727,,2,GPU-5443d59d-561f-ed1e-da42-1975937205f9,ok,0,0,453,27.148,44,210,405,439,292
319,50592.551594935,50592.551901275,,2,GPU-5443d59d-561f-ed1e-da42-1975937205f9,ok,0,0,453,27.057,44,210,405,439,341
320,50593.551594935,50593.551903613,,2,GPU-5443d59d-561f-ed1e-da42-1975937205f9,ok,0,0,453,27.141,44,210,405,439,292
321,50594.551594935,50594.551904351,,2,GPU-5443d59d-561f-ed1e-da42-1975937205f9,ok,0,0,453,27.149,43,210,405,439,292
322,50595.551594935,50595.551903799,,2,GPU-5443d59d-561f-ed1e-da42-1975937205f9,ok,0,0,453,27.196,43,210,405,439,292
323,50596.551594935,50596.551905167,,2,GPU-5443d59d-561f-ed1e-da42-1975937205f9,ok,0,0,453,27.217,43,210,405,439,292
324,50597.551594935,50597.551904265,,2,GPU-5443d59d-561f-ed1e-da42-1975937205f9,ok,0,0,453,27.106,43,210,405,439,292
325,50598.551594935,50598.551904383,,2,GPU-5443d59d-561f-ed1e-da42-1975937205f9,ok,0,0,453,27.134,43,210,405,390,292
326,50599.551594935,50599.551917241,,2,GPU-5443d59d-561f-ed1e-da42-1975937205f9,ok,0,0,453,27.272,43,210,405,390,292
327,50600.551594935,50600.551903649,,2,GPU-5443d59d-561f-ed1e-da42-1975937205f9,ok,0,0,453,27.185,43,210,405,439,292
328,50601.551594935,50601.551903197,,2,GPU-5443d59d-561f-ed1e-da42-1975937205f9,ok,0,0,453,27.143,43,210,405,439,341
329,50602.551594935,50602.551901765,,2,GPU-5443d59d-561f-ed1e-da42-1975937205f9,ok,0,0,453,27.269,43,210,405,439,341
330,50603.551594935,50603.551903273,,2,GPU-5443d59d-561f-ed1e-da42-1975937205f9,ok,0,0,453,27.184,43,210,405,439,341
331,50604.551594935,50604.551902831,,2,GPU-5443d59d-561f-ed1e-da42-1975937205f9,ok,0,0,453,27.156,43,210,405,439,292
332,50605.551594935,50605.551902999,,2,GPU-5443d59d-561f-ed1e-da42-1975937205f9,ok,0,0,453,27.26,43,210,405,439,292
333,50606.551594935,50606.551914167,,2,GPU-5443d59d-561f-ed1e-da42-1975937205f9,ok,0,0,453,27.074,43,210,405,439,292
334,50607.551594935,50607.551904745,,2,GPU-5443d59d-561f-ed1e-da42-1975937205f9,ok,0,0,453,27.109,43,210,405,390,292
335,50608.551594935,50608.551905133,,2,GPU-5443d59d-561f-ed1e-da42-1975937205f9,ok,0,0,453,27.264,43,210,405,439,292
336,50609.551594935,50609.551901871,,2,GPU-5443d59d-561f-ed1e-da42-1975937205f9,ok,0,0,453,27.15,43,210,405,439,292
337,50610.551594935,50610.551907949,,2,GPU-5443d59d-561f-ed1e-da42-1975937205f9,ok,0,0,453,27.147,43,210,405,488,292
338,50611.551594935,50611.551903147,,2,GPU-5443d59d-561f-ed1e-da42-1975937205f9,ok,0,0,453,27.285,43,210,405,439,292
339,50612.551594935,50612.551904735,,2,GPU-5443d59d-561f-ed1e-da42-1975937205f9,ok,0,0,453,27.19,43,210,405,439,292
340,50613.551594935,50613.551901443,,2,GPU-5443d59d-561f-ed1e-da42-1975937205f9,ok,0,0,453,27.0,43,210,405,390,292
341,50614.551594935,50614.551900441,,2,GPU-5443d59d-561f-ed1e-da42-1975937205f9,ok,0,0,453,26.968,43,210,405,390,292
342,50615.551594935,50615.551903109,,2,GPU-5443d59d-561f-ed1e-da42-1975937205f9,ok,0,0,453,26.875,43,210,405,439,292
343,50616.551594935,50616.551903617,,2,GPU-5443d59d-561f-ed1e-da42-1975937205f9,ok,0,0,453,26.955,43,210,405,439,292
344,50617.551594935,50617.551902215,,2,GPU-5443d59d-561f-ed1e-da42-1975937205f9,ok,0,0,453,26.972,43,210,405,439,292
345,50618.551594935,50618.551921303,,2,GPU-5443d59d-561f-ed1e-da42-1975937205f9,ok,0,0,453,26.834,43,210,405,390,292
346,50619.551594935,50619.551904641,,2,GPU-5443d59d-561f-ed1e-da42-1975937205f9,ok,0,0,453,26.853,43,210,405,439,292
347,50620.551594935,50620.551901599,,2,GPU-5443d59d-561f-ed1e-da42-1975937205f9,ok,0,0,453,26.844,43,210,405,439,292
348,50621.551594935,50621.551919527,,2,GPU-5443d59d-561f-ed1e-da42-1975937205f9,ok,0,0,453,26.872,43,210,405,439,341
349,50622.551594935,50622.551902275,,2,GPU-5443d59d-561f-ed1e-da42-1975937205f9,ok,0,0,453,26.977,43,210,405,439,341
350,50623.551594935,50623.551907193,,2,GPU-5443d59d-561f-ed1e-da42-1975937205f9,ok,0,0,453,26.836,43,210,405,439,292
351,50624.551594935,50624.551904572,,2,GPU-5443d59d-561f-ed1e-da42-1975937205f9,ok,0,0,453,26.753,43,210,405,439,292
352,50625.551594935,50625.55190629,,2,GPU-5443d59d-561f-ed1e-da42-1975937205f9,ok,0,0,453,26.83,43,210,405,390,292
353,50626.551594935,50626.551904908,,2,GPU-5443d59d-561f-ed1e-da42-1975937205f9,ok,0,0,453,26.784,43,210,405,390,292
354,50627.551594935,50627.551909966,,2,GPU-5443d59d-561f-ed1e-da42-1975937205f9,ok,0,0,453,26.84,43,210,405,439,292
355,50628.551594935,50628.551909984,,2,GPU-5443d59d-561f-ed1e-da42-1975937205f9,ok,0,0,453,26.86,43,210,405,439,292
356,50629.551594935,50629.551904522,,2,GPU-5443d59d-561f-ed1e-da42-1975937205f9,ok,0,0,453,26.684,43,210,405,390,292
357,50630.551594935,50630.55190306,,2,GPU-5443d59d-561f-ed1e-da42-1975937205f9,ok,0,0,453,26.741,43,210,405,390,292
358,50631.551594935,50631.551904398,,2,GPU-5443d59d-561f-ed1e-da42-1975937205f9,ok,0,0,453,26.986,43,210,405,390,292
359,50632.551594935,50632.551903876,,2,GPU-5443d59d-561f-ed1e-da42-1975937205f9,ok,0,0,453,26.918,43,210,405,439,292
360,50633.551594935,50633.551904554,,2,GPU-5443d59d-561f-ed1e-da42-1975937205f9,ok,0,0,453,26.873,43,210,405,439,292
361,50634.551594935,50634.551914782,,2,GPU-5443d59d-561f-ed1e-da42-1975937205f9,ok,0,0,453,26.997,43,210,405,439,292
362,50635.551594935,50635.55190569,,2,GPU-5443d59d-561f-ed1e-da42-1975937205f9,ok,0,0,453,26.927,43,210,405,390,292
363,50636.551594935,50636.551904098,,2,GPU-5443d59d-561f-ed1e-da42-1975937205f9,ok,0,0,453,26.88,43,210,405,439,292
364,50637.551594935,50637.551903276,,2,GPU-5443d59d-561f-ed1e-da42-1975937205f9,ok,0,0,453,26.975,43,210,405,439,292
365,50638.551594935,50638.551904064,,2,GPU-5443d59d-561f-ed1e-da42-1975937205f9,ok,0,0,453,26.859,43,210,405,439,292
366,50639.551594935,50639.551906742,,2,GPU-5443d59d-561f-ed1e-da42-1975937205f9,ok,0,0,453,26.836,43,210,405,390,292
367,50640.551594935,50640.5519039,,2,GPU-5443d59d-561f-ed1e-da42-1975937205f9,ok,0,0,453,26.964,42,210,405,390,292
368,50641.551594935,50641.551911998,,2,GPU-5443d59d-561f-ed1e-da42-1975937205f9,ok,0,0,453,26.899,42,210,405,439,292
369,50642.551594935,50642.551902586,,2,GPU-5443d59d-561f-ed1e-da42-1975937205f9,ok,0,0,453,26.968,42,210,405,439,292
370,50643.551594935,50643.551904414,,2,GPU-5443d59d-561f-ed1e-da42-1975937205f9,ok,0,0,453,27.145,42,210,405,390,292
371,50644.551594935,50644.551903632,,2,GPU-5443d59d-561f-ed1e-da42-1975937205f9,ok,0,0,453,27.075,42,210,405,439,292
372,50645.551594935,50645.55190537,,2,GPU-5443d59d-561f-ed1e-da42-1975937205f9,ok,0,0,453,27.015,42,210,405,439,292
373,50646.551594935,50646.551915968,,2,GPU-5443d59d-561f-ed1e-da42-1975937205f9,ok,0,0,453,27.18,42,210,405,439,292
374,50647.551594935,50647.551920466,,2,GPU-5443d59d-561f-ed1e-da42-1975937205f9,ok,0,0,453,27.16,42,210,405,439,292
375,50648.551594935,50648.551907504,,2,GPU-5443d59d-561f-ed1e-da42-1975937205f9,ok,0,0,453,27.167,42,210,405,439,292
376,50649.551594935,50649.551905392,,2,GPU-5443d59d-561f-ed1e-da42-1975937205f9,ok,0,0,453,27.262,42,210,405,439,292
377,50650.551594935,50650.55190182,,2,GPU-5443d59d-561f-ed1e-da42-1975937205f9,ok,0,0,453,27.113,42,210,405,390,292
378,50651.551594935,50651.551903528,,2,GPU-5443d59d-561f-ed1e-da42-1975937205f9,ok,0,0,453,27.043,42,210,405,439,292
379,50652.551594935,50652.551904796,,2,GPU-5443d59d-561f-ed1e-da42-1975937205f9,ok,0,0,453,27.034,42,210,405,439,341
380,50653.551594935,50653.551903764,,2,GPU-5443d59d-561f-ed1e-da42-1975937205f9,ok,0,0,453,27.0,42,210,405,439,292
381,50654.551594935,50654.551903492,,2,GPU-5443d59d-561f-ed1e-da42-1975937205f9,ok,0,0,453,27.153,42,210,405,390,292
382,50655.551594935,50655.55190249,,2,GPU-5443d59d-561f-ed1e-da42-1975937205f9,ok,0,0,453,27.082,42,210,405,439,292
383,50656.551594935,50656.551916928,,2,GPU-5443d59d-561f-ed1e-da42-1975937205f9,ok,0,0,453,26.939,42,210,405,439,292
384,50657.551594935,50657.551905146,,2,GPU-5443d59d-561f-ed1e-da42-1975937205f9,ok,0,0,453,27.008,42,210,405,439,292
385,50658.551594935,50658.551903994,,2,GPU-5443d59d-561f-ed1e-da42-1975937205f9,ok,0,0,453,26.914,42,210,405,439,292
386,50659.551594935,50659.551902342,,2,GPU-5443d59d-561f-ed1e-da42-1975937205f9,ok,0,0,453,26.926,42,210,405,439,292
387,50660.551594935,50660.55190426,,2,GPU-5443d59d-561f-ed1e-da42-1975937205f9,ok,0,0,453,26.997,42,210,405,439,292
388,50661.551594935,50661.551903838,,2,GPU-5443d59d-561f-ed1e-da42-1975937205f9,ok,0,0,453,26.814,42,210,405,439,292
389,50662.551594935,50662.551904426,,2,GPU-5443d59d-561f-ed1e-da42-1975937205f9,ok,0,0,453,26.81,42,210,405,390,292
390,50663.551594935,50663.551915924,,2,GPU-5443d59d-561f-ed1e-da42-1975937205f9,ok,0,0,453,26.978,42,210,405,439,292
391,50664.551594935,50664.551901662,,2,GPU-5443d59d-561f-ed1e-da42-1975937205f9,ok,0,0,453,26.945,42,210,405,439,341
392,50665.551594935,50665.55190393,,2,GPU-5443d59d-561f-ed1e-da42-1975937205f9,ok,0,0,453,26.959,42,210,405,439,292
393,50666.551594935,50666.551903148,,2,GPU-5443d59d-561f-ed1e-da42-1975937205f9,ok,0,0,453,27.025,42,210,405,439,292
394,50667.551594935,50667.551911077,,2,GPU-5443d59d-561f-ed1e-da42-1975937205f9,ok,0,0,453,26.967,42,210,405,439,292
395,50668.551594935,50668.551906955,,2,GPU-5443d59d-561f-ed1e-da42-1975937205f9,ok,0,0,453,27.053,42,210,405,390,292
396,50669.551594935,50669.551905443,,2,GPU-5443d59d-561f-ed1e-da42-1975937205f9,ok,0,0,453,27.135,42,210,405,439,292
397,50670.551594935,50670.551908861,,2,GPU-5443d59d-561f-ed1e-da42-1975937205f9,ok,0,0,453,26.975,42,210,405,439,292
398,50671.551594935,50671.551919639,,2,GPU-5443d59d-561f-ed1e-da42-1975937205f9,ok,0,0,453,27.022,42,210,405,390,292
399,50672.551594935,50672.551917957,,2,GPU-5443d59d-561f-ed1e-da42-1975937205f9,ok,0,0,453,27.185,42,210,405,390,292
400,50673.551594935,50673.551917975,,2,GPU-5443d59d-561f-ed1e-da42-1975937205f9,ok,0,0,453,27.03,42,210,405,439,292
401,50674.551594935,50674.551920173,,2,GPU-5443d59d-561f-ed1e-da42-1975937205f9,ok,0,0,453,26.974,42,210,405,439,292
402,50675.551594935,50675.551919621,,2,GPU-5443d59d-561f-ed1e-da42-1975937205f9,ok,0,0,453,27.125,42,210,405,390,292
403,50676.551594935,50676.551921559,,2,GPU-5443d59d-561f-ed1e-da42-1975937205f9,ok,0,0,453,27.049,42,210,405,439,292
404,50677.551594935,50677.551920927,,2,GPU-5443d59d-561f-ed1e-da42-1975937205f9,ok,0,0,453,27.079,42,210,405,439,292
405,50678.551594935,50678.551907065,,2,GPU-5443d59d-561f-ed1e-da42-1975937205f9,ok,0,0,453,27.226,42,210,405,439,292
406,50679.551594935,50679.551906563,,2,GPU-5443d59d-561f-ed1e-da42-1975937205f9,ok,0,0,453,27.135,42,210,405,390,292
407,50680.551594935,50680.551918571,,2,GPU-5443d59d-561f-ed1e-da42-1975937205f9,ok,0,0,453,27.152,42,210,405,439,292
408,50681.551594935,50681.551904479,,2,GPU-5443d59d-561f-ed1e-da42-1975937205f9,ok,0,0,453,27.238,42,210,405,439,292
409,50682.551594935,50682.551912197,,2,GPU-5443d59d-561f-ed1e-da42-1975937205f9,ok,0,0,453,27.091,42,210,405,439,292
410,50683.551594935,50683.551918885,,2,GPU-5443d59d-561f-ed1e-da42-1975937205f9,ok,0,0,453,27.091,42,210,405,439,292
411,50684.551594935,50684.551919003,,2,GPU-5443d59d-561f-ed1e-da42-1975937205f9,ok,0,0,453,27.26,42,210,405,439,292
412,50685.551594935,50685.551922681,,2,GPU-5443d59d-561f-ed1e-da42-1975937205f9,ok,0,0,453,27.162,42,210,405,439,292
413,50686.551594935,50686.551927369,,2,GPU-5443d59d-561f-ed1e-da42-1975937205f9,ok,0,0,453,27.191,42,210,405,439,292
414,50687.551594935,50687.551931877,,2,GPU-5443d59d-561f-ed1e-da42-1975937205f9,ok,0,0,453,27.405,42,210,405,439,292
415,50688.551594935,50688.551920815,,2,GPU-5443d59d-561f-ed1e-da42-1975937205f9,ok,0,0,453,27.331,42,210,405,439,292
416,50689.551594935,50689.551920913,,2,GPU-5443d59d-561f-ed1e-da42-1975937205f9,ok,0,0,453,27.272,41,210,405,439,341
417,50690.551594935,50690.551919411,,2,GPU-5443d59d-561f-ed1e-da42-1975937205f9,ok,0,0,453,27.286,41,210,405,390,341
418,50691.551594935,50691.551921579,,2,GPU-5443d59d-561f-ed1e-da42-1975937205f9,ok,0,0,453,27.344,41,210,405,390,341
419,50692.551594935,50692.551920737,,2,GPU-5443d59d-561f-ed1e-da42-1975937205f9,ok,0,0,453,27.435,41,210,405,439,341
420,50693.551594935,50693.551924955,,2,GPU-5443d59d-561f-ed1e-da42-1975937205f9,ok,0,0,453,27.263,41,210,405,439,341
421,50694.551594935,50694.551920983,,2,GPU-5443d59d-561f-ed1e-da42-1975937205f9,ok,0,0,453,27.252,41,210,405,390,292
422,50695.551594935,50695.551925811,,2,GPU-5443d59d-561f-ed1e-da42-1975937205f9,ok,0,0,453,27.393,41,210,405,439,292
423,50696.551594935,50696.551921159,,2,GPU-5443d59d-561f-ed1e-da42-1975937205f9,ok,0,0,453,27.239,41,210,405,390,292
424,50697.551594935,50697.551929997,,2,GPU-5443d59d-561f-ed1e-da42-1975937205f9,ok,0,0,453,27.23,41,210,405,439,292
425,50698.551594935,50698.551922035,,2,GPU-5443d59d-561f-ed1e-da42-1975937205f9,ok,0,0,453,27.306,41,210,405,439,292
426,50699.551594935,50699.551921813,,2,GPU-5443d59d-561f-ed1e-da42-1975937205f9,ok,0,0,453,27.173,41,210,405,439,292
427,50700.551594935,50700.551901601,,2,GPU-5443d59d-561f-ed1e-da42-1975937205f9,ok,0,0,453,27.216,41,210,405,439,292
428,50701.551594935,50701.551933779,,2,GPU-5443d59d-561f-ed1e-da42-1975937205f9,ok,0,0,453,27.248,41,210,405,390,292
429,50702.551594935,50702.551902957,,2,GPU-5443d59d-561f-ed1e-da42-1975937205f9,ok,0,0,453,27.045,41,210,405,439,292
430,50703.551594935,50703.551912725,,2,GPU-5443d59d-561f-ed1e-da42-1975937205f9,ok,0,0,453,27.029,41,210,405,439,292
431,50704.551594935,50704.551898813,,2,GPU-5443d59d-561f-ed1e-da42-1975937205f9,ok,0,0,453,27.125,41,210,405,439,292
432,50705.551594935,50705.551918081,,2,GPU-5443d59d-561f-ed1e-da42-1975937205f9,ok,0,0,453,27.038,41,210,405,390,292
433,50706.551594935,50706.551905249,,2,GPU-5443d59d-561f-ed1e-da42-1975937205f9,ok,0,0,453,27.085,41,210,405,439,292
434,50707.551594935,50707.551905957,,2,GPU-5443d59d-561f-ed1e-da42-1975937205f9,ok,0,0,453,27.329,41,210,405,439,292
435,50708.551594935,50708.551915155,,2,GPU-5443d59d-561f-ed1e-da42-1975937205f9,ok,0,0,453,27.247,41,210,405,439,292
436,50709.551594935,50709.551919243,,2,GPU-5443d59d-561f-ed1e-da42-1975937205f9,ok,0,0,453,27.151,41,210,405,439,292
437,50710.551594935,50710.551909311,,2,GPU-5443d59d-561f-ed1e-da42-1975937205f9,ok,0,0,453,27.261,41,210,405,439,292
438,50711.551594935,50711.55190485,,2,GPU-5443d59d-561f-ed1e-da42-1975937205f9,ok,0,0,453,27.084,41,210,405,439,341
439,50712.551594935,50712.551919908,,2,GPU-5443d59d-561f-ed1e-da42-1975937205f9,ok,0,0,453,27.03,41,210,405,439,292
440,50713.551594935,50713.551904936,,2,GPU-5443d59d-561f-ed1e-da42-1975937205f9,ok,0,0,453,27.254,41,210,405,439,292
441,50714.551594935,50714.551904014,,2,GPU-5443d59d-561f-ed1e-da42-1975937205f9,ok,0,0,453,27.209,41,210,405,390,292
442,50715.551594935,50715.551905832,,2,GPU-5443d59d-561f-ed1e-da42-1975937205f9,ok,0,0,453,27.292,41,210,405,390,292
443,50716.551594935,50716.5519278,,2,GPU-5443d59d-561f-ed1e-da42-1975937205f9,ok,0,0,453,27.473,41,210,405,390,292
444,50717.551594935,50717.551902858,,2,GPU-5443d59d-561f-ed1e-da42-1975937205f9,ok,0,0,453,27.388,41,210,405,439,292
445,50718.551594935,50718.551902896,,2,GPU-5443d59d-561f-ed1e-da42-1975937205f9,ok,0,0,453,27.366,41,210,405,439,292
446,50719.551594935,50719.551924074,,2,GPU-5443d59d-561f-ed1e-da42-1975937205f9,ok,0,0,453,27.467,41,210,405,439,292
447,50720.551594935,50720.551904952,,2,GPU-5443d59d-561f-ed1e-da42-1975937205f9,ok,0,0,453,27.382,41,210,405,439,292
448,50721.551594935,50721.55192243,,2,GPU-5443d59d-561f-ed1e-da42-1975937205f9,ok,0,0,453,27.351,41,210,405,390,292
449,50722.551594935,50722.551926998,,2,GPU-5443d59d-561f-ed1e-da42-1975937205f9,ok,0,0,453,27.384,41,210,405,390,341
450,50723.551594935,50723.551901626,,2,GPU-5443d59d-561f-ed1e-da42-1975937205f9,ok,0,0,453,27.219,41,210,405,439,341
451,50724.551594935,50724.551904484,,2,GPU-5443d59d-561f-ed1e-da42-1975937205f9,ok,0,0,453,27.276,41,210,405,439,292
452,50725.551594935,50725.551929722,,2,GPU-5443d59d-561f-ed1e-da42-1975937205f9,ok,0,0,453,27.393,41,210,405,439,292
453,50726.551594935,50726.55191196,,2,GPU-5443d59d-561f-ed1e-da42-1975937205f9,ok,0,0,453,27.275,41,210,405,390,292
454,50727.551594935,50727.551907538,,2,GPU-5443d59d-561f-ed1e-da42-1975937205f9,ok,0,0,453,27.272,41,210,405,390,292
455,50728.551594935,50728.551906116,,2,GPU-5443d59d-561f-ed1e-da42-1975937205f9,ok,0,0,453,27.276,41,210,405,439,341
456,50729.551594935,50729.551913314,,2,GPU-5443d59d-561f-ed1e-da42-1975937205f9,ok,0,0,453,27.262,41,210,405,439,341
457,50730.551594935,50730.551908762,,2,GPU-5443d59d-561f-ed1e-da42-1975937205f9,ok,0,0,453,27.299,41,210,405,439,341
458,50731.551594935,50731.55190353,,2,GPU-5443d59d-561f-ed1e-da42-1975937205f9,ok,0,0,453,27.147,41,210,405,439,292
459,50732.551594935,50732.551909688,,2,GPU-5443d59d-561f-ed1e-da42-1975937205f9,ok,0,0,453,27.201,41,210,405,439,292
460,50733.551594935,50733.551903636,,2,GPU-5443d59d-561f-ed1e-da42-1975937205f9,ok,0,0,453,27.328,41,210,405,439,292
461,50734.551594935,50734.551902044,,2,GPU-5443d59d-561f-ed1e-da42-1975937205f9,ok,0,0,453,27.237,41,210,405,439,292
462,50735.551594935,50735.551903552,,2,GPU-5443d59d-561f-ed1e-da42-1975937205f9,ok,0,0,453,27.294,41,210,405,390,292
463,50736.551594935,50736.55190757,,2,GPU-5443d59d-561f-ed1e-da42-1975937205f9,ok,0,0,453,27.436,41,210,405,439,292
464,50737.551594935,50737.551911408,,2,GPU-5443d59d-561f-ed1e-da42-1975937205f9,ok,0,0,453,27.385,41,210,405,439,292
465,50738.551594935,50738.551913426,,2,GPU-5443d59d-561f-ed1e-da42-1975937205f9,ok,0,0,453,27.326,41,210,405,439,292
466,50739.551594935,50739.551905294,,2,GPU-5443d59d-561f-ed1e-da42-1975937205f9,ok,0,0,453,27.353,41,210,405,390,292
467,50740.551594935,50740.551905782,,2,GPU-5443d59d-561f-ed1e-da42-1975937205f9,ok,0,0,453,27.241,41,210,405,439,292
468,50741.551594935,50741.55190508,,2,GPU-5443d59d-561f-ed1e-da42-1975937205f9,ok,0,0,453,27.194,41,210,405,439,292
469,50742.551594935,50742.551903408,,2,GPU-5443d59d-561f-ed1e-da42-1975937205f9,ok,0,0,453,27.256,41,210,405,439,292
470,50743.551594935,50743.551911736,,2,GPU-5443d59d-561f-ed1e-da42-1975937205f9,ok,0,0,453,27.182,41,210,405,439,292
471,50744.551594935,50744.551901234,,2,GPU-5443d59d-561f-ed1e-da42-1975937205f9,ok,0,0,453,27.196,41,210,405,439,292
472,50745.551594935,50745.551903322,,2,GPU-5443d59d-561f-ed1e-da42-1975937205f9,ok,0,0,453,27.292,40,210,405,390,292
473,50746.551594935,50746.55190178,,2,GPU-5443d59d-561f-ed1e-da42-1975937205f9,ok,0,0,453,27.136,40,210,405,390,292
474,50747.551594935,50747.551919068,,2,GPU-5443d59d-561f-ed1e-da42-1975937205f9,ok,0,0,453,27.097,40,210,405,439,292
475,50748.551594935,50748.551906256,,2,GPU-5443d59d-561f-ed1e-da42-1975937205f9,ok,0,0,453,27.222,40,210,405,439,292
476,50749.551594935,50749.551907074,,2,GPU-5443d59d-561f-ed1e-da42-1975937205f9,ok,0,0,453,27.127,40,210,405,439,341
477,50750.551594935,50750.551905722,,2,GPU-5443d59d-561f-ed1e-da42-1975937205f9,ok,0,0,453,27.122,40,210,405,439,341
478,50751.551594935,50751.55190708,,2,GPU-5443d59d-561f-ed1e-da42-1975937205f9,ok,0,0,453,27.173,40,210,405,439,292
479,50752.551594935,50752.551901718,,2,GPU-5443d59d-561f-ed1e-da42-1975937205f9,ok,0,0,453,27.019,40,210,405,439,292
480,50753.551594935,50753.551904696,,2,GPU-5443d59d-561f-ed1e-da42-1975937205f9,ok,0,0,453,26.98,40,210,405,390,292
481,50754.551594935,50754.551904925,,2,GPU-5443d59d-561f-ed1e-da42-1975937205f9,ok,0,0,453,27.03,40,210,405,390,292
482,50755.551594935,50755.551904613,,2,GPU-5443d59d-561f-ed1e-da42-1975937205f9,ok,0,0,453,26.999,40,210,405,439,292
483,50756.551594935,50756.551905401,,2,GPU-5443d59d-561f-ed1e-da42-1975937205f9,ok,0,0,453,27.052,40,210,405,439,292
484,50757.551594935,50757.551904559,,2,GPU-5443d59d-561f-ed1e-da42-1975937205f9,ok,0,0,453,27.092,40,210,405,439,292
485,50758.551594935,50758.551913117,,2,GPU-5443d59d-561f-ed1e-da42-1975937205f9,ok,0,0,453,26.925,40,210,405,439,292
486,50759.551594935,50759.551919285,,2,GPU-5443d59d-561f-ed1e-da42-1975937205f9,ok,0,0,453,27.008,40,210,405,439,292
487,50760.551594935,50760.551904353,,2,GPU-5443d59d-561f-ed1e-da42-1975937205f9,ok,0,0,453,27.322,40,210,405,439,341
488,50761.551594935,50761.551892861,,2,GPU-5443d59d-561f-ed1e-da42-1975937205f9,ok,0,0,453,27.308,40,210,405,439,341
489,50762.551594935,50762.551910809,,2,GPU-5443d59d-561f-ed1e-da42-1975937205f9,ok,0,0,453,27.305,40,210,405,439,341
490,50763.551594935,50763.551902247,,2,GPU-5443d59d-561f-ed1e-da42-1975937205f9,ok,0,0,453,27.453,40,210,405,439,341
491,50764.551594935,50764.551905885,,2,GPU-5443d59d-561f-ed1e-da42-1975937205f9,ok,0,0,453,27.329,40,210,405,439,341
492,50765.551594935,50765.551888623,,2,GPU-5443d59d-561f-ed1e-da42-1975937205f9,ok,0,0,453,27.326,40,210,405,439,341
493,50766.551594935,50766.551907621,,2,GPU-5443d59d-561f-ed1e-da42-1975937205f9,ok,0,0,453,27.348,40,210,405,439,341
494,50767.551594935,50767.551902339,,2,GPU-5443d59d-561f-ed1e-da42-1975937205f9,ok,0,0,453,27.371,40,210,405,439,341
495,50768.551594935,50768.551905147,,2,GPU-5443d59d-561f-ed1e-da42-1975937205f9,ok,0,0,453,27.511,40,210,405,439,341
496,50769.551594935,50769.551891225,,2,GPU-5443d59d-561f-ed1e-da42-1975937205f9,ok,0,0,453,27.442,40,210,405,439,292
497,50770.551594935,50770.551925663,,2,GPU-5443d59d-561f-ed1e-da42-1975937205f9,ok,0,0,453,27.407,40,210,405,439,292
498,50771.551594935,50771.551916031,,2,GPU-5443d59d-561f-ed1e-da42-1975937205f9,ok,0,0,453,27.395,40,210,405,439,292
499,50772.551594935,50772.551906779,,2,GPU-5443d59d-561f-ed1e-da42-1975937205f9,ok,0,0,453,27.2,40,210,405,439,292
500,50773.551594935,50773.551912377,,2,GPU-5443d59d-561f-ed1e-da42-1975937205f9,ok,0,0,453,27.18,40,210,405,439,292
501,50774.551594935,50774.551902105,,2,GPU-5443d59d-561f-ed1e-da42-1975937205f9,ok,0,0,453,27.431,40,210,405,439,292
502,50775.551594935,50775.551908353,,2,GPU-5443d59d-561f-ed1e-da42-1975937205f9,ok,0,0,453,27.429,40,210,405,439,292
503,50776.551594935,50776.551901761,,2,GPU-5443d59d-561f-ed1e-da42-1975937205f9,ok,0,0,453,27.484,40,210,405,439,292
504,50777.551594935,50777.551912449,,2,GPU-5443d59d-561f-ed1e-da42-1975937205f9,ok,0,0,453,27.609,40,210,405,439,292
505,50778.551594935,50778.551916707,,2,GPU-5443d59d-561f-ed1e-da42-1975937205f9,ok,0,0,453,27.367,40,210,405,439,292
506,50779.551594935,50779.551909415,,2,GPU-5443d59d-561f-ed1e-da42-1975937205f9,ok,0,0,453,27.261,40,210,405,439,292
507,50780.551594935,50780.551906183,,2,GPU-5443d59d-561f-ed1e-da42-1975937205f9,ok,0,0,453,27.418,40,210,405,439,292
508,50781.551594935,50781.551911051,,2,GPU-5443d59d-561f-ed1e-da42-1975937205f9,ok,0,0,453,27.418,40,210,405,439,292
509,50782.551594935,50782.551903289,,2,GPU-5443d59d-561f-ed1e-da42-1975937205f9,ok,0,0,453,27.476,40,210,405,390,292
510,50783.551594935,50783.551905677,,2,GPU-5443d59d-561f-ed1e-da42-1975937205f9,ok,0,0,453,27.614,40,210,405,439,292
511,50784.551594935,50784.551909965,,2,GPU-5443d59d-561f-ed1e-da42-1975937205f9,ok,0,0,453,27.508,40,210,405,439,292
512,50785.551594935,50785.551911903,,2,GPU-5443d59d-561f-ed1e-da42-1975937205f9,ok,0,0,453,27.402,40,210,405,439,292
513,50786.551594935,50786.551904111,,2,GPU-5443d59d-561f-ed1e-da42-1975937205f9,ok,0,0,453,27.466,40,210,405,439,341
514,50787.551594935,50787.551903869,,2,GPU-5443d59d-561f-ed1e-da42-1975937205f9,ok,0,0,453,27.45,40,210,405,439,341
515,50788.551594935,50788.551903147,,2,GPU-5443d59d-561f-ed1e-da42-1975937205f9,ok,0,0,453,27.48,40,210,405,439,341
516,50789.551594935,50789.551915005,,2,GPU-5443d59d-561f-ed1e-da42-1975937205f9,ok,0,0,453,27.501,40,210,405,390,341
517,50790.551594935,50790.551906613,,2,GPU-5443d59d-561f-ed1e-da42-1975937205f9,ok,0,0,453,27.321,40,210,405,390,341
518,50791.551594935,50791.551904271,,2,GPU-5443d59d-561f-ed1e-da42-1975937205f9,ok,0,0,453,27.278,40,210,405,439,292
519,50792.551594935,50792.551908249,,2,GPU-5443d59d-561f-ed1e-da42-1975937205f9,ok,0,0,453,27.369,40,210,405,439,341
520,50793.551594935,50793.551923307,,2,GPU-5443d59d-561f-ed1e-da42-1975937205f9,ok,0,0,453,27.293,40,210,405,439,341
521,50794.551594935,50794.551911485,,2,GPU-5443d59d-561f-ed1e-da42-1975937205f9,ok,0,0,453,27.378,40,210,405,439,341
522,50795.551594935,50795.551906113,,2,GPU-5443d59d-561f-ed1e-da42-1975937205f9,ok,0,0,453,27.553,40,210,405,439,292
523,50796.551594935,50796.551910651,,2,GPU-5443d59d-561f-ed1e-da42-1975937205f9,ok,0,0,453,27.437,40,210,405,439,292
524,50797.551594935,50797.55191391,,2,GPU-5443d59d-561f-ed1e-da42-1975937205f9,ok,0,0,453,27.428,40,210,405,439,292
525,50798.551594935,50798.551905038,,2,GPU-5443d59d-561f-ed1e-da42-1975937205f9,ok,0,0,453,27.461,40,210,405,390,292
526,50799.551594935,50799.551912816,,2,GPU-5443d59d-561f-ed1e-da42-1975937205f9,ok,0,0,453,27.391,40,210,405,439,292
527,50800.551594935,50800.551924334,,2,GPU-5443d59d-561f-ed1e-da42-1975937205f9,ok,0,0,453,27.493,40,210,405,439,292
528,50801.551594935,50801.551907542,,2,GPU-5443d59d-561f-ed1e-da42-1975937205f9,ok,0,0,453,27.56,40,210,405,390,292
529,50802.551594935,50802.55191578,,2,GPU-5443d59d-561f-ed1e-da42-1975937205f9,ok,0,0,453,27.347,40,210,405,390,292
530,50803.551594935,50803.551904408,,2,GPU-5443d59d-561f-ed1e-da42-1975937205f9,ok,0,0,453,27.347,40,210,405,390,292
531,50804.551594935,50804.551906416,,2,GPU-5443d59d-561f-ed1e-da42-1975937205f9,ok,0,0,453,27.388,40,210,405,439,292
532,50805.551594935,50805.551919964,,2,GPU-5443d59d-561f-ed1e-da42-1975937205f9,ok,0,0,453,27.521,40,210,405,439,292
533,50806.551594935,50806.551918302,,2,GPU-5443d59d-561f-ed1e-da42-1975937205f9,ok,0,0,453,27.887,40,210,405,390,341
534,50807.551594935,50807.55191972,,2,GPU-5443d59d-561f-ed1e-da42-1975937205f9,ok,0,0,453,27.81,40,210,405,439,341
535,50808.551594935,50808.551921708,,2,GPU-5443d59d-561f-ed1e-da42-1975937205f9,ok,0,0,453,27.61,40,210,405,439,341
536,50809.551594935,50809.551922476,,2,GPU-5443d59d-561f-ed1e-da42-1975937205f9,ok,0,0,453,27.527,40,210,405,439,292
537,50810.551594935,50810.551922834,,2,GPU-5443d59d-561f-ed1e-da42-1975937205f9,ok,0,0,453,27.614,40,210,405,439,292
538,50811.551594935,50811.551942732,,2,GPU-5443d59d-561f-ed1e-da42-1975937205f9,ok,0,0,453,27.77,40,210,405,390,292
539,50812.551594935,50812.551928,,2,GPU-5443d59d-561f-ed1e-da42-1975937205f9,ok,0,0,453,27.674,40,210,405,439,341
540,50813.551594935,50813.551905928,,2,GPU-5443d59d-561f-ed1e-da42-1975937205f9,ok,0,0,453,27.569,40,210,405,439,341
541,50814.551594935,50814.551924046,,2,GPU-5443d59d-561f-ed1e-da42-1975937205f9,ok,0,0,453,27.669,40,210,405,439,341
542,50815.551594935,50815.551908214,,2,GPU-5443d59d-561f-ed1e-da42-1975937205f9,ok,0,0,453,27.671,40,210,405,439,341
543,50816.551594935,50816.551905202,,2,GPU-5443d59d-561f-ed1e-da42-1975937205f9,ok,0,0,453,27.642,40,210,405,390,341
544,50817.551594935,50817.55192678,,2,GPU-5443d59d-561f-ed1e-da42-1975937205f9,ok,0,0,453,27.647,39,210,405,390,292
545,50818.551594935,50818.551921008,,2,GPU-5443d59d-561f-ed1e-da42-1975937205f9,ok,0,0,453,27.521,39,210,405,439,292
546,50819.551594935,50819.551946706,,2,GPU-5443d59d-561f-ed1e-da42-1975937205f9,ok,0,0,453,27.566,39,210,405,439,292
547,50820.551594935,50820.551918174,,2,GPU-5443d59d-561f-ed1e-da42-1975937205f9,ok,0,0,453,27.69,39,210,405,439,292
548,50821.551594935,50821.551927472,,2,GPU-5443d59d-561f-ed1e-da42-1975937205f9,ok,0,0,453,27.603,39,210,405,439,292
549,50822.551594935,50822.551926,,2,GPU-5443d59d-561f-ed1e-da42-1975937205f9,ok,0,0,453,27.522,39,210,405,439,292
550,50823.551594935,50823.551920508,,2,GPU-5443d59d-561f-ed1e-da42-1975937205f9,ok,0,0,453,27.523,39,210,405,439,292
551,50824.551594935,50824.551938826,,2,GPU-5443d59d-561f-ed1e-da42-1975937205f9,ok,0,0,453,27.353,39,210,405,439,292
552,50825.551594935,50825.551922524,,2,GPU-5443d59d-561f-ed1e-da42-1975937205f9,ok,0,0,453,27.338,39,210,405,390,292
553,50826.551594935,50826.551922142,,2,GPU-5443d59d-561f-ed1e-da42-1975937205f9,ok,0,0,453,27.523,39,210,405,390,292
554,50827.551594935,50827.55192339,,2,GPU-5443d59d-561f-ed1e-da42-1975937205f9,ok,0,0,453,27.378,39,210,405,439,292
555,50828.551594935,50828.551949308,,2,GPU-5443d59d-561f-ed1e-da42-1975937205f9,ok,0,0,453,27.309,39,210,405,439,292
556,50829.551594935,50829.551927656,,2,GPU-5443d59d-561f-ed1e-da42-1975937205f9,ok,0,0,453,27.303,39,210,405,439,292
557,50830.551594935,50830.551925194,,2,GPU-5443d59d-561f-ed1e-da42-1975937205f9,ok,0,0,453,27.152,39,210,405,439,292
558,50831.551594935,50831.551923482,,2,GPU-5443d59d-561f-ed1e-da42-1975937205f9,ok,0,0,453,27.256,39,210,405,439,292
559,50832.551594935,50832.55192193,,2,GPU-5443d59d-561f-ed1e-da42-1975937205f9,ok,0,0,453,27.34,39,210,405,439,292
560,50833.551594935,50833.551917518,,2,GPU-5443d59d-561f-ed1e-da42-1975937205f9,ok,0,0,453,27.252,39,210,405,439,292
561,50834.551594935,50834.551926046,,2,GPU-5443d59d-561f-ed1e-da42-1975937205f9,ok,0,0,453,27.321,39,210,405,439,292
562,50835.551594935,50835.551932814,,2,GPU-5443d59d-561f-ed1e-da42-1975937205f9,ok,0,0,453,27.345,39,210,405,439,292
563,50836.551594935,50836.551904972,,2,GPU-5443d59d-561f-ed1e-da42-1975937205f9,ok,0,0,453,27.097,39,210,405,439,292
564,50837.551594935,50837.55190533,,2,GPU-5443d59d-561f-ed1e-da42-1975937205f9,ok,0,0,453,27.069,39,210,405,439,292
565,50838.551594935,50838.551903758,,2,GPU-5443d59d-561f-ed1e-da42-1975937205f9,ok,0,0,453,27.218,39,210,405,439,292
566,50839.551594935,50839.551908556,,2,GPU-5443d59d-561f-ed1e-da42-1975937205f9,ok,0,0,453,27.164,39,210,405,439,292
567,50840.551594935,50840.551915005,,2,GPU-5443d59d-561f-ed1e-da42-1975937205f9,ok,0,0,453,27.183,39,210,405,439,292
568,50841.551594935,50841.551904723,,2,GPU-5443d59d-561f-ed1e-da42-1975937205f9,ok,0,0,453,27.14,39,210,405,439,341
569,50842.551594935,50842.551906361,,2,GPU-5443d59d-561f-ed1e-da42-1975937205f9,ok,0,0,453,27.103,39,210,405,439,292
570,50843.551594935,50843.551901129,,2,GPU-5443d59d-561f-ed1e-da42-1975937205f9,ok,0,0,453,27.279,39,210,405,439,292
571,50844.551594935,50844.551902267,,2,GPU-5443d59d-561f-ed1e-da42-1975937205f9,ok,0,0,453,27.249,39,210,405,390,292
572,50845.551594935,50845.551904625,,2,GPU-5443d59d-561f-ed1e-da42-1975937205f9,ok,0,0,453,27.321,39,210,405,390,292
573,50846.551594935,50846.551902853,,2,GPU-5443d59d-561f-ed1e-da42-1975937205f9,ok,0,0,453,27.556,39,210,405,439,292
574,50847.551594935,50847.551901631,,2,GPU-5443d59d-561f-ed1e-da42-1975937205f9,ok,0,0,453,27.58,39,210,405,390,292
575,50848.551594935,50848.551898909,,2,GPU-5443d59d-561f-ed1e-da42-1975937205f9,ok,0,0,453,27.624,39,210,405,439,292
576,50849.551594935,50849.551903027,,2,GPU-5443d59d-561f-ed1e-da42-1975937205f9,ok,0,0,453,27.758,39,210,405,439,341
577,50850.551594935,50850.551903895,,2,GPU-5443d59d-561f-ed1e-da42-1975937205f9,ok,0,0,453,27.576,39,210,405,439,341
578,50851.551594935,50851.551905923,,2,GPU-5443d59d-561f-ed1e-da42-1975937205f9,ok,0,0,453,27.439,39,210,405,439,292
579,50852.551594935,50852.551918471,,2,GPU-5443d59d-561f-ed1e-da42-1975937205f9,ok,0,0,453,27.559,39,210,405,439,292
580,50853.551594935,50853.551910489,,2,GPU-5443d59d-561f-ed1e-da42-1975937205f9,ok,0,0,453,27.52,39,210,405,439,292
581,50854.551594935,50854.551904597,,2,GPU-5443d59d-561f-ed1e-da42-1975937205f9,ok,0,0,453,27.532,39,210,405,439,292
582,50855.551594935,50855.551904325,,2,GPU-5443d59d-561f-ed1e-da42-1975937205f9,ok,0,0,453,27.565,39,210,405,439,292
583,50856.551594935,50856.551904503,,2,GPU-5443d59d-561f-ed1e-da42-1975937205f9,ok,0,0,453,27.407,39,210,405,390,292
584,50857.551594935,50857.551906101,,2,GPU-5443d59d-561f-ed1e-da42-1975937205f9,ok,0,0,453,27.504,39,210,405,390,292
585,50858.551594935,50858.551884679,,2,GPU-5443d59d-561f-ed1e-da42-1975937205f9,ok,0,0,453,27.706,39,210,405,390,292
586,50859.551594935,50859.551907157,,2,GPU-5443d59d-561f-ed1e-da42-1975937205f9,ok,0,0,453,27.575,39,210,405,390,292
587,50860.551594935,50860.551910215,,2,GPU-5443d59d-561f-ed1e-da42-1975937205f9,ok,0,0,453,27.543,39,210,405,439,292
588,50861.551594935,50861.551903923,,2,GPU-5443d59d-561f-ed1e-da42-1975937205f9,ok,0,0,453,27.59,39,210,405,439,292
589,50862.551594935,50862.551905321,,2,GPU-5443d59d-561f-ed1e-da42-1975937205f9,ok,0,0,453,27.542,39,210,405,390,292
590,50863.551594935,50863.551904169,,2,GPU-5443d59d-561f-ed1e-da42-1975937205f9,ok,0,0,453,27.563,39,210,405,390,292
591,50864.551594935,50864.551903307,,2,GPU-5443d59d-561f-ed1e-da42-1975937205f9,ok,0,0,453,27.53,39,210,405,439,292
592,50865.551594935,50865.551904415,,2,GPU-5443d59d-561f-ed1e-da42-1975937205f9,ok,0,0,453,27.39,39,210,405,390,341
593,50866.551594935,50866.551903013,,2,GPU-5443d59d-561f-ed1e-da42-1975937205f9,ok,0,0,453,27.386,39,210,405,439,292
594,50867.551594935,50867.551906251,,2,GPU-5443d59d-561f-ed1e-da42-1975937205f9,ok,0,0,453,27.515,39,210,405,439,292
595,50868.551594935,50868.551906739,,2,GPU-5443d59d-561f-ed1e-da42-1975937205f9,ok,0,0,453,27.467,39,210,405,439,341
596,50869.551594935,50869.551902577,,2,GPU-5443d59d-561f-ed1e-da42-1975937205f9,ok,0,0,453,27.42,39,210,405,439,341
597,50870.551594935,50870.551903385,,2,GPU-5443d59d-561f-ed1e-da42-1975937205f9,ok,0,0,453,27.495,39,210,405,439,341
598,50871.551594935,50871.551907623,,2,GPU-5443d59d-561f-ed1e-da42-1975937205f9,ok,0,0,453,27.427,39,210,405,439,341
599,50872.551594935,50872.551905411,,2,GPU-5443d59d-561f-ed1e-da42-1975937205f9,ok,0,0,453,27.502,39,210,405,488,341
600,50873.551594935,50873.551919219,,2,GPU-5443d59d-561f-ed1e-da42-1975937205f9,ok,0,0,453,27.607,39,210,405,439,292
601,50874.551594935,50874.551905117,,2,GPU-5443d59d-561f-ed1e-da42-1975937205f9,ok,0,0,453,27.643,39,210,405,439,292
602,50875.551594935,50875.551910215,,2,GPU-5443d59d-561f-ed1e-da42-1975937205f9,ok,0,0,453,27.682,39,210,405,439,292
603,50876.551594935,50876.551901023,,2,GPU-5443d59d-561f-ed1e-da42-1975937205f9,ok,0,0,453,27.537,39,210,405,439,292
604,50877.551594935,50877.551904491,,2,GPU-5443d59d-561f-ed1e-da42-1975937205f9,ok,0,0,453,27.489,39,210,405,439,292
605,50878.551594935,50878.551905699,,2,GPU-5443d59d-561f-ed1e-da42-1975937205f9,ok,0,0,453,27.535,39,210,405,439,292
606,50879.551594935,50879.551905717,,2,GPU-5443d59d-561f-ed1e-da42-1975937205f9,ok,0,0,453,27.442,39,210,405,439,292
607,50880.551594935,50880.551916865,,2,GPU-5443d59d-561f-ed1e-da42-1975937205f9,ok,0,0,453,27.443,39,210,405,390,341
608,50881.551594935,50881.551906283,,2,GPU-5443d59d-561f-ed1e-da42-1975937205f9,ok,0,0,453,27.528,39,210,405,390,341
609,50882.551594935,50882.551905731,,2,GPU-5443d59d-561f-ed1e-da42-1975937205f9,ok,0,0,453,27.398,39,210,405,439,341
610,50883.551594935,50883.551903889,,2,GPU-5443d59d-561f-ed1e-da42-1975937205f9,ok,0,0,453,27.372,39,210,405,439,341
611,50884.551594935,50884.551909188,,2,GPU-5443d59d-561f-ed1e-da42-1975937205f9,ok,0,0,453,27.49,39,210,405,439,341
612,50885.551594935,50885.551897146,,2,GPU-5443d59d-561f-ed1e-da42-1975937205f9,ok,0,0,453,27.383,39,210,405,439,292
613,50886.551594935,50886.551898044,,2,GPU-5443d59d-561f-ed1e-da42-1975937205f9,ok,0,0,453,27.359,39,210,405,439,292
614,50887.551594935,50887.551896122,,2,GPU-5443d59d-561f-ed1e-da42-1975937205f9,ok,0,0,453,27.458,39,210,405,439,292
615,50888.551594935,50888.5518985,,2,GPU-5443d59d-561f-ed1e-da42-1975937205f9,ok,0,0,453,27.359,39,210,405,439,292
616,50889.551594935,50889.551894088,,2,GPU-5443d59d-561f-ed1e-da42-1975937205f9,ok,0,0,453,27.378,39,210,405,439,292
617,50890.551594935,50890.551897466,,2,GPU-5443d59d-561f-ed1e-da42-1975937205f9,ok,0,0,453,27.529,39,210,405,439,292
618,50891.551594935,50891.551900384,,2,GPU-5443d59d-561f-ed1e-da42-1975937205f9,ok,0,0,453,27.49,39,210,405,439,292
619,50892.551594935,50892.551898602,,2,GPU-5443d59d-561f-ed1e-da42-1975937205f9,ok,0,0,453,27.47,39,210,405,439,292
620,50893.551594935,50893.5518984,,2,GPU-5443d59d-561f-ed1e-da42-1975937205f9,ok,0,0,453,27.502,39,210,405,439,292
621,50894.551594935,50894.551904388,,2,GPU-5443d59d-561f-ed1e-da42-1975937205f9,ok,0,0,453,28.045,39,210,405,439,292
622,50895.551594935,50895.551912516,,2,GPU-5443d59d-561f-ed1e-da42-1975937205f9,ok,0,0,453,28.067,39,210,405,439,292
623,50896.551594935,50896.551904064,,2,GPU-5443d59d-561f-ed1e-da42-1975937205f9,ok,0,0,453,27.483,39,210,405,439,292
624,50897.551594935,50897.551914782,,2,GPU-5443d59d-561f-ed1e-da42-1975937205f9,ok,0,0,453,27.347,39,210,405,439,341
625,50898.551594935,50898.55190592,,2,GPU-5443d59d-561f-ed1e-da42-1975937205f9,ok,0,0,453,27.357,38,210,405,439,341
626,50899.551594935,50899.551903158,,2,GPU-5443d59d-561f-ed1e-da42-1975937205f9,ok,0,0,453,27.458,38,210,405,439,341
627,50900.551594935,50900.551916286,,2,GPU-5443d59d-561f-ed1e-da42-1975937205f9,ok,0,0,453,27.38,38,210,405,439,341
628,50901.551594935,50901.551906924,,2,GPU-5443d59d-561f-ed1e-da42-1975937205f9,ok,0,0,453,27.444,38,210,405,439,341
629,50902.551594935,50902.551903402,,2,GPU-5443d59d-561f-ed1e-da42-1975937205f9,ok,0,0,453,27.619,38,210,405,439,341
630,50903.551594935,50903.55190389,,2,GPU-5443d59d-561f-ed1e-da42-1975937205f9,ok,0,0,453,27.486,38,210,405,439,341
631,50904.551594935,50904.551921148,,2,GPU-5443d59d-561f-ed1e-da42-1975937205f9,ok,0,0,453,27.473,38,210,405,439,341
632,50905.551594935,50905.551908366,,2,GPU-5443d59d-561f-ed1e-da42-1975937205f9,ok,0,0,453,27.543,38,210,405,390,341
633,50906.551594935,50906.551923164,,2,GPU-5443d59d-561f-ed1e-da42-1975937205f9,ok,0,0,453,27.505,38,210,405,390,341
634,50907.551594935,50907.551905182,,2,GPU-5443d59d-561f-ed1e-da42-1975937205f9,ok,0,0,453,27.556,38,210,405,390,292
635,50908.551594935,50908.55191251,,2,GPU-5443d59d-561f-ed1e-da42-1975937205f9,ok,0,0,453,27.436,38,210,405,390,292
636,50909.551594935,50909.551919338,,2,GPU-5443d59d-561f-ed1e-da42-1975937205f9,ok,0,0,453,27.37,38,210,405,439,341
637,50910.551594935,50910.551907536,,2,GPU-5443d59d-561f-ed1e-da42-1975937205f9,ok,0,0,453,27.456,38,210,405,439,292
638,50911.551594935,50911.551907504,,2,GPU-5443d59d-561f-ed1e-da42-1975937205f9,ok,0,0,453,27.381,38,210,405,439,292
639,50912.551594935,50912.551903272,,2,GPU-5443d59d-561f-ed1e-da42-1975937205f9,ok,0,0,453,27.353,38,210,405,439,292
640,50913.551594935,50913.55191067,,2,GPU-5443d59d-561f-ed1e-da42-1975937205f9,ok,0,0,453,27.423,38,210,405,439,292
641,50914.551594935,50914.551904478,,2,GPU-5443d59d-561f-ed1e-da42-1975937205f9,ok,0,0,453,27.366,38,210,405,439,292
642,50915.551594935,50915.551908766,,2,GPU-5443d59d-561f-ed1e-da42-1975937205f9,ok,0,0,453,27.434,38,210,405,439,341
643,50916.551594935,50916.551901714,,2,GPU-5443d59d-561f-ed1e-da42-1975937205f9,ok,0,0,453,27.524,38,210,405,439,341
644,50917.551594935,50917.551905152,,2,GPU-5443d59d-561f-ed1e-da42-1975937205f9,ok,0,0,453,27.409,38,210,405,439,341
645,50918.551594935,50918.55190372,,2,GPU-5443d59d-561f-ed1e-da42-1975937205f9,ok,0,0,453,27.534,38,210,405,439,292
646,50919.551594935,50919.551919708,,2,GPU-5443d59d-561f-ed1e-da42-1975937205f9,ok,0,0,453,27.653,38,210,405,390,292
647,50920.551594935,50920.551903926,,2,GPU-5443d59d-561f-ed1e-da42-1975937205f9,ok,0,0,453,27.431,38,210,405,439,292
648,50921.551594935,50921.551905124,,2,GPU-5443d59d-561f-ed1e-da42-1975937205f9,ok,0,0,453,27.407,38,210,405,439,292
649,50922.551594935,50922.551914892,,2,GPU-5443d59d-561f-ed1e-da42-1975937205f9,ok,0,0,453,27.486,38,210,405,439,292
650,50923.551594935,50923.55190726,,2,GPU-5443d59d-561f-ed1e-da42-1975937205f9,ok,0,0,453,27.336,38,210,405,439,292
651,50924.551594935,50924.551903898,,2,GPU-5443d59d-561f-ed1e-da42-1975937205f9,ok,0,0,453,27.359,38,210,405,439,292
652,50925.551594935,50925.551909716,,2,GPU-5443d59d-561f-ed1e-da42-1975937205f9,ok,0,0,453,27.42,38,210,405,439,292
653,50926.551594935,50926.551904224,,2,GPU-5443d59d-561f-ed1e-da42-1975937205f9,ok,0,0,453,27.174,38,210,405,439,292
654,50927.551594935,50927.551906013,,2,GPU-5443d59d-561f-ed1e-da42-1975937205f9,ok,0,0,453,27.159,38,210,405,439,292
655,50928.551594935,50928.551902621,,2,GPU-5443d59d-561f-ed1e-da42-1975937205f9,ok,0,0,453,27.327,38,210,405,439,292
656,50929.551594935,50929.551905949,,2,GPU-5443d59d-561f-ed1e-da42-1975937205f9,ok,0,0,453,27.187,38,210,405,439,292
657,50930.551594935,50930.551901967,,2,GPU-5443d59d-561f-ed1e-da42-1975937205f9,ok,0,0,453,27.121,38,210,405,390,292
658,50931.551594935,50931.551911655,,2,GPU-5443d59d-561f-ed1e-da42-1975937205f9,ok,0,0,453,27.247,38,210,405,390,292
659,50932.551594935,50932.551908093,,2,GPU-5443d59d-561f-ed1e-da42-1975937205f9,ok,0,0,453,27.184,38,210,405,390,292
660,50933.551594935,50933.551905311,,2,GPU-5443d59d-561f-ed1e-da42-1975937205f9,ok,0,0,453,27.085,38,210,405,439,292
661,50934.551594935,50934.551913569,,2,GPU-5443d59d-561f-ed1e-da42-1975937205f9,ok,0,0,453,27.156,38,210,405,439,292
662,50935.551594935,50935.551904117,,2,GPU-5443d59d-561f-ed1e-da42-1975937205f9,ok,0,0,453,27.124,38,210,405,439,292
663,50936.551594935,50936.551904605,,2,GPU-5443d59d-561f-ed1e-da42-1975937205f9,ok,0,0,453,27.202,38,210,405,439,341
664,50937.551594935,50937.551906423,,2,GPU-5443d59d-561f-ed1e-da42-1975937205f9,ok,0,0,453,27.368,38,210,405,390,341
665,50938.551594935,50938.551909271,,2,GPU-5443d59d-561f-ed1e-da42-1975937205f9,ok,0,0,453,27.201,38,210,405,390,341
666,50939.551594935,50939.551905829,,2,GPU-5443d59d-561f-ed1e-da42-1975937205f9,ok,0,0,453,27.184,38,210,405,439,341
667,50940.551594935,50940.551905867,,2,GPU-5443d59d-561f-ed1e-da42-1975937205f9,ok,0,0,453,27.365,38,210,405,390,341
668,50941.551594935,50941.551920665,,2,GPU-5443d59d-561f-ed1e-da42-1975937205f9,ok,0,0,453,27.31,38,210,405,439,341
669,50942.551594935,50942.551919073,,2,GPU-5443d59d-561f-ed1e-da42-1975937205f9,ok,0,0,453,27.238,38,210,405,439,341
670,50943.551594935,50943.551933761,,2,GPU-5443d59d-561f-ed1e-da42-1975937205f9,ok,0,0,453,27.091,38,210,405,439,341
671,50944.551594935,50944.551915699,,2,GPU-5443d59d-561f-ed1e-da42-1975937205f9,ok,0,0,453,27.103,38,210,405,439,292
672,50945.551594935,50945.551920447,,2,GPU-5443d59d-561f-ed1e-da42-1975937205f9,ok,0,0,453,27.298,38,210,405,488,292
673,50946.551594935,50946.551921405,,2,GPU-5443d59d-561f-ed1e-da42-1975937205f9,ok,0,0,453,27.223,38,210,405,390,292
674,50947.551594935,50947.551909323,,2,GPU-5443d59d-561f-ed1e-da42-1975937205f9,ok,0,0,453,27.309,38,210,405,390,292
675,50948.551594935,50948.551903321,,2,GPU-5443d59d-561f-ed1e-da42-1975937205f9,ok,0,0,453,27.536,38,210,405,439,341
676,50949.551594935,50949.551910909,,2,GPU-5443d59d-561f-ed1e-da42-1975937205f9,ok,0,0,453,27.459,38,210,405,439,341
677,50950.551594935,50950.551910957,,2,GPU-5443d59d-561f-ed1e-da42-1975937205f9,ok,0,0,453,27.353,38,210,405,390,292
678,50951.551594935,50951.551906845,,2,GPU-5443d59d-561f-ed1e-da42-1975937205f9,ok,0,0,453,27.472,38,210,405,390,292
679,50952.551594935,50952.551922593,,2,GPU-5443d59d-561f-ed1e-da42-1975937205f9,ok,0,0,453,27.394,38,210,405,439,292
680,50953.551594935,50953.551923811,,2,GPU-5443d59d-561f-ed1e-da42-1975937205f9,ok,0,0,453,27.352,38,210,405,439,292
681,50954.551594935,50954.551919999,,2,GPU-5443d59d-561f-ed1e-da42-1975937205f9,ok,0,0,453,27.47,38,210,405,439,292
682,50955.551594935,50955.551921087,,2,GPU-5443d59d-561f-ed1e-da42-1975937205f9,ok,0,0,453,27.333,38,210,405,439,292
683,50956.551594935,50956.551920275,,2,GPU-5443d59d-561f-ed1e-da42-1975937205f9,ok,0,0,453,27.269,38,210,405,439,292
684,50957.551594935,50957.551923593,,2,GPU-5443d59d-561f-ed1e-da42-1975937205f9,ok,0,0,453,27.325,38,210,405,439,292
685,50958.551594935,50958.551923071,,2,GPU-5443d59d-561f-ed1e-da42-1975937205f9,ok,0,0,453,27.247,38,210,405,439,292
686,50959.551594935,50959.551924549,,2,GPU-5443d59d-561f-ed1e-da42-1975937205f9,ok,0,0,453,27.23,38,210,405,439,292
687,50960.551594935,50960.551914007,,2,GPU-5443d59d-561f-ed1e-da42-1975937205f9,ok,0,0,453,27.35,38,210,405,439,292
688,50961.551594935,50961.551927605,,2,GPU-5443d59d-561f-ed1e-da42-1975937205f9,ok,0,0,453,27.309,38,210,405,390,292
689,50962.551594935,50962.551924593,,2,GPU-5443d59d-561f-ed1e-da42-1975937205f9,ok,0,0,453,27.284,38,210,405,439,292
690,50963.551594935,50963.551924031,,2,GPU-5443d59d-561f-ed1e-da42-1975937205f9,ok,0,0,453,27.343,38,210,405,439,292
691,50964.551594935,50964.551923849,,2,GPU-5443d59d-561f-ed1e-da42-1975937205f9,ok,0,0,453,27.202,38,210,405,439,292
692,50965.551594935,50965.551938117,,2,GPU-5443d59d-561f-ed1e-da42-1975937205f9,ok,0,0,453,27.293,38,210,405,439,292
693,50966.551594935,50966.551925235,,2,GPU-5443d59d-561f-ed1e-da42-1975937205f9,ok,0,0,453,27.439,38,210,405,439,292
694,50967.551594935,50967.551921013,,2,GPU-5443d59d-561f-ed1e-da42-1975937205f9,ok,0,0,453,27.271,38,210,405,439,292
695,50968.551594935,50968.551923161,,2,GPU-5443d59d-561f-ed1e-da42-1975937205f9,ok,0,0,453,27.216,38,210,405,439,292
696,50969.551594935,50969.551901869,,2,GPU-5443d59d-561f-ed1e-da42-1975937205f9,ok,0,0,453,27.261,38,210,405,439,292
697,50970.551594935,50970.551941858,,2,GPU-5443d59d-561f-ed1e-da42-1975937205f9,ok,0,0,453,27.168,38,210,405,439,292
698,50971.551594935,50971.551914016,,2,GPU-5443d59d-561f-ed1e-da42-1975937205f9,ok,0,0,453,27.152,38,210,405,390,341
699,50972.551594935,50972.551906184,,2,GPU-5443d59d-561f-ed1e-da42-1975937205f9,ok,0,0,453,27.249,38,210,405,439,292
700,50973.551594935,50973.551907642,,2,GPU-5443d59d-561f-ed1e-da42-1975937205f9,ok,0,0,453,27.131,38,210,405,390,292
701,50974.551594935,50974.55190268,,2,GPU-5443d59d-561f-ed1e-da42-1975937205f9,ok,0,0,453,27.14,38,210,405,390,292
702,50975.551594935,50975.551905318,,2,GPU-5443d59d-561f-ed1e-da42-1975937205f9,ok,0,0,453,27.294,38,210,405,439,292
703,50976.551594935,50976.551902916,,2,GPU-5443d59d-561f-ed1e-da42-1975937205f9,ok,0,0,453,27.187,38,210,405,439,292
704,50977.551594935,50977.551907464,,2,GPU-5443d59d-561f-ed1e-da42-1975937205f9,ok,0,0,453,27.151,38,210,405,439,292
705,50978.551594935,50978.551920652,,2,GPU-5443d59d-561f-ed1e-da42-1975937205f9,ok,0,0,453,27.322,38,210,405,439,292
706,50979.551594935,50979.55190442,,2,GPU-5443d59d-561f-ed1e-da42-1975937205f9,ok,0,0,453,27.245,38,210,405,439,292
707,50980.551594935,50980.551905508,,2,GPU-5443d59d-561f-ed1e-da42-1975937205f9,ok,0,0,453,27.11,38,210,405,439,341
708,50981.551594935,50981.551905146,,2,GPU-5443d59d-561f-ed1e-da42-1975937205f9,ok,0,0,453,27.031,38,210,405,439,341
709,50982.551594935,50982.551872034,,2,GPU-5443d59d-561f-ed1e-da42-1975937205f9,ok,0,0,453,27.053,38,210,405,439,341
710,50983.551594935,50983.551903972,,2,GPU-5443d59d-561f-ed1e-da42-1975937205f9,ok,0,0,453,27.143,38,210,405,439,341
711,50984.551594935,50984.55190665,,2,GPU-5443d59d-561f-ed1e-da42-1975937205f9,ok,0,0,453,27.081,38,210,405,439,341
712,50985.551594935,50985.551913368,,2,GPU-5443d59d-561f-ed1e-da42-1975937205f9,ok,0,0,453,27.163,38,210,405,439,341
713,50986.551594935,50986.551901516,,2,GPU-5443d59d-561f-ed1e-da42-1975937205f9,ok,0,0,453,27.239,38,210,405,439,341
714,50987.551594935,50987.551904584,,2,GPU-5443d59d-561f-ed1e-da42-1975937205f9,ok,0,0,453,27.137,38,210,405,439,292
715,50988.551594935,50988.551903562,,2,GPU-5443d59d-561f-ed1e-da42-1975937205f9,ok,0,0,453,27.199,38,210,405,439,292
716,50989.551594935,50989.55191774,,2,GPU-5443d59d-561f-ed1e-da42-1975937205f9,ok,0,0,453,27.325,38,210,405,439,292
717,50990.551594935,50990.551913658,,2,GPU-5443d59d-561f-ed1e-da42-1975937205f9,ok,0,0,453,27.133,38,210,405,390,292
718,50991.551594935,50991.551905466,,2,GPU-5443d59d-561f-ed1e-da42-1975937205f9,ok,0,0,453,26.967,38,210,405,390,341
719,50992.551594935,50992.551906734,,2,GPU-5443d59d-561f-ed1e-da42-1975937205f9,ok,0,0,453,27.003,38,210,405,439,341
720,50993.551594935,50993.551906152,,2,GPU-5443d59d-561f-ed1e-da42-1975937205f9,ok,0,0,453,26.999,38,210,405,390,341
721,50994.551594935,50994.55190439,,2,GPU-5443d59d-561f-ed1e-da42-1975937205f9,ok,0,0,453,27.022,38,210,405,390,292
722,50995.551594935,50995.551902718,,2,GPU-5443d59d-561f-ed1e-da42-1975937205f9,ok,0,0,453,27.074,38,210,405,390,292
723,50996.551594935,50996.551904886,,2,GPU-5443d59d-561f-ed1e-da42-1975937205f9,ok,0,0,453,27.017,38,210,405,439,292
724,50997.551594935,50997.551901784,,2,GPU-5443d59d-561f-ed1e-da42-1975937205f9,ok,0,0,453,27.13,38,210,405,439,292
725,50998.551594935,50998.551901992,,2,GPU-5443d59d-561f-ed1e-da42-1975937205f9,ok,0,0,453,27.263,38,210,405,439,292
726,50999.551594935,50999.55191342,,2,GPU-5443d59d-561f-ed1e-da42-1975937205f9,ok,0,0,453,27.076,38,210,405,439,292
727,51000.551594935,51000.551905248,,2,GPU-5443d59d-561f-ed1e-da42-1975937205f9,ok,0,0,453,27.133,38,210,405,439,292
728,51001.551594935,51001.551901716,,2,GPU-5443d59d-561f-ed1e-da42-1975937205f9,ok,0,0,453,27.333,38,210,405,439,292
729,51002.551594935,51002.551904904,,2,GPU-5443d59d-561f-ed1e-da42-1975937205f9,ok,0,0,453,27.222,38,210,405,439,341
730,51003.551594935,51003.551902692,,2,GPU-5443d59d-561f-ed1e-da42-1975937205f9,ok,0,0,453,27.154,38,210,405,439,341
731,51004.551594935,51004.55190449,,2,GPU-5443d59d-561f-ed1e-da42-1975937205f9,ok,0,0,453,27.19,38,210,405,439,341
732,51005.551594935,51005.551903078,,2,GPU-5443d59d-561f-ed1e-da42-1975937205f9,ok,0,0,453,27.145,38,210,405,439,341
733,51006.551594935,51006.551906106,,2,GPU-5443d59d-561f-ed1e-da42-1975937205f9,ok,0,0,453,27.232,37,210,405,439,292
734,51007.551594935,51007.551904994,,2,GPU-5443d59d-561f-ed1e-da42-1975937205f9,ok,0,0,453,27.344,37,210,405,439,292
735,51008.551594935,51008.551905172,,2,GPU-5443d59d-561f-ed1e-da42-1975937205f9,ok,0,0,453,27.254,37,210,405,439,292
736,51009.551594935,51009.55190449,,2,GPU-5443d59d-561f-ed1e-da42-1975937205f9,ok,0,0,453,27.296,37,210,405,439,292
737,51010.551594935,51010.551906048,,2,GPU-5443d59d-561f-ed1e-da42-1975937205f9,ok,0,0,453,27.403,37,210,405,439,292
738,51011.551594935,51011.551913296,,2,GPU-5443d59d-561f-ed1e-da42-1975937205f9,ok,0,0,453,27.268,37,210,405,439,292
739,51012.551594935,51012.551922434,,2,GPU-5443d59d-561f-ed1e-da42-1975937205f9,ok,0,0,453,27.262,37,210,405,439,292
740,51013.551594935,51013.551906033,,2,GPU-5443d59d-561f-ed1e-da42-1975937205f9,ok,0,0,453,27.315,37,210,405,439,292
741,51014.551594935,51014.551904541,,2,GPU-5443d59d-561f-ed1e-da42-1975937205f9,ok,0,0,453,27.239,37,210,405,439,292
742,51015.551594935,51015.551902439,,2,GPU-5443d59d-561f-ed1e-da42-1975937205f9,ok,0,0,453,27.359,37,210,405,439,292
743,51016.551594935,51016.551902307,,2,GPU-5443d59d-561f-ed1e-da42-1975937205f9,ok,0,0,453,27.374,37,210,405,439,292
744,51017.551594935,51017.551901185,,2,GPU-5443d59d-561f-ed1e-da42-1975937205f9,ok,0,0,453,27.147,37,210,405,439,292
745,51018.551594935,51018.551902133,,2,GPU-5443d59d-561f-ed1e-da42-1975937205f9,ok,0,0,453,27.21,37,210,405,439,341
746,51019.551594935,51019.551902161,,2,GPU-5443d59d-561f-ed1e-da42-1975937205f9,ok,0,0,453,27.317,37,210,405,439,341
747,51020.551594935,51020.551904069,,2,GPU-5443d59d-561f-ed1e-da42-1975937205f9,ok,0,0,453,27.395,37,210,405,439,341
748,51021.551594935,51021.551902857,,2,GPU-5443d59d-561f-ed1e-da42-1975937205f9,ok,0,0,453,27.485,37,210,405,439,341
749,51022.551594935,51022.551902845,,2,GPU-5443d59d-561f-ed1e-da42-1975937205f9,ok,0,0,453,27.332,37,210,405,439,341
750,51023.551594935,51023.551912703,,2,GPU-5443d59d-561f-ed1e-da42-1975937205f9,ok,0,0,453,27.336,37,210,405,439,341
751,51024.551594935,51024.551904401,,2,GPU-5443d59d-561f-ed1e-da42-1975937205f9,ok,0,0,453,27.393,37,210,405,439,341
752,51025.551594935,51025.551917699,,2,GPU-5443d59d-561f-ed1e-da42-1975937205f9,ok,0,0,453,27.186,37,210,405,439,341
753,51026.551594935,51026.551903327,,2,GPU-5443d59d-561f-ed1e-da42-1975937205f9,ok,0,0,453,27.225,37,210,405,439,341
754,51027.551594935,51027.551905025,,2,GPU-5443d59d-561f-ed1e-da42-1975937205f9,ok,0,0,453,27.468,37,210,405,439,341
755,51028.551594935,51028.551905013,,2,GPU-5443d59d-561f-ed1e-da42-1975937205f9,ok,0,0,453,27.381,37,210,405,439,341
756,51029.551594935,51029.551904601,,2,GPU-5443d59d-561f-ed1e-da42-1975937205f9,ok,0,0,453,27.29,37,210,405,439,341
757,51030.551594935,51030.551913879,,2,GPU-5443d59d-561f-ed1e-da42-1975937205f9,ok,0,0,453,27.31,37,210,405,439,341
758,51031.551594935,51031.551915117,,2,GPU-5443d59d-561f-ed1e-da42-1975937205f9,ok,0,0,453,27.205,37,210,405,439,292
759,51032.551594935,51032.551912385,,2,GPU-5443d59d-561f-ed1e-da42-1975937205f9,ok,0,0,453,27.282,37,210,405,439,292
760,51033.551594935,51033.551906623,,2,GPU-5443d59d-561f-ed1e-da42-1975937205f9,ok,0,0,453,27.385,37,210,405,439,292
761,51034.551594935,51034.551910341,,2,GPU-5443d59d-561f-ed1e-da42-1975937205f9,ok,0,0,453,27.17,37,210,405,439,292
762,51035.551594935,51035.551906659,,2,GPU-5443d59d-561f-ed1e-da42-1975937205f9,ok,0,0,453,27.094,37,210,405,439,292
763,51036.551594935,51036.551909547,,2,GPU-5443d59d-561f-ed1e-da42-1975937205f9,ok,0,0,453,27.214,37,210,405,439,292
764,51037.551594935,51037.551908685,,2,GPU-5443d59d-561f-ed1e-da42-1975937205f9,ok,0,0,453,27.12,37,210,405,439,292
765,51038.551594935,51038.551907953,,2,GPU-5443d59d-561f-ed1e-da42-1975937205f9,ok,0,0,453,27.065,37,210,405,439,292
766,51039.551594935,51039.551907981,,2,GPU-5443d59d-561f-ed1e-da42-1975937205f9,ok,0,0,453,27.167,37,210,405,439,292
767,51040.551594935,51040.551912509,,2,GPU-5443d59d-561f-ed1e-da42-1975937205f9,ok,0,0,453,27.208,37,210,405,439,292
768,51041.551594935,51041.551909187,,2,GPU-5443d59d-561f-ed1e-da42-1975937205f9,ok,0,0,453,27.308,37,210,405,439,292
769,51042.551594935,51042.551921925,,2,GPU-5443d59d-561f-ed1e-da42-1975937205f9,ok,0,0,453,27.36,37,210,405,390,292
770,51043.551594935,51043.551909333,,2,GPU-5443d59d-561f-ed1e-da42-1975937205f9,ok,0,0,453,27.169,37,210,405,390,292
771,51044.551594935,51044.551907271,,2,GPU-5443d59d-561f-ed1e-da42-1975937205f9,ok,0,0,453,27.102,37,210,405,439,292
772,51045.551594935,51045.551920169,,2,GPU-5443d59d-561f-ed1e-da42-1975937205f9,ok,0,0,453,27.288,37,210,405,439,341
773,51046.551594935,51046.551906107,,2,GPU-5443d59d-561f-ed1e-da42-1975937205f9,ok,0,0,453,27.232,37,210,405,439,341
774,51047.551594935,51047.551917735,,2,GPU-5443d59d-561f-ed1e-da42-1975937205f9,ok,0,0,453,27.159,37,210,405,439,341
775,51048.551594935,51048.551906853,,2,GPU-5443d59d-561f-ed1e-da42-1975937205f9,ok,0,0,453,27.228,37,210,405,439,341
776,51049.551594935,51049.551907781,,2,GPU-5443d59d-561f-ed1e-da42-1975937205f9,ok,0,0,453,27.148,37,210,405,390,341
777,51050.551594935,51050.551908759,,2,GPU-5443d59d-561f-ed1e-da42-1975937205f9,ok,0,0,453,27.189,37,210,405,390,292
778,51051.551594935,51051.551910677,,2,GPU-5443d59d-561f-ed1e-da42-1975937205f9,ok,0,0,453,27.313,37,210,405,390,292
779,51052.551594935,51052.551917365,,2,GPU-5443d59d-561f-ed1e-da42-1975937205f9,ok,0,0,453,27.241,37,210,405,439,292
780,51053.551594935,51053.551909243,,2,GPU-5443d59d-561f-ed1e-da42-1975937205f9,ok,0,0,453,27.29,37,210,405,439,292
781,51054.551594935,51054.551908461,,2,GPU-5443d59d-561f-ed1e-da42-1975937205f9,ok,0,0,453,27.338,37,210,405,439,292
782,51055.551594935,51055.551908369,,2,GPU-5443d59d-561f-ed1e-da42-1975937205f9,ok,0,0,453,27.231,37,210,405,439,292
783,51056.551594935,51056.551906938,,2,GPU-5443d59d-561f-ed1e-da42-1975937205f9,ok,0,0,453,27.233,37,210,405,439,292
784,51057.551594935,51057.551908256,,2,GPU-5443d59d-561f-ed1e-da42-1975937205f9,ok,0,0,453,27.139,37,210,405,390,292
785,51058.551594935,51058.551910044,,2,GPU-5443d59d-561f-ed1e-da42-1975937205f9,ok,0,0,453,27.11,37,210,405,390,292
786,51059.551594935,51059.551924642,,2,GPU-5443d59d-561f-ed1e-da42-1975937205f9,ok,0,0,453,27.214,37,210,405,390,292
787,51060.551594935,51060.55192717,,2,GPU-5443d59d-561f-ed1e-da42-1975937205f9,ok,0,0,453,27.159,37,210,405,390,292
788,51061.551594935,51061.551924648,,2,GPU-5443d59d-561f-ed1e-da42-1975937205f9,ok,0,0,453,27.218,37,210,405,439,292
789,51062.551594935,51062.551908226,,2,GPU-5443d59d-561f-ed1e-da42-1975937205f9,ok,0,0,453,27.431,37,210,405,390,292
790,51063.551594935,51063.551907904,,2,GPU-5443d59d-561f-ed1e-da42-1975937205f9,ok,0,0,453,27.339,37,210,405,390,292
791,51064.551594935,51064.551908542,,2,GPU-5443d59d-561f-ed1e-da42-1975937205f9,ok,0,0,453,27.254,37,210,405,390,292
792,51065.551594935,51065.55191575,,2,GPU-5443d59d-561f-ed1e-da42-1975937205f9,ok,0,0,453,27.345,37,210,405,390,292
793,51066.551594935,51066.551925698,,2,GPU-5443d59d-561f-ed1e-da42-1975937205f9,ok,0,0,453,27.236,37,210,405,439,292
794,51067.551594935,51067.551933126,,2,GPU-5443d59d-561f-ed1e-da42-1975937205f9,ok,0,0,453,27.225,37,210,405,439,292
795,51068.551594935,51068.551927524,,2,GPU-5443d59d-561f-ed1e-da42-1975937205f9,ok,0,0,453,27.31,37,210,405,439,292
796,51069.551594935,51069.551937952,,2,GPU-5443d59d-561f-ed1e-da42-1975937205f9,ok,0,0,453,27.24,37,210,405,439,292
797,51070.551594935,51070.55192937,,2,GPU-5443d59d-561f-ed1e-da42-1975937205f9,ok,0,0,453,27.292,37,210,405,439,292
798,51071.551594935,51071.551929048,,2,GPU-5443d59d-561f-ed1e-da42-1975937205f9,ok,0,0,453,27.397,37,210,405,439,292
799,51072.551594935,51072.551926696,,2,GPU-5443d59d-561f-ed1e-da42-1975937205f9,ok,0,0,453,27.283,37,210,405,439,292
800,51073.551594935,51073.551931524,,2,GPU-5443d59d-561f-ed1e-da42-1975937205f9,ok,0,0,453,27.279,37,210,405,439,292
801,51074.551594935,51074.551929392,,2,GPU-5443d59d-561f-ed1e-da42-1975937205f9,ok,0,0,453,27.358,37,210,405,390,292
802,51075.551594935,51075.5519275,,2,GPU-5443d59d-561f-ed1e-da42-1975937205f9,ok,0,0,453,27.241,37,210,405,390,292
803,51076.551594935,51076.551927478,,2,GPU-5443d59d-561f-ed1e-da42-1975937205f9,ok,0,0,453,27.269,37,210,405,390,292
804,51077.551594935,51077.551907726,,2,GPU-5443d59d-561f-ed1e-da42-1975937205f9,ok,0,0,453,27.421,37,210,405,390,292
805,51078.551594935,51078.551907104,,2,GPU-5443d59d-561f-ed1e-da42-1975937205f9,ok,0,0,453,27.35,37,210,405,439,292
806,51079.551594935,51079.551908072,,2,GPU-5443d59d-561f-ed1e-da42-1975937205f9,ok,0,0,453,27.373,37,210,405,439,292
807,51080.551594935,51080.55190815,,2,GPU-5443d59d-561f-ed1e-da42-1975937205f9,ok,0,0,453,27.456,37,210,405,439,292
808,51081.551594935,51081.551920648,,2,GPU-5443d59d-561f-ed1e-da42-1975937205f9,ok,0,0,453,27.315,37,210,405,390,292
809,51082.551594935,51082.551917206,,2,GPU-5443d59d-561f-ed1e-da42-1975937205f9,ok,0,0,453,27.22,37,210,405,390,292
810,51083.551594935,51083.551909524,,2,GPU-5443d59d-561f-ed1e-da42-1975937205f9,ok,0,0,453,27.259,37,210,405,390,292
811,51084.551594935,51084.551908002,,2,GPU-5443d59d-561f-ed1e-da42-1975937205f9,ok,0,0,453,27.201,37,210,405,390,292
812,51085.551594935,51085.55190895,,2,GPU-5443d59d-561f-ed1e-da42-1975937205f9,ok,0,0,453,27.211,37,210,405,390,292
813,51086.551594935,51086.551909018,,2,GPU-5443d59d-561f-ed1e-da42-1975937205f9,ok,0,0,453,27.329,37,210,405,390,292
814,51087.551594935,51087.551941936,,2,GPU-5443d59d-561f-ed1e-da42-1975937205f9,ok,0,0,453,27.216,37,210,405,390,341
815,51088.551594935,51088.551908394,,2,GPU-5443d59d-561f-ed1e-da42-1975937205f9,ok,0,0,453,27.136,37,210,405,390,341
816,51089.551594935,51089.551902322,,2,GPU-5443d59d-561f-ed1e-da42-1975937205f9,ok,0,0,453,27.245,37,210,405,439,341
817,51090.551594935,51090.55190971,,2,GPU-5443d59d-561f-ed1e-da42-1975937205f9,ok,0,0,453,27.216,37,210,405,439,292
818,51091.551594935,51091.551927968,,2,GPU-5443d59d-561f-ed1e-da42-1975937205f9,ok,0,0,453,27.256,37,210,405,439,292
819,51092.551594935,51092.551909416,,2,GPU-5443d59d-561f-ed1e-da42-1975937205f9,ok,0,0,453,27.301,37,210,405,439,292
820,51093.551594935,51093.551908654,,2,GPU-5443d59d-561f-ed1e-da42-1975937205f9,ok,0,0,453,27.28,37,210,405,439,292
821,51094.551594935,51094.551908992,,2,GPU-5443d59d-561f-ed1e-da42-1975937205f9,ok,0,0,453,27.253,37,210,405,439,292
822,51095.551594935,51095.55191164,,2,GPU-5443d59d-561f-ed1e-da42-1975937205f9,ok,0,0,453,27.068,37,210,405,439,292
823,51096.551594935,51096.551911488,,2,GPU-5443d59d-561f-ed1e-da42-1975937205f9,ok,0,0,453,27.109,37,210,405,439,292
824,51097.551594935,51097.551908696,,2,GPU-5443d59d-561f-ed1e-da42-1975937205f9,ok,0,0,453,27.143,37,210,405,439,292
825,51098.551594935,51098.551908184,,2,GPU-5443d59d-561f-ed1e-da42-1975937205f9,ok,0,0,453,27.0,37,210,405,439,292
826,51099.551594935,51099.551902892,,2,GPU-5443d59d-561f-ed1e-da42-1975937205f9,ok,0,0,453,27.115,37,210,405,439,341
827,51100.551594935,51100.551908641,,2,GPU-5443d59d-561f-ed1e-da42-1975937205f9,ok,0,0,453,27.246,37,210,405,439,341
828,51101.551594935,51101.551908329,,2,GPU-5443d59d-561f-ed1e-da42-1975937205f9,ok,0,0,453,27.145,37,210,405,439,341
829,51102.551594935,51102.551913607,,2,GPU-5443d59d-561f-ed1e-da42-1975937205f9,ok,0,0,453,27.202,37,210,405,439,292
830,51103.551594935,51103.551914005,,2,GPU-5443d59d-561f-ed1e-da42-1975937205f9,ok,0,0,453,27.238,37,210,405,390,292
831,51104.551594935,51104.551911173,,2,GPU-5443d59d-561f-ed1e-da42-1975937205f9,ok,0,0,453,27.124,37,210,405,439,292
832,51105.551594935,51105.551910461,,2,GPU-5443d59d-561f-ed1e-da42-1975937205f9,ok,0,0,453,27.203,37,210,405,439,292
833,51106.551594935,51106.551911239,,2,GPU-5443d59d-561f-ed1e-da42-1975937205f9,ok,0,0,453,27.347,37,210,405,439,292
834,51107.551594935,51107.551908497,,2,GPU-5443d59d-561f-ed1e-da42-1975937205f9,ok,0,0,453,27.287,37,210,405,439,341
835,51108.551594935,51108.551908045,,2,GPU-5443d59d-561f-ed1e-da42-1975937205f9,ok,0,0,453,27.22,37,210,405,439,292
836,51109.551594935,51109.551911803,,2,GPU-5443d59d-561f-ed1e-da42-1975937205f9,ok,0,0,453,27.245,37,210,405,439,292
837,51110.551594935,51110.551910211,,2,GPU-5443d59d-561f-ed1e-da42-1975937205f9,ok,0,0,453,27.136,37,210,405,390,292
838,51111.551594935,51111.551911239,,2,GPU-5443d59d-561f-ed1e-da42-1975937205f9,ok,0,0,453,27.132,37,210,405,390,292
839,51112.551594935,51112.551913677,,2,GPU-5443d59d-561f-ed1e-da42-1975937205f9,ok,0,0,453,27.256,37,210,405,390,292
840,51113.551594935,51113.551898175,,2,GPU-5443d59d-561f-ed1e-da42-1975937205f9,ok,0,0,453,27.217,37,210,405,390,292
841,51114.551594935,51114.551913993,,2,GPU-5443d59d-561f-ed1e-da42-1975937205f9,ok,0,0,453,27.154,37,210,405,390,292
842,51115.551594935,51115.551915161,,2,GPU-5443d59d-561f-ed1e-da42-1975937205f9,ok,0,0,453,27.128,37,210,405,390,341
843,51116.551594935,51116.551917899,,2,GPU-5443d59d-561f-ed1e-da42-1975937205f9,ok,0,0,453,27.035,37,210,405,439,341
844,51117.551594935,51117.551908687,,2,GPU-5443d59d-561f-ed1e-da42-1975937205f9,ok,0,0,453,27.132,37,210,405,390,292
845,51118.551594935,51118.551906125,,2,GPU-5443d59d-561f-ed1e-da42-1975937205f9,ok,0,0,453,27.308,37,210,405,390,341
846,51119.551594935,51119.551909563,,2,GPU-5443d59d-561f-ed1e-da42-1975937205f9,ok,0,0,453,27.218,37,210,405,439,341
847,51120.551594935,51120.551909601,,2,GPU-5443d59d-561f-ed1e-da42-1975937205f9,ok,0,0,453,27.129,37,210,405,439,341
848,51121.551594935,51121.551910639,,2,GPU-5443d59d-561f-ed1e-da42-1975937205f9,ok,0,0,453,27.23,37,210,405,439,341
849,51122.551594935,51122.551911917,,2,GPU-5443d59d-561f-ed1e-da42-1975937205f9,ok,0,0,453,27.227,37,210,405,439,341
850,51123.551594935,51123.551912245,,2,GPU-5443d59d-561f-ed1e-da42-1975937205f9,ok,0,0,453,27.365,37,210,405,439,341
851,51124.551594935,51124.551903913,,2,GPU-5443d59d-561f-ed1e-da42-1975937205f9,ok,0,0,453,27.551,37,210,405,439,341
852,51125.551594935,51125.551908171,,2,GPU-5443d59d-561f-ed1e-da42-1975937205f9,ok,0,0,453,27.344,37,210,405,439,341
853,51126.551594935,51126.551907649,,2,GPU-5443d59d-561f-ed1e-da42-1975937205f9,ok,0,0,453,27.325,37,210,405,439,341
854,51127.551594935,51127.551914027,,2,GPU-5443d59d-561f-ed1e-da42-1975937205f9,ok,0,0,453,27.506,37,210,405,439,292
855,51128.551594935,51128.551909885,,2,GPU-5443d59d-561f-ed1e-da42-1975937205f9,ok,0,0,453,27.547,37,210,405,439,292
856,51129.551594935,51129.551907603,,2,GPU-5443d59d-561f-ed1e-da42-1975937205f9,ok,0,0,453,27.618,37,210,405,390,292
857,51130.551594935,51130.551908551,,2,GPU-5443d59d-561f-ed1e-da42-1975937205f9,ok,0,0,453,27.593,37,210,405,390,292
858,51131.551594935,51131.551912459,,2,GPU-5443d59d-561f-ed1e-da42-1975937205f9,ok,0,0,453,27.536,37,210,405,390,292
859,51132.551594935,51132.551902197,,2,GPU-5443d59d-561f-ed1e-da42-1975937205f9,ok,0,0,453,27.572,37,210,405,390,292
860,51133.551594935,51133.551908525,,2,GPU-5443d59d-561f-ed1e-da42-1975937205f9,ok,0,0,453,27.502,37,210,405,390,292
861,51134.551594935,51134.551906813,,2,GPU-5443d59d-561f-ed1e-da42-1975937205f9,ok,0,0,453,27.485,37,210,405,439,341
862,51135.551594935,51135.551903731,,2,GPU-5443d59d-561f-ed1e-da42-1975937205f9,ok,0,0,453,27.612,37,210,405,390,341
863,51136.551594935,51136.551912419,,2,GPU-5443d59d-561f-ed1e-da42-1975937205f9,ok,0,0,453,27.624,37,210,405,439,341
864,51137.551594935,51137.551906877,,2,GPU-5443d59d-561f-ed1e-da42-1975937205f9,ok,0,0,453,27.565,37,210,405,439,341
865,51138.551594935,51138.551904415,,2,GPU-5443d59d-561f-ed1e-da42-1975937205f9,ok,0,0,453,27.524,37,210,405,439,341
866,51139.551594935,51139.551904703,,2,GPU-5443d59d-561f-ed1e-da42-1975937205f9,ok,0,0,453,27.371,37,210,405,439,292
867,51140.551594935,51140.551905761,,2,GPU-5443d59d-561f-ed1e-da42-1975937205f9,ok,0,0,453,27.412,37,210,405,439,292
868,51141.551594935,51141.551903619,,2,GPU-5443d59d-561f-ed1e-da42-1975937205f9,ok,0,0,453,27.448,37,210,405,439,292
869,51142.551594935,51142.551903557,,2,GPU-5443d59d-561f-ed1e-da42-1975937205f9,ok,0,0,453,27.185,37,210,405,439,292
870,51143.551594935,51143.551915246,,2,GPU-5443d59d-561f-ed1e-da42-1975937205f9,ok,0,0,453,27.219,37,210,405,390,292
871,51144.551594935,51144.551906024,,2,GPU-5443d59d-561f-ed1e-da42-1975937205f9,ok,0,0,453,27.336,37,210,405,390,292
872,51145.551594935,51145.551906092,,2,GPU-5443d59d-561f-ed1e-da42-1975937205f9,ok,0,0,453,27.275,37,210,405,439,292
873,51146.551594935,51146.55190588,,2,GPU-5443d59d-561f-ed1e-da42-1975937205f9,ok,0,0,453,27.333,37,210,405,439,292
874,51147.551594935,51147.551919338,,2,GPU-5443d59d-561f-ed1e-da42-1975937205f9,ok,0,0,453,27.476,37,210,405,439,292
875,51148.551594935,51148.551930946,,2,GPU-5443d59d-561f-ed1e-da42-1975937205f9,ok,0,0,453,27.463,37,210,405,439,292
876,51149.551594935,51149.551925294,,2,GPU-5443d59d-561f-ed1e-da42-1975937205f9,ok,0,0,453,27.537,37,210,405,439,292
877,51150.551594935,51150.551933812,,2,GPU-5443d59d-561f-ed1e-da42-1975937205f9,ok,0,0,453,27.652,37,210,405,439,292
878,51151.551594935,51151.55192463,,2,GPU-5443d59d-561f-ed1e-da42-1975937205f9,ok,0,0,453,27.448,37,210,405,439,292
879,51152.551594935,51152.551923098,,2,GPU-5443d59d-561f-ed1e-da42-1975937205f9,ok,0,0,453,27.406,36,210,405,439,292
880,51153.551594935,51153.551905686,,2,GPU-5443d59d-561f-ed1e-da42-1975937205f9,ok,0,0,453,27.569,36,210,405,439,292
881,51154.551594935,51154.551907714,,2,GPU-5443d59d-561f-ed1e-da42-1975937205f9,ok,0,0,453,27.493,36,210,405,439,292
882,51155.551594935,51155.551906022,,2,GPU-5443d59d-561f-ed1e-da42-1975937205f9,ok,0,0,453,27.51,37,210,405,439,292
883,51156.551594935,51156.55190609,,2,GPU-5443d59d-561f-ed1e-da42-1975937205f9,ok,0,0,453,27.562,36,210,405,390,292
884,51157.551594935,51157.551909768,,2,GPU-5443d59d-561f-ed1e-da42-1975937205f9,ok,0,0,453,27.304,36,210,405,390,292
885,51158.551594935,51158.551922046,,2,GPU-5443d59d-561f-ed1e-da42-1975937205f9,ok,0,0,453,27.286,37,210,405,390,292
886,51159.551594935,51159.551922804,,2,GPU-5443d59d-561f-ed1e-da42-1975937205f9,ok,0,0,453,27.479,36,210,405,439,341
887,51160.551594935,51160.551923582,,2,GPU-5443d59d-561f-ed1e-da42-1975937205f9,ok,0,0,453,27.399,36,210,405,439,341
888,51161.551594935,51161.55192256,,2,GPU-5443d59d-561f-ed1e-da42-1975937205f9,ok,0,0,453,27.41,36,210,405,439,341
889,51162.551594935,51162.551934938,,2,GPU-5443d59d-561f-ed1e-da42-1975937205f9,ok,0,0,453,27.546,36,210,405,439,341
890,51163.551594935,51163.551922366,,2,GPU-5443d59d-561f-ed1e-da42-1975937205f9,ok,0,0,453,27.503,36,210,405,439,292
891,51164.551594935,51164.551924274,,2,GPU-5443d59d-561f-ed1e-da42-1975937205f9,ok,0,0,453,27.483,36,210,405,439,292
892,51165.551594935,51165.551920582,,2,GPU-5443d59d-561f-ed1e-da42-1975937205f9,ok,0,0,453,27.47,36,210,405,439,292
893,51166.551594935,51166.55191919,,2,GPU-5443d59d-561f-ed1e-da42-1975937205f9,ok,0,0,453,27.345,36,210,405,439,292
894,51167.551594935,51167.551919968,,2,GPU-5443d59d-561f-ed1e-da42-1975937205f9,ok,0,0,453,27.376,36,210,405,439,292
895,51168.551594935,51168.551925136,,2,GPU-5443d59d-561f-ed1e-da42-1975937205f9,ok,0,0,453,27.367,36,210,405,439,292
896,51169.551594935,51169.551922954,,2,GPU-5443d59d-561f-ed1e-da42-1975937205f9,ok,0,0,453,27.3,36,210,405,439,292
897,51170.551594935,51170.551925602,,2,GPU-5443d59d-561f-ed1e-da42-1975937205f9,ok,0,0,453,27.372,36,210,405,439,292
898,51171.551594935,51171.55193746,,2,GPU-5443d59d-561f-ed1e-da42-1975937205f9,ok,0,0,453,27.359,36,210,405,439,292
899,51172.551594935,51172.551922478,,2,GPU-5443d59d-561f-ed1e-da42-1975937205f9,ok,0,0,453,27.365,36,210,405,439,292
900,51173.551594935,51173.551917436,,2,GPU-5443d59d-561f-ed1e-da42-1975937205f9,ok,0,0,453,27.295,36,210,405,439,292
901,51174.551594935,51174.551923934,,2,GPU-5443d59d-561f-ed1e-da42-1975937205f9,ok,0,0,453,27.155,36,210,405,439,292
902,51175.551594935,51175.551903312,,2,GPU-5443d59d-561f-ed1e-da42-1975937205f9,ok,0,0,453,27.296,36,210,405,439,292
903,51176.551594935,51176.55190495,,2,GPU-5443d59d-561f-ed1e-da42-1975937205f9,ok,0,0,453,27.356,36,210,405,439,292
904,51177.551594935,51177.551902408,,2,GPU-5443d59d-561f-ed1e-da42-1975937205f9,ok,0,0,453,27.213,36,210,405,439,341
905,51178.551594935,51178.551909196,,2,GPU-5443d59d-561f-ed1e-da42-1975937205f9,ok,0,0,453,27.289,36,210,405,439,341
906,51179.551594935,51179.551903074,,2,GPU-5443d59d-561f-ed1e-da42-1975937205f9,ok,0,0,453,27.371,36,210,405,439,341
907,51180.551594935,51180.551904352,,2,GPU-5443d59d-561f-ed1e-da42-1975937205f9,ok,0,0,453,27.288,36,210,405,439,292
908,51181.551594935,51181.55190322,,2,GPU-5443d59d-561f-ed1e-da42-1975937205f9,ok,0,0,453,27.335,36,210,405,390,292
909,51182.551594935,51182.551911158,,2,GPU-5443d59d-561f-ed1e-da42-1975937205f9,ok,0,0,453,27.435,36,210,405,390,292
910,51183.551594935,51183.551915276,,2,GPU-5443d59d-561f-ed1e-da42-1975937205f9,ok,0,0,453,27.384,36,210,405,390,292
911,51184.551594935,51184.551917394,,2,GPU-5443d59d-561f-ed1e-da42-1975937205f9,ok,0,0,453,27.383,36,210,405,439,292
912,51185.551594935,51185.551904402,,2,GPU-5443d59d-561f-ed1e-da42-1975937205f9,ok,0,0,453,27.379,36,210,405,439,292
913,51186.551594935,51186.551905621,,2,GPU-5443d59d-561f-ed1e-da42-1975937205f9,ok,0,0,453,27.322,36,210,405,390,292
914,51187.551594935,51187.551904089,,2,GPU-5443d59d-561f-ed1e-da42-1975937205f9,ok,0,0,453,27.346,36,210,405,439,292
915,51188.551594935,51188.551902717,,2,GPU-5443d59d-561f-ed1e-da42-1975937205f9,ok,0,0,453,27.364,36,210,405,439,292
916,51189.551594935,51189.551917625,,2,GPU-5443d59d-561f-ed1e-da42-1975937205f9,ok,0,0,453,27.28,36,210,405,439,292
917,51190.551594935,51190.551902633,,2,GPU-5443d59d-561f-ed1e-da42-1975937205f9,ok,0,0,453,27.352,36,210,405,439,292
918,51191.551594935,51191.551905611,,2,GPU-5443d59d-561f-ed1e-da42-1975937205f9,ok,0,0,453,27.453,36,210,405,439,341
919,51192.551594935,51192.551904329,,2,GPU-5443d59d-561f-ed1e-da42-1975937205f9,ok,0,0,453,27.322,36,210,405,439,341
920,51193.551594935,51193.551905917,,2,GPU-5443d59d-561f-ed1e-da42-1975937205f9,ok,0,0,453,27.302,36,210,405,439,292
921,51194.551594935,51194.551903755,,2,GPU-5443d59d-561f-ed1e-da42-1975937205f9,ok,0,0,453,27.424,36,210,405,439,292
922,51195.551594935,51195.551915473,,2,GPU-5443d59d-561f-ed1e-da42-1975937205f9,ok,0,0,453,27.367,36,210,405,439,292
923,51196.551594935,51196.551907561,,2,GPU-5443d59d-561f-ed1e-da42-1975937205f9,ok,0,0,453,27.301,36,210,405,439,292
924,51197.551594935,51197.551909639,,2,GPU-5443d59d-561f-ed1e-da42-1975937205f9,ok,0,0,453,27.288,36,210,405,439,292
925,51198.551594935,51198.551904197,,2,GPU-5443d59d-561f-ed1e-da42-1975937205f9,ok,0,0,453,27.163,36,210,405,439,292
926,51199.551594935,51199.551903575,,2,GPU-5443d59d-561f-ed1e-da42-1975937205f9,ok,0,0,453,27.238,36,210,405,439,292
927,51200.551594935,51200.551903723,,2,GPU-5443d59d-561f-ed1e-da42-1975937205f9,ok,0,0,453,27.431,36,210,405,439,341
928,51201.551594935,51201.551915641,,2,GPU-5443d59d-561f-ed1e-da42-1975937205f9,ok,0,0,453,27.412,36,210,405,439,341
929,51202.551594935,51202.551919609,,2,GPU-5443d59d-561f-ed1e-da42-1975937205f9,ok,0,0,453,27.338,36,210,405,390,341
930,51203.551594935,51203.551906737,,2,GPU-5443d59d-561f-ed1e-da42-1975937205f9,ok,0,0,453,27.307,36,210,405,390,292
931,51204.551594935,51204.551903235,,2,GPU-5443d59d-561f-ed1e-da42-1975937205f9,ok,0,0,453,27.179,36,210,405,390,292
932,51205.551594935,51205.551904193,,2,GPU-5443d59d-561f-ed1e-da42-1975937205f9,ok,0,0,453,27.151,36,210,405,390,292
933,51206.551594935,51206.551906441,,2,GPU-5443d59d-561f-ed1e-da42-1975937205f9,ok,0,0,453,27.211,36,210,405,390,292
934,51207.551594935,51207.551902769,,2,GPU-5443d59d-561f-ed1e-da42-1975937205f9,ok,0,0,453,27.297,36,210,405,488,292
935,51208.551594935,51208.551902617,,2,GPU-5443d59d-561f-ed1e-da42-1975937205f9,ok,0,0,453,27.381,36,210,405,439,292
936,51209.551594935,51209.551903815,,2,GPU-5443d59d-561f-ed1e-da42-1975937205f9,ok,0,0,453,27.255,36,210,405,439,292
937,51210.551594935,51210.551905463,,2,GPU-5443d59d-561f-ed1e-da42-1975937205f9,ok,0,0,453,27.22,36,210,405,439,292
938,51211.551594935,51211.551902791,,2,GPU-5443d59d-561f-ed1e-da42-1975937205f9,ok,0,0,453,27.302,36,210,405,439,292
939,51212.551594935,51212.551906709,,2,GPU-5443d59d-561f-ed1e-da42-1975937205f9,ok,0,0,453,27.19,36,210,405,439,292
940,51213.551594935,51213.551902407,,2,GPU-5443d59d-561f-ed1e-da42-1975937205f9,ok,0,0,453,27.206,36,210,405,439,292
941,51214.551594935,51214.551904445,,2,GPU-5443d59d-561f-ed1e-da42-1975937205f9,ok,0,0,453,27.345,36,210,405,439,341
942,51215.551594935,51215.551907363,,2,GPU-5443d59d-561f-ed1e-da42-1975937205f9,ok,0,0,453,27.322,36,210,405,439,341
943,51216.551594935,51216.551899591,,2,GPU-5443d59d-561f-ed1e-da42-1975937205f9,ok,0,0,453,27.389,36,210,405,439,341
944,51217.551594935,51217.551919799,,2,GPU-5443d59d-561f-ed1e-da42-1975937205f9,ok,0,0,453,27.571,36,210,405,439,341
945,51218.551594935,51218.551907137,,2,GPU-5443d59d-561f-ed1e-da42-1975937205f9,ok,0,0,453,27.507,36,210,405,439,292
946,51219.551594935,51219.551905785,,2,GPU-5443d59d-561f-ed1e-da42-1975937205f9,ok,0,0,453,27.39,36,210,405,439,292
947,51220.551594935,51220.551901383,,2,GPU-5443d59d-561f-ed1e-da42-1975937205f9,ok,0,0,453,27.452,36,210,405,390,292
948,51221.551594935,51221.551890271,,2,GPU-5443d59d-561f-ed1e-da42-1975937205f9,ok,0,0,453,27.37,36,210,405,390,292
949,51222.551594935,51222.551904579,,2,GPU-5443d59d-561f-ed1e-da42-1975937205f9,ok,0,0,453,27.374,36,210,405,390,341
950,51223.551594935,51223.551914847,,2,GPU-5443d59d-561f-ed1e-da42-1975937205f9,ok,0,0,453,27.497,36,210,405,439,341
951,51224.551594935,51224.551909215,,2,GPU-5443d59d-561f-ed1e-da42-1975937205f9,ok,0,0,453,27.382,36,210,405,439,341
952,51225.551594935,51225.551909933,,2,GPU-5443d59d-561f-ed1e-da42-1975937205f9,ok,0,0,453,27.4,36,210,405,390,341
953,51226.551594935,51226.551904531,,2,GPU-5443d59d-561f-ed1e-da42-1975937205f9,ok,0,0,453,27.484,36,210,405,390,341
954,51227.551594935,51227.551901919,,2,GPU-5443d59d-561f-ed1e-da42-1975937205f9,ok,0,0,453,27.331,36,210,405,439,341
955,51228.551594935,51228.551903387,,2,GPU-5443d59d-561f-ed1e-da42-1975937205f9,ok,0,0,453,27.336,36,210,405,390,292
956,51229.551594935,51229.551905336,,2,GPU-5443d59d-561f-ed1e-da42-1975937205f9,ok,0,0,453,27.451,36,210,405,439,292
957,51230.551594935,51230.551902874,,2,GPU-5443d59d-561f-ed1e-da42-1975937205f9,ok,0,0,453,27.298,36,210,405,390,292
958,51231.551594935,51231.551907352,,2,GPU-5443d59d-561f-ed1e-da42-1975937205f9,ok,0,0,453,27.207,36,210,405,390,292
959,51232.551594935,51232.55190632,,2,GPU-5443d59d-561f-ed1e-da42-1975937205f9,ok,0,0,453,27.238,36,210,405,390,292
960,51233.551594935,51233.551904048,,2,GPU-5443d59d-561f-ed1e-da42-1975937205f9,ok,0,0,453,27.146,36,210,405,439,292
961,51234.551594935,51234.551902616,,2,GPU-5443d59d-561f-ed1e-da42-1975937205f9,ok,0,0,453,27.188,36,210,405,439,292
962,51235.551594935,51235.551907094,,2,GPU-5443d59d-561f-ed1e-da42-1975937205f9,ok,0,0,453,27.243,36,210,405,439,292
963,51236.551594935,51236.551904232,,2,GPU-5443d59d-561f-ed1e-da42-1975937205f9,ok,0,0,453,27.19,36,210,405,439,292
964,51237.551594935,51237.5519125,,2,GPU-5443d59d-561f-ed1e-da42-1975937205f9,ok,0,0,453,27.384,36,210,405,439,292
965,51238.551594935,51238.551904498,,2,GPU-5443d59d-561f-ed1e-da42-1975937205f9,ok,0,0,453,27.557,36,210,405,439,292
966,51239.551594935,51239.551904356,,2,GPU-5443d59d-561f-ed1e-da42-1975937205f9,ok,0,0,453,27.374,36,210,405,439,292
967,51240.551594935,51240.551907394,,2,GPU-5443d59d-561f-ed1e-da42-1975937205f9,ok,0,0,453,27.275,36,210,405,439,292
968,51241.551594935,51241.551920692,,2,GPU-5443d59d-561f-ed1e-da42-1975937205f9,ok,0,0,453,27.345,36,210,405,439,292
969,51242.551594935,51242.55190424,,2,GPU-5443d59d-561f-ed1e-da42-1975937205f9,ok,0,0,453,27.387,36,210,405,439,292
970,51243.551594935,51243.551905688,,2,GPU-5443d59d-561f-ed1e-da42-1975937205f9,ok,0,0,453,27.381,36,210,405,439,292
971,51244.551594935,51244.551904536,,2,GPU-5443d59d-561f-ed1e-da42-1975937205f9,ok,0,0,453,27.262,36,210,405,390,341
972,51245.551594935,51245.551907344,,2,GPU-5443d59d-561f-ed1e-da42-1975937205f9,ok,0,0,453,27.324,36,210,405,390,341
973,51246.551594935,51246.551902742,,2,GPU-5443d59d-561f-ed1e-da42-1975937205f9,ok,0,0,453,27.514,36,210,405,390,341
974,51247.551594935,51247.55190467,,2,GPU-5443d59d-561f-ed1e-da42-1975937205f9,ok,0,0,453,27.372,36,210,405,439,341
975,51248.551594935,51248.551905818,,2,GPU-5443d59d-561f-ed1e-da42-1975937205f9,ok,0,0,453,27.318,36,210,405,390,341
976,51249.551594935,51249.551904946,,2,GPU-5443d59d-561f-ed1e-da42-1975937205f9,ok,0,0,453,27.413,36,210,405,390,292
977,51250.551594935,51250.551904694,,2,GPU-5443d59d-561f-ed1e-da42-1975937205f9,ok,0,0,453,27.323,36,210,405,439,292
978,51251.551594935,51251.551905192,,2,GPU-5443d59d-561f-ed1e-da42-1975937205f9,ok,0,0,453,27.346,36,210,405,439,292
979,51252.551594935,51252.55191726,,2,GPU-5443d59d-561f-ed1e-da42-1975937205f9,ok,0,0,453,27.462,36,210,405,439,292
980,51253.551594935,51253.551913778,,2,GPU-5443d59d-561f-ed1e-da42-1975937205f9,ok,0,0,453,27.348,36,210,405,439,292
981,51254.551594935,51254.551902536,,2,GPU-5443d59d-561f-ed1e-da42-1975937205f9,ok,0,0,453,27.216,36,210,405,439,292
982,51255.551594935,51255.551906774,,2,GPU-5443d59d-561f-ed1e-da42-1975937205f9,ok,0,0,453,27.285,36,210,405,390,292
983,51256.551594935,51256.551903732,,2,GPU-5443d59d-561f-ed1e-da42-1975937205f9,ok,0,0,453,27.216,36,210,405,390,292
984,51257.551594935,51257.55190355,,2,GPU-5443d59d-561f-ed1e-da42-1975937205f9,ok,0,0,453,27.23,36,210,405,439,292
985,51258.551594935,51258.551905368,,2,GPU-5443d59d-561f-ed1e-da42-1975937205f9,ok,0,0,453,27.429,36,210,405,439,292
986,51259.551594935,51259.551906796,,2,GPU-5443d59d-561f-ed1e-da42-1975937205f9,ok,0,0,453,27.414,36,210,405,439,292
987,51260.551594935,51260.551904454,,2,GPU-5443d59d-561f-ed1e-da42-1975937205f9,ok,0,0,453,27.405,36,210,405,439,292
988,51261.551594935,51261.551907062,,2,GPU-5443d59d-561f-ed1e-da42-1975937205f9,ok,0,0,453,27.448,36,210,405,439,292
989,51262.551594935,51262.55190674,,2,GPU-5443d59d-561f-ed1e-da42-1975937205f9,ok,0,0,453,27.378,36,210,405,439,292
990,51263.551594935,51263.551913768,,2,GPU-5443d59d-561f-ed1e-da42-1975937205f9,ok,0,0,453,27.452,36,210,405,439,292
991,51264.551594935,51264.551905386,,2,GPU-5443d59d-561f-ed1e-da42-1975937205f9,ok,0,0,453,27.528,36,210,405,439,292
992,51265.551594935,51265.551907374,,2,GPU-5443d59d-561f-ed1e-da42-1975937205f9,ok,0,0,453,27.326,36,210,405,390,341
993,51266.551594935,51266.551907952,,2,GPU-5443d59d-561f-ed1e-da42-1975937205f9,ok,0,0,453,27.309,36,210,405,390,341
994,51267.551594935,51267.55190673,,2,GPU-5443d59d-561f-ed1e-da42-1975937205f9,ok,0,0,453,27.41,36,210,405,390,292
995,51268.551594935,51268.551904158,,2,GPU-5443d59d-561f-ed1e-da42-1975937205f9,ok,0,0,453,27.251,36,210,405,439,341
996,51269.551594935,51269.551905906,,2,GPU-5443d59d-561f-ed1e-da42-1975937205f9,ok,0,0,453,27.277,36,210,405,439,341
997,51270.551594935,51270.551903154,,2,GPU-5443d59d-561f-ed1e-da42-1975937205f9,ok,0,0,453,27.495,36,210,405,439,341
998,51271.551594935,51271.551903392,,2,GPU-5443d59d-561f-ed1e-da42-1975937205f9,ok,0,0,453,27.512,36,210,405,439,292
999,51272.551594935,51272.55190506,,2,GPU-5443d59d-561f-ed1e-da42-1975937205f9,ok,0,0,453,27.418,36,210,405,439,292
1000,51273.551594935,51273.551906899,,2,GPU-5443d59d-561f-ed1e-da42-1975937205f9,ok,0,0,453,27.406,36,210,405,390,292
1001,51274.551594935,51274.551913337,,2,GPU-5443d59d-561f-ed1e-da42-1975937205f9,ok,0,0,453,27.278,36,210,405,390,292
1002,51275.551594935,51275.551909285,,2,GPU-5443d59d-561f-ed1e-da42-1975937205f9,ok,0,0,453,27.245,36,210,405,439,292
1003,51276.551594935,51276.551906083,,2,GPU-5443d59d-561f-ed1e-da42-1975937205f9,ok,0,0,453,27.353,36,210,405,439,292
1004,51277.551594935,51277.551910521,,2,GPU-5443d59d-561f-ed1e-da42-1975937205f9,ok,0,0,453,27.223,36,210,405,439,292
1005,51278.551594935,51278.551905379,,2,GPU-5443d59d-561f-ed1e-da42-1975937205f9,ok,0,0,453,27.245,36,210,405,439,292
1006,51279.551594935,51279.551907467,,2,GPU-5443d59d-561f-ed1e-da42-1975937205f9,ok,0,0,453,27.276,36,210,405,439,292
1007,51280.551594935,51280.551919725,,2,GPU-5443d59d-561f-ed1e-da42-1975937205f9,ok,0,0,453,27.207,36,210,405,439,292
1008,51281.551594935,51281.551925683,,2,GPU-5443d59d-561f-ed1e-da42-1975937205f9,ok,0,0,453,27.232,36,210,405,390,292
1009,51282.551594935,51282.551921791,,2,GPU-5443d59d-561f-ed1e-da42-1975937205f9,ok,0,0,453,27.137,36,210,405,390,292
1010,51283.551594935,51283.551927359,,2,GPU-5443d59d-561f-ed1e-da42-1975937205f9,ok,0,0,453,27.158,36,210,405,390,292
1011,51284.551594935,51284.551923647,,2,GPU-5443d59d-561f-ed1e-da42-1975937205f9,ok,0,0,453,27.193,36,210,405,439,292
1012,51285.551594935,51285.551905615,,2,GPU-5443d59d-561f-ed1e-da42-1975937205f9,ok,0,0,453,27.102,36,210,405,439,341
1013,51286.551594935,51286.551906043,,2,GPU-5443d59d-561f-ed1e-da42-1975937205f9,ok,0,0,453,27.181,36,210,405,439,341
1014,51287.551594935,51287.551910201,,2,GPU-5443d59d-561f-ed1e-da42-1975937205f9,ok,0,0,453,27.285,36,210,405,439,341
1015,51288.551594935,51288.551903639,,2,GPU-5443d59d-561f-ed1e-da42-1975937205f9,ok,0,0,453,27.234,36,210,405,439,341
1016,51289.551594935,51289.551907727,,2,GPU-5443d59d-561f-ed1e-da42-1975937205f9,ok,0,0,453,27.313,36,210,405,439,341
1017,51290.551594935,51290.551922565,,2,GPU-5443d59d-561f-ed1e-da42-1975937205f9,ok,0,0,453,27.425,36,210,405,439,341
1018,51291.551594935,51291.551924243,,2,GPU-5443d59d-561f-ed1e-da42-1975937205f9,ok,0,0,453,27.292,36,210,405,390,341
1019,51292.551594935,51292.551921671,,2,GPU-5443d59d-561f-ed1e-da42-1975937205f9,ok,0,0,453,27.323,36,210,405,390,341
1020,51293.551594935,51293.551935059,,2,GPU-5443d59d-561f-ed1e-da42-1975937205f9,ok,0,0,453,27.484,36,210,405,439,341
1021,51294.551594935,51294.551941547,,2,GPU-5443d59d-561f-ed1e-da42-1975937205f9,ok,0,0,453,27.384,36,210,405,439,341
1022,51295.551594935,51295.551926165,,2,GPU-5443d59d-561f-ed1e-da42-1975937205f9,ok,0,0,453,27.285,36,210,405,439,341
1023,51296.551594935,51296.551922763,,2,GPU-5443d59d-561f-ed1e-da42-1975937205f9,ok,0,0,453,27.342,36,210,405,439,341
1024,51297.551594935,51297.551918661,,2,GPU-5443d59d-561f-ed1e-da42-1975937205f9,ok,0,0,453,27.36,36,210,405,439,292
1025,51298.551594935,51298.551942409,,2,GPU-5443d59d-561f-ed1e-da42-1975937205f9,ok,0,0,453,27.4,36,210,405,439,341
1026,51299.551594935,51299.551928597,,2,GPU-5443d59d-561f-ed1e-da42-1975937205f9,ok,0,0,453,27.419,36,210,405,439,292
1027,51300.551594935,51300.551921395,,2,GPU-5443d59d-561f-ed1e-da42-1975937205f9,ok,0,0,453,27.289,36,210,405,439,292
1028,51301.551594935,51301.551931073,,2,GPU-5443d59d-561f-ed1e-da42-1975937205f9,ok,0,0,453,27.262,36,210,405,439,292
1029,51302.551594935,51302.551918981,,2,GPU-5443d59d-561f-ed1e-da42-1975937205f9,ok,0,0,453,27.264,36,210,405,390,292
1030,51303.551594935,51303.551929369,,2,GPU-5443d59d-561f-ed1e-da42-1975937205f9,ok,0,0,453,27.054,36,210,405,390,292
1031,51304.551594935,51304.551904137,,2,GPU-5443d59d-561f-ed1e-da42-1975937205f9,ok,0,0,453,27.069,36,210,405,390,292
1032,51305.551594935,51305.551907295,,2,GPU-5443d59d-561f-ed1e-da42-1975937205f9,ok,0,0,453,27.169,36,210,405,439,292
1033,51306.551594935,51306.551905353,,2,GPU-5443d59d-561f-ed1e-da42-1975937205f9,ok,0,0,453,27.096,36,210,405,439,292
1034,51307.551594935,51307.551904121,,2,GPU-5443d59d-561f-ed1e-da42-1975937205f9,ok,0,0,453,27.228,36,210,405,439,292
1035,51308.551594935,51308.551916119,,2,GPU-5443d59d-561f-ed1e-da42-1975937205f9,ok,0,0,453,27.427,36,210,405,439,292
1036,51309.551594935,51309.551907037,,2,GPU-5443d59d-561f-ed1e-da42-1975937205f9,ok,0,0,453,27.412,36,210,405,439,292
1037,51310.551594935,51310.551907415,,2,GPU-5443d59d-561f-ed1e-da42-1975937205f9,ok,0,0,453,27.324,36,210,405,439,292
1038,51311.551594935,51311.551906313,,2,GPU-5443d59d-561f-ed1e-da42-1975937205f9,ok,0,0,453,27.362,36,210,405,439,292
1039,51312.551594935,51312.551906531,,2,GPU-5443d59d-561f-ed1e-da42-1975937205f9,ok,0,0,453,27.333,36,210,405,439,292
1040,51313.551594935,51313.551905969,,2,GPU-5443d59d-561f-ed1e-da42-1975937205f9,ok,0,0,453,27.215,36,210,405,439,292
1041,51314.551594935,51314.551911877,,2,GPU-5443d59d-561f-ed1e-da42-1975937205f9,ok,0,0,453,27.241,36,210,405,439,341
1042,51315.551594935,51315.551916525,,2,GPU-5443d59d-561f-ed1e-da42-1975937205f9,ok,0,0,453,27.176,36,210,405,390,341
1043,51316.551594935,51316.551906004,,2,GPU-5443d59d-561f-ed1e-da42-1975937205f9,ok,0,0,453,27.149,36,210,405,390,341
1044,51317.551594935,51317.551910302,,2,GPU-5443d59d-561f-ed1e-da42-1975937205f9,ok,0,0,453,27.191,36,210,405,390,292
1045,51318.551594935,51318.55190463,,2,GPU-5443d59d-561f-ed1e-da42-1975937205f9,ok,0,0,453,27.194,36,210,405,439,292
1046,51319.551594935,51319.551907528,,2,GPU-5443d59d-561f-ed1e-da42-1975937205f9,ok,0,0,453,27.263,36,210,405,439,292
1047,51320.551594935,51320.551905686,,2,GPU-5443d59d-561f-ed1e-da42-1975937205f9,ok,0,0,453,27.18,36,210,405,390,292
1048,51321.551594935,51321.551920474,,2,GPU-5443d59d-561f-ed1e-da42-1975937205f9,ok,0,0,453,27.145,36,210,405,390,292
1049,51322.551594935,51322.551907732,,2,GPU-5443d59d-561f-ed1e-da42-1975937205f9,ok,0,0,453,27.181,36,210,405,390,292
1050,51323.551594935,51323.55190594,,2,GPU-5443d59d-561f-ed1e-da42-1975937205f9,ok,0,0,453,27.071,36,210,405,439,341
1051,51324.551594935,51324.551905108,,2,GPU-5443d59d-561f-ed1e-da42-1975937205f9,ok,0,0,453,27.052,36,210,405,439,341
1052,51325.551594935,51325.551907246,,2,GPU-5443d59d-561f-ed1e-da42-1975937205f9,ok,0,0,453,27.178,36,210,405,390,292
1053,51326.551594935,51326.551905224,,2,GPU-5443d59d-561f-ed1e-da42-1975937205f9,ok,0,0,453,27.087,36,210,405,390,341
1054,51327.551594935,51327.551903962,,2,GPU-5443d59d-561f-ed1e-da42-1975937205f9,ok,0,0,453,27.027,36,210,405,439,341
1055,51328.551594935,51328.55191049,,2,GPU-5443d59d-561f-ed1e-da42-1975937205f9,ok,0,0,453,27.075,36,210,405,390,341
1056,51329.551594935,51329.551906878,,2,GPU-5443d59d-561f-ed1e-da42-1975937205f9,ok,0,0,453,26.935,36,210,405,390,341
1057,51330.551594935,51330.551915426,,2,GPU-5443d59d-561f-ed1e-da42-1975937205f9,ok,0,0,453,26.914,36,210,405,390,292
1058,51331.551594935,51331.551904694,,2,GPU-5443d59d-561f-ed1e-da42-1975937205f9,ok,0,0,453,27.089,36,210,405,439,292
1059,51332.551594935,51332.551905432,,2,GPU-5443d59d-561f-ed1e-da42-1975937205f9,ok,0,0,453,27.071,36,210,405,439,292
1060,51333.551594935,51333.55191306,,2,GPU-5443d59d-561f-ed1e-da42-1975937205f9,ok,0,0,453,26.994,36,210,405,439,292
1061,51334.551594935,51334.551917568,,2,GPU-5443d59d-561f-ed1e-da42-1975937205f9,ok,0,0,453,27.027,36,210,405,439,292
1062,51335.551594935,51335.551908506,,2,GPU-5443d59d-561f-ed1e-da42-1975937205f9,ok,0,0,453,26.999,36,210,405,439,292
1063,51336.551594935,51336.551905564,,2,GPU-5443d59d-561f-ed1e-da42-1975937205f9,ok,0,0,453,27.09,36,210,405,390,292
1064,51337.551594935,51337.551904942,,2,GPU-5443d59d-561f-ed1e-da42-1975937205f9,ok,0,0,453,27.181,36,210,405,439,341
1065,51338.551594935,51338.55190084,,2,GPU-5443d59d-561f-ed1e-da42-1975937205f9,ok,0,0,453,27.064,36,210,405,439,341
1066,51339.551594935,51339.551905598,,2,GPU-5443d59d-561f-ed1e-da42-1975937205f9,ok,0,0,453,27.066,36,210,405,439,341
1067,51340.551594935,51340.551905286,,2,GPU-5443d59d-561f-ed1e-da42-1975937205f9,ok,0,0,453,27.174,36,210,405,439,341
1068,51341.551594935,51341.551907384,,2,GPU-5443d59d-561f-ed1e-da42-1975937205f9,ok,0,0,453,27.03,36,210,405,439,341
1069,51342.551594935,51342.551906042,,2,GPU-5443d59d-561f-ed1e-da42-1975937205f9,ok,0,0,453,26.998,36,210,405,439,292
1070,51343.551594935,51343.55191898,,2,GPU-5443d59d-561f-ed1e-da42-1975937205f9,ok,0,0,453,27.146,36,210,405,439,292
1071,51344.551594935,51344.551906108,,2,GPU-5443d59d-561f-ed1e-da42-1975937205f9,ok,0,0,453,27.046,36,210,405,439,292
1072,51345.551594935,51345.551901896,,2,GPU-5443d59d-561f-ed1e-da42-1975937205f9,ok,0,0,453,27.021,36,210,405,439,292
1073,51346.551594935,51346.551907124,,2,GPU-5443d59d-561f-ed1e-da42-1975937205f9,ok,0,0,453,27.255,36,210,405,439,292
1074,51347.551594935,51347.551908962,,2,GPU-5443d59d-561f-ed1e-da42-1975937205f9,ok,0,0,453,27.168,36,210,405,439,292
1075,51348.551594935,51348.55189641,,2,GPU-5443d59d-561f-ed1e-da42-1975937205f9,ok,0,0,453,27.056,36,210,405,439,292
1076,51349.551594935,51349.551907058,,2,GPU-5443d59d-561f-ed1e-da42-1975937205f9,ok,0,0,453,27.199,36,210,405,439,292
1077,51350.551594935,51350.551912756,,2,GPU-5443d59d-561f-ed1e-da42-1975937205f9,ok,0,0,453,27.194,36,210,405,439,292
1078,51351.551594935,51351.551902474,,2,GPU-5443d59d-561f-ed1e-da42-1975937205f9,ok,0,0,453,27.203,36,210,405,439,292
1079,51352.551594935,51352.551905902,,2,GPU-5443d59d-561f-ed1e-da42-1975937205f9,ok,0,0,453,27.301,36,210,405,439,292
1080,51353.551594935,51353.55190599,,2,GPU-5443d59d-561f-ed1e-da42-1975937205f9,ok,0,0,453,27.212,36,210,405,439,292
1081,51354.551594935,51354.551905518,,2,GPU-5443d59d-561f-ed1e-da42-1975937205f9,ok,0,0,453,27.076,36,210,405,439,292
1082,51355.551594935,51355.551918906,,2,GPU-5443d59d-561f-ed1e-da42-1975937205f9,ok,0,0,453,27.02,36,210,405,439,292
1083,51356.551594935,51356.551910044,,2,GPU-5443d59d-561f-ed1e-da42-1975937205f9,ok,0,0,453,27.136,36,210,405,439,292
1084,51357.551594935,51357.551905372,,2,GPU-5443d59d-561f-ed1e-da42-1975937205f9,ok,0,0,453,27.245,36,210,405,439,292
1085,51358.551594935,51358.55190694,,2,GPU-5443d59d-561f-ed1e-da42-1975937205f9,ok,0,0,453,27.133,36,210,405,390,292
1086,51359.551594935,51359.551903069,,2,GPU-5443d59d-561f-ed1e-da42-1975937205f9,ok,0,0,453,27.195,36,210,405,439,292
1087,51360.551594935,51360.551904107,,2,GPU-5443d59d-561f-ed1e-da42-1975937205f9,ok,0,0,453,27.239,36,210,405,390,292
1088,51361.551594935,51361.551906265,,2,GPU-5443d59d-561f-ed1e-da42-1975937205f9,ok,0,0,453,27.014,36,210,405,390,292
1089,51362.551594935,51362.551910133,,2,GPU-5443d59d-561f-ed1e-da42-1975937205f9,ok,0,0,453,26.997,36,210,405,390,292
1090,51363.551594935,51363.551905331,,2,GPU-5443d59d-561f-ed1e-da42-1975937205f9,ok,0,0,453,27.127,36,210,405,390,292
1091,51364.551594935,51364.551904079,,2,GPU-5443d59d-561f-ed1e-da42-1975937205f9,ok,0,0,453,26.983,36,210,405,390,292
1092,51365.551594935,51365.551906977,,2,GPU-5443d59d-561f-ed1e-da42-1975937205f9,ok,0,0,453,26.934,36,210,405,390,292
1093,51366.551594935,51366.551905725,,2,GPU-5443d59d-561f-ed1e-da42-1975937205f9,ok,0,0,453,27.104,35,210,405,439,341
1094,51367.551594935,51367.551914523,,2,GPU-5443d59d-561f-ed1e-da42-1975937205f9,ok,0,0,453,27.115,35,210,405,439,341
1095,51368.551594935,51368.551902681,,2,GPU-5443d59d-561f-ed1e-da42-1975937205f9,ok,0,0,453,27.101,35,210,405,439,341
1096,51369.551594935,51369.551915599,,2,GPU-5443d59d-561f-ed1e-da42-1975937205f9,ok,0,0,453,27.134,36,210,405,390,341
1097,51370.551594935,51370.551901687,,2,GPU-5443d59d-561f-ed1e-da42-1975937205f9,ok,0,0,453,27.104,36,210,405,439,341
1098,51371.551594935,51371.551907505,,2,GPU-5443d59d-561f-ed1e-da42-1975937205f9,ok,0,0,453,27.119,36,210,405,439,292
1099,51372.551594935,51372.551906313,,2,GPU-5443d59d-561f-ed1e-da42-1975937205f9,ok,0,0,453,27.212,36,210,405,439,292
1100,51373.551594935,51373.551903821,,2,GPU-5443d59d-561f-ed1e-da42-1975937205f9,ok,0,0,453,27.198,36,210,405,439,292
1101,51374.551594935,51374.551915879,,2,GPU-5443d59d-561f-ed1e-da42-1975937205f9,ok,0,0,453,27.131,36,210,405,390,292
1102,51375.551594935,51375.551907277,,2,GPU-5443d59d-561f-ed1e-da42-1975937205f9,ok,0,0,453,27.2,35,210,405,439,292
1103,51376.551594935,51376.551903005,,2,GPU-5443d59d-561f-ed1e-da42-1975937205f9,ok,0,0,453,27.186,35,210,405,439,292
1104,51377.551594935,51377.551904623,,2,GPU-5443d59d-561f-ed1e-da42-1975937205f9,ok,0,0,453,27.301,35,210,405,439,292
1105,51378.551594935,51378.551903221,,2,GPU-5443d59d-561f-ed1e-da42-1975937205f9,ok,0,0,453,27.459,35,210,405,439,292
1106,51379.551594935,51379.551902609,,2,GPU-5443d59d-561f-ed1e-da42-1975937205f9,ok,0,0,453,27.437,35,210,405,439,292
1107,51380.551594935,51380.551874237,,2,GPU-5443d59d-561f-ed1e-da42-1975937205f9,ok,0,0,453,27.558,35,210,405,439,341
1108,51381.551594935,51381.551866545,,2,GPU-5443d59d-561f-ed1e-da42-1975937205f9,ok,0,0,453,27.641,35,210,405,439,341
1109,51382.551594935,51382.551907203,,2,GPU-5443d59d-561f-ed1e-da42-1975937205f9,ok,0,0,453,27.526,35,210,405,439,341
1110,51383.551594935,51383.551906381,,2,GPU-5443d59d-561f-ed1e-da42-1975937205f9,ok,0,0,453,27.5,35,210,405,439,341
1111,51384.551594935,51384.551904709,,2,GPU-5443d59d-561f-ed1e-da42-1975937205f9,ok,0,0,453,27.591,35,210,405,390,341
1112,51385.551594935,51385.551906387,,2,GPU-5443d59d-561f-ed1e-da42-1975937205f9,ok,0,0,453,27.515,35,210,405,439,341
1113,51386.551594935,51386.551901715,,2,GPU-5443d59d-561f-ed1e-da42-1975937205f9,ok,0,0,453,27.425,35,210,405,439,341
1114,51387.551594935,51387.551906543,,2,GPU-5443d59d-561f-ed1e-da42-1975937205f9,ok,0,0,453,27.517,35,210,405,439,292
1115,51388.551594935,51388.551899791,,2,GPU-5443d59d-561f-ed1e-da42-1975937205f9,ok,0,0,453,27.431,35,210,405,390,292
1116,51389.551594935,51389.551919379,,2,GPU-5443d59d-561f-ed1e-da42-1975937205f9,ok,0,0,453,27.395,35,210,405,390,292
1117,51390.551594935,51390.551918867,,2,GPU-5443d59d-561f-ed1e-da42-1975937205f9,ok,0,0,453,27.478,35,210,405,390,292
1118,51391.551594935,51391.551921575,,2,GPU-5443d59d-561f-ed1e-da42-1975937205f9,ok,0,0,453,27.31,35,210,405,439,292
1119,51392.551594935,51392.551922193,,2,GPU-5443d59d-561f-ed1e-da42-1975937205f9,ok,0,0,453,27.381,35,210,405,439,292
1120,51393.551594935,51393.551924241,,2,GPU-5443d59d-561f-ed1e-da42-1975937205f9,ok,0,0,453,27.495,35,210,405,439,292
1121,51394.551594935,51394.551922099,,2,GPU-5443d59d-561f-ed1e-da42-1975937205f9,ok,0,0,453,27.478,35,210,405,439,292
1122,51395.551594935,51395.551934557,,2,GPU-5443d59d-561f-ed1e-da42-1975937205f9,ok,0,0,453,27.551,35,210,405,439,292
1123,51396.551594935,51396.551905955,,2,GPU-5443d59d-561f-ed1e-da42-1975937205f9,ok,0,0,453,27.441,35,210,405,439,292
1124,51397.551594935,51397.551908903,,2,GPU-5443d59d-561f-ed1e-da42-1975937205f9,ok,0,0,453,27.466,35,210,405,439,292
1125,51398.551594935,51398.551927201,,2,GPU-5443d59d-561f-ed1e-da42-1975937205f9,ok,0,0,453,27.597,35,210,405,439,292
1126,51399.551594935,51399.551906699,,2,GPU-5443d59d-561f-ed1e-da42-1975937205f9,ok,0,0,453,27.537,35,210,405,439,292
1127,51400.551594935,51400.551919897,,2,GPU-5443d59d-561f-ed1e-da42-1975937205f9,ok,0,0,453,27.498,35,210,405,439,292
1128,51401.551594935,51401.551946105,,2,GPU-5443d59d-561f-ed1e-da42-1975937205f9,ok,0,0,453,27.586,35,210,405,439,292
1129,51402.551594935,51402.551922654,,2,GPU-5443d59d-561f-ed1e-da42-1975937205f9,ok,0,0,453,27.48,35,210,405,439,292
1130,51403.551594935,51403.551953952,,2,GPU-5443d59d-561f-ed1e-da42-1975937205f9,ok,0,0,453,27.424,35,210,405,390,292
1131,51404.551594935,51404.55192086,,2,GPU-5443d59d-561f-ed1e-da42-1975937205f9,ok,0,0,453,27.56,35,210,405,390,292
1132,51405.551594935,51405.551918328,,2,GPU-5443d59d-561f-ed1e-da42-1975937205f9,ok,0,0,453,27.432,35,210,405,439,292
1133,51406.551594935,51406.551938926,,2,GPU-5443d59d-561f-ed1e-da42-1975937205f9,ok,0,0,453,27.395,35,210,405,439,292
1134,51407.551594935,51407.551925324,,2,GPU-5443d59d-561f-ed1e-da42-1975937205f9,ok,0,0,453,27.467,35,210,405,439,292
1135,51408.551594935,51408.551925822,,2,GPU-5443d59d-561f-ed1e-da42-1975937205f9,ok,0,0,453,27.241,35,210,405,439,292
1136,51409.551594935,51409.55192663,,2,GPU-5443d59d-561f-ed1e-da42-1975937205f9,ok,0,0,453,27.205,35,210,405,439,292
1137,51410.551594935,51410.551923508,,2,GPU-5443d59d-561f-ed1e-da42-1975937205f9,ok,0,0,453,27.377,35,210,405,439,292
1138,51411.551594935,51411.551923976,,2,GPU-5443d59d-561f-ed1e-da42-1975937205f9,ok,0,0,453,27.216,35,210,405,439,292
1139,51412.551594935,51412.551924384,,2,GPU-5443d59d-561f-ed1e-da42-1975937205f9,ok,0,0,453,27.173,35,210,405,439,292
1140,51413.551594935,51413.551946502,,2,GPU-5443d59d-561f-ed1e-da42-1975937205f9,ok,0,0,453,27.366,35,210,405,439,292
1141,51414.551594935,51414.55190715,,2,GPU-5443d59d-561f-ed1e-da42-1975937205f9,ok,0,0,453,27.278,35,210,405,439,292
1142,51415.551594935,51415.551906958,,2,GPU-5443d59d-561f-ed1e-da42-1975937205f9,ok,0,0,453,27.208,35,210,405,439,292
1143,51416.551594935,51416.551904876,,2,GPU-5443d59d-561f-ed1e-da42-1975937205f9,ok,0,0,453,27.281,35,210,405,439,292
1144,51417.551594935,51417.551906144,,2,GPU-5443d59d-561f-ed1e-da42-1975937205f9,ok,0,0,453,27.182,35,210,405,439,292
1145,51418.551594935,51418.551907752,,2,GPU-5443d59d-561f-ed1e-da42-1975937205f9,ok,0,0,453,27.273,35,210,405,439,292
1146,51419.551594935,51419.5519043,,2,GPU-5443d59d-561f-ed1e-da42-1975937205f9,ok,0,0,453,27.541,35,210,405,439,292
1147,51420.551594935,51420.551906548,,2,GPU-5443d59d-561f-ed1e-da42-1975937205f9,ok,0,0,453,27.423,35,210,405,439,292
1148,51421.551594935,51421.551904956,,2,GPU-5443d59d-561f-ed1e-da42-1975937205f9,ok,0,0,453,27.227,35,210,405,439,292
1149,51422.551594935,51422.551905504,,2,GPU-5443d59d-561f-ed1e-da42-1975937205f9,ok,0,0,453,27.226,35,210,405,439,292
1150,51423.551594935,51423.551905982,,2,GPU-5443d59d-561f-ed1e-da42-1975937205f9,ok,0,0,453,27.198,35,210,405,439,292
1151,51424.551594935,51424.55190384,,2,GPU-5443d59d-561f-ed1e-da42-1975937205f9,ok,0,0,453,27.217,35,210,405,439,292
1152,51425.551594935,51425.551921898,,2,GPU-5443d59d-561f-ed1e-da42-1975937205f9,ok,0,0,453,27.227,35,210,405,439,292
1153,51426.551594935,51426.551908226,,2,GPU-5443d59d-561f-ed1e-da42-1975937205f9,ok,0,0,453,27.135,35,210,405,439,341
1154,51427.551594935,51427.551904684,,2,GPU-5443d59d-561f-ed1e-da42-1975937205f9,ok,0,0,453,27.222,35,210,405,439,341
1155,51428.551594935,51428.551908732,,2,GPU-5443d59d-561f-ed1e-da42-1975937205f9,ok,0,0,453,27.331,35,210,405,439,341
1156,51429.551594935,51429.5519014,,2,GPU-5443d59d-561f-ed1e-da42-1975937205f9,ok,0,0,453,27.348,35,210,405,439,341
1157,51430.551594935,51430.551906418,,2,GPU-5443d59d-561f-ed1e-da42-1975937205f9,ok,0,0,453,27.379,35,210,405,439,341
1158,51431.551594935,51431.551917066,,2,GPU-5443d59d-561f-ed1e-da42-1975937205f9,ok,0,0,453,27.322,35,210,405,390,341
1159,51432.551594935,51432.551906144,,2,GPU-5443d59d-561f-ed1e-da42-1975937205f9,ok,0,0,453,27.366,35,210,405,390,341
1160,51433.551594935,51433.551906322,,2,GPU-5443d59d-561f-ed1e-da42-1975937205f9,ok,0,0,453,27.479,35,210,405,390,341
1161,51434.551594935,51434.55191518,,2,GPU-5443d59d-561f-ed1e-da42-1975937205f9,ok,0,0,453,27.383,35,210,405,390,292
1162,51435.551594935,51435.551906528,,2,GPU-5443d59d-561f-ed1e-da42-1975937205f9,ok,0,0,453,27.45,35,210,405,390,292
1163,51436.551594935,51436.551906296,,2,GPU-5443d59d-561f-ed1e-da42-1975937205f9,ok,0,0,453,27.602,35,210,405,439,292
1164,51437.551594935,51437.551904804,,2,GPU-5443d59d-561f-ed1e-da42-1975937205f9,ok,0,0,453,27.425,35,210,405,439,292
1165,51438.551594935,51438.551906652,,2,GPU-5443d59d-561f-ed1e-da42-1975937205f9,ok,0,0,453,27.396,35,210,405,439,292
1166,51439.551594935,51439.55190572,,2,GPU-5443d59d-561f-ed1e-da42-1975937205f9,ok,0,0,453,27.466,35,210,405,439,292
1167,51440.551594935,51440.551904608,,2,GPU-5443d59d-561f-ed1e-da42-1975937205f9,ok,0,0,453,27.31,35,210,405,439,341
1168,51441.551594935,51441.551905186,,2,GPU-5443d59d-561f-ed1e-da42-1975937205f9,ok,0,0,453,27.279,35,210,405,390,292
1169,51442.551594935,51442.551905624,,2,GPU-5443d59d-561f-ed1e-da42-1975937205f9,ok,0,0,453,27.283,35,210,405,390,292
1170,51443.551594935,51443.551906482,,2,GPU-5443d59d-561f-ed1e-da42-1975937205f9,ok,0,0,453,27.13,35,210,405,439,292
1171,51444.551594935,51444.55190496,,2,GPU-5443d59d-561f-ed1e-da42-1975937205f9,ok,0,0,453,27.173,35,210,405,390,292
1172,51445.551594935,51445.551906409,,2,GPU-5443d59d-561f-ed1e-da42-1975937205f9,ok,0,0,453,27.247,35,210,405,439,292
1173,51446.551594935,51446.551912637,,2,GPU-5443d59d-561f-ed1e-da42-1975937205f9,ok,0,0,453,27.178,35,210,405,439,292
1174,51447.551594935,51447.551908405,,2,GPU-5443d59d-561f-ed1e-da42-1975937205f9,ok,0,0,453,27.267,35,210,405,439,292
1175,51448.551594935,51448.551908683,,2,GPU-5443d59d-561f-ed1e-da42-1975937205f9,ok,0,0,453,27.363,35,210,405,439,292
1176,51449.551594935,51449.551915571,,2,GPU-5443d59d-561f-ed1e-da42-1975937205f9,ok,0,0,453,27.282,35,210,405,439,292
1177,51450.551594935,51450.551905039,,2,GPU-5443d59d-561f-ed1e-da42-1975937205f9,ok,0,0,453,27.281,35,210,405,439,292
1178,51451.551594935,51451.551906757,,2,GPU-5443d59d-561f-ed1e-da42-1975937205f9,ok,0,0,453,27.375,35,210,405,439,341
1179,51452.551594935,51452.551907655,,2,GPU-5443d59d-561f-ed1e-da42-1975937205f9,ok,0,0,453,27.346,35,210,405,439,341
1180,51453.551594935,51453.551907533,,2,GPU-5443d59d-561f-ed1e-da42-1975937205f9,ok,0,0,453,27.407,35,210,405,439,341
1181,51454.551594935,51454.551905931,,2,GPU-5443d59d-561f-ed1e-da42-1975937205f9,ok,0,0,453,27.576,35,210,405,439,292
1182,51455.551594935,51455.551904979,,2,GPU-5443d59d-561f-ed1e-da42-1975937205f9,ok,0,0,453,27.593,35,210,405,439,292
1183,51456.551594935,51456.551905377,,2,GPU-5443d59d-561f-ed1e-da42-1975937205f9,ok,0,0,453,27.605,35,210,405,439,292
1184,51457.551594935,51457.551905325,,2,GPU-5443d59d-561f-ed1e-da42-1975937205f9,ok,0,0,453,27.678,35,210,405,439,292
1185,51458.551594935,51458.551917793,,2,GPU-5443d59d-561f-ed1e-da42-1975937205f9,ok,0,0,453,27.522,35,210,405,439,292
1186,51459.551594935,51459.551905211,,2,GPU-5443d59d-561f-ed1e-da42-1975937205f9,ok,0,0,453,27.412,35,210,405,439,292
1187,51460.551594935,51460.551905949,,2,GPU-5443d59d-561f-ed1e-da42-1975937205f9,ok,0,0,453,27.504,35,210,405,439,292
1188,51461.551594935,51461.551907627,,2,GPU-5443d59d-561f-ed1e-da42-1975937205f9,ok,0,0,453,27.417,35,210,405,439,341
1189,51462.551594935,51462.551907085,,2,GPU-5443d59d-561f-ed1e-da42-1975937205f9,ok,0,0,453,27.355,35,210,405,390,292
1190,51463.551594935,51463.551907583,,2,GPU-5443d59d-561f-ed1e-da42-1975937205f9,ok,0,0,453,27.433,35,210,405,439,292
1191,51464.551594935,51464.551907601,,2,GPU-5443d59d-561f-ed1e-da42-1975937205f9,ok,0,0,453,27.351,35,210,405,439,292
1192,51465.551594935,51465.551914819,,2,GPU-5443d59d-561f-ed1e-da42-1975937205f9,ok,0,0,453,27.377,35,210,405,439,292
1193,51466.551594935,51466.551906247,,2,GPU-5443d59d-561f-ed1e-da42-1975937205f9,ok,0,0,453,27.383,35,210,405,439,292
1194,51467.551594935,51467.551909065,,2,GPU-5443d59d-561f-ed1e-da42-1975937205f9,ok,0,0,453,27.4,35,210,405,439,292
1195,51468.551594935,51468.551906733,,2,GPU-5443d59d-561f-ed1e-da42-1975937205f9,ok,0,0,453,27.525,35,210,405,439,292
1196,51469.551594935,51469.551910961,,2,GPU-5443d59d-561f-ed1e-da42-1975937205f9,ok,0,0,453,27.385,35,210,405,488,292
1197,51470.551594935,51470.551905669,,2,GPU-5443d59d-561f-ed1e-da42-1975937205f9,ok,0,0,453,27.424,35,210,405,439,292
1198,51471.551594935,51471.551918157,,2,GPU-5443d59d-561f-ed1e-da42-1975937205f9,ok,0,0,453,27.547,35,210,405,439,292
1199,51472.551594935,51472.551899115,,2,GPU-5443d59d-561f-ed1e-da42-1975937205f9,ok,0,0,453,27.47,35,210,405,439,292
1200,51473.551594935,51473.551905463,,2,GPU-5443d59d-561f-ed1e-da42-1975937205f9,ok,0,0,453,27.465,35,210,405,439,292
1201,51474.551594935,51474.551913711,,2,GPU-5443d59d-561f-ed1e-da42-1975937205f9,ok,0,0,453,27.484,35,210,405,439,292
1202,51475.551594935,51475.551907609,,2,GPU-5443d59d-561f-ed1e-da42-1975937205f9,ok,0,0,453,27.341,35,210,405,439,292
1203,51476.551594935,51476.551906507,,2,GPU-5443d59d-561f-ed1e-da42-1975937205f9,ok,0,0,453,27.326,35,210,405,439,292
1204,51477.551594935,51477.551931295,,2,GPU-5443d59d-561f-ed1e-da42-1975937205f9,ok,0,0,453,27.525,35,210,405,439,292
1205,51478.551594935,51478.551906853,,2,GPU-5443d59d-561f-ed1e-da42-1975937205f9,ok,0,0,453,27.477,35,210,405,439,292
1206,51479.551594935,51479.551905491,,2,GPU-5443d59d-561f-ed1e-da42-1975937205f9,ok,0,0,453,27.466,35,210,405,439,292
1207,51480.551594935,51480.551928709,,2,GPU-5443d59d-561f-ed1e-da42-1975937205f9,ok,0,0,453,27.637,35,210,405,439,292
1208,51481.551594935,51481.551924447,,2,GPU-5443d59d-561f-ed1e-da42-1975937205f9,ok,0,0,453,27.563,35,210,405,439,292
1209,51482.551594935,51482.551907475,,2,GPU-5443d59d-561f-ed1e-da42-1975937205f9,ok,0,0,453,27.533,35,210,405,390,292
1210,51483.551594935,51483.551918783,,2,GPU-5443d59d-561f-ed1e-da42-1975937205f9,ok,0,0,453,27.618,35,210,405,390,292
1211,51484.551594935,51484.551909291,,2,GPU-5443d59d-561f-ed1e-da42-1975937205f9,ok,0,0,453,27.545,35,210,405,390,292
1212,51485.551594935,51485.551920119,,2,GPU-5443d59d-561f-ed1e-da42-1975937205f9,ok,0,0,453,27.529,35,210,405,390,292
1213,51486.551594935,51486.551911497,,2,GPU-5443d59d-561f-ed1e-da42-1975937205f9,ok,0,0,453,27.593,35,210,405,439,292
1214,51487.551594935,51487.551911975,,2,GPU-5443d59d-561f-ed1e-da42-1975937205f9,ok,0,0,453,27.444,35,210,405,439,292
1215,51488.551594935,51488.551923544,,2,GPU-5443d59d-561f-ed1e-da42-1975937205f9,ok,0,0,453,27.429,35,210,405,439,292
1216,51489.551594935,51489.551909392,,2,GPU-5443d59d-561f-ed1e-da42-1975937205f9,ok,0,0,453,27.547,35,210,405,439,292
1217,51490.551594935,51490.55190688,,2,GPU-5443d59d-561f-ed1e-da42-1975937205f9,ok,0,0,453,27.383,35,210,405,439,292
1218,51491.551594935,51491.551927178,,2,GPU-5443d59d-561f-ed1e-da42-1975937205f9,ok,0,0,453,27.341,35,210,405,439,292
1219,51492.551594935,51492.551905216,,2,GPU-5443d59d-561f-ed1e-da42-1975937205f9,ok,0,0,453,27.474,35,210,405,439,292
1220,51493.551594935,51493.551911934,,2,GPU-5443d59d-561f-ed1e-da42-1975937205f9,ok,0,0,453,27.404,35,210,405,439,292
1221,51494.551594935,51494.551902562,,2,GPU-5443d59d-561f-ed1e-da42-1975937205f9,ok,0,0,453,27.347,35,210,405,439,292
1222,51495.551594935,51495.55190053,,2,GPU-5443d59d-561f-ed1e-da42-1975937205f9,ok,0,0,453,27.381,35,210,405,390,341
1223,51496.551594935,51496.551900878,,2,GPU-5443d59d-561f-ed1e-da42-1975937205f9,ok,0,0,453,27.243,35,210,405,439,341
1224,51497.551594935,51497.551925646,,2,GPU-5443d59d-561f-ed1e-da42-1975937205f9,ok,0,0,453,27.256,35,210,405,439,341
1225,51498.551594935,51498.551912284,,2,GPU-5443d59d-561f-ed1e-da42-1975937205f9,ok,0,0,453,27.336,35,210,405,439,341
1226,51499.551594935,51499.551921822,,2,GPU-5443d59d-561f-ed1e-da42-1975937205f9,ok,0,0,453,27.222,35,210,405,439,292
1227,51500.551594935,51500.55191926,,2,GPU-5443d59d-561f-ed1e-da42-1975937205f9,ok,0,0,453,27.234,35,210,405,439,292
1228,51501.551594935,51501.551919908,,2,GPU-5443d59d-561f-ed1e-da42-1975937205f9,ok,0,0,453,27.279,35,210,405,439,341
1229,51502.551594935,51502.551941546,,2,GPU-5443d59d-561f-ed1e-da42-1975937205f9,ok,0,0,453,27.161,35,210,405,439,292
1230,51503.551594935,51503.551922844,,2,GPU-5443d59d-561f-ed1e-da42-1975937205f9,ok,0,0,453,27.184,35,210,405,439,292
1231,51504.551594935,51504.551936272,,2,GPU-5443d59d-561f-ed1e-da42-1975937205f9,ok,0,0,453,27.225,35,210,405,390,292
1232,51505.551594935,51505.55193298,,2,GPU-5443d59d-561f-ed1e-da42-1975937205f9,ok,0,0,453,27.242,35,210,405,390,292
1233,51506.551594935,51506.551906918,,2,GPU-5443d59d-561f-ed1e-da42-1975937205f9,ok,0,0,453,27.345,35,210,405,390,292
1234,51507.551594935,51507.551909706,,2,GPU-5443d59d-561f-ed1e-da42-1975937205f9,ok,0,0,453,27.258,35,210,405,390,292
1235,51508.551594935,51508.551909704,,2,GPU-5443d59d-561f-ed1e-da42-1975937205f9,ok,0,0,453,27.195,35,210,405,390,292
1236,51509.551594935,51509.551905422,,2,GPU-5443d59d-561f-ed1e-da42-1975937205f9,ok,0,0,453,27.247,35,210,405,439,292
1237,51510.551594935,51510.55192942,,2,GPU-5443d59d-561f-ed1e-da42-1975937205f9,ok,0,0,453,27.072,35,210,405,439,292
1238,51511.551594935,51511.551922208,,2,GPU-5443d59d-561f-ed1e-da42-1975937205f9,ok,0,0,453,27.029,35,210,405,390,292
1239,51512.551594935,51512.551921926,,2,GPU-5443d59d-561f-ed1e-da42-1975937205f9,ok,0,0,453,27.139,35,210,405,390,341
1240,51513.551594935,51513.551909684,,2,GPU-5443d59d-561f-ed1e-da42-1975937205f9,ok,0,0,453,27.001,35,210,405,390,341
1241,51514.551594935,51514.551922602,,2,GPU-5443d59d-561f-ed1e-da42-1975937205f9,ok,0,0,453,27.03,35,210,405,390,341
1242,51515.551594935,51515.55193306,,2,GPU-5443d59d-561f-ed1e-da42-1975937205f9,ok,0,0,453,27.154,35,210,405,390,341
1243,51516.551594935,51516.551924788,,2,GPU-5443d59d-561f-ed1e-da42-1975937205f9,ok,0,0,453,27.085,35,210,405,390,292
1244,51517.551594935,51517.551924996,,2,GPU-5443d59d-561f-ed1e-da42-1975937205f9,ok,0,0,453,27.125,35,210,405,390,341
1245,51518.551594935,51518.551925054,,2,GPU-5443d59d-561f-ed1e-da42-1975937205f9,ok,0,0,453,27.114,35,210,405,390,341
1246,51519.551594935,51519.551924832,,2,GPU-5443d59d-561f-ed1e-da42-1975937205f9,ok,0,0,453,27.045,35,210,405,439,292
1247,51520.551594935,51520.55192513,,2,GPU-5443d59d-561f-ed1e-da42-1975937205f9,ok,0,0,453,27.211,35,210,405,439,292
1248,51521.551594935,51521.551925178,,2,GPU-5443d59d-561f-ed1e-da42-1975937205f9,ok,0,0,453,27.316,35,210,405,439,292
1249,51522.551594935,51522.551930666,,2,GPU-5443d59d-561f-ed1e-da42-1975937205f9,ok,0,0,453,27.229,35,210,405,439,292
1250,51523.551594935,51523.551923424,,2,GPU-5443d59d-561f-ed1e-da42-1975937205f9,ok,0,0,453,27.115,35,210,405,439,292
1251,51524.551594935,51524.551923342,,2,GPU-5443d59d-561f-ed1e-da42-1975937205f9,ok,0,0,453,27.143,35,210,405,439,292
1252,51525.551594935,51525.55190374,,2,GPU-5443d59d-561f-ed1e-da42-1975937205f9,ok,0,0,453,27.202,35,210,405,439,292
1253,51526.551594935,51526.551910148,,2,GPU-5443d59d-561f-ed1e-da42-1975937205f9,ok,0,0,453,27.237,35,210,405,439,292
1254,51527.551594935,51527.551909206,,2,GPU-5443d59d-561f-ed1e-da42-1975937205f9,ok,0,0,453,27.285,35,210,405,439,292
1255,51528.551594935,51528.551906134,,2,GPU-5443d59d-561f-ed1e-da42-1975937205f9,ok,0,0,453,27.083,35,210,405,439,292
1256,51529.551594935,51529.551910572,,2,GPU-5443d59d-561f-ed1e-da42-1975937205f9,ok,0,0,453,27.001,35,210,405,439,292
1257,51530.551594935,51530.55190145,,2,GPU-5443d59d-561f-ed1e-da42-1975937205f9,ok,0,0,453,27.047,35,210,405,439,292
1258,51531.551594935,51531.551903128,,2,GPU-5443d59d-561f-ed1e-da42-1975937205f9,ok,0,0,453,26.991,35,210,405,439,292
1259,51532.551594935,51532.551912837,,2,GPU-5443d59d-561f-ed1e-da42-1975937205f9,ok,0,0,453,27.134,35,210,405,390,292
1260,51533.551594935,51533.551905695,,2,GPU-5443d59d-561f-ed1e-da42-1975937205f9,ok,0,0,453,27.226,35,210,405,390,341
1261,51534.551594935,51534.551907113,,2,GPU-5443d59d-561f-ed1e-da42-1975937205f9,ok,0,0,453,27.071,35,210,405,439,341
1262,51535.551594935,51535.551905821,,2,GPU-5443d59d-561f-ed1e-da42-1975937205f9,ok,0,0,453,27.069,35,210,405,390,292
1263,51536.551594935,51536.551905419,,2,GPU-5443d59d-561f-ed1e-da42-1975937205f9,ok,0,0,453,27.255,35,210,405,390,292
1264,51537.551594935,51537.551905247,,2,GPU-5443d59d-561f-ed1e-da42-1975937205f9,ok,0,0,453,27.159,35,210,405,439,292
1265,51538.551594935,51538.551908335,,2,GPU-5443d59d-561f-ed1e-da42-1975937205f9,ok,0,0,453,27.128,35,210,405,439,292
1266,51539.551594935,51539.551919363,,2,GPU-5443d59d-561f-ed1e-da42-1975937205f9,ok,0,0,453,27.247,35,210,405,439,292
1267,51540.551594935,51540.551908491,,2,GPU-5443d59d-561f-ed1e-da42-1975937205f9,ok,0,0,453,27.175,35,210,405,439,292
1268,51541.551594935,51541.551912619,,2,GPU-5443d59d-561f-ed1e-da42-1975937205f9,ok,0,0,453,27.179,35,210,405,439,292
1269,51542.551594935,51542.551900957,,2,GPU-5443d59d-561f-ed1e-da42-1975937205f9,ok,0,0,453,27.103,35,210,405,439,292
1270,51543.551594935,51543.551904205,,2,GPU-5443d59d-561f-ed1e-da42-1975937205f9,ok,0,0,453,27.143,35,210,405,439,292
1271,51544.551594935,51544.551906623,,2,GPU-5443d59d-561f-ed1e-da42-1975937205f9,ok,0,0,453,27.368,35,210,405,390,292
1272,51545.551594935,51545.551911581,,2,GPU-5443d59d-561f-ed1e-da42-1975937205f9,ok,0,0,453,27.343,35,210,405,439,292
1273,51546.551594935,51546.551910689,,2,GPU-5443d59d-561f-ed1e-da42-1975937205f9,ok,0,0,453,27.381,35,210,405,439,341
1274,51547.551594935,51547.551909917,,2,GPU-5443d59d-561f-ed1e-da42-1975937205f9,ok,0,0,453,27.531,35,210,405,439,341
1275,51548.551594935,51548.551908085,,2,GPU-5443d59d-561f-ed1e-da42-1975937205f9,ok,0,0,453,27.342,35,210,405,439,292
1276,51549.551594935,51549.551904783,,2,GPU-5443d59d-561f-ed1e-da42-1975937205f9,ok,0,0,453,27.188,35,210,405,439,292
1277,51550.551594935,51550.551908721,,2,GPU-5443d59d-561f-ed1e-da42-1975937205f9,ok,0,0,453,27.244,35,210,405,439,292
1278,51551.551594935,51551.551905029,,2,GPU-5443d59d-561f-ed1e-da42-1975937205f9,ok,0,0,453,27.063,35,210,405,439,292
1279,51552.551594935,51552.551905977,,2,GPU-5443d59d-561f-ed1e-da42-1975937205f9,ok,0,0,453,26.987,35,210,405,439,292
1280,51553.551594935,51553.551907685,,2,GPU-5443d59d-561f-ed1e-da42-1975937205f9,ok,0,0,453,27.157,35,210,405,439,292
1281,51554.551594935,51554.551902223,,2,GPU-5443d59d-561f-ed1e-da42-1975937205f9,ok,0,0,453,27.136,35,210,405,439,292
1282,51555.551594935,51555.551905061,,2,GPU-5443d59d-561f-ed1e-da42-1975937205f9,ok,0,0,453,27.197,35,210,405,439,292
1283,51556.551594935,51556.551887759,,2,GPU-5443d59d-561f-ed1e-da42-1975937205f9,ok,0,0,453,27.284,35,210,405,390,341
1284,51557.551594935,51557.551906467,,2,GPU-5443d59d-561f-ed1e-da42-1975937205f9,ok,0,0,453,27.175,35,210,405,439,341
1285,51558.551594935,51558.551899625,,2,GPU-5443d59d-561f-ed1e-da42-1975937205f9,ok,0,0,453,27.22,35,210,405,390,341
1286,51559.551594935,51559.551906343,,2,GPU-5443d59d-561f-ed1e-da42-1975937205f9,ok,0,0,453,27.252,35,210,405,390,341
1287,51560.551594935,51560.551916281,,2,GPU-5443d59d-561f-ed1e-da42-1975937205f9,ok,0,0,453,27.073,35,210,405,390,341
1288,51561.551594935,51561.551912539,,2,GPU-5443d59d-561f-ed1e-da42-1975937205f9,ok,0,0,453,27.021,35,210,405,390,292
1289,51562.551594935,51562.551917697,,2,GPU-5443d59d-561f-ed1e-da42-1975937205f9,ok,0,0,453,27.196,35,210,405,439,292
1290,51563.551594935,51563.551906595,,2,GPU-5443d59d-561f-ed1e-da42-1975937205f9,ok,0,0,453,27.188,35,210,405,390,292
1291,51564.551594935,51564.551905753,,2,GPU-5443d59d-561f-ed1e-da42-1975937205f9,ok,0,0,453,27.192,35,210,405,390,292
1292,51565.551594935,51565.551908121,,2,GPU-5443d59d-561f-ed1e-da42-1975937205f9,ok,0,0,453,27.299,35,210,405,439,292
1293,51566.551594935,51566.551913959,,2,GPU-5443d59d-561f-ed1e-da42-1975937205f9,ok,0,0,453,27.229,35,210,405,439,292
1294,51567.551594935,51567.551915397,,2,GPU-5443d59d-561f-ed1e-da42-1975937205f9,ok,0,0,453,27.253,35,210,405,439,292
1295,51568.551594935,51568.551907335,,2,GPU-5443d59d-561f-ed1e-da42-1975937205f9,ok,0,0,453,27.385,35,210,405,439,292
1296,51569.551594935,51569.551909723,,2,GPU-5443d59d-561f-ed1e-da42-1975937205f9,ok,0,0,453,27.29,35,210,405,439,341
1297,51570.551594935,51570.551906421,,2,GPU-5443d59d-561f-ed1e-da42-1975937205f9,ok,0,0,453,27.129,35,210,405,439,341
1298,51571.551594935,51571.551907009,,2,GPU-5443d59d-561f-ed1e-da42-1975937205f9,ok,0,0,453,27.108,35,210,405,439,341
1299,51572.551594935,51572.551906237,,2,GPU-5443d59d-561f-ed1e-da42-1975937205f9,ok,0,0,453,27.09,35,210,405,439,341
1300,51573.551594935,51573.551907995,,2,GPU-5443d59d-561f-ed1e-da42-1975937205f9,ok,0,0,453,27.221,35,210,405,390,292
1301,51574.551594935,51574.551904023,,2,GPU-5443d59d-561f-ed1e-da42-1975937205f9,ok,0,0,453,27.355,35,210,405,390,292
1302,51575.551594935,51575.551910112,,2,GPU-5443d59d-561f-ed1e-da42-1975937205f9,ok,0,0,453,27.183,35,210,405,390,341
1303,51576.551594935,51576.55190454,,2,GPU-5443d59d-561f-ed1e-da42-1975937205f9,ok,0,0,453,27.164,35,210,405,390,341
1304,51577.551594935,51577.551906728,,2,GPU-5443d59d-561f-ed1e-da42-1975937205f9,ok,0,0,453,27.26,35,210,405,390,341
1305,51578.551594935,51578.551906656,,2,GPU-5443d59d-561f-ed1e-da42-1975937205f9,ok,0,0,453,27.174,35,210,405,390,341
1306,51579.551594935,51579.551908694,,2,GPU-5443d59d-561f-ed1e-da42-1975937205f9,ok,0,0,453,27.146,35,210,405,390,341
1307,51580.551594935,51580.551910272,,2,GPU-5443d59d-561f-ed1e-da42-1975937205f9,ok,0,0,453,27.101,35,210,405,390,341
1308,51581.551594935,51581.5519204,,2,GPU-5443d59d-561f-ed1e-da42-1975937205f9,ok,0,0,453,27.172,35,210,405,390,341
1309,51582.551594935,51582.551905518,,2,GPU-5443d59d-561f-ed1e-da42-1975937205f9,ok,0,0,453,27.389,35,210,405,390,341
1310,51583.551594935,51583.551907086,,2,GPU-5443d59d-561f-ed1e-da42-1975937205f9,ok,0,0,453,27.38,35,210,405,439,341
1311,51584.551594935,51584.551918374,,2,GPU-5443d59d-561f-ed1e-da42-1975937205f9,ok,0,0,453,27.436,35,210,405,439,341
1312,51585.551594935,51585.551914402,,2,GPU-5443d59d-561f-ed1e-da42-1975937205f9,ok,0,0,453,27.49,35,210,405,390,292
1313,51586.551594935,51586.55190726,,2,GPU-5443d59d-561f-ed1e-da42-1975937205f9,ok,0,0,453,27.32,35,210,405,390,292
1314,51587.551594935,51587.551926568,,2,GPU-5443d59d-561f-ed1e-da42-1975937205f9,ok,0,0,453,27.311,35,210,405,390,292
1315,51588.551594935,51588.551906596,,2,GPU-5443d59d-561f-ed1e-da42-1975937205f9,ok,0,0,453,27.423,35,210,405,439,341
1316,51589.551594935,51589.551915264,,2,GPU-5443d59d-561f-ed1e-da42-1975937205f9,ok,0,0,453,27.324,35,210,405,439,341
1317,51590.551594935,51590.551909732,,2,GPU-5443d59d-561f-ed1e-da42-1975937205f9,ok,0,0,453,27.247,35,210,405,439,341
1318,51591.551594935,51591.55190502,,2,GPU-5443d59d-561f-ed1e-da42-1975937205f9,ok,0,0,453,27.318,35,210,405,439,341
1319,51592.551594935,51592.551905488,,2,GPU-5443d59d-561f-ed1e-da42-1975937205f9,ok,0,0,453,27.168,35,210,405,439,341
1320,51593.551594935,51593.551906816,,2,GPU-5443d59d-561f-ed1e-da42-1975937205f9,ok,0,0,453,27.116,35,210,405,439,341
1321,51594.551594935,51594.551907794,,2,GPU-5443d59d-561f-ed1e-da42-1975937205f9,ok,0,0,453,27.23,35,210,405,390,341
1322,51595.551594935,51595.551908012,,2,GPU-5443d59d-561f-ed1e-da42-1975937205f9,ok,0,0,453,27.183,35,210,405,390,292
1323,51596.551594935,51596.55191217,,2,GPU-5443d59d-561f-ed1e-da42-1975937205f9,ok,0,0,453,27.243,35,210,405,439,292
1324,51597.551594935,51597.551911678,,2,GPU-5443d59d-561f-ed1e-da42-1975937205f9,ok,0,0,453,27.286,35,210,405,439,292
1325,51598.551594935,51598.551907576,,2,GPU-5443d59d-561f-ed1e-da42-1975937205f9,ok,0,0,453,27.137,35,210,405,439,292
1326,51599.551594935,51599.551907644,,2,GPU-5443d59d-561f-ed1e-da42-1975937205f9,ok,0,0,453,27.162,35,210,405,439,292
1327,51600.551594935,51600.551907462,,2,GPU-5443d59d-561f-ed1e-da42-1975937205f9,ok,0,0,453,27.306,35,210,405,439,292
1328,51601.551594935,51601.55190144,,2,GPU-5443d59d-561f-ed1e-da42-1975937205f9,ok,0,0,453,27.277,35,210,405,439,292
1329,51602.551594935,51602.551913538,,2,GPU-5443d59d-561f-ed1e-da42-1975937205f9,ok,0,0,453,27.281,35,210,405,439,292
1330,51603.551594935,51603.551906906,,2,GPU-5443d59d-561f-ed1e-da42-1975937205f9,ok,0,0,453,27.367,35,210,405,439,292
1331,51604.551594935,51604.551906734,,2,GPU-5443d59d-561f-ed1e-da42-1975937205f9,ok,0,0,453,27.27,35,210,405,390,292
1332,51605.551594935,51605.551906782,,2,GPU-5443d59d-561f-ed1e-da42-1975937205f9,ok,0,0,453,27.151,35,210,405,390,292
1333,51606.551594935,51606.55192201,,2,GPU-5443d59d-561f-ed1e-da42-1975937205f9,ok,0,0,453,27.183,35,210,405,390,292
1334,51607.551594935,51607.551910488,,2,GPU-5443d59d-561f-ed1e-da42-1975937205f9,ok,0,0,453,27.132,35,210,405,439,292
1335,51608.551594935,51608.551908576,,2,GPU-5443d59d-561f-ed1e-da42-1975937205f9,ok,0,0,453,27.148,35,210,405,439,292
1336,51609.551594935,51609.551922404,,2,GPU-5443d59d-561f-ed1e-da42-1975937205f9,ok,0,0,453,27.219,35,210,405,439,292
1337,51610.551594935,51610.551923862,,2,GPU-5443d59d-561f-ed1e-da42-1975937205f9,ok,0,0,453,27.024,35,210,405,439,292
1338,51611.551594935,51611.55192581,,2,GPU-5443d59d-561f-ed1e-da42-1975937205f9,ok,0,0,453,26.995,35,210,405,439,292
1339,51612.551594935,51612.551922828,,2,GPU-5443d59d-561f-ed1e-da42-1975937205f9,ok,0,0,453,27.13,35,210,405,439,292
1340,51613.551594935,51613.551924756,,2,GPU-5443d59d-561f-ed1e-da42-1975937205f9,ok,0,0,453,27.103,35,210,405,390,292
1341,51614.551594935,51614.551905104,,2,GPU-5443d59d-561f-ed1e-da42-1975937205f9,ok,0,0,453,27.175,35,210,405,439,292
1342,51615.551594935,51615.551906752,,2,GPU-5443d59d-561f-ed1e-da42-1975937205f9,ok,0,0,453,27.234,35,210,405,439,292
1343,51616.551594935,51616.55190665,,2,GPU-5443d59d-561f-ed1e-da42-1975937205f9,ok,0,0,453,27.181,35,210,405,439,292
1344,51617.551594935,51617.551924148,,2,GPU-5443d59d-561f-ed1e-da42-1975937205f9,ok,0,0,453,27.149,35,210,405,439,292
1345,51618.551594935,51618.551934607,,2,GPU-5443d59d-561f-ed1e-da42-1975937205f9,ok,0,0,453,27.091,35,210,405,439,292
1346,51619.551594935,51619.551926955,,2,GPU-5443d59d-561f-ed1e-da42-1975937205f9,ok,0,0,453,27.136,35,210,405,439,292
1347,51620.551594935,51620.551926533,,2,GPU-5443d59d-561f-ed1e-da42-1975937205f9,ok,0,0,453,27.242,35,210,405,439,341
1348,51621.551594935,51621.551935381,,2,GPU-5443d59d-561f-ed1e-da42-1975937205f9,ok,0,0,453,27.233,35,210,405,390,341
1349,51622.551594935,51622.551925799,,2,GPU-5443d59d-561f-ed1e-da42-1975937205f9,ok,0,0,453,27.271,35,210,405,439,292
1350,51623.551594935,51623.551929457,,2,GPU-5443d59d-561f-ed1e-da42-1975937205f9,ok,0,0,453,27.283,35,210,405,390,341
1351,51624.551594935,51624.551925765,,2,GPU-5443d59d-561f-ed1e-da42-1975937205f9,ok,0,0,453,27.086,35,210,405,390,341
1352,51625.551594935,51625.551935723,,2,GPU-5443d59d-561f-ed1e-da42-1975937205f9,ok,0,0,453,27.068,35,210,405,390,341
1353,51626.551594935,51626.551925411,,2,GPU-5443d59d-561f-ed1e-da42-1975937205f9,ok,0,0,453,27.171,35,210,405,390,292
1354,51627.551594935,51627.551950779,,2,GPU-5443d59d-561f-ed1e-da42-1975937205f9,ok,0,0,453,27.082,35,210,405,390,341
1355,51628.551594935,51628.551938037,,2,GPU-5443d59d-561f-ed1e-da42-1975937205f9,ok,0,0,453,27.137,35,210,405,439,341
1356,51629.551594935,51629.551925545,,2,GPU-5443d59d-561f-ed1e-da42-1975937205f9,ok,0,0,453,27.179,35,210,405,439,341
1357,51630.551594935,51630.551928583,,2,GPU-5443d59d-561f-ed1e-da42-1975937205f9,ok,0,0,453,27.009,35,210,405,439,341
1358,51631.551594935,51631.551906411,,2,GPU-5443d59d-561f-ed1e-da42-1975937205f9,ok,0,0,453,27.071,35,210,405,439,341
1359,51632.551594935,51632.551907489,,2,GPU-5443d59d-561f-ed1e-da42-1975937205f9,ok,0,0,453,27.22,35,210,405,439,341
1360,51633.551594935,51633.551906507,,2,GPU-5443d59d-561f-ed1e-da42-1975937205f9,ok,0,0,453,27.113,35,210,405,439,292
1361,51634.551594935,51634.551911025,,2,GPU-5443d59d-561f-ed1e-da42-1975937205f9,ok,0,0,453,27.204,35,210,405,439,341
1362,51635.551594935,51635.551845573,,2,GPU-5443d59d-561f-ed1e-da42-1975937205f9,ok,0,0,450,30.868,35,210,405,439,341
1363,51636.551594935,51636.552897881,,2,GPU-5443d59d-561f-ed1e-da42-1975937205f9,ok,0,0,450,34.717,35,210,405,439,439
1364,51637.551594935,51637.551915269,,2,GPU-5443d59d-561f-ed1e-da42-1975937205f9,ok,0,0,453,31.391,35,210,405,390,292
1365,51638.551594935,51638.551907827,,2,GPU-5443d59d-561f-ed1e-da42-1975937205f9,ok,0,0,453,34.587,35,210,405,390,292
1366,51639.551594935,51639.552040055,,2,GPU-5443d59d-561f-ed1e-da42-1975937205f9,ok,0,0,453,27.951,35,210,405,439,292
1367,51640.551594935,51640.552038693,,2,GPU-5443d59d-561f-ed1e-da42-1975937205f9,ok,0,0,453,27.143,35,210,405,390,292
1368,51641.551594935,51641.551904851,,2,GPU-5443d59d-561f-ed1e-da42-1975937205f9,ok,0,0,453,26.901,35,210,405,439,292
1369,51642.551594935,51642.551903739,,2,GPU-5443d59d-561f-ed1e-da42-1975937205f9,ok,0,0,453,27.0,35,210,405,439,292
1370,51643.551594935,51643.552015197,,2,GPU-5443d59d-561f-ed1e-da42-1975937205f9,ok,0,0,453,27.203,35,210,405,439,292
1371,51644.551594935,51644.552019785,,2,GPU-5443d59d-561f-ed1e-da42-1975937205f9,ok,0,0,453,27.128,35,210,405,439,292
1372,51645.551594935,51645.551914083,,2,GPU-5443d59d-561f-ed1e-da42-1975937205f9,ok,0,0,453,27.127,35,210,405,439,292
1373,51646.551594935,51646.551899201,,2,GPU-5443d59d-561f-ed1e-da42-1975937205f9,ok,0,0,453,27.171,35,210,405,390,292
1374,51647.551594935,51647.552103409,,2,GPU-5443d59d-561f-ed1e-da42-1975937205f9,ok,0,0,453,27.09,35,210,405,439,341
1375,51648.551594935,51648.552015537,,2,GPU-5443d59d-561f-ed1e-da42-1975937205f9,ok,0,0,453,27.139,35,210,405,390,341
1376,51649.551594935,51649.551908875,,2,GPU-5443d59d-561f-ed1e-da42-1975937205f9,ok,0,0,453,27.227,35,210,405,390,341
1377,51650.551594935,51650.552007523,,2,GPU-5443d59d-561f-ed1e-da42-1975937205f9,ok,0,0,450,31.103,35,210,405,439,341
1378,51651.551594935,51651.551911991,,2,GPU-5443d59d-561f-ed1e-da42-1975937205f9,ok,0,0,450,34.663,35,210,405,439,341
1379,51652.551594935,51652.552213799,,2,GPU-5443d59d-561f-ed1e-da42-1975937205f9,ok,0,0,450,28.018,35,210,405,439,292
1380,51653.551594935,51653.552022787,,2,GPU-5443d59d-561f-ed1e-da42-1975937205f9,ok,0,0,450,27.19,35,210,405,439,292
1381,51654.551594935,51654.551906545,,2,GPU-5443d59d-561f-ed1e-da42-1975937205f9,ok,0,0,450,26.972,35,210,405,439,341
1382,51655.551594935,51655.551983423,,2,GPU-5443d59d-561f-ed1e-da42-1975937205f9,ok,0,0,450,27.019,35,210,405,439,292
1383,51656.551594935,51656.552404422,,2,GPU-5443d59d-561f-ed1e-da42-1975937205f9,ok,0,0,450,27.224,35,210,405,439,390
1384,51657.551594935,51657.551908359,,2,GPU-5443d59d-561f-ed1e-da42-1975937205f9,ok,0,0,453,30.247,35,210,405,439,292
1385,51658.551594935,51658.551909157,,2,GPU-5443d59d-561f-ed1e-da42-1975937205f9,ok,0,0,453,34.879,35,210,405,390,292
1386,51659.551594935,51659.552032755,,2,GPU-5443d59d-561f-ed1e-da42-1975937205f9,ok,0,0,453,27.943,35,210,405,439,292
1387,51660.551594935,51660.552020894,,2,GPU-5443d59d-561f-ed1e-da42-1975937205f9,ok,0,0,453,27.225,35,210,405,439,292
1388,51661.551594935,51661.551907131,,2,GPU-5443d59d-561f-ed1e-da42-1975937205f9,ok,0,0,453,27.094,35,210,405,439,292
1389,51662.551594935,51662.55190776,,2,GPU-5443d59d-561f-ed1e-da42-1975937205f9,ok,0,0,453,27.109,35,210,405,439,292
1390,51663.551594935,51663.552017788,,2,GPU-5443d59d-561f-ed1e-da42-1975937205f9,ok,0,0,453,27.308,35,210,405,439,292
1391,51664.551594935,51664.552019306,,2,GPU-5443d59d-561f-ed1e-da42-1975937205f9,ok,0,0,453,27.194,35,210,405,390,292
1392,51665.551594935,51665.551906394,,2,GPU-5443d59d-561f-ed1e-da42-1975937205f9,ok,0,0,453,27.03,35,210,405,390,341
1393,51666.551594935,51666.551908032,,2,GPU-5443d59d-561f-ed1e-da42-1975937205f9,ok,0,0,453,27.086,35,210,405,390,341
1394,51667.551594935,51667.55201919,,2,GPU-5443d59d-561f-ed1e-da42-1975937205f9,ok,0,0,453,27.061,35,210,405,439,341
1395,51668.551594935,51668.552022208,,2,GPU-5443d59d-561f-ed1e-da42-1975937205f9,ok,0,0,453,27.169,35,210,405,439,341
1396,51669.551594935,51669.551910756,,2,GPU-5443d59d-561f-ed1e-da42-1975937205f9,ok,0,0,453,27.261,35,210,405,439,341
1397,51670.551594935,51670.551895734,,2,GPU-5443d59d-561f-ed1e-da42-1975937205f9,ok,0,0,450,31.106,35,210,405,439,341
1398,51671.551594935,51671.569546797,,2,GPU-5443d59d-561f-ed1e-da42-1975937205f9,ok,0,0,450,34.873,35,210,405,390,439
1399,51672.551594935,51672.555730741,,2,GPU-5443d59d-561f-ed1e-da42-1975937205f9,ok,0,0,453,31.436,35,210,405,390,683
1400,51673.551594935,51673.551911758,,2,GPU-5443d59d-561f-ed1e-da42-1975937205f9,ok,0,0,453,34.605,35,210,405,439,292
1401,51674.551594935,51674.551910636,,2,GPU-5443d59d-561f-ed1e-da42-1975937205f9,ok,0,0,453,34.582,35,210,405,439,292
1402,51675.551594935,51675.551909124,,2,GPU-5443d59d-561f-ed1e-da42-1975937205f9,ok,0,0,453,28.379,35,210,405,439,292
1403,51676.551594935,51676.551908032,,2,GPU-5443d59d-561f-ed1e-da42-1975937205f9,ok,0,0,453,27.494,35,210,405,390,292
1404,51677.551594935,51677.55192043,,2,GPU-5443d59d-561f-ed1e-da42-1975937205f9,ok,0,0,453,27.157,35,210,405,439,292
1405,51678.551594935,51678.551914718,,2,GPU-5443d59d-561f-ed1e-da42-1975937205f9,ok,0,0,453,27.145,35,210,405,439,292
1406,51679.551594935,51679.551908426,,2,GPU-5443d59d-561f-ed1e-da42-1975937205f9,ok,0,0,453,27.152,35,210,405,439,292
1407,51680.551594935,51680.551909974,,2,GPU-5443d59d-561f-ed1e-da42-1975937205f9,ok,0,0,453,26.965,35,210,405,390,292
1408,51681.551594935,51681.551913772,,2,GPU-5443d59d-561f-ed1e-da42-1975937205f9,ok,0,0,453,26.923,35,210,405,439,292
1409,51682.551594935,51682.55190901,,2,GPU-5443d59d-561f-ed1e-da42-1975937205f9,ok,0,0,453,27.029,35,210,405,439,292
1410,51683.551594935,51683.551910278,,2,GPU-5443d59d-561f-ed1e-da42-1975937205f9,ok,0,0,453,26.974,35,210,405,439,292
1411,51684.551594935,51684.551917816,,2,GPU-5443d59d-561f-ed1e-da42-1975937205f9,ok,0,0,453,26.94,35,210,405,439,292
1412,51685.551594935,51685.551900574,,2,GPU-5443d59d-561f-ed1e-da42-1975937205f9,ok,0,0,453,27.004,35,210,405,390,292
1413,51686.551594935,51686.551910272,,2,GPU-5443d59d-561f-ed1e-da42-1975937205f9,ok,0,0,453,26.985,35,210,405,390,292
1414,51687.551594935,51687.55190817,,2,GPU-5443d59d-561f-ed1e-da42-1975937205f9,ok,0,0,453,27.003,35,210,405,439,292
1415,51688.551594935,51688.551909628,,2,GPU-5443d59d-561f-ed1e-da42-1975937205f9,ok,0,0,453,27.079,35,210,405,439,292
1416,51689.551594935,51689.551921126,,2,GPU-5443d59d-561f-ed1e-da42-1975937205f9,ok,0,0,453,26.973,35,210,405,439,292
1417,51690.551594935,51690.551912724,,2,GPU-5443d59d-561f-ed1e-da42-1975937205f9,ok,0,0,453,27.011,35,210,405,390,292
1418,51691.551594935,51691.551912972,,2,GPU-5443d59d-561f-ed1e-da42-1975937205f9,ok,0,0,453,27.143,35,210,405,439,292
1419,51692.551594935,51692.55190938,,2,GPU-5443d59d-561f-ed1e-da42-1975937205f9,ok,0,0,453,27.073,35,210,405,439,341
1420,51693.551594935,51693.551912638,,2,GPU-5443d59d-561f-ed1e-da42-1975937205f9,ok,0,0,453,26.992,35,210,405,439,292
1421,51694.551594935,51694.551909166,,2,GPU-5443d59d-561f-ed1e-da42-1975937205f9,ok,0,0,453,26.985,35,210,405,439,292
1422,51695.551594935,51695.551908164,,2,GPU-5443d59d-561f-ed1e-da42-1975937205f9,ok,0,0,453,26.969,35,210,405,439,292
1423,51696.551594935,51696.551907902,,2,GPU-5443d59d-561f-ed1e-da42-1975937205f9,ok,0,0,453,26.966,35,210,405,439,292
1424,51697.551594935,51697.55190703,,2,GPU-5443d59d-561f-ed1e-da42-1975937205f9,ok,0,0,453,27.1,35,210,405,439,292
1425,51698.551594935,51698.551915458,,2,GPU-5443d59d-561f-ed1e-da42-1975937205f9,ok,0,0,453,27.084,35,210,405,439,292
1426,51699.551594935,51699.551919286,,2,GPU-5443d59d-561f-ed1e-da42-1975937205f9,ok,0,0,453,27.033,35,210,405,439,292
1427,51700.551594935,51700.551909834,,2,GPU-5443d59d-561f-ed1e-da42-1975937205f9,ok,0,0,453,27.104,35,210,405,439,292
1428,51701.551594935,51701.551910762,,2,GPU-5443d59d-561f-ed1e-da42-1975937205f9,ok,0,0,453,26.975,35,210,405,390,292
1429,51702.551594935,51702.55190845,,2,GPU-5443d59d-561f-ed1e-da42-1975937205f9,ok,0,0,453,26.996,35,210,405,439,292
1430,51703.551594935,51703.551912768,,2,GPU-5443d59d-561f-ed1e-da42-1975937205f9,ok,0,0,453,27.118,35,210,405,439,292
1431,51704.551594935,51704.551908716,,2,GPU-5443d59d-561f-ed1e-da42-1975937205f9,ok,0,0,453,27.068,35,210,405,439,341
1432,51705.551594935,51705.551918495,,2,GPU-5443d59d-561f-ed1e-da42-1975937205f9,ok,0,0,453,27.155,35,210,405,439,341
1433,51706.551594935,51706.551906843,,2,GPU-5443d59d-561f-ed1e-da42-1975937205f9,ok,0,0,453,27.285,35,210,405,439,341
1434,51707.551594935,51707.551910511,,2,GPU-5443d59d-561f-ed1e-da42-1975937205f9,ok,0,0,453,27.158,35,210,405,390,292
1435,51708.551594935,51708.551905769,,2,GPU-5443d59d-561f-ed1e-da42-1975937205f9,ok,0,0,453,27.079,35,210,405,439,292
1436,51709.551594935,51709.551909097,,2,GPU-5443d59d-561f-ed1e-da42-1975937205f9,ok,0,0,453,27.093,35,210,405,439,292
1437,51710.551594935,51710.551932665,,2,GPU-5443d59d-561f-ed1e-da42-1975937205f9,ok,0,0,453,27.136,35,210,405,439,292
1438,51711.551594935,51711.551935493,,2,GPU-5443d59d-561f-ed1e-da42-1975937205f9,ok,0,0,453,27.24,35,210,405,439,292
1439,51712.551594935,51712.551928101,,2,GPU-5443d59d-561f-ed1e-da42-1975937205f9,ok,0,0,453,27.153,35,210,405,439,292
1440,51713.551594935,51713.551926569,,2,GPU-5443d59d-561f-ed1e-da42-1975937205f9,ok,0,0,453,27.173,35,210,405,439,292
1441,51714.551594935,51714.551925707,,2,GPU-5443d59d-561f-ed1e-da42-1975937205f9,ok,0,0,453,27.19,35,210,405,439,292
1442,51715.551594935,51715.551908285,,2,GPU-5443d59d-561f-ed1e-da42-1975937205f9,ok,0,0,453,27.09,35,210,405,439,292
1443,51716.551594935,51716.551908423,,2,GPU-5443d59d-561f-ed1e-da42-1975937205f9,ok,0,0,453,27.122,35,210,405,439,292
1444,51717.551594935,51717.551908121,,2,GPU-5443d59d-561f-ed1e-da42-1975937205f9,ok,0,0,453,27.245,35,210,405,439,292
1445,51718.551594935,51718.551923359,,2,GPU-5443d59d-561f-ed1e-da42-1975937205f9,ok,0,0,453,27.215,35,210,405,439,292
1446,51719.551594935,51719.551907937,,2,GPU-5443d59d-561f-ed1e-da42-1975937205f9,ok,0,0,453,27.232,35,210,405,390,292
1447,51720.551594935,51720.551923865,,2,GPU-5443d59d-561f-ed1e-da42-1975937205f9,ok,0,0,453,27.334,35,210,405,390,341
1448,51721.551594935,51721.551921523,,2,GPU-5443d59d-561f-ed1e-da42-1975937205f9,ok,0,0,453,27.202,35,210,405,439,341
1449,51722.551594935,51722.551934221,,2,GPU-5443d59d-561f-ed1e-da42-1975937205f9,ok,0,0,453,27.148,35,210,405,439,341
1450,51723.551594935,51723.551921319,,2,GPU-5443d59d-561f-ed1e-da42-1975937205f9,ok,0,0,453,27.244,35,210,405,439,341
1451,51724.551594935,51724.551929607,,2,GPU-5443d59d-561f-ed1e-da42-1975937205f9,ok,0,0,453,27.207,35,210,405,439,341
1452,51725.551594935,51725.551922685,,2,GPU-5443d59d-561f-ed1e-da42-1975937205f9,ok,0,0,453,27.242,35,210,405,439,341
1453,51726.551594935,51726.551927583,,2,GPU-5443d59d-561f-ed1e-da42-1975937205f9,ok,0,0,453,27.399,35,210,405,439,292
1454,51727.551594935,51727.551926401,,2,GPU-5443d59d-561f-ed1e-da42-1975937205f9,ok,0,0,453,27.286,35,210,405,439,292
1455,51728.551594935,51728.551922579,,2,GPU-5443d59d-561f-ed1e-da42-1975937205f9,ok,0,0,453,27.21,35,210,405,439,292
1456,51729.551594935,51729.551941357,,2,GPU-5443d59d-561f-ed1e-da42-1975937205f9,ok,0,0,453,27.276,35,210,405,439,292
1457,51730.551594935,51730.551930285,,2,GPU-5443d59d-561f-ed1e-da42-1975937205f9,ok,0,0,453,27.156,35,210,405,439,292
1458,51731.551594935,51731.551930093,,2,GPU-5443d59d-561f-ed1e-da42-1975937205f9,ok,0,0,453,27.2,35,210,405,488,292
1459,51732.551594935,51732.551922721,,2,GPU-5443d59d-561f-ed1e-da42-1975937205f9,ok,0,0,453,27.289,35,210,405,439,292
1460,51733.551594935,51733.551926769,,2,GPU-5443d59d-561f-ed1e-da42-1975937205f9,ok,0,0,453,27.163,35,210,405,439,292
1461,51734.551594935,51734.551924487,,2,GPU-5443d59d-561f-ed1e-da42-1975937205f9,ok,0,0,453,27.251,35,210,405,439,292
1462,51735.551594935,51735.551930235,,2,GPU-5443d59d-561f-ed1e-da42-1975937205f9,ok,0,0,453,27.423,35,210,405,439,292
1463,51736.551594935,51736.551907743,,2,GPU-5443d59d-561f-ed1e-da42-1975937205f9,ok,0,0,453,27.262,35,210,405,439,292
1464,51737.551594935,51737.551909061,,2,GPU-5443d59d-561f-ed1e-da42-1975937205f9,ok,0,0,453,27.177,35,210,405,390,292
1465,51738.551594935,51738.551906829,,2,GPU-5443d59d-561f-ed1e-da42-1975937205f9,ok,0,0,453,27.309,35,210,405,390,292
1466,51739.551594935,51739.551926667,,2,GPU-5443d59d-561f-ed1e-da42-1975937205f9,ok,0,0,453,27.277,35,210,405,439,292
1467,51740.551594935,51740.551909225,,2,GPU-5443d59d-561f-ed1e-da42-1975937205f9,ok,0,0,453,27.269,35,210,405,439,292
1468,51741.551594935,51741.551908013,,2,GPU-5443d59d-561f-ed1e-da42-1975937205f9,ok,0,0,453,27.367,35,210,405,439,292
1469,51742.551594935,51742.551913711,,2,GPU-5443d59d-561f-ed1e-da42-1975937205f9,ok,0,0,453,27.289,35,210,405,439,292
1470,51743.551594935,51743.551908489,,2,GPU-5443d59d-561f-ed1e-da42-1975937205f9,ok,0,0,453,27.289,35,210,405,439,292
1471,51744.551594935,51744.551919817,,2,GPU-5443d59d-561f-ed1e-da42-1975937205f9,ok,0,0,453,27.351,35,210,405,439,292
1472,51745.551594935,51745.551909555,,2,GPU-5443d59d-561f-ed1e-da42-1975937205f9,ok,0,0,453,27.312,35,210,405,439,292
1473,51746.551594935,51746.551918743,,2,GPU-5443d59d-561f-ed1e-da42-1975937205f9,ok,0,0,453,27.351,35,210,405,439,292
1474,51747.551594935,51747.551907951,,2,GPU-5443d59d-561f-ed1e-da42-1975937205f9,ok,0,0,453,27.206,35,210,405,390,292
1475,51748.551594935,51748.55191231,,2,GPU-5443d59d-561f-ed1e-da42-1975937205f9,ok,0,0,453,27.16,35,210,405,390,292
1476,51749.551594935,51749.551908998,,2,GPU-5443d59d-561f-ed1e-da42-1975937205f9,ok,0,0,453,27.336,35,210,405,439,292
1477,51750.551594935,51750.551915896,,2,GPU-5443d59d-561f-ed1e-da42-1975937205f9,ok,0,0,453,27.178,35,210,405,439,292
1478,51751.551594935,51751.551920894,,2,GPU-5443d59d-561f-ed1e-da42-1975937205f9,ok,0,0,453,27.047,35,210,405,439,292
1479,51752.551594935,51752.551914872,,2,GPU-5443d59d-561f-ed1e-da42-1975937205f9,ok,0,0,453,27.142,35,210,405,439,292
1480,51753.551594935,51753.55190738,,2,GPU-5443d59d-561f-ed1e-da42-1975937205f9,ok,0,0,453,27.023,35,210,405,439,292
1481,51754.551594935,51754.551906908,,2,GPU-5443d59d-561f-ed1e-da42-1975937205f9,ok,0,0,453,26.996,35,210,405,390,292
1482,51755.551594935,51755.551908686,,2,GPU-5443d59d-561f-ed1e-da42-1975937205f9,ok,0,0,453,27.104,35,210,405,390,292
1483,51756.551594935,51756.551907694,,2,GPU-5443d59d-561f-ed1e-da42-1975937205f9,ok,0,0,453,26.972,35,210,405,390,292
1484,51757.551594935,51757.551907672,,2,GPU-5443d59d-561f-ed1e-da42-1975937205f9,ok,0,0,453,27.009,35,210,405,439,292
1485,51758.551594935,51758.55190724,,2,GPU-5443d59d-561f-ed1e-da42-1975937205f9,ok,0,0,453,27.144,35,210,405,439,292
1486,51759.551594935,51759.551908888,,2,GPU-5443d59d-561f-ed1e-da42-1975937205f9,ok,0,0,453,26.983,35,210,405,390,292
1487,51760.551594935,51760.551906396,,2,GPU-5443d59d-561f-ed1e-da42-1975937205f9,ok,0,0,453,26.987,35,210,405,390,292
1488,51761.551594935,51761.551909214,,2,GPU-5443d59d-561f-ed1e-da42-1975937205f9,ok,0,0,453,27.164,35,210,405,390,292
1489,51762.551594935,51762.551911172,,2,GPU-5443d59d-561f-ed1e-da42-1975937205f9,ok,0,0,453,27.077,35,210,405,439,292
1490,51763.551594935,51763.55190974,,2,GPU-5443d59d-561f-ed1e-da42-1975937205f9,ok,0,0,453,26.981,35,210,405,439,292
1491,51764.551594935,51764.551912898,,2,GPU-5443d59d-561f-ed1e-da42-1975937205f9,ok,0,0,453,27.001,35,210,405,439,292
1492,51765.551594935,51765.551904266,,2,GPU-5443d59d-561f-ed1e-da42-1975937205f9,ok,0,0,453,27.014,35,210,405,439,292
1493,51766.551594935,51766.551907564,,2,GPU-5443d59d-561f-ed1e-da42-1975937205f9,ok,0,0,453,27.131,35,210,405,439,292
1494,51767.551594935,51767.551905922,,2,GPU-5443d59d-561f-ed1e-da42-1975937205f9,ok,0,0,453,27.197,35,210,405,439,292
1495,51768.551594935,51768.55191861,,2,GPU-5443d59d-561f-ed1e-da42-1975937205f9,ok,0,0,453,27.131,35,210,405,439,292
1496,51769.551594935,51769.551925638,,2,GPU-5443d59d-561f-ed1e-da42-1975937205f9,ok,0,0,453,27.085,35,210,405,439,292
1497,51770.551594935,51770.551904496,,2,GPU-5443d59d-561f-ed1e-da42-1975937205f9,ok,0,0,453,27.047,35,210,405,439,292
1498,51771.551594935,51771.551903694,,2,GPU-5443d59d-561f-ed1e-da42-1975937205f9,ok,0,0,453,27.039,35,210,405,439,292
1499,51772.551594935,51772.551906242,,2,GPU-5443d59d-561f-ed1e-da42-1975937205f9,ok,0,0,453,27.134,35,210,405,439,292
1500,51773.551594935,51773.5519041,,2,GPU-5443d59d-561f-ed1e-da42-1975937205f9,ok,0,0,453,26.821,35,210,405,439,341
1501,51774.551594935,51774.551905858,,2,GPU-5443d59d-561f-ed1e-da42-1975937205f9,ok,0,0,453,26.74,35,210,405,439,292
1502,51775.551594935,51775.551906696,,2,GPU-5443d59d-561f-ed1e-da42-1975937205f9,ok,0,0,453,26.931,35,210,405,439,292
1503,51776.551594935,51776.551903964,,2,GPU-5443d59d-561f-ed1e-da42-1975937205f9,ok,0,0,453,26.918,35,210,405,439,292
1504,51777.551594935,51777.551908032,,2,GPU-5443d59d-561f-ed1e-da42-1975937205f9,ok,0,0,453,27.013,35,210,405,439,292
1505,51778.551594935,51778.55190571,,2,GPU-5443d59d-561f-ed1e-da42-1975937205f9,ok,0,0,453,27.272,35,210,405,439,292
1506,51779.551594935,51779.551909768,,2,GPU-5443d59d-561f-ed1e-da42-1975937205f9,ok,0,0,453,27.337,35,210,405,390,292
1507,51780.551594935,51780.551921616,,2,GPU-5443d59d-561f-ed1e-da42-1975937205f9,ok,0,0,453,27.412,35,210,405,390,292
1508,51781.551594935,51781.551910124,,2,GPU-5443d59d-561f-ed1e-da42-1975937205f9,ok,0,0,453,27.404,35,210,405,390,292
1509,51782.551594935,51782.551915042,,2,GPU-5443d59d-561f-ed1e-da42-1975937205f9,ok,0,0,453,27.406,35,210,405,390,292
1510,51783.551594935,51783.55191504,,2,GPU-5443d59d-561f-ed1e-da42-1975937205f9,ok,0,0,453,27.461,35,210,405,439,292
1511,51784.551594935,51784.551910488,,2,GPU-5443d59d-561f-ed1e-da42-1975937205f9,ok,0,0,453,27.3,35,210,405,488,292
1512,51785.551594935,51785.551909586,,2,GPU-5443d59d-561f-ed1e-da42-1975937205f9,ok,0,0,453,27.213,35,210,405,439,292
1513,51786.551594935,51786.551918364,,2,GPU-5443d59d-561f-ed1e-da42-1975937205f9,ok,0,0,453,27.284,35,210,405,439,292
1514,51787.551594935,51787.551905002,,2,GPU-5443d59d-561f-ed1e-da42-1975937205f9,ok,0,0,453,27.212,35,210,405,439,292
1515,51788.551594935,51788.55190981,,2,GPU-5443d59d-561f-ed1e-da42-1975937205f9,ok,0,0,453,27.181,35,210,405,439,292
1516,51789.551594935,51789.551908338,,2,GPU-5443d59d-561f-ed1e-da42-1975937205f9,ok,0,0,453,27.212,35,210,405,390,341
1517,51790.551594935,51790.551938826,,2,GPU-5443d59d-561f-ed1e-da42-1975937205f9,ok,0,0,453,27.048,35,210,405,439,341
1518,51791.551594935,51791.551906555,,2,GPU-5443d59d-561f-ed1e-da42-1975937205f9,ok,0,0,453,27.008,35,210,405,439,341
1519,51792.551594935,51792.551905783,,2,GPU-5443d59d-561f-ed1e-da42-1975937205f9,ok,0,0,453,27.16,35,210,405,439,341
1520,51793.551594935,51793.551906151,,2,GPU-5443d59d-561f-ed1e-da42-1975937205f9,ok,0,0,453,27.118,35,210,405,439,341
1521,51794.551594935,51794.551907939,,2,GPU-5443d59d-561f-ed1e-da42-1975937205f9,ok,0,0,453,27.139,35,210,405,439,341
1522,51795.551594935,51795.551906867,,2,GPU-5443d59d-561f-ed1e-da42-1975937205f9,ok,0,0,453,27.303,35,210,405,439,341
1523,51796.551594935,51796.551903865,,2,GPU-5443d59d-561f-ed1e-da42-1975937205f9,ok,0,0,453,27.226,35,210,405,439,341
1524,51797.551594935,51797.551905533,,2,GPU-5443d59d-561f-ed1e-da42-1975937205f9,ok,0,0,453,27.245,35,210,405,390,341
1525,51798.551594935,51798.551906651,,2,GPU-5443d59d-561f-ed1e-da42-1975937205f9,ok,0,0,453,27.426,35,210,405,390,341
1526,51799.551594935,51799.551905909,,2,GPU-5443d59d-561f-ed1e-da42-1975937205f9,ok,0,0,453,27.354,35,210,405,439,341
1527,51800.551594935,51800.551904317,,2,GPU-5443d59d-561f-ed1e-da42-1975937205f9,ok,0,0,453,27.281,35,210,405,390,341
1528,51801.551594935,51801.551911945,,2,GPU-5443d59d-561f-ed1e-da42-1975937205f9,ok,0,0,453,27.364,35,210,405,439,341
1529,51802.551594935,51802.551916433,,2,GPU-5443d59d-561f-ed1e-da42-1975937205f9,ok,0,0,453,27.286,35,210,405,439,341
1530,51803.551594935,51803.551911101,,2,GPU-5443d59d-561f-ed1e-da42-1975937205f9,ok,0,0,453,27.256,35,210,405,439,341
1531,51804.551594935,51804.551905999,,2,GPU-5443d59d-561f-ed1e-da42-1975937205f9,ok,0,0,453,27.365,35,210,405,439,341
1532,51805.551594935,51805.551914597,,2,GPU-5443d59d-561f-ed1e-da42-1975937205f9,ok,0,0,453,27.246,35,210,405,439,341
1533,51806.551594935,51806.551903335,,2,GPU-5443d59d-561f-ed1e-da42-1975937205f9,ok,0,0,453,27.192,35,210,405,439,341
1534,51807.551594935,51807.551910323,,2,GPU-5443d59d-561f-ed1e-da42-1975937205f9,ok,0,0,453,27.294,35,210,405,439,292
1535,51808.551594935,51808.551904931,,2,GPU-5443d59d-561f-ed1e-da42-1975937205f9,ok,0,0,453,27.219,35,210,405,439,292
1536,51809.551594935,51809.551930059,,2,GPU-5443d59d-561f-ed1e-da42-1975937205f9,ok,0,0,453,27.184,35,210,405,390,292
1537,51810.551594935,51810.551907097,,2,GPU-5443d59d-561f-ed1e-da42-1975937205f9,ok,0,0,453,27.28,35,210,405,390,292
1538,51811.551594935,51811.551907095,,2,GPU-5443d59d-561f-ed1e-da42-1975937205f9,ok,0,0,453,27.218,35,210,405,439,292
1539,51812.551594935,51812.551914193,,2,GPU-5443d59d-561f-ed1e-da42-1975937205f9,ok,0,0,453,27.302,35,210,405,439,341
1540,51813.551594935,51813.551909401,,2,GPU-5443d59d-561f-ed1e-da42-1975937205f9,ok,0,0,453,27.304,35,210,405,439,341
1541,51814.551594935,51814.551919469,,2,GPU-5443d59d-561f-ed1e-da42-1975937205f9,ok,0,0,453,27.128,35,210,405,439,341
1542,51815.551594935,51815.551908197,,2,GPU-5443d59d-561f-ed1e-da42-1975937205f9,ok,0,0,453,27.036,35,210,405,439,292
1543,51816.551594935,51816.551908425,,2,GPU-5443d59d-561f-ed1e-da42-1975937205f9,ok,0,0,453,27.067,35,210,405,439,292
1544,51817.551594935,51817.551907313,,2,GPU-5443d59d-561f-ed1e-da42-1975937205f9,ok,0,0,453,27.218,35,210,405,390,292
1545,51818.551594935,51818.551909361,,2,GPU-5443d59d-561f-ed1e-da42-1975937205f9,ok,0,0,453,27.069,35,210,405,390,292
1546,51819.551594935,51819.551907469,,2,GPU-5443d59d-561f-ed1e-da42-1975937205f9,ok,0,0,453,27.033,35,210,405,439,292
1547,51820.551594935,51820.551923377,,2,GPU-5443d59d-561f-ed1e-da42-1975937205f9,ok,0,0,453,27.141,35,210,405,439,292
1548,51821.551594935,51821.551906835,,2,GPU-5443d59d-561f-ed1e-da42-1975937205f9,ok,0,0,453,27.048,35,210,405,439,292
1549,51822.551594935,51822.551914753,,2,GPU-5443d59d-561f-ed1e-da42-1975937205f9,ok,0,0,453,27.056,35,210,405,439,292
1550,51823.551594935,51823.551908671,,2,GPU-5443d59d-561f-ed1e-da42-1975937205f9,ok,0,0,453,27.045,35,210,405,439,292
1551,51824.551594935,51824.551910659,,2,GPU-5443d59d-561f-ed1e-da42-1975937205f9,ok,0,0,453,27.068,35,210,405,439,341
1552,51825.551594935,51825.551906737,,2,GPU-5443d59d-561f-ed1e-da42-1975937205f9,ok,0,0,453,27.194,35,210,405,390,341
1553,51826.551594935,51826.551915015,,2,GPU-5443d59d-561f-ed1e-da42-1975937205f9,ok,0,0,453,27.022,35,210,405,439,341
1554,51827.551594935,51827.551905493,,2,GPU-5443d59d-561f-ed1e-da42-1975937205f9,ok,0,0,453,26.995,35,210,405,439,341
1555,51828.551594935,51828.551903481,,2,GPU-5443d59d-561f-ed1e-da42-1975937205f9,ok,0,0,453,27.107,35,210,405,439,292
1556,51829.551594935,51829.551930899,,2,GPU-5443d59d-561f-ed1e-da42-1975937205f9,ok,0,0,453,27.014,35,210,405,439,292
1557,51830.551594935,51830.551927147,,2,GPU-5443d59d-561f-ed1e-da42-1975937205f9,ok,0,0,453,27.059,35,210,405,439,292
1558,51831.551594935,51831.551939065,,2,GPU-5443d59d-561f-ed1e-da42-1975937205f9,ok,0,0,453,27.142,35,210,405,390,292
1559,51832.551594935,51832.551927473,,2,GPU-5443d59d-561f-ed1e-da42-1975937205f9,ok,0,0,453,26.935,35,210,405,390,292
1560,51833.551594935,51833.551930161,,2,GPU-5443d59d-561f-ed1e-da42-1975937205f9,ok,0,0,453,26.93,35,210,405,439,292
1561,51834.551594935,51834.55190665,,2,GPU-5443d59d-561f-ed1e-da42-1975937205f9,ok,0,0,453,27.061,35,210,405,439,292
1562,51835.551594935,51835.551924678,,2,GPU-5443d59d-561f-ed1e-da42-1975937205f9,ok,0,0,453,26.909,35,210,405,439,292
1563,51836.551594935,51836.551910396,,2,GPU-5443d59d-561f-ed1e-da42-1975937205f9,ok,0,0,453,26.943,35,210,405,439,292
1564,51837.551594935,51837.551909104,,2,GPU-5443d59d-561f-ed1e-da42-1975937205f9,ok,0,0,453,27.195,35,210,405,439,292
1565,51838.551594935,51838.551906682,,2,GPU-5443d59d-561f-ed1e-da42-1975937205f9,ok,0,0,453,27.236,35,210,405,439,292
1566,51839.551594935,51839.55192527,,2,GPU-5443d59d-561f-ed1e-da42-1975937205f9,ok,0,0,453,27.266,35,210,405,439,292
1567,51840.551594935,51840.551925978,,2,GPU-5443d59d-561f-ed1e-da42-1975937205f9,ok,0,0,453,27.347,35,210,405,439,292
1568,51841.551594935,51841.551932896,,2,GPU-5443d59d-561f-ed1e-da42-1975937205f9,ok,0,0,453,27.25,35,210,405,390,292
1569,51842.551594935,51842.551928804,,2,GPU-5443d59d-561f-ed1e-da42-1975937205f9,ok,0,0,453,27.211,35,210,405,439,341
1570,51843.551594935,51843.551930732,,2,GPU-5443d59d-561f-ed1e-da42-1975937205f9,ok,0,0,453,27.234,35,210,405,439,341
1571,51844.551594935,51844.55192624,,2,GPU-5443d59d-561f-ed1e-da42-1975937205f9,ok,0,0,453,27.089,35,210,405,439,341
1572,51845.551594935,51845.551926578,,2,GPU-5443d59d-561f-ed1e-da42-1975937205f9,ok,0,0,453,27.002,35,210,405,439,341
1573,51846.551594935,51846.551922936,,2,GPU-5443d59d-561f-ed1e-da42-1975937205f9,ok,0,0,453,27.062,35,210,405,439,341
1574,51847.551594935,51847.551928524,,2,GPU-5443d59d-561f-ed1e-da42-1975937205f9,ok,0,0,453,26.944,35,210,405,439,292
1575,51848.551594935,51848.551926122,,2,GPU-5443d59d-561f-ed1e-da42-1975937205f9,ok,0,0,453,26.915,35,210,405,439,292
1576,51849.551594935,51849.55193495,,2,GPU-5443d59d-561f-ed1e-da42-1975937205f9,ok,0,0,453,27.055,35,210,405,439,292
1577,51850.551594935,51850.551938848,,2,GPU-5443d59d-561f-ed1e-da42-1975937205f9,ok,0,0,453,26.981,35,210,405,439,292
1578,51851.551594935,51851.551932516,,2,GPU-5443d59d-561f-ed1e-da42-1975937205f9,ok,0,0,453,27.036,35,210,405,439,292
1579,51852.551594935,51852.551929984,,2,GPU-5443d59d-561f-ed1e-da42-1975937205f9,ok,0,0,453,27.193,35,210,405,390,341
1580,51853.551594935,51853.551925642,,2,GPU-5443d59d-561f-ed1e-da42-1975937205f9,ok,0,0,453,27.006,35,210,405,390,292
1581,51854.551594935,51854.5519077,,2,GPU-5443d59d-561f-ed1e-da42-1975937205f9,ok,0,0,453,27.006,35,210,405,390,292
1582,51855.551594935,51855.551906238,,2,GPU-5443d59d-561f-ed1e-da42-1975937205f9,ok,0,0,453,27.189,35,210,405,390,292
1583,51856.551594935,51856.551908386,,2,GPU-5443d59d-561f-ed1e-da42-1975937205f9,ok,0,0,453,27.037,35,210,405,390,292
1584,51857.551594935,51857.551905444,,2,GPU-5443d59d-561f-ed1e-da42-1975937205f9,ok,0,0,453,26.98,35,210,405,390,292
1585,51858.551594935,51858.551908222,,2,GPU-5443d59d-561f-ed1e-da42-1975937205f9,ok,0,0,453,27.084,35,210,405,390,292
1586,51859.551594935,51859.55192465,,2,GPU-5443d59d-561f-ed1e-da42-1975937205f9,ok,0,0,453,27.019,35,210,405,390,292
1587,51860.551594935,51860.551928398,,2,GPU-5443d59d-561f-ed1e-da42-1975937205f9,ok,0,0,453,27.089,35,210,405,390,292
1588,51861.551594935,51861.551906636,,2,GPU-5443d59d-561f-ed1e-da42-1975937205f9,ok,0,0,453,27.022,35,210,405,390,292
1589,51862.551594935,51862.551907954,,2,GPU-5443d59d-561f-ed1e-da42-1975937205f9,ok,0,0,453,26.975,35,210,405,390,292
1590,51863.551594935,51863.551910732,,2,GPU-5443d59d-561f-ed1e-da42-1975937205f9,ok,0,0,453,27.133,35,210,405,390,292
1591,51864.551594935,51864.55190739,,2,GPU-5443d59d-561f-ed1e-da42-1975937205f9,ok,0,0,453,27.042,35,210,405,390,292
1592,51865.551594935,51865.551905568,,2,GPU-5443d59d-561f-ed1e-da42-1975937205f9,ok,0,0,453,27.092,35,210,405,390,292
1593,51866.551594935,51866.551916316,,2,GPU-5443d59d-561f-ed1e-da42-1975937205f9,ok,0,0,453,27.196,35,210,405,390,292
1594,51867.551594935,51867.551873704,,2,GPU-5443d59d-561f-ed1e-da42-1975937205f9,ok,0,0,453,27.051,35,210,405,390,292
1595,51868.551594935,51868.551907362,,2,GPU-5443d59d-561f-ed1e-da42-1975937205f9,ok,0,0,453,27.022,35,210,405,390,292
1596,51869.551594935,51869.55190643,,2,GPU-5443d59d-561f-ed1e-da42-1975937205f9,ok,0,0,453,27.076,35,210,405,439,341
1597,51870.551594935,51870.551907528,,2,GPU-5443d59d-561f-ed1e-da42-1975937205f9,ok,0,0,453,26.993,35,210,405,439,341
1598,51871.551594935,51871.551916236,,2,GPU-5443d59d-561f-ed1e-da42-1975937205f9,ok,0,0,453,27.056,35,210,405,439,341
1599,51872.551594935,51872.551925534,,2,GPU-5443d59d-561f-ed1e-da42-1975937205f9,ok,0,0,453,27.132,35,210,405,390,341
1600,51873.551594935,51873.551911042,,2,GPU-5443d59d-561f-ed1e-da42-1975937205f9,ok,0,0,453,27.118,35,210,405,439,341
1601,51874.551594935,51874.55190877,,2,GPU-5443d59d-561f-ed1e-da42-1975937205f9,ok,0,0,453,27.335,35,210,405,439,341
1602,51875.551594935,51875.551904068,,2,GPU-5443d59d-561f-ed1e-da42-1975937205f9,ok,0,0,453,27.547,35,210,405,439,341
1603,51876.551594935,51876.551906366,,2,GPU-5443d59d-561f-ed1e-da42-1975937205f9,ok,0,0,453,27.461,35,210,405,439,341
1604,51877.551594935,51877.551906584,,2,GPU-5443d59d-561f-ed1e-da42-1975937205f9,ok,0,0,453,27.38,35,210,405,390,292
1605,51878.551594935,51878.551905573,,2,GPU-5443d59d-561f-ed1e-da42-1975937205f9,ok,0,0,453,27.338,35,210,405,439,341
1606,51879.551594935,51879.551910631,,2,GPU-5443d59d-561f-ed1e-da42-1975937205f9,ok,0,0,453,27.162,35,210,405,439,292
1607,51880.551594935,51880.551908589,,2,GPU-5443d59d-561f-ed1e-da42-1975937205f9,ok,0,0,453,27.084,35,210,405,390,292
1608,51881.551594935,51881.551929747,,2,GPU-5443d59d-561f-ed1e-da42-1975937205f9,ok,0,0,453,27.094,35,210,405,390,292
1609,51882.551594935,51882.551921185,,2,GPU-5443d59d-561f-ed1e-da42-1975937205f9,ok,0,0,453,27.003,35,210,405,439,292
1610,51883.551594935,51883.551912223,,2,GPU-5443d59d-561f-ed1e-da42-1975937205f9,ok,0,0,453,27.077,35,210,405,439,292
1611,51884.551594935,51884.551906061,,2,GPU-5443d59d-561f-ed1e-da42-1975937205f9,ok,0,0,453,27.278,35,210,405,439,292
1612,51885.551594935,51885.551913829,,2,GPU-5443d59d-561f-ed1e-da42-1975937205f9,ok,0,0,453,27.11,35,210,405,439,292
1613,51886.551594935,51886.551906957,,2,GPU-5443d59d-561f-ed1e-da42-1975937205f9,ok,0,0,453,27.053,35,210,405,439,292
1614,51887.551594935,51887.551906375,,2,GPU-5443d59d-561f-ed1e-da42-1975937205f9,ok,0,0,453,27.234,35,210,405,439,292
1615,51888.551594935,51888.551915263,,2,GPU-5443d59d-561f-ed1e-da42-1975937205f9,ok,0,0,453,27.151,35,210,405,439,292
1616,51889.551594935,51889.551904371,,2,GPU-5443d59d-561f-ed1e-da42-1975937205f9,ok,0,0,453,27.205,35,210,405,439,292
1617,51890.551594935,51890.551920109,,2,GPU-5443d59d-561f-ed1e-da42-1975937205f9,ok,0,0,453,27.378,35,210,405,439,292
1618,51891.551594935,51891.551918507,,2,GPU-5443d59d-561f-ed1e-da42-1975937205f9,ok,0,0,453,27.33,35,210,405,439,292
1619,51892.551594935,51892.551913695,,2,GPU-5443d59d-561f-ed1e-da42-1975937205f9,ok,0,0,453,27.357,35,210,405,390,292
1620,51893.551594935,51893.551909523,,2,GPU-5443d59d-561f-ed1e-da42-1975937205f9,ok,0,0,453,27.382,35,210,405,390,292
1621,51894.551594935,51894.551912131,,2,GPU-5443d59d-561f-ed1e-da42-1975937205f9,ok,0,0,453,27.194,35,210,405,439,292
1622,51895.551594935,51895.551908439,,2,GPU-5443d59d-561f-ed1e-da42-1975937205f9,ok,0,0,453,27.112,35,210,405,439,292
1623,51896.551594935,51896.551910357,,2,GPU-5443d59d-561f-ed1e-da42-1975937205f9,ok,0,0,453,27.064,35,210,405,439,292
1624,51897.551594935,51897.551906665,,2,GPU-5443d59d-561f-ed1e-da42-1975937205f9,ok,0,0,453,27.01,35,210,405,439,292
1625,51898.551594935,51898.551906553,,2,GPU-5443d59d-561f-ed1e-da42-1975937205f9,ok,0,0,453,27.1,35,210,405,439,292
1626,51899.551594935,51899.551908281,,2,GPU-5443d59d-561f-ed1e-da42-1975937205f9,ok,0,0,453,27.082,35,210,405,439,292
1627,51900.551594935,51900.551930859,,2,GPU-5443d59d-561f-ed1e-da42-1975937205f9,ok,0,0,453,27.164,35,210,405,439,292
1628,51901.551594935,51901.551910727,,2,GPU-5443d59d-561f-ed1e-da42-1975937205f9,ok,0,0,453,27.29,35,210,405,439,341
1629,51902.551594935,51902.551906965,,2,GPU-5443d59d-561f-ed1e-da42-1975937205f9,ok,0,0,453,27.196,35,210,405,439,341
1630,51903.551594935,51903.551908283,,2,GPU-5443d59d-561f-ed1e-da42-1975937205f9,ok,0,0,453,27.14,35,210,405,439,341
1631,51904.551594935,51904.551909551,,2,GPU-5443d59d-561f-ed1e-da42-1975937205f9,ok,0,0,453,27.201,35,210,405,439,341
1632,51905.551594935,51905.551923779,,2,GPU-5443d59d-561f-ed1e-da42-1975937205f9,ok,0,0,453,27.045,35,210,405,439,292
1633,51906.551594935,51906.551906897,,2,GPU-5443d59d-561f-ed1e-da42-1975937205f9,ok,0,0,453,26.982,35,210,405,439,292
1634,51907.551594935,51907.551914815,,2,GPU-5443d59d-561f-ed1e-da42-1975937205f9,ok,0,0,453,27.148,35,210,405,439,292
1635,51908.551594935,51908.551906793,,2,GPU-5443d59d-561f-ed1e-da42-1975937205f9,ok,0,0,453,26.979,35,210,405,390,292
1636,51909.551594935,51909.551910911,,2,GPU-5443d59d-561f-ed1e-da42-1975937205f9,ok,0,0,453,26.89,35,210,405,390,292
1637,51910.551594935,51910.551909019,,2,GPU-5443d59d-561f-ed1e-da42-1975937205f9,ok,0,0,453,27.118,35,210,405,439,292
1638,51911.551594935,51911.551918677,,2,GPU-5443d59d-561f-ed1e-da42-1975937205f9,ok,0,0,453,27.114,35,210,405,439,292
1639,51912.551594935,51912.551917525,,2,GPU-5443d59d-561f-ed1e-da42-1975937205f9,ok,0,0,453,27.099,35,210,405,439,292
1640,51913.551594935,51913.551910063,,2,GPU-5443d59d-561f-ed1e-da42-1975937205f9,ok,0,0,453,27.211,35,210,405,439,292
1641,51914.551594935,51914.551909621,,2,GPU-5443d59d-561f-ed1e-da42-1975937205f9,ok,0,0,453,27.181,35,210,405,439,292
1642,51915.551594935,51915.551910559,,2,GPU-5443d59d-561f-ed1e-da42-1975937205f9,ok,0,0,453,27.28,35,210,405,439,292
1643,51916.551594935,51916.551909797,,2,GPU-5443d59d-561f-ed1e-da42-1975937205f9,ok,0,0,453,27.448,35,210,405,439,292
1644,51917.551594935,51917.551905355,,2,GPU-5443d59d-561f-ed1e-da42-1975937205f9,ok,0,0,453,27.326,35,210,405,439,292
1645,51918.551594935,51918.551917703,,2,GPU-5443d59d-561f-ed1e-da42-1975937205f9,ok,0,0,453,27.229,35,210,405,439,292
1646,51919.551594935,51919.551908411,,2,GPU-5443d59d-561f-ed1e-da42-1975937205f9,ok,0,0,453,27.287,35,210,405,439,292
1647,51920.551594935,51920.551908519,,2,GPU-5443d59d-561f-ed1e-da42-1975937205f9,ok,0,0,453,27.187,35,210,405,439,341
1648,51921.551594935,51921.551905788,,2,GPU-5443d59d-561f-ed1e-da42-1975937205f9,ok,0,0,453,27.145,35,210,405,439,341
1649,51922.551594935,51922.551928796,,2,GPU-5443d59d-561f-ed1e-da42-1975937205f9,ok,0,0,453,27.161,35,210,405,439,341
1650,51923.551594935,51923.551909414,,2,GPU-5443d59d-561f-ed1e-da42-1975937205f9,ok,0,0,453,27.096,35,210,405,439,341
1651,51924.551594935,51924.551909362,,2,GPU-5443d59d-561f-ed1e-da42-1975937205f9,ok,0,0,453,27.073,35,210,405,439,292
1652,51925.551594935,51925.55190659,,2,GPU-5443d59d-561f-ed1e-da42-1975937205f9,ok,0,0,453,27.035,35,210,405,390,292
1653,51926.551594935,51926.551908818,,2,GPU-5443d59d-561f-ed1e-da42-1975937205f9,ok,0,0,453,26.931,35,210,405,439,292
1654,51927.551594935,51927.551926146,,2,GPU-5443d59d-561f-ed1e-da42-1975937205f9,ok,0,0,453,26.949,35,210,405,439,292
1655,51928.551594935,51928.551920934,,2,GPU-5443d59d-561f-ed1e-da42-1975937205f9,ok,0,0,453,27.119,34,210,405,439,292
1656,51929.551594935,51929.551905022,,2,GPU-5443d59d-561f-ed1e-da42-1975937205f9,ok,0,0,453,27.08,34,210,405,439,292
1657,51930.551594935,51930.55190652,,2,GPU-5443d59d-561f-ed1e-da42-1975937205f9,ok,0,0,453,27.018,35,210,405,439,292
1658,51931.551594935,51931.551913908,,2,GPU-5443d59d-561f-ed1e-da42-1975937205f9,ok,0,0,453,27.036,35,210,405,390,341
1659,51932.551594935,51932.551909046,,2,GPU-5443d59d-561f-ed1e-da42-1975937205f9,ok,0,0,453,26.922,35,210,405,390,341
1660,51933.551594935,51933.551907964,,2,GPU-5443d59d-561f-ed1e-da42-1975937205f9,ok,0,0,453,27.051,35,210,405,439,341
1661,51934.551594935,51934.551905832,,2,GPU-5443d59d-561f-ed1e-da42-1975937205f9,ok,0,0,453,27.243,35,210,405,439,341
1662,51935.551594935,51935.55190846,,2,GPU-5443d59d-561f-ed1e-da42-1975937205f9,ok,0,0,453,27.154,35,210,405,439,292
1663,51936.551594935,51936.551908378,,2,GPU-5443d59d-561f-ed1e-da42-1975937205f9,ok,0,0,453,27.149,35,210,405,439,292
1664,51937.551594935,51937.551907596,,2,GPU-5443d59d-561f-ed1e-da42-1975937205f9,ok,0,0,453,27.115,35,210,405,439,292
1665,51938.551594935,51938.551909824,,2,GPU-5443d59d-561f-ed1e-da42-1975937205f9,ok,0,0,453,27.046,35,210,405,390,292
1666,51939.551594935,51939.551907512,,2,GPU-5443d59d-561f-ed1e-da42-1975937205f9,ok,0,0,453,27.089,35,210,405,390,292
1667,51940.551594935,51940.55191052,,2,GPU-5443d59d-561f-ed1e-da42-1975937205f9,ok,0,0,453,26.978,35,210,405,439,292
1668,51941.551594935,51941.551913738,,2,GPU-5443d59d-561f-ed1e-da42-1975937205f9,ok,0,0,453,26.964,35,210,405,439,292
1669,51942.551594935,51942.551914216,,2,GPU-5443d59d-561f-ed1e-da42-1975937205f9,ok,0,0,453,27.072,35,210,405,390,292
1670,51943.551594935,51943.551914514,,2,GPU-5443d59d-561f-ed1e-da42-1975937205f9,ok,0,0,453,27.012,35,210,405,390,341
1671,51944.551594935,51944.551912352,,2,GPU-5443d59d-561f-ed1e-da42-1975937205f9,ok,0,0,453,26.966,35,210,405,439,341
1672,51945.551594935,51945.55191118,,2,GPU-5443d59d-561f-ed1e-da42-1975937205f9,ok,0,0,453,27.121,35,210,405,439,341
1673,51946.551594935,51946.551926758,,2,GPU-5443d59d-561f-ed1e-da42-1975937205f9,ok,0,0,453,27.073,35,210,405,439,341
1674,51947.551594935,51947.551928866,,2,GPU-5443d59d-561f-ed1e-da42-1975937205f9,ok,0,0,453,27.025,34,210,405,439,341
1675,51948.551594935,51948.551926584,,2,GPU-5443d59d-561f-ed1e-da42-1975937205f9,ok,0,0,453,27.155,35,210,405,439,341
1676,51949.551594935,51949.551928282,,2,GPU-5443d59d-561f-ed1e-da42-1975937205f9,ok,0,0,453,27.031,35,210,405,439,341
1677,51950.551594935,51950.55192756,,2,GPU-5443d59d-561f-ed1e-da42-1975937205f9,ok,0,0,453,27.035,34,210,405,439,292
1678,51951.551594935,51951.551933428,,2,GPU-5443d59d-561f-ed1e-da42-1975937205f9,ok,0,0,453,27.187,34,210,405,390,292
1679,51952.551594935,51952.551909576,,2,GPU-5443d59d-561f-ed1e-da42-1975937205f9,ok,0,0,453,27.078,34,210,405,439,292
1680,51953.551594935,51953.551909034,,2,GPU-5443d59d-561f-ed1e-da42-1975937205f9,ok,0,0,453,26.969,35,210,405,439,292
1681,51954.551594935,51954.551906392,,2,GPU-5443d59d-561f-ed1e-da42-1975937205f9,ok,0,0,453,26.99,35,210,405,439,292
1682,51955.551594935,51955.55191078,,2,GPU-5443d59d-561f-ed1e-da42-1975937205f9,ok,0,0,453,26.924,35,210,405,439,292
1683,51956.551594935,51956.551925168,,2,GPU-5443d59d-561f-ed1e-da42-1975937205f9,ok,0,0,453,27.017,34,210,405,390,292
1684,51957.551594935,51957.551919176,,2,GPU-5443d59d-561f-ed1e-da42-1975937205f9,ok,0,0,453,27.125,34,210,405,390,292
1685,51958.551594935,51958.551922144,,2,GPU-5443d59d-561f-ed1e-da42-1975937205f9,ok,0,0,453,26.992,34,210,405,439,292
1686,51959.551594935,51959.551925592,,2,GPU-5443d59d-561f-ed1e-da42-1975937205f9,ok,0,0,453,26.937,35,210,405,439,292
1687,51960.551594935,51960.5519309,,2,GPU-5443d59d-561f-ed1e-da42-1975937205f9,ok,0,0,453,26.95,34,210,405,439,292
1688,51961.551594935,51961.551925568,,2,GPU-5443d59d-561f-ed1e-da42-1975937205f9,ok,0,0,453,26.931,34,210,405,439,292
1689,51962.551594935,51962.551936006,,2,GPU-5443d59d-561f-ed1e-da42-1975937205f9,ok,0,0,453,27.064,34,210,405,439,341
1690,51963.551594935,51963.551930694,,2,GPU-5443d59d-561f-ed1e-da42-1975937205f9,ok,0,0,453,27.145,34,210,405,439,341
1691,51964.551594935,51964.551933473,,2,GPU-5443d59d-561f-ed1e-da42-1975937205f9,ok,0,0,453,26.99,34,210,405,439,292
1692,51965.551594935,51965.551928531,,2,GPU-5443d59d-561f-ed1e-da42-1975937205f9,ok,0,0,453,26.992,34,210,405,439,341
1693,51966.551594935,51966.551930749,,2,GPU-5443d59d-561f-ed1e-da42-1975937205f9,ok,0,0,453,27.131,34,210,405,439,341
1694,51967.551594935,51967.551929907,,2,GPU-5443d59d-561f-ed1e-da42-1975937205f9,ok,0,0,453,27.155,34,210,405,390,341
1695,51968.551594935,51968.551931245,,2,GPU-5443d59d-561f-ed1e-da42-1975937205f9,ok,0,0,453,27.224,35,210,405,439,341
1696,51969.551594935,51969.551929383,,2,GPU-5443d59d-561f-ed1e-da42-1975937205f9,ok,0,0,453,27.305,34,210,405,439,341
1697,51970.551594935,51970.551920421,,2,GPU-5443d59d-561f-ed1e-da42-1975937205f9,ok,0,0,453,27.216,34,210,405,439,341
1698,51971.551594935,51971.551910939,,2,GPU-5443d59d-561f-ed1e-da42-1975937205f9,ok,0,0,453,27.158,34,210,405,439,292
1699,51972.551594935,51972.551921707,,2,GPU-5443d59d-561f-ed1e-da42-1975937205f9,ok,0,0,453,27.194,34,210,405,439,292
1700,51973.551594935,51973.551927505,,2,GPU-5443d59d-561f-ed1e-da42-1975937205f9,ok,0,0,453,27.189,34,210,405,439,292
1701,51974.551594935,51974.551908003,,2,GPU-5443d59d-561f-ed1e-da42-1975937205f9,ok,0,0,453,27.226,34,210,405,439,292
1702,51975.551594935,51975.551908751,,2,GPU-5443d59d-561f-ed1e-da42-1975937205f9,ok,0,0,453,27.146,34,210,405,439,341
1703,51976.551594935,51976.551905339,,2,GPU-5443d59d-561f-ed1e-da42-1975937205f9,ok,0,0,453,27.074,34,210,405,439,341
1704,51977.551594935,51977.551909347,,2,GPU-5443d59d-561f-ed1e-da42-1975937205f9,ok,0,0,453,27.142,34,210,405,439,341
1705,51978.551594935,51978.551906905,,2,GPU-5443d59d-561f-ed1e-da42-1975937205f9,ok,0,0,453,27.034,34,210,405,439,341
1706,51979.551594935,51979.551909563,,2,GPU-5443d59d-561f-ed1e-da42-1975937205f9,ok,0,0,453,27.046,34,210,405,439,341
1707,51980.551594935,51980.551908181,,2,GPU-5443d59d-561f-ed1e-da42-1975937205f9,ok,0,0,453,27.197,34,210,405,439,341
1708,51981.551594935,51981.551917749,,2,GPU-5443d59d-561f-ed1e-da42-1975937205f9,ok,0,0,453,27.178,34,210,405,439,341
1709,51982.551594935,51982.551910037,,2,GPU-5443d59d-561f-ed1e-da42-1975937205f9,ok,0,0,453,27.175,34,210,405,439,341
1710,51983.551594935,51983.551914635,,2,GPU-5443d59d-561f-ed1e-da42-1975937205f9,ok,0,0,453,27.244,34,210,405,439,341
1711,51984.551594935,51984.551905373,,2,GPU-5443d59d-561f-ed1e-da42-1975937205f9,ok,0,0,453,27.115,34,210,405,439,292
1712,51985.551594935,51985.551908781,,2,GPU-5443d59d-561f-ed1e-da42-1975937205f9,ok,0,0,453,27.012,34,210,405,439,292
1713,51986.551594935,51986.551914009,,2,GPU-5443d59d-561f-ed1e-da42-1975937205f9,ok,0,0,453,27.064,34,210,405,439,292
1714,51987.551594935,51987.551917637,,2,GPU-5443d59d-561f-ed1e-da42-1975937205f9,ok,0,0,453,26.971,34,210,405,439,292
1715,51988.551594935,51988.551906715,,2,GPU-5443d59d-561f-ed1e-da42-1975937205f9,ok,0,0,453,26.984,34,210,405,439,292
1716,51989.551594935,51989.551907503,,2,GPU-5443d59d-561f-ed1e-da42-1975937205f9,ok,0,0,453,27.076,34,210,405,439,292
1717,51990.551594935,51990.551909601,,2,GPU-5443d59d-561f-ed1e-da42-1975937205f9,ok,0,0,453,26.97,34,210,405,439,292
1718,51991.551594935,51991.551913299,,2,GPU-5443d59d-561f-ed1e-da42-1975937205f9,ok,0,0,453,27.089,34,210,405,439,292
1719,51992.551594935,51992.551923657,,2,GPU-5443d59d-561f-ed1e-da42-1975937205f9,ok,0,0,453,27.296,34,210,405,439,292
1720,51993.551594935,51993.551908245,,2,GPU-5443d59d-561f-ed1e-da42-1975937205f9,ok,0,0,453,27.054,34,210,405,488,292
1721,51994.551594935,51994.551908753,,2,GPU-5443d59d-561f-ed1e-da42-1975937205f9,ok,0,0,453,26.943,34,210,405,439,341
1722,51995.551594935,51995.551908631,,2,GPU-5443d59d-561f-ed1e-da42-1975937205f9,ok,0,0,453,27.078,34,210,405,439,341
1723,51996.551594935,51996.551923129,,2,GPU-5443d59d-561f-ed1e-da42-1975937205f9,ok,0,0,453,27.04,34,210,405,439,341
1724,51997.551594935,51997.551907487,,2,GPU-5443d59d-561f-ed1e-da42-1975937205f9,ok,0,0,453,27.035,34,210,405,439,341
1725,51998.551594935,51998.551907915,,2,GPU-5443d59d-561f-ed1e-da42-1975937205f9,ok,0,0,453,27.143,34,210,405,439,292
1726,51999.551594935,51999.551907213,,2,GPU-5443d59d-561f-ed1e-da42-1975937205f9,ok,0,0,453,27.099,34,210,405,439,292
1727,52000.551594935,52000.551911091,,2,GPU-5443d59d-561f-ed1e-da42-1975937205f9,ok,0,0,453,27.181,34,210,405,439,292
1728,52001.551594935,52001.551908139,,2,GPU-5443d59d-561f-ed1e-da42-1975937205f9,ok,0,0,453,27.344,34,210,405,390,292
1729,52002.551594935,52002.551913267,,2,GPU-5443d59d-561f-ed1e-da42-1975937205f9,ok,0,0,453,27.219,34,210,405,439,292
1730,52003.551594935,52003.551915595,,2,GPU-5443d59d-561f-ed1e-da42-1975937205f9,ok,0,0,453,27.269,34,210,405,439,292
1731,52004.551594935,52004.551915343,,2,GPU-5443d59d-561f-ed1e-da42-1975937205f9,ok,0,0,453,27.407,34,210,405,390,292
1732,52005.551594935,52005.551909661,,2,GPU-5443d59d-561f-ed1e-da42-1975937205f9,ok,0,0,453,27.282,34,210,405,390,292
1733,52006.551594935,52006.551906979,,2,GPU-5443d59d-561f-ed1e-da42-1975937205f9,ok,0,0,453,27.19,34,210,405,390,292
1734,52007.551594935,52007.551907578,,2,GPU-5443d59d-561f-ed1e-da42-1975937205f9,ok,0,0,453,27.16,34,210,405,390,292
1735,52008.551594935,52008.551909376,,2,GPU-5443d59d-561f-ed1e-da42-1975937205f9,ok,0,0,453,27.127,34,210,405,390,292
1736,52009.551594935,52009.551913684,,2,GPU-5443d59d-561f-ed1e-da42-1975937205f9,ok,0,0,453,27.227,34,210,405,390,292
1737,52010.551594935,52010.551907322,,2,GPU-5443d59d-561f-ed1e-da42-1975937205f9,ok,0,0,453,27.448,34,210,405,439,292
1738,52011.551594935,52011.55190804,,2,GPU-5443d59d-561f-ed1e-da42-1975937205f9,ok,0,0,453,27.463,34,210,405,439,292
1739,52012.551594935,52012.551908038,,2,GPU-5443d59d-561f-ed1e-da42-1975937205f9,ok,0,0,453,27.435,34,210,405,439,292
1740,52013.551594935,52013.551924776,,2,GPU-5443d59d-561f-ed1e-da42-1975937205f9,ok,0,0,453,27.297,34,210,405,439,292
1741,52014.551594935,52014.551909464,,2,GPU-5443d59d-561f-ed1e-da42-1975937205f9,ok,0,0,453,27.291,34,210,405,439,292
1742,52015.551594935,52015.551905782,,2,GPU-5443d59d-561f-ed1e-da42-1975937205f9,ok,0,0,453,27.387,34,210,405,439,292
1743,52016.551594935,52016.55190812,,2,GPU-5443d59d-561f-ed1e-da42-1975937205f9,ok,0,0,453,27.292,34,210,405,439,292
1744,52017.551594935,52017.551905838,,2,GPU-5443d59d-561f-ed1e-da42-1975937205f9,ok,0,0,453,27.278,34,210,405,439,292
1745,52018.551594935,52018.551922156,,2,GPU-5443d59d-561f-ed1e-da42-1975937205f9,ok,0,0,453,27.41,34,210,405,439,292
1746,52019.551594935,52019.551907384,,2,GPU-5443d59d-561f-ed1e-da42-1975937205f9,ok,0,0,453,27.352,34,210,405,439,292
1747,52020.551594935,52020.551910352,,2,GPU-5443d59d-561f-ed1e-da42-1975937205f9,ok,0,0,453,27.317,34,210,405,439,292
1748,52021.551594935,52021.55190694,,2,GPU-5443d59d-561f-ed1e-da42-1975937205f9,ok,0,0,453,27.421,34,210,405,439,292
1749,52022.551594935,52022.551915688,,2,GPU-5443d59d-561f-ed1e-da42-1975937205f9,ok,0,0,453,27.479,34,210,405,439,341
1750,52023.551594935,52023.551913236,,2,GPU-5443d59d-561f-ed1e-da42-1975937205f9,ok,0,0,453,27.591,34,210,405,439,341
1751,52024.551594935,52024.551906874,,2,GPU-5443d59d-561f-ed1e-da42-1975937205f9,ok,0,0,453,27.65,34,210,405,390,292
1752,52025.551594935,52025.551907382,,2,GPU-5443d59d-561f-ed1e-da42-1975937205f9,ok,0,0,453,27.49,34,210,405,390,292
1753,52026.551594935,52026.55190753,,2,GPU-5443d59d-561f-ed1e-da42-1975937205f9,ok,0,0,453,27.319,34,210,405,390,292
1754,52027.551594935,52027.551900688,,2,GPU-5443d59d-561f-ed1e-da42-1975937205f9,ok,0,0,453,27.418,34,210,405,390,341
1755,52028.551594935,52028.551908826,,2,GPU-5443d59d-561f-ed1e-da42-1975937205f9,ok,0,0,453,27.503,34,210,405,439,341
1756,52029.551594935,52029.551913544,,2,GPU-5443d59d-561f-ed1e-da42-1975937205f9,ok,0,0,453,27.403,34,210,405,439,341
1757,52030.551594935,52030.551904672,,2,GPU-5443d59d-561f-ed1e-da42-1975937205f9,ok,0,0,453,27.304,34,210,405,439,341
1758,52031.551594935,52031.55192273,,2,GPU-5443d59d-561f-ed1e-da42-1975937205f9,ok,0,0,453,27.196,34,210,405,439,341
1759,52032.551594935,52032.551929978,,2,GPU-5443d59d-561f-ed1e-da42-1975937205f9,ok,0,0,453,27.276,34,210,405,439,341
1760,52033.551594935,52033.551907636,,2,GPU-5443d59d-561f-ed1e-da42-1975937205f9,ok,0,0,453,27.395,34,210,405,439,341
1761,52034.551594935,52034.551906774,,2,GPU-5443d59d-561f-ed1e-da42-1975937205f9,ok,0,0,453,27.262,34,210,405,439,341
1762,52035.551594935,52035.551911712,,2,GPU-5443d59d-561f-ed1e-da42-1975937205f9,ok,0,0,453,27.153,34,210,405,439,341
1763,52036.551594935,52036.55191037,,2,GPU-5443d59d-561f-ed1e-da42-1975937205f9,ok,0,0,453,27.248,34,210,405,439,341
1764,52037.551594935,52037.551924688,,2,GPU-5443d59d-561f-ed1e-da42-1975937205f9,ok,0,0,453,27.269,34,210,405,439,341
1765,52038.551594935,52038.551919996,,2,GPU-5443d59d-561f-ed1e-da42-1975937205f9,ok,0,0,453,27.308,34,210,405,439,341
1766,52039.551594935,52039.551908564,,2,GPU-5443d59d-561f-ed1e-da42-1975937205f9,ok,0,0,453,27.279,34,210,405,439,341
1767,52040.551594935,52040.551909362,,2,GPU-5443d59d-561f-ed1e-da42-1975937205f9,ok,0,0,453,27.076,34,210,405,439,292
1768,52041.551594935,52041.55190803,,2,GPU-5443d59d-561f-ed1e-da42-1975937205f9,ok,0,0,453,27.113,34,210,405,390,292
1769,52042.551594935,52042.551919738,,2,GPU-5443d59d-561f-ed1e-da42-1975937205f9,ok,0,0,453,27.275,34,210,405,439,292
1770,52043.551594935,52043.551923006,,2,GPU-5443d59d-561f-ed1e-da42-1975937205f9,ok,0,0,453,27.203,34,210,405,439,292
1771,52044.551594935,52044.551910244,,2,GPU-5443d59d-561f-ed1e-da42-1975937205f9,ok,0,0,453,27.166,34,210,405,439,292
1772,52045.551594935,52045.551914032,,2,GPU-5443d59d-561f-ed1e-da42-1975937205f9,ok,0,0,453,27.235,34,210,405,439,292
1773,52046.551594935,52046.55190803,,2,GPU-5443d59d-561f-ed1e-da42-1975937205f9,ok,0,0,453,27.098,34,210,405,439,292
1774,52047.551594935,52047.551905378,,2,GPU-5443d59d-561f-ed1e-da42-1975937205f9,ok,0,0,453,27.177,34,210,405,390,292
1775,52048.551594935,52048.551905066,,2,GPU-5443d59d-561f-ed1e-da42-1975937205f9,ok,0,0,453,27.199,34,210,405,390,292
1776,52049.551594935,52049.551909084,,2,GPU-5443d59d-561f-ed1e-da42-1975937205f9,ok,0,0,453,27.078,34,210,405,439,292
1777,52050.551594935,52050.551904362,,2,GPU-5443d59d-561f-ed1e-da42-1975937205f9,ok,0,0,453,27.219,34,210,405,439,341
1778,52051.551594935,52051.551909161,,2,GPU-5443d59d-561f-ed1e-da42-1975937205f9,ok,0,0,453,27.216,34,210,405,439,341
1779,52052.551594935,52052.551908599,,2,GPU-5443d59d-561f-ed1e-da42-1975937205f9,ok,0,0,453,27.121,34,210,405,439,341
1780,52053.551594935,52053.551940897,,2,GPU-5443d59d-561f-ed1e-da42-1975937205f9,ok,0,0,453,27.142,34,210,405,439,341
1781,52054.551594935,52054.551911265,,2,GPU-5443d59d-561f-ed1e-da42-1975937205f9,ok,0,0,453,27.014,34,210,405,439,341
1782,52055.551594935,52055.551910283,,2,GPU-5443d59d-561f-ed1e-da42-1975937205f9,ok,0,0,453,26.984,34,210,405,439,292
1783,52056.551594935,52056.551908611,,2,GPU-5443d59d-561f-ed1e-da42-1975937205f9,ok,0,0,453,27.204,34,210,405,390,292
1784,52057.551594935,52057.551913529,,2,GPU-5443d59d-561f-ed1e-da42-1975937205f9,ok,0,0,453,27.275,34,210,405,439,292
1785,52058.551594935,52058.551909847,,2,GPU-5443d59d-561f-ed1e-da42-1975937205f9,ok,0,0,453,27.337,34,210,405,390,292
1786,52059.551594935,52059.551909775,,2,GPU-5443d59d-561f-ed1e-da42-1975937205f9,ok,0,0,453,27.44,34,210,405,439,292
1787,52060.551594935,52060.551916433,,2,GPU-5443d59d-561f-ed1e-da42-1975937205f9,ok,0,0,453,27.366,34,210,405,439,292
1788,52061.551594935,52061.551922261,,2,GPU-5443d59d-561f-ed1e-da42-1975937205f9,ok,0,0,453,27.38,34,210,405,439,292
1789,52062.551594935,52062.551929199,,2,GPU-5443d59d-561f-ed1e-da42-1975937205f9,ok,0,0,453,27.411,34,210,405,439,292
1790,52063.551594935,52063.551929537,,2,GPU-5443d59d-561f-ed1e-da42-1975937205f9,ok,0,0,453,27.134,34,210,405,439,292
1791,52064.551594935,52064.551931415,,2,GPU-5443d59d-561f-ed1e-da42-1975937205f9,ok,0,0,453,27.105,34,210,405,390,292
1792,52065.551594935,52065.551929083,,2,GPU-5443d59d-561f-ed1e-da42-1975937205f9,ok,0,0,453,27.273,34,210,405,390,292
1793,52066.551594935,52066.551929381,,2,GPU-5443d59d-561f-ed1e-da42-1975937205f9,ok,0,0,453,27.21,34,210,405,390,292
1794,52067.551594935,52067.551905169,,2,GPU-5443d59d-561f-ed1e-da42-1975937205f9,ok,0,0,453,27.218,34,210,405,439,292
1795,52068.551594935,52068.551907397,,2,GPU-5443d59d-561f-ed1e-da42-1975937205f9,ok,0,0,453,27.353,34,210,405,439,292
1796,52069.551594935,52069.551907715,,2,GPU-5443d59d-561f-ed1e-da42-1975937205f9,ok,0,0,453,27.245,34,210,405,439,292
1797,52070.551594935,52070.551906203,,2,GPU-5443d59d-561f-ed1e-da42-1975937205f9,ok,0,0,453,27.096,34,210,405,439,341
1798,52071.551594935,52071.551908181,,2,GPU-5443d59d-561f-ed1e-da42-1975937205f9,ok,0,0,453,27.144,34,210,405,439,341
1799,52072.551594935,52072.551943659,,2,GPU-5443d59d-561f-ed1e-da42-1975937205f9,ok,0,0,453,27.019,34,210,405,439,341
1800,52073.551594935,52073.551931567,,2,GPU-5443d59d-561f-ed1e-da42-1975937205f9,ok,0,0,453,27.019,34,210,405,390,341
1801,52074.551594935,52074.551925315,,2,GPU-5443d59d-561f-ed1e-da42-1975937205f9,ok,0,0,453,27.239,34,210,405,390,341
1802,52075.551594935,52075.551931323,,2,GPU-5443d59d-561f-ed1e-da42-1975937205f9,ok,0,0,453,27.174,34,210,405,439,341
1803,52076.551594935,52076.551926521,,2,GPU-5443d59d-561f-ed1e-da42-1975937205f9,ok,0,0,453,27.074,34,210,405,439,341
1804,52077.551594935,52077.551937919,,2,GPU-5443d59d-561f-ed1e-da42-1975937205f9,ok,0,0,453,27.177,34,210,405,439,292
1805,52078.551594935,52078.551936387,,2,GPU-5443d59d-561f-ed1e-da42-1975937205f9,ok,0,0,453,27.135,34,210,405,439,292
1806,52079.551594935,52079.551930745,,2,GPU-5443d59d-561f-ed1e-da42-1975937205f9,ok,0,0,453,27.078,34,210,405,439,292
1807,52080.551594935,52080.551930543,,2,GPU-5443d59d-561f-ed1e-da42-1975937205f9,ok,0,0,453,27.221,34,210,405,390,292
1808,52081.551594935,52081.551932531,,2,GPU-5443d59d-561f-ed1e-da42-1975937205f9,ok,0,0,453,27.186,34,210,405,439,292
1809,52082.551594935,52082.551926029,,2,GPU-5443d59d-561f-ed1e-da42-1975937205f9,ok,0,0,453,27.155,34,210,405,439,292
1810,52083.551594935,52083.551940827,,2,GPU-5443d59d-561f-ed1e-da42-1975937205f9,ok,0,0,453,27.392,34,210,405,390,292
1811,52084.551594935,52084.551935195,,2,GPU-5443d59d-561f-ed1e-da42-1975937205f9,ok,0,0,453,27.467,34,210,405,390,292
1812,52085.551594935,52085.551936583,,2,GPU-5443d59d-561f-ed1e-da42-1975937205f9,ok,0,0,453,27.384,34,210,405,390,292
1813,52086.551594935,52086.551927711,,2,GPU-5443d59d-561f-ed1e-da42-1975937205f9,ok,0,0,453,27.26,34,210,405,390,292
1814,52087.551594935,52087.551911649,,2,GPU-5443d59d-561f-ed1e-da42-1975937205f9,ok,0,0,453,27.248,34,210,405,390,292
1815,52088.551594935,52088.551906447,,2,GPU-5443d59d-561f-ed1e-da42-1975937205f9,ok,0,0,453,27.37,34,210,405,439,292
1816,52089.551594935,52089.551906635,,2,GPU-5443d59d-561f-ed1e-da42-1975937205f9,ok,0,0,453,27.354,34,210,405,439,292
1817,52090.551594935,52090.551906803,,2,GPU-5443d59d-561f-ed1e-da42-1975937205f9,ok,0,0,453,27.389,34,210,405,390,292
1818,52091.551594935,52091.551815931,,2,GPU-5443d59d-561f-ed1e-da42-1975937205f9,ok,0,0,453,27.458,34,210,405,488,292
1819,52092.551594935,52092.551899909,,2,GPU-5443d59d-561f-ed1e-da42-1975937205f9,ok,0,0,453,27.341,34,210,405,439,292
1820,52093.551594935,52093.551886967,,2,GPU-5443d59d-561f-ed1e-da42-1975937205f9,ok,0,0,453,30.696,35,210,405,390,292
1821,52094.551594935,52094.551900546,,2,GPU-5443d59d-561f-ed1e-da42-1975937205f9,ok,100,26,1514,133.49,46,1500,9501,439,390
1822,52095.551594935,52095.551874084,,2,GPU-5443d59d-561f-ed1e-da42-1975937205f9,ok,100,26,1515,349.625,50,1500,9501,585,439
1823,52096.551594935,52096.551902682,,2,GPU-5443d59d-561f-ed1e-da42-1975937205f9,ok,0,0,1515,290.204,43,1935,9501,488,244
1824,52097.551594935,52097.55190105,,2,GPU-5443d59d-561f-ed1e-da42-1975937205f9,ok,0,0,1515,152.129,41,1935,9501,390,292
1825,52098.551594935,52098.551901238,,2,GPU-5443d59d-561f-ed1e-da42-1975937205f9,ok,100,26,1515,182.184,49,1515,9501,537,341
1826,52099.551594935,52099.551904376,,2,GPU-5443d59d-561f-ed1e-da42-1975937205f9,ok,100,29,1515,349.259,51,1485,9501,537,292
1827,52100.551594935,52100.551903554,,2,GPU-5443d59d-561f-ed1e-da42-1975937205f9,ok,0,0,1515,296.122,45,1920,9501,439,292
1828,52101.551594935,52101.551900462,,2,GPU-5443d59d-561f-ed1e-da42-1975937205f9,ok,0,0,1515,157.98,43,1920,9501,390,292
1829,52102.551594935,52102.5519021,,2,GPU-5443d59d-561f-ed1e-da42-1975937205f9,ok,100,35,1515,178.633,50,1440,9501,439,341
1830,52103.551594935,52103.551901858,,2,GPU-5443d59d-561f-ed1e-da42-1975937205f9,ok,100,24,1515,349.174,52,1485,9501,585,341
1831,52104.551594935,52104.551899016,,2,GPU-5443d59d-561f-ed1e-da42-1975937205f9,ok,0,0,1515,302.903,47,1920,9501,439,292
1832,52105.551594935,52105.551902474,,2,GPU-5443d59d-561f-ed1e-da42-1975937205f9,ok,0,0,1515,165.927,45,1920,9501,390,292
1833,52106.551594935,52106.551898342,,2,GPU-5443d59d-561f-ed1e-da42-1975937205f9,ok,0,0,1515,127.54,43,1710,9501,390,292
1834,52107.551594935,52107.55203561,,2,GPU-5443d59d-561f-ed1e-da42-1975937205f9,ok,0,0,453,118.201,43,1710,9751,439,292
1835,52108.551594935,52108.551926878,,2,GPU-5443d59d-561f-ed1e-da42-1975937205f9,ok,0,0,453,102.065,42,510,5001,439,341
