tick_index,t_target_raw_s,t_receipt_raw_s,utc_anchor,gpu_index,gpu_uuid,status,util_gpu_pct,util_mem_pct,mem_used_mib,power_w,temp_c,clock_sm_mhz,clock_mem_mhz,pcie_tx_kbps,pcie_rx_kbps
-1,16839.803454883,16839.803606693,2026-08-25T01:04:21.943313+00:00,-1,anchor,anchor,,,,,,,,,
0,16839.803454883,16839.81773927,,0,GPU-42e33043-7008-2803-9ba8-9bb9ef7d0845,ok,0,0,464,95.511,64,405,5001,439,341
0,16839.803454883,16839.813740948,,1,GPU-bff95c83-0adb-feb7-9825-359f31b26de8,ok,0,0,464,29.823,38,210,405,488,341
1,16840.803454883,16840.80401438,,0,GPU-42e33043-7008-2803-9ba8-9bb9ef7d0845,ok,0,0,464,41.39,61,210,810,439,341
1,16840.803454883,16840.80403975,,1,GPU-bff95c83-0adb-feb7-9825-359f31b26de8,ok,0,0,464,28.563,38,210,405,488,390
2,16841.803454883,16841.804057587,,0,GPU-42e33043-7008-2803-9ba8-9bb9ef7d0845,ok,0,0,464,40.05,61,210,405,488,341
2,16841.803454883,16841.803987857,,1,GPU-bff95c83-0adb-feb7-9825-359f31b26de8,ok,0,0,464,35.25,38,210,405,439,341
3,16842.803454883,16842.804052684,,0,GPU-42e33043-7008-2803-9ba8-9bb9ef7d0845,ok,0,0,464,26.946,61,210,405,439,390
3,16842.803454883,16842.803987384,,1,GPU-bff95c83-0adb-feb7-9825-359f31b26de8,ok,0,0,464,35.602,38,210,405,439,341
4,16843.803454883,16843.8039149,,0,GPU-42e33043-7008-2803-9ba8-9bb9ef7d0845,ok,0,0,464,25.024,59,210,405,488,341
4,16843.803454883,16843.80394136,,1,GPU-bff95c83-0adb-feb7-9825-359f31b26de8,ok,0,0,464,30.121,38,210,405,488,341
5,16844.803454883,16844.803878487,,0,GPU-42e33043-7008-2803-9ba8-9bb9ef7d0845,ok,5,1,1528,37.391,61,1695,9501,3076,13281
5,16844.803454883,16844.803949447,,1,GPU-bff95c83-0adb-feb7-9825-359f31b26de8,ok,0,0,467,31.006,38,210,405,439,341
6,16845.803454883,16845.803819334,,0,GPU-42e33043-7008-2803-9ba8-9bb9ef7d0845,ok,100,20,1528,327.627,74,1470,9501,2734,13964
6,16845.803454883,16845.803889334,,1,GPU-bff95c83-0adb-feb7-9825-359f31b26de8,ok,0,0,467,42.266,38,210,405,439,341
7,16846.803454883,16846.803785341,,0,GPU-42e33043-7008-2803-9ba8-9bb9ef7d0845,ok,100,22,1528,347.164,76,1470,9501,2587,15185
7,16846.803454883,16846.803833281,,1,GPU-bff95c83-0adb-feb7-9825-359f31b26de8,ok,0,0,467,30.648,38,210,405,488,341
8,16847.803454883,16847.803792618,,0,GPU-42e33043-7008-2803-9ba8-9bb9ef7d0845,ok,100,20,1528,348.541,77,1470,9501,3320,12402
8,16847.803454883,16847.803854808,,1,GPU-bff95c83-0adb-feb7-9825-359f31b26de8,ok,0,0,467,29.41,38,210,405,488,341
9,16848.803454883,16848.803819614,,0,GPU-42e33043-7008-2803-9ba8-9bb9ef7d0845,ok,100,29,1528,348.083,77,1470,9501,4394,8203
9,16848.803454883,16848.804240885,,1,GPU-bff95c83-0adb-feb7-9825-359f31b26de8,ok,0,0,467,37.032,38,210,405,439,341
10,16849.803454883,16849.803828561,,0,GPU-42e33043-7008-2803-9ba8-9bb9ef7d0845,ok,100,23,1528,348.393,78,1440,9501,3808,10986
10,16849.803454883,16849.803903581,,1,GPU-bff95c83-0adb-feb7-9825-359f31b26de8,ok,0,0,467,37.769,38,210,405,488,341
11,16850.803454883,16850.803788648,,0,GPU-42e33043-7008-2803-9ba8-9bb9ef7d0845,ok,100,22,1528,348.68,79,1455,9501,2734,15380
11,16850.803454883,16850.803834548,,1,GPU-bff95c83-0adb-feb7-9825-359f31b26de8,ok,0,0,467,31.337,38,210,405,439,341
12,16851.803454883,16851.803781175,,0,GPU-42e33043-7008-2803-9ba8-9bb9ef7d0845,ok,100,21,1528,348.732,79,1455,9501,3662,10009
12,16851.803454883,16851.803830975,,1,GPU-bff95c83-0adb-feb7-9825-359f31b26de8,ok,0,0,467,29.53,38,210,405,439,341
13,16852.803454883,16852.803800362,,0,GPU-42e33043-7008-2803-9ba8-9bb9ef7d0845,ok,100,21,1528,349.0,79,1440,9501,3955,10791
13,16852.803454883,16852.803848202,,1,GPU-bff95c83-0adb-feb7-9825-359f31b26de8,ok,0,0,467,28.689,38,210,405,439,341
14,16853.803454883,16853.803783329,,0,GPU-42e33043-7008-2803-9ba8-9bb9ef7d0845,ok,100,21,1528,348.562,80,1455,9501,2539,14697
14,16853.803454883,16853.803830489,,1,GPU-bff95c83-0adb-feb7-9825-359f31b26de8,ok,0,0,467,28.901,38,210,405,439,341
15,16854.803454883,16854.803792875,,0,GPU-42e33043-7008-2803-9ba8-9bb9ef7d0845,ok,100,20,1528,348.636,80,1455,9501,3710,8691
15,16854.803454883,16854.803842325,,1,GPU-bff95c83-0adb-feb7-9825-359f31b26de8,ok,0,0,467,29.162,38,210,405,488,341
16,16855.803454883,16855.803810622,,0,GPU-42e33043-7008-2803-9ba8-9bb9ef7d0845,ok,100,23,1528,349.378,80,1440,9501,3613,12451
16,16855.803454883,16855.803859922,,1,GPU-bff95c83-0adb-feb7-9825-359f31b26de8,ok,0,0,467,33.165,38,210,405,488,341
17,16856.803454883,16856.803803809,,0,GPU-42e33043-7008-2803-9ba8-9bb9ef7d0845,ok,100,21,1528,349.053,80,1410,9501,3076,11230
17,16856.803454883,16856.803895009,,1,GPU-bff95c83-0adb-feb7-9825-359f31b26de8,ok,0,0,467,39.846,38,210,405,439,341
18,16857.803454883,16857.803801776,,0,GPU-42e33043-7008-2803-9ba8-9bb9ef7d0845,ok,100,20,1528,349.397,81,1455,9501,3808,10986
18,16857.803454883,16857.803847926,,1,GPU-bff95c83-0adb-feb7-9825-359f31b26de8,ok,0,0,467,30.856,38,210,405,439,341
19,16858.803454883,16858.803833723,,0,GPU-42e33043-7008-2803-9ba8-9bb9ef7d0845,ok,100,22,1528,348.873,81,1425,9501,2832,12353
19,16858.803454883,16858.803914673,,1,GPU-bff95c83-0adb-feb7-9825-359f31b26de8,ok,0,0,467,29.262,38,210,405,439,341
20,16859.803454883,16859.80379957,,0,GPU-42e33043-7008-2803-9ba8-9bb9ef7d0845,ok,100,19,1528,349.529,81,1455,9501,3906,10986
20,16859.803454883,16859.8038736,,1,GPU-bff95c83-0adb-feb7-9825-359f31b26de8,ok,0,0,467,28.582,38,210,405,439,341
21,16860.803454883,16860.803790706,,0,GPU-42e33043-7008-2803-9ba8-9bb9ef7d0845,ok,100,20,1528,348.995,81,1425,9501,2880,11816
21,16860.803454883,16860.803866097,,1,GPU-bff95c83-0adb-feb7-9825-359f31b26de8,ok,0,0,467,28.719,38,210,405,439,341
22,16861.803454883,16861.803789853,,0,GPU-42e33043-7008-2803-9ba8-9bb9ef7d0845,ok,100,19,1528,349.151,81,1455,9501,3613,9814
22,16861.803454883,16861.803834833,,1,GPU-bff95c83-0adb-feb7-9825-359f31b26de8,ok,0,0,467,29.321,38,210,405,439,341
23,16862.803454883,16862.80378784,,0,GPU-42e33043-7008-2803-9ba8-9bb9ef7d0845,ok,100,20,1528,348.608,81,1425,9501,3076,11035
23,16862.803454883,16862.80386304,,1,GPU-bff95c83-0adb-feb7-9825-359f31b26de8,ok,0,0,467,32.226,38,210,405,488,341
24,16863.803454883,16863.803788567,,0,GPU-42e33043-7008-2803-9ba8-9bb9ef7d0845,ok,100,19,1528,349.116,81,1455,9501,3320,11132
24,16863.803454883,16863.803860467,,1,GPU-bff95c83-0adb-feb7-9825-359f31b26de8,ok,0,0,467,40.09,38,210,405,439,341
25,16864.803454883,16864.803825724,,0,GPU-42e33043-7008-2803-9ba8-9bb9ef7d0845,ok,100,19,1528,349.092,82,1425,9501,3515,9326
25,16864.803454883,16864.803904224,,1,GPU-bff95c83-0adb-feb7-9825-359f31b26de8,ok,0,0,467,30.547,38,210,405,439,341
26,16865.803454883,16865.803798551,,0,GPU-42e33043-7008-2803-9ba8-9bb9ef7d0845,ok,100,20,1528,349.487,82,1440,9501,2685,13037
26,16865.803454883,16865.803848821,,1,GPU-bff95c83-0adb-feb7-9825-359f31b26de8,ok,0,0,467,29.457,38,210,405,439,341
27,16866.803454883,16866.803798218,,0,GPU-42e33043-7008-2803-9ba8-9bb9ef7d0845,ok,100,20,1528,349.381,82,1425,9501,4003,7812
27,16866.803454883,16866.803860158,,1,GPU-bff95c83-0adb-feb7-9825-359f31b26de8,ok,0,0,467,29.232,38,210,405,439,341
28,16867.803454883,16867.803790004,,0,GPU-42e33043-7008-2803-9ba8-9bb9ef7d0845,ok,100,20,1528,349.288,82,1425,9501,2392,11962
28,16867.803454883,16867.803840834,,1,GPU-bff95c83-0adb-feb7-9825-359f31b26de8,ok,0,0,467,28.933,38,210,405,488,341
29,16868.803454883,16868.803785301,,0,GPU-42e33043-7008-2803-9ba8-9bb9ef7d0845,ok,100,19,1528,349.397,82,1440,9501,3808,9619
29,16868.803454883,16868.803883401,,1,GPU-bff95c83-0adb-feb7-9825-359f31b26de8,ok,0,0,467,28.888,38,210,405,439,341
30,16869.803454883,16869.803787428,,0,GPU-42e33043-7008-2803-9ba8-9bb9ef7d0845,ok,100,20,1528,348.918,82,1425,9501,3125,10205
30,16869.803454883,16869.803838438,,1,GPU-bff95c83-0adb-feb7-9825-359f31b26de8,ok,0,0,467,30.879,38,210,405,439,341
31,16870.803454883,16870.803906915,,0,GPU-42e33043-7008-2803-9ba8-9bb9ef7d0845,ok,0,0,1528,294.412,74,1905,9501,390,292
31,16870.803454883,16870.803982045,,1,GPU-bff95c83-0adb-feb7-9825-359f31b26de8,ok,0,0,467,40.062,38,210,405,439,341
32,16871.803454883,16871.803962312,,0,GPU-42e33043-7008-2803-9ba8-9bb9ef7d0845,ok,0,0,1528,194.449,72,1920,9501,390,244
32,16871.803454883,16871.803990302,,1,GPU-bff95c83-0adb-feb7-9825-359f31b26de8,ok,0,0,467,30.608,38,210,405,439,341
33,16872.803454883,16872.803802149,,0,GPU-42e33043-7008-2803-9ba8-9bb9ef7d0845,ok,100,23,1528,203.1,78,1470,9501,4003,8886
33,16872.803454883,16872.804230719,,1,GPU-bff95c83-0adb-feb7-9825-359f31b26de8,ok,0,0,467,28.937,38,210,405,439,341
34,16873.803454883,16873.803805345,,0,GPU-42e33043-7008-2803-9ba8-9bb9ef7d0845,ok,100,21,1528,349.784,80,1455,9501,3320,13281
34,16873.803454883,16873.803851885,,1,GPU-bff95c83-0adb-feb7-9825-359f31b26de8,ok,0,0,467,28.303,38,210,405,439,341
35,16874.803454883,16874.803788012,,0,GPU-42e33043-7008-2803-9ba8-9bb9ef7d0845,ok,100,22,1528,349.549,81,1470,9501,4052,9033
35,16874.803454883,16874.803833942,,1,GPU-bff95c83-0adb-feb7-9825-359f31b26de8,ok,0,0,467,28.388,38,210,405,439,341
36,16875.803454883,16875.803786429,,0,GPU-42e33043-7008-2803-9ba8-9bb9ef7d0845,ok,100,21,1528,348.433,81,1455,9501,2685,14111
36,16875.803454883,16875.803862699,,1,GPU-bff95c83-0adb-feb7-9825-359f31b26de8,ok,0,0,467,28.568,38,210,405,439,341
37,16876.803454883,16876.803794076,,0,GPU-42e33043-7008-2803-9ba8-9bb9ef7d0845,ok,100,20,1528,349.523,81,1455,9501,3906,8496
37,16876.803454883,16876.803846816,,1,GPU-bff95c83-0adb-feb7-9825-359f31b26de8,ok,0,0,467,29.215,38,210,405,439,341
38,16877.803454883,16877.803843623,,0,GPU-42e33043-7008-2803-9ba8-9bb9ef7d0845,ok,100,22,1528,349.462,81,1455,9501,2832,13964
38,16877.803454883,16877.803868093,,1,GPU-bff95c83-0adb-feb7-9825-359f31b26de8,ok,0,0,467,39.511,38,210,405,439,341
39,16878.803454883,16878.80378627,,0,GPU-42e33043-7008-2803-9ba8-9bb9ef7d0845,ok,100,20,1528,349.634,81,1455,9501,4248,7324
39,16878.803454883,16878.80383395,,1,GPU-bff95c83-0adb-feb7-9825-359f31b26de8,ok,0,0,467,30.303,38,210,405,439,341
40,16879.803454883,16879.803784256,,0,GPU-42e33043-7008-2803-9ba8-9bb9ef7d0845,ok,100,21,1528,349.425,82,1425,9501,2490,12500
40,16879.803454883,16879.803830856,,1,GPU-bff95c83-0adb-feb7-9825-359f31b26de8,ok,0,0,467,28.707,38,210,405,439,341
41,16880.803454883,16880.803813533,,0,GPU-42e33043-7008-2803-9ba8-9bb9ef7d0845,ok,100,21,1528,349.696,82,1455,9501,3808,9228
41,16880.803454883,16880.803860693,,1,GPU-bff95c83-0adb-feb7-9825-359f31b26de8,ok,0,0,467,28.148,38,210,405,439,341
42,16881.803454883,16881.80381377,,0,GPU-42e33043-7008-2803-9ba8-9bb9ef7d0845,ok,100,20,1528,349.385,82,1425,9501,3076,9521
42,16881.803454883,16881.8038616,,1,GPU-bff95c83-0adb-feb7-9825-359f31b26de8,ok,0,0,467,28.19,38,210,405,488,341
43,16882.803454883,16882.803800547,,0,GPU-42e33043-7008-2803-9ba8-9bb9ef7d0845,ok,100,20,1528,349.389,82,1440,9501,3173,12939
43,16882.803454883,16882.803848507,,1,GPU-bff95c83-0adb-feb7-9825-359f31b26de8,ok,0,0,467,28.415,38,210,405,439,341
44,16883.803454883,16883.803821544,,0,GPU-42e33043-7008-2803-9ba8-9bb9ef7d0845,ok,100,20,1528,349.588,82,1440,9501,4003,8105
44,16883.803454883,16883.803868344,,1,GPU-bff95c83-0adb-feb7-9825-359f31b26de8,ok,0,0,467,28.226,38,210,405,537,341
45,16884.803454883,16884.803787511,,0,GPU-42e33043-7008-2803-9ba8-9bb9ef7d0845,ok,100,21,1528,349.315,82,1425,9501,2441,12939
45,16884.803454883,16884.803864351,,1,GPU-bff95c83-0adb-feb7-9825-359f31b26de8,ok,0,0,467,39.36,38,210,405,439,341
46,16885.803454883,16885.803789587,,0,GPU-42e33043-7008-2803-9ba8-9bb9ef7d0845,ok,100,20,1528,349.422,82,1440,9501,3613,9765
46,16885.803454883,16885.803840127,,1,GPU-bff95c83-0adb-feb7-9825-359f31b26de8,ok,0,0,467,39.572,38,210,405,439,341
47,16886.803454883,16886.803789184,,0,GPU-42e33043-7008-2803-9ba8-9bb9ef7d0845,ok,100,21,1528,349.147,82,1440,9501,3369,10742
47,16886.803454883,16886.803838514,,1,GPU-bff95c83-0adb-feb7-9825-359f31b26de8,ok,0,0,467,30.026,38,210,405,439,341
48,16887.803454883,16887.803890991,,0,GPU-42e33043-7008-2803-9ba8-9bb9ef7d0845,ok,100,20,1528,349.276,82,1440,9501,3076,12597
48,16887.803454883,16887.803859361,,1,GPU-bff95c83-0adb-feb7-9825-359f31b26de8,ok,0,0,467,28.499,38,210,405,439,341
49,16888.803454883,16888.803813658,,0,GPU-42e33043-7008-2803-9ba8-9bb9ef7d0845,ok,100,20,1528,349.251,82,1440,9501,4199,7470
49,16888.803454883,16888.803871998,,1,GPU-bff95c83-0adb-feb7-9825-359f31b26de8,ok,0,0,467,28.153,38,210,405,439,341
50,16889.803454883,16889.803792705,,0,GPU-42e33043-7008-2803-9ba8-9bb9ef7d0845,ok,100,21,1528,349.027,82,1410,9501,2490,12451
50,16889.803454883,16889.803841905,,1,GPU-bff95c83-0adb-feb7-9825-359f31b26de8,ok,0,0,467,28.205,38,210,405,439,292
51,16890.803454883,16890.803786142,,0,GPU-42e33043-7008-2803-9ba8-9bb9ef7d0845,ok,100,21,1528,349.574,82,1440,9501,3564,10009
51,16890.803454883,16890.803848242,,1,GPU-bff95c83-0adb-feb7-9825-359f31b26de8,ok,0,0,467,28.143,38,210,405,537,341
52,16891.803454883,16891.803793478,,0,GPU-42e33043-7008-2803-9ba8-9bb9ef7d0845,ok,100,20,1528,349.43,82,1425,9501,3466,9960
52,16891.803454883,16891.803855948,,1,GPU-bff95c83-0adb-feb7-9825-359f31b26de8,ok,0,0,467,33.182,38,210,405,439,341
53,16892.803454883,16892.803849215,,0,GPU-42e33043-7008-2803-9ba8-9bb9ef7d0845,ok,100,20,1528,349.01,82,1425,9501,2978,13330
53,16892.803454883,16892.803823355,,1,GPU-bff95c83-0adb-feb7-9825-359f31b26de8,ok,0,0,467,39.858,38,210,405,488,341
54,16893.803454883,16893.803813892,,0,GPU-42e33043-7008-2803-9ba8-9bb9ef7d0845,ok,100,19,1528,349.273,82,1425,9501,4003,7812
54,16893.803454883,16893.803865012,,1,GPU-bff95c83-0adb-feb7-9825-359f31b26de8,ok,0,0,467,29.378,38,210,405,488,341
55,16894.803454883,16894.803790429,,0,GPU-42e33043-7008-2803-9ba8-9bb9ef7d0845,ok,100,19,1528,348.519,82,1425,9501,3125,11865
55,16894.803454883,16894.803858269,,1,GPU-bff95c83-0adb-feb7-9825-359f31b26de8,ok,0,0,467,28.243,38,210,405,439,341
56,16895.803454883,16895.803797876,,0,GPU-42e33043-7008-2803-9ba8-9bb9ef7d0845,ok,100,20,1528,348.956,82,1425,9501,3271,13330
56,16895.803454883,16895.803897556,,1,GPU-bff95c83-0adb-feb7-9825-359f31b26de8,ok,0,0,467,28.357,38,210,405,439,341
57,16896.803454883,16896.803814453,,0,GPU-42e33043-7008-2803-9ba8-9bb9ef7d0845,ok,100,21,1528,349.417,82,1440,9501,4248,7666
57,16896.803454883,16896.803865393,,1,GPU-bff95c83-0adb-feb7-9825-359f31b26de8,ok,0,0,467,28.435,38,210,405,439,341
58,16897.803454883,16897.803833009,,0,GPU-42e33043-7008-2803-9ba8-9bb9ef7d0845,ok,100,20,1528,349.247,82,1425,9501,2685,12255
58,16897.803454883,16897.80390953,,1,GPU-bff95c83-0adb-feb7-9825-359f31b26de8,ok,0,0,467,28.537,38,210,405,439,341
59,16898.803454883,16898.803957916,,0,GPU-42e33043-7008-2803-9ba8-9bb9ef7d0845,ok,0,0,1528,270.668,72,1695,9501,341,292
59,16898.803454883,16898.803999836,,1,GPU-bff95c83-0adb-feb7-9825-359f31b26de8,ok,0,0,467,32.926,38,210,405,439,341
60,16899.803454883,16899.803897303,,0,GPU-42e33043-7008-2803-9ba8-9bb9ef7d0845,ok,0,0,1528,171.916,70,1695,9501,390,292
60,16899.803454883,16899.803971103,,1,GPU-bff95c83-0adb-feb7-9825-359f31b26de8,ok,0,0,467,40.131,38,210,405,439,341
61,16900.803454883,16900.80379357,,0,GPU-42e33043-7008-2803-9ba8-9bb9ef7d0845,ok,100,22,1528,192.327,78,1470,9501,3417,6396
61,16900.803454883,16900.80385783,,1,GPU-bff95c83-0adb-feb7-9825-359f31b26de8,ok,0,0,467,30.672,38,210,405,439,341
62,16901.803454883,16901.803804417,,0,GPU-42e33043-7008-2803-9ba8-9bb9ef7d0845,ok,100,22,1528,349.62,80,1455,9501,3222,11816
62,16901.803454883,16901.804248727,,1,GPU-bff95c83-0adb-feb7-9825-359f31b26de8,ok,0,0,467,29.258,38,210,405,439,341
63,16902.803454883,16902.803799044,,0,GPU-42e33043-7008-2803-9ba8-9bb9ef7d0845,ok,100,20,1528,349.666,81,1425,9501,3320,9716
63,16902.803454883,16902.803875534,,1,GPU-bff95c83-0adb-feb7-9825-359f31b26de8,ok,0,0,467,28.636,38,210,405,439,341
64,16903.803454883,16903.803914791,,0,GPU-42e33043-7008-2803-9ba8-9bb9ef7d0845,ok,100,21,1528,349.184,81,1440,9501,2978,12890
64,16903.803454883,16903.803945161,,1,GPU-bff95c83-0adb-feb7-9825-359f31b26de8,ok,0,0,467,28.563,38,210,405,439,341
65,16904.803454883,16904.803786297,,0,GPU-42e33043-7008-2803-9ba8-9bb9ef7d0845,ok,100,20,1528,349.604,81,1425,9501,4003,7666
65,16904.803454883,16904.803863497,,1,GPU-bff95c83-0adb-feb7-9825-359f31b26de8,ok,0,0,467,28.726,38,210,405,439,341
66,16905.803454883,16905.803787004,,0,GPU-42e33043-7008-2803-9ba8-9bb9ef7d0845,ok,100,20,1528,349.421,81,1440,9501,2490,13525
66,16905.803454883,16905.803854834,,1,GPU-bff95c83-0adb-feb7-9825-359f31b26de8,ok,0,0,467,31.768,38,210,405,439,341
67,16906.803454883,16906.803792491,,0,GPU-42e33043-7008-2803-9ba8-9bb9ef7d0845,ok,100,20,1528,349.587,82,1440,9501,3808,8886
67,16906.803454883,16906.803841741,,1,GPU-bff95c83-0adb-feb7-9825-359f31b26de8,ok,0,0,467,39.55,38,210,405,439,292
68,16907.803454883,16907.803791308,,0,GPU-42e33043-7008-2803-9ba8-9bb9ef7d0845,ok,100,20,1528,349.195,82,1440,9501,2929,11132
68,16907.803454883,16907.803866128,,1,GPU-bff95c83-0adb-feb7-9825-359f31b26de8,ok,0,0,467,30.046,38,210,405,439,341
69,16908.803454883,16908.803790775,,0,GPU-42e33043-7008-2803-9ba8-9bb9ef7d0845,ok,100,21,1528,348.884,82,1455,9501,3125,11328
69,16908.803454883,16908.803836705,,1,GPU-bff95c83-0adb-feb7-9825-359f31b26de8,ok,0,0,467,28.617,38,210,405,439,341
70,16909.803454883,16909.803790161,,0,GPU-42e33043-7008-2803-9ba8-9bb9ef7d0845,ok,100,20,1528,349.43,82,1425,9501,3613,8740
70,16909.803454883,16909.803835912,,1,GPU-bff95c83-0adb-feb7-9825-359f31b26de8,ok,0,0,467,28.433,38,210,405,439,341
71,16910.803454883,16910.803797018,,0,GPU-42e33043-7008-2803-9ba8-9bb9ef7d0845,ok,100,21,1528,349.112,82,1440,9501,2734,13574
71,16910.803454883,16910.803846768,,1,GPU-bff95c83-0adb-feb7-9825-359f31b26de8,ok,0,0,467,28.604,38,210,405,439,341
72,16911.803454883,16911.803786095,,0,GPU-42e33043-7008-2803-9ba8-9bb9ef7d0845,ok,100,21,1528,349.557,82,1440,9501,4150,7275
72,16911.803454883,16911.803859495,,1,GPU-bff95c83-0adb-feb7-9825-359f31b26de8,ok,0,0,467,28.71,38,210,405,439,341
73,16912.803454883,16912.803790682,,0,GPU-42e33043-7008-2803-9ba8-9bb9ef7d0845,ok,100,21,1528,349.52,82,1440,9501,2685,11816
73,16912.803454883,16912.803852682,,1,GPU-bff95c83-0adb-feb7-9825-359f31b26de8,ok,0,0,467,30.56,38,210,405,488,341
74,16913.803454883,16913.803811519,,0,GPU-42e33043-7008-2803-9ba8-9bb9ef7d0845,ok,100,20,1528,349.307,82,1440,9501,3515,10498
74,16913.803454883,16913.803869589,,1,GPU-bff95c83-0adb-feb7-9825-359f31b26de8,ok,0,0,467,39.977,38,210,405,439,341
75,16914.803454883,16914.803803916,,0,GPU-42e33043-7008-2803-9ba8-9bb9ef7d0845,ok,100,20,1528,349.327,82,1410,9501,3515,8837
75,16914.803454883,16914.803878596,,1,GPU-bff95c83-0adb-feb7-9825-359f31b26de8,ok,0,0,467,29.974,38,210,405,439,341
76,16915.803454883,16915.803788223,,0,GPU-42e33043-7008-2803-9ba8-9bb9ef7d0845,ok,100,20,1528,349.129,82,1440,9501,2685,13623
76,16915.803454883,16915.803836463,,1,GPU-bff95c83-0adb-feb7-9825-359f31b26de8,ok,0,0,467,28.678,38,210,405,439,341
77,16916.803454883,16916.803799619,,0,GPU-42e33043-7008-2803-9ba8-9bb9ef7d0845,ok,100,21,1528,349.574,82,1440,9501,3955,8251
77,16916.803454883,16916.803866559,,1,GPU-bff95c83-0adb-feb7-9825-359f31b26de8,ok,0,0,467,28.444,38,210,405,439,341
78,16917.803454883,16917.803826696,,0,GPU-42e33043-7008-2803-9ba8-9bb9ef7d0845,ok,100,21,1528,349.685,82,1425,9501,2783,10546
78,16917.803454883,16917.803901486,,1,GPU-bff95c83-0adb-feb7-9825-359f31b26de8,ok,0,0,467,28.54,38,210,405,439,341
79,16918.803454883,16918.803804593,,0,GPU-42e33043-7008-2803-9ba8-9bb9ef7d0845,ok,100,21,1528,349.403,82,1455,9501,3222,11181
79,16918.803454883,16918.803851703,,1,GPU-bff95c83-0adb-feb7-9825-359f31b26de8,ok,0,0,467,28.749,38,210,405,439,341
80,16919.803454883,16919.80389863,,0,GPU-42e33043-7008-2803-9ba8-9bb9ef7d0845,ok,100,19,1528,349.639,82,1410,9501,3710,7861
80,16919.803454883,16919.80391813,,1,GPU-bff95c83-0adb-feb7-9825-359f31b26de8,ok,0,0,467,28.907,38,210,405,439,341
81,16920.803454883,16920.803793947,,0,GPU-42e33043-7008-2803-9ba8-9bb9ef7d0845,ok,100,21,1528,349.217,82,1440,9501,2636,13281
81,16920.803454883,16920.803842697,,1,GPU-bff95c83-0adb-feb7-9825-359f31b26de8,ok,0,0,467,40.152,38,210,405,439,341
82,16921.803454883,16921.803787514,,0,GPU-42e33043-7008-2803-9ba8-9bb9ef7d0845,ok,100,20,1528,349.316,82,1440,9501,4150,8544
82,16921.803454883,16921.803884294,,1,GPU-bff95c83-0adb-feb7-9825-359f31b26de8,ok,0,0,467,30.738,38,210,405,439,341
83,16922.803454883,16922.8037928,,0,GPU-42e33043-7008-2803-9ba8-9bb9ef7d0845,ok,100,20,1528,349.262,82,1425,9501,3027,11132
83,16922.803454883,16922.80384012,,1,GPU-bff95c83-0adb-feb7-9825-359f31b26de8,ok,0,0,467,29.032,38,210,405,439,341
84,16923.803454883,16923.803928157,,0,GPU-42e33043-7008-2803-9ba8-9bb9ef7d0845,ok,100,20,1528,349.199,82,1440,9501,3222,12011
84,16923.803454883,16923.803913917,,1,GPU-bff95c83-0adb-feb7-9825-359f31b26de8,ok,0,0,467,28.377,38,210,405,439,341
85,16924.803454883,16924.803800044,,0,GPU-42e33043-7008-2803-9ba8-9bb9ef7d0845,ok,100,20,1528,349.458,82,1440,9501,4003,8105
85,16924.803454883,16924.803848534,,1,GPU-bff95c83-0adb-feb7-9825-359f31b26de8,ok,0,0,467,28.494,38,210,405,439,341
86,16925.803454883,16925.803785671,,0,GPU-42e33043-7008-2803-9ba8-9bb9ef7d0845,ok,100,19,1528,349.239,82,1425,9501,537,341
86,16925.803454883,16925.803835761,,1,GPU-bff95c83-0adb-feb7-9825-359f31b26de8,ok,0,0,467,28.721,38,210,405,439,341
87,16926.803454883,16926.803832468,,0,GPU-42e33043-7008-2803-9ba8-9bb9ef7d0845,ok,0,0,1528,265.329,73,1920,9501,439,292
87,16926.803454883,16926.803903538,,1,GPU-bff95c83-0adb-feb7-9825-359f31b26de8,ok,0,0,467,28.613,38,210,405,439,341
88,16927.803454883,16927.803901825,,0,GPU-42e33043-7008-2803-9ba8-9bb9ef7d0845,ok,0,0,1528,167.439,72,1935,9501,341,244
88,16927.803454883,16927.803963275,,1,GPU-bff95c83-0adb-feb7-9825-359f31b26de8,ok,0,0,467,39.145,38,210,405,488,341
89,16928.803454883,16928.803949711,,0,GPU-42e33043-7008-2803-9ba8-9bb9ef7d0845,ok,0,0,464,146.473,68,1695,9501,390,292
89,16928.803454883,16928.803982551,,1,GPU-bff95c83-0adb-feb7-9825-359f31b26de8,ok,0,0,464,32.466,38,210,405,488,341
90,16929.803454883,16929.803949258,,0,GPU-42e33043-7008-2803-9ba8-9bb9ef7d0845,ok,0,0,464,129.82,67,1695,9751,341,292
90,16929.803454883,16929.803886828,,1,GPU-bff95c83-0adb-feb7-9825-359f31b26de8,ok,0,0,464,36.183,38,210,405,439,341
91,16930.803454883,16930.803939235,,0,GPU-42e33043-7008-2803-9ba8-9bb9ef7d0845,ok,0,0,464,129.797,67,1695,9751,390,292
91,16930.803454883,16930.803917335,,1,GPU-bff95c83-0adb-feb7-9825-359f31b26de8,ok,0,0,464,30.616,38,210,405,439,341
92,16931.803454883,16931.803877952,,0,GPU-42e33043-7008-2803-9ba8-9bb9ef7d0845,ok,0,0,464,104.292,64,435,5001,439,341
92,16931.803454883,16931.803931962,,1,GPU-bff95c83-0adb-feb7-9825-359f31b26de8,ok,0,0,464,28.987,38,210,405,439,341
93,16932.803454883,16932.803884399,,0,GPU-42e33043-7008-2803-9ba8-9bb9ef7d0845,ok,0,0,464,72.749,61,255,810,439,341
93,16932.803454883,16932.803911379,,1,GPU-bff95c83-0adb-feb7-9825-359f31b26de8,ok,0,0,464,28.671,38,210,405,439,341
94,16933.803454883,16933.804450226,,0,GPU-42e33043-7008-2803-9ba8-9bb9ef7d0845,ok,0,0,464,29.041,60,210,405,439,341
94,16933.803454883,16933.804403106,,1,GPU-bff95c83-0adb-feb7-9825-359f31b26de8,ok,0,0,464,28.857,38,210,405,439,341
95,16934.803454883,16934.804056783,,0,GPU-42e33043-7008-2803-9ba8-9bb9ef7d0845,ok,35,0,1258,49.866,62,1695,9501,390,292
95,16934.803454883,16934.804003563,,1,GPU-bff95c83-0adb-feb7-9825-359f31b26de8,ok,0,0,467,37.002,38,210,405,439,341
96,16935.803454883,16935.803952509,,0,GPU-42e33043-7008-2803-9ba8-9bb9ef7d0845,ok,0,0,1258,124.574,63,1740,9501,341,292
96,16935.803454883,16935.803930949,,1,GPU-bff95c83-0adb-feb7-9825-359f31b26de8,ok,0,0,467,42.129,38,210,405,488,341
97,16936.803454883,16936.803980376,,0,GPU-42e33043-7008-2803-9ba8-9bb9ef7d0845,ok,14,7,1430,127.172,64,1695,9501,11718,79638
97,16936.803454883,16936.803935446,,1,GPU-bff95c83-0adb-feb7-9825-359f31b26de8,ok,0,0,467,30.328,38,210,405,488,341
98,16937.803454883,16937.803815483,,0,GPU-42e33043-7008-2803-9ba8-9bb9ef7d0845,ok,42,19,1490,185.171,68,1935,9501,11718,79394
98,16937.803454883,16937.803879563,,1,GPU-bff95c83-0adb-feb7-9825-359f31b26de8,ok,0,0,467,29.319,38,210,405,439,341
99,16938.803454883,16938.80380746,,0,GPU-42e33043-7008-2803-9ba8-9bb9ef7d0845,ok,37,16,1490,240.942,70,1935,9501,11621,80224
99,16938.803454883,16938.80385653,,1,GPU-bff95c83-0adb-feb7-9825-359f31b26de8,ok,0,0,467,29.523,38,210,405,439,341
100,16939.803454883,16939.803804497,,0,GPU-42e33043-7008-2803-9ba8-9bb9ef7d0845,ok,34,15,1490,241.551,70,1935,9501,11474,79052
100,16939.803454883,16939.803868617,,1,GPU-bff95c83-0adb-feb7-9825-359f31b26de8,ok,0,0,467,29.816,38,210,405,390,341
101,16940.803454883,16940.803800663,,0,GPU-42e33043-7008-2803-9ba8-9bb9ef7d0845,ok,37,16,1490,238.293,70,1935,9501,11523,78662
101,16940.803454883,16940.803867113,,1,GPU-bff95c83-0adb-feb7-9825-359f31b26de8,ok,0,0,467,29.965,38,210,405,439,292
102,16941.803454883,16941.8038017,,0,GPU-42e33043-7008-2803-9ba8-9bb9ef7d0845,ok,35,15,1490,239.306,70,1935,9501,11425,78564
102,16941.803454883,16941.80384994,,1,GPU-bff95c83-0adb-feb7-9825-359f31b26de8,ok,0,0,467,35.051,38,210,405,488,341
103,16942.803454883,16942.803794987,,0,GPU-42e33043-7008-2803-9ba8-9bb9ef7d0845,ok,37,16,1490,239.135,71,1935,9501,11669,51855
103,16942.803454883,16942.803860477,,1,GPU-bff95c83-0adb-feb7-9825-359f31b26de8,ok,0,0,467,36.831,38,210,405,488,341
104,16943.803454883,16943.803808494,,0,GPU-42e33043-7008-2803-9ba8-9bb9ef7d0845,ok,38,17,1490,240.534,71,1935,9501,11523,78076
104,16943.803454883,16943.803883834,,1,GPU-bff95c83-0adb-feb7-9825-359f31b26de8,ok,0,0,467,32.125,38,210,405,439,341
105,16944.803454883,16944.803786391,,0,GPU-42e33043-7008-2803-9ba8-9bb9ef7d0845,ok,39,17,1490,241.046,71,1935,9501,11523,77978
105,16944.803454883,16944.803851011,,1,GPU-bff95c83-0adb-feb7-9825-359f31b26de8,ok,0,0,467,30.44,38,210,405,439,341
106,16945.803454883,16945.803796078,,0,GPU-42e33043-7008-2803-9ba8-9bb9ef7d0845,ok,39,18,1490,243.79,71,1935,9501,11474,78613
106,16945.803454883,16945.803860208,,1,GPU-bff95c83-0adb-feb7-9825-359f31b26de8,ok,0,0,467,29.623,38,210,405,439,341
107,16946.803454883,16946.803891155,,0,GPU-42e33043-7008-2803-9ba8-9bb9ef7d0845,ok,41,18,1490,242.807,71,1935,9501,11523,78076
107,16946.803454883,16946.803920155,,1,GPU-bff95c83-0adb-feb7-9825-359f31b26de8,ok,0,0,467,29.625,38,210,405,439,341
108,16947.803454883,16947.803791921,,0,GPU-42e33043-7008-2803-9ba8-9bb9ef7d0845,ok,42,19,1490,241.394,71,1935,9501,11523,77392
108,16947.803454883,16947.803865221,,1,GPU-bff95c83-0adb-feb7-9825-359f31b26de8,ok,0,0,467,29.772,38,210,405,439,341
109,16948.803454883,16948.803806138,,0,GPU-42e33043-7008-2803-9ba8-9bb9ef7d0845,ok,42,19,1490,242.108,72,1890,9501,11474,78027
109,16948.803454883,16948.804257988,,1,GPU-bff95c83-0adb-feb7-9825-359f31b26de8,ok,0,0,467,32.314,38,210,405,439,341
110,16949.803454883,16949.803794135,,0,GPU-42e33043-7008-2803-9ba8-9bb9ef7d0845,ok,43,20,1490,244.735,72,1935,9501,10888,73779
110,16949.803454883,16949.803845375,,1,GPU-bff95c83-0adb-feb7-9825-359f31b26de8,ok,0,0,467,39.711,38,210,405,439,341
111,16950.803454883,16950.803792092,,0,GPU-42e33043-7008-2803-9ba8-9bb9ef7d0845,ok,39,18,1490,241.635,72,1935,9501,11621,78857
111,16950.803454883,16950.803837852,,1,GPU-bff95c83-0adb-feb7-9825-359f31b26de8,ok,0,0,467,31.505,38,210,405,439,341
112,16951.803454883,16951.803789749,,0,GPU-42e33043-7008-2803-9ba8-9bb9ef7d0845,ok,36,16,1490,244.643,72,1935,9501,11425,78857
112,16951.803454883,16951.803839349,,1,GPU-bff95c83-0adb-feb7-9825-359f31b26de8,ok,0,0,467,30.131,38,210,405,439,341
113,16952.803454883,16952.803786305,,0,GPU-42e33043-7008-2803-9ba8-9bb9ef7d0845,ok,35,15,1490,243.398,72,1935,9501,11621,79150
113,16952.803454883,16952.803850626,,1,GPU-bff95c83-0adb-feb7-9825-359f31b26de8,ok,0,0,467,29.633,38,210,405,439,341
114,16953.803454883,16953.803775172,,0,GPU-42e33043-7008-2803-9ba8-9bb9ef7d0845,ok,37,16,1490,242.462,72,1935,9501,11572,78613
114,16953.803454883,16953.803844752,,1,GPU-bff95c83-0adb-feb7-9825-359f31b26de8,ok,0,0,467,29.637,38,210,405,439,341
115,16954.803454883,16954.803789889,,0,GPU-42e33043-7008-2803-9ba8-9bb9ef7d0845,ok,37,16,1490,241.853,72,1935,9501,11621,78515
115,16954.803454883,16954.803847769,,1,GPU-bff95c83-0adb-feb7-9825-359f31b26de8,ok,0,0,467,29.768,38,210,405,439,341
116,16955.803454883,16955.803789326,,0,GPU-42e33043-7008-2803-9ba8-9bb9ef7d0845,ok,37,16,1490,240.448,72,1935,9501,11083,76904
116,16955.803454883,16955.803835086,,1,GPU-bff95c83-0adb-feb7-9825-359f31b26de8,ok,0,0,467,31.217,38,210,405,439,341
117,16956.803454883,16956.803789623,,0,GPU-42e33043-7008-2803-9ba8-9bb9ef7d0845,ok,38,17,1490,241.893,72,1935,9501,11718,78808
117,16956.803454883,16956.803859453,,1,GPU-bff95c83-0adb-feb7-9825-359f31b26de8,ok,0,0,467,39.909,38,210,405,439,341
118,16957.803454883,16957.80380672,,0,GPU-42e33043-7008-2803-9ba8-9bb9ef7d0845,ok,41,18,1490,246.845,73,1935,9501,11474,78271
118,16957.803454883,16957.80385368,,1,GPU-bff95c83-0adb-feb7-9825-359f31b26de8,ok,0,0,467,31.148,38,210,405,439,341
119,16958.803454883,16958.803838967,,0,GPU-42e33043-7008-2803-9ba8-9bb9ef7d0845,ok,39,18,1490,244.958,73,1935,9501,11523,78906
119,16958.803454883,16958.803788306,,1,GPU-bff95c83-0adb-feb7-9825-359f31b26de8,ok,0,0,467,29.914,38,210,405,488,341
120,16959.803454883,16959.803795483,,0,GPU-42e33043-7008-2803-9ba8-9bb9ef7d0845,ok,41,18,1490,246.815,73,1935,9501,11425,78515
120,16959.803454883,16959.803857853,,1,GPU-bff95c83-0adb-feb7-9825-359f31b26de8,ok,0,0,467,29.569,38,210,405,439,341
121,16960.803454883,16960.80378577,,0,GPU-42e33043-7008-2803-9ba8-9bb9ef7d0845,ok,41,18,1490,248.18,73,1935,9501,11523,77832
121,16960.803454883,16960.80388397,,1,GPU-bff95c83-0adb-feb7-9825-359f31b26de8,ok,0,0,467,29.493,38,210,405,439,341
122,16961.803454883,16961.803828487,,0,GPU-42e33043-7008-2803-9ba8-9bb9ef7d0845,ok,40,18,1490,248.727,74,1920,9501,11572,78466
122,16961.803454883,16961.803894487,,1,GPU-bff95c83-0adb-feb7-9825-359f31b26de8,ok,0,0,467,29.725,38,210,405,488,341
123,16962.803454883,16962.803795104,,0,GPU-42e33043-7008-2803-9ba8-9bb9ef7d0845,ok,41,18,1490,247.609,73,1920,9501,11523,78515
123,16962.803454883,16962.803863374,,1,GPU-bff95c83-0adb-feb7-9825-359f31b26de8,ok,1,0,467,29.871,38,210,405,439,341
124,16963.803454883,16963.803889331,,0,GPU-42e33043-7008-2803-9ba8-9bb9ef7d0845,ok,34,15,1490,245.935,73,1920,9501,11474,77783
124,16963.803454883,16963.803955771,,1,GPU-bff95c83-0adb-feb7-9825-359f31b26de8,ok,0,0,467,40.248,38,210,405,439,390
125,16964.803454883,16964.803777518,,0,GPU-42e33043-7008-2803-9ba8-9bb9ef7d0845,ok,35,15,1490,243.533,73,1920,9501,11523,78173
125,16964.803454883,16964.803816678,,1,GPU-bff95c83-0adb-feb7-9825-359f31b26de8,ok,0,0,467,30.819,38,210,405,439,341
126,16965.803454883,16965.803836334,,0,GPU-42e33043-7008-2803-9ba8-9bb9ef7d0845,ok,35,15,1490,243.48,73,1935,9501,11572,79394
126,16965.803454883,16965.803796614,,1,GPU-bff95c83-0adb-feb7-9825-359f31b26de8,ok,0,0,467,29.725,38,210,405,488,341
127,16966.803454883,16966.803848701,,0,GPU-42e33043-7008-2803-9ba8-9bb9ef7d0845,ok,36,15,1490,244.105,73,1935,9501,11035,75000
127,16966.803454883,16966.803808091,,1,GPU-bff95c83-0adb-feb7-9825-359f31b26de8,ok,0,0,467,29.539,38,210,405,488,341
128,16967.803454883,16967.803831618,,0,GPU-42e33043-7008-2803-9ba8-9bb9ef7d0845,ok,38,16,1490,243.566,74,1935,9501,9423,71777
128,16967.803454883,16967.803791048,,1,GPU-bff95c83-0adb-feb7-9825-359f31b26de8,ok,0,0,467,29.521,38,210,405,439,341
129,16968.803454883,16968.803836475,,0,GPU-42e33043-7008-2803-9ba8-9bb9ef7d0845,ok,36,16,1490,245.887,74,1935,9501,11669,79736
129,16968.803454883,16968.803796555,,1,GPU-bff95c83-0adb-feb7-9825-359f31b26de8,ok,0,0,467,29.729,38,210,405,439,341
130,16969.803454883,16969.803775132,,0,GPU-42e33043-7008-2803-9ba8-9bb9ef7d0845,ok,39,18,1490,245.918,74,1935,9501,10888,74121
130,16969.803454883,16969.803811752,,1,GPU-bff95c83-0adb-feb7-9825-359f31b26de8,ok,0,0,467,29.647,38,210,405,439,341
131,16970.803454883,16970.803781259,,0,GPU-42e33043-7008-2803-9ba8-9bb9ef7d0845,ok,37,17,1490,246.089,74,1935,9501,11572,78271
131,16970.803454883,16970.803819679,,1,GPU-bff95c83-0adb-feb7-9825-359f31b26de8,ok,0,0,467,34.915,38,210,405,439,341
132,16971.803454883,16971.803838885,,0,GPU-42e33043-7008-2803-9ba8-9bb9ef7d0845,ok,39,17,1490,246.214,74,1935,9501,11035,75146
132,16971.803454883,16971.803817495,,1,GPU-bff95c83-0adb-feb7-9825-359f31b26de8,ok,0,0,467,40.433,38,210,405,439,341
133,16972.803454883,16972.803836312,,0,GPU-42e33043-7008-2803-9ba8-9bb9ef7d0845,ok,37,17,1490,241.613,74,1935,9501,11669,79931
133,16972.803454883,16972.803796462,,1,GPU-bff95c83-0adb-feb7-9825-359f31b26de8,ok,0,0,467,31.434,38,210,405,439,341
134,16973.803454883,16973.803777709,,0,GPU-42e33043-7008-2803-9ba8-9bb9ef7d0845,ok,43,20,1490,252.526,75,1935,9501,10888,74169
134,16973.803454883,16973.803814439,,1,GPU-bff95c83-0adb-feb7-9825-359f31b26de8,ok,0,0,467,29.963,38,210,405,439,341
135,16974.803454883,16974.803852176,,0,GPU-42e33043-7008-2803-9ba8-9bb9ef7d0845,ok,40,18,1490,249.29,75,1935,9501,11669,79687
135,16974.803454883,16974.803799136,,1,GPU-bff95c83-0adb-feb7-9825-359f31b26de8,ok,0,0,467,29.257,38,210,405,439,341
136,16975.803454883,16975.803782013,,0,GPU-42e33043-7008-2803-9ba8-9bb9ef7d0845,ok,47,22,1490,253.494,76,1920,9501,11425,77685
136,16975.803454883,16975.803823973,,1,GPU-bff95c83-0adb-feb7-9825-359f31b26de8,ok,0,0,467,29.454,38,210,405,439,341
137,16976.803454883,16976.80390013,,0,GPU-42e33043-7008-2803-9ba8-9bb9ef7d0845,ok,41,18,1490,239.882,74,1920,9501,11621,78857
137,16976.803454883,16976.80392354,,1,GPU-bff95c83-0adb-feb7-9825-359f31b26de8,ok,0,0,467,29.582,38,210,405,488,341
138,16977.803454883,16977.803805086,,0,GPU-42e33043-7008-2803-9ba8-9bb9ef7d0845,ok,35,15,1490,240.032,74,1920,9501,11621,78125
138,16977.803454883,16977.803832816,,1,GPU-bff95c83-0adb-feb7-9825-359f31b26de8,ok,0,0,467,34.449,38,210,405,439,341
139,16978.803454883,16978.803837633,,0,GPU-42e33043-7008-2803-9ba8-9bb9ef7d0845,ok,38,16,1490,244.947,74,1905,9501,11718,79882
139,16978.803454883,16978.803796923,,1,GPU-bff95c83-0adb-feb7-9825-359f31b26de8,ok,0,0,467,39.786,38,210,405,488,341
140,16979.803454883,16979.8039045,,0,GPU-42e33043-7008-2803-9ba8-9bb9ef7d0845,ok,36,16,1490,238.63,74,1935,9501,11767,80175
140,16979.803454883,16979.80387895,,1,GPU-bff95c83-0adb-feb7-9825-359f31b26de8,ok,0,0,467,31.162,38,210,405,439,341
141,16980.803454883,16980.803777137,,0,GPU-42e33043-7008-2803-9ba8-9bb9ef7d0845,ok,38,16,1490,246.874,74,1935,9501,11523,78710
141,16980.803454883,16980.803829397,,1,GPU-bff95c83-0adb-feb7-9825-359f31b26de8,ok,0,0,467,29.746,38,210,405,488,341
142,16981.803454883,16981.803821194,,0,GPU-42e33043-7008-2803-9ba8-9bb9ef7d0845,ok,38,17,1490,247.672,75,1935,9501,10888,77929
142,16981.803454883,16981.803837674,,1,GPU-bff95c83-0adb-feb7-9825-359f31b26de8,ok,0,0,467,29.257,38,210,405,439,341
143,16982.803454883,16982.803782811,,0,GPU-42e33043-7008-2803-9ba8-9bb9ef7d0845,ok,39,17,1490,248.664,75,1935,9501,11572,78369
143,16982.803454883,16982.803836361,,1,GPU-bff95c83-0adb-feb7-9825-359f31b26de8,ok,0,0,467,29.378,38,210,405,439,341
144,16983.803454883,16983.803846197,,0,GPU-42e33043-7008-2803-9ba8-9bb9ef7d0845,ok,39,17,1490,251.511,75,1935,9501,11669,79736
144,16983.803454883,16983.803820177,,1,GPU-bff95c83-0adb-feb7-9825-359f31b26de8,ok,0,0,467,29.703,38,210,405,439,341
145,16984.803454883,16984.803957274,,0,GPU-42e33043-7008-2803-9ba8-9bb9ef7d0845,ok,39,18,1490,252.143,75,1935,9501,11572,79492
145,16984.803454883,16984.803933134,,1,GPU-bff95c83-0adb-feb7-9825-359f31b26de8,ok,0,0,467,33.758,38,210,405,439,341
146,16985.803454883,16985.803837371,,0,GPU-42e33043-7008-2803-9ba8-9bb9ef7d0845,ok,41,18,1490,253.027,75,1935,9501,11621,78808
146,16985.803454883,16985.803796991,,1,GPU-bff95c83-0adb-feb7-9825-359f31b26de8,ok,0,0,467,40.12,38,210,405,488,341
147,16986.803454883,16986.803779158,,0,GPU-42e33043-7008-2803-9ba8-9bb9ef7d0845,ok,41,18,1490,252.589,75,1935,9501,10888,74267
147,16986.803454883,16986.803834598,,1,GPU-bff95c83-0adb-feb7-9825-359f31b26de8,ok,0,0,467,30.815,38,210,405,439,341
148,16987.803454883,16987.803798515,,0,GPU-42e33043-7008-2803-9ba8-9bb9ef7d0845,ok,39,18,1490,249.24,75,1890,9501,11523,78027
148,16987.803454883,16987.803839975,,1,GPU-bff95c83-0adb-feb7-9825-359f31b26de8,ok,0,0,467,29.664,38,210,405,439,341
149,16988.803454883,16988.803864422,,0,GPU-42e33043-7008-2803-9ba8-9bb9ef7d0845,ok,44,20,1490,249.933,76,1935,9501,11669,79345
149,16988.803454883,16988.803812212,,1,GPU-bff95c83-0adb-feb7-9825-359f31b26de8,ok,0,0,467,29.491,38,210,405,439,341
150,16989.803454883,16989.803850858,,0,GPU-42e33043-7008-2803-9ba8-9bb9ef7d0845,ok,33,14,1490,254.316,75,1935,9501,11523,78857
150,16989.803454883,16989.803876018,,1,GPU-bff95c83-0adb-feb7-9825-359f31b26de8,ok,0,0,467,29.445,38,210,405,439,341
151,16990.803454883,16990.803860945,,0,GPU-42e33043-7008-2803-9ba8-9bb9ef7d0845,ok,35,15,1490,250.649,75,1920,9501,10986,74902
151,16990.803454883,16990.803808105,,1,GPU-bff95c83-0adb-feb7-9825-359f31b26de8,ok,0,0,467,29.51,38,210,405,439,341
152,16991.803454883,16991.803800972,,0,GPU-42e33043-7008-2803-9ba8-9bb9ef7d0845,ok,35,15,1490,245.702,75,1920,9501,11621,78759
152,16991.803454883,16991.803853842,,1,GPU-bff95c83-0adb-feb7-9825-359f31b26de8,ok,0,0,467,33.014,38,210,405,439,341
153,16992.803454883,16992.803871969,,0,GPU-42e33043-7008-2803-9ba8-9bb9ef7d0845,ok,34,15,1490,247.525,75,1935,9501,11035,75048
153,16992.803454883,16992.803818909,,1,GPU-bff95c83-0adb-feb7-9825-359f31b26de8,ok,0,0,467,40.386,38,210,405,439,341
154,16993.803454883,16993.803801676,,0,GPU-42e33043-7008-2803-9ba8-9bb9ef7d0845,ok,37,16,1490,247.224,75,1935,9501,11572,78857
154,16993.803454883,16993.803843466,,1,GPU-bff95c83-0adb-feb7-9825-359f31b26de8,ok,0,0,467,31.827,38,210,405,439,341
155,16994.803454883,16994.803789043,,0,GPU-42e33043-7008-2803-9ba8-9bb9ef7d0845,ok,37,16,1490,249.091,75,1935,9501,10888,74072
155,16994.803454883,16994.803838913,,1,GPU-bff95c83-0adb-feb7-9825-359f31b26de8,ok,0,0,467,30.198,38,210,405,439,341
156,16995.803454883,16995.803814969,,0,GPU-42e33043-7008-2803-9ba8-9bb9ef7d0845,ok,38,17,1490,247.591,75,1935,9501,11621,78759
156,16995.803454883,16995.803843109,,1,GPU-bff95c83-0adb-feb7-9825-359f31b26de8,ok,0,0,467,29.539,38,210,405,439,341
157,16996.803454883,16996.803876856,,0,GPU-42e33043-7008-2803-9ba8-9bb9ef7d0845,ok,40,18,1490,252.478,75,1935,9501,11767,79003
157,16996.803454883,16996.803824346,,1,GPU-bff95c83-0adb-feb7-9825-359f31b26de8,ok,0,0,467,29.514,38,210,405,439,341
158,16997.803454883,16997.803767003,,0,GPU-42e33043-7008-2803-9ba8-9bb9ef7d0845,ok,39,18,1490,246.491,75,1920,9501,11523,78369
158,16997.803454883,16997.803829203,,1,GPU-bff95c83-0adb-feb7-9825-359f31b26de8,ok,0,0,467,29.674,38,210,405,439,341
159,16998.803454883,16998.80380165,,0,GPU-42e33043-7008-2803-9ba8-9bb9ef7d0845,ok,33,15,1490,248.765,75,1935,9501,11572,78808
159,16998.803454883,16998.80383524,,1,GPU-bff95c83-0adb-feb7-9825-359f31b26de8,ok,0,0,467,31.913,38,210,405,488,341
160,16999.803454883,16999.803767027,,0,GPU-42e33043-7008-2803-9ba8-9bb9ef7d0845,ok,42,19,1490,253.578,76,1935,9501,11474,78662
160,16999.803454883,16999.803827967,,1,GPU-bff95c83-0adb-feb7-9825-359f31b26de8,ok,0,0,467,39.816,38,210,405,439,341
161,17000.803454883,17000.803852964,,0,GPU-42e33043-7008-2803-9ba8-9bb9ef7d0845,ok,42,19,1490,254.959,76,1935,9501,11621,78710
161,17000.803454883,17000.803799194,,1,GPU-bff95c83-0adb-feb7-9825-359f31b26de8,ok,0,0,467,31.262,38,210,405,439,341
162,17001.803454883,17001.803826791,,0,GPU-42e33043-7008-2803-9ba8-9bb9ef7d0845,ok,42,19,1490,250.697,76,1905,9501,11621,79931
162,17001.803454883,17001.80378847,,1,GPU-bff95c83-0adb-feb7-9825-359f31b26de8,ok,0,0,467,29.815,38,210,405,439,341
163,17002.803454883,17002.803838087,,0,GPU-42e33043-7008-2803-9ba8-9bb9ef7d0845,ok,43,19,1490,248.854,75,1920,9501,11669,79345
163,17002.803454883,17002.803816057,,1,GPU-bff95c83-0adb-feb7-9825-359f31b26de8,ok,0,0,467,29.399,38,210,405,439,341
164,17003.803454883,17003.803843114,,0,GPU-42e33043-7008-2803-9ba8-9bb9ef7d0845,ok,34,15,1490,246.821,75,1920,9501,11572,78759
164,17003.803454883,17003.803817134,,1,GPU-bff95c83-0adb-feb7-9825-359f31b26de8,ok,0,0,467,29.573,38,210,405,439,341
165,17004.803454883,17004.803824011,,0,GPU-42e33043-7008-2803-9ba8-9bb9ef7d0845,ok,35,15,1490,247.133,75,1920,9501,11425,78417
165,17004.803454883,17004.803838471,,1,GPU-bff95c83-0adb-feb7-9825-359f31b26de8,ok,0,0,467,29.855,38,210,405,488,341
166,17005.803454883,17005.803811428,,0,GPU-42e33043-7008-2803-9ba8-9bb9ef7d0845,ok,34,15,1490,246.941,75,1920,9501,10839,74511
166,17005.803454883,17005.803843468,,1,GPU-bff95c83-0adb-feb7-9825-359f31b26de8,ok,0,0,467,30.677,38,210,405,488,341
167,17006.803454883,17006.803792935,,0,GPU-42e33043-7008-2803-9ba8-9bb9ef7d0845,ok,36,16,1490,249.433,75,1935,9501,11572,79003
167,17006.803454883,17006.803832595,,1,GPU-bff95c83-0adb-feb7-9825-359f31b26de8,ok,0,0,467,40.172,38,210,405,488,341
168,17007.803454883,17007.803844172,,0,GPU-42e33043-7008-2803-9ba8-9bb9ef7d0845,ok,35,15,1490,248.824,75,1935,9501,10986,75146
168,17007.803454883,17007.803804112,,1,GPU-bff95c83-0adb-feb7-9825-359f31b26de8,ok,0,0,467,31.05,38,210,405,439,341
169,17008.803454883,17008.803787498,,0,GPU-42e33043-7008-2803-9ba8-9bb9ef7d0845,ok,38,17,1490,246.857,75,1935,9501,10888,74121
169,17008.803454883,17008.803824518,,1,GPU-bff95c83-0adb-feb7-9825-359f31b26de8,ok,0,0,467,29.857,38,210,405,439,341
170,17009.803454883,17009.803844435,,0,GPU-42e33043-7008-2803-9ba8-9bb9ef7d0845,ok,39,17,1490,231.043,73,1845,9501,11328,77734
170,17009.803454883,17009.803862765,,1,GPU-bff95c83-0adb-feb7-9825-359f31b26de8,ok,0,0,467,29.564,38,210,405,488,341
171,17010.803454883,17010.803800732,,0,GPU-42e33043-7008-2803-9ba8-9bb9ef7d0845,ok,38,17,1490,229.034,75,1935,9501,11376,78173
171,17010.803454883,17010.803843052,,1,GPU-bff95c83-0adb-feb7-9825-359f31b26de8,ok,0,0,467,29.469,38,210,405,439,341
172,17011.803454883,17011.803861329,,0,GPU-42e33043-7008-2803-9ba8-9bb9ef7d0845,ok,39,17,1490,247.543,75,1935,9501,11572,79199
172,17011.803454883,17011.803833319,,1,GPU-bff95c83-0adb-feb7-9825-359f31b26de8,ok,0,0,467,29.499,38,210,405,439,341
173,17012.803454883,17012.803863636,,0,GPU-42e33043-7008-2803-9ba8-9bb9ef7d0845,ok,37,17,1490,248.352,75,1935,9501,10888,74511
173,17012.803454883,17012.803847536,,1,GPU-bff95c83-0adb-feb7-9825-359f31b26de8,ok,0,0,467,29.206,38,210,405,439,341
174,17013.803454883,17013.803800013,,0,GPU-42e33043-7008-2803-9ba8-9bb9ef7d0845,ok,40,18,1490,246.206,75,1935,9501,11572,78613
174,17013.803454883,17013.804167403,,1,GPU-bff95c83-0adb-feb7-9825-359f31b26de8,ok,0,0,467,39.785,38,210,405,439,341
175,17014.803454883,17014.804006869,,0,GPU-42e33043-7008-2803-9ba8-9bb9ef7d0845,ok,42,19,1490,252.654,76,1935,9501,10888,73779
175,17014.803454883,17014.804059219,,1,GPU-bff95c83-0adb-feb7-9825-359f31b26de8,ok,0,0,467,39.94,38,210,405,439,341
176,17015.803454883,17015.803882966,,0,GPU-42e33043-7008-2803-9ba8-9bb9ef7d0845,ok,43,20,1490,249.173,76,1935,9501,10937,74853
176,17015.803454883,17015.803827536,,1,GPU-bff95c83-0adb-feb7-9825-359f31b26de8,ok,0,0,467,30.124,38,210,405,439,341
177,17016.803454883,17016.803831123,,0,GPU-42e33043-7008-2803-9ba8-9bb9ef7d0845,ok,43,20,1490,250.651,76,1935,9501,10839,74218
177,17016.803454883,17016.803845773,,1,GPU-bff95c83-0adb-feb7-9825-359f31b26de8,ok,0,0,467,29.161,38,210,405,439,341
178,17017.803454883,17017.80388053,,0,GPU-42e33043-7008-2803-9ba8-9bb9ef7d0845,ok,42,19,1490,249.598,76,1890,9501,11132,75000
178,17017.803454883,17017.80386087,,1,GPU-bff95c83-0adb-feb7-9825-359f31b26de8,ok,0,0,467,29.175,38,210,405,439,341
179,17018.803454883,17018.803857577,,0,GPU-42e33043-7008-2803-9ba8-9bb9ef7d0845,ok,40,18,1490,247.693,76,1920,9501,11181,73974
179,17018.803454883,17018.803870757,,1,GPU-bff95c83-0adb-feb7-9825-359f31b26de8,ok,0,0,467,29.1,38,210,405,439,341
180,17019.803454883,17019.803828374,,0,GPU-42e33043-7008-2803-9ba8-9bb9ef7d0845,ok,34,15,1490,246.827,76,1920,9501,11572,78710
180,17019.803454883,17019.803887784,,1,GPU-bff95c83-0adb-feb7-9825-359f31b26de8,ok,0,0,467,29.259,38,210,405,439,341
181,17020.803454883,17020.80380851,,0,GPU-42e33043-7008-2803-9ba8-9bb9ef7d0845,ok,34,15,1490,247.079,75,1920,9501,11572,78222
181,17020.803454883,17020.80386148,,1,GPU-bff95c83-0adb-feb7-9825-359f31b26de8,ok,0,0,467,34.373,38,210,405,439,341
182,17021.803454883,17021.803932447,,0,GPU-42e33043-7008-2803-9ba8-9bb9ef7d0845,ok,35,15,1490,249.03,75,1935,9501,11621,79687
182,17021.803454883,17021.803892837,,1,GPU-bff95c83-0adb-feb7-9825-359f31b26de8,ok,0,0,467,40.479,38,210,405,488,341
183,17022.803454883,17022.803920394,,0,GPU-42e33043-7008-2803-9ba8-9bb9ef7d0845,ok,34,15,1490,250.201,75,1935,9501,11523,78857
183,17022.803454883,17022.803827664,,1,GPU-bff95c83-0adb-feb7-9825-359f31b26de8,ok,0,0,467,31.432,38,210,405,488,341
184,17023.803454883,17023.803862281,,0,GPU-42e33043-7008-2803-9ba8-9bb9ef7d0845,ok,40,18,1490,249.383,75,1935,9501,11669,79394
184,17023.803454883,17023.803834581,,1,GPU-bff95c83-0adb-feb7-9825-359f31b26de8,ok,0,0,467,29.984,38,210,405,439,341
185,17024.803454883,17024.803834718,,0,GPU-42e33043-7008-2803-9ba8-9bb9ef7d0845,ok,39,18,1510,256.393,76,1935,9501,10498,43115
185,17024.803454883,17024.803848788,,1,GPU-bff95c83-0adb-feb7-9825-359f31b26de8,ok,0,0,467,29.344,38,210,405,439,341
186,17025.803454883,17025.803850745,,0,GPU-42e33043-7008-2803-9ba8-9bb9ef7d0845,ok,39,18,1510,251.921,75,1935,9501,9765,75537
186,17025.803454883,17025.803841635,,1,GPU-bff95c83-0adb-feb7-9825-359f31b26de8,ok,0,0,467,29.399,37,210,405,439,341
187,17026.803454883,17026.803860011,,0,GPU-42e33043-7008-2803-9ba8-9bb9ef7d0845,ok,36,17,1510,248.788,75,1935,9501,11718,79248
187,17026.803454883,17026.803820631,,1,GPU-bff95c83-0adb-feb7-9825-359f31b26de8,ok,0,0,467,29.609,38,210,405,439,292
188,17027.803454883,17027.803835248,,0,GPU-42e33043-7008-2803-9ba8-9bb9ef7d0845,ok,41,18,1510,251.385,76,1935,9501,11523,77929
188,17027.803454883,17027.803848388,,1,GPU-bff95c83-0adb-feb7-9825-359f31b26de8,ok,0,0,467,33.444,38,210,405,488,341
189,17028.803454883,17028.803848225,,0,GPU-42e33043-7008-2803-9ba8-9bb9ef7d0845,ok,42,19,1510,253.438,76,1935,9501,11474,77685
189,17028.803454883,17028.803861055,,1,GPU-bff95c83-0adb-feb7-9825-359f31b26de8,ok,0,0,467,39.641,38,210,405,439,341
190,17029.803454883,17029.803726622,,0,GPU-42e33043-7008-2803-9ba8-9bb9ef7d0845,ok,39,17,1510,251.561,76,1935,9501,11474,78320
190,17029.803454883,17029.803779402,,1,GPU-bff95c83-0adb-feb7-9825-359f31b26de8,ok,0,0,467,31.08,38,210,405,488,341
191,17030.803454883,17030.803831959,,0,GPU-42e33043-7008-2803-9ba8-9bb9ef7d0845,ok,42,18,1510,250.241,76,1935,9501,10742,72949
191,17030.803454883,17030.803853989,,1,GPU-bff95c83-0adb-feb7-9825-359f31b26de8,ok,0,0,467,29.854,38,210,405,439,341
192,17031.803454883,17031.803793416,,0,GPU-42e33043-7008-2803-9ba8-9bb9ef7d0845,ok,39,17,1510,249.17,75,1935,9501,10839,73828
192,17031.803454883,17031.803833126,,1,GPU-bff95c83-0adb-feb7-9825-359f31b26de8,ok,0,0,467,29.478,38,210,405,439,341
193,17032.803454883,17032.803803542,,0,GPU-42e33043-7008-2803-9ba8-9bb9ef7d0845,ok,41,18,1510,240.231,74,1815,9501,11328,78369
193,17032.803454883,17032.803857712,,1,GPU-bff95c83-0adb-feb7-9825-359f31b26de8,ok,0,0,467,29.501,38,210,405,488,341
194,17033.803454883,17033.803849719,,0,GPU-42e33043-7008-2803-9ba8-9bb9ef7d0845,ok,45,21,1510,214.102,73,1875,9501,11230,77636
194,17033.803454883,17033.803869059,,1,GPU-bff95c83-0adb-feb7-9825-359f31b26de8,ok,0,0,467,29.558,38,210,405,488,341
195,17034.803454883,17034.803830476,,0,GPU-42e33043-7008-2803-9ba8-9bb9ef7d0845,ok,39,17,1510,246.765,76,1920,9501,11425,77880
195,17034.803454883,17034.803847176,,1,GPU-bff95c83-0adb-feb7-9825-359f31b26de8,ok,0,0,467,32.741,38,210,405,439,341
196,17035.803454883,17035.803797763,,0,GPU-42e33043-7008-2803-9ba8-9bb9ef7d0845,ok,35,15,1510,250.427,76,1920,9501,11474,78271
196,17035.803454883,17035.803852903,,1,GPU-bff95c83-0adb-feb7-9825-359f31b26de8,ok,0,0,467,40.17,38,210,405,488,341
197,17036.803454883,17036.80382184,,0,GPU-42e33043-7008-2803-9ba8-9bb9ef7d0845,ok,35,16,1510,249.291,75,1920,9501,11572,77636
197,17036.803454883,17036.80383392,,1,GPU-bff95c83-0adb-feb7-9825-359f31b26de8,ok,0,0,467,30.556,38,210,405,439,341
198,17037.803454883,17037.803832707,,0,GPU-42e33043-7008-2803-9ba8-9bb9ef7d0845,ok,37,16,1510,249.699,75,1920,9501,11621,79492
198,17037.803454883,17037.803819817,,1,GPU-bff95c83-0adb-feb7-9825-359f31b26de8,ok,0,0,467,29.439,38,210,405,439,341
199,17038.803454883,17038.803864043,,0,GPU-42e33043-7008-2803-9ba8-9bb9ef7d0845,ok,37,16,1510,252.309,75,1935,9501,11572,77832
199,17038.803454883,17038.803885353,,1,GPU-bff95c83-0adb-feb7-9825-359f31b26de8,ok,0,0,467,29.236,38,210,405,439,341
200,17039.803454883,17039.80385724,,0,GPU-42e33043-7008-2803-9ba8-9bb9ef7d0845,ok,38,17,1510,250.889,75,1935,9501,11621,79589
200,17039.803454883,17039.80383402,,1,GPU-bff95c83-0adb-feb7-9825-359f31b26de8,ok,0,0,467,29.232,38,210,405,439,341
201,17040.803454883,17040.803976187,,0,GPU-42e33043-7008-2803-9ba8-9bb9ef7d0845,ok,38,17,1510,249.16,75,1920,9501,10205,62451
201,17040.803454883,17040.804064097,,1,GPU-bff95c83-0adb-feb7-9825-359f31b26de8,ok,0,0,467,29.439,38,210,405,439,341
202,17041.803454883,17041.803797494,,0,GPU-42e33043-7008-2803-9ba8-9bb9ef7d0845,ok,38,17,1510,244.445,75,1935,9501,11523,77929
202,17041.803454883,17041.803876714,,1,GPU-bff95c83-0adb-feb7-9825-359f31b26de8,ok,0,0,467,31.609,38,210,405,439,341
203,17042.803454883,17042.803793161,,0,GPU-42e33043-7008-2803-9ba8-9bb9ef7d0845,ok,39,17,1510,250.961,75,1935,9501,11376,77392
203,17042.803454883,17042.803876881,,1,GPU-bff95c83-0adb-feb7-9825-359f31b26de8,ok,0,0,467,40.39,38,210,405,488,341
204,17043.803454883,17043.803792598,,0,GPU-42e33043-7008-2803-9ba8-9bb9ef7d0845,ok,39,18,1510,253.364,76,1935,9501,11425,78515
204,17043.803454883,17043.803874928,,1,GPU-bff95c83-0adb-feb7-9825-359f31b26de8,ok,0,0,467,31.567,38,210,405,439,341
205,17044.803454883,17044.803786124,,0,GPU-42e33043-7008-2803-9ba8-9bb9ef7d0845,ok,41,18,1510,252.245,76,1935,9501,11474,78125
205,17044.803454883,17044.803875225,,1,GPU-bff95c83-0adb-feb7-9825-359f31b26de8,ok,0,0,467,30.02,38,210,405,439,341
206,17045.803454883,17045.803788351,,0,GPU-42e33043-7008-2803-9ba8-9bb9ef7d0845,ok,43,20,1510,253.667,76,1935,9501,11523,77929
206,17045.803454883,17045.803871601,,1,GPU-bff95c83-0adb-feb7-9825-359f31b26de8,ok,0,0,467,29.407,38,210,405,488,341
207,17046.803454883,17046.803789728,,0,GPU-42e33043-7008-2803-9ba8-9bb9ef7d0845,ok,44,20,1510,254.208,76,1875,9501,11523,78369
207,17046.803454883,17046.803876048,,1,GPU-bff95c83-0adb-feb7-9825-359f31b26de8,ok,0,0,467,29.452,38,210,405,488,341
208,17047.803454883,17047.803784925,,0,GPU-42e33043-7008-2803-9ba8-9bb9ef7d0845,ok,35,15,1510,252.23,77,1920,9501,11474,78613
208,17047.803454883,17047.803865475,,1,GPU-bff95c83-0adb-feb7-9825-359f31b26de8,ok,0,0,467,29.52,38,210,405,439,341
209,17048.803454883,17048.803787562,,0,GPU-42e33043-7008-2803-9ba8-9bb9ef7d0845,ok,36,16,1510,251.149,75,1920,9501,11523,78271
209,17048.803454883,17048.803853312,,1,GPU-bff95c83-0adb-feb7-9825-359f31b26de8,ok,0,0,467,29.929,38,210,405,439,341
210,17049.803454883,17049.803803539,,0,GPU-42e33043-7008-2803-9ba8-9bb9ef7d0845,ok,37,16,1510,249.901,75,1920,9501,11572,78222
210,17049.803454883,17049.803877539,,1,GPU-bff95c83-0adb-feb7-9825-359f31b26de8,ok,0,0,467,39.563,38,210,405,439,292
211,17050.803454883,17050.803969686,,0,GPU-42e33043-7008-2803-9ba8-9bb9ef7d0845,ok,37,16,1510,249.188,75,1920,9501,11572,79492
211,17050.803454883,17050.804064676,,1,GPU-bff95c83-0adb-feb7-9825-359f31b26de8,ok,0,0,467,31.142,38,210,405,439,341
212,17051.803454883,17051.803788042,,0,GPU-42e33043-7008-2803-9ba8-9bb9ef7d0845,ok,42,19,1512,256.623,76,1935,9501,11816,78466
212,17051.803454883,17051.803834452,,1,GPU-bff95c83-0adb-feb7-9825-359f31b26de8,ok,0,0,467,29.879,38,210,405,488,341
213,17052.803454883,17052.803787569,,0,GPU-42e33043-7008-2803-9ba8-9bb9ef7d0845,ok,37,16,1572,256.284,75,1935,9501,11523,71582
213,17052.803454883,17052.803873389,,1,GPU-bff95c83-0adb-feb7-9825-359f31b26de8,ok,0,0,467,29.521,38,210,405,488,341
214,17053.803454883,17053.803878406,,0,GPU-42e33043-7008-2803-9ba8-9bb9ef7d0845,ok,38,17,1572,253.901,76,1935,9501,11523,78222
214,17053.803454883,17053.803849216,,1,GPU-bff95c83-0adb-feb7-9825-359f31b26de8,ok,0,0,467,29.388,38,210,405,439,341
215,17054.803454883,17054.803837043,,0,GPU-42e33043-7008-2803-9ba8-9bb9ef7d0845,ok,38,17,1572,251.029,75,1935,9501,11474,78808
215,17054.803454883,17054.803816143,,1,GPU-bff95c83-0adb-feb7-9825-359f31b26de8,ok,0,0,467,29.465,38,210,405,439,341
216,17055.803454883,17055.80384886,,0,GPU-42e33043-7008-2803-9ba8-9bb9ef7d0845,ok,38,17,1572,250.71,75,1935,9501,10888,74023
216,17055.803454883,17055.80379659,,1,GPU-bff95c83-0adb-feb7-9825-359f31b26de8,ok,0,0,467,29.455,38,210,405,439,341
217,17056.803454883,17056.803776677,,0,GPU-42e33043-7008-2803-9ba8-9bb9ef7d0845,ok,41,18,1572,248.142,75,1935,9501,11523,77734
217,17056.803454883,17056.803813427,,1,GPU-bff95c83-0adb-feb7-9825-359f31b26de8,ok,0,0,467,39.861,38,210,405,439,341
218,17057.803454883,17057.803850123,,0,GPU-42e33043-7008-2803-9ba8-9bb9ef7d0845,ok,43,20,1572,256.244,76,1935,9501,11669,78710
218,17057.803454883,17057.803798053,,1,GPU-bff95c83-0adb-feb7-9825-359f31b26de8,ok,0,0,467,40.032,38,210,405,439,341
219,17058.803454883,17058.8038552,,0,GPU-42e33043-7008-2803-9ba8-9bb9ef7d0845,ok,39,18,1572,254.61,76,1935,9501,10888,74658
219,17058.803454883,17058.80380271,,1,GPU-bff95c83-0adb-feb7-9825-359f31b26de8,ok,0,0,467,31.077,38,210,405,439,341
220,17059.803454883,17059.803784467,,0,GPU-42e33043-7008-2803-9ba8-9bb9ef7d0845,ok,39,18,1572,247.562,75,1935,9501,10888,73486
220,17059.803454883,17059.803823667,,1,GPU-bff95c83-0adb-feb7-9825-359f31b26de8,ok,0,0,467,29.896,38,210,405,439,341
221,17060.803454883,17060.803873554,,0,GPU-42e33043-7008-2803-9ba8-9bb9ef7d0845,ok,45,21,1572,243.47,74,1845,9501,11523,79003
221,17060.803454883,17060.803820424,,1,GPU-bff95c83-0adb-feb7-9825-359f31b26de8,ok,0,0,467,29.65,38,210,405,439,341
222,17061.803454883,17061.803850841,,0,GPU-42e33043-7008-2803-9ba8-9bb9ef7d0845,ok,42,19,1572,247.598,76,1920,9501,11474,77832
222,17061.803454883,17061.803798211,,1,GPU-bff95c83-0adb-feb7-9825-359f31b26de8,ok,0,0,467,29.541,38,210,405,439,341
223,17062.803454883,17062.803846128,,0,GPU-42e33043-7008-2803-9ba8-9bb9ef7d0845,ok,32,14,1572,250.254,76,1920,9501,11621,78955
223,17062.803454883,17062.803827138,,1,GPU-bff95c83-0adb-feb7-9825-359f31b26de8,ok,0,0,467,29.751,38,210,405,439,341
224,17063.803454883,17063.803817814,,0,GPU-42e33043-7008-2803-9ba8-9bb9ef7d0845,ok,37,16,1572,248.812,75,1920,9501,11230,77929
224,17063.803454883,17063.803833994,,1,GPU-bff95c83-0adb-feb7-9825-359f31b26de8,ok,0,0,467,34.339,38,210,405,439,341
225,17064.803454883,17064.803839451,,0,GPU-42e33043-7008-2803-9ba8-9bb9ef7d0845,ok,34,15,1572,249.641,75,1920,9501,11425,78222
225,17064.803454883,17064.803799681,,1,GPU-bff95c83-0adb-feb7-9825-359f31b26de8,ok,0,0,467,40.04,38,210,405,439,390
226,17065.803454883,17065.803834478,,0,GPU-42e33043-7008-2803-9ba8-9bb9ef7d0845,ok,37,16,1572,249.071,75,1935,9501,11572,78857
226,17065.803454883,17065.803815648,,1,GPU-bff95c83-0adb-feb7-9825-359f31b26de8,ok,0,0,467,31.565,38,210,405,439,341
227,17066.803454883,17066.803793215,,0,GPU-42e33043-7008-2803-9ba8-9bb9ef7d0845,ok,37,16,1572,248.723,75,1935,9501,11523,78857
227,17066.803454883,17066.803845895,,1,GPU-bff95c83-0adb-feb7-9825-359f31b26de8,ok,0,0,467,30.099,38,210,405,439,341
228,17067.803454883,17067.803782072,,0,GPU-42e33043-7008-2803-9ba8-9bb9ef7d0845,ok,38,17,1572,253.33,76,1935,9501,11572,78027
228,17067.803454883,17067.803820852,,1,GPU-bff95c83-0adb-feb7-9825-359f31b26de8,ok,0,0,467,29.557,38,210,405,439,341
229,17068.803454883,17068.803804999,,0,GPU-42e33043-7008-2803-9ba8-9bb9ef7d0845,ok,36,16,1572,252.729,75,1935,9501,10888,51708
229,17068.803454883,17068.803830899,,1,GPU-bff95c83-0adb-feb7-9825-359f31b26de8,ok,0,0,467,29.645,38,210,405,439,341
230,17069.803454883,17069.803844705,,0,GPU-42e33043-7008-2803-9ba8-9bb9ef7d0845,ok,39,18,1572,251.374,75,1935,9501,11621,78808
230,17069.803454883,17069.803831565,,1,GPU-bff95c83-0adb-feb7-9825-359f31b26de8,ok,0,0,467,29.856,38,210,405,439,341
231,17070.803454883,17070.803822762,,0,GPU-42e33043-7008-2803-9ba8-9bb9ef7d0845,ok,38,18,1572,251.943,75,1935,9501,11328,77587
231,17070.803454883,17070.803836672,,1,GPU-bff95c83-0adb-feb7-9825-359f31b26de8,ok,0,0,467,33.334,38,210,405,488,341
232,17071.803454883,17071.803782879,,0,GPU-42e33043-7008-2803-9ba8-9bb9ef7d0845,ok,40,18,1572,252.074,76,1935,9501,11474,77001
232,17071.803454883,17071.803838219,,1,GPU-bff95c83-0adb-feb7-9825-359f31b26de8,ok,0,0,467,39.539,38,210,405,439,390
233,17072.803454883,17072.803805076,,0,GPU-42e33043-7008-2803-9ba8-9bb9ef7d0845,ok,36,17,1572,249.699,75,1935,9501,11376,77587
233,17072.803454883,17072.803812476,,1,GPU-bff95c83-0adb-feb7-9825-359f31b26de8,ok,0,0,467,31.336,38,210,405,488,341
234,17073.803454883,17073.803778853,,0,GPU-42e33043-7008-2803-9ba8-9bb9ef7d0845,ok,40,18,1572,248.505,76,1935,9501,11328,78027
234,17073.803454883,17073.803832983,,1,GPU-bff95c83-0adb-feb7-9825-359f31b26de8,ok,0,0,467,29.837,38,210,405,488,341
235,17074.803454883,17074.80378734,,0,GPU-42e33043-7008-2803-9ba8-9bb9ef7d0845,ok,42,19,1572,254.052,76,1935,9501,11474,77929
235,17074.803454883,17074.80382716,,1,GPU-bff95c83-0adb-feb7-9825-359f31b26de8,ok,0,0,467,29.24,38,210,405,439,341
236,17075.803454883,17075.803872136,,0,GPU-42e33043-7008-2803-9ba8-9bb9ef7d0845,ok,42,19,1572,252.073,76,1920,9501,11474,77587
236,17075.803454883,17075.803902186,,1,GPU-bff95c83-0adb-feb7-9825-359f31b26de8,ok,0,0,467,29.227,38,210,405,439,341
237,17076.803454883,17076.803825363,,0,GPU-42e33043-7008-2803-9ba8-9bb9ef7d0845,ok,34,14,1572,250.242,75,1920,9501,11376,77246
237,17076.803454883,17076.803851113,,1,GPU-bff95c83-0adb-feb7-9825-359f31b26de8,ok,0,0,467,29.506,38,210,405,488,341
238,17077.803454883,17077.80378758,,0,GPU-42e33043-7008-2803-9ba8-9bb9ef7d0845,ok,34,15,1572,245.443,75,1920,9501,11474,78027
238,17077.803454883,17077.80382725,,1,GPU-bff95c83-0adb-feb7-9825-359f31b26de8,ok,0,0,467,32.534,38,210,405,439,341
239,17078.803454883,17078.803851907,,0,GPU-42e33043-7008-2803-9ba8-9bb9ef7d0845,ok,34,15,1572,247.068,75,1920,9501,11572,78710
239,17078.803454883,17078.803799027,,1,GPU-bff95c83-0adb-feb7-9825-359f31b26de8,ok,0,0,467,39.895,38,210,405,488,341
240,17079.803454883,17079.803837804,,0,GPU-42e33043-7008-2803-9ba8-9bb9ef7d0845,ok,37,16,1572,248.026,75,1920,9501,11523,79150
240,17079.803454883,17079.803816064,,1,GPU-bff95c83-0adb-feb7-9825-359f31b26de8,ok,0,0,467,31.276,38,210,405,439,341
241,17080.803454883,17080.803849541,,0,GPU-42e33043-7008-2803-9ba8-9bb9ef7d0845,ok,38,17,1572,250.091,75,1935,9501,11621,79003
241,17080.803454883,17080.803796931,,1,GPU-bff95c83-0adb-feb7-9825-359f31b26de8,ok,0,0,467,30.096,38,210,405,439,341
242,17081.803454883,17081.803815347,,0,GPU-42e33043-7008-2803-9ba8-9bb9ef7d0845,ok,38,17,1572,251.884,75,1935,9501,11474,75585
242,17081.803454883,17081.803831787,,1,GPU-bff95c83-0adb-feb7-9825-359f31b26de8,ok,0,0,467,29.789,38,210,405,439,341
243,17082.803454883,17082.803783924,,0,GPU-42e33043-7008-2803-9ba8-9bb9ef7d0845,ok,39,18,1572,246.23,74,1905,9501,11474,78125
243,17082.803454883,17082.803825214,,1,GPU-bff95c83-0adb-feb7-9825-359f31b26de8,ok,0,0,467,29.751,38,210,405,439,341
244,17083.803454883,17083.803778121,,0,GPU-42e33043-7008-2803-9ba8-9bb9ef7d0845,ok,42,19,1572,251.279,76,1935,9501,11328,77636
244,17083.803454883,17083.803816021,,1,GPU-bff95c83-0adb-feb7-9825-359f31b26de8,ok,0,0,467,29.888,38,210,405,439,341
245,17084.803454883,17084.803787598,,0,GPU-42e33043-7008-2803-9ba8-9bb9ef7d0845,ok,37,17,1572,252.536,75,1935,9501,11474,77929
245,17084.803454883,17084.803826998,,1,GPU-bff95c83-0adb-feb7-9825-359f31b26de8,ok,0,0,467,31.787,38,210,405,439,341
246,17085.803454883,17085.803831125,,0,GPU-42e33043-7008-2803-9ba8-9bb9ef7d0845,ok,39,18,1572,251.958,76,1935,9501,11523,78808
246,17085.803454883,17085.803819715,,1,GPU-bff95c83-0adb-feb7-9825-359f31b26de8,ok,0,0,467,40.317,38,210,405,488,341
247,17086.803454883,17086.803784662,,0,GPU-42e33043-7008-2803-9ba8-9bb9ef7d0845,ok,40,18,1572,250.452,75,1935,9501,11474,77685
247,17086.803454883,17086.803837242,,1,GPU-bff95c83-0adb-feb7-9825-359f31b26de8,ok,0,0,467,30.667,38,210,405,439,341
248,17087.803454883,17087.803804788,,0,GPU-42e33043-7008-2803-9ba8-9bb9ef7d0845,ok,42,19,1572,251.509,76,1935,9501,11523,78125
248,17087.803454883,17087.803821278,,1,GPU-bff95c83-0adb-feb7-9825-359f31b26de8,ok,0,0,467,29.659,38,210,405,439,341
249,17088.803454883,17088.803787345,,0,GPU-42e33043-7008-2803-9ba8-9bb9ef7d0845,ok,44,20,1572,253.182,76,1920,9501,11474,76904
249,17088.803454883,17088.803826525,,1,GPU-bff95c83-0adb-feb7-9825-359f31b26de8,ok,0,0,467,29.736,38,210,405,439,341
250,17089.803454883,17089.803776392,,0,GPU-42e33043-7008-2803-9ba8-9bb9ef7d0845,ok,34,15,1572,251.618,75,1920,9501,11523,77783
250,17089.803454883,17089.803816022,,1,GPU-bff95c83-0adb-feb7-9825-359f31b26de8,ok,0,0,467,29.727,38,210,405,439,341
251,17090.803454883,17090.803780799,,0,GPU-42e33043-7008-2803-9ba8-9bb9ef7d0845,ok,34,15,1572,240.474,75,1920,9501,11474,77343
251,17090.803454883,17090.803813229,,1,GPU-bff95c83-0adb-feb7-9825-359f31b26de8,ok,0,0,467,29.759,38,210,405,488,341
252,17091.803454883,17091.803803446,,0,GPU-42e33043-7008-2803-9ba8-9bb9ef7d0845,ok,35,15,1572,247.751,75,1920,9501,11474,78076
252,17091.803454883,17091.803822066,,1,GPU-bff95c83-0adb-feb7-9825-359f31b26de8,ok,1,0,467,30.153,38,210,405,488,341
253,17092.803454883,17092.803784023,,0,GPU-42e33043-7008-2803-9ba8-9bb9ef7d0845,ok,36,15,1572,247.561,75,1935,9501,11474,78271
253,17092.803454883,17092.803836623,,1,GPU-bff95c83-0adb-feb7-9825-359f31b26de8,ok,0,0,467,40.395,38,210,405,439,341
254,17093.803454883,17093.80383397,,0,GPU-42e33043-7008-2803-9ba8-9bb9ef7d0845,ok,37,16,1572,251.426,75,1935,9501,11523,79833
254,17093.803454883,17093.803793469,,1,GPU-bff95c83-0adb-feb7-9825-359f31b26de8,ok,0,0,467,31.3,38,210,405,439,341
255,17094.803454883,17094.803782366,,0,GPU-42e33043-7008-2803-9ba8-9bb9ef7d0845,ok,37,17,1572,250.012,75,1935,9501,11474,66357
255,17094.803454883,17094.803819536,,1,GPU-bff95c83-0adb-feb7-9825-359f31b26de8,ok,0,0,467,29.949,38,210,405,439,341
256,17095.803454883,17095.803784713,,0,GPU-42e33043-7008-2803-9ba8-9bb9ef7d0845,ok,39,18,1572,248.657,75,1920,9501,11572,77880
256,17095.803454883,17095.803826683,,1,GPU-bff95c83-0adb-feb7-9825-359f31b26de8,ok,0,0,467,29.618,38,210,405,439,341
257,17096.803454883,17096.80386186,,0,GPU-42e33043-7008-2803-9ba8-9bb9ef7d0845,ok,39,18,1572,249.506,75,1935,9501,11621,78955
257,17096.803454883,17096.80382132,,1,GPU-bff95c83-0adb-feb7-9825-359f31b26de8,ok,0,0,467,29.621,38,210,405,439,341
258,17097.803454883,17097.803792767,,0,GPU-42e33043-7008-2803-9ba8-9bb9ef7d0845,ok,42,19,1572,255.241,76,1935,9501,11621,78222
258,17097.803454883,17097.803820197,,1,GPU-bff95c83-0adb-feb7-9825-359f31b26de8,ok,0,0,467,29.696,38,210,405,439,341
259,17098.803454883,17098.803781514,,0,GPU-42e33043-7008-2803-9ba8-9bb9ef7d0845,ok,42,19,1572,249.998,75,1935,9501,11474,78662
259,17098.803454883,17098.803833444,,1,GPU-bff95c83-0adb-feb7-9825-359f31b26de8,ok,0,0,467,29.52,38,210,405,439,341
260,17099.803454883,17099.803825871,,0,GPU-42e33043-7008-2803-9ba8-9bb9ef7d0845,ok,42,19,1572,251.408,76,1935,9501,11718,79589
260,17099.803454883,17099.803804721,,1,GPU-bff95c83-0adb-feb7-9825-359f31b26de8,ok,0,0,467,39.62,38,210,405,439,341
261,17100.803454883,17100.803784637,,0,GPU-42e33043-7008-2803-9ba8-9bb9ef7d0845,ok,46,21,1572,252.354,76,1935,9501,11376,77099
261,17100.803454883,17100.803815227,,1,GPU-bff95c83-0adb-feb7-9825-359f31b26de8,ok,0,0,467,39.825,38,210,405,439,341
262,17101.803454883,17101.803813314,,0,GPU-42e33043-7008-2803-9ba8-9bb9ef7d0845,ok,44,20,1572,253.007,75,1890,9501,11474,78662
262,17101.803454883,17101.803846034,,1,GPU-bff95c83-0adb-feb7-9825-359f31b26de8,ok,0,0,467,31.051,38,210,405,488,341
263,17102.803454883,17102.803782001,,0,GPU-42e33043-7008-2803-9ba8-9bb9ef7d0845,ok,34,15,1572,252.343,75,1920,9501,11572,77636
263,17102.803454883,17102.803813291,,1,GPU-bff95c83-0adb-feb7-9825-359f31b26de8,ok,0,0,467,29.834,38,210,405,439,341
264,17103.803454883,17103.803783988,,0,GPU-42e33043-7008-2803-9ba8-9bb9ef7d0845,ok,37,16,1572,248.531,75,1920,9501,11376,78173
264,17103.803454883,17103.803816008,,1,GPU-bff95c83-0adb-feb7-9825-359f31b26de8,ok,0,0,467,29.612,38,210,405,439,341
265,17104.803454883,17104.803779705,,0,GPU-42e33043-7008-2803-9ba8-9bb9ef7d0845,ok,37,16,1572,252.637,75,1920,9501,11572,78076
265,17104.803454883,17104.803812025,,1,GPU-bff95c83-0adb-feb7-9825-359f31b26de8,ok,0,0,467,29.492,38,210,405,439,341
266,17105.803454883,17105.803800902,,0,GPU-42e33043-7008-2803-9ba8-9bb9ef7d0845,ok,37,16,1572,250.896,75,1935,9501,11572,78271
266,17105.803454883,17105.803817952,,1,GPU-bff95c83-0adb-feb7-9825-359f31b26de8,ok,0,0,467,29.664,38,210,405,488,390
267,17106.803454883,17106.803811668,,0,GPU-42e33043-7008-2803-9ba8-9bb9ef7d0845,ok,38,17,1572,249.192,75,1935,9501,11669,79248
267,17106.803454883,17106.803804568,,1,GPU-bff95c83-0adb-feb7-9825-359f31b26de8,ok,0,0,467,34.37,38,210,405,439,341
268,17107.803454883,17107.803770265,,0,GPU-42e33043-7008-2803-9ba8-9bb9ef7d0845,ok,38,17,1572,253.522,75,1935,9501,7470,71191
268,17107.803454883,17107.803812465,,1,GPU-bff95c83-0adb-feb7-9825-359f31b26de8,ok,0,0,467,40.317,38,210,405,439,341
269,17108.803454883,17108.803825682,,0,GPU-42e33043-7008-2803-9ba8-9bb9ef7d0845,ok,41,19,1572,256.009,76,1935,9501,11621,79589
269,17108.803454883,17108.803804292,,1,GPU-bff95c83-0adb-feb7-9825-359f31b26de8,ok,0,0,467,31.267,38,210,405,439,341
270,17109.803454883,17109.803795979,,0,GPU-42e33043-7008-2803-9ba8-9bb9ef7d0845,ok,39,17,1572,253.457,75,1935,9501,11474,78515
270,17109.803454883,17109.803813139,,1,GPU-bff95c83-0adb-feb7-9825-359f31b26de8,ok,0,0,467,30.072,38,210,405,439,341
271,17110.803454883,17110.803785796,,0,GPU-42e33043-7008-2803-9ba8-9bb9ef7d0845,ok,39,18,1572,250.702,75,1935,9501,11523,77783
271,17110.803454883,17110.803818386,,1,GPU-bff95c83-0adb-feb7-9825-359f31b26de8,ok,0,0,467,29.845,38,210,405,439,341
272,17111.803454883,17111.803756443,,0,GPU-42e33043-7008-2803-9ba8-9bb9ef7d0845,ok,40,18,1572,251.169,75,1935,9501,11523,78369
272,17111.803454883,17111.803794913,,1,GPU-bff95c83-0adb-feb7-9825-359f31b26de8,ok,0,0,467,29.753,38,210,405,439,341
273,17112.803454883,17112.803788849,,0,GPU-42e33043-7008-2803-9ba8-9bb9ef7d0845,ok,42,19,1572,253.497,76,1935,9501,11523,77880
273,17112.803454883,17112.803828979,,1,GPU-bff95c83-0adb-feb7-9825-359f31b26de8,ok,0,0,467,29.766,38,210,405,439,341
274,17113.803454883,17113.803791726,,0,GPU-42e33043-7008-2803-9ba8-9bb9ef7d0845,ok,44,21,1572,256.527,76,1905,9501,11474,78662
274,17113.803454883,17113.803809716,,1,GPU-bff95c83-0adb-feb7-9825-359f31b26de8,ok,0,0,467,33.375,38,210,405,488,341
275,17114.803454883,17114.803784643,,0,GPU-42e33043-7008-2803-9ba8-9bb9ef7d0845,ok,34,15,1572,252.322,75,1920,9501,11572,78027
275,17114.803454883,17114.803814833,,1,GPU-bff95c83-0adb-feb7-9825-359f31b26de8,ok,0,0,467,40.219,38,210,405,439,341
276,17115.803454883,17115.80376602,,0,GPU-42e33043-7008-2803-9ba8-9bb9ef7d0845,ok,35,15,1572,239.465,74,1920,9501,11523,78027
276,17115.803454883,17115.80380969,,1,GPU-bff95c83-0adb-feb7-9825-359f31b26de8,ok,0,0,467,31.431,38,210,405,488,341
277,17116.803454883,17116.803822427,,0,GPU-42e33043-7008-2803-9ba8-9bb9ef7d0845,ok,36,16,1572,247.866,75,1920,9501,11621,78857
277,17116.803454883,17116.803800457,,1,GPU-bff95c83-0adb-feb7-9825-359f31b26de8,ok,0,0,467,30.01,38,210,405,439,341
278,17117.803454883,17117.803813054,,0,GPU-42e33043-7008-2803-9ba8-9bb9ef7d0845,ok,37,16,1572,250.375,75,1935,9501,11572,79199
278,17117.803454883,17117.803826394,,1,GPU-bff95c83-0adb-feb7-9825-359f31b26de8,ok,0,0,467,29.492,38,210,405,439,390
279,17118.803454883,17118.80383654,,0,GPU-42e33043-7008-2803-9ba8-9bb9ef7d0845,ok,38,17,1572,251.468,75,1935,9501,11572,79687
279,17118.803454883,17118.80381482,,1,GPU-bff95c83-0adb-feb7-9825-359f31b26de8,ok,0,0,467,29.464,38,210,405,439,341
280,17119.803454883,17119.803814687,,0,GPU-42e33043-7008-2803-9ba8-9bb9ef7d0845,ok,38,17,1572,251.53,75,1935,9501,11083,59228
280,17119.803454883,17119.803792727,,1,GPU-bff95c83-0adb-feb7-9825-359f31b26de8,ok,0,0,467,29.607,37,210,405,439,341
281,17120.803454883,17120.803802054,,0,GPU-42e33043-7008-2803-9ba8-9bb9ef7d0845,ok,38,17,1572,250.006,75,1935,9501,11376,78027
281,17120.803454883,17120.803831944,,1,GPU-bff95c83-0adb-feb7-9825-359f31b26de8,ok,0,0,467,32.55,38,210,405,488,341
282,17121.803454883,17121.803800011,,0,GPU-42e33043-7008-2803-9ba8-9bb9ef7d0845,ok,38,17,1572,253.076,75,1935,9501,11474,78320
282,17121.803454883,17121.803816191,,1,GPU-bff95c83-0adb-feb7-9825-359f31b26de8,ok,0,0,467,39.714,38,210,405,439,341
283,17122.803454883,17122.803827128,,0,GPU-42e33043-7008-2803-9ba8-9bb9ef7d0845,ok,41,18,1572,252.536,75,1935,9501,11523,79296
283,17122.803454883,17122.803805578,,1,GPU-bff95c83-0adb-feb7-9825-359f31b26de8,ok,0,0,467,31.238,38,210,405,439,341
284,17123.803454883,17123.803779235,,0,GPU-42e33043-7008-2803-9ba8-9bb9ef7d0845,ok,42,19,1572,249.121,75,1935,9501,11376,77832
284,17123.803454883,17123.803810165,,1,GPU-bff95c83-0adb-feb7-9825-359f31b26de8,ok,0,0,467,29.85,38,210,405,488,341
285,17124.803454883,17124.803784411,,0,GPU-42e33043-7008-2803-9ba8-9bb9ef7d0845,ok,41,18,1572,250.501,75,1935,9501,11425,77783
285,17124.803454883,17124.803815581,,1,GPU-bff95c83-0adb-feb7-9825-359f31b26de8,ok,0,0,467,29.428,38,210,405,488,341
286,17125.803454883,17125.803784348,,0,GPU-42e33043-7008-2803-9ba8-9bb9ef7d0845,ok,46,21,1572,252.093,76,1935,9501,11376,78320
286,17125.803454883,17125.803816558,,1,GPU-bff95c83-0adb-feb7-9825-359f31b26de8,ok,0,0,467,29.434,38,210,405,439,341
287,17126.803454883,17126.803774115,,0,GPU-42e33043-7008-2803-9ba8-9bb9ef7d0845,ok,40,18,1572,253.763,75,1920,9501,11474,78613
287,17126.803454883,17126.803813885,,1,GPU-bff95c83-0adb-feb7-9825-359f31b26de8,ok,0,0,467,29.561,38,210,405,439,341
288,17127.803454883,17127.803811122,,0,GPU-42e33043-7008-2803-9ba8-9bb9ef7d0845,ok,34,15,1572,250.101,75,1920,9501,11669,78955
288,17127.803454883,17127.803789242,,1,GPU-bff95c83-0adb-feb7-9825-359f31b26de8,ok,0,0,467,31.087,38,210,405,439,341
289,17128.803454883,17128.803805659,,0,GPU-42e33043-7008-2803-9ba8-9bb9ef7d0845,ok,35,15,1572,247.52,75,1920,9501,11474,78125
289,17128.803454883,17128.803821959,,1,GPU-bff95c83-0adb-feb7-9825-359f31b26de8,ok,0,0,467,39.841,38,210,405,439,341
290,17129.803454883,17129.803802776,,0,GPU-42e33043-7008-2803-9ba8-9bb9ef7d0845,ok,37,16,1572,249.109,75,1935,9501,11621,78125
290,17129.803454883,17129.803818996,,1,GPU-bff95c83-0adb-feb7-9825-359f31b26de8,ok,0,0,467,30.736,38,210,405,439,341
291,17130.803454883,17130.803801512,,0,GPU-42e33043-7008-2803-9ba8-9bb9ef7d0845,ok,37,16,1572,250.286,75,1935,9501,11523,78613
291,17130.803454883,17130.803817712,,1,GPU-bff95c83-0adb-feb7-9825-359f31b26de8,ok,0,0,467,29.582,38,210,405,439,341
292,17131.803454883,17131.803831189,,0,GPU-42e33043-7008-2803-9ba8-9bb9ef7d0845,ok,37,16,1572,249.204,75,1935,9501,10986,73046
292,17131.803454883,17131.803844249,,1,GPU-bff95c83-0adb-feb7-9825-359f31b26de8,ok,0,0,467,29.421,38,210,405,439,341
293,17132.803454883,17132.803857666,,0,GPU-42e33043-7008-2803-9ba8-9bb9ef7d0845,ok,38,17,1572,248.836,75,1935,9501,9619,79638
293,17132.803454883,17132.803832016,,1,GPU-bff95c83-0adb-feb7-9825-359f31b26de8,ok,0,0,467,29.462,38,210,405,439,341
294,17133.803454883,17133.803823573,,0,GPU-42e33043-7008-2803-9ba8-9bb9ef7d0845,ok,39,17,1572,250.917,75,1935,9501,11523,78906
294,17133.803454883,17133.803792323,,1,GPU-bff95c83-0adb-feb7-9825-359f31b26de8,ok,0,0,467,29.647,37,210,405,488,341
295,17134.803454883,17134.80383293,,0,GPU-42e33043-7008-2803-9ba8-9bb9ef7d0845,ok,41,18,1572,252.067,75,1935,9501,11523,79296
295,17134.803454883,17134.80380684,,1,GPU-bff95c83-0adb-feb7-9825-359f31b26de8,ok,0,0,467,29.72,38,210,405,439,341
296,17135.803454883,17135.803766767,,0,GPU-42e33043-7008-2803-9ba8-9bb9ef7d0845,ok,39,18,1572,251.405,75,1935,9501,11279,78271
296,17135.803454883,17135.803807457,,1,GPU-bff95c83-0adb-feb7-9825-359f31b26de8,ok,0,0,467,40.19,38,210,405,439,341
297,17136.803454883,17136.803814123,,0,GPU-42e33043-7008-2803-9ba8-9bb9ef7d0845,ok,40,18,1572,250.721,75,1935,9501,11621,79541
297,17136.803454883,17136.803787753,,1,GPU-bff95c83-0adb-feb7-9825-359f31b26de8,ok,0,0,467,31.694,38,210,405,439,341
298,17137.803454883,17137.80381287,,0,GPU-42e33043-7008-2803-9ba8-9bb9ef7d0845,ok,42,19,1572,253.684,75,1935,9501,11474,77929
298,17137.803454883,17137.804213001,,1,GPU-bff95c83-0adb-feb7-9825-359f31b26de8,ok,0,0,467,30.154,38,210,405,439,341
299,17138.803454883,17138.803795067,,0,GPU-42e33043-7008-2803-9ba8-9bb9ef7d0845,ok,44,20,1572,253.56,75,1920,9501,11523,77441
299,17138.803454883,17138.803849957,,1,GPU-bff95c83-0adb-feb7-9825-359f31b26de8,ok,0,0,467,29.356,38,210,405,488,341
300,17139.803454883,17139.803793224,,0,GPU-42e33043-7008-2803-9ba8-9bb9ef7d0845,ok,34,14,1572,250.727,75,1920,9501,11523,78417
300,17139.803454883,17139.803840124,,1,GPU-bff95c83-0adb-feb7-9825-359f31b26de8,ok,0,0,467,29.315,38,210,405,488,341
301,17140.803454883,17140.803865381,,0,GPU-42e33043-7008-2803-9ba8-9bb9ef7d0845,ok,34,15,1572,249.06,75,1935,9501,11572,78906
301,17140.803454883,17140.803825741,,1,GPU-bff95c83-0adb-feb7-9825-359f31b26de8,ok,0,0,467,29.656,38,210,405,439,341
302,17141.803454883,17141.803889058,,0,GPU-42e33043-7008-2803-9ba8-9bb9ef7d0845,ok,36,16,1572,248.762,75,1920,9501,11572,78369
302,17141.803454883,17141.803867978,,1,GPU-bff95c83-0adb-feb7-9825-359f31b26de8,ok,0,0,467,29.538,38,210,405,439,341
303,17142.803454883,17142.803832565,,0,GPU-42e33043-7008-2803-9ba8-9bb9ef7d0845,ok,38,17,1572,249.806,75,1935,9501,11425,78417
303,17142.803454883,17142.803862345,,1,GPU-bff95c83-0adb-feb7-9825-359f31b26de8,ok,0,0,467,39.416,38,210,405,488,341
304,17143.803454883,17143.803803661,,0,GPU-42e33043-7008-2803-9ba8-9bb9ef7d0845,ok,39,17,1572,251.991,75,1920,9501,11376,78710
304,17143.803454883,17143.803853721,,1,GPU-bff95c83-0adb-feb7-9825-359f31b26de8,ok,0,0,467,39.617,38,210,405,488,341
305,17144.803454883,17144.803792218,,0,GPU-42e33043-7008-2803-9ba8-9bb9ef7d0845,ok,36,16,1572,249.079,75,1935,9501,10986,73876
305,17144.803454883,17144.803862418,,1,GPU-bff95c83-0adb-feb7-9825-359f31b26de8,ok,0,0,467,31.492,38,210,405,439,341
306,17145.803454883,17145.803785355,,0,GPU-42e33043-7008-2803-9ba8-9bb9ef7d0845,ok,38,17,1572,247.978,75,1935,9501,10937,77929
306,17145.803454883,17145.803857915,,1,GPU-bff95c83-0adb-feb7-9825-359f31b26de8,ok,0,0,467,30.022,38,210,405,439,341
307,17146.803454883,17146.804090582,,0,GPU-42e33043-7008-2803-9ba8-9bb9ef7d0845,ok,38,17,1572,251.448,75,1935,9501,11669,78808
307,17146.803454883,17146.804019052,,1,GPU-bff95c83-0adb-feb7-9825-359f31b26de8,ok,0,0,467,29.528,38,210,405,439,341
308,17147.803454883,17147.803777959,,0,GPU-42e33043-7008-2803-9ba8-9bb9ef7d0845,ok,38,17,1572,248.802,75,1935,9501,11474,77783
308,17147.803454883,17147.803829289,,1,GPU-bff95c83-0adb-feb7-9825-359f31b26de8,ok,0,0,467,29.49,38,210,405,439,341
309,17148.803454883,17148.803789366,,0,GPU-42e33043-7008-2803-9ba8-9bb9ef7d0845,ok,39,18,1572,248.488,75,1935,9501,11474,78027
309,17148.803454883,17148.803857246,,1,GPU-bff95c83-0adb-feb7-9825-359f31b26de8,ok,0,0,467,29.613,38,210,405,439,341
310,17149.803454883,17149.803773572,,0,GPU-42e33043-7008-2803-9ba8-9bb9ef7d0845,ok,41,18,1572,252.601,75,1935,9501,11474,78173
310,17149.803454883,17149.803831792,,1,GPU-bff95c83-0adb-feb7-9825-359f31b26de8,ok,0,0,467,33.889,38,210,405,488,341
311,17150.803454883,17150.803769989,,0,GPU-42e33043-7008-2803-9ba8-9bb9ef7d0845,ok,42,18,1572,250.997,75,1935,9501,11425,78369
311,17150.803454883,17150.803825679,,1,GPU-bff95c83-0adb-feb7-9825-359f31b26de8,ok,0,0,467,39.786,38,210,405,439,341
312,17151.803454883,17151.803759316,,0,GPU-42e33043-7008-2803-9ba8-9bb9ef7d0845,ok,44,21,1572,251.393,75,1905,9501,11523,78125
312,17151.803454883,17151.803808846,,1,GPU-bff95c83-0adb-feb7-9825-359f31b26de8,ok,0,0,467,30.817,38,210,405,439,341
313,17152.803454883,17152.803787163,,0,GPU-42e33043-7008-2803-9ba8-9bb9ef7d0845,ok,34,14,1572,250.309,75,1920,9501,11474,78515
313,17152.803454883,17152.803834193,,1,GPU-bff95c83-0adb-feb7-9825-359f31b26de8,ok,0,0,467,29.454,38,210,405,439,341
314,17153.803454883,17153.80377039,,0,GPU-42e33043-7008-2803-9ba8-9bb9ef7d0845,ok,34,15,1572,246.003,74,1920,9501,11376,78271
314,17153.803454883,17153.80382715,,1,GPU-bff95c83-0adb-feb7-9825-359f31b26de8,ok,0,0,467,29.134,38,210,405,439,341
315,17154.803454883,17154.803841537,,0,GPU-42e33043-7008-2803-9ba8-9bb9ef7d0845,ok,38,16,1572,248.535,75,1920,9501,11572,77880
315,17154.803454883,17154.803881687,,1,GPU-bff95c83-0adb-feb7-9825-359f31b26de8,ok,0,0,467,29.26,38,210,405,488,341
316,17155.803454883,17155.803884183,,0,GPU-42e33043-7008-2803-9ba8-9bb9ef7d0845,ok,38,17,1572,251.47,75,1920,9501,11669,79785
316,17155.803454883,17155.803860263,,1,GPU-bff95c83-0adb-feb7-9825-359f31b26de8,ok,0,0,467,29.51,38,210,405,439,341
317,17156.803454883,17156.8038324,,0,GPU-42e33043-7008-2803-9ba8-9bb9ef7d0845,ok,38,17,1572,252.899,75,1935,9501,11474,78125
317,17156.803454883,17156.80387828,,1,GPU-bff95c83-0adb-feb7-9825-359f31b26de8,ok,0,0,467,33.145,38,210,405,488,390
318,17157.803454883,17157.803823247,,0,GPU-42e33043-7008-2803-9ba8-9bb9ef7d0845,ok,39,18,1572,251.984,75,1935,9501,10937,55224
318,17157.803454883,17157.803846597,,1,GPU-bff95c83-0adb-feb7-9825-359f31b26de8,ok,0,0,467,40.068,38,210,405,439,341
319,17158.803454883,17158.803903134,,0,GPU-42e33043-7008-2803-9ba8-9bb9ef7d0845,ok,38,17,1572,252.349,75,1935,9501,11621,78906
319,17158.803454883,17158.803867144,,1,GPU-bff95c83-0adb-feb7-9825-359f31b26de8,ok,0,0,467,30.389,38,210,405,439,341
320,17159.803454883,17159.803786611,,0,GPU-42e33043-7008-2803-9ba8-9bb9ef7d0845,ok,38,17,1572,250.109,75,1935,9501,11376,77734
320,17159.803454883,17159.803834561,,1,GPU-bff95c83-0adb-feb7-9825-359f31b26de8,ok,0,0,467,29.337,38,210,405,488,341
321,17160.803454883,17160.803790618,,0,GPU-42e33043-7008-2803-9ba8-9bb9ef7d0845,ok,38,17,1572,251.7,75,1935,9501,11523,77685
321,17160.803454883,17160.803852138,,1,GPU-bff95c83-0adb-feb7-9825-359f31b26de8,ok,0,0,467,29.336,38,210,405,439,341
322,17161.803454883,17161.803834664,,0,GPU-42e33043-7008-2803-9ba8-9bb9ef7d0845,ok,41,18,1572,249.85,75,1935,9501,11474,78515
322,17161.803454883,17161.803817974,,1,GPU-bff95c83-0adb-feb7-9825-359f31b26de8,ok,0,0,467,29.364,38,210,405,488,341
323,17162.803454883,17162.803789291,,0,GPU-42e33043-7008-2803-9ba8-9bb9ef7d0845,ok,41,18,1572,250.574,75,1935,9501,11474,77441
323,17162.803454883,17162.803835931,,1,GPU-bff95c83-0adb-feb7-9825-359f31b26de8,ok,0,0,467,29.488,37,210,405,488,341
324,17163.803454883,17163.803792848,,0,GPU-42e33043-7008-2803-9ba8-9bb9ef7d0845,ok,45,20,1572,252.278,76,1920,9501,11425,78369
324,17163.803454883,17163.803859198,,1,GPU-bff95c83-0adb-feb7-9825-359f31b26de8,ok,0,0,467,32.346,38,210,405,439,341
325,17164.803454883,17164.803790705,,0,GPU-42e33043-7008-2803-9ba8-9bb9ef7d0845,ok,40,18,1572,251.783,75,1920,9501,11523,78564
325,17164.803454883,17164.803837075,,1,GPU-bff95c83-0adb-feb7-9825-359f31b26de8,ok,0,0,467,40.249,38,210,405,439,341
326,17165.803454883,17165.803894902,,0,GPU-42e33043-7008-2803-9ba8-9bb9ef7d0845,ok,35,15,1572,248.914,75,1920,9501,11621,79101
326,17165.803454883,17165.803860482,,1,GPU-bff95c83-0adb-feb7-9825-359f31b26de8,ok,0,0,467,31.062,38,210,405,439,341
327,17166.803454883,17166.803752119,,0,GPU-42e33043-7008-2803-9ba8-9bb9ef7d0845,ok,35,15,1572,247.313,74,1920,9501,11523,77685
327,17166.803454883,17166.803823649,,1,GPU-bff95c83-0adb-feb7-9825-359f31b26de8,ok,0,0,467,29.596,38,210,405,439,341
328,17167.803454883,17167.803797075,,0,GPU-42e33043-7008-2803-9ba8-9bb9ef7d0845,ok,37,16,1572,245.114,74,1905,9501,11474,77734
328,17167.803454883,17167.803858015,,1,GPU-bff95c83-0adb-feb7-9825-359f31b26de8,ok,0,0,467,29.176,38,210,405,439,341
329,17168.803454883,17168.803805112,,0,GPU-42e33043-7008-2803-9ba8-9bb9ef7d0845,ok,37,16,1572,234.906,74,1935,9501,11572,78710
329,17168.803454883,17168.803855712,,1,GPU-bff95c83-0adb-feb7-9825-359f31b26de8,ok,0,0,467,29.313,37,210,405,439,341
330,17169.803454883,17169.803788349,,0,GPU-42e33043-7008-2803-9ba8-9bb9ef7d0845,ok,39,17,1572,249.022,75,1935,9501,11669,50830
330,17169.803454883,17169.803849779,,1,GPU-bff95c83-0adb-feb7-9825-359f31b26de8,ok,0,0,467,29.429,37,210,405,439,341
331,17170.803454883,17170.803786036,,0,GPU-42e33043-7008-2803-9ba8-9bb9ef7d0845,ok,38,17,1572,251.766,75,1935,9501,11523,78564
331,17170.803454883,17170.803834266,,1,GPU-bff95c83-0adb-feb7-9825-359f31b26de8,ok,0,0,467,30.98,38,210,405,439,341
332,17171.803454883,17171.803786913,,0,GPU-42e33043-7008-2803-9ba8-9bb9ef7d0845,ok,40,18,1572,253.411,75,1935,9501,11621,78271
332,17171.803454883,17171.803834923,,1,GPU-bff95c83-0adb-feb7-9825-359f31b26de8,ok,0,0,467,39.649,38,210,405,488,341
333,17172.803454883,17172.80394303,,0,GPU-42e33043-7008-2803-9ba8-9bb9ef7d0845,ok,42,19,1572,254.048,75,1935,9501,11572,79589
333,17172.803454883,17172.80389938,,1,GPU-bff95c83-0adb-feb7-9825-359f31b26de8,ok,0,0,467,31.022,38,210,405,439,341
334,17173.803454883,17173.803793976,,0,GPU-42e33043-7008-2803-9ba8-9bb9ef7d0845,ok,41,18,1572,251.214,75,1935,9501,11474,78173
334,17173.803454883,17173.803865786,,1,GPU-bff95c83-0adb-feb7-9825-359f31b26de8,ok,0,0,467,29.749,37,210,405,439,341
335,17174.803454883,17174.803860293,,0,GPU-42e33043-7008-2803-9ba8-9bb9ef7d0845,ok,42,19,1572,251.974,75,1935,9501,11474,78369
335,17174.803454883,17174.803890373,,1,GPU-bff95c83-0adb-feb7-9825-359f31b26de8,ok,0,0,467,29.423,37,210,405,439,341
336,17175.803454883,17175.80389463,,0,GPU-42e33043-7008-2803-9ba8-9bb9ef7d0845,ok,46,21,1572,253.611,76,1905,9501,11572,79638
336,17175.803454883,17175.80387927,,1,GPU-bff95c83-0adb-feb7-9825-359f31b26de8,ok,0,0,467,29.398,37,210,405,439,341
337,17176.803454883,17176.803788567,,0,GPU-42e33043-7008-2803-9ba8-9bb9ef7d0845,ok,41,18,1572,250.64,75,1920,9501,11523,78515
337,17176.803454883,17176.803833377,,1,GPU-bff95c83-0adb-feb7-9825-359f31b26de8,ok,0,0,467,29.476,38,210,405,439,341
338,17177.803454883,17177.803812474,,0,GPU-42e33043-7008-2803-9ba8-9bb9ef7d0845,ok,35,15,1572,251.637,75,1935,9501,11572,78125
338,17177.803454883,17177.803887974,,1,GPU-bff95c83-0adb-feb7-9825-359f31b26de8,ok,1,0,467,29.409,38,210,405,439,341
339,17178.803454883,17178.803787931,,0,GPU-42e33043-7008-2803-9ba8-9bb9ef7d0845,ok,35,15,1572,251.852,74,1920,9501,11523,77832
339,17178.803454883,17178.803849781,,1,GPU-bff95c83-0adb-feb7-9825-359f31b26de8,ok,0,0,467,39.714,38,210,405,439,341
340,17179.803454883,17179.803785767,,0,GPU-42e33043-7008-2803-9ba8-9bb9ef7d0845,ok,37,16,1572,248.891,74,1935,9501,11572,78564
340,17179.803454883,17179.803833587,,1,GPU-bff95c83-0adb-feb7-9825-359f31b26de8,ok,0,0,467,30.555,38,210,405,488,341
341,17180.803454883,17180.803785874,,0,GPU-42e33043-7008-2803-9ba8-9bb9ef7d0845,ok,37,16,1572,252.711,75,1935,9501,11523,78417
341,17180.803454883,17180.803855824,,1,GPU-bff95c83-0adb-feb7-9825-359f31b26de8,ok,0,0,467,29.462,37,210,405,488,341
342,17181.803454883,17181.803785951,,0,GPU-42e33043-7008-2803-9ba8-9bb9ef7d0845,ok,38,17,1572,250.333,75,1935,9501,11523,53125
342,17181.803454883,17181.803847671,,1,GPU-bff95c83-0adb-feb7-9825-359f31b26de8,ok,0,0,467,29.273,37,210,405,439,341
343,17182.803454883,17182.803937888,,0,GPU-42e33043-7008-2803-9ba8-9bb9ef7d0845,ok,39,17,1572,250.099,75,1935,9501,11718,79248
343,17182.803454883,17182.803923218,,1,GPU-bff95c83-0adb-feb7-9825-359f31b26de8,ok,0,0,467,29.253,37,210,405,439,341
344,17183.803454883,17183.803799195,,0,GPU-42e33043-7008-2803-9ba8-9bb9ef7d0845,ok,41,18,1572,251.946,75,1935,9501,11328,78320
344,17183.803454883,17183.803856605,,1,GPU-bff95c83-0adb-feb7-9825-359f31b26de8,ok,0,0,467,29.409,38,210,405,439,390
345,17184.803454883,17184.803909722,,0,GPU-42e33043-7008-2803-9ba8-9bb9ef7d0845,ok,39,17,1572,250.885,75,1935,9501,11572,79541
345,17184.803454883,17184.803868702,,1,GPU-bff95c83-0adb-feb7-9825-359f31b26de8,ok,0,0,467,29.287,38,210,405,488,341
346,17185.803454883,17185.803792218,,0,GPU-42e33043-7008-2803-9ba8-9bb9ef7d0845,ok,41,18,1572,251.059,75,1935,9501,11523,77636
346,17185.803454883,17185.803858969,,1,GPU-bff95c83-0adb-feb7-9825-359f31b26de8,ok,0,0,467,34.617,38,210,405,439,341
347,17186.803454883,17186.803785025,,0,GPU-42e33043-7008-2803-9ba8-9bb9ef7d0845,ok,42,19,1572,254.253,75,1935,9501,11474,78906
347,17186.803454883,17186.803829715,,1,GPU-bff95c83-0adb-feb7-9825-359f31b26de8,ok,0,0,467,40.219,38,210,405,439,341
348,17187.803454883,17187.803948822,,0,GPU-42e33043-7008-2803-9ba8-9bb9ef7d0845,ok,42,19,1572,253.926,76,1905,9501,11523,77685
348,17187.803454883,17187.803980942,,1,GPU-bff95c83-0adb-feb7-9825-359f31b26de8,ok,0,0,467,31.464,38,210,405,488,390
349,17188.803454883,17188.803783939,,0,GPU-42e33043-7008-2803-9ba8-9bb9ef7d0845,ok,42,19,1572,250.419,75,1920,9501,11572,78369
349,17188.803454883,17188.803858459,,1,GPU-bff95c83-0adb-feb7-9825-359f31b26de8,ok,0,0,467,29.944,37,210,405,439,341
350,17189.803454883,17189.803797076,,0,GPU-42e33043-7008-2803-9ba8-9bb9ef7d0845,ok,34,14,1572,249.3,74,1920,9501,11523,78125
350,17189.803454883,17189.803867166,,1,GPU-bff95c83-0adb-feb7-9825-359f31b26de8,ok,0,0,467,29.305,37,210,405,488,341
351,17190.803454883,17190.803785873,,0,GPU-42e33043-7008-2803-9ba8-9bb9ef7d0845,ok,34,15,1572,245.563,74,1920,9501,11523,78613
351,17190.803454883,17190.803830963,,1,GPU-bff95c83-0adb-feb7-9825-359f31b26de8,ok,0,0,467,29.25,38,210,405,488,341
352,17191.803454883,17191.80379103,,0,GPU-42e33043-7008-2803-9ba8-9bb9ef7d0845,ok,35,15,1572,248.431,75,1935,9501,11328,77490
352,17191.803454883,17191.8038481,,1,GPU-bff95c83-0adb-feb7-9825-359f31b26de8,ok,0,0,467,29.344,37,210,405,488,341
353,17192.803454883,17192.803829156,,0,GPU-42e33043-7008-2803-9ba8-9bb9ef7d0845,ok,36,16,1572,246.737,74,1935,9501,10791,73583
353,17192.803454883,17192.803901396,,1,GPU-bff95c83-0adb-feb7-9825-359f31b26de8,ok,0,0,467,33.684,38,210,405,439,390
354,17193.803454883,17193.803850173,,0,GPU-42e33043-7008-2803-9ba8-9bb9ef7d0845,ok,37,16,1572,245.718,74,1935,9501,11376,77783
354,17193.803454883,17193.803903133,,1,GPU-bff95c83-0adb-feb7-9825-359f31b26de8,ok,0,0,467,39.513,38,210,405,439,341
355,17194.803454883,17194.80378896,,0,GPU-42e33043-7008-2803-9ba8-9bb9ef7d0845,ok,37,17,1572,248.472,74,1935,9501,8349,77539
355,17194.803454883,17194.80383499,,1,GPU-bff95c83-0adb-feb7-9825-359f31b26de8,ok,0,0,467,30.991,38,210,405,439,341
356,17195.803454883,17195.803786677,,0,GPU-42e33043-7008-2803-9ba8-9bb9ef7d0845,ok,38,17,1572,249.293,75,1935,9501,11425,76806
356,17195.803454883,17195.803855897,,1,GPU-bff95c83-0adb-feb7-9825-359f31b26de8,ok,0,0,467,29.79,37,210,405,488,341
357,17196.803454883,17196.803788474,,0,GPU-42e33043-7008-2803-9ba8-9bb9ef7d0845,ok,38,17,1572,249.588,75,1935,9501,11376,77197
357,17196.803454883,17196.803854164,,1,GPU-bff95c83-0adb-feb7-9825-359f31b26de8,ok,0,0,467,29.59,37,210,405,488,390
358,17197.803454883,17197.803909651,,0,GPU-42e33043-7008-2803-9ba8-9bb9ef7d0845,ok,39,18,1572,249.226,75,1935,9501,11425,77343
358,17197.803454883,17197.803920741,,1,GPU-bff95c83-0adb-feb7-9825-359f31b26de8,ok,0,0,467,29.718,37,210,405,488,341
359,17198.803454883,17198.803790927,,0,GPU-42e33043-7008-2803-9ba8-9bb9ef7d0845,ok,43,20,1572,256.98,75,1935,9501,11425,77392
359,17198.803454883,17198.803852187,,1,GPU-bff95c83-0adb-feb7-9825-359f31b26de8,ok,0,0,467,29.881,38,210,405,439,341
360,17199.803454883,17199.803789544,,0,GPU-42e33043-7008-2803-9ba8-9bb9ef7d0845,ok,42,19,1660,254.389,75,1935,9501,11621,79052
360,17199.803454883,17199.803833474,,1,GPU-bff95c83-0adb-feb7-9825-359f31b26de8,ok,0,0,467,33.276,38,210,405,439,341
361,17200.803454883,17200.803792191,,0,GPU-42e33043-7008-2803-9ba8-9bb9ef7d0845,ok,50,23,1660,266.397,76,1935,9501,11572,78369
361,17200.803454883,17200.803837291,,1,GPU-bff95c83-0adb-feb7-9825-359f31b26de8,ok,0,0,467,39.996,38,210,405,439,341
362,17201.803454883,17201.803784698,,0,GPU-42e33043-7008-2803-9ba8-9bb9ef7d0845,ok,53,26,1660,264.563,77,1890,9501,11523,78466
362,17201.803454883,17201.803832958,,1,GPU-bff95c83-0adb-feb7-9825-359f31b26de8,ok,0,0,467,31.413,38,210,405,488,341
363,17202.803454883,17202.804074315,,0,GPU-42e33043-7008-2803-9ba8-9bb9ef7d0845,ok,50,24,1660,263.836,75,1920,9501,11767,78857
363,17202.803454883,17202.804042675,,1,GPU-bff95c83-0adb-feb7-9825-359f31b26de8,ok,0,0,467,30.352,38,210,405,488,341
364,17203.803454883,17203.803918802,,0,GPU-42e33043-7008-2803-9ba8-9bb9ef7d0845,ok,34,15,1660,260.508,75,1920,9501,11621,78125
364,17203.803454883,17203.803877812,,1,GPU-bff95c83-0adb-feb7-9825-359f31b26de8,ok,0,0,467,30.145,38,210,405,439,341
365,17204.803454883,17204.803801028,,0,GPU-42e33043-7008-2803-9ba8-9bb9ef7d0845,ok,34,15,1660,246.17,74,1920,9501,11474,77636
365,17204.803454883,17204.803848408,,1,GPU-bff95c83-0adb-feb7-9825-359f31b26de8,ok,0,0,467,29.765,38,210,405,439,341
366,17205.803454883,17205.803803415,,0,GPU-42e33043-7008-2803-9ba8-9bb9ef7d0845,ok,36,16,1660,246.26,74,1920,9501,11474,77832
366,17205.803454883,17205.803864545,,1,GPU-bff95c83-0adb-feb7-9825-359f31b26de8,ok,0,0,467,29.67,38,210,405,439,341
367,17206.803454883,17206.803808812,,0,GPU-42e33043-7008-2803-9ba8-9bb9ef7d0845,ok,38,17,1660,242.468,74,1935,9501,11474,78125
367,17206.803454883,17206.803870812,,1,GPU-bff95c83-0adb-feb7-9825-359f31b26de8,ok,0,0,467,32.372,38,210,405,439,341
368,17207.803454883,17207.803908999,,0,GPU-42e33043-7008-2803-9ba8-9bb9ef7d0845,ok,37,16,1660,250.055,74,1935,9501,11376,54541
368,17207.803454883,17207.803939399,,1,GPU-bff95c83-0adb-feb7-9825-359f31b26de8,ok,0,0,467,40.278,38,210,405,439,341
369,17208.803454883,17208.803822636,,0,GPU-42e33043-7008-2803-9ba8-9bb9ef7d0845,ok,38,17,1660,249.471,75,1935,9501,11572,77685
369,17208.803454883,17208.803884576,,1,GPU-bff95c83-0adb-feb7-9825-359f31b26de8,ok,0,0,467,31.946,38,210,405,439,341
370,17209.803454883,17209.803802353,,0,GPU-42e33043-7008-2803-9ba8-9bb9ef7d0845,ok,38,17,1660,250.321,75,1935,9501,11425,77099
370,17209.803454883,17209.803863543,,1,GPU-bff95c83-0adb-feb7-9825-359f31b26de8,ok,0,0,467,30.389,38,210,405,439,341
371,17210.803454883,17210.803807719,,0,GPU-42e33043-7008-2803-9ba8-9bb9ef7d0845,ok,39,18,1660,249.887,75,1935,9501,11474,78271
371,17210.803454883,17210.803875709,,1,GPU-bff95c83-0adb-feb7-9825-359f31b26de8,ok,0,0,467,29.682,38,210,405,439,341
372,17211.803454883,17211.803810676,,0,GPU-42e33043-7008-2803-9ba8-9bb9ef7d0845,ok,39,18,1660,250.784,75,1935,9501,11474,76806
372,17211.803454883,17211.803871656,,1,GPU-bff95c83-0adb-feb7-9825-359f31b26de8,ok,0,0,467,29.656,38,210,405,439,390
373,17212.803454883,17212.803865843,,0,GPU-42e33043-7008-2803-9ba8-9bb9ef7d0845,ok,40,18,1660,252.081,75,1935,9501,11425,78027
373,17212.803454883,17212.803931773,,1,GPU-bff95c83-0adb-feb7-9825-359f31b26de8,ok,0,0,467,29.836,38,210,405,439,341
374,17213.803454883,17213.80388184,,0,GPU-42e33043-7008-2803-9ba8-9bb9ef7d0845,ok,42,19,1660,249.905,75,1905,9501,11474,79345
374,17213.803454883,17213.80386991,,1,GPU-bff95c83-0adb-feb7-9825-359f31b26de8,ok,0,0,467,31.866,38,210,405,439,341
375,17214.803454883,17214.803932527,,0,GPU-42e33043-7008-2803-9ba8-9bb9ef7d0845,ok,44,21,1660,250.447,75,1920,9501,11621,78759
375,17214.803454883,17214.803865507,,1,GPU-bff95c83-0adb-feb7-9825-359f31b26de8,ok,0,0,467,39.676,38,210,405,439,341
376,17215.803454883,17215.803868634,,0,GPU-42e33043-7008-2803-9ba8-9bb9ef7d0845,ok,34,15,1660,252.353,74,1920,9501,11474,78515
376,17215.803454883,17215.803895254,,1,GPU-bff95c83-0adb-feb7-9825-359f31b26de8,ok,0,0,467,31.394,38,210,405,390,341
377,17216.803454883,17216.80391379,,0,GPU-42e33043-7008-2803-9ba8-9bb9ef7d0845,ok,38,17,1660,248.338,74,1920,9501,11669,79150
377,17216.803454883,17216.8038764,,1,GPU-bff95c83-0adb-feb7-9825-359f31b26de8,ok,0,0,467,30.02,38,210,405,439,341
378,17217.803454883,17217.803824187,,0,GPU-42e33043-7008-2803-9ba8-9bb9ef7d0845,ok,36,16,1660,251.665,74,1920,9501,11474,78125
378,17217.803454883,17217.803887057,,1,GPU-bff95c83-0adb-feb7-9825-359f31b26de8,ok,0,0,467,29.712,38,210,405,439,341
379,17218.803454883,17218.803791374,,0,GPU-42e33043-7008-2803-9ba8-9bb9ef7d0845,ok,36,16,1660,250.045,74,1935,9501,11474,78076
379,17218.803454883,17218.803842034,,1,GPU-bff95c83-0adb-feb7-9825-359f31b26de8,ok,0,0,467,29.805,38,210,405,439,341
380,17219.803454883,17219.803846571,,0,GPU-42e33043-7008-2803-9ba8-9bb9ef7d0845,ok,37,16,1660,248.48,74,1935,9501,11621,78466
380,17219.803454883,17219.803794311,,1,GPU-bff95c83-0adb-feb7-9825-359f31b26de8,ok,0,0,467,29.861,38,210,405,439,341
381,17220.803454883,17220.803790438,,0,GPU-42e33043-7008-2803-9ba8-9bb9ef7d0845,ok,37,16,1660,248.339,74,1935,9501,8593,76904
381,17220.803454883,17220.803839438,,1,GPU-bff95c83-0adb-feb7-9825-359f31b26de8,ok,0,0,467,30.693,38,210,405,439,341
382,17221.803454883,17221.803794665,,0,GPU-42e33043-7008-2803-9ba8-9bb9ef7d0845,ok,38,17,1660,249.549,74,1935,9501,11474,78125
382,17221.803454883,17221.803845055,,1,GPU-bff95c83-0adb-feb7-9825-359f31b26de8,ok,0,0,467,39.829,38,210,405,439,341
383,17222.803454883,17222.803848291,,0,GPU-42e33043-7008-2803-9ba8-9bb9ef7d0845,ok,39,18,1660,250.273,74,1935,9501,10888,73681
383,17222.803454883,17222.803859101,,1,GPU-bff95c83-0adb-feb7-9825-359f31b26de8,ok,0,0,467,31.182,38,210,405,439,341
384,17223.803454883,17223.803855438,,0,GPU-42e33043-7008-2803-9ba8-9bb9ef7d0845,ok,39,18,1660,240.054,73,1905,9501,11425,78857
384,17223.803454883,17223.803801648,,1,GPU-bff95c83-0adb-feb7-9825-359f31b26de8,ok,0,0,467,29.784,38,210,405,439,341
385,17224.803454883,17224.803798185,,0,GPU-42e33043-7008-2803-9ba8-9bb9ef7d0845,ok,40,18,1660,243.067,74,1935,9501,11474,78125
385,17224.803454883,17224.803844505,,1,GPU-bff95c83-0adb-feb7-9825-359f31b26de8,ok,0,0,467,29.322,38,210,405,439,341
386,17225.803454883,17225.803798662,,0,GPU-42e33043-7008-2803-9ba8-9bb9ef7d0845,ok,41,18,1660,249.346,75,1935,9501,10937,74218
386,17225.803454883,17225.803847942,,1,GPU-bff95c83-0adb-feb7-9825-359f31b26de8,ok,0,0,467,29.438,38,210,405,439,341
387,17226.803454883,17226.803801919,,0,GPU-42e33043-7008-2803-9ba8-9bb9ef7d0845,ok,42,19,1660,250.687,75,1935,9501,11425,78271
387,17226.803454883,17226.803869079,,1,GPU-bff95c83-0adb-feb7-9825-359f31b26de8,ok,0,0,467,29.7,38,210,405,439,341
388,17227.803454883,17227.803784496,,0,GPU-42e33043-7008-2803-9ba8-9bb9ef7d0845,ok,44,21,1660,254.565,74,1920,9501,11572,77685
388,17227.803454883,17227.803850396,,1,GPU-bff95c83-0adb-feb7-9825-359f31b26de8,ok,0,0,467,29.55,38,210,405,488,341
389,17228.803454883,17228.803800902,,0,GPU-42e33043-7008-2803-9ba8-9bb9ef7d0845,ok,37,16,1660,249.491,74,1920,9501,11474,78320
389,17228.803454883,17228.803868863,,1,GPU-bff95c83-0adb-feb7-9825-359f31b26de8,ok,0,0,467,40.03,38,210,405,439,341
390,17229.803454883,17229.803807589,,0,GPU-42e33043-7008-2803-9ba8-9bb9ef7d0845,ok,34,15,1660,250.046,74,1935,9501,10839,74316
390,17229.803454883,17229.803855969,,1,GPU-bff95c83-0adb-feb7-9825-359f31b26de8,ok,0,0,467,40.189,38,210,405,439,341
391,17230.803454883,17230.803807726,,0,GPU-42e33043-7008-2803-9ba8-9bb9ef7d0845,ok,34,15,1660,248.579,74,1935,9501,11474,77539
391,17230.803454883,17230.803880156,,1,GPU-bff95c83-0adb-feb7-9825-359f31b26de8,ok,0,0,467,30.75,38,210,405,439,341
392,17231.803454883,17231.803875463,,0,GPU-42e33043-7008-2803-9ba8-9bb9ef7d0845,ok,36,16,1660,246.549,74,1935,9501,10839,74462
392,17231.803454883,17231.803902553,,1,GPU-bff95c83-0adb-feb7-9825-359f31b26de8,ok,0,0,467,29.539,38,210,405,439,341
393,17232.803454883,17232.80394237,,0,GPU-42e33043-7008-2803-9ba8-9bb9ef7d0845,ok,36,15,1660,243.177,73,1890,9501,11035,75390
393,17232.803454883,17232.80387891,,1,GPU-bff95c83-0adb-feb7-9825-359f31b26de8,ok,0,0,467,29.384,38,210,405,488,341
394,17233.803454883,17233.803872377,,0,GPU-42e33043-7008-2803-9ba8-9bb9ef7d0845,ok,38,17,1660,230.652,74,1935,9501,11572,78613
394,17233.803454883,17233.803914727,,1,GPU-bff95c83-0adb-feb7-9825-359f31b26de8,ok,0,0,467,29.468,38,210,405,439,341
395,17234.803454883,17234.803809154,,0,GPU-42e33043-7008-2803-9ba8-9bb9ef7d0845,ok,38,17,1660,250.934,74,1935,9501,11474,78906
395,17234.803454883,17234.803873394,,1,GPU-bff95c83-0adb-feb7-9825-359f31b26de8,ok,0,0,467,29.627,38,210,405,439,341
396,17235.803454883,17235.80382917,,0,GPU-42e33043-7008-2803-9ba8-9bb9ef7d0845,ok,38,17,1660,249.304,74,1935,9501,11572,77685
396,17235.803454883,17235.80387853,,1,GPU-bff95c83-0adb-feb7-9825-359f31b26de8,ok,0,0,467,34.455,38,210,405,439,341
397,17236.803454883,17236.803862547,,0,GPU-42e33043-7008-2803-9ba8-9bb9ef7d0845,ok,39,18,1660,249.372,74,1935,9501,11718,78906
397,17236.803454883,17236.803897117,,1,GPU-bff95c83-0adb-feb7-9825-359f31b26de8,ok,0,0,467,40.414,38,210,405,439,341
398,17237.803454883,17237.803803084,,0,GPU-42e33043-7008-2803-9ba8-9bb9ef7d0845,ok,41,18,1660,246.873,74,1920,9501,11474,78417
398,17237.803454883,17237.803864934,,1,GPU-bff95c83-0adb-feb7-9825-359f31b26de8,ok,0,0,467,31.642,38,210,405,439,341
399,17238.803454883,17238.803910211,,0,GPU-42e33043-7008-2803-9ba8-9bb9ef7d0845,ok,43,19,1660,251.388,75,1935,9501,11474,79101
399,17238.803454883,17238.803889661,,1,GPU-bff95c83-0adb-feb7-9825-359f31b26de8,ok,0,0,467,30.156,38,210,405,439,341
400,17239.803454883,17239.803804758,,0,GPU-42e33043-7008-2803-9ba8-9bb9ef7d0845,ok,42,19,1660,250.346,75,1935,9501,11474,77294
400,17239.803454883,17239.803861348,,1,GPU-bff95c83-0adb-feb7-9825-359f31b26de8,ok,0,0,467,29.555,38,210,405,439,341
401,17240.803454883,17240.803815435,,0,GPU-42e33043-7008-2803-9ba8-9bb9ef7d0845,ok,46,22,1660,256.146,75,1920,9501,11425,77929
401,17240.803454883,17240.803860915,,1,GPU-bff95c83-0adb-feb7-9825-359f31b26de8,ok,0,0,467,29.572,38,210,405,439,341
402,17241.803454883,17241.803864041,,0,GPU-42e33043-7008-2803-9ba8-9bb9ef7d0845,ok,39,17,1660,250.481,75,1935,9501,11474,78320
402,17241.803454883,17241.803890431,,1,GPU-bff95c83-0adb-feb7-9825-359f31b26de8,ok,0,0,467,29.75,38,210,405,439,341
403,17242.803454883,17242.803858148,,0,GPU-42e33043-7008-2803-9ba8-9bb9ef7d0845,ok,34,15,1660,249.855,74,1920,9501,11425,78271
403,17242.803454883,17242.803871918,,1,GPU-bff95c83-0adb-feb7-9825-359f31b26de8,ok,0,0,467,33.725,38,210,405,439,341
404,17243.803454883,17243.803884155,,0,GPU-42e33043-7008-2803-9ba8-9bb9ef7d0845,ok,34,15,1660,244.743,74,1920,9501,11523,78417
404,17243.803454883,17243.803826765,,1,GPU-bff95c83-0adb-feb7-9825-359f31b26de8,ok,0,0,467,39.964,38,210,405,439,341
405,17244.803454883,17244.803863792,,0,GPU-42e33043-7008-2803-9ba8-9bb9ef7d0845,ok,33,15,1660,244.215,73,1935,9501,10937,74365
405,17244.803454883,17244.803902882,,1,GPU-bff95c83-0adb-feb7-9825-359f31b26de8,ok,0,0,467,31.099,38,210,405,439,341
406,17245.803454883,17245.803793219,,0,GPU-42e33043-7008-2803-9ba8-9bb9ef7d0845,ok,36,15,1660,233.427,72,1845,9501,11474,78271
406,17245.803454883,17245.803848449,,1,GPU-bff95c83-0adb-feb7-9825-359f31b26de8,ok,0,0,467,29.905,38,210,405,439,341
407,17246.803454883,17246.803896996,,0,GPU-42e33043-7008-2803-9ba8-9bb9ef7d0845,ok,36,16,1660,215.25,72,1905,9501,10888,74658
407,17246.803454883,17246.803929536,,1,GPU-bff95c83-0adb-feb7-9825-359f31b26de8,ok,0,0,467,29.386,38,210,405,439,341
408,17247.803454883,17247.803920492,,0,GPU-42e33043-7008-2803-9ba8-9bb9ef7d0845,ok,36,16,1660,232.941,73,1935,9501,10937,74853
408,17247.803454883,17247.804383833,,1,GPU-bff95c83-0adb-feb7-9825-359f31b26de8,ok,0,0,467,29.249,38,210,405,488,341
409,17248.803454883,17248.803868349,,0,GPU-42e33043-7008-2803-9ba8-9bb9ef7d0845,ok,35,15,1660,243.164,73,1935,9501,11572,54931
409,17248.803454883,17248.803901099,,1,GPU-bff95c83-0adb-feb7-9825-359f31b26de8,ok,0,0,467,29.527,38,210,405,439,341
410,17249.803454883,17249.803807496,,0,GPU-42e33043-7008-2803-9ba8-9bb9ef7d0845,ok,38,16,1660,230.897,72,1845,9501,11425,78320
410,17249.803454883,17249.803855706,,1,GPU-bff95c83-0adb-feb7-9825-359f31b26de8,ok,0,0,467,32.54,38,210,405,439,341
411,17250.803454883,17250.803802823,,0,GPU-42e33043-7008-2803-9ba8-9bb9ef7d0845,ok,37,16,1660,218.243,72,1905,9501,10791,75048
411,17250.803454883,17250.803873613,,1,GPU-bff95c83-0adb-feb7-9825-359f31b26de8,ok,0,0,467,40.066,38,210,405,439,341
412,17251.803454883,17251.80385604,,0,GPU-42e33043-7008-2803-9ba8-9bb9ef7d0845,ok,36,17,1660,235.819,73,1935,9501,11474,77636
412,17251.803454883,17251.80389127,,1,GPU-bff95c83-0adb-feb7-9825-359f31b26de8,ok,0,0,467,30.7,38,210,405,439,341
413,17252.803454883,17252.803806047,,0,GPU-42e33043-7008-2803-9ba8-9bb9ef7d0845,ok,39,18,1660,246.348,74,1935,9501,11474,77832
413,17252.803454883,17252.803856787,,1,GPU-bff95c83-0adb-feb7-9825-359f31b26de8,ok,0,0,467,29.459,38,210,405,439,341
414,17253.803454883,17253.803946433,,0,GPU-42e33043-7008-2803-9ba8-9bb9ef7d0845,ok,40,18,1660,251.618,74,1935,9501,11376,77441
414,17253.803454883,17253.803976203,,1,GPU-bff95c83-0adb-feb7-9825-359f31b26de8,ok,0,0,467,29.276,38,210,405,488,341
415,17254.803454883,17254.80381106,,0,GPU-42e33043-7008-2803-9ba8-9bb9ef7d0845,ok,40,18,1660,247.729,74,1935,9501,11425,78222
415,17254.803454883,17254.80387224,,1,GPU-bff95c83-0adb-feb7-9825-359f31b26de8,ok,0,0,467,29.38,38,210,405,439,292
416,17255.803454883,17255.803836647,,0,GPU-42e33043-7008-2803-9ba8-9bb9ef7d0845,ok,42,19,1660,249.483,74,1905,9501,11474,78271
416,17255.803454883,17255.803899427,,1,GPU-bff95c83-0adb-feb7-9825-359f31b26de8,ok,0,0,467,29.604,38,210,405,439,341
417,17256.803454883,17256.803812394,,0,GPU-42e33043-7008-2803-9ba8-9bb9ef7d0845,ok,43,19,1660,251.28,74,1920,9501,11425,78076
417,17256.803454883,17256.803880504,,1,GPU-bff95c83-0adb-feb7-9825-359f31b26de8,ok,0,0,467,31.551,38,210,405,439,341
418,17257.803454883,17257.803784861,,0,GPU-42e33043-7008-2803-9ba8-9bb9ef7d0845,ok,33,14,1660,250.121,74,1935,9501,11523,77539
418,17257.803454883,17257.803863381,,1,GPU-bff95c83-0adb-feb7-9825-359f31b26de8,ok,0,0,467,40.229,38,210,405,439,341
419,17258.803454883,17258.803972308,,0,GPU-42e33043-7008-2803-9ba8-9bb9ef7d0845,ok,34,15,1660,246.578,74,1920,9501,11572,78662
419,17258.803454883,17258.803928508,,1,GPU-bff95c83-0adb-feb7-9825-359f31b26de8,ok,0,0,467,31.554,38,210,405,488,341
420,17259.803454883,17259.803798284,,0,GPU-42e33043-7008-2803-9ba8-9bb9ef7d0845,ok,34,15,1660,245.033,73,1935,9501,11474,77734
420,17259.803454883,17259.803871234,,1,GPU-bff95c83-0adb-feb7-9825-359f31b26de8,ok,0,0,467,29.955,38,210,405,439,341
421,17260.803454883,17260.803793221,,0,GPU-42e33043-7008-2803-9ba8-9bb9ef7d0845,ok,34,15,1660,243.943,73,1935,9501,10986,74658
421,17260.803454883,17260.803866271,,1,GPU-bff95c83-0adb-feb7-9825-359f31b26de8,ok,0,0,467,29.111,38,210,405,439,341
422,17261.803454883,17261.803789518,,0,GPU-42e33043-7008-2803-9ba8-9bb9ef7d0845,ok,38,16,1660,236.835,72,1875,9501,11621,78271
422,17261.803454883,17261.803915108,,1,GPU-bff95c83-0adb-feb7-9825-359f31b26de8,ok,0,0,467,28.979,38,210,405,439,341
423,17262.803454883,17262.803846955,,0,GPU-42e33043-7008-2803-9ba8-9bb9ef7d0845,ok,36,16,1660,230.769,73,1935,9501,10937,51611
423,17262.803454883,17262.803926445,,1,GPU-bff95c83-0adb-feb7-9825-359f31b26de8,ok,0,0,467,29.195,38,210,405,488,341
424,17263.803454883,17263.803796072,,0,GPU-42e33043-7008-2803-9ba8-9bb9ef7d0845,ok,38,17,1660,246.848,74,1935,9501,11474,77441
424,17263.803454883,17263.803861262,,1,GPU-bff95c83-0adb-feb7-9825-359f31b26de8,ok,0,0,467,29.91,38,210,405,439,341
425,17264.803454883,17264.803792559,,0,GPU-42e33043-7008-2803-9ba8-9bb9ef7d0845,ok,38,17,1660,251.994,74,1935,9501,11376,77783
425,17264.803454883,17264.803855539,,1,GPU-bff95c83-0adb-feb7-9825-359f31b26de8,ok,0,0,467,39.593,38,210,405,439,341
426,17265.803454883,17265.803786975,,0,GPU-42e33043-7008-2803-9ba8-9bb9ef7d0845,ok,39,17,1660,248.225,74,1935,9501,11474,77539
426,17265.803454883,17265.803850095,,1,GPU-bff95c83-0adb-feb7-9825-359f31b26de8,ok,0,0,467,31.297,38,210,405,439,341
427,17266.803454883,17266.803793712,,0,GPU-42e33043-7008-2803-9ba8-9bb9ef7d0845,ok,38,17,1660,247.905,74,1935,9501,10986,73095
427,17266.803454883,17266.803894402,,1,GPU-bff95c83-0adb-feb7-9825-359f31b26de8,ok,0,0,467,29.952,38,210,405,439,341
428,17267.803454883,17267.803867699,,0,GPU-42e33043-7008-2803-9ba8-9bb9ef7d0845,ok,38,17,1660,247.76,74,1935,9501,11474,77734
428,17267.803454883,17267.803891899,,1,GPU-bff95c83-0adb-feb7-9825-359f31b26de8,ok,0,0,467,29.461,38,210,405,439,341
429,17268.803454883,17268.803944026,,0,GPU-42e33043-7008-2803-9ba8-9bb9ef7d0845,ok,41,18,1660,249.752,74,1935,9501,10986,74707
429,17268.803454883,17268.804013466,,1,GPU-bff95c83-0adb-feb7-9825-359f31b26de8,ok,0,0,467,29.454,38,210,405,439,341
430,17269.803454883,17269.803789313,,0,GPU-42e33043-7008-2803-9ba8-9bb9ef7d0845,ok,40,18,1660,244.614,74,1830,9501,11425,78271
430,17269.803454883,17269.803834703,,1,GPU-bff95c83-0adb-feb7-9825-359f31b26de8,ok,0,0,467,29.722,38,210,405,439,341
431,17270.803454883,17270.80379742,,0,GPU-42e33043-7008-2803-9ba8-9bb9ef7d0845,ok,44,20,1660,221.995,73,1920,9501,10937,73925
431,17270.803454883,17270.8038423,,1,GPU-bff95c83-0adb-feb7-9825-359f31b26de8,ok,0,0,467,29.584,38,210,405,439,341
432,17271.803454883,17271.803853306,,0,GPU-42e33043-7008-2803-9ba8-9bb9ef7d0845,ok,40,18,1660,242.547,74,1920,9501,11523,78173
432,17271.803454883,17271.803895567,,1,GPU-bff95c83-0adb-feb7-9825-359f31b26de8,ok,0,0,467,39.787,38,210,405,488,341
433,17272.803454883,17272.803918393,,0,GPU-42e33043-7008-2803-9ba8-9bb9ef7d0845,ok,33,14,1660,245.895,74,1920,9501,10937,75048
433,17272.803454883,17272.803883853,,1,GPU-bff95c83-0adb-feb7-9825-359f31b26de8,ok,0,0,467,39.963,38,210,405,439,341
434,17273.803454883,17273.80379932,,0,GPU-42e33043-7008-2803-9ba8-9bb9ef7d0845,ok,37,16,1660,244.071,73,1920,9501,11328,78125
434,17273.803454883,17273.80388491,,1,GPU-bff95c83-0adb-feb7-9825-359f31b26de8,ok,0,0,467,30.99,38,210,405,439,341
435,17274.803454883,17274.803795857,,0,GPU-42e33043-7008-2803-9ba8-9bb9ef7d0845,ok,37,16,1660,249.513,74,1935,9501,11425,78417
435,17274.803454883,17274.803842137,,1,GPU-bff95c83-0adb-feb7-9825-359f31b26de8,ok,0,0,467,29.811,38,210,405,439,341
436,17275.803454883,17275.803784044,,0,GPU-42e33043-7008-2803-9ba8-9bb9ef7d0845,ok,36,16,1660,246.958,73,1935,9501,10888,74169
436,17275.803454883,17275.803853244,,1,GPU-bff95c83-0adb-feb7-9825-359f31b26de8,ok,0,0,467,29.586,38,210,405,488,341
437,17276.803454883,17276.803779511,,0,GPU-42e33043-7008-2803-9ba8-9bb9ef7d0845,ok,37,16,1660,247.35,74,1935,9501,11621,77880
437,17276.803454883,17276.803826071,,1,GPU-bff95c83-0adb-feb7-9825-359f31b26de8,ok,0,0,467,29.571,38,210,405,439,341
438,17277.803454883,17277.803795717,,0,GPU-42e33043-7008-2803-9ba8-9bb9ef7d0845,ok,38,17,1660,243.248,74,1935,9501,8593,77978
438,17277.803454883,17277.803845828,,1,GPU-bff95c83-0adb-feb7-9825-359f31b26de8,ok,0,0,467,29.611,38,210,405,439,292
439,17278.803454883,17278.803783044,,0,GPU-42e33043-7008-2803-9ba8-9bb9ef7d0845,ok,39,17,1660,248.195,74,1935,9501,11621,77490
439,17278.803454883,17278.803834254,,1,GPU-bff95c83-0adb-feb7-9825-359f31b26de8,ok,0,0,467,34.28,38,210,405,439,341
440,17279.803454883,17279.803787011,,0,GPU-42e33043-7008-2803-9ba8-9bb9ef7d0845,ok,39,18,1660,246.176,74,1935,9501,11523,78417
440,17279.803454883,17279.803858171,,1,GPU-bff95c83-0adb-feb7-9825-359f31b26de8,ok,0,0,467,40.285,38,210,405,439,341
441,17280.803454883,17280.803783848,,0,GPU-42e33043-7008-2803-9ba8-9bb9ef7d0845,ok,39,18,1660,248.648,74,1935,9501,11474,78076
441,17280.803454883,17280.803854968,,1,GPU-bff95c83-0adb-feb7-9825-359f31b26de8,ok,0,0,467,30.46,38,210,405,439,341
442,17281.803454883,17281.803798005,,0,GPU-42e33043-7008-2803-9ba8-9bb9ef7d0845,ok,39,17,1660,249.082,74,1935,9501,11474,77880
442,17281.803454883,17281.803868625,,1,GPU-bff95c83-0adb-feb7-9825-359f31b26de8,ok,0,0,467,29.394,37,210,405,439,341
443,17282.803454883,17282.803791682,,0,GPU-42e33043-7008-2803-9ba8-9bb9ef7d0845,ok,41,18,1660,243.731,74,1860,9501,11425,78662
443,17282.803454883,17282.803837102,,1,GPU-bff95c83-0adb-feb7-9825-359f31b26de8,ok,0,0,467,29.351,37,210,405,439,341
444,17283.803454883,17283.803786908,,0,GPU-42e33043-7008-2803-9ba8-9bb9ef7d0845,ok,41,19,1660,240.786,74,1935,9501,11474,77832
444,17283.803454883,17283.803855519,,1,GPU-bff95c83-0adb-feb7-9825-359f31b26de8,ok,0,0,467,29.305,37,210,405,488,341
445,17284.803454883,17284.803785875,,0,GPU-42e33043-7008-2803-9ba8-9bb9ef7d0845,ok,41,18,1660,249.725,74,1920,9501,11425,78857
445,17284.803454883,17284.803855315,,1,GPU-bff95c83-0adb-feb7-9825-359f31b26de8,ok,0,0,467,29.426,37,210,405,439,341
446,17285.803454883,17285.803786502,,0,GPU-42e33043-7008-2803-9ba8-9bb9ef7d0845,ok,36,15,1660,246.571,74,1920,9501,11474,77880
446,17285.803454883,17285.803858822,,1,GPU-bff95c83-0adb-feb7-9825-359f31b26de8,ok,0,0,467,33.476,38,210,405,439,341
447,17286.803454883,17286.803788849,,0,GPU-42e33043-7008-2803-9ba8-9bb9ef7d0845,ok,35,15,1660,246.181,74,1920,9501,11425,78222
447,17286.803454883,17286.803855429,,1,GPU-bff95c83-0adb-feb7-9825-359f31b26de8,ok,0,0,467,40.29,38,210,405,439,341
448,17287.803454883,17287.803785936,,0,GPU-42e33043-7008-2803-9ba8-9bb9ef7d0845,ok,34,15,1660,247.717,74,1935,9501,11523,77929
448,17287.803454883,17287.803856086,,1,GPU-bff95c83-0adb-feb7-9825-359f31b26de8,ok,0,0,467,31.246,38,210,405,488,341
449,17288.803454883,17288.803795963,,0,GPU-42e33043-7008-2803-9ba8-9bb9ef7d0845,ok,34,15,1660,245.542,73,1935,9501,11572,78027
449,17288.803454883,17288.803864353,,1,GPU-bff95c83-0adb-feb7-9825-359f31b26de8,ok,0,0,467,29.757,38,210,405,439,341
450,17289.803454883,17289.80378678,,0,GPU-42e33043-7008-2803-9ba8-9bb9ef7d0845,ok,36,15,1660,244.332,73,1935,9501,10937,74365
450,17289.803454883,17289.80385506,,1,GPU-bff95c83-0adb-feb7-9825-359f31b26de8,ok,0,0,467,29.284,38,210,405,439,341
451,17290.803454883,17290.803789216,,0,GPU-42e33043-7008-2803-9ba8-9bb9ef7d0845,ok,38,16,1660,233.762,72,1860,9501,11523,78857
451,17290.803454883,17290.803834746,,1,GPU-bff95c83-0adb-feb7-9825-359f31b26de8,ok,0,0,467,29.409,38,210,405,439,341
452,17291.803454883,17291.803785413,,0,GPU-42e33043-7008-2803-9ba8-9bb9ef7d0845,ok,36,16,1660,224.699,73,1935,9501,10937,75000
452,17291.803454883,17291.803857323,,1,GPU-bff95c83-0adb-feb7-9825-359f31b26de8,ok,0,0,467,29.389,38,210,405,488,341
453,17292.803454883,17292.80377439,,0,GPU-42e33043-7008-2803-9ba8-9bb9ef7d0845,ok,37,17,1660,245.664,74,1935,9501,8691,77148
453,17292.803454883,17292.80384189,,1,GPU-bff95c83-0adb-feb7-9825-359f31b26de8,ok,0,0,467,32.338,38,210,405,439,341
454,17293.803454883,17293.803872217,,0,GPU-42e33043-7008-2803-9ba8-9bb9ef7d0845,ok,36,16,1660,247.77,74,1935,9501,11474,77783
454,17293.803454883,17293.803972757,,1,GPU-bff95c83-0adb-feb7-9825-359f31b26de8,ok,0,0,467,39.666,38,210,405,439,341
455,17294.803454883,17294.803930854,,0,GPU-42e33043-7008-2803-9ba8-9bb9ef7d0845,ok,40,17,1660,221.613,71,1815,9501,11572,79541
455,17294.803454883,17294.803899374,,1,GPU-bff95c83-0adb-feb7-9825-359f31b26de8,ok,0,0,467,30.898,38,210,405,488,341
456,17295.803454883,17295.803991451,,0,GPU-42e33043-7008-2803-9ba8-9bb9ef7d0845,ok,37,17,1660,227.998,73,1935,9501,11523,79492
456,17295.803454883,17295.803935351,,1,GPU-bff95c83-0adb-feb7-9825-359f31b26de8,ok,0,0,467,29.574,38,210,405,439,341
457,17296.803454883,17296.803900217,,0,GPU-42e33043-7008-2803-9ba8-9bb9ef7d0845,ok,40,18,1660,246.719,74,1935,9501,11572,79150
457,17296.803454883,17296.803876617,,1,GPU-bff95c83-0adb-feb7-9825-359f31b26de8,ok,0,0,467,29.21,38,210,405,488,341
458,17297.803454883,17297.803892594,,0,GPU-42e33043-7008-2803-9ba8-9bb9ef7d0845,ok,40,18,1660,249.409,74,1935,9501,11523,79248
458,17297.803454883,17297.803826694,,1,GPU-bff95c83-0adb-feb7-9825-359f31b26de8,ok,0,0,467,29.144,37,210,405,439,341
459,17298.803454883,17298.803785431,,0,GPU-42e33043-7008-2803-9ba8-9bb9ef7d0845,ok,46,22,1660,249.03,74,1935,9501,10205,77978
459,17298.803454883,17298.803831271,,1,GPU-bff95c83-0adb-feb7-9825-359f31b26de8,ok,0,0,467,29.183,38,210,405,439,341
460,17299.803454883,17299.803783288,,0,GPU-42e33043-7008-2803-9ba8-9bb9ef7d0845,ok,43,20,1660,251.002,74,1920,9501,10937,73925
460,17299.803454883,17299.803849078,,1,GPU-bff95c83-0adb-feb7-9825-359f31b26de8,ok,0,0,467,31.247,38,210,405,439,341
461,17300.803454883,17300.803797205,,0,GPU-42e33043-7008-2803-9ba8-9bb9ef7d0845,ok,34,15,1660,250.505,75,1920,9501,11523,78417
461,17300.803454883,17300.803858785,,1,GPU-bff95c83-0adb-feb7-9825-359f31b26de8,ok,0,0,467,39.996,38,210,405,439,341
462,17301.803454883,17301.803800792,,0,GPU-42e33043-7008-2803-9ba8-9bb9ef7d0845,ok,37,16,1660,245.827,74,1920,9501,11474,77636
462,17301.803454883,17301.803867322,,1,GPU-bff95c83-0adb-feb7-9825-359f31b26de8,ok,0,0,467,30.36,38,210,405,439,341
463,17302.803454883,17302.803788758,,0,GPU-42e33043-7008-2803-9ba8-9bb9ef7d0845,ok,34,15,1660,247.474,74,1920,9501,11425,77685
463,17302.803454883,17302.803855968,,1,GPU-bff95c83-0adb-feb7-9825-359f31b26de8,ok,0,0,467,29.386,38,210,405,439,341
464,17303.803454883,17303.803792325,,0,GPU-42e33043-7008-2803-9ba8-9bb9ef7d0845,ok,34,15,1660,245.234,74,1935,9501,11376,77539
464,17303.803454883,17303.803851865,,1,GPU-bff95c83-0adb-feb7-9825-359f31b26de8,ok,0,0,467,29.277,38,210,405,439,341
465,17304.803454883,17304.803816152,,0,GPU-42e33043-7008-2803-9ba8-9bb9ef7d0845,ok,35,15,1660,243.624,73,1935,9501,10839,73876
465,17304.803454883,17304.803867572,,1,GPU-bff95c83-0adb-feb7-9825-359f31b26de8,ok,0,0,467,29.179,38,210,405,439,341
466,17305.803454883,17305.803796359,,0,GPU-42e33043-7008-2803-9ba8-9bb9ef7d0845,ok,38,16,1660,235.537,72,1875,9501,11523,78710
466,17305.803454883,17305.803868319,,1,GPU-bff95c83-0adb-feb7-9825-359f31b26de8,ok,0,0,467,29.417,38,210,405,439,341
467,17306.803454883,17306.803793056,,0,GPU-42e33043-7008-2803-9ba8-9bb9ef7d0845,ok,39,17,1660,227.312,73,1935,9501,11621,53515
467,17306.803454883,17306.803855026,,1,GPU-bff95c83-0adb-feb7-9825-359f31b26de8,ok,1,0,467,29.646,38,210,405,488,341
468,17307.803454883,17307.803791433,,0,GPU-42e33043-7008-2803-9ba8-9bb9ef7d0845,ok,38,17,1660,247.725,74,1935,9501,11572,78222
468,17307.803454883,17307.803841633,,1,GPU-bff95c83-0adb-feb7-9825-359f31b26de8,ok,0,0,467,40.269,38,210,405,439,292
469,17308.803454883,17308.803782709,,0,GPU-42e33043-7008-2803-9ba8-9bb9ef7d0845,ok,39,18,1660,247.535,74,1935,9501,11474,77636
469,17308.803454883,17308.803852079,,1,GPU-bff95c83-0adb-feb7-9825-359f31b26de8,ok,0,0,467,31.447,38,210,405,439,341
470,17309.803454883,17309.803783946,,0,GPU-42e33043-7008-2803-9ba8-9bb9ef7d0845,ok,42,19,1660,251.046,74,1935,9501,11425,77539
470,17309.803454883,17309.803852436,,1,GPU-bff95c83-0adb-feb7-9825-359f31b26de8,ok,0,0,467,30.12,38,210,405,439,341
471,17310.803454883,17310.803796953,,0,GPU-42e33043-7008-2803-9ba8-9bb9ef7d0845,ok,42,19,1660,249.573,74,1935,9501,11523,77978
471,17310.803454883,17310.803849283,,1,GPU-bff95c83-0adb-feb7-9825-359f31b26de8,ok,0,0,467,29.731,38,210,405,439,341
472,17311.803454883,17311.80379305,,0,GPU-42e33043-7008-2803-9ba8-9bb9ef7d0845,ok,42,19,1660,253.669,74,1935,9501,10937,74707
472,17311.803454883,17311.80386277,,1,GPU-bff95c83-0adb-feb7-9825-359f31b26de8,ok,0,0,467,29.808,37,210,405,439,341
473,17312.803454883,17312.803783257,,0,GPU-42e33043-7008-2803-9ba8-9bb9ef7d0845,ok,47,22,1660,250.26,74,1935,9501,11474,77929
473,17312.803454883,17312.803854247,,1,GPU-bff95c83-0adb-feb7-9825-359f31b26de8,ok,0,0,467,29.905,38,210,405,439,341
474,17313.803454883,17313.803789104,,0,GPU-42e33043-7008-2803-9ba8-9bb9ef7d0845,ok,41,18,1660,243.625,73,1920,9501,11425,78369
474,17313.803454883,17313.803859284,,1,GPU-bff95c83-0adb-feb7-9825-359f31b26de8,ok,0,0,467,29.659,38,210,405,439,341
475,17314.803454883,17314.80379058,,0,GPU-42e33043-7008-2803-9ba8-9bb9ef7d0845,ok,34,15,1660,248.252,74,1920,9501,11474,78076
475,17314.803454883,17314.80386017,,1,GPU-bff95c83-0adb-feb7-9825-359f31b26de8,ok,0,0,467,39.689,38,210,405,488,341
476,17315.803454883,17315.803788857,,0,GPU-42e33043-7008-2803-9ba8-9bb9ef7d0845,ok,36,16,1660,245.159,73,1920,9501,11474,77734
476,17315.803454883,17315.803833987,,1,GPU-bff95c83-0adb-feb7-9825-359f31b26de8,ok,0,0,467,39.889,38,210,405,439,341
477,17316.803454883,17316.803782934,,0,GPU-42e33043-7008-2803-9ba8-9bb9ef7d0845,ok,34,15,1660,248.171,74,1935,9501,10888,73388
477,17316.803454883,17316.803827444,,1,GPU-bff95c83-0adb-feb7-9825-359f31b26de8,ok,0,0,467,31.303,38,210,405,439,341
478,17317.803454883,17317.803782851,,0,GPU-42e33043-7008-2803-9ba8-9bb9ef7d0845,ok,36,16,1660,244.369,73,1935,9501,11376,73486
478,17317.803454883,17317.803828251,,1,GPU-bff95c83-0adb-feb7-9825-359f31b26de8,ok,0,0,467,30.165,38,210,405,488,341
479,17318.803454883,17318.803785208,,0,GPU-42e33043-7008-2803-9ba8-9bb9ef7d0845,ok,37,16,1660,245.987,73,1935,9501,11523,78906
479,17318.803454883,17318.803855568,,1,GPU-bff95c83-0adb-feb7-9825-359f31b26de8,ok,0,0,467,29.815,38,210,405,439,341
480,17319.803454883,17319.803943005,,0,GPU-42e33043-7008-2803-9ba8-9bb9ef7d0845,ok,37,16,1660,247.754,73,1935,9501,11474,78271
480,17319.803454883,17319.803974895,,1,GPU-bff95c83-0adb-feb7-9825-359f31b26de8,ok,0,0,467,29.623,38,210,405,488,341
481,17320.803454883,17320.803792021,,0,GPU-42e33043-7008-2803-9ba8-9bb9ef7d0845,ok,38,17,1660,246.097,73,1935,9501,10107,61914
481,17320.803454883,17320.803839621,,1,GPU-bff95c83-0adb-feb7-9825-359f31b26de8,ok,0,0,467,29.785,38,210,405,439,341
482,17321.803454883,17321.803784728,,0,GPU-42e33043-7008-2803-9ba8-9bb9ef7d0845,ok,38,17,1660,244.939,73,1920,9501,11376,78222
482,17321.803454883,17321.803833168,,1,GPU-bff95c83-0adb-feb7-9825-359f31b26de8,ok,0,0,467,34.195,38,210,405,439,341
483,17322.803454883,17322.803796685,,0,GPU-42e33043-7008-2803-9ba8-9bb9ef7d0845,ok,38,17,1660,243.218,74,1935,9501,11572,78222
483,17322.803454883,17322.803869225,,1,GPU-bff95c83-0adb-feb7-9825-359f31b26de8,ok,0,0,467,40.115,38,210,405,439,341
484,17323.803454883,17323.803793692,,0,GPU-42e33043-7008-2803-9ba8-9bb9ef7d0845,ok,39,18,1660,247.119,74,1935,9501,11376,77783
484,17323.803454883,17323.803865432,,1,GPU-bff95c83-0adb-feb7-9825-359f31b26de8,ok,0,0,467,31.024,38,210,405,439,341
485,17324.803454883,17324.803786409,,0,GPU-42e33043-7008-2803-9ba8-9bb9ef7d0845,ok,40,18,1660,246.968,74,1935,9501,11425,77929
485,17324.803454883,17324.803839179,,1,GPU-bff95c83-0adb-feb7-9825-359f31b26de8,ok,0,0,467,29.81,37,210,405,439,341
486,17325.803454883,17325.803792946,,0,GPU-42e33043-7008-2803-9ba8-9bb9ef7d0845,ok,41,18,1660,249.567,74,1935,9501,11425,77978
486,17325.803454883,17325.803838276,,1,GPU-bff95c83-0adb-feb7-9825-359f31b26de8,ok,0,0,467,29.412,37,210,405,439,341
487,17326.803454883,17326.803790102,,0,GPU-42e33043-7008-2803-9ba8-9bb9ef7d0845,ok,42,19,1660,249.924,74,1905,9501,10839,73486
487,17326.803454883,17326.803840273,,1,GPU-bff95c83-0adb-feb7-9825-359f31b26de8,ok,0,0,467,29.371,38,210,405,439,341
488,17327.803454883,17327.803790769,,0,GPU-42e33043-7008-2803-9ba8-9bb9ef7d0845,ok,39,18,1660,244.649,74,1920,9501,11523,78173
488,17327.803454883,17327.803860889,,1,GPU-bff95c83-0adb-feb7-9825-359f31b26de8,ok,0,0,467,29.684,38,210,405,439,292
489,17328.803454883,17328.803789786,,0,GPU-42e33043-7008-2803-9ba8-9bb9ef7d0845,ok,35,15,1660,243.136,73,1920,9501,11474,77343
489,17328.803454883,17328.803860496,,1,GPU-bff95c83-0adb-feb7-9825-359f31b26de8,ok,0,0,467,33.41,38,210,405,488,341
490,17329.803454883,17329.803804663,,0,GPU-42e33043-7008-2803-9ba8-9bb9ef7d0845,ok,34,15,1660,246.018,73,1920,9501,11572,78515
490,17329.803454883,17329.803858243,,1,GPU-bff95c83-0adb-feb7-9825-359f31b26de8,ok,0,0,467,40.223,38,210,405,439,341
491,17330.803454883,17330.8037863,,0,GPU-42e33043-7008-2803-9ba8-9bb9ef7d0845,ok,36,16,1660,247.214,74,1935,9501,11523,78515
491,17330.803454883,17330.80385586,,1,GPU-bff95c83-0adb-feb7-9825-359f31b26de8,ok,0,0,467,31.923,38,210,405,439,341
492,17331.803454883,17331.803785117,,0,GPU-42e33043-7008-2803-9ba8-9bb9ef7d0845,ok,37,16,1660,250.54,74,1935,9501,11669,78759
492,17331.803454883,17331.803836037,,1,GPU-bff95c83-0adb-feb7-9825-359f31b26de8,ok,0,0,467,30.317,38,210,405,439,341
493,17332.803454883,17332.803788174,,0,GPU-42e33043-7008-2803-9ba8-9bb9ef7d0845,ok,37,16,1660,248.224,74,1935,9501,10986,74462
493,17332.803454883,17332.803834614,,1,GPU-bff95c83-0adb-feb7-9825-359f31b26de8,ok,0,0,467,29.609,38,210,405,439,341
494,17333.803454883,17333.80378627,,0,GPU-42e33043-7008-2803-9ba8-9bb9ef7d0845,ok,38,17,1660,246.935,74,1935,9501,8496,77392
494,17333.803454883,17333.8038323,,1,GPU-bff95c83-0adb-feb7-9825-359f31b26de8,ok,0,0,467,29.745,37,210,405,439,341
495,17334.803454883,17334.803793807,,0,GPU-42e33043-7008-2803-9ba8-9bb9ef7d0845,ok,38,17,1660,246.745,74,1935,9501,11523,78271
495,17334.803454883,17334.803860847,,1,GPU-bff95c83-0adb-feb7-9825-359f31b26de8,ok,0,0,467,29.903,37,210,405,439,341
496,17335.803454883,17335.803793374,,0,GPU-42e33043-7008-2803-9ba8-9bb9ef7d0845,ok,40,18,1660,227.978,72,1860,9501,11669,78710
496,17335.803454883,17335.803860634,,1,GPU-bff95c83-0adb-feb7-9825-359f31b26de8,ok,0,0,467,32.258,38,210,405,439,292
497,17336.803454883,17336.803787701,,0,GPU-42e33043-7008-2803-9ba8-9bb9ef7d0845,ok,40,18,1660,236.847,74,1935,9501,11474,78759
497,17336.803454883,17336.803855171,,1,GPU-bff95c83-0adb-feb7-9825-359f31b26de8,ok,0,0,467,39.481,38,210,405,439,341
498,17337.803454883,17337.803787528,,0,GPU-42e33043-7008-2803-9ba8-9bb9ef7d0845,ok,42,19,1660,244.573,73,1935,9501,11621,78808
498,17337.803454883,17337.803851748,,1,GPU-bff95c83-0adb-feb7-9825-359f31b26de8,ok,0,0,467,31.338,38,210,405,439,341
499,17338.803454883,17338.803786875,,0,GPU-42e33043-7008-2803-9ba8-9bb9ef7d0845,ok,40,18,1660,249.284,74,1935,9501,11376,77636
499,17338.803454883,17338.803837385,,1,GPU-bff95c83-0adb-feb7-9825-359f31b26de8,ok,0,0,467,30.006,37,210,405,439,341
500,17339.803454883,17339.803809591,,0,GPU-42e33043-7008-2803-9ba8-9bb9ef7d0845,ok,45,21,1660,251.062,74,1830,9501,11572,77685
500,17339.803454883,17339.803864531,,1,GPU-bff95c83-0adb-feb7-9825-359f31b26de8,ok,0,0,467,29.64,37,210,405,439,341
501,17340.803454883,17340.803792878,,0,GPU-42e33043-7008-2803-9ba8-9bb9ef7d0845,ok,35,15,1660,248.738,74,1920,9501,11425,78369
501,17340.803454883,17340.803837608,,1,GPU-bff95c83-0adb-feb7-9825-359f31b26de8,ok,0,0,467,29.614,37,210,405,439,341
502,17341.803454883,17341.803788535,,0,GPU-42e33043-7008-2803-9ba8-9bb9ef7d0845,ok,34,15,1660,247.602,74,1935,9501,11425,78417
502,17341.803454883,17341.803850565,,1,GPU-bff95c83-0adb-feb7-9825-359f31b26de8,ok,0,0,467,29.638,37,210,405,439,341
503,17342.803454883,17342.803785702,,0,GPU-42e33043-7008-2803-9ba8-9bb9ef7d0845,ok,37,16,1660,247.407,73,1920,9501,11523,78027
503,17342.803454883,17342.803831092,,1,GPU-bff95c83-0adb-feb7-9825-359f31b26de8,ok,0,0,467,31.357,38,210,405,439,341
504,17343.803454883,17343.803782229,,0,GPU-42e33043-7008-2803-9ba8-9bb9ef7d0845,ok,38,17,1660,247.169,73,1920,9501,11474,78222
504,17343.803454883,17343.803847089,,1,GPU-bff95c83-0adb-feb7-9825-359f31b26de8,ok,0,0,467,40.01,38,210,405,439,341
505,17344.803454883,17344.803829036,,0,GPU-42e33043-7008-2803-9ba8-9bb9ef7d0845,ok,37,16,1660,248.274,74,1935,9501,11572,77734
505,17344.803454883,17344.803861186,,1,GPU-bff95c83-0adb-feb7-9825-359f31b26de8,ok,0,0,467,31.275,38,210,405,488,341
506,17345.803454883,17345.803787932,,0,GPU-42e33043-7008-2803-9ba8-9bb9ef7d0845,ok,38,17,1660,246.759,74,1935,9501,11474,78076
506,17345.803454883,17345.803835112,,1,GPU-bff95c83-0adb-feb7-9825-359f31b26de8,ok,0,0,467,29.935,38,210,405,439,341
507,17346.803454883,17346.803783559,,0,GPU-42e33043-7008-2803-9ba8-9bb9ef7d0845,ok,38,17,1660,248.189,74,1935,9501,11035,77197
507,17346.803454883,17346.803848219,,1,GPU-bff95c83-0adb-feb7-9825-359f31b26de8,ok,0,0,467,29.629,38,210,405,439,341
508,17347.803454883,17347.803799346,,0,GPU-42e33043-7008-2803-9ba8-9bb9ef7d0845,ok,38,17,1660,250.262,74,1935,9501,11523,78222
508,17347.803454883,17347.803848456,,1,GPU-bff95c83-0adb-feb7-9825-359f31b26de8,ok,0,0,467,29.697,37,210,405,439,341
509,17348.803454883,17348.803787463,,0,GPU-42e33043-7008-2803-9ba8-9bb9ef7d0845,ok,39,18,1660,246.798,74,1935,9501,11425,78173
509,17348.803454883,17348.803832403,,1,GPU-bff95c83-0adb-feb7-9825-359f31b26de8,ok,0,0,467,29.796,38,210,405,488,341
510,17349.803454883,17349.80379409,,0,GPU-42e33043-7008-2803-9ba8-9bb9ef7d0845,ok,40,18,1660,247.905,74,1935,9501,11474,77294
510,17349.803454883,17349.8038548,,1,GPU-bff95c83-0adb-feb7-9825-359f31b26de8,ok,1,0,467,29.985,37,210,405,488,341
511,17350.803454883,17350.803784607,,0,GPU-42e33043-7008-2803-9ba8-9bb9ef7d0845,ok,42,19,1660,249.394,74,1935,9501,11523,78515
511,17350.803454883,17350.803831577,,1,GPU-bff95c83-0adb-feb7-9825-359f31b26de8,ok,0,0,467,40.336,38,210,405,439,341
512,17351.803454883,17351.803782803,,0,GPU-42e33043-7008-2803-9ba8-9bb9ef7d0845,ok,41,19,1660,249.161,75,1935,9501,11425,77587
512,17351.803454883,17351.803827753,,1,GPU-bff95c83-0adb-feb7-9825-359f31b26de8,ok,0,0,467,30.847,38,210,405,439,341
513,17352.803454883,17352.8038418,,0,GPU-42e33043-7008-2803-9ba8-9bb9ef7d0845,ok,42,20,1660,249.372,74,1920,9501,11523,78417
513,17352.803454883,17352.80421646,,1,GPU-bff95c83-0adb-feb7-9825-359f31b26de8,ok,0,0,467,29.785,38,210,405,439,341
514,17353.803454883,17353.803786337,,0,GPU-42e33043-7008-2803-9ba8-9bb9ef7d0845,ok,34,15,1660,251.146,74,1920,9501,11376,77929
514,17353.803454883,17353.803830277,,1,GPU-bff95c83-0adb-feb7-9825-359f31b26de8,ok,0,0,467,29.754,38,210,405,439,341
515,17354.803454883,17354.803799364,,0,GPU-42e33043-7008-2803-9ba8-9bb9ef7d0845,ok,35,15,1660,246.045,73,1920,9501,11376,78076
515,17354.803454883,17354.803853094,,1,GPU-bff95c83-0adb-feb7-9825-359f31b26de8,ok,0,0,467,29.896,38,210,405,439,341
516,17355.803454883,17355.803786651,,0,GPU-42e33043-7008-2803-9ba8-9bb9ef7d0845,ok,35,15,1660,238.579,73,1920,9501,10791,73730
516,17355.803454883,17355.803831771,,1,GPU-bff95c83-0adb-feb7-9825-359f31b26de8,ok,0,0,467,30.081,37,210,405,439,341
517,17356.803454883,17356.803783948,,0,GPU-42e33043-7008-2803-9ba8-9bb9ef7d0845,ok,37,16,1660,243.768,73,1920,9501,11425,78271
517,17356.803454883,17356.803846058,,1,GPU-bff95c83-0adb-feb7-9825-359f31b26de8,ok,0,0,467,29.929,37,210,405,488,341
518,17357.803454883,17357.803791994,,0,GPU-42e33043-7008-2803-9ba8-9bb9ef7d0845,ok,37,16,1660,245.876,73,1935,9501,11474,78466
518,17357.803454883,17357.803863514,,1,GPU-bff95c83-0adb-feb7-9825-359f31b26de8,ok,0,0,467,35.116,38,210,405,439,292
519,17358.803454883,17358.803790201,,0,GPU-42e33043-7008-2803-9ba8-9bb9ef7d0845,ok,38,17,1660,247.424,74,1935,9501,11523,78369
519,17358.803454883,17358.803835201,,1,GPU-bff95c83-0adb-feb7-9825-359f31b26de8,ok,0,0,467,40.584,38,210,405,439,292
520,17359.803454883,17359.803792138,,0,GPU-42e33043-7008-2803-9ba8-9bb9ef7d0845,ok,38,17,1660,247.704,74,1935,9501,8496,78759
520,17359.803454883,17359.803843508,,1,GPU-bff95c83-0adb-feb7-9825-359f31b26de8,ok,0,0,467,31.829,38,210,405,439,341
521,17360.803454883,17360.803786975,,0,GPU-42e33043-7008-2803-9ba8-9bb9ef7d0845,ok,39,17,1660,244.683,73,1920,9501,11523,77099
521,17360.803454883,17360.803859715,,1,GPU-bff95c83-0adb-feb7-9825-359f31b26de8,ok,0,0,467,30.533,37,210,405,439,292
522,17361.803454883,17361.803800622,,0,GPU-42e33043-7008-2803-9ba8-9bb9ef7d0845,ok,37,16,1660,241.049,74,1935,9501,11376,77734
522,17361.803454883,17361.803849182,,1,GPU-bff95c83-0adb-feb7-9825-359f31b26de8,ok,0,0,467,30.039,37,210,405,439,292
523,17362.803454883,17362.803791039,,0,GPU-42e33043-7008-2803-9ba8-9bb9ef7d0845,ok,39,17,1660,246.01,74,1935,9501,11328,78222
523,17362.803454883,17362.803837809,,1,GPU-bff95c83-0adb-feb7-9825-359f31b26de8,ok,0,0,467,29.887,37,210,405,439,292
524,17363.803454883,17363.803787445,,0,GPU-42e33043-7008-2803-9ba8-9bb9ef7d0845,ok,40,18,1660,246.505,74,1935,9501,11328,73339
524,17363.803454883,17363.803836135,,1,GPU-bff95c83-0adb-feb7-9825-359f31b26de8,ok,0,0,467,29.942,37,210,405,439,341
525,17364.803454883,17364.803789652,,0,GPU-42e33043-7008-2803-9ba8-9bb9ef7d0845,ok,42,19,1660,251.451,74,1935,9501,11572,79199
525,17364.803454883,17364.803841972,,1,GPU-bff95c83-0adb-feb7-9825-359f31b26de8,ok,0,0,467,34.241,38,210,405,439,341
526,17365.803454883,17365.803787429,,0,GPU-42e33043-7008-2803-9ba8-9bb9ef7d0845,ok,46,22,1660,255.683,74,1920,9501,11718,78466
526,17365.803454883,17365.803856709,,1,GPU-bff95c83-0adb-feb7-9825-359f31b26de8,ok,0,0,467,40.098,38,210,405,439,341
527,17366.803454883,17366.803789156,,0,GPU-42e33043-7008-2803-9ba8-9bb9ef7d0845,ok,35,15,1660,254.71,74,1920,9501,11621,79052
527,17366.803454883,17366.803836046,,1,GPU-bff95c83-0adb-feb7-9825-359f31b26de8,ok,0,0,467,31.587,38,210,405,439,341
528,17367.803454883,17367.803852053,,0,GPU-42e33043-7008-2803-9ba8-9bb9ef7d0845,ok,35,15,1660,245.757,73,1920,9501,11572,79150
528,17367.803454883,17367.803936103,,1,GPU-bff95c83-0adb-feb7-9825-359f31b26de8,ok,0,0,467,30.494,37,210,405,488,341
529,17368.803454883,17368.80379936,,0,GPU-42e33043-7008-2803-9ba8-9bb9ef7d0845,ok,38,17,1660,241.533,74,1920,9501,11718,79638
529,17368.803454883,17368.80386997,,1,GPU-bff95c83-0adb-feb7-9825-359f31b26de8,ok,0,0,467,30.131,37,210,405,488,341
530,17369.803454883,17369.803774056,,0,GPU-42e33043-7008-2803-9ba8-9bb9ef7d0845,ok,37,16,1660,250.293,74,1935,9501,11523,78906
530,17369.803454883,17369.803818246,,1,GPU-bff95c83-0adb-feb7-9825-359f31b26de8,ok,0,0,467,29.902,37,210,405,439,341
531,17370.803454883,17370.803794573,,0,GPU-42e33043-7008-2803-9ba8-9bb9ef7d0845,ok,38,17,1660,247.726,74,1935,9501,11572,78222
531,17370.803454883,17370.803856363,,1,GPU-bff95c83-0adb-feb7-9825-359f31b26de8,ok,0,0,467,29.951,38,210,405,439,341
532,17371.803454883,17371.80378153,,0,GPU-42e33043-7008-2803-9ba8-9bb9ef7d0845,ok,38,17,1660,248.758,74,1935,9501,11328,78222
532,17371.803454883,17371.80382503,,1,GPU-bff95c83-0adb-feb7-9825-359f31b26de8,ok,0,0,467,33.403,38,210,405,439,341
533,17372.803454883,17372.803784547,,0,GPU-42e33043-7008-2803-9ba8-9bb9ef7d0845,ok,38,17,1660,249.415,74,1935,9501,11523,78173
533,17372.803454883,17372.803832187,,1,GPU-bff95c83-0adb-feb7-9825-359f31b26de8,ok,0,0,467,40.18,38,210,405,488,341
534,17373.803454883,17373.803786274,,0,GPU-42e33043-7008-2803-9ba8-9bb9ef7d0845,ok,42,19,1660,251.849,74,1935,9501,11425,77539
534,17373.803454883,17373.803831004,,1,GPU-bff95c83-0adb-feb7-9825-359f31b26de8,ok,0,0,467,30.93,38,210,405,439,341
535,17374.803454883,17374.803789931,,0,GPU-42e33043-7008-2803-9ba8-9bb9ef7d0845,ok,41,19,1660,255.002,74,1935,9501,11474,77490
535,17374.803454883,17374.803835501,,1,GPU-bff95c83-0adb-feb7-9825-359f31b26de8,ok,0,0,467,29.867,38,210,405,488,341
536,17375.803454883,17375.803791077,,0,GPU-42e33043-7008-2803-9ba8-9bb9ef7d0845,ok,42,19,1660,249.335,74,1935,9501,11523,77978
536,17375.803454883,17375.803840968,,1,GPU-bff95c83-0adb-feb7-9825-359f31b26de8,ok,0,0,467,29.694,38,210,405,439,341
537,17376.803454883,17376.803782014,,0,GPU-42e33043-7008-2803-9ba8-9bb9ef7d0845,ok,41,18,1660,249.655,74,1935,9501,10839,74609
537,17376.803454883,17376.803826964,,1,GPU-bff95c83-0adb-feb7-9825-359f31b26de8,ok,0,0,467,29.536,38,210,405,488,341
538,17377.803454883,17377.803784381,,0,GPU-42e33043-7008-2803-9ba8-9bb9ef7d0845,ok,44,21,1660,248.359,74,1905,9501,11523,78027
538,17377.803454883,17377.803833081,,1,GPU-bff95c83-0adb-feb7-9825-359f31b26de8,ok,0,0,467,29.524,38,210,405,439,341
539,17378.803454883,17378.803787828,,0,GPU-42e33043-7008-2803-9ba8-9bb9ef7d0845,ok,33,14,1660,250.47,74,1935,9501,11376,77685
539,17378.803454883,17378.803838028,,1,GPU-bff95c83-0adb-feb7-9825-359f31b26de8,ok,0,0,467,32.366,38,210,405,439,341
540,17379.803454883,17379.803784135,,0,GPU-42e33043-7008-2803-9ba8-9bb9ef7d0845,ok,34,15,1660,248.719,74,1920,9501,11572,78613
540,17379.803454883,17379.803854135,,1,GPU-bff95c83-0adb-feb7-9825-359f31b26de8,ok,0,0,467,40.502,38,210,405,439,341
541,17380.803454883,17380.803798832,,0,GPU-42e33043-7008-2803-9ba8-9bb9ef7d0845,ok,34,15,1660,245.712,74,1935,9501,11523,77587
541,17380.803454883,17380.803866902,,1,GPU-bff95c83-0adb-feb7-9825-359f31b26de8,ok,0,0,467,31.716,38,210,405,439,341
542,17381.803454883,17381.803792159,,0,GPU-42e33043-7008-2803-9ba8-9bb9ef7d0845,ok,34,15,1660,246.584,73,1920,9501,11328,77783
542,17381.803454883,17381.803861849,,1,GPU-bff95c83-0adb-feb7-9825-359f31b26de8,ok,0,0,467,30.239,38,210,405,439,341
543,17382.803454883,17382.803796025,,0,GPU-42e33043-7008-2803-9ba8-9bb9ef7d0845,ok,36,16,1660,243.077,73,1920,9501,11474,77880
543,17382.803454883,17382.803843355,,1,GPU-bff95c83-0adb-feb7-9825-359f31b26de8,ok,0,0,467,29.608,38,210,405,439,341
544,17383.803454883,17383.803789332,,0,GPU-42e33043-7008-2803-9ba8-9bb9ef7d0845,ok,37,16,1660,236.568,73,1920,9501,11376,78417
544,17383.803454883,17383.803834162,,1,GPU-bff95c83-0adb-feb7-9825-359f31b26de8,ok,0,0,467,29.559,38,210,405,439,341
545,17384.803454883,17384.803783309,,0,GPU-42e33043-7008-2803-9ba8-9bb9ef7d0845,ok,38,17,1660,239.622,74,1935,9501,11132,77587
545,17384.803454883,17384.803828599,,1,GPU-bff95c83-0adb-feb7-9825-359f31b26de8,ok,0,0,467,29.793,38,210,405,439,341
546,17385.803454883,17385.803796026,,0,GPU-42e33043-7008-2803-9ba8-9bb9ef7d0845,ok,38,17,1660,247.437,74,1935,9501,11328,78125
546,17385.803454883,17385.803851006,,1,GPU-bff95c83-0adb-feb7-9825-359f31b26de8,ok,0,0,467,31.217,38,210,405,439,341
547,17386.803454883,17386.803791253,,0,GPU-42e33043-7008-2803-9ba8-9bb9ef7d0845,ok,38,17,1660,249.088,74,1935,9501,11328,77929
547,17386.803454883,17386.803835973,,1,GPU-bff95c83-0adb-feb7-9825-359f31b26de8,ok,0,0,467,39.953,38,210,405,439,341
548,17387.803454883,17387.80378652,,0,GPU-42e33043-7008-2803-9ba8-9bb9ef7d0845,ok,41,19,1660,250.772,74,1935,9501,11425,77832
548,17387.803454883,17387.80383364,,1,GPU-bff95c83-0adb-feb7-9825-359f31b26de8,ok,0,0,467,31.535,38,210,405,439,341
549,17388.803454883,17388.803753986,,0,GPU-42e33043-7008-2803-9ba8-9bb9ef7d0845,ok,39,18,1660,249.644,74,1935,9501,11425,77392
549,17388.803454883,17388.803821476,,1,GPU-bff95c83-0adb-feb7-9825-359f31b26de8,ok,0,0,467,30.119,38,210,405,439,341
550,17389.803454883,17389.803783313,,0,GPU-42e33043-7008-2803-9ba8-9bb9ef7d0845,ok,41,18,1660,248.32,74,1935,9501,11523,78271
550,17389.803454883,17389.803853253,,1,GPU-bff95c83-0adb-feb7-9825-359f31b26de8,ok,0,0,467,29.66,38,210,405,439,341
551,17390.803454883,17390.80379414,,0,GPU-42e33043-7008-2803-9ba8-9bb9ef7d0845,ok,42,19,1660,249.274,75,1935,9501,11572,78564
551,17390.803454883,17390.80384927,,1,GPU-bff95c83-0adb-feb7-9825-359f31b26de8,ok,0,0,467,29.714,38,210,405,488,341
552,17391.803454883,17391.803788897,,0,GPU-42e33043-7008-2803-9ba8-9bb9ef7d0845,ok,42,20,1660,252.13,74,1920,9501,11376,78027
552,17391.803454883,17391.803859467,,1,GPU-bff95c83-0adb-feb7-9825-359f31b26de8,ok,0,0,467,29.935,38,210,405,488,341
553,17392.803454883,17392.803795454,,0,GPU-42e33043-7008-2803-9ba8-9bb9ef7d0845,ok,34,15,1660,248.095,74,1920,9501,11425,77734
553,17392.803454883,17392.803867974,,1,GPU-bff95c83-0adb-feb7-9825-359f31b26de8,ok,1,0,467,30.023,38,210,405,488,341
554,17393.803454883,17393.803795541,,0,GPU-42e33043-7008-2803-9ba8-9bb9ef7d0845,ok,34,15,1660,247.163,74,1935,9501,11376,78564
554,17393.803454883,17393.803867471,,1,GPU-bff95c83-0adb-feb7-9825-359f31b26de8,ok,0,0,467,40.254,38,210,405,488,341
555,17394.803454883,17394.803792257,,0,GPU-42e33043-7008-2803-9ba8-9bb9ef7d0845,ok,37,16,1660,246.787,73,1920,9501,10839,73925
555,17394.803454883,17394.803864087,,1,GPU-bff95c83-0adb-feb7-9825-359f31b26de8,ok,0,0,467,31.253,38,210,405,488,341
556,17395.803454883,17395.803794134,,0,GPU-42e33043-7008-2803-9ba8-9bb9ef7d0845,ok,36,16,1660,245.875,74,1935,9501,11376,78271
556,17395.803454883,17395.803847994,,1,GPU-bff95c83-0adb-feb7-9825-359f31b26de8,ok,0,0,467,30.066,38,210,405,439,341
557,17396.803454883,17396.803787081,,0,GPU-42e33043-7008-2803-9ba8-9bb9ef7d0845,ok,38,17,1660,247.938,74,1935,9501,11523,77734
557,17396.803454883,17396.803856451,,1,GPU-bff95c83-0adb-feb7-9825-359f31b26de8,ok,0,0,467,29.765,38,210,405,439,341
558,17397.803454883,17397.803866868,,0,GPU-42e33043-7008-2803-9ba8-9bb9ef7d0845,ok,38,17,1660,248.912,74,1935,9501,11523,55078
558,17397.803454883,17397.803896918,,1,GPU-bff95c83-0adb-feb7-9825-359f31b26de8,ok,0,0,467,29.557,38,210,405,439,341
559,17398.803454883,17398.803781835,,0,GPU-42e33043-7008-2803-9ba8-9bb9ef7d0845,ok,36,16,1660,246.914,74,1935,9501,11474,78613
559,17398.803454883,17398.803829975,,1,GPU-bff95c83-0adb-feb7-9825-359f31b26de8,ok,0,0,467,29.628,38,210,405,439,341
560,17399.803454883,17399.803788752,,0,GPU-42e33043-7008-2803-9ba8-9bb9ef7d0845,ok,42,19,1660,252.826,74,1935,9501,11474,77734
560,17399.803454883,17399.803852442,,1,GPU-bff95c83-0adb-feb7-9825-359f31b26de8,ok,0,0,467,29.549,38,210,405,488,341
561,17400.803454883,17400.803790048,,0,GPU-42e33043-7008-2803-9ba8-9bb9ef7d0845,ok,36,16,1660,250.296,74,1935,9501,11523,77490
561,17400.803454883,17400.803839208,,1,GPU-bff95c83-0adb-feb7-9825-359f31b26de8,ok,0,0,467,34.789,38,210,405,439,341
562,17401.803454883,17401.803796015,,0,GPU-42e33043-7008-2803-9ba8-9bb9ef7d0845,ok,40,18,1660,246.938,74,1935,9501,11425,77832
562,17401.803454883,17401.803866075,,1,GPU-bff95c83-0adb-feb7-9825-359f31b26de8,ok,0,0,467,40.302,38,210,405,439,341
563,17402.803454883,17402.803792372,,0,GPU-42e33043-7008-2803-9ba8-9bb9ef7d0845,ok,42,19,1660,248.827,74,1935,9501,11474,78466
563,17402.803454883,17402.803866762,,1,GPU-bff95c83-0adb-feb7-9825-359f31b26de8,ok,0,0,467,31.642,38,210,405,439,341
564,17403.803454883,17403.803792559,,0,GPU-42e33043-7008-2803-9ba8-9bb9ef7d0845,ok,42,19,1660,252.421,74,1935,9501,11425,78076
564,17403.803454883,17403.803862999,,1,GPU-bff95c83-0adb-feb7-9825-359f31b26de8,ok,0,0,467,30.168,38,210,405,488,341
565,17404.803454883,17404.803786966,,0,GPU-42e33043-7008-2803-9ba8-9bb9ef7d0845,ok,43,19,1660,250.1,74,1920,9501,10888,73632
565,17404.803454883,17404.803856606,,1,GPU-bff95c83-0adb-feb7-9825-359f31b26de8,ok,0,0,467,29.621,38,210,405,439,341
566,17405.803454883,17405.803813903,,0,GPU-42e33043-7008-2803-9ba8-9bb9ef7d0845,ok,42,19,1660,245.199,74,1920,9501,11376,78320
566,17405.803454883,17405.803888283,,1,GPU-bff95c83-0adb-feb7-9825-359f31b26de8,ok,0,0,467,29.587,38,210,405,439,341
567,17406.803454883,17406.803794629,,0,GPU-42e33043-7008-2803-9ba8-9bb9ef7d0845,ok,34,15,1660,247.927,74,1920,9501,10937,73535
567,17406.803454883,17406.803866979,,1,GPU-bff95c83-0adb-feb7-9825-359f31b26de8,ok,0,0,467,29.715,38,210,405,439,341
568,17407.803454883,17407.803800376,,0,GPU-42e33043-7008-2803-9ba8-9bb9ef7d0845,ok,34,15,1660,243.029,73,1920,9501,11474,77685
568,17407.803454883,17407.803870116,,1,GPU-bff95c83-0adb-feb7-9825-359f31b26de8,ok,0,0,467,33.767,38,210,405,439,341
569,17408.803454883,17408.803795493,,0,GPU-42e33043-7008-2803-9ba8-9bb9ef7d0845,ok,37,16,1660,246.804,74,1935,9501,11523,78369
569,17408.803454883,17408.803863903,,1,GPU-bff95c83-0adb-feb7-9825-359f31b26de8,ok,0,0,467,39.542,38,210,405,439,341
570,17409.803454883,17409.80378575,,0,GPU-42e33043-7008-2803-9ba8-9bb9ef7d0845,ok,37,16,1660,246.536,74,1935,9501,11523,78125
570,17409.803454883,17409.80385639,,1,GPU-bff95c83-0adb-feb7-9825-359f31b26de8,ok,0,0,467,31.032,38,210,405,439,341
571,17410.803454883,17410.803846437,,0,GPU-42e33043-7008-2803-9ba8-9bb9ef7d0845,ok,37,16,1660,246.878,74,1935,9501,11474,78417
571,17410.803454883,17410.803894857,,1,GPU-bff95c83-0adb-feb7-9825-359f31b26de8,ok,0,0,467,29.751,38,210,405,439,341
572,17411.803454883,17411.803845114,,0,GPU-42e33043-7008-2803-9ba8-9bb9ef7d0845,ok,38,17,1660,246.47,74,1935,9501,11718,54248
572,17411.803454883,17411.803835774,,1,GPU-bff95c83-0adb-feb7-9825-359f31b26de8,ok,0,0,467,29.535,38,210,405,439,341
573,17412.803454883,17412.804039731,,0,GPU-42e33043-7008-2803-9ba8-9bb9ef7d0845,ok,38,17,1660,248.557,74,1935,9501,11621,78857
573,17412.803454883,17412.804016681,,1,GPU-bff95c83-0adb-feb7-9825-359f31b26de8,ok,0,0,467,29.631,38,210,405,439,341
574,17413.803454883,17413.803841407,,0,GPU-42e33043-7008-2803-9ba8-9bb9ef7d0845,ok,38,17,1660,246.558,74,1935,9501,11523,79345
574,17413.803454883,17413.803820087,,1,GPU-bff95c83-0adb-feb7-9825-359f31b26de8,ok,0,0,467,29.594,38,210,405,488,390
575,17414.803454883,17414.803845824,,0,GPU-42e33043-7008-2803-9ba8-9bb9ef7d0845,ok,39,18,1660,250.513,74,1935,9501,11621,79101
575,17414.803454883,17414.803804654,,1,GPU-bff95c83-0adb-feb7-9825-359f31b26de8,ok,0,0,467,33.065,38,210,405,439,341
576,17415.803454883,17415.803829161,,0,GPU-42e33043-7008-2803-9ba8-9bb9ef7d0845,ok,40,18,1660,247.717,74,1935,9501,11669,78906
576,17415.803454883,17415.803790031,,1,GPU-bff95c83-0adb-feb7-9825-359f31b26de8,ok,0,0,467,40.057,38,210,405,439,341
577,17416.803454883,17416.803813518,,0,GPU-42e33043-7008-2803-9ba8-9bb9ef7d0845,ok,41,18,1660,247.818,74,1935,9501,11474,77880
577,17416.803454883,17416.803829438,,1,GPU-bff95c83-0adb-feb7-9825-359f31b26de8,ok,0,0,467,31.214,38,210,405,439,341
578,17417.803454883,17417.803838165,,0,GPU-42e33043-7008-2803-9ba8-9bb9ef7d0845,ok,43,20,1660,249.91,75,1860,9501,11621,78662
578,17417.803454883,17417.803797965,,1,GPU-bff95c83-0adb-feb7-9825-359f31b26de8,ok,0,0,467,29.802,38,210,405,439,341
579,17418.803454883,17418.803781381,,0,GPU-42e33043-7008-2803-9ba8-9bb9ef7d0845,ok,42,20,1660,252.543,74,1920,9501,11425,77490
579,17418.803454883,17418.803836212,,1,GPU-bff95c83-0adb-feb7-9825-359f31b26de8,ok,0,0,467,29.411,38,210,405,439,341
580,17419.803454883,17419.803773998,,0,GPU-42e33043-7008-2803-9ba8-9bb9ef7d0845,ok,35,15,1660,247.124,74,1920,9501,11474,77783
580,17419.803454883,17419.803810598,,1,GPU-bff95c83-0adb-feb7-9825-359f31b26de8,ok,0,0,467,29.471,38,210,405,439,341
581,17420.803454883,17420.803863775,,0,GPU-42e33043-7008-2803-9ba8-9bb9ef7d0845,ok,36,16,1660,245.25,74,1920,9501,10742,74023
581,17420.803454883,17420.803877355,,1,GPU-bff95c83-0adb-feb7-9825-359f31b26de8,ok,0,0,467,29.608,38,210,405,488,341
582,17421.803454883,17421.803779312,,0,GPU-42e33043-7008-2803-9ba8-9bb9ef7d0845,ok,35,15,1660,247.928,74,1935,9501,11474,77490
582,17421.803454883,17421.803816302,,1,GPU-bff95c83-0adb-feb7-9825-359f31b26de8,ok,0,0,467,32.39,38,210,405,439,341
583,17422.803454883,17422.803776709,,0,GPU-42e33043-7008-2803-9ba8-9bb9ef7d0845,ok,35,16,1660,246.662,74,1935,9501,11474,77832
583,17422.803454883,17422.803815469,,1,GPU-bff95c83-0adb-feb7-9825-359f31b26de8,ok,0,0,467,40.427,38,210,405,439,341
584,17423.803454883,17423.803790516,,0,GPU-42e33043-7008-2803-9ba8-9bb9ef7d0845,ok,37,16,1660,249.279,74,1935,9501,11425,78466
584,17423.803454883,17423.803845716,,1,GPU-bff95c83-0adb-feb7-9825-359f31b26de8,ok,0,0,467,30.741,38,210,405,439,341
585,17424.803454883,17424.803800253,,0,GPU-42e33043-7008-2803-9ba8-9bb9ef7d0845,ok,37,16,1660,247.794,74,1935,9501,11523,77392
585,17424.803454883,17424.803853033,,1,GPU-bff95c83-0adb-feb7-9825-359f31b26de8,ok,0,0,467,29.573,38,210,405,439,341
586,17425.803454883,17425.803841379,,0,GPU-42e33043-7008-2803-9ba8-9bb9ef7d0845,ok,38,17,1660,247.894,74,1935,9501,11376,77685
586,17425.803454883,17425.803865929,,1,GPU-bff95c83-0adb-feb7-9825-359f31b26de8,ok,0,0,467,29.477,38,210,405,439,341
587,17426.803454883,17426.803820196,,0,GPU-42e33043-7008-2803-9ba8-9bb9ef7d0845,ok,38,17,1660,251.537,74,1935,9501,11376,77880
587,17426.803454883,17426.803857446,,1,GPU-bff95c83-0adb-feb7-9825-359f31b26de8,ok,0,0,467,29.637,38,210,405,439,341
588,17427.803454883,17427.803899483,,0,GPU-42e33043-7008-2803-9ba8-9bb9ef7d0845,ok,38,17,1660,247.764,74,1935,9501,11425,77929
588,17427.803454883,17427.803917393,,1,GPU-bff95c83-0adb-feb7-9825-359f31b26de8,ok,0,0,467,29.882,38,210,405,439,341
589,17428.803454883,17428.80383847,,0,GPU-42e33043-7008-2803-9ba8-9bb9ef7d0845,ok,41,18,1660,249.018,74,1935,9501,11425,77978
589,17428.803454883,17428.80385448,,1,GPU-bff95c83-0adb-feb7-9825-359f31b26de8,ok,0,0,467,31.005,38,210,405,439,341
590,17429.803454883,17429.803788717,,0,GPU-42e33043-7008-2803-9ba8-9bb9ef7d0845,ok,42,18,1660,250.018,74,1935,9501,11523,78222
590,17429.803454883,17429.803828137,,1,GPU-bff95c83-0adb-feb7-9825-359f31b26de8,ok,0,0,467,40.662,38,210,405,439,341
591,17430.803454883,17430.803833174,,0,GPU-42e33043-7008-2803-9ba8-9bb9ef7d0845,ok,41,19,1660,249.019,75,1875,9501,11572,78466
591,17430.803454883,17430.803793554,,1,GPU-bff95c83-0adb-feb7-9825-359f31b26de8,ok,0,0,467,31.671,38,210,405,488,341
592,17431.803454883,17431.80385964,,0,GPU-42e33043-7008-2803-9ba8-9bb9ef7d0845,ok,42,19,1660,249.717,74,1935,9501,11523,78466
592,17431.803454883,17431.80381994,,1,GPU-bff95c83-0adb-feb7-9825-359f31b26de8,ok,0,0,467,30.468,38,210,405,439,341
593,17432.803454883,17432.803861567,,0,GPU-42e33043-7008-2803-9ba8-9bb9ef7d0845,ok,34,15,1660,249.984,74,1920,9501,11621,78759
593,17432.803454883,17432.803821277,,1,GPU-bff95c83-0adb-feb7-9825-359f31b26de8,ok,0,0,467,30.219,38,210,405,439,341
594,17433.803454883,17433.803763554,,0,GPU-42e33043-7008-2803-9ba8-9bb9ef7d0845,ok,35,15,1660,243.7,73,1920,9501,11425,78369
594,17433.803454883,17433.803822654,,1,GPU-bff95c83-0adb-feb7-9825-359f31b26de8,ok,0,0,467,30.011,38,210,405,439,341
595,17434.803454883,17434.803817821,,0,GPU-42e33043-7008-2803-9ba8-9bb9ef7d0845,ok,37,16,1660,240.136,73,1935,9501,11523,78222
595,17434.803454883,17434.803833391,,1,GPU-bff95c83-0adb-feb7-9825-359f31b26de8,ok,0,0,467,29.83,38,210,405,439,341
596,17435.803454883,17435.803777908,,0,GPU-42e33043-7008-2803-9ba8-9bb9ef7d0845,ok,37,16,1660,246.374,73,1935,9501,11474,79492
596,17435.803454883,17435.803756478,,1,GPU-bff95c83-0adb-feb7-9825-359f31b26de8,ok,0,0,467,29.792,38,210,405,439,341
597,17436.803454883,17436.803827025,,0,GPU-42e33043-7008-2803-9ba8-9bb9ef7d0845,ok,37,16,1660,246.658,74,1935,9501,11035,75341
597,17436.803454883,17436.803817495,,1,GPU-bff95c83-0adb-feb7-9825-359f31b26de8,ok,0,0,467,39.83,38,210,405,439,341
598,17437.803454883,17437.803783231,,0,GPU-42e33043-7008-2803-9ba8-9bb9ef7d0845,ok,38,17,1660,246.311,74,1935,9501,11572,53515
598,17437.803454883,17437.803834221,,1,GPU-bff95c83-0adb-feb7-9825-359f31b26de8,ok,0,0,467,31.097,38,210,405,439,341
599,17438.803454883,17438.803851158,,0,GPU-42e33043-7008-2803-9ba8-9bb9ef7d0845,ok,38,17,1660,248.526,74,1935,9501,11572,80029
599,17438.803454883,17438.803798278,,1,GPU-bff95c83-0adb-feb7-9825-359f31b26de8,ok,0,0,467,29.849,38,210,405,439,341
600,17439.803454883,17439.803849735,,0,GPU-42e33043-7008-2803-9ba8-9bb9ef7d0845,ok,39,18,1660,250.526,74,1935,9501,11669,79052
600,17439.803454883,17439.803797645,,1,GPU-bff95c83-0adb-feb7-9825-359f31b26de8,ok,0,0,467,29.595,38,210,405,488,341
601,17440.803454883,17440.803780632,,0,GPU-42e33043-7008-2803-9ba8-9bb9ef7d0845,ok,42,19,1660,251.139,74,1935,9501,11572,78076
601,17440.803454883,17440.803833852,,1,GPU-bff95c83-0adb-feb7-9825-359f31b26de8,ok,0,0,467,29.636,38,210,405,439,341
602,17441.803454883,17441.803791929,,0,GPU-42e33043-7008-2803-9ba8-9bb9ef7d0845,ok,42,19,1660,250.403,74,1935,9501,10888,74169
602,17441.803454883,17441.803833339,,1,GPU-bff95c83-0adb-feb7-9825-359f31b26de8,ok,0,0,467,29.73,38,210,405,439,341
603,17442.803454883,17442.803798476,,0,GPU-42e33043-7008-2803-9ba8-9bb9ef7d0845,ok,42,19,1660,247.586,74,1935,9501,11376,78515
603,17442.803454883,17442.803837856,,1,GPU-bff95c83-0adb-feb7-9825-359f31b26de8,ok,0,0,467,29.458,38,210,405,439,341
604,17443.803454883,17443.803848062,,0,GPU-42e33043-7008-2803-9ba8-9bb9ef7d0845,ok,40,18,1660,253.99,75,1875,9501,11572,79833
604,17443.803454883,17443.803822112,,1,GPU-bff95c83-0adb-feb7-9825-359f31b26de8,ok,0,0,467,34.475,38,210,405,439,341
605,17444.803454883,17444.803786109,,0,GPU-42e33043-7008-2803-9ba8-9bb9ef7d0845,ok,42,19,1660,242.905,74,1920,9501,11474,78808
605,17444.803454883,17444.803842149,,1,GPU-bff95c83-0adb-feb7-9825-359f31b26de8,ok,0,0,467,40.137,38,210,405,488,341
606,17445.803454883,17445.803785956,,0,GPU-42e33043-7008-2803-9ba8-9bb9ef7d0845,ok,33,14,1660,246.958,74,1920,9501,10888,73437
606,17445.803454883,17445.803829526,,1,GPU-bff95c83-0adb-feb7-9825-359f31b26de8,ok,0,0,467,30.821,38,210,405,488,341
607,17446.803454883,17446.803804773,,0,GPU-42e33043-7008-2803-9ba8-9bb9ef7d0845,ok,34,15,1660,242.272,73,1920,9501,11621,78710
607,17446.803454883,17446.803843133,,1,GPU-bff95c83-0adb-feb7-9825-359f31b26de8,ok,0,0,467,29.628,38,210,405,439,341
608,17447.803454883,17447.80378925,,0,GPU-42e33043-7008-2803-9ba8-9bb9ef7d0845,ok,35,16,1660,244.231,73,1920,9501,11425,78515
608,17447.803454883,17447.80382625,,1,GPU-bff95c83-0adb-feb7-9825-359f31b26de8,ok,0,0,467,29.455,38,210,405,439,341
609,17448.803454883,17448.803882777,,0,GPU-42e33043-7008-2803-9ba8-9bb9ef7d0845,ok,37,16,1660,246.331,74,1935,9501,11669,78613
609,17448.803454883,17448.803838257,,1,GPU-bff95c83-0adb-feb7-9825-359f31b26de8,ok,0,0,467,29.525,38,210,405,439,341
610,17449.803454883,17449.803864853,,0,GPU-42e33043-7008-2803-9ba8-9bb9ef7d0845,ok,38,16,1660,245.729,73,1920,9501,11621,79443
610,17449.803454883,17449.803824783,,1,GPU-bff95c83-0adb-feb7-9825-359f31b26de8,ok,0,0,467,29.737,38,210,405,439,341
611,17450.803454883,17450.80386589,,0,GPU-42e33043-7008-2803-9ba8-9bb9ef7d0845,ok,38,17,1660,241.13,74,1935,9501,9667,60058
611,17450.803454883,17450.80382568,,1,GPU-bff95c83-0adb-feb7-9825-359f31b26de8,ok,0,0,467,33.916,38,210,405,439,341
612,17451.803454883,17451.803878497,,0,GPU-42e33043-7008-2803-9ba8-9bb9ef7d0845,ok,39,18,1660,250.614,74,1935,9501,11572,79199
612,17451.803454883,17451.803824147,,1,GPU-bff95c83-0adb-feb7-9825-359f31b26de8,ok,0,0,467,40.215,38,210,405,439,341
613,17452.803454883,17452.803791664,,0,GPU-42e33043-7008-2803-9ba8-9bb9ef7d0845,ok,39,18,1660,251.324,74,1935,9501,11474,78076
613,17452.803454883,17452.803830464,,1,GPU-bff95c83-0adb-feb7-9825-359f31b26de8,ok,0,0,467,31.608,38,210,405,439,341
614,17453.803454883,17453.803854841,,0,GPU-42e33043-7008-2803-9ba8-9bb9ef7d0845,ok,39,17,1660,248.407,74,1935,9501,11621,79248
614,17453.803454883,17453.803814711,,1,GPU-bff95c83-0adb-feb7-9825-359f31b26de8,ok,0,0,467,30.101,38,210,405,439,341
615,17454.803454883,17454.803858628,,0,GPU-42e33043-7008-2803-9ba8-9bb9ef7d0845,ok,39,18,1660,247.455,74,1935,9501,11621,79003
615,17454.803454883,17454.803818178,,1,GPU-bff95c83-0adb-feb7-9825-359f31b26de8,ok,0,0,467,29.399,38,210,405,439,341
616,17455.803454883,17455.803794404,,0,GPU-42e33043-7008-2803-9ba8-9bb9ef7d0845,ok,41,18,1660,248.479,74,1935,9501,11523,78564
616,17455.803454883,17455.803846254,,1,GPU-bff95c83-0adb-feb7-9825-359f31b26de8,ok,0,0,467,29.412,38,210,405,439,341
617,17456.803454883,17456.803816521,,0,GPU-42e33043-7008-2803-9ba8-9bb9ef7d0845,ok,45,21,1660,251.123,75,1935,9501,11523,77392
617,17456.803454883,17456.803828681,,1,GPU-bff95c83-0adb-feb7-9825-359f31b26de8,ok,0,0,467,29.755,38,210,405,439,341
618,17457.803454883,17457.803848208,,0,GPU-42e33043-7008-2803-9ba8-9bb9ef7d0845,ok,40,18,1660,252.725,74,1920,9501,11474,78222
618,17457.803454883,17457.803887918,,1,GPU-bff95c83-0adb-feb7-9825-359f31b26de8,ok,0,0,467,33.709,38,210,405,439,341
619,17458.803454883,17458.803835365,,0,GPU-42e33043-7008-2803-9ba8-9bb9ef7d0845,ok,34,15,1660,250.024,74,1920,9501,11328,78564
619,17458.803454883,17458.803847275,,1,GPU-bff95c83-0adb-feb7-9825-359f31b26de8,ok,0,0,467,39.811,38,210,405,439,341
620,17459.803454883,17459.803828532,,0,GPU-42e33043-7008-2803-9ba8-9bb9ef7d0845,ok,35,15,1660,246.059,74,1935,9501,11474,77783
620,17459.803454883,17459.803856142,,1,GPU-bff95c83-0adb-feb7-9825-359f31b26de8,ok,0,0,467,31.54,38,210,405,439,341
621,17460.803454883,17460.803851339,,0,GPU-42e33043-7008-2803-9ba8-9bb9ef7d0845,ok,37,16,1660,249.208,74,1935,9501,11669,79345
621,17460.803454883,17460.803833079,,1,GPU-bff95c83-0adb-feb7-9825-359f31b26de8,ok,0,0,467,30.22,38,210,405,439,341
622,17461.803454883,17461.803858656,,0,GPU-42e33043-7008-2803-9ba8-9bb9ef7d0845,ok,37,16,1660,249.919,74,1935,9501,11621,79345
622,17461.803454883,17461.803817525,,1,GPU-bff95c83-0adb-feb7-9825-359f31b26de8,ok,0,0,467,29.929,38,210,405,439,341
623,17462.803454883,17462.803807502,,0,GPU-42e33043-7008-2803-9ba8-9bb9ef7d0845,ok,39,18,1660,249.404,74,1935,9501,11621,61035
623,17462.803454883,17462.803847192,,1,GPU-bff95c83-0adb-feb7-9825-359f31b26de8,ok,0,0,467,29.923,38,210,405,439,341
624,17463.803454883,17463.803796059,,0,GPU-42e33043-7008-2803-9ba8-9bb9ef7d0845,ok,39,17,1660,252.278,74,1935,9501,11474,78515
624,17463.803454883,17463.803850809,,1,GPU-bff95c83-0adb-feb7-9825-359f31b26de8,ok,0,0,467,29.843,38,210,405,439,341
625,17464.803454883,17464.803795886,,0,GPU-42e33043-7008-2803-9ba8-9bb9ef7d0845,ok,39,18,1660,251.236,74,1935,9501,11425,77734
625,17464.803454883,17464.803852466,,1,GPU-bff95c83-0adb-feb7-9825-359f31b26de8,ok,0,0,467,32.655,38,210,405,439,341
626,17465.803454883,17465.803852103,,0,GPU-42e33043-7008-2803-9ba8-9bb9ef7d0845,ok,39,18,1660,249.126,74,1935,9501,11621,78369
626,17465.803454883,17465.803826323,,1,GPU-bff95c83-0adb-feb7-9825-359f31b26de8,ok,0,0,467,39.943,38,210,405,439,341
627,17466.803454883,17466.80386212,,0,GPU-42e33043-7008-2803-9ba8-9bb9ef7d0845,ok,39,18,1660,247.826,74,1935,9501,11474,78906
627,17466.803454883,17466.80381799,,1,GPU-bff95c83-0adb-feb7-9825-359f31b26de8,ok,0,0,467,30.81,38,210,405,439,341
628,17467.803454883,17467.803840197,,0,GPU-42e33043-7008-2803-9ba8-9bb9ef7d0845,ok,41,18,1660,250.607,74,1935,9501,11474,78125
628,17467.803454883,17467.803858447,,1,GPU-bff95c83-0adb-feb7-9825-359f31b26de8,ok,0,0,467,29.57,38,210,405,488,341
629,17468.803454883,17468.803839613,,0,GPU-42e33043-7008-2803-9ba8-9bb9ef7d0845,ok,42,19,1660,248.108,75,1920,9501,11474,77392
629,17468.803454883,17468.803858013,,1,GPU-bff95c83-0adb-feb7-9825-359f31b26de8,ok,0,0,467,29.249,38,210,405,439,341
630,17469.803454883,17469.80386806,,0,GPU-42e33043-7008-2803-9ba8-9bb9ef7d0845,ok,45,20,1660,251.24,74,1920,9501,11572,79052
630,17469.803454883,17469.80384246,,1,GPU-bff95c83-0adb-feb7-9825-359f31b26de8,ok,0,0,467,29.157,38,210,405,439,341
631,17470.803454883,17470.803828757,,0,GPU-42e33043-7008-2803-9ba8-9bb9ef7d0845,ok,37,16,1660,247.917,74,1920,9501,11523,78564
631,17470.803454883,17470.803844957,,1,GPU-bff95c83-0adb-feb7-9825-359f31b26de8,ok,0,0,467,29.349,38,210,405,439,341
632,17471.803454883,17471.803874004,,0,GPU-42e33043-7008-2803-9ba8-9bb9ef7d0845,ok,34,15,1660,249.527,74,1920,9501,11572,79296
632,17471.803454883,17471.803847364,,1,GPU-bff95c83-0adb-feb7-9825-359f31b26de8,ok,0,0,467,31.342,38,210,405,439,341
633,17472.803454883,17472.803772501,,0,GPU-42e33043-7008-2803-9ba8-9bb9ef7d0845,ok,37,16,1660,246.574,74,1920,9501,11425,77685
633,17472.803454883,17472.803831021,,1,GPU-bff95c83-0adb-feb7-9825-359f31b26de8,ok,0,0,467,40.03,38,210,405,439,341
634,17473.803454883,17473.803862408,,0,GPU-42e33043-7008-2803-9ba8-9bb9ef7d0845,ok,35,15,1660,248.992,74,1935,9501,11425,79003
634,17473.803454883,17473.803841058,,1,GPU-bff95c83-0adb-feb7-9825-359f31b26de8,ok,0,0,467,31.737,38,210,405,439,341
635,17474.803454883,17474.803776864,,0,GPU-42e33043-7008-2803-9ba8-9bb9ef7d0845,ok,37,16,1660,245.81,74,1935,9501,11376,78320
635,17474.803454883,17474.803828334,,1,GPU-bff95c83-0adb-feb7-9825-359f31b26de8,ok,0,0,467,30.153,38,210,405,439,341
636,17475.803454883,17475.803867061,,0,GPU-42e33043-7008-2803-9ba8-9bb9ef7d0845,ok,37,17,1660,246.419,74,1935,9501,9179,75830
636,17475.803454883,17475.803825191,,1,GPU-bff95c83-0adb-feb7-9825-359f31b26de8,ok,0,0,467,29.38,38,210,405,439,341
637,17476.803454883,17476.803863308,,0,GPU-42e33043-7008-2803-9ba8-9bb9ef7d0845,ok,37,17,1660,247.39,74,1935,9501,11621,78515
637,17476.803454883,17476.803842148,,1,GPU-bff95c83-0adb-feb7-9825-359f31b26de8,ok,0,0,467,29.395,37,210,405,439,341
638,17477.803454883,17477.803792255,,0,GPU-42e33043-7008-2803-9ba8-9bb9ef7d0845,ok,38,17,1660,246.965,74,1935,9501,11474,77783
638,17477.803454883,17477.803874165,,1,GPU-bff95c83-0adb-feb7-9825-359f31b26de8,ok,0,0,467,29.704,38,210,405,488,341
639,17478.803454883,17478.803823002,,0,GPU-42e33043-7008-2803-9ba8-9bb9ef7d0845,ok,38,17,1660,247.233,74,1935,9501,7861,77929
639,17478.803454883,17478.803839712,,1,GPU-bff95c83-0adb-feb7-9825-359f31b26de8,ok,0,0,467,29.958,38,210,405,439,341
640,17479.803454883,17479.803786249,,0,GPU-42e33043-7008-2803-9ba8-9bb9ef7d0845,ok,40,18,1660,250.512,74,1935,9501,11425,77929
640,17479.803454883,17479.803843109,,1,GPU-bff95c83-0adb-feb7-9825-359f31b26de8,ok,0,0,467,39.411,38,210,405,488,341
641,17480.803454883,17480.803855995,,0,GPU-42e33043-7008-2803-9ba8-9bb9ef7d0845,ok,41,18,1660,248.744,74,1935,9501,11474,78173
641,17480.803454883,17480.803794115,,1,GPU-bff95c83-0adb-feb7-9825-359f31b26de8,ok,0,0,467,31.111,38,210,405,439,341
642,17481.803454883,17481.803788732,,0,GPU-42e33043-7008-2803-9ba8-9bb9ef7d0845,ok,43,20,1660,251.323,76,1905,9501,11425,77832
642,17481.803454883,17481.803874472,,1,GPU-bff95c83-0adb-feb7-9825-359f31b26de8,ok,0,0,467,29.849,38,210,405,439,341
643,17482.803454883,17482.803784319,,0,GPU-42e33043-7008-2803-9ba8-9bb9ef7d0845,ok,44,20,1660,252.523,74,1920,9501,11474,77929
643,17482.803454883,17482.803849149,,1,GPU-bff95c83-0adb-feb7-9825-359f31b26de8,ok,0,0,467,29.466,38,210,405,439,341
644,17483.803454883,17483.803778926,,0,GPU-42e33043-7008-2803-9ba8-9bb9ef7d0845,ok,34,15,1660,251.049,74,1920,9501,11279,77929
644,17483.803454883,17483.803817706,,1,GPU-bff95c83-0adb-feb7-9825-359f31b26de8,ok,0,0,467,29.449,38,210,405,439,341
645,17484.803454883,17484.803779743,,0,GPU-42e33043-7008-2803-9ba8-9bb9ef7d0845,ok,36,16,1660,246.373,74,1920,9501,11474,77783
645,17484.803454883,17484.803818833,,1,GPU-bff95c83-0adb-feb7-9825-359f31b26de8,ok,0,0,467,29.482,38,210,405,439,341
646,17485.803454883,17485.8038929,,0,GPU-42e33043-7008-2803-9ba8-9bb9ef7d0845,ok,37,16,1660,248.279,74,1935,9501,11474,78857
646,17485.803454883,17485.80386955,,1,GPU-bff95c83-0adb-feb7-9825-359f31b26de8,ok,0,0,467,29.239,38,210,405,439,341
647,17486.803454883,17486.803786216,,0,GPU-42e33043-7008-2803-9ba8-9bb9ef7d0845,ok,38,17,1660,248.568,74,1935,9501,11523,78125
647,17486.803454883,17486.803818566,,1,GPU-bff95c83-0adb-feb7-9825-359f31b26de8,ok,0,0,467,39.398,38,210,405,439,341
648,17487.803454883,17487.803698353,,0,GPU-42e33043-7008-2803-9ba8-9bb9ef7d0845,ok,38,17,1660,252.247,74,1935,9501,11474,77734
648,17487.803454883,17487.804086513,,1,GPU-bff95c83-0adb-feb7-9825-359f31b26de8,ok,0,0,467,39.589,38,210,405,439,341
649,17488.803454883,17488.80386435,,0,GPU-42e33043-7008-2803-9ba8-9bb9ef7d0845,ok,37,16,1660,250.046,74,1935,9501,8837,78613
649,17488.803454883,17488.80379423,,1,GPU-bff95c83-0adb-feb7-9825-359f31b26de8,ok,0,0,467,30.936,38,210,405,439,341
650,17489.803454883,17489.803779717,,0,GPU-42e33043-7008-2803-9ba8-9bb9ef7d0845,ok,38,17,1660,247.981,74,1935,9501,11425,78564
650,17489.803454883,17489.803818367,,1,GPU-bff95c83-0adb-feb7-9825-359f31b26de8,ok,0,0,467,29.647,37,210,405,439,341
651,17490.803454883,17490.803780714,,0,GPU-42e33043-7008-2803-9ba8-9bb9ef7d0845,ok,38,17,1660,249.175,74,1935,9501,11425,78027
651,17490.803454883,17490.803819454,,1,GPU-bff95c83-0adb-feb7-9825-359f31b26de8,ok,0,0,467,29.23,37,210,405,488,341
652,17491.803454883,17491.803997031,,0,GPU-42e33043-7008-2803-9ba8-9bb9ef7d0845,ok,39,18,1660,252.113,74,1935,9501,11474,77539
652,17491.803454883,17491.804022721,,1,GPU-bff95c83-0adb-feb7-9825-359f31b26de8,ok,0,0,467,29.209,38,210,405,439,341
653,17492.803454883,17492.803781437,,0,GPU-42e33043-7008-2803-9ba8-9bb9ef7d0845,ok,41,18,1660,248.412,74,1935,9501,11425,77685
653,17492.803454883,17492.803820017,,1,GPU-bff95c83-0adb-feb7-9825-359f31b26de8,ok,0,0,467,29.342,37,210,405,488,341
654,17493.803454883,17493.803778494,,0,GPU-42e33043-7008-2803-9ba8-9bb9ef7d0845,ok,42,19,1660,249.992,75,1935,9501,11425,78320
654,17493.803454883,17493.803816274,,1,GPU-bff95c83-0adb-feb7-9825-359f31b26de8,ok,0,0,467,33.815,38,210,405,439,341
655,17494.803454883,17494.803787721,,0,GPU-42e33043-7008-2803-9ba8-9bb9ef7d0845,ok,48,23,1660,255.85,76,1890,9501,11425,77978
655,17494.803454883,17494.803842501,,1,GPU-bff95c83-0adb-feb7-9825-359f31b26de8,ok,0,0,467,39.866,38,210,405,439,341
656,17495.803454883,17495.803842188,,0,GPU-42e33043-7008-2803-9ba8-9bb9ef7d0845,ok,41,19,1660,251.472,74,1920,9501,11523,78906
656,17495.803454883,17495.803802268,,1,GPU-bff95c83-0adb-feb7-9825-359f31b26de8,ok,0,0,467,30.57,38,210,405,488,341
657,17496.803454883,17496.803817245,,0,GPU-42e33043-7008-2803-9ba8-9bb9ef7d0845,ok,32,14,1660,249.034,74,1920,9501,11474,77343
657,17496.803454883,17496.803837295,,1,GPU-bff95c83-0adb-feb7-9825-359f31b26de8,ok,0,0,467,29.446,38,210,405,439,341
658,17497.803454883,17497.803781482,,0,GPU-42e33043-7008-2803-9ba8-9bb9ef7d0845,ok,34,15,1660,243.782,74,1920,9501,11425,77490
658,17497.803454883,17497.803834322,,1,GPU-bff95c83-0adb-feb7-9825-359f31b26de8,ok,0,0,467,29.283,38,210,405,439,341
659,17498.803454883,17498.803817688,,0,GPU-42e33043-7008-2803-9ba8-9bb9ef7d0845,ok,35,16,1660,245.613,74,1935,9501,11474,77929
659,17498.803454883,17498.803832828,,1,GPU-bff95c83-0adb-feb7-9825-359f31b26de8,ok,0,0,467,29.188,38,210,405,439,341
660,17499.803454883,17499.803855715,,0,GPU-42e33043-7008-2803-9ba8-9bb9ef7d0845,ok,35,15,1660,248.738,74,1935,9501,11523,78906
660,17499.803454883,17499.803803115,,1,GPU-bff95c83-0adb-feb7-9825-359f31b26de8,ok,0,0,467,29.239,38,210,405,439,341
661,17500.803454883,17500.803806962,,0,GPU-42e33043-7008-2803-9ba8-9bb9ef7d0845,ok,36,16,1660,246.356,74,1935,9501,11376,78076
661,17500.803454883,17500.803836422,,1,GPU-bff95c83-0adb-feb7-9825-359f31b26de8,ok,0,0,467,33.116,38,210,405,488,341
662,17501.803454883,17501.803823119,,0,GPU-42e33043-7008-2803-9ba8-9bb9ef7d0845,ok,38,17,1660,249.992,74,1935,9501,10839,79541
662,17501.803454883,17501.803793309,,1,GPU-bff95c83-0adb-feb7-9825-359f31b26de8,ok,0,0,467,40.099,38,210,405,488,341
663,17502.803454883,17502.803843386,,0,GPU-42e33043-7008-2803-9ba8-9bb9ef7d0845,ok,39,18,1660,250.363,74,1935,9501,11621,78955
663,17502.803454883,17502.803832136,,1,GPU-bff95c83-0adb-feb7-9825-359f31b26de8,ok,0,0,467,31.2,38,210,405,439,341
664,17503.803454883,17503.803792723,,0,GPU-42e33043-7008-2803-9ba8-9bb9ef7d0845,ok,42,19,1660,252.708,75,1935,9501,11328,78076
664,17503.803454883,17503.803837143,,1,GPU-bff95c83-0adb-feb7-9825-359f31b26de8,ok,0,0,467,29.698,38,210,405,439,341
665,17504.803454883,17504.803803359,,0,GPU-42e33043-7008-2803-9ba8-9bb9ef7d0845,ok,41,18,1660,252.785,75,1935,9501,11474,77148
665,17504.803454883,17504.803830309,,1,GPU-bff95c83-0adb-feb7-9825-359f31b26de8,ok,0,0,467,29.148,38,210,405,439,341
666,17505.803454883,17505.803778366,,0,GPU-42e33043-7008-2803-9ba8-9bb9ef7d0845,ok,41,18,1660,250.429,75,1935,9501,11474,78710
666,17505.803454883,17505.803820006,,1,GPU-bff95c83-0adb-feb7-9825-359f31b26de8,ok,0,0,467,29.107,37,210,405,439,341
667,17506.803454883,17506.803851073,,0,GPU-42e33043-7008-2803-9ba8-9bb9ef7d0845,ok,40,18,1660,249.57,75,1935,9501,11621,78857
667,17506.803454883,17506.803797863,,1,GPU-bff95c83-0adb-feb7-9825-359f31b26de8,ok,0,0,467,29.292,38,210,405,439,341
668,17507.803454883,17507.80384082,,0,GPU-42e33043-7008-2803-9ba8-9bb9ef7d0845,ok,46,21,1660,251.036,75,1920,9501,11621,78857
668,17507.803454883,17507.80381926,,1,GPU-bff95c83-0adb-feb7-9825-359f31b26de8,ok,0,0,467,32.186,38,210,405,439,390
669,17508.803454883,17508.803825807,,0,GPU-42e33043-7008-2803-9ba8-9bb9ef7d0845,ok,40,18,1660,243.059,74,1920,9501,11767,79345
669,17508.803454883,17508.803811557,,1,GPU-bff95c83-0adb-feb7-9825-359f31b26de8,ok,0,0,467,39.757,38,210,405,488,292
670,17509.803454883,17509.803835454,,0,GPU-42e33043-7008-2803-9ba8-9bb9ef7d0845,ok,34,15,1660,247.808,74,1920,9501,11621,79199
670,17509.803454883,17509.803795484,,1,GPU-bff95c83-0adb-feb7-9825-359f31b26de8,ok,0,0,467,30.998,38,210,405,488,341
671,17510.803454883,17510.803856731,,0,GPU-42e33043-7008-2803-9ba8-9bb9ef7d0845,ok,36,16,1660,246.159,74,1920,9501,11718,79248
671,17510.803454883,17510.80380404,,1,GPU-bff95c83-0adb-feb7-9825-359f31b26de8,ok,0,0,467,29.653,37,210,405,439,341
672,17511.803454883,17511.803792907,,0,GPU-42e33043-7008-2803-9ba8-9bb9ef7d0845,ok,38,16,1660,248.197,74,1935,9501,11621,78515
672,17511.803454883,17511.803834047,,1,GPU-bff95c83-0adb-feb7-9825-359f31b26de8,ok,0,0,467,29.382,37,210,405,439,341
673,17512.803454883,17512.803825854,,0,GPU-42e33043-7008-2803-9ba8-9bb9ef7d0845,ok,37,16,1660,249.318,74,1935,9501,11083,74853
673,17512.803454883,17512.803846744,,1,GPU-bff95c83-0adb-feb7-9825-359f31b26de8,ok,0,0,467,29.518,38,210,405,439,341
674,17513.803454883,17513.803790791,,0,GPU-42e33043-7008-2803-9ba8-9bb9ef7d0845,ok,38,17,1660,248.339,74,1935,9501,11523,49169
674,17513.803454883,17513.803836591,,1,GPU-bff95c83-0adb-feb7-9825-359f31b26de8,ok,0,0,467,29.503,37,210,405,439,341
675,17514.803454883,17514.803804328,,0,GPU-42e33043-7008-2803-9ba8-9bb9ef7d0845,ok,38,17,1660,250.277,74,1935,9501,11621,78417
675,17514.803454883,17514.803830338,,1,GPU-bff95c83-0adb-feb7-9825-359f31b26de8,ok,0,0,467,31.007,38,210,405,488,341
676,17515.803454883,17515.803778815,,0,GPU-42e33043-7008-2803-9ba8-9bb9ef7d0845,ok,39,17,1660,248.771,74,1935,9501,11523,77734
676,17515.803454883,17515.803818965,,1,GPU-bff95c83-0adb-feb7-9825-359f31b26de8,ok,0,0,467,39.776,38,210,405,439,341
677,17516.803454883,17516.803825092,,0,GPU-42e33043-7008-2803-9ba8-9bb9ef7d0845,ok,39,18,1660,249.108,74,1935,9501,11376,78857
677,17516.803454883,17516.803854862,,1,GPU-bff95c83-0adb-feb7-9825-359f31b26de8,ok,0,0,467,30.365,38,210,405,439,341
678,17517.803454883,17517.803825108,,0,GPU-42e33043-7008-2803-9ba8-9bb9ef7d0845,ok,41,18,1660,249.1,75,1935,9501,11523,78320
678,17517.803454883,17517.803875488,,1,GPU-bff95c83-0adb-feb7-9825-359f31b26de8,ok,0,0,467,29.285,37,210,405,439,341
679,17518.803454883,17518.803810685,,0,GPU-42e33043-7008-2803-9ba8-9bb9ef7d0845,ok,43,19,1660,255.083,75,1935,9501,11621,78125
679,17518.803454883,17518.803830625,,1,GPU-bff95c83-0adb-feb7-9825-359f31b26de8,ok,0,0,467,29.286,37,210,405,439,341
680,17519.803454883,17519.803782372,,0,GPU-42e33043-7008-2803-9ba8-9bb9ef7d0845,ok,40,18,1660,250.234,75,1890,9501,11572,78173
680,17519.803454883,17519.803840022,,1,GPU-bff95c83-0adb-feb7-9825-359f31b26de8,ok,0,0,467,29.244,37,210,405,439,341
681,17520.803454883,17520.803779129,,0,GPU-42e33043-7008-2803-9ba8-9bb9ef7d0845,ok,44,20,1660,253.165,74,1920,9501,11474,78222
681,17520.803454883,17520.803816099,,1,GPU-bff95c83-0adb-feb7-9825-359f31b26de8,ok,0,0,467,29.241,37,210,405,439,341
682,17521.803454883,17521.803815916,,0,GPU-42e33043-7008-2803-9ba8-9bb9ef7d0845,ok,35,16,1660,251.998,74,1920,9501,11523,78320
682,17521.803454883,17521.803832316,,1,GPU-bff95c83-0adb-feb7-9825-359f31b26de8,ok,1,0,467,29.489,38,210,405,488,341
683,17522.803454883,17522.803840943,,0,GPU-42e33043-7008-2803-9ba8-9bb9ef7d0845,ok,35,15,1660,249.359,74,1920,9501,11523,78076
683,17522.803454883,17522.803867033,,1,GPU-bff95c83-0adb-feb7-9825-359f31b26de8,ok,0,0,467,40.088,38,210,405,439,341
684,17523.803454883,17523.803777639,,0,GPU-42e33043-7008-2803-9ba8-9bb9ef7d0845,ok,37,16,1660,247.237,74,1935,9501,11523,78173
684,17523.803454883,17523.803832259,,1,GPU-bff95c83-0adb-feb7-9825-359f31b26de8,ok,0,0,467,31.18,38,210,405,439,341
685,17524.803454883,17524.803780826,,0,GPU-42e33043-7008-2803-9ba8-9bb9ef7d0845,ok,36,16,1660,247.609,74,1935,9501,11572,77685
685,17524.803454883,17524.803822406,,1,GPU-bff95c83-0adb-feb7-9825-359f31b26de8,ok,0,0,467,29.629,37,210,405,439,341
686,17525.803454883,17525.803835413,,0,GPU-42e33043-7008-2803-9ba8-9bb9ef7d0845,ok,39,17,1660,251.354,74,1935,9501,11767,79541
686,17525.803454883,17525.803795713,,1,GPU-bff95c83-0adb-feb7-9825-359f31b26de8,ok,0,0,467,29.004,37,210,405,439,341
687,17526.803454883,17526.80384033,,0,GPU-42e33043-7008-2803-9ba8-9bb9ef7d0845,ok,39,17,1660,251.531,74,1935,9501,11621,78955
687,17526.803454883,17526.80380004,,1,GPU-bff95c83-0adb-feb7-9825-359f31b26de8,ok,0,0,467,29.018,37,210,405,439,341
688,17527.803454883,17527.803889247,,0,GPU-42e33043-7008-2803-9ba8-9bb9ef7d0845,ok,38,17,1660,249.738,74,1935,9501,11621,79394
688,17527.803454883,17527.803867417,,1,GPU-bff95c83-0adb-feb7-9825-359f31b26de8,ok,0,0,467,29.026,37,210,405,439,341
689,17528.803454883,17528.803826824,,0,GPU-42e33043-7008-2803-9ba8-9bb9ef7d0845,ok,39,18,1660,249.279,74,1935,9501,11572,79052
689,17528.803454883,17528.803816584,,1,GPU-bff95c83-0adb-feb7-9825-359f31b26de8,ok,0,0,467,28.992,37,210,405,488,341
690,17529.803454883,17529.80381205,,0,GPU-42e33043-7008-2803-9ba8-9bb9ef7d0845,ok,41,18,1660,249.61,74,1935,9501,11425,78320
690,17529.803454883,17529.80382828,,1,GPU-bff95c83-0adb-feb7-9825-359f31b26de8,ok,0,0,467,39.095,38,210,405,439,341
691,17530.803454883,17530.803784467,,0,GPU-42e33043-7008-2803-9ba8-9bb9ef7d0845,ok,41,18,1660,249.949,75,1935,9501,11328,78027
691,17530.803454883,17530.803839457,,1,GPU-bff95c83-0adb-feb7-9825-359f31b26de8,ok,0,0,467,39.33,38,210,405,439,341
692,17531.803454883,17531.803776294,,0,GPU-42e33043-7008-2803-9ba8-9bb9ef7d0845,ok,41,18,1660,248.502,74,1920,9501,11523,78613
692,17531.803454883,17531.803816314,,1,GPU-bff95c83-0adb-feb7-9825-359f31b26de8,ok,0,0,467,30.852,38,210,405,439,341
693,17532.803454883,17532.803840421,,0,GPU-42e33043-7008-2803-9ba8-9bb9ef7d0845,ok,43,20,1660,252.754,75,1935,9501,11523,78466
693,17532.803454883,17532.803855831,,1,GPU-bff95c83-0adb-feb7-9825-359f31b26de8,ok,0,0,467,29.395,37,210,405,439,341
694,17533.803454883,17533.803850338,,0,GPU-42e33043-7008-2803-9ba8-9bb9ef7d0845,ok,34,15,1660,254.845,74,1920,9501,11523,79199
694,17533.803454883,17533.803818688,,1,GPU-bff95c83-0adb-feb7-9825-359f31b26de8,ok,0,0,467,29.098,37,210,405,488,341
695,17534.803454883,17534.803844775,,0,GPU-42e33043-7008-2803-9ba8-9bb9ef7d0845,ok,37,16,1660,247.312,74,1920,9501,11718,79052
695,17534.803454883,17534.803804365,,1,GPU-bff95c83-0adb-feb7-9825-359f31b26de8,ok,0,0,467,29.183,37,210,405,439,341
696,17535.803454883,17535.803836031,,0,GPU-42e33043-7008-2803-9ba8-9bb9ef7d0845,ok,37,16,1660,249.517,74,1935,9501,11669,79248
696,17535.803454883,17535.803796241,,1,GPU-bff95c83-0adb-feb7-9825-359f31b26de8,ok,0,0,467,29.258,37,210,405,439,341
697,17536.803454883,17536.803836048,,0,GPU-42e33043-7008-2803-9ba8-9bb9ef7d0845,ok,37,16,1660,247.619,74,1935,9501,11523,79345
697,17536.803454883,17536.803796088,,1,GPU-bff95c83-0adb-feb7-9825-359f31b26de8,ok,0,0,467,33.593,38,210,405,488,341
698,17537.803454883,17537.803914625,,0,GPU-42e33043-7008-2803-9ba8-9bb9ef7d0845,ok,0,0,1660,216.204,71,1935,9501,341,292
698,17537.803454883,17537.803927055,,1,GPU-bff95c83-0adb-feb7-9825-359f31b26de8,ok,0,0,467,39.542,38,210,405,488,341
699,17538.803454883,17538.811542996,,0,GPU-42e33043-7008-2803-9ba8-9bb9ef7d0845,ok,0,0,464,176.929,70,1935,9501,585,292
699,17538.803454883,17538.811518436,,1,GPU-bff95c83-0adb-feb7-9825-359f31b26de8,ok,0,0,464,29.431,38,210,405,439,341
700,17539.803454883,17539.803938719,,0,GPU-42e33043-7008-2803-9ba8-9bb9ef7d0845,ok,0,0,464,144.494,67,1695,9751,341,244
700,17539.803454883,17539.803979079,,1,GPU-bff95c83-0adb-feb7-9825-359f31b26de8,ok,0,0,464,34.777,38,210,405,439,341
701,17540.803454883,17540.804021526,,0,GPU-42e33043-7008-2803-9ba8-9bb9ef7d0845,ok,5,1,1528,123.758,66,1695,9501,3710,10888
701,17540.803454883,17540.803999416,,1,GPU-bff95c83-0adb-feb7-9825-359f31b26de8,ok,0,0,467,36.172,38,210,405,439,341
702,17541.803454883,17541.803828672,,0,GPU-42e33043-7008-2803-9ba8-9bb9ef7d0845,ok,100,20,1528,339.711,78,1440,9501,2978,14306
702,17541.803454883,17541.803802142,,1,GPU-bff95c83-0adb-feb7-9825-359f31b26de8,ok,0,0,467,41.968,38,210,405,439,341
703,17542.803454883,17542.803829639,,0,GPU-42e33043-7008-2803-9ba8-9bb9ef7d0845,ok,100,21,1528,349.367,79,1455,9501,3369,12207
703,17542.803454883,17542.803776729,,1,GPU-bff95c83-0adb-feb7-9825-359f31b26de8,ok,0,0,467,30.265,38,210,405,439,341
704,17543.803454883,17543.803792386,,0,GPU-42e33043-7008-2803-9ba8-9bb9ef7d0845,ok,100,22,1528,349.009,80,1440,9501,4150,8544
704,17543.803454883,17543.803807796,,1,GPU-bff95c83-0adb-feb7-9825-359f31b26de8,ok,0,0,467,33.529,38,210,405,439,341
705,17544.803454883,17544.803905473,,0,GPU-42e33043-7008-2803-9ba8-9bb9ef7d0845,ok,100,21,1528,348.381,80,1410,9501,2832,14794
705,17544.803454883,17544.803932103,,1,GPU-bff95c83-0adb-feb7-9825-359f31b26de8,ok,0,0,467,35.847,38,210,405,439,341
706,17545.803454883,17545.8037899,,0,GPU-42e33043-7008-2803-9ba8-9bb9ef7d0845,ok,100,21,1528,349.099,81,1455,9501,3564,9960
706,17545.803454883,17545.80385917,,1,GPU-bff95c83-0adb-feb7-9825-359f31b26de8,ok,0,0,467,29.348,38,210,405,439,341
707,17546.803454883,17546.803887967,,0,GPU-42e33043-7008-2803-9ba8-9bb9ef7d0845,ok,100,21,1528,348.93,81,1425,9501,3515,10302
707,17546.803454883,17546.803870287,,1,GPU-bff95c83-0adb-feb7-9825-359f31b26de8,ok,0,0,467,28.206,37,210,405,439,341
708,17547.803454883,17547.803881093,,0,GPU-42e33043-7008-2803-9ba8-9bb9ef7d0845,ok,100,20,1528,348.905,81,1440,9501,2832,11669
708,17547.803454883,17547.804328194,,1,GPU-bff95c83-0adb-feb7-9825-359f31b26de8,ok,0,0,467,28.195,37,210,405,439,341
709,17548.803454883,17548.804569671,,0,GPU-42e33043-7008-2803-9ba8-9bb9ef7d0845,ok,100,21,1528,349.353,81,1440,9501,3662,9521
709,17548.803454883,17548.80384105,,1,GPU-bff95c83-0adb-feb7-9825-359f31b26de8,ok,0,0,467,28.281,37,210,405,439,341
710,17549.803454883,17549.803877097,,0,GPU-42e33043-7008-2803-9ba8-9bb9ef7d0845,ok,100,20,1528,349.052,81,1440,9501,3271,10888
710,17549.803454883,17549.803825917,,1,GPU-bff95c83-0adb-feb7-9825-359f31b26de8,ok,0,0,467,28.552,37,210,405,439,341
711,17550.803454883,17550.803791554,,0,GPU-42e33043-7008-2803-9ba8-9bb9ef7d0845,ok,100,22,1528,349.326,82,1440,9501,3466,10937
711,17550.803454883,17550.803841514,,1,GPU-bff95c83-0adb-feb7-9825-359f31b26de8,ok,0,0,467,31.5,38,210,405,488,341
712,17551.803454883,17551.803791981,,0,GPU-42e33043-7008-2803-9ba8-9bb9ef7d0845,ok,100,20,1528,349.39,82,1440,9501,3662,8935
712,17551.803454883,17551.803837681,,1,GPU-bff95c83-0adb-feb7-9825-359f31b26de8,ok,0,0,467,40.065,38,210,405,439,341
713,17552.803454883,17552.803831228,,0,GPU-42e33043-7008-2803-9ba8-9bb9ef7d0845,ok,100,21,1528,349.45,82,1425,9501,2880,13574
713,17552.803454883,17552.803857928,,1,GPU-bff95c83-0adb-feb7-9825-359f31b26de8,ok,0,0,467,30.231,38,210,405,439,341
714,17553.803454883,17553.803797404,,0,GPU-42e33043-7008-2803-9ba8-9bb9ef7d0845,ok,100,20,1528,349.295,82,1455,9501,4296,7470
714,17553.803454883,17553.803861125,,1,GPU-bff95c83-0adb-feb7-9825-359f31b26de8,ok,0,0,467,28.766,37,210,405,439,341
715,17554.803454883,17554.803793041,,0,GPU-42e33043-7008-2803-9ba8-9bb9ef7d0845,ok,100,20,1528,349.274,82,1440,9501,2441,12646
715,17554.803454883,17554.803837811,,1,GPU-bff95c83-0adb-feb7-9825-359f31b26de8,ok,0,0,467,28.29,37,210,405,439,341
716,17555.803454883,17555.803786958,,0,GPU-42e33043-7008-2803-9ba8-9bb9ef7d0845,ok,100,19,1528,349.585,82,1440,9501,3613,9667
716,17555.803454883,17555.803859588,,1,GPU-bff95c83-0adb-feb7-9825-359f31b26de8,ok,0,0,467,28.273,37,210,405,439,341
717,17556.803454883,17556.803785355,,0,GPU-42e33043-7008-2803-9ba8-9bb9ef7d0845,ok,100,20,1528,349.002,82,1440,9501,3271,10351
717,17556.803454883,17556.803837165,,1,GPU-bff95c83-0adb-feb7-9825-359f31b26de8,ok,0,0,467,28.471,38,210,405,439,341
718,17557.803454883,17557.803789822,,0,GPU-42e33043-7008-2803-9ba8-9bb9ef7d0845,ok,100,22,1528,349.594,82,1425,9501,2832,13134
718,17557.803454883,17557.803852292,,1,GPU-bff95c83-0adb-feb7-9825-359f31b26de8,ok,0,0,467,30.168,38,210,405,439,341
719,17558.803454883,17558.803827399,,0,GPU-42e33043-7008-2803-9ba8-9bb9ef7d0845,ok,100,20,1528,349.563,82,1440,9501,4101,7421
719,17558.803454883,17558.803855209,,1,GPU-bff95c83-0adb-feb7-9825-359f31b26de8,ok,0,0,467,39.636,38,210,405,439,341
720,17559.803454883,17559.803792425,,0,GPU-42e33043-7008-2803-9ba8-9bb9ef7d0845,ok,100,20,1528,349.552,82,1440,9501,2734,11035
720,17559.803454883,17559.803863216,,1,GPU-bff95c83-0adb-feb7-9825-359f31b26de8,ok,0,0,467,30.32,38,210,405,439,341
721,17560.803454883,17560.803791112,,0,GPU-42e33043-7008-2803-9ba8-9bb9ef7d0845,ok,100,20,1528,349.564,82,1455,9501,3369,11425
721,17560.803454883,17560.803857132,,1,GPU-bff95c83-0adb-feb7-9825-359f31b26de8,ok,0,0,467,28.88,37,210,405,439,341
722,17561.803454883,17561.803790909,,0,GPU-42e33043-7008-2803-9ba8-9bb9ef7d0845,ok,100,20,1528,349.337,83,1410,9501,3759,8056
722,17561.803454883,17561.803863089,,1,GPU-bff95c83-0adb-feb7-9825-359f31b26de8,ok,0,0,467,28.55,37,210,405,439,341
723,17562.803454883,17562.804528666,,0,GPU-42e33043-7008-2803-9ba8-9bb9ef7d0845,ok,100,21,1528,349.452,83,1440,9501,2490,13085
723,17562.803454883,17562.803822216,,1,GPU-bff95c83-0adb-feb7-9825-359f31b26de8,ok,0,0,467,28.36,38,210,405,488,390
724,17563.803454883,17563.803872713,,0,GPU-42e33043-7008-2803-9ba8-9bb9ef7d0845,ok,100,19,1528,349.255,83,1440,9501,3710,9521
724,17563.803454883,17563.803824553,,1,GPU-bff95c83-0adb-feb7-9825-359f31b26de8,ok,0,0,467,28.294,38,210,405,439,341
725,17564.803454883,17564.80380419,,0,GPU-42e33043-7008-2803-9ba8-9bb9ef7d0845,ok,100,19,1528,348.72,82,1425,9501,3515,9375
725,17564.803454883,17564.80385077,,1,GPU-bff95c83-0adb-feb7-9825-359f31b26de8,ok,1,0,467,28.652,37,210,405,537,292
726,17565.803454883,17565.803790107,,0,GPU-42e33043-7008-2803-9ba8-9bb9ef7d0845,ok,100,21,1528,348.989,82,1440,9501,3027,14501
726,17565.803454883,17565.803858197,,1,GPU-bff95c83-0adb-feb7-9825-359f31b26de8,ok,0,0,467,39.852,38,210,405,439,341
727,17566.803454883,17566.803907063,,0,GPU-42e33043-7008-2803-9ba8-9bb9ef7d0845,ok,0,0,1528,309.102,77,1905,9501,341,292
727,17566.803454883,17566.803976883,,1,GPU-bff95c83-0adb-feb7-9825-359f31b26de8,ok,0,0,467,29.412,38,210,405,439,341
728,17567.803454883,17567.8037773,,0,GPU-42e33043-7008-2803-9ba8-9bb9ef7d0845,ok,0,0,1528,193.341,72,1920,9501,341,292
728,17567.803454883,17567.80382985,,1,GPU-bff95c83-0adb-feb7-9825-359f31b26de8,ok,0,0,467,28.149,37,210,405,439,341
729,17568.803454883,17568.803782527,,0,GPU-42e33043-7008-2803-9ba8-9bb9ef7d0845,ok,100,39,1528,195.173,76,1440,9501,3906,9326
729,17568.803454883,17568.803827957,,1,GPU-bff95c83-0adb-feb7-9825-359f31b26de8,ok,0,0,467,27.984,37,210,405,439,341
730,17569.803454883,17569.803785574,,0,GPU-42e33043-7008-2803-9ba8-9bb9ef7d0845,ok,100,21,1528,348.786,80,1440,9501,3564,13476
730,17569.803454883,17569.803856284,,1,GPU-bff95c83-0adb-feb7-9825-359f31b26de8,ok,0,0,467,27.854,37,210,405,439,341
731,17570.803454883,17570.803786761,,0,GPU-42e33043-7008-2803-9ba8-9bb9ef7d0845,ok,100,20,1528,349.062,81,1425,9501,3564,11425
731,17570.803454883,17570.803857671,,1,GPU-bff95c83-0adb-feb7-9825-359f31b26de8,ok,0,0,467,28.031,37,210,405,439,341
732,17571.803454883,17571.803786038,,0,GPU-42e33043-7008-2803-9ba8-9bb9ef7d0845,ok,100,22,1528,349.392,81,1440,9501,3076,13085
732,17571.803454883,17571.803854648,,1,GPU-bff95c83-0adb-feb7-9825-359f31b26de8,ok,0,0,467,28.246,37,210,405,439,341
733,17572.803454883,17572.803792274,,0,GPU-42e33043-7008-2803-9ba8-9bb9ef7d0845,ok,100,19,1528,349.258,81,1440,9501,3906,7763
733,17572.803454883,17572.803853874,,1,GPU-bff95c83-0adb-feb7-9825-359f31b26de8,ok,0,0,467,34.103,38,210,405,488,341
734,17573.803454883,17573.803834851,,0,GPU-42e33043-7008-2803-9ba8-9bb9ef7d0845,ok,100,21,1528,349.179,81,1455,9501,2636,14160
734,17573.803454883,17573.803867971,,1,GPU-bff95c83-0adb-feb7-9825-359f31b26de8,ok,0,0,467,40.097,38,210,405,390,341
735,17574.803454883,17574.803803028,,0,GPU-42e33043-7008-2803-9ba8-9bb9ef7d0845,ok,100,19,1528,349.523,81,1455,9501,4101,7910
735,17574.803454883,17574.803865568,,1,GPU-bff95c83-0adb-feb7-9825-359f31b26de8,ok,0,0,467,30.685,38,210,405,439,341
736,17575.803454883,17575.803790585,,0,GPU-42e33043-7008-2803-9ba8-9bb9ef7d0845,ok,100,21,1528,349.45,81,1440,9501,2685,12304
736,17575.803454883,17575.803859915,,1,GPU-bff95c83-0adb-feb7-9825-359f31b26de8,ok,0,0,467,28.975,37,210,405,488,341
737,17576.803454883,17576.803790182,,0,GPU-42e33043-7008-2803-9ba8-9bb9ef7d0845,ok,100,22,1528,349.361,82,1455,9501,3662,11035
737,17576.803454883,17576.803854402,,1,GPU-bff95c83-0adb-feb7-9825-359f31b26de8,ok,0,0,467,28.306,37,210,405,439,341
738,17577.803454883,17577.803794089,,0,GPU-42e33043-7008-2803-9ba8-9bb9ef7d0845,ok,100,20,1528,349.556,82,1425,9501,3515,9375
738,17577.803454883,17577.803857389,,1,GPU-bff95c83-0adb-feb7-9825-359f31b26de8,ok,0,0,467,28.305,37,210,405,439,341
739,17578.803454883,17578.803947325,,0,GPU-42e33043-7008-2803-9ba8-9bb9ef7d0845,ok,100,21,1528,349.364,82,1455,9501,3076,12841
739,17578.803454883,17578.803910735,,1,GPU-bff95c83-0adb-feb7-9825-359f31b26de8,ok,0,0,467,28.435,37,210,405,439,341
740,17579.803454883,17579.803808002,,0,GPU-42e33043-7008-2803-9ba8-9bb9ef7d0845,ok,100,20,1528,349.609,82,1440,9501,4003,7470
740,17579.803454883,17579.803860892,,1,GPU-bff95c83-0adb-feb7-9825-359f31b26de8,ok,0,0,467,33.102,38,210,405,439,341
741,17580.803454883,17580.803901299,,0,GPU-42e33043-7008-2803-9ba8-9bb9ef7d0845,ok,100,20,1528,349.368,82,1425,9501,2490,13037
741,17580.803454883,17580.803866529,,1,GPU-bff95c83-0adb-feb7-9825-359f31b26de8,ok,0,0,467,39.509,38,210,405,439,292
742,17581.803454883,17581.803789426,,0,GPU-42e33043-7008-2803-9ba8-9bb9ef7d0845,ok,100,21,1528,349.592,82,1440,9501,3662,10742
742,17581.803454883,17581.803860536,,1,GPU-bff95c83-0adb-feb7-9825-359f31b26de8,ok,0,0,467,30.246,38,210,405,439,341
743,17582.803454883,17582.803792573,,0,GPU-42e33043-7008-2803-9ba8-9bb9ef7d0845,ok,100,20,1528,349.6,82,1425,9501,3564,9082
743,17582.803454883,17582.803862253,,1,GPU-bff95c83-0adb-feb7-9825-359f31b26de8,ok,0,0,467,28.908,38,210,405,439,341
744,17583.803454883,17583.80381351,,0,GPU-42e33043-7008-2803-9ba8-9bb9ef7d0845,ok,100,21,1528,349.548,82,1440,9501,2539,13671
744,17583.803454883,17583.80386125,,1,GPU-bff95c83-0adb-feb7-9825-359f31b26de8,ok,0,0,467,28.576,38,210,405,439,341
745,17584.803454883,17584.803794286,,0,GPU-42e33043-7008-2803-9ba8-9bb9ef7d0845,ok,100,20,1528,349.311,82,1440,9501,3857,8203
745,17584.803454883,17584.803859496,,1,GPU-bff95c83-0adb-feb7-9825-359f31b26de8,ok,0,0,467,28.416,37,210,405,439,341
746,17585.803454883,17585.803787073,,0,GPU-42e33043-7008-2803-9ba8-9bb9ef7d0845,ok,100,20,1528,348.933,82,1395,9501,2832,11083
746,17585.803454883,17585.803832913,,1,GPU-bff95c83-0adb-feb7-9825-359f31b26de8,ok,0,0,467,28.276,38,210,405,439,341
747,17586.803454883,17586.80378711,,0,GPU-42e33043-7008-2803-9ba8-9bb9ef7d0845,ok,100,20,1528,349.061,82,1440,9501,3417,11572
747,17586.803454883,17586.80383922,,1,GPU-bff95c83-0adb-feb7-9825-359f31b26de8,ok,0,0,467,32.143,38,210,405,439,341
748,17587.803454883,17587.803803947,,0,GPU-42e33043-7008-2803-9ba8-9bb9ef7d0845,ok,100,19,1528,349.171,82,1440,9501,4052,7812
748,17587.803454883,17587.803873637,,1,GPU-bff95c83-0adb-feb7-9825-359f31b26de8,ok,0,0,467,39.641,38,210,405,439,341
749,17588.803454883,17588.803789124,,0,GPU-42e33043-7008-2803-9ba8-9bb9ef7d0845,ok,100,21,1528,349.275,82,1425,9501,2441,13281
749,17588.803454883,17588.803857174,,1,GPU-bff95c83-0adb-feb7-9825-359f31b26de8,ok,0,0,467,29.549,38,210,405,439,341
750,17589.803454883,17589.803797051,,0,GPU-42e33043-7008-2803-9ba8-9bb9ef7d0845,ok,100,21,1528,349.301,82,1440,9501,3857,9033
750,17589.803454883,17589.803870411,,1,GPU-bff95c83-0adb-feb7-9825-359f31b26de8,ok,0,0,467,28.164,37,210,405,439,341
751,17590.803454883,17590.803789627,,0,GPU-42e33043-7008-2803-9ba8-9bb9ef7d0845,ok,100,20,1528,349.215,82,1410,9501,3222,10400
751,17590.803454883,17590.803856617,,1,GPU-bff95c83-0adb-feb7-9825-359f31b26de8,ok,0,0,467,27.997,37,210,405,439,341
752,17591.803454883,17591.803786894,,0,GPU-42e33043-7008-2803-9ba8-9bb9ef7d0845,ok,100,21,1528,349.297,82,1440,9501,2978,13183
752,17591.803454883,17591.803855724,,1,GPU-bff95c83-0adb-feb7-9825-359f31b26de8,ok,0,0,467,28.178,37,210,405,439,341
753,17592.803454883,17592.803833771,,0,GPU-42e33043-7008-2803-9ba8-9bb9ef7d0845,ok,100,19,1528,349.221,82,1440,9501,4150,7666
753,17592.803454883,17592.803874871,,1,GPU-bff95c83-0adb-feb7-9825-359f31b26de8,ok,0,0,467,28.365,37,210,405,488,341
754,17593.803454883,17593.803907618,,0,GPU-42e33043-7008-2803-9ba8-9bb9ef7d0845,ok,100,19,1528,349.064,82,1410,9501,2685,11767
754,17593.803454883,17593.804000018,,1,GPU-bff95c83-0adb-feb7-9825-359f31b26de8,ok,0,0,467,31.151,38,210,405,439,341
755,17594.803454883,17594.803905715,,0,GPU-42e33043-7008-2803-9ba8-9bb9ef7d0845,ok,0,0,1528,290.132,74,1695,9501,390,292
755,17594.803454883,17594.803966045,,1,GPU-bff95c83-0adb-feb7-9825-359f31b26de8,ok,0,0,467,39.714,38,210,405,439,341
756,17595.803454883,17595.803898002,,0,GPU-42e33043-7008-2803-9ba8-9bb9ef7d0845,ok,0,0,1528,170.929,70,1695,9501,390,292
756,17595.803454883,17595.803943552,,1,GPU-bff95c83-0adb-feb7-9825-359f31b26de8,ok,0,0,467,30.038,38,210,405,488,341
757,17596.803454883,17596.803787138,,0,GPU-42e33043-7008-2803-9ba8-9bb9ef7d0845,ok,100,23,1528,182.15,76,1470,9501,3466,11328
757,17596.803454883,17596.803855678,,1,GPU-bff95c83-0adb-feb7-9825-359f31b26de8,ok,0,0,467,28.563,37,210,405,439,341
758,17597.803454883,17597.803778605,,0,GPU-42e33043-7008-2803-9ba8-9bb9ef7d0845,ok,100,22,1528,349.151,79,1470,9501,4052,10595
758,17597.803454883,17597.803823955,,1,GPU-bff95c83-0adb-feb7-9825-359f31b26de8,ok,0,0,467,28.079,37,210,405,488,341
759,17598.803454883,17598.803914342,,0,GPU-42e33043-7008-2803-9ba8-9bb9ef7d0845,ok,100,20,1528,349.501,80,1455,9501,2734,12207
759,17598.803454883,17598.803940222,,1,GPU-bff95c83-0adb-feb7-9825-359f31b26de8,ok,0,0,467,28.12,37,210,405,439,341
760,17599.803454883,17599.803856339,,0,GPU-42e33043-7008-2803-9ba8-9bb9ef7d0845,ok,100,21,1528,349.13,80,1440,9501,3857,9277
760,17599.803454883,17599.803832029,,1,GPU-bff95c83-0adb-feb7-9825-359f31b26de8,ok,0,0,467,28.426,37,210,405,488,341
761,17600.803454883,17600.803794136,,0,GPU-42e33043-7008-2803-9ba8-9bb9ef7d0845,ok,100,20,1528,349.396,81,1440,9501,3076,9960
761,17600.803454883,17600.803840316,,1,GPU-bff95c83-0adb-feb7-9825-359f31b26de8,ok,0,0,467,29.843,38,210,405,488,341
762,17601.803454883,17601.803887613,,0,GPU-42e33043-7008-2803-9ba8-9bb9ef7d0845,ok,100,21,1528,349.411,81,1440,9501,3076,11328
762,17601.803454883,17601.803826413,,1,GPU-bff95c83-0adb-feb7-9825-359f31b26de8,ok,0,0,467,39.426,38,210,405,439,341
763,17602.803454883,17602.803804439,,0,GPU-42e33043-7008-2803-9ba8-9bb9ef7d0845,ok,100,20,1528,349.405,81,1455,9501,3564,9130
763,17602.803454883,17602.80385374,,1,GPU-bff95c83-0adb-feb7-9825-359f31b26de8,ok,0,0,467,30.549,38,210,405,439,341
764,17603.803454883,17603.803855736,,0,GPU-42e33043-7008-2803-9ba8-9bb9ef7d0845,ok,100,20,1528,349.312,81,1425,9501,2783,14257
764,17603.803454883,17603.803945666,,1,GPU-bff95c83-0adb-feb7-9825-359f31b26de8,ok,0,0,467,28.973,37,210,405,488,341
765,17604.803454883,17604.803791043,,0,GPU-42e33043-7008-2803-9ba8-9bb9ef7d0845,ok,100,21,1528,349.298,81,1455,9501,4101,7763
765,17604.803454883,17604.803861673,,1,GPU-bff95c83-0adb-feb7-9825-359f31b26de8,ok,0,0,467,28.304,37,210,405,439,341
766,17605.803454883,17605.80378785,,0,GPU-42e33043-7008-2803-9ba8-9bb9ef7d0845,ok,100,20,1528,349.098,81,1425,9501,2490,13574
766,17605.803454883,17605.80383717,,1,GPU-bff95c83-0adb-feb7-9825-359f31b26de8,ok,0,0,467,28.229,37,210,405,439,341
767,17606.803454883,17606.803801427,,0,GPU-42e33043-7008-2803-9ba8-9bb9ef7d0845,ok,100,22,1528,349.315,81,1455,9501,4101,8935
767,17606.803454883,17606.803869987,,1,GPU-bff95c83-0adb-feb7-9825-359f31b26de8,ok,0,0,467,28.268,37,210,405,439,341
768,17607.803454883,17607.803786184,,0,GPU-42e33043-7008-2803-9ba8-9bb9ef7d0845,ok,100,19,1528,349.569,81,1440,9501,2880,10449
768,17607.803454883,17607.803833844,,1,GPU-bff95c83-0adb-feb7-9825-359f31b26de8,ok,1,0,467,28.408,38,210,405,439,341
769,17608.803454883,17608.803854821,,0,GPU-42e33043-7008-2803-9ba8-9bb9ef7d0845,ok,100,21,1528,349.318,81,1440,9501,3222,11328
769,17608.803454883,17608.803889971,,1,GPU-bff95c83-0adb-feb7-9825-359f31b26de8,ok,0,0,467,39.545,38,210,405,439,341
770,17609.803454883,17609.803791147,,0,GPU-42e33043-7008-2803-9ba8-9bb9ef7d0845,ok,100,20,1528,349.355,81,1440,9501,3710,8007
770,17609.803454883,17609.803851917,,1,GPU-bff95c83-0adb-feb7-9825-359f31b26de8,ok,0,0,467,29.718,38,210,405,488,341
771,17610.803454883,17610.803866534,,0,GPU-42e33043-7008-2803-9ba8-9bb9ef7d0845,ok,100,20,1528,349.407,81,1410,9501,2539,13623
771,17610.803454883,17610.803853854,,1,GPU-bff95c83-0adb-feb7-9825-359f31b26de8,ok,0,0,467,28.413,37,210,405,439,341
772,17611.803454883,17611.803796921,,0,GPU-42e33043-7008-2803-9ba8-9bb9ef7d0845,ok,100,21,1528,349.543,81,1440,9501,3613,8593
772,17611.803454883,17611.803858951,,1,GPU-bff95c83-0adb-feb7-9825-359f31b26de8,ok,0,0,467,28.211,37,210,405,488,341
773,17612.803454883,17612.803908298,,0,GPU-42e33043-7008-2803-9ba8-9bb9ef7d0845,ok,100,19,1528,349.236,81,1440,9501,2880,10595
773,17612.803454883,17612.803872428,,1,GPU-bff95c83-0adb-feb7-9825-359f31b26de8,ok,0,0,467,28.363,37,210,405,439,341
774,17613.803454883,17613.803789275,,0,GPU-42e33043-7008-2803-9ba8-9bb9ef7d0845,ok,100,22,1528,349.422,82,1455,9501,4492,17480
774,17613.803454883,17613.803835055,,1,GPU-bff95c83-0adb-feb7-9825-359f31b26de8,ok,0,0,467,28.579,37,210,405,488,341
775,17614.803454883,17614.803787542,,0,GPU-42e33043-7008-2803-9ba8-9bb9ef7d0845,ok,100,20,1528,349.312,82,1425,9501,4199,7519
775,17614.803454883,17614.803835942,,1,GPU-bff95c83-0adb-feb7-9825-359f31b26de8,ok,0,0,467,28.476,37,210,405,439,341
776,17615.803454883,17615.803786108,,0,GPU-42e33043-7008-2803-9ba8-9bb9ef7d0845,ok,100,20,1528,349.184,82,1440,9501,2441,11328
776,17615.803454883,17615.803853018,,1,GPU-bff95c83-0adb-feb7-9825-359f31b26de8,ok,0,0,467,34.077,38,210,405,439,341
777,17616.803454883,17616.803802895,,0,GPU-42e33043-7008-2803-9ba8-9bb9ef7d0845,ok,100,21,1528,349.249,82,1440,9501,3417,10253
777,17616.803454883,17616.803853545,,1,GPU-bff95c83-0adb-feb7-9825-359f31b26de8,ok,0,0,467,40.125,38,210,405,439,341
778,17617.803454883,17617.803784202,,0,GPU-42e33043-7008-2803-9ba8-9bb9ef7d0845,ok,100,20,1528,349.445,82,1425,9501,4101,8447
778,17617.803454883,17617.803854402,,1,GPU-bff95c83-0adb-feb7-9825-359f31b26de8,ok,0,0,467,30.037,38,210,405,439,390
779,17618.803454883,17618.803859129,,0,GPU-42e33043-7008-2803-9ba8-9bb9ef7d0845,ok,100,20,1528,349.429,82,1440,9501,2636,13769
779,17618.803454883,17618.803807369,,1,GPU-bff95c83-0adb-feb7-9825-359f31b26de8,ok,0,0,467,28.645,37,210,405,439,341
780,17619.803454883,17619.803792626,,0,GPU-42e33043-7008-2803-9ba8-9bb9ef7d0845,ok,100,21,1528,349.309,82,1425,9501,3906,7861
780,17619.803454883,17619.803861356,,1,GPU-bff95c83-0adb-feb7-9825-359f31b26de8,ok,0,0,467,28.394,37,210,405,439,390
781,17620.803454883,17620.803887283,,0,GPU-42e33043-7008-2803-9ba8-9bb9ef7d0845,ok,100,19,1528,349.24,82,1425,9501,2783,11962
781,17620.803454883,17620.803824663,,1,GPU-bff95c83-0adb-feb7-9825-359f31b26de8,ok,0,0,467,28.501,37,210,405,439,390
782,17621.803454883,17621.803783949,,0,GPU-42e33043-7008-2803-9ba8-9bb9ef7d0845,ok,100,20,1528,348.747,82,1440,9501,3271,11914
782,17621.803454883,17621.803830529,,1,GPU-bff95c83-0adb-feb7-9825-359f31b26de8,ok,0,0,467,28.718,38,210,405,439,341
783,17622.803454883,17622.803909216,,0,GPU-42e33043-7008-2803-9ba8-9bb9ef7d0845,ok,0,0,1528,278.554,73,1920,9501,390,292
783,17622.803454883,17622.803970646,,1,GPU-bff95c83-0adb-feb7-9825-359f31b26de8,ok,0,0,467,33.44,38,210,405,439,341
784,17623.803454883,17623.804069333,,0,GPU-42e33043-7008-2803-9ba8-9bb9ef7d0845,ok,0,0,1528,196.186,72,1920,9501,341,292
784,17623.803454883,17623.804052873,,1,GPU-bff95c83-0adb-feb7-9825-359f31b26de8,ok,0,0,467,40.066,38,210,405,439,341
785,17624.803454883,17624.8038982,,0,GPU-42e33043-7008-2803-9ba8-9bb9ef7d0845,ok,0,0,464,161.158,69,1695,9501,341,244
785,17624.803454883,17624.80383496,,1,GPU-bff95c83-0adb-feb7-9825-359f31b26de8,ok,0,0,464,28.799,37,210,405,439,341
786,17625.803454883,17625.803802177,,0,GPU-42e33043-7008-2803-9ba8-9bb9ef7d0845,ok,0,0,464,129.035,67,1695,9751,390,292
786,17625.803454883,17625.803871557,,1,GPU-bff95c83-0adb-feb7-9825-359f31b26de8,ok,0,0,464,35.723,38,210,405,439,341
