tick_index,t_target_raw_s,t_receipt_raw_s,utc_anchor,gpu_index,gpu_uuid,status,util_gpu_pct,util_mem_pct,mem_used_mib,power_w,temp_c,clock_sm_mhz,clock_mem_mhz,pcie_tx_kbps,pcie_rx_kbps
-1,75047.245930199,75047.246078669,2026-08-30T10:20:27.430646+00:00,-1,anchor,anchor,,,,,,,,,
0,75047.245930199,75047.252808761,,3,GPU-46bf67bb-cb31-bee1-3cf0-c35337ba97d2,ok,0,0,450,98.484,58,360,810,878,878
1,75048.245930199,75048.246466968,,3,GPU-46bf67bb-cb31-bee1-3cf0-c35337ba97d2,ok,0,0,450,52.422,57,225,810,439,634
2,75049.245930199,75049.246332766,,3,GPU-46bf67bb-cb31-bee1-3cf0-c35337ba97d2,ok,0,0,450,36.713,56,210,405,390,634
3,75050.245930199,75050.246384154,,3,GPU-46bf67bb-cb31-bee1-3cf0-c35337ba97d2,ok,0,0,450,33.67,54,210,405,439,585
4,75051.245930199,75051.246345722,,3,GPU-46bf67bb-cb31-bee1-3cf0-c35337ba97d2,ok,0,0,450,32.025,54,210,405,439,634
5,75052.245930199,75052.24626341,,3,GPU-46bf67bb-cb31-bee1-3cf0-c35337ba97d2,ok,1,0,1514,32.208,53,210,405,439,634
6,75053.245930199,75053.246296388,,3,GPU-46bf67bb-cb31-bee1-3cf0-c35337ba97d2,ok,100,21,1514,280.711,69,1500,9501,439,634
7,75054.245930199,75054.246375826,,3,GPU-46bf67bb-cb31-bee1-3cf0-c35337ba97d2,ok,100,20,1514,349.326,72,1410,9501,10156,8398
8,75055.245930199,75055.246367544,,3,GPU-46bf67bb-cb31-bee1-3cf0-c35337ba97d2,ok,0,0,1515,218.099,64,1980,9501,439,585
9,75056.245930199,75056.246260822,,3,GPU-46bf67bb-cb31-bee1-3cf0-c35337ba97d2,ok,0,0,1515,167.949,63,1980,9501,488,585
10,75057.245930199,75057.24624639,,3,GPU-46bf67bb-cb31-bee1-3cf0-c35337ba97d2,ok,100,21,1515,299.217,73,1470,9501,488,732
11,75058.245930199,75058.246241438,,3,GPU-46bf67bb-cb31-bee1-3cf0-c35337ba97d2,ok,100,21,1515,348.982,75,1395,9501,439,585
12,75059.245930199,75059.246276326,,3,GPU-46bf67bb-cb31-bee1-3cf0-c35337ba97d2,ok,0,0,1515,224.476,66,1965,9501,390,537
13,75060.245930199,75060.246247504,,3,GPU-46bf67bb-cb31-bee1-3cf0-c35337ba97d2,ok,0,0,1515,193.12,66,1965,9501,488,732
14,75061.245930199,75061.246228712,,3,GPU-46bf67bb-cb31-bee1-3cf0-c35337ba97d2,ok,100,21,1515,245.736,74,1440,9501,537,634
15,75062.245930199,75062.24626999,,3,GPU-46bf67bb-cb31-bee1-3cf0-c35337ba97d2,ok,100,20,1515,349.812,76,1395,9501,488,585
16,75063.245930199,75063.246242928,,3,GPU-46bf67bb-cb31-bee1-3cf0-c35337ba97d2,ok,0,0,1515,233.072,68,1965,9501,439,537
17,75064.245930199,75064.246241876,,3,GPU-46bf67bb-cb31-bee1-3cf0-c35337ba97d2,ok,0,0,1515,202.25,68,1965,9501,390,585
18,75065.245930199,75065.246269004,,3,GPU-46bf67bb-cb31-bee1-3cf0-c35337ba97d2,ok,17,1,453,155.163,62,1725,9751,390,585
19,75066.245930199,75066.246326072,,3,GPU-46bf67bb-cb31-bee1-3cf0-c35337ba97d2,ok,0,0,453,138.612,62,1725,9751,439,634
20,75067.245930199,75067.24638095,,3,GPU-46bf67bb-cb31-bee1-3cf0-c35337ba97d2,ok,0,0,453,101.786,59,420,5001,390,634
21,75068.245930199,75068.246300598,,3,GPU-46bf67bb-cb31-bee1-3cf0-c35337ba97d2,ok,0,0,450,44.927,56,225,810,439,585
22,75069.245930199,75069.257627269,,3,GPU-46bf67bb-cb31-bee1-3cf0-c35337ba97d2,ok,0,0,450,49.222,55,210,405,12109,3955
23,75070.245930199,75070.246236984,,3,GPU-46bf67bb-cb31-bee1-3cf0-c35337ba97d2,ok,0,0,453,39.877,54,210,405,439,634
24,75071.245930199,75071.246247322,,3,GPU-46bf67bb-cb31-bee1-3cf0-c35337ba97d2,ok,0,0,453,43.555,54,210,405,439,634
25,75072.245930199,75072.24624729,,3,GPU-46bf67bb-cb31-bee1-3cf0-c35337ba97d2,ok,0,0,453,33.167,54,210,405,390,634
26,75073.245930199,75073.246247208,,3,GPU-46bf67bb-cb31-bee1-3cf0-c35337ba97d2,ok,0,0,453,31.759,52,210,405,439,634
27,75074.245930199,75074.246242026,,3,GPU-46bf67bb-cb31-bee1-3cf0-c35337ba97d2,ok,0,0,453,31.127,52,210,405,439,634
28,75075.245930199,75075.246246754,,3,GPU-46bf67bb-cb31-bee1-3cf0-c35337ba97d2,ok,0,0,453,31.02,51,210,405,439,634
29,75076.245930199,75076.246239842,,3,GPU-46bf67bb-cb31-bee1-3cf0-c35337ba97d2,ok,0,0,453,31.143,51,210,405,439,634
30,75077.245930199,75077.24625134,,3,GPU-46bf67bb-cb31-bee1-3cf0-c35337ba97d2,ok,0,0,453,30.932,51,210,405,439,585
31,75078.245930199,75078.246215268,,3,GPU-46bf67bb-cb31-bee1-3cf0-c35337ba97d2,ok,0,0,453,30.583,50,210,405,390,634
32,75079.245930199,75079.246213956,,3,GPU-46bf67bb-cb31-bee1-3cf0-c35337ba97d2,ok,0,0,453,30.128,50,210,405,439,634
33,75080.245930199,75080.246248924,,3,GPU-46bf67bb-cb31-bee1-3cf0-c35337ba97d2,ok,0,0,453,29.906,50,210,405,439,634
34,75081.245930199,75081.246245552,,3,GPU-46bf67bb-cb31-bee1-3cf0-c35337ba97d2,ok,0,0,453,29.906,50,210,405,439,634
35,75082.245930199,75082.24625838,,3,GPU-46bf67bb-cb31-bee1-3cf0-c35337ba97d2,ok,0,0,453,29.642,50,210,405,439,634
36,75083.245930199,75083.246242568,,3,GPU-46bf67bb-cb31-bee1-3cf0-c35337ba97d2,ok,0,0,453,29.431,49,210,405,439,585
37,75084.245930199,75084.246249976,,3,GPU-46bf67bb-cb31-bee1-3cf0-c35337ba97d2,ok,0,0,453,29.384,49,210,405,439,634
38,75085.245930199,75085.246244974,,3,GPU-46bf67bb-cb31-bee1-3cf0-c35337ba97d2,ok,0,0,453,29.155,49,210,405,439,634
39,75086.245930199,75086.246243102,,3,GPU-46bf67bb-cb31-bee1-3cf0-c35337ba97d2,ok,0,0,453,29.229,49,210,405,390,634
40,75087.245930199,75087.24626803,,3,GPU-46bf67bb-cb31-bee1-3cf0-c35337ba97d2,ok,0,0,453,29.541,48,210,405,390,634
41,75088.245930199,75088.246242588,,3,GPU-46bf67bb-cb31-bee1-3cf0-c35337ba97d2,ok,0,0,453,29.249,48,210,405,439,634
42,75089.245930199,75089.246240446,,3,GPU-46bf67bb-cb31-bee1-3cf0-c35337ba97d2,ok,0,0,453,29.044,48,210,405,439,634
43,75090.245930199,75090.246248714,,3,GPU-46bf67bb-cb31-bee1-3cf0-c35337ba97d2,ok,0,0,453,29.127,48,210,405,390,634
44,75091.245930199,75091.246242592,,3,GPU-46bf67bb-cb31-bee1-3cf0-c35337ba97d2,ok,0,0,453,28.92,48,210,405,439,585
45,75092.245930199,75092.24623482,,3,GPU-46bf67bb-cb31-bee1-3cf0-c35337ba97d2,ok,0,0,453,28.819,47,210,405,439,634
46,75093.245930199,75093.246251379,,3,GPU-46bf67bb-cb31-bee1-3cf0-c35337ba97d2,ok,0,0,453,29.105,47,210,405,439,634
47,75094.245930199,75094.246242507,,3,GPU-46bf67bb-cb31-bee1-3cf0-c35337ba97d2,ok,0,0,453,29.138,47,210,405,439,634
48,75095.245930199,75095.246245025,,3,GPU-46bf67bb-cb31-bee1-3cf0-c35337ba97d2,ok,0,0,453,28.891,47,210,405,488,634
49,75096.245930199,75096.246261553,,3,GPU-46bf67bb-cb31-bee1-3cf0-c35337ba97d2,ok,0,0,453,28.693,47,210,405,439,634
50,75097.245930199,75097.246245641,,3,GPU-46bf67bb-cb31-bee1-3cf0-c35337ba97d2,ok,0,0,453,28.753,47,210,405,439,585
51,75098.245930199,75098.246243679,,3,GPU-46bf67bb-cb31-bee1-3cf0-c35337ba97d2,ok,0,0,453,28.935,46,210,405,439,634
52,75099.245930199,75099.246280937,,3,GPU-46bf67bb-cb31-bee1-3cf0-c35337ba97d2,ok,0,0,453,28.658,46,210,405,439,634
53,75100.245930199,75100.246275955,,3,GPU-46bf67bb-cb31-bee1-3cf0-c35337ba97d2,ok,0,0,453,28.834,46,210,405,439,634
54,75101.245930199,75101.246279833,,3,GPU-46bf67bb-cb31-bee1-3cf0-c35337ba97d2,ok,0,0,453,29.186,46,210,405,390,585
55,75102.245930199,75102.246264071,,3,GPU-46bf67bb-cb31-bee1-3cf0-c35337ba97d2,ok,0,0,453,29.017,46,210,405,439,634
56,75103.245930199,75103.246244109,,3,GPU-46bf67bb-cb31-bee1-3cf0-c35337ba97d2,ok,0,0,453,28.82,46,210,405,439,585
57,75104.245930199,75104.246270557,,3,GPU-46bf67bb-cb31-bee1-3cf0-c35337ba97d2,ok,0,0,453,28.482,46,210,405,439,634
58,75105.245930199,75105.246281005,,3,GPU-46bf67bb-cb31-bee1-3cf0-c35337ba97d2,ok,0,0,453,28.468,45,210,405,439,585
59,75106.245930199,75106.246262383,,3,GPU-46bf67bb-cb31-bee1-3cf0-c35337ba97d2,ok,0,0,453,28.689,45,210,405,439,634
60,75107.245930199,75107.246262731,,3,GPU-46bf67bb-cb31-bee1-3cf0-c35337ba97d2,ok,0,0,453,28.473,45,210,405,439,585
61,75108.245930199,75108.246273599,,3,GPU-46bf67bb-cb31-bee1-3cf0-c35337ba97d2,ok,0,0,453,28.471,45,210,405,390,634
62,75109.245930199,75109.246264027,,3,GPU-46bf67bb-cb31-bee1-3cf0-c35337ba97d2,ok,0,0,453,28.646,45,210,405,439,634
63,75110.245930199,75110.246261585,,3,GPU-46bf67bb-cb31-bee1-3cf0-c35337ba97d2,ok,0,0,453,28.402,45,210,405,439,634
64,75111.245930199,75111.246290273,,3,GPU-46bf67bb-cb31-bee1-3cf0-c35337ba97d2,ok,0,0,453,28.365,45,210,405,439,585
65,75112.245930199,75112.246262821,,3,GPU-46bf67bb-cb31-bee1-3cf0-c35337ba97d2,ok,0,0,453,28.438,44,210,405,439,634
66,75113.245930199,75113.246253559,,3,GPU-46bf67bb-cb31-bee1-3cf0-c35337ba97d2,ok,0,0,453,28.174,44,210,405,439,585
67,75114.245930199,75114.246269087,,3,GPU-46bf67bb-cb31-bee1-3cf0-c35337ba97d2,ok,0,0,453,28.122,44,210,405,390,634
68,75115.245930199,75115.246247675,,3,GPU-46bf67bb-cb31-bee1-3cf0-c35337ba97d2,ok,0,0,453,28.285,44,210,405,439,634
69,75116.245930199,75116.246246603,,3,GPU-46bf67bb-cb31-bee1-3cf0-c35337ba97d2,ok,0,0,453,28.085,44,210,405,390,634
70,75117.245930199,75117.246270291,,3,GPU-46bf67bb-cb31-bee1-3cf0-c35337ba97d2,ok,0,0,453,28.026,44,210,405,439,585
71,75118.245930199,75118.246247969,,3,GPU-46bf67bb-cb31-bee1-3cf0-c35337ba97d2,ok,0,0,453,28.164,44,210,405,439,634
72,75119.245930199,75119.246252787,,3,GPU-46bf67bb-cb31-bee1-3cf0-c35337ba97d2,ok,0,0,453,27.983,44,210,405,439,585
73,75120.245930199,75120.246268885,,3,GPU-46bf67bb-cb31-bee1-3cf0-c35337ba97d2,ok,0,0,453,27.992,43,210,405,439,634
74,75121.245930199,75121.246244423,,3,GPU-46bf67bb-cb31-bee1-3cf0-c35337ba97d2,ok,0,0,453,28.189,43,210,405,439,634
75,75122.245930199,75122.246265201,,3,GPU-46bf67bb-cb31-bee1-3cf0-c35337ba97d2,ok,0,0,453,28.014,43,210,405,439,634
76,75123.245930199,75123.246270389,,3,GPU-46bf67bb-cb31-bee1-3cf0-c35337ba97d2,ok,0,0,453,27.911,43,210,405,390,585
77,75124.245930199,75124.246246917,,3,GPU-46bf67bb-cb31-bee1-3cf0-c35337ba97d2,ok,0,0,453,28.03,43,210,405,439,634
78,75125.245930199,75125.246248235,,3,GPU-46bf67bb-cb31-bee1-3cf0-c35337ba97d2,ok,0,0,453,27.952,43,210,405,390,585
79,75126.245930199,75126.246263903,,3,GPU-46bf67bb-cb31-bee1-3cf0-c35337ba97d2,ok,0,0,453,27.918,43,210,405,439,634
80,75127.245930199,75127.246244461,,3,GPU-46bf67bb-cb31-bee1-3cf0-c35337ba97d2,ok,0,0,453,27.999,42,210,405,439,585
81,75128.245930199,75128.246242439,,3,GPU-46bf67bb-cb31-bee1-3cf0-c35337ba97d2,ok,0,0,453,27.902,42,210,405,439,634
82,75129.245930199,75129.246269137,,3,GPU-46bf67bb-cb31-bee1-3cf0-c35337ba97d2,ok,0,0,453,27.972,42,210,405,439,585
83,75130.245930199,75130.246220295,,3,GPU-46bf67bb-cb31-bee1-3cf0-c35337ba97d2,ok,0,0,453,28.194,42,210,405,439,634
84,75131.245930199,75131.246216263,,3,GPU-46bf67bb-cb31-bee1-3cf0-c35337ba97d2,ok,0,0,453,28.019,42,210,405,439,585
85,75132.245930199,75132.246226101,,3,GPU-46bf67bb-cb31-bee1-3cf0-c35337ba97d2,ok,0,0,453,27.904,42,210,405,439,634
86,75133.245930199,75133.246247849,,3,GPU-46bf67bb-cb31-bee1-3cf0-c35337ba97d2,ok,0,0,453,27.937,42,210,405,439,634
87,75134.245930199,75134.246248717,,3,GPU-46bf67bb-cb31-bee1-3cf0-c35337ba97d2,ok,0,0,453,27.894,42,210,405,439,634
88,75135.245930199,75135.246268215,,3,GPU-46bf67bb-cb31-bee1-3cf0-c35337ba97d2,ok,0,0,453,27.872,42,210,405,439,634
89,75136.245930199,75136.246247644,,3,GPU-46bf67bb-cb31-bee1-3cf0-c35337ba97d2,ok,0,0,453,27.804,41,210,405,439,634
90,75137.245930199,75137.246251122,,3,GPU-46bf67bb-cb31-bee1-3cf0-c35337ba97d2,ok,0,0,453,27.482,41,210,405,439,634
91,75138.245930199,75138.24626849,,3,GPU-46bf67bb-cb31-bee1-3cf0-c35337ba97d2,ok,0,0,453,26.933,41,210,405,439,585
92,75139.245930199,75139.246250978,,3,GPU-46bf67bb-cb31-bee1-3cf0-c35337ba97d2,ok,0,0,453,26.628,41,210,405,439,634
93,75140.245930199,75140.246245376,,3,GPU-46bf67bb-cb31-bee1-3cf0-c35337ba97d2,ok,0,0,453,26.405,41,210,405,439,585
94,75141.245930199,75141.246288674,,3,GPU-46bf67bb-cb31-bee1-3cf0-c35337ba97d2,ok,0,0,453,26.384,41,210,405,439,634
95,75142.245930199,75142.246251402,,3,GPU-46bf67bb-cb31-bee1-3cf0-c35337ba97d2,ok,0,0,453,26.573,41,210,405,439,634
96,75143.245930199,75143.24624596,,3,GPU-46bf67bb-cb31-bee1-3cf0-c35337ba97d2,ok,0,0,453,26.433,41,210,405,439,585
97,75144.245930199,75144.246268788,,3,GPU-46bf67bb-cb31-bee1-3cf0-c35337ba97d2,ok,0,0,453,26.443,41,210,405,390,634
98,75145.245930199,75145.246246756,,3,GPU-46bf67bb-cb31-bee1-3cf0-c35337ba97d2,ok,0,0,453,26.609,41,210,405,439,634
99,75146.245930199,75146.246242014,,3,GPU-46bf67bb-cb31-bee1-3cf0-c35337ba97d2,ok,0,0,453,26.443,41,210,405,439,634
100,75147.245930199,75147.246265992,,3,GPU-46bf67bb-cb31-bee1-3cf0-c35337ba97d2,ok,0,0,453,26.404,41,210,405,390,634
101,75148.245930199,75148.24624191,,3,GPU-46bf67bb-cb31-bee1-3cf0-c35337ba97d2,ok,0,0,453,26.498,41,210,405,439,585
102,75149.245930199,75149.246242228,,3,GPU-46bf67bb-cb31-bee1-3cf0-c35337ba97d2,ok,0,0,453,26.335,41,210,405,439,634
103,75150.245930199,75150.246262716,,3,GPU-46bf67bb-cb31-bee1-3cf0-c35337ba97d2,ok,0,0,453,26.38,41,210,405,390,634
104,75151.245930199,75151.246240964,,3,GPU-46bf67bb-cb31-bee1-3cf0-c35337ba97d2,ok,0,0,453,26.512,42,210,405,439,634
105,75152.245930199,75152.246239382,,3,GPU-46bf67bb-cb31-bee1-3cf0-c35337ba97d2,ok,0,0,453,26.281,42,210,405,390,585
106,75153.245930199,75153.24626103,,3,GPU-46bf67bb-cb31-bee1-3cf0-c35337ba97d2,ok,0,0,453,26.271,41,210,405,439,634
107,75154.245930199,75154.246242358,,3,GPU-46bf67bb-cb31-bee1-3cf0-c35337ba97d2,ok,0,0,453,26.424,42,210,405,439,634
108,75155.245930199,75155.246240616,,3,GPU-46bf67bb-cb31-bee1-3cf0-c35337ba97d2,ok,0,0,453,26.342,42,210,405,390,634
109,75156.245930199,75156.246258054,,3,GPU-46bf67bb-cb31-bee1-3cf0-c35337ba97d2,ok,0,0,453,26.491,42,210,405,439,634
110,75157.245930199,75157.246238012,,3,GPU-46bf67bb-cb31-bee1-3cf0-c35337ba97d2,ok,0,0,453,26.743,42,210,405,439,585
111,75158.245930199,75158.24624056,,3,GPU-46bf67bb-cb31-bee1-3cf0-c35337ba97d2,ok,0,0,453,26.595,42,210,405,439,634
112,75159.245930199,75159.246263418,,3,GPU-46bf67bb-cb31-bee1-3cf0-c35337ba97d2,ok,0,0,453,26.53,42,210,405,439,634
113,75160.245930199,75160.246240906,,3,GPU-46bf67bb-cb31-bee1-3cf0-c35337ba97d2,ok,0,0,453,26.693,42,210,405,439,634
114,75161.245930199,75161.246240244,,3,GPU-46bf67bb-cb31-bee1-3cf0-c35337ba97d2,ok,0,0,453,26.502,42,210,405,439,634
115,75162.245930199,75162.246278592,,3,GPU-46bf67bb-cb31-bee1-3cf0-c35337ba97d2,ok,0,0,453,26.449,42,210,405,390,585
116,75163.245930199,75163.24626,,3,GPU-46bf67bb-cb31-bee1-3cf0-c35337ba97d2,ok,0,0,453,26.584,42,210,405,439,634
117,75164.245930199,75164.246239578,,3,GPU-46bf67bb-cb31-bee1-3cf0-c35337ba97d2,ok,0,0,453,26.401,42,210,405,439,585
118,75165.245930199,75165.246266806,,3,GPU-46bf67bb-cb31-bee1-3cf0-c35337ba97d2,ok,0,0,453,26.379,42,210,405,390,634
119,75166.245930199,75166.246239424,,3,GPU-46bf67bb-cb31-bee1-3cf0-c35337ba97d2,ok,0,0,453,26.51,42,210,405,439,634
120,75167.245930199,75167.246241892,,3,GPU-46bf67bb-cb31-bee1-3cf0-c35337ba97d2,ok,0,0,453,26.447,42,210,405,439,585
121,75168.245930199,75168.24626106,,3,GPU-46bf67bb-cb31-bee1-3cf0-c35337ba97d2,ok,0,0,453,26.474,42,210,405,390,634
122,75169.245930199,75169.246232868,,3,GPU-46bf67bb-cb31-bee1-3cf0-c35337ba97d2,ok,0,0,453,26.414,42,210,405,439,585
123,75170.245930199,75170.246240506,,3,GPU-46bf67bb-cb31-bee1-3cf0-c35337ba97d2,ok,0,0,453,26.453,42,210,405,439,634
124,75171.245930199,75171.246264374,,3,GPU-46bf67bb-cb31-bee1-3cf0-c35337ba97d2,ok,0,0,453,26.681,42,210,405,439,634
125,75172.245930199,75172.246239322,,3,GPU-46bf67bb-cb31-bee1-3cf0-c35337ba97d2,ok,0,0,453,26.572,42,210,405,439,634
126,75173.245930199,75173.24624069,,3,GPU-46bf67bb-cb31-bee1-3cf0-c35337ba97d2,ok,0,0,453,26.573,42,210,405,439,634
127,75174.245930199,75174.246258078,,3,GPU-46bf67bb-cb31-bee1-3cf0-c35337ba97d2,ok,0,0,453,26.656,42,210,405,439,634
128,75175.245930199,75175.246241946,,3,GPU-46bf67bb-cb31-bee1-3cf0-c35337ba97d2,ok,0,0,453,26.402,42,210,405,439,634
129,75176.245930199,75176.246241424,,3,GPU-46bf67bb-cb31-bee1-3cf0-c35337ba97d2,ok,0,0,453,26.37,42,210,405,390,634
130,75177.245930199,75177.246267322,,3,GPU-46bf67bb-cb31-bee1-3cf0-c35337ba97d2,ok,0,0,453,26.553,42,210,405,439,634
131,75178.245930199,75178.24625495,,3,GPU-46bf67bb-cb31-bee1-3cf0-c35337ba97d2,ok,0,0,453,26.371,42,210,405,439,634
132,75179.245930199,75179.246258318,,3,GPU-46bf67bb-cb31-bee1-3cf0-c35337ba97d2,ok,0,0,453,26.325,42,210,405,439,634
133,75180.245930199,75180.246256007,,3,GPU-46bf67bb-cb31-bee1-3cf0-c35337ba97d2,ok,0,0,453,26.47,42,210,405,439,585
134,75181.245930199,75181.246304635,,3,GPU-46bf67bb-cb31-bee1-3cf0-c35337ba97d2,ok,0,0,453,26.278,42,210,405,439,634
135,75182.245930199,75182.246239533,,3,GPU-46bf67bb-cb31-bee1-3cf0-c35337ba97d2,ok,0,0,453,26.276,42,210,405,439,585
136,75183.245930199,75183.246242631,,3,GPU-46bf67bb-cb31-bee1-3cf0-c35337ba97d2,ok,0,0,453,26.406,42,210,405,439,634
137,75184.245930199,75184.246232489,,3,GPU-46bf67bb-cb31-bee1-3cf0-c35337ba97d2,ok,0,0,453,26.201,42,210,405,439,634
138,75185.245930199,75185.246245127,,3,GPU-46bf67bb-cb31-bee1-3cf0-c35337ba97d2,ok,0,0,453,26.324,42,210,405,439,634
139,75186.245930199,75186.246253035,,3,GPU-46bf67bb-cb31-bee1-3cf0-c35337ba97d2,ok,0,0,453,26.641,42,210,405,439,634
140,75187.245930199,75187.246252763,,3,GPU-46bf67bb-cb31-bee1-3cf0-c35337ba97d2,ok,0,0,453,26.498,42,210,405,390,634
141,75188.245930199,75188.246253851,,3,GPU-46bf67bb-cb31-bee1-3cf0-c35337ba97d2,ok,0,0,453,26.514,42,210,405,439,634
142,75189.245930199,75189.246256709,,3,GPU-46bf67bb-cb31-bee1-3cf0-c35337ba97d2,ok,0,0,453,26.657,42,210,405,439,634
143,75190.245930199,75190.246248237,,3,GPU-46bf67bb-cb31-bee1-3cf0-c35337ba97d2,ok,0,0,453,26.423,42,210,405,390,585
144,75191.245930199,75191.246266645,,3,GPU-46bf67bb-cb31-bee1-3cf0-c35337ba97d2,ok,0,0,453,26.364,42,210,405,439,634
145,75192.245930199,75192.246273603,,3,GPU-46bf67bb-cb31-bee1-3cf0-c35337ba97d2,ok,0,0,453,26.505,42,210,405,390,585
146,75193.245930199,75193.246254901,,3,GPU-46bf67bb-cb31-bee1-3cf0-c35337ba97d2,ok,0,0,453,26.329,42,210,405,439,634
147,75194.245930199,75194.246257299,,3,GPU-46bf67bb-cb31-bee1-3cf0-c35337ba97d2,ok,0,0,453,26.32,42,210,405,390,634
148,75195.245930199,75195.246258957,,3,GPU-46bf67bb-cb31-bee1-3cf0-c35337ba97d2,ok,0,0,453,26.515,42,210,405,439,634
149,75196.245930199,75196.246248365,,3,GPU-46bf67bb-cb31-bee1-3cf0-c35337ba97d2,ok,0,0,453,26.369,42,210,405,390,634
150,75197.245930199,75197.246259343,,3,GPU-46bf67bb-cb31-bee1-3cf0-c35337ba97d2,ok,0,0,453,26.491,42,210,405,439,585
151,75198.245930199,75198.246257851,,3,GPU-46bf67bb-cb31-bee1-3cf0-c35337ba97d2,ok,0,0,453,26.723,42,210,405,390,634
152,75199.245930199,75199.246251329,,3,GPU-46bf67bb-cb31-bee1-3cf0-c35337ba97d2,ok,0,0,453,26.49,42,210,405,439,585
153,75200.245930199,75200.246266887,,3,GPU-46bf67bb-cb31-bee1-3cf0-c35337ba97d2,ok,0,0,453,26.458,42,210,405,390,634
154,75201.245930199,75201.246258675,,3,GPU-46bf67bb-cb31-bee1-3cf0-c35337ba97d2,ok,0,0,453,26.565,42,210,405,439,585
155,75202.245930199,75202.246255223,,3,GPU-46bf67bb-cb31-bee1-3cf0-c35337ba97d2,ok,0,0,453,26.379,42,210,405,439,634
156,75203.245930199,75203.246271271,,3,GPU-46bf67bb-cb31-bee1-3cf0-c35337ba97d2,ok,0,0,453,26.456,42,210,405,439,585
157,75204.245930199,75204.246244319,,3,GPU-46bf67bb-cb31-bee1-3cf0-c35337ba97d2,ok,0,0,453,26.617,42,210,405,439,634
158,75205.245930199,75205.246240217,,3,GPU-46bf67bb-cb31-bee1-3cf0-c35337ba97d2,ok,0,0,453,26.413,42,210,405,390,585
159,75206.245930199,75206.246251025,,3,GPU-46bf67bb-cb31-bee1-3cf0-c35337ba97d2,ok,0,0,453,26.415,42,210,405,439,634
160,75207.245930199,75207.246236713,,3,GPU-46bf67bb-cb31-bee1-3cf0-c35337ba97d2,ok,0,0,453,26.504,42,210,405,439,585
161,75208.245930199,75208.246226461,,3,GPU-46bf67bb-cb31-bee1-3cf0-c35337ba97d2,ok,0,0,453,26.514,42,210,405,439,634
162,75209.245930199,75209.246247119,,3,GPU-46bf67bb-cb31-bee1-3cf0-c35337ba97d2,ok,0,0,453,26.581,42,210,405,439,585
163,75210.245930199,75210.246237147,,3,GPU-46bf67bb-cb31-bee1-3cf0-c35337ba97d2,ok,0,0,453,26.391,42,210,405,390,634
164,75211.245930199,75211.246239595,,3,GPU-46bf67bb-cb31-bee1-3cf0-c35337ba97d2,ok,0,0,453,26.345,42,210,405,439,634
165,75212.245930199,75212.246244213,,3,GPU-46bf67bb-cb31-bee1-3cf0-c35337ba97d2,ok,0,0,453,26.492,42,210,405,439,634
166,75213.245930199,75213.246256341,,3,GPU-46bf67bb-cb31-bee1-3cf0-c35337ba97d2,ok,0,0,453,26.365,42,210,405,439,634
167,75214.245930199,75214.246242499,,3,GPU-46bf67bb-cb31-bee1-3cf0-c35337ba97d2,ok,0,0,453,26.388,42,210,405,439,634
168,75215.245930199,75215.246267077,,3,GPU-46bf67bb-cb31-bee1-3cf0-c35337ba97d2,ok,0,0,453,26.549,42,210,405,439,634
169,75216.245930199,75216.246234205,,3,GPU-46bf67bb-cb31-bee1-3cf0-c35337ba97d2,ok,0,0,453,26.418,42,210,405,390,634
170,75217.245930199,75217.246236483,,3,GPU-46bf67bb-cb31-bee1-3cf0-c35337ba97d2,ok,0,0,453,26.428,42,210,405,439,634
171,75218.245930199,75218.246262551,,3,GPU-46bf67bb-cb31-bee1-3cf0-c35337ba97d2,ok,0,0,453,26.531,42,210,405,390,585
172,75219.245930199,75219.246194329,,3,GPU-46bf67bb-cb31-bee1-3cf0-c35337ba97d2,ok,0,0,453,26.303,42,210,405,439,634
173,75220.245930199,75220.246177087,,3,GPU-46bf67bb-cb31-bee1-3cf0-c35337ba97d2,ok,0,0,453,26.338,42,210,405,439,634
174,75221.245930199,75221.246204355,,3,GPU-46bf67bb-cb31-bee1-3cf0-c35337ba97d2,ok,0,0,453,26.589,42,210,405,439,683
175,75222.245930199,75222.246244963,,3,GPU-46bf67bb-cb31-bee1-3cf0-c35337ba97d2,ok,0,0,453,26.387,42,210,405,439,634
176,75223.245930199,75223.246241642,,3,GPU-46bf67bb-cb31-bee1-3cf0-c35337ba97d2,ok,0,0,453,26.357,42,210,405,439,634
177,75224.245930199,75224.24626454,,3,GPU-46bf67bb-cb31-bee1-3cf0-c35337ba97d2,ok,0,0,453,26.581,42,210,405,439,634
178,75225.245930199,75225.246242028,,3,GPU-46bf67bb-cb31-bee1-3cf0-c35337ba97d2,ok,0,0,453,26.418,42,210,405,439,585
179,75226.245930199,75226.246240686,,3,GPU-46bf67bb-cb31-bee1-3cf0-c35337ba97d2,ok,0,0,453,26.38,42,210,405,439,634
180,75227.245930199,75227.246259494,,3,GPU-46bf67bb-cb31-bee1-3cf0-c35337ba97d2,ok,0,0,453,26.544,42,210,405,439,585
181,75228.245930199,75228.246238342,,3,GPU-46bf67bb-cb31-bee1-3cf0-c35337ba97d2,ok,0,0,453,26.401,42,210,405,439,634
182,75229.245930199,75229.24623758,,3,GPU-46bf67bb-cb31-bee1-3cf0-c35337ba97d2,ok,0,0,453,26.451,42,210,405,439,634
183,75230.245930199,75230.246266978,,3,GPU-46bf67bb-cb31-bee1-3cf0-c35337ba97d2,ok,0,0,453,26.608,42,210,405,439,634
184,75231.245930199,75231.246239246,,3,GPU-46bf67bb-cb31-bee1-3cf0-c35337ba97d2,ok,0,0,453,26.438,42,210,405,439,634
185,75232.245930199,75232.246256644,,3,GPU-46bf67bb-cb31-bee1-3cf0-c35337ba97d2,ok,0,0,453,26.405,42,210,405,439,634
186,75233.245930199,75233.246260952,,3,GPU-46bf67bb-cb31-bee1-3cf0-c35337ba97d2,ok,0,0,453,26.555,42,210,405,439,634
187,75234.245930199,75234.24623734,,3,GPU-46bf67bb-cb31-bee1-3cf0-c35337ba97d2,ok,0,0,453,26.495,42,210,405,439,585
188,75235.245930199,75235.246236648,,3,GPU-46bf67bb-cb31-bee1-3cf0-c35337ba97d2,ok,0,0,453,26.528,42,210,405,439,634
189,75236.245930199,75236.246276866,,3,GPU-46bf67bb-cb31-bee1-3cf0-c35337ba97d2,ok,0,0,453,26.679,42,210,405,439,585
190,75237.245930199,75237.246239824,,3,GPU-46bf67bb-cb31-bee1-3cf0-c35337ba97d2,ok,0,0,453,26.543,42,210,405,439,634
191,75238.245930199,75238.246243822,,3,GPU-46bf67bb-cb31-bee1-3cf0-c35337ba97d2,ok,0,0,453,26.562,42,210,405,439,634
192,75239.245930199,75239.24628257,,3,GPU-46bf67bb-cb31-bee1-3cf0-c35337ba97d2,ok,0,0,453,26.682,42,210,405,439,634
193,75240.245930199,75240.246241378,,3,GPU-46bf67bb-cb31-bee1-3cf0-c35337ba97d2,ok,0,0,453,26.503,42,210,405,439,634
194,75241.245930199,75241.246246506,,3,GPU-46bf67bb-cb31-bee1-3cf0-c35337ba97d2,ok,0,0,453,26.534,42,210,405,439,634
195,75242.245930199,75242.246272464,,3,GPU-46bf67bb-cb31-bee1-3cf0-c35337ba97d2,ok,0,0,453,26.662,42,210,405,390,634
196,75243.245930199,75243.246240052,,3,GPU-46bf67bb-cb31-bee1-3cf0-c35337ba97d2,ok,0,0,453,26.495,42,210,405,439,585
197,75244.245930199,75244.24625063,,3,GPU-46bf67bb-cb31-bee1-3cf0-c35337ba97d2,ok,0,0,453,26.508,42,210,405,439,634
198,75245.245930199,75245.246271738,,3,GPU-46bf67bb-cb31-bee1-3cf0-c35337ba97d2,ok,0,0,453,26.619,42,210,405,439,585
199,75246.245930199,75246.246242716,,3,GPU-46bf67bb-cb31-bee1-3cf0-c35337ba97d2,ok,0,0,453,26.475,42,210,405,439,634
200,75247.245930199,75247.246239764,,3,GPU-46bf67bb-cb31-bee1-3cf0-c35337ba97d2,ok,0,0,453,26.517,42,210,405,390,585
201,75248.245930199,75248.246268852,,3,GPU-46bf67bb-cb31-bee1-3cf0-c35337ba97d2,ok,0,0,453,26.506,42,210,405,439,634
202,75249.245930199,75249.24623511,,3,GPU-46bf67bb-cb31-bee1-3cf0-c35337ba97d2,ok,0,0,453,26.488,42,210,405,439,634
203,75250.245930199,75250.246237618,,3,GPU-46bf67bb-cb31-bee1-3cf0-c35337ba97d2,ok,0,0,453,26.709,42,210,405,390,634
204,75251.245930199,75251.246273736,,3,GPU-46bf67bb-cb31-bee1-3cf0-c35337ba97d2,ok,0,0,453,26.557,42,210,405,439,634
205,75252.245930199,75252.246241314,,3,GPU-46bf67bb-cb31-bee1-3cf0-c35337ba97d2,ok,0,0,453,26.533,42,210,405,439,634
206,75253.245930199,75253.246246542,,3,GPU-46bf67bb-cb31-bee1-3cf0-c35337ba97d2,ok,0,0,453,26.774,42,210,405,439,634
207,75254.245930199,75254.24628145,,3,GPU-46bf67bb-cb31-bee1-3cf0-c35337ba97d2,ok,0,0,453,26.628,42,210,405,439,634
208,75255.245930199,75255.246245128,,3,GPU-46bf67bb-cb31-bee1-3cf0-c35337ba97d2,ok,0,0,453,26.597,42,210,405,439,634
209,75256.245930199,75256.246243256,,3,GPU-46bf67bb-cb31-bee1-3cf0-c35337ba97d2,ok,0,0,453,26.8,42,210,405,439,634
210,75257.245930199,75257.246280134,,3,GPU-46bf67bb-cb31-bee1-3cf0-c35337ba97d2,ok,0,0,453,26.626,42,210,405,390,634
211,75258.245930199,75258.246238202,,3,GPU-46bf67bb-cb31-bee1-3cf0-c35337ba97d2,ok,0,0,453,26.587,42,210,405,439,634
212,75259.245930199,75259.24624239,,3,GPU-46bf67bb-cb31-bee1-3cf0-c35337ba97d2,ok,0,0,453,26.74,42,210,405,439,634
213,75260.245930199,75260.246261018,,3,GPU-46bf67bb-cb31-bee1-3cf0-c35337ba97d2,ok,0,0,453,26.545,42,210,405,439,634
214,75261.245930199,75261.246247576,,3,GPU-46bf67bb-cb31-bee1-3cf0-c35337ba97d2,ok,0,0,453,26.573,42,210,405,390,634
215,75262.245930199,75262.246252424,,3,GPU-46bf67bb-cb31-bee1-3cf0-c35337ba97d2,ok,0,0,453,26.74,42,210,405,439,634
216,75263.245930199,75263.246265232,,3,GPU-46bf67bb-cb31-bee1-3cf0-c35337ba97d2,ok,0,0,453,26.545,42,210,405,439,585
217,75264.245930199,75264.2462385,,3,GPU-46bf67bb-cb31-bee1-3cf0-c35337ba97d2,ok,0,0,453,26.56,42,210,405,439,634
218,75265.245930199,75265.246243428,,3,GPU-46bf67bb-cb31-bee1-3cf0-c35337ba97d2,ok,0,0,453,26.736,42,210,405,439,585
219,75266.245930199,75266.246275657,,3,GPU-46bf67bb-cb31-bee1-3cf0-c35337ba97d2,ok,0,0,453,26.574,42,210,405,439,634
220,75267.245930199,75267.246237955,,3,GPU-46bf67bb-cb31-bee1-3cf0-c35337ba97d2,ok,0,0,453,26.597,42,210,405,439,634
221,75268.245930199,75268.246241713,,3,GPU-46bf67bb-cb31-bee1-3cf0-c35337ba97d2,ok,0,0,453,26.792,42,210,405,390,634
222,75269.245930199,75269.246262521,,3,GPU-46bf67bb-cb31-bee1-3cf0-c35337ba97d2,ok,0,0,453,26.608,42,210,405,439,634
223,75270.245930199,75270.246233819,,3,GPU-46bf67bb-cb31-bee1-3cf0-c35337ba97d2,ok,0,0,453,26.562,42,210,405,439,585
224,75271.245930199,75271.246207817,,3,GPU-46bf67bb-cb31-bee1-3cf0-c35337ba97d2,ok,0,0,453,26.737,42,210,405,390,634
225,75272.245930199,75272.246275095,,3,GPU-46bf67bb-cb31-bee1-3cf0-c35337ba97d2,ok,0,0,453,26.599,42,210,405,439,634
226,75273.245930199,75273.246240913,,3,GPU-46bf67bb-cb31-bee1-3cf0-c35337ba97d2,ok,0,0,453,26.548,42,210,405,439,634
227,75274.245930199,75274.246243371,,3,GPU-46bf67bb-cb31-bee1-3cf0-c35337ba97d2,ok,0,0,453,26.657,42,210,405,390,634
228,75275.245930199,75275.246269009,,3,GPU-46bf67bb-cb31-bee1-3cf0-c35337ba97d2,ok,0,0,453,26.497,42,210,405,439,634
229,75276.245930199,75276.246239347,,3,GPU-46bf67bb-cb31-bee1-3cf0-c35337ba97d2,ok,0,0,453,26.509,42,210,405,439,634
230,75277.245930199,75277.246244575,,3,GPU-46bf67bb-cb31-bee1-3cf0-c35337ba97d2,ok,0,0,453,26.696,42,210,405,390,634
231,75278.245930199,75278.246268583,,3,GPU-46bf67bb-cb31-bee1-3cf0-c35337ba97d2,ok,0,0,453,26.557,42,210,405,439,634
232,75279.245930199,75279.246240661,,3,GPU-46bf67bb-cb31-bee1-3cf0-c35337ba97d2,ok,0,0,453,26.533,42,210,405,439,585
233,75280.245930199,75280.246243599,,3,GPU-46bf67bb-cb31-bee1-3cf0-c35337ba97d2,ok,0,0,453,26.679,42,210,405,439,634
234,75281.245930199,75281.246269107,,3,GPU-46bf67bb-cb31-bee1-3cf0-c35337ba97d2,ok,0,0,453,26.536,42,210,405,439,634
235,75282.245930199,75282.246242675,,3,GPU-46bf67bb-cb31-bee1-3cf0-c35337ba97d2,ok,0,0,453,26.526,42,210,405,439,585
236,75283.245930199,75283.246286133,,3,GPU-46bf67bb-cb31-bee1-3cf0-c35337ba97d2,ok,0,0,453,26.65,42,210,405,439,634
237,75284.245930199,75284.246278921,,3,GPU-46bf67bb-cb31-bee1-3cf0-c35337ba97d2,ok,0,0,453,26.49,42,210,405,439,585
238,75285.245930199,75285.246237859,,3,GPU-46bf67bb-cb31-bee1-3cf0-c35337ba97d2,ok,0,0,453,26.532,42,210,405,439,634
239,75286.245930199,75286.246240527,,3,GPU-46bf67bb-cb31-bee1-3cf0-c35337ba97d2,ok,0,0,453,26.705,42,210,405,439,634
240,75287.245930199,75287.246272785,,3,GPU-46bf67bb-cb31-bee1-3cf0-c35337ba97d2,ok,0,0,453,26.687,42,210,405,439,634
241,75288.245930199,75288.246235063,,3,GPU-46bf67bb-cb31-bee1-3cf0-c35337ba97d2,ok,0,0,453,26.741,42,210,405,439,585
242,75289.245930199,75289.246175771,,3,GPU-46bf67bb-cb31-bee1-3cf0-c35337ba97d2,ok,0,0,453,26.671,42,210,405,390,634
243,75290.245930199,75290.246267939,,3,GPU-46bf67bb-cb31-bee1-3cf0-c35337ba97d2,ok,0,0,453,26.653,42,210,405,439,634
244,75291.245930199,75291.246238187,,3,GPU-46bf67bb-cb31-bee1-3cf0-c35337ba97d2,ok,0,0,453,26.822,42,210,405,439,585
245,75292.245930199,75292.246249325,,3,GPU-46bf67bb-cb31-bee1-3cf0-c35337ba97d2,ok,0,0,453,26.721,42,210,405,439,634
246,75293.245930199,75293.246267453,,3,GPU-46bf67bb-cb31-bee1-3cf0-c35337ba97d2,ok,0,0,453,26.718,42,210,405,390,634
247,75294.245930199,75294.246242661,,3,GPU-46bf67bb-cb31-bee1-3cf0-c35337ba97d2,ok,0,0,453,26.826,42,210,405,439,634
248,75295.245930199,75295.246254029,,3,GPU-46bf67bb-cb31-bee1-3cf0-c35337ba97d2,ok,0,0,453,26.706,42,210,405,439,634
249,75296.245930199,75296.246269537,,3,GPU-46bf67bb-cb31-bee1-3cf0-c35337ba97d2,ok,0,0,453,26.79,42,210,405,390,585
250,75297.245930199,75297.246243885,,3,GPU-46bf67bb-cb31-bee1-3cf0-c35337ba97d2,ok,0,0,453,26.898,42,210,405,439,634
251,75298.245930199,75298.246239953,,3,GPU-46bf67bb-cb31-bee1-3cf0-c35337ba97d2,ok,0,0,453,26.72,42,210,405,439,634
252,75299.245930199,75299.246266721,,3,GPU-46bf67bb-cb31-bee1-3cf0-c35337ba97d2,ok,0,0,453,26.732,42,210,405,390,634
253,75300.245930199,75300.246239879,,3,GPU-46bf67bb-cb31-bee1-3cf0-c35337ba97d2,ok,0,0,453,26.865,42,210,405,439,634
254,75301.245930199,75301.246237637,,3,GPU-46bf67bb-cb31-bee1-3cf0-c35337ba97d2,ok,0,0,453,26.64,42,210,405,439,585
255,75302.245930199,75302.246302655,,3,GPU-46bf67bb-cb31-bee1-3cf0-c35337ba97d2,ok,0,0,453,26.654,42,210,405,390,634
256,75303.245930199,75303.246273173,,3,GPU-46bf67bb-cb31-bee1-3cf0-c35337ba97d2,ok,0,0,453,26.861,42,210,405,439,634
257,75304.245930199,75304.246251681,,3,GPU-46bf67bb-cb31-bee1-3cf0-c35337ba97d2,ok,0,0,453,26.69,42,210,405,439,634
258,75305.245930199,75305.246315179,,3,GPU-46bf67bb-cb31-bee1-3cf0-c35337ba97d2,ok,0,0,453,26.728,42,210,405,439,634
259,75306.245930199,75306.246253267,,3,GPU-46bf67bb-cb31-bee1-3cf0-c35337ba97d2,ok,0,0,453,26.896,42,210,405,390,585
260,75307.245930199,75307.246206645,,3,GPU-46bf67bb-cb31-bee1-3cf0-c35337ba97d2,ok,0,0,453,26.704,42,210,405,439,634
261,75308.245930199,75308.246284243,,3,GPU-46bf67bb-cb31-bee1-3cf0-c35337ba97d2,ok,0,0,453,26.686,42,210,405,439,585
262,75309.245930199,75309.246239062,,3,GPU-46bf67bb-cb31-bee1-3cf0-c35337ba97d2,ok,0,0,453,26.86,42,210,405,390,634
263,75310.245930199,75310.24624952,,3,GPU-46bf67bb-cb31-bee1-3cf0-c35337ba97d2,ok,0,0,453,26.717,42,210,405,439,634
264,75311.245930199,75311.246282488,,3,GPU-46bf67bb-cb31-bee1-3cf0-c35337ba97d2,ok,0,0,453,26.72,42,210,405,439,585
265,75312.245930199,75312.246262496,,3,GPU-46bf67bb-cb31-bee1-3cf0-c35337ba97d2,ok,0,0,453,26.888,42,210,405,439,634
266,75313.245930199,75313.246258994,,3,GPU-46bf67bb-cb31-bee1-3cf0-c35337ba97d2,ok,0,0,453,26.709,42,210,405,390,634
267,75314.245930199,75314.246284082,,3,GPU-46bf67bb-cb31-bee1-3cf0-c35337ba97d2,ok,0,0,453,26.707,42,210,405,439,634
268,75315.245930199,75315.24626121,,3,GPU-46bf67bb-cb31-bee1-3cf0-c35337ba97d2,ok,0,0,453,26.902,42,210,405,439,634
269,75316.245930199,75316.246259258,,3,GPU-46bf67bb-cb31-bee1-3cf0-c35337ba97d2,ok,0,0,453,26.769,42,210,405,390,634
270,75317.245930199,75317.246289746,,3,GPU-46bf67bb-cb31-bee1-3cf0-c35337ba97d2,ok,0,0,453,26.677,42,210,405,439,634
271,75318.245930199,75318.246256414,,3,GPU-46bf67bb-cb31-bee1-3cf0-c35337ba97d2,ok,0,0,453,26.716,42,210,405,439,585
272,75319.245930199,75319.246258632,,3,GPU-46bf67bb-cb31-bee1-3cf0-c35337ba97d2,ok,0,0,453,26.55,42,210,405,390,634
273,75320.245930199,75320.24629075,,3,GPU-46bf67bb-cb31-bee1-3cf0-c35337ba97d2,ok,0,0,453,26.572,42,210,405,439,634
274,75321.245930199,75321.246258138,,3,GPU-46bf67bb-cb31-bee1-3cf0-c35337ba97d2,ok,0,0,453,26.742,42,210,405,439,634
275,75322.245930199,75322.246256266,,3,GPU-46bf67bb-cb31-bee1-3cf0-c35337ba97d2,ok,0,0,453,26.662,42,210,405,390,634
276,75323.245930199,75323.246306004,,3,GPU-46bf67bb-cb31-bee1-3cf0-c35337ba97d2,ok,0,0,453,26.791,42,210,405,439,585
277,75324.245930199,75324.246268322,,3,GPU-46bf67bb-cb31-bee1-3cf0-c35337ba97d2,ok,0,0,453,26.968,42,210,405,439,634
278,75325.245930199,75325.2462637,,3,GPU-46bf67bb-cb31-bee1-3cf0-c35337ba97d2,ok,0,0,453,26.736,42,210,405,439,585
279,75326.245930199,75326.246294468,,3,GPU-46bf67bb-cb31-bee1-3cf0-c35337ba97d2,ok,0,0,453,26.732,42,210,405,439,634
280,75327.245930199,75327.246261886,,3,GPU-46bf67bb-cb31-bee1-3cf0-c35337ba97d2,ok,0,0,453,26.693,42,210,405,439,634
281,75328.245930199,75328.246268074,,3,GPU-46bf67bb-cb31-bee1-3cf0-c35337ba97d2,ok,0,0,453,26.676,42,210,405,439,634
282,75329.245930199,75329.246297402,,3,GPU-46bf67bb-cb31-bee1-3cf0-c35337ba97d2,ok,0,0,453,26.861,42,210,405,439,585
283,75330.245930199,75330.24623679,,3,GPU-46bf67bb-cb31-bee1-3cf0-c35337ba97d2,ok,0,0,453,26.647,42,210,405,390,634
284,75331.245930199,75331.246242568,,3,GPU-46bf67bb-cb31-bee1-3cf0-c35337ba97d2,ok,0,0,453,26.609,42,210,405,439,585
285,75332.245930199,75332.246295586,,3,GPU-46bf67bb-cb31-bee1-3cf0-c35337ba97d2,ok,0,0,453,26.765,42,210,405,439,634
286,75333.245930199,75333.246241804,,3,GPU-46bf67bb-cb31-bee1-3cf0-c35337ba97d2,ok,0,0,453,26.664,42,210,405,439,585
287,75334.245930199,75334.246241822,,3,GPU-46bf67bb-cb31-bee1-3cf0-c35337ba97d2,ok,0,0,453,26.732,42,210,405,439,634
288,75335.245930199,75335.24632995,,3,GPU-46bf67bb-cb31-bee1-3cf0-c35337ba97d2,ok,0,0,453,26.913,42,210,405,390,634
289,75336.245930199,75336.246262438,,3,GPU-46bf67bb-cb31-bee1-3cf0-c35337ba97d2,ok,0,0,453,26.741,42,210,405,390,634
290,75337.245930199,75337.246262506,,3,GPU-46bf67bb-cb31-bee1-3cf0-c35337ba97d2,ok,0,0,453,26.688,42,210,405,439,634
291,75338.245930199,75338.246312144,,3,GPU-46bf67bb-cb31-bee1-3cf0-c35337ba97d2,ok,0,0,453,26.833,42,210,405,390,634
292,75339.245930199,75339.246261802,,3,GPU-46bf67bb-cb31-bee1-3cf0-c35337ba97d2,ok,0,0,453,26.666,42,210,405,439,634
293,75340.245930199,75340.24626,,3,GPU-46bf67bb-cb31-bee1-3cf0-c35337ba97d2,ok,0,0,453,26.624,42,210,405,439,634
294,75341.245930199,75341.246300128,,3,GPU-46bf67bb-cb31-bee1-3cf0-c35337ba97d2,ok,0,0,453,26.781,42,210,405,439,585
295,75342.245930199,75342.246259526,,3,GPU-46bf67bb-cb31-bee1-3cf0-c35337ba97d2,ok,0,0,453,26.639,42,210,405,439,634
296,75343.245930199,75343.246261304,,3,GPU-46bf67bb-cb31-bee1-3cf0-c35337ba97d2,ok,0,0,453,26.66,42,210,405,439,585
297,75344.245930199,75344.246302902,,3,GPU-46bf67bb-cb31-bee1-3cf0-c35337ba97d2,ok,0,0,453,26.849,42,210,405,390,634
298,75345.245930199,75345.24626536,,3,GPU-46bf67bb-cb31-bee1-3cf0-c35337ba97d2,ok,0,0,453,26.709,42,210,405,439,585
299,75346.245930199,75346.246253148,,3,GPU-46bf67bb-cb31-bee1-3cf0-c35337ba97d2,ok,0,0,453,26.713,42,210,405,439,634
300,75347.245930199,75347.246302316,,3,GPU-46bf67bb-cb31-bee1-3cf0-c35337ba97d2,ok,0,0,453,26.831,42,210,405,439,585
301,75348.245930199,75348.246266084,,3,GPU-46bf67bb-cb31-bee1-3cf0-c35337ba97d2,ok,0,0,453,26.641,42,210,405,439,634
302,75349.245930199,75349.246260392,,3,GPU-46bf67bb-cb31-bee1-3cf0-c35337ba97d2,ok,0,0,453,26.628,42,210,405,439,634
303,75350.245930199,75350.24630226,,3,GPU-46bf67bb-cb31-bee1-3cf0-c35337ba97d2,ok,0,0,453,26.768,42,210,405,439,634
304,75351.245930199,75351.246259958,,3,GPU-46bf67bb-cb31-bee1-3cf0-c35337ba97d2,ok,0,0,453,26.629,42,210,405,439,634
305,75352.245930199,75352.246257527,,3,GPU-46bf67bb-cb31-bee1-3cf0-c35337ba97d2,ok,0,0,453,26.657,42,210,405,390,634
306,75353.245930199,75353.246314105,,3,GPU-46bf67bb-cb31-bee1-3cf0-c35337ba97d2,ok,0,0,453,26.841,42,210,405,439,634
307,75354.245930199,75354.246262033,,3,GPU-46bf67bb-cb31-bee1-3cf0-c35337ba97d2,ok,0,0,453,26.689,42,210,405,439,634
308,75355.245930199,75355.246257541,,3,GPU-46bf67bb-cb31-bee1-3cf0-c35337ba97d2,ok,0,0,453,26.694,42,210,405,439,634
309,75356.245930199,75356.246304399,,3,GPU-46bf67bb-cb31-bee1-3cf0-c35337ba97d2,ok,0,0,453,26.859,42,210,405,439,634
310,75357.245930199,75357.246259157,,3,GPU-46bf67bb-cb31-bee1-3cf0-c35337ba97d2,ok,0,0,453,26.673,42,210,405,488,634
311,75358.245930199,75358.246259835,,3,GPU-46bf67bb-cb31-bee1-3cf0-c35337ba97d2,ok,0,0,453,26.641,42,210,405,439,634
312,75359.245930199,75359.246304203,,3,GPU-46bf67bb-cb31-bee1-3cf0-c35337ba97d2,ok,0,0,453,26.788,42,210,405,439,634
313,75360.245930199,75360.246262011,,3,GPU-46bf67bb-cb31-bee1-3cf0-c35337ba97d2,ok,0,0,453,26.62,42,210,405,439,634
314,75361.245930199,75361.246256669,,3,GPU-46bf67bb-cb31-bee1-3cf0-c35337ba97d2,ok,0,0,453,26.617,42,210,405,439,634
315,75362.245930199,75362.246304787,,3,GPU-46bf67bb-cb31-bee1-3cf0-c35337ba97d2,ok,0,0,453,26.758,42,210,405,439,634
316,75363.245930199,75363.246263575,,3,GPU-46bf67bb-cb31-bee1-3cf0-c35337ba97d2,ok,0,0,453,26.652,42,210,405,439,585
317,75364.245930199,75364.246263333,,3,GPU-46bf67bb-cb31-bee1-3cf0-c35337ba97d2,ok,0,0,453,26.698,42,210,405,439,634
318,75365.245930199,75365.246320751,,3,GPU-46bf67bb-cb31-bee1-3cf0-c35337ba97d2,ok,0,0,453,26.75,42,210,405,439,585
319,75366.245930199,75366.246257409,,3,GPU-46bf67bb-cb31-bee1-3cf0-c35337ba97d2,ok,0,0,453,26.672,42,210,405,439,634
320,75367.245930199,75367.246268817,,3,GPU-46bf67bb-cb31-bee1-3cf0-c35337ba97d2,ok,0,0,453,26.766,41,210,405,439,634
321,75368.245930199,75368.246304115,,3,GPU-46bf67bb-cb31-bee1-3cf0-c35337ba97d2,ok,0,0,453,26.706,41,210,405,439,634
322,75369.245930199,75369.246267543,,3,GPU-46bf67bb-cb31-bee1-3cf0-c35337ba97d2,ok,0,0,453,26.728,41,210,405,439,634
323,75370.245930199,75370.246261801,,3,GPU-46bf67bb-cb31-bee1-3cf0-c35337ba97d2,ok,0,0,453,26.818,41,210,405,390,634
324,75371.245930199,75371.246303989,,3,GPU-46bf67bb-cb31-bee1-3cf0-c35337ba97d2,ok,0,0,453,26.702,41,210,405,439,634
325,75372.245930199,75372.246260047,,3,GPU-46bf67bb-cb31-bee1-3cf0-c35337ba97d2,ok,0,0,453,26.823,41,210,405,439,634
326,75373.245930199,75373.246259445,,3,GPU-46bf67bb-cb31-bee1-3cf0-c35337ba97d2,ok,0,0,453,26.978,41,210,405,439,634
327,75374.245930199,75374.246315893,,3,GPU-46bf67bb-cb31-bee1-3cf0-c35337ba97d2,ok,0,0,453,26.847,41,210,405,439,634
328,75375.245930199,75375.246270741,,3,GPU-46bf67bb-cb31-bee1-3cf0-c35337ba97d2,ok,0,0,453,26.871,41,210,405,439,634
329,75376.245930199,75376.246260669,,3,GPU-46bf67bb-cb31-bee1-3cf0-c35337ba97d2,ok,0,0,453,26.999,41,210,405,439,585
330,75377.245930199,75377.246297477,,3,GPU-46bf67bb-cb31-bee1-3cf0-c35337ba97d2,ok,0,0,453,26.744,41,210,405,439,634
331,75378.245930199,75378.246262455,,3,GPU-46bf67bb-cb31-bee1-3cf0-c35337ba97d2,ok,0,0,453,26.701,41,210,405,439,634
332,75379.245930199,75379.246259373,,3,GPU-46bf67bb-cb31-bee1-3cf0-c35337ba97d2,ok,0,0,453,26.91,41,210,405,439,634
333,75380.245930199,75380.246299581,,3,GPU-46bf67bb-cb31-bee1-3cf0-c35337ba97d2,ok,0,0,453,26.755,41,210,405,439,634
334,75381.245930199,75381.246220199,,3,GPU-46bf67bb-cb31-bee1-3cf0-c35337ba97d2,ok,0,0,453,26.768,41,210,405,439,585
335,75382.245930199,75382.246244347,,3,GPU-46bf67bb-cb31-bee1-3cf0-c35337ba97d2,ok,0,0,453,26.958,41,210,405,439,634
336,75383.245930199,75383.246289055,,3,GPU-46bf67bb-cb31-bee1-3cf0-c35337ba97d2,ok,0,0,453,26.819,41,210,405,439,634
337,75384.245930199,75384.246247023,,3,GPU-46bf67bb-cb31-bee1-3cf0-c35337ba97d2,ok,0,0,453,26.777,41,210,405,439,634
338,75385.245930199,75385.246245951,,3,GPU-46bf67bb-cb31-bee1-3cf0-c35337ba97d2,ok,0,0,453,26.9,41,210,405,390,634
339,75386.245930199,75386.246280909,,3,GPU-46bf67bb-cb31-bee1-3cf0-c35337ba97d2,ok,0,0,453,26.718,41,210,405,439,634
340,75387.245930199,75387.246245727,,3,GPU-46bf67bb-cb31-bee1-3cf0-c35337ba97d2,ok,0,0,453,26.701,41,210,405,439,634
341,75388.245930199,75388.246238055,,3,GPU-46bf67bb-cb31-bee1-3cf0-c35337ba97d2,ok,0,0,453,26.888,41,210,405,439,634
342,75389.245930199,75389.246288523,,3,GPU-46bf67bb-cb31-bee1-3cf0-c35337ba97d2,ok,0,0,453,26.73,41,210,405,390,634
343,75390.245930199,75390.246240541,,3,GPU-46bf67bb-cb31-bee1-3cf0-c35337ba97d2,ok,0,0,453,26.696,41,210,405,439,634
344,75391.245930199,75391.246245469,,3,GPU-46bf67bb-cb31-bee1-3cf0-c35337ba97d2,ok,0,0,453,26.804,41,210,405,439,634
345,75392.245930199,75392.246282227,,3,GPU-46bf67bb-cb31-bee1-3cf0-c35337ba97d2,ok,0,0,453,26.583,41,210,405,439,634
346,75393.245930199,75393.246258175,,3,GPU-46bf67bb-cb31-bee1-3cf0-c35337ba97d2,ok,0,0,453,26.586,41,210,405,439,634
347,75394.245930199,75394.246254583,,3,GPU-46bf67bb-cb31-bee1-3cf0-c35337ba97d2,ok,0,0,453,26.801,41,210,405,390,634
348,75395.245930199,75395.246285912,,3,GPU-46bf67bb-cb31-bee1-3cf0-c35337ba97d2,ok,0,0,453,26.663,41,210,405,439,634
349,75396.245930199,75396.24624111,,3,GPU-46bf67bb-cb31-bee1-3cf0-c35337ba97d2,ok,0,0,453,26.606,41,210,405,439,634
350,75397.245930199,75397.246239898,,3,GPU-46bf67bb-cb31-bee1-3cf0-c35337ba97d2,ok,0,0,453,26.804,41,210,405,439,634
351,75398.245930199,75398.246287386,,3,GPU-46bf67bb-cb31-bee1-3cf0-c35337ba97d2,ok,0,0,453,26.79,41,210,405,390,634
352,75399.245930199,75399.246247604,,3,GPU-46bf67bb-cb31-bee1-3cf0-c35337ba97d2,ok,0,0,453,26.76,41,210,405,439,634
353,75400.245930199,75400.246247212,,3,GPU-46bf67bb-cb31-bee1-3cf0-c35337ba97d2,ok,0,0,453,26.805,41,210,405,390,634
354,75401.245930199,75401.24628138,,3,GPU-46bf67bb-cb31-bee1-3cf0-c35337ba97d2,ok,0,0,453,26.635,41,210,405,439,634
355,75402.245930199,75402.246245168,,3,GPU-46bf67bb-cb31-bee1-3cf0-c35337ba97d2,ok,0,0,453,26.73,41,210,405,439,634
356,75403.245930199,75403.246281556,,3,GPU-46bf67bb-cb31-bee1-3cf0-c35337ba97d2,ok,0,0,453,26.9,41,210,405,390,634
357,75404.245930199,75404.246284584,,3,GPU-46bf67bb-cb31-bee1-3cf0-c35337ba97d2,ok,0,0,453,26.701,41,210,405,439,634
358,75405.245930199,75405.246242942,,3,GPU-46bf67bb-cb31-bee1-3cf0-c35337ba97d2,ok,0,0,453,26.859,41,210,405,439,634
359,75406.245930199,75406.24624124,,3,GPU-46bf67bb-cb31-bee1-3cf0-c35337ba97d2,ok,0,0,453,26.99,41,210,405,439,634
360,75407.245930199,75407.246286328,,3,GPU-46bf67bb-cb31-bee1-3cf0-c35337ba97d2,ok,0,0,453,26.793,41,210,405,439,634
361,75408.245930199,75408.246238196,,3,GPU-46bf67bb-cb31-bee1-3cf0-c35337ba97d2,ok,0,0,453,26.616,41,210,405,390,634
362,75409.245930199,75409.246242514,,3,GPU-46bf67bb-cb31-bee1-3cf0-c35337ba97d2,ok,0,0,453,26.65,41,210,405,439,585
363,75410.245930199,75410.246287402,,3,GPU-46bf67bb-cb31-bee1-3cf0-c35337ba97d2,ok,0,0,453,26.795,41,210,405,439,634
364,75411.245930199,75411.24624162,,3,GPU-46bf67bb-cb31-bee1-3cf0-c35337ba97d2,ok,0,0,453,26.593,41,210,405,439,634
365,75412.245930199,75412.246238818,,3,GPU-46bf67bb-cb31-bee1-3cf0-c35337ba97d2,ok,0,0,453,26.56,41,210,405,390,585
366,75413.245930199,75413.246283726,,3,GPU-46bf67bb-cb31-bee1-3cf0-c35337ba97d2,ok,0,0,453,26.71,41,210,405,439,634
367,75414.245930199,75414.246246064,,3,GPU-46bf67bb-cb31-bee1-3cf0-c35337ba97d2,ok,0,0,453,26.569,41,210,405,439,634
368,75415.245930199,75415.246255862,,3,GPU-46bf67bb-cb31-bee1-3cf0-c35337ba97d2,ok,0,0,453,26.533,41,210,405,439,634
369,75416.245930199,75416.24628367,,3,GPU-46bf67bb-cb31-bee1-3cf0-c35337ba97d2,ok,0,0,453,26.763,41,210,405,439,585
370,75417.245930199,75417.246249608,,3,GPU-46bf67bb-cb31-bee1-3cf0-c35337ba97d2,ok,0,0,453,26.675,41,210,405,439,634
371,75418.245930199,75418.246242836,,3,GPU-46bf67bb-cb31-bee1-3cf0-c35337ba97d2,ok,0,0,453,26.639,41,210,405,390,634
372,75419.245930199,75419.246289044,,3,GPU-46bf67bb-cb31-bee1-3cf0-c35337ba97d2,ok,0,0,453,26.827,41,210,405,439,634
373,75420.245930199,75420.246244352,,3,GPU-46bf67bb-cb31-bee1-3cf0-c35337ba97d2,ok,0,0,453,26.69,41,210,405,439,634
374,75421.245930199,75421.246263,,3,GPU-46bf67bb-cb31-bee1-3cf0-c35337ba97d2,ok,0,0,453,26.7,41,210,405,439,585
375,75422.245930199,75422.246306418,,3,GPU-46bf67bb-cb31-bee1-3cf0-c35337ba97d2,ok,0,0,453,26.902,41,210,405,439,634
376,75423.245930199,75423.246259836,,3,GPU-46bf67bb-cb31-bee1-3cf0-c35337ba97d2,ok,0,0,453,26.766,41,210,405,439,634
377,75424.245930199,75424.246259214,,3,GPU-46bf67bb-cb31-bee1-3cf0-c35337ba97d2,ok,0,0,453,26.721,41,210,405,390,634
378,75425.245930199,75425.246311672,,3,GPU-46bf67bb-cb31-bee1-3cf0-c35337ba97d2,ok,0,0,453,26.846,41,210,405,439,634
379,75426.245930199,75426.24625738,,3,GPU-46bf67bb-cb31-bee1-3cf0-c35337ba97d2,ok,0,0,453,26.698,41,210,405,390,634
380,75427.245930199,75427.246278508,,3,GPU-46bf67bb-cb31-bee1-3cf0-c35337ba97d2,ok,0,0,453,26.631,41,210,405,439,634
381,75428.245930199,75428.246303466,,3,GPU-46bf67bb-cb31-bee1-3cf0-c35337ba97d2,ok,0,0,453,26.711,41,210,405,439,634
382,75429.245930199,75429.246284914,,3,GPU-46bf67bb-cb31-bee1-3cf0-c35337ba97d2,ok,0,0,453,26.561,41,210,405,439,634
383,75430.245930199,75430.246264332,,3,GPU-46bf67bb-cb31-bee1-3cf0-c35337ba97d2,ok,0,0,453,26.632,41,210,405,488,634
384,75431.245930199,75431.24635263,,3,GPU-46bf67bb-cb31-bee1-3cf0-c35337ba97d2,ok,0,0,453,26.842,41,210,405,439,634
385,75432.245930199,75432.246256538,,3,GPU-46bf67bb-cb31-bee1-3cf0-c35337ba97d2,ok,0,0,453,26.641,41,210,405,390,634
386,75433.245930199,75433.246270526,,3,GPU-46bf67bb-cb31-bee1-3cf0-c35337ba97d2,ok,0,0,453,26.54,41,210,405,439,634
387,75434.245930199,75434.246306044,,3,GPU-46bf67bb-cb31-bee1-3cf0-c35337ba97d2,ok,0,0,453,26.669,41,210,405,390,634
388,75435.245930199,75435.246272942,,3,GPU-46bf67bb-cb31-bee1-3cf0-c35337ba97d2,ok,0,0,453,26.504,41,210,405,439,634
389,75436.245930199,75436.24625449,,3,GPU-46bf67bb-cb31-bee1-3cf0-c35337ba97d2,ok,0,0,453,26.503,41,210,405,390,634
390,75437.245930199,75437.246302888,,3,GPU-46bf67bb-cb31-bee1-3cf0-c35337ba97d2,ok,0,0,453,26.697,41,210,405,439,634
391,75438.245930199,75438.246258666,,3,GPU-46bf67bb-cb31-bee1-3cf0-c35337ba97d2,ok,0,0,453,26.582,41,210,405,439,634
392,75439.245930199,75439.246262415,,3,GPU-46bf67bb-cb31-bee1-3cf0-c35337ba97d2,ok,0,0,453,26.599,41,210,405,390,634
393,75440.245930199,75440.246303413,,3,GPU-46bf67bb-cb31-bee1-3cf0-c35337ba97d2,ok,0,0,453,26.649,41,210,405,439,634
394,75441.245930199,75441.246256601,,3,GPU-46bf67bb-cb31-bee1-3cf0-c35337ba97d2,ok,0,0,453,26.668,41,210,405,439,634
395,75442.245930199,75442.246259299,,3,GPU-46bf67bb-cb31-bee1-3cf0-c35337ba97d2,ok,0,0,453,26.776,41,210,405,390,585
396,75443.245930199,75443.246303627,,3,GPU-46bf67bb-cb31-bee1-3cf0-c35337ba97d2,ok,0,0,453,26.597,41,210,405,439,634
397,75444.245930199,75444.246262385,,3,GPU-46bf67bb-cb31-bee1-3cf0-c35337ba97d2,ok,0,0,453,26.598,41,210,405,439,634
398,75445.245930199,75445.246265373,,3,GPU-46bf67bb-cb31-bee1-3cf0-c35337ba97d2,ok,0,0,453,26.757,41,210,405,439,634
399,75446.245930199,75446.246299641,,3,GPU-46bf67bb-cb31-bee1-3cf0-c35337ba97d2,ok,0,0,453,26.647,41,210,405,390,634
400,75447.245930199,75447.246242569,,3,GPU-46bf67bb-cb31-bee1-3cf0-c35337ba97d2,ok,0,0,453,26.696,41,210,405,439,634
401,75448.245930199,75448.246241827,,3,GPU-46bf67bb-cb31-bee1-3cf0-c35337ba97d2,ok,0,0,453,26.842,41,210,405,439,585
402,75449.245930199,75449.246303725,,3,GPU-46bf67bb-cb31-bee1-3cf0-c35337ba97d2,ok,0,0,453,26.827,41,210,405,390,634
403,75450.245930199,75450.246250213,,3,GPU-46bf67bb-cb31-bee1-3cf0-c35337ba97d2,ok,0,0,453,26.899,41,210,405,439,634
404,75451.245930199,75451.246244371,,3,GPU-46bf67bb-cb31-bee1-3cf0-c35337ba97d2,ok,0,0,453,26.968,41,210,405,439,634
405,75452.245930199,75452.246283339,,3,GPU-46bf67bb-cb31-bee1-3cf0-c35337ba97d2,ok,0,0,453,26.824,41,210,405,390,634
406,75453.245930199,75453.246245547,,3,GPU-46bf67bb-cb31-bee1-3cf0-c35337ba97d2,ok,0,0,453,26.835,41,210,405,439,634
407,75454.245930199,75454.246241465,,3,GPU-46bf67bb-cb31-bee1-3cf0-c35337ba97d2,ok,0,0,453,26.937,41,210,405,390,634
408,75455.245930199,75455.246293573,,3,GPU-46bf67bb-cb31-bee1-3cf0-c35337ba97d2,ok,0,0,453,26.754,41,210,405,439,634
409,75456.245930199,75456.246250771,,3,GPU-46bf67bb-cb31-bee1-3cf0-c35337ba97d2,ok,0,0,453,26.722,41,210,405,439,634
410,75457.245930199,75457.246240219,,3,GPU-46bf67bb-cb31-bee1-3cf0-c35337ba97d2,ok,0,0,453,26.852,41,210,405,439,634
411,75458.245930199,75458.246292017,,3,GPU-46bf67bb-cb31-bee1-3cf0-c35337ba97d2,ok,0,0,453,26.714,41,210,405,439,634
412,75459.245930199,75459.246243085,,3,GPU-46bf67bb-cb31-bee1-3cf0-c35337ba97d2,ok,0,0,453,26.693,41,210,405,390,634
413,75460.245930199,75460.246241233,,3,GPU-46bf67bb-cb31-bee1-3cf0-c35337ba97d2,ok,0,0,453,26.83,41,210,405,439,634
414,75461.245930199,75461.246294211,,3,GPU-46bf67bb-cb31-bee1-3cf0-c35337ba97d2,ok,0,0,453,26.587,41,210,405,439,634
415,75462.245930199,75462.246241479,,3,GPU-46bf67bb-cb31-bee1-3cf0-c35337ba97d2,ok,0,0,453,26.5,41,210,405,439,634
416,75463.245930199,75463.246242397,,3,GPU-46bf67bb-cb31-bee1-3cf0-c35337ba97d2,ok,0,0,453,26.705,41,210,405,439,634
417,75464.245930199,75464.246287105,,3,GPU-46bf67bb-cb31-bee1-3cf0-c35337ba97d2,ok,0,0,453,26.565,41,210,405,439,634
418,75465.245930199,75465.246245973,,3,GPU-46bf67bb-cb31-bee1-3cf0-c35337ba97d2,ok,0,0,453,26.526,41,210,405,439,634
419,75466.245930199,75466.246244121,,3,GPU-46bf67bb-cb31-bee1-3cf0-c35337ba97d2,ok,0,0,453,26.707,41,210,405,439,585
420,75467.245930199,75467.246284049,,3,GPU-46bf67bb-cb31-bee1-3cf0-c35337ba97d2,ok,0,0,453,26.617,41,210,405,439,634
421,75468.245930199,75468.246237177,,3,GPU-46bf67bb-cb31-bee1-3cf0-c35337ba97d2,ok,0,0,453,26.61,41,210,405,439,634
422,75469.245930199,75469.246240345,,3,GPU-46bf67bb-cb31-bee1-3cf0-c35337ba97d2,ok,0,0,453,26.75,41,210,405,439,634
423,75470.245930199,75470.246282513,,3,GPU-46bf67bb-cb31-bee1-3cf0-c35337ba97d2,ok,0,0,453,26.577,41,210,405,439,634
424,75471.245930199,75471.246252481,,3,GPU-46bf67bb-cb31-bee1-3cf0-c35337ba97d2,ok,0,0,453,26.542,41,210,405,390,634
425,75472.245930199,75472.246244929,,3,GPU-46bf67bb-cb31-bee1-3cf0-c35337ba97d2,ok,0,0,453,26.639,41,210,405,439,634
426,75473.245930199,75473.246282397,,3,GPU-46bf67bb-cb31-bee1-3cf0-c35337ba97d2,ok,0,0,453,26.471,41,210,405,439,634
427,75474.245930199,75474.246257715,,3,GPU-46bf67bb-cb31-bee1-3cf0-c35337ba97d2,ok,0,0,453,26.531,41,210,405,439,634
428,75475.245930199,75475.246241103,,3,GPU-46bf67bb-cb31-bee1-3cf0-c35337ba97d2,ok,0,0,453,26.707,41,210,405,439,634
429,75476.245930199,75476.246290601,,3,GPU-46bf67bb-cb31-bee1-3cf0-c35337ba97d2,ok,0,0,453,26.538,41,210,405,390,634
430,75477.245930199,75477.246244169,,3,GPU-46bf67bb-cb31-bee1-3cf0-c35337ba97d2,ok,0,0,453,26.57,41,210,405,439,634
431,75478.245930199,75478.246241647,,3,GPU-46bf67bb-cb31-bee1-3cf0-c35337ba97d2,ok,0,0,453,26.721,41,210,405,390,634
432,75479.245930199,75479.246296925,,3,GPU-46bf67bb-cb31-bee1-3cf0-c35337ba97d2,ok,0,0,453,26.628,41,210,405,439,634
433,75480.245930199,75480.246244103,,3,GPU-46bf67bb-cb31-bee1-3cf0-c35337ba97d2,ok,0,0,453,26.629,41,210,405,439,634
434,75481.245930199,75481.246245711,,3,GPU-46bf67bb-cb31-bee1-3cf0-c35337ba97d2,ok,0,0,453,26.496,41,210,405,390,634
435,75482.245930199,75482.24629056,,3,GPU-46bf67bb-cb31-bee1-3cf0-c35337ba97d2,ok,0,0,453,26.481,41,210,405,439,634
436,75483.245930199,75483.246245458,,3,GPU-46bf67bb-cb31-bee1-3cf0-c35337ba97d2,ok,0,0,453,26.695,41,210,405,439,585
437,75484.245930199,75484.246243466,,3,GPU-46bf67bb-cb31-bee1-3cf0-c35337ba97d2,ok,0,0,453,26.561,41,210,405,439,634
438,75485.245930199,75485.246282694,,3,GPU-46bf67bb-cb31-bee1-3cf0-c35337ba97d2,ok,0,0,453,26.518,41,210,405,439,634
439,75486.245930199,75486.246254282,,3,GPU-46bf67bb-cb31-bee1-3cf0-c35337ba97d2,ok,0,0,453,26.667,41,210,405,439,634
440,75487.245930199,75487.24624113,,3,GPU-46bf67bb-cb31-bee1-3cf0-c35337ba97d2,ok,0,0,453,26.571,41,210,405,439,585
441,75488.245930199,75488.246291548,,3,GPU-46bf67bb-cb31-bee1-3cf0-c35337ba97d2,ok,0,0,453,26.548,41,210,405,439,634
442,75489.245930199,75489.246245126,,3,GPU-46bf67bb-cb31-bee1-3cf0-c35337ba97d2,ok,0,0,453,26.716,41,210,405,390,634
443,75490.245930199,75490.246243434,,3,GPU-46bf67bb-cb31-bee1-3cf0-c35337ba97d2,ok,0,0,453,26.634,41,210,405,439,634
444,75491.245930199,75491.246291072,,3,GPU-46bf67bb-cb31-bee1-3cf0-c35337ba97d2,ok,0,0,453,26.625,41,210,405,439,634
445,75492.245930199,75492.24624734,,3,GPU-46bf67bb-cb31-bee1-3cf0-c35337ba97d2,ok,0,0,453,26.791,41,210,405,390,634
446,75493.245930199,75493.246245158,,3,GPU-46bf67bb-cb31-bee1-3cf0-c35337ba97d2,ok,0,0,453,26.686,41,210,405,439,634
447,75494.245930199,75494.246286226,,3,GPU-46bf67bb-cb31-bee1-3cf0-c35337ba97d2,ok,0,0,453,26.689,41,210,405,439,634
448,75495.245930199,75495.246261224,,3,GPU-46bf67bb-cb31-bee1-3cf0-c35337ba97d2,ok,0,0,453,26.777,41,210,405,439,634
449,75496.245930199,75496.246255732,,3,GPU-46bf67bb-cb31-bee1-3cf0-c35337ba97d2,ok,0,0,453,26.604,41,210,405,439,585
450,75497.245930199,75497.24625038,,3,GPU-46bf67bb-cb31-bee1-3cf0-c35337ba97d2,ok,0,0,453,26.61,41,210,405,439,634
451,75498.245930199,75498.246248268,,3,GPU-46bf67bb-cb31-bee1-3cf0-c35337ba97d2,ok,0,0,453,26.813,41,210,405,439,634
452,75499.245930199,75499.246291446,,3,GPU-46bf67bb-cb31-bee1-3cf0-c35337ba97d2,ok,0,0,453,26.713,41,210,405,439,634
453,75500.245930199,75500.246241834,,3,GPU-46bf67bb-cb31-bee1-3cf0-c35337ba97d2,ok,0,0,453,26.683,41,210,405,439,634
454,75501.245930199,75501.246242652,,3,GPU-46bf67bb-cb31-bee1-3cf0-c35337ba97d2,ok,0,0,453,26.825,41,210,405,390,634
455,75502.245930199,75502.24628482,,3,GPU-46bf67bb-cb31-bee1-3cf0-c35337ba97d2,ok,0,0,453,26.694,41,210,405,439,634
456,75503.245930199,75503.246237918,,3,GPU-46bf67bb-cb31-bee1-3cf0-c35337ba97d2,ok,0,0,453,26.695,41,210,405,439,634
457,75504.245930199,75504.246251706,,3,GPU-46bf67bb-cb31-bee1-3cf0-c35337ba97d2,ok,0,0,453,26.873,41,210,405,439,634
458,75505.245930199,75505.246280484,,3,GPU-46bf67bb-cb31-bee1-3cf0-c35337ba97d2,ok,0,0,453,26.754,41,210,405,439,585
459,75506.245930199,75506.246246542,,3,GPU-46bf67bb-cb31-bee1-3cf0-c35337ba97d2,ok,0,0,453,26.695,41,210,405,439,634
460,75507.245930199,75507.24626114,,3,GPU-46bf67bb-cb31-bee1-3cf0-c35337ba97d2,ok,0,0,453,26.788,40,210,405,439,634
461,75508.245930199,75508.246288838,,3,GPU-46bf67bb-cb31-bee1-3cf0-c35337ba97d2,ok,0,0,453,26.617,40,210,405,390,585
462,75509.245930199,75509.246245576,,3,GPU-46bf67bb-cb31-bee1-3cf0-c35337ba97d2,ok,0,0,453,26.596,41,210,405,439,634
463,75510.245930199,75510.246242114,,3,GPU-46bf67bb-cb31-bee1-3cf0-c35337ba97d2,ok,0,0,453,26.733,41,210,405,390,634
464,75511.245930199,75511.246286642,,3,GPU-46bf67bb-cb31-bee1-3cf0-c35337ba97d2,ok,0,0,453,26.524,41,210,405,439,634
465,75512.245930199,75512.24625227,,3,GPU-46bf67bb-cb31-bee1-3cf0-c35337ba97d2,ok,0,0,453,26.508,40,210,405,439,634
466,75513.245930199,75513.246251038,,3,GPU-46bf67bb-cb31-bee1-3cf0-c35337ba97d2,ok,0,0,453,26.668,41,210,405,439,634
467,75514.245930199,75514.246291126,,3,GPU-46bf67bb-cb31-bee1-3cf0-c35337ba97d2,ok,0,0,453,26.447,41,210,405,439,634
468,75515.245930199,75515.246243564,,3,GPU-46bf67bb-cb31-bee1-3cf0-c35337ba97d2,ok,0,0,453,26.406,40,210,405,439,634
469,75516.245930199,75516.246242222,,3,GPU-46bf67bb-cb31-bee1-3cf0-c35337ba97d2,ok,0,0,453,26.611,40,210,405,439,634
470,75517.245930199,75517.24629513,,3,GPU-46bf67bb-cb31-bee1-3cf0-c35337ba97d2,ok,0,0,453,26.484,40,210,405,390,585
471,75518.245930199,75518.246245948,,3,GPU-46bf67bb-cb31-bee1-3cf0-c35337ba97d2,ok,0,0,453,26.527,40,210,405,439,634
472,75519.245930199,75519.246246956,,3,GPU-46bf67bb-cb31-bee1-3cf0-c35337ba97d2,ok,0,0,453,26.573,40,210,405,439,634
473,75520.245930199,75520.246281454,,3,GPU-46bf67bb-cb31-bee1-3cf0-c35337ba97d2,ok,0,0,453,26.572,40,210,405,390,634
474,75521.245930199,75521.246245042,,3,GPU-46bf67bb-cb31-bee1-3cf0-c35337ba97d2,ok,0,0,453,26.676,40,210,405,439,634
475,75522.245930199,75522.24624877,,3,GPU-46bf67bb-cb31-bee1-3cf0-c35337ba97d2,ok,0,0,453,26.413,40,210,405,439,585
476,75523.245930199,75523.246305958,,3,GPU-46bf67bb-cb31-bee1-3cf0-c35337ba97d2,ok,0,0,453,26.4,40,210,405,439,634
477,75524.245930199,75524.246251116,,3,GPU-46bf67bb-cb31-bee1-3cf0-c35337ba97d2,ok,0,0,453,26.608,40,210,405,439,585
478,75525.245930199,75525.246258625,,3,GPU-46bf67bb-cb31-bee1-3cf0-c35337ba97d2,ok,0,0,453,26.5,40,210,405,439,634
479,75526.245930199,75526.246289753,,3,GPU-46bf67bb-cb31-bee1-3cf0-c35337ba97d2,ok,0,0,453,26.499,40,210,405,390,634
480,75527.245930199,75527.246249811,,3,GPU-46bf67bb-cb31-bee1-3cf0-c35337ba97d2,ok,0,0,453,26.613,40,210,405,439,634
481,75528.245930199,75528.246247179,,3,GPU-46bf67bb-cb31-bee1-3cf0-c35337ba97d2,ok,0,0,453,26.464,40,210,405,439,634
482,75529.245930199,75529.246288027,,3,GPU-46bf67bb-cb31-bee1-3cf0-c35337ba97d2,ok,0,0,453,26.485,40,210,405,439,585
483,75530.245930199,75530.246243895,,3,GPU-46bf67bb-cb31-bee1-3cf0-c35337ba97d2,ok,0,0,453,26.657,40,210,405,439,634
484,75531.245930199,75531.246245523,,3,GPU-46bf67bb-cb31-bee1-3cf0-c35337ba97d2,ok,0,0,453,26.479,40,210,405,439,634
485,75532.245930199,75532.246304871,,3,GPU-46bf67bb-cb31-bee1-3cf0-c35337ba97d2,ok,0,0,453,26.433,40,210,405,439,585
486,75533.245930199,75533.246247799,,3,GPU-46bf67bb-cb31-bee1-3cf0-c35337ba97d2,ok,0,0,453,26.579,40,210,405,439,634
487,75534.245930199,75534.246243117,,3,GPU-46bf67bb-cb31-bee1-3cf0-c35337ba97d2,ok,0,0,453,26.459,40,210,405,390,585
488,75535.245930199,75535.246288955,,3,GPU-46bf67bb-cb31-bee1-3cf0-c35337ba97d2,ok,0,0,453,26.529,40,210,405,439,634
489,75536.245930199,75536.246243613,,3,GPU-46bf67bb-cb31-bee1-3cf0-c35337ba97d2,ok,0,0,453,26.715,40,210,405,439,634
490,75537.245930199,75537.246252491,,3,GPU-46bf67bb-cb31-bee1-3cf0-c35337ba97d2,ok,0,0,453,26.568,40,210,405,439,634
491,75538.245930199,75538.246286019,,3,GPU-46bf67bb-cb31-bee1-3cf0-c35337ba97d2,ok,0,0,453,26.567,40,210,405,439,634
492,75539.245930199,75539.246269157,,3,GPU-46bf67bb-cb31-bee1-3cf0-c35337ba97d2,ok,0,0,453,26.72,40,210,405,439,585
493,75540.245930199,75540.246256895,,3,GPU-46bf67bb-cb31-bee1-3cf0-c35337ba97d2,ok,0,0,453,26.538,40,210,405,390,634
494,75541.245930199,75541.246298943,,3,GPU-46bf67bb-cb31-bee1-3cf0-c35337ba97d2,ok,0,0,453,26.501,40,210,405,439,585
495,75542.245930199,75542.246268741,,3,GPU-46bf67bb-cb31-bee1-3cf0-c35337ba97d2,ok,0,0,453,26.703,40,210,405,439,634
496,75543.245930199,75543.246262989,,3,GPU-46bf67bb-cb31-bee1-3cf0-c35337ba97d2,ok,0,0,453,26.563,40,210,405,439,585
497,75544.245930199,75544.246302727,,3,GPU-46bf67bb-cb31-bee1-3cf0-c35337ba97d2,ok,0,0,453,26.504,40,210,405,439,634
498,75545.245930199,75545.246274225,,3,GPU-46bf67bb-cb31-bee1-3cf0-c35337ba97d2,ok,0,0,453,26.624,40,210,405,390,634
499,75546.245930199,75546.246248653,,3,GPU-46bf67bb-cb31-bee1-3cf0-c35337ba97d2,ok,0,0,453,26.51,40,210,405,439,634
500,75547.245930199,75547.246289211,,3,GPU-46bf67bb-cb31-bee1-3cf0-c35337ba97d2,ok,0,0,453,26.538,40,210,405,439,634
501,75548.245930199,75548.246231309,,3,GPU-46bf67bb-cb31-bee1-3cf0-c35337ba97d2,ok,0,0,453,26.665,40,210,405,439,634
502,75549.245930199,75549.246294457,,3,GPU-46bf67bb-cb31-bee1-3cf0-c35337ba97d2,ok,0,0,453,26.462,40,210,405,439,634
503,75550.245930199,75550.246313995,,3,GPU-46bf67bb-cb31-bee1-3cf0-c35337ba97d2,ok,0,0,453,26.469,40,210,405,390,634
504,75551.245930199,75551.246312413,,3,GPU-46bf67bb-cb31-bee1-3cf0-c35337ba97d2,ok,0,0,453,26.702,40,210,405,439,634
505,75552.245930199,75552.246282891,,3,GPU-46bf67bb-cb31-bee1-3cf0-c35337ba97d2,ok,0,0,453,26.55,40,210,405,439,585
506,75553.245930199,75553.246335859,,3,GPU-46bf67bb-cb31-bee1-3cf0-c35337ba97d2,ok,0,0,453,26.571,40,210,405,390,634
507,75554.245930199,75554.246290747,,3,GPU-46bf67bb-cb31-bee1-3cf0-c35337ba97d2,ok,0,0,453,26.779,40,210,405,439,585
508,75555.245930199,75555.246280415,,3,GPU-46bf67bb-cb31-bee1-3cf0-c35337ba97d2,ok,0,0,453,26.623,40,210,405,439,634
509,75556.245930199,75556.246302683,,3,GPU-46bf67bb-cb31-bee1-3cf0-c35337ba97d2,ok,0,0,453,26.592,40,210,405,390,585
510,75557.245930199,75557.246276701,,3,GPU-46bf67bb-cb31-bee1-3cf0-c35337ba97d2,ok,0,0,453,26.65,40,210,405,439,634
511,75558.245930199,75558.246293079,,3,GPU-46bf67bb-cb31-bee1-3cf0-c35337ba97d2,ok,0,0,453,26.558,40,210,405,390,585
512,75559.245930199,75559.246301167,,3,GPU-46bf67bb-cb31-bee1-3cf0-c35337ba97d2,ok,0,0,453,26.618,40,210,405,439,634
513,75560.245930199,75560.246279365,,3,GPU-46bf67bb-cb31-bee1-3cf0-c35337ba97d2,ok,0,0,453,26.552,40,210,405,439,634
514,75561.245930199,75561.246275333,,3,GPU-46bf67bb-cb31-bee1-3cf0-c35337ba97d2,ok,0,0,453,26.576,40,210,405,439,634
515,75562.245930199,75562.246307001,,3,GPU-46bf67bb-cb31-bee1-3cf0-c35337ba97d2,ok,0,0,453,26.687,40,210,405,390,634
516,75563.245930199,75563.246288659,,3,GPU-46bf67bb-cb31-bee1-3cf0-c35337ba97d2,ok,0,0,453,26.44,40,210,405,439,634
517,75564.245930199,75564.246287767,,3,GPU-46bf67bb-cb31-bee1-3cf0-c35337ba97d2,ok,0,0,453,26.445,40,210,405,390,634
518,75565.245930199,75565.246312125,,3,GPU-46bf67bb-cb31-bee1-3cf0-c35337ba97d2,ok,0,0,453,26.638,40,210,405,439,585
519,75566.245930199,75566.246282473,,3,GPU-46bf67bb-cb31-bee1-3cf0-c35337ba97d2,ok,0,0,453,26.471,40,210,405,439,634
520,75567.245930199,75567.246253961,,3,GPU-46bf67bb-cb31-bee1-3cf0-c35337ba97d2,ok,0,0,453,26.524,40,210,405,439,585
521,75568.245930199,75568.24631276,,3,GPU-46bf67bb-cb31-bee1-3cf0-c35337ba97d2,ok,0,0,453,26.74,40,210,405,439,634
522,75569.245930199,75569.246266458,,3,GPU-46bf67bb-cb31-bee1-3cf0-c35337ba97d2,ok,0,0,453,26.557,40,210,405,439,634
523,75570.245930199,75570.246253256,,3,GPU-46bf67bb-cb31-bee1-3cf0-c35337ba97d2,ok,0,0,453,26.55,40,210,405,439,634
524,75571.245930199,75571.246293234,,3,GPU-46bf67bb-cb31-bee1-3cf0-c35337ba97d2,ok,0,0,453,26.72,40,210,405,439,634
525,75572.245930199,75572.246263892,,3,GPU-46bf67bb-cb31-bee1-3cf0-c35337ba97d2,ok,0,0,453,26.617,40,210,405,390,634
526,75573.245930199,75573.24625484,,3,GPU-46bf67bb-cb31-bee1-3cf0-c35337ba97d2,ok,0,0,453,26.643,40,210,405,439,634
527,75574.245930199,75574.246291698,,3,GPU-46bf67bb-cb31-bee1-3cf0-c35337ba97d2,ok,0,0,453,26.728,40,210,405,390,634
528,75575.245930199,75575.246263016,,3,GPU-46bf67bb-cb31-bee1-3cf0-c35337ba97d2,ok,0,0,453,26.567,40,210,405,439,585
529,75576.245930199,75576.246254274,,3,GPU-46bf67bb-cb31-bee1-3cf0-c35337ba97d2,ok,0,0,453,26.541,40,210,405,390,634
530,75577.245930199,75577.246296992,,3,GPU-46bf67bb-cb31-bee1-3cf0-c35337ba97d2,ok,0,0,453,26.595,40,210,405,439,634
531,75578.245930199,75578.24627234,,3,GPU-46bf67bb-cb31-bee1-3cf0-c35337ba97d2,ok,0,0,453,26.434,40,210,405,439,634
532,75579.245930199,75579.246251408,,3,GPU-46bf67bb-cb31-bee1-3cf0-c35337ba97d2,ok,0,0,453,26.432,40,210,405,439,634
533,75580.245930199,75580.246282996,,3,GPU-46bf67bb-cb31-bee1-3cf0-c35337ba97d2,ok,0,0,453,26.6,40,210,405,439,585
534,75581.245930199,75581.246256874,,3,GPU-46bf67bb-cb31-bee1-3cf0-c35337ba97d2,ok,0,0,453,26.452,40,210,405,390,634
535,75582.245930199,75582.246253842,,3,GPU-46bf67bb-cb31-bee1-3cf0-c35337ba97d2,ok,0,0,453,26.478,40,210,405,439,634
536,75583.245930199,75583.24629422,,3,GPU-46bf67bb-cb31-bee1-3cf0-c35337ba97d2,ok,0,0,453,26.681,40,210,405,390,585
537,75584.245930199,75584.246266858,,3,GPU-46bf67bb-cb31-bee1-3cf0-c35337ba97d2,ok,0,0,453,26.518,40,210,405,439,634
538,75585.245930199,75585.246257606,,3,GPU-46bf67bb-cb31-bee1-3cf0-c35337ba97d2,ok,0,0,453,26.537,40,210,405,439,634
539,75586.245930199,75586.246304144,,3,GPU-46bf67bb-cb31-bee1-3cf0-c35337ba97d2,ok,0,0,453,26.711,40,210,405,390,634
540,75587.245930199,75587.246269572,,3,GPU-46bf67bb-cb31-bee1-3cf0-c35337ba97d2,ok,0,0,453,26.561,40,210,405,439,634
541,75588.245930199,75588.24622249,,3,GPU-46bf67bb-cb31-bee1-3cf0-c35337ba97d2,ok,0,0,453,26.543,40,210,405,439,634
542,75589.245930199,75589.246285698,,3,GPU-46bf67bb-cb31-bee1-3cf0-c35337ba97d2,ok,0,0,453,26.696,40,210,405,439,585
543,75590.245930199,75590.246257466,,3,GPU-46bf67bb-cb31-bee1-3cf0-c35337ba97d2,ok,0,0,453,26.518,40,210,405,390,634
544,75591.245930199,75591.246254254,,3,GPU-46bf67bb-cb31-bee1-3cf0-c35337ba97d2,ok,0,0,453,26.5,40,210,405,439,585
545,75592.245930199,75592.246290402,,3,GPU-46bf67bb-cb31-bee1-3cf0-c35337ba97d2,ok,0,0,453,26.669,40,210,405,439,634
546,75593.245930199,75593.24625701,,3,GPU-46bf67bb-cb31-bee1-3cf0-c35337ba97d2,ok,0,0,453,26.476,40,210,405,439,585
547,75594.245930199,75594.246254408,,3,GPU-46bf67bb-cb31-bee1-3cf0-c35337ba97d2,ok,0,0,453,26.511,40,210,405,439,634
548,75595.245930199,75595.246251906,,3,GPU-46bf67bb-cb31-bee1-3cf0-c35337ba97d2,ok,0,0,453,26.724,40,210,405,439,634
549,75596.245930199,75596.246284494,,3,GPU-46bf67bb-cb31-bee1-3cf0-c35337ba97d2,ok,0,0,453,26.62,40,210,405,439,585
550,75597.245930199,75597.246247102,,3,GPU-46bf67bb-cb31-bee1-3cf0-c35337ba97d2,ok,0,0,453,26.668,40,210,405,439,634
551,75598.245930199,75598.24624775,,3,GPU-46bf67bb-cb31-bee1-3cf0-c35337ba97d2,ok,0,0,453,26.647,40,210,405,439,585
552,75599.245930199,75599.246257908,,3,GPU-46bf67bb-cb31-bee1-3cf0-c35337ba97d2,ok,0,0,453,26.647,40,210,405,439,634
553,75600.245930199,75600.246246236,,3,GPU-46bf67bb-cb31-bee1-3cf0-c35337ba97d2,ok,0,0,453,26.767,40,210,405,439,585
554,75601.245930199,75601.246251244,,3,GPU-46bf67bb-cb31-bee1-3cf0-c35337ba97d2,ok,0,0,453,26.595,40,210,405,390,634
555,75602.245930199,75602.246249772,,3,GPU-46bf67bb-cb31-bee1-3cf0-c35337ba97d2,ok,0,0,453,26.601,40,210,405,439,585
556,75603.245930199,75603.24625146,,3,GPU-46bf67bb-cb31-bee1-3cf0-c35337ba97d2,ok,0,0,453,26.704,40,210,405,439,634
557,75604.245930199,75604.246247968,,3,GPU-46bf67bb-cb31-bee1-3cf0-c35337ba97d2,ok,0,0,453,26.459,40,210,405,439,585
558,75605.245930199,75605.246249076,,3,GPU-46bf67bb-cb31-bee1-3cf0-c35337ba97d2,ok,0,0,453,26.367,40,210,405,439,634
559,75606.245930199,75606.246251274,,3,GPU-46bf67bb-cb31-bee1-3cf0-c35337ba97d2,ok,0,0,453,26.518,40,210,405,439,634
560,75607.245930199,75607.246245952,,3,GPU-46bf67bb-cb31-bee1-3cf0-c35337ba97d2,ok,0,0,453,26.42,40,210,405,439,634
561,75608.245930199,75608.24625566,,3,GPU-46bf67bb-cb31-bee1-3cf0-c35337ba97d2,ok,0,0,453,26.523,40,210,405,439,634
562,75609.245930199,75609.246248458,,3,GPU-46bf67bb-cb31-bee1-3cf0-c35337ba97d2,ok,0,0,453,26.753,40,210,405,439,634
563,75610.245930199,75610.246248906,,3,GPU-46bf67bb-cb31-bee1-3cf0-c35337ba97d2,ok,0,0,453,26.573,40,210,405,390,634
564,75611.245930199,75611.246254794,,3,GPU-46bf67bb-cb31-bee1-3cf0-c35337ba97d2,ok,0,0,453,26.521,40,210,405,439,634
565,75612.245930199,75612.246249053,,3,GPU-46bf67bb-cb31-bee1-3cf0-c35337ba97d2,ok,0,0,453,26.643,40,210,405,390,634
566,75613.245930199,75613.246244721,,3,GPU-46bf67bb-cb31-bee1-3cf0-c35337ba97d2,ok,0,0,453,26.462,40,210,405,439,634
567,75614.245930199,75614.246254799,,3,GPU-46bf67bb-cb31-bee1-3cf0-c35337ba97d2,ok,0,0,453,26.466,40,210,405,439,634
568,75615.245930199,75615.246247367,,3,GPU-46bf67bb-cb31-bee1-3cf0-c35337ba97d2,ok,0,0,453,26.651,40,210,405,390,634
569,75616.245930199,75616.246245465,,3,GPU-46bf67bb-cb31-bee1-3cf0-c35337ba97d2,ok,0,0,453,26.501,40,210,405,439,585
570,75617.245930199,75617.246245673,,3,GPU-46bf67bb-cb31-bee1-3cf0-c35337ba97d2,ok,0,0,453,26.529,40,210,405,439,634
571,75618.245930199,75618.246195111,,3,GPU-46bf67bb-cb31-bee1-3cf0-c35337ba97d2,ok,0,0,453,26.717,40,210,405,439,634
572,75619.245930199,75619.246210219,,3,GPU-46bf67bb-cb31-bee1-3cf0-c35337ba97d2,ok,0,0,453,26.59,40,210,405,439,634
573,75620.245930199,75620.246193567,,3,GPU-46bf67bb-cb31-bee1-3cf0-c35337ba97d2,ok,0,0,453,26.554,40,210,405,439,683
574,75621.245930199,75621.246193895,,3,GPU-46bf67bb-cb31-bee1-3cf0-c35337ba97d2,ok,0,0,453,26.694,40,210,405,439,634
575,75622.245930199,75622.246198903,,3,GPU-46bf67bb-cb31-bee1-3cf0-c35337ba97d2,ok,0,0,453,26.592,40,210,405,439,634
576,75623.245930199,75623.246199601,,3,GPU-46bf67bb-cb31-bee1-3cf0-c35337ba97d2,ok,0,0,453,26.575,40,210,405,439,683
577,75624.245930199,75624.246242699,,3,GPU-46bf67bb-cb31-bee1-3cf0-c35337ba97d2,ok,0,0,453,26.743,40,210,405,439,585
578,75625.245930199,75625.246271807,,3,GPU-46bf67bb-cb31-bee1-3cf0-c35337ba97d2,ok,0,0,453,26.627,40,210,405,439,634
579,75626.245930199,75626.246253065,,3,GPU-46bf67bb-cb31-bee1-3cf0-c35337ba97d2,ok,0,0,453,26.596,40,210,405,439,634
580,75627.245930199,75627.246224533,,3,GPU-46bf67bb-cb31-bee1-3cf0-c35337ba97d2,ok,0,0,453,26.715,40,210,405,439,634
581,75628.245930199,75628.246251151,,3,GPU-46bf67bb-cb31-bee1-3cf0-c35337ba97d2,ok,0,0,453,26.534,40,210,405,439,585
582,75629.245930199,75629.246200409,,3,GPU-46bf67bb-cb31-bee1-3cf0-c35337ba97d2,ok,0,0,453,26.472,40,210,405,439,634
583,75630.245930199,75630.246207877,,3,GPU-46bf67bb-cb31-bee1-3cf0-c35337ba97d2,ok,0,0,453,26.59,40,210,405,439,634
584,75631.245930199,75631.246238485,,3,GPU-46bf67bb-cb31-bee1-3cf0-c35337ba97d2,ok,0,0,453,26.5,40,210,405,439,634
585,75632.245930199,75632.246201743,,3,GPU-46bf67bb-cb31-bee1-3cf0-c35337ba97d2,ok,0,0,453,26.595,40,210,405,439,634
586,75633.245930199,75633.246210701,,3,GPU-46bf67bb-cb31-bee1-3cf0-c35337ba97d2,ok,0,0,453,26.748,40,210,405,439,634
587,75634.245930199,75634.246222679,,3,GPU-46bf67bb-cb31-bee1-3cf0-c35337ba97d2,ok,0,0,453,26.543,40,210,405,439,634
588,75635.245930199,75635.246207797,,3,GPU-46bf67bb-cb31-bee1-3cf0-c35337ba97d2,ok,0,0,453,26.476,40,210,405,439,634
589,75636.245930199,75636.246188565,,3,GPU-46bf67bb-cb31-bee1-3cf0-c35337ba97d2,ok,0,0,453,26.544,40,210,405,439,634
590,75637.245930199,75637.246280063,,3,GPU-46bf67bb-cb31-bee1-3cf0-c35337ba97d2,ok,0,0,453,26.552,40,210,405,439,634
591,75638.245930199,75638.246260681,,3,GPU-46bf67bb-cb31-bee1-3cf0-c35337ba97d2,ok,0,0,453,26.591,40,210,405,439,634
592,75639.245930199,75639.246255079,,3,GPU-46bf67bb-cb31-bee1-3cf0-c35337ba97d2,ok,0,0,453,26.431,40,210,405,390,585
593,75640.245930199,75640.246274147,,3,GPU-46bf67bb-cb31-bee1-3cf0-c35337ba97d2,ok,0,0,453,26.426,40,210,405,439,634
594,75641.245930199,75641.246238775,,3,GPU-46bf67bb-cb31-bee1-3cf0-c35337ba97d2,ok,0,0,453,26.575,40,210,405,439,634
595,75642.245930199,75642.246236243,,3,GPU-46bf67bb-cb31-bee1-3cf0-c35337ba97d2,ok,0,0,453,26.449,40,210,405,390,634
596,75643.245930199,75643.246263061,,3,GPU-46bf67bb-cb31-bee1-3cf0-c35337ba97d2,ok,0,0,453,26.456,40,210,405,439,634
597,75644.245930199,75644.246235019,,3,GPU-46bf67bb-cb31-bee1-3cf0-c35337ba97d2,ok,0,0,453,26.648,40,210,405,439,585
598,75645.245930199,75645.246247687,,3,GPU-46bf67bb-cb31-bee1-3cf0-c35337ba97d2,ok,0,0,453,26.517,40,210,405,439,634
599,75646.245930199,75646.246258705,,3,GPU-46bf67bb-cb31-bee1-3cf0-c35337ba97d2,ok,0,0,453,26.452,40,210,405,390,634
600,75647.245930199,75647.246235193,,3,GPU-46bf67bb-cb31-bee1-3cf0-c35337ba97d2,ok,0,0,453,26.526,40,210,405,439,634
601,75648.245930199,75648.246244051,,3,GPU-46bf67bb-cb31-bee1-3cf0-c35337ba97d2,ok,0,0,453,26.376,40,210,405,439,634
602,75649.245930199,75649.246259109,,3,GPU-46bf67bb-cb31-bee1-3cf0-c35337ba97d2,ok,0,0,453,26.472,40,210,405,439,634
603,75650.245930199,75650.246242697,,3,GPU-46bf67bb-cb31-bee1-3cf0-c35337ba97d2,ok,0,0,453,26.625,40,210,405,439,634
604,75651.245930199,75651.246237145,,3,GPU-46bf67bb-cb31-bee1-3cf0-c35337ba97d2,ok,0,0,453,26.443,40,210,405,390,634
605,75652.245930199,75652.246264473,,3,GPU-46bf67bb-cb31-bee1-3cf0-c35337ba97d2,ok,0,0,453,26.469,40,210,405,439,634
606,75653.245930199,75653.246240111,,3,GPU-46bf67bb-cb31-bee1-3cf0-c35337ba97d2,ok,0,0,453,26.576,40,210,405,439,634
607,75654.245930199,75654.246238029,,3,GPU-46bf67bb-cb31-bee1-3cf0-c35337ba97d2,ok,0,0,453,26.348,40,210,405,439,634
608,75655.245930199,75655.246258448,,3,GPU-46bf67bb-cb31-bee1-3cf0-c35337ba97d2,ok,0,0,453,26.401,40,210,405,439,585
609,75656.245930199,75656.246237896,,3,GPU-46bf67bb-cb31-bee1-3cf0-c35337ba97d2,ok,0,0,453,26.617,40,210,405,439,634
610,75657.245930199,75657.246235674,,3,GPU-46bf67bb-cb31-bee1-3cf0-c35337ba97d2,ok,0,0,453,26.41,40,210,405,390,634
611,75658.245930199,75658.246269152,,3,GPU-46bf67bb-cb31-bee1-3cf0-c35337ba97d2,ok,0,0,453,26.408,40,210,405,439,585
612,75659.245930199,75659.24624105,,3,GPU-46bf67bb-cb31-bee1-3cf0-c35337ba97d2,ok,0,0,453,26.575,40,210,405,439,634
613,75660.245930199,75660.246239368,,3,GPU-46bf67bb-cb31-bee1-3cf0-c35337ba97d2,ok,0,0,453,26.401,40,210,405,390,634
614,75661.245930199,75661.246281476,,3,GPU-46bf67bb-cb31-bee1-3cf0-c35337ba97d2,ok,0,0,453,26.434,40,210,405,439,634
615,75662.245930199,75662.246255124,,3,GPU-46bf67bb-cb31-bee1-3cf0-c35337ba97d2,ok,0,0,453,26.59,40,210,405,390,634
616,75663.245930199,75663.246259382,,3,GPU-46bf67bb-cb31-bee1-3cf0-c35337ba97d2,ok,0,0,453,26.393,40,210,405,439,634
617,75664.245930199,75664.24627756,,3,GPU-46bf67bb-cb31-bee1-3cf0-c35337ba97d2,ok,0,0,453,26.363,40,210,405,390,634
618,75665.245930199,75665.246253868,,3,GPU-46bf67bb-cb31-bee1-3cf0-c35337ba97d2,ok,0,0,453,26.528,40,210,405,439,634
619,75666.245930199,75666.246256806,,3,GPU-46bf67bb-cb31-bee1-3cf0-c35337ba97d2,ok,0,0,453,26.342,40,210,405,439,634
620,75667.245930199,75667.246276914,,3,GPU-46bf67bb-cb31-bee1-3cf0-c35337ba97d2,ok,0,0,453,26.345,40,210,405,439,634
621,75668.245930199,75668.246268972,,3,GPU-46bf67bb-cb31-bee1-3cf0-c35337ba97d2,ok,0,0,453,26.536,40,210,405,439,634
622,75669.245930199,75669.24627297,,3,GPU-46bf67bb-cb31-bee1-3cf0-c35337ba97d2,ok,0,0,453,26.383,40,210,405,439,634
623,75670.245930199,75670.246290298,,3,GPU-46bf67bb-cb31-bee1-3cf0-c35337ba97d2,ok,0,0,453,26.423,40,210,405,439,634
624,75671.245930199,75671.246273286,,3,GPU-46bf67bb-cb31-bee1-3cf0-c35337ba97d2,ok,0,0,453,26.59,40,210,405,390,634
625,75672.245930199,75672.246256864,,3,GPU-46bf67bb-cb31-bee1-3cf0-c35337ba97d2,ok,0,0,453,26.442,40,210,405,439,634
626,75673.245930199,75673.246281832,,3,GPU-46bf67bb-cb31-bee1-3cf0-c35337ba97d2,ok,0,0,453,26.455,40,210,405,439,634
627,75674.245930199,75674.24625858,,3,GPU-46bf67bb-cb31-bee1-3cf0-c35337ba97d2,ok,0,0,453,26.573,40,210,405,390,634
628,75675.245930199,75675.246267818,,3,GPU-46bf67bb-cb31-bee1-3cf0-c35337ba97d2,ok,0,0,453,26.351,40,210,405,439,585
629,75676.245930199,75676.246281366,,3,GPU-46bf67bb-cb31-bee1-3cf0-c35337ba97d2,ok,0,0,453,26.353,40,210,405,439,634
630,75677.245930199,75677.246289474,,3,GPU-46bf67bb-cb31-bee1-3cf0-c35337ba97d2,ok,0,0,453,26.375,40,210,405,439,634
631,75678.245930199,75678.246275092,,3,GPU-46bf67bb-cb31-bee1-3cf0-c35337ba97d2,ok,0,0,453,26.422,40,210,405,390,634
632,75679.245930199,75679.24630481,,3,GPU-46bf67bb-cb31-bee1-3cf0-c35337ba97d2,ok,0,0,453,26.615,40,210,405,439,585
633,75680.245930199,75680.246276548,,3,GPU-46bf67bb-cb31-bee1-3cf0-c35337ba97d2,ok,0,0,453,26.475,40,210,405,390,634
634,75681.245930199,75681.246278626,,3,GPU-46bf67bb-cb31-bee1-3cf0-c35337ba97d2,ok,0,0,453,26.471,40,210,405,439,585
635,75682.245930199,75682.246297444,,3,GPU-46bf67bb-cb31-bee1-3cf0-c35337ba97d2,ok,0,0,453,26.584,40,210,405,439,634
636,75683.245930199,75683.246273232,,3,GPU-46bf67bb-cb31-bee1-3cf0-c35337ba97d2,ok,0,0,453,26.461,40,210,405,439,585
637,75684.245930199,75684.24628325,,3,GPU-46bf67bb-cb31-bee1-3cf0-c35337ba97d2,ok,0,0,453,26.507,40,210,405,439,634
638,75685.245930199,75685.246302168,,3,GPU-46bf67bb-cb31-bee1-3cf0-c35337ba97d2,ok,0,0,453,26.675,40,210,405,390,585
639,75686.245930199,75686.246270776,,3,GPU-46bf67bb-cb31-bee1-3cf0-c35337ba97d2,ok,0,0,453,26.582,40,210,405,439,634
640,75687.245930199,75687.246275674,,3,GPU-46bf67bb-cb31-bee1-3cf0-c35337ba97d2,ok,0,0,453,26.639,40,210,405,390,585
641,75688.245930199,75688.246294142,,3,GPU-46bf67bb-cb31-bee1-3cf0-c35337ba97d2,ok,0,0,453,26.779,40,210,405,439,634
642,75689.245930199,75689.2462814,,3,GPU-46bf67bb-cb31-bee1-3cf0-c35337ba97d2,ok,0,0,453,26.661,40,210,405,439,585
643,75690.245930199,75690.246250818,,3,GPU-46bf67bb-cb31-bee1-3cf0-c35337ba97d2,ok,0,0,453,26.684,40,210,405,439,634
644,75691.245930199,75691.246299706,,3,GPU-46bf67bb-cb31-bee1-3cf0-c35337ba97d2,ok,0,0,453,26.791,40,210,405,439,585
645,75692.245930199,75692.246257554,,3,GPU-46bf67bb-cb31-bee1-3cf0-c35337ba97d2,ok,0,0,453,26.569,40,210,405,488,634
646,75693.245930199,75693.246253782,,3,GPU-46bf67bb-cb31-bee1-3cf0-c35337ba97d2,ok,0,0,453,26.634,40,210,405,439,585
647,75694.245930199,75694.24627855,,3,GPU-46bf67bb-cb31-bee1-3cf0-c35337ba97d2,ok,0,0,453,26.887,40,210,405,390,634
648,75695.245930199,75695.246257358,,3,GPU-46bf67bb-cb31-bee1-3cf0-c35337ba97d2,ok,0,0,453,26.672,40,210,405,439,634
649,75696.245930199,75696.246271136,,3,GPU-46bf67bb-cb31-bee1-3cf0-c35337ba97d2,ok,0,0,453,26.68,40,210,405,390,585
650,75697.245930199,75697.246281924,,3,GPU-46bf67bb-cb31-bee1-3cf0-c35337ba97d2,ok,0,0,453,26.885,40,210,405,439,634
651,75698.245930199,75698.246252963,,3,GPU-46bf67bb-cb31-bee1-3cf0-c35337ba97d2,ok,0,0,453,26.791,40,210,405,390,585
652,75699.245930199,75699.246256971,,3,GPU-46bf67bb-cb31-bee1-3cf0-c35337ba97d2,ok,0,0,453,26.803,40,210,405,439,634
653,75700.245930199,75700.246282459,,3,GPU-46bf67bb-cb31-bee1-3cf0-c35337ba97d2,ok,0,0,453,26.86,40,210,405,439,585
654,75701.245930199,75701.246252617,,3,GPU-46bf67bb-cb31-bee1-3cf0-c35337ba97d2,ok,0,0,453,26.651,40,210,405,439,634
655,75702.245930199,75702.246251425,,3,GPU-46bf67bb-cb31-bee1-3cf0-c35337ba97d2,ok,0,0,453,26.654,40,210,405,439,585
656,75703.245930199,75703.246242583,,3,GPU-46bf67bb-cb31-bee1-3cf0-c35337ba97d2,ok,0,0,453,26.825,40,210,405,439,634
657,75704.245930199,75704.246267151,,3,GPU-46bf67bb-cb31-bee1-3cf0-c35337ba97d2,ok,0,0,453,26.557,40,210,405,439,585
658,75705.245930199,75705.246253539,,3,GPU-46bf67bb-cb31-bee1-3cf0-c35337ba97d2,ok,0,0,453,26.454,40,210,405,439,634
659,75706.245930199,75706.246256837,,3,GPU-46bf67bb-cb31-bee1-3cf0-c35337ba97d2,ok,0,0,453,26.665,40,210,405,439,634
660,75707.245930199,75707.246219305,,3,GPU-46bf67bb-cb31-bee1-3cf0-c35337ba97d2,ok,0,0,453,26.557,40,210,405,439,585
661,75708.245930199,75708.246265623,,3,GPU-46bf67bb-cb31-bee1-3cf0-c35337ba97d2,ok,0,0,453,26.515,40,210,405,390,634
662,75709.245930199,75709.246244431,,3,GPU-46bf67bb-cb31-bee1-3cf0-c35337ba97d2,ok,0,0,453,26.622,40,210,405,439,585
663,75710.245930199,75710.246248059,,3,GPU-46bf67bb-cb31-bee1-3cf0-c35337ba97d2,ok,0,0,453,26.5,40,210,405,439,634
664,75711.245930199,75711.246246287,,3,GPU-46bf67bb-cb31-bee1-3cf0-c35337ba97d2,ok,0,0,453,26.48,40,210,405,439,585
665,75712.245930199,75712.246242535,,3,GPU-46bf67bb-cb31-bee1-3cf0-c35337ba97d2,ok,0,0,453,26.583,40,210,405,390,634
666,75713.245930199,75713.246250633,,3,GPU-46bf67bb-cb31-bee1-3cf0-c35337ba97d2,ok,0,0,453,26.468,40,210,405,439,634
667,75714.245930199,75714.246243511,,3,GPU-46bf67bb-cb31-bee1-3cf0-c35337ba97d2,ok,0,0,453,26.496,40,210,405,439,634
668,75715.245930199,75715.246245769,,3,GPU-46bf67bb-cb31-bee1-3cf0-c35337ba97d2,ok,0,0,453,26.6,40,210,405,439,585
669,75716.245930199,75716.246253097,,3,GPU-46bf67bb-cb31-bee1-3cf0-c35337ba97d2,ok,0,0,453,26.604,40,210,405,439,634
670,75717.245930199,75717.246240815,,3,GPU-46bf67bb-cb31-bee1-3cf0-c35337ba97d2,ok,0,0,453,26.69,40,210,405,390,585
671,75718.245930199,75718.246238133,,3,GPU-46bf67bb-cb31-bee1-3cf0-c35337ba97d2,ok,0,0,453,26.632,40,210,405,439,634
672,75719.245930199,75719.246253411,,3,GPU-46bf67bb-cb31-bee1-3cf0-c35337ba97d2,ok,0,0,453,26.637,40,210,405,439,634
673,75720.245930199,75720.246241749,,3,GPU-46bf67bb-cb31-bee1-3cf0-c35337ba97d2,ok,0,0,453,26.729,40,210,405,439,634
674,75721.245930199,75721.246214047,,3,GPU-46bf67bb-cb31-bee1-3cf0-c35337ba97d2,ok,0,0,453,26.517,40,210,405,439,634
675,75722.245930199,75722.246232505,,3,GPU-46bf67bb-cb31-bee1-3cf0-c35337ba97d2,ok,0,0,453,26.49,40,210,405,439,634
676,75723.245930199,75723.246229163,,3,GPU-46bf67bb-cb31-bee1-3cf0-c35337ba97d2,ok,0,0,453,26.701,40,210,405,439,634
677,75724.245930199,75724.246230811,,3,GPU-46bf67bb-cb31-bee1-3cf0-c35337ba97d2,ok,0,0,453,26.52,40,210,405,439,634
678,75725.245930199,75725.246237659,,3,GPU-46bf67bb-cb31-bee1-3cf0-c35337ba97d2,ok,0,0,453,26.452,40,210,405,439,634
679,75726.245930199,75726.246229187,,3,GPU-46bf67bb-cb31-bee1-3cf0-c35337ba97d2,ok,0,0,453,26.599,40,210,405,439,634
680,75727.245930199,75727.246228975,,3,GPU-46bf67bb-cb31-bee1-3cf0-c35337ba97d2,ok,0,0,453,26.446,40,210,405,439,634
681,75728.245930199,75728.246241373,,3,GPU-46bf67bb-cb31-bee1-3cf0-c35337ba97d2,ok,0,0,453,26.464,40,210,405,390,585
682,75729.245930199,75729.246228441,,3,GPU-46bf67bb-cb31-bee1-3cf0-c35337ba97d2,ok,0,0,453,26.64,40,210,405,439,634
683,75730.245930199,75730.246233879,,3,GPU-46bf67bb-cb31-bee1-3cf0-c35337ba97d2,ok,0,0,453,26.497,40,210,405,439,585
684,75731.245930199,75731.246234737,,3,GPU-46bf67bb-cb31-bee1-3cf0-c35337ba97d2,ok,0,0,453,26.452,40,210,405,439,634
685,75732.245930199,75732.246232195,,3,GPU-46bf67bb-cb31-bee1-3cf0-c35337ba97d2,ok,0,0,453,26.572,40,210,405,439,634
686,75733.245930199,75733.246228083,,3,GPU-46bf67bb-cb31-bee1-3cf0-c35337ba97d2,ok,0,0,453,26.453,40,210,405,439,634
687,75734.245930199,75734.246229421,,3,GPU-46bf67bb-cb31-bee1-3cf0-c35337ba97d2,ok,0,0,453,26.497,40,210,405,439,585
688,75735.245930199,75735.246228169,,3,GPU-46bf67bb-cb31-bee1-3cf0-c35337ba97d2,ok,0,0,453,26.649,40,210,405,439,634
689,75736.245930199,75736.246239847,,3,GPU-46bf67bb-cb31-bee1-3cf0-c35337ba97d2,ok,0,0,453,26.459,40,210,405,439,634
690,75737.245930199,75737.246238055,,3,GPU-46bf67bb-cb31-bee1-3cf0-c35337ba97d2,ok,0,0,453,26.5,40,210,405,439,634
691,75738.245930199,75738.246245813,,3,GPU-46bf67bb-cb31-bee1-3cf0-c35337ba97d2,ok,0,0,453,26.717,40,210,405,439,634
692,75739.245930199,75739.246266301,,3,GPU-46bf67bb-cb31-bee1-3cf0-c35337ba97d2,ok,0,0,453,26.602,40,210,405,439,634
693,75740.245930199,75740.246242869,,3,GPU-46bf67bb-cb31-bee1-3cf0-c35337ba97d2,ok,0,0,453,26.598,40,210,405,439,634
694,75741.245930199,75741.246234527,,3,GPU-46bf67bb-cb31-bee1-3cf0-c35337ba97d2,ok,0,0,453,26.762,40,210,405,439,634
695,75742.245930199,75742.246260646,,3,GPU-46bf67bb-cb31-bee1-3cf0-c35337ba97d2,ok,0,0,453,26.628,40,210,405,439,634
696,75743.245930199,75743.246237304,,3,GPU-46bf67bb-cb31-bee1-3cf0-c35337ba97d2,ok,0,0,453,26.633,40,210,405,439,634
697,75744.245930199,75744.246239382,,3,GPU-46bf67bb-cb31-bee1-3cf0-c35337ba97d2,ok,0,0,453,26.767,40,210,405,439,634
698,75745.245930199,75745.24626613,,3,GPU-46bf67bb-cb31-bee1-3cf0-c35337ba97d2,ok,0,0,453,26.601,40,210,405,390,585
699,75746.245930199,75746.246245828,,3,GPU-46bf67bb-cb31-bee1-3cf0-c35337ba97d2,ok,0,0,453,26.625,40,210,405,439,634
700,75747.245930199,75747.246243396,,3,GPU-46bf67bb-cb31-bee1-3cf0-c35337ba97d2,ok,0,0,453,26.736,40,210,405,439,634
701,75748.245930199,75748.246259234,,3,GPU-46bf67bb-cb31-bee1-3cf0-c35337ba97d2,ok,0,0,453,26.565,40,210,405,439,634
702,75749.245930199,75749.246239912,,3,GPU-46bf67bb-cb31-bee1-3cf0-c35337ba97d2,ok,0,0,453,26.612,40,210,405,439,585
703,75750.245930199,75750.24624677,,3,GPU-46bf67bb-cb31-bee1-3cf0-c35337ba97d2,ok,0,0,453,26.746,40,210,405,439,634
704,75751.245930199,75751.246258368,,3,GPU-46bf67bb-cb31-bee1-3cf0-c35337ba97d2,ok,0,0,453,26.559,40,210,405,439,585
705,75752.245930199,75752.246243246,,3,GPU-46bf67bb-cb31-bee1-3cf0-c35337ba97d2,ok,0,0,453,26.549,40,210,405,439,634
706,75753.245930199,75753.246240324,,3,GPU-46bf67bb-cb31-bee1-3cf0-c35337ba97d2,ok,0,0,453,26.698,40,210,405,390,634
707,75754.245930199,75754.246259312,,3,GPU-46bf67bb-cb31-bee1-3cf0-c35337ba97d2,ok,0,0,453,26.546,40,210,405,439,634
708,75755.245930199,75755.24624132,,3,GPU-46bf67bb-cb31-bee1-3cf0-c35337ba97d2,ok,0,0,453,26.575,40,210,405,439,634
709,75756.245930199,75756.246241218,,3,GPU-46bf67bb-cb31-bee1-3cf0-c35337ba97d2,ok,0,0,453,26.634,40,210,405,439,634
710,75757.245930199,75757.246266466,,3,GPU-46bf67bb-cb31-bee1-3cf0-c35337ba97d2,ok,0,0,453,26.673,40,210,405,390,585
711,75758.245930199,75758.246240594,,3,GPU-46bf67bb-cb31-bee1-3cf0-c35337ba97d2,ok,0,0,453,26.832,40,210,405,439,634
712,75759.245930199,75759.246242152,,3,GPU-46bf67bb-cb31-bee1-3cf0-c35337ba97d2,ok,0,0,453,26.641,40,210,405,439,634
713,75760.245930199,75760.24626079,,3,GPU-46bf67bb-cb31-bee1-3cf0-c35337ba97d2,ok,0,0,453,26.639,40,210,405,439,634
714,75761.245930199,75761.246236728,,3,GPU-46bf67bb-cb31-bee1-3cf0-c35337ba97d2,ok,0,0,453,26.819,40,210,405,390,634
715,75762.245930199,75762.246239126,,3,GPU-46bf67bb-cb31-bee1-3cf0-c35337ba97d2,ok,0,0,453,26.621,40,210,405,439,634
716,75763.245930199,75763.246256744,,3,GPU-46bf67bb-cb31-bee1-3cf0-c35337ba97d2,ok,0,0,453,26.541,40,210,405,439,634
717,75764.245930199,75764.246243412,,3,GPU-46bf67bb-cb31-bee1-3cf0-c35337ba97d2,ok,0,0,453,26.649,40,210,405,439,634
718,75765.245930199,75765.24623729,,3,GPU-46bf67bb-cb31-bee1-3cf0-c35337ba97d2,ok,0,0,453,26.469,40,210,405,439,634
719,75766.245930199,75766.246266078,,3,GPU-46bf67bb-cb31-bee1-3cf0-c35337ba97d2,ok,0,0,453,26.434,40,210,405,439,634
720,75767.245930199,75767.246242366,,3,GPU-46bf67bb-cb31-bee1-3cf0-c35337ba97d2,ok,0,0,453,26.609,40,210,405,439,634
721,75768.245930199,75768.246237934,,3,GPU-46bf67bb-cb31-bee1-3cf0-c35337ba97d2,ok,0,0,453,26.483,40,210,405,439,634
722,75769.245930199,75769.246257572,,3,GPU-46bf67bb-cb31-bee1-3cf0-c35337ba97d2,ok,0,0,453,26.467,40,210,405,439,634
723,75770.245930199,75770.24625373,,3,GPU-46bf67bb-cb31-bee1-3cf0-c35337ba97d2,ok,0,0,453,26.589,40,210,405,439,634
724,75771.245930199,75771.246241838,,3,GPU-46bf67bb-cb31-bee1-3cf0-c35337ba97d2,ok,0,0,453,26.415,40,210,405,439,634
725,75772.245930199,75772.246258816,,3,GPU-46bf67bb-cb31-bee1-3cf0-c35337ba97d2,ok,0,0,453,26.49,40,210,405,390,634
726,75773.245930199,75773.246242764,,3,GPU-46bf67bb-cb31-bee1-3cf0-c35337ba97d2,ok,0,0,453,26.696,40,210,405,439,634
727,75774.245930199,75774.246230902,,3,GPU-46bf67bb-cb31-bee1-3cf0-c35337ba97d2,ok,0,0,453,26.54,40,210,405,439,634
728,75775.245930199,75775.24626494,,3,GPU-46bf67bb-cb31-bee1-3cf0-c35337ba97d2,ok,0,0,453,26.571,40,210,405,439,634
729,75776.245930199,75776.246242828,,3,GPU-46bf67bb-cb31-bee1-3cf0-c35337ba97d2,ok,0,0,453,26.774,40,210,405,390,634
730,75777.245930199,75777.246237106,,3,GPU-46bf67bb-cb31-bee1-3cf0-c35337ba97d2,ok,0,0,453,26.701,40,210,405,439,634
731,75778.245930199,75778.246260604,,3,GPU-46bf67bb-cb31-bee1-3cf0-c35337ba97d2,ok,0,0,453,26.693,40,210,405,439,634
732,75779.245930199,75779.246240052,,3,GPU-46bf67bb-cb31-bee1-3cf0-c35337ba97d2,ok,0,0,453,26.719,39,210,405,390,634
733,75780.245930199,75780.2462338,,3,GPU-46bf67bb-cb31-bee1-3cf0-c35337ba97d2,ok,0,0,453,26.522,39,210,405,439,634
734,75781.245930199,75781.246259098,,3,GPU-46bf67bb-cb31-bee1-3cf0-c35337ba97d2,ok,0,0,453,26.556,40,210,405,439,634
735,75782.245930199,75782.246237826,,3,GPU-46bf67bb-cb31-bee1-3cf0-c35337ba97d2,ok,0,0,453,26.749,39,210,405,439,585
736,75783.245930199,75783.246240434,,3,GPU-46bf67bb-cb31-bee1-3cf0-c35337ba97d2,ok,0,0,453,26.601,39,210,405,439,634
737,75784.245930199,75784.246296713,,3,GPU-46bf67bb-cb31-bee1-3cf0-c35337ba97d2,ok,0,0,453,26.57,39,210,405,390,585
738,75785.245930199,75785.246253141,,3,GPU-46bf67bb-cb31-bee1-3cf0-c35337ba97d2,ok,0,0,453,26.695,39,210,405,439,634
739,75786.245930199,75786.246250569,,3,GPU-46bf67bb-cb31-bee1-3cf0-c35337ba97d2,ok,0,0,453,26.591,39,210,405,390,585
740,75787.245930199,75787.246276917,,3,GPU-46bf67bb-cb31-bee1-3cf0-c35337ba97d2,ok,0,0,453,26.634,39,210,405,439,634
741,75788.245930199,75788.246255065,,3,GPU-46bf67bb-cb31-bee1-3cf0-c35337ba97d2,ok,0,0,453,26.8,39,210,405,439,585
742,75789.245930199,75789.246269853,,3,GPU-46bf67bb-cb31-bee1-3cf0-c35337ba97d2,ok,0,0,453,26.687,39,210,405,390,634
743,75790.245930199,75790.246274151,,3,GPU-46bf67bb-cb31-bee1-3cf0-c35337ba97d2,ok,0,0,453,26.651,39,210,405,439,585
744,75791.245930199,75791.246272509,,3,GPU-46bf67bb-cb31-bee1-3cf0-c35337ba97d2,ok,0,0,453,26.778,39,210,405,439,634
745,75792.245930199,75792.246263517,,3,GPU-46bf67bb-cb31-bee1-3cf0-c35337ba97d2,ok,0,0,453,26.67,39,210,405,439,634
746,75793.245930199,75793.246291415,,3,GPU-46bf67bb-cb31-bee1-3cf0-c35337ba97d2,ok,0,0,453,26.747,39,210,405,439,585
747,75794.245930199,75794.246265563,,3,GPU-46bf67bb-cb31-bee1-3cf0-c35337ba97d2,ok,0,0,453,26.801,39,210,405,439,634
748,75795.245930199,75795.246262491,,3,GPU-46bf67bb-cb31-bee1-3cf0-c35337ba97d2,ok,0,0,453,26.653,39,210,405,390,585
749,75796.245930199,75796.246279729,,3,GPU-46bf67bb-cb31-bee1-3cf0-c35337ba97d2,ok,0,0,453,26.73,39,210,405,390,634
750,75797.245930199,75797.246236717,,3,GPU-46bf67bb-cb31-bee1-3cf0-c35337ba97d2,ok,0,0,453,26.633,39,210,405,439,634
751,75798.245930199,75798.246287185,,3,GPU-46bf67bb-cb31-bee1-3cf0-c35337ba97d2,ok,0,0,453,26.619,39,210,405,439,634
752,75799.245930199,75799.246262263,,3,GPU-46bf67bb-cb31-bee1-3cf0-c35337ba97d2,ok,0,0,453,26.762,39,210,405,439,634
753,75800.245930199,75800.246278911,,3,GPU-46bf67bb-cb31-bee1-3cf0-c35337ba97d2,ok,0,0,453,26.579,39,210,405,439,585
754,75801.245930199,75801.246282489,,3,GPU-46bf67bb-cb31-bee1-3cf0-c35337ba97d2,ok,0,0,453,26.609,39,210,405,439,634
755,75802.245930199,75802.246253947,,3,GPU-46bf67bb-cb31-bee1-3cf0-c35337ba97d2,ok,0,0,453,26.803,39,210,405,390,585
756,75803.245930199,75803.246257735,,3,GPU-46bf67bb-cb31-bee1-3cf0-c35337ba97d2,ok,0,0,453,26.664,39,210,405,439,634
757,75804.245930199,75804.246286163,,3,GPU-46bf67bb-cb31-bee1-3cf0-c35337ba97d2,ok,0,0,453,26.61,39,210,405,439,634
758,75805.245930199,75805.246260601,,3,GPU-46bf67bb-cb31-bee1-3cf0-c35337ba97d2,ok,0,0,453,26.705,39,210,405,439,634
759,75806.245930199,75806.246263079,,3,GPU-46bf67bb-cb31-bee1-3cf0-c35337ba97d2,ok,0,0,453,26.594,39,210,405,439,634
760,75807.245930199,75807.246286927,,3,GPU-46bf67bb-cb31-bee1-3cf0-c35337ba97d2,ok,0,0,453,26.66,39,210,405,390,634
761,75808.245930199,75808.246255935,,3,GPU-46bf67bb-cb31-bee1-3cf0-c35337ba97d2,ok,0,0,453,26.774,39,210,405,439,585
762,75809.245930199,75809.246255163,,3,GPU-46bf67bb-cb31-bee1-3cf0-c35337ba97d2,ok,0,0,453,26.551,39,210,405,439,634
763,75810.245930199,75810.246276001,,3,GPU-46bf67bb-cb31-bee1-3cf0-c35337ba97d2,ok,0,0,453,26.549,39,210,405,439,585
764,75811.245930199,75811.246276149,,3,GPU-46bf67bb-cb31-bee1-3cf0-c35337ba97d2,ok,0,0,453,26.759,39,210,405,390,634
765,75812.245930199,75812.246239387,,3,GPU-46bf67bb-cb31-bee1-3cf0-c35337ba97d2,ok,0,0,453,26.666,39,210,405,439,585
766,75813.245930199,75813.246258195,,3,GPU-46bf67bb-cb31-bee1-3cf0-c35337ba97d2,ok,0,0,453,26.641,39,210,405,439,634
767,75814.245930199,75814.246232793,,3,GPU-46bf67bb-cb31-bee1-3cf0-c35337ba97d2,ok,0,0,453,26.789,39,210,405,390,585
768,75815.245930199,75815.246233391,,3,GPU-46bf67bb-cb31-bee1-3cf0-c35337ba97d2,ok,0,0,453,26.579,39,210,405,439,634
769,75816.245930199,75816.246262709,,3,GPU-46bf67bb-cb31-bee1-3cf0-c35337ba97d2,ok,0,0,453,26.502,39,210,405,390,634
770,75817.245930199,75817.246244887,,3,GPU-46bf67bb-cb31-bee1-3cf0-c35337ba97d2,ok,0,0,453,26.712,39,210,405,439,634
771,75818.245930199,75818.246248035,,3,GPU-46bf67bb-cb31-bee1-3cf0-c35337ba97d2,ok,0,0,453,26.603,39,210,405,439,585
772,75819.245930199,75819.246258293,,3,GPU-46bf67bb-cb31-bee1-3cf0-c35337ba97d2,ok,0,0,453,26.587,39,210,405,439,634
773,75820.245930199,75820.246237281,,3,GPU-46bf67bb-cb31-bee1-3cf0-c35337ba97d2,ok,0,0,453,26.718,39,210,405,439,585
774,75821.245930199,75821.246239669,,3,GPU-46bf67bb-cb31-bee1-3cf0-c35337ba97d2,ok,0,0,453,26.564,39,210,405,439,585
775,75822.245930199,75822.246276377,,3,GPU-46bf67bb-cb31-bee1-3cf0-c35337ba97d2,ok,0,0,453,26.622,39,210,405,390,634
776,75823.245930199,75823.246238425,,3,GPU-46bf67bb-cb31-bee1-3cf0-c35337ba97d2,ok,0,0,453,26.837,39,210,405,439,585
777,75824.245930199,75824.246240003,,3,GPU-46bf67bb-cb31-bee1-3cf0-c35337ba97d2,ok,0,0,453,26.638,39,210,405,390,634
778,75825.245930199,75825.246259401,,3,GPU-46bf67bb-cb31-bee1-3cf0-c35337ba97d2,ok,0,0,453,26.547,39,210,405,439,585
779,75826.245930199,75826.246237599,,3,GPU-46bf67bb-cb31-bee1-3cf0-c35337ba97d2,ok,0,0,453,26.718,39,210,405,439,634
780,75827.245930199,75827.246242507,,3,GPU-46bf67bb-cb31-bee1-3cf0-c35337ba97d2,ok,0,0,453,26.597,39,210,405,439,585
781,75828.245930199,75828.246258426,,3,GPU-46bf67bb-cb31-bee1-3cf0-c35337ba97d2,ok,0,0,453,26.57,39,210,405,439,634
782,75829.245930199,75829.246241614,,3,GPU-46bf67bb-cb31-bee1-3cf0-c35337ba97d2,ok,0,0,453,26.682,39,210,405,439,585
783,75830.245930199,75830.246242662,,3,GPU-46bf67bb-cb31-bee1-3cf0-c35337ba97d2,ok,0,0,453,26.539,39,210,405,439,634
784,75831.245930199,75831.2462584,,3,GPU-46bf67bb-cb31-bee1-3cf0-c35337ba97d2,ok,0,0,453,26.542,39,210,405,439,634
785,75832.245930199,75832.246243068,,3,GPU-46bf67bb-cb31-bee1-3cf0-c35337ba97d2,ok,0,0,453,26.656,39,210,405,439,634
786,75833.245930199,75833.246239766,,3,GPU-46bf67bb-cb31-bee1-3cf0-c35337ba97d2,ok,0,0,453,26.426,39,210,405,439,634
787,75834.245930199,75834.246261444,,3,GPU-46bf67bb-cb31-bee1-3cf0-c35337ba97d2,ok,0,0,453,26.419,39,210,405,439,634
788,75835.245930199,75835.246240772,,3,GPU-46bf67bb-cb31-bee1-3cf0-c35337ba97d2,ok,0,0,453,26.421,39,210,405,390,634
789,75836.245930199,75836.24623965,,3,GPU-46bf67bb-cb31-bee1-3cf0-c35337ba97d2,ok,0,0,453,26.397,39,210,405,439,585
790,75837.245930199,75837.246279728,,3,GPU-46bf67bb-cb31-bee1-3cf0-c35337ba97d2,ok,0,0,453,26.625,39,210,405,390,634
791,75838.245930199,75838.246240396,,3,GPU-46bf67bb-cb31-bee1-3cf0-c35337ba97d2,ok,0,0,453,26.473,39,210,405,439,634
792,75839.245930199,75839.246243254,,3,GPU-46bf67bb-cb31-bee1-3cf0-c35337ba97d2,ok,0,0,453,26.442,39,210,405,439,634
793,75840.245930199,75840.246256802,,3,GPU-46bf67bb-cb31-bee1-3cf0-c35337ba97d2,ok,0,0,453,26.592,39,210,405,390,634
794,75841.245930199,75841.24624217,,3,GPU-46bf67bb-cb31-bee1-3cf0-c35337ba97d2,ok,0,0,453,26.427,39,210,405,439,585
795,75842.245930199,75842.246244288,,3,GPU-46bf67bb-cb31-bee1-3cf0-c35337ba97d2,ok,0,0,453,26.399,39,210,405,439,634
796,75843.245930199,75843.246257206,,3,GPU-46bf67bb-cb31-bee1-3cf0-c35337ba97d2,ok,0,0,453,26.544,39,210,405,439,585
797,75844.245930199,75844.246238874,,3,GPU-46bf67bb-cb31-bee1-3cf0-c35337ba97d2,ok,0,0,453,26.474,39,210,405,439,634
798,75845.245930199,75845.246237312,,3,GPU-46bf67bb-cb31-bee1-3cf0-c35337ba97d2,ok,0,0,453,26.501,39,210,405,390,585
799,75846.245930199,75846.24625719,,3,GPU-46bf67bb-cb31-bee1-3cf0-c35337ba97d2,ok,0,0,453,26.675,39,210,405,439,634
800,75847.245930199,75847.246246558,,3,GPU-46bf67bb-cb31-bee1-3cf0-c35337ba97d2,ok,0,0,453,26.505,39,210,405,439,634
801,75848.245930199,75848.246242706,,3,GPU-46bf67bb-cb31-bee1-3cf0-c35337ba97d2,ok,0,0,453,26.441,39,210,405,439,585
802,75849.245930199,75849.246259974,,3,GPU-46bf67bb-cb31-bee1-3cf0-c35337ba97d2,ok,0,0,453,26.6,39,210,405,439,634
803,75850.245930199,75850.246239782,,3,GPU-46bf67bb-cb31-bee1-3cf0-c35337ba97d2,ok,0,0,453,26.466,39,210,405,439,634
804,75851.245930199,75851.24623942,,3,GPU-46bf67bb-cb31-bee1-3cf0-c35337ba97d2,ok,0,0,453,26.457,39,210,405,439,634
805,75852.245930199,75852.246264158,,3,GPU-46bf67bb-cb31-bee1-3cf0-c35337ba97d2,ok,0,0,453,26.592,39,210,405,439,585
806,75853.245930199,75853.246238266,,3,GPU-46bf67bb-cb31-bee1-3cf0-c35337ba97d2,ok,0,0,453,26.405,39,210,405,439,634
807,75854.245930199,75854.246239364,,3,GPU-46bf67bb-cb31-bee1-3cf0-c35337ba97d2,ok,0,0,453,26.336,39,210,405,439,634
808,75855.245930199,75855.246256272,,3,GPU-46bf67bb-cb31-bee1-3cf0-c35337ba97d2,ok,0,0,453,26.445,39,210,405,390,585
809,75856.245930199,75856.24623954,,3,GPU-46bf67bb-cb31-bee1-3cf0-c35337ba97d2,ok,0,0,453,26.322,39,210,405,439,634
810,75857.245930199,75857.246246738,,3,GPU-46bf67bb-cb31-bee1-3cf0-c35337ba97d2,ok,0,0,453,26.352,39,210,405,439,585
811,75858.245930199,75858.246262436,,3,GPU-46bf67bb-cb31-bee1-3cf0-c35337ba97d2,ok,0,0,453,26.454,39,210,405,390,634
812,75859.245930199,75859.246237914,,3,GPU-46bf67bb-cb31-bee1-3cf0-c35337ba97d2,ok,0,0,453,26.269,39,210,405,439,634
813,75860.245930199,75860.246234772,,3,GPU-46bf67bb-cb31-bee1-3cf0-c35337ba97d2,ok,0,0,453,26.311,39,210,405,439,634
814,75861.245930199,75861.24626076,,3,GPU-46bf67bb-cb31-bee1-3cf0-c35337ba97d2,ok,0,0,453,26.527,39,210,405,390,634
815,75862.245930199,75862.246218368,,3,GPU-46bf67bb-cb31-bee1-3cf0-c35337ba97d2,ok,0,0,453,26.458,39,210,405,439,634
816,75863.245930199,75863.246233286,,3,GPU-46bf67bb-cb31-bee1-3cf0-c35337ba97d2,ok,0,0,453,26.499,39,210,405,439,634
817,75864.245930199,75864.246229504,,3,GPU-46bf67bb-cb31-bee1-3cf0-c35337ba97d2,ok,0,0,453,26.638,39,210,405,439,634
818,75865.245930199,75865.246238992,,3,GPU-46bf67bb-cb31-bee1-3cf0-c35337ba97d2,ok,0,0,453,26.477,39,210,405,439,634
819,75866.245930199,75866.24624717,,3,GPU-46bf67bb-cb31-bee1-3cf0-c35337ba97d2,ok,0,0,453,26.42,39,210,405,390,634
820,75867.245930199,75867.246235868,,3,GPU-46bf67bb-cb31-bee1-3cf0-c35337ba97d2,ok,0,0,453,26.534,39,210,405,439,634
821,75868.245930199,75868.246258036,,3,GPU-46bf67bb-cb31-bee1-3cf0-c35337ba97d2,ok,0,0,453,26.385,39,210,405,439,634
822,75869.245930199,75869.246243354,,3,GPU-46bf67bb-cb31-bee1-3cf0-c35337ba97d2,ok,0,0,453,26.393,39,210,405,439,634
823,75870.245930199,75870.246237182,,3,GPU-46bf67bb-cb31-bee1-3cf0-c35337ba97d2,ok,0,0,453,26.576,39,210,405,439,634
824,75871.245930199,75871.246244521,,3,GPU-46bf67bb-cb31-bee1-3cf0-c35337ba97d2,ok,0,0,453,26.445,39,210,405,439,634
825,75872.245930199,75872.246254189,,3,GPU-46bf67bb-cb31-bee1-3cf0-c35337ba97d2,ok,0,0,453,26.402,39,210,405,439,634
826,75873.245930199,75873.246242017,,3,GPU-46bf67bb-cb31-bee1-3cf0-c35337ba97d2,ok,0,0,453,26.438,39,210,405,390,634
827,75874.245930199,75874.246258415,,3,GPU-46bf67bb-cb31-bee1-3cf0-c35337ba97d2,ok,0,0,453,26.42,39,210,405,439,634
828,75875.245930199,75875.246235013,,3,GPU-46bf67bb-cb31-bee1-3cf0-c35337ba97d2,ok,0,0,453,26.587,39,210,405,439,634
829,75876.245930199,75876.246239111,,3,GPU-46bf67bb-cb31-bee1-3cf0-c35337ba97d2,ok,0,0,453,26.523,39,210,405,390,634
830,75877.245930199,75877.246240439,,3,GPU-46bf67bb-cb31-bee1-3cf0-c35337ba97d2,ok,0,0,453,26.494,39,210,405,439,585
831,75878.245930199,75878.246243207,,3,GPU-46bf67bb-cb31-bee1-3cf0-c35337ba97d2,ok,0,0,453,26.594,39,210,405,439,634
832,75879.245930199,75879.246229965,,3,GPU-46bf67bb-cb31-bee1-3cf0-c35337ba97d2,ok,0,0,453,26.418,39,210,405,390,634
833,75880.245930199,75880.246239223,,3,GPU-46bf67bb-cb31-bee1-3cf0-c35337ba97d2,ok,0,0,453,26.407,39,210,405,439,634
834,75881.245930199,75881.246238831,,3,GPU-46bf67bb-cb31-bee1-3cf0-c35337ba97d2,ok,0,0,453,26.54,39,210,405,439,634
835,75882.245930199,75882.246206669,,3,GPU-46bf67bb-cb31-bee1-3cf0-c35337ba97d2,ok,0,0,453,26.395,39,210,405,439,634
836,75883.245930199,75883.246242907,,3,GPU-46bf67bb-cb31-bee1-3cf0-c35337ba97d2,ok,0,0,453,26.388,39,210,405,439,634
837,75884.245930199,75884.246236855,,3,GPU-46bf67bb-cb31-bee1-3cf0-c35337ba97d2,ok,0,0,453,26.548,39,210,405,390,634
838,75885.245930199,75885.246235293,,3,GPU-46bf67bb-cb31-bee1-3cf0-c35337ba97d2,ok,0,0,453,26.398,39,210,405,439,634
839,75886.245930199,75886.246243291,,3,GPU-46bf67bb-cb31-bee1-3cf0-c35337ba97d2,ok,0,0,453,26.46,39,210,405,439,634
840,75887.245930199,75887.246238729,,3,GPU-46bf67bb-cb31-bee1-3cf0-c35337ba97d2,ok,0,0,453,26.651,39,210,405,439,634
841,75888.245930199,75888.246235537,,3,GPU-46bf67bb-cb31-bee1-3cf0-c35337ba97d2,ok,0,0,453,26.457,39,210,405,390,634
842,75889.245930199,75889.246242225,,3,GPU-46bf67bb-cb31-bee1-3cf0-c35337ba97d2,ok,0,0,453,26.459,39,210,405,439,585
843,75890.245930199,75890.246255083,,3,GPU-46bf67bb-cb31-bee1-3cf0-c35337ba97d2,ok,0,0,453,26.65,39,210,405,439,634
844,75891.245930199,75891.246237711,,3,GPU-46bf67bb-cb31-bee1-3cf0-c35337ba97d2,ok,0,0,453,26.528,39,210,405,439,634
845,75892.245930199,75892.246239689,,3,GPU-46bf67bb-cb31-bee1-3cf0-c35337ba97d2,ok,0,0,453,26.473,39,210,405,439,634
846,75893.245930199,75893.246242127,,3,GPU-46bf67bb-cb31-bee1-3cf0-c35337ba97d2,ok,0,0,453,26.594,39,210,405,439,634
847,75894.245930199,75894.246232115,,3,GPU-46bf67bb-cb31-bee1-3cf0-c35337ba97d2,ok,0,0,453,26.469,39,210,405,390,634
848,75895.245930199,75895.246240423,,3,GPU-46bf67bb-cb31-bee1-3cf0-c35337ba97d2,ok,0,0,453,26.453,39,210,405,439,634
849,75896.245930199,75896.246239451,,3,GPU-46bf67bb-cb31-bee1-3cf0-c35337ba97d2,ok,0,0,453,26.594,39,210,405,439,634
850,75897.245930199,75897.246237389,,3,GPU-46bf67bb-cb31-bee1-3cf0-c35337ba97d2,ok,0,0,453,26.484,39,210,405,390,634
851,75898.245930199,75898.246265087,,3,GPU-46bf67bb-cb31-bee1-3cf0-c35337ba97d2,ok,0,0,453,26.516,39,210,405,439,634
852,75899.245930199,75899.246243715,,3,GPU-46bf67bb-cb31-bee1-3cf0-c35337ba97d2,ok,0,0,453,26.621,39,210,405,439,634
853,75900.245930199,75900.246203493,,3,GPU-46bf67bb-cb31-bee1-3cf0-c35337ba97d2,ok,0,0,453,26.433,39,210,405,390,585
854,75901.245930199,75901.246257661,,3,GPU-46bf67bb-cb31-bee1-3cf0-c35337ba97d2,ok,0,0,453,26.458,39,210,405,439,634
855,75902.245930199,75902.246237609,,3,GPU-46bf67bb-cb31-bee1-3cf0-c35337ba97d2,ok,0,0,453,26.648,39,210,405,439,634
856,75903.245930199,75903.246248967,,3,GPU-46bf67bb-cb31-bee1-3cf0-c35337ba97d2,ok,0,0,453,26.501,39,210,405,390,634
857,75904.245930199,75904.246272535,,3,GPU-46bf67bb-cb31-bee1-3cf0-c35337ba97d2,ok,0,0,453,26.473,39,210,405,439,634
858,75905.245930199,75905.246264403,,3,GPU-46bf67bb-cb31-bee1-3cf0-c35337ba97d2,ok,0,0,453,26.617,39,210,405,390,634
859,75906.245930199,75906.246256621,,3,GPU-46bf67bb-cb31-bee1-3cf0-c35337ba97d2,ok,0,0,453,26.468,39,210,405,439,634
860,75907.245930199,75907.246267379,,3,GPU-46bf67bb-cb31-bee1-3cf0-c35337ba97d2,ok,0,0,453,26.469,39,210,405,439,634
861,75908.245930199,75908.246291727,,3,GPU-46bf67bb-cb31-bee1-3cf0-c35337ba97d2,ok,0,0,453,26.597,39,210,405,439,634
862,75909.245930199,75909.246282585,,3,GPU-46bf67bb-cb31-bee1-3cf0-c35337ba97d2,ok,0,0,453,26.506,39,210,405,439,634
863,75910.245930199,75910.246267663,,3,GPU-46bf67bb-cb31-bee1-3cf0-c35337ba97d2,ok,0,0,453,26.571,39,210,405,439,634
864,75911.245930199,75911.246280031,,3,GPU-46bf67bb-cb31-bee1-3cf0-c35337ba97d2,ok,0,0,453,26.708,39,210,405,439,634
865,75912.245930199,75912.246270259,,3,GPU-46bf67bb-cb31-bee1-3cf0-c35337ba97d2,ok,0,0,453,26.525,39,210,405,390,634
866,75913.245930199,75913.246250247,,3,GPU-46bf67bb-cb31-bee1-3cf0-c35337ba97d2,ok,0,0,453,26.465,39,210,405,439,634
867,75914.245930199,75914.246264446,,3,GPU-46bf67bb-cb31-bee1-3cf0-c35337ba97d2,ok,0,0,453,26.468,39,210,405,439,634
868,75915.245930199,75915.246256154,,3,GPU-46bf67bb-cb31-bee1-3cf0-c35337ba97d2,ok,0,0,453,26.459,39,210,405,439,634
869,75916.245930199,75916.246255622,,3,GPU-46bf67bb-cb31-bee1-3cf0-c35337ba97d2,ok,0,0,453,26.589,39,210,405,439,585
870,75917.245930199,75917.24626616,,3,GPU-46bf67bb-cb31-bee1-3cf0-c35337ba97d2,ok,0,0,453,26.435,39,210,405,390,634
871,75918.245930199,75918.246267778,,3,GPU-46bf67bb-cb31-bee1-3cf0-c35337ba97d2,ok,0,0,453,26.406,39,210,405,439,585
872,75919.245930199,75919.246273386,,3,GPU-46bf67bb-cb31-bee1-3cf0-c35337ba97d2,ok,0,0,453,26.548,39,210,405,439,634
873,75920.245930199,75920.246279664,,3,GPU-46bf67bb-cb31-bee1-3cf0-c35337ba97d2,ok,0,0,453,26.384,39,210,405,390,585
874,75921.245930199,75921.246277442,,3,GPU-46bf67bb-cb31-bee1-3cf0-c35337ba97d2,ok,0,0,453,26.404,39,210,405,439,634
875,75922.245930199,75922.24626964,,3,GPU-46bf67bb-cb31-bee1-3cf0-c35337ba97d2,ok,0,0,453,26.55,39,210,405,439,634
876,75923.245930199,75923.246280028,,3,GPU-46bf67bb-cb31-bee1-3cf0-c35337ba97d2,ok,0,0,453,26.341,39,210,405,439,634
877,75924.245930199,75924.246281776,,3,GPU-46bf67bb-cb31-bee1-3cf0-c35337ba97d2,ok,0,0,453,26.406,39,210,405,439,585
878,75925.245930199,75925.246286694,,3,GPU-46bf67bb-cb31-bee1-3cf0-c35337ba97d2,ok,0,0,453,26.636,39,210,405,390,634
879,75926.245930199,75926.246283212,,3,GPU-46bf67bb-cb31-bee1-3cf0-c35337ba97d2,ok,0,0,453,26.48,39,210,405,439,634
880,75927.245930199,75927.24626703,,3,GPU-46bf67bb-cb31-bee1-3cf0-c35337ba97d2,ok,0,0,453,26.464,39,210,405,390,634
881,75928.245930199,75928.246278168,,3,GPU-46bf67bb-cb31-bee1-3cf0-c35337ba97d2,ok,0,0,453,26.611,39,210,405,439,634
882,75929.245930199,75929.246272576,,3,GPU-46bf67bb-cb31-bee1-3cf0-c35337ba97d2,ok,0,0,453,26.425,39,210,405,439,634
883,75930.245930199,75930.246269494,,3,GPU-46bf67bb-cb31-bee1-3cf0-c35337ba97d2,ok,0,0,453,26.346,39,210,405,390,634
884,75931.245930199,75931.246287312,,3,GPU-46bf67bb-cb31-bee1-3cf0-c35337ba97d2,ok,0,0,453,26.504,39,210,405,439,585
885,75932.245930199,75932.24628319,,3,GPU-46bf67bb-cb31-bee1-3cf0-c35337ba97d2,ok,0,0,453,26.407,39,210,405,439,634
886,75933.245930199,75933.246236248,,3,GPU-46bf67bb-cb31-bee1-3cf0-c35337ba97d2,ok,0,0,453,26.415,39,210,405,439,634
887,75934.245930199,75934.246269776,,3,GPU-46bf67bb-cb31-bee1-3cf0-c35337ba97d2,ok,0,0,453,26.568,39,210,405,390,634
888,75935.245930199,75935.246292574,,3,GPU-46bf67bb-cb31-bee1-3cf0-c35337ba97d2,ok,0,0,453,26.43,39,210,405,439,634
889,75936.245930199,75936.246253522,,3,GPU-46bf67bb-cb31-bee1-3cf0-c35337ba97d2,ok,0,0,453,26.44,39,210,405,439,634
890,75937.245930199,75937.24625574,,3,GPU-46bf67bb-cb31-bee1-3cf0-c35337ba97d2,ok,0,0,453,26.573,39,210,405,439,634
891,75938.245930199,75938.246279188,,3,GPU-46bf67bb-cb31-bee1-3cf0-c35337ba97d2,ok,0,0,453,26.421,39,210,405,439,634
892,75939.245930199,75939.246253846,,3,GPU-46bf67bb-cb31-bee1-3cf0-c35337ba97d2,ok,0,0,453,26.412,39,210,405,439,634
893,75940.245930199,75940.246254504,,3,GPU-46bf67bb-cb31-bee1-3cf0-c35337ba97d2,ok,0,0,453,26.619,39,210,405,390,634
894,75941.245930199,75941.246276542,,3,GPU-46bf67bb-cb31-bee1-3cf0-c35337ba97d2,ok,0,0,453,26.512,39,210,405,439,585
895,75942.245930199,75942.2462604,,3,GPU-46bf67bb-cb31-bee1-3cf0-c35337ba97d2,ok,0,0,453,26.422,39,210,405,439,634
896,75943.245930199,75943.246255828,,3,GPU-46bf67bb-cb31-bee1-3cf0-c35337ba97d2,ok,0,0,453,26.528,39,210,405,390,585
897,75944.245930199,75944.246281016,,3,GPU-46bf67bb-cb31-bee1-3cf0-c35337ba97d2,ok,0,0,453,26.413,39,210,405,439,634
898,75945.245930199,75945.246253604,,3,GPU-46bf67bb-cb31-bee1-3cf0-c35337ba97d2,ok,0,0,453,26.525,39,210,405,439,585
899,75946.245930199,75946.246248682,,3,GPU-46bf67bb-cb31-bee1-3cf0-c35337ba97d2,ok,0,0,453,26.751,39,210,405,439,634
900,75947.245930199,75947.2462773,,3,GPU-46bf67bb-cb31-bee1-3cf0-c35337ba97d2,ok,0,0,453,26.574,39,210,405,439,634
901,75948.245930199,75948.246254998,,3,GPU-46bf67bb-cb31-bee1-3cf0-c35337ba97d2,ok,0,0,453,26.54,39,210,405,439,634
902,75949.245930199,75949.246257706,,3,GPU-46bf67bb-cb31-bee1-3cf0-c35337ba97d2,ok,0,0,453,26.624,39,210,405,390,634
903,75950.245930199,75950.246267504,,3,GPU-46bf67bb-cb31-bee1-3cf0-c35337ba97d2,ok,0,0,453,26.479,39,210,405,439,634
904,75951.245930199,75951.246251542,,3,GPU-46bf67bb-cb31-bee1-3cf0-c35337ba97d2,ok,0,0,453,26.54,39,210,405,390,585
905,75952.245930199,75952.24625069,,3,GPU-46bf67bb-cb31-bee1-3cf0-c35337ba97d2,ok,0,0,453,26.605,39,210,405,439,634
906,75953.245930199,75953.246281108,,3,GPU-46bf67bb-cb31-bee1-3cf0-c35337ba97d2,ok,0,0,453,26.514,39,210,405,390,585
907,75954.245930199,75954.246250546,,3,GPU-46bf67bb-cb31-bee1-3cf0-c35337ba97d2,ok,0,0,453,26.582,39,210,405,488,634
908,75955.245930199,75955.246252274,,3,GPU-46bf67bb-cb31-bee1-3cf0-c35337ba97d2,ok,0,0,453,26.449,39,210,405,439,585
909,75956.245930199,75956.246271292,,3,GPU-46bf67bb-cb31-bee1-3cf0-c35337ba97d2,ok,0,0,453,26.424,39,210,405,439,585
910,75957.245930199,75957.24624968,,3,GPU-46bf67bb-cb31-bee1-3cf0-c35337ba97d2,ok,0,0,453,26.6,39,210,405,390,634
911,75958.245930199,75958.246254399,,3,GPU-46bf67bb-cb31-bee1-3cf0-c35337ba97d2,ok,0,0,453,26.433,39,210,405,439,585
912,75959.245930199,75959.246285427,,3,GPU-46bf67bb-cb31-bee1-3cf0-c35337ba97d2,ok,0,0,453,26.433,39,210,405,439,634
913,75960.245930199,75960.246255405,,3,GPU-46bf67bb-cb31-bee1-3cf0-c35337ba97d2,ok,0,0,453,26.631,39,210,405,439,585
914,75961.245930199,75961.246260893,,3,GPU-46bf67bb-cb31-bee1-3cf0-c35337ba97d2,ok,0,0,453,26.538,39,210,405,439,634
915,75962.245930199,75962.246280111,,3,GPU-46bf67bb-cb31-bee1-3cf0-c35337ba97d2,ok,0,0,453,26.536,39,210,405,390,585
916,75963.245930199,75963.246254629,,3,GPU-46bf67bb-cb31-bee1-3cf0-c35337ba97d2,ok,0,0,453,26.651,39,210,405,439,634
917,75964.245930199,75964.246252947,,3,GPU-46bf67bb-cb31-bee1-3cf0-c35337ba97d2,ok,0,0,453,26.492,39,210,405,439,634
918,75965.245930199,75965.246278975,,3,GPU-46bf67bb-cb31-bee1-3cf0-c35337ba97d2,ok,0,0,453,26.482,39,210,405,439,585
919,75966.245930199,75966.246251353,,3,GPU-46bf67bb-cb31-bee1-3cf0-c35337ba97d2,ok,0,0,453,26.616,39,210,405,439,634
920,75967.245930199,75967.246258401,,3,GPU-46bf67bb-cb31-bee1-3cf0-c35337ba97d2,ok,0,0,453,26.469,39,210,405,390,634
921,75968.245930199,75968.246279069,,3,GPU-46bf67bb-cb31-bee1-3cf0-c35337ba97d2,ok,0,0,453,26.492,39,210,405,439,634
922,75969.245930199,75969.246252667,,3,GPU-46bf67bb-cb31-bee1-3cf0-c35337ba97d2,ok,0,0,453,26.676,39,210,405,439,634
923,75970.245930199,75970.246255555,,3,GPU-46bf67bb-cb31-bee1-3cf0-c35337ba97d2,ok,0,0,453,26.609,39,210,405,390,634
924,75971.245930199,75971.246271783,,3,GPU-46bf67bb-cb31-bee1-3cf0-c35337ba97d2,ok,0,0,453,26.668,39,210,405,439,585
925,75972.245930199,75972.246250401,,3,GPU-46bf67bb-cb31-bee1-3cf0-c35337ba97d2,ok,0,0,453,26.807,39,210,405,439,634
926,75973.245930199,75973.246251669,,3,GPU-46bf67bb-cb31-bee1-3cf0-c35337ba97d2,ok,0,0,453,26.619,39,210,405,439,634
927,75974.245930199,75974.246282387,,3,GPU-46bf67bb-cb31-bee1-3cf0-c35337ba97d2,ok,0,0,453,26.646,39,210,405,439,634
928,75975.245930199,75975.246247475,,3,GPU-46bf67bb-cb31-bee1-3cf0-c35337ba97d2,ok,0,0,453,26.824,39,210,405,439,634
929,75976.245930199,75976.246252483,,3,GPU-46bf67bb-cb31-bee1-3cf0-c35337ba97d2,ok,0,0,453,26.694,39,210,405,390,634
930,75977.245930199,75977.246278261,,3,GPU-46bf67bb-cb31-bee1-3cf0-c35337ba97d2,ok,0,0,453,26.696,39,210,405,439,634
931,75978.245930199,75978.246253779,,3,GPU-46bf67bb-cb31-bee1-3cf0-c35337ba97d2,ok,0,0,453,26.805,39,210,405,439,585
932,75979.245930199,75979.246255267,,3,GPU-46bf67bb-cb31-bee1-3cf0-c35337ba97d2,ok,0,0,453,26.646,39,210,405,439,634
933,75980.245930199,75980.246280315,,3,GPU-46bf67bb-cb31-bee1-3cf0-c35337ba97d2,ok,0,0,453,26.613,39,210,405,439,634
934,75981.245930199,75981.246254633,,3,GPU-46bf67bb-cb31-bee1-3cf0-c35337ba97d2,ok,0,0,453,26.695,39,210,405,439,585
935,75982.245930199,75982.246253001,,3,GPU-46bf67bb-cb31-bee1-3cf0-c35337ba97d2,ok,0,0,453,26.467,39,210,405,439,634
936,75983.245930199,75983.246278699,,3,GPU-46bf67bb-cb31-bee1-3cf0-c35337ba97d2,ok,0,0,453,26.493,39,210,405,390,585
937,75984.245930199,75984.246259057,,3,GPU-46bf67bb-cb31-bee1-3cf0-c35337ba97d2,ok,0,0,453,26.739,39,210,405,439,634
938,75985.245930199,75985.246263305,,3,GPU-46bf67bb-cb31-bee1-3cf0-c35337ba97d2,ok,0,0,453,26.532,39,210,405,439,634
939,75986.245930199,75986.246276153,,3,GPU-46bf67bb-cb31-bee1-3cf0-c35337ba97d2,ok,0,0,453,26.489,39,210,405,390,634
940,75987.245930199,75987.246253081,,3,GPU-46bf67bb-cb31-bee1-3cf0-c35337ba97d2,ok,0,0,453,26.651,39,210,405,439,634
941,75988.245930199,75988.246254309,,3,GPU-46bf67bb-cb31-bee1-3cf0-c35337ba97d2,ok,0,0,453,26.466,39,210,405,439,585
942,75989.245930199,75989.246278517,,3,GPU-46bf67bb-cb31-bee1-3cf0-c35337ba97d2,ok,0,0,453,26.445,39,210,405,439,634
943,75990.245930199,75990.246256075,,3,GPU-46bf67bb-cb31-bee1-3cf0-c35337ba97d2,ok,0,0,453,26.597,39,210,405,390,585
944,75991.245930199,75991.246248793,,3,GPU-46bf67bb-cb31-bee1-3cf0-c35337ba97d2,ok,0,0,453,26.439,39,210,405,439,634
945,75992.245930199,75992.246279631,,3,GPU-46bf67bb-cb31-bee1-3cf0-c35337ba97d2,ok,0,0,453,26.427,39,210,405,439,585
946,75993.245930199,75993.246254859,,3,GPU-46bf67bb-cb31-bee1-3cf0-c35337ba97d2,ok,0,0,453,26.464,39,210,405,390,634
947,75994.245930199,75994.246256167,,3,GPU-46bf67bb-cb31-bee1-3cf0-c35337ba97d2,ok,0,0,453,26.473,39,210,405,439,634
948,75995.245930199,75995.246278785,,3,GPU-46bf67bb-cb31-bee1-3cf0-c35337ba97d2,ok,0,0,453,26.628,39,210,405,439,634
949,75996.245930199,75996.246250953,,3,GPU-46bf67bb-cb31-bee1-3cf0-c35337ba97d2,ok,0,0,453,26.489,39,210,405,439,634
950,75997.245930199,75997.246256581,,3,GPU-46bf67bb-cb31-bee1-3cf0-c35337ba97d2,ok,0,0,453,26.467,39,210,405,390,634
951,75998.245930199,75998.246278949,,3,GPU-46bf67bb-cb31-bee1-3cf0-c35337ba97d2,ok,0,0,453,26.618,39,210,405,439,634
952,75999.245930199,75999.246259187,,3,GPU-46bf67bb-cb31-bee1-3cf0-c35337ba97d2,ok,0,0,453,26.514,39,210,405,439,634
953,76000.245930199,76000.246251855,,3,GPU-46bf67bb-cb31-bee1-3cf0-c35337ba97d2,ok,0,0,453,26.479,39,210,405,439,585
954,76001.245930199,76001.246281234,,3,GPU-46bf67bb-cb31-bee1-3cf0-c35337ba97d2,ok,0,0,453,26.567,39,210,405,439,634
955,76002.245930199,76002.246253382,,3,GPU-46bf67bb-cb31-bee1-3cf0-c35337ba97d2,ok,0,0,453,26.472,39,210,405,439,634
956,76003.245930199,76003.24624763,,3,GPU-46bf67bb-cb31-bee1-3cf0-c35337ba97d2,ok,0,0,453,26.573,39,210,405,439,585
957,76004.245930199,76004.246283728,,3,GPU-46bf67bb-cb31-bee1-3cf0-c35337ba97d2,ok,0,0,453,26.746,39,210,405,439,634
958,76005.245930199,76005.246254276,,3,GPU-46bf67bb-cb31-bee1-3cf0-c35337ba97d2,ok,0,0,453,26.552,39,210,405,439,585
959,76006.245930199,76006.246254204,,3,GPU-46bf67bb-cb31-bee1-3cf0-c35337ba97d2,ok,0,0,453,26.513,39,210,405,439,634
960,76007.245930199,76007.246250702,,3,GPU-46bf67bb-cb31-bee1-3cf0-c35337ba97d2,ok,0,0,453,26.688,39,210,405,439,634
961,76008.245930199,76008.24625293,,3,GPU-46bf67bb-cb31-bee1-3cf0-c35337ba97d2,ok,0,0,453,26.581,39,210,405,439,634
962,76009.245930199,76009.246257668,,3,GPU-46bf67bb-cb31-bee1-3cf0-c35337ba97d2,ok,0,0,453,26.617,39,210,405,439,634
963,76010.245930199,76010.246291466,,3,GPU-46bf67bb-cb31-bee1-3cf0-c35337ba97d2,ok,0,0,453,26.779,39,210,405,439,585
964,76011.245930199,76011.246252764,,3,GPU-46bf67bb-cb31-bee1-3cf0-c35337ba97d2,ok,0,0,453,26.579,39,210,405,439,634
965,76012.245930199,76012.246257992,,3,GPU-46bf67bb-cb31-bee1-3cf0-c35337ba97d2,ok,0,0,453,26.534,39,210,405,439,634
966,76013.245930199,76013.2462971,,3,GPU-46bf67bb-cb31-bee1-3cf0-c35337ba97d2,ok,0,0,453,26.658,39,210,405,439,634
967,76014.245930199,76014.246254688,,3,GPU-46bf67bb-cb31-bee1-3cf0-c35337ba97d2,ok,0,0,453,26.512,39,210,405,439,634
968,76015.245930199,76015.246252976,,3,GPU-46bf67bb-cb31-bee1-3cf0-c35337ba97d2,ok,0,0,453,26.486,39,210,405,439,634
969,76016.245930199,76016.246281344,,3,GPU-46bf67bb-cb31-bee1-3cf0-c35337ba97d2,ok,0,0,453,26.634,39,210,405,439,634
970,76017.245930199,76017.246251402,,3,GPU-46bf67bb-cb31-bee1-3cf0-c35337ba97d2,ok,0,0,453,26.516,39,210,405,439,634
971,76018.245930199,76018.24625086,,3,GPU-46bf67bb-cb31-bee1-3cf0-c35337ba97d2,ok,0,0,453,26.529,39,210,405,439,634
972,76019.245930199,76019.246280238,,3,GPU-46bf67bb-cb31-bee1-3cf0-c35337ba97d2,ok,0,0,453,26.678,39,210,405,439,634
973,76020.245930199,76020.246251136,,3,GPU-46bf67bb-cb31-bee1-3cf0-c35337ba97d2,ok,0,0,453,26.541,39,210,405,439,634
974,76021.245930199,76021.246253844,,3,GPU-46bf67bb-cb31-bee1-3cf0-c35337ba97d2,ok,0,0,453,26.521,39,210,405,439,634
975,76022.245930199,76022.246274422,,3,GPU-46bf67bb-cb31-bee1-3cf0-c35337ba97d2,ok,0,0,453,26.631,39,210,405,439,634
976,76023.245930199,76023.24625262,,3,GPU-46bf67bb-cb31-bee1-3cf0-c35337ba97d2,ok,0,0,453,26.425,39,210,405,439,634
977,76024.245930199,76024.246249418,,3,GPU-46bf67bb-cb31-bee1-3cf0-c35337ba97d2,ok,0,0,453,26.416,39,210,405,390,585
978,76025.245930199,76025.246272956,,3,GPU-46bf67bb-cb31-bee1-3cf0-c35337ba97d2,ok,0,0,453,26.593,39,210,405,439,634
979,76026.245930199,76026.246249944,,3,GPU-46bf67bb-cb31-bee1-3cf0-c35337ba97d2,ok,0,0,453,26.421,39,210,405,439,634
980,76027.245930199,76027.246251752,,3,GPU-46bf67bb-cb31-bee1-3cf0-c35337ba97d2,ok,0,0,453,26.444,39,210,405,488,585
981,76028.245930199,76028.2462951,,3,GPU-46bf67bb-cb31-bee1-3cf0-c35337ba97d2,ok,0,0,453,26.649,39,210,405,439,634
982,76029.245930199,76029.246255238,,3,GPU-46bf67bb-cb31-bee1-3cf0-c35337ba97d2,ok,0,0,453,26.565,39,210,405,390,634
983,76030.245930199,76030.246271856,,3,GPU-46bf67bb-cb31-bee1-3cf0-c35337ba97d2,ok,0,0,453,26.618,39,210,405,439,634
984,76031.245930199,76031.246302344,,3,GPU-46bf67bb-cb31-bee1-3cf0-c35337ba97d2,ok,0,0,453,26.716,39,210,405,439,634
985,76032.245930199,76032.246264862,,3,GPU-46bf67bb-cb31-bee1-3cf0-c35337ba97d2,ok,0,0,453,26.566,39,210,405,390,634
986,76033.245930199,76033.2462729,,3,GPU-46bf67bb-cb31-bee1-3cf0-c35337ba97d2,ok,0,0,453,26.565,39,210,405,439,634
987,76034.245930199,76034.246301268,,3,GPU-46bf67bb-cb31-bee1-3cf0-c35337ba97d2,ok,0,0,453,26.482,39,210,405,439,585
988,76035.245930199,76035.246267126,,3,GPU-46bf67bb-cb31-bee1-3cf0-c35337ba97d2,ok,0,0,453,26.509,39,210,405,439,634
989,76036.245930199,76036.246269894,,3,GPU-46bf67bb-cb31-bee1-3cf0-c35337ba97d2,ok,0,0,453,26.684,39,210,405,439,585
990,76037.245930199,76037.246298322,,3,GPU-46bf67bb-cb31-bee1-3cf0-c35337ba97d2,ok,0,0,453,26.539,39,210,405,390,634
991,76038.245930199,76038.2462576,,3,GPU-46bf67bb-cb31-bee1-3cf0-c35337ba97d2,ok,0,0,453,26.532,39,210,405,439,585
992,76039.245930199,76039.246249458,,3,GPU-46bf67bb-cb31-bee1-3cf0-c35337ba97d2,ok,0,0,453,26.693,39,210,405,390,634
993,76040.245930199,76040.246279526,,3,GPU-46bf67bb-cb31-bee1-3cf0-c35337ba97d2,ok,0,0,453,26.584,39,210,405,439,634
994,76041.245930199,76041.246274694,,3,GPU-46bf67bb-cb31-bee1-3cf0-c35337ba97d2,ok,0,0,453,26.542,39,210,405,390,634
995,76042.245930199,76042.246261522,,3,GPU-46bf67bb-cb31-bee1-3cf0-c35337ba97d2,ok,0,0,453,26.656,39,210,405,439,634
996,76043.245930199,76043.24626269,,3,GPU-46bf67bb-cb31-bee1-3cf0-c35337ba97d2,ok,0,0,453,26.532,39,210,405,390,634
997,76044.245930199,76044.246267589,,3,GPU-46bf67bb-cb31-bee1-3cf0-c35337ba97d2,ok,0,0,453,26.49,39,210,405,439,634
998,76045.245930199,76045.246272547,,3,GPU-46bf67bb-cb31-bee1-3cf0-c35337ba97d2,ok,0,0,453,26.583,39,210,405,439,634
999,76046.245930199,76046.246297905,,3,GPU-46bf67bb-cb31-bee1-3cf0-c35337ba97d2,ok,0,0,453,26.446,39,210,405,390,585
1000,76047.245930199,76047.246270223,,3,GPU-46bf67bb-cb31-bee1-3cf0-c35337ba97d2,ok,0,0,453,26.46,39,210,405,439,634
1001,76048.245930199,76048.246264661,,3,GPU-46bf67bb-cb31-bee1-3cf0-c35337ba97d2,ok,0,0,453,26.588,39,210,405,439,585
1002,76049.245930199,76049.246293509,,3,GPU-46bf67bb-cb31-bee1-3cf0-c35337ba97d2,ok,0,0,453,26.381,39,210,405,390,634
1003,76050.245930199,76050.246274647,,3,GPU-46bf67bb-cb31-bee1-3cf0-c35337ba97d2,ok,0,0,453,26.379,39,210,405,439,585
1004,76051.245930199,76051.246278005,,3,GPU-46bf67bb-cb31-bee1-3cf0-c35337ba97d2,ok,0,0,453,26.597,39,210,405,439,634
1005,76052.245930199,76052.246314983,,3,GPU-46bf67bb-cb31-bee1-3cf0-c35337ba97d2,ok,0,0,453,26.481,39,210,405,390,634
1006,76053.245930199,76053.246265901,,3,GPU-46bf67bb-cb31-bee1-3cf0-c35337ba97d2,ok,0,0,453,26.464,39,210,405,439,634
1007,76054.245930199,76054.246270329,,3,GPU-46bf67bb-cb31-bee1-3cf0-c35337ba97d2,ok,0,0,453,26.576,39,210,405,439,634
1008,76055.245930199,76055.246295617,,3,GPU-46bf67bb-cb31-bee1-3cf0-c35337ba97d2,ok,0,0,453,26.391,39,210,405,439,634
1009,76056.245930199,76056.246270455,,3,GPU-46bf67bb-cb31-bee1-3cf0-c35337ba97d2,ok,0,0,453,26.382,39,210,405,439,634
1010,76057.245930199,76057.246274113,,3,GPU-46bf67bb-cb31-bee1-3cf0-c35337ba97d2,ok,0,0,453,26.546,39,210,405,390,634
1011,76058.245930199,76058.246293871,,3,GPU-46bf67bb-cb31-bee1-3cf0-c35337ba97d2,ok,0,0,453,26.456,39,210,405,439,634
1012,76059.245930199,76059.246249259,,3,GPU-46bf67bb-cb31-bee1-3cf0-c35337ba97d2,ok,0,0,453,26.476,39,210,405,439,585
1013,76060.245930199,76060.246245877,,3,GPU-46bf67bb-cb31-bee1-3cf0-c35337ba97d2,ok,0,0,453,26.65,39,210,405,439,634
1014,76061.245930199,76061.246311155,,3,GPU-46bf67bb-cb31-bee1-3cf0-c35337ba97d2,ok,0,0,453,26.574,39,210,405,439,634
1015,76062.245930199,76062.246250233,,3,GPU-46bf67bb-cb31-bee1-3cf0-c35337ba97d2,ok,0,0,453,26.605,39,210,405,439,634
1016,76063.245930199,76063.246256751,,3,GPU-46bf67bb-cb31-bee1-3cf0-c35337ba97d2,ok,0,0,453,26.769,39,210,405,439,634
1017,76064.245930199,76064.246278599,,3,GPU-46bf67bb-cb31-bee1-3cf0-c35337ba97d2,ok,0,0,453,26.549,39,210,405,439,634
1018,76065.245930199,76065.246256737,,3,GPU-46bf67bb-cb31-bee1-3cf0-c35337ba97d2,ok,0,0,453,26.464,39,210,405,439,634
1019,76066.245930199,76066.246252345,,3,GPU-46bf67bb-cb31-bee1-3cf0-c35337ba97d2,ok,0,0,453,26.66,39,210,405,439,634
1020,76067.245930199,76067.246273483,,3,GPU-46bf67bb-cb31-bee1-3cf0-c35337ba97d2,ok,0,0,453,26.551,39,210,405,439,634
1021,76068.245930199,76068.246252581,,3,GPU-46bf67bb-cb31-bee1-3cf0-c35337ba97d2,ok,0,0,453,26.53,39,210,405,390,585
1022,76069.245930199,76069.246250329,,3,GPU-46bf67bb-cb31-bee1-3cf0-c35337ba97d2,ok,0,0,453,26.653,39,210,405,439,634
1023,76070.245930199,76070.246275547,,3,GPU-46bf67bb-cb31-bee1-3cf0-c35337ba97d2,ok,0,0,453,26.484,39,210,405,439,634
1024,76071.245930199,76071.246252835,,3,GPU-46bf67bb-cb31-bee1-3cf0-c35337ba97d2,ok,0,0,453,26.533,39,210,405,390,585
1025,76072.245930199,76072.246254043,,3,GPU-46bf67bb-cb31-bee1-3cf0-c35337ba97d2,ok,0,0,453,26.522,39,210,405,439,634
1026,76073.245930199,76073.246278891,,3,GPU-46bf67bb-cb31-bee1-3cf0-c35337ba97d2,ok,0,0,453,26.508,39,210,405,439,585
1027,76074.245930199,76074.246257839,,3,GPU-46bf67bb-cb31-bee1-3cf0-c35337ba97d2,ok,0,0,453,26.693,39,210,405,439,634
1028,76075.245930199,76075.246248857,,3,GPU-46bf67bb-cb31-bee1-3cf0-c35337ba97d2,ok,0,0,453,26.507,39,210,405,439,585
1029,76076.245930199,76076.246281095,,3,GPU-46bf67bb-cb31-bee1-3cf0-c35337ba97d2,ok,0,0,453,26.5,39,210,405,439,634
1030,76077.245930199,76077.246249553,,3,GPU-46bf67bb-cb31-bee1-3cf0-c35337ba97d2,ok,0,0,453,26.682,39,210,405,439,634
1031,76078.245930199,76078.246249671,,3,GPU-46bf67bb-cb31-bee1-3cf0-c35337ba97d2,ok,0,0,453,26.528,39,210,405,439,634
1032,76079.245930199,76079.246278629,,3,GPU-46bf67bb-cb31-bee1-3cf0-c35337ba97d2,ok,0,0,453,26.481,39,210,405,439,634
1033,76080.245930199,76080.246261207,,3,GPU-46bf67bb-cb31-bee1-3cf0-c35337ba97d2,ok,0,0,453,26.567,39,210,405,390,634
1034,76081.245930199,76081.246262225,,3,GPU-46bf67bb-cb31-bee1-3cf0-c35337ba97d2,ok,0,0,453,26.386,39,210,405,439,634
1035,76082.245930199,76082.246284993,,3,GPU-46bf67bb-cb31-bee1-3cf0-c35337ba97d2,ok,0,0,453,26.431,39,210,405,390,634
1036,76083.245930199,76083.246250071,,3,GPU-46bf67bb-cb31-bee1-3cf0-c35337ba97d2,ok,0,0,453,26.64,39,210,405,439,634
1037,76084.245930199,76084.246248819,,3,GPU-46bf67bb-cb31-bee1-3cf0-c35337ba97d2,ok,0,0,453,26.507,39,210,405,439,634
1038,76085.245930199,76085.246279117,,3,GPU-46bf67bb-cb31-bee1-3cf0-c35337ba97d2,ok,0,0,453,26.447,39,210,405,439,634
1039,76086.245930199,76086.246257465,,3,GPU-46bf67bb-cb31-bee1-3cf0-c35337ba97d2,ok,0,0,453,26.564,39,210,405,439,634
1040,76087.245930199,76087.246250284,,3,GPU-46bf67bb-cb31-bee1-3cf0-c35337ba97d2,ok,0,0,453,26.5,39,210,405,390,634
1041,76088.245930199,76088.246280212,,3,GPU-46bf67bb-cb31-bee1-3cf0-c35337ba97d2,ok,0,0,453,26.607,39,210,405,439,634
1042,76089.245930199,76089.24625607,,3,GPU-46bf67bb-cb31-bee1-3cf0-c35337ba97d2,ok,0,0,453,26.799,39,210,405,439,634
1043,76090.245930199,76090.246253658,,3,GPU-46bf67bb-cb31-bee1-3cf0-c35337ba97d2,ok,0,0,453,26.653,39,210,405,439,634
1044,76091.245930199,76091.246279386,,3,GPU-46bf67bb-cb31-bee1-3cf0-c35337ba97d2,ok,0,0,453,26.635,39,210,405,439,634
1045,76092.245930199,76092.246251264,,3,GPU-46bf67bb-cb31-bee1-3cf0-c35337ba97d2,ok,0,0,453,26.764,39,210,405,439,634
1046,76093.245930199,76093.246249992,,3,GPU-46bf67bb-cb31-bee1-3cf0-c35337ba97d2,ok,0,0,453,26.602,39,210,405,390,634
1047,76094.245930199,76094.24628348,,3,GPU-46bf67bb-cb31-bee1-3cf0-c35337ba97d2,ok,0,0,453,26.621,39,210,405,439,634
1048,76095.245930199,76095.246251968,,3,GPU-46bf67bb-cb31-bee1-3cf0-c35337ba97d2,ok,0,0,453,26.815,39,210,405,439,634
1049,76096.245930199,76096.246250686,,3,GPU-46bf67bb-cb31-bee1-3cf0-c35337ba97d2,ok,0,0,453,26.633,39,210,405,390,634
1050,76097.245930199,76097.246253554,,3,GPU-46bf67bb-cb31-bee1-3cf0-c35337ba97d2,ok,0,0,453,26.624,39,210,405,439,634
1051,76098.245930199,76098.246248892,,3,GPU-46bf67bb-cb31-bee1-3cf0-c35337ba97d2,ok,0,0,453,26.785,39,210,405,439,585
1052,76099.245930199,76099.24628067,,3,GPU-46bf67bb-cb31-bee1-3cf0-c35337ba97d2,ok,0,0,453,26.641,39,210,405,439,634
1053,76100.245930199,76100.246253428,,3,GPU-46bf67bb-cb31-bee1-3cf0-c35337ba97d2,ok,0,0,453,26.637,39,210,405,439,634
1054,76101.245930199,76101.246250846,,3,GPU-46bf67bb-cb31-bee1-3cf0-c35337ba97d2,ok,0,0,453,26.728,39,210,405,439,634
1055,76102.245930199,76102.246285804,,3,GPU-46bf67bb-cb31-bee1-3cf0-c35337ba97d2,ok,0,0,453,26.581,39,210,405,439,634
1056,76103.245930199,76103.246259462,,3,GPU-46bf67bb-cb31-bee1-3cf0-c35337ba97d2,ok,0,0,453,26.619,39,210,405,439,634
1057,76104.245930199,76104.2462563,,3,GPU-46bf67bb-cb31-bee1-3cf0-c35337ba97d2,ok,0,0,453,26.76,39,210,405,439,634
1058,76105.245930199,76105.246281078,,3,GPU-46bf67bb-cb31-bee1-3cf0-c35337ba97d2,ok,0,0,453,26.597,39,210,405,439,634
1059,76106.245930199,76106.246251356,,3,GPU-46bf67bb-cb31-bee1-3cf0-c35337ba97d2,ok,0,0,453,26.619,39,210,405,390,634
1060,76107.245930199,76107.246255604,,3,GPU-46bf67bb-cb31-bee1-3cf0-c35337ba97d2,ok,0,0,453,26.785,39,210,405,439,634
1061,76108.245930199,76108.246281052,,3,GPU-46bf67bb-cb31-bee1-3cf0-c35337ba97d2,ok,0,0,453,26.552,39,210,405,390,585
1062,76109.245930199,76109.24625582,,3,GPU-46bf67bb-cb31-bee1-3cf0-c35337ba97d2,ok,0,0,453,26.489,39,210,405,439,634
1063,76110.245930199,76110.246251638,,3,GPU-46bf67bb-cb31-bee1-3cf0-c35337ba97d2,ok,0,0,453,26.581,39,210,405,439,585
1064,76111.245930199,76111.246283936,,3,GPU-46bf67bb-cb31-bee1-3cf0-c35337ba97d2,ok,0,0,453,26.533,39,210,405,390,634
1065,76112.245930199,76112.246253234,,3,GPU-46bf67bb-cb31-bee1-3cf0-c35337ba97d2,ok,0,0,453,26.626,39,210,405,439,634
1066,76113.245930199,76113.246246532,,3,GPU-46bf67bb-cb31-bee1-3cf0-c35337ba97d2,ok,0,0,453,26.572,39,210,405,390,634
1067,76114.245930199,76114.24628355,,3,GPU-46bf67bb-cb31-bee1-3cf0-c35337ba97d2,ok,0,0,453,26.599,39,210,405,439,634
1068,76115.245930199,76115.246253748,,3,GPU-46bf67bb-cb31-bee1-3cf0-c35337ba97d2,ok,0,0,453,26.698,39,210,405,439,634
1069,76116.245930199,76116.246256606,,3,GPU-46bf67bb-cb31-bee1-3cf0-c35337ba97d2,ok,0,0,453,26.469,39,210,405,439,634
1070,76117.245930199,76117.246285914,,3,GPU-46bf67bb-cb31-bee1-3cf0-c35337ba97d2,ok,0,0,453,26.479,39,210,405,439,634
1071,76118.245930199,76118.246255242,,3,GPU-46bf67bb-cb31-bee1-3cf0-c35337ba97d2,ok,0,0,453,26.722,39,210,405,439,634
1072,76119.245930199,76119.24625222,,3,GPU-46bf67bb-cb31-bee1-3cf0-c35337ba97d2,ok,0,0,453,26.534,39,210,405,390,585
1073,76120.245930199,76120.246291628,,3,GPU-46bf67bb-cb31-bee1-3cf0-c35337ba97d2,ok,0,0,453,26.506,39,210,405,439,634
1074,76121.245930199,76121.246255506,,3,GPU-46bf67bb-cb31-bee1-3cf0-c35337ba97d2,ok,0,0,453,26.694,39,210,405,439,585
1075,76122.245930199,76122.246257554,,3,GPU-46bf67bb-cb31-bee1-3cf0-c35337ba97d2,ok,0,0,453,26.486,39,210,405,390,634
1076,76123.245930199,76123.246285212,,3,GPU-46bf67bb-cb31-bee1-3cf0-c35337ba97d2,ok,0,0,453,26.471,39,210,405,439,634
1077,76124.245930199,76124.24625305,,3,GPU-46bf67bb-cb31-bee1-3cf0-c35337ba97d2,ok,0,0,453,26.661,39,210,405,439,634
1078,76125.245930199,76125.246249248,,3,GPU-46bf67bb-cb31-bee1-3cf0-c35337ba97d2,ok,0,0,453,26.511,39,210,405,439,634
1079,76126.245930199,76126.246280526,,3,GPU-46bf67bb-cb31-bee1-3cf0-c35337ba97d2,ok,0,0,453,26.458,39,210,405,390,634
1080,76127.245930199,76127.246253724,,3,GPU-46bf67bb-cb31-bee1-3cf0-c35337ba97d2,ok,0,0,453,26.618,39,210,405,439,634
1081,76128.245930199,76128.246251942,,3,GPU-46bf67bb-cb31-bee1-3cf0-c35337ba97d2,ok,0,0,453,26.536,39,210,405,439,634
1082,76129.245930199,76129.24628233,,3,GPU-46bf67bb-cb31-bee1-3cf0-c35337ba97d2,ok,0,0,453,26.562,39,210,405,390,634
1083,76130.245930199,76130.246252608,,3,GPU-46bf67bb-cb31-bee1-3cf0-c35337ba97d2,ok,0,0,453,26.716,39,210,405,439,634
1084,76131.245930199,76131.246250657,,3,GPU-46bf67bb-cb31-bee1-3cf0-c35337ba97d2,ok,0,0,453,26.594,39,210,405,439,634
1085,76132.245930199,76132.246279325,,3,GPU-46bf67bb-cb31-bee1-3cf0-c35337ba97d2,ok,0,0,453,26.636,39,210,405,390,634
1086,76133.245930199,76133.246254883,,3,GPU-46bf67bb-cb31-bee1-3cf0-c35337ba97d2,ok,0,0,453,26.756,39,210,405,439,585
1087,76134.245930199,76134.246255521,,3,GPU-46bf67bb-cb31-bee1-3cf0-c35337ba97d2,ok,0,0,453,26.547,39,210,405,439,634
1088,76135.245930199,76135.246285309,,3,GPU-46bf67bb-cb31-bee1-3cf0-c35337ba97d2,ok,0,0,453,26.56,39,210,405,439,634
1089,76136.245930199,76136.246252407,,3,GPU-46bf67bb-cb31-bee1-3cf0-c35337ba97d2,ok,0,0,453,26.723,39,210,405,439,585
1090,76137.245930199,76137.246259425,,3,GPU-46bf67bb-cb31-bee1-3cf0-c35337ba97d2,ok,0,0,453,26.573,39,210,405,439,634
1091,76138.245930199,76138.246282633,,3,GPU-46bf67bb-cb31-bee1-3cf0-c35337ba97d2,ok,0,0,453,26.551,39,210,405,439,585
1092,76139.245930199,76139.246255401,,3,GPU-46bf67bb-cb31-bee1-3cf0-c35337ba97d2,ok,0,0,453,26.64,39,210,405,439,634
1093,76140.245930199,76140.246255029,,3,GPU-46bf67bb-cb31-bee1-3cf0-c35337ba97d2,ok,0,0,453,26.422,39,210,405,439,634
1094,76141.245930199,76141.246283137,,3,GPU-46bf67bb-cb31-bee1-3cf0-c35337ba97d2,ok,0,0,453,26.415,39,210,405,390,634
1095,76142.245930199,76142.246258555,,3,GPU-46bf67bb-cb31-bee1-3cf0-c35337ba97d2,ok,0,0,453,26.603,39,210,405,390,634
1096,76143.245930199,76143.246256643,,3,GPU-46bf67bb-cb31-bee1-3cf0-c35337ba97d2,ok,0,0,453,26.409,39,210,405,439,634
1097,76144.245930199,76144.246281481,,3,GPU-46bf67bb-cb31-bee1-3cf0-c35337ba97d2,ok,0,0,453,26.425,39,210,405,439,634
1098,76145.245930199,76145.246256689,,3,GPU-46bf67bb-cb31-bee1-3cf0-c35337ba97d2,ok,0,0,453,26.635,39,210,405,439,585
1099,76146.245930199,76146.246251787,,3,GPU-46bf67bb-cb31-bee1-3cf0-c35337ba97d2,ok,0,0,453,26.495,39,210,405,439,634
1100,76147.245930199,76147.246280295,,3,GPU-46bf67bb-cb31-bee1-3cf0-c35337ba97d2,ok,0,0,453,26.565,39,210,405,390,585
1101,76148.245930199,76148.246252963,,3,GPU-46bf67bb-cb31-bee1-3cf0-c35337ba97d2,ok,0,0,453,26.737,39,210,405,439,634
1102,76149.245930199,76149.246249381,,3,GPU-46bf67bb-cb31-bee1-3cf0-c35337ba97d2,ok,0,0,453,26.573,39,210,405,439,634
1103,76150.245930199,76150.246256999,,3,GPU-46bf67bb-cb31-bee1-3cf0-c35337ba97d2,ok,0,0,453,26.575,39,210,405,439,585
1104,76151.245930199,76151.246253527,,3,GPU-46bf67bb-cb31-bee1-3cf0-c35337ba97d2,ok,0,0,453,26.528,39,210,405,439,634
1105,76152.245930199,76152.246253545,,3,GPU-46bf67bb-cb31-bee1-3cf0-c35337ba97d2,ok,0,0,453,26.502,39,210,405,439,585
1106,76153.245930199,76153.246301793,,3,GPU-46bf67bb-cb31-bee1-3cf0-c35337ba97d2,ok,0,0,453,26.645,39,210,405,439,634
1107,76154.245930199,76154.246278041,,3,GPU-46bf67bb-cb31-bee1-3cf0-c35337ba97d2,ok,0,0,453,26.457,39,210,405,390,634
1108,76155.245930199,76155.246265119,,3,GPU-46bf67bb-cb31-bee1-3cf0-c35337ba97d2,ok,0,0,453,26.499,39,210,405,439,634
1109,76156.245930199,76156.246296817,,3,GPU-46bf67bb-cb31-bee1-3cf0-c35337ba97d2,ok,0,0,453,26.678,39,210,405,439,634
1110,76157.245930199,76157.246275755,,3,GPU-46bf67bb-cb31-bee1-3cf0-c35337ba97d2,ok,0,0,453,26.499,39,210,405,439,634
1111,76158.245930199,76158.246267633,,3,GPU-46bf67bb-cb31-bee1-3cf0-c35337ba97d2,ok,0,0,453,26.482,39,210,405,439,634
1112,76159.245930199,76159.246299381,,3,GPU-46bf67bb-cb31-bee1-3cf0-c35337ba97d2,ok,0,0,453,26.626,39,210,405,439,634
1113,76160.245930199,76160.246262749,,3,GPU-46bf67bb-cb31-bee1-3cf0-c35337ba97d2,ok,0,0,453,26.535,39,210,405,439,634
1114,76161.245930199,76161.246256787,,3,GPU-46bf67bb-cb31-bee1-3cf0-c35337ba97d2,ok,0,0,453,26.572,39,210,405,390,634
1115,76162.245930199,76162.246280885,,3,GPU-46bf67bb-cb31-bee1-3cf0-c35337ba97d2,ok,0,0,453,26.714,39,210,405,439,585
1116,76163.245930199,76163.246260073,,3,GPU-46bf67bb-cb31-bee1-3cf0-c35337ba97d2,ok,0,0,453,26.55,39,210,405,390,634
1117,76164.245930199,76164.246272961,,3,GPU-46bf67bb-cb31-bee1-3cf0-c35337ba97d2,ok,0,0,453,26.541,39,210,405,439,585
1118,76165.245930199,76165.246300199,,3,GPU-46bf67bb-cb31-bee1-3cf0-c35337ba97d2,ok,0,0,453,26.698,39,210,405,439,634
1119,76166.245930199,76166.246275657,,3,GPU-46bf67bb-cb31-bee1-3cf0-c35337ba97d2,ok,0,0,453,26.566,39,210,405,390,634
1120,76167.245930199,76167.246266035,,3,GPU-46bf67bb-cb31-bee1-3cf0-c35337ba97d2,ok,0,0,453,26.521,39,210,405,439,634
1121,76168.245930199,76168.246270933,,3,GPU-46bf67bb-cb31-bee1-3cf0-c35337ba97d2,ok,0,0,453,26.6,39,210,405,439,634
1122,76169.245930199,76169.246280211,,3,GPU-46bf67bb-cb31-bee1-3cf0-c35337ba97d2,ok,0,0,453,26.432,39,210,405,390,585
1123,76170.245930199,76170.246276239,,3,GPU-46bf67bb-cb31-bee1-3cf0-c35337ba97d2,ok,0,0,453,26.44,39,210,405,439,634
1124,76171.245930199,76171.246306887,,3,GPU-46bf67bb-cb31-bee1-3cf0-c35337ba97d2,ok,0,0,453,26.572,39,210,405,390,585
1125,76172.245930199,76172.246274835,,3,GPU-46bf67bb-cb31-bee1-3cf0-c35337ba97d2,ok,0,0,453,26.384,39,210,405,439,634
1126,76173.245930199,76173.246285484,,3,GPU-46bf67bb-cb31-bee1-3cf0-c35337ba97d2,ok,0,0,453,26.431,39,210,405,439,585
1127,76174.245930199,76174.246306652,,3,GPU-46bf67bb-cb31-bee1-3cf0-c35337ba97d2,ok,0,0,453,26.631,39,210,405,390,634
1128,76175.245930199,76175.24627909,,3,GPU-46bf67bb-cb31-bee1-3cf0-c35337ba97d2,ok,0,0,453,26.474,39,210,405,439,585
1129,76176.245930199,76176.246268428,,3,GPU-46bf67bb-cb31-bee1-3cf0-c35337ba97d2,ok,0,0,453,26.49,39,210,405,390,634
1130,76177.245930199,76177.246307146,,3,GPU-46bf67bb-cb31-bee1-3cf0-c35337ba97d2,ok,0,0,453,26.696,39,210,405,439,585
1131,76178.245930199,76178.246285554,,3,GPU-46bf67bb-cb31-bee1-3cf0-c35337ba97d2,ok,0,0,453,26.625,39,210,405,439,634
1132,76179.245930199,76179.246275832,,3,GPU-46bf67bb-cb31-bee1-3cf0-c35337ba97d2,ok,0,0,453,26.629,39,210,405,439,634
1133,76180.245930199,76180.24630344,,3,GPU-46bf67bb-cb31-bee1-3cf0-c35337ba97d2,ok,0,0,453,26.733,39,210,405,390,634
1134,76181.245930199,76181.246272738,,3,GPU-46bf67bb-cb31-bee1-3cf0-c35337ba97d2,ok,0,0,453,26.631,39,210,405,439,634
1135,76182.245930199,76182.246284106,,3,GPU-46bf67bb-cb31-bee1-3cf0-c35337ba97d2,ok,0,0,453,26.638,39,210,405,439,634
1136,76183.245930199,76183.246310134,,3,GPU-46bf67bb-cb31-bee1-3cf0-c35337ba97d2,ok,0,0,453,26.664,39,210,405,439,634
1137,76184.245930199,76184.246261632,,3,GPU-46bf67bb-cb31-bee1-3cf0-c35337ba97d2,ok,0,0,453,26.446,39,210,405,439,634
1138,76185.245930199,76185.24625375,,3,GPU-46bf67bb-cb31-bee1-3cf0-c35337ba97d2,ok,0,0,453,26.473,39,210,405,390,634
1139,76186.245930199,76186.246278228,,3,GPU-46bf67bb-cb31-bee1-3cf0-c35337ba97d2,ok,0,0,453,26.695,39,210,405,439,585
1140,76187.245930199,76187.246243016,,3,GPU-46bf67bb-cb31-bee1-3cf0-c35337ba97d2,ok,0,0,453,26.57,39,210,405,439,634
1141,76188.245930199,76188.246236614,,3,GPU-46bf67bb-cb31-bee1-3cf0-c35337ba97d2,ok,0,0,453,26.549,39,210,405,439,585
1142,76189.245930199,76189.246272352,,3,GPU-46bf67bb-cb31-bee1-3cf0-c35337ba97d2,ok,0,0,453,26.665,39,210,405,390,634
1143,76190.245930199,76190.24624349,,3,GPU-46bf67bb-cb31-bee1-3cf0-c35337ba97d2,ok,0,0,453,26.607,39,210,405,439,585
1144,76191.245930199,76191.246235268,,3,GPU-46bf67bb-cb31-bee1-3cf0-c35337ba97d2,ok,0,0,453,26.627,39,210,405,390,634
1145,76192.245930199,76192.246270436,,3,GPU-46bf67bb-cb31-bee1-3cf0-c35337ba97d2,ok,0,0,453,26.537,39,210,405,439,634
1146,76193.245930199,76193.246245464,,3,GPU-46bf67bb-cb31-bee1-3cf0-c35337ba97d2,ok,0,0,453,26.569,39,210,405,390,634
1147,76194.245930199,76194.246236762,,3,GPU-46bf67bb-cb31-bee1-3cf0-c35337ba97d2,ok,0,0,453,26.761,39,210,405,439,634
1148,76195.245930199,76195.24627585,,3,GPU-46bf67bb-cb31-bee1-3cf0-c35337ba97d2,ok,0,0,453,26.61,39,210,405,390,585
1149,76196.245930199,76196.246243318,,3,GPU-46bf67bb-cb31-bee1-3cf0-c35337ba97d2,ok,0,0,453,26.658,39,210,405,439,634
1150,76197.245930199,76197.246236516,,3,GPU-46bf67bb-cb31-bee1-3cf0-c35337ba97d2,ok,0,0,453,26.864,39,210,405,390,585
1151,76198.245930199,76198.246273084,,3,GPU-46bf67bb-cb31-bee1-3cf0-c35337ba97d2,ok,0,0,453,26.651,39,210,405,439,634
1152,76199.245930199,76199.246249472,,3,GPU-46bf67bb-cb31-bee1-3cf0-c35337ba97d2,ok,0,0,453,26.602,39,210,405,439,585
1153,76200.245930199,76200.24623141,,3,GPU-46bf67bb-cb31-bee1-3cf0-c35337ba97d2,ok,0,0,453,26.73,39,210,405,439,634
1154,76201.245930199,76201.246272468,,3,GPU-46bf67bb-cb31-bee1-3cf0-c35337ba97d2,ok,0,0,453,26.586,39,210,405,390,585
1155,76202.245930199,76202.246242496,,3,GPU-46bf67bb-cb31-bee1-3cf0-c35337ba97d2,ok,0,0,453,26.603,39,210,405,439,634
1156,76203.245930199,76203.246239344,,3,GPU-46bf67bb-cb31-bee1-3cf0-c35337ba97d2,ok,0,0,453,26.719,39,210,405,390,634
1157,76204.245930199,76204.246282802,,3,GPU-46bf67bb-cb31-bee1-3cf0-c35337ba97d2,ok,0,0,453,26.588,39,210,405,439,585
1158,76205.245930199,76205.246237,,3,GPU-46bf67bb-cb31-bee1-3cf0-c35337ba97d2,ok,0,0,453,26.639,39,210,405,390,634
1159,76206.245930199,76206.246230088,,3,GPU-46bf67bb-cb31-bee1-3cf0-c35337ba97d2,ok,0,0,453,26.785,39,210,405,439,585
1160,76207.245930199,76207.246274096,,3,GPU-46bf67bb-cb31-bee1-3cf0-c35337ba97d2,ok,0,0,453,26.586,39,210,405,390,634
1161,76208.245930199,76208.246240864,,3,GPU-46bf67bb-cb31-bee1-3cf0-c35337ba97d2,ok,0,0,453,26.584,39,210,405,439,585
1162,76209.245930199,76209.246233922,,3,GPU-46bf67bb-cb31-bee1-3cf0-c35337ba97d2,ok,0,0,453,26.721,39,210,405,439,634
1163,76210.245930199,76210.24626809,,3,GPU-46bf67bb-cb31-bee1-3cf0-c35337ba97d2,ok,0,0,453,26.519,39,210,405,439,585
1164,76211.245930199,76211.246236568,,3,GPU-46bf67bb-cb31-bee1-3cf0-c35337ba97d2,ok,0,0,453,26.57,39,210,405,439,634
1165,76212.245930199,76212.246238046,,3,GPU-46bf67bb-cb31-bee1-3cf0-c35337ba97d2,ok,0,0,453,26.805,39,210,405,439,634
1166,76213.245930199,76213.246269784,,3,GPU-46bf67bb-cb31-bee1-3cf0-c35337ba97d2,ok,0,0,453,26.69,39,210,405,439,634
1167,76214.245930199,76214.246244592,,3,GPU-46bf67bb-cb31-bee1-3cf0-c35337ba97d2,ok,0,0,453,26.655,39,210,405,439,634
1168,76215.245930199,76215.24623106,,3,GPU-46bf67bb-cb31-bee1-3cf0-c35337ba97d2,ok,0,0,453,26.769,39,210,405,390,634
1169,76216.245930199,76216.246264948,,3,GPU-46bf67bb-cb31-bee1-3cf0-c35337ba97d2,ok,0,0,453,26.616,39,210,405,439,585
1170,76217.245930199,76217.246181466,,3,GPU-46bf67bb-cb31-bee1-3cf0-c35337ba97d2,ok,0,0,453,26.664,39,210,405,439,634
1171,76218.245930199,76218.246242515,,3,GPU-46bf67bb-cb31-bee1-3cf0-c35337ba97d2,ok,0,0,453,26.875,39,210,405,439,585
1172,76219.245930199,76219.246272753,,3,GPU-46bf67bb-cb31-bee1-3cf0-c35337ba97d2,ok,0,0,453,26.695,39,210,405,439,634
1173,76220.245930199,76220.246236231,,3,GPU-46bf67bb-cb31-bee1-3cf0-c35337ba97d2,ok,0,0,453,26.683,39,210,405,390,634
1174,76221.245930199,76221.246241939,,3,GPU-46bf67bb-cb31-bee1-3cf0-c35337ba97d2,ok,0,0,453,26.806,39,210,405,439,585
1175,76222.245930199,76222.246250867,,3,GPU-46bf67bb-cb31-bee1-3cf0-c35337ba97d2,ok,0,0,453,26.593,39,210,405,439,634
1176,76223.245930199,76223.246244225,,3,GPU-46bf67bb-cb31-bee1-3cf0-c35337ba97d2,ok,0,0,453,26.592,39,210,405,439,634
1177,76224.245930199,76224.246256273,,3,GPU-46bf67bb-cb31-bee1-3cf0-c35337ba97d2,ok,0,0,453,26.778,39,210,405,439,634
1178,76225.245930199,76225.246251451,,3,GPU-46bf67bb-cb31-bee1-3cf0-c35337ba97d2,ok,0,0,453,26.628,39,210,405,439,634
1179,76226.245930199,76226.246247819,,3,GPU-46bf67bb-cb31-bee1-3cf0-c35337ba97d2,ok,0,0,453,26.622,39,210,405,439,585
1180,76227.245930199,76227.246242337,,3,GPU-46bf67bb-cb31-bee1-3cf0-c35337ba97d2,ok,0,0,453,26.806,39,210,405,439,634
1181,76228.245930199,76228.246249235,,3,GPU-46bf67bb-cb31-bee1-3cf0-c35337ba97d2,ok,0,0,453,26.699,39,210,405,439,585
1182,76229.245930199,76229.246244613,,3,GPU-46bf67bb-cb31-bee1-3cf0-c35337ba97d2,ok,0,0,453,26.733,39,210,405,439,634
1183,76230.245930199,76230.246239191,,3,GPU-46bf67bb-cb31-bee1-3cf0-c35337ba97d2,ok,0,0,453,26.699,39,210,405,439,585
1184,76231.245930199,76231.246247439,,3,GPU-46bf67bb-cb31-bee1-3cf0-c35337ba97d2,ok,0,0,453,26.65,39,210,405,439,634
1185,76232.245930199,76232.246241737,,3,GPU-46bf67bb-cb31-bee1-3cf0-c35337ba97d2,ok,0,0,453,26.765,39,210,405,439,585
1186,76233.245930199,76233.246260105,,3,GPU-46bf67bb-cb31-bee1-3cf0-c35337ba97d2,ok,0,0,453,26.54,39,210,405,439,634
1187,76234.245930199,76234.246256153,,3,GPU-46bf67bb-cb31-bee1-3cf0-c35337ba97d2,ok,0,0,453,26.528,39,210,405,390,585
1188,76235.245930199,76235.246233421,,3,GPU-46bf67bb-cb31-bee1-3cf0-c35337ba97d2,ok,0,0,453,26.75,39,210,405,439,634
1189,76236.245930199,76236.246241539,,3,GPU-46bf67bb-cb31-bee1-3cf0-c35337ba97d2,ok,0,0,453,26.599,39,210,405,439,634
1190,76237.245930199,76237.246251207,,3,GPU-46bf67bb-cb31-bee1-3cf0-c35337ba97d2,ok,0,0,453,26.599,39,210,405,439,634
1191,76238.245930199,76238.246246275,,3,GPU-46bf67bb-cb31-bee1-3cf0-c35337ba97d2,ok,0,0,453,26.789,39,210,405,439,634
1192,76239.245930199,76239.246246023,,3,GPU-46bf67bb-cb31-bee1-3cf0-c35337ba97d2,ok,0,0,453,26.623,39,210,405,439,585
1193,76240.245930199,76240.246248201,,3,GPU-46bf67bb-cb31-bee1-3cf0-c35337ba97d2,ok,0,0,453,26.605,39,210,405,439,634
1194,76241.245930199,76241.246242179,,3,GPU-46bf67bb-cb31-bee1-3cf0-c35337ba97d2,ok,0,0,453,26.786,39,210,405,390,634
1195,76242.245930199,76242.246244667,,3,GPU-46bf67bb-cb31-bee1-3cf0-c35337ba97d2,ok,0,0,453,26.617,39,210,405,390,585
1196,76243.245930199,76243.246253415,,3,GPU-46bf67bb-cb31-bee1-3cf0-c35337ba97d2,ok,0,0,453,26.577,39,210,405,439,634
1197,76244.245930199,76244.246246733,,3,GPU-46bf67bb-cb31-bee1-3cf0-c35337ba97d2,ok,0,0,453,26.794,39,210,405,439,585
1198,76245.245930199,76245.246247571,,3,GPU-46bf67bb-cb31-bee1-3cf0-c35337ba97d2,ok,0,0,453,26.65,39,210,405,439,634
1199,76246.245930199,76246.246280039,,3,GPU-46bf67bb-cb31-bee1-3cf0-c35337ba97d2,ok,0,0,453,26.622,39,210,405,439,585
1200,76247.245930199,76247.246250667,,3,GPU-46bf67bb-cb31-bee1-3cf0-c35337ba97d2,ok,0,0,453,26.819,39,210,405,439,634
1201,76248.245930199,76248.246255745,,3,GPU-46bf67bb-cb31-bee1-3cf0-c35337ba97d2,ok,0,0,453,26.731,39,210,405,390,634
1202,76249.245930199,76249.246276673,,3,GPU-46bf67bb-cb31-bee1-3cf0-c35337ba97d2,ok,0,0,453,26.752,39,210,405,439,585
1203,76250.245930199,76250.246251301,,3,GPU-46bf67bb-cb31-bee1-3cf0-c35337ba97d2,ok,0,0,453,26.919,39,210,405,439,634
1204,76251.245930199,76251.246250599,,3,GPU-46bf67bb-cb31-bee1-3cf0-c35337ba97d2,ok,0,0,453,26.748,39,210,405,439,634
1205,76252.245930199,76252.246264667,,3,GPU-46bf67bb-cb31-bee1-3cf0-c35337ba97d2,ok,0,0,453,26.691,39,210,405,439,634
1206,76253.245930199,76253.246256785,,3,GPU-46bf67bb-cb31-bee1-3cf0-c35337ba97d2,ok,0,0,453,26.807,39,210,405,439,634
1207,76254.245930199,76254.246251253,,3,GPU-46bf67bb-cb31-bee1-3cf0-c35337ba97d2,ok,0,0,453,26.63,39,210,405,439,585
1208,76255.245930199,76255.246271061,,3,GPU-46bf67bb-cb31-bee1-3cf0-c35337ba97d2,ok,0,0,453,26.701,39,210,405,439,634
1209,76256.245930199,76256.246248279,,3,GPU-46bf67bb-cb31-bee1-3cf0-c35337ba97d2,ok,0,0,453,26.984,39,210,405,439,634
1210,76257.245930199,76257.246249737,,3,GPU-46bf67bb-cb31-bee1-3cf0-c35337ba97d2,ok,0,0,453,26.854,39,210,405,439,634
1211,76258.245930199,76258.246276935,,3,GPU-46bf67bb-cb31-bee1-3cf0-c35337ba97d2,ok,0,0,453,26.796,39,210,405,439,634
1212,76259.245930199,76259.246253823,,3,GPU-46bf67bb-cb31-bee1-3cf0-c35337ba97d2,ok,0,0,453,26.945,39,210,405,439,634
1213,76260.245930199,76260.246251322,,3,GPU-46bf67bb-cb31-bee1-3cf0-c35337ba97d2,ok,0,0,453,26.8,39,210,405,439,634
1214,76261.245930199,76261.2462765,,3,GPU-46bf67bb-cb31-bee1-3cf0-c35337ba97d2,ok,0,0,453,26.786,39,210,405,439,634
1215,76262.245930199,76262.246250368,,3,GPU-46bf67bb-cb31-bee1-3cf0-c35337ba97d2,ok,0,0,453,26.929,39,210,405,439,634
1216,76263.245930199,76263.246253906,,3,GPU-46bf67bb-cb31-bee1-3cf0-c35337ba97d2,ok,0,0,453,26.684,39,210,405,439,634
1217,76264.245930199,76264.246277324,,3,GPU-46bf67bb-cb31-bee1-3cf0-c35337ba97d2,ok,0,0,453,26.641,39,210,405,439,634
1218,76265.245930199,76265.246255372,,3,GPU-46bf67bb-cb31-bee1-3cf0-c35337ba97d2,ok,0,0,453,26.807,39,210,405,439,634
1219,76266.245930199,76266.2462535,,3,GPU-46bf67bb-cb31-bee1-3cf0-c35337ba97d2,ok,0,0,453,26.612,39,210,405,439,585
1220,76267.245930199,76267.246274588,,3,GPU-46bf67bb-cb31-bee1-3cf0-c35337ba97d2,ok,0,0,453,26.619,39,210,405,439,634
1221,76268.245930199,76268.246253596,,3,GPU-46bf67bb-cb31-bee1-3cf0-c35337ba97d2,ok,0,0,453,26.704,39,210,405,390,634
1222,76269.245930199,76269.246253354,,3,GPU-46bf67bb-cb31-bee1-3cf0-c35337ba97d2,ok,0,0,453,26.624,39,210,405,439,634
1223,76270.245930199,76270.246275792,,3,GPU-46bf67bb-cb31-bee1-3cf0-c35337ba97d2,ok,0,0,453,26.743,39,210,405,439,634
1224,76271.245930199,76271.24624923,,3,GPU-46bf67bb-cb31-bee1-3cf0-c35337ba97d2,ok,0,0,453,26.701,39,210,405,439,634
1225,76272.245930199,76272.246271498,,3,GPU-46bf67bb-cb31-bee1-3cf0-c35337ba97d2,ok,0,0,453,26.695,39,210,405,439,585
1226,76273.245930199,76273.246280886,,3,GPU-46bf67bb-cb31-bee1-3cf0-c35337ba97d2,ok,0,0,453,26.925,39,210,405,390,634
1227,76274.245930199,76274.246255394,,3,GPU-46bf67bb-cb31-bee1-3cf0-c35337ba97d2,ok,0,0,453,26.741,39,210,405,439,634
1228,76275.245930199,76275.246254072,,3,GPU-46bf67bb-cb31-bee1-3cf0-c35337ba97d2,ok,0,0,453,26.66,39,210,405,439,634
1229,76276.245930199,76276.2462943,,3,GPU-46bf67bb-cb31-bee1-3cf0-c35337ba97d2,ok,0,0,453,26.786,39,210,405,439,634
1230,76277.245930199,76277.246272408,,3,GPU-46bf67bb-cb31-bee1-3cf0-c35337ba97d2,ok,0,0,453,26.578,39,210,405,439,634
1231,76278.245930199,76278.246269556,,3,GPU-46bf67bb-cb31-bee1-3cf0-c35337ba97d2,ok,0,0,453,26.594,39,210,405,439,634
1232,76279.245930199,76279.246293084,,3,GPU-46bf67bb-cb31-bee1-3cf0-c35337ba97d2,ok,0,0,453,26.797,39,210,405,439,585
1233,76280.245930199,76280.246268522,,3,GPU-46bf67bb-cb31-bee1-3cf0-c35337ba97d2,ok,0,0,453,26.635,39,210,405,439,634
1234,76281.245930199,76281.24627116,,3,GPU-46bf67bb-cb31-bee1-3cf0-c35337ba97d2,ok,0,0,453,26.62,39,210,405,439,585
1235,76282.245930199,76282.246289608,,3,GPU-46bf67bb-cb31-bee1-3cf0-c35337ba97d2,ok,0,0,453,26.783,39,210,405,439,634
1236,76283.245930199,76283.246255076,,3,GPU-46bf67bb-cb31-bee1-3cf0-c35337ba97d2,ok,0,0,453,26.604,39,210,405,439,585
1237,76284.245930199,76284.246271644,,3,GPU-46bf67bb-cb31-bee1-3cf0-c35337ba97d2,ok,0,0,453,26.647,39,210,405,390,634
1238,76285.245930199,76285.246278022,,3,GPU-46bf67bb-cb31-bee1-3cf0-c35337ba97d2,ok,0,0,453,26.804,39,210,405,439,585
1239,76286.245930199,76286.24625921,,3,GPU-46bf67bb-cb31-bee1-3cf0-c35337ba97d2,ok,0,0,453,26.575,39,210,405,390,634
1240,76287.245930199,76287.246283588,,3,GPU-46bf67bb-cb31-bee1-3cf0-c35337ba97d2,ok,0,0,453,26.645,39,210,405,439,585
1241,76288.245930199,76288.246280706,,3,GPU-46bf67bb-cb31-bee1-3cf0-c35337ba97d2,ok,0,0,453,26.894,39,210,405,439,634
1242,76289.245930199,76289.246276114,,3,GPU-46bf67bb-cb31-bee1-3cf0-c35337ba97d2,ok,0,0,453,26.762,39,210,405,488,585
1243,76290.245930199,76290.246270512,,3,GPU-46bf67bb-cb31-bee1-3cf0-c35337ba97d2,ok,0,0,453,26.735,39,210,405,439,634
1244,76291.245930199,76291.24629015,,3,GPU-46bf67bb-cb31-bee1-3cf0-c35337ba97d2,ok,0,0,453,26.818,39,210,405,390,585
1245,76292.245930199,76292.246282738,,3,GPU-46bf67bb-cb31-bee1-3cf0-c35337ba97d2,ok,0,0,453,26.615,39,210,405,439,634
1246,76293.245930199,76293.246272406,,3,GPU-46bf67bb-cb31-bee1-3cf0-c35337ba97d2,ok,0,0,453,26.604,39,210,405,439,585
1247,76294.245930199,76294.246295524,,3,GPU-46bf67bb-cb31-bee1-3cf0-c35337ba97d2,ok,0,0,453,26.758,39,210,405,390,634
1248,76295.245930199,76295.246270482,,3,GPU-46bf67bb-cb31-bee1-3cf0-c35337ba97d2,ok,0,0,453,26.572,39,210,405,439,634
1249,76296.245930199,76296.24626939,,3,GPU-46bf67bb-cb31-bee1-3cf0-c35337ba97d2,ok,0,0,453,26.556,39,210,405,439,634
1250,76297.245930199,76297.246290568,,3,GPU-46bf67bb-cb31-bee1-3cf0-c35337ba97d2,ok,0,0,453,26.723,39,210,405,439,634
1251,76298.245930199,76298.246265976,,3,GPU-46bf67bb-cb31-bee1-3cf0-c35337ba97d2,ok,0,0,453,26.536,39,210,405,439,585
1252,76299.245930199,76299.246273924,,3,GPU-46bf67bb-cb31-bee1-3cf0-c35337ba97d2,ok,0,0,453,26.487,39,210,405,439,634
1253,76300.245930199,76300.246292822,,3,GPU-46bf67bb-cb31-bee1-3cf0-c35337ba97d2,ok,0,0,453,26.677,39,210,405,439,585
1254,76301.245930199,76301.24627146,,3,GPU-46bf67bb-cb31-bee1-3cf0-c35337ba97d2,ok,0,0,453,26.559,39,210,405,439,634
1255,76302.245930199,76302.246269298,,3,GPU-46bf67bb-cb31-bee1-3cf0-c35337ba97d2,ok,0,0,453,26.596,39,210,405,439,634
1256,76303.245930199,76303.246295987,,3,GPU-46bf67bb-cb31-bee1-3cf0-c35337ba97d2,ok,0,0,453,26.77,39,210,405,439,634
1257,76304.245930199,76304.246247385,,3,GPU-46bf67bb-cb31-bee1-3cf0-c35337ba97d2,ok,0,0,453,26.594,39,210,405,439,585
1258,76305.245930199,76305.246252843,,3,GPU-46bf67bb-cb31-bee1-3cf0-c35337ba97d2,ok,0,0,453,26.652,39,210,405,390,634
1259,76306.245930199,76306.246243391,,3,GPU-46bf67bb-cb31-bee1-3cf0-c35337ba97d2,ok,0,0,453,26.869,39,210,405,439,585
1260,76307.245930199,76307.246237159,,3,GPU-46bf67bb-cb31-bee1-3cf0-c35337ba97d2,ok,0,0,453,26.688,39,210,405,390,634
1261,76308.245930199,76308.246234567,,3,GPU-46bf67bb-cb31-bee1-3cf0-c35337ba97d2,ok,0,0,453,26.652,39,210,405,439,634
1262,76309.245930199,76309.246262345,,3,GPU-46bf67bb-cb31-bee1-3cf0-c35337ba97d2,ok,0,0,453,26.61,39,210,405,439,634
1263,76310.245930199,76310.246231993,,3,GPU-46bf67bb-cb31-bee1-3cf0-c35337ba97d2,ok,0,0,453,26.581,39,210,405,439,585
1264,76311.245930199,76311.246234981,,3,GPU-46bf67bb-cb31-bee1-3cf0-c35337ba97d2,ok,0,0,453,26.725,39,210,405,439,634
1265,76312.245930199,76312.246256099,,3,GPU-46bf67bb-cb31-bee1-3cf0-c35337ba97d2,ok,0,0,453,26.502,39,210,405,390,634
1266,76313.245930199,76313.246234747,,3,GPU-46bf67bb-cb31-bee1-3cf0-c35337ba97d2,ok,0,0,453,26.446,39,210,405,390,585
1267,76314.245930199,76314.246236055,,3,GPU-46bf67bb-cb31-bee1-3cf0-c35337ba97d2,ok,0,0,453,26.64,39,210,405,439,634
1268,76315.245930199,76315.246258473,,3,GPU-46bf67bb-cb31-bee1-3cf0-c35337ba97d2,ok,0,0,453,26.543,39,210,405,439,585
1269,76316.245930199,76316.246231041,,3,GPU-46bf67bb-cb31-bee1-3cf0-c35337ba97d2,ok,0,0,453,26.499,39,210,405,439,634
1270,76317.245930199,76317.246239819,,3,GPU-46bf67bb-cb31-bee1-3cf0-c35337ba97d2,ok,0,0,453,26.631,39,210,405,439,585
1271,76318.245930199,76318.246256007,,3,GPU-46bf67bb-cb31-bee1-3cf0-c35337ba97d2,ok,0,0,453,26.5,39,210,405,390,634
1272,76319.245930199,76319.246238985,,3,GPU-46bf67bb-cb31-bee1-3cf0-c35337ba97d2,ok,0,0,453,26.506,39,210,405,439,585
1273,76320.245930199,76320.246234693,,3,GPU-46bf67bb-cb31-bee1-3cf0-c35337ba97d2,ok,0,0,453,26.672,39,210,405,439,634
1274,76321.245930199,76321.246270891,,3,GPU-46bf67bb-cb31-bee1-3cf0-c35337ba97d2,ok,0,0,453,26.482,39,210,405,439,585
1275,76322.245930199,76322.246234459,,3,GPU-46bf67bb-cb31-bee1-3cf0-c35337ba97d2,ok,0,0,453,26.435,39,210,405,439,634
1276,76323.245930199,76323.246239577,,3,GPU-46bf67bb-cb31-bee1-3cf0-c35337ba97d2,ok,0,0,453,26.574,39,210,405,439,585
1277,76324.245930199,76324.246228685,,3,GPU-46bf67bb-cb31-bee1-3cf0-c35337ba97d2,ok,0,0,453,26.438,39,210,405,439,634
1278,76325.245930199,76325.246201013,,3,GPU-46bf67bb-cb31-bee1-3cf0-c35337ba97d2,ok,0,0,453,26.469,39,210,405,439,585
1279,76326.245930199,76326.246196771,,3,GPU-46bf67bb-cb31-bee1-3cf0-c35337ba97d2,ok,0,0,453,26.601,39,210,405,439,634
1280,76327.245930199,76327.246260889,,3,GPU-46bf67bb-cb31-bee1-3cf0-c35337ba97d2,ok,0,0,453,26.447,39,210,405,439,585
1281,76328.245930199,76328.246237667,,3,GPU-46bf67bb-cb31-bee1-3cf0-c35337ba97d2,ok,0,0,453,26.438,39,210,405,390,634
1282,76329.245930199,76329.246232655,,3,GPU-46bf67bb-cb31-bee1-3cf0-c35337ba97d2,ok,0,0,453,26.586,39,210,405,439,585
1283,76330.245930199,76330.246231673,,3,GPU-46bf67bb-cb31-bee1-3cf0-c35337ba97d2,ok,0,0,453,26.436,39,210,405,390,634
1284,76331.245930199,76331.246200021,,3,GPU-46bf67bb-cb31-bee1-3cf0-c35337ba97d2,ok,0,0,453,26.412,39,210,405,439,634
1285,76332.245930199,76332.246221359,,3,GPU-46bf67bb-cb31-bee1-3cf0-c35337ba97d2,ok,0,0,453,26.595,39,210,405,439,634
1286,76333.245930199,76333.246221657,,3,GPU-46bf67bb-cb31-bee1-3cf0-c35337ba97d2,ok,0,0,453,26.412,39,210,405,439,634
1287,76334.245930199,76334.246228735,,3,GPU-46bf67bb-cb31-bee1-3cf0-c35337ba97d2,ok,0,0,453,26.392,39,210,405,439,634
1288,76335.245930199,76335.246226393,,3,GPU-46bf67bb-cb31-bee1-3cf0-c35337ba97d2,ok,0,0,453,26.614,39,210,405,439,634
1289,76336.245930199,76336.246224171,,3,GPU-46bf67bb-cb31-bee1-3cf0-c35337ba97d2,ok,0,0,453,26.508,39,210,405,439,634
1290,76337.245930199,76337.246231889,,3,GPU-46bf67bb-cb31-bee1-3cf0-c35337ba97d2,ok,0,0,453,26.457,39,210,405,439,634
1291,76338.245930199,76338.246222797,,3,GPU-46bf67bb-cb31-bee1-3cf0-c35337ba97d2,ok,0,0,453,26.522,39,210,405,439,634
1292,76339.245930199,76339.246222075,,3,GPU-46bf67bb-cb31-bee1-3cf0-c35337ba97d2,ok,0,0,453,26.381,39,210,405,390,634
1293,76340.245930199,76340.246228163,,3,GPU-46bf67bb-cb31-bee1-3cf0-c35337ba97d2,ok,0,0,453,26.419,39,210,405,439,634
1294,76341.245930199,76341.246228481,,3,GPU-46bf67bb-cb31-bee1-3cf0-c35337ba97d2,ok,0,0,453,26.624,39,210,405,439,585
1295,76342.245930199,76342.246267929,,3,GPU-46bf67bb-cb31-bee1-3cf0-c35337ba97d2,ok,0,0,453,26.494,39,210,405,439,634
1296,76343.245930199,76343.246251387,,3,GPU-46bf67bb-cb31-bee1-3cf0-c35337ba97d2,ok,0,0,453,26.484,39,210,405,439,634
1297,76344.245930199,76344.246239045,,3,GPU-46bf67bb-cb31-bee1-3cf0-c35337ba97d2,ok,0,0,453,26.632,39,210,405,439,634
1298,76345.245930199,76345.246244923,,3,GPU-46bf67bb-cb31-bee1-3cf0-c35337ba97d2,ok,0,0,453,26.446,39,210,405,439,634
1299,76346.245930199,76346.246250131,,3,GPU-46bf67bb-cb31-bee1-3cf0-c35337ba97d2,ok,0,0,453,26.468,39,210,405,439,634
1300,76347.245930199,76347.24624131,,3,GPU-46bf67bb-cb31-bee1-3cf0-c35337ba97d2,ok,0,0,453,26.567,39,210,405,439,634
1301,76348.245930199,76348.246244138,,3,GPU-46bf67bb-cb31-bee1-3cf0-c35337ba97d2,ok,0,0,453,26.478,39,210,405,439,634
1302,76349.245930199,76349.246253706,,3,GPU-46bf67bb-cb31-bee1-3cf0-c35337ba97d2,ok,0,0,453,26.58,39,210,405,439,634
1303,76350.245930199,76350.246245274,,3,GPU-46bf67bb-cb31-bee1-3cf0-c35337ba97d2,ok,0,0,453,26.553,39,210,405,439,634
1304,76351.245930199,76351.246246702,,3,GPU-46bf67bb-cb31-bee1-3cf0-c35337ba97d2,ok,0,0,453,26.592,39,210,405,439,634
1305,76352.245930199,76352.24625074,,3,GPU-46bf67bb-cb31-bee1-3cf0-c35337ba97d2,ok,0,0,453,26.75,39,210,405,439,634
1306,76353.245930199,76353.246243298,,3,GPU-46bf67bb-cb31-bee1-3cf0-c35337ba97d2,ok,0,0,453,26.536,39,210,405,439,634
1307,76354.245930199,76354.246242676,,3,GPU-46bf67bb-cb31-bee1-3cf0-c35337ba97d2,ok,0,0,453,26.536,39,210,405,439,634
1308,76355.245930199,76355.246257014,,3,GPU-46bf67bb-cb31-bee1-3cf0-c35337ba97d2,ok,0,0,453,26.77,39,210,405,439,634
1309,76356.245930199,76356.246245892,,3,GPU-46bf67bb-cb31-bee1-3cf0-c35337ba97d2,ok,0,0,453,26.672,39,210,405,390,585
1310,76357.245930199,76357.24624377,,3,GPU-46bf67bb-cb31-bee1-3cf0-c35337ba97d2,ok,0,0,453,26.695,39,210,405,439,634
1311,76358.245930199,76358.246249338,,3,GPU-46bf67bb-cb31-bee1-3cf0-c35337ba97d2,ok,0,0,453,26.839,39,210,405,439,634
1312,76359.245930199,76359.246239156,,3,GPU-46bf67bb-cb31-bee1-3cf0-c35337ba97d2,ok,0,0,453,26.645,39,210,405,439,585
1313,76360.245930199,76360.246247274,,3,GPU-46bf67bb-cb31-bee1-3cf0-c35337ba97d2,ok,0,0,453,26.591,39,210,405,439,634
1314,76361.245930199,76361.246240452,,3,GPU-46bf67bb-cb31-bee1-3cf0-c35337ba97d2,ok,0,0,453,26.674,39,210,405,439,634
1315,76362.245930199,76362.24621998,,3,GPU-46bf67bb-cb31-bee1-3cf0-c35337ba97d2,ok,0,0,453,26.505,39,210,405,390,634
1316,76363.245930199,76363.246250998,,3,GPU-46bf67bb-cb31-bee1-3cf0-c35337ba97d2,ok,0,0,453,26.556,39,210,405,439,634
1317,76364.245930199,76364.246271216,,3,GPU-46bf67bb-cb31-bee1-3cf0-c35337ba97d2,ok,0,0,453,26.716,39,210,405,390,585
1318,76365.245930199,76365.246250784,,3,GPU-46bf67bb-cb31-bee1-3cf0-c35337ba97d2,ok,0,0,453,26.547,39,210,405,439,634
1319,76366.245930199,76366.246262232,,3,GPU-46bf67bb-cb31-bee1-3cf0-c35337ba97d2,ok,0,0,453,26.519,39,210,405,439,634
1320,76367.245930199,76367.24627471,,3,GPU-46bf67bb-cb31-bee1-3cf0-c35337ba97d2,ok,0,0,453,26.676,39,210,405,439,634
1321,76368.245930199,76368.246248618,,3,GPU-46bf67bb-cb31-bee1-3cf0-c35337ba97d2,ok,0,0,453,26.567,39,210,405,390,634
1322,76369.245930199,76369.246251386,,3,GPU-46bf67bb-cb31-bee1-3cf0-c35337ba97d2,ok,0,0,453,26.536,39,210,405,439,634
1323,76370.245930199,76370.246269974,,3,GPU-46bf67bb-cb31-bee1-3cf0-c35337ba97d2,ok,0,0,453,26.714,39,210,405,439,634
1324,76371.245930199,76371.246255022,,3,GPU-46bf67bb-cb31-bee1-3cf0-c35337ba97d2,ok,0,0,453,26.617,39,210,405,439,634
1325,76372.245930199,76372.24625219,,3,GPU-46bf67bb-cb31-bee1-3cf0-c35337ba97d2,ok,0,0,453,26.622,39,210,405,390,585
1326,76373.245930199,76373.246270988,,3,GPU-46bf67bb-cb31-bee1-3cf0-c35337ba97d2,ok,0,0,453,26.747,39,210,405,439,634
1327,76374.245930199,76374.246251366,,3,GPU-46bf67bb-cb31-bee1-3cf0-c35337ba97d2,ok,0,0,453,26.588,39,210,405,439,634
1328,76375.245930199,76375.246247954,,3,GPU-46bf67bb-cb31-bee1-3cf0-c35337ba97d2,ok,0,0,453,26.639,39,210,405,439,634
1329,76376.245930199,76376.246276772,,3,GPU-46bf67bb-cb31-bee1-3cf0-c35337ba97d2,ok,0,0,453,26.826,39,210,405,439,634
1330,76377.245930199,76377.24625207,,3,GPU-46bf67bb-cb31-bee1-3cf0-c35337ba97d2,ok,0,0,453,26.703,39,210,405,439,634
1331,76378.245930199,76378.246248508,,3,GPU-46bf67bb-cb31-bee1-3cf0-c35337ba97d2,ok,0,0,453,26.687,39,210,405,439,585
1332,76379.245930199,76379.246274166,,3,GPU-46bf67bb-cb31-bee1-3cf0-c35337ba97d2,ok,0,0,453,26.81,39,210,405,390,634
1333,76380.245930199,76380.246246904,,3,GPU-46bf67bb-cb31-bee1-3cf0-c35337ba97d2,ok,0,0,453,26.706,39,210,405,439,634
1334,76381.245930199,76381.246253832,,3,GPU-46bf67bb-cb31-bee1-3cf0-c35337ba97d2,ok,0,0,453,26.727,39,210,405,390,634
1335,76382.245930199,76382.24626795,,3,GPU-46bf67bb-cb31-bee1-3cf0-c35337ba97d2,ok,0,0,453,26.853,39,210,405,439,634
1336,76383.245930199,76383.246251388,,3,GPU-46bf67bb-cb31-bee1-3cf0-c35337ba97d2,ok,0,0,453,26.687,39,210,405,439,634
1337,76384.245930199,76384.246252776,,3,GPU-46bf67bb-cb31-bee1-3cf0-c35337ba97d2,ok,0,0,453,26.671,39,210,405,439,634
1338,76385.245930199,76385.246268054,,3,GPU-46bf67bb-cb31-bee1-3cf0-c35337ba97d2,ok,0,0,453,26.827,39,210,405,439,634
1339,76386.245930199,76386.246254812,,3,GPU-46bf67bb-cb31-bee1-3cf0-c35337ba97d2,ok,0,0,453,26.715,39,210,405,439,634
1340,76387.245930199,76387.24625199,,3,GPU-46bf67bb-cb31-bee1-3cf0-c35337ba97d2,ok,0,0,453,26.703,39,210,405,439,634
1341,76388.245930199,76388.246267308,,3,GPU-46bf67bb-cb31-bee1-3cf0-c35337ba97d2,ok,0,0,453,26.651,39,210,405,439,634
1342,76389.245930199,76389.246250266,,3,GPU-46bf67bb-cb31-bee1-3cf0-c35337ba97d2,ok,0,0,453,26.637,39,210,405,390,634
1343,76390.245930199,76390.246251605,,3,GPU-46bf67bb-cb31-bee1-3cf0-c35337ba97d2,ok,0,0,453,26.706,39,210,405,439,634
1344,76391.245930199,76391.246273353,,3,GPU-46bf67bb-cb31-bee1-3cf0-c35337ba97d2,ok,0,0,453,26.466,39,210,405,439,634
1345,76392.245930199,76392.246261551,,3,GPU-46bf67bb-cb31-bee1-3cf0-c35337ba97d2,ok,0,0,453,26.457,39,210,405,439,634
1346,76393.245930199,76393.246249739,,3,GPU-46bf67bb-cb31-bee1-3cf0-c35337ba97d2,ok,0,0,453,26.636,39,210,405,439,634
1347,76394.245930199,76394.246267937,,3,GPU-46bf67bb-cb31-bee1-3cf0-c35337ba97d2,ok,0,0,453,26.46,39,210,405,439,634
1348,76395.245930199,76395.246244935,,3,GPU-46bf67bb-cb31-bee1-3cf0-c35337ba97d2,ok,0,0,453,26.449,39,210,405,439,585
1349,76396.245930199,76396.246241023,,3,GPU-46bf67bb-cb31-bee1-3cf0-c35337ba97d2,ok,0,0,453,26.689,39,210,405,439,634
1350,76397.245930199,76397.246274391,,3,GPU-46bf67bb-cb31-bee1-3cf0-c35337ba97d2,ok,0,0,453,26.52,39,210,405,390,634
1351,76398.245930199,76398.246252599,,3,GPU-46bf67bb-cb31-bee1-3cf0-c35337ba97d2,ok,0,0,453,26.485,39,210,405,439,634
1352,76399.245930199,76399.246264467,,3,GPU-46bf67bb-cb31-bee1-3cf0-c35337ba97d2,ok,0,0,453,26.628,39,210,405,439,634
1353,76400.245930199,76400.246285445,,3,GPU-46bf67bb-cb31-bee1-3cf0-c35337ba97d2,ok,0,0,453,26.462,39,210,405,439,585
1354,76401.245930199,76401.246264043,,3,GPU-46bf67bb-cb31-bee1-3cf0-c35337ba97d2,ok,0,0,453,26.509,39,210,405,390,634
1355,76402.245930199,76402.246263351,,3,GPU-46bf67bb-cb31-bee1-3cf0-c35337ba97d2,ok,0,0,453,26.674,39,210,405,439,585
1356,76403.245930199,76403.246287979,,3,GPU-46bf67bb-cb31-bee1-3cf0-c35337ba97d2,ok,0,0,453,26.558,39,210,405,439,634
1357,76404.245930199,76404.246265237,,3,GPU-46bf67bb-cb31-bee1-3cf0-c35337ba97d2,ok,0,0,453,26.589,39,210,405,439,634
1358,76405.245930199,76405.246253035,,3,GPU-46bf67bb-cb31-bee1-3cf0-c35337ba97d2,ok,0,0,453,26.752,39,210,405,439,634
1359,76406.245930199,76406.246287173,,3,GPU-46bf67bb-cb31-bee1-3cf0-c35337ba97d2,ok,0,0,453,26.647,39,210,405,439,634
1360,76407.245930199,76407.246259111,,3,GPU-46bf67bb-cb31-bee1-3cf0-c35337ba97d2,ok,0,0,453,26.598,39,210,405,439,634
1361,76408.245930199,76408.246248169,,3,GPU-46bf67bb-cb31-bee1-3cf0-c35337ba97d2,ok,0,0,453,26.693,39,210,405,439,634
1362,76409.245930199,76409.246273277,,3,GPU-46bf67bb-cb31-bee1-3cf0-c35337ba97d2,ok,0,0,453,26.586,39,210,405,390,585
1363,76410.245930199,76410.246266125,,3,GPU-46bf67bb-cb31-bee1-3cf0-c35337ba97d2,ok,0,0,453,26.616,39,210,405,439,634
1364,76411.245930199,76411.246269363,,3,GPU-46bf67bb-cb31-bee1-3cf0-c35337ba97d2,ok,0,0,453,26.726,39,210,405,439,585
1365,76412.245930199,76412.246290881,,3,GPU-46bf67bb-cb31-bee1-3cf0-c35337ba97d2,ok,0,0,453,26.497,39,210,405,439,634
1366,76413.245930199,76413.246274279,,3,GPU-46bf67bb-cb31-bee1-3cf0-c35337ba97d2,ok,0,0,453,26.441,39,210,405,439,634
1367,76414.245930199,76414.246275537,,3,GPU-46bf67bb-cb31-bee1-3cf0-c35337ba97d2,ok,0,0,453,26.612,39,210,405,439,634
1368,76415.245930199,76415.246284045,,3,GPU-46bf67bb-cb31-bee1-3cf0-c35337ba97d2,ok,0,0,453,26.55,39,210,405,390,634
1369,76416.245930199,76416.246267173,,3,GPU-46bf67bb-cb31-bee1-3cf0-c35337ba97d2,ok,0,0,453,26.62,39,210,405,439,634
1370,76417.245930199,76417.246283151,,3,GPU-46bf67bb-cb31-bee1-3cf0-c35337ba97d2,ok,0,0,453,26.766,39,210,405,439,634
1371,76418.245930199,76418.246284129,,3,GPU-46bf67bb-cb31-bee1-3cf0-c35337ba97d2,ok,0,0,453,26.557,39,210,405,439,634
1372,76419.245930199,76419.246257587,,3,GPU-46bf67bb-cb31-bee1-3cf0-c35337ba97d2,ok,0,0,453,26.497,39,210,405,439,585
1373,76420.245930199,76420.246267655,,3,GPU-46bf67bb-cb31-bee1-3cf0-c35337ba97d2,ok,0,0,453,26.639,39,210,405,390,634
1374,76421.245930199,76421.246290153,,3,GPU-46bf67bb-cb31-bee1-3cf0-c35337ba97d2,ok,0,0,453,26.479,39,210,405,439,634
1375,76422.245930199,76422.246274831,,3,GPU-46bf67bb-cb31-bee1-3cf0-c35337ba97d2,ok,0,0,453,26.476,39,210,405,439,634
1376,76423.245930199,76423.246264999,,3,GPU-46bf67bb-cb31-bee1-3cf0-c35337ba97d2,ok,0,0,453,26.687,39,210,405,390,634
1377,76424.245930199,76424.246288587,,3,GPU-46bf67bb-cb31-bee1-3cf0-c35337ba97d2,ok,0,0,453,26.6,39,210,405,439,634
1378,76425.245930199,76425.246275935,,3,GPU-46bf67bb-cb31-bee1-3cf0-c35337ba97d2,ok,0,0,453,26.544,39,210,405,439,634
1379,76426.245930199,76426.246271923,,3,GPU-46bf67bb-cb31-bee1-3cf0-c35337ba97d2,ok,0,0,453,26.54,39,210,405,439,634
1380,76427.245930199,76427.246291931,,3,GPU-46bf67bb-cb31-bee1-3cf0-c35337ba97d2,ok,0,0,453,26.491,39,210,405,439,634
1381,76428.245930199,76428.246248529,,3,GPU-46bf67bb-cb31-bee1-3cf0-c35337ba97d2,ok,0,0,453,26.565,39,210,405,439,585
1382,76429.245930199,76429.246248887,,3,GPU-46bf67bb-cb31-bee1-3cf0-c35337ba97d2,ok,0,0,453,26.452,39,210,405,390,634
1383,76430.245930199,76430.246270575,,3,GPU-46bf67bb-cb31-bee1-3cf0-c35337ba97d2,ok,0,0,453,26.442,39,210,405,439,585
1384,76431.245930199,76431.246250393,,3,GPU-46bf67bb-cb31-bee1-3cf0-c35337ba97d2,ok,0,0,453,26.584,39,210,405,390,634
1385,76432.245930199,76432.246261561,,3,GPU-46bf67bb-cb31-bee1-3cf0-c35337ba97d2,ok,0,0,453,26.447,39,210,405,439,585
1386,76433.245930199,76433.24626888,,3,GPU-46bf67bb-cb31-bee1-3cf0-c35337ba97d2,ok,0,0,453,26.421,39,210,405,439,634
1387,76434.245930199,76434.246249768,,3,GPU-46bf67bb-cb31-bee1-3cf0-c35337ba97d2,ok,0,0,453,26.547,39,210,405,439,585
1388,76435.245930199,76435.246246306,,3,GPU-46bf67bb-cb31-bee1-3cf0-c35337ba97d2,ok,0,0,453,26.429,39,210,405,439,634
1389,76436.245930199,76436.246283274,,3,GPU-46bf67bb-cb31-bee1-3cf0-c35337ba97d2,ok,0,0,453,26.438,39,210,405,390,634
1390,76437.245930199,76437.246223932,,3,GPU-46bf67bb-cb31-bee1-3cf0-c35337ba97d2,ok,0,0,453,26.616,39,210,405,439,634
1391,76438.245930199,76438.24625201,,3,GPU-46bf67bb-cb31-bee1-3cf0-c35337ba97d2,ok,0,0,453,26.442,39,210,405,439,634
1392,76439.245930199,76439.246270118,,3,GPU-46bf67bb-cb31-bee1-3cf0-c35337ba97d2,ok,0,0,453,26.385,39,210,405,439,634
1393,76440.245930199,76440.246248536,,3,GPU-46bf67bb-cb31-bee1-3cf0-c35337ba97d2,ok,0,0,453,26.514,39,210,405,439,634
1394,76441.245930199,76441.246249144,,3,GPU-46bf67bb-cb31-bee1-3cf0-c35337ba97d2,ok,0,0,453,26.386,39,210,405,390,634
1395,76442.245930199,76442.246272992,,3,GPU-46bf67bb-cb31-bee1-3cf0-c35337ba97d2,ok,0,0,453,26.444,39,210,405,439,585
1396,76443.245930199,76443.24625163,,3,GPU-46bf67bb-cb31-bee1-3cf0-c35337ba97d2,ok,0,0,453,26.559,39,210,405,390,634
1397,76444.245930199,76444.246249638,,3,GPU-46bf67bb-cb31-bee1-3cf0-c35337ba97d2,ok,0,0,453,26.389,39,210,405,439,634
1398,76445.245930199,76445.246283486,,3,GPU-46bf67bb-cb31-bee1-3cf0-c35337ba97d2,ok,0,0,453,26.428,39,210,405,439,634
1399,76446.245930199,76446.246256004,,3,GPU-46bf67bb-cb31-bee1-3cf0-c35337ba97d2,ok,0,0,453,26.598,39,210,405,439,634
1400,76447.245930199,76447.246254882,,3,GPU-46bf67bb-cb31-bee1-3cf0-c35337ba97d2,ok,0,0,453,26.443,39,210,405,439,634
1401,76448.245930199,76448.24627386,,3,GPU-46bf67bb-cb31-bee1-3cf0-c35337ba97d2,ok,0,0,453,26.421,39,210,405,439,634
1402,76449.245930199,76449.246249528,,3,GPU-46bf67bb-cb31-bee1-3cf0-c35337ba97d2,ok,0,0,453,26.582,39,210,405,390,634
1403,76450.245930199,76450.246249446,,3,GPU-46bf67bb-cb31-bee1-3cf0-c35337ba97d2,ok,0,0,453,26.469,39,210,405,439,634
1404,76451.245930199,76451.246272104,,3,GPU-46bf67bb-cb31-bee1-3cf0-c35337ba97d2,ok,0,0,453,26.457,39,210,405,439,634
1405,76452.245930199,76452.246252652,,3,GPU-46bf67bb-cb31-bee1-3cf0-c35337ba97d2,ok,0,0,453,26.513,39,210,405,390,585
1406,76453.245930199,76453.24624775,,3,GPU-46bf67bb-cb31-bee1-3cf0-c35337ba97d2,ok,0,0,453,26.33,39,210,405,439,634
1407,76454.245930199,76454.246270078,,3,GPU-46bf67bb-cb31-bee1-3cf0-c35337ba97d2,ok,0,0,453,26.411,39,210,405,439,634
1408,76455.245930199,76455.246252086,,3,GPU-46bf67bb-cb31-bee1-3cf0-c35337ba97d2,ok,0,0,453,26.645,39,210,405,390,634
1409,76456.245930199,76456.246250694,,3,GPU-46bf67bb-cb31-bee1-3cf0-c35337ba97d2,ok,0,0,453,26.524,39,210,405,439,634
1410,76457.245930199,76457.246254542,,3,GPU-46bf67bb-cb31-bee1-3cf0-c35337ba97d2,ok,0,0,453,26.527,39,210,405,439,634
1411,76458.245930199,76458.24627711,,3,GPU-46bf67bb-cb31-bee1-3cf0-c35337ba97d2,ok,0,0,453,26.674,39,210,405,390,634
1412,76459.245930199,76459.246252518,,3,GPU-46bf67bb-cb31-bee1-3cf0-c35337ba97d2,ok,0,0,453,26.509,39,210,405,439,634
1413,76460.245930199,76460.246245676,,3,GPU-46bf67bb-cb31-bee1-3cf0-c35337ba97d2,ok,0,0,453,26.501,39,210,405,439,634
1414,76461.245930199,76461.246271894,,3,GPU-46bf67bb-cb31-bee1-3cf0-c35337ba97d2,ok,0,0,453,26.67,39,210,405,439,585
1415,76462.245930199,76462.246248142,,3,GPU-46bf67bb-cb31-bee1-3cf0-c35337ba97d2,ok,0,0,453,26.575,39,210,405,439,634
1416,76463.245930199,76463.24624955,,3,GPU-46bf67bb-cb31-bee1-3cf0-c35337ba97d2,ok,0,0,453,26.581,39,210,405,439,585
1417,76464.245930199,76464.246273568,,3,GPU-46bf67bb-cb31-bee1-3cf0-c35337ba97d2,ok,0,0,453,26.701,39,210,405,439,634
1418,76465.245930199,76465.246255836,,3,GPU-46bf67bb-cb31-bee1-3cf0-c35337ba97d2,ok,0,0,453,26.549,39,210,405,439,585
1419,76466.245930199,76466.246254824,,3,GPU-46bf67bb-cb31-bee1-3cf0-c35337ba97d2,ok,0,0,453,26.524,39,210,405,439,634
1420,76467.245930199,76467.246273512,,3,GPU-46bf67bb-cb31-bee1-3cf0-c35337ba97d2,ok,0,0,453,26.507,39,210,405,390,634
1421,76468.245930199,76468.24625256,,3,GPU-46bf67bb-cb31-bee1-3cf0-c35337ba97d2,ok,0,0,453,26.51,39,210,405,439,585
1422,76469.245930199,76469.246250118,,3,GPU-46bf67bb-cb31-bee1-3cf0-c35337ba97d2,ok,0,0,453,26.596,39,210,405,439,634
1423,76470.245930199,76470.246265906,,3,GPU-46bf67bb-cb31-bee1-3cf0-c35337ba97d2,ok,0,0,453,26.388,39,210,405,439,634
1424,76471.245930199,76471.246246124,,3,GPU-46bf67bb-cb31-bee1-3cf0-c35337ba97d2,ok,0,0,453,26.367,39,210,405,390,585
1425,76472.245930199,76472.246248852,,3,GPU-46bf67bb-cb31-bee1-3cf0-c35337ba97d2,ok,0,0,453,26.559,39,210,405,439,634
1426,76473.245930199,76473.24626835,,3,GPU-46bf67bb-cb31-bee1-3cf0-c35337ba97d2,ok,0,0,453,26.466,39,210,405,439,585
1427,76474.245930199,76474.246252338,,3,GPU-46bf67bb-cb31-bee1-3cf0-c35337ba97d2,ok,0,0,453,26.478,39,210,405,439,634
1428,76475.245930199,76475.246250896,,3,GPU-46bf67bb-cb31-bee1-3cf0-c35337ba97d2,ok,0,0,453,26.645,39,210,405,439,634
1429,76476.245930199,76476.246269335,,3,GPU-46bf67bb-cb31-bee1-3cf0-c35337ba97d2,ok,0,0,453,26.491,39,210,405,390,585
1430,76477.245930199,76477.246253083,,3,GPU-46bf67bb-cb31-bee1-3cf0-c35337ba97d2,ok,0,0,453,26.599,39,210,405,439,634
1431,76478.245930199,76478.246256021,,3,GPU-46bf67bb-cb31-bee1-3cf0-c35337ba97d2,ok,0,0,453,26.799,39,210,405,390,585
1432,76479.245930199,76479.246269129,,3,GPU-46bf67bb-cb31-bee1-3cf0-c35337ba97d2,ok,0,0,453,26.613,39,210,405,439,634
1433,76480.245930199,76480.246248437,,3,GPU-46bf67bb-cb31-bee1-3cf0-c35337ba97d2,ok,0,0,453,26.611,39,210,405,439,585
1434,76481.245930199,76481.246250645,,3,GPU-46bf67bb-cb31-bee1-3cf0-c35337ba97d2,ok,0,0,453,26.686,39,210,405,390,634
1435,76482.245930199,76482.246269193,,3,GPU-46bf67bb-cb31-bee1-3cf0-c35337ba97d2,ok,0,0,453,26.469,39,210,405,439,634
1436,76483.245930199,76483.246254001,,3,GPU-46bf67bb-cb31-bee1-3cf0-c35337ba97d2,ok,0,0,453,26.431,39,210,405,439,585
1437,76484.245930199,76484.246247059,,3,GPU-46bf67bb-cb31-bee1-3cf0-c35337ba97d2,ok,0,0,453,26.61,39,210,405,439,634
1438,76485.245930199,76485.246268117,,3,GPU-46bf67bb-cb31-bee1-3cf0-c35337ba97d2,ok,0,0,453,26.518,39,210,405,390,634
1439,76486.245930199,76486.246249445,,3,GPU-46bf67bb-cb31-bee1-3cf0-c35337ba97d2,ok,0,0,453,26.54,39,210,405,439,634
1440,76487.245930199,76487.246251213,,3,GPU-46bf67bb-cb31-bee1-3cf0-c35337ba97d2,ok,0,0,453,26.69,39,210,405,439,634
1441,76488.245930199,76488.246268871,,3,GPU-46bf67bb-cb31-bee1-3cf0-c35337ba97d2,ok,0,0,453,26.602,39,210,405,439,585
1442,76489.245930199,76489.246251089,,3,GPU-46bf67bb-cb31-bee1-3cf0-c35337ba97d2,ok,0,0,453,26.666,39,210,405,390,634
1443,76490.245930199,76490.246250257,,3,GPU-46bf67bb-cb31-bee1-3cf0-c35337ba97d2,ok,0,0,453,26.819,39,210,405,439,634
1444,76491.245930199,76491.246267255,,3,GPU-46bf67bb-cb31-bee1-3cf0-c35337ba97d2,ok,0,0,453,26.683,39,210,405,439,585
1445,76492.245930199,76492.246249393,,3,GPU-46bf67bb-cb31-bee1-3cf0-c35337ba97d2,ok,0,0,453,26.694,39,210,405,439,634
1446,76493.245930199,76493.246253301,,3,GPU-46bf67bb-cb31-bee1-3cf0-c35337ba97d2,ok,0,0,453,26.83,39,210,405,390,634
1447,76494.245930199,76494.246265039,,3,GPU-46bf67bb-cb31-bee1-3cf0-c35337ba97d2,ok,0,0,453,26.608,39,210,405,439,634
1448,76495.245930199,76495.246251607,,3,GPU-46bf67bb-cb31-bee1-3cf0-c35337ba97d2,ok,0,0,453,26.621,39,210,405,439,634
1449,76496.245930199,76496.246253635,,3,GPU-46bf67bb-cb31-bee1-3cf0-c35337ba97d2,ok,0,0,453,26.785,39,210,405,439,585
1450,76497.245930199,76497.246265113,,3,GPU-46bf67bb-cb31-bee1-3cf0-c35337ba97d2,ok,0,0,453,26.622,39,210,405,439,634
1451,76498.245930199,76498.246256741,,3,GPU-46bf67bb-cb31-bee1-3cf0-c35337ba97d2,ok,0,0,453,26.626,39,210,405,439,634
1452,76499.245930199,76499.246256099,,3,GPU-46bf67bb-cb31-bee1-3cf0-c35337ba97d2,ok,0,0,453,26.713,39,210,405,439,634
1453,76500.245930199,76500.246282607,,3,GPU-46bf67bb-cb31-bee1-3cf0-c35337ba97d2,ok,0,0,453,26.522,39,210,405,390,585
1454,76501.245930199,76501.246249945,,3,GPU-46bf67bb-cb31-bee1-3cf0-c35337ba97d2,ok,0,0,453,26.539,39,210,405,439,634
1455,76502.245930199,76502.246236693,,3,GPU-46bf67bb-cb31-bee1-3cf0-c35337ba97d2,ok,0,0,453,26.741,39,210,405,439,585
1456,76503.245930199,76503.246269911,,3,GPU-46bf67bb-cb31-bee1-3cf0-c35337ba97d2,ok,0,0,453,26.555,39,210,405,439,634
1457,76504.245930199,76504.246260039,,3,GPU-46bf67bb-cb31-bee1-3cf0-c35337ba97d2,ok,0,0,453,26.574,39,210,405,439,634
1458,76505.245930199,76505.246262957,,3,GPU-46bf67bb-cb31-bee1-3cf0-c35337ba97d2,ok,0,0,453,26.77,39,210,405,439,585
1459,76506.245930199,76506.246270225,,3,GPU-46bf67bb-cb31-bee1-3cf0-c35337ba97d2,ok,0,0,453,26.584,39,210,405,439,634
1460,76507.245930199,76507.246245863,,3,GPU-46bf67bb-cb31-bee1-3cf0-c35337ba97d2,ok,0,0,453,26.552,39,210,405,390,634
1461,76508.245930199,76508.246250141,,3,GPU-46bf67bb-cb31-bee1-3cf0-c35337ba97d2,ok,0,0,453,26.655,39,210,405,439,585
1462,76509.245930199,76509.246236319,,3,GPU-46bf67bb-cb31-bee1-3cf0-c35337ba97d2,ok,0,0,453,26.462,39,210,405,439,634
1463,76510.245930199,76510.246248417,,3,GPU-46bf67bb-cb31-bee1-3cf0-c35337ba97d2,ok,0,0,453,26.469,39,210,405,439,634
1464,76511.245930199,76511.246246355,,3,GPU-46bf67bb-cb31-bee1-3cf0-c35337ba97d2,ok,0,0,453,26.516,39,210,405,390,585
1465,76512.245930199,76512.246286303,,3,GPU-46bf67bb-cb31-bee1-3cf0-c35337ba97d2,ok,0,0,453,26.579,39,210,405,439,634
1466,76513.245930199,76513.246252561,,3,GPU-46bf67bb-cb31-bee1-3cf0-c35337ba97d2,ok,0,0,453,26.772,39,210,405,439,634
1467,76514.245930199,76514.246248259,,3,GPU-46bf67bb-cb31-bee1-3cf0-c35337ba97d2,ok,0,0,453,26.554,39,210,405,439,585
1468,76515.245930199,76515.246272237,,3,GPU-46bf67bb-cb31-bee1-3cf0-c35337ba97d2,ok,0,0,453,26.547,39,210,405,439,634
1469,76516.245930199,76516.246253155,,3,GPU-46bf67bb-cb31-bee1-3cf0-c35337ba97d2,ok,0,0,453,26.783,39,210,405,439,634
1470,76517.245930199,76517.246255423,,3,GPU-46bf67bb-cb31-bee1-3cf0-c35337ba97d2,ok,0,0,453,26.657,39,210,405,390,634
1471,76518.245930199,76518.246275091,,3,GPU-46bf67bb-cb31-bee1-3cf0-c35337ba97d2,ok,0,0,453,26.593,39,210,405,439,634
1472,76519.245930199,76519.246251629,,3,GPU-46bf67bb-cb31-bee1-3cf0-c35337ba97d2,ok,0,0,453,26.687,39,210,405,439,634
1473,76520.245930199,76520.246247628,,3,GPU-46bf67bb-cb31-bee1-3cf0-c35337ba97d2,ok,0,0,453,26.52,39,210,405,390,634
1474,76521.245930199,76521.246270456,,3,GPU-46bf67bb-cb31-bee1-3cf0-c35337ba97d2,ok,0,0,453,26.516,39,210,405,439,585
1475,76522.245930199,76522.246264804,,3,GPU-46bf67bb-cb31-bee1-3cf0-c35337ba97d2,ok,0,0,453,26.703,39,210,405,390,634
1476,76523.245930199,76523.246264622,,3,GPU-46bf67bb-cb31-bee1-3cf0-c35337ba97d2,ok,0,0,453,26.548,39,210,405,439,634
1477,76524.245930199,76524.24629855,,3,GPU-46bf67bb-cb31-bee1-3cf0-c35337ba97d2,ok,0,0,453,26.518,39,210,405,390,634
1478,76525.245930199,76525.246260768,,3,GPU-46bf67bb-cb31-bee1-3cf0-c35337ba97d2,ok,0,0,453,26.648,39,210,405,439,634
1479,76526.245930199,76526.246268256,,3,GPU-46bf67bb-cb31-bee1-3cf0-c35337ba97d2,ok,0,0,453,26.473,39,210,405,439,634
1480,76527.245930199,76527.246238714,,3,GPU-46bf67bb-cb31-bee1-3cf0-c35337ba97d2,ok,0,0,453,26.48,39,210,405,390,634
1481,76528.245930199,76528.246253672,,3,GPU-46bf67bb-cb31-bee1-3cf0-c35337ba97d2,ok,0,0,453,26.634,39,210,405,439,634
1482,76529.245930199,76529.24625061,,3,GPU-46bf67bb-cb31-bee1-3cf0-c35337ba97d2,ok,0,0,453,26.544,39,210,405,439,634
1483,76530.245930199,76530.246270888,,3,GPU-46bf67bb-cb31-bee1-3cf0-c35337ba97d2,ok,0,0,453,26.593,39,210,405,439,634
1484,76531.245930199,76531.246252816,,3,GPU-46bf67bb-cb31-bee1-3cf0-c35337ba97d2,ok,0,0,453,26.735,39,210,405,439,634
1485,76532.245930199,76532.246262474,,3,GPU-46bf67bb-cb31-bee1-3cf0-c35337ba97d2,ok,0,0,453,26.542,39,210,405,439,634
1486,76533.245930199,76533.246273692,,3,GPU-46bf67bb-cb31-bee1-3cf0-c35337ba97d2,ok,0,0,453,26.542,39,210,405,439,585
1487,76534.245930199,76534.24626461,,3,GPU-46bf67bb-cb31-bee1-3cf0-c35337ba97d2,ok,0,0,453,26.74,39,210,405,390,634
1488,76535.245930199,76535.246263518,,3,GPU-46bf67bb-cb31-bee1-3cf0-c35337ba97d2,ok,0,0,453,26.557,39,210,405,439,585
1489,76536.245930199,76536.246284086,,3,GPU-46bf67bb-cb31-bee1-3cf0-c35337ba97d2,ok,0,0,453,26.516,39,210,405,439,634
1490,76537.245930199,76537.246264494,,3,GPU-46bf67bb-cb31-bee1-3cf0-c35337ba97d2,ok,0,0,453,26.68,39,210,405,439,634
1491,76538.245930199,76538.246240562,,3,GPU-46bf67bb-cb31-bee1-3cf0-c35337ba97d2,ok,0,0,453,26.525,39,210,405,439,634
1492,76539.245930199,76539.24625455,,3,GPU-46bf67bb-cb31-bee1-3cf0-c35337ba97d2,ok,0,0,453,26.516,39,210,405,439,634
1493,76540.245930199,76540.246265468,,3,GPU-46bf67bb-cb31-bee1-3cf0-c35337ba97d2,ok,0,0,453,26.663,39,210,405,390,585
1494,76541.245930199,76541.246240446,,3,GPU-46bf67bb-cb31-bee1-3cf0-c35337ba97d2,ok,0,0,453,26.467,39,210,405,439,634
1495,76542.245930199,76542.246282464,,3,GPU-46bf67bb-cb31-bee1-3cf0-c35337ba97d2,ok,0,0,453,26.467,39,210,405,439,585
1496,76543.245930199,76543.246271052,,3,GPU-46bf67bb-cb31-bee1-3cf0-c35337ba97d2,ok,0,0,453,26.608,39,210,405,390,634
1497,76544.245930199,76544.24626307,,3,GPU-46bf67bb-cb31-bee1-3cf0-c35337ba97d2,ok,0,0,453,26.398,39,210,405,439,634
1498,76545.245930199,76545.246255358,,3,GPU-46bf67bb-cb31-bee1-3cf0-c35337ba97d2,ok,0,0,453,26.395,39,210,405,439,634
1499,76546.245930199,76546.246266036,,3,GPU-46bf67bb-cb31-bee1-3cf0-c35337ba97d2,ok,0,0,453,26.612,39,210,405,390,634
1500,76547.245930199,76547.246267174,,3,GPU-46bf67bb-cb31-bee1-3cf0-c35337ba97d2,ok,0,0,453,26.577,39,210,405,439,634
1501,76548.245930199,76548.246289942,,3,GPU-46bf67bb-cb31-bee1-3cf0-c35337ba97d2,ok,0,0,453,26.609,39,210,405,439,634
1502,76549.245930199,76549.24626804,,3,GPU-46bf67bb-cb31-bee1-3cf0-c35337ba97d2,ok,0,0,453,26.694,39,210,405,439,634
1503,76550.245930199,76550.246250098,,3,GPU-46bf67bb-cb31-bee1-3cf0-c35337ba97d2,ok,0,0,453,26.645,39,210,405,439,634
1504,76551.245930199,76551.246240826,,3,GPU-46bf67bb-cb31-bee1-3cf0-c35337ba97d2,ok,0,0,453,26.701,39,210,405,439,634
1505,76552.245930199,76552.246221224,,3,GPU-46bf67bb-cb31-bee1-3cf0-c35337ba97d2,ok,0,0,453,26.631,39,210,405,439,634
1506,76553.245930199,76553.246232342,,3,GPU-46bf67bb-cb31-bee1-3cf0-c35337ba97d2,ok,0,0,453,26.641,39,210,405,439,634
1507,76554.245930199,76554.24623127,,3,GPU-46bf67bb-cb31-bee1-3cf0-c35337ba97d2,ok,0,0,453,26.764,39,210,405,439,634
1508,76555.245930199,76555.246238068,,3,GPU-46bf67bb-cb31-bee1-3cf0-c35337ba97d2,ok,0,0,453,26.541,39,210,405,439,585
1509,76556.245930199,76556.246211326,,3,GPU-46bf67bb-cb31-bee1-3cf0-c35337ba97d2,ok,0,0,453,26.537,39,210,405,439,634
1510,76557.245930199,76557.246202304,,3,GPU-46bf67bb-cb31-bee1-3cf0-c35337ba97d2,ok,0,0,453,26.712,39,210,405,439,585
1511,76558.245930199,76558.246219362,,3,GPU-46bf67bb-cb31-bee1-3cf0-c35337ba97d2,ok,0,0,453,26.592,39,210,405,439,634
1512,76559.245930199,76559.24623968,,3,GPU-46bf67bb-cb31-bee1-3cf0-c35337ba97d2,ok,0,0,453,26.62,39,210,405,439,585
1513,76560.245930199,76560.246229798,,3,GPU-46bf67bb-cb31-bee1-3cf0-c35337ba97d2,ok,0,0,453,26.808,39,210,405,390,634
1514,76561.245930199,76561.246222716,,3,GPU-46bf67bb-cb31-bee1-3cf0-c35337ba97d2,ok,0,0,453,26.778,39,210,405,439,634
1515,76562.245930199,76562.246236804,,3,GPU-46bf67bb-cb31-bee1-3cf0-c35337ba97d2,ok,0,0,453,26.849,39,210,405,390,634
1516,76563.245930199,76563.246237103,,3,GPU-46bf67bb-cb31-bee1-3cf0-c35337ba97d2,ok,0,0,453,26.936,39,210,405,439,634
1517,76564.245930199,76564.246222081,,3,GPU-46bf67bb-cb31-bee1-3cf0-c35337ba97d2,ok,0,0,453,26.765,39,210,405,439,634
1518,76565.245930199,76565.246234979,,3,GPU-46bf67bb-cb31-bee1-3cf0-c35337ba97d2,ok,0,0,453,26.796,39,210,405,439,634
1519,76566.245930199,76566.246232767,,3,GPU-46bf67bb-cb31-bee1-3cf0-c35337ba97d2,ok,0,0,453,26.894,39,210,405,439,585
1520,76567.245930199,76567.246223025,,3,GPU-46bf67bb-cb31-bee1-3cf0-c35337ba97d2,ok,0,0,453,26.752,39,210,405,439,634
1521,76568.245930199,76568.246244123,,3,GPU-46bf67bb-cb31-bee1-3cf0-c35337ba97d2,ok,0,0,453,26.771,39,210,405,439,634
1522,76569.245930199,76569.246233111,,3,GPU-46bf67bb-cb31-bee1-3cf0-c35337ba97d2,ok,0,0,453,26.82,39,210,405,439,585
1523,76570.245930199,76570.246219949,,3,GPU-46bf67bb-cb31-bee1-3cf0-c35337ba97d2,ok,0,0,453,26.633,39,210,405,439,634
1524,76571.245930199,76571.246240057,,3,GPU-46bf67bb-cb31-bee1-3cf0-c35337ba97d2,ok,0,0,453,26.694,39,210,405,439,634
1525,76572.245930199,76572.246236205,,3,GPU-46bf67bb-cb31-bee1-3cf0-c35337ba97d2,ok,0,0,453,26.863,39,210,405,439,634
1526,76573.245930199,76573.246189883,,3,GPU-46bf67bb-cb31-bee1-3cf0-c35337ba97d2,ok,0,0,453,26.702,39,210,405,439,634
1527,76574.245930199,76574.246207481,,3,GPU-46bf67bb-cb31-bee1-3cf0-c35337ba97d2,ok,0,0,453,26.689,39,210,405,439,634
1528,76575.245930199,76575.246231179,,3,GPU-46bf67bb-cb31-bee1-3cf0-c35337ba97d2,ok,0,0,453,26.91,39,210,405,439,634
1529,76576.245930199,76576.246219797,,3,GPU-46bf67bb-cb31-bee1-3cf0-c35337ba97d2,ok,0,0,453,26.791,39,210,405,390,634
1530,76577.245930199,76577.246236905,,3,GPU-46bf67bb-cb31-bee1-3cf0-c35337ba97d2,ok,0,0,453,26.725,39,210,405,439,585
1531,76578.245930199,76578.246233303,,3,GPU-46bf67bb-cb31-bee1-3cf0-c35337ba97d2,ok,0,0,453,26.893,39,210,405,439,634
1532,76579.245930199,76579.246222751,,3,GPU-46bf67bb-cb31-bee1-3cf0-c35337ba97d2,ok,0,0,453,26.813,39,210,405,439,585
1533,76580.245930199,76580.246239479,,3,GPU-46bf67bb-cb31-bee1-3cf0-c35337ba97d2,ok,0,0,453,26.856,39,210,405,439,634
1534,76581.245930199,76581.246227347,,3,GPU-46bf67bb-cb31-bee1-3cf0-c35337ba97d2,ok,0,0,453,26.946,39,210,405,390,585
1535,76582.245930199,76582.246223715,,3,GPU-46bf67bb-cb31-bee1-3cf0-c35337ba97d2,ok,0,0,453,26.669,39,210,405,439,634
1536,76583.245930199,76583.246255213,,3,GPU-46bf67bb-cb31-bee1-3cf0-c35337ba97d2,ok,0,0,453,26.593,39,210,405,439,585
1537,76584.245930199,76584.246237941,,3,GPU-46bf67bb-cb31-bee1-3cf0-c35337ba97d2,ok,0,0,453,26.706,39,210,405,390,634
1538,76585.245930199,76585.246223959,,3,GPU-46bf67bb-cb31-bee1-3cf0-c35337ba97d2,ok,0,0,453,26.542,39,210,405,439,634
1539,76586.245930199,76586.246255437,,3,GPU-46bf67bb-cb31-bee1-3cf0-c35337ba97d2,ok,0,0,453,26.626,39,210,405,439,634
1540,76587.245930199,76587.246228365,,3,GPU-46bf67bb-cb31-bee1-3cf0-c35337ba97d2,ok,0,0,453,26.826,39,210,405,390,634
1541,76588.245930199,76588.246229873,,3,GPU-46bf67bb-cb31-bee1-3cf0-c35337ba97d2,ok,0,0,453,26.648,39,210,405,439,634
1542,76589.245930199,76589.246262221,,3,GPU-46bf67bb-cb31-bee1-3cf0-c35337ba97d2,ok,0,0,453,26.607,39,210,405,390,585
1543,76590.245930199,76590.246202309,,3,GPU-46bf67bb-cb31-bee1-3cf0-c35337ba97d2,ok,0,0,453,26.569,39,210,405,439,634
1544,76591.245930199,76591.246200837,,3,GPU-46bf67bb-cb31-bee1-3cf0-c35337ba97d2,ok,0,0,453,26.569,39,210,405,439,634
1545,76592.245930199,76592.246254085,,3,GPU-46bf67bb-cb31-bee1-3cf0-c35337ba97d2,ok,0,0,453,26.688,39,210,405,439,634
1546,76593.245930199,76593.246227783,,3,GPU-46bf67bb-cb31-bee1-3cf0-c35337ba97d2,ok,0,0,453,26.584,39,210,405,439,634
1547,76594.245930199,76594.246229301,,3,GPU-46bf67bb-cb31-bee1-3cf0-c35337ba97d2,ok,0,0,453,26.656,39,210,405,390,634
1548,76595.245930199,76595.246257679,,3,GPU-46bf67bb-cb31-bee1-3cf0-c35337ba97d2,ok,0,0,453,26.809,39,210,405,439,634
1549,76596.245930199,76596.246232317,,3,GPU-46bf67bb-cb31-bee1-3cf0-c35337ba97d2,ok,0,0,453,26.629,39,210,405,439,634
1550,76597.245930199,76597.246232105,,3,GPU-46bf67bb-cb31-bee1-3cf0-c35337ba97d2,ok,0,0,453,26.779,39,210,405,390,634
1551,76598.245930199,76598.246256523,,3,GPU-46bf67bb-cb31-bee1-3cf0-c35337ba97d2,ok,0,0,453,26.7,39,210,405,439,634
1552,76599.245930199,76599.246229591,,3,GPU-46bf67bb-cb31-bee1-3cf0-c35337ba97d2,ok,0,0,453,26.743,39,210,405,439,634
1553,76600.245930199,76600.246222489,,3,GPU-46bf67bb-cb31-bee1-3cf0-c35337ba97d2,ok,0,0,453,26.885,39,210,405,390,585
1554,76601.245930199,76601.246255387,,3,GPU-46bf67bb-cb31-bee1-3cf0-c35337ba97d2,ok,0,0,453,26.726,39,210,405,439,634
1555,76602.245930199,76602.246239875,,3,GPU-46bf67bb-cb31-bee1-3cf0-c35337ba97d2,ok,0,0,453,26.712,39,210,405,439,585
1556,76603.245930199,76603.246226663,,3,GPU-46bf67bb-cb31-bee1-3cf0-c35337ba97d2,ok,0,0,453,26.872,39,210,405,390,634
1557,76604.245930199,76604.246257451,,3,GPU-46bf67bb-cb31-bee1-3cf0-c35337ba97d2,ok,0,0,453,26.697,39,210,405,439,634
1558,76605.245930199,76605.246225159,,3,GPU-46bf67bb-cb31-bee1-3cf0-c35337ba97d2,ok,0,0,453,26.681,39,210,405,439,585
1559,76606.245930199,76606.246230908,,3,GPU-46bf67bb-cb31-bee1-3cf0-c35337ba97d2,ok,0,0,453,26.847,39,210,405,390,634
1560,76607.245930199,76607.246252036,,3,GPU-46bf67bb-cb31-bee1-3cf0-c35337ba97d2,ok,0,0,453,26.68,39,210,405,390,634
1561,76608.245930199,76608.246199604,,3,GPU-46bf67bb-cb31-bee1-3cf0-c35337ba97d2,ok,0,0,453,26.684,39,210,405,439,634
1562,76609.245930199,76609.246202912,,3,GPU-46bf67bb-cb31-bee1-3cf0-c35337ba97d2,ok,0,0,453,26.884,39,210,405,439,634
1563,76610.245930199,76610.24622857,,3,GPU-46bf67bb-cb31-bee1-3cf0-c35337ba97d2,ok,0,0,453,26.751,39,210,405,439,585
1564,76611.245930199,76611.246223518,,3,GPU-46bf67bb-cb31-bee1-3cf0-c35337ba97d2,ok,0,0,453,26.717,39,210,405,390,634
1565,76612.245930199,76612.246222986,,3,GPU-46bf67bb-cb31-bee1-3cf0-c35337ba97d2,ok,0,0,453,26.837,39,210,405,439,634
1566,76613.245930199,76613.246253484,,3,GPU-46bf67bb-cb31-bee1-3cf0-c35337ba97d2,ok,0,0,453,26.693,39,210,405,439,634
1567,76614.245930199,76614.246228542,,3,GPU-46bf67bb-cb31-bee1-3cf0-c35337ba97d2,ok,0,0,453,26.774,39,210,405,390,634
1568,76615.245930199,76615.24622624,,3,GPU-46bf67bb-cb31-bee1-3cf0-c35337ba97d2,ok,0,0,453,27.002,39,210,405,439,585
1569,76616.245930199,76616.246268868,,3,GPU-46bf67bb-cb31-bee1-3cf0-c35337ba97d2,ok,0,0,453,26.874,39,210,405,439,634
1570,76617.245930199,76617.246230196,,3,GPU-46bf67bb-cb31-bee1-3cf0-c35337ba97d2,ok,0,0,453,26.767,39,210,405,390,634
1571,76618.245930199,76618.246230994,,3,GPU-46bf67bb-cb31-bee1-3cf0-c35337ba97d2,ok,0,0,453,26.84,39,210,405,439,634
1572,76619.245930199,76619.246259262,,3,GPU-46bf67bb-cb31-bee1-3cf0-c35337ba97d2,ok,0,0,453,26.67,39,210,405,439,634
1573,76620.245930199,76620.24623805,,3,GPU-46bf67bb-cb31-bee1-3cf0-c35337ba97d2,ok,0,0,453,26.679,39,210,405,439,585
1574,76621.245930199,76621.246225828,,3,GPU-46bf67bb-cb31-bee1-3cf0-c35337ba97d2,ok,0,0,453,26.881,39,210,405,439,634
1575,76622.245930199,76622.246257816,,3,GPU-46bf67bb-cb31-bee1-3cf0-c35337ba97d2,ok,0,0,453,26.708,39,210,405,439,634
1576,76623.245930199,76623.246231844,,3,GPU-46bf67bb-cb31-bee1-3cf0-c35337ba97d2,ok,0,0,453,26.72,39,210,405,439,634
1577,76624.245930199,76624.246229842,,3,GPU-46bf67bb-cb31-bee1-3cf0-c35337ba97d2,ok,0,0,453,26.916,39,210,405,488,634
1578,76625.245930199,76625.24626532,,3,GPU-46bf67bb-cb31-bee1-3cf0-c35337ba97d2,ok,0,0,453,26.759,39,210,405,439,634
1579,76626.245930199,76626.246200978,,3,GPU-46bf67bb-cb31-bee1-3cf0-c35337ba97d2,ok,0,0,453,26.734,39,210,405,439,634
1580,76627.245930199,76627.246198576,,3,GPU-46bf67bb-cb31-bee1-3cf0-c35337ba97d2,ok,0,0,453,26.787,39,210,405,390,585
1581,76628.245930199,76628.246256074,,3,GPU-46bf67bb-cb31-bee1-3cf0-c35337ba97d2,ok,0,0,453,26.683,39,210,405,439,634
1582,76629.245930199,76629.246239862,,3,GPU-46bf67bb-cb31-bee1-3cf0-c35337ba97d2,ok,0,0,453,26.747,39,210,405,439,634
1583,76630.245930199,76630.24623205,,3,GPU-46bf67bb-cb31-bee1-3cf0-c35337ba97d2,ok,0,0,453,26.715,39,210,405,439,634
1584,76631.245930199,76631.246254768,,3,GPU-46bf67bb-cb31-bee1-3cf0-c35337ba97d2,ok,0,0,453,26.779,39,210,405,439,634
1585,76632.245930199,76632.246248756,,3,GPU-46bf67bb-cb31-bee1-3cf0-c35337ba97d2,ok,0,0,453,26.909,39,210,405,439,634
1586,76633.245930199,76633.246229364,,3,GPU-46bf67bb-cb31-bee1-3cf0-c35337ba97d2,ok,0,0,453,26.719,39,210,405,439,634
1587,76634.245930199,76634.246255962,,3,GPU-46bf67bb-cb31-bee1-3cf0-c35337ba97d2,ok,0,0,453,26.741,39,210,405,439,585
1588,76635.245930199,76635.24623343,,3,GPU-46bf67bb-cb31-bee1-3cf0-c35337ba97d2,ok,0,0,453,26.897,39,210,405,439,634
1589,76636.245930199,76636.246227898,,3,GPU-46bf67bb-cb31-bee1-3cf0-c35337ba97d2,ok,0,0,453,26.716,39,210,405,390,585
1590,76637.245930199,76637.246259236,,3,GPU-46bf67bb-cb31-bee1-3cf0-c35337ba97d2,ok,0,0,453,26.673,39,210,405,439,634
1591,76638.245930199,76638.246231394,,3,GPU-46bf67bb-cb31-bee1-3cf0-c35337ba97d2,ok,0,0,453,26.823,39,210,405,439,634
1592,76639.245930199,76639.246235832,,3,GPU-46bf67bb-cb31-bee1-3cf0-c35337ba97d2,ok,0,0,453,26.662,39,210,405,439,585
1593,76640.245930199,76640.24625766,,3,GPU-46bf67bb-cb31-bee1-3cf0-c35337ba97d2,ok,0,0,453,26.629,39,210,405,439,634
1594,76641.245930199,76641.246229008,,3,GPU-46bf67bb-cb31-bee1-3cf0-c35337ba97d2,ok,0,0,453,26.775,39,210,405,439,634
1595,76642.245930199,76642.246232846,,3,GPU-46bf67bb-cb31-bee1-3cf0-c35337ba97d2,ok,0,0,453,26.612,39,210,405,439,585
1596,76643.245930199,76643.246264034,,3,GPU-46bf67bb-cb31-bee1-3cf0-c35337ba97d2,ok,0,0,453,26.596,39,210,405,390,634
1597,76644.245930199,76644.246212032,,3,GPU-46bf67bb-cb31-bee1-3cf0-c35337ba97d2,ok,0,0,453,26.735,39,210,405,439,585
1598,76645.245930199,76645.24621719,,3,GPU-46bf67bb-cb31-bee1-3cf0-c35337ba97d2,ok,0,0,453,26.643,39,210,405,439,634
1599,76646.245930199,76646.246274698,,3,GPU-46bf67bb-cb31-bee1-3cf0-c35337ba97d2,ok,0,0,453,26.728,39,210,405,439,634
1600,76647.245930199,76647.246248236,,3,GPU-46bf67bb-cb31-bee1-3cf0-c35337ba97d2,ok,0,0,453,26.897,39,210,405,439,634
1601,76648.245930199,76648.246266744,,3,GPU-46bf67bb-cb31-bee1-3cf0-c35337ba97d2,ok,0,0,453,26.656,39,210,405,439,634
1602,76649.245930199,76649.246275873,,3,GPU-46bf67bb-cb31-bee1-3cf0-c35337ba97d2,ok,0,0,453,26.6,39,210,405,390,634
1603,76650.245930199,76650.246266941,,3,GPU-46bf67bb-cb31-bee1-3cf0-c35337ba97d2,ok,0,0,453,26.775,39,210,405,439,634
1604,76651.245930199,76651.246257419,,3,GPU-46bf67bb-cb31-bee1-3cf0-c35337ba97d2,ok,0,0,453,26.604,39,210,405,439,634
1605,76652.245930199,76652.246286297,,3,GPU-46bf67bb-cb31-bee1-3cf0-c35337ba97d2,ok,0,0,453,26.643,39,210,405,390,634
1606,76653.245930199,76653.246251415,,3,GPU-46bf67bb-cb31-bee1-3cf0-c35337ba97d2,ok,0,0,453,26.833,39,210,405,439,585
1607,76654.245930199,76654.246245933,,3,GPU-46bf67bb-cb31-bee1-3cf0-c35337ba97d2,ok,0,0,453,26.655,39,210,405,439,634
1608,76655.245930199,76655.246276571,,3,GPU-46bf67bb-cb31-bee1-3cf0-c35337ba97d2,ok,0,0,453,26.586,39,210,405,390,585
1609,76656.245930199,76656.246249369,,3,GPU-46bf67bb-cb31-bee1-3cf0-c35337ba97d2,ok,0,0,453,26.7,39,210,405,439,634
1610,76657.245930199,76657.246256577,,3,GPU-46bf67bb-cb31-bee1-3cf0-c35337ba97d2,ok,0,0,453,26.61,39,210,405,390,585
1611,76658.245930199,76658.246275945,,3,GPU-46bf67bb-cb31-bee1-3cf0-c35337ba97d2,ok,0,0,453,26.651,39,210,405,439,634
1612,76659.245930199,76659.246257083,,3,GPU-46bf67bb-cb31-bee1-3cf0-c35337ba97d2,ok,0,0,453,26.775,39,210,405,439,585
1613,76660.245930199,76660.246254351,,3,GPU-46bf67bb-cb31-bee1-3cf0-c35337ba97d2,ok,0,0,453,26.578,39,210,405,390,634
1614,76661.245930199,76661.246295899,,3,GPU-46bf67bb-cb31-bee1-3cf0-c35337ba97d2,ok,0,0,453,26.559,39,210,405,439,634
1615,76662.245930199,76662.246216767,,3,GPU-46bf67bb-cb31-bee1-3cf0-c35337ba97d2,ok,0,0,453,26.72,39,210,405,390,634
1616,76663.245930199,76663.246216105,,3,GPU-46bf67bb-cb31-bee1-3cf0-c35337ba97d2,ok,0,0,453,26.625,39,210,405,439,634
1617,76664.245930199,76664.246272563,,3,GPU-46bf67bb-cb31-bee1-3cf0-c35337ba97d2,ok,0,0,453,26.662,39,210,405,439,634
1618,76665.245930199,76665.246253391,,3,GPU-46bf67bb-cb31-bee1-3cf0-c35337ba97d2,ok,0,0,453,26.782,39,210,405,439,634
1619,76666.245930199,76666.246245219,,3,GPU-46bf67bb-cb31-bee1-3cf0-c35337ba97d2,ok,0,0,453,26.647,39,210,405,439,585
1620,76667.245930199,76667.246268977,,3,GPU-46bf67bb-cb31-bee1-3cf0-c35337ba97d2,ok,0,0,453,26.716,39,210,405,439,634
1621,76668.245930199,76668.246229885,,3,GPU-46bf67bb-cb31-bee1-3cf0-c35337ba97d2,ok,0,0,453,26.772,39,210,405,439,634
1622,76669.245930199,76669.246234883,,3,GPU-46bf67bb-cb31-bee1-3cf0-c35337ba97d2,ok,0,0,453,26.741,39,210,405,439,634
1623,76670.245930199,76670.246284751,,3,GPU-46bf67bb-cb31-bee1-3cf0-c35337ba97d2,ok,0,0,453,26.838,39,210,405,439,634
1624,76671.245930199,76671.246228049,,3,GPU-46bf67bb-cb31-bee1-3cf0-c35337ba97d2,ok,0,0,453,26.723,39,210,405,439,634
1625,76672.245930199,76672.246230187,,3,GPU-46bf67bb-cb31-bee1-3cf0-c35337ba97d2,ok,0,0,453,26.783,39,210,405,390,634
1626,76673.245930199,76673.246257975,,3,GPU-46bf67bb-cb31-bee1-3cf0-c35337ba97d2,ok,0,0,453,26.942,39,210,405,439,634
1627,76674.245930199,76674.246230993,,3,GPU-46bf67bb-cb31-bee1-3cf0-c35337ba97d2,ok,0,0,453,26.694,39,210,405,439,585
1628,76675.245930199,76675.246234911,,3,GPU-46bf67bb-cb31-bee1-3cf0-c35337ba97d2,ok,0,0,453,26.681,39,210,405,390,634
1629,76676.245930199,76676.246258889,,3,GPU-46bf67bb-cb31-bee1-3cf0-c35337ba97d2,ok,0,0,453,26.856,39,210,405,439,634
1630,76677.245930199,76677.246231237,,3,GPU-46bf67bb-cb31-bee1-3cf0-c35337ba97d2,ok,0,0,453,26.698,39,210,405,439,634
1631,76678.245930199,76678.246230365,,3,GPU-46bf67bb-cb31-bee1-3cf0-c35337ba97d2,ok,0,0,453,26.73,39,210,405,439,634
1632,76679.245930199,76679.246263113,,3,GPU-46bf67bb-cb31-bee1-3cf0-c35337ba97d2,ok,0,0,453,26.851,39,210,405,439,634
1633,76680.245930199,76680.246230511,,3,GPU-46bf67bb-cb31-bee1-3cf0-c35337ba97d2,ok,0,0,453,26.668,39,210,405,390,585
1634,76681.245930199,76681.246230679,,3,GPU-46bf67bb-cb31-bee1-3cf0-c35337ba97d2,ok,0,0,453,26.625,39,210,405,439,634
1635,76682.245930199,76682.246256687,,3,GPU-46bf67bb-cb31-bee1-3cf0-c35337ba97d2,ok,0,0,453,26.787,39,210,405,390,634
1636,76683.245930199,76683.246227825,,3,GPU-46bf67bb-cb31-bee1-3cf0-c35337ba97d2,ok,0,0,453,26.72,39,210,405,439,585
1637,76684.245930199,76684.246228273,,3,GPU-46bf67bb-cb31-bee1-3cf0-c35337ba97d2,ok,0,0,453,26.735,39,210,405,439,634
1638,76685.245930199,76685.246259471,,3,GPU-46bf67bb-cb31-bee1-3cf0-c35337ba97d2,ok,0,0,453,26.851,39,210,405,439,634
1639,76686.245930199,76686.246229509,,3,GPU-46bf67bb-cb31-bee1-3cf0-c35337ba97d2,ok,0,0,453,26.667,39,210,405,439,634
1640,76687.245930199,76687.246233267,,3,GPU-46bf67bb-cb31-bee1-3cf0-c35337ba97d2,ok,0,0,453,26.648,39,210,405,439,634
1641,76688.245930199,76688.246260495,,3,GPU-46bf67bb-cb31-bee1-3cf0-c35337ba97d2,ok,0,0,453,26.826,39,210,405,439,634
1642,76689.245930199,76689.246234583,,3,GPU-46bf67bb-cb31-bee1-3cf0-c35337ba97d2,ok,0,0,453,26.612,39,210,405,390,634
1643,76690.245930199,76690.246232821,,3,GPU-46bf67bb-cb31-bee1-3cf0-c35337ba97d2,ok,0,0,453,26.529,39,210,405,439,634
1644,76691.245930199,76691.246261479,,3,GPU-46bf67bb-cb31-bee1-3cf0-c35337ba97d2,ok,0,0,453,26.716,39,210,405,390,634
1645,76692.245930199,76692.246232817,,3,GPU-46bf67bb-cb31-bee1-3cf0-c35337ba97d2,ok,0,0,453,26.576,39,210,405,439,585
1646,76693.245930199,76693.246234026,,3,GPU-46bf67bb-cb31-bee1-3cf0-c35337ba97d2,ok,0,0,453,26.547,39,210,405,439,634
1647,76694.245930199,76694.246258474,,3,GPU-46bf67bb-cb31-bee1-3cf0-c35337ba97d2,ok,0,0,453,26.674,39,210,405,439,585
1648,76695.245930199,76695.246236742,,3,GPU-46bf67bb-cb31-bee1-3cf0-c35337ba97d2,ok,0,0,453,26.549,39,210,405,439,634
1649,76696.245930199,76696.24623936,,3,GPU-46bf67bb-cb31-bee1-3cf0-c35337ba97d2,ok,0,0,453,26.587,39,210,405,439,585
1650,76697.245930199,76697.246231418,,3,GPU-46bf67bb-cb31-bee1-3cf0-c35337ba97d2,ok,0,0,453,26.72,39,210,405,439,634
1651,76698.245930199,76698.246199996,,3,GPU-46bf67bb-cb31-bee1-3cf0-c35337ba97d2,ok,0,0,453,26.584,39,210,405,439,585
1652,76699.245930199,76699.246253064,,3,GPU-46bf67bb-cb31-bee1-3cf0-c35337ba97d2,ok,0,0,453,26.697,39,210,405,390,634
1653,76700.245930199,76700.246262782,,3,GPU-46bf67bb-cb31-bee1-3cf0-c35337ba97d2,ok,0,0,453,26.89,39,210,405,439,634
1654,76701.245930199,76701.24623649,,3,GPU-46bf67bb-cb31-bee1-3cf0-c35337ba97d2,ok,0,0,453,26.732,39,210,405,439,634
1655,76702.245930199,76702.246233538,,3,GPU-46bf67bb-cb31-bee1-3cf0-c35337ba97d2,ok,0,0,453,26.816,39,210,405,439,634
1656,76703.245930199,76703.246257626,,3,GPU-46bf67bb-cb31-bee1-3cf0-c35337ba97d2,ok,0,0,453,26.931,39,210,405,439,585
1657,76704.245930199,76704.246236924,,3,GPU-46bf67bb-cb31-bee1-3cf0-c35337ba97d2,ok,0,0,453,26.69,39,210,405,439,634
1658,76705.245930199,76705.246234092,,3,GPU-46bf67bb-cb31-bee1-3cf0-c35337ba97d2,ok,0,0,453,26.664,39,210,405,390,585
1659,76706.245930199,76706.24626419,,3,GPU-46bf67bb-cb31-bee1-3cf0-c35337ba97d2,ok,0,0,453,26.729,39,210,405,439,634
1660,76707.245930199,76707.246236128,,3,GPU-46bf67bb-cb31-bee1-3cf0-c35337ba97d2,ok,0,0,453,26.668,39,210,405,439,585
1661,76708.245930199,76708.246244226,,3,GPU-46bf67bb-cb31-bee1-3cf0-c35337ba97d2,ok,0,0,453,26.746,39,210,405,439,634
1662,76709.245930199,76709.246262134,,3,GPU-46bf67bb-cb31-bee1-3cf0-c35337ba97d2,ok,0,0,453,26.641,39,210,405,439,634
1663,76710.245930199,76710.246243022,,3,GPU-46bf67bb-cb31-bee1-3cf0-c35337ba97d2,ok,0,0,453,26.583,39,210,405,439,585
1664,76711.245930199,76711.24623632,,3,GPU-46bf67bb-cb31-bee1-3cf0-c35337ba97d2,ok,0,0,453,26.723,39,210,405,439,634
1665,76712.245930199,76712.246259988,,3,GPU-46bf67bb-cb31-bee1-3cf0-c35337ba97d2,ok,0,0,453,26.59,39,210,405,439,585
1666,76713.245930199,76713.246244916,,3,GPU-46bf67bb-cb31-bee1-3cf0-c35337ba97d2,ok,0,0,453,26.606,39,210,405,439,634
1667,76714.245930199,76714.246234374,,3,GPU-46bf67bb-cb31-bee1-3cf0-c35337ba97d2,ok,0,0,453,26.788,39,210,405,390,634
1668,76715.245930199,76715.246230322,,3,GPU-46bf67bb-cb31-bee1-3cf0-c35337ba97d2,ok,0,0,453,26.693,39,210,405,439,634
1669,76716.245930199,76716.24620673,,3,GPU-46bf67bb-cb31-bee1-3cf0-c35337ba97d2,ok,0,0,453,26.677,39,210,405,439,634
1670,76717.245930199,76717.246234088,,3,GPU-46bf67bb-cb31-bee1-3cf0-c35337ba97d2,ok,0,0,453,26.791,39,210,405,439,634
1671,76718.245930199,76718.246260156,,3,GPU-46bf67bb-cb31-bee1-3cf0-c35337ba97d2,ok,0,0,453,26.763,39,210,405,439,634
1672,76719.245930199,76719.246232454,,3,GPU-46bf67bb-cb31-bee1-3cf0-c35337ba97d2,ok,0,0,453,26.662,39,210,405,439,585
1673,76720.245930199,76720.246229402,,3,GPU-46bf67bb-cb31-bee1-3cf0-c35337ba97d2,ok,0,0,453,26.452,39,210,405,439,634
1674,76721.245930199,76721.24626552,,3,GPU-46bf67bb-cb31-bee1-3cf0-c35337ba97d2,ok,0,0,453,26.499,39,210,405,439,634
1675,76722.245930199,76722.246234158,,3,GPU-46bf67bb-cb31-bee1-3cf0-c35337ba97d2,ok,0,0,453,26.632,39,210,405,390,634
1676,76723.245930199,76723.246232356,,3,GPU-46bf67bb-cb31-bee1-3cf0-c35337ba97d2,ok,0,0,453,26.433,39,210,405,439,634
1677,76724.245930199,76724.246262754,,3,GPU-46bf67bb-cb31-bee1-3cf0-c35337ba97d2,ok,0,0,453,26.566,39,210,405,439,634
1678,76725.245930199,76725.246233582,,3,GPU-46bf67bb-cb31-bee1-3cf0-c35337ba97d2,ok,0,0,453,26.77,39,210,405,439,634
1679,76726.245930199,76726.24623542,,3,GPU-46bf67bb-cb31-bee1-3cf0-c35337ba97d2,ok,0,0,453,26.516,39,210,405,390,634
1680,76727.245930199,76727.246263958,,3,GPU-46bf67bb-cb31-bee1-3cf0-c35337ba97d2,ok,0,0,453,26.514,39,210,405,439,634
1681,76728.245930199,76728.246232736,,3,GPU-46bf67bb-cb31-bee1-3cf0-c35337ba97d2,ok,0,0,453,26.706,39,210,405,439,634
1682,76729.245930199,76729.246235554,,3,GPU-46bf67bb-cb31-bee1-3cf0-c35337ba97d2,ok,0,0,453,26.547,39,210,405,390,585
1683,76730.245930199,76730.246266972,,3,GPU-46bf67bb-cb31-bee1-3cf0-c35337ba97d2,ok,0,0,453,26.565,39,210,405,439,634
1684,76731.245930199,76731.24624022,,3,GPU-46bf67bb-cb31-bee1-3cf0-c35337ba97d2,ok,0,0,453,26.671,39,210,405,439,634
1685,76732.245930199,76732.246234188,,3,GPU-46bf67bb-cb31-bee1-3cf0-c35337ba97d2,ok,0,0,453,26.457,39,210,405,439,585
1686,76733.245930199,76733.246273016,,3,GPU-46bf67bb-cb31-bee1-3cf0-c35337ba97d2,ok,0,0,453,26.458,39,210,405,390,634
1687,76734.245930199,76734.246230454,,3,GPU-46bf67bb-cb31-bee1-3cf0-c35337ba97d2,ok,0,0,453,26.616,39,210,405,439,634
1688,76735.245930199,76735.246230682,,3,GPU-46bf67bb-cb31-bee1-3cf0-c35337ba97d2,ok,0,0,453,26.531,39,210,405,439,634
1689,76736.245930199,76736.246259811,,3,GPU-46bf67bb-cb31-bee1-3cf0-c35337ba97d2,ok,0,0,453,26.543,39,210,405,439,634
1690,76737.245930199,76737.246237269,,3,GPU-46bf67bb-cb31-bee1-3cf0-c35337ba97d2,ok,0,0,453,26.667,39,210,405,439,634
1691,76738.245930199,76738.246238137,,3,GPU-46bf67bb-cb31-bee1-3cf0-c35337ba97d2,ok,0,0,453,26.51,39,210,405,439,634
1692,76739.245930199,76739.246259705,,3,GPU-46bf67bb-cb31-bee1-3cf0-c35337ba97d2,ok,0,0,453,26.539,39,210,405,439,634
1693,76740.245930199,76740.246231583,,3,GPU-46bf67bb-cb31-bee1-3cf0-c35337ba97d2,ok,0,0,453,26.738,39,210,405,439,634
1694,76741.245930199,76741.246234441,,3,GPU-46bf67bb-cb31-bee1-3cf0-c35337ba97d2,ok,0,0,453,26.524,39,210,405,439,634
1695,76742.245930199,76742.246260149,,3,GPU-46bf67bb-cb31-bee1-3cf0-c35337ba97d2,ok,0,0,453,26.476,39,210,405,439,634
1696,76743.245930199,76743.246233807,,3,GPU-46bf67bb-cb31-bee1-3cf0-c35337ba97d2,ok,0,0,453,26.661,39,210,405,439,634
1697,76744.245930199,76744.246236905,,3,GPU-46bf67bb-cb31-bee1-3cf0-c35337ba97d2,ok,0,0,453,26.528,39,210,405,390,634
1698,76745.245930199,76745.246264793,,3,GPU-46bf67bb-cb31-bee1-3cf0-c35337ba97d2,ok,0,0,453,26.495,39,210,405,439,585
1699,76746.245930199,76746.246231861,,3,GPU-46bf67bb-cb31-bee1-3cf0-c35337ba97d2,ok,0,0,453,26.626,39,210,405,439,634
1700,76747.245930199,76747.246239689,,3,GPU-46bf67bb-cb31-bee1-3cf0-c35337ba97d2,ok,0,0,453,26.455,39,210,405,439,634
1701,76748.245930199,76748.246264647,,3,GPU-46bf67bb-cb31-bee1-3cf0-c35337ba97d2,ok,0,0,453,26.415,39,210,405,439,634
1702,76749.245930199,76749.246234175,,3,GPU-46bf67bb-cb31-bee1-3cf0-c35337ba97d2,ok,0,0,453,26.616,39,210,405,439,634
1703,76750.245930199,76750.246242533,,3,GPU-46bf67bb-cb31-bee1-3cf0-c35337ba97d2,ok,0,0,453,26.5,39,210,405,439,585
1704,76751.245930199,76751.246264331,,3,GPU-46bf67bb-cb31-bee1-3cf0-c35337ba97d2,ok,0,0,453,26.503,39,210,405,439,634
1705,76752.245930199,76752.246261879,,3,GPU-46bf67bb-cb31-bee1-3cf0-c35337ba97d2,ok,0,0,453,26.503,39,210,405,439,634
1706,76753.245930199,76753.246229977,,3,GPU-46bf67bb-cb31-bee1-3cf0-c35337ba97d2,ok,0,0,453,26.486,39,210,405,439,634
1707,76754.245930199,76754.246261585,,3,GPU-46bf67bb-cb31-bee1-3cf0-c35337ba97d2,ok,0,0,453,26.661,39,210,405,439,634
1708,76755.245930199,76755.246231213,,3,GPU-46bf67bb-cb31-bee1-3cf0-c35337ba97d2,ok,0,0,453,26.56,39,210,405,390,634
1709,76756.245930199,76756.246231541,,3,GPU-46bf67bb-cb31-bee1-3cf0-c35337ba97d2,ok,0,0,453,26.578,39,210,405,439,634
1710,76757.245930199,76757.246236229,,3,GPU-46bf67bb-cb31-bee1-3cf0-c35337ba97d2,ok,0,0,453,26.69,39,210,405,439,634
1711,76758.245930199,76758.246229747,,3,GPU-46bf67bb-cb31-bee1-3cf0-c35337ba97d2,ok,0,0,453,26.534,39,210,405,439,634
1712,76759.245930199,76759.246270785,,3,GPU-46bf67bb-cb31-bee1-3cf0-c35337ba97d2,ok,0,0,453,26.548,39,210,405,439,634
1713,76760.245930199,76760.246220563,,3,GPU-46bf67bb-cb31-bee1-3cf0-c35337ba97d2,ok,0,0,453,26.725,39,210,405,439,634
1714,76761.245930199,76761.246249921,,3,GPU-46bf67bb-cb31-bee1-3cf0-c35337ba97d2,ok,0,0,453,26.583,39,210,405,390,634
1715,76762.245930199,76762.246280739,,3,GPU-46bf67bb-cb31-bee1-3cf0-c35337ba97d2,ok,0,0,453,26.577,39,210,405,439,585
1716,76763.245930199,76763.246257577,,3,GPU-46bf67bb-cb31-bee1-3cf0-c35337ba97d2,ok,0,0,453,26.782,39,210,405,439,634
1717,76764.245930199,76764.246259735,,3,GPU-46bf67bb-cb31-bee1-3cf0-c35337ba97d2,ok,0,0,453,26.655,39,210,405,439,634
1718,76765.245930199,76765.246273823,,3,GPU-46bf67bb-cb31-bee1-3cf0-c35337ba97d2,ok,0,0,453,26.628,39,210,405,439,634
1719,76766.245930199,76766.246253171,,3,GPU-46bf67bb-cb31-bee1-3cf0-c35337ba97d2,ok,0,0,453,26.782,39,210,405,439,634
1720,76767.245930199,76767.246265269,,3,GPU-46bf67bb-cb31-bee1-3cf0-c35337ba97d2,ok,0,0,453,26.664,39,210,405,439,585
1721,76768.245930199,76768.246288487,,3,GPU-46bf67bb-cb31-bee1-3cf0-c35337ba97d2,ok,0,0,453,26.7,39,210,405,439,634
1722,76769.245930199,76769.246264365,,3,GPU-46bf67bb-cb31-bee1-3cf0-c35337ba97d2,ok,0,0,453,26.76,39,210,405,439,585
1723,76770.245930199,76770.246253033,,3,GPU-46bf67bb-cb31-bee1-3cf0-c35337ba97d2,ok,0,0,453,26.499,39,210,405,439,634
1724,76771.245930199,76771.246274271,,3,GPU-46bf67bb-cb31-bee1-3cf0-c35337ba97d2,ok,0,0,453,26.479,39,210,405,439,634
1725,76772.245930199,76772.246255119,,3,GPU-46bf67bb-cb31-bee1-3cf0-c35337ba97d2,ok,0,0,453,26.602,39,210,405,439,585
1726,76773.245930199,76773.246247497,,3,GPU-46bf67bb-cb31-bee1-3cf0-c35337ba97d2,ok,0,0,453,26.439,39,210,405,439,634
1727,76774.245930199,76774.246281045,,3,GPU-46bf67bb-cb31-bee1-3cf0-c35337ba97d2,ok,0,0,453,26.416,39,210,405,439,634
1728,76775.245930199,76775.246249353,,3,GPU-46bf67bb-cb31-bee1-3cf0-c35337ba97d2,ok,0,0,453,26.547,39,210,405,439,634
1729,76776.245930199,76776.246252291,,3,GPU-46bf67bb-cb31-bee1-3cf0-c35337ba97d2,ok,0,0,453,26.475,39,210,405,439,634
1730,76777.245930199,76777.246276269,,3,GPU-46bf67bb-cb31-bee1-3cf0-c35337ba97d2,ok,0,0,453,26.532,39,210,405,439,634
1731,76778.245930199,76778.246224067,,3,GPU-46bf67bb-cb31-bee1-3cf0-c35337ba97d2,ok,0,0,453,26.653,39,210,405,390,634
1732,76779.245930199,76779.246258256,,3,GPU-46bf67bb-cb31-bee1-3cf0-c35337ba97d2,ok,0,0,453,26.471,39,210,405,439,585
1733,76780.245930199,76780.246282884,,3,GPU-46bf67bb-cb31-bee1-3cf0-c35337ba97d2,ok,0,0,453,26.524,39,210,405,439,634
1734,76781.245930199,76781.246253122,,3,GPU-46bf67bb-cb31-bee1-3cf0-c35337ba97d2,ok,0,0,453,26.749,39,210,405,390,634
1735,76782.245930199,76782.24625284,,3,GPU-46bf67bb-cb31-bee1-3cf0-c35337ba97d2,ok,0,0,453,26.607,39,210,405,439,634
1736,76783.245930199,76783.246280488,,3,GPU-46bf67bb-cb31-bee1-3cf0-c35337ba97d2,ok,0,0,453,26.587,39,210,405,439,585
1737,76784.245930199,76784.246251876,,3,GPU-46bf67bb-cb31-bee1-3cf0-c35337ba97d2,ok,0,0,453,26.764,39,210,405,439,634
1738,76785.245930199,76785.246234094,,3,GPU-46bf67bb-cb31-bee1-3cf0-c35337ba97d2,ok,0,0,453,26.614,39,210,405,439,634
1739,76786.245930199,76786.246279712,,3,GPU-46bf67bb-cb31-bee1-3cf0-c35337ba97d2,ok,0,0,453,26.539,39,210,405,390,634
1740,76787.245930199,76787.24623682,,3,GPU-46bf67bb-cb31-bee1-3cf0-c35337ba97d2,ok,0,0,453,26.677,39,210,405,439,634
1741,76788.245930199,76788.246232338,,3,GPU-46bf67bb-cb31-bee1-3cf0-c35337ba97d2,ok,0,0,453,26.517,39,210,405,439,634
1742,76789.245930199,76789.246257316,,3,GPU-46bf67bb-cb31-bee1-3cf0-c35337ba97d2,ok,0,0,453,26.55,39,210,405,439,634
1743,76790.245930199,76790.246239504,,3,GPU-46bf67bb-cb31-bee1-3cf0-c35337ba97d2,ok,0,0,453,26.613,39,210,405,439,634
1744,76791.245930199,76791.246235532,,3,GPU-46bf67bb-cb31-bee1-3cf0-c35337ba97d2,ok,0,0,453,26.521,39,210,405,439,634
1745,76792.245930199,76792.24626319,,3,GPU-46bf67bb-cb31-bee1-3cf0-c35337ba97d2,ok,0,0,453,26.515,39,210,405,439,634
1746,76793.245930199,76793.246233548,,3,GPU-46bf67bb-cb31-bee1-3cf0-c35337ba97d2,ok,0,0,453,26.475,39,210,405,390,634
1747,76794.245930199,76794.246240206,,3,GPU-46bf67bb-cb31-bee1-3cf0-c35337ba97d2,ok,0,0,453,26.57,39,210,405,439,634
1748,76795.245930199,76795.246258154,,3,GPU-46bf67bb-cb31-bee1-3cf0-c35337ba97d2,ok,0,0,453,26.791,39,210,405,439,634
1749,76796.245930199,76796.246245282,,3,GPU-46bf67bb-cb31-bee1-3cf0-c35337ba97d2,ok,0,0,453,26.601,39,210,405,390,585
1750,76797.245930199,76797.24623718,,3,GPU-46bf67bb-cb31-bee1-3cf0-c35337ba97d2,ok,0,0,453,26.56,39,210,405,439,634
1751,76798.245930199,76798.246268638,,3,GPU-46bf67bb-cb31-bee1-3cf0-c35337ba97d2,ok,0,0,453,26.733,39,210,405,390,585
1752,76799.245930199,76799.246242016,,3,GPU-46bf67bb-cb31-bee1-3cf0-c35337ba97d2,ok,0,0,453,26.578,39,210,405,439,634
1753,76800.245930199,76800.246235554,,3,GPU-46bf67bb-cb31-bee1-3cf0-c35337ba97d2,ok,0,0,453,26.515,39,210,405,390,634
1754,76801.245930199,76801.246265042,,3,GPU-46bf67bb-cb31-bee1-3cf0-c35337ba97d2,ok,0,0,453,26.647,39,210,405,439,634
1755,76802.245930199,76802.24623742,,3,GPU-46bf67bb-cb31-bee1-3cf0-c35337ba97d2,ok,0,0,453,26.518,39,210,405,439,634
1756,76803.245930199,76803.246236978,,3,GPU-46bf67bb-cb31-bee1-3cf0-c35337ba97d2,ok,0,0,453,26.558,39,210,405,390,634
1757,76804.245930199,76804.246268706,,3,GPU-46bf67bb-cb31-bee1-3cf0-c35337ba97d2,ok,0,0,453,26.673,39,210,405,439,634
1758,76805.245930199,76805.246239844,,3,GPU-46bf67bb-cb31-bee1-3cf0-c35337ba97d2,ok,0,0,453,26.463,39,210,405,390,585
1759,76806.245930199,76806.246234282,,3,GPU-46bf67bb-cb31-bee1-3cf0-c35337ba97d2,ok,0,0,453,26.505,39,210,405,439,634
1760,76807.245930199,76807.24626703,,3,GPU-46bf67bb-cb31-bee1-3cf0-c35337ba97d2,ok,0,0,453,26.719,39,210,405,390,585
1761,76808.245930199,76808.246236578,,3,GPU-46bf67bb-cb31-bee1-3cf0-c35337ba97d2,ok,0,0,453,26.58,39,210,405,439,634
1762,76809.245930199,76809.246236316,,3,GPU-46bf67bb-cb31-bee1-3cf0-c35337ba97d2,ok,0,0,453,26.517,39,210,405,439,634
1763,76810.245930199,76810.246265484,,3,GPU-46bf67bb-cb31-bee1-3cf0-c35337ba97d2,ok,0,0,453,26.621,39,210,405,390,634
1764,76811.245930199,76811.246237562,,3,GPU-46bf67bb-cb31-bee1-3cf0-c35337ba97d2,ok,0,0,453,26.497,39,210,405,439,634
1765,76812.245930199,76812.24622838,,3,GPU-46bf67bb-cb31-bee1-3cf0-c35337ba97d2,ok,0,0,453,26.538,39,210,405,439,634
1766,76813.245930199,76813.246263858,,3,GPU-46bf67bb-cb31-bee1-3cf0-c35337ba97d2,ok,0,0,453,26.714,39,210,405,439,585
1767,76814.245930199,76814.246245176,,3,GPU-46bf67bb-cb31-bee1-3cf0-c35337ba97d2,ok,0,0,453,26.535,39,210,405,390,634
1768,76815.245930199,76815.246229434,,3,GPU-46bf67bb-cb31-bee1-3cf0-c35337ba97d2,ok,0,0,453,26.49,39,210,405,439,585
1769,76816.245930199,76816.246262032,,3,GPU-46bf67bb-cb31-bee1-3cf0-c35337ba97d2,ok,0,0,453,26.627,39,210,405,439,634
1770,76817.245930199,76817.24623737,,3,GPU-46bf67bb-cb31-bee1-3cf0-c35337ba97d2,ok,0,0,453,26.532,39,210,405,439,585
1771,76818.245930199,76818.246252228,,3,GPU-46bf67bb-cb31-bee1-3cf0-c35337ba97d2,ok,0,0,453,26.599,39,210,405,439,634
1772,76819.245930199,76819.246267556,,3,GPU-46bf67bb-cb31-bee1-3cf0-c35337ba97d2,ok,0,0,453,26.694,39,210,405,439,585
1773,76820.245930199,76820.246238144,,3,GPU-46bf67bb-cb31-bee1-3cf0-c35337ba97d2,ok,0,0,453,26.508,39,210,405,439,634
1774,76821.245930199,76821.246231592,,3,GPU-46bf67bb-cb31-bee1-3cf0-c35337ba97d2,ok,0,0,453,26.584,39,210,405,439,634
1775,76822.245930199,76822.246265761,,3,GPU-46bf67bb-cb31-bee1-3cf0-c35337ba97d2,ok,0,0,453,26.807,39,210,405,390,634
1776,76823.245930199,76823.246248739,,3,GPU-46bf67bb-cb31-bee1-3cf0-c35337ba97d2,ok,0,0,453,26.675,39,210,405,439,634
1777,76824.245930199,76824.246234677,,3,GPU-46bf67bb-cb31-bee1-3cf0-c35337ba97d2,ok,0,0,453,26.69,39,210,405,439,585
1778,76825.245930199,76825.246269805,,3,GPU-46bf67bb-cb31-bee1-3cf0-c35337ba97d2,ok,0,0,453,26.821,39,210,405,390,634
1779,76826.245930199,76826.246239103,,3,GPU-46bf67bb-cb31-bee1-3cf0-c35337ba97d2,ok,0,0,453,26.641,39,210,405,439,634
1780,76827.245930199,76827.246233151,,3,GPU-46bf67bb-cb31-bee1-3cf0-c35337ba97d2,ok,0,0,453,26.641,39,210,405,439,634
1781,76828.245930199,76828.246270599,,3,GPU-46bf67bb-cb31-bee1-3cf0-c35337ba97d2,ok,0,0,453,26.751,39,210,405,439,634
1782,76829.245930199,76829.246238657,,3,GPU-46bf67bb-cb31-bee1-3cf0-c35337ba97d2,ok,0,0,453,26.571,39,210,405,439,634
1783,76830.245930199,76830.246230095,,3,GPU-46bf67bb-cb31-bee1-3cf0-c35337ba97d2,ok,0,0,453,26.605,39,210,405,439,634
1784,76831.245930199,76831.246268923,,3,GPU-46bf67bb-cb31-bee1-3cf0-c35337ba97d2,ok,0,0,453,26.636,39,210,405,390,585
1785,76832.245930199,76832.246248221,,3,GPU-46bf67bb-cb31-bee1-3cf0-c35337ba97d2,ok,0,0,453,26.597,39,210,405,439,634
1786,76833.245930199,76833.246234299,,3,GPU-46bf67bb-cb31-bee1-3cf0-c35337ba97d2,ok,0,0,453,26.768,39,210,405,439,634
1787,76834.245930199,76834.246269157,,3,GPU-46bf67bb-cb31-bee1-3cf0-c35337ba97d2,ok,0,0,453,26.729,39,210,405,439,634
1788,76835.245930199,76835.246243185,,3,GPU-46bf67bb-cb31-bee1-3cf0-c35337ba97d2,ok,0,0,453,26.771,39,210,405,439,634
1789,76836.245930199,76836.246229753,,3,GPU-46bf67bb-cb31-bee1-3cf0-c35337ba97d2,ok,0,0,453,26.815,39,210,405,439,634
1790,76837.245930199,76837.246268511,,3,GPU-46bf67bb-cb31-bee1-3cf0-c35337ba97d2,ok,0,0,453,26.621,39,210,405,390,634
1791,76838.245930199,76838.246238569,,3,GPU-46bf67bb-cb31-bee1-3cf0-c35337ba97d2,ok,0,0,453,26.671,39,210,405,439,634
1792,76839.245930199,76839.246230177,,3,GPU-46bf67bb-cb31-bee1-3cf0-c35337ba97d2,ok,0,0,453,26.795,39,210,405,439,634
1793,76840.245930199,76840.246272385,,3,GPU-46bf67bb-cb31-bee1-3cf0-c35337ba97d2,ok,0,0,453,26.635,39,210,405,390,634
1794,76841.245930199,76841.246243183,,3,GPU-46bf67bb-cb31-bee1-3cf0-c35337ba97d2,ok,0,0,453,26.671,39,210,405,439,634
1795,76842.245930199,76842.246228011,,3,GPU-46bf67bb-cb31-bee1-3cf0-c35337ba97d2,ok,0,0,453,26.797,39,210,405,439,634
1796,76843.245930199,76843.246267019,,3,GPU-46bf67bb-cb31-bee1-3cf0-c35337ba97d2,ok,0,0,453,26.577,39,210,405,390,634
1797,76844.245930199,76844.246243817,,3,GPU-46bf67bb-cb31-bee1-3cf0-c35337ba97d2,ok,0,0,453,26.522,39,210,405,439,634
1798,76845.245930199,76845.246229465,,3,GPU-46bf67bb-cb31-bee1-3cf0-c35337ba97d2,ok,0,0,453,26.665,39,210,405,439,585
1799,76846.245930199,76846.246266413,,3,GPU-46bf67bb-cb31-bee1-3cf0-c35337ba97d2,ok,0,0,453,26.562,39,210,405,439,634
1800,76847.245930199,76847.246238081,,3,GPU-46bf67bb-cb31-bee1-3cf0-c35337ba97d2,ok,0,0,453,26.582,39,210,405,439,634
1801,76848.245930199,76848.246231299,,3,GPU-46bf67bb-cb31-bee1-3cf0-c35337ba97d2,ok,0,0,453,26.798,39,210,405,439,634
1802,76849.245930199,76849.246269877,,3,GPU-46bf67bb-cb31-bee1-3cf0-c35337ba97d2,ok,0,0,453,26.7,39,210,405,439,634
1803,76850.245930199,76850.246257725,,3,GPU-46bf67bb-cb31-bee1-3cf0-c35337ba97d2,ok,0,0,453,26.597,39,210,405,439,634
1804,76851.245930199,76851.246230093,,3,GPU-46bf67bb-cb31-bee1-3cf0-c35337ba97d2,ok,0,0,453,26.72,39,210,405,439,585
1805,76852.245930199,76852.246263801,,3,GPU-46bf67bb-cb31-bee1-3cf0-c35337ba97d2,ok,0,0,453,26.642,39,210,405,390,634
1806,76853.245930199,76853.246234879,,3,GPU-46bf67bb-cb31-bee1-3cf0-c35337ba97d2,ok,0,0,453,26.667,39,210,405,439,634
1807,76854.245930199,76854.246235627,,3,GPU-46bf67bb-cb31-bee1-3cf0-c35337ba97d2,ok,0,0,453,26.792,39,210,405,439,634
1808,76855.245930199,76855.246266505,,3,GPU-46bf67bb-cb31-bee1-3cf0-c35337ba97d2,ok,0,0,453,26.598,39,210,405,390,634
1809,76856.245930199,76856.246237693,,3,GPU-46bf67bb-cb31-bee1-3cf0-c35337ba97d2,ok,0,0,453,26.53,39,210,405,439,634
1810,76857.245930199,76857.246226741,,3,GPU-46bf67bb-cb31-bee1-3cf0-c35337ba97d2,ok,0,0,453,26.599,39,210,405,439,634
1811,76858.245930199,76858.246269879,,3,GPU-46bf67bb-cb31-bee1-3cf0-c35337ba97d2,ok,0,0,453,26.405,39,210,405,439,634
1812,76859.245930199,76859.246249287,,3,GPU-46bf67bb-cb31-bee1-3cf0-c35337ba97d2,ok,0,0,453,26.354,39,210,405,439,634
1813,76860.245930199,76860.246232085,,3,GPU-46bf67bb-cb31-bee1-3cf0-c35337ba97d2,ok,0,0,453,26.475,39,210,405,390,634
1814,76861.245930199,76861.246265713,,3,GPU-46bf67bb-cb31-bee1-3cf0-c35337ba97d2,ok,0,0,453,26.316,39,210,405,439,634
1815,76862.245930199,76862.246234921,,3,GPU-46bf67bb-cb31-bee1-3cf0-c35337ba97d2,ok,0,0,453,26.346,39,210,405,439,634
1816,76863.245930199,76863.246209019,,3,GPU-46bf67bb-cb31-bee1-3cf0-c35337ba97d2,ok,0,0,453,26.541,39,210,405,390,634
1817,76864.245930199,76864.246235207,,3,GPU-46bf67bb-cb31-bee1-3cf0-c35337ba97d2,ok,0,0,453,26.384,39,210,405,439,634
1818,76865.245930199,76865.246270636,,3,GPU-46bf67bb-cb31-bee1-3cf0-c35337ba97d2,ok,0,0,453,26.398,39,210,405,439,634
1819,76866.245930199,76866.246255154,,3,GPU-46bf67bb-cb31-bee1-3cf0-c35337ba97d2,ok,0,0,453,26.541,39,210,405,390,634
1820,76867.245930199,76867.246221252,,3,GPU-46bf67bb-cb31-bee1-3cf0-c35337ba97d2,ok,0,0,453,26.418,39,210,405,439,585
1821,76868.245930199,76868.24672989,,3,GPU-46bf67bb-cb31-bee1-3cf0-c35337ba97d2,ok,0,0,453,26.412,39,210,405,7519,18945
1822,76869.245930199,76869.246251188,,3,GPU-46bf67bb-cb31-bee1-3cf0-c35337ba97d2,ok,100,24,1515,260.253,59,1515,9501,488,781
1823,76870.245930199,76870.246221446,,3,GPU-46bf67bb-cb31-bee1-3cf0-c35337ba97d2,ok,100,25,1515,349.325,62,1515,9501,439,732
1824,76871.245930199,76871.246335934,,3,GPU-46bf67bb-cb31-bee1-3cf0-c35337ba97d2,ok,0,0,1515,211.756,52,2010,9501,390,585
1825,76872.245930199,76872.246251522,,3,GPU-46bf67bb-cb31-bee1-3cf0-c35337ba97d2,ok,0,0,1515,153.175,50,2010,9501,390,585
1826,76873.245930199,76873.2462246,,3,GPU-46bf67bb-cb31-bee1-3cf0-c35337ba97d2,ok,100,23,1515,290.973,61,1515,9501,537,634
1827,76874.245930199,76874.246221158,,3,GPU-46bf67bb-cb31-bee1-3cf0-c35337ba97d2,ok,100,24,1515,348.62,62,1470,9501,439,732
1828,76875.245930199,76875.246233646,,3,GPU-46bf67bb-cb31-bee1-3cf0-c35337ba97d2,ok,0,0,1515,215.379,53,2010,9501,390,537
1829,76876.245930199,76876.246218904,,3,GPU-46bf67bb-cb31-bee1-3cf0-c35337ba97d2,ok,0,0,1515,180.581,53,2010,9501,390,537
1830,76877.245930199,76877.246216802,,3,GPU-46bf67bb-cb31-bee1-3cf0-c35337ba97d2,ok,100,25,1515,236.548,62,1500,9501,537,585
1831,76878.245930199,76878.24621884,,3,GPU-46bf67bb-cb31-bee1-3cf0-c35337ba97d2,ok,100,24,1515,349.612,64,1485,9501,439,634
1832,76879.245930199,76879.246238198,,3,GPU-46bf67bb-cb31-bee1-3cf0-c35337ba97d2,ok,0,0,1515,220.182,55,1995,9501,390,585
1833,76880.245930199,76880.246225476,,3,GPU-46bf67bb-cb31-bee1-3cf0-c35337ba97d2,ok,0,0,1515,185.63,54,1995,9501,390,585
1834,76881.245930199,76881.246222994,,3,GPU-46bf67bb-cb31-bee1-3cf0-c35337ba97d2,ok,17,1,453,141.426,51,1725,9751,439,537
1835,76882.245930199,76882.246230382,,3,GPU-46bf67bb-cb31-bee1-3cf0-c35337ba97d2,ok,0,0,453,127.131,51,1725,9751,390,537
