tick_index,t_target_raw_s,t_receipt_raw_s,utc_anchor,gpu_index,gpu_uuid,status,util_gpu_pct,util_mem_pct,mem_used_mib,power_w,temp_c,clock_sm_mhz,clock_mem_mhz,pcie_tx_kbps,pcie_rx_kbps
-1,7390.430933056,7390.431093316,2026-08-24T22:50:29.939401+00:00,-1,anchor,anchor,,,,,,,,,
0,7390.430933056,7390.488130453,,0,GPU-9b96eb67-aeee-89d5-aa85-fc650af4e25c,ok,0,0,450,28.375,39,210,405,439,341
0,7390.430933056,7390.539719308,,1,GPU-37ffc98b-8551-c8a1-5f3c-27ade9ae735a,ok,0,0,450,116.023,61,495,5001,439,341
0,7390.430933056,7390.597652786,,2,GPU-5443d59d-561f-ed1e-da42-1975937205f9,ok,0,0,450,28.932,36,210,405,439,341
0,7390.430933056,7390.655090893,,3,GPU-46bf67bb-cb31-bee1-3cf0-c35337ba97d2,ok,0,0,450,28.024,40,210,405,439,292
0,7390.430933056,7390.71342237,,4,GPU-127e16de-2b5f-dde9-1932-b4e29bb818c0,ok,0,0,450,25.268,34,210,405,390,292
1,7391.430933056,7391.473886787,,0,GPU-9b96eb67-aeee-89d5-aa85-fc650af4e25c,ok,0,0,450,27.13,38,210,405,439,292
1,7391.430933056,7391.515869519,,1,GPU-37ffc98b-8551-c8a1-5f3c-27ade9ae735a,ok,0,0,450,80.785,58,300,810,439,341
1,7391.430933056,7391.558618702,,2,GPU-5443d59d-561f-ed1e-da42-1975937205f9,ok,0,0,450,28.183,36,210,405,439,341
1,7391.430933056,7391.601433645,,3,GPU-46bf67bb-cb31-bee1-3cf0-c35337ba97d2,ok,0,0,450,26.398,39,210,405,439,292
1,7391.430933056,7391.644256887,,4,GPU-127e16de-2b5f-dde9-1932-b4e29bb818c0,ok,0,0,450,24.101,34,210,405,439,292
2,7392.430933056,7392.473933585,,0,GPU-9b96eb67-aeee-89d5-aa85-fc650af4e25c,ok,0,0,450,26.831,38,210,405,439,292
2,7392.430933056,7392.516670417,,1,GPU-37ffc98b-8551-c8a1-5f3c-27ade9ae735a,ok,0,0,450,35.566,57,210,810,439,341
2,7392.430933056,7392.55940319,,2,GPU-5443d59d-561f-ed1e-da42-1975937205f9,ok,0,0,450,27.967,36,210,405,439,292
2,7392.430933056,7392.602186153,,3,GPU-46bf67bb-cb31-bee1-3cf0-c35337ba97d2,ok,0,0,450,25.902,39,210,405,439,341
2,7392.430933056,7392.644964576,,4,GPU-127e16de-2b5f-dde9-1932-b4e29bb818c0,ok,0,0,450,23.628,34,210,405,390,341
3,7393.430933056,7393.473876853,,0,GPU-9b96eb67-aeee-89d5-aa85-fc650af4e25c,ok,0,0,450,26.761,38,210,405,439,292
3,7393.430933056,7393.516650406,,1,GPU-37ffc98b-8551-c8a1-5f3c-27ade9ae735a,ok,0,0,450,23.32,57,210,405,439,292
3,7393.430933056,7393.559276228,,2,GPU-5443d59d-561f-ed1e-da42-1975937205f9,ok,0,0,450,27.926,36,210,405,439,292
3,7393.430933056,7393.601862571,,3,GPU-46bf67bb-cb31-bee1-3cf0-c35337ba97d2,ok,0,0,450,25.956,39,210,405,439,341
3,7393.430933056,7393.644423234,,4,GPU-127e16de-2b5f-dde9-1932-b4e29bb818c0,ok,0,0,450,23.736,34,210,405,439,341
4,7394.430933056,7394.473604731,,0,GPU-9b96eb67-aeee-89d5-aa85-fc650af4e25c,ok,0,0,450,26.67,38,210,405,439,292
4,7394.430933056,7394.516146203,,1,GPU-37ffc98b-8551-c8a1-5f3c-27ade9ae735a,ok,0,0,450,20.773,56,210,405,390,341
4,7394.430933056,7394.559507916,,2,GPU-5443d59d-561f-ed1e-da42-1975937205f9,ok,0,0,450,27.942,36,210,405,439,341
4,7394.430933056,7394.603555939,,3,GPU-46bf67bb-cb31-bee1-3cf0-c35337ba97d2,ok,0,0,450,26.115,39,210,405,439,390
4,7394.430933056,7394.650541913,,4,GPU-127e16de-2b5f-dde9-1932-b4e29bb818c0,ok,0,0,450,24.008,34,210,405,439,341
5,7395.430933056,7395.473432349,,0,GPU-9b96eb67-aeee-89d5-aa85-fc650af4e25c,ok,0,0,453,27.696,38,210,405,439,292
5,7395.430933056,7395.514997231,,1,GPU-37ffc98b-8551-c8a1-5f3c-27ade9ae735a,ok,0,0,1514,22.2,55,210,405,3125,13769
5,7395.430933056,7395.557473084,,2,GPU-5443d59d-561f-ed1e-da42-1975937205f9,ok,0,0,453,28.742,36,210,405,439,341
5,7395.430933056,7395.599967296,,3,GPU-46bf67bb-cb31-bee1-3cf0-c35337ba97d2,ok,0,0,453,27.604,40,210,405,439,292
5,7395.430933056,7395.642474219,,4,GPU-127e16de-2b5f-dde9-1932-b4e29bb818c0,ok,1,0,453,24.556,34,210,405,488,292
6,7396.430933056,7396.473607637,,0,GPU-9b96eb67-aeee-89d5-aa85-fc650af4e25c,ok,0,0,453,38.361,39,210,405,439,292
6,7396.430933056,7396.515234259,,1,GPU-37ffc98b-8551-c8a1-5f3c-27ade9ae735a,ok,100,28,1514,240.999,68,1500,9501,5029,12207
6,7396.430933056,7396.557784842,,2,GPU-5443d59d-561f-ed1e-da42-1975937205f9,ok,0,0,453,35.671,36,210,405,439,341
6,7396.430933056,7396.600337705,,3,GPU-46bf67bb-cb31-bee1-3cf0-c35337ba97d2,ok,0,0,453,41.101,40,210,405,439,292
6,7396.430933056,7396.642891957,,4,GPU-127e16de-2b5f-dde9-1932-b4e29bb818c0,ok,0,0,453,33.903,34,210,405,439,292
7,7397.430933056,7397.473591035,,0,GPU-9b96eb67-aeee-89d5-aa85-fc650af4e25c,ok,0,0,453,38.362,39,210,405,390,292
7,7397.430933056,7397.515220897,,1,GPU-37ffc98b-8551-c8a1-5f3c-27ade9ae735a,ok,100,29,1514,348.612,70,1500,9501,5908,7812
7,7397.430933056,7397.55774553,,2,GPU-5443d59d-561f-ed1e-da42-1975937205f9,ok,0,0,453,35.563,36,210,405,439,341
7,7397.430933056,7397.600310133,,3,GPU-46bf67bb-cb31-bee1-3cf0-c35337ba97d2,ok,0,0,453,41.018,40,210,405,439,341
7,7397.430933056,7397.642863305,,4,GPU-127e16de-2b5f-dde9-1932-b4e29bb818c0,ok,0,0,453,25.598,35,210,405,439,292
8,7398.430933056,7398.473608843,,0,GPU-9b96eb67-aeee-89d5-aa85-fc650af4e25c,ok,0,0,453,28.16,39,210,405,439,292
8,7398.430933056,7398.515239195,,1,GPU-37ffc98b-8551-c8a1-5f3c-27ade9ae735a,ok,100,25,1514,348.544,71,1485,9501,4638,10253
8,7398.430933056,7398.557769048,,2,GPU-5443d59d-561f-ed1e-da42-1975937205f9,ok,0,0,453,28.847,36,210,405,439,341
8,7398.430933056,7398.600300051,,3,GPU-46bf67bb-cb31-bee1-3cf0-c35337ba97d2,ok,0,0,453,27.767,40,210,405,439,292
8,7398.430933056,7398.642830263,,4,GPU-127e16de-2b5f-dde9-1932-b4e29bb818c0,ok,0,0,453,24.458,34,210,405,390,292
9,7399.430933056,7399.473568411,,0,GPU-9b96eb67-aeee-89d5-aa85-fc650af4e25c,ok,0,0,453,26.952,38,210,405,439,292
9,7399.430933056,7399.515199893,,1,GPU-37ffc98b-8551-c8a1-5f3c-27ade9ae735a,ok,100,34,1514,348.825,72,1500,9501,3466,13232
9,7399.430933056,7399.557719786,,2,GPU-5443d59d-561f-ed1e-da42-1975937205f9,ok,0,0,453,28.051,36,210,405,439,341
9,7399.430933056,7399.600268279,,3,GPU-46bf67bb-cb31-bee1-3cf0-c35337ba97d2,ok,0,0,453,26.5,39,210,405,439,292
9,7399.430933056,7399.642809561,,4,GPU-127e16de-2b5f-dde9-1932-b4e29bb818c0,ok,0,0,453,24.073,34,210,405,439,292
10,7400.430933056,7400.473559419,,0,GPU-9b96eb67-aeee-89d5-aa85-fc650af4e25c,ok,0,0,453,26.712,38,210,405,390,292
10,7400.430933056,7400.515189471,,1,GPU-37ffc98b-8551-c8a1-5f3c-27ade9ae735a,ok,100,25,1514,349.208,72,1485,9501,3173,15283
10,7400.430933056,7400.557703114,,2,GPU-5443d59d-561f-ed1e-da42-1975937205f9,ok,0,0,453,27.823,36,210,405,439,292
10,7400.430933056,7400.600269497,,3,GPU-46bf67bb-cb31-bee1-3cf0-c35337ba97d2,ok,0,0,453,26.418,39,210,405,439,292
10,7400.430933056,7400.642832079,,4,GPU-127e16de-2b5f-dde9-1932-b4e29bb818c0,ok,0,0,453,24.208,34,210,405,439,292
11,7401.430933056,7401.473580317,,0,GPU-9b96eb67-aeee-89d5-aa85-fc650af4e25c,ok,0,0,453,26.808,38,210,405,439,292
11,7401.430933056,7401.515216469,,1,GPU-37ffc98b-8551-c8a1-5f3c-27ade9ae735a,ok,100,24,1514,349.242,73,1485,9501,4052,14550
11,7401.430933056,7401.557727482,,2,GPU-5443d59d-561f-ed1e-da42-1975937205f9,ok,0,0,453,27.809,36,210,405,439,292
11,7401.430933056,7401.600296605,,3,GPU-46bf67bb-cb31-bee1-3cf0-c35337ba97d2,ok,0,0,453,26.362,39,210,405,439,292
11,7401.430933056,7401.642891457,,4,GPU-127e16de-2b5f-dde9-1932-b4e29bb818c0,ok,0,0,453,24.167,34,210,405,439,292
12,7402.430933056,7402.473584895,,0,GPU-9b96eb67-aeee-89d5-aa85-fc650af4e25c,ok,0,0,453,26.946,38,210,405,439,292
12,7402.430933056,7402.515211277,,1,GPU-37ffc98b-8551-c8a1-5f3c-27ade9ae735a,ok,100,23,1514,349.427,73,1485,9501,4882,11621
12,7402.430933056,7402.55773511,,2,GPU-5443d59d-561f-ed1e-da42-1975937205f9,ok,0,0,453,27.92,36,210,405,390,292
12,7402.430933056,7402.600299453,,3,GPU-46bf67bb-cb31-bee1-3cf0-c35337ba97d2,ok,0,0,453,26.393,39,210,405,439,292
12,7402.430933056,7402.642875175,,4,GPU-127e16de-2b5f-dde9-1932-b4e29bb818c0,ok,0,0,453,23.834,34,210,405,439,292
13,7403.430933056,7403.473464763,,0,GPU-9b96eb67-aeee-89d5-aa85-fc650af4e25c,ok,0,0,453,26.749,38,210,405,439,341
13,7403.430933056,7403.515087615,,1,GPU-37ffc98b-8551-c8a1-5f3c-27ade9ae735a,ok,100,24,1514,349.134,74,1470,9501,5371,9960
13,7403.430933056,7403.557555878,,2,GPU-5443d59d-561f-ed1e-da42-1975937205f9,ok,0,0,453,27.86,36,210,405,439,292
13,7403.430933056,7403.600109631,,3,GPU-46bf67bb-cb31-bee1-3cf0-c35337ba97d2,ok,0,0,453,26.201,39,210,405,439,292
13,7403.430933056,7403.642691933,,4,GPU-127e16de-2b5f-dde9-1932-b4e29bb818c0,ok,0,0,453,23.951,34,210,405,390,292
14,7404.430933056,7404.473576661,,0,GPU-9b96eb67-aeee-89d5-aa85-fc650af4e25c,ok,0,0,453,26.674,38,210,405,439,292
14,7404.430933056,7404.515207913,,1,GPU-37ffc98b-8551-c8a1-5f3c-27ade9ae735a,ok,100,24,1514,349.199,74,1485,9501,5664,9765
14,7404.430933056,7404.557720386,,2,GPU-5443d59d-561f-ed1e-da42-1975937205f9,ok,0,0,453,27.914,36,210,405,439,292
14,7404.430933056,7404.600278109,,3,GPU-46bf67bb-cb31-bee1-3cf0-c35337ba97d2,ok,0,0,453,26.222,39,210,405,439,292
14,7404.430933056,7404.642843641,,4,GPU-127e16de-2b5f-dde9-1932-b4e29bb818c0,ok,0,0,453,24.044,34,210,405,439,292
15,7405.430933056,7405.473558739,,0,GPU-9b96eb67-aeee-89d5-aa85-fc650af4e25c,ok,0,0,453,26.731,38,210,405,439,292
15,7405.430933056,7405.515192441,,1,GPU-37ffc98b-8551-c8a1-5f3c-27ade9ae735a,ok,100,23,1514,349.166,74,1485,9501,6152,8593
15,7405.430933056,7405.557720774,,2,GPU-5443d59d-561f-ed1e-da42-1975937205f9,ok,0,0,453,27.969,36,210,405,439,341
15,7405.430933056,7405.600268167,,3,GPU-46bf67bb-cb31-bee1-3cf0-c35337ba97d2,ok,0,0,453,26.439,39,210,405,439,292
15,7405.430933056,7405.642835489,,4,GPU-127e16de-2b5f-dde9-1932-b4e29bb818c0,ok,0,0,453,24.217,34,210,405,390,292
16,7406.430933056,7406.473555257,,0,GPU-9b96eb67-aeee-89d5-aa85-fc650af4e25c,ok,0,0,453,26.578,38,210,405,390,292
16,7406.430933056,7406.515218989,,1,GPU-37ffc98b-8551-c8a1-5f3c-27ade9ae735a,ok,100,23,1514,349.115,74,1485,9501,6201,7714
16,7406.430933056,7406.557725422,,2,GPU-5443d59d-561f-ed1e-da42-1975937205f9,ok,0,0,453,27.738,36,210,405,390,341
16,7406.430933056,7406.600278465,,3,GPU-46bf67bb-cb31-bee1-3cf0-c35337ba97d2,ok,0,0,453,26.338,39,210,405,390,292
16,7406.430933056,7406.642851787,,4,GPU-127e16de-2b5f-dde9-1932-b4e29bb818c0,ok,0,0,453,24.129,34,210,405,439,292
17,7407.430933056,7407.473537125,,0,GPU-9b96eb67-aeee-89d5-aa85-fc650af4e25c,ok,0,0,453,26.677,38,210,405,390,292
17,7407.430933056,7407.515164477,,1,GPU-37ffc98b-8551-c8a1-5f3c-27ade9ae735a,ok,100,25,1514,348.757,74,1485,9501,5859,8886
17,7407.430933056,7407.55769688,,2,GPU-5443d59d-561f-ed1e-da42-1975937205f9,ok,0,0,453,27.684,36,210,405,439,292
17,7407.430933056,7407.600201963,,3,GPU-46bf67bb-cb31-bee1-3cf0-c35337ba97d2,ok,0,0,453,26.306,39,210,405,439,292
17,7407.430933056,7407.642669555,,4,GPU-127e16de-2b5f-dde9-1932-b4e29bb818c0,ok,0,0,453,23.847,34,210,405,390,292
18,7408.430933056,7408.473571163,,0,GPU-9b96eb67-aeee-89d5-aa85-fc650af4e25c,ok,0,0,453,26.888,38,210,405,439,292
18,7408.430933056,7408.515224355,,1,GPU-37ffc98b-8551-c8a1-5f3c-27ade9ae735a,ok,100,27,1514,348.87,74,1455,9501,5761,9423
18,7408.430933056,7408.557742688,,2,GPU-5443d59d-561f-ed1e-da42-1975937205f9,ok,0,0,453,27.843,36,210,405,439,292
18,7408.430933056,7408.600289101,,3,GPU-46bf67bb-cb31-bee1-3cf0-c35337ba97d2,ok,0,0,453,26.465,39,210,405,439,292
18,7408.430933056,7408.642864073,,4,GPU-127e16de-2b5f-dde9-1932-b4e29bb818c0,ok,0,0,453,23.772,34,210,405,439,292
19,7409.430933056,7409.473553251,,0,GPU-9b96eb67-aeee-89d5-aa85-fc650af4e25c,ok,0,0,453,26.784,38,210,405,439,341
19,7409.430933056,7409.515184223,,1,GPU-37ffc98b-8551-c8a1-5f3c-27ade9ae735a,ok,100,22,1514,348.927,75,1470,9501,5761,8251
19,7409.430933056,7409.557738826,,2,GPU-5443d59d-561f-ed1e-da42-1975937205f9,ok,0,0,453,27.753,36,210,405,439,292
19,7409.430933056,7409.600281809,,3,GPU-46bf67bb-cb31-bee1-3cf0-c35337ba97d2,ok,0,0,453,26.409,39,210,405,390,292
19,7409.430933056,7409.642829611,,4,GPU-127e16de-2b5f-dde9-1932-b4e29bb818c0,ok,0,0,453,23.546,34,210,405,439,292
20,7410.430933056,7410.473541249,,0,GPU-9b96eb67-aeee-89d5-aa85-fc650af4e25c,ok,0,0,453,26.801,38,210,405,439,292
20,7410.430933056,7410.515177351,,1,GPU-37ffc98b-8551-c8a1-5f3c-27ade9ae735a,ok,100,28,1514,348.146,75,1485,9501,7861,8300
20,7410.430933056,7410.557741314,,2,GPU-5443d59d-561f-ed1e-da42-1975937205f9,ok,0,0,453,27.784,36,210,405,439,292
20,7410.430933056,7410.600284327,,3,GPU-46bf67bb-cb31-bee1-3cf0-c35337ba97d2,ok,0,0,453,26.463,39,210,405,439,341
20,7410.430933056,7410.64282932,,4,GPU-127e16de-2b5f-dde9-1932-b4e29bb818c0,ok,0,0,453,23.688,34,210,405,390,292
21,7411.430933056,7411.473544207,,0,GPU-9b96eb67-aeee-89d5-aa85-fc650af4e25c,ok,0,0,453,26.994,38,210,405,439,292
21,7411.430933056,7411.515172389,,1,GPU-37ffc98b-8551-c8a1-5f3c-27ade9ae735a,ok,100,22,1514,348.535,75,1485,9501,6054,8300
21,7411.430933056,7411.557711472,,2,GPU-5443d59d-561f-ed1e-da42-1975937205f9,ok,0,0,453,27.965,36,210,405,439,292
21,7411.430933056,7411.600291255,,3,GPU-46bf67bb-cb31-bee1-3cf0-c35337ba97d2,ok,0,0,453,26.551,39,210,405,439,341
21,7411.430933056,7411.642845978,,4,GPU-127e16de-2b5f-dde9-1932-b4e29bb818c0,ok,0,0,453,23.946,34,210,405,439,292
22,7412.430933056,7412.473535395,,0,GPU-9b96eb67-aeee-89d5-aa85-fc650af4e25c,ok,0,0,453,26.829,38,210,405,390,292
22,7412.430933056,7412.515150408,,1,GPU-37ffc98b-8551-c8a1-5f3c-27ade9ae735a,ok,100,22,1514,348.887,75,1485,9501,5517,7714
22,7412.430933056,7412.55768281,,2,GPU-5443d59d-561f-ed1e-da42-1975937205f9,ok,0,0,453,27.831,36,210,405,390,292
22,7412.430933056,7412.600225663,,3,GPU-46bf67bb-cb31-bee1-3cf0-c35337ba97d2,ok,0,0,453,26.339,39,210,405,390,341
22,7412.430933056,7412.642790796,,4,GPU-127e16de-2b5f-dde9-1932-b4e29bb818c0,ok,0,0,453,24.093,34,210,405,439,292
23,7413.430933056,7413.473582993,,0,GPU-9b96eb67-aeee-89d5-aa85-fc650af4e25c,ok,0,0,453,26.718,38,210,405,439,292
23,7413.430933056,7413.515195616,,1,GPU-37ffc98b-8551-c8a1-5f3c-27ade9ae735a,ok,100,23,1514,349.196,75,1470,9501,5664,7519
23,7413.430933056,7413.557725438,,2,GPU-5443d59d-561f-ed1e-da42-1975937205f9,ok,0,0,453,27.767,36,210,405,390,292
23,7413.430933056,7413.600288901,,3,GPU-46bf67bb-cb31-bee1-3cf0-c35337ba97d2,ok,0,0,453,26.35,39,210,405,439,341
23,7413.430933056,7413.642840414,,4,GPU-127e16de-2b5f-dde9-1932-b4e29bb818c0,ok,0,0,453,23.859,34,210,405,390,292
24,7414.430933056,7414.473566041,,0,GPU-9b96eb67-aeee-89d5-aa85-fc650af4e25c,ok,0,0,453,26.865,38,210,405,439,292
24,7414.430933056,7414.515191874,,1,GPU-37ffc98b-8551-c8a1-5f3c-27ade9ae735a,ok,100,29,1514,348.446,75,1485,9501,6054,7812
24,7414.430933056,7414.557742936,,2,GPU-5443d59d-561f-ed1e-da42-1975937205f9,ok,0,0,453,27.79,36,210,405,439,292
24,7414.430933056,7414.600309499,,3,GPU-46bf67bb-cb31-bee1-3cf0-c35337ba97d2,ok,0,0,453,26.519,39,210,405,439,341
24,7414.430933056,7414.642863172,,4,GPU-127e16de-2b5f-dde9-1932-b4e29bb818c0,ok,0,0,453,23.742,34,210,405,439,292
25,7415.430933056,7415.473555459,,0,GPU-9b96eb67-aeee-89d5-aa85-fc650af4e25c,ok,0,0,453,26.683,38,210,405,390,341
25,7415.430933056,7415.515139022,,1,GPU-37ffc98b-8551-c8a1-5f3c-27ade9ae735a,ok,100,23,1514,348.8,75,1485,9501,5566,8837
25,7415.430933056,7415.557659204,,2,GPU-5443d59d-561f-ed1e-da42-1975937205f9,ok,0,0,453,27.705,36,210,405,439,341
25,7415.430933056,7415.600226787,,3,GPU-46bf67bb-cb31-bee1-3cf0-c35337ba97d2,ok,0,0,453,26.35,39,210,405,439,341
25,7415.430933056,7415.6428223,,4,GPU-127e16de-2b5f-dde9-1932-b4e29bb818c0,ok,0,0,453,23.856,34,210,405,439,292
26,7416.430933056,7416.473450547,,0,GPU-9b96eb67-aeee-89d5-aa85-fc650af4e25c,ok,0,0,453,26.649,38,210,405,439,292
26,7416.430933056,7416.51506699,,1,GPU-37ffc98b-8551-c8a1-5f3c-27ade9ae735a,ok,100,22,1514,349.422,75,1470,9501,5615,8886
26,7416.430933056,7416.557525152,,2,GPU-5443d59d-561f-ed1e-da42-1975937205f9,ok,0,0,453,27.832,36,210,405,439,292
26,7416.430933056,7416.600100355,,3,GPU-46bf67bb-cb31-bee1-3cf0-c35337ba97d2,ok,0,0,453,26.317,39,210,405,439,292
26,7416.430933056,7416.642668238,,4,GPU-127e16de-2b5f-dde9-1932-b4e29bb818c0,ok,0,0,453,23.665,34,210,405,390,292
27,7417.430933056,7417.473566785,,0,GPU-9b96eb67-aeee-89d5-aa85-fc650af4e25c,ok,0,0,453,26.802,38,210,405,390,292
27,7417.430933056,7417.515186758,,1,GPU-37ffc98b-8551-c8a1-5f3c-27ade9ae735a,ok,100,23,1514,349.301,75,1470,9501,5810,8837
27,7417.430933056,7417.55775436,,2,GPU-5443d59d-561f-ed1e-da42-1975937205f9,ok,0,0,453,27.985,36,210,405,439,292
27,7417.430933056,7417.600348233,,3,GPU-46bf67bb-cb31-bee1-3cf0-c35337ba97d2,ok,0,0,453,26.43,39,210,405,439,292
27,7417.430933056,7417.642902576,,4,GPU-127e16de-2b5f-dde9-1932-b4e29bb818c0,ok,0,0,453,23.621,34,210,405,439,292
28,7418.430933056,7418.473566713,,0,GPU-9b96eb67-aeee-89d5-aa85-fc650af4e25c,ok,0,0,453,26.66,38,210,405,439,292
28,7418.430933056,7418.515197666,,1,GPU-37ffc98b-8551-c8a1-5f3c-27ade9ae735a,ok,100,23,1514,349.256,75,1485,9501,7324,11621
28,7418.430933056,7418.557726348,,2,GPU-5443d59d-561f-ed1e-da42-1975937205f9,ok,0,0,453,27.798,36,210,405,439,292
28,7418.430933056,7418.600307851,,3,GPU-46bf67bb-cb31-bee1-3cf0-c35337ba97d2,ok,0,0,453,26.228,39,210,405,439,292
28,7418.430933056,7418.642858824,,4,GPU-127e16de-2b5f-dde9-1932-b4e29bb818c0,ok,0,0,453,23.796,34,210,405,390,292
29,7419.430933056,7419.473557991,,0,GPU-9b96eb67-aeee-89d5-aa85-fc650af4e25c,ok,0,0,453,26.6,38,210,405,439,292
29,7419.430933056,7419.515060664,,1,GPU-37ffc98b-8551-c8a1-5f3c-27ade9ae735a,ok,100,24,1514,349.204,75,1485,9501,5957,12646
29,7419.430933056,7419.557499396,,2,GPU-5443d59d-561f-ed1e-da42-1975937205f9,ok,0,0,453,27.739,36,210,405,439,292
29,7419.430933056,7419.600053009,,3,GPU-46bf67bb-cb31-bee1-3cf0-c35337ba97d2,ok,0,0,453,26.185,39,210,405,439,292
29,7419.430933056,7419.642590252,,4,GPU-127e16de-2b5f-dde9-1932-b4e29bb818c0,ok,0,0,453,23.874,34,210,405,439,292
30,7420.430933056,7420.473525109,,0,GPU-9b96eb67-aeee-89d5-aa85-fc650af4e25c,ok,0,0,453,26.685,38,210,405,439,341
30,7420.430933056,7420.515115632,,1,GPU-37ffc98b-8551-c8a1-5f3c-27ade9ae735a,ok,100,28,1514,349.873,75,1455,9501,4687,8447
30,7420.430933056,7420.557536134,,2,GPU-5443d59d-561f-ed1e-da42-1975937205f9,ok,0,0,453,27.889,36,210,405,439,292
30,7420.430933056,7420.600029637,,3,GPU-46bf67bb-cb31-bee1-3cf0-c35337ba97d2,ok,0,0,453,26.347,39,210,405,439,292
30,7420.430933056,7420.64249907,,4,GPU-127e16de-2b5f-dde9-1932-b4e29bb818c0,ok,0,0,453,23.656,34,210,405,439,341
31,7421.430933056,7421.473891967,,0,GPU-9b96eb67-aeee-89d5-aa85-fc650af4e25c,ok,0,0,453,26.575,38,210,405,439,341
31,7421.430933056,7421.51537177,,1,GPU-37ffc98b-8551-c8a1-5f3c-27ade9ae735a,ok,0,0,1514,257.223,67,1935,9501,390,292
31,7421.430933056,7421.558123403,,2,GPU-5443d59d-561f-ed1e-da42-1975937205f9,ok,0,0,453,27.811,36,210,405,439,292
31,7421.430933056,7421.600902895,,3,GPU-46bf67bb-cb31-bee1-3cf0-c35337ba97d2,ok,0,0,453,26.214,39,210,405,439,341
31,7421.430933056,7421.643683848,,4,GPU-127e16de-2b5f-dde9-1932-b4e29bb818c0,ok,0,0,453,23.769,34,210,405,390,292
32,7422.430933056,7422.473878215,,0,GPU-9b96eb67-aeee-89d5-aa85-fc650af4e25c,ok,0,0,453,26.569,38,210,405,390,292
32,7422.430933056,7422.515402218,,1,GPU-37ffc98b-8551-c8a1-5f3c-27ade9ae735a,ok,0,0,1514,165.66,66,1935,9501,390,292
32,7422.430933056,7422.558042121,,2,GPU-5443d59d-561f-ed1e-da42-1975937205f9,ok,0,0,453,27.711,36,210,405,439,292
32,7422.430933056,7422.600611773,,3,GPU-46bf67bb-cb31-bee1-3cf0-c35337ba97d2,ok,0,0,453,26.102,39,210,405,439,292
32,7422.430933056,7422.643173346,,4,GPU-127e16de-2b5f-dde9-1932-b4e29bb818c0,ok,0,0,453,23.856,34,210,405,439,341
33,7423.430933056,7423.473559133,,0,GPU-9b96eb67-aeee-89d5-aa85-fc650af4e25c,ok,0,0,453,26.684,38,210,405,439,292
33,7423.430933056,7423.515139666,,1,GPU-37ffc98b-8551-c8a1-5f3c-27ade9ae735a,ok,100,23,1514,212.342,73,1500,9501,5615,8496
33,7423.430933056,7423.557640268,,2,GPU-5443d59d-561f-ed1e-da42-1975937205f9,ok,0,0,453,27.697,36,210,405,390,292
33,7423.430933056,7423.600258891,,3,GPU-46bf67bb-cb31-bee1-3cf0-c35337ba97d2,ok,0,0,453,26.143,39,210,405,439,292
33,7423.430933056,7423.642826494,,4,GPU-127e16de-2b5f-dde9-1932-b4e29bb818c0,ok,0,0,453,23.568,34,210,405,390,292
34,7424.430933056,7424.473532561,,0,GPU-9b96eb67-aeee-89d5-aa85-fc650af4e25c,ok,0,0,453,26.602,38,210,405,439,292
34,7424.430933056,7424.515251294,,1,GPU-37ffc98b-8551-c8a1-5f3c-27ade9ae735a,ok,100,23,1514,349.789,74,1500,9501,5224,7910
34,7424.430933056,7424.557794336,,2,GPU-5443d59d-561f-ed1e-da42-1975937205f9,ok,0,0,453,27.653,36,210,405,390,292
34,7424.430933056,7424.600390539,,3,GPU-46bf67bb-cb31-bee1-3cf0-c35337ba97d2,ok,0,0,453,26.098,39,210,405,439,292
34,7424.430933056,7424.642962812,,4,GPU-127e16de-2b5f-dde9-1932-b4e29bb818c0,ok,0,0,453,23.619,34,210,405,439,292
35,7425.430933056,7425.473534699,,0,GPU-9b96eb67-aeee-89d5-aa85-fc650af4e25c,ok,0,0,453,26.73,38,210,405,439,341
35,7425.430933056,7425.515161482,,1,GPU-37ffc98b-8551-c8a1-5f3c-27ade9ae735a,ok,100,24,1514,349.051,74,1485,9501,5419,8251
35,7425.430933056,7425.557676054,,2,GPU-5443d59d-561f-ed1e-da42-1975937205f9,ok,0,0,453,27.639,36,210,405,439,292
35,7425.430933056,7425.600038147,,3,GPU-46bf67bb-cb31-bee1-3cf0-c35337ba97d2,ok,0,0,453,26.283,39,210,405,390,341
35,7425.430933056,7425.64258551,,4,GPU-127e16de-2b5f-dde9-1932-b4e29bb818c0,ok,0,0,453,23.508,34,210,405,439,292
36,7426.430933056,7426.473550377,,0,GPU-9b96eb67-aeee-89d5-aa85-fc650af4e25c,ok,0,0,453,26.862,38,210,405,439,292
36,7426.430933056,7426.51516975,,1,GPU-37ffc98b-8551-c8a1-5f3c-27ade9ae735a,ok,100,24,1514,349.563,75,1485,9501,6787,10791
36,7426.430933056,7426.557684673,,2,GPU-5443d59d-561f-ed1e-da42-1975937205f9,ok,0,0,453,27.675,36,210,405,439,341
36,7426.430933056,7426.600264065,,3,GPU-46bf67bb-cb31-bee1-3cf0-c35337ba97d2,ok,0,0,453,26.485,39,210,405,439,341
36,7426.430933056,7426.642820878,,4,GPU-127e16de-2b5f-dde9-1932-b4e29bb818c0,ok,0,0,453,23.559,34,210,405,390,292
37,7427.430933056,7427.473570255,,0,GPU-9b96eb67-aeee-89d5-aa85-fc650af4e25c,ok,0,0,453,26.708,38,210,405,439,292
37,7427.430933056,7427.515181808,,1,GPU-37ffc98b-8551-c8a1-5f3c-27ade9ae735a,ok,100,23,1514,349.585,75,1485,9501,4882,8398
37,7427.430933056,7427.557688111,,2,GPU-5443d59d-561f-ed1e-da42-1975937205f9,ok,0,0,453,27.635,36,210,405,439,292
37,7427.430933056,7427.600286073,,3,GPU-46bf67bb-cb31-bee1-3cf0-c35337ba97d2,ok,0,0,453,26.282,39,210,405,439,341
37,7427.430933056,7427.642853716,,4,GPU-127e16de-2b5f-dde9-1932-b4e29bb818c0,ok,0,0,453,23.604,34,210,405,439,292
38,7428.430933056,7428.473455193,,0,GPU-9b96eb67-aeee-89d5-aa85-fc650af4e25c,ok,0,0,453,26.781,38,210,405,390,292
38,7428.430933056,7428.515083426,,1,GPU-37ffc98b-8551-c8a1-5f3c-27ade9ae735a,ok,100,22,1514,349.121,75,1485,9501,4687,9716
38,7428.430933056,7428.557552359,,2,GPU-5443d59d-561f-ed1e-da42-1975937205f9,ok,0,0,453,27.657,36,210,405,439,292
38,7428.430933056,7428.600135891,,3,GPU-46bf67bb-cb31-bee1-3cf0-c35337ba97d2,ok,0,0,453,26.222,39,210,405,439,341
38,7428.430933056,7428.642698084,,4,GPU-127e16de-2b5f-dde9-1932-b4e29bb818c0,ok,0,0,453,23.548,34,210,405,439,292
39,7429.430933056,7429.473464141,,0,GPU-9b96eb67-aeee-89d5-aa85-fc650af4e25c,ok,0,0,453,26.924,38,210,405,439,292
39,7429.430933056,7429.515103354,,1,GPU-37ffc98b-8551-c8a1-5f3c-27ade9ae735a,ok,100,22,1514,349.153,75,1485,9501,4394,10302
39,7429.430933056,7429.557615297,,2,GPU-5443d59d-561f-ed1e-da42-1975937205f9,ok,0,0,453,27.661,36,210,405,439,292
39,7429.430933056,7429.600168019,,3,GPU-46bf67bb-cb31-bee1-3cf0-c35337ba97d2,ok,0,0,453,26.348,39,210,405,439,292
39,7429.430933056,7429.642713772,,4,GPU-127e16de-2b5f-dde9-1932-b4e29bb818c0,ok,0,0,453,23.529,34,210,405,390,292
40,7430.430933056,7430.47353247,,0,GPU-9b96eb67-aeee-89d5-aa85-fc650af4e25c,ok,0,0,453,26.651,38,210,405,390,292
40,7430.430933056,7430.515182912,,1,GPU-37ffc98b-8551-c8a1-5f3c-27ade9ae735a,ok,100,23,1514,348.894,75,1485,9501,4589,10058
40,7430.430933056,7430.557691955,,2,GPU-5443d59d-561f-ed1e-da42-1975937205f9,ok,0,0,453,27.592,36,210,405,439,341
40,7430.430933056,7430.600263647,,3,GPU-46bf67bb-cb31-bee1-3cf0-c35337ba97d2,ok,0,0,453,26.173,39,210,405,390,292
40,7430.430933056,7430.64280402,,4,GPU-127e16de-2b5f-dde9-1932-b4e29bb818c0,ok,0,0,453,23.628,34,210,405,390,292
41,7431.430933056,7431.473553478,,0,GPU-9b96eb67-aeee-89d5-aa85-fc650af4e25c,ok,0,0,453,26.541,38,210,405,439,292
41,7431.430933056,7431.51518213,,1,GPU-37ffc98b-8551-c8a1-5f3c-27ade9ae735a,ok,100,23,1514,349.283,75,1485,9501,4199,10742
41,7431.430933056,7431.557683853,,2,GPU-5443d59d-561f-ed1e-da42-1975937205f9,ok,0,0,453,27.675,36,210,405,439,292
41,7431.430933056,7431.600158515,,3,GPU-46bf67bb-cb31-bee1-3cf0-c35337ba97d2,ok,0,0,453,26.182,39,210,405,439,292
41,7431.430933056,7431.642702038,,4,GPU-127e16de-2b5f-dde9-1932-b4e29bb818c0,ok,0,0,453,23.517,34,210,405,439,341
42,7432.430933056,7432.473553626,,0,GPU-9b96eb67-aeee-89d5-aa85-fc650af4e25c,ok,0,0,453,26.677,38,210,405,439,292
42,7432.430933056,7432.515207918,,1,GPU-37ffc98b-8551-c8a1-5f3c-27ade9ae735a,ok,100,24,1514,349.199,75,1470,9501,4052,12451
42,7432.430933056,7432.557722071,,2,GPU-5443d59d-561f-ed1e-da42-1975937205f9,ok,0,0,453,27.576,36,210,405,439,292
42,7432.430933056,7432.600274583,,3,GPU-46bf67bb-cb31-bee1-3cf0-c35337ba97d2,ok,0,0,453,26.578,39,210,405,439,341
42,7432.430933056,7432.642844046,,4,GPU-127e16de-2b5f-dde9-1932-b4e29bb818c0,ok,0,0,453,23.448,34,210,405,439,341
43,7433.430933056,7433.473424394,,0,GPU-9b96eb67-aeee-89d5-aa85-fc650af4e25c,ok,0,0,453,26.622,38,210,405,439,292
43,7433.430933056,7433.515076016,,1,GPU-37ffc98b-8551-c8a1-5f3c-27ade9ae735a,ok,100,25,1514,349.08,75,1440,9501,4833,10205
43,7433.430933056,7433.557511979,,2,GPU-5443d59d-561f-ed1e-da42-1975937205f9,ok,0,0,453,27.555,36,210,405,439,292
43,7433.430933056,7433.600002761,,3,GPU-46bf67bb-cb31-bee1-3cf0-c35337ba97d2,ok,0,0,453,26.38,39,210,405,390,341
43,7433.430933056,7433.642472854,,4,GPU-127e16de-2b5f-dde9-1932-b4e29bb818c0,ok,0,0,453,23.385,34,210,405,439,292
44,7434.430933056,7434.473557772,,0,GPU-9b96eb67-aeee-89d5-aa85-fc650af4e25c,ok,0,0,453,26.668,38,210,405,439,292
44,7434.430933056,7434.515202604,,1,GPU-37ffc98b-8551-c8a1-5f3c-27ade9ae735a,ok,100,33,1514,348.831,75,1485,9501,4589,10449
44,7434.430933056,7434.557695417,,2,GPU-5443d59d-561f-ed1e-da42-1975937205f9,ok,0,0,453,27.7,36,210,405,439,341
44,7434.430933056,7434.600257829,,3,GPU-46bf67bb-cb31-bee1-3cf0-c35337ba97d2,ok,0,0,453,26.112,39,210,405,439,341
44,7434.430933056,7434.642798642,,4,GPU-127e16de-2b5f-dde9-1932-b4e29bb818c0,ok,0,0,453,23.288,34,210,405,390,292
45,7435.430933056,7435.4735442,,0,GPU-9b96eb67-aeee-89d5-aa85-fc650af4e25c,ok,0,0,453,26.637,38,210,405,439,292
45,7435.430933056,7435.515186402,,1,GPU-37ffc98b-8551-c8a1-5f3c-27ade9ae735a,ok,100,21,1514,348.526,75,1485,9501,4492,10742
45,7435.430933056,7435.557701575,,2,GPU-5443d59d-561f-ed1e-da42-1975937205f9,ok,0,0,453,27.84,36,210,405,439,292
45,7435.430933056,7435.600243997,,3,GPU-46bf67bb-cb31-bee1-3cf0-c35337ba97d2,ok,0,0,453,26.121,39,210,405,390,341
45,7435.430933056,7435.64279314,,4,GPU-127e16de-2b5f-dde9-1932-b4e29bb818c0,ok,0,0,453,23.413,34,210,405,439,292
46,7436.430933056,7436.473543548,,0,GPU-9b96eb67-aeee-89d5-aa85-fc650af4e25c,ok,0,0,453,26.609,38,210,405,439,292
46,7436.430933056,7436.51519248,,1,GPU-37ffc98b-8551-c8a1-5f3c-27ade9ae735a,ok,100,28,1514,348.184,75,1485,9501,4541,11279
46,7436.430933056,7436.557699073,,2,GPU-5443d59d-561f-ed1e-da42-1975937205f9,ok,0,0,453,27.861,36,210,405,439,292
46,7436.430933056,7436.600248435,,3,GPU-46bf67bb-cb31-bee1-3cf0-c35337ba97d2,ok,0,0,453,26.13,39,210,405,439,341
46,7436.430933056,7436.642798398,,4,GPU-127e16de-2b5f-dde9-1932-b4e29bb818c0,ok,0,0,453,23.287,34,210,405,439,292
47,7437.430933056,7437.473545606,,0,GPU-9b96eb67-aeee-89d5-aa85-fc650af4e25c,ok,0,0,453,26.672,38,210,405,439,341
47,7437.430933056,7437.515176818,,1,GPU-37ffc98b-8551-c8a1-5f3c-27ade9ae735a,ok,100,22,1514,348.567,75,1485,9501,4492,10742
47,7437.430933056,7437.557683831,,2,GPU-5443d59d-561f-ed1e-da42-1975937205f9,ok,0,0,453,27.884,36,210,405,439,292
47,7437.430933056,7437.600215333,,3,GPU-46bf67bb-cb31-bee1-3cf0-c35337ba97d2,ok,0,0,453,26.354,39,210,405,439,292
47,7437.430933056,7437.642739736,,4,GPU-127e16de-2b5f-dde9-1932-b4e29bb818c0,ok,0,0,453,23.406,34,210,405,488,292
48,7438.430933056,7438.473542264,,0,GPU-9b96eb67-aeee-89d5-aa85-fc650af4e25c,ok,0,0,453,26.487,38,210,405,439,341
48,7438.430933056,7438.515169026,,1,GPU-37ffc98b-8551-c8a1-5f3c-27ade9ae735a,ok,100,22,1514,349.113,75,1485,9501,5712,9619
48,7438.430933056,7438.557690239,,2,GPU-5443d59d-561f-ed1e-da42-1975937205f9,ok,0,0,453,27.771,36,210,405,390,341
48,7438.430933056,7438.600270421,,3,GPU-46bf67bb-cb31-bee1-3cf0-c35337ba97d2,ok,0,0,453,26.245,39,210,405,439,292
48,7438.430933056,7438.642818674,,4,GPU-127e16de-2b5f-dde9-1932-b4e29bb818c0,ok,0,0,453,23.507,34,210,405,390,292
49,7439.430933056,7439.473552232,,0,GPU-9b96eb67-aeee-89d5-aa85-fc650af4e25c,ok,0,0,453,26.402,38,210,405,439,292
49,7439.430933056,7439.515165604,,1,GPU-37ffc98b-8551-c8a1-5f3c-27ade9ae735a,ok,100,22,1514,348.909,75,1485,9501,4541,9716
49,7439.430933056,7439.557669347,,2,GPU-5443d59d-561f-ed1e-da42-1975937205f9,ok,0,0,453,27.83,36,210,405,439,292
49,7439.430933056,7439.60030231,,3,GPU-46bf67bb-cb31-bee1-3cf0-c35337ba97d2,ok,0,0,453,26.213,39,210,405,390,292
49,7439.430933056,7439.642857292,,4,GPU-127e16de-2b5f-dde9-1932-b4e29bb818c0,ok,0,0,453,23.311,34,210,405,390,292
50,7440.430933056,7440.47356326,,0,GPU-9b96eb67-aeee-89d5-aa85-fc650af4e25c,ok,0,0,453,26.434,38,210,405,439,292
50,7440.430933056,7440.515198482,,1,GPU-37ffc98b-8551-c8a1-5f3c-27ade9ae735a,ok,100,25,1514,348.971,75,1425,9501,4833,10009
50,7440.430933056,7440.557722315,,2,GPU-5443d59d-561f-ed1e-da42-1975937205f9,ok,0,0,453,27.896,36,210,405,439,292
50,7440.430933056,7440.600262488,,3,GPU-46bf67bb-cb31-bee1-3cf0-c35337ba97d2,ok,0,0,453,26.373,39,210,405,439,341
50,7440.430933056,7440.64282982,,4,GPU-127e16de-2b5f-dde9-1932-b4e29bb818c0,ok,0,0,453,23.336,34,210,405,439,341
51,7441.430933056,7441.473570328,,0,GPU-9b96eb67-aeee-89d5-aa85-fc650af4e25c,ok,0,0,453,26.323,38,210,405,439,292
51,7441.430933056,7441.51519357,,1,GPU-37ffc98b-8551-c8a1-5f3c-27ade9ae735a,ok,100,21,1514,349.102,76,1485,9501,4882,9814
51,7441.430933056,7441.557710143,,2,GPU-5443d59d-561f-ed1e-da42-1975937205f9,ok,0,0,453,27.731,36,210,405,439,292
51,7441.430933056,7441.600248316,,3,GPU-46bf67bb-cb31-bee1-3cf0-c35337ba97d2,ok,0,0,453,26.191,39,210,405,439,341
51,7441.430933056,7441.642811038,,4,GPU-127e16de-2b5f-dde9-1932-b4e29bb818c0,ok,0,0,453,23.386,34,210,405,390,341
52,7442.430933056,7442.473552186,,0,GPU-9b96eb67-aeee-89d5-aa85-fc650af4e25c,ok,0,0,453,26.496,38,210,405,390,292
52,7442.430933056,7442.515180848,,1,GPU-37ffc98b-8551-c8a1-5f3c-27ade9ae735a,ok,100,23,1514,349.093,76,1485,9501,4736,9863
52,7442.430933056,7442.557691851,,2,GPU-5443d59d-561f-ed1e-da42-1975937205f9,ok,0,0,453,27.809,36,210,405,439,292
52,7442.430933056,7442.600245324,,3,GPU-46bf67bb-cb31-bee1-3cf0-c35337ba97d2,ok,0,0,453,26.119,39,210,405,439,292
52,7442.430933056,7442.642780476,,4,GPU-127e16de-2b5f-dde9-1932-b4e29bb818c0,ok,0,0,453,23.33,34,210,405,439,341
53,7443.430933056,7443.473556104,,0,GPU-9b96eb67-aeee-89d5-aa85-fc650af4e25c,ok,0,0,453,26.774,38,210,405,439,292
53,7443.430933056,7443.515158256,,1,GPU-37ffc98b-8551-c8a1-5f3c-27ade9ae735a,ok,100,22,1514,349.343,76,1485,9501,4199,10302
53,7443.430933056,7443.557667539,,2,GPU-5443d59d-561f-ed1e-da42-1975937205f9,ok,0,0,453,27.974,36,210,405,439,341
53,7443.430933056,7443.600223282,,3,GPU-46bf67bb-cb31-bee1-3cf0-c35337ba97d2,ok,0,0,453,26.26,39,210,405,439,292
53,7443.430933056,7443.642759664,,4,GPU-127e16de-2b5f-dde9-1932-b4e29bb818c0,ok,0,0,453,23.258,34,210,405,439,292
54,7444.430933056,7444.473590152,,0,GPU-9b96eb67-aeee-89d5-aa85-fc650af4e25c,ok,0,0,453,26.704,38,210,405,439,341
54,7444.430933056,7444.515205364,,1,GPU-37ffc98b-8551-c8a1-5f3c-27ade9ae735a,ok,100,27,1514,348.642,76,1485,9501,4443,9863
54,7444.430933056,7444.557706627,,2,GPU-5443d59d-561f-ed1e-da42-1975937205f9,ok,0,0,453,27.839,36,210,405,439,292
54,7444.430933056,7444.60028399,,3,GPU-46bf67bb-cb31-bee1-3cf0-c35337ba97d2,ok,0,0,453,26.152,39,210,405,439,292
54,7444.430933056,7444.642823052,,4,GPU-127e16de-2b5f-dde9-1932-b4e29bb818c0,ok,0,0,453,23.597,34,210,405,439,292
55,7445.430933056,7445.47353101,,0,GPU-9b96eb67-aeee-89d5-aa85-fc650af4e25c,ok,0,0,453,26.718,38,210,405,439,341
55,7445.430933056,7445.515169582,,1,GPU-37ffc98b-8551-c8a1-5f3c-27ade9ae735a,ok,100,23,1514,348.686,75,1470,9501,4589,10058
55,7445.430933056,7445.557692445,,2,GPU-5443d59d-561f-ed1e-da42-1975937205f9,ok,0,0,453,27.844,36,210,405,390,292
55,7445.430933056,7445.600250638,,3,GPU-46bf67bb-cb31-bee1-3cf0-c35337ba97d2,ok,0,0,453,26.192,39,210,405,439,292
55,7445.430933056,7445.64280255,,4,GPU-127e16de-2b5f-dde9-1932-b4e29bb818c0,ok,0,0,453,23.744,34,210,405,390,292
56,7446.430933056,7446.473443328,,0,GPU-9b96eb67-aeee-89d5-aa85-fc650af4e25c,ok,0,0,453,26.93,38,210,405,439,292
56,7446.430933056,7446.51509292,,1,GPU-37ffc98b-8551-c8a1-5f3c-27ade9ae735a,ok,100,23,1514,349.113,75,1485,9501,5029,9863
56,7446.430933056,7446.557538523,,2,GPU-5443d59d-561f-ed1e-da42-1975937205f9,ok,0,0,453,27.882,36,210,405,390,292
56,7446.430933056,7446.600109976,,3,GPU-46bf67bb-cb31-bee1-3cf0-c35337ba97d2,ok,0,0,453,26.398,39,210,405,439,292
56,7446.430933056,7446.642647768,,4,GPU-127e16de-2b5f-dde9-1932-b4e29bb818c0,ok,0,0,453,23.486,34,210,405,439,292
57,7447.430933056,7447.473551846,,0,GPU-9b96eb67-aeee-89d5-aa85-fc650af4e25c,ok,0,0,453,26.802,38,210,405,439,292
57,7447.430933056,7447.515189338,,1,GPU-37ffc98b-8551-c8a1-5f3c-27ade9ae735a,ok,100,23,1514,349.109,76,1470,9501,5419,8544
57,7447.430933056,7447.557703441,,2,GPU-5443d59d-561f-ed1e-da42-1975937205f9,ok,0,0,453,27.616,36,210,405,439,341
57,7447.430933056,7447.600264074,,3,GPU-46bf67bb-cb31-bee1-3cf0-c35337ba97d2,ok,0,0,453,26.261,39,210,405,439,292
57,7447.430933056,7447.642806456,,4,GPU-127e16de-2b5f-dde9-1932-b4e29bb818c0,ok,0,0,453,23.644,34,210,405,439,292
58,7448.430933056,7448.473879034,,0,GPU-9b96eb67-aeee-89d5-aa85-fc650af4e25c,ok,0,0,453,26.703,38,210,405,439,292
58,7448.430933056,7448.515348076,,1,GPU-37ffc98b-8551-c8a1-5f3c-27ade9ae735a,ok,0,0,1514,305.673,68,1935,9501,390,292
58,7448.430933056,7448.558121449,,2,GPU-5443d59d-561f-ed1e-da42-1975937205f9,ok,0,0,453,27.516,36,210,405,439,292
58,7448.430933056,7448.600897512,,3,GPU-46bf67bb-cb31-bee1-3cf0-c35337ba97d2,ok,0,0,453,26.242,39,210,405,439,292
58,7448.430933056,7448.643660945,,4,GPU-127e16de-2b5f-dde9-1932-b4e29bb818c0,ok,0,0,453,23.751,34,210,405,439,292
59,7449.430933056,7449.473849182,,0,GPU-9b96eb67-aeee-89d5-aa85-fc650af4e25c,ok,0,0,453,26.888,38,210,405,390,341
59,7449.430933056,7449.515335444,,1,GPU-37ffc98b-8551-c8a1-5f3c-27ade9ae735a,ok,0,0,1514,177.274,66,1935,9501,390,292
59,7449.430933056,7449.558059127,,2,GPU-5443d59d-561f-ed1e-da42-1975937205f9,ok,0,0,453,27.648,36,210,405,439,292
59,7449.430933056,7449.6008492,,3,GPU-46bf67bb-cb31-bee1-3cf0-c35337ba97d2,ok,0,0,453,26.337,39,210,405,439,292
59,7449.430933056,7449.643621093,,4,GPU-127e16de-2b5f-dde9-1932-b4e29bb818c0,ok,0,0,453,23.723,34,210,405,390,292
60,7450.430933056,7450.47354645,,0,GPU-9b96eb67-aeee-89d5-aa85-fc650af4e25c,ok,0,0,453,26.859,38,210,405,439,341
60,7450.430933056,7450.515190752,,1,GPU-37ffc98b-8551-c8a1-5f3c-27ade9ae735a,ok,100,25,1514,179.152,71,1500,9501,3710,14111
60,7450.430933056,7450.557689885,,2,GPU-5443d59d-561f-ed1e-da42-1975937205f9,ok,0,0,453,27.626,36,210,405,439,292
60,7450.430933056,7450.600161948,,3,GPU-46bf67bb-cb31-bee1-3cf0-c35337ba97d2,ok,0,0,453,26.017,39,210,405,439,341
60,7450.430933056,7450.64262138,,4,GPU-127e16de-2b5f-dde9-1932-b4e29bb818c0,ok,0,0,453,23.879,34,210,405,439,341
61,7451.430933056,7451.473546238,,0,GPU-9b96eb67-aeee-89d5-aa85-fc650af4e25c,ok,0,0,453,26.908,38,210,405,439,341
61,7451.430933056,7451.51519463,,1,GPU-37ffc98b-8551-c8a1-5f3c-27ade9ae735a,ok,100,22,1514,349.923,74,1500,9501,3271,14648
61,7451.430933056,7451.557707983,,2,GPU-5443d59d-561f-ed1e-da42-1975937205f9,ok,0,0,453,27.608,36,210,405,390,292
61,7451.430933056,7451.600270206,,3,GPU-46bf67bb-cb31-bee1-3cf0-c35337ba97d2,ok,0,0,453,25.982,39,210,405,390,341
61,7451.430933056,7451.642818488,,4,GPU-127e16de-2b5f-dde9-1932-b4e29bb818c0,ok,0,0,453,23.959,34,210,405,390,341
62,7452.430933056,7452.473543366,,0,GPU-9b96eb67-aeee-89d5-aa85-fc650af4e25c,ok,0,0,453,27.144,38,210,405,439,292
62,7452.430933056,7452.515211188,,1,GPU-37ffc98b-8551-c8a1-5f3c-27ade9ae735a,ok,100,23,1514,349.31,74,1485,9501,3320,15332
62,7452.430933056,7452.557721301,,2,GPU-5443d59d-561f-ed1e-da42-1975937205f9,ok,0,0,453,27.831,36,210,405,439,292
62,7452.430933056,7452.600278634,,3,GPU-46bf67bb-cb31-bee1-3cf0-c35337ba97d2,ok,0,0,453,26.324,39,210,405,439,341
62,7452.430933056,7452.642814756,,4,GPU-127e16de-2b5f-dde9-1932-b4e29bb818c0,ok,0,0,453,23.909,34,210,405,439,341
63,7453.430933056,7453.473536794,,0,GPU-9b96eb67-aeee-89d5-aa85-fc650af4e25c,ok,0,0,453,26.993,38,210,405,390,292
63,7453.430933056,7453.515181846,,1,GPU-37ffc98b-8551-c8a1-5f3c-27ade9ae735a,ok,100,23,1514,349.185,74,1485,9501,3320,16308
63,7453.430933056,7453.557688189,,2,GPU-5443d59d-561f-ed1e-da42-1975937205f9,ok,0,0,453,27.847,36,210,405,439,341
63,7453.430933056,7453.600248082,,3,GPU-46bf67bb-cb31-bee1-3cf0-c35337ba97d2,ok,0,0,453,26.272,39,210,405,439,341
63,7453.430933056,7453.642810185,,4,GPU-127e16de-2b5f-dde9-1932-b4e29bb818c0,ok,0,0,453,23.731,34,210,405,439,292
64,7454.430933056,7454.473551192,,0,GPU-9b96eb67-aeee-89d5-aa85-fc650af4e25c,ok,0,0,453,26.779,38,210,405,439,292
64,7454.430933056,7454.515181724,,1,GPU-37ffc98b-8551-c8a1-5f3c-27ade9ae735a,ok,100,23,1514,349.26,75,1485,9501,3369,15039
64,7454.430933056,7454.557693537,,2,GPU-5443d59d-561f-ed1e-da42-1975937205f9,ok,0,0,453,27.809,36,210,405,439,292
64,7454.430933056,7454.60027487,,3,GPU-46bf67bb-cb31-bee1-3cf0-c35337ba97d2,ok,0,0,453,26.298,39,210,405,439,292
64,7454.430933056,7454.642819293,,4,GPU-127e16de-2b5f-dde9-1932-b4e29bb818c0,ok,0,0,453,23.639,34,210,405,390,292
65,7455.430933056,7455.47352555,,0,GPU-9b96eb67-aeee-89d5-aa85-fc650af4e25c,ok,0,0,453,26.858,38,210,405,439,292
65,7455.430933056,7455.515144683,,1,GPU-37ffc98b-8551-c8a1-5f3c-27ade9ae735a,ok,100,23,1514,349.389,75,1455,9501,3466,13623
65,7455.430933056,7455.557671135,,2,GPU-5443d59d-561f-ed1e-da42-1975937205f9,ok,0,0,453,27.876,36,210,405,439,292
65,7455.430933056,7455.600219998,,3,GPU-46bf67bb-cb31-bee1-3cf0-c35337ba97d2,ok,0,0,453,26.457,39,210,405,390,292
65,7455.430933056,7455.642787361,,4,GPU-127e16de-2b5f-dde9-1932-b4e29bb818c0,ok,0,0,453,23.726,34,210,405,439,292
66,7456.430933056,7456.473547938,,0,GPU-9b96eb67-aeee-89d5-aa85-fc650af4e25c,ok,0,0,453,26.726,38,210,405,439,292
66,7456.430933056,7456.515172191,,1,GPU-37ffc98b-8551-c8a1-5f3c-27ade9ae735a,ok,100,25,1514,349.396,75,1485,9501,3466,14599
66,7456.430933056,7456.557715483,,2,GPU-5443d59d-561f-ed1e-da42-1975937205f9,ok,0,0,453,27.734,36,210,405,439,292
66,7456.430933056,7456.600256536,,3,GPU-46bf67bb-cb31-bee1-3cf0-c35337ba97d2,ok,0,0,453,26.24,39,210,405,439,292
66,7456.430933056,7456.642804409,,4,GPU-127e16de-2b5f-dde9-1932-b4e29bb818c0,ok,0,0,453,23.754,34,210,405,439,292
67,7457.430933056,7457.473547856,,0,GPU-9b96eb67-aeee-89d5-aa85-fc650af4e25c,ok,0,0,453,26.804,38,210,405,390,292
67,7457.430933056,7457.515187269,,1,GPU-37ffc98b-8551-c8a1-5f3c-27ade9ae735a,ok,100,23,1514,349.217,75,1470,9501,3662,13769
67,7457.430933056,7457.557725471,,2,GPU-5443d59d-561f-ed1e-da42-1975937205f9,ok,0,0,453,27.757,36,210,405,439,292
67,7457.430933056,7457.600247684,,3,GPU-46bf67bb-cb31-bee1-3cf0-c35337ba97d2,ok,0,0,453,26.281,39,210,405,439,292
67,7457.430933056,7457.642792087,,4,GPU-127e16de-2b5f-dde9-1932-b4e29bb818c0,ok,0,0,453,23.648,34,210,405,439,292
68,7458.430933056,7458.473551414,,0,GPU-9b96eb67-aeee-89d5-aa85-fc650af4e25c,ok,0,0,453,27.022,38,210,405,439,341
68,7458.430933056,7458.515177607,,1,GPU-37ffc98b-8551-c8a1-5f3c-27ade9ae735a,ok,100,23,1514,349.407,75,1470,9501,3808,13720
68,7458.430933056,7458.557711619,,2,GPU-5443d59d-561f-ed1e-da42-1975937205f9,ok,0,0,453,27.978,36,210,405,439,292
68,7458.430933056,7458.600255612,,3,GPU-46bf67bb-cb31-bee1-3cf0-c35337ba97d2,ok,0,0,453,26.531,39,210,405,439,292
68,7458.430933056,7458.642810685,,4,GPU-127e16de-2b5f-dde9-1932-b4e29bb818c0,ok,0,0,453,23.532,34,210,405,439,292
69,7459.430933056,7459.473433612,,0,GPU-9b96eb67-aeee-89d5-aa85-fc650af4e25c,ok,0,0,453,26.812,38,210,405,439,292
69,7459.430933056,7459.515048865,,1,GPU-37ffc98b-8551-c8a1-5f3c-27ade9ae735a,ok,100,23,1514,349.462,75,1455,9501,4052,13525
69,7459.430933056,7459.557564137,,2,GPU-5443d59d-561f-ed1e-da42-1975937205f9,ok,0,0,453,27.921,36,210,405,439,292
69,7459.430933056,7459.60012993,,3,GPU-46bf67bb-cb31-bee1-3cf0-c35337ba97d2,ok,0,0,453,26.379,39,210,405,439,292
69,7459.430933056,7459.642663043,,4,GPU-127e16de-2b5f-dde9-1932-b4e29bb818c0,ok,0,0,453,23.563,34,210,405,439,292
70,7460.430933056,7460.47358444,,0,GPU-9b96eb67-aeee-89d5-aa85-fc650af4e25c,ok,0,0,453,26.8,38,210,405,439,292
70,7460.430933056,7460.515291783,,1,GPU-37ffc98b-8551-c8a1-5f3c-27ade9ae735a,ok,100,23,1514,349.035,75,1455,9501,4296,17285
70,7460.430933056,7460.557815385,,2,GPU-5443d59d-561f-ed1e-da42-1975937205f9,ok,0,0,453,27.873,36,210,405,439,341
70,7460.430933056,7460.600382698,,3,GPU-46bf67bb-cb31-bee1-3cf0-c35337ba97d2,ok,0,0,453,26.319,39,210,405,439,292
70,7460.430933056,7460.642934301,,4,GPU-127e16de-2b5f-dde9-1932-b4e29bb818c0,ok,0,0,453,23.612,34,210,405,439,292
71,7461.430933056,7461.473535988,,0,GPU-9b96eb67-aeee-89d5-aa85-fc650af4e25c,ok,0,0,453,26.927,38,210,405,390,292
71,7461.430933056,7461.515215501,,1,GPU-37ffc98b-8551-c8a1-5f3c-27ade9ae735a,ok,100,23,1514,349.116,75,1470,9501,3613,14892
71,7461.430933056,7461.557755423,,2,GPU-5443d59d-561f-ed1e-da42-1975937205f9,ok,0,0,453,27.923,36,210,405,390,292
71,7461.430933056,7461.600283226,,3,GPU-46bf67bb-cb31-bee1-3cf0-c35337ba97d2,ok,0,0,453,26.417,39,210,405,439,292
71,7461.430933056,7461.642812249,,4,GPU-127e16de-2b5f-dde9-1932-b4e29bb818c0,ok,0,0,453,23.627,34,210,405,439,341
72,7462.430933056,7462.473544096,,0,GPU-9b96eb67-aeee-89d5-aa85-fc650af4e25c,ok,0,0,453,26.791,38,210,405,439,292
72,7462.430933056,7462.515170909,,1,GPU-37ffc98b-8551-c8a1-5f3c-27ade9ae735a,ok,100,23,1514,349.446,75,1470,9501,3662,16015
72,7462.430933056,7462.557682351,,2,GPU-5443d59d-561f-ed1e-da42-1975937205f9,ok,0,0,453,27.844,36,210,405,439,292
72,7462.430933056,7462.600265364,,3,GPU-46bf67bb-cb31-bee1-3cf0-c35337ba97d2,ok,0,0,453,26.239,39,210,405,390,292
72,7462.430933056,7462.642813477,,4,GPU-127e16de-2b5f-dde9-1932-b4e29bb818c0,ok,0,0,453,23.591,34,210,405,390,341
73,7463.430933056,7463.473447314,,0,GPU-9b96eb67-aeee-89d5-aa85-fc650af4e25c,ok,0,0,453,26.854,38,210,405,439,292
73,7463.430933056,7463.515068367,,1,GPU-37ffc98b-8551-c8a1-5f3c-27ade9ae735a,ok,100,32,1514,348.867,75,1485,9501,3369,13818
73,7463.430933056,7463.557487899,,2,GPU-5443d59d-561f-ed1e-da42-1975937205f9,ok,0,0,453,27.927,36,210,405,439,292
73,7463.430933056,7463.599951862,,3,GPU-46bf67bb-cb31-bee1-3cf0-c35337ba97d2,ok,0,0,453,26.205,39,210,405,390,341
73,7463.430933056,7463.642422995,,4,GPU-127e16de-2b5f-dde9-1932-b4e29bb818c0,ok,0,0,453,23.64,34,210,405,390,292
74,7464.430933056,7464.473551042,,0,GPU-9b96eb67-aeee-89d5-aa85-fc650af4e25c,ok,0,0,453,26.904,38,210,405,439,292
74,7464.430933056,7464.515193415,,1,GPU-37ffc98b-8551-c8a1-5f3c-27ade9ae735a,ok,100,21,1514,348.945,75,1485,9501,3173,14892
74,7464.430933056,7464.557750257,,2,GPU-5443d59d-561f-ed1e-da42-1975937205f9,ok,0,0,453,27.996,36,210,405,439,292
74,7464.430933056,7464.60030154,,3,GPU-46bf67bb-cb31-bee1-3cf0-c35337ba97d2,ok,0,0,453,26.324,39,210,405,439,341
74,7464.430933056,7464.642847313,,4,GPU-127e16de-2b5f-dde9-1932-b4e29bb818c0,ok,0,0,453,23.708,34,210,405,439,292
75,7465.430933056,7465.47356515,,0,GPU-9b96eb67-aeee-89d5-aa85-fc650af4e25c,ok,0,0,453,26.614,38,210,405,439,292
75,7465.430933056,7465.515216233,,1,GPU-37ffc98b-8551-c8a1-5f3c-27ade9ae735a,ok,100,23,1514,349.132,75,1485,9501,3125,14794
75,7465.430933056,7465.557728255,,2,GPU-5443d59d-561f-ed1e-da42-1975937205f9,ok,0,0,453,27.921,36,210,405,439,341
75,7465.430933056,7465.600323478,,3,GPU-46bf67bb-cb31-bee1-3cf0-c35337ba97d2,ok,0,0,453,26.132,39,210,405,439,341
75,7465.430933056,7465.642859371,,4,GPU-127e16de-2b5f-dde9-1932-b4e29bb818c0,ok,0,0,453,23.541,34,210,405,439,292
76,7466.430933056,7466.473594968,,0,GPU-9b96eb67-aeee-89d5-aa85-fc650af4e25c,ok,0,0,453,26.583,38,210,405,390,292
76,7466.430933056,7466.515224461,,1,GPU-37ffc98b-8551-c8a1-5f3c-27ade9ae735a,ok,100,23,1514,349.376,75,1470,9501,3271,14160
76,7466.430933056,7466.557722203,,2,GPU-5443d59d-561f-ed1e-da42-1975937205f9,ok,0,0,453,28.018,36,210,405,390,341
76,7466.430933056,7466.600304566,,3,GPU-46bf67bb-cb31-bee1-3cf0-c35337ba97d2,ok,0,0,453,26.108,39,210,405,439,341
76,7466.430933056,7466.642846369,,4,GPU-127e16de-2b5f-dde9-1932-b4e29bb818c0,ok,0,0,453,23.512,34,210,405,439,341
77,7467.430933056,7467.473585966,,0,GPU-9b96eb67-aeee-89d5-aa85-fc650af4e25c,ok,0,0,453,26.716,38,210,405,439,292
77,7467.430933056,7467.515224669,,1,GPU-37ffc98b-8551-c8a1-5f3c-27ade9ae735a,ok,100,22,1514,348.988,76,1485,9501,3271,14892
77,7467.430933056,7467.557765851,,2,GPU-5443d59d-561f-ed1e-da42-1975937205f9,ok,0,0,453,28.156,36,210,405,439,292
77,7467.430933056,7467.600309184,,3,GPU-46bf67bb-cb31-bee1-3cf0-c35337ba97d2,ok,0,0,453,26.284,39,210,405,439,341
77,7467.430933056,7467.642823797,,4,GPU-127e16de-2b5f-dde9-1932-b4e29bb818c0,ok,0,0,453,23.773,34,210,405,439,341
78,7468.430933056,7468.473583354,,0,GPU-9b96eb67-aeee-89d5-aa85-fc650af4e25c,ok,0,0,453,26.518,38,210,405,390,292
78,7468.430933056,7468.515225057,,1,GPU-37ffc98b-8551-c8a1-5f3c-27ade9ae735a,ok,100,22,1514,349.059,75,1470,9501,3320,14306
78,7468.430933056,7468.557743639,,2,GPU-5443d59d-561f-ed1e-da42-1975937205f9,ok,0,0,453,28.035,36,210,405,439,292
78,7468.430933056,7468.600323592,,3,GPU-46bf67bb-cb31-bee1-3cf0-c35337ba97d2,ok,0,0,453,26.146,39,210,405,439,292
78,7468.430933056,7468.642877425,,4,GPU-127e16de-2b5f-dde9-1932-b4e29bb818c0,ok,0,0,453,23.79,34,210,405,390,341
79,7469.430933056,7469.473541782,,0,GPU-9b96eb67-aeee-89d5-aa85-fc650af4e25c,ok,0,0,453,26.409,37,210,405,439,292
79,7469.430933056,7469.515158495,,1,GPU-37ffc98b-8551-c8a1-5f3c-27ade9ae735a,ok,100,23,1514,349.024,76,1470,9501,3222,15429
79,7469.430933056,7469.557677688,,2,GPU-5443d59d-561f-ed1e-da42-1975937205f9,ok,0,0,453,27.972,36,210,405,439,292
79,7469.430933056,7469.60027029,,3,GPU-46bf67bb-cb31-bee1-3cf0-c35337ba97d2,ok,0,0,453,26.137,39,210,405,439,292
79,7469.430933056,7469.642828753,,4,GPU-127e16de-2b5f-dde9-1932-b4e29bb818c0,ok,0,0,453,23.653,34,210,405,439,341
80,7470.430933056,7470.47357951,,0,GPU-9b96eb67-aeee-89d5-aa85-fc650af4e25c,ok,0,0,453,26.4,37,210,405,439,292
80,7470.430933056,7470.515212683,,1,GPU-37ffc98b-8551-c8a1-5f3c-27ade9ae735a,ok,100,26,1514,349.137,76,1425,9501,3759,12548
80,7470.430933056,7470.557721536,,2,GPU-5443d59d-561f-ed1e-da42-1975937205f9,ok,0,0,453,27.906,36,210,405,390,292
80,7470.430933056,7470.600288868,,3,GPU-46bf67bb-cb31-bee1-3cf0-c35337ba97d2,ok,0,0,453,26.294,39,210,405,439,292
80,7470.430933056,7470.642856531,,4,GPU-127e16de-2b5f-dde9-1932-b4e29bb818c0,ok,0,0,453,23.734,34,210,405,390,341
81,7471.430933056,7471.473542858,,0,GPU-9b96eb67-aeee-89d5-aa85-fc650af4e25c,ok,0,0,453,26.306,37,210,405,439,292
81,7471.430933056,7471.515179541,,1,GPU-37ffc98b-8551-c8a1-5f3c-27ade9ae735a,ok,100,22,1514,349.154,76,1470,9501,3564,13281
81,7471.430933056,7471.557698654,,2,GPU-5443d59d-561f-ed1e-da42-1975937205f9,ok,0,0,453,27.873,36,210,405,439,292
81,7471.430933056,7471.600273486,,3,GPU-46bf67bb-cb31-bee1-3cf0-c35337ba97d2,ok,0,0,453,26.165,39,210,405,439,292
81,7471.430933056,7471.642909129,,4,GPU-127e16de-2b5f-dde9-1932-b4e29bb818c0,ok,0,0,453,23.762,34,210,405,439,341
82,7472.430933056,7472.473545936,,0,GPU-9b96eb67-aeee-89d5-aa85-fc650af4e25c,ok,0,0,453,26.385,37,210,405,439,292
82,7472.430933056,7472.515178169,,1,GPU-37ffc98b-8551-c8a1-5f3c-27ade9ae735a,ok,100,22,1514,349.245,76,1470,9501,3466,13183
82,7472.430933056,7472.557697112,,2,GPU-5443d59d-561f-ed1e-da42-1975937205f9,ok,0,0,453,27.807,36,210,405,439,341
82,7472.430933056,7472.600266484,,3,GPU-46bf67bb-cb31-bee1-3cf0-c35337ba97d2,ok,0,0,453,26.175,39,210,405,439,292
82,7472.430933056,7472.642828917,,4,GPU-127e16de-2b5f-dde9-1932-b4e29bb818c0,ok,0,0,453,23.368,34,210,405,439,341
83,7473.430933056,7473.473525395,,0,GPU-9b96eb67-aeee-89d5-aa85-fc650af4e25c,ok,0,0,453,26.305,37,210,405,439,292
83,7473.430933056,7473.515153917,,1,GPU-37ffc98b-8551-c8a1-5f3c-27ade9ae735a,ok,100,27,1514,349.168,76,1410,9501,4052,12011
83,7473.430933056,7473.55767216,,2,GPU-5443d59d-561f-ed1e-da42-1975937205f9,ok,0,0,453,27.797,36,210,405,439,341
83,7473.430933056,7473.600225742,,3,GPU-46bf67bb-cb31-bee1-3cf0-c35337ba97d2,ok,0,0,453,26.299,39,210,405,439,292
83,7473.430933056,7473.642771625,,4,GPU-127e16de-2b5f-dde9-1932-b4e29bb818c0,ok,0,0,453,23.375,34,210,405,439,341
84,7474.430933056,7474.473554693,,0,GPU-9b96eb67-aeee-89d5-aa85-fc650af4e25c,ok,0,0,453,26.247,37,210,405,439,292
84,7474.430933056,7474.515175485,,1,GPU-37ffc98b-8551-c8a1-5f3c-27ade9ae735a,ok,100,23,1514,348.866,76,1470,9501,4199,11181
84,7474.430933056,7474.557683548,,2,GPU-5443d59d-561f-ed1e-da42-1975937205f9,ok,0,0,453,27.898,36,210,405,390,292
84,7474.430933056,7474.60024516,,3,GPU-46bf67bb-cb31-bee1-3cf0-c35337ba97d2,ok,0,0,453,26.143,39,210,405,439,292
84,7474.430933056,7474.642793903,,4,GPU-127e16de-2b5f-dde9-1932-b4e29bb818c0,ok,0,0,453,23.433,34,210,405,439,341
85,7475.430933056,7475.473917861,,0,GPU-9b96eb67-aeee-89d5-aa85-fc650af4e25c,ok,0,0,453,26.342,37,210,405,390,341
85,7475.430933056,7475.515399703,,1,GPU-37ffc98b-8551-c8a1-5f3c-27ade9ae735a,ok,100,23,1514,349.232,76,1455,9501,488,292
85,7475.430933056,7475.558132986,,2,GPU-5443d59d-561f-ed1e-da42-1975937205f9,ok,0,0,453,27.924,36,210,405,439,292
85,7475.430933056,7475.600909939,,3,GPU-46bf67bb-cb31-bee1-3cf0-c35337ba97d2,ok,0,0,453,26.156,39,210,405,439,292
85,7475.430933056,7475.643693101,,4,GPU-127e16de-2b5f-dde9-1932-b4e29bb818c0,ok,0,0,453,23.464,34,210,405,439,292
86,7476.430933056,7476.473547419,,0,GPU-9b96eb67-aeee-89d5-aa85-fc650af4e25c,ok,0,0,453,26.163,37,210,405,390,292
86,7476.430933056,7476.514964531,,1,GPU-37ffc98b-8551-c8a1-5f3c-27ade9ae735a,ok,0,0,1514,173.108,66,1935,9501,390,292
86,7476.430933056,7476.557660184,,2,GPU-5443d59d-561f-ed1e-da42-1975937205f9,ok,0,0,453,27.804,36,210,405,439,292
86,7476.430933056,7476.600374686,,3,GPU-46bf67bb-cb31-bee1-3cf0-c35337ba97d2,ok,0,0,453,26.19,39,210,405,439,341
86,7476.430933056,7476.643079569,,4,GPU-127e16de-2b5f-dde9-1932-b4e29bb818c0,ok,0,0,453,23.532,34,210,405,439,292
87,7477.430933056,7477.473542577,,0,GPU-9b96eb67-aeee-89d5-aa85-fc650af4e25c,ok,0,0,453,26.2,37,210,405,439,292
87,7477.430933056,7477.514820569,,1,GPU-37ffc98b-8551-c8a1-5f3c-27ade9ae735a,ok,0,0,1514,143.867,64,1710,9501,439,292
87,7477.430933056,7477.557773702,,2,GPU-5443d59d-561f-ed1e-da42-1975937205f9,ok,0,0,453,27.807,36,210,405,439,341
87,7477.430933056,7477.602269855,,3,GPU-46bf67bb-cb31-bee1-3cf0-c35337ba97d2,ok,0,0,453,26.079,39,210,405,488,292
87,7477.430933056,7477.645593718,,4,GPU-127e16de-2b5f-dde9-1932-b4e29bb818c0,ok,0,0,453,23.426,34,210,405,439,683
88,7478.430933056,7478.473355055,,0,GPU-9b96eb67-aeee-89d5-aa85-fc650af4e25c,ok,0,0,450,29.468,38,210,405,439,292
88,7478.430933056,7478.514536497,,1,GPU-37ffc98b-8551-c8a1-5f3c-27ade9ae735a,ok,0,0,450,130.946,62,1710,9751,390,244
88,7478.430933056,7478.556971549,,2,GPU-5443d59d-561f-ed1e-da42-1975937205f9,ok,0,0,450,30.291,37,210,405,439,341
88,7478.430933056,7478.599496902,,3,GPU-46bf67bb-cb31-bee1-3cf0-c35337ba97d2,ok,0,0,450,30.716,40,210,405,439,292
88,7478.430933056,7478.642047415,,4,GPU-127e16de-2b5f-dde9-1932-b4e29bb818c0,ok,0,0,450,26.686,34,210,405,439,341
89,7479.430933056,7479.473650483,,0,GPU-9b96eb67-aeee-89d5-aa85-fc650af4e25c,ok,0,0,453,38.331,38,210,405,390,1220
89,7479.430933056,7479.544477204,,1,GPU-37ffc98b-8551-c8a1-5f3c-27ade9ae735a,ok,0,0,453,118.032,62,1710,9751,537,439
89,7479.430933056,7479.593828629,,2,GPU-5443d59d-561f-ed1e-da42-1975937205f9,ok,0,0,453,35.66,37,210,405,390,1171
89,7479.430933056,7479.676574503,,3,GPU-46bf67bb-cb31-bee1-3cf0-c35337ba97d2,ok,0,0,453,41.049,40,210,405,439,439
89,7479.430933056,7479.724352547,,4,GPU-127e16de-2b5f-dde9-1932-b4e29bb818c0,ok,0,0,453,33.467,34,210,405,3369,439
90,7480.430933056,7480.472998881,,0,GPU-9b96eb67-aeee-89d5-aa85-fc650af4e25c,ok,1,0,714,54.423,41,1725,9501,537,2343
90,7480.430933056,7480.514496163,,1,GPU-37ffc98b-8551-c8a1-5f3c-27ade9ae735a,ok,0,0,970,80.382,59,390,5001,14643505,14000292
90,7480.430933056,7480.557022846,,2,GPU-5443d59d-561f-ed1e-da42-1975937205f9,ok,0,0,453,32.472,36,210,405,439,292
90,7480.430933056,7480.599496488,,3,GPU-46bf67bb-cb31-bee1-3cf0-c35337ba97d2,ok,0,0,453,33.611,40,210,405,439,341
90,7480.430933056,7480.641939541,,4,GPU-127e16de-2b5f-dde9-1932-b4e29bb818c0,ok,0,0,453,27.62,34,210,405,390,292
91,7481.430933056,7481.472248608,,0,GPU-9b96eb67-aeee-89d5-aa85-fc650af4e25c,ok,0,0,714,119.168,41,1725,9501,390,244
91,7481.430933056,7481.513615481,,1,GPU-37ffc98b-8551-c8a1-5f3c-27ade9ae735a,ok,100,4,970,112.862,62,1950,9501,15832324,12471093
91,7481.430933056,7481.556127813,,2,GPU-5443d59d-561f-ed1e-da42-1975937205f9,ok,0,0,453,35.842,36,210,405,439,292
91,7481.430933056,7481.598677276,,3,GPU-46bf67bb-cb31-bee1-3cf0-c35337ba97d2,ok,0,0,453,40.987,40,210,405,439,341
91,7481.430933056,7481.641244229,,4,GPU-127e16de-2b5f-dde9-1932-b4e29bb818c0,ok,0,0,453,33.408,35,210,405,439,292
92,7482.430933056,7482.472254036,,0,GPU-9b96eb67-aeee-89d5-aa85-fc650af4e25c,ok,0,0,714,119.301,42,1725,9501,390,292
92,7482.430933056,7482.513679989,,1,GPU-37ffc98b-8551-c8a1-5f3c-27ade9ae735a,ok,100,4,970,153.806,62,1950,9501,14624023,14000341
92,7482.430933056,7482.556170151,,2,GPU-5443d59d-561f-ed1e-da42-1975937205f9,ok,0,0,453,35.85,37,210,405,439,292
92,7482.430933056,7482.598726204,,3,GPU-46bf67bb-cb31-bee1-3cf0-c35337ba97d2,ok,0,0,453,40.978,40,210,405,439,341
92,7482.430933056,7482.641286237,,4,GPU-127e16de-2b5f-dde9-1932-b4e29bb818c0,ok,0,0,453,33.412,35,210,405,439,292
93,7483.430933056,7483.472255364,,0,GPU-9b96eb67-aeee-89d5-aa85-fc650af4e25c,ok,0,0,714,119.422,42,1725,9501,390,244
93,7483.430933056,7483.513684667,,1,GPU-37ffc98b-8551-c8a1-5f3c-27ade9ae735a,ok,100,4,970,153.752,62,1950,9501,14626318,13893994
93,7483.430933056,7483.556216989,,2,GPU-5443d59d-561f-ed1e-da42-1975937205f9,ok,0,0,453,28.972,37,210,405,439,341
93,7483.430933056,7483.598771362,,3,GPU-46bf67bb-cb31-bee1-3cf0-c35337ba97d2,ok,0,0,453,28.167,40,210,405,439,341
93,7483.430933056,7483.641327835,,4,GPU-127e16de-2b5f-dde9-1932-b4e29bb818c0,ok,0,0,453,24.987,35,210,405,439,292
94,7484.430933056,7484.472251772,,0,GPU-9b96eb67-aeee-89d5-aa85-fc650af4e25c,ok,0,0,714,119.44,42,1725,9501,390,292
94,7484.430933056,7484.513656395,,1,GPU-37ffc98b-8551-c8a1-5f3c-27ade9ae735a,ok,100,4,970,153.559,62,1950,9501,15832226,12509082
94,7484.430933056,7484.556172617,,2,GPU-5443d59d-561f-ed1e-da42-1975937205f9,ok,0,0,453,28.044,36,210,405,439,341
94,7484.430933056,7484.59870994,,3,GPU-46bf67bb-cb31-bee1-3cf0-c35337ba97d2,ok,0,0,453,26.558,39,210,405,390,292
94,7484.430933056,7484.641175803,,4,GPU-127e16de-2b5f-dde9-1932-b4e29bb818c0,ok,0,0,453,23.833,34,210,405,439,292
95,7485.430933056,7485.47223611,,0,GPU-9b96eb67-aeee-89d5-aa85-fc650af4e25c,ok,0,0,714,119.714,42,1725,9501,390,292
95,7485.430933056,7485.513661343,,1,GPU-37ffc98b-8551-c8a1-5f3c-27ade9ae735a,ok,100,4,970,153.35,61,1950,9501,14623779,14000292
95,7485.430933056,7485.556163735,,2,GPU-5443d59d-561f-ed1e-da42-1975937205f9,ok,0,0,453,27.695,36,210,405,439,341
95,7485.430933056,7485.598725018,,3,GPU-46bf67bb-cb31-bee1-3cf0-c35337ba97d2,ok,0,0,453,26.089,39,210,405,439,292
95,7485.430933056,7485.641187361,,4,GPU-127e16de-2b5f-dde9-1932-b4e29bb818c0,ok,0,0,453,23.395,34,210,405,439,292
96,7486.430933056,7486.472236078,,0,GPU-9b96eb67-aeee-89d5-aa85-fc650af4e25c,ok,0,0,714,120.027,42,1725,9501,390,292
96,7486.430933056,7486.513649701,,1,GPU-37ffc98b-8551-c8a1-5f3c-27ade9ae735a,ok,100,4,970,153.159,61,1950,9501,15792089,12511279
96,7486.430933056,7486.556162773,,2,GPU-5443d59d-561f-ed1e-da42-1975937205f9,ok,0,0,453,27.706,36,210,405,439,292
96,7486.430933056,7486.598710596,,3,GPU-46bf67bb-cb31-bee1-3cf0-c35337ba97d2,ok,0,0,453,26.082,39,210,405,439,292
96,7486.430933056,7486.641248169,,4,GPU-127e16de-2b5f-dde9-1932-b4e29bb818c0,ok,0,0,453,23.531,34,210,405,439,341
97,7487.430933056,7487.472229466,,0,GPU-9b96eb67-aeee-89d5-aa85-fc650af4e25c,ok,0,0,714,119.811,43,1725,9501,390,292
97,7487.430933056,7487.513630409,,1,GPU-37ffc98b-8551-c8a1-5f3c-27ade9ae735a,ok,100,4,970,152.97,61,1950,9501,15833105,12511962
97,7487.430933056,7487.556137891,,2,GPU-5443d59d-561f-ed1e-da42-1975937205f9,ok,0,0,453,27.842,36,210,405,439,292
97,7487.430933056,7487.598682304,,3,GPU-46bf67bb-cb31-bee1-3cf0-c35337ba97d2,ok,0,0,453,26.19,39,210,405,390,341
97,7487.430933056,7487.641217617,,4,GPU-127e16de-2b5f-dde9-1932-b4e29bb818c0,ok,0,0,453,23.661,34,210,405,439,341
98,7488.430933056,7488.472182174,,0,GPU-9b96eb67-aeee-89d5-aa85-fc650af4e25c,ok,0,0,714,119.817,43,1725,9501,390,292
98,7488.430933056,7488.513623497,,1,GPU-37ffc98b-8551-c8a1-5f3c-27ade9ae735a,ok,100,4,970,152.706,61,1950,9501,14632031,14000341
98,7488.430933056,7488.556119209,,2,GPU-5443d59d-561f-ed1e-da42-1975937205f9,ok,0,0,453,27.889,36,210,405,439,292
98,7488.430933056,7488.598694782,,3,GPU-46bf67bb-cb31-bee1-3cf0-c35337ba97d2,ok,0,0,453,26.047,39,210,405,439,341
98,7488.430933056,7488.641255695,,4,GPU-127e16de-2b5f-dde9-1932-b4e29bb818c0,ok,0,0,453,23.727,34,210,405,439,341
99,7489.430933056,7489.472216012,,0,GPU-9b96eb67-aeee-89d5-aa85-fc650af4e25c,ok,0,0,714,120.064,43,1725,9501,390,292
99,7489.430933056,7489.513639855,,1,GPU-37ffc98b-8551-c8a1-5f3c-27ade9ae735a,ok,100,4,970,152.552,61,1950,9501,15832666,12512646
99,7489.430933056,7489.556110977,,2,GPU-5443d59d-561f-ed1e-da42-1975937205f9,ok,0,0,453,27.939,36,210,405,439,292
99,7489.430933056,7489.59869463,,3,GPU-46bf67bb-cb31-bee1-3cf0-c35337ba97d2,ok,0,0,453,26.058,39,210,405,439,292
99,7489.430933056,7489.641233123,,4,GPU-127e16de-2b5f-dde9-1932-b4e29bb818c0,ok,0,0,453,23.771,34,210,405,439,341
100,7490.430933056,7490.472235441,,0,GPU-9b96eb67-aeee-89d5-aa85-fc650af4e25c,ok,0,0,714,120.172,43,1725,9501,390,292
100,7490.430933056,7490.513660683,,1,GPU-37ffc98b-8551-c8a1-5f3c-27ade9ae735a,ok,100,4,970,152.254,61,1950,9501,15212255,14000341
100,7490.430933056,7490.556152116,,2,GPU-5443d59d-561f-ed1e-da42-1975937205f9,ok,0,0,453,27.924,36,210,405,439,292
100,7490.430933056,7490.598720268,,3,GPU-46bf67bb-cb31-bee1-3cf0-c35337ba97d2,ok,0,0,453,26.151,39,210,405,439,292
100,7490.430933056,7490.641245671,,4,GPU-127e16de-2b5f-dde9-1932-b4e29bb818c0,ok,0,0,453,23.872,34,210,405,439,341
101,7491.430933056,7491.472220729,,0,GPU-9b96eb67-aeee-89d5-aa85-fc650af4e25c,ok,0,0,714,120.263,43,1725,9501,390,292
101,7491.430933056,7491.513657411,,1,GPU-37ffc98b-8551-c8a1-5f3c-27ade9ae735a,ok,100,4,970,152.138,60,1950,9501,14639208,14000292
101,7491.430933056,7491.556171444,,2,GPU-5443d59d-561f-ed1e-da42-1975937205f9,ok,0,0,453,27.81,36,210,405,439,341
101,7491.430933056,7491.598721036,,3,GPU-46bf67bb-cb31-bee1-3cf0-c35337ba97d2,ok,0,0,453,25.945,39,210,405,439,292
101,7491.430933056,7491.641263049,,4,GPU-127e16de-2b5f-dde9-1932-b4e29bb818c0,ok,0,0,453,24.028,34,210,405,439,341
102,7492.430933056,7492.472220817,,0,GPU-9b96eb67-aeee-89d5-aa85-fc650af4e25c,ok,0,0,714,120.095,43,1725,9501,390,292
102,7492.430933056,7492.513634619,,1,GPU-37ffc98b-8551-c8a1-5f3c-27ade9ae735a,ok,100,4,970,152.039,60,1950,9501,15833251,12506494
102,7492.430933056,7492.556128662,,2,GPU-5443d59d-561f-ed1e-da42-1975937205f9,ok,0,0,453,27.803,36,210,405,439,341
102,7492.430933056,7492.598719814,,3,GPU-46bf67bb-cb31-bee1-3cf0-c35337ba97d2,ok,0,0,453,25.937,39,210,405,439,341
102,7492.430933056,7492.641163597,,4,GPU-127e16de-2b5f-dde9-1932-b4e29bb818c0,ok,0,0,453,23.703,34,210,405,439,292
103,7493.430933056,7493.472259325,,0,GPU-9b96eb67-aeee-89d5-aa85-fc650af4e25c,ok,0,0,714,120.112,43,1725,9501,390,292
103,7493.430933056,7493.513689457,,1,GPU-37ffc98b-8551-c8a1-5f3c-27ade9ae735a,ok,100,4,970,151.979,60,1950,9501,14620312,14000341
103,7493.430933056,7493.55613162,,2,GPU-5443d59d-561f-ed1e-da42-1975937205f9,ok,0,0,453,27.791,36,210,405,439,292
103,7493.430933056,7493.598588252,,3,GPU-46bf67bb-cb31-bee1-3cf0-c35337ba97d2,ok,0,0,453,26.118,39,210,405,390,341
103,7493.430933056,7493.641030355,,4,GPU-127e16de-2b5f-dde9-1932-b4e29bb818c0,ok,0,0,453,23.71,34,210,405,439,292
104,7494.430933056,7494.472238313,,0,GPU-9b96eb67-aeee-89d5-aa85-fc650af4e25c,ok,0,0,714,120.243,44,1725,9501,390,244
104,7494.430933056,7494.513682295,,1,GPU-37ffc98b-8551-c8a1-5f3c-27ade9ae735a,ok,100,4,970,151.792,60,1950,9501,14628369,14000292
104,7494.430933056,7494.556186438,,2,GPU-5443d59d-561f-ed1e-da42-1975937205f9,ok,0,0,453,27.673,36,210,405,439,292
104,7494.430933056,7494.59874437,,3,GPU-46bf67bb-cb31-bee1-3cf0-c35337ba97d2,ok,0,0,453,26.085,39,210,405,439,341
104,7494.430933056,7494.641274563,,4,GPU-127e16de-2b5f-dde9-1932-b4e29bb818c0,ok,0,0,453,23.921,34,210,405,439,292
105,7495.430933056,7495.472242881,,0,GPU-9b96eb67-aeee-89d5-aa85-fc650af4e25c,ok,0,0,714,120.323,44,1725,9501,390,292
105,7495.430933056,7495.513655963,,1,GPU-37ffc98b-8551-c8a1-5f3c-27ade9ae735a,ok,100,4,970,151.534,60,1950,9501,15833544,12507177
105,7495.430933056,7495.556170896,,2,GPU-5443d59d-561f-ed1e-da42-1975937205f9,ok,0,0,453,27.737,36,210,405,439,292
105,7495.430933056,7495.598736228,,3,GPU-46bf67bb-cb31-bee1-3cf0-c35337ba97d2,ok,0,0,453,26.16,39,210,405,439,292
105,7495.430933056,7495.641278251,,4,GPU-127e16de-2b5f-dde9-1932-b4e29bb818c0,ok,0,0,453,23.959,34,210,405,439,292
106,7496.430933056,7496.472235669,,0,GPU-9b96eb67-aeee-89d5-aa85-fc650af4e25c,ok,0,0,714,120.205,44,1725,9501,390,292
106,7496.430933056,7496.513678361,,1,GPU-37ffc98b-8551-c8a1-5f3c-27ade9ae735a,ok,100,4,970,151.325,60,1950,9501,14638037,14000341
106,7496.430933056,7496.556172294,,2,GPU-5443d59d-561f-ed1e-da42-1975937205f9,ok,0,0,453,27.827,36,210,405,439,341
106,7496.430933056,7496.598740016,,3,GPU-46bf67bb-cb31-bee1-3cf0-c35337ba97d2,ok,0,0,453,26.243,39,210,405,439,292
106,7496.430933056,7496.641286709,,4,GPU-127e16de-2b5f-dde9-1932-b4e29bb818c0,ok,0,0,453,23.98,34,210,405,439,292
107,7497.430933056,7497.472746547,,0,GPU-9b96eb67-aeee-89d5-aa85-fc650af4e25c,ok,0,0,714,120.242,44,1725,9501,537,292
107,7497.430933056,7497.514158179,,1,GPU-37ffc98b-8551-c8a1-5f3c-27ade9ae735a,ok,100,4,970,151.178,60,1950,9501,14758740,12739599
107,7497.430933056,7497.556651232,,2,GPU-5443d59d-561f-ed1e-da42-1975937205f9,ok,0,0,453,27.758,36,210,405,390,341
107,7497.430933056,7497.599215345,,3,GPU-46bf67bb-cb31-bee1-3cf0-c35337ba97d2,ok,0,0,453,26.056,39,210,405,439,292
107,7497.430933056,7497.641761827,,4,GPU-127e16de-2b5f-dde9-1932-b4e29bb818c0,ok,0,0,453,23.803,34,210,405,439,292
108,7498.430933056,7498.473577945,,0,GPU-9b96eb67-aeee-89d5-aa85-fc650af4e25c,ok,0,0,714,85.496,40,255,810,439,292
108,7498.430933056,7498.514988117,,1,GPU-37ffc98b-8551-c8a1-5f3c-27ade9ae735a,ok,100,4,970,150.856,59,1950,9501,15833740,12512597
108,7498.430933056,7498.55753155,,2,GPU-5443d59d-561f-ed1e-da42-1975937205f9,ok,0,0,453,27.751,36,210,405,439,341
108,7498.430933056,7498.600106123,,3,GPU-46bf67bb-cb31-bee1-3cf0-c35337ba97d2,ok,0,0,453,26.057,39,210,405,439,292
108,7498.430933056,7498.642565145,,4,GPU-127e16de-2b5f-dde9-1932-b4e29bb818c0,ok,0,0,453,23.721,34,210,405,439,292
109,7499.430933056,7499.473558733,,0,GPU-9b96eb67-aeee-89d5-aa85-fc650af4e25c,ok,0,0,714,39.758,40,210,405,390,292
109,7499.430933056,7499.515008075,,1,GPU-37ffc98b-8551-c8a1-5f3c-27ade9ae735a,ok,100,4,970,150.769,59,1950,9501,14646337,14000341
109,7499.430933056,7499.557534398,,2,GPU-5443d59d-561f-ed1e-da42-1975937205f9,ok,0,0,453,27.783,36,210,405,390,341
109,7499.430933056,7499.600083671,,3,GPU-46bf67bb-cb31-bee1-3cf0-c35337ba97d2,ok,0,0,453,26.206,39,210,405,439,292
109,7499.430933056,7499.642532653,,4,GPU-127e16de-2b5f-dde9-1932-b4e29bb818c0,ok,0,0,453,23.826,34,210,405,439,341
110,7500.430933056,7500.473535571,,0,GPU-9b96eb67-aeee-89d5-aa85-fc650af4e25c,ok,0,0,714,28.034,40,210,405,439,341
110,7500.430933056,7500.514945963,,1,GPU-37ffc98b-8551-c8a1-5f3c-27ade9ae735a,ok,100,4,970,150.568,59,1950,9501,15833593,12522753
110,7500.430933056,7500.557458746,,2,GPU-5443d59d-561f-ed1e-da42-1975937205f9,ok,0,0,453,27.621,36,210,405,439,341
110,7500.430933056,7500.600011159,,3,GPU-46bf67bb-cb31-bee1-3cf0-c35337ba97d2,ok,0,0,453,26.03,39,210,405,439,341
110,7500.430933056,7500.642586342,,4,GPU-127e16de-2b5f-dde9-1932-b4e29bb818c0,ok,0,0,453,23.734,34,210,405,390,341
111,7501.430933056,7501.473576289,,0,GPU-9b96eb67-aeee-89d5-aa85-fc650af4e25c,ok,0,0,714,26.92,40,210,405,439,341
111,7501.430933056,7501.514990752,,1,GPU-37ffc98b-8551-c8a1-5f3c-27ade9ae735a,ok,100,4,970,150.517,59,1950,9501,15834619,12508642
111,7501.430933056,7501.557497874,,2,GPU-5443d59d-561f-ed1e-da42-1975937205f9,ok,0,0,453,27.564,36,210,405,439,341
111,7501.430933056,7501.600045497,,3,GPU-46bf67bb-cb31-bee1-3cf0-c35337ba97d2,ok,0,0,453,26.023,39,210,405,439,341
111,7501.430933056,7501.64261358,,4,GPU-127e16de-2b5f-dde9-1932-b4e29bb818c0,ok,0,0,453,23.713,34,210,405,439,341
112,7502.430933056,7502.473475017,,0,GPU-9b96eb67-aeee-89d5-aa85-fc650af4e25c,ok,0,0,714,27.036,39,210,405,439,341
112,7502.430933056,7502.51489929,,1,GPU-37ffc98b-8551-c8a1-5f3c-27ade9ae735a,ok,100,4,970,150.381,59,1950,9501,14626757,14000292
112,7502.430933056,7502.557412052,,2,GPU-5443d59d-561f-ed1e-da42-1975937205f9,ok,0,0,453,27.692,36,210,405,390,292
112,7502.430933056,7502.599967705,,3,GPU-46bf67bb-cb31-bee1-3cf0-c35337ba97d2,ok,0,0,453,26.236,39,210,405,439,341
112,7502.430933056,7502.642515498,,4,GPU-127e16de-2b5f-dde9-1932-b4e29bb818c0,ok,0,0,453,23.762,34,210,405,390,292
113,7503.430933056,7503.473568745,,0,GPU-9b96eb67-aeee-89d5-aa85-fc650af4e25c,ok,0,0,714,27.267,39,210,405,439,341
113,7503.430933056,7503.514990268,,1,GPU-37ffc98b-8551-c8a1-5f3c-27ade9ae735a,ok,100,4,970,150.377,59,1950,9501,15834960,12524462
113,7503.430933056,7503.55750615,,2,GPU-5443d59d-561f-ed1e-da42-1975937205f9,ok,0,0,453,27.67,36,210,405,439,292
113,7503.430933056,7503.600070553,,3,GPU-46bf67bb-cb31-bee1-3cf0-c35337ba97d2,ok,0,0,453,26.053,39,210,405,390,292
113,7503.430933056,7503.642563376,,4,GPU-127e16de-2b5f-dde9-1932-b4e29bb818c0,ok,0,0,453,23.503,34,210,405,439,341
114,7504.430933056,7504.473542663,,0,GPU-9b96eb67-aeee-89d5-aa85-fc650af4e25c,ok,0,0,714,27.099,39,210,405,439,292
114,7504.430933056,7504.514953936,,1,GPU-37ffc98b-8551-c8a1-5f3c-27ade9ae735a,ok,100,4,970,150.222,59,1950,9501,14635742,14000292
114,7504.430933056,7504.557498968,,2,GPU-5443d59d-561f-ed1e-da42-1975937205f9,ok,0,0,453,27.706,36,210,405,439,292
114,7504.430933056,7504.600050611,,3,GPU-46bf67bb-cb31-bee1-3cf0-c35337ba97d2,ok,0,0,453,26.017,39,210,405,439,292
114,7504.430933056,7504.642525164,,4,GPU-127e16de-2b5f-dde9-1932-b4e29bb818c0,ok,0,0,453,23.433,34,210,405,390,292
115,7505.430933056,7505.473569521,,0,GPU-9b96eb67-aeee-89d5-aa85-fc650af4e25c,ok,0,0,714,27.147,39,210,405,390,292
115,7505.430933056,7505.514997144,,1,GPU-37ffc98b-8551-c8a1-5f3c-27ade9ae735a,ok,100,4,970,150.24,59,1950,9501,14618847,14000292
115,7505.430933056,7505.557513056,,2,GPU-5443d59d-561f-ed1e-da42-1975937205f9,ok,0,0,453,27.735,36,210,405,390,292
115,7505.430933056,7505.600076729,,3,GPU-46bf67bb-cb31-bee1-3cf0-c35337ba97d2,ok,0,0,453,26.215,39,210,405,439,292
115,7505.430933056,7505.642641292,,4,GPU-127e16de-2b5f-dde9-1932-b4e29bb818c0,ok,0,0,453,23.57,34,210,405,439,292
116,7506.430933056,7506.473456079,,0,GPU-9b96eb67-aeee-89d5-aa85-fc650af4e25c,ok,0,0,714,27.366,39,210,405,390,292
116,7506.430933056,7506.514831212,,1,GPU-37ffc98b-8551-c8a1-5f3c-27ade9ae735a,ok,100,4,970,150.139,59,1950,9501,15831787,12507128
116,7506.430933056,7506.557241054,,2,GPU-5443d59d-561f-ed1e-da42-1975937205f9,ok,0,0,453,27.604,36,210,405,439,292
116,7506.430933056,7506.599724027,,3,GPU-46bf67bb-cb31-bee1-3cf0-c35337ba97d2,ok,0,0,453,26.024,39,210,405,439,292
116,7506.430933056,7506.64218177,,4,GPU-127e16de-2b5f-dde9-1932-b4e29bb818c0,ok,0,0,453,23.553,34,210,405,439,292
117,7507.430933056,7507.473574547,,0,GPU-9b96eb67-aeee-89d5-aa85-fc650af4e25c,ok,0,0,714,27.263,39,210,405,439,292
117,7507.430933056,7507.51500213,,1,GPU-37ffc98b-8551-c8a1-5f3c-27ade9ae735a,ok,100,4,970,149.862,59,1950,9501,14632226,14000292
117,7507.430933056,7507.557513962,,2,GPU-5443d59d-561f-ed1e-da42-1975937205f9,ok,0,0,453,27.708,36,210,405,439,292
117,7507.430933056,7507.600082255,,3,GPU-46bf67bb-cb31-bee1-3cf0-c35337ba97d2,ok,0,0,453,25.982,39,210,405,439,292
117,7507.430933056,7507.642660418,,4,GPU-127e16de-2b5f-dde9-1932-b4e29bb818c0,ok,0,0,453,23.535,34,210,405,390,292
118,7508.430933056,7508.473535895,,0,GPU-9b96eb67-aeee-89d5-aa85-fc650af4e25c,ok,0,0,714,27.263,39,210,405,439,292
118,7508.430933056,7508.514925618,,1,GPU-37ffc98b-8551-c8a1-5f3c-27ade9ae735a,ok,100,4,970,149.737,59,1950,9501,14632080,13020849
118,7508.430933056,7508.55742609,,2,GPU-5443d59d-561f-ed1e-da42-1975937205f9,ok,0,0,453,27.867,36,210,405,439,292
118,7508.430933056,7508.599989373,,3,GPU-46bf67bb-cb31-bee1-3cf0-c35337ba97d2,ok,0,0,453,26.14,39,210,405,439,292
118,7508.430933056,7508.642448786,,4,GPU-127e16de-2b5f-dde9-1932-b4e29bb818c0,ok,0,0,453,23.473,34,210,405,439,292
119,7509.430933056,7509.473571193,,0,GPU-9b96eb67-aeee-89d5-aa85-fc650af4e25c,ok,0,0,714,27.356,39,210,405,390,292
119,7509.430933056,7509.514971816,,1,GPU-37ffc98b-8551-c8a1-5f3c-27ade9ae735a,ok,100,4,970,149.642,59,1950,9501,15832763,12509179
119,7509.430933056,7509.557483358,,2,GPU-5443d59d-561f-ed1e-da42-1975937205f9,ok,0,0,453,27.757,36,210,405,439,341
119,7509.430933056,7509.600061891,,3,GPU-46bf67bb-cb31-bee1-3cf0-c35337ba97d2,ok,0,0,453,25.959,39,210,405,439,341
119,7509.430933056,7509.642537454,,4,GPU-127e16de-2b5f-dde9-1932-b4e29bb818c0,ok,0,0,453,23.471,34,210,405,439,341
120,7510.430933056,7510.473565901,,0,GPU-9b96eb67-aeee-89d5-aa85-fc650af4e25c,ok,0,0,714,27.119,39,210,405,439,292
120,7510.430933056,7510.514996154,,1,GPU-37ffc98b-8551-c8a1-5f3c-27ade9ae735a,ok,100,4,970,149.368,59,1950,9501,14628027,14000292
120,7510.430933056,7510.557499416,,2,GPU-5443d59d-561f-ed1e-da42-1975937205f9,ok,0,0,453,27.82,36,210,405,390,341
120,7510.430933056,7510.600033309,,3,GPU-46bf67bb-cb31-bee1-3cf0-c35337ba97d2,ok,0,0,453,25.959,39,210,405,488,341
120,7510.430933056,7510.642570602,,4,GPU-127e16de-2b5f-dde9-1932-b4e29bb818c0,ok,0,0,453,23.52,34,210,405,390,341
121,7511.430933056,7511.473575869,,0,GPU-9b96eb67-aeee-89d5-aa85-fc650af4e25c,ok,0,0,714,27.08,39,210,405,390,292
121,7511.430933056,7511.514980552,,1,GPU-37ffc98b-8551-c8a1-5f3c-27ade9ae735a,ok,100,4,970,149.447,58,1950,9501,15832128,12508349
121,7511.430933056,7511.557478884,,2,GPU-5443d59d-561f-ed1e-da42-1975937205f9,ok,0,0,453,27.941,36,210,405,439,292
121,7511.430933056,7511.600035747,,3,GPU-46bf67bb-cb31-bee1-3cf0-c35337ba97d2,ok,0,0,453,26.097,39,210,405,439,292
121,7511.430933056,7511.64259865,,4,GPU-127e16de-2b5f-dde9-1932-b4e29bb818c0,ok,0,0,453,23.546,34,210,405,439,341
122,7512.430933056,7512.473520907,,0,GPU-9b96eb67-aeee-89d5-aa85-fc650af4e25c,ok,0,0,714,27.146,39,210,405,439,341
122,7512.430933056,7512.51492816,,1,GPU-37ffc98b-8551-c8a1-5f3c-27ade9ae735a,ok,100,4,970,149.294,58,1950,9501,15832666,13261669
122,7512.430933056,7512.557427202,,2,GPU-5443d59d-561f-ed1e-da42-1975937205f9,ok,0,0,453,27.751,36,210,405,439,292
122,7512.430933056,7512.599994975,,3,GPU-46bf67bb-cb31-bee1-3cf0-c35337ba97d2,ok,0,0,453,25.925,39,210,405,439,292
122,7512.430933056,7512.642463878,,4,GPU-127e16de-2b5f-dde9-1932-b4e29bb818c0,ok,0,0,453,23.555,34,210,405,390,341
123,7513.430933056,7513.473514945,,0,GPU-9b96eb67-aeee-89d5-aa85-fc650af4e25c,ok,0,0,714,26.937,39,210,405,439,292
123,7513.430933056,7513.514970458,,1,GPU-37ffc98b-8551-c8a1-5f3c-27ade9ae735a,ok,100,4,970,149.208,58,1950,9501,14619140,14000292
123,7513.430933056,7513.55747109,,2,GPU-5443d59d-561f-ed1e-da42-1975937205f9,ok,0,0,453,27.741,36,210,405,439,292
123,7513.430933056,7513.599960943,,3,GPU-46bf67bb-cb31-bee1-3cf0-c35337ba97d2,ok,0,0,453,25.96,39,210,405,439,292
123,7513.430933056,7513.642423796,,4,GPU-127e16de-2b5f-dde9-1932-b4e29bb818c0,ok,0,0,453,23.469,34,210,405,439,292
124,7514.430933056,7514.473541713,,0,GPU-9b96eb67-aeee-89d5-aa85-fc650af4e25c,ok,0,0,714,26.94,39,210,405,439,292
124,7514.430933056,7514.514987076,,1,GPU-37ffc98b-8551-c8a1-5f3c-27ade9ae735a,ok,100,4,970,149.948,58,1950,9501,15831054,12512597
124,7514.430933056,7514.557505098,,2,GPU-5443d59d-561f-ed1e-da42-1975937205f9,ok,0,0,453,27.703,36,210,405,390,292
124,7514.430933056,7514.600070191,,3,GPU-46bf67bb-cb31-bee1-3cf0-c35337ba97d2,ok,0,0,453,26.122,39,210,405,439,292
124,7514.430933056,7514.642625914,,4,GPU-127e16de-2b5f-dde9-1932-b4e29bb818c0,ok,0,0,453,23.466,34,210,405,439,292
125,7515.430933056,7515.473540271,,0,GPU-9b96eb67-aeee-89d5-aa85-fc650af4e25c,ok,0,0,714,27.081,39,210,405,390,292
125,7515.430933056,7515.514978644,,1,GPU-37ffc98b-8551-c8a1-5f3c-27ade9ae735a,ok,100,4,970,150.053,58,1950,9501,14588720,14000292
125,7515.430933056,7515.557497027,,2,GPU-5443d59d-561f-ed1e-da42-1975937205f9,ok,0,0,453,27.724,36,210,405,439,292
125,7515.430933056,7515.600051819,,3,GPU-46bf67bb-cb31-bee1-3cf0-c35337ba97d2,ok,0,0,453,25.932,39,210,405,439,341
125,7515.430933056,7515.642521172,,4,GPU-127e16de-2b5f-dde9-1932-b4e29bb818c0,ok,0,0,453,23.62,34,210,405,439,292
126,7516.430933056,7516.47353107,,0,GPU-9b96eb67-aeee-89d5-aa85-fc650af4e25c,ok,0,0,714,26.854,39,210,405,439,292
126,7516.430933056,7516.514995042,,1,GPU-37ffc98b-8551-c8a1-5f3c-27ade9ae735a,ok,100,4,970,150.119,58,1950,9501,14616357,14000341
126,7516.430933056,7516.557429275,,2,GPU-5443d59d-561f-ed1e-da42-1975937205f9,ok,0,0,453,27.792,36,210,405,439,341
126,7516.430933056,7516.599969787,,3,GPU-46bf67bb-cb31-bee1-3cf0-c35337ba97d2,ok,0,0,453,25.94,39,210,405,390,341
126,7516.430933056,7516.64243508,,4,GPU-127e16de-2b5f-dde9-1932-b4e29bb818c0,ok,0,0,453,23.708,34,210,405,439,292
127,7517.430933056,7517.473590478,,0,GPU-9b96eb67-aeee-89d5-aa85-fc650af4e25c,ok,0,0,714,26.709,39,210,405,439,292
127,7517.430933056,7517.51502454,,1,GPU-37ffc98b-8551-c8a1-5f3c-27ade9ae735a,ok,100,4,970,150.004,58,1950,9501,15830712,12509179
127,7517.430933056,7517.557522513,,2,GPU-5443d59d-561f-ed1e-da42-1975937205f9,ok,0,0,453,27.71,36,210,405,390,341
127,7517.430933056,7517.600067165,,3,GPU-46bf67bb-cb31-bee1-3cf0-c35337ba97d2,ok,0,0,453,26.103,39,210,405,439,341
127,7517.430933056,7517.642617908,,4,GPU-127e16de-2b5f-dde9-1932-b4e29bb818c0,ok,0,0,453,23.545,34,210,405,390,292
128,7518.430933056,7518.473549456,,0,GPU-9b96eb67-aeee-89d5-aa85-fc650af4e25c,ok,0,0,714,26.83,39,210,405,439,292
128,7518.430933056,7518.515004668,,1,GPU-37ffc98b-8551-c8a1-5f3c-27ade9ae735a,ok,100,4,970,149.887,58,1950,9501,14616259,14000292
128,7518.430933056,7518.557522151,,2,GPU-5443d59d-561f-ed1e-da42-1975937205f9,ok,0,0,453,27.874,36,210,405,439,292
128,7518.430933056,7518.600036643,,3,GPU-46bf67bb-cb31-bee1-3cf0-c35337ba97d2,ok,0,0,453,26.084,39,210,405,390,341
128,7518.430933056,7518.642579916,,4,GPU-127e16de-2b5f-dde9-1932-b4e29bb818c0,ok,0,0,453,23.491,34,210,405,439,292
129,7519.430933056,7519.473455084,,0,GPU-9b96eb67-aeee-89d5-aa85-fc650af4e25c,ok,0,0,714,26.662,39,210,405,439,341
129,7519.430933056,7519.514858446,,1,GPU-37ffc98b-8551-c8a1-5f3c-27ade9ae735a,ok,100,4,970,149.757,58,1950,9501,15771875,12513720
129,7519.430933056,7519.557330589,,2,GPU-5443d59d-561f-ed1e-da42-1975937205f9,ok,0,0,453,28.067,36,210,405,439,292
129,7519.430933056,7519.599939141,,3,GPU-46bf67bb-cb31-bee1-3cf0-c35337ba97d2,ok,0,0,453,26.108,39,210,405,439,292
129,7519.430933056,7519.642495884,,4,GPU-127e16de-2b5f-dde9-1932-b4e29bb818c0,ok,0,0,453,23.605,34,210,405,439,292
130,7520.430933056,7520.473513582,,0,GPU-9b96eb67-aeee-89d5-aa85-fc650af4e25c,ok,0,0,714,26.697,39,210,405,390,341
130,7520.430933056,7520.514959924,,1,GPU-37ffc98b-8551-c8a1-5f3c-27ade9ae735a,ok,100,4,970,149.775,58,1950,9501,15831445,12499169
130,7520.430933056,7520.557498397,,2,GPU-5443d59d-561f-ed1e-da42-1975937205f9,ok,0,0,453,27.752,36,210,405,439,292
130,7520.430933056,7520.600093309,,3,GPU-46bf67bb-cb31-bee1-3cf0-c35337ba97d2,ok,0,0,453,25.947,39,210,405,439,292
130,7520.430933056,7520.642643172,,4,GPU-127e16de-2b5f-dde9-1932-b4e29bb818c0,ok,0,0,453,23.544,34,210,405,439,292
131,7521.430933056,7521.47354654,,0,GPU-9b96eb67-aeee-89d5-aa85-fc650af4e25c,ok,0,0,714,26.778,39,210,405,439,292
131,7521.430933056,7521.515007872,,1,GPU-37ffc98b-8551-c8a1-5f3c-27ade9ae735a,ok,100,4,970,149.645,58,1950,9501,14618896,14000292
131,7521.430933056,7521.557510635,,2,GPU-5443d59d-561f-ed1e-da42-1975937205f9,ok,0,0,453,27.739,36,210,405,439,292
131,7521.430933056,7521.600053967,,3,GPU-46bf67bb-cb31-bee1-3cf0-c35337ba97d2,ok,0,0,453,25.91,39,210,405,439,341
131,7521.430933056,7521.64258442,,4,GPU-127e16de-2b5f-dde9-1932-b4e29bb818c0,ok,0,0,453,23.593,34,210,405,439,292
132,7522.430933056,7522.473548568,,0,GPU-9b96eb67-aeee-89d5-aa85-fc650af4e25c,ok,0,0,714,26.757,39,210,405,439,292
132,7522.430933056,7522.51497489,,1,GPU-37ffc98b-8551-c8a1-5f3c-27ade9ae735a,ok,100,4,970,149.531,58,1950,9501,15830419,12510351
132,7522.430933056,7522.557480483,,2,GPU-5443d59d-561f-ed1e-da42-1975937205f9,ok,0,0,453,27.855,36,210,405,439,341
132,7522.430933056,7522.600023635,,3,GPU-46bf67bb-cb31-bee1-3cf0-c35337ba97d2,ok,0,0,453,26.053,39,210,405,390,341
132,7522.430933056,7522.642563878,,4,GPU-127e16de-2b5f-dde9-1932-b4e29bb818c0,ok,0,0,453,23.76,34,210,405,439,292
133,7523.430933056,7523.473540246,,0,GPU-9b96eb67-aeee-89d5-aa85-fc650af4e25c,ok,0,0,714,26.887,39,210,405,439,292
133,7523.430933056,7523.514993728,,1,GPU-37ffc98b-8551-c8a1-5f3c-27ade9ae735a,ok,100,4,970,149.373,58,1950,9501,14927441,14000292
133,7523.430933056,7523.557491961,,2,GPU-5443d59d-561f-ed1e-da42-1975937205f9,ok,0,0,453,27.648,36,210,405,439,341
133,7523.430933056,7523.599958463,,3,GPU-46bf67bb-cb31-bee1-3cf0-c35337ba97d2,ok,0,0,453,25.888,39,210,405,439,341
133,7523.430933056,7523.642404156,,4,GPU-127e16de-2b5f-dde9-1932-b4e29bb818c0,ok,0,0,453,23.63,34,210,405,439,341
134,7524.430933056,7524.473521614,,0,GPU-9b96eb67-aeee-89d5-aa85-fc650af4e25c,ok,0,0,714,26.806,39,210,405,439,292
134,7524.430933056,7524.514981616,,1,GPU-37ffc98b-8551-c8a1-5f3c-27ade9ae735a,ok,100,4,970,149.374,58,1950,9501,14613623,14000341
134,7524.430933056,7524.557477599,,2,GPU-5443d59d-561f-ed1e-da42-1975937205f9,ok,0,0,453,27.709,36,210,405,390,341
134,7524.430933056,7524.600039101,,3,GPU-46bf67bb-cb31-bee1-3cf0-c35337ba97d2,ok,0,0,453,25.86,39,210,405,439,341
134,7524.430933056,7524.642597154,,4,GPU-127e16de-2b5f-dde9-1932-b4e29bb818c0,ok,0,0,453,23.663,34,210,405,439,341
135,7525.430933056,7525.473545882,,0,GPU-9b96eb67-aeee-89d5-aa85-fc650af4e25c,ok,0,0,714,26.852,39,210,405,439,292
135,7525.430933056,7525.514984734,,1,GPU-37ffc98b-8551-c8a1-5f3c-27ade9ae735a,ok,100,4,970,149.518,58,1950,9501,15831396,12514404
135,7525.430933056,7525.557473297,,2,GPU-5443d59d-561f-ed1e-da42-1975937205f9,ok,0,0,453,27.879,36,210,405,439,292
135,7525.430933056,7525.600028179,,3,GPU-46bf67bb-cb31-bee1-3cf0-c35337ba97d2,ok,0,0,453,26.049,39,210,405,439,292
135,7525.430933056,7525.642571982,,4,GPU-127e16de-2b5f-dde9-1932-b4e29bb818c0,ok,0,0,453,23.8,34,210,405,390,341
136,7526.430933056,7526.47353923,,0,GPU-9b96eb67-aeee-89d5-aa85-fc650af4e25c,ok,0,0,714,27.064,39,210,405,439,292
136,7526.430933056,7526.514997372,,1,GPU-37ffc98b-8551-c8a1-5f3c-27ade9ae735a,ok,100,4,970,149.454,58,1950,9501,14618945,14000292
136,7526.430933056,7526.557507185,,2,GPU-5443d59d-561f-ed1e-da42-1975937205f9,ok,0,0,453,27.805,36,210,405,439,292
136,7526.430933056,7526.600050137,,3,GPU-46bf67bb-cb31-bee1-3cf0-c35337ba97d2,ok,0,0,453,26.017,39,210,405,439,292
136,7526.430933056,7526.6425979,,4,GPU-127e16de-2b5f-dde9-1932-b4e29bb818c0,ok,0,0,453,23.638,34,210,405,439,341
137,7527.430933056,7527.473546008,,0,GPU-9b96eb67-aeee-89d5-aa85-fc650af4e25c,ok,0,0,714,26.996,39,210,405,390,292
137,7527.430933056,7527.5150049,,1,GPU-37ffc98b-8551-c8a1-5f3c-27ade9ae735a,ok,100,4,970,149.495,58,1950,9501,14614599,13375927
137,7527.430933056,7527.557491213,,2,GPU-5443d59d-561f-ed1e-da42-1975937205f9,ok,0,0,453,27.842,36,210,405,439,292
137,7527.430933056,7527.600054535,,3,GPU-46bf67bb-cb31-bee1-3cf0-c35337ba97d2,ok,0,0,453,26.045,39,210,405,439,292
137,7527.430933056,7527.642588878,,4,GPU-127e16de-2b5f-dde9-1932-b4e29bb818c0,ok,0,0,453,23.602,34,210,405,439,292
138,7528.430933056,7528.473507986,,0,GPU-9b96eb67-aeee-89d5-aa85-fc650af4e25c,ok,0,0,714,26.957,39,210,405,439,341
138,7528.430933056,7528.514959878,,1,GPU-37ffc98b-8551-c8a1-5f3c-27ade9ae735a,ok,100,4,970,149.461,58,1950,9501,15830957,12513378
138,7528.430933056,7528.557452601,,2,GPU-5443d59d-561f-ed1e-da42-1975937205f9,ok,0,0,453,28.026,36,210,405,439,292
138,7528.430933056,7528.600007803,,3,GPU-46bf67bb-cb31-bee1-3cf0-c35337ba97d2,ok,0,0,453,26.141,39,210,405,439,292
138,7528.430933056,7528.642452606,,4,GPU-127e16de-2b5f-dde9-1932-b4e29bb818c0,ok,0,0,453,23.683,34,210,405,439,292
139,7529.430933056,7529.473543944,,0,GPU-9b96eb67-aeee-89d5-aa85-fc650af4e25c,ok,0,0,714,27.059,39,210,405,439,341
139,7529.430933056,7529.515022296,,1,GPU-37ffc98b-8551-c8a1-5f3c-27ade9ae735a,ok,100,4,970,149.399,58,1950,9501,14616503,14000341
139,7529.430933056,7529.557526929,,2,GPU-5443d59d-561f-ed1e-da42-1975937205f9,ok,0,0,453,27.945,36,210,405,439,292
139,7529.430933056,7529.600069872,,3,GPU-46bf67bb-cb31-bee1-3cf0-c35337ba97d2,ok,0,0,453,25.891,39,210,405,439,292
139,7529.430933056,7529.642618924,,4,GPU-127e16de-2b5f-dde9-1932-b4e29bb818c0,ok,0,0,453,23.593,34,210,405,439,292
140,7530.430933056,7530.473537042,,0,GPU-9b96eb67-aeee-89d5-aa85-fc650af4e25c,ok,0,0,714,26.897,39,210,405,439,292
140,7530.430933056,7530.515004384,,1,GPU-37ffc98b-8551-c8a1-5f3c-27ade9ae735a,ok,100,4,970,149.267,58,1950,9501,15831835,12508593
140,7530.430933056,7530.557523737,,2,GPU-5443d59d-561f-ed1e-da42-1975937205f9,ok,0,0,453,27.862,36,210,405,439,292
140,7530.430933056,7530.60008978,,3,GPU-46bf67bb-cb31-bee1-3cf0-c35337ba97d2,ok,0,0,453,25.876,39,210,405,439,341
140,7530.430933056,7530.642549802,,4,GPU-127e16de-2b5f-dde9-1932-b4e29bb818c0,ok,0,0,453,23.52,34,210,405,439,292
141,7531.430933056,7531.47353792,,0,GPU-9b96eb67-aeee-89d5-aa85-fc650af4e25c,ok,0,0,714,26.897,39,210,405,439,292
141,7531.430933056,7531.515003322,,1,GPU-37ffc98b-8551-c8a1-5f3c-27ade9ae735a,ok,100,4,970,149.507,58,1950,9501,15831494,12889746
141,7531.430933056,7531.557522695,,2,GPU-5443d59d-561f-ed1e-da42-1975937205f9,ok,0,0,453,27.964,36,210,405,439,292
141,7531.430933056,7531.600074408,,3,GPU-46bf67bb-cb31-bee1-3cf0-c35337ba97d2,ok,0,0,453,26.086,39,210,405,439,341
141,7531.430933056,7531.64261067,,4,GPU-127e16de-2b5f-dde9-1932-b4e29bb818c0,ok,0,0,453,23.671,34,210,405,439,292
142,7532.430933056,7532.473424868,,0,GPU-9b96eb67-aeee-89d5-aa85-fc650af4e25c,ok,0,0,714,27.057,39,210,405,390,292
142,7532.430933056,7532.51482218,,1,GPU-37ffc98b-8551-c8a1-5f3c-27ade9ae735a,ok,100,4,970,149.619,58,1950,9501,14616796,14000292
142,7532.430933056,7532.557330093,,2,GPU-5443d59d-561f-ed1e-da42-1975937205f9,ok,0,0,453,27.856,36,210,405,439,292
142,7532.430933056,7532.599908606,,3,GPU-46bf67bb-cb31-bee1-3cf0-c35337ba97d2,ok,0,0,453,25.92,39,210,405,390,292
142,7532.430933056,7532.642451268,,4,GPU-127e16de-2b5f-dde9-1932-b4e29bb818c0,ok,0,0,453,23.717,34,210,405,439,292
143,7533.430933056,7533.473569286,,0,GPU-9b96eb67-aeee-89d5-aa85-fc650af4e25c,ok,0,0,714,26.933,39,210,405,439,292
143,7533.430933056,7533.515025578,,1,GPU-37ffc98b-8551-c8a1-5f3c-27ade9ae735a,ok,100,4,970,149.554,58,1950,9501,15831396,12511865
143,7533.430933056,7533.557525731,,2,GPU-5443d59d-561f-ed1e-da42-1975937205f9,ok,0,0,453,27.786,36,210,405,439,341
143,7533.430933056,7533.600097324,,3,GPU-46bf67bb-cb31-bee1-3cf0-c35337ba97d2,ok,0,0,453,25.933,39,210,405,439,292
143,7533.430933056,7533.642619816,,4,GPU-127e16de-2b5f-dde9-1932-b4e29bb818c0,ok,0,0,453,23.538,34,210,405,390,292
144,7534.430933056,7534.473540604,,0,GPU-9b96eb67-aeee-89d5-aa85-fc650af4e25c,ok,0,0,714,27.031,39,210,405,439,292
144,7534.430933056,7534.515019106,,1,GPU-37ffc98b-8551-c8a1-5f3c-27ade9ae735a,ok,100,4,970,149.764,58,1950,9501,14618896,14000292
144,7534.430933056,7534.557522939,,2,GPU-5443d59d-561f-ed1e-da42-1975937205f9,ok,0,0,453,27.852,36,210,405,439,341
144,7534.430933056,7534.600071912,,3,GPU-46bf67bb-cb31-bee1-3cf0-c35337ba97d2,ok,0,0,453,26.11,39,210,405,439,292
144,7534.430933056,7534.642638704,,4,GPU-127e16de-2b5f-dde9-1932-b4e29bb818c0,ok,0,0,453,23.381,34,210,405,439,341
145,7535.430933056,7535.473531782,,0,GPU-9b96eb67-aeee-89d5-aa85-fc650af4e25c,ok,0,0,714,27.204,39,210,405,439,341
145,7535.430933056,7535.514988154,,1,GPU-37ffc98b-8551-c8a1-5f3c-27ade9ae735a,ok,100,4,970,149.504,58,1950,9501,14618798,14000341
145,7535.430933056,7535.557528527,,2,GPU-5443d59d-561f-ed1e-da42-1975937205f9,ok,0,0,453,27.775,36,210,405,439,341
145,7535.430933056,7535.60006907,,3,GPU-46bf67bb-cb31-bee1-3cf0-c35337ba97d2,ok,0,0,453,25.972,39,210,405,439,292
145,7535.430933056,7535.642589962,,4,GPU-127e16de-2b5f-dde9-1932-b4e29bb818c0,ok,0,0,453,23.425,34,210,405,439,292
146,7536.430933056,7536.4734481,,0,GPU-9b96eb67-aeee-89d5-aa85-fc650af4e25c,ok,0,0,714,26.954,39,210,405,439,292
146,7536.430933056,7536.514872472,,1,GPU-37ffc98b-8551-c8a1-5f3c-27ade9ae735a,ok,100,4,970,149.487,58,1950,9501,15828173,12513769
146,7536.430933056,7536.557281705,,2,GPU-5443d59d-561f-ed1e-da42-1975937205f9,ok,0,0,453,27.834,36,210,405,439,292
146,7536.430933056,7536.599767828,,3,GPU-46bf67bb-cb31-bee1-3cf0-c35337ba97d2,ok,0,0,453,25.988,39,210,405,439,292
146,7536.430933056,7536.64221304,,4,GPU-127e16de-2b5f-dde9-1932-b4e29bb818c0,ok,0,0,453,23.6,34,210,405,439,341
147,7537.430933056,7537.473549408,,0,GPU-9b96eb67-aeee-89d5-aa85-fc650af4e25c,ok,0,0,714,26.85,39,210,405,439,292
147,7537.430933056,7537.51501121,,1,GPU-37ffc98b-8551-c8a1-5f3c-27ade9ae735a,ok,100,4,970,149.536,58,1950,9501,14616406,14000292
147,7537.430933056,7537.557523003,,2,GPU-5443d59d-561f-ed1e-da42-1975937205f9,ok,0,0,453,28.037,36,210,405,439,292
147,7537.430933056,7537.600073706,,3,GPU-46bf67bb-cb31-bee1-3cf0-c35337ba97d2,ok,0,0,453,26.136,39,210,405,439,292
147,7537.430933056,7537.642595488,,4,GPU-127e16de-2b5f-dde9-1932-b4e29bb818c0,ok,0,0,453,23.473,34,210,405,439,292
148,7538.430933056,7538.473545416,,0,GPU-9b96eb67-aeee-89d5-aa85-fc650af4e25c,ok,0,0,714,26.977,39,210,405,439,292
148,7538.430933056,7538.514980208,,1,GPU-37ffc98b-8551-c8a1-5f3c-27ade9ae735a,ok,100,4,970,149.768,58,1950,9501,15362255,12512207
148,7538.430933056,7538.557478981,,2,GPU-5443d59d-561f-ed1e-da42-1975937205f9,ok,0,0,453,27.979,36,210,405,439,292
148,7538.430933056,7538.600037194,,3,GPU-46bf67bb-cb31-bee1-3cf0-c35337ba97d2,ok,0,0,453,25.97,39,210,405,439,341
148,7538.430933056,7538.642586626,,4,GPU-127e16de-2b5f-dde9-1932-b4e29bb818c0,ok,0,0,453,23.478,34,210,405,439,292
149,7539.430933056,7539.473587064,,0,GPU-9b96eb67-aeee-89d5-aa85-fc650af4e25c,ok,0,0,714,26.787,39,210,405,439,292
149,7539.430933056,7539.514822546,,1,GPU-37ffc98b-8551-c8a1-5f3c-27ade9ae735a,ok,100,4,970,149.839,58,1950,9501,390,292
149,7539.430933056,7539.557719239,,2,GPU-5443d59d-561f-ed1e-da42-1975937205f9,ok,0,0,453,27.8,36,210,405,390,341
149,7539.430933056,7539.605297943,,3,GPU-46bf67bb-cb31-bee1-3cf0-c35337ba97d2,ok,0,0,453,25.921,39,210,405,439,439
149,7539.430933056,7539.652126967,,4,GPU-127e16de-2b5f-dde9-1932-b4e29bb818c0,ok,0,0,453,23.693,34,210,405,439,390
150,7540.430933056,7540.473660322,,0,GPU-9b96eb67-aeee-89d5-aa85-fc650af4e25c,ok,18,9,450,30.261,39,210,405,439,341
150,7540.430933056,7540.515042224,,1,GPU-37ffc98b-8551-c8a1-5f3c-27ade9ae735a,ok,12,1,450,141.492,58,1950,9751,390,292
150,7540.430933056,7540.558929348,,2,GPU-5443d59d-561f-ed1e-da42-1975937205f9,ok,0,0,450,30.067,37,210,405,439,292
150,7540.430933056,7540.6013247,,3,GPU-46bf67bb-cb31-bee1-3cf0-c35337ba97d2,ok,0,0,450,30.565,40,210,405,488,292
150,7540.430933056,7540.643718073,,4,GPU-127e16de-2b5f-dde9-1932-b4e29bb818c0,ok,0,0,450,26.878,34,210,405,488,341
151,7541.430933056,7541.496642837,,0,GPU-9b96eb67-aeee-89d5-aa85-fc650af4e25c,ok,0,0,450,38.602,39,210,405,15234,9472
151,7541.430933056,7541.54175369,,1,GPU-37ffc98b-8551-c8a1-5f3c-27ade9ae735a,ok,0,0,450,138.35,57,1710,9751,48046,21386
151,7541.430933056,7541.623431395,,2,GPU-5443d59d-561f-ed1e-da42-1975937205f9,ok,0,0,450,35.747,36,210,405,52929,13281
151,7541.430933056,7541.70911149,,3,GPU-46bf67bb-cb31-bee1-3cf0-c35337ba97d2,ok,0,0,450,40.88,40,210,405,390,18310
151,7541.430933056,7541.755937424,,4,GPU-127e16de-2b5f-dde9-1932-b4e29bb818c0,ok,0,0,450,33.592,34,210,405,390,488
152,7542.430933056,7542.473559298,,0,GPU-9b96eb67-aeee-89d5-aa85-fc650af4e25c,ok,0,0,453,33.617,39,210,405,390,292
152,7542.430933056,7542.515169621,,1,GPU-37ffc98b-8551-c8a1-5f3c-27ade9ae735a,ok,4,1,1514,112.223,56,1455,9501,4638,12255
152,7542.430933056,7542.557675493,,2,GPU-5443d59d-561f-ed1e-da42-1975937205f9,ok,0,0,453,31.975,36,210,405,390,292
152,7542.430933056,7542.600235716,,3,GPU-46bf67bb-cb31-bee1-3cf0-c35337ba97d2,ok,0,0,453,32.192,40,210,405,439,292
152,7542.430933056,7542.642700609,,4,GPU-127e16de-2b5f-dde9-1932-b4e29bb818c0,ok,0,0,453,27.239,34,210,405,390,292
153,7543.430933056,7543.473585006,,0,GPU-9b96eb67-aeee-89d5-aa85-fc650af4e25c,ok,0,0,453,38.411,39,210,405,390,292
153,7543.430933056,7543.515208409,,1,GPU-37ffc98b-8551-c8a1-5f3c-27ade9ae735a,ok,100,23,1514,323.593,66,1485,9501,4052,16210
153,7543.430933056,7543.557719161,,2,GPU-5443d59d-561f-ed1e-da42-1975937205f9,ok,0,0,453,35.838,36,210,405,439,292
153,7543.430933056,7543.600269664,,3,GPU-46bf67bb-cb31-bee1-3cf0-c35337ba97d2,ok,0,0,453,40.856,40,210,405,439,292
153,7543.430933056,7543.642855147,,4,GPU-127e16de-2b5f-dde9-1932-b4e29bb818c0,ok,0,0,453,33.547,34,210,405,439,341
154,7544.430933056,7544.473556394,,0,GPU-9b96eb67-aeee-89d5-aa85-fc650af4e25c,ok,0,0,453,28.178,39,210,405,439,292
154,7544.430933056,7544.515188447,,1,GPU-37ffc98b-8551-c8a1-5f3c-27ade9ae735a,ok,100,22,1514,347.759,67,1485,9501,6152,8447
154,7544.430933056,7544.557711819,,2,GPU-5443d59d-561f-ed1e-da42-1975937205f9,ok,0,0,453,28.884,37,210,405,439,292
154,7544.430933056,7544.600270932,,3,GPU-46bf67bb-cb31-bee1-3cf0-c35337ba97d2,ok,0,0,453,27.619,40,210,405,439,292
154,7544.430933056,7544.642849605,,4,GPU-127e16de-2b5f-dde9-1932-b4e29bb818c0,ok,0,0,453,24.8,35,210,405,439,341
155,7545.430933056,7545.473546102,,0,GPU-9b96eb67-aeee-89d5-aa85-fc650af4e25c,ok,0,0,453,26.886,39,210,405,439,292
155,7545.430933056,7545.515147395,,1,GPU-37ffc98b-8551-c8a1-5f3c-27ade9ae735a,ok,100,22,1514,348.285,68,1500,9501,3662,13916
155,7545.430933056,7545.557682427,,2,GPU-5443d59d-561f-ed1e-da42-1975937205f9,ok,0,0,453,28.116,36,210,405,439,292
155,7545.430933056,7545.60024283,,3,GPU-46bf67bb-cb31-bee1-3cf0-c35337ba97d2,ok,0,0,453,26.321,39,210,405,439,292
155,7545.430933056,7545.642781953,,4,GPU-127e16de-2b5f-dde9-1932-b4e29bb818c0,ok,0,0,453,23.855,34,210,405,439,341
156,7546.430933056,7546.47355661,,0,GPU-9b96eb67-aeee-89d5-aa85-fc650af4e25c,ok,0,0,453,26.483,39,210,405,439,292
156,7546.430933056,7546.515179493,,1,GPU-37ffc98b-8551-c8a1-5f3c-27ade9ae735a,ok,100,25,1514,348.187,69,1500,9501,4785,13378
156,7546.430933056,7546.557693675,,2,GPU-5443d59d-561f-ed1e-da42-1975937205f9,ok,0,0,453,27.936,36,210,405,390,292
156,7546.430933056,7546.600265048,,3,GPU-46bf67bb-cb31-bee1-3cf0-c35337ba97d2,ok,0,0,453,26.165,39,210,405,439,292
156,7546.430933056,7546.642813121,,4,GPU-127e16de-2b5f-dde9-1932-b4e29bb818c0,ok,0,0,453,23.572,34,210,405,439,341
157,7547.430933056,7547.473562798,,0,GPU-9b96eb67-aeee-89d5-aa85-fc650af4e25c,ok,0,0,453,26.565,39,210,405,390,341
157,7547.430933056,7547.515194451,,1,GPU-37ffc98b-8551-c8a1-5f3c-27ade9ae735a,ok,100,22,1514,348.958,69,1500,9501,6201,9082
157,7547.430933056,7547.557699053,,2,GPU-5443d59d-561f-ed1e-da42-1975937205f9,ok,0,0,453,27.944,36,210,405,439,341
157,7547.430933056,7547.600271396,,3,GPU-46bf67bb-cb31-bee1-3cf0-c35337ba97d2,ok,0,0,453,26.168,39,210,405,390,292
157,7547.430933056,7547.642814339,,4,GPU-127e16de-2b5f-dde9-1932-b4e29bb818c0,ok,0,0,453,23.412,34,210,405,439,292
158,7548.430933056,7548.473561526,,0,GPU-9b96eb67-aeee-89d5-aa85-fc650af4e25c,ok,0,0,453,26.862,39,210,405,439,341
158,7548.430933056,7548.515239739,,1,GPU-37ffc98b-8551-c8a1-5f3c-27ade9ae735a,ok,100,26,1514,348.823,70,1485,9501,5175,10205
158,7548.430933056,7548.557750021,,2,GPU-5443d59d-561f-ed1e-da42-1975937205f9,ok,0,0,453,27.986,36,210,405,439,341
158,7548.430933056,7548.600317864,,3,GPU-46bf67bb-cb31-bee1-3cf0-c35337ba97d2,ok,0,0,453,26.313,39,210,405,439,341
158,7548.430933056,7548.642877107,,4,GPU-127e16de-2b5f-dde9-1932-b4e29bb818c0,ok,0,0,453,23.598,34,210,405,439,292
159,7549.430933056,7549.473453434,,0,GPU-9b96eb67-aeee-89d5-aa85-fc650af4e25c,ok,0,0,453,26.819,39,210,405,390,292
159,7549.430933056,7549.515072437,,1,GPU-37ffc98b-8551-c8a1-5f3c-27ade9ae735a,ok,100,23,1514,348.683,70,1470,9501,3515,14990
159,7549.430933056,7549.557486379,,2,GPU-5443d59d-561f-ed1e-da42-1975937205f9,ok,0,0,453,27.788,36,210,405,439,292
159,7549.430933056,7549.600055682,,3,GPU-46bf67bb-cb31-bee1-3cf0-c35337ba97d2,ok,0,0,453,26.166,39,210,405,390,341
159,7549.430933056,7549.642506445,,4,GPU-127e16de-2b5f-dde9-1932-b4e29bb818c0,ok,0,0,453,23.602,34,210,405,439,292
160,7550.430933056,7550.473571162,,0,GPU-9b96eb67-aeee-89d5-aa85-fc650af4e25c,ok,0,0,453,26.805,39,210,405,439,292
160,7550.430933056,7550.515201885,,1,GPU-37ffc98b-8551-c8a1-5f3c-27ade9ae735a,ok,100,25,1514,349.122,70,1500,9501,4052,14257
160,7550.430933056,7550.557713357,,2,GPU-5443d59d-561f-ed1e-da42-1975937205f9,ok,0,0,453,27.785,36,210,405,439,292
160,7550.430933056,7550.6002912,,3,GPU-46bf67bb-cb31-bee1-3cf0-c35337ba97d2,ok,0,0,453,26.207,39,210,405,439,292
160,7550.430933056,7550.642836013,,4,GPU-127e16de-2b5f-dde9-1932-b4e29bb818c0,ok,0,0,453,23.446,34,210,405,439,292
161,7551.430933056,7551.47357182,,0,GPU-9b96eb67-aeee-89d5-aa85-fc650af4e25c,ok,0,0,453,27.005,39,210,405,439,341
161,7551.430933056,7551.515183233,,1,GPU-37ffc98b-8551-c8a1-5f3c-27ade9ae735a,ok,100,30,1514,348.657,71,1500,9501,5664,10595
161,7551.430933056,7551.557710055,,2,GPU-5443d59d-561f-ed1e-da42-1975937205f9,ok,0,0,453,27.895,36,210,405,439,292
161,7551.430933056,7551.600279238,,3,GPU-46bf67bb-cb31-bee1-3cf0-c35337ba97d2,ok,0,0,453,26.423,39,210,405,439,292
161,7551.430933056,7551.642837121,,4,GPU-127e16de-2b5f-dde9-1932-b4e29bb818c0,ok,0,0,453,23.857,34,210,405,439,292
162,7552.430933056,7552.473581368,,0,GPU-9b96eb67-aeee-89d5-aa85-fc650af4e25c,ok,0,0,453,26.863,39,210,405,439,341
162,7552.430933056,7552.515221591,,1,GPU-37ffc98b-8551-c8a1-5f3c-27ade9ae735a,ok,100,23,1514,348.566,71,1500,9501,6250,8203
162,7552.430933056,7552.557741533,,2,GPU-5443d59d-561f-ed1e-da42-1975937205f9,ok,0,0,453,27.702,36,210,405,390,341
162,7552.430933056,7552.600293966,,3,GPU-46bf67bb-cb31-bee1-3cf0-c35337ba97d2,ok,0,0,453,26.324,39,210,405,439,292
162,7552.430933056,7552.642857159,,4,GPU-127e16de-2b5f-dde9-1932-b4e29bb818c0,ok,0,0,453,24.073,34,210,405,439,292
163,7553.430933056,7553.473568456,,0,GPU-9b96eb67-aeee-89d5-aa85-fc650af4e25c,ok,0,0,453,26.694,38,210,405,390,292
163,7553.430933056,7553.515247769,,1,GPU-37ffc98b-8551-c8a1-5f3c-27ade9ae735a,ok,100,24,1514,348.891,71,1485,9501,5029,10351
163,7553.430933056,7553.557766561,,2,GPU-5443d59d-561f-ed1e-da42-1975937205f9,ok,0,0,453,27.638,36,210,405,439,341
163,7553.430933056,7553.600243764,,3,GPU-46bf67bb-cb31-bee1-3cf0-c35337ba97d2,ok,0,0,453,26.27,39,210,405,390,341
163,7553.430933056,7553.642710627,,4,GPU-127e16de-2b5f-dde9-1932-b4e29bb818c0,ok,0,0,453,23.675,34,210,405,439,341
164,7554.430933056,7554.473555104,,0,GPU-9b96eb67-aeee-89d5-aa85-fc650af4e25c,ok,0,0,453,26.765,38,210,405,439,292
164,7554.430933056,7554.515228597,,1,GPU-37ffc98b-8551-c8a1-5f3c-27ade9ae735a,ok,100,31,1514,348.792,72,1485,9501,3808,14355
164,7554.430933056,7554.557735969,,2,GPU-5443d59d-561f-ed1e-da42-1975937205f9,ok,0,0,453,27.783,36,210,405,439,292
164,7554.430933056,7554.600292942,,3,GPU-46bf67bb-cb31-bee1-3cf0-c35337ba97d2,ok,0,0,453,26.304,39,210,405,439,292
164,7554.430933056,7554.642878755,,4,GPU-127e16de-2b5f-dde9-1932-b4e29bb818c0,ok,0,0,453,23.682,34,210,405,390,341
165,7555.430933056,7555.473522842,,0,GPU-9b96eb67-aeee-89d5-aa85-fc650af4e25c,ok,0,0,453,26.569,38,210,405,439,292
165,7555.430933056,7555.515162475,,1,GPU-37ffc98b-8551-c8a1-5f3c-27ade9ae735a,ok,100,26,1514,348.883,72,1455,9501,3759,16064
165,7555.430933056,7555.557692857,,2,GPU-5443d59d-561f-ed1e-da42-1975937205f9,ok,0,0,453,27.811,36,210,405,439,292
165,7555.430933056,7555.60024125,,3,GPU-46bf67bb-cb31-bee1-3cf0-c35337ba97d2,ok,0,0,453,26.057,39,210,405,439,292
165,7555.430933056,7555.642808243,,4,GPU-127e16de-2b5f-dde9-1932-b4e29bb818c0,ok,0,0,453,23.709,34,210,405,439,292
166,7556.430933056,7556.47352555,,0,GPU-9b96eb67-aeee-89d5-aa85-fc650af4e25c,ok,0,0,453,26.583,38,210,405,439,292
166,7556.430933056,7556.515207363,,1,GPU-37ffc98b-8551-c8a1-5f3c-27ade9ae735a,ok,100,26,1514,348.59,72,1455,9501,3857,16650
166,7556.430933056,7556.557725446,,2,GPU-5443d59d-561f-ed1e-da42-1975937205f9,ok,0,0,453,27.839,36,210,405,390,292
166,7556.430933056,7556.600259328,,3,GPU-46bf67bb-cb31-bee1-3cf0-c35337ba97d2,ok,0,0,453,26.039,39,210,405,439,292
166,7556.430933056,7556.642806371,,4,GPU-127e16de-2b5f-dde9-1932-b4e29bb818c0,ok,0,0,453,23.521,34,210,405,390,341
167,7557.430933056,7557.473534138,,0,GPU-9b96eb67-aeee-89d5-aa85-fc650af4e25c,ok,0,0,453,26.853,38,210,405,439,341
167,7557.430933056,7557.515272271,,1,GPU-37ffc98b-8551-c8a1-5f3c-27ade9ae735a,ok,100,24,1514,348.896,72,1485,9501,6396,15722
167,7557.430933056,7557.557785814,,2,GPU-5443d59d-561f-ed1e-da42-1975937205f9,ok,0,0,453,27.829,36,210,405,390,292
167,7557.430933056,7557.600339726,,3,GPU-46bf67bb-cb31-bee1-3cf0-c35337ba97d2,ok,0,0,453,26.178,39,210,405,439,292
167,7557.430933056,7557.642897009,,4,GPU-127e16de-2b5f-dde9-1932-b4e29bb818c0,ok,0,0,453,23.559,34,210,405,439,341
168,7558.430933056,7558.473546526,,0,GPU-9b96eb67-aeee-89d5-aa85-fc650af4e25c,ok,0,0,453,26.77,38,210,405,390,341
168,7558.430933056,7558.515187799,,1,GPU-37ffc98b-8551-c8a1-5f3c-27ade9ae735a,ok,100,23,1514,348.957,73,1485,9501,6250,9814
168,7558.430933056,7558.557697382,,2,GPU-5443d59d-561f-ed1e-da42-1975937205f9,ok,0,0,453,27.705,36,210,405,439,292
168,7558.430933056,7558.600262334,,3,GPU-46bf67bb-cb31-bee1-3cf0-c35337ba97d2,ok,0,0,453,26.007,39,210,405,439,292
168,7558.430933056,7558.642821597,,4,GPU-127e16de-2b5f-dde9-1932-b4e29bb818c0,ok,0,0,453,23.535,34,210,405,439,341
169,7559.430933056,7559.473561075,,0,GPU-9b96eb67-aeee-89d5-aa85-fc650af4e25c,ok,0,0,453,26.831,38,210,405,439,292
169,7559.430933056,7559.515173987,,1,GPU-37ffc98b-8551-c8a1-5f3c-27ade9ae735a,ok,100,23,1514,349.07,73,1485,9501,5859,8496
169,7559.430933056,7559.55767745,,2,GPU-5443d59d-561f-ed1e-da42-1975937205f9,ok,0,0,453,27.696,36,210,405,439,341
169,7559.430933056,7559.600213232,,3,GPU-46bf67bb-cb31-bee1-3cf0-c35337ba97d2,ok,0,0,453,26.068,39,210,405,439,292
169,7559.430933056,7559.642796995,,4,GPU-127e16de-2b5f-dde9-1932-b4e29bb818c0,ok,0,0,453,23.573,34,210,405,439,341
170,7560.430933056,7560.473555323,,0,GPU-9b96eb67-aeee-89d5-aa85-fc650af4e25c,ok,0,0,453,26.972,38,210,405,439,292
170,7560.430933056,7560.515174015,,1,GPU-37ffc98b-8551-c8a1-5f3c-27ade9ae735a,ok,100,26,1514,348.999,73,1470,9501,5859,8203
170,7560.430933056,7560.557710638,,2,GPU-5443d59d-561f-ed1e-da42-1975937205f9,ok,0,0,453,27.753,36,210,405,439,341
170,7560.430933056,7560.60027405,,3,GPU-46bf67bb-cb31-bee1-3cf0-c35337ba97d2,ok,0,0,453,26.238,39,210,405,439,292
170,7560.430933056,7560.642838203,,4,GPU-127e16de-2b5f-dde9-1932-b4e29bb818c0,ok,0,0,453,23.913,34,210,405,439,341
171,7561.430933056,7561.473540821,,0,GPU-9b96eb67-aeee-89d5-aa85-fc650af4e25c,ok,0,0,453,26.779,38,210,405,439,292
171,7561.430933056,7561.515191683,,1,GPU-37ffc98b-8551-c8a1-5f3c-27ade9ae735a,ok,100,22,1514,348.693,73,1485,9501,5273,9765
171,7561.430933056,7561.557708166,,2,GPU-5443d59d-561f-ed1e-da42-1975937205f9,ok,0,0,453,27.617,36,210,405,390,292
171,7561.430933056,7561.600261988,,3,GPU-46bf67bb-cb31-bee1-3cf0-c35337ba97d2,ok,0,0,453,26.088,39,210,405,439,292
171,7561.430933056,7561.642806771,,4,GPU-127e16de-2b5f-dde9-1932-b4e29bb818c0,ok,0,0,453,23.939,34,210,405,439,341
172,7562.430933056,7562.473449299,,0,GPU-9b96eb67-aeee-89d5-aa85-fc650af4e25c,ok,0,0,453,26.753,38,210,405,439,292
172,7562.430933056,7562.515079631,,1,GPU-37ffc98b-8551-c8a1-5f3c-27ade9ae735a,ok,100,23,1514,348.972,73,1485,9501,4492,12060
172,7562.430933056,7562.557537754,,2,GPU-5443d59d-561f-ed1e-da42-1975937205f9,ok,0,0,453,27.626,36,210,405,390,292
172,7562.430933056,7562.600133096,,3,GPU-46bf67bb-cb31-bee1-3cf0-c35337ba97d2,ok,0,0,453,26.113,39,210,405,439,292
172,7562.430933056,7562.642692849,,4,GPU-127e16de-2b5f-dde9-1932-b4e29bb818c0,ok,0,0,453,23.755,34,210,405,439,341
173,7563.430933056,7563.473549947,,0,GPU-9b96eb67-aeee-89d5-aa85-fc650af4e25c,ok,0,0,453,26.888,38,210,405,439,341
173,7563.430933056,7563.515169969,,1,GPU-37ffc98b-8551-c8a1-5f3c-27ade9ae735a,ok,100,25,1514,348.399,74,1440,9501,3857,13037
173,7563.430933056,7563.557683962,,2,GPU-5443d59d-561f-ed1e-da42-1975937205f9,ok,0,0,453,27.791,36,210,405,439,292
173,7563.430933056,7563.600237984,,3,GPU-46bf67bb-cb31-bee1-3cf0-c35337ba97d2,ok,0,0,453,26.325,39,210,405,439,292
173,7563.430933056,7563.642778157,,4,GPU-127e16de-2b5f-dde9-1932-b4e29bb818c0,ok,0,0,453,23.874,34,210,405,390,341
174,7564.430933056,7564.473551465,,0,GPU-9b96eb67-aeee-89d5-aa85-fc650af4e25c,ok,0,0,453,26.733,38,210,405,390,292
174,7564.430933056,7564.515190017,,1,GPU-37ffc98b-8551-c8a1-5f3c-27ade9ae735a,ok,100,24,1514,348.865,74,1470,9501,3320,14160
174,7564.430933056,7564.55770751,,2,GPU-5443d59d-561f-ed1e-da42-1975937205f9,ok,0,0,453,27.707,36,210,405,439,341
174,7564.430933056,7564.600262882,,3,GPU-46bf67bb-cb31-bee1-3cf0-c35337ba97d2,ok,0,0,453,26.165,39,210,405,439,292
174,7564.430933056,7564.642823845,,4,GPU-127e16de-2b5f-dde9-1932-b4e29bb818c0,ok,0,0,453,23.794,34,210,405,439,341
175,7565.430933056,7565.473565603,,0,GPU-9b96eb67-aeee-89d5-aa85-fc650af4e25c,ok,0,0,453,26.618,38,210,405,390,292
175,7565.430933056,7565.515231145,,1,GPU-37ffc98b-8551-c8a1-5f3c-27ade9ae735a,ok,100,23,1514,348.785,74,1470,9501,3955,21093
175,7565.430933056,7565.557741508,,2,GPU-5443d59d-561f-ed1e-da42-1975937205f9,ok,0,0,453,27.697,36,210,405,439,292
175,7565.430933056,7565.6003289,,3,GPU-46bf67bb-cb31-bee1-3cf0-c35337ba97d2,ok,0,0,453,26.116,39,210,405,439,341
175,7565.430933056,7565.642858173,,4,GPU-127e16de-2b5f-dde9-1932-b4e29bb818c0,ok,0,0,453,23.722,34,210,405,439,292
176,7566.430933056,7566.473534011,,0,GPU-9b96eb67-aeee-89d5-aa85-fc650af4e25c,ok,0,0,453,26.727,38,210,405,439,292
176,7566.430933056,7566.515156483,,1,GPU-37ffc98b-8551-c8a1-5f3c-27ade9ae735a,ok,100,23,1514,349.089,74,1470,9501,3369,15380
176,7566.430933056,7566.557543846,,2,GPU-5443d59d-561f-ed1e-da42-1975937205f9,ok,0,0,453,27.774,36,210,405,439,292
176,7566.430933056,7566.600037388,,3,GPU-46bf67bb-cb31-bee1-3cf0-c35337ba97d2,ok,0,0,453,26.326,39,210,405,439,292
176,7566.430933056,7566.642488341,,4,GPU-127e16de-2b5f-dde9-1932-b4e29bb818c0,ok,0,0,453,23.889,34,210,405,439,292
177,7567.430933056,7567.473751549,,0,GPU-9b96eb67-aeee-89d5-aa85-fc650af4e25c,ok,0,0,453,26.647,38,210,405,439,292
177,7567.430933056,7567.515239081,,1,GPU-37ffc98b-8551-c8a1-5f3c-27ade9ae735a,ok,100,23,1514,342.044,74,1470,9501,390,244
177,7567.430933056,7567.558036834,,2,GPU-5443d59d-561f-ed1e-da42-1975937205f9,ok,0,0,453,27.663,36,210,405,439,292
177,7567.430933056,7567.600829507,,3,GPU-46bf67bb-cb31-bee1-3cf0-c35337ba97d2,ok,0,0,453,26.172,39,210,405,439,292
177,7567.430933056,7567.643601689,,4,GPU-127e16de-2b5f-dde9-1932-b4e29bb818c0,ok,0,0,453,23.921,34,210,405,439,292
178,7568.430933056,7568.473869857,,0,GPU-9b96eb67-aeee-89d5-aa85-fc650af4e25c,ok,0,0,453,26.611,38,210,405,439,341
178,7568.430933056,7568.515388319,,1,GPU-37ffc98b-8551-c8a1-5f3c-27ade9ae735a,ok,0,0,1514,175.784,65,1935,9501,390,292
178,7568.430933056,7568.558127872,,2,GPU-5443d59d-561f-ed1e-da42-1975937205f9,ok,0,0,453,27.675,36,210,405,439,341
178,7568.430933056,7568.600897075,,3,GPU-46bf67bb-cb31-bee1-3cf0-c35337ba97d2,ok,0,0,453,26.055,39,210,405,390,292
178,7568.430933056,7568.643678487,,4,GPU-127e16de-2b5f-dde9-1932-b4e29bb818c0,ok,0,0,453,23.888,34,210,405,390,292
179,7569.430933056,7569.473553805,,0,GPU-9b96eb67-aeee-89d5-aa85-fc650af4e25c,ok,0,0,453,26.775,38,210,405,439,292
179,7569.430933056,7569.515190237,,1,GPU-37ffc98b-8551-c8a1-5f3c-27ade9ae735a,ok,0,0,1514,150.792,63,1710,9501,4687,12695
179,7569.430933056,7569.55771896,,2,GPU-5443d59d-561f-ed1e-da42-1975937205f9,ok,0,0,453,27.659,36,210,405,390,341
179,7569.430933056,7569.600257433,,3,GPU-46bf67bb-cb31-bee1-3cf0-c35337ba97d2,ok,0,0,453,26.054,39,210,405,439,292
179,7569.430933056,7569.642818835,,4,GPU-127e16de-2b5f-dde9-1932-b4e29bb818c0,ok,0,0,453,24.166,34,210,405,439,292
180,7570.430933056,7570.473532953,,0,GPU-9b96eb67-aeee-89d5-aa85-fc650af4e25c,ok,0,0,453,26.714,38,210,405,390,292
180,7570.430933056,7570.515182685,,1,GPU-37ffc98b-8551-c8a1-5f3c-27ade9ae735a,ok,100,20,1514,338.523,72,1485,9501,5761,10351
180,7570.430933056,7570.557676588,,2,GPU-5443d59d-561f-ed1e-da42-1975937205f9,ok,0,0,453,27.434,36,210,405,439,292
180,7570.430933056,7570.600250761,,3,GPU-46bf67bb-cb31-bee1-3cf0-c35337ba97d2,ok,0,0,453,25.992,39,210,405,439,292
180,7570.430933056,7570.642817203,,4,GPU-127e16de-2b5f-dde9-1932-b4e29bb818c0,ok,0,0,453,24.093,34,210,405,439,292
181,7571.430933056,7571.473569121,,0,GPU-9b96eb67-aeee-89d5-aa85-fc650af4e25c,ok,0,0,453,26.649,38,210,405,439,292
181,7571.430933056,7571.515181863,,1,GPU-37ffc98b-8551-c8a1-5f3c-27ade9ae735a,ok,100,23,1514,349.179,73,1485,9501,6103,8593
181,7571.430933056,7571.557706376,,2,GPU-5443d59d-561f-ed1e-da42-1975937205f9,ok,0,0,453,27.444,36,210,405,439,292
181,7571.430933056,7571.600281359,,3,GPU-46bf67bb-cb31-bee1-3cf0-c35337ba97d2,ok,0,0,453,26.133,39,210,405,439,292
181,7571.430933056,7571.642841491,,4,GPU-127e16de-2b5f-dde9-1932-b4e29bb818c0,ok,0,0,453,23.737,34,210,405,439,292
182,7572.430933056,7572.473555659,,0,GPU-9b96eb67-aeee-89d5-aa85-fc650af4e25c,ok,0,0,453,26.74,38,210,405,439,292
182,7572.430933056,7572.515189771,,1,GPU-37ffc98b-8551-c8a1-5f3c-27ade9ae735a,ok,100,22,1514,349.007,73,1500,9501,5761,9179
182,7572.430933056,7572.557708014,,2,GPU-5443d59d-561f-ed1e-da42-1975937205f9,ok,0,0,453,27.648,36,210,405,439,292
182,7572.430933056,7572.600269787,,3,GPU-46bf67bb-cb31-bee1-3cf0-c35337ba97d2,ok,0,0,453,26.256,39,210,405,439,292
182,7572.430933056,7572.642816359,,4,GPU-127e16de-2b5f-dde9-1932-b4e29bb818c0,ok,0,0,453,23.721,34,210,405,439,292
183,7573.430933056,7573.473559507,,0,GPU-9b96eb67-aeee-89d5-aa85-fc650af4e25c,ok,0,0,453,26.615,38,210,405,439,292
183,7573.430933056,7573.515153429,,1,GPU-37ffc98b-8551-c8a1-5f3c-27ade9ae735a,ok,100,23,1514,348.741,74,1485,9501,4785,10986
183,7573.430933056,7573.557677172,,2,GPU-5443d59d-561f-ed1e-da42-1975937205f9,ok,0,0,453,27.64,36,210,405,390,292
183,7573.430933056,7573.600221675,,3,GPU-46bf67bb-cb31-bee1-3cf0-c35337ba97d2,ok,0,0,453,26.068,39,210,405,390,292
183,7573.430933056,7573.642789737,,4,GPU-127e16de-2b5f-dde9-1932-b4e29bb818c0,ok,0,0,453,23.859,34,210,405,439,292
184,7574.430933056,7574.473574765,,0,GPU-9b96eb67-aeee-89d5-aa85-fc650af4e25c,ok,0,0,453,26.637,38,210,405,390,292
184,7574.430933056,7574.515227937,,1,GPU-37ffc98b-8551-c8a1-5f3c-27ade9ae735a,ok,100,22,1514,348.98,74,1485,9501,4248,12207
184,7574.430933056,7574.55773745,,2,GPU-5443d59d-561f-ed1e-da42-1975937205f9,ok,0,0,453,27.674,36,210,405,439,292
184,7574.430933056,7574.600298873,,3,GPU-46bf67bb-cb31-bee1-3cf0-c35337ba97d2,ok,0,0,453,26.125,39,210,405,439,292
184,7574.430933056,7574.642883585,,4,GPU-127e16de-2b5f-dde9-1932-b4e29bb818c0,ok,0,0,453,23.919,34,210,405,390,292
185,7575.430933056,7575.473444543,,0,GPU-9b96eb67-aeee-89d5-aa85-fc650af4e25c,ok,0,0,453,26.858,38,210,405,439,341
185,7575.430933056,7575.515060235,,1,GPU-37ffc98b-8551-c8a1-5f3c-27ade9ae735a,ok,100,23,1514,349.302,74,1470,9501,3515,13574
185,7575.430933056,7575.557595858,,2,GPU-5443d59d-561f-ed1e-da42-1975937205f9,ok,0,0,453,27.799,36,210,405,390,292
185,7575.430933056,7575.600155731,,3,GPU-46bf67bb-cb31-bee1-3cf0-c35337ba97d2,ok,0,0,453,26.299,39,210,405,439,292
185,7575.430933056,7575.642696653,,4,GPU-127e16de-2b5f-dde9-1932-b4e29bb818c0,ok,0,0,453,23.573,34,210,405,439,292
186,7576.430933056,7576.473546911,,0,GPU-9b96eb67-aeee-89d5-aa85-fc650af4e25c,ok,0,0,453,26.697,38,210,405,439,292
186,7576.430933056,7576.515190253,,1,GPU-37ffc98b-8551-c8a1-5f3c-27ade9ae735a,ok,100,23,1514,349.157,74,1485,9501,3515,14746
186,7576.430933056,7576.557737706,,2,GPU-5443d59d-561f-ed1e-da42-1975937205f9,ok,0,0,453,27.801,36,210,405,439,292
186,7576.430933056,7576.600326929,,3,GPU-46bf67bb-cb31-bee1-3cf0-c35337ba97d2,ok,0,0,453,26.164,39,210,405,439,292
186,7576.430933056,7576.642875071,,4,GPU-127e16de-2b5f-dde9-1932-b4e29bb818c0,ok,0,0,453,23.678,34,210,405,439,341
187,7577.430933056,7577.473540899,,0,GPU-9b96eb67-aeee-89d5-aa85-fc650af4e25c,ok,0,0,453,26.682,38,210,405,390,292
187,7577.430933056,7577.515160441,,1,GPU-37ffc98b-8551-c8a1-5f3c-27ade9ae735a,ok,100,23,1514,349.391,74,1485,9501,3222,15576
187,7577.430933056,7577.557668944,,2,GPU-5443d59d-561f-ed1e-da42-1975937205f9,ok,0,0,453,27.8,36,210,405,439,292
187,7577.430933056,7577.600245837,,3,GPU-46bf67bb-cb31-bee1-3cf0-c35337ba97d2,ok,0,0,453,26.192,39,210,405,439,292
187,7577.430933056,7577.642829569,,4,GPU-127e16de-2b5f-dde9-1932-b4e29bb818c0,ok,0,0,453,23.89,34,210,405,439,341
188,7578.430933056,7578.473538547,,0,GPU-9b96eb67-aeee-89d5-aa85-fc650af4e25c,ok,0,0,453,26.798,38,210,405,439,292
188,7578.430933056,7578.515169059,,1,GPU-37ffc98b-8551-c8a1-5f3c-27ade9ae735a,ok,100,24,1514,349.508,75,1470,9501,3466,16503
188,7578.430933056,7578.557670332,,2,GPU-5443d59d-561f-ed1e-da42-1975937205f9,ok,0,0,453,27.652,36,210,405,390,341
188,7578.430933056,7578.600234075,,3,GPU-46bf67bb-cb31-bee1-3cf0-c35337ba97d2,ok,0,0,453,26.373,39,210,405,439,292
188,7578.430933056,7578.642829457,,4,GPU-127e16de-2b5f-dde9-1932-b4e29bb818c0,ok,0,0,453,23.915,34,210,405,439,341
189,7579.430933056,7579.473457095,,0,GPU-9b96eb67-aeee-89d5-aa85-fc650af4e25c,ok,0,0,453,26.752,38,210,405,390,341
189,7579.430933056,7579.515089477,,1,GPU-37ffc98b-8551-c8a1-5f3c-27ade9ae735a,ok,100,24,1514,349.328,75,1470,9501,3417,15185
189,7579.430933056,7579.55750905,,2,GPU-5443d59d-561f-ed1e-da42-1975937205f9,ok,0,0,453,27.566,36,210,405,390,292
189,7579.430933056,7579.599977153,,3,GPU-46bf67bb-cb31-bee1-3cf0-c35337ba97d2,ok,0,0,453,26.269,39,210,405,439,292
189,7579.430933056,7579.642451475,,4,GPU-127e16de-2b5f-dde9-1932-b4e29bb818c0,ok,0,0,453,23.914,34,210,405,439,292
190,7580.430933056,7580.473568633,,0,GPU-9b96eb67-aeee-89d5-aa85-fc650af4e25c,ok,0,0,453,26.801,38,210,405,439,341
190,7580.430933056,7580.515182135,,1,GPU-37ffc98b-8551-c8a1-5f3c-27ade9ae735a,ok,100,28,1514,349.229,75,1470,9501,3662,15087
190,7580.430933056,7580.557684508,,2,GPU-5443d59d-561f-ed1e-da42-1975937205f9,ok,0,0,453,27.485,36,210,405,439,292
190,7580.430933056,7580.600256281,,3,GPU-46bf67bb-cb31-bee1-3cf0-c35337ba97d2,ok,0,0,453,26.25,39,210,405,390,292
190,7580.430933056,7580.642824663,,4,GPU-127e16de-2b5f-dde9-1932-b4e29bb818c0,ok,0,0,453,23.693,34,210,405,439,292
191,7581.430933056,7581.473558751,,0,GPU-9b96eb67-aeee-89d5-aa85-fc650af4e25c,ok,0,0,453,26.666,38,210,405,439,341
191,7581.430933056,7581.515168353,,1,GPU-37ffc98b-8551-c8a1-5f3c-27ade9ae735a,ok,100,23,1514,349.076,75,1470,9501,4052,14013
191,7581.430933056,7581.557679046,,2,GPU-5443d59d-561f-ed1e-da42-1975937205f9,ok,0,0,453,27.485,36,210,405,439,292
191,7581.430933056,7581.600235619,,3,GPU-46bf67bb-cb31-bee1-3cf0-c35337ba97d2,ok,0,0,453,26.339,39,210,405,439,292
191,7581.430933056,7581.642776541,,4,GPU-127e16de-2b5f-dde9-1932-b4e29bb818c0,ok,0,0,453,23.713,34,210,405,390,292
192,7582.430933056,7582.473544299,,0,GPU-9b96eb67-aeee-89d5-aa85-fc650af4e25c,ok,0,0,453,26.768,38,210,405,439,341
192,7582.430933056,7582.515164211,,1,GPU-37ffc98b-8551-c8a1-5f3c-27ade9ae735a,ok,100,24,1514,348.86,75,1470,9501,6152,17919
192,7582.430933056,7582.557678824,,2,GPU-5443d59d-561f-ed1e-da42-1975937205f9,ok,0,0,453,27.585,36,210,405,439,292
192,7582.430933056,7582.600226437,,3,GPU-46bf67bb-cb31-bee1-3cf0-c35337ba97d2,ok,0,0,453,26.25,39,210,405,390,292
192,7582.430933056,7582.642776689,,4,GPU-127e16de-2b5f-dde9-1932-b4e29bb818c0,ok,0,0,453,23.564,34,210,405,439,292
193,7583.430933056,7583.473544227,,0,GPU-9b96eb67-aeee-89d5-aa85-fc650af4e25c,ok,0,0,453,27.043,38,210,405,439,292
193,7583.430933056,7583.515192969,,1,GPU-37ffc98b-8551-c8a1-5f3c-27ade9ae735a,ok,100,25,1514,349.137,75,1485,9501,3710,14111
193,7583.430933056,7583.557717942,,2,GPU-5443d59d-561f-ed1e-da42-1975937205f9,ok,0,0,453,27.691,36,210,405,390,292
193,7583.430933056,7583.600286435,,3,GPU-46bf67bb-cb31-bee1-3cf0-c35337ba97d2,ok,0,0,453,26.314,39,210,405,439,292
193,7583.430933056,7583.642855798,,4,GPU-127e16de-2b5f-dde9-1932-b4e29bb818c0,ok,0,0,453,23.663,34,210,405,439,292
194,7584.430933056,7584.473554245,,0,GPU-9b96eb67-aeee-89d5-aa85-fc650af4e25c,ok,0,0,453,26.93,38,210,405,439,292
194,7584.430933056,7584.515171187,,1,GPU-37ffc98b-8551-c8a1-5f3c-27ade9ae735a,ok,100,24,1514,349.366,75,1500,9501,4345,14648
194,7584.430933056,7584.55769318,,2,GPU-5443d59d-561f-ed1e-da42-1975937205f9,ok,0,0,453,27.602,36,210,405,439,341
194,7584.430933056,7584.600246953,,3,GPU-46bf67bb-cb31-bee1-3cf0-c35337ba97d2,ok,0,0,453,26.305,39,210,405,439,292
194,7584.430933056,7584.642814156,,4,GPU-127e16de-2b5f-dde9-1932-b4e29bb818c0,ok,0,0,453,23.716,34,210,405,390,292
195,7585.430933056,7585.473566523,,0,GPU-9b96eb67-aeee-89d5-aa85-fc650af4e25c,ok,0,0,453,26.968,38,210,405,439,292
195,7585.430933056,7585.515187726,,1,GPU-37ffc98b-8551-c8a1-5f3c-27ade9ae735a,ok,100,24,1514,349.475,75,1485,9501,4492,11816
195,7585.430933056,7585.557714438,,2,GPU-5443d59d-561f-ed1e-da42-1975937205f9,ok,0,0,453,27.584,36,210,405,439,341
195,7585.430933056,7585.600253571,,3,GPU-46bf67bb-cb31-bee1-3cf0-c35337ba97d2,ok,0,0,453,26.33,39,210,405,390,341
195,7585.430933056,7585.642826974,,4,GPU-127e16de-2b5f-dde9-1932-b4e29bb818c0,ok,0,0,453,23.416,34,210,405,439,292
196,7586.430933056,7586.473618231,,0,GPU-9b96eb67-aeee-89d5-aa85-fc650af4e25c,ok,0,0,453,27.112,38,210,405,439,292
196,7586.430933056,7586.515248134,,1,GPU-37ffc98b-8551-c8a1-5f3c-27ade9ae735a,ok,100,30,1514,348.875,75,1470,9501,6005,15625
196,7586.430933056,7586.557770816,,2,GPU-5443d59d-561f-ed1e-da42-1975937205f9,ok,0,0,453,27.692,36,210,405,390,341
196,7586.430933056,7586.600332769,,3,GPU-46bf67bb-cb31-bee1-3cf0-c35337ba97d2,ok,0,0,453,26.425,39,210,405,439,341
196,7586.430933056,7586.642908912,,4,GPU-127e16de-2b5f-dde9-1932-b4e29bb818c0,ok,0,0,453,23.397,34,210,405,390,292
197,7587.430933056,7587.473605339,,0,GPU-9b96eb67-aeee-89d5-aa85-fc650af4e25c,ok,0,0,453,26.899,38,210,405,439,292
197,7587.430933056,7587.515228122,,1,GPU-37ffc98b-8551-c8a1-5f3c-27ade9ae735a,ok,100,27,1514,349.035,75,1470,9501,4638,12255
197,7587.430933056,7587.557736194,,2,GPU-5443d59d-561f-ed1e-da42-1975937205f9,ok,0,0,453,27.629,36,210,405,439,292
197,7587.430933056,7587.600264227,,3,GPU-46bf67bb-cb31-bee1-3cf0-c35337ba97d2,ok,0,0,453,26.213,39,210,405,439,341
197,7587.430933056,7587.6428212,,4,GPU-127e16de-2b5f-dde9-1932-b4e29bb818c0,ok,0,0,453,23.368,34,210,405,439,292
198,7588.430933056,7588.473577177,,0,GPU-9b96eb67-aeee-89d5-aa85-fc650af4e25c,ok,0,0,453,26.892,38,210,405,390,292
198,7588.430933056,7588.51522076,,1,GPU-37ffc98b-8551-c8a1-5f3c-27ade9ae735a,ok,100,23,1514,348.746,75,1470,9501,3955,13818
198,7588.430933056,7588.557763062,,2,GPU-5443d59d-561f-ed1e-da42-1975937205f9,ok,0,0,453,27.688,36,210,405,439,341
198,7588.430933056,7588.600336845,,3,GPU-46bf67bb-cb31-bee1-3cf0-c35337ba97d2,ok,0,0,453,26.169,39,210,405,439,341
198,7588.430933056,7588.642898708,,4,GPU-127e16de-2b5f-dde9-1932-b4e29bb818c0,ok,0,0,453,23.467,34,210,405,439,292
199,7589.430933056,7589.473591185,,0,GPU-9b96eb67-aeee-89d5-aa85-fc650af4e25c,ok,0,0,453,26.975,38,210,405,439,292
199,7589.430933056,7589.515213268,,1,GPU-37ffc98b-8551-c8a1-5f3c-27ade9ae735a,ok,100,24,1514,348.977,75,1485,9501,4394,13183
199,7589.430933056,7589.55772899,,2,GPU-5443d59d-561f-ed1e-da42-1975937205f9,ok,0,0,453,27.822,36,210,405,439,341
199,7589.430933056,7589.600289333,,3,GPU-46bf67bb-cb31-bee1-3cf0-c35337ba97d2,ok,0,0,453,26.297,39,210,405,439,341
199,7589.430933056,7589.642853716,,4,GPU-127e16de-2b5f-dde9-1932-b4e29bb818c0,ok,0,0,453,23.725,34,210,405,439,292
200,7590.430933056,7590.473578903,,0,GPU-9b96eb67-aeee-89d5-aa85-fc650af4e25c,ok,0,0,453,26.711,38,210,405,439,292
200,7590.430933056,7590.515174856,,1,GPU-37ffc98b-8551-c8a1-5f3c-27ade9ae735a,ok,100,25,1514,349.263,75,1485,9501,3955,15283
200,7590.430933056,7590.557680338,,2,GPU-5443d59d-561f-ed1e-da42-1975937205f9,ok,0,0,453,27.636,36,210,405,439,292
200,7590.430933056,7590.600227001,,3,GPU-46bf67bb-cb31-bee1-3cf0-c35337ba97d2,ok,0,0,453,26.142,39,210,405,439,341
200,7590.430933056,7590.642806684,,4,GPU-127e16de-2b5f-dde9-1932-b4e29bb818c0,ok,0,0,453,23.964,34,210,405,390,341
201,7591.430933056,7591.473542071,,0,GPU-9b96eb67-aeee-89d5-aa85-fc650af4e25c,ok,0,0,453,26.651,38,210,405,439,292
201,7591.430933056,7591.515128464,,1,GPU-37ffc98b-8551-c8a1-5f3c-27ade9ae735a,ok,100,24,1514,349.149,75,1485,9501,3710,15087
201,7591.430933056,7591.557663826,,2,GPU-5443d59d-561f-ed1e-da42-1975937205f9,ok,0,0,453,27.654,36,210,405,439,292
201,7591.430933056,7591.600200159,,3,GPU-46bf67bb-cb31-bee1-3cf0-c35337ba97d2,ok,0,0,453,26.133,39,210,405,439,292
201,7591.430933056,7591.642774712,,4,GPU-127e16de-2b5f-dde9-1932-b4e29bb818c0,ok,0,0,453,24.019,34,210,405,390,341
202,7592.430933056,7592.473452889,,0,GPU-9b96eb67-aeee-89d5-aa85-fc650af4e25c,ok,0,0,453,26.805,38,210,405,390,292
202,7592.430933056,7592.515046452,,1,GPU-37ffc98b-8551-c8a1-5f3c-27ade9ae735a,ok,100,25,1514,349.243,75,1470,9501,3515,15332
202,7592.430933056,7592.557508054,,2,GPU-5443d59d-561f-ed1e-da42-1975937205f9,ok,0,0,453,27.895,36,210,405,390,292
202,7592.430933056,7592.600081307,,3,GPU-46bf67bb-cb31-bee1-3cf0-c35337ba97d2,ok,0,0,453,26.305,39,210,405,439,341
202,7592.430933056,7592.64264915,,4,GPU-127e16de-2b5f-dde9-1932-b4e29bb818c0,ok,0,0,453,23.826,34,210,405,439,341
203,7593.430933056,7593.473552647,,0,GPU-9b96eb67-aeee-89d5-aa85-fc650af4e25c,ok,0,0,453,26.682,38,210,405,439,292
203,7593.430933056,7593.51518006,,1,GPU-37ffc98b-8551-c8a1-5f3c-27ade9ae735a,ok,100,24,1514,349.061,75,1485,9501,3564,15380
203,7593.430933056,7593.557685292,,2,GPU-5443d59d-561f-ed1e-da42-1975937205f9,ok,0,0,453,27.872,36,210,405,439,292
203,7593.430933056,7593.600238055,,3,GPU-46bf67bb-cb31-bee1-3cf0-c35337ba97d2,ok,0,0,453,26.169,39,210,405,439,292
203,7593.430933056,7593.642774928,,4,GPU-127e16de-2b5f-dde9-1932-b4e29bb818c0,ok,0,0,453,23.855,34,210,405,439,341
204,7594.430933056,7594.473557155,,0,GPU-9b96eb67-aeee-89d5-aa85-fc650af4e25c,ok,0,0,453,26.708,38,210,405,439,292
204,7594.430933056,7594.514819708,,1,GPU-37ffc98b-8551-c8a1-5f3c-27ade9ae735a,ok,100,24,1514,348.894,76,1485,9501,390,292
204,7594.430933056,7594.55757462,,2,GPU-5443d59d-561f-ed1e-da42-1975937205f9,ok,0,0,453,27.813,36,210,405,439,292
204,7594.430933056,7594.600354313,,3,GPU-46bf67bb-cb31-bee1-3cf0-c35337ba97d2,ok,0,0,453,26.171,39,210,405,439,341
204,7594.430933056,7594.643144676,,4,GPU-127e16de-2b5f-dde9-1932-b4e29bb818c0,ok,0,0,453,23.927,34,210,405,390,292
205,7595.430933056,7595.473886353,,0,GPU-9b96eb67-aeee-89d5-aa85-fc650af4e25c,ok,0,0,453,26.9,38,210,405,439,292
205,7595.430933056,7595.515345436,,1,GPU-37ffc98b-8551-c8a1-5f3c-27ade9ae735a,ok,0,0,1514,200.114,66,1935,9501,390,244
205,7595.430933056,7595.558068849,,2,GPU-5443d59d-561f-ed1e-da42-1975937205f9,ok,0,0,453,27.801,36,210,405,439,292
205,7595.430933056,7595.600853991,,3,GPU-46bf67bb-cb31-bee1-3cf0-c35337ba97d2,ok,0,0,453,26.265,39,210,405,439,341
205,7595.430933056,7595.643582924,,4,GPU-127e16de-2b5f-dde9-1932-b4e29bb818c0,ok,0,0,453,23.609,34,210,405,439,341
206,7596.430933056,7596.473538851,,0,GPU-9b96eb67-aeee-89d5-aa85-fc650af4e25c,ok,0,0,453,26.829,38,210,405,390,292
206,7596.430933056,7596.515151034,,1,GPU-37ffc98b-8551-c8a1-5f3c-27ade9ae735a,ok,0,0,1514,181.696,66,1935,9501,4980,11865
206,7596.430933056,7596.557666306,,2,GPU-5443d59d-561f-ed1e-da42-1975937205f9,ok,0,0,453,27.64,36,210,405,390,341
206,7596.430933056,7596.600155169,,3,GPU-46bf67bb-cb31-bee1-3cf0-c35337ba97d2,ok,0,0,453,25.944,39,210,405,439,341
206,7596.430933056,7596.642612312,,4,GPU-127e16de-2b5f-dde9-1932-b4e29bb818c0,ok,0,0,453,23.596,34,210,405,439,292
207,7597.430933056,7597.473578139,,0,GPU-9b96eb67-aeee-89d5-aa85-fc650af4e25c,ok,0,0,453,26.872,38,210,405,439,292
207,7597.430933056,7597.515203312,,1,GPU-37ffc98b-8551-c8a1-5f3c-27ade9ae735a,ok,100,24,1514,233.348,73,1500,9501,5859,9960
207,7597.430933056,7597.557713064,,2,GPU-5443d59d-561f-ed1e-da42-1975937205f9,ok,0,0,453,27.605,36,210,405,439,341
207,7597.430933056,7597.600257637,,3,GPU-46bf67bb-cb31-bee1-3cf0-c35337ba97d2,ok,0,0,453,25.97,39,210,405,439,292
207,7597.430933056,7597.64281911,,4,GPU-127e16de-2b5f-dde9-1932-b4e29bb818c0,ok,0,0,453,23.825,34,210,405,439,341
208,7598.430933056,7598.473541747,,0,GPU-9b96eb67-aeee-89d5-aa85-fc650af4e25c,ok,0,0,453,26.905,38,210,405,439,341
208,7598.430933056,7598.51516527,,1,GPU-37ffc98b-8551-c8a1-5f3c-27ade9ae735a,ok,100,21,1514,348.68,75,1455,9501,5664,8886
208,7598.430933056,7598.557684232,,2,GPU-5443d59d-561f-ed1e-da42-1975937205f9,ok,0,0,453,27.766,36,210,405,439,341
208,7598.430933056,7598.600244355,,3,GPU-46bf67bb-cb31-bee1-3cf0-c35337ba97d2,ok,0,0,453,26.245,39,210,405,439,292
208,7598.430933056,7598.642822688,,4,GPU-127e16de-2b5f-dde9-1932-b4e29bb818c0,ok,0,0,453,24.049,34,210,405,439,341
209,7599.430933056,7599.473553145,,0,GPU-9b96eb67-aeee-89d5-aa85-fc650af4e25c,ok,0,0,453,26.67,38,210,405,390,341
209,7599.430933056,7599.515188738,,1,GPU-37ffc98b-8551-c8a1-5f3c-27ade9ae735a,ok,100,21,1514,348.1,75,1470,9501,6005,8300
209,7599.430933056,7599.557697251,,2,GPU-5443d59d-561f-ed1e-da42-1975937205f9,ok,0,0,453,27.865,36,210,405,390,341
209,7599.430933056,7599.600235323,,3,GPU-46bf67bb-cb31-bee1-3cf0-c35337ba97d2,ok,0,0,453,26.041,39,210,405,439,292
209,7599.430933056,7599.642796556,,4,GPU-127e16de-2b5f-dde9-1932-b4e29bb818c0,ok,0,0,453,24.073,34,210,405,439,341
210,7600.430933056,7600.473548203,,0,GPU-9b96eb67-aeee-89d5-aa85-fc650af4e25c,ok,0,0,453,26.705,38,210,405,439,341
210,7600.430933056,7600.515163316,,1,GPU-37ffc98b-8551-c8a1-5f3c-27ade9ae735a,ok,100,21,1514,348.121,75,1470,9501,5859,7861
210,7600.430933056,7600.557687259,,2,GPU-5443d59d-561f-ed1e-da42-1975937205f9,ok,0,0,453,27.938,36,210,405,439,292
210,7600.430933056,7600.600245311,,3,GPU-46bf67bb-cb31-bee1-3cf0-c35337ba97d2,ok,0,0,453,26.017,39,210,405,439,292
210,7600.430933056,7600.642802714,,4,GPU-127e16de-2b5f-dde9-1932-b4e29bb818c0,ok,0,0,453,23.772,34,210,405,390,341
211,7601.430933056,7601.473561071,,0,GPU-9b96eb67-aeee-89d5-aa85-fc650af4e25c,ok,0,0,453,26.95,38,210,405,439,341
211,7601.430933056,7601.515161094,,1,GPU-37ffc98b-8551-c8a1-5f3c-27ade9ae735a,ok,100,21,1514,348.546,75,1470,9501,5712,8789
211,7601.430933056,7601.557680327,,2,GPU-5443d59d-561f-ed1e-da42-1975937205f9,ok,0,0,453,27.868,36,210,405,439,292
211,7601.430933056,7601.600212709,,3,GPU-46bf67bb-cb31-bee1-3cf0-c35337ba97d2,ok,0,0,453,26.236,39,210,405,439,292
211,7601.430933056,7601.642767262,,4,GPU-127e16de-2b5f-dde9-1932-b4e29bb818c0,ok,0,0,453,24.049,34,210,405,439,292
212,7602.430933056,7602.47355296,,0,GPU-9b96eb67-aeee-89d5-aa85-fc650af4e25c,ok,0,0,453,26.737,38,210,405,390,292
212,7602.430933056,7602.515139542,,1,GPU-37ffc98b-8551-c8a1-5f3c-27ade9ae735a,ok,100,22,1514,348.496,75,1470,9501,4736,10595
212,7602.430933056,7602.557647065,,2,GPU-5443d59d-561f-ed1e-da42-1975937205f9,ok,0,0,453,27.649,36,210,405,390,292
212,7602.430933056,7602.600174607,,3,GPU-46bf67bb-cb31-bee1-3cf0-c35337ba97d2,ok,0,0,453,26.115,39,210,405,439,292
212,7602.430933056,7602.64274145,,4,GPU-127e16de-2b5f-dde9-1932-b4e29bb818c0,ok,0,0,453,24.051,34,210,405,439,292
213,7603.430933056,7603.473562028,,0,GPU-9b96eb67-aeee-89d5-aa85-fc650af4e25c,ok,0,0,453,26.659,38,210,405,439,292
213,7603.430933056,7603.51516779,,1,GPU-37ffc98b-8551-c8a1-5f3c-27ade9ae735a,ok,100,21,1514,348.732,75,1470,9501,5468,8740
213,7603.430933056,7603.557681743,,2,GPU-5443d59d-561f-ed1e-da42-1975937205f9,ok,0,0,453,27.596,36,210,405,439,292
213,7603.430933056,7603.600216205,,3,GPU-46bf67bb-cb31-bee1-3cf0-c35337ba97d2,ok,0,0,453,26.152,39,210,405,439,292
213,7603.430933056,7603.642775198,,4,GPU-127e16de-2b5f-dde9-1932-b4e29bb818c0,ok,0,0,453,23.998,34,210,405,439,292
214,7604.430933056,7604.473579996,,0,GPU-9b96eb67-aeee-89d5-aa85-fc650af4e25c,ok,0,0,453,26.897,38,210,405,439,292
214,7604.430933056,7604.515219168,,1,GPU-37ffc98b-8551-c8a1-5f3c-27ade9ae735a,ok,100,22,1514,348.564,75,1470,9501,7128,10449
214,7604.430933056,7604.557752631,,2,GPU-5443d59d-561f-ed1e-da42-1975937205f9,ok,0,0,453,27.698,36,210,405,439,292
214,7604.430933056,7604.600296423,,3,GPU-46bf67bb-cb31-bee1-3cf0-c35337ba97d2,ok,0,0,453,26.357,39,210,405,390,292
214,7604.430933056,7604.642847256,,4,GPU-127e16de-2b5f-dde9-1932-b4e29bb818c0,ok,0,0,453,24.095,34,210,405,439,292
215,7605.430933056,7605.473479594,,0,GPU-9b96eb67-aeee-89d5-aa85-fc650af4e25c,ok,0,0,453,26.82,38,210,405,439,292
215,7605.430933056,7605.515096176,,1,GPU-37ffc98b-8551-c8a1-5f3c-27ade9ae735a,ok,100,29,1514,348.479,75,1470,9501,5664,7861
215,7605.430933056,7605.557606289,,2,GPU-5443d59d-561f-ed1e-da42-1975937205f9,ok,0,0,453,27.59,36,210,405,390,292
215,7605.430933056,7605.600143391,,3,GPU-46bf67bb-cb31-bee1-3cf0-c35337ba97d2,ok,0,0,453,26.254,39,210,405,439,292
215,7605.430933056,7605.642723774,,4,GPU-127e16de-2b5f-dde9-1932-b4e29bb818c0,ok,0,0,453,24.06,34,210,405,439,292
216,7606.430933056,7606.473583192,,0,GPU-9b96eb67-aeee-89d5-aa85-fc650af4e25c,ok,0,0,453,26.834,38,210,405,390,341
216,7606.430933056,7606.515204564,,1,GPU-37ffc98b-8551-c8a1-5f3c-27ade9ae735a,ok,100,22,1514,348.246,75,1485,9501,6738,9863
216,7606.430933056,7606.557728507,,2,GPU-5443d59d-561f-ed1e-da42-1975937205f9,ok,0,0,453,27.531,36,210,405,439,292
216,7606.430933056,7606.600267919,,3,GPU-46bf67bb-cb31-bee1-3cf0-c35337ba97d2,ok,0,0,453,26.282,39,210,405,439,292
216,7606.430933056,7606.642821482,,4,GPU-127e16de-2b5f-dde9-1932-b4e29bb818c0,ok,0,0,453,24.123,34,210,405,439,292
217,7607.430933056,7607.47357744,,0,GPU-9b96eb67-aeee-89d5-aa85-fc650af4e25c,ok,0,0,453,26.883,38,210,405,390,341
217,7607.430933056,7607.515206722,,1,GPU-37ffc98b-8551-c8a1-5f3c-27ade9ae735a,ok,100,26,1514,349.411,75,1470,9501,5908,8154
217,7607.430933056,7607.557733145,,2,GPU-5443d59d-561f-ed1e-da42-1975937205f9,ok,0,0,453,27.804,36,210,405,439,292
217,7607.430933056,7607.600301207,,3,GPU-46bf67bb-cb31-bee1-3cf0-c35337ba97d2,ok,0,0,453,26.414,39,210,405,439,292
217,7607.430933056,7607.64286202,,4,GPU-127e16de-2b5f-dde9-1932-b4e29bb818c0,ok,0,0,453,23.841,34,210,405,439,292
218,7608.430933056,7608.473557608,,0,GPU-9b96eb67-aeee-89d5-aa85-fc650af4e25c,ok,0,0,453,26.58,38,210,405,439,341
218,7608.430933056,7608.51518732,,1,GPU-37ffc98b-8551-c8a1-5f3c-27ade9ae735a,ok,100,21,1514,348.943,75,1470,9501,5664,7910
218,7608.430933056,7608.557705683,,2,GPU-5443d59d-561f-ed1e-da42-1975937205f9,ok,0,0,453,27.911,36,210,405,390,341
218,7608.430933056,7608.600250715,,3,GPU-46bf67bb-cb31-bee1-3cf0-c35337ba97d2,ok,0,0,453,26.282,39,210,405,439,292
218,7608.430933056,7608.642819808,,4,GPU-127e16de-2b5f-dde9-1932-b4e29bb818c0,ok,0,0,453,24.09,34,210,405,439,341
219,7609.430933056,7609.473561196,,0,GPU-9b96eb67-aeee-89d5-aa85-fc650af4e25c,ok,0,0,453,26.524,38,210,405,488,292
219,7609.430933056,7609.515148448,,1,GPU-37ffc98b-8551-c8a1-5f3c-27ade9ae735a,ok,100,21,1514,348.694,75,1485,9501,5419,7861
219,7609.430933056,7609.557564361,,2,GPU-5443d59d-561f-ed1e-da42-1975937205f9,ok,0,0,453,27.849,36,210,405,390,292
219,7609.430933056,7609.600059633,,3,GPU-46bf67bb-cb31-bee1-3cf0-c35337ba97d2,ok,0,0,453,26.264,39,210,405,439,341
219,7609.430933056,7609.642528096,,4,GPU-127e16de-2b5f-dde9-1932-b4e29bb818c0,ok,0,0,453,24.124,34,210,405,439,292
220,7610.430933056,7610.473555754,,0,GPU-9b96eb67-aeee-89d5-aa85-fc650af4e25c,ok,0,0,453,26.667,38,210,405,390,292
220,7610.430933056,7610.515190786,,1,GPU-37ffc98b-8551-c8a1-5f3c-27ade9ae735a,ok,100,23,1514,349.228,75,1470,9501,7226,8105
220,7610.430933056,7610.557701519,,2,GPU-5443d59d-561f-ed1e-da42-1975937205f9,ok,0,0,453,27.852,36,210,405,390,292
220,7610.430933056,7610.600275011,,3,GPU-46bf67bb-cb31-bee1-3cf0-c35337ba97d2,ok,0,0,453,26.377,39,210,405,439,341
220,7610.430933056,7610.642811844,,4,GPU-127e16de-2b5f-dde9-1932-b4e29bb818c0,ok,0,0,453,23.86,34,210,405,439,292
221,7611.430933056,7611.473588712,,0,GPU-9b96eb67-aeee-89d5-aa85-fc650af4e25c,ok,0,0,453,26.658,38,210,405,390,292
221,7611.430933056,7611.515214944,,1,GPU-37ffc98b-8551-c8a1-5f3c-27ade9ae735a,ok,100,22,1514,349.066,75,1470,9501,5419,8203
221,7611.430933056,7611.557741217,,2,GPU-5443d59d-561f-ed1e-da42-1975937205f9,ok,0,0,453,27.824,36,210,405,439,292
221,7611.430933056,7611.600318179,,3,GPU-46bf67bb-cb31-bee1-3cf0-c35337ba97d2,ok,0,0,453,26.263,39,210,405,439,341
221,7611.430933056,7611.642867002,,4,GPU-127e16de-2b5f-dde9-1932-b4e29bb818c0,ok,0,0,453,23.703,34,210,405,439,292
222,7612.430933056,7612.47357311,,0,GPU-9b96eb67-aeee-89d5-aa85-fc650af4e25c,ok,0,0,453,26.786,38,210,405,439,292
222,7612.430933056,7612.515174472,,1,GPU-37ffc98b-8551-c8a1-5f3c-27ade9ae735a,ok,100,21,1514,348.829,75,1470,9501,5419,8496
222,7612.430933056,7612.557683705,,2,GPU-5443d59d-561f-ed1e-da42-1975937205f9,ok,0,0,453,27.919,36,210,405,439,292
222,7612.430933056,7612.600241077,,3,GPU-46bf67bb-cb31-bee1-3cf0-c35337ba97d2,ok,0,0,453,26.322,39,210,405,439,341
222,7612.430933056,7612.64279596,,4,GPU-127e16de-2b5f-dde9-1932-b4e29bb818c0,ok,0,0,453,23.701,34,210,405,439,292
223,7613.430933056,7613.473573958,,0,GPU-9b96eb67-aeee-89d5-aa85-fc650af4e25c,ok,0,0,453,26.893,38,210,405,439,341
223,7613.430933056,7613.51520296,,1,GPU-37ffc98b-8551-c8a1-5f3c-27ade9ae735a,ok,100,22,1514,348.985,75,1470,9501,5566,8544
223,7613.430933056,7613.557720473,,2,GPU-5443d59d-561f-ed1e-da42-1975937205f9,ok,0,0,453,27.953,36,210,405,390,292
223,7613.430933056,7613.600276656,,3,GPU-46bf67bb-cb31-bee1-3cf0-c35337ba97d2,ok,0,0,453,26.483,39,210,405,439,292
223,7613.430933056,7613.642845678,,4,GPU-127e16de-2b5f-dde9-1932-b4e29bb818c0,ok,0,0,453,23.991,34,210,405,439,292
224,7614.430933056,7614.473557376,,0,GPU-9b96eb67-aeee-89d5-aa85-fc650af4e25c,ok,0,0,453,26.679,38,210,405,439,341
224,7614.430933056,7614.515187278,,1,GPU-37ffc98b-8551-c8a1-5f3c-27ade9ae735a,ok,100,23,1514,349.163,75,1485,9501,7177,8496
224,7614.430933056,7614.557690101,,2,GPU-5443d59d-561f-ed1e-da42-1975937205f9,ok,0,0,453,27.769,36,210,405,439,292
224,7614.430933056,7614.600236834,,3,GPU-46bf67bb-cb31-bee1-3cf0-c35337ba97d2,ok,0,0,453,26.358,39,210,405,439,341
224,7614.430933056,7614.642797856,,4,GPU-127e16de-2b5f-dde9-1932-b4e29bb818c0,ok,0,0,453,24.139,34,210,405,439,341
225,7615.430933056,7615.473552504,,0,GPU-9b96eb67-aeee-89d5-aa85-fc650af4e25c,ok,0,0,453,26.579,38,210,405,390,341
225,7615.430933056,7615.515159046,,1,GPU-37ffc98b-8551-c8a1-5f3c-27ade9ae735a,ok,100,22,1514,349.156,76,1470,9501,5712,7861
225,7615.430933056,7615.557668529,,2,GPU-5443d59d-561f-ed1e-da42-1975937205f9,ok,0,0,453,27.77,36,210,405,439,292
225,7615.430933056,7615.600216312,,3,GPU-46bf67bb-cb31-bee1-3cf0-c35337ba97d2,ok,0,0,453,26.442,39,210,405,390,292
225,7615.430933056,7615.642775704,,4,GPU-127e16de-2b5f-dde9-1932-b4e29bb818c0,ok,0,0,453,23.88,34,210,405,439,341
226,7616.430933056,7616.473594682,,0,GPU-9b96eb67-aeee-89d5-aa85-fc650af4e25c,ok,0,0,453,26.649,38,210,405,439,292
226,7616.430933056,7616.515228764,,1,GPU-37ffc98b-8551-c8a1-5f3c-27ade9ae735a,ok,100,22,1514,349.021,75,1485,9501,5859,8349
226,7616.430933056,7616.557744397,,2,GPU-5443d59d-561f-ed1e-da42-1975937205f9,ok,0,0,453,27.77,36,210,405,439,341
226,7616.430933056,7616.6003002,,3,GPU-46bf67bb-cb31-bee1-3cf0-c35337ba97d2,ok,0,0,453,26.591,39,210,405,439,292
226,7616.430933056,7616.642869772,,4,GPU-127e16de-2b5f-dde9-1932-b4e29bb818c0,ok,0,0,453,23.796,34,210,405,439,341
227,7617.430933056,7617.47356133,,0,GPU-9b96eb67-aeee-89d5-aa85-fc650af4e25c,ok,0,0,453,26.524,38,210,405,439,292
227,7617.430933056,7617.515190692,,1,GPU-37ffc98b-8551-c8a1-5f3c-27ade9ae735a,ok,100,24,1514,349.715,76,1485,9501,6152,8105
227,7617.430933056,7617.557705355,,2,GPU-5443d59d-561f-ed1e-da42-1975937205f9,ok,0,0,453,27.817,36,210,405,390,341
227,7617.430933056,7617.600252028,,3,GPU-46bf67bb-cb31-bee1-3cf0-c35337ba97d2,ok,0,0,453,26.357,39,210,405,439,292
227,7617.430933056,7617.64281784,,4,GPU-127e16de-2b5f-dde9-1932-b4e29bb818c0,ok,0,0,453,23.948,34,210,405,439,341
228,7618.430933056,7618.473565178,,0,GPU-9b96eb67-aeee-89d5-aa85-fc650af4e25c,ok,0,0,453,26.541,38,210,405,439,292
228,7618.430933056,7618.51519307,,1,GPU-37ffc98b-8551-c8a1-5f3c-27ade9ae735a,ok,100,27,1514,349.734,76,1485,9501,5908,8398
228,7618.430933056,7618.557705273,,2,GPU-5443d59d-561f-ed1e-da42-1975937205f9,ok,0,0,453,27.994,36,210,405,439,341
228,7618.430933056,7618.600249986,,3,GPU-46bf67bb-cb31-bee1-3cf0-c35337ba97d2,ok,0,0,453,26.305,39,210,405,439,292
228,7618.430933056,7618.642797918,,4,GPU-127e16de-2b5f-dde9-1932-b4e29bb818c0,ok,0,0,453,23.609,34,210,405,390,292
229,7619.430933056,7619.473529416,,0,GPU-9b96eb67-aeee-89d5-aa85-fc650af4e25c,ok,0,0,453,26.612,38,210,405,390,292
229,7619.430933056,7619.515157028,,1,GPU-37ffc98b-8551-c8a1-5f3c-27ade9ae735a,ok,100,24,1514,349.135,76,1470,9501,6103,8398
229,7619.430933056,7619.557704551,,2,GPU-5443d59d-561f-ed1e-da42-1975937205f9,ok,0,0,453,27.847,36,210,405,390,292
229,7619.430933056,7619.600274084,,3,GPU-46bf67bb-cb31-bee1-3cf0-c35337ba97d2,ok,0,0,453,26.442,39,210,405,439,292
229,7619.430933056,7619.642837136,,4,GPU-127e16de-2b5f-dde9-1932-b4e29bb818c0,ok,0,0,453,23.633,34,210,405,439,292
230,7620.430933056,7620.473554114,,0,GPU-9b96eb67-aeee-89d5-aa85-fc650af4e25c,ok,0,0,453,26.671,38,210,405,390,341
230,7620.430933056,7620.515200966,,1,GPU-37ffc98b-8551-c8a1-5f3c-27ade9ae735a,ok,100,24,1514,349.08,76,1485,9501,6103,8300
230,7620.430933056,7620.557754269,,2,GPU-5443d59d-561f-ed1e-da42-1975937205f9,ok,0,0,453,27.8,36,210,405,439,341
230,7620.430933056,7620.600311652,,3,GPU-46bf67bb-cb31-bee1-3cf0-c35337ba97d2,ok,0,0,453,26.273,39,210,405,390,292
230,7620.430933056,7620.642880394,,4,GPU-127e16de-2b5f-dde9-1932-b4e29bb818c0,ok,0,0,453,23.601,34,210,405,439,292
231,7621.430933056,7621.473555772,,0,GPU-9b96eb67-aeee-89d5-aa85-fc650af4e25c,ok,0,0,453,26.767,38,210,405,439,341
231,7621.430933056,7621.515154074,,1,GPU-37ffc98b-8551-c8a1-5f3c-27ade9ae735a,ok,100,23,1514,349.0,76,1485,9501,5810,2734
231,7621.430933056,7621.557704377,,2,GPU-5443d59d-561f-ed1e-da42-1975937205f9,ok,0,0,453,27.869,36,210,405,439,292
231,7621.430933056,7621.60026673,,3,GPU-46bf67bb-cb31-bee1-3cf0-c35337ba97d2,ok,0,0,453,26.275,39,210,405,439,292
231,7621.430933056,7621.642853652,,4,GPU-127e16de-2b5f-dde9-1932-b4e29bb818c0,ok,0,0,453,23.641,34,210,405,390,292
232,7622.430933056,7622.47379273,,0,GPU-9b96eb67-aeee-89d5-aa85-fc650af4e25c,ok,0,0,453,26.646,38,210,405,390,292
232,7622.430933056,7622.515255352,,1,GPU-37ffc98b-8551-c8a1-5f3c-27ade9ae735a,ok,0,0,1514,248.679,67,1935,9501,390,244
232,7622.430933056,7622.557938015,,2,GPU-5443d59d-561f-ed1e-da42-1975937205f9,ok,0,0,453,27.801,36,210,405,439,292
232,7622.430933056,7622.600628278,,3,GPU-46bf67bb-cb31-bee1-3cf0-c35337ba97d2,ok,0,0,453,26.23,39,210,405,439,292
232,7622.430933056,7622.643310801,,4,GPU-127e16de-2b5f-dde9-1932-b4e29bb818c0,ok,0,0,453,23.846,34,210,405,439,292
233,7623.430933056,7623.473900728,,0,GPU-9b96eb67-aeee-89d5-aa85-fc650af4e25c,ok,0,0,453,26.762,38,210,405,439,292
233,7623.430933056,7623.51541568,,1,GPU-37ffc98b-8551-c8a1-5f3c-27ade9ae735a,ok,0,0,1514,175.666,66,1935,9501,390,292
233,7623.430933056,7623.558052473,,2,GPU-5443d59d-561f-ed1e-da42-1975937205f9,ok,0,0,453,27.89,36,210,405,439,292
233,7623.430933056,7623.600603496,,3,GPU-46bf67bb-cb31-bee1-3cf0-c35337ba97d2,ok,0,0,453,26.12,39,210,405,439,292
233,7623.430933056,7623.643150039,,4,GPU-127e16de-2b5f-dde9-1932-b4e29bb818c0,ok,0,0,453,23.638,34,210,405,439,292
234,7624.430933056,7624.473488526,,0,GPU-9b96eb67-aeee-89d5-aa85-fc650af4e25c,ok,0,0,450,26.895,38,210,405,439,292
234,7624.430933056,7624.514813868,,1,GPU-37ffc98b-8551-c8a1-5f3c-27ade9ae735a,ok,0,0,450,132.096,63,1710,9501,390,292
234,7624.430933056,7624.557517291,,2,GPU-5443d59d-561f-ed1e-da42-1975937205f9,ok,0,0,450,28.464,36,210,405,439,292
234,7624.430933056,7624.600248854,,3,GPU-46bf67bb-cb31-bee1-3cf0-c35337ba97d2,ok,0,0,450,28.253,40,210,405,439,292
234,7624.430933056,7624.642967307,,4,GPU-127e16de-2b5f-dde9-1932-b4e29bb818c0,ok,0,0,450,25.694,34,210,405,439,292
235,7625.430933056,7625.473936574,,0,GPU-9b96eb67-aeee-89d5-aa85-fc650af4e25c,ok,0,0,450,36.897,38,210,405,439,292
235,7625.430933056,7625.515415827,,1,GPU-37ffc98b-8551-c8a1-5f3c-27ade9ae735a,ok,0,0,450,118.239,62,1710,9751,390,292
235,7625.430933056,7625.558168909,,2,GPU-5443d59d-561f-ed1e-da42-1975937205f9,ok,0,0,450,36.06,36,210,405,439,292
235,7625.430933056,7625.600978102,,3,GPU-46bf67bb-cb31-bee1-3cf0-c35337ba97d2,ok,0,0,450,40.985,40,210,405,439,292
235,7625.430933056,7625.643758995,,4,GPU-127e16de-2b5f-dde9-1932-b4e29bb818c0,ok,0,0,450,33.691,34,210,405,439,292
