tick_index,t_target_raw_s,t_receipt_raw_s,utc_anchor,gpu_index,gpu_uuid,status,util_gpu_pct,util_mem_pct,mem_used_mib,power_w,temp_c,clock_sm_mhz,clock_mem_mhz,pcie_tx_kbps,pcie_rx_kbps
-1,17627.072091732,17627.072242442,2026-08-25T01:17:29.208336+00:00,-1,anchor,anchor,,,,,,,,,
0,17627.072091732,17627.080429725,,0,GPU-42e33043-7008-2803-9ba8-9bb9ef7d0845,ok,0,0,464,97.321,64,420,5001,439,341
0,17627.072091732,17627.085836998,,1,GPU-bff95c83-0adb-feb7-9825-359f31b26de8,ok,0,0,464,41.867,38,210,405,1025,390
1,17628.072091732,17628.072431649,,0,GPU-42e33043-7008-2803-9ba8-9bb9ef7d0845,ok,0,0,464,72.877,61,255,810,439,341
1,17628.072091732,17628.072513079,,1,GPU-bff95c83-0adb-feb7-9825-359f31b26de8,ok,0,0,464,29.66,37,210,405,634,341
2,17629.072091732,17629.072612035,,0,GPU-42e33043-7008-2803-9ba8-9bb9ef7d0845,ok,0,0,464,32.812,60,210,405,439,341
2,17629.072091732,17629.072666045,,1,GPU-bff95c83-0adb-feb7-9825-359f31b26de8,ok,0,0,464,28.278,37,210,405,1123,341
3,17630.072091732,17630.072621662,,0,GPU-42e33043-7008-2803-9ba8-9bb9ef7d0845,ok,0,0,464,34.297,60,210,405,439,341
3,17630.072091732,17630.072734002,,1,GPU-bff95c83-0adb-feb7-9825-359f31b26de8,ok,0,0,464,31.393,38,210,405,1074,341
4,17631.072091732,17631.072582489,,0,GPU-42e33043-7008-2803-9ba8-9bb9ef7d0845,ok,0,0,464,25.241,60,210,405,488,341
4,17631.072091732,17631.072671939,,1,GPU-bff95c83-0adb-feb7-9825-359f31b26de8,ok,0,0,464,37.58,38,210,405,1269,341
5,17632.072091732,17632.072429686,,0,GPU-42e33043-7008-2803-9ba8-9bb9ef7d0845,ok,100,34,1528,110.199,71,1485,9501,4394,11376
5,17632.072091732,17632.072483556,,1,GPU-bff95c83-0adb-feb7-9825-359f31b26de8,ok,0,0,467,29.637,38,210,405,634,341
6,17633.072091732,17633.072432343,,0,GPU-42e33043-7008-2803-9ba8-9bb9ef7d0845,ok,100,22,1528,348.204,75,1485,9501,3710,12988
6,17633.072091732,17633.072548743,,1,GPU-bff95c83-0adb-feb7-9825-359f31b26de8,ok,0,0,467,42.013,38,210,405,634,341
7,17634.072091732,17634.07242953,,0,GPU-42e33043-7008-2803-9ba8-9bb9ef7d0845,ok,100,22,1528,349.503,76,1470,9501,2929,15478
7,17634.072091732,17634.07248271,,1,GPU-bff95c83-0adb-feb7-9825-359f31b26de8,ok,0,0,467,30.173,38,210,405,488,390
8,17635.072091732,17635.072439326,,0,GPU-42e33043-7008-2803-9ba8-9bb9ef7d0845,ok,100,23,1528,349.112,77,1455,9501,2636,13671
8,17635.072091732,17635.072495946,,1,GPU-bff95c83-0adb-feb7-9825-359f31b26de8,ok,0,0,467,28.909,38,210,405,439,390
9,17636.072091732,17636.072426033,,0,GPU-42e33043-7008-2803-9ba8-9bb9ef7d0845,ok,100,23,1528,349.303,78,1470,9501,3417,11083
9,17636.072091732,17636.072480683,,1,GPU-bff95c83-0adb-feb7-9825-359f31b26de8,ok,0,0,467,28.567,38,210,405,439,390
10,17637.072091732,17637.07242991,,0,GPU-42e33043-7008-2803-9ba8-9bb9ef7d0845,ok,100,23,1528,349.165,78,1470,9501,4199,9277
10,17637.072091732,17637.07250273,,1,GPU-bff95c83-0adb-feb7-9825-359f31b26de8,ok,0,0,467,30.605,38,210,405,439,341
11,17638.072091732,17638.072424277,,0,GPU-42e33043-7008-2803-9ba8-9bb9ef7d0845,ok,100,21,1528,349.261,79,1470,9501,3027,13671
11,17638.072091732,17638.072496977,,1,GPU-bff95c83-0adb-feb7-9825-359f31b26de8,ok,0,0,467,36.684,38,210,405,439,341
12,17639.072091732,17639.072433744,,0,GPU-42e33043-7008-2803-9ba8-9bb9ef7d0845,ok,100,22,1528,349.279,79,1440,9501,2832,12207
12,17639.072091732,17639.072495914,,1,GPU-bff95c83-0adb-feb7-9825-359f31b26de8,ok,0,0,467,29.963,38,210,405,439,390
13,17640.072091732,17640.072433481,,0,GPU-42e33043-7008-2803-9ba8-9bb9ef7d0845,ok,100,22,1528,349.207,79,1470,9501,4101,8105
13,17640.072091732,17640.072480931,,1,GPU-bff95c83-0adb-feb7-9825-359f31b26de8,ok,0,0,467,28.623,38,210,405,488,390
14,17641.072091732,17641.072426797,,0,GPU-42e33043-7008-2803-9ba8-9bb9ef7d0845,ok,100,21,1528,349.116,80,1470,9501,3173,12890
14,17641.072091732,17641.072473457,,1,GPU-bff95c83-0adb-feb7-9825-359f31b26de8,ok,0,0,467,28.501,38,210,405,439,390
15,17642.072091732,17642.072424164,,0,GPU-42e33043-7008-2803-9ba8-9bb9ef7d0845,ok,100,28,1528,349.559,80,1395,9501,3125,10449
15,17642.072091732,17642.072473934,,1,GPU-bff95c83-0adb-feb7-9825-359f31b26de8,ok,0,0,467,28.551,38,210,405,439,390
16,17643.072091732,17643.072426581,,0,GPU-42e33043-7008-2803-9ba8-9bb9ef7d0845,ok,100,20,1528,348.708,80,1455,9501,4101,9423
16,17643.072091732,17643.072498911,,1,GPU-bff95c83-0adb-feb7-9825-359f31b26de8,ok,0,0,467,28.661,38,210,405,439,390
17,17644.072091732,17644.072447338,,0,GPU-42e33043-7008-2803-9ba8-9bb9ef7d0845,ok,100,20,1528,349.179,80,1440,9501,2587,12353
17,17644.072091732,17644.072513898,,1,GPU-bff95c83-0adb-feb7-9825-359f31b26de8,ok,0,0,467,29.955,38,210,405,439,390
18,17645.072091732,17645.072423165,,0,GPU-42e33043-7008-2803-9ba8-9bb9ef7d0845,ok,100,20,1528,349.066,80,1455,9501,4101,8349
18,17645.072091732,17645.072495895,,1,GPU-bff95c83-0adb-feb7-9825-359f31b26de8,ok,0,0,467,40.329,38,210,405,488,390
19,17646.072091732,17646.072425812,,0,GPU-42e33043-7008-2803-9ba8-9bb9ef7d0845,ok,100,21,1528,349.279,81,1425,9501,2392,12988
19,17646.072091732,17646.072471752,,1,GPU-bff95c83-0adb-feb7-9825-359f31b26de8,ok,0,0,467,30.632,38,210,405,488,390
20,17647.072091732,17647.072468538,,0,GPU-42e33043-7008-2803-9ba8-9bb9ef7d0845,ok,100,21,1528,349.034,81,1455,9501,4199,8154
20,17647.072091732,17647.072505738,,1,GPU-bff95c83-0adb-feb7-9825-359f31b26de8,ok,0,0,467,29.167,37,210,405,439,390
21,17648.072091732,17648.072418255,,0,GPU-42e33043-7008-2803-9ba8-9bb9ef7d0845,ok,100,21,1528,349.36,81,1425,9501,2587,12792
21,17648.072091732,17648.072486405,,1,GPU-bff95c83-0adb-feb7-9825-359f31b26de8,ok,0,0,467,28.574,37,210,405,439,390
22,17649.072091732,17649.072428962,,0,GPU-42e33043-7008-2803-9ba8-9bb9ef7d0845,ok,100,21,1528,349.001,81,1455,9501,4199,8300
22,17649.072091732,17649.072478462,,1,GPU-bff95c83-0adb-feb7-9825-359f31b26de8,ok,0,0,467,28.401,38,210,405,439,390
23,17650.072091732,17650.072419259,,0,GPU-42e33043-7008-2803-9ba8-9bb9ef7d0845,ok,100,20,1528,349.714,81,1425,9501,2685,11132
23,17650.072091732,17650.072462779,,1,GPU-bff95c83-0adb-feb7-9825-359f31b26de8,ok,0,0,467,28.629,37,210,405,439,439
24,17651.072091732,17651.072422566,,0,GPU-42e33043-7008-2803-9ba8-9bb9ef7d0845,ok,100,20,1528,349.373,81,1440,9501,3710,10058
24,17651.072091732,17651.072489126,,1,GPU-bff95c83-0adb-feb7-9825-359f31b26de8,ok,0,0,467,28.895,38,210,405,439,390
25,17652.072091732,17652.072428263,,0,GPU-42e33043-7008-2803-9ba8-9bb9ef7d0845,ok,100,21,1528,349.592,81,1425,9501,3271,10400
25,17652.072091732,17652.072494223,,1,GPU-bff95c83-0adb-feb7-9825-359f31b26de8,ok,0,0,467,39.676,38,210,405,439,390
26,17653.072091732,17653.072430239,,0,GPU-42e33043-7008-2803-9ba8-9bb9ef7d0845,ok,100,20,1528,349.335,81,1440,9501,3173,11718
26,17653.072091732,17653.072502349,,1,GPU-bff95c83-0adb-feb7-9825-359f31b26de8,ok,0,0,467,30.634,38,210,405,439,390
27,17654.072091732,17654.072503796,,0,GPU-42e33043-7008-2803-9ba8-9bb9ef7d0845,ok,100,21,1528,349.414,82,1440,9501,3759,8105
27,17654.072091732,17654.072556966,,1,GPU-bff95c83-0adb-feb7-9825-359f31b26de8,ok,0,0,467,29.171,38,210,405,439,390
28,17655.072091732,17655.072432563,,0,GPU-42e33043-7008-2803-9ba8-9bb9ef7d0845,ok,100,20,1528,349.374,82,1440,9501,2587,13037
28,17655.072091732,17655.072506043,,1,GPU-bff95c83-0adb-feb7-9825-359f31b26de8,ok,0,0,467,28.663,38,210,405,439,439
29,17656.072091732,17656.07242295,,0,GPU-42e33043-7008-2803-9ba8-9bb9ef7d0845,ok,100,20,1528,349.188,82,1455,9501,4248,7568
29,17656.072091732,17656.07248585,,1,GPU-bff95c83-0adb-feb7-9825-359f31b26de8,ok,0,0,467,28.55,38,210,405,439,390
30,17657.072091732,17657.072437477,,0,GPU-42e33043-7008-2803-9ba8-9bb9ef7d0845,ok,100,21,1528,349.53,82,1410,9501,2490,12304
30,17657.072091732,17657.072507857,,1,GPU-bff95c83-0adb-feb7-9825-359f31b26de8,ok,0,0,467,28.623,37,210,405,488,439
31,17658.072091732,17658.072534124,,0,GPU-42e33043-7008-2803-9ba8-9bb9ef7d0845,ok,0,0,1528,243.79,72,1920,9501,390,292
31,17658.072091732,17658.072596544,,1,GPU-bff95c83-0adb-feb7-9825-359f31b26de8,ok,0,0,467,28.479,37,210,405,439,439
32,17659.072091732,17659.07253095,,0,GPU-42e33043-7008-2803-9ba8-9bb9ef7d0845,ok,0,0,1528,193.265,72,1920,9501,390,341
32,17659.072091732,17659.072600351,,1,GPU-bff95c83-0adb-feb7-9825-359f31b26de8,ok,0,0,467,33.769,38,210,405,439,390
33,17660.072091732,17660.072420257,,0,GPU-42e33043-7008-2803-9ba8-9bb9ef7d0845,ok,100,24,1528,228.166,79,1470,9501,3808,10351
33,17660.072091732,17660.072489797,,1,GPU-bff95c83-0adb-feb7-9825-359f31b26de8,ok,0,0,467,39.611,38,210,405,439,390
34,17661.072091732,17661.072426044,,0,GPU-42e33043-7008-2803-9ba8-9bb9ef7d0845,ok,100,21,1528,349.17,80,1455,9501,3466,10839
34,17661.072091732,17661.072497734,,1,GPU-bff95c83-0adb-feb7-9825-359f31b26de8,ok,0,0,467,29.673,38,210,405,439,390
35,17662.072091732,17662.072419761,,0,GPU-42e33043-7008-2803-9ba8-9bb9ef7d0845,ok,100,22,1528,349.861,81,1440,9501,3271,9716
35,17662.072091732,17662.072481371,,1,GPU-bff95c83-0adb-feb7-9825-359f31b26de8,ok,0,0,467,28.663,37,210,405,439,390
36,17663.072091732,17663.072480898,,0,GPU-42e33043-7008-2803-9ba8-9bb9ef7d0845,ok,100,21,1528,349.926,81,1440,9501,3222,12158
36,17663.072091732,17663.072503608,,1,GPU-bff95c83-0adb-feb7-9825-359f31b26de8,ok,0,0,467,28.669,37,210,405,439,439
37,17664.072091732,17664.072421295,,0,GPU-42e33043-7008-2803-9ba8-9bb9ef7d0845,ok,100,21,1528,349.449,81,1425,9501,3564,8154
37,17664.072091732,17664.072486435,,1,GPU-bff95c83-0adb-feb7-9825-359f31b26de8,ok,0,0,467,28.704,38,210,405,488,390
38,17665.072091732,17665.072426261,,0,GPU-42e33043-7008-2803-9ba8-9bb9ef7d0845,ok,100,20,1528,349.623,81,1440,9501,2783,13183
38,17665.072091732,17665.072497542,,1,GPU-bff95c83-0adb-feb7-9825-359f31b26de8,ok,0,0,467,28.876,37,210,405,537,390
39,17666.072091732,17666.072422238,,0,GPU-42e33043-7008-2803-9ba8-9bb9ef7d0845,ok,100,24,1528,349.064,81,1365,9501,4101,7861
39,17666.072091732,17666.072486518,,1,GPU-bff95c83-0adb-feb7-9825-359f31b26de8,ok,0,0,467,33.643,38,210,405,439,390
40,17667.072091732,17667.072439535,,0,GPU-42e33043-7008-2803-9ba8-9bb9ef7d0845,ok,100,21,1528,348.677,81,1425,9501,2734,11718
40,17667.072091732,17667.072497515,,1,GPU-bff95c83-0adb-feb7-9825-359f31b26de8,ok,0,0,467,40.299,38,210,405,439,439
41,17668.072091732,17668.072416152,,0,GPU-42e33043-7008-2803-9ba8-9bb9ef7d0845,ok,100,19,1528,348.93,81,1425,9501,3710,11132
41,17668.072091732,17668.072485672,,1,GPU-bff95c83-0adb-feb7-9825-359f31b26de8,ok,0,0,467,31.151,38,210,405,439,390
42,17669.072091732,17669.072427219,,0,GPU-42e33043-7008-2803-9ba8-9bb9ef7d0845,ok,100,20,1528,348.775,81,1425,9501,3320,9716
42,17669.072091732,17669.072500189,,1,GPU-bff95c83-0adb-feb7-9825-359f31b26de8,ok,0,0,467,29.396,38,210,405,439,390
43,17670.072091732,17670.072456226,,0,GPU-42e33043-7008-2803-9ba8-9bb9ef7d0845,ok,100,20,1528,348.971,82,1440,9501,2832,12939
43,17670.072091732,17670.072473116,,1,GPU-bff95c83-0adb-feb7-9825-359f31b26de8,ok,0,0,467,28.557,38,210,405,439,390
44,17671.072091732,17671.072469503,,0,GPU-42e33043-7008-2803-9ba8-9bb9ef7d0845,ok,100,20,1528,348.797,82,1395,9501,3662,7910
44,17671.072091732,17671.072485443,,1,GPU-bff95c83-0adb-feb7-9825-359f31b26de8,ok,0,0,467,28.514,38,210,405,488,390
45,17672.072091732,17672.072471799,,0,GPU-42e33043-7008-2803-9ba8-9bb9ef7d0845,ok,100,21,1528,349.427,82,1425,9501,2490,11767
45,17672.072091732,17672.072483599,,1,GPU-bff95c83-0adb-feb7-9825-359f31b26de8,ok,0,0,467,28.712,37,210,405,439,390
46,17673.072091732,17673.072420896,,0,GPU-42e33043-7008-2803-9ba8-9bb9ef7d0845,ok,100,18,1528,348.977,82,1440,9501,3613,10107
46,17673.072091732,17673.072495116,,1,GPU-bff95c83-0adb-feb7-9825-359f31b26de8,ok,0,0,467,32.202,38,210,405,439,390
47,17674.072091732,17674.072469233,,0,GPU-42e33043-7008-2803-9ba8-9bb9ef7d0845,ok,100,20,1528,348.52,82,1425,9501,3271,10302
47,17674.072091732,17674.072484943,,1,GPU-bff95c83-0adb-feb7-9825-359f31b26de8,ok,0,0,467,39.476,38,210,405,439,390
48,17675.072091732,17675.07244491,,0,GPU-42e33043-7008-2803-9ba8-9bb9ef7d0845,ok,100,19,1528,348.707,82,1440,9501,2978,13281
48,17675.072091732,17675.07251151,,1,GPU-bff95c83-0adb-feb7-9825-359f31b26de8,ok,0,0,467,30.614,38,210,405,439,439
49,17676.072091732,17676.072475687,,0,GPU-42e33043-7008-2803-9ba8-9bb9ef7d0845,ok,100,20,1528,348.568,82,1425,9501,4248,7275
49,17676.072091732,17676.072494577,,1,GPU-bff95c83-0adb-feb7-9825-359f31b26de8,ok,0,0,467,29.169,37,210,405,439,439
50,17677.072091732,17677.072423984,,0,GPU-42e33043-7008-2803-9ba8-9bb9ef7d0845,ok,100,20,1528,349.118,82,1440,9501,2441,11962
50,17677.072091732,17677.072495614,,1,GPU-bff95c83-0adb-feb7-9825-359f31b26de8,ok,0,0,467,28.639,37,210,405,439,390
51,17678.072091732,17678.07241787,,0,GPU-42e33043-7008-2803-9ba8-9bb9ef7d0845,ok,100,20,1528,349.191,82,1440,9501,3857,10302
51,17678.072091732,17678.07246177,,1,GPU-bff95c83-0adb-feb7-9825-359f31b26de8,ok,0,0,467,28.461,38,210,405,439,390
52,17679.072091732,17679.072427777,,0,GPU-42e33043-7008-2803-9ba8-9bb9ef7d0845,ok,100,20,1528,349.464,82,1425,9501,3271,9667
52,17679.072091732,17679.072495567,,1,GPU-bff95c83-0adb-feb7-9825-359f31b26de8,ok,0,0,467,28.458,38,210,405,439,390
53,17680.072091732,17680.072496284,,0,GPU-42e33043-7008-2803-9ba8-9bb9ef7d0845,ok,100,25,1528,348.771,82,1440,9501,2636,13525
53,17680.072091732,17680.072945794,,1,GPU-bff95c83-0adb-feb7-9825-359f31b26de8,ok,0,0,467,30.687,38,210,405,439,390
54,17681.072091732,17681.072424631,,0,GPU-42e33043-7008-2803-9ba8-9bb9ef7d0845,ok,100,19,1528,348.942,82,1440,9501,3906,8886
54,17681.072091732,17681.072495281,,1,GPU-bff95c83-0adb-feb7-9825-359f31b26de8,ok,0,0,467,39.486,38,210,405,439,390
55,17682.072091732,17682.072425968,,0,GPU-42e33043-7008-2803-9ba8-9bb9ef7d0845,ok,100,20,1528,349.067,82,1425,9501,3125,10449
55,17682.072091732,17682.072496748,,1,GPU-bff95c83-0adb-feb7-9825-359f31b26de8,ok,0,0,467,29.828,38,210,405,439,390
56,17683.072091732,17683.072423365,,0,GPU-42e33043-7008-2803-9ba8-9bb9ef7d0845,ok,100,22,1528,349.66,82,1425,9501,3222,15234
56,17683.072091732,17683.072493025,,1,GPU-bff95c83-0adb-feb7-9825-359f31b26de8,ok,0,0,467,28.634,37,210,405,439,439
57,17684.072091732,17684.072416311,,0,GPU-42e33043-7008-2803-9ba8-9bb9ef7d0845,ok,100,19,1528,348.975,82,1440,9501,3906,8837
57,17684.072091732,17684.072467401,,1,GPU-bff95c83-0adb-feb7-9825-359f31b26de8,ok,0,0,467,28.503,37,210,405,439,390
58,17685.072091732,17685.072522418,,0,GPU-42e33043-7008-2803-9ba8-9bb9ef7d0845,ok,100,20,1528,349.114,82,1425,9501,3173,9716
58,17685.072091732,17685.072591108,,1,GPU-bff95c83-0adb-feb7-9825-359f31b26de8,ok,0,0,467,28.289,38,210,405,439,390
59,17686.072091732,17686.072539745,,0,GPU-42e33043-7008-2803-9ba8-9bb9ef7d0845,ok,0,0,1528,232.829,73,1920,9501,439,292
59,17686.072091732,17686.072607135,,1,GPU-bff95c83-0adb-feb7-9825-359f31b26de8,ok,0,0,467,28.301,37,210,405,488,390
60,17687.072091732,17687.072536792,,0,GPU-42e33043-7008-2803-9ba8-9bb9ef7d0845,ok,0,0,1528,165.934,71,1920,9501,341,292
60,17687.072091732,17687.072608282,,1,GPU-bff95c83-0adb-feb7-9825-359f31b26de8,ok,0,0,467,29.31,38,210,405,439,390
61,17688.072091732,17688.072420809,,0,GPU-42e33043-7008-2803-9ba8-9bb9ef7d0845,ok,100,23,1528,282.652,79,1455,9501,3906,5664
61,17688.072091732,17688.072491599,,1,GPU-bff95c83-0adb-feb7-9825-359f31b26de8,ok,0,0,467,39.848,38,210,405,439,439
62,17689.072091732,17689.072424816,,0,GPU-42e33043-7008-2803-9ba8-9bb9ef7d0845,ok,100,21,1528,348.93,80,1455,9501,2441,11474
62,17689.072091732,17689.072478326,,1,GPU-bff95c83-0adb-feb7-9825-359f31b26de8,ok,0,0,467,29.431,38,210,405,439,390
63,17690.072091732,17690.072479672,,0,GPU-42e33043-7008-2803-9ba8-9bb9ef7d0845,ok,100,20,1528,349.501,81,1425,9501,3710,9228
63,17690.072091732,17690.072503552,,1,GPU-bff95c83-0adb-feb7-9825-359f31b26de8,ok,0,0,467,28.25,37,210,405,439,390
64,17691.072091732,17691.072412959,,0,GPU-42e33043-7008-2803-9ba8-9bb9ef7d0845,ok,100,20,1528,348.324,81,1425,9501,3076,9716
64,17691.072091732,17691.072476949,,1,GPU-bff95c83-0adb-feb7-9825-359f31b26de8,ok,0,0,467,28.278,37,210,405,439,390
65,17692.072091732,17692.072421236,,0,GPU-42e33043-7008-2803-9ba8-9bb9ef7d0845,ok,100,19,1528,349.069,81,1440,9501,3271,11718
65,17692.072091732,17692.072470426,,1,GPU-bff95c83-0adb-feb7-9825-359f31b26de8,ok,0,0,467,28.452,37,210,405,439,390
66,17693.072091732,17693.072425883,,0,GPU-42e33043-7008-2803-9ba8-9bb9ef7d0845,ok,100,19,1528,348.922,81,1410,9501,3564,8691
66,17693.072091732,17693.072497753,,1,GPU-bff95c83-0adb-feb7-9825-359f31b26de8,ok,0,0,467,28.674,37,210,405,439,390
67,17694.072091732,17694.07243127,,0,GPU-42e33043-7008-2803-9ba8-9bb9ef7d0845,ok,100,20,1528,349.018,81,1440,9501,2685,13476
67,17694.072091732,17694.07249734,,1,GPU-bff95c83-0adb-feb7-9825-359f31b26de8,ok,1,0,467,28.864,37,210,405,439,390
68,17695.072091732,17695.072475857,,0,GPU-42e33043-7008-2803-9ba8-9bb9ef7d0845,ok,100,20,1528,348.981,81,1425,9501,4101,7812
68,17695.072091732,17695.072500207,,1,GPU-bff95c83-0adb-feb7-9825-359f31b26de8,ok,0,0,467,40.216,38,210,405,439,390
69,17696.072091732,17696.072469673,,0,GPU-42e33043-7008-2803-9ba8-9bb9ef7d0845,ok,100,19,1528,348.604,81,1440,9501,2539,11816
69,17696.072091732,17696.072497923,,1,GPU-bff95c83-0adb-feb7-9825-359f31b26de8,ok,0,0,467,30.397,38,210,405,439,439
70,17697.072091732,17697.07242411,,0,GPU-42e33043-7008-2803-9ba8-9bb9ef7d0845,ok,100,20,1528,348.996,81,1455,9501,3613,10009
70,17697.072091732,17697.07249148,,1,GPU-bff95c83-0adb-feb7-9825-359f31b26de8,ok,0,0,467,28.88,37,210,405,439,390
71,17698.072091732,17698.072424257,,0,GPU-42e33043-7008-2803-9ba8-9bb9ef7d0845,ok,100,20,1528,349.154,82,1410,9501,3369,9326
71,17698.072091732,17698.072487237,,1,GPU-bff95c83-0adb-feb7-9825-359f31b26de8,ok,0,0,467,28.316,37,210,405,439,390
72,17699.072091732,17699.072429824,,0,GPU-42e33043-7008-2803-9ba8-9bb9ef7d0845,ok,100,20,1528,349.284,81,1440,9501,2832,13183
72,17699.072091732,17699.072478974,,1,GPU-bff95c83-0adb-feb7-9825-359f31b26de8,ok,0,0,467,28.17,37,210,405,488,390
73,17700.072091732,17700.072544401,,0,GPU-42e33043-7008-2803-9ba8-9bb9ef7d0845,ok,100,19,1528,348.84,82,1425,9501,4003,7958
73,17700.072091732,17700.072626671,,1,GPU-bff95c83-0adb-feb7-9825-359f31b26de8,ok,0,0,467,28.239,37,210,405,439,390
74,17701.072091732,17701.072438558,,0,GPU-42e33043-7008-2803-9ba8-9bb9ef7d0845,ok,100,20,1528,348.559,82,1425,9501,2734,11035
74,17701.072091732,17701.072505788,,1,GPU-bff95c83-0adb-feb7-9825-359f31b26de8,ok,0,0,467,28.202,37,210,405,439,390
75,17702.072091732,17702.072416334,,0,GPU-42e33043-7008-2803-9ba8-9bb9ef7d0845,ok,100,19,1528,348.939,82,1440,9501,3320,11523
75,17702.072091732,17702.072462764,,1,GPU-bff95c83-0adb-feb7-9825-359f31b26de8,ok,0,0,467,39.299,38,210,405,439,390
76,17703.072091732,17703.072423711,,0,GPU-42e33043-7008-2803-9ba8-9bb9ef7d0845,ok,100,19,1528,348.318,82,1425,9501,3759,8837
76,17703.072091732,17703.072469701,,1,GPU-bff95c83-0adb-feb7-9825-359f31b26de8,ok,0,0,467,39.522,38,210,405,488,390
77,17704.072091732,17704.072420218,,0,GPU-42e33043-7008-2803-9ba8-9bb9ef7d0845,ok,100,19,1528,348.6,82,1440,9501,2539,13623
77,17704.072091732,17704.072486218,,1,GPU-bff95c83-0adb-feb7-9825-359f31b26de8,ok,0,0,467,30.319,38,210,405,439,390
78,17705.072091732,17705.072494575,,0,GPU-42e33043-7008-2803-9ba8-9bb9ef7d0845,ok,100,19,1528,348.968,82,1440,9501,3955,9130
78,17705.072091732,17705.072959405,,1,GPU-bff95c83-0adb-feb7-9825-359f31b26de8,ok,0,0,467,28.717,37,210,405,439,390
79,17706.072091732,17706.072420412,,0,GPU-42e33043-7008-2803-9ba8-9bb9ef7d0845,ok,100,19,1528,348.832,82,1425,9501,3222,9277
79,17706.072091732,17706.072488392,,1,GPU-bff95c83-0adb-feb7-9825-359f31b26de8,ok,0,0,467,28.244,37,210,405,439,390
80,17707.072091732,17707.072419489,,0,GPU-42e33043-7008-2803-9ba8-9bb9ef7d0845,ok,100,20,1528,348.819,82,1440,9501,2734,13330
80,17707.072091732,17707.072465439,,1,GPU-bff95c83-0adb-feb7-9825-359f31b26de8,ok,0,0,467,28.558,37,210,405,439,390
81,17708.072091732,17708.072491865,,0,GPU-42e33043-7008-2803-9ba8-9bb9ef7d0845,ok,100,19,1528,348.914,82,1440,9501,4296,7666
81,17708.072091732,17708.072525316,,1,GPU-bff95c83-0adb-feb7-9825-359f31b26de8,ok,0,0,467,28.711,37,210,405,439,390
82,17709.072091732,17709.072423882,,0,GPU-42e33043-7008-2803-9ba8-9bb9ef7d0845,ok,100,20,1528,349.106,82,1410,9501,2783,10839
82,17709.072091732,17709.072490382,,1,GPU-bff95c83-0adb-feb7-9825-359f31b26de8,ok,0,0,467,33.362,38,210,405,439,390
83,17710.072091732,17710.072420259,,0,GPU-42e33043-7008-2803-9ba8-9bb9ef7d0845,ok,100,20,1528,349.412,82,1440,9501,3173,12744
83,17710.072091732,17710.072490409,,1,GPU-bff95c83-0adb-feb7-9825-359f31b26de8,ok,0,0,467,39.827,38,210,405,439,390
84,17711.072091732,17711.072426766,,0,GPU-42e33043-7008-2803-9ba8-9bb9ef7d0845,ok,100,20,1528,349.393,82,1425,9501,3955,7812
84,17711.072091732,17711.072488956,,1,GPU-bff95c83-0adb-feb7-9825-359f31b26de8,ok,0,0,467,29.481,38,210,405,439,390
85,17712.072091732,17712.072418023,,0,GPU-42e33043-7008-2803-9ba8-9bb9ef7d0845,ok,100,19,1528,348.774,82,1440,9501,2441,11962
85,17712.072091732,17712.072479723,,1,GPU-bff95c83-0adb-feb7-9825-359f31b26de8,ok,0,0,467,28.267,38,210,405,439,390
86,17713.072091732,17713.07241982,,0,GPU-42e33043-7008-2803-9ba8-9bb9ef7d0845,ok,100,21,1528,349.225,82,1440,9501,3417,7617
86,17713.072091732,17713.07248242,,1,GPU-bff95c83-0adb-feb7-9825-359f31b26de8,ok,0,0,467,28.193,38,210,405,439,390
87,17714.072091732,17714.072583817,,0,GPU-42e33043-7008-2803-9ba8-9bb9ef7d0845,ok,0,0,1528,221.963,72,1920,9501,439,244
87,17714.072091732,17714.072618857,,1,GPU-bff95c83-0adb-feb7-9825-359f31b26de8,ok,0,0,467,28.382,37,210,405,488,390
88,17715.072091732,17715.072439613,,0,GPU-42e33043-7008-2803-9ba8-9bb9ef7d0845,ok,0,0,1528,165.033,71,1920,9501,439,292
88,17715.072091732,17715.072487903,,1,GPU-bff95c83-0adb-feb7-9825-359f31b26de8,ok,0,0,467,28.482,38,210,405,439,390
89,17716.072091732,17716.0724663,,0,GPU-42e33043-7008-2803-9ba8-9bb9ef7d0845,ok,16,1,464,136.279,68,1695,9751,390,292
89,17716.072091732,17716.07250454,,1,GPU-bff95c83-0adb-feb7-9825-359f31b26de8,ok,0,0,464,32.558,38,210,405,439,439
90,17717.072091732,17717.072408007,,0,GPU-42e33043-7008-2803-9ba8-9bb9ef7d0845,ok,0,0,464,129.234,67,1695,9751,4101,20214
90,17717.072091732,17717.073046787,,1,GPU-bff95c83-0adb-feb7-9825-359f31b26de8,ok,0,0,464,41.724,38,210,405,12695,2441
91,17718.072091732,17718.072531914,,0,GPU-42e33043-7008-2803-9ba8-9bb9ef7d0845,ok,100,22,1528,204.295,76,1485,9501,3369,13671
91,17718.072091732,17718.072567174,,1,GPU-bff95c83-0adb-feb7-9825-359f31b26de8,ok,0,0,467,35.873,38,210,405,439,390
92,17719.072091732,17719.072423801,,0,GPU-42e33043-7008-2803-9ba8-9bb9ef7d0845,ok,100,23,1528,349.705,78,1470,9501,2978,12500
92,17719.072091732,17719.072486691,,1,GPU-bff95c83-0adb-feb7-9825-359f31b26de8,ok,0,0,467,42.044,38,210,405,439,390
93,17720.072091732,17720.072433728,,0,GPU-42e33043-7008-2803-9ba8-9bb9ef7d0845,ok,100,22,1528,349.938,79,1440,9501,4443,8300
93,17720.072091732,17720.072372997,,1,GPU-bff95c83-0adb-feb7-9825-359f31b26de8,ok,0,0,467,30.512,38,210,405,488,439
94,17721.072091732,17721.072430524,,0,GPU-42e33043-7008-2803-9ba8-9bb9ef7d0845,ok,100,21,1528,349.272,80,1470,9501,2832,14892
94,17721.072091732,17721.072500434,,1,GPU-bff95c83-0adb-feb7-9825-359f31b26de8,ok,0,0,467,28.996,38,210,405,439,390
95,17722.072091732,17722.072517801,,0,GPU-42e33043-7008-2803-9ba8-9bb9ef7d0845,ok,100,20,1528,349.196,80,1425,9501,781,8837
95,17722.072091732,17722.072499381,,1,GPU-bff95c83-0adb-feb7-9825-359f31b26de8,ok,0,0,467,28.307,38,210,405,439,390
96,17723.072091732,17723.072429588,,0,GPU-42e33043-7008-2803-9ba8-9bb9ef7d0845,ok,100,21,1528,349.211,80,1455,9501,3076,13867
96,17723.072091732,17723.072477998,,1,GPU-bff95c83-0adb-feb7-9825-359f31b26de8,ok,0,0,467,32.397,38,210,405,439,390
97,17724.072091732,17724.072424725,,0,GPU-42e33043-7008-2803-9ba8-9bb9ef7d0845,ok,100,21,1528,349.369,80,1440,9501,4345,7910
97,17724.072091732,17724.072493935,,1,GPU-bff95c83-0adb-feb7-9825-359f31b26de8,ok,0,0,467,35.461,38,210,405,439,390
98,17725.072091732,17725.072415612,,0,GPU-42e33043-7008-2803-9ba8-9bb9ef7d0845,ok,100,21,1528,349.36,81,1455,9501,2587,14453
98,17725.072091732,17725.072484092,,1,GPU-bff95c83-0adb-feb7-9825-359f31b26de8,ok,0,0,467,30.626,38,210,405,488,439
99,17726.072091732,17726.072481669,,0,GPU-42e33043-7008-2803-9ba8-9bb9ef7d0845,ok,100,19,1528,349.455,81,1425,9501,4296,7373
99,17726.072091732,17726.072499829,,1,GPU-bff95c83-0adb-feb7-9825-359f31b26de8,ok,0,0,467,29.094,37,210,405,439,390
100,17727.072091732,17727.072424345,,0,GPU-42e33043-7008-2803-9ba8-9bb9ef7d0845,ok,100,20,1528,348.866,81,1440,9501,2490,12695
100,17727.072091732,17727.072486685,,1,GPU-bff95c83-0adb-feb7-9825-359f31b26de8,ok,0,0,467,28.527,37,210,405,488,390
101,17728.072091732,17728.072426522,,0,GPU-42e33043-7008-2803-9ba8-9bb9ef7d0845,ok,100,20,1528,349.509,81,1425,9501,3808,8837
101,17728.072091732,17728.072494142,,1,GPU-bff95c83-0adb-feb7-9825-359f31b26de8,ok,0,0,467,28.576,37,210,405,439,390
102,17729.072091732,17729.072461319,,0,GPU-42e33043-7008-2803-9ba8-9bb9ef7d0845,ok,100,20,1528,349.284,81,1455,9501,1855,11230
102,17729.072091732,17729.072509459,,1,GPU-bff95c83-0adb-feb7-9825-359f31b26de8,ok,0,0,467,28.835,37,210,405,439,390
103,17730.072091732,17730.072420606,,0,GPU-42e33043-7008-2803-9ba8-9bb9ef7d0845,ok,100,21,1528,349.432,81,1440,9501,3808,11621
103,17730.072091732,17730.072484896,,1,GPU-bff95c83-0adb-feb7-9825-359f31b26de8,ok,0,0,467,30.835,38,210,405,439,390
104,17731.072091732,17731.072478113,,0,GPU-42e33043-7008-2803-9ba8-9bb9ef7d0845,ok,100,20,1528,349.39,81,1425,9501,3857,9570
104,17731.072091732,17731.072541823,,1,GPU-bff95c83-0adb-feb7-9825-359f31b26de8,ok,0,0,467,40.044,38,210,405,439,390
105,17732.072091732,17732.07242494,,0,GPU-42e33043-7008-2803-9ba8-9bb9ef7d0845,ok,100,20,1528,349.518,81,1455,9501,2783,13769
105,17732.072091732,17732.07249253,,1,GPU-bff95c83-0adb-feb7-9825-359f31b26de8,ok,0,0,467,30.161,38,210,405,439,390
106,17733.072091732,17733.072423206,,0,GPU-42e33043-7008-2803-9ba8-9bb9ef7d0845,ok,100,20,1528,349.379,82,1425,9501,4101,7324
106,17733.072091732,17733.072489556,,1,GPU-bff95c83-0adb-feb7-9825-359f31b26de8,ok,0,0,467,28.798,37,210,405,488,390
107,17734.072091732,17734.072418443,,0,GPU-42e33043-7008-2803-9ba8-9bb9ef7d0845,ok,100,20,1528,349.244,82,1440,9501,2490,12011
107,17734.072091732,17734.072479083,,1,GPU-bff95c83-0adb-feb7-9825-359f31b26de8,ok,0,0,467,28.541,37,210,405,439,390
108,17735.072091732,17735.07243439,,0,GPU-42e33043-7008-2803-9ba8-9bb9ef7d0845,ok,100,20,1528,349.466,82,1440,9501,3369,11181
108,17735.072091732,17735.07250178,,1,GPU-bff95c83-0adb-feb7-9825-359f31b26de8,ok,0,0,467,28.479,37,210,405,439,390
109,17736.072091732,17736.072429467,,0,GPU-42e33043-7008-2803-9ba8-9bb9ef7d0845,ok,100,20,1528,349.269,82,1440,9501,1074,8447
109,17736.072091732,17736.072479537,,1,GPU-bff95c83-0adb-feb7-9825-359f31b26de8,ok,0,0,467,28.479,37,210,405,439,390
110,17737.072091732,17737.072419824,,0,GPU-42e33043-7008-2803-9ba8-9bb9ef7d0845,ok,100,20,1528,349.204,82,1440,9501,2929,12158
110,17737.072091732,17737.072468844,,1,GPU-bff95c83-0adb-feb7-9825-359f31b26de8,ok,0,0,467,29.011,37,210,405,439,390
111,17738.072091732,17738.072423141,,0,GPU-42e33043-7008-2803-9ba8-9bb9ef7d0845,ok,100,21,1528,349.485,82,1425,9501,4150,8642
111,17738.072091732,17738.072490571,,1,GPU-bff95c83-0adb-feb7-9825-359f31b26de8,ok,0,0,467,40.25,38,210,405,488,390
112,17739.072091732,17739.072430387,,0,GPU-42e33043-7008-2803-9ba8-9bb9ef7d0845,ok,100,20,1528,349.608,82,1425,9501,3027,9912
112,17739.072091732,17739.072496547,,1,GPU-bff95c83-0adb-feb7-9825-359f31b26de8,ok,0,0,467,31.061,38,210,405,439,390
113,17740.072091732,17740.072444524,,0,GPU-42e33043-7008-2803-9ba8-9bb9ef7d0845,ok,100,20,1528,349.618,82,1440,9501,3027,12255
113,17740.072091732,17740.072494044,,1,GPU-bff95c83-0adb-feb7-9825-359f31b26de8,ok,0,0,467,29.519,37,210,405,439,390
114,17741.072091732,17741.072416961,,0,GPU-42e33043-7008-2803-9ba8-9bb9ef7d0845,ok,100,20,1528,349.382,82,1395,9501,4150,7177
114,17741.072091732,17741.072480761,,1,GPU-bff95c83-0adb-feb7-9825-359f31b26de8,ok,0,0,467,28.832,37,210,405,439,390
115,17742.072091732,17742.072421808,,0,GPU-42e33043-7008-2803-9ba8-9bb9ef7d0845,ok,100,19,1528,349.049,82,1440,9501,2539,12353
115,17742.072091732,17742.072483788,,1,GPU-bff95c83-0adb-feb7-9825-359f31b26de8,ok,0,0,467,28.665,37,210,405,439,390
116,17743.072091732,17743.072466605,,0,GPU-42e33043-7008-2803-9ba8-9bb9ef7d0845,ok,100,20,1528,349.031,82,1440,9501,390,4150
116,17743.072091732,17743.072499735,,1,GPU-bff95c83-0adb-feb7-9825-359f31b26de8,ok,0,0,467,28.855,37,210,405,439,390
117,17744.072091732,17744.072422662,,0,GPU-42e33043-7008-2803-9ba8-9bb9ef7d0845,ok,100,19,1528,349.275,82,1410,9501,3662,8349
117,17744.072091732,17744.072491732,,1,GPU-bff95c83-0adb-feb7-9825-359f31b26de8,ok,0,0,467,28.839,37,210,405,439,439
118,17745.072091732,17745.072421818,,0,GPU-42e33043-7008-2803-9ba8-9bb9ef7d0845,ok,100,19,1528,348.92,82,1440,9501,2392,13525
118,17745.072091732,17745.072488408,,1,GPU-bff95c83-0adb-feb7-9825-359f31b26de8,ok,0,0,467,39.158,38,210,405,439,390
119,17746.072091732,17746.072506005,,0,GPU-42e33043-7008-2803-9ba8-9bb9ef7d0845,ok,100,20,1528,348.934,82,1455,9501,3613,9863
119,17746.072091732,17746.072539445,,1,GPU-bff95c83-0adb-feb7-9825-359f31b26de8,ok,0,0,467,39.393,38,210,405,439,390
120,17747.072091732,17747.072433372,,0,GPU-42e33043-7008-2803-9ba8-9bb9ef7d0845,ok,100,20,1528,349.241,82,1425,9501,3417,9375
120,17747.072091732,17747.072495312,,1,GPU-bff95c83-0adb-feb7-9825-359f31b26de8,ok,0,0,467,30.541,38,210,405,439,390
121,17748.072091732,17748.072427729,,0,GPU-42e33043-7008-2803-9ba8-9bb9ef7d0845,ok,100,20,1528,349.107,82,1440,9501,2490,13037
121,17748.072091732,17748.072492859,,1,GPU-bff95c83-0adb-feb7-9825-359f31b26de8,ok,0,0,467,29.05,37,210,405,439,390
122,17749.072091732,17749.072436256,,0,GPU-42e33043-7008-2803-9ba8-9bb9ef7d0845,ok,100,20,1528,349.589,82,1425,9501,3906,8691
122,17749.072091732,17749.072501876,,1,GPU-bff95c83-0adb-feb7-9825-359f31b26de8,ok,0,0,467,28.547,37,210,405,488,390
123,17750.072091732,17750.072425103,,0,GPU-42e33043-7008-2803-9ba8-9bb9ef7d0845,ok,100,20,1528,349.154,82,1425,9501,2050,341
123,17750.072091732,17750.072474423,,1,GPU-bff95c83-0adb-feb7-9825-359f31b26de8,ok,0,0,467,28.478,37,210,405,439,390
124,17751.072091732,17751.072510509,,0,GPU-42e33043-7008-2803-9ba8-9bb9ef7d0845,ok,100,20,1528,348.904,82,1425,9501,2734,13281
124,17751.072091732,17751.07258424,,1,GPU-bff95c83-0adb-feb7-9825-359f31b26de8,ok,0,0,467,28.596,37,210,405,439,390
125,17752.072091732,17752.072425386,,0,GPU-42e33043-7008-2803-9ba8-9bb9ef7d0845,ok,100,20,1528,349.074,82,1425,9501,3759,7861
125,17752.072091732,17752.072487706,,1,GPU-bff95c83-0adb-feb7-9825-359f31b26de8,ok,0,0,467,33.575,38,210,405,439,390
126,17753.072091732,17753.072418893,,0,GPU-42e33043-7008-2803-9ba8-9bb9ef7d0845,ok,100,19,1528,348.859,82,1425,9501,2734,11132
126,17753.072091732,17753.072486333,,1,GPU-bff95c83-0adb-feb7-9825-359f31b26de8,ok,0,0,467,39.875,38,210,405,488,390
127,17754.072091732,17754.07242029,,0,GPU-42e33043-7008-2803-9ba8-9bb9ef7d0845,ok,100,20,1528,349.084,82,1425,9501,4882,17822
127,17754.072091732,17754.07248163,,1,GPU-bff95c83-0adb-feb7-9825-359f31b26de8,ok,0,0,467,30.163,38,210,405,488,390
128,17755.072091732,17755.072426217,,0,GPU-42e33043-7008-2803-9ba8-9bb9ef7d0845,ok,100,20,1528,349.243,82,1440,9501,3808,7617
128,17755.072091732,17755.072494477,,1,GPU-bff95c83-0adb-feb7-9825-359f31b26de8,ok,0,0,467,28.801,37,210,405,488,390
129,17756.072091732,17756.072438344,,0,GPU-42e33043-7008-2803-9ba8-9bb9ef7d0845,ok,100,19,1528,349.015,82,1425,9501,2783,10693
129,17756.072091732,17756.072481164,,1,GPU-bff95c83-0adb-feb7-9825-359f31b26de8,ok,0,0,467,28.475,37,210,405,488,439
130,17757.072091732,17757.07243108,,0,GPU-42e33043-7008-2803-9ba8-9bb9ef7d0845,ok,100,20,1528,348.902,82,1440,9501,2978,10351
130,17757.072091732,17757.07249977,,1,GPU-bff95c83-0adb-feb7-9825-359f31b26de8,ok,0,0,467,28.448,37,210,405,439,390
131,17758.072091732,17758.072423467,,0,GPU-42e33043-7008-2803-9ba8-9bb9ef7d0845,ok,100,19,1528,349.201,82,1425,9501,3906,7617
131,17758.072091732,17758.072483217,,1,GPU-bff95c83-0adb-feb7-9825-359f31b26de8,ok,0,0,467,28.741,37,210,405,439,390
132,17759.072091732,17759.072555164,,0,GPU-42e33043-7008-2803-9ba8-9bb9ef7d0845,ok,100,20,1528,349.113,82,1425,9501,2539,12500
132,17759.072091732,17759.072494124,,1,GPU-bff95c83-0adb-feb7-9825-359f31b26de8,ok,0,0,467,32.909,38,210,405,439,390
133,17760.072091732,17760.072436031,,0,GPU-42e33043-7008-2803-9ba8-9bb9ef7d0845,ok,100,20,1528,348.836,82,1425,9501,3271,11279
133,17760.072091732,17760.072507501,,1,GPU-bff95c83-0adb-feb7-9825-359f31b26de8,ok,0,0,467,40.259,38,210,405,439,390
134,17761.072091732,17761.072430308,,0,GPU-42e33043-7008-2803-9ba8-9bb9ef7d0845,ok,100,20,1528,349.054,82,1440,9501,3808,7958
134,17761.072091732,17761.072487928,,1,GPU-bff95c83-0adb-feb7-9825-359f31b26de8,ok,0,0,467,30.411,38,210,405,439,390
135,17762.072091732,17762.072545825,,0,GPU-42e33043-7008-2803-9ba8-9bb9ef7d0845,ok,100,19,1528,349.319,82,1440,9501,2392,13769
135,17762.072091732,17762.072514655,,1,GPU-bff95c83-0adb-feb7-9825-359f31b26de8,ok,0,0,467,29.217,38,210,405,439,341
136,17763.072091732,17763.072432681,,0,GPU-42e33043-7008-2803-9ba8-9bb9ef7d0845,ok,100,20,1528,349.394,82,1440,9501,3613,9814
136,17763.072091732,17763.072493622,,1,GPU-bff95c83-0adb-feb7-9825-359f31b26de8,ok,0,0,467,29.14,38,210,405,439,390
137,17764.072091732,17764.072478708,,0,GPU-42e33043-7008-2803-9ba8-9bb9ef7d0845,ok,100,20,1528,349.694,82,1410,9501,3564,7958
137,17764.072091732,17764.072497738,,1,GPU-bff95c83-0adb-feb7-9825-359f31b26de8,ok,0,0,467,29.085,37,210,405,439,390
138,17765.072091732,17765.072433725,,0,GPU-42e33043-7008-2803-9ba8-9bb9ef7d0845,ok,100,21,1528,349.534,82,1440,9501,2490,13671
138,17765.072091732,17765.072495465,,1,GPU-bff95c83-0adb-feb7-9825-359f31b26de8,ok,0,0,467,29.002,37,210,405,488,439
139,17766.072091732,17766.072422032,,0,GPU-42e33043-7008-2803-9ba8-9bb9ef7d0845,ok,100,21,1528,349.473,82,1440,9501,3710,9179
139,17766.072091732,17766.072482742,,1,GPU-bff95c83-0adb-feb7-9825-359f31b26de8,ok,0,0,467,31.745,38,210,405,439,390
140,17767.072091732,17767.072420889,,0,GPU-42e33043-7008-2803-9ba8-9bb9ef7d0845,ok,100,20,1528,349.44,82,1410,9501,3369,9179
140,17767.072091732,17767.072490999,,1,GPU-bff95c83-0adb-feb7-9825-359f31b26de8,ok,0,0,467,40.425,38,210,405,439,390
141,17768.072091732,17768.072429736,,0,GPU-42e33043-7008-2803-9ba8-9bb9ef7d0845,ok,100,20,1528,349.171,82,1440,9501,2587,13134
141,17768.072091732,17768.072495706,,1,GPU-bff95c83-0adb-feb7-9825-359f31b26de8,ok,0,0,467,31.05,38,210,405,439,390
142,17769.072091732,17769.072435273,,0,GPU-42e33043-7008-2803-9ba8-9bb9ef7d0845,ok,100,20,1528,349.356,82,1410,9501,3955,8984
142,17769.072091732,17769.072499573,,1,GPU-bff95c83-0adb-feb7-9825-359f31b26de8,ok,0,0,467,29.643,37,210,405,439,439
143,17770.072091732,17770.072430559,,0,GPU-42e33043-7008-2803-9ba8-9bb9ef7d0845,ok,100,20,1528,349.602,82,1440,9501,3125,9765
143,17770.072091732,17770.072496529,,1,GPU-bff95c83-0adb-feb7-9825-359f31b26de8,ok,0,0,467,29.293,37,210,405,439,390
144,17771.072091732,17771.072422996,,0,GPU-42e33043-7008-2803-9ba8-9bb9ef7d0845,ok,100,20,1528,349.28,82,1440,9501,2734,13574
144,17771.072091732,17771.072488736,,1,GPU-bff95c83-0adb-feb7-9825-359f31b26de8,ok,0,0,467,29.171,37,210,405,488,390
145,17772.072091732,17772.072467713,,0,GPU-42e33043-7008-2803-9ba8-9bb9ef7d0845,ok,100,21,1528,349.818,82,1410,9501,3808,8300
145,17772.072091732,17772.072496203,,1,GPU-bff95c83-0adb-feb7-9825-359f31b26de8,ok,0,0,467,28.967,37,210,405,488,390
146,17773.072091732,17773.07242485,,0,GPU-42e33043-7008-2803-9ba8-9bb9ef7d0845,ok,100,20,1528,349.844,82,1425,9501,3076,9765
146,17773.072091732,17773.07249025,,1,GPU-bff95c83-0adb-feb7-9825-359f31b26de8,ok,0,0,467,30.356,38,210,405,439,390
147,17774.072091732,17774.072477147,,0,GPU-42e33043-7008-2803-9ba8-9bb9ef7d0845,ok,100,20,1528,349.212,82,1425,9501,2734,13330
147,17774.072091732,17774.072564777,,1,GPU-bff95c83-0adb-feb7-9825-359f31b26de8,ok,0,0,467,39.783,38,210,405,488,390
148,17775.072091732,17775.072431694,,0,GPU-42e33043-7008-2803-9ba8-9bb9ef7d0845,ok,100,20,1528,349.472,82,1410,9501,4052,7812
148,17775.072091732,17775.072492814,,1,GPU-bff95c83-0adb-feb7-9825-359f31b26de8,ok,0,0,467,30.576,38,210,405,439,390
149,17776.072091732,17776.07243461,,0,GPU-42e33043-7008-2803-9ba8-9bb9ef7d0845,ok,100,19,1528,349.261,82,1440,9501,2929,10302
149,17776.072091732,17776.07250306,,1,GPU-bff95c83-0adb-feb7-9825-359f31b26de8,ok,0,0,467,29.102,37,210,405,439,390
150,17777.072091732,17777.072423077,,0,GPU-42e33043-7008-2803-9ba8-9bb9ef7d0845,ok,100,20,1528,348.629,82,1425,9501,2880,12011
150,17777.072091732,17777.072486107,,1,GPU-bff95c83-0adb-feb7-9825-359f31b26de8,ok,0,0,467,28.62,37,210,405,488,390
151,17778.072091732,17778.072424254,,0,GPU-42e33043-7008-2803-9ba8-9bb9ef7d0845,ok,100,20,1528,348.802,82,1425,9501,4101,7421
151,17778.072091732,17778.072486684,,1,GPU-bff95c83-0adb-feb7-9825-359f31b26de8,ok,0,0,467,28.618,37,210,405,439,390
152,17779.072091732,17779.072422901,,0,GPU-42e33043-7008-2803-9ba8-9bb9ef7d0845,ok,100,19,1528,348.954,82,1440,9501,4541,10546
152,17779.072091732,17779.072491241,,1,GPU-bff95c83-0adb-feb7-9825-359f31b26de8,ok,0,0,467,28.871,37,210,405,439,390
153,17780.072091732,17780.072425648,,0,GPU-42e33043-7008-2803-9ba8-9bb9ef7d0845,ok,100,20,1528,348.927,82,1425,9501,2978,11425
153,17780.072091732,17780.072491708,,1,GPU-bff95c83-0adb-feb7-9825-359f31b26de8,ok,1,0,467,28.757,38,210,405,439,439
154,17781.072091732,17781.073143915,,0,GPU-42e33043-7008-2803-9ba8-9bb9ef7d0845,ok,100,20,1528,349.268,82,1425,9501,4052,8007
154,17781.072091732,17781.072463465,,1,GPU-bff95c83-0adb-feb7-9825-359f31b26de8,ok,0,0,467,40.017,38,210,405,488,390
155,17782.072091732,17782.072533401,,0,GPU-42e33043-7008-2803-9ba8-9bb9ef7d0845,ok,100,19,1528,349.147,82,1440,9501,2539,11816
155,17782.072091732,17782.072483171,,1,GPU-bff95c83-0adb-feb7-9825-359f31b26de8,ok,0,0,467,30.323,38,210,405,439,439
156,17783.072091732,17783.072454838,,0,GPU-42e33043-7008-2803-9ba8-9bb9ef7d0845,ok,100,20,1528,348.822,82,1425,9501,3076,11718
156,17783.072091732,17783.072527608,,1,GPU-bff95c83-0adb-feb7-9825-359f31b26de8,ok,0,0,467,28.985,37,210,405,439,390
157,17784.072091732,17784.072435755,,0,GPU-42e33043-7008-2803-9ba8-9bb9ef7d0845,ok,100,20,1528,349.18,82,1425,9501,3808,8251
157,17784.072091732,17784.072503295,,1,GPU-bff95c83-0adb-feb7-9825-359f31b26de8,ok,0,0,467,28.727,37,210,405,439,390
158,17785.072091732,17785.072441862,,0,GPU-42e33043-7008-2803-9ba8-9bb9ef7d0845,ok,100,19,1528,349.206,82,1440,9501,2392,13085
158,17785.072091732,17785.072512012,,1,GPU-bff95c83-0adb-feb7-9825-359f31b26de8,ok,0,0,467,28.69,37,210,405,439,390
159,17786.072091732,17786.072436699,,0,GPU-42e33043-7008-2803-9ba8-9bb9ef7d0845,ok,100,20,1528,349.092,82,1425,9501,3271,10839
159,17786.072091732,17786.072504099,,1,GPU-bff95c83-0adb-feb7-9825-359f31b26de8,ok,0,0,467,28.899,37,210,405,439,439
160,17787.072091732,17787.072440386,,0,GPU-42e33043-7008-2803-9ba8-9bb9ef7d0845,ok,100,19,1528,349.061,82,1440,9501,3662,8105
160,17787.072091732,17787.072484986,,1,GPU-bff95c83-0adb-feb7-9825-359f31b26de8,ok,0,0,467,28.869,37,210,405,439,390
161,17788.072091732,17788.072442092,,0,GPU-42e33043-7008-2803-9ba8-9bb9ef7d0845,ok,100,19,1528,349.159,82,1440,9501,2392,12304
161,17788.072091732,17788.072509952,,1,GPU-bff95c83-0adb-feb7-9825-359f31b26de8,ok,0,0,467,34.441,38,210,405,439,390
162,17789.072091732,17789.072441039,,0,GPU-42e33043-7008-2803-9ba8-9bb9ef7d0845,ok,100,20,1528,349.19,82,1425,9501,3564,10351
162,17789.072091732,17789.072508319,,1,GPU-bff95c83-0adb-feb7-9825-359f31b26de8,ok,0,0,467,40.351,38,210,405,439,390
163,17790.072091732,17790.072440196,,0,GPU-42e33043-7008-2803-9ba8-9bb9ef7d0845,ok,100,20,1528,349.774,82,1425,9501,3710,8496
163,17790.072091732,17790.072513246,,1,GPU-bff95c83-0adb-feb7-9825-359f31b26de8,ok,0,0,467,31.112,38,210,405,488,390
164,17791.072091732,17791.072390443,,0,GPU-42e33043-7008-2803-9ba8-9bb9ef7d0845,ok,100,19,1528,349.291,82,1440,9501,2441,12500
164,17791.072091732,17791.072451253,,1,GPU-bff95c83-0adb-feb7-9825-359f31b26de8,ok,0,0,467,29.513,37,210,405,488,390
165,17792.072091732,17792.07253298,,0,GPU-42e33043-7008-2803-9ba8-9bb9ef7d0845,ok,100,20,1528,349.069,82,1440,9501,3515,9130
165,17792.072091732,17792.07251192,,1,GPU-bff95c83-0adb-feb7-9825-359f31b26de8,ok,0,0,467,28.855,37,210,405,488,439
166,17793.072091732,17793.072452127,,0,GPU-42e33043-7008-2803-9ba8-9bb9ef7d0845,ok,100,21,1528,349.136,82,1440,9501,3369,9814
166,17793.072091732,17793.072505337,,1,GPU-bff95c83-0adb-feb7-9825-359f31b26de8,ok,0,0,467,28.65,37,210,405,439,390
167,17794.072091732,17794.072464243,,0,GPU-42e33043-7008-2803-9ba8-9bb9ef7d0845,ok,100,19,1528,349.407,82,1425,9501,2539,13281
167,17794.072091732,17794.072500133,,1,GPU-bff95c83-0adb-feb7-9825-359f31b26de8,ok,0,0,467,28.773,37,210,405,439,390
168,17795.072091732,17795.07243014,,0,GPU-42e33043-7008-2803-9ba8-9bb9ef7d0845,ok,100,20,1528,349.054,82,1440,9501,3369,9082
168,17795.072091732,17795.07248095,,1,GPU-bff95c83-0adb-feb7-9825-359f31b26de8,ok,0,0,467,33.451,38,210,405,439,439
169,17796.072091732,17796.072418627,,0,GPU-42e33043-7008-2803-9ba8-9bb9ef7d0845,ok,100,20,1528,349.289,82,1425,9501,4296,13671
169,17796.072091732,17796.072469177,,1,GPU-bff95c83-0adb-feb7-9825-359f31b26de8,ok,0,0,467,39.72,38,210,405,439,390
170,17797.072091732,17797.072494024,,0,GPU-42e33043-7008-2803-9ba8-9bb9ef7d0845,ok,100,19,1528,349.221,82,1440,9501,2441,13232
170,17797.072091732,17797.072528634,,1,GPU-bff95c83-0adb-feb7-9825-359f31b26de8,ok,0,0,467,30.972,38,210,405,439,439
171,17798.072091732,17798.072434891,,0,GPU-42e33043-7008-2803-9ba8-9bb9ef7d0845,ok,100,21,1528,349.144,82,1425,9501,3515,9472
171,17798.072091732,17798.072498931,,1,GPU-bff95c83-0adb-feb7-9825-359f31b26de8,ok,0,0,467,29.422,38,210,405,439,390
172,17799.072091732,17799.072440388,,0,GPU-42e33043-7008-2803-9ba8-9bb9ef7d0845,ok,100,20,1528,349.55,82,1425,9501,3369,9326
172,17799.072091732,17799.072488908,,1,GPU-bff95c83-0adb-feb7-9825-359f31b26de8,ok,0,0,467,28.861,38,210,405,488,439
173,17800.072091732,17800.072531655,,0,GPU-42e33043-7008-2803-9ba8-9bb9ef7d0845,ok,100,20,1528,349.485,82,1440,9501,2587,14257
173,17800.072091732,17800.072551255,,1,GPU-bff95c83-0adb-feb7-9825-359f31b26de8,ok,0,0,467,28.786,37,210,405,488,390
174,17801.072091732,17801.072432821,,0,GPU-42e33043-7008-2803-9ba8-9bb9ef7d0845,ok,100,19,1528,349.066,82,1440,9501,3662,9130
174,17801.072091732,17801.072504701,,1,GPU-bff95c83-0adb-feb7-9825-359f31b26de8,ok,0,0,467,28.818,37,210,405,439,390
175,17802.072091732,17802.072436638,,0,GPU-42e33043-7008-2803-9ba8-9bb9ef7d0845,ok,100,20,1528,349.377,82,1440,9501,3173,9667
175,17802.072091732,17802.072485688,,1,GPU-bff95c83-0adb-feb7-9825-359f31b26de8,ok,0,0,467,32.505,38,210,405,439,390
176,17803.072091732,17803.072433965,,0,GPU-42e33043-7008-2803-9ba8-9bb9ef7d0845,ok,100,19,1528,349.302,82,1440,9501,2587,13476
176,17803.072091732,17803.072479945,,1,GPU-bff95c83-0adb-feb7-9825-359f31b26de8,ok,0,0,467,39.889,38,210,405,439,390
177,17804.072091732,17804.072441312,,0,GPU-42e33043-7008-2803-9ba8-9bb9ef7d0845,ok,100,19,1528,349.126,82,1425,9501,3906,8593
177,17804.072091732,17804.072491442,,1,GPU-bff95c83-0adb-feb7-9825-359f31b26de8,ok,0,0,467,30.324,38,210,405,439,390
178,17805.072091732,17805.072441689,,0,GPU-42e33043-7008-2803-9ba8-9bb9ef7d0845,ok,100,20,1528,349.426,82,1425,9501,3027,10449
178,17805.072091732,17805.072488399,,1,GPU-bff95c83-0adb-feb7-9825-359f31b26de8,ok,0,0,467,29.061,38,210,405,439,390
179,17806.072091732,17806.072536536,,0,GPU-42e33043-7008-2803-9ba8-9bb9ef7d0845,ok,100,20,1528,349.002,82,1440,9501,2880,13232
179,17806.072091732,17806.072504526,,1,GPU-bff95c83-0adb-feb7-9825-359f31b26de8,ok,0,0,467,28.865,38,210,405,439,390
180,17807.072091732,17807.072445262,,0,GPU-42e33043-7008-2803-9ba8-9bb9ef7d0845,ok,100,19,1528,349.018,82,1425,9501,3857,7958
180,17807.072091732,17807.072490352,,1,GPU-bff95c83-0adb-feb7-9825-359f31b26de8,ok,0,0,467,28.775,37,210,405,439,390
181,17808.072091732,17808.072446449,,0,GPU-42e33043-7008-2803-9ba8-9bb9ef7d0845,ok,100,19,1528,349.618,82,1425,9501,2929,11328
181,17808.072091732,17808.072521229,,1,GPU-bff95c83-0adb-feb7-9825-359f31b26de8,ok,0,0,467,28.833,38,210,405,439,439
182,17809.072091732,17809.072532766,,0,GPU-42e33043-7008-2803-9ba8-9bb9ef7d0845,ok,100,19,1528,349.057,82,1455,9501,3076,11865
182,17809.072091732,17809.072486586,,1,GPU-bff95c83-0adb-feb7-9825-359f31b26de8,ok,0,0,467,31.63,38,210,405,439,439
183,17810.072091732,17810.072537353,,0,GPU-42e33043-7008-2803-9ba8-9bb9ef7d0845,ok,100,20,1528,349.625,82,1425,9501,4248,7421
183,17810.072091732,17810.072517323,,1,GPU-bff95c83-0adb-feb7-9825-359f31b26de8,ok,0,0,467,40.371,38,210,405,439,390
184,17811.072091732,17811.07252669,,0,GPU-42e33043-7008-2803-9ba8-9bb9ef7d0845,ok,100,21,1528,349.525,82,1425,9501,2783,11132
184,17811.072091732,17811.07256339,,1,GPU-bff95c83-0adb-feb7-9825-359f31b26de8,ok,0,0,467,29.883,38,210,405,488,439
185,17812.072091732,17812.072482677,,0,GPU-42e33043-7008-2803-9ba8-9bb9ef7d0845,ok,100,20,1528,348.681,82,1440,9501,3173,11816
185,17812.072091732,17812.072514607,,1,GPU-bff95c83-0adb-feb7-9825-359f31b26de8,ok,0,0,467,28.779,37,210,405,439,390
186,17813.072091732,17813.072433183,,0,GPU-42e33043-7008-2803-9ba8-9bb9ef7d0845,ok,100,20,1528,349.276,82,1410,9501,3955,7714
186,17813.072091732,17813.072496543,,1,GPU-bff95c83-0adb-feb7-9825-359f31b26de8,ok,0,0,467,28.631,37,210,405,439,390
187,17814.072091732,17814.0724904,,0,GPU-42e33043-7008-2803-9ba8-9bb9ef7d0845,ok,100,21,1528,349.173,82,1440,9501,2636,11865
187,17814.072091732,17814.07252767,,1,GPU-bff95c83-0adb-feb7-9825-359f31b26de8,ok,0,0,467,28.508,37,210,405,439,390
188,17815.072091732,17815.072487017,,0,GPU-42e33043-7008-2803-9ba8-9bb9ef7d0845,ok,100,19,1528,348.885,82,1440,9501,3417,11718
188,17815.072091732,17815.072521577,,1,GPU-bff95c83-0adb-feb7-9825-359f31b26de8,ok,0,0,467,28.8,37,210,405,439,390
189,17816.072091732,17816.072449064,,0,GPU-42e33043-7008-2803-9ba8-9bb9ef7d0845,ok,100,19,1528,349.111,82,1410,9501,3710,7714
189,17816.072091732,17816.072519244,,1,GPU-bff95c83-0adb-feb7-9825-359f31b26de8,ok,0,0,467,30.193,38,210,405,439,390
190,17817.072091732,17817.072615121,,0,GPU-42e33043-7008-2803-9ba8-9bb9ef7d0845,ok,100,20,1528,349.458,82,1440,9501,2539,12011
190,17817.072091732,17817.072653821,,1,GPU-bff95c83-0adb-feb7-9825-359f31b26de8,ok,0,0,467,40.392,38,210,405,439,390
191,17818.072091732,17818.072437228,,0,GPU-42e33043-7008-2803-9ba8-9bb9ef7d0845,ok,100,19,1528,348.93,82,1440,9501,3417,11279
191,17818.072091732,17818.072501958,,1,GPU-bff95c83-0adb-feb7-9825-359f31b26de8,ok,0,0,467,30.678,38,210,405,439,439
192,17819.072091732,17819.072453174,,0,GPU-42e33043-7008-2803-9ba8-9bb9ef7d0845,ok,100,20,1528,349.018,82,1410,9501,3564,7763
192,17819.072091732,17819.072520644,,1,GPU-bff95c83-0adb-feb7-9825-359f31b26de8,ok,0,0,467,29.038,38,210,405,439,390
193,17820.072091732,17820.072482311,,0,GPU-42e33043-7008-2803-9ba8-9bb9ef7d0845,ok,100,18,1528,349.253,82,1440,9501,2392,12939
193,17820.072091732,17820.072509391,,1,GPU-bff95c83-0adb-feb7-9825-359f31b26de8,ok,0,0,467,28.552,38,210,405,439,439
194,17821.072091732,17821.072481438,,0,GPU-42e33043-7008-2803-9ba8-9bb9ef7d0845,ok,100,20,1528,349.003,82,1425,9501,3564,10058
194,17821.072091732,17821.072514998,,1,GPU-bff95c83-0adb-feb7-9825-359f31b26de8,ok,0,0,467,28.755,37,210,405,439,390
195,17822.072091732,17822.072535545,,0,GPU-42e33043-7008-2803-9ba8-9bb9ef7d0845,ok,100,20,1528,349.016,82,1395,9501,5175,8398
195,17822.072091732,17822.072508145,,1,GPU-bff95c83-0adb-feb7-9825-359f31b26de8,ok,0,0,467,28.871,38,210,405,439,390
196,17823.072091732,17823.072552912,,0,GPU-42e33043-7008-2803-9ba8-9bb9ef7d0845,ok,100,19,1528,349.138,82,1425,9501,2539,13818
196,17823.072091732,17823.072516462,,1,GPU-bff95c83-0adb-feb7-9825-359f31b26de8,ok,1,0,467,28.885,38,210,405,439,390
197,17824.072091732,17824.072436599,,0,GPU-42e33043-7008-2803-9ba8-9bb9ef7d0845,ok,100,19,1528,348.805,82,1425,9501,3808,10205
197,17824.072091732,17824.072497719,,1,GPU-bff95c83-0adb-feb7-9825-359f31b26de8,ok,0,0,467,39.92,38,210,405,439,390
198,17825.072091732,17825.072444565,,0,GPU-42e33043-7008-2803-9ba8-9bb9ef7d0845,ok,100,29,1528,348.475,82,1410,9501,1025,8300
198,17825.072091732,17825.072509145,,1,GPU-bff95c83-0adb-feb7-9825-359f31b26de8,ok,0,0,467,30.638,38,210,405,439,390
199,17826.072091732,17826.072437602,,0,GPU-42e33043-7008-2803-9ba8-9bb9ef7d0845,ok,100,19,1528,348.826,82,1440,9501,2880,13525
199,17826.072091732,17826.072499912,,1,GPU-bff95c83-0adb-feb7-9825-359f31b26de8,ok,0,0,467,29.206,38,210,405,488,390
200,17827.072091732,17827.072447569,,0,GPU-42e33043-7008-2803-9ba8-9bb9ef7d0845,ok,100,19,1528,349.044,82,1425,9501,4199,10302
200,17827.072091732,17827.072510269,,1,GPU-bff95c83-0adb-feb7-9825-359f31b26de8,ok,0,0,467,28.766,38,210,405,488,390
201,17828.072091732,17828.072464146,,0,GPU-42e33043-7008-2803-9ba8-9bb9ef7d0845,ok,100,21,1528,349.251,82,1440,9501,3515,8984
201,17828.072091732,17828.072514376,,1,GPU-bff95c83-0adb-feb7-9825-359f31b26de8,ok,0,0,467,28.812,38,210,405,439,390
202,17829.072091732,17829.072491063,,0,GPU-42e33043-7008-2803-9ba8-9bb9ef7d0845,ok,100,19,1528,349.369,82,1440,9501,2636,13525
202,17829.072091732,17829.072524343,,1,GPU-bff95c83-0adb-feb7-9825-359f31b26de8,ok,0,0,467,29.074,38,210,405,439,439
203,17830.072091732,17830.07244264,,0,GPU-42e33043-7008-2803-9ba8-9bb9ef7d0845,ok,100,20,1528,349.395,82,1425,9501,3906,9521
203,17830.072091732,17830.07250355,,1,GPU-bff95c83-0adb-feb7-9825-359f31b26de8,ok,0,0,467,28.861,38,210,405,488,390
204,17831.072091732,17831.072434146,,0,GPU-42e33043-7008-2803-9ba8-9bb9ef7d0845,ok,100,21,1528,349.537,82,1440,9501,3173,10400
204,17831.072091732,17831.072498956,,1,GPU-bff95c83-0adb-feb7-9825-359f31b26de8,ok,0,0,467,34.207,38,210,405,439,341
205,17832.072091732,17832.072572773,,0,GPU-42e33043-7008-2803-9ba8-9bb9ef7d0845,ok,100,19,1528,349.663,82,1455,9501,488,2343
205,17832.072091732,17832.072507083,,1,GPU-bff95c83-0adb-feb7-9825-359f31b26de8,ok,0,0,467,40.199,38,210,405,439,488
206,17833.072091732,17833.0725169,,0,GPU-42e33043-7008-2803-9ba8-9bb9ef7d0845,ok,100,20,1528,349.46,82,1440,9501,4150,8935
206,17833.072091732,17833.07254455,,1,GPU-bff95c83-0adb-feb7-9825-359f31b26de8,ok,0,0,467,30.484,38,210,405,439,390
207,17834.072091732,17834.072538117,,0,GPU-42e33043-7008-2803-9ba8-9bb9ef7d0845,ok,100,21,1528,349.676,82,1440,9501,3027,11328
207,17834.072091732,17834.072507137,,1,GPU-bff95c83-0adb-feb7-9825-359f31b26de8,ok,0,0,467,29.233,37,210,405,488,439
208,17835.072091732,17835.072428484,,0,GPU-42e33043-7008-2803-9ba8-9bb9ef7d0845,ok,100,19,1528,349.633,82,1425,9501,2783,12890
208,17835.072091732,17835.072507184,,1,GPU-bff95c83-0adb-feb7-9825-359f31b26de8,ok,0,0,467,28.826,37,210,405,439,439
209,17836.072091732,17836.072424121,,0,GPU-42e33043-7008-2803-9ba8-9bb9ef7d0845,ok,100,19,1528,349.077,82,1440,9501,3906,7617
209,17836.072091732,17836.072501961,,1,GPU-bff95c83-0adb-feb7-9825-359f31b26de8,ok,0,0,467,28.647,38,210,405,488,537
210,17837.072091732,17837.072518527,,0,GPU-42e33043-7008-2803-9ba8-9bb9ef7d0845,ok,100,22,1528,349.312,82,1440,9501,2880,11230
210,17837.072091732,17837.072599408,,1,GPU-bff95c83-0adb-feb7-9825-359f31b26de8,ok,0,0,467,28.794,38,210,405,488,488
211,17838.072091732,17838.072419954,,0,GPU-42e33043-7008-2803-9ba8-9bb9ef7d0845,ok,100,20,1528,349.894,82,1440,9501,2978,12109
211,17838.072091732,17838.072495014,,1,GPU-bff95c83-0adb-feb7-9825-359f31b26de8,ok,0,0,467,33.666,38,210,405,439,585
212,17839.072091732,17839.072428921,,0,GPU-42e33043-7008-2803-9ba8-9bb9ef7d0845,ok,100,21,1528,349.669,82,1425,9501,4003,341
212,17839.072091732,17839.072516421,,1,GPU-bff95c83-0adb-feb7-9825-359f31b26de8,ok,0,0,467,40.438,38,210,405,439,585
213,17840.072091732,17840.072418968,,0,GPU-42e33043-7008-2803-9ba8-9bb9ef7d0845,ok,100,21,1528,349.608,82,1440,9501,2539,11816
213,17840.072091732,17840.072496948,,1,GPU-bff95c83-0adb-feb7-9825-359f31b26de8,ok,0,0,467,30.574,38,210,405,439,585
214,17841.072091732,17841.072426665,,0,GPU-42e33043-7008-2803-9ba8-9bb9ef7d0845,ok,100,19,1528,349.533,82,1425,9501,2880,11621
214,17841.072091732,17841.072506435,,1,GPU-bff95c83-0adb-feb7-9825-359f31b26de8,ok,0,0,467,29.021,38,210,405,488,390
215,17842.072091732,17842.072422882,,0,GPU-42e33043-7008-2803-9ba8-9bb9ef7d0845,ok,100,21,1528,349.292,82,1425,9501,4052,7763
215,17842.072091732,17842.072504642,,1,GPU-bff95c83-0adb-feb7-9825-359f31b26de8,ok,0,0,467,28.412,38,210,405,488,341
216,17843.072091732,17843.072425288,,0,GPU-42e33043-7008-2803-9ba8-9bb9ef7d0845,ok,100,20,1528,349.259,82,1440,9501,2441,11474
216,17843.072091732,17843.072502858,,1,GPU-bff95c83-0adb-feb7-9825-359f31b26de8,ok,0,0,467,28.393,38,210,405,439,292
217,17844.072091732,17844.072420605,,0,GPU-42e33043-7008-2803-9ba8-9bb9ef7d0845,ok,100,19,1528,349.032,82,1425,9501,3173,10937
217,17844.072091732,17844.072499985,,1,GPU-bff95c83-0adb-feb7-9825-359f31b26de8,ok,0,0,467,28.588,38,210,405,439,390
218,17845.072091732,17845.072425482,,0,GPU-42e33043-7008-2803-9ba8-9bb9ef7d0845,ok,100,20,1528,348.953,82,1440,9501,3759,8105
218,17845.072091732,17845.072505652,,1,GPU-bff95c83-0adb-feb7-9825-359f31b26de8,ok,0,0,467,32.272,38,210,405,439,390
219,17846.072091732,17846.072428599,,0,GPU-42e33043-7008-2803-9ba8-9bb9ef7d0845,ok,100,20,1528,349.4,82,1440,9501,2490,12988
219,17846.072091732,17846.072507479,,1,GPU-bff95c83-0adb-feb7-9825-359f31b26de8,ok,0,0,467,39.63,38,210,405,488,390
220,17847.072091732,17847.072603236,,0,GPU-42e33043-7008-2803-9ba8-9bb9ef7d0845,ok,100,19,1528,348.872,82,1425,9501,3662,9667
220,17847.072091732,17847.072639646,,1,GPU-bff95c83-0adb-feb7-9825-359f31b26de8,ok,0,0,467,30.538,38,210,405,439,390
221,17848.072091732,17848.072423733,,0,GPU-42e33043-7008-2803-9ba8-9bb9ef7d0845,ok,100,20,1528,348.786,82,1440,9501,3271,9130
221,17848.072091732,17848.072487083,,1,GPU-bff95c83-0adb-feb7-9825-359f31b26de8,ok,0,0,467,29.026,38,210,405,439,341
222,17849.072091732,17849.07262382,,0,GPU-42e33043-7008-2803-9ba8-9bb9ef7d0845,ok,100,19,1528,348.964,82,1440,9501,2685,14697
222,17849.072091732,17849.07270527,,1,GPU-bff95c83-0adb-feb7-9825-359f31b26de8,ok,0,0,467,28.644,38,210,405,439,439
223,17850.072091732,17850.072405516,,0,GPU-42e33043-7008-2803-9ba8-9bb9ef7d0845,ok,100,20,1528,348.948,82,1410,9501,3906,8349
223,17850.072091732,17850.072458966,,1,GPU-bff95c83-0adb-feb7-9825-359f31b26de8,ok,0,0,467,28.6,37,210,405,488,341
224,17851.072091732,17851.072425273,,0,GPU-42e33043-7008-2803-9ba8-9bb9ef7d0845,ok,100,20,1528,349.205,82,1440,9501,3125,10107
224,17851.072091732,17851.072489513,,1,GPU-bff95c83-0adb-feb7-9825-359f31b26de8,ok,0,0,467,28.568,38,210,405,439,341
225,17852.072091732,17852.07243786,,0,GPU-42e33043-7008-2803-9ba8-9bb9ef7d0845,ok,100,20,1528,349.021,82,1440,9501,2880,13476
225,17852.072091732,17852.07248761,,1,GPU-bff95c83-0adb-feb7-9825-359f31b26de8,ok,0,0,467,30.987,38,210,405,439,341
226,17853.072091732,17853.072420787,,0,GPU-42e33043-7008-2803-9ba8-9bb9ef7d0845,ok,100,19,1528,348.643,82,1425,9501,4150,7421
226,17853.072091732,17853.072471097,,1,GPU-bff95c83-0adb-feb7-9825-359f31b26de8,ok,0,0,467,39.883,38,210,405,488,341
227,17854.072091732,17854.072430564,,0,GPU-42e33043-7008-2803-9ba8-9bb9ef7d0845,ok,100,20,1528,349.102,82,1440,9501,2929,10791
227,17854.072091732,17854.072494424,,1,GPU-bff95c83-0adb-feb7-9825-359f31b26de8,ok,0,0,467,29.791,38,210,405,439,341
228,17855.072091732,17855.07242419,,0,GPU-42e33043-7008-2803-9ba8-9bb9ef7d0845,ok,100,19,1528,349.643,82,1440,9501,3076,12890
228,17855.072091732,17855.072488701,,1,GPU-bff95c83-0adb-feb7-9825-359f31b26de8,ok,0,0,467,28.612,38,210,405,488,341
229,17856.072091732,17856.072421927,,0,GPU-42e33043-7008-2803-9ba8-9bb9ef7d0845,ok,100,21,1528,349.151,82,1410,9501,4345,7373
229,17856.072091732,17856.072491287,,1,GPU-bff95c83-0adb-feb7-9825-359f31b26de8,ok,0,0,467,28.588,38,210,405,439,341
230,17857.072091732,17857.072404844,,0,GPU-42e33043-7008-2803-9ba8-9bb9ef7d0845,ok,100,21,1528,349.343,82,1440,9501,2539,11523
230,17857.072091732,17857.072491964,,1,GPU-bff95c83-0adb-feb7-9825-359f31b26de8,ok,0,0,467,28.673,38,210,405,439,341
231,17858.072091732,17858.072427661,,0,GPU-42e33043-7008-2803-9ba8-9bb9ef7d0845,ok,100,18,1528,349.401,82,1440,9501,3125,12353
231,17858.072091732,17858.072499591,,1,GPU-bff95c83-0adb-feb7-9825-359f31b26de8,ok,0,0,467,29.002,38,210,405,488,341
232,17859.072091732,17859.072426238,,0,GPU-42e33043-7008-2803-9ba8-9bb9ef7d0845,ok,100,21,1528,349.052,82,1425,9501,3857,7958
232,17859.072091732,17859.072501048,,1,GPU-bff95c83-0adb-feb7-9825-359f31b26de8,ok,0,0,467,29.957,38,210,405,439,341
233,17860.072091732,17860.072423835,,0,GPU-42e33043-7008-2803-9ba8-9bb9ef7d0845,ok,100,21,1528,349.616,82,1440,9501,2343,11279
233,17860.072091732,17860.072494095,,1,GPU-bff95c83-0adb-feb7-9825-359f31b26de8,ok,0,0,467,40.082,38,210,405,439,341
234,17861.072091732,17861.072428052,,0,GPU-42e33043-7008-2803-9ba8-9bb9ef7d0845,ok,100,19,1528,349.34,82,1440,9501,3222,10791
234,17861.072091732,17861.072501662,,1,GPU-bff95c83-0adb-feb7-9825-359f31b26de8,ok,0,0,467,30.775,38,210,405,488,390
235,17862.072091732,17862.072419198,,0,GPU-42e33043-7008-2803-9ba8-9bb9ef7d0845,ok,100,20,1528,349.384,82,1425,9501,3710,8154
235,17862.072091732,17862.072500518,,1,GPU-bff95c83-0adb-feb7-9825-359f31b26de8,ok,0,0,467,29.123,38,210,405,439,341
236,17863.072091732,17863.072443075,,0,GPU-42e33043-7008-2803-9ba8-9bb9ef7d0845,ok,100,20,1528,349.282,82,1425,9501,2392,12402
236,17863.072091732,17863.072509475,,1,GPU-bff95c83-0adb-feb7-9825-359f31b26de8,ok,0,0,467,28.564,38,210,405,488,341
237,17864.072091732,17864.072440812,,0,GPU-42e33043-7008-2803-9ba8-9bb9ef7d0845,ok,100,19,1528,349.239,82,1425,9501,3564,9277
237,17864.072091732,17864.072495342,,1,GPU-bff95c83-0adb-feb7-9825-359f31b26de8,ok,0,0,467,28.615,38,210,405,439,341
238,17865.072091732,17865.072423119,,0,GPU-42e33043-7008-2803-9ba8-9bb9ef7d0845,ok,100,21,1528,348.842,82,1425,9501,5126,9423
238,17865.072091732,17865.072491749,,1,GPU-bff95c83-0adb-feb7-9825-359f31b26de8,ok,0,0,467,28.731,38,210,405,439,341
239,17866.072091732,17866.072421666,,0,GPU-42e33043-7008-2803-9ba8-9bb9ef7d0845,ok,100,20,1528,348.925,81,1440,9501,2880,12988
239,17866.072091732,17866.072483976,,1,GPU-bff95c83-0adb-feb7-9825-359f31b26de8,ok,0,0,467,28.648,38,210,405,439,341
240,17867.072091732,17867.072427883,,0,GPU-42e33043-7008-2803-9ba8-9bb9ef7d0845,ok,100,19,1528,348.642,81,1425,9501,4150,7519
240,17867.072091732,17867.072478953,,1,GPU-bff95c83-0adb-feb7-9825-359f31b26de8,ok,0,0,467,39.537,38,210,405,439,341
241,17868.072091732,17868.072420889,,0,GPU-42e33043-7008-2803-9ba8-9bb9ef7d0845,ok,100,20,1528,348.769,81,1440,9501,2685,11718
241,17868.072091732,17868.072490739,,1,GPU-bff95c83-0adb-feb7-9825-359f31b26de8,ok,0,0,467,30.6,38,210,405,439,341
242,17869.072091732,17869.072432286,,0,GPU-42e33043-7008-2803-9ba8-9bb9ef7d0845,ok,100,19,1528,349.214,81,1440,9501,3125,11474
242,17869.072091732,17869.072485966,,1,GPU-bff95c83-0adb-feb7-9825-359f31b26de8,ok,0,0,467,29.04,38,210,405,488,341
243,17870.072091732,17870.072421613,,0,GPU-42e33043-7008-2803-9ba8-9bb9ef7d0845,ok,100,20,1528,349.234,81,1425,9501,3710,7910
243,17870.072091732,17870.072489693,,1,GPU-bff95c83-0adb-feb7-9825-359f31b26de8,ok,0,0,467,28.498,38,210,405,439,341
244,17871.072091732,17871.07246158,,0,GPU-42e33043-7008-2803-9ba8-9bb9ef7d0845,ok,100,21,1528,349.251,81,1440,9501,2343,12695
244,17871.072091732,17871.07247742,,1,GPU-bff95c83-0adb-feb7-9825-359f31b26de8,ok,0,0,467,28.546,38,210,405,439,341
245,17872.072091732,17872.072430377,,0,GPU-42e33043-7008-2803-9ba8-9bb9ef7d0845,ok,100,18,1528,349.319,81,1455,9501,3515,9912
245,17872.072091732,17872.072493777,,1,GPU-bff95c83-0adb-feb7-9825-359f31b26de8,ok,0,0,467,28.885,38,210,405,439,341
246,17873.072091732,17873.072423534,,0,GPU-42e33043-7008-2803-9ba8-9bb9ef7d0845,ok,100,20,1528,349.198,81,1425,9501,3320,9814
246,17873.072091732,17873.072490254,,1,GPU-bff95c83-0adb-feb7-9825-359f31b26de8,ok,0,0,467,28.694,38,210,405,439,341
247,17874.072091732,17874.07241941,,0,GPU-42e33043-7008-2803-9ba8-9bb9ef7d0845,ok,100,21,1528,349.052,81,1440,9501,2636,14062
247,17874.072091732,17874.07246763,,1,GPU-bff95c83-0adb-feb7-9825-359f31b26de8,ok,0,0,467,33.885,38,210,405,488,341
248,17875.072091732,17875.072464557,,0,GPU-42e33043-7008-2803-9ba8-9bb9ef7d0845,ok,100,19,1528,349.09,81,1440,9501,4101,8984
248,17875.072091732,17875.072481727,,1,GPU-bff95c83-0adb-feb7-9825-359f31b26de8,ok,0,0,467,39.898,38,210,405,439,341
249,17876.072091732,17876.072425504,,0,GPU-42e33043-7008-2803-9ba8-9bb9ef7d0845,ok,100,20,1528,349.342,81,1440,9501,3027,10888
249,17876.072091732,17876.072488174,,1,GPU-bff95c83-0adb-feb7-9825-359f31b26de8,ok,0,0,467,30.235,38,210,405,439,341
250,17877.072091732,17877.072472151,,0,GPU-42e33043-7008-2803-9ba8-9bb9ef7d0845,ok,100,21,1528,349.086,81,1425,9501,2832,12890
250,17877.072091732,17877.072503791,,1,GPU-bff95c83-0adb-feb7-9825-359f31b26de8,ok,0,0,467,28.873,38,210,405,439,341
251,17878.072091732,17878.072481218,,0,GPU-42e33043-7008-2803-9ba8-9bb9ef7d0845,ok,100,20,1528,349.315,81,1440,9501,4248,7324
251,17878.072091732,17878.072565188,,1,GPU-bff95c83-0adb-feb7-9825-359f31b26de8,ok,0,0,467,28.466,38,210,405,439,341
252,17879.072091732,17879.072502385,,0,GPU-42e33043-7008-2803-9ba8-9bb9ef7d0845,ok,100,20,1528,349.329,81,1440,9501,2587,12451
252,17879.072091732,17879.072487255,,1,GPU-bff95c83-0adb-feb7-9825-359f31b26de8,ok,0,0,467,28.429,38,210,405,439,341
253,17880.072091732,17880.072495341,,0,GPU-42e33043-7008-2803-9ba8-9bb9ef7d0845,ok,100,21,1528,349.718,81,1410,9501,3222,11425
253,17880.072091732,17880.072520481,,1,GPU-bff95c83-0adb-feb7-9825-359f31b26de8,ok,0,0,467,28.628,38,210,405,439,390
254,17881.072091732,17881.072389408,,0,GPU-42e33043-7008-2803-9ba8-9bb9ef7d0845,ok,100,21,1528,349.674,81,1425,9501,4638,11230
254,17881.072091732,17881.072437968,,1,GPU-bff95c83-0adb-feb7-9825-359f31b26de8,ok,0,0,467,32.745,38,210,405,439,341
255,17882.072091732,17882.072536635,,0,GPU-42e33043-7008-2803-9ba8-9bb9ef7d0845,ok,100,20,1528,349.353,81,1425,9501,2490,13671
255,17882.072091732,17882.072497075,,1,GPU-bff95c83-0adb-feb7-9825-359f31b26de8,ok,0,0,467,39.935,38,210,405,439,341
256,17883.072091732,17883.072479292,,0,GPU-42e33043-7008-2803-9ba8-9bb9ef7d0845,ok,100,19,1528,349.346,81,1425,9501,3662,9619
256,17883.072091732,17883.072513682,,1,GPU-bff95c83-0adb-feb7-9825-359f31b26de8,ok,0,0,467,29.97,38,210,405,439,341
257,17884.072091732,17884.072422009,,0,GPU-42e33043-7008-2803-9ba8-9bb9ef7d0845,ok,100,20,1528,349.075,81,1440,9501,3125,10107
257,17884.072091732,17884.072491379,,1,GPU-bff95c83-0adb-feb7-9825-359f31b26de8,ok,0,0,467,28.734,37,210,405,488,341
258,17885.072091732,17885.072432186,,0,GPU-42e33043-7008-2803-9ba8-9bb9ef7d0845,ok,100,21,1528,349.525,81,1425,9501,2978,12792
258,17885.072091732,17885.072499636,,1,GPU-bff95c83-0adb-feb7-9825-359f31b26de8,ok,0,0,467,28.682,37,210,405,439,341
259,17886.072091732,17886.072425282,,0,GPU-42e33043-7008-2803-9ba8-9bb9ef7d0845,ok,100,19,1528,349.284,81,1440,9501,4150,7568
259,17886.072091732,17886.072491552,,1,GPU-bff95c83-0adb-feb7-9825-359f31b26de8,ok,0,0,467,28.898,38,210,405,439,341
260,17887.072091732,17887.072465669,,0,GPU-42e33043-7008-2803-9ba8-9bb9ef7d0845,ok,100,20,1528,348.892,81,1440,9501,2539,12597
260,17887.072091732,17887.072482899,,1,GPU-bff95c83-0adb-feb7-9825-359f31b26de8,ok,0,0,467,29.281,38,210,405,488,390
261,17888.072091732,17888.072424916,,0,GPU-42e33043-7008-2803-9ba8-9bb9ef7d0845,ok,100,20,1528,349.505,81,1425,9501,3613,11083
261,17888.072091732,17888.072475506,,1,GPU-bff95c83-0adb-feb7-9825-359f31b26de8,ok,0,0,467,32.54,38,210,405,439,341
262,17889.072091732,17889.072471113,,0,GPU-42e33043-7008-2803-9ba8-9bb9ef7d0845,ok,100,19,1528,349.533,81,1440,9501,3613,7519
262,17889.072091732,17889.072489353,,1,GPU-bff95c83-0adb-feb7-9825-359f31b26de8,ok,0,0,467,40.453,38,210,405,439,341
263,17890.072091732,17890.07241724,,0,GPU-42e33043-7008-2803-9ba8-9bb9ef7d0845,ok,100,21,1528,349.395,81,1425,9501,2392,13183
263,17890.072091732,17890.07246253,,1,GPU-bff95c83-0adb-feb7-9825-359f31b26de8,ok,0,0,467,30.461,38,210,405,439,341
264,17891.072091732,17891.072393187,,0,GPU-42e33043-7008-2803-9ba8-9bb9ef7d0845,ok,100,19,1528,349.271,81,1425,9501,3808,8496
264,17891.072091732,17891.072457257,,1,GPU-bff95c83-0adb-feb7-9825-359f31b26de8,ok,0,0,467,28.941,38,210,405,439,341
265,17892.072091732,17892.072387233,,0,GPU-42e33043-7008-2803-9ba8-9bb9ef7d0845,ok,100,20,1528,348.597,81,1440,9501,3027,11181
265,17892.072091732,17892.072457733,,1,GPU-bff95c83-0adb-feb7-9825-359f31b26de8,ok,0,0,467,28.537,38,210,405,439,341
266,17893.072091732,17893.07246426,,0,GPU-42e33043-7008-2803-9ba8-9bb9ef7d0845,ok,100,21,1528,349.018,81,1410,9501,3076,12548
266,17893.072091732,17893.07250812,,1,GPU-bff95c83-0adb-feb7-9825-359f31b26de8,ok,0,0,467,28.622,38,210,405,439,341
267,17894.072091732,17894.072426157,,0,GPU-42e33043-7008-2803-9ba8-9bb9ef7d0845,ok,100,19,1528,348.892,81,1440,9501,3955,7617
267,17894.072091732,17894.072472867,,1,GPU-bff95c83-0adb-feb7-9825-359f31b26de8,ok,0,0,467,28.846,37,210,405,439,341
268,17895.072091732,17895.072499554,,0,GPU-42e33043-7008-2803-9ba8-9bb9ef7d0845,ok,100,21,1528,349.604,81,1440,9501,2490,12548
268,17895.072091732,17895.072461194,,1,GPU-bff95c83-0adb-feb7-9825-359f31b26de8,ok,0,0,467,31.309,38,210,405,439,341
269,17896.072091732,17896.072497361,,0,GPU-42e33043-7008-2803-9ba8-9bb9ef7d0845,ok,100,21,1528,349.709,81,1410,9501,3515,10302
269,17896.072091732,17896.072524721,,1,GPU-bff95c83-0adb-feb7-9825-359f31b26de8,ok,0,0,467,39.789,38,210,405,439,341
270,17897.072091732,17897.072515558,,0,GPU-42e33043-7008-2803-9ba8-9bb9ef7d0845,ok,100,20,1528,349.425,81,1440,9501,3613,8447
270,17897.072091732,17897.072494878,,1,GPU-bff95c83-0adb-feb7-9825-359f31b26de8,ok,0,0,467,30.331,38,210,405,439,341
271,17898.072091732,17898.072419834,,0,GPU-42e33043-7008-2803-9ba8-9bb9ef7d0845,ok,100,22,1528,349.303,81,1440,9501,2587,13525
271,17898.072091732,17898.072490625,,1,GPU-bff95c83-0adb-feb7-9825-359f31b26de8,ok,0,0,467,28.956,38,210,405,439,341
272,17899.072091732,17899.072442661,,0,GPU-42e33043-7008-2803-9ba8-9bb9ef7d0845,ok,100,19,1528,349.44,81,1425,9501,4101,8398
272,17899.072091732,17899.072495271,,1,GPU-bff95c83-0adb-feb7-9825-359f31b26de8,ok,0,0,467,28.639,38,210,405,439,341
273,17900.072091732,17900.072425598,,0,GPU-42e33043-7008-2803-9ba8-9bb9ef7d0845,ok,100,20,1528,349.125,81,1440,9501,2880,10644
273,17900.072091732,17900.072492318,,1,GPU-bff95c83-0adb-feb7-9825-359f31b26de8,ok,0,0,467,28.666,38,210,405,439,341
274,17901.072091732,17901.072431855,,0,GPU-42e33043-7008-2803-9ba8-9bb9ef7d0845,ok,100,20,1528,349.284,81,1425,9501,3076,12304
274,17901.072091732,17901.072486135,,1,GPU-bff95c83-0adb-feb7-9825-359f31b26de8,ok,0,0,467,28.805,38,210,405,439,341
275,17902.072091732,17902.072431442,,0,GPU-42e33043-7008-2803-9ba8-9bb9ef7d0845,ok,100,19,1528,349.352,81,1440,9501,3906,7714
275,17902.072091732,17902.072499472,,1,GPU-bff95c83-0adb-feb7-9825-359f31b26de8,ok,0,0,467,29.987,38,210,405,439,341
276,17903.072091732,17903.072483109,,0,GPU-42e33043-7008-2803-9ba8-9bb9ef7d0845,ok,100,21,1528,349.332,81,1440,9501,2441,12597
276,17903.072091732,17903.072919749,,1,GPU-bff95c83-0adb-feb7-9825-359f31b26de8,ok,0,0,467,40.236,38,210,405,488,341
277,17904.072091732,17904.072420175,,0,GPU-42e33043-7008-2803-9ba8-9bb9ef7d0845,ok,100,21,1528,349.442,81,1425,9501,3564,10546
277,17904.072091732,17904.072487676,,1,GPU-bff95c83-0adb-feb7-9825-359f31b26de8,ok,0,0,467,30.083,38,210,405,439,341
278,17905.072091732,17905.072423922,,0,GPU-42e33043-7008-2803-9ba8-9bb9ef7d0845,ok,100,20,1528,349.352,81,1440,9501,3759,8496
278,17905.072091732,17905.072467922,,1,GPU-bff95c83-0adb-feb7-9825-359f31b26de8,ok,0,0,467,28.764,38,210,405,439,341
279,17906.072091732,17906.072421289,,0,GPU-42e33043-7008-2803-9ba8-9bb9ef7d0845,ok,100,21,1528,349.468,81,1455,9501,2490,12890
279,17906.072091732,17906.072494589,,1,GPU-bff95c83-0adb-feb7-9825-359f31b26de8,ok,0,0,467,28.559,38,210,405,439,341
280,17907.072091732,17907.072436316,,0,GPU-42e33043-7008-2803-9ba8-9bb9ef7d0845,ok,100,20,1528,349.644,81,1425,9501,3906,7910
280,17907.072091732,17907.072481936,,1,GPU-bff95c83-0adb-feb7-9825-359f31b26de8,ok,0,0,467,28.694,38,210,405,439,341
281,17908.072091732,17908.072461843,,0,GPU-42e33043-7008-2803-9ba8-9bb9ef7d0845,ok,100,20,1528,349.421,81,1440,9501,2832,13476
281,17908.072091732,17908.072954383,,1,GPU-bff95c83-0adb-feb7-9825-359f31b26de8,ok,0,0,467,28.945,38,210,405,488,341
282,17909.072091732,17909.07241067,,0,GPU-42e33043-7008-2803-9ba8-9bb9ef7d0845,ok,100,22,1528,349.498,81,1440,9501,3027,11718
282,17909.072091732,17909.07246577,,1,GPU-bff95c83-0adb-feb7-9825-359f31b26de8,ok,1,0,467,28.877,38,210,405,439,341
283,17910.072091732,17910.072462897,,0,GPU-42e33043-7008-2803-9ba8-9bb9ef7d0845,ok,100,19,1528,349.533,81,1440,9501,3906,7812
283,17910.072091732,17910.072496817,,1,GPU-bff95c83-0adb-feb7-9825-359f31b26de8,ok,0,0,467,40.367,38,210,405,439,341
284,17911.072091732,17911.072427053,,0,GPU-42e33043-7008-2803-9ba8-9bb9ef7d0845,ok,100,20,1528,349.386,81,1440,9501,2490,12695
284,17911.072091732,17911.072492313,,1,GPU-bff95c83-0adb-feb7-9825-359f31b26de8,ok,0,0,467,31.183,38,210,405,439,341
285,17912.072091732,17912.07242155,,0,GPU-42e33043-7008-2803-9ba8-9bb9ef7d0845,ok,100,20,1528,349.309,81,1425,9501,3710,9228
285,17912.072091732,17912.07246797,,1,GPU-bff95c83-0adb-feb7-9825-359f31b26de8,ok,0,0,467,29.481,38,210,405,439,341
286,17913.072091732,17913.072428707,,0,GPU-42e33043-7008-2803-9ba8-9bb9ef7d0845,ok,100,19,1528,349.341,81,1440,9501,3222,9179
286,17913.072091732,17913.072488587,,1,GPU-bff95c83-0adb-feb7-9825-359f31b26de8,ok,0,0,467,28.786,38,210,405,439,292
287,17914.072091732,17914.072465734,,0,GPU-42e33043-7008-2803-9ba8-9bb9ef7d0845,ok,100,20,1528,349.205,81,1440,9501,2685,13378
287,17914.072091732,17914.072481684,,1,GPU-bff95c83-0adb-feb7-9825-359f31b26de8,ok,0,0,467,28.81,38,210,405,439,341
288,17915.072091732,17915.072419801,,0,GPU-42e33043-7008-2803-9ba8-9bb9ef7d0845,ok,100,19,1528,349.157,81,1425,9501,3759,7470
288,17915.072091732,17915.072469181,,1,GPU-bff95c83-0adb-feb7-9825-359f31b26de8,ok,0,0,467,28.936,38,210,405,439,341
289,17916.072091732,17916.072460708,,0,GPU-42e33043-7008-2803-9ba8-9bb9ef7d0845,ok,100,19,1528,348.746,81,1440,9501,2587,10742
289,17916.072091732,17916.072476688,,1,GPU-bff95c83-0adb-feb7-9825-359f31b26de8,ok,0,0,467,28.813,38,210,405,439,341
290,17917.072091732,17917.072419884,,0,GPU-42e33043-7008-2803-9ba8-9bb9ef7d0845,ok,100,20,1528,348.908,81,1425,9501,3369,10986
290,17917.072091732,17917.072491444,,1,GPU-bff95c83-0adb-feb7-9825-359f31b26de8,ok,0,0,467,34.046,38,210,405,488,341
291,17918.072091732,17918.072413131,,0,GPU-42e33043-7008-2803-9ba8-9bb9ef7d0845,ok,100,18,1528,348.946,81,1440,9501,3515,8886
291,17918.072091732,17918.072461431,,1,GPU-bff95c83-0adb-feb7-9825-359f31b26de8,ok,0,0,467,39.887,38,210,405,488,341
292,17919.072091732,17919.072426068,,0,GPU-42e33043-7008-2803-9ba8-9bb9ef7d0845,ok,100,20,1528,349.021,81,1455,9501,2636,14257
292,17919.072091732,17919.072475088,,1,GPU-bff95c83-0adb-feb7-9825-359f31b26de8,ok,0,0,467,30.637,38,210,405,439,341
293,17920.072091732,17920.072470955,,0,GPU-42e33043-7008-2803-9ba8-9bb9ef7d0845,ok,100,21,1528,349.763,81,1410,9501,4052,8447
293,17920.072091732,17920.072483975,,1,GPU-bff95c83-0adb-feb7-9825-359f31b26de8,ok,0,0,467,29.36,38,210,405,439,341
294,17921.072091732,17921.072428502,,0,GPU-42e33043-7008-2803-9ba8-9bb9ef7d0845,ok,100,20,1528,349.55,81,1440,9501,2929,9960
294,17921.072091732,17921.072498182,,1,GPU-bff95c83-0adb-feb7-9825-359f31b26de8,ok,0,0,467,28.961,38,210,405,439,341
295,17922.072091732,17922.072434049,,0,GPU-42e33043-7008-2803-9ba8-9bb9ef7d0845,ok,100,20,1528,349.22,81,1455,9501,3076,12402
295,17922.072091732,17922.072491569,,1,GPU-bff95c83-0adb-feb7-9825-359f31b26de8,ok,0,0,467,28.89,38,210,405,439,341
296,17923.072091732,17923.072484045,,0,GPU-42e33043-7008-2803-9ba8-9bb9ef7d0845,ok,100,21,1528,349.359,81,1425,9501,3857,8251
296,17923.072091732,17923.072473295,,1,GPU-bff95c83-0adb-feb7-9825-359f31b26de8,ok,0,0,467,29.142,38,210,405,488,341
297,17924.072091732,17924.072544312,,0,GPU-42e33043-7008-2803-9ba8-9bb9ef7d0845,ok,100,20,1528,349.325,81,1440,9501,2441,12792
297,17924.072091732,17924.072462992,,1,GPU-bff95c83-0adb-feb7-9825-359f31b26de8,ok,0,0,467,33.316,38,210,405,488,390
298,17925.072091732,17925.072429989,,0,GPU-42e33043-7008-2803-9ba8-9bb9ef7d0845,ok,100,20,1528,349.396,81,1425,9501,3564,10009
298,17925.072091732,17925.072487119,,1,GPU-bff95c83-0adb-feb7-9825-359f31b26de8,ok,0,0,467,40.075,38,210,405,488,341
299,17926.072091732,17926.072438516,,0,GPU-42e33043-7008-2803-9ba8-9bb9ef7d0845,ok,100,19,1528,349.333,81,1425,9501,3271,10302
299,17926.072091732,17926.072496756,,1,GPU-bff95c83-0adb-feb7-9825-359f31b26de8,ok,0,0,467,30.301,38,210,405,439,341
300,17927.072091732,17927.072427383,,0,GPU-42e33043-7008-2803-9ba8-9bb9ef7d0845,ok,100,20,1528,348.946,81,1440,9501,2783,13574
300,17927.072091732,17927.072472163,,1,GPU-bff95c83-0adb-feb7-9825-359f31b26de8,ok,0,0,467,28.999,38,210,405,488,341
301,17928.072091732,17928.07242103,,0,GPU-42e33043-7008-2803-9ba8-9bb9ef7d0845,ok,100,20,1528,349.297,81,1410,9501,4101,7519
301,17928.072091732,17928.0724329,,1,GPU-bff95c83-0adb-feb7-9825-359f31b26de8,ok,0,0,467,28.818,38,210,405,488,341
302,17929.072091732,17929.072423516,,0,GPU-42e33043-7008-2803-9ba8-9bb9ef7d0845,ok,100,19,1528,349.143,81,1440,9501,2539,11328
302,17929.072091732,17929.072470356,,1,GPU-bff95c83-0adb-feb7-9825-359f31b26de8,ok,0,0,467,28.893,38,210,405,439,341
303,17930.072091732,17930.072437343,,0,GPU-42e33043-7008-2803-9ba8-9bb9ef7d0845,ok,100,20,1528,348.954,81,1440,9501,3466,10644
303,17930.072091732,17930.072487593,,1,GPU-bff95c83-0adb-feb7-9825-359f31b26de8,ok,0,0,467,28.999,38,210,405,439,341
304,17931.072091732,17931.07242296,,0,GPU-42e33043-7008-2803-9ba8-9bb9ef7d0845,ok,100,19,1528,349.233,81,1455,9501,3466,9667
304,17931.072091732,17931.0724713,,1,GPU-bff95c83-0adb-feb7-9825-359f31b26de8,ok,0,0,467,32.61,38,210,405,439,341
305,17932.072091732,17932.072476377,,0,GPU-42e33043-7008-2803-9ba8-9bb9ef7d0845,ok,100,20,1528,349.293,81,1410,9501,2880,12353
305,17932.072091732,17932.072490867,,1,GPU-bff95c83-0adb-feb7-9825-359f31b26de8,ok,0,0,467,40.329,38,210,405,439,341
306,17933.072091732,17933.072420824,,0,GPU-42e33043-7008-2803-9ba8-9bb9ef7d0845,ok,100,20,1528,349.298,81,1440,9501,4101,7812
306,17933.072091732,17933.072469104,,1,GPU-bff95c83-0adb-feb7-9825-359f31b26de8,ok,0,0,467,31.389,38,210,405,439,390
307,17934.072091732,17934.072420611,,0,GPU-42e33043-7008-2803-9ba8-9bb9ef7d0845,ok,100,19,1528,349.058,81,1440,9501,2734,12304
307,17934.072091732,17934.072482251,,1,GPU-bff95c83-0adb-feb7-9825-359f31b26de8,ok,0,0,467,29.704,38,210,405,439,390
308,17935.072091732,17935.072422267,,0,GPU-42e33043-7008-2803-9ba8-9bb9ef7d0845,ok,100,20,1528,349.063,81,1440,9501,3369,11279
308,17935.072091732,17935.072472477,,1,GPU-bff95c83-0adb-feb7-9825-359f31b26de8,ok,0,0,467,28.998,38,210,405,439,341
309,17936.072091732,17936.072423264,,0,GPU-42e33043-7008-2803-9ba8-9bb9ef7d0845,ok,100,20,1528,349.202,81,1440,9501,3564,8642
309,17936.072091732,17936.072484354,,1,GPU-bff95c83-0adb-feb7-9825-359f31b26de8,ok,0,0,467,28.985,38,210,405,488,341
310,17937.072091732,17937.072423091,,0,GPU-42e33043-7008-2803-9ba8-9bb9ef7d0845,ok,100,20,1528,349.351,81,1425,9501,2539,13476
310,17937.072091732,17937.072485111,,1,GPU-bff95c83-0adb-feb7-9825-359f31b26de8,ok,0,0,467,29.146,38,210,405,439,341
311,17938.072091732,17938.072435308,,0,GPU-42e33043-7008-2803-9ba8-9bb9ef7d0845,ok,100,20,1528,349.467,81,1440,9501,3759,8496
311,17938.072091732,17938.072492268,,1,GPU-bff95c83-0adb-feb7-9825-359f31b26de8,ok,0,0,467,31.914,38,210,405,439,341
312,17939.072091732,17939.072431965,,0,GPU-42e33043-7008-2803-9ba8-9bb9ef7d0845,ok,100,19,1528,349.223,81,1440,9501,3027,10302
312,17939.072091732,17939.072494685,,1,GPU-bff95c83-0adb-feb7-9825-359f31b26de8,ok,0,0,467,39.743,38,210,405,488,341
313,17940.072091732,17940.072422472,,0,GPU-42e33043-7008-2803-9ba8-9bb9ef7d0845,ok,100,21,1528,348.865,81,1425,9501,3027,12011
313,17940.072091732,17940.072467062,,1,GPU-bff95c83-0adb-feb7-9825-359f31b26de8,ok,0,0,467,30.736,38,210,405,488,341
314,17941.072091732,17941.072422168,,0,GPU-42e33043-7008-2803-9ba8-9bb9ef7d0845,ok,100,20,1528,349.403,81,1440,9501,3808,7861
314,17941.072091732,17941.072494318,,1,GPU-bff95c83-0adb-feb7-9825-359f31b26de8,ok,0,0,467,29.214,38,210,405,439,341
315,17942.072091732,17942.072423555,,0,GPU-42e33043-7008-2803-9ba8-9bb9ef7d0845,ok,100,20,1528,349.274,81,1440,9501,2392,12792
315,17942.072091732,17942.072471075,,1,GPU-bff95c83-0adb-feb7-9825-359f31b26de8,ok,0,0,467,28.652,38,210,405,488,341
316,17943.072091732,17943.072427872,,0,GPU-42e33043-7008-2803-9ba8-9bb9ef7d0845,ok,100,20,1528,349.508,81,1425,9501,3808,9375
316,17943.072091732,17943.072477202,,1,GPU-bff95c83-0adb-feb7-9825-359f31b26de8,ok,0,0,467,28.547,38,210,405,488,341
317,17944.072091732,17944.072466399,,0,GPU-42e33043-7008-2803-9ba8-9bb9ef7d0845,ok,100,18,1528,349.223,81,1455,9501,3125,9960
317,17944.072091732,17944.072529889,,1,GPU-bff95c83-0adb-feb7-9825-359f31b26de8,ok,0,0,467,28.658,38,210,405,488,341
318,17945.072091732,17945.072424136,,0,GPU-42e33043-7008-2803-9ba8-9bb9ef7d0845,ok,100,20,1528,348.964,81,1410,9501,3027,12353
318,17945.072091732,17945.072471416,,1,GPU-bff95c83-0adb-feb7-9825-359f31b26de8,ok,0,0,467,30.47,38,210,405,488,341
319,17946.072091732,17946.072419933,,0,GPU-42e33043-7008-2803-9ba8-9bb9ef7d0845,ok,100,21,1528,349.357,81,1440,9501,3955,7421
319,17946.072091732,17946.072468513,,1,GPU-bff95c83-0adb-feb7-9825-359f31b26de8,ok,0,0,467,39.849,38,210,405,439,341
320,17947.072091732,17947.072418749,,0,GPU-42e33043-7008-2803-9ba8-9bb9ef7d0845,ok,100,20,1528,349.059,81,1425,9501,2392,13085
320,17947.072091732,17947.07246755,,1,GPU-bff95c83-0adb-feb7-9825-359f31b26de8,ok,0,0,467,29.988,38,210,405,488,341
321,17948.072091732,17948.072431946,,0,GPU-42e33043-7008-2803-9ba8-9bb9ef7d0845,ok,100,20,1528,349.404,81,1425,9501,3808,10058
321,17948.072091732,17948.072478686,,1,GPU-bff95c83-0adb-feb7-9825-359f31b26de8,ok,0,0,467,28.692,38,210,405,439,341
322,17949.072091732,17949.072426983,,0,GPU-42e33043-7008-2803-9ba8-9bb9ef7d0845,ok,100,19,1528,349.145,81,1440,9501,1416,10009
322,17949.072091732,17949.072494303,,1,GPU-bff95c83-0adb-feb7-9825-359f31b26de8,ok,0,0,467,28.628,38,210,405,439,341
323,17950.072091732,17950.07242034,,0,GPU-42e33043-7008-2803-9ba8-9bb9ef7d0845,ok,100,19,1528,348.965,81,1425,9501,3320,12646
323,17950.072091732,17950.07248137,,1,GPU-bff95c83-0adb-feb7-9825-359f31b26de8,ok,0,0,467,28.715,38,210,405,439,341
324,17951.072091732,17951.072428987,,0,GPU-42e33043-7008-2803-9ba8-9bb9ef7d0845,ok,100,21,1528,349.125,81,1440,9501,4589,10693
324,17951.072091732,17951.072479607,,1,GPU-bff95c83-0adb-feb7-9825-359f31b26de8,ok,0,0,467,28.705,38,210,405,439,341
325,17952.072091732,17952.072427244,,0,GPU-42e33043-7008-2803-9ba8-9bb9ef7d0845,ok,100,19,1528,349.292,81,1440,9501,2490,13085
325,17952.072091732,17952.072490784,,1,GPU-bff95c83-0adb-feb7-9825-359f31b26de8,ok,0,0,467,28.57,38,210,405,439,341
326,17953.072091732,17953.072423671,,0,GPU-42e33043-7008-2803-9ba8-9bb9ef7d0845,ok,100,21,1528,349.123,81,1425,9501,3662,10009
326,17953.072091732,17953.072485841,,1,GPU-bff95c83-0adb-feb7-9825-359f31b26de8,ok,0,0,467,40.129,38,210,405,439,341
327,17954.072091732,17954.072521887,,0,GPU-42e33043-7008-2803-9ba8-9bb9ef7d0845,ok,100,20,1528,349.366,81,1440,9501,3369,9814
327,17954.072091732,17954.072499627,,1,GPU-bff95c83-0adb-feb7-9825-359f31b26de8,ok,0,0,467,29.836,38,210,405,439,390
328,17955.072091732,17955.072503634,,0,GPU-42e33043-7008-2803-9ba8-9bb9ef7d0845,ok,100,19,1528,349.059,81,1425,9501,2783,13916
328,17955.072091732,17955.072452164,,1,GPU-bff95c83-0adb-feb7-9825-359f31b26de8,ok,0,0,467,28.554,38,210,405,439,341
329,17956.072091732,17956.072425481,,0,GPU-42e33043-7008-2803-9ba8-9bb9ef7d0845,ok,100,21,1528,349.281,81,1440,9501,390,8496
329,17956.072091732,17956.072496691,,1,GPU-bff95c83-0adb-feb7-9825-359f31b26de8,ok,0,0,467,28.428,38,210,405,488,341
330,17957.072091732,17957.072429678,,0,GPU-42e33043-7008-2803-9ba8-9bb9ef7d0845,ok,100,19,1528,349.5,81,1455,9501,2636,12255
330,17957.072091732,17957.072501898,,1,GPU-bff95c83-0adb-feb7-9825-359f31b26de8,ok,0,0,467,28.488,38,210,405,439,341
331,17958.072091732,17958.072431325,,0,GPU-42e33043-7008-2803-9ba8-9bb9ef7d0845,ok,100,21,1528,349.102,81,1410,9501,3759,11474
331,17958.072091732,17958.072501025,,1,GPU-bff95c83-0adb-feb7-9825-359f31b26de8,ok,0,0,467,28.515,38,210,405,439,341
332,17959.072091732,17959.072421972,,0,GPU-42e33043-7008-2803-9ba8-9bb9ef7d0845,ok,100,21,1528,349.153,81,1440,9501,3320,8886
332,17959.072091732,17959.072483522,,1,GPU-bff95c83-0adb-feb7-9825-359f31b26de8,ok,0,0,467,28.309,38,210,405,537,341
333,17960.072091732,17960.072424368,,0,GPU-42e33043-7008-2803-9ba8-9bb9ef7d0845,ok,100,19,1528,348.937,81,1425,9501,2539,13769
333,17960.072091732,17960.072493258,,1,GPU-bff95c83-0adb-feb7-9825-359f31b26de8,ok,0,0,467,34.113,38,210,405,488,341
334,17961.072091732,17961.072427645,,0,GPU-42e33043-7008-2803-9ba8-9bb9ef7d0845,ok,100,21,1528,349.153,81,1425,9501,3906,7910
334,17961.072091732,17961.072488935,,1,GPU-bff95c83-0adb-feb7-9825-359f31b26de8,ok,0,0,467,40.207,38,210,405,439,341
335,17962.072091732,17962.072417792,,0,GPU-42e33043-7008-2803-9ba8-9bb9ef7d0845,ok,100,18,1528,349.127,81,1440,9501,2587,12011
335,17962.072091732,17962.072489622,,1,GPU-bff95c83-0adb-feb7-9825-359f31b26de8,ok,0,0,467,30.885,38,210,405,488,341
336,17963.072091732,17963.072423149,,0,GPU-42e33043-7008-2803-9ba8-9bb9ef7d0845,ok,100,20,1528,348.883,81,1410,9501,439,4882
336,17963.072091732,17963.072472279,,1,GPU-bff95c83-0adb-feb7-9825-359f31b26de8,ok,0,0,467,29.278,38,210,405,439,341
337,17964.072091732,17964.072423576,,0,GPU-42e33043-7008-2803-9ba8-9bb9ef7d0845,ok,100,21,1528,349.657,81,1440,9501,3369,9277
337,17964.072091732,17964.072495216,,1,GPU-bff95c83-0adb-feb7-9825-359f31b26de8,ok,0,0,467,28.641,38,210,405,439,341
338,17965.072091732,17965.072433123,,0,GPU-42e33043-7008-2803-9ba8-9bb9ef7d0845,ok,100,20,1528,349.12,81,1425,9501,2636,14062
338,17965.072091732,17965.072500303,,1,GPU-bff95c83-0adb-feb7-9825-359f31b26de8,ok,0,0,467,28.698,38,210,405,488,341
339,17966.072091732,17966.072426609,,0,GPU-42e33043-7008-2803-9ba8-9bb9ef7d0845,ok,100,21,1528,349.411,81,1425,9501,4248,7421
339,17966.072091732,17966.072499339,,1,GPU-bff95c83-0adb-feb7-9825-359f31b26de8,ok,0,0,467,28.783,38,210,405,537,341
340,17967.072091732,17967.072425386,,0,GPU-42e33043-7008-2803-9ba8-9bb9ef7d0845,ok,100,20,1528,349.608,81,1440,9501,2636,12207
340,17967.072091732,17967.072495326,,1,GPU-bff95c83-0adb-feb7-9825-359f31b26de8,ok,0,0,467,33.174,38,210,405,439,341
341,17968.072091732,17968.072422683,,0,GPU-42e33043-7008-2803-9ba8-9bb9ef7d0845,ok,100,21,1528,349.395,81,1395,9501,3515,9912
341,17968.072091732,17968.072471303,,1,GPU-bff95c83-0adb-feb7-9825-359f31b26de8,ok,0,0,467,39.639,38,210,405,439,341
342,17969.072091732,17969.07252283,,0,GPU-42e33043-7008-2803-9ba8-9bb9ef7d0845,ok,100,21,1528,349.674,81,1425,9501,3369,9667
342,17969.072091732,17969.07249998,,1,GPU-bff95c83-0adb-feb7-9825-359f31b26de8,ok,0,0,467,30.398,38,210,405,439,341
343,17970.072091732,17970.072562967,,0,GPU-42e33043-7008-2803-9ba8-9bb9ef7d0845,ok,100,19,1528,349.291,81,1440,9501,488,2001
343,17970.072091732,17970.072499027,,1,GPU-bff95c83-0adb-feb7-9825-359f31b26de8,ok,0,0,467,29.025,38,210,405,488,341
344,17971.072091732,17971.072423504,,0,GPU-42e33043-7008-2803-9ba8-9bb9ef7d0845,ok,100,21,1528,349.299,81,1425,9501,4150,7714
344,17971.072091732,17971.072486564,,1,GPU-bff95c83-0adb-feb7-9825-359f31b26de8,ok,0,0,467,28.635,38,210,405,439,341
345,17972.072091732,17972.07242411,,0,GPU-42e33043-7008-2803-9ba8-9bb9ef7d0845,ok,100,20,1528,349.205,81,1440,9501,2783,11572
345,17972.072091732,17972.07247411,,1,GPU-bff95c83-0adb-feb7-9825-359f31b26de8,ok,0,0,467,28.761,38,210,405,439,390
346,17973.072091732,17973.072422367,,0,GPU-42e33043-7008-2803-9ba8-9bb9ef7d0845,ok,100,20,1528,349.258,81,1425,9501,3222,11767
346,17973.072091732,17973.072483167,,1,GPU-bff95c83-0adb-feb7-9825-359f31b26de8,ok,0,0,467,29.027,38,210,405,439,341
347,17974.072091732,17974.072423464,,0,GPU-42e33043-7008-2803-9ba8-9bb9ef7d0845,ok,100,22,1528,349.735,81,1425,9501,3662,8886
347,17974.072091732,17974.072486624,,1,GPU-bff95c83-0adb-feb7-9825-359f31b26de8,ok,0,0,467,32.833,38,210,405,439,390
348,17975.072091732,17975.072417121,,0,GPU-42e33043-7008-2803-9ba8-9bb9ef7d0845,ok,100,20,1528,349.503,81,1440,9501,2490,13720
348,17975.072091732,17975.072476601,,1,GPU-bff95c83-0adb-feb7-9825-359f31b26de8,ok,0,0,467,40.054,38,210,405,439,341
349,17976.072091732,17976.072414928,,0,GPU-42e33043-7008-2803-9ba8-9bb9ef7d0845,ok,100,21,1528,349.045,81,1410,9501,3857,7958
349,17976.072091732,17976.072474648,,1,GPU-bff95c83-0adb-feb7-9825-359f31b26de8,ok,0,0,467,30.291,38,210,405,439,341
350,17977.072091732,17977.072417225,,0,GPU-42e33043-7008-2803-9ba8-9bb9ef7d0845,ok,100,20,1528,349.28,81,1440,9501,1318,341
350,17977.072091732,17977.072476185,,1,GPU-bff95c83-0adb-feb7-9825-359f31b26de8,ok,0,0,467,29.063,38,210,405,439,341
351,17978.072091732,17978.072465211,,0,GPU-42e33043-7008-2803-9ba8-9bb9ef7d0845,ok,100,19,1528,348.923,81,1425,9501,3417,11523
351,17978.072091732,17978.072498031,,1,GPU-bff95c83-0adb-feb7-9825-359f31b26de8,ok,0,0,467,28.939,38,210,405,439,341
352,17979.072091732,17979.072470348,,0,GPU-42e33043-7008-2803-9ba8-9bb9ef7d0845,ok,100,21,1528,348.927,81,1455,9501,3515,9423
352,17979.072091732,17979.072499518,,1,GPU-bff95c83-0adb-feb7-9825-359f31b26de8,ok,0,0,467,29.06,38,210,405,439,341
353,17980.072091732,17980.072469545,,0,GPU-42e33043-7008-2803-9ba8-9bb9ef7d0845,ok,100,19,1528,349.213,81,1440,9501,2636,13964
353,17980.072091732,17980.072502585,,1,GPU-bff95c83-0adb-feb7-9825-359f31b26de8,ok,0,0,467,29.294,38,210,405,439,341
354,17981.072091732,17981.072413902,,0,GPU-42e33043-7008-2803-9ba8-9bb9ef7d0845,ok,100,20,1528,349.116,81,1440,9501,4199,7568
354,17981.072091732,17981.072474382,,1,GPU-bff95c83-0adb-feb7-9825-359f31b26de8,ok,0,0,467,32.112,38,210,405,488,390
355,17982.072091732,17982.072458059,,0,GPU-42e33043-7008-2803-9ba8-9bb9ef7d0845,ok,100,20,1528,349.517,81,1410,9501,2587,11669
355,17982.072091732,17982.072492919,,1,GPU-bff95c83-0adb-feb7-9825-359f31b26de8,ok,0,0,467,40.483,38,210,405,439,341
356,17983.072091732,17983.072416276,,0,GPU-42e33043-7008-2803-9ba8-9bb9ef7d0845,ok,100,20,1528,349.535,81,1455,9501,3173,10351
356,17983.072091732,17983.072476066,,1,GPU-bff95c83-0adb-feb7-9825-359f31b26de8,ok,0,0,467,31.121,38,210,405,439,341
357,17984.072091732,17984.072458782,,0,GPU-42e33043-7008-2803-9ba8-9bb9ef7d0845,ok,100,21,1528,349.118,81,1440,9501,2783,341
357,17984.072091732,17984.072490432,,1,GPU-bff95c83-0adb-feb7-9825-359f31b26de8,ok,0,0,467,29.492,38,210,405,439,341
358,17985.072091732,17985.072430869,,0,GPU-42e33043-7008-2803-9ba8-9bb9ef7d0845,ok,100,20,1528,349.282,81,1440,9501,3027,13281
358,17985.072091732,17985.072482739,,1,GPU-bff95c83-0adb-feb7-9825-359f31b26de8,ok,0,0,467,28.882,38,210,405,439,341
359,17986.072091732,17986.072422566,,0,GPU-42e33043-7008-2803-9ba8-9bb9ef7d0845,ok,100,22,1528,349.198,81,1455,9501,4101,8056
359,17986.072091732,17986.072487376,,1,GPU-bff95c83-0adb-feb7-9825-359f31b26de8,ok,0,0,467,28.889,38,210,405,439,341
360,17987.072091732,17987.072415213,,0,GPU-42e33043-7008-2803-9ba8-9bb9ef7d0845,ok,100,20,1528,349.444,81,1425,9501,2490,12841
360,17987.072091732,17987.072475123,,1,GPU-bff95c83-0adb-feb7-9825-359f31b26de8,ok,0,0,467,28.948,38,210,405,439,341
361,17988.072091732,17988.07241858,,0,GPU-42e33043-7008-2803-9ba8-9bb9ef7d0845,ok,100,20,1528,349.049,81,1440,9501,3857,9521
361,17988.072091732,17988.0724803,,1,GPU-bff95c83-0adb-feb7-9825-359f31b26de8,ok,0,0,467,30.37,38,210,405,439,341
362,17989.072091732,17989.072479357,,0,GPU-42e33043-7008-2803-9ba8-9bb9ef7d0845,ok,100,22,1528,349.183,81,1455,9501,3125,10742
362,17989.072091732,17989.072500277,,1,GPU-bff95c83-0adb-feb7-9825-359f31b26de8,ok,0,0,467,39.794,38,210,405,488,341
363,17990.072091732,17990.072417113,,0,GPU-42e33043-7008-2803-9ba8-9bb9ef7d0845,ok,100,19,1528,349.48,81,1440,9501,3613,12402
363,17990.072091732,17990.072477493,,1,GPU-bff95c83-0adb-feb7-9825-359f31b26de8,ok,0,0,467,30.806,38,210,405,488,341
364,17991.072091732,17991.07247012,,0,GPU-42e33043-7008-2803-9ba8-9bb9ef7d0845,ok,100,21,1528,348.979,81,1455,9501,3466,341
364,17991.072091732,17991.07250842,,1,GPU-bff95c83-0adb-feb7-9825-359f31b26de8,ok,0,0,467,29.202,38,210,405,439,341
365,17992.072091732,17992.072423677,,0,GPU-42e33043-7008-2803-9ba8-9bb9ef7d0845,ok,100,19,1528,349.195,81,1425,9501,2734,13818
365,17992.072091732,17992.072485737,,1,GPU-bff95c83-0adb-feb7-9825-359f31b26de8,ok,0,0,467,28.6,38,210,405,439,341
366,17993.072091732,17993.072423784,,0,GPU-42e33043-7008-2803-9ba8-9bb9ef7d0845,ok,100,20,1528,349.29,81,1440,9501,4003,8691
366,17993.072091732,17993.072483304,,1,GPU-bff95c83-0adb-feb7-9825-359f31b26de8,ok,0,0,467,28.672,38,210,405,439,341
367,17994.072091732,17994.072387821,,0,GPU-42e33043-7008-2803-9ba8-9bb9ef7d0845,ok,100,22,1528,349.257,81,1455,9501,2929,11035
367,17994.072091732,17994.072791621,,1,GPU-bff95c83-0adb-feb7-9825-359f31b26de8,ok,0,0,467,29.018,38,210,405,439,341
368,17995.072091732,17995.072426528,,0,GPU-42e33043-7008-2803-9ba8-9bb9ef7d0845,ok,100,19,1528,349.156,81,1440,9501,3271,12060
368,17995.072091732,17995.072487158,,1,GPU-bff95c83-0adb-feb7-9825-359f31b26de8,ok,0,0,467,29.034,38,210,405,439,341
369,17996.072091732,17996.072422344,,0,GPU-42e33043-7008-2803-9ba8-9bb9ef7d0845,ok,100,20,1528,349.137,81,1440,9501,3710,8496
369,17996.072091732,17996.072471515,,1,GPU-bff95c83-0adb-feb7-9825-359f31b26de8,ok,0,0,467,40.004,38,210,405,488,341
370,17997.072091732,17997.072423471,,0,GPU-42e33043-7008-2803-9ba8-9bb9ef7d0845,ok,100,20,1528,349.665,81,1425,9501,2587,12939
370,17997.072091732,17997.072492691,,1,GPU-bff95c83-0adb-feb7-9825-359f31b26de8,ok,0,0,467,30.603,38,210,405,439,341
371,17998.072091732,17998.072443138,,0,GPU-42e33043-7008-2803-9ba8-9bb9ef7d0845,ok,100,20,1528,349.079,81,1440,9501,3857,2636
371,17998.072091732,17998.072506198,,1,GPU-bff95c83-0adb-feb7-9825-359f31b26de8,ok,0,0,467,29.267,38,210,405,439,341
372,17999.072091732,17999.072441815,,0,GPU-42e33043-7008-2803-9ba8-9bb9ef7d0845,ok,100,22,1528,349.142,81,1440,9501,2832,11230
372,17999.072091732,17999.072505765,,1,GPU-bff95c83-0adb-feb7-9825-359f31b26de8,ok,0,0,467,29.053,38,210,405,439,341
373,18000.072091732,18000.072519852,,0,GPU-42e33043-7008-2803-9ba8-9bb9ef7d0845,ok,100,19,1528,349.306,81,1425,9501,3369,11816
373,18000.072091732,18000.072564622,,1,GPU-bff95c83-0adb-feb7-9825-359f31b26de8,ok,0,0,467,29.104,38,210,405,439,341
374,18001.072091732,18001.072441439,,0,GPU-42e33043-7008-2803-9ba8-9bb9ef7d0845,ok,100,20,1528,348.862,81,1440,9501,4052,7958
374,18001.072091732,18001.072505539,,1,GPU-bff95c83-0adb-feb7-9825-359f31b26de8,ok,0,0,467,29.353,38,210,405,439,341
375,18002.072091732,18002.072438726,,0,GPU-42e33043-7008-2803-9ba8-9bb9ef7d0845,ok,100,20,1528,349.413,81,1425,9501,2539,13085
375,18002.072091732,18002.072504946,,1,GPU-bff95c83-0adb-feb7-9825-359f31b26de8,ok,0,0,467,29.087,38,210,405,439,341
376,18003.072091732,18003.072440662,,0,GPU-42e33043-7008-2803-9ba8-9bb9ef7d0845,ok,100,19,1528,349.437,81,1440,9501,3759,8496
376,18003.072091732,18003.072505162,,1,GPU-bff95c83-0adb-feb7-9825-359f31b26de8,ok,0,0,467,34.304,38,210,405,439,390
377,18004.072091732,18004.072440229,,0,GPU-42e33043-7008-2803-9ba8-9bb9ef7d0845,ok,100,21,1528,349.683,81,1440,9501,2783,12060
377,18004.072091732,18004.072507989,,1,GPU-bff95c83-0adb-feb7-9825-359f31b26de8,ok,0,0,467,40.133,38,210,405,439,341
378,18005.072091732,18005.072439946,,0,GPU-42e33043-7008-2803-9ba8-9bb9ef7d0845,ok,100,19,1528,349.292,81,1425,9501,3369,8447
378,18005.072091732,18005.072501986,,1,GPU-bff95c83-0adb-feb7-9825-359f31b26de8,ok,0,0,467,31.101,38,210,405,439,341
379,18006.072091732,18006.072477843,,0,GPU-42e33043-7008-2803-9ba8-9bb9ef7d0845,ok,100,20,1528,348.774,81,1425,9501,3564,9277
379,18006.072091732,18006.072510923,,1,GPU-bff95c83-0adb-feb7-9825-359f31b26de8,ok,0,0,467,29.548,38,210,405,439,341
380,18007.072091732,18007.07244922,,0,GPU-42e33043-7008-2803-9ba8-9bb9ef7d0845,ok,100,20,1528,349.458,81,1410,9501,2783,13476
380,18007.072091732,18007.07250913,,1,GPU-bff95c83-0adb-feb7-9825-359f31b26de8,ok,0,0,467,28.977,38,210,405,439,341
381,18008.072091732,18008.072499697,,0,GPU-42e33043-7008-2803-9ba8-9bb9ef7d0845,ok,100,19,1528,349.029,81,1440,9501,4296,7568
381,18008.072091732,18008.072539497,,1,GPU-bff95c83-0adb-feb7-9825-359f31b26de8,ok,0,0,467,28.94,38,210,405,439,341
382,18009.072091732,18009.072519743,,0,GPU-42e33043-7008-2803-9ba8-9bb9ef7d0845,ok,100,21,1528,348.884,81,1440,9501,2587,12304
382,18009.072091732,18009.072496243,,1,GPU-bff95c83-0adb-feb7-9825-359f31b26de8,ok,0,0,467,29.054,38,210,405,439,341
383,18010.072091732,18010.07244866,,0,GPU-42e33043-7008-2803-9ba8-9bb9ef7d0845,ok,100,19,1528,349.09,81,1440,9501,3710,10107
383,18010.072091732,18010.07252504,,1,GPU-bff95c83-0adb-feb7-9825-359f31b26de8,ok,0,0,467,33.38,38,210,405,439,341
384,18011.072091732,18011.072430367,,0,GPU-42e33043-7008-2803-9ba8-9bb9ef7d0845,ok,100,21,1528,349.074,81,1440,9501,3564,9179
384,18011.072091732,18011.072502707,,1,GPU-bff95c83-0adb-feb7-9825-359f31b26de8,ok,0,0,467,39.476,38,210,405,439,341
385,18012.072091732,18012.072424034,,0,GPU-42e33043-7008-2803-9ba8-9bb9ef7d0845,ok,100,20,1528,349.588,81,1425,9501,2783,12304
385,18012.072091732,18012.072489614,,1,GPU-bff95c83-0adb-feb7-9825-359f31b26de8,ok,0,0,467,30.626,38,210,405,439,341
386,18013.072091732,18013.072466071,,0,GPU-42e33043-7008-2803-9ba8-9bb9ef7d0845,ok,100,20,1528,349.456,81,1440,9501,4101,7373
386,18013.072091732,18013.072510321,,1,GPU-bff95c83-0adb-feb7-9825-359f31b26de8,ok,0,0,467,29.164,38,210,405,488,341
387,18014.072091732,18014.072488648,,0,GPU-42e33043-7008-2803-9ba8-9bb9ef7d0845,ok,100,22,1528,349.576,81,1440,9501,2539,12304
387,18014.072091732,18014.072439258,,1,GPU-bff95c83-0adb-feb7-9825-359f31b26de8,ok,0,0,467,28.807,38,210,405,488,341
388,18015.072091732,18015.072446414,,0,GPU-42e33043-7008-2803-9ba8-9bb9ef7d0845,ok,100,20,1528,349.423,81,1425,9501,3613,10351
388,18015.072091732,18015.072512034,,1,GPU-bff95c83-0adb-feb7-9825-359f31b26de8,ok,0,0,467,28.777,38,210,405,488,341
389,18016.072091732,18016.072471071,,0,GPU-42e33043-7008-2803-9ba8-9bb9ef7d0845,ok,100,21,1528,349.286,81,1425,9501,3320,9521
389,18016.072091732,18016.072423341,,1,GPU-bff95c83-0adb-feb7-9825-359f31b26de8,ok,0,0,467,28.81,38,210,405,488,341
390,18017.072091732,18017.072476808,,0,GPU-42e33043-7008-2803-9ba8-9bb9ef7d0845,ok,100,21,1528,349.468,81,1425,9501,2685,12646
390,18017.072091732,18017.072431098,,1,GPU-bff95c83-0adb-feb7-9825-359f31b26de8,ok,0,0,467,32.5,38,210,405,439,341
391,18018.072091732,18018.072471645,,0,GPU-42e33043-7008-2803-9ba8-9bb9ef7d0845,ok,100,20,1528,349.308,81,1440,9501,4052,7568
391,18018.072091732,18018.072425185,,1,GPU-bff95c83-0adb-feb7-9825-359f31b26de8,ok,0,0,467,39.935,38,210,405,439,341
392,18019.072091732,18019.072438152,,0,GPU-42e33043-7008-2803-9ba8-9bb9ef7d0845,ok,100,22,1528,349.361,81,1440,9501,2587,11328
392,18019.072091732,18019.072512322,,1,GPU-bff95c83-0adb-feb7-9825-359f31b26de8,ok,0,0,467,30.241,38,210,405,439,341
393,18020.072091732,18020.072648419,,0,GPU-42e33043-7008-2803-9ba8-9bb9ef7d0845,ok,0,0,464,223.738,71,1920,9751,390,292
393,18020.072091732,18020.072586229,,1,GPU-bff95c83-0adb-feb7-9825-359f31b26de8,ok,0,0,464,28.8,38,210,405,439,341
394,18021.072091732,18021.078379728,,0,GPU-42e33043-7008-2803-9ba8-9bb9ef7d0845,ok,0,0,464,166.498,69,1920,9751,16845,9960
394,18021.072091732,18021.078401018,,1,GPU-bff95c83-0adb-feb7-9825-359f31b26de8,ok,0,0,464,36.805,38,210,405,439,5419
395,18022.072091732,18022.072437142,,0,GPU-42e33043-7008-2803-9ba8-9bb9ef7d0845,ok,100,24,1528,217.064,76,1470,9501,2734,13720
395,18022.072091732,18022.072486712,,1,GPU-bff95c83-0adb-feb7-9825-359f31b26de8,ok,0,0,467,36.853,38,210,405,439,341
396,18023.072091732,18023.072447699,,0,GPU-42e33043-7008-2803-9ba8-9bb9ef7d0845,ok,100,21,1528,348.967,78,1470,9501,3857,8935
396,18023.072091732,18023.072517669,,1,GPU-bff95c83-0adb-feb7-9825-359f31b26de8,ok,0,0,467,42.419,38,210,405,488,341
397,18024.072091732,18024.072437756,,0,GPU-42e33043-7008-2803-9ba8-9bb9ef7d0845,ok,100,22,1528,349.538,79,1440,9501,4003,12060
397,18024.072091732,18024.072503676,,1,GPU-bff95c83-0adb-feb7-9825-359f31b26de8,ok,0,0,467,32.388,38,210,405,439,341
398,18025.072091732,18025.072442343,,0,GPU-42e33043-7008-2803-9ba8-9bb9ef7d0845,ok,100,22,1528,349.272,79,1470,9501,2832,13623
398,18025.072091732,18025.072509593,,1,GPU-bff95c83-0adb-feb7-9825-359f31b26de8,ok,0,0,467,35.839,38,210,405,439,341
399,18026.072091732,18026.07244385,,0,GPU-42e33043-7008-2803-9ba8-9bb9ef7d0845,ok,100,22,1528,349.727,79,1440,9501,4199,8154
399,18026.072091732,18026.07250548,,1,GPU-bff95c83-0adb-feb7-9825-359f31b26de8,ok,0,0,467,29.914,38,210,405,488,341
400,18027.072091732,18027.072542396,,0,GPU-42e33043-7008-2803-9ba8-9bb9ef7d0845,ok,100,22,1528,349.377,80,1455,9501,2587,14648
400,18027.072091732,18027.072522386,,1,GPU-bff95c83-0adb-feb7-9825-359f31b26de8,ok,0,0,467,28.669,38,210,405,488,341
401,18028.072091732,18028.072464393,,0,GPU-42e33043-7008-2803-9ba8-9bb9ef7d0845,ok,100,21,1528,349.364,80,1440,9501,4296,7714
401,18028.072091732,18028.072517413,,1,GPU-bff95c83-0adb-feb7-9825-359f31b26de8,ok,0,0,467,28.563,38,210,405,488,341
402,18029.072091732,18029.07253297,,0,GPU-42e33043-7008-2803-9ba8-9bb9ef7d0845,ok,100,22,1528,349.208,80,1455,9501,2539,13720
402,18029.072091732,18029.07248196,,1,GPU-bff95c83-0adb-feb7-9825-359f31b26de8,ok,0,0,467,28.577,38,210,405,488,390
403,18030.072091732,18030.072596527,,0,GPU-42e33043-7008-2803-9ba8-9bb9ef7d0845,ok,100,21,1528,349.113,80,1455,9501,4394,7714
403,18030.072091732,18030.072630517,,1,GPU-bff95c83-0adb-feb7-9825-359f31b26de8,ok,0,0,467,28.772,38,210,405,488,341
404,18031.072091732,18031.072441864,,0,GPU-42e33043-7008-2803-9ba8-9bb9ef7d0845,ok,100,22,1528,349.188,80,1455,9501,2490,13818
404,18031.072091732,18031.072506544,,1,GPU-bff95c83-0adb-feb7-9825-359f31b26de8,ok,0,0,467,30.092,38,210,405,439,341
405,18032.072091732,18032.072441801,,0,GPU-42e33043-7008-2803-9ba8-9bb9ef7d0845,ok,100,20,1528,349.61,80,1425,9501,4296,8593
405,18032.072091732,18032.072488181,,1,GPU-bff95c83-0adb-feb7-9825-359f31b26de8,ok,0,0,467,40.312,38,210,405,439,341
406,18033.072091732,18033.072487437,,0,GPU-42e33043-7008-2803-9ba8-9bb9ef7d0845,ok,100,22,1528,349.329,80,1455,9501,2636,13232
406,18033.072091732,18033.072524388,,1,GPU-bff95c83-0adb-feb7-9825-359f31b26de8,ok,0,0,467,30.686,38,210,405,439,341
407,18034.072091732,18034.072441084,,0,GPU-42e33043-7008-2803-9ba8-9bb9ef7d0845,ok,100,19,1528,349.226,80,1425,9501,3955,9375
407,18034.072091732,18034.072503974,,1,GPU-bff95c83-0adb-feb7-9825-359f31b26de8,ok,0,0,467,29.322,38,210,405,488,341
408,18035.072091732,18035.072455231,,0,GPU-42e33043-7008-2803-9ba8-9bb9ef7d0845,ok,100,21,1528,348.721,80,1425,9501,2832,12304
408,18035.072091732,18035.072518871,,1,GPU-bff95c83-0adb-feb7-9825-359f31b26de8,ok,0,0,467,28.975,38,210,405,439,341
409,18036.072091732,18036.072442888,,0,GPU-42e33043-7008-2803-9ba8-9bb9ef7d0845,ok,100,19,1528,349.132,80,1440,9501,4003,9326
409,18036.072091732,18036.072504258,,1,GPU-bff95c83-0adb-feb7-9825-359f31b26de8,ok,0,0,467,28.948,38,210,405,439,341
410,18037.072091732,18037.072448455,,0,GPU-42e33043-7008-2803-9ba8-9bb9ef7d0845,ok,100,21,1528,349.275,80,1410,9501,2832,11914
410,18037.072091732,18037.072511465,,1,GPU-bff95c83-0adb-feb7-9825-359f31b26de8,ok,0,0,467,29.086,38,210,405,439,341
411,18038.072091732,18038.072442052,,0,GPU-42e33043-7008-2803-9ba8-9bb9ef7d0845,ok,100,20,1528,349.478,80,1440,9501,3662,10449
411,18038.072091732,18038.072504492,,1,GPU-bff95c83-0adb-feb7-9825-359f31b26de8,ok,0,0,467,29.103,38,210,405,488,390
412,18039.072091732,18039.072449548,,0,GPU-42e33043-7008-2803-9ba8-9bb9ef7d0845,ok,100,21,1528,349.034,80,1455,9501,3027,9912
412,18039.072091732,18039.072511619,,1,GPU-bff95c83-0adb-feb7-9825-359f31b26de8,ok,0,0,467,40.032,38,210,405,488,341
413,18040.072091732,18040.072505065,,0,GPU-42e33043-7008-2803-9ba8-9bb9ef7d0845,ok,100,22,1528,349.543,80,1455,9501,3271,11181
413,18040.072091732,18040.072527645,,1,GPU-bff95c83-0adb-feb7-9825-359f31b26de8,ok,0,0,467,30.535,38,210,405,439,341
414,18041.072091732,18041.072447582,,0,GPU-42e33043-7008-2803-9ba8-9bb9ef7d0845,ok,100,21,1528,349.391,80,1440,9501,3417,9130
414,18041.072091732,18041.072511802,,1,GPU-bff95c83-0adb-feb7-9825-359f31b26de8,ok,0,0,467,29.218,38,210,405,439,341
415,18042.072091732,18042.072440099,,0,GPU-42e33043-7008-2803-9ba8-9bb9ef7d0845,ok,100,22,1528,349.316,80,1455,9501,3076,11962
415,18042.072091732,18042.072501599,,1,GPU-bff95c83-0adb-feb7-9825-359f31b26de8,ok,0,0,467,28.958,38,210,405,439,341
416,18043.072091732,18043.072443646,,0,GPU-42e33043-7008-2803-9ba8-9bb9ef7d0845,ok,100,20,1528,349.373,80,1455,9501,3710,8886
416,18043.072091732,18043.072511726,,1,GPU-bff95c83-0adb-feb7-9825-359f31b26de8,ok,0,0,467,29.013,38,210,405,439,341
417,18044.072091732,18044.072438603,,0,GPU-42e33043-7008-2803-9ba8-9bb9ef7d0845,ok,100,22,1528,349.14,80,1440,9501,3027,14111
417,18044.072091732,18044.072510993,,1,GPU-bff95c83-0adb-feb7-9825-359f31b26de8,ok,0,0,467,29.084,38,210,405,439,341
418,18045.072091732,18045.07248745,,0,GPU-42e33043-7008-2803-9ba8-9bb9ef7d0845,ok,100,19,1528,349.29,80,1455,9501,4052,8105
418,18045.072091732,18045.0725548,,1,GPU-bff95c83-0adb-feb7-9825-359f31b26de8,ok,0,0,467,28.709,38,210,405,439,390
419,18046.072091732,18046.072439996,,0,GPU-42e33043-7008-2803-9ba8-9bb9ef7d0845,ok,100,21,1528,349.152,80,1425,9501,2587,14501
419,18046.072091732,18046.072512036,,1,GPU-bff95c83-0adb-feb7-9825-359f31b26de8,ok,0,0,467,34.051,38,210,405,488,341
420,18047.072091732,18047.072442543,,0,GPU-42e33043-7008-2803-9ba8-9bb9ef7d0845,ok,100,19,1528,349.13,80,1455,9501,4541,7714
420,18047.072091732,18047.072491663,,1,GPU-bff95c83-0adb-feb7-9825-359f31b26de8,ok,0,0,467,40.085,38,210,405,439,341
421,18048.072091732,18048.07255776,,0,GPU-42e33043-7008-2803-9ba8-9bb9ef7d0845,ok,0,0,1528,226.378,71,1920,9501,341,292
421,18048.072091732,18048.07262469,,1,GPU-bff95c83-0adb-feb7-9825-359f31b26de8,ok,0,0,467,30.338,38,210,405,439,341
422,18049.072091732,18049.072558647,,0,GPU-42e33043-7008-2803-9ba8-9bb9ef7d0845,ok,0,0,1528,192.764,70,1920,9501,390,292
422,18049.072091732,18049.072629597,,1,GPU-bff95c83-0adb-feb7-9825-359f31b26de8,ok,0,0,467,28.905,38,210,405,439,341
423,18050.072091732,18050.072547834,,0,GPU-42e33043-7008-2803-9ba8-9bb9ef7d0845,ok,100,24,1528,235.478,78,1470,9501,2148,8056
423,18050.072091732,18050.072519244,,1,GPU-bff95c83-0adb-feb7-9825-359f31b26de8,ok,0,0,467,28.498,38,210,405,439,341
424,18051.072091732,18051.072550971,,0,GPU-42e33043-7008-2803-9ba8-9bb9ef7d0845,ok,100,23,1528,349.26,79,1425,9501,2636,11572
424,18051.072091732,18051.072485411,,1,GPU-bff95c83-0adb-feb7-9825-359f31b26de8,ok,0,0,467,28.682,38,210,405,439,341
425,18052.072091732,18052.072428427,,0,GPU-42e33043-7008-2803-9ba8-9bb9ef7d0845,ok,100,21,1528,348.958,79,1455,9501,4541,7714
425,18052.072091732,18052.072505797,,1,GPU-bff95c83-0adb-feb7-9825-359f31b26de8,ok,0,0,467,28.948,38,210,405,439,341
426,18053.072091732,18053.072421844,,0,GPU-42e33043-7008-2803-9ba8-9bb9ef7d0845,ok,100,22,1528,348.616,79,1410,9501,2685,14746
426,18053.072091732,18053.072497844,,1,GPU-bff95c83-0adb-feb7-9825-359f31b26de8,ok,0,0,467,33.396,38,210,405,439,341
427,18054.072091732,18054.072423181,,0,GPU-42e33043-7008-2803-9ba8-9bb9ef7d0845,ok,100,21,1528,348.948,80,1470,9501,4003,8593
427,18054.072091732,18054.072502011,,1,GPU-bff95c83-0adb-feb7-9825-359f31b26de8,ok,0,0,467,40.246,38,210,405,439,341
428,18055.072091732,18055.072428818,,0,GPU-42e33043-7008-2803-9ba8-9bb9ef7d0845,ok,100,21,1528,349.318,80,1410,9501,2880,14306
428,18055.072091732,18055.072538408,,1,GPU-bff95c83-0adb-feb7-9825-359f31b26de8,ok,0,0,467,30.879,38,210,405,439,341
429,18056.072091732,18056.072424105,,0,GPU-42e33043-7008-2803-9ba8-9bb9ef7d0845,ok,100,20,1528,349.05,80,1470,9501,3857,8789
429,18056.072091732,18056.072499455,,1,GPU-bff95c83-0adb-feb7-9825-359f31b26de8,ok,0,0,467,29.328,38,210,405,439,341
430,18057.072091732,18057.072418882,,0,GPU-42e33043-7008-2803-9ba8-9bb9ef7d0845,ok,100,21,1528,348.881,80,1425,9501,2832,13818
430,18057.072091732,18057.072500432,,1,GPU-bff95c83-0adb-feb7-9825-359f31b26de8,ok,0,0,467,28.858,38,210,405,488,341
431,18058.072091732,18058.072432688,,0,GPU-42e33043-7008-2803-9ba8-9bb9ef7d0845,ok,100,20,1528,349.291,80,1455,9501,4003,8105
431,18058.072091732,18058.072511878,,1,GPU-bff95c83-0adb-feb7-9825-359f31b26de8,ok,0,0,467,28.898,38,210,405,439,341
432,18059.072091732,18059.072421905,,0,GPU-42e33043-7008-2803-9ba8-9bb9ef7d0845,ok,100,22,1528,349.042,80,1395,9501,2978,13085
432,18059.072091732,18059.072483375,,1,GPU-bff95c83-0adb-feb7-9825-359f31b26de8,ok,0,0,467,28.927,38,210,405,439,341
433,18060.072091732,18060.072415092,,0,GPU-42e33043-7008-2803-9ba8-9bb9ef7d0845,ok,100,20,1528,349.273,80,1455,9501,3710,8691
433,18060.072091732,18060.072492562,,1,GPU-bff95c83-0adb-feb7-9825-359f31b26de8,ok,0,0,467,32.481,38,210,405,439,341
434,18061.072091732,18061.072421379,,0,GPU-42e33043-7008-2803-9ba8-9bb9ef7d0845,ok,100,20,1528,349.077,80,1410,9501,2685,13378
434,18061.072091732,18061.072505679,,1,GPU-bff95c83-0adb-feb7-9825-359f31b26de8,ok,0,0,467,39.797,38,210,405,488,341
435,18062.072091732,18062.072426936,,0,GPU-42e33043-7008-2803-9ba8-9bb9ef7d0845,ok,100,19,1528,349.403,80,1440,9501,4003,7714
435,18062.072091732,18062.072475256,,1,GPU-bff95c83-0adb-feb7-9825-359f31b26de8,ok,0,0,467,30.387,38,210,405,439,341
436,18063.072091732,18063.072416933,,0,GPU-42e33043-7008-2803-9ba8-9bb9ef7d0845,ok,100,21,1528,349.308,80,1425,9501,2441,12988
436,18063.072091732,18063.072478763,,1,GPU-bff95c83-0adb-feb7-9825-359f31b26de8,ok,0,0,467,29.003,38,210,405,439,341
437,18064.072091732,18064.072418629,,0,GPU-42e33043-7008-2803-9ba8-9bb9ef7d0845,ok,100,20,1528,349.459,80,1440,9501,4394,8007
437,18064.072091732,18064.072482349,,1,GPU-bff95c83-0adb-feb7-9825-359f31b26de8,ok,0,0,467,28.713,38,210,405,439,341
438,18065.072091732,18065.072417476,,0,GPU-42e33043-7008-2803-9ba8-9bb9ef7d0845,ok,100,20,1528,349.07,80,1440,9501,2587,11523
438,18065.072091732,18065.072463586,,1,GPU-bff95c83-0adb-feb7-9825-359f31b26de8,ok,0,0,467,28.606,38,210,405,439,341
439,18066.072091732,18066.072418503,,0,GPU-42e33043-7008-2803-9ba8-9bb9ef7d0845,ok,100,22,1528,349.304,80,1440,9501,3662,10742
439,18066.072091732,18066.072463013,,1,GPU-bff95c83-0adb-feb7-9825-359f31b26de8,ok,0,0,467,28.61,38,210,405,439,341
440,18067.072091732,18067.07241134,,0,GPU-42e33043-7008-2803-9ba8-9bb9ef7d0845,ok,100,19,1528,349.051,80,1440,9501,3173,10791
440,18067.072091732,18067.0724782,,1,GPU-bff95c83-0adb-feb7-9825-359f31b26de8,ok,0,0,467,31.285,38,210,405,439,341
441,18068.072091732,18068.072413197,,0,GPU-42e33043-7008-2803-9ba8-9bb9ef7d0845,ok,100,21,1528,349.226,81,1425,9501,3125,11962
441,18068.072091732,18068.072474127,,1,GPU-bff95c83-0adb-feb7-9825-359f31b26de8,ok,0,0,467,39.912,38,210,405,439,341
442,18069.072091732,18069.072410594,,0,GPU-42e33043-7008-2803-9ba8-9bb9ef7d0845,ok,100,19,1528,348.943,80,1455,9501,3759,8544
442,18069.072091732,18069.072474904,,1,GPU-bff95c83-0adb-feb7-9825-359f31b26de8,ok,0,0,467,30.139,38,210,405,439,341
443,18070.072091732,18070.07241508,,0,GPU-42e33043-7008-2803-9ba8-9bb9ef7d0845,ok,100,21,1528,349.549,81,1425,9501,2685,13525
443,18070.072091732,18070.07248564,,1,GPU-bff95c83-0adb-feb7-9825-359f31b26de8,ok,0,0,467,28.891,38,210,405,439,341
444,18071.072091732,18071.072423957,,0,GPU-42e33043-7008-2803-9ba8-9bb9ef7d0845,ok,100,20,1528,349.451,81,1440,9501,4248,7568
444,18071.072091732,18071.072494017,,1,GPU-bff95c83-0adb-feb7-9825-359f31b26de8,ok,0,0,467,28.71,38,210,405,439,341
445,18072.072091732,18072.072427644,,0,GPU-42e33043-7008-2803-9ba8-9bb9ef7d0845,ok,100,20,1528,349.033,81,1440,9501,2392,12744
445,18072.072091732,18072.072498824,,1,GPU-bff95c83-0adb-feb7-9825-359f31b26de8,ok,0,0,467,28.784,38,210,405,488,341
446,18073.072091732,18073.072423601,,0,GPU-42e33043-7008-2803-9ba8-9bb9ef7d0845,ok,100,21,1528,349.173,81,1440,9501,3808,10058
446,18073.072091732,18073.072470321,,1,GPU-bff95c83-0adb-feb7-9825-359f31b26de8,ok,0,0,467,28.912,38,210,405,439,341
447,18074.072091732,18074.072422338,,0,GPU-42e33043-7008-2803-9ba8-9bb9ef7d0845,ok,100,19,1528,349.122,81,1440,9501,2978,10449
447,18074.072091732,18074.072493308,,1,GPU-bff95c83-0adb-feb7-9825-359f31b26de8,ok,0,0,467,30.137,38,210,405,439,341
448,18075.072091732,18075.072422385,,0,GPU-42e33043-7008-2803-9ba8-9bb9ef7d0845,ok,100,21,1528,349.187,81,1410,9501,439,292
448,18075.072091732,18075.072484505,,1,GPU-bff95c83-0adb-feb7-9825-359f31b26de8,ok,0,0,467,40.179,38,210,405,439,341
449,18076.072091732,18076.072596982,,0,GPU-42e33043-7008-2803-9ba8-9bb9ef7d0845,ok,0,0,1528,181.888,71,1920,9501,390,292
449,18076.072091732,18076.072648922,,1,GPU-bff95c83-0adb-feb7-9825-359f31b26de8,ok,0,0,467,31.251,38,210,405,439,341
450,18077.072091732,18077.072421728,,0,GPU-42e33043-7008-2803-9ba8-9bb9ef7d0845,ok,0,0,1528,158.942,69,1920,9501,5761,14453
450,18077.072091732,18077.072468728,,1,GPU-bff95c83-0adb-feb7-9825-359f31b26de8,ok,0,0,467,29.44,38,210,405,439,341
451,18078.072091732,18078.072417815,,0,GPU-42e33043-7008-2803-9ba8-9bb9ef7d0845,ok,100,20,1528,254.212,78,1455,9501,2392,12841
451,18078.072091732,18078.072488655,,1,GPU-bff95c83-0adb-feb7-9825-359f31b26de8,ok,0,0,467,28.55,38,210,405,439,341
452,18079.072091732,18079.072421542,,0,GPU-42e33043-7008-2803-9ba8-9bb9ef7d0845,ok,100,20,1528,348.583,79,1440,9501,3808,7617
452,18079.072091732,18079.072492182,,1,GPU-bff95c83-0adb-feb7-9825-359f31b26de8,ok,0,0,467,28.668,38,210,405,439,341
453,18080.072091732,18080.072422189,,0,GPU-42e33043-7008-2803-9ba8-9bb9ef7d0845,ok,100,20,1528,348.485,79,1425,9501,3320,12988
453,18080.072091732,18080.072490889,,1,GPU-bff95c83-0adb-feb7-9825-359f31b26de8,ok,0,0,467,28.896,38,210,405,439,341
454,18081.072091732,18081.072428546,,0,GPU-42e33043-7008-2803-9ba8-9bb9ef7d0845,ok,100,20,1528,348.941,80,1455,9501,3662,9277
454,18081.072091732,18081.072482606,,1,GPU-bff95c83-0adb-feb7-9825-359f31b26de8,ok,0,0,467,28.604,38,210,405,439,341
455,18082.072091732,18082.072424082,,0,GPU-42e33043-7008-2803-9ba8-9bb9ef7d0845,ok,100,20,1528,348.728,80,1410,9501,3271,11425
455,18082.072091732,18082.072494712,,1,GPU-bff95c83-0adb-feb7-9825-359f31b26de8,ok,0,0,467,39.294,38,210,405,439,341
456,18083.072091732,18083.072439719,,0,GPU-42e33043-7008-2803-9ba8-9bb9ef7d0845,ok,100,19,1528,349.184,80,1440,9501,3710,8740
456,18083.072091732,18083.072512099,,1,GPU-bff95c83-0adb-feb7-9825-359f31b26de8,ok,0,0,467,30.73,38,210,405,439,341
457,18084.072091732,18084.072424996,,0,GPU-42e33043-7008-2803-9ba8-9bb9ef7d0845,ok,100,20,1528,349.143,80,1425,9501,2978,12304
457,18084.072091732,18084.072473726,,1,GPU-bff95c83-0adb-feb7-9825-359f31b26de8,ok,0,0,467,29.175,38,210,405,439,341
458,18085.072091732,18085.072433553,,0,GPU-42e33043-7008-2803-9ba8-9bb9ef7d0845,ok,100,19,1528,349.289,80,1440,9501,3808,8447
458,18085.072091732,18085.072502003,,1,GPU-bff95c83-0adb-feb7-9825-359f31b26de8,ok,0,0,467,28.621,38,210,405,439,341
459,18086.072091732,18086.07247805,,0,GPU-42e33043-7008-2803-9ba8-9bb9ef7d0845,ok,100,20,1528,349.022,80,1425,9501,2783,13574
459,18086.072091732,18086.07290276,,1,GPU-bff95c83-0adb-feb7-9825-359f31b26de8,ok,0,0,467,28.539,38,210,405,439,341
460,18087.072091732,18087.072423797,,0,GPU-42e33043-7008-2803-9ba8-9bb9ef7d0845,ok,100,20,1528,348.82,80,1440,9501,3857,7617
460,18087.072091732,18087.072495837,,1,GPU-bff95c83-0adb-feb7-9825-359f31b26de8,ok,0,0,467,28.623,38,210,405,439,341
461,18088.072091732,18088.072421893,,0,GPU-42e33043-7008-2803-9ba8-9bb9ef7d0845,ok,100,21,1528,349.41,81,1440,9501,2587,13427
461,18088.072091732,18088.072470924,,1,GPU-bff95c83-0adb-feb7-9825-359f31b26de8,ok,0,0,467,28.517,38,210,405,439,341
462,18089.072091732,18089.07242401,,0,GPU-42e33043-7008-2803-9ba8-9bb9ef7d0845,ok,100,21,1528,349.589,80,1455,9501,4101,7714
462,18089.072091732,18089.07249535,,1,GPU-bff95c83-0adb-feb7-9825-359f31b26de8,ok,0,0,467,33.811,38,210,405,439,341
463,18090.072091732,18090.072440807,,0,GPU-42e33043-7008-2803-9ba8-9bb9ef7d0845,ok,100,20,1528,349.571,81,1440,9501,2392,12988
463,18090.072091732,18090.072512397,,1,GPU-bff95c83-0adb-feb7-9825-359f31b26de8,ok,0,0,467,39.739,38,210,405,488,341
464,18091.072091732,18091.072467314,,0,GPU-42e33043-7008-2803-9ba8-9bb9ef7d0845,ok,100,21,1528,349.454,81,1455,9501,4150,9082
464,18091.072091732,18091.072869924,,1,GPU-bff95c83-0adb-feb7-9825-359f31b26de8,ok,0,0,467,30.44,38,210,405,439,341
465,18092.072091732,18092.072432701,,0,GPU-42e33043-7008-2803-9ba8-9bb9ef7d0845,ok,100,21,1528,349.18,81,1410,9501,2734,12890
465,18092.072091732,18092.072485211,,1,GPU-bff95c83-0adb-feb7-9825-359f31b26de8,ok,0,0,467,29.176,38,210,405,439,341
466,18093.072091732,18093.072420128,,0,GPU-42e33043-7008-2803-9ba8-9bb9ef7d0845,ok,100,21,1528,349.22,81,1455,9501,3857,10986
466,18093.072091732,18093.072465258,,1,GPU-bff95c83-0adb-feb7-9825-359f31b26de8,ok,0,0,467,28.932,38,210,405,439,341
467,18094.072091732,18094.072423925,,0,GPU-42e33043-7008-2803-9ba8-9bb9ef7d0845,ok,100,19,1528,349.16,81,1425,9501,3173,10791
467,18094.072091732,18094.072496915,,1,GPU-bff95c83-0adb-feb7-9825-359f31b26de8,ok,0,0,467,28.772,38,210,405,439,341
468,18095.072091732,18095.072424351,,0,GPU-42e33043-7008-2803-9ba8-9bb9ef7d0845,ok,100,21,1528,349.066,81,1440,9501,3271,12548
468,18095.072091732,18095.072469071,,1,GPU-bff95c83-0adb-feb7-9825-359f31b26de8,ok,0,0,467,28.742,38,210,405,439,341
469,18096.072091732,18096.072420358,,0,GPU-42e33043-7008-2803-9ba8-9bb9ef7d0845,ok,100,21,1528,349.654,81,1455,9501,3662,8447
469,18096.072091732,18096.072481338,,1,GPU-bff95c83-0adb-feb7-9825-359f31b26de8,ok,0,0,467,33.218,38,210,405,439,341
470,18097.072091732,18097.072421165,,0,GPU-42e33043-7008-2803-9ba8-9bb9ef7d0845,ok,100,20,1528,349.207,81,1440,9501,2636,14501
470,18097.072091732,18097.072483555,,1,GPU-bff95c83-0adb-feb7-9825-359f31b26de8,ok,0,0,467,40.22,38,210,405,488,341
471,18098.072091732,18098.072423062,,0,GPU-42e33043-7008-2803-9ba8-9bb9ef7d0845,ok,100,20,1528,349.477,81,1440,9501,4003,8056
471,18098.072091732,18098.072493842,,1,GPU-bff95c83-0adb-feb7-9825-359f31b26de8,ok,0,0,467,30.126,38,210,405,439,341
472,18099.072091732,18099.072427449,,0,GPU-42e33043-7008-2803-9ba8-9bb9ef7d0845,ok,100,20,1528,348.951,81,1425,9501,2587,12255
472,18099.072091732,18099.072497039,,1,GPU-bff95c83-0adb-feb7-9825-359f31b26de8,ok,0,0,467,28.904,38,210,405,439,341
473,18100.072091732,18100.072421616,,0,GPU-42e33043-7008-2803-9ba8-9bb9ef7d0845,ok,100,21,1528,349.125,81,1440,9501,4003,9960
473,18100.072091732,18100.072470526,,1,GPU-bff95c83-0adb-feb7-9825-359f31b26de8,ok,0,0,467,28.708,38,210,405,439,341
474,18101.072091732,18101.072418842,,0,GPU-42e33043-7008-2803-9ba8-9bb9ef7d0845,ok,100,21,1528,349.444,81,1440,9501,3125,10009
474,18101.072091732,18101.072464432,,1,GPU-bff95c83-0adb-feb7-9825-359f31b26de8,ok,0,0,467,28.67,38,210,405,439,341
475,18102.072091732,18102.072417229,,0,GPU-42e33043-7008-2803-9ba8-9bb9ef7d0845,ok,100,21,1528,349.58,81,1455,9501,3173,11816
475,18102.072091732,18102.072479439,,1,GPU-bff95c83-0adb-feb7-9825-359f31b26de8,ok,0,0,467,28.788,38,210,405,439,341
476,18103.072091732,18103.072427886,,0,GPU-42e33043-7008-2803-9ba8-9bb9ef7d0845,ok,0,0,1528,323.825,78,1905,9501,390,292
476,18103.072091732,18103.072478746,,1,GPU-bff95c83-0adb-feb7-9825-359f31b26de8,ok,0,0,467,32.601,38,210,405,439,341
477,18104.072091732,18104.072532903,,0,GPU-42e33043-7008-2803-9ba8-9bb9ef7d0845,ok,0,0,1528,190.912,71,1935,9501,390,244
477,18104.072091732,18104.072581953,,1,GPU-bff95c83-0adb-feb7-9825-359f31b26de8,ok,0,0,467,40.453,38,210,405,439,341
478,18105.072091732,18105.07242013,,0,GPU-42e33043-7008-2803-9ba8-9bb9ef7d0845,ok,0,0,1528,162.551,68,1695,9501,390,292
478,18105.072091732,18105.07249123,,1,GPU-bff95c83-0adb-feb7-9825-359f31b26de8,ok,0,0,467,31.08,38,210,405,439,341
479,18106.072091732,18106.072614737,,0,GPU-42e33043-7008-2803-9ba8-9bb9ef7d0845,ok,0,0,464,129.155,66,1695,9751,341,292
479,18106.072091732,18106.072646867,,1,GPU-bff95c83-0adb-feb7-9825-359f31b26de8,ok,0,0,464,30.807,38,210,405,439,341
480,18107.072091732,18107.072541393,,0,GPU-42e33043-7008-2803-9ba8-9bb9ef7d0845,ok,0,0,464,128.891,66,1695,9751,390,292
480,18107.072091732,18107.072612853,,1,GPU-bff95c83-0adb-feb7-9825-359f31b26de8,ok,0,0,464,38.899,38,210,405,439,341
