tick_index,t_target_raw_s,t_receipt_raw_s,utc_anchor,gpu_index,gpu_uuid,status,util_gpu_pct,util_mem_pct,mem_used_mib,power_w,temp_c,clock_sm_mhz,clock_mem_mhz,pcie_tx_kbps,pcie_rx_kbps
-1,44763.605047774,44763.605192594,2026-08-30T01:55:44.040262+00:00,-1,anchor,anchor,,,,,,,,,
0,44763.605047774,44763.612989626,,2,GPU-5443d59d-561f-ed1e-da42-1975937205f9,ok,0,0,453,64.716,40,285,810,537,341
1,44764.605047774,44764.605497402,,2,GPU-5443d59d-561f-ed1e-da42-1975937205f9,ok,0,0,453,47.529,39,210,810,439,292
2,44765.605047774,44765.60554339,,2,GPU-5443d59d-561f-ed1e-da42-1975937205f9,ok,0,0,453,30.561,39,210,405,439,341
3,44766.605047774,44766.605451078,,2,GPU-5443d59d-561f-ed1e-da42-1975937205f9,ok,0,0,453,28.243,39,210,405,439,292
4,44767.605047774,44767.605476296,,2,GPU-5443d59d-561f-ed1e-da42-1975937205f9,ok,0,0,453,31.34,39,210,405,439,341
5,44768.605047774,44768.605511824,,2,GPU-5443d59d-561f-ed1e-da42-1975937205f9,ok,100,25,1514,163.732,51,1500,9501,488,439
6,44769.605047774,44769.605423672,,2,GPU-5443d59d-561f-ed1e-da42-1975937205f9,ok,100,25,1515,350.213,54,1515,9501,537,341
7,44770.605047774,44770.60534976,,2,GPU-5443d59d-561f-ed1e-da42-1975937205f9,ok,0,0,1515,267.488,47,1935,9501,537,292
8,44771.605047774,44771.605359668,,2,GPU-5443d59d-561f-ed1e-da42-1975937205f9,ok,0,0,1515,168.505,46,1920,9501,390,292
9,44772.605047774,44772.605348586,,2,GPU-5443d59d-561f-ed1e-da42-1975937205f9,ok,100,24,1515,194.086,53,1515,9501,488,341
10,44773.605047774,44773.605352594,,2,GPU-5443d59d-561f-ed1e-da42-1975937205f9,ok,100,26,1515,349.426,55,1500,9501,439,439
11,44774.605047774,44774.605389692,,2,GPU-5443d59d-561f-ed1e-da42-1975937205f9,ok,0,0,1515,272.318,49,1935,9501,390,292
12,44775.605047774,44775.60536559,,2,GPU-5443d59d-561f-ed1e-da42-1975937205f9,ok,0,0,1515,155.523,48,1935,9501,390,292
13,44776.605047774,44776.605348388,,2,GPU-5443d59d-561f-ed1e-da42-1975937205f9,ok,100,26,1515,194.889,54,1500,9501,488,439
14,44777.605047774,44777.605346346,,2,GPU-5443d59d-561f-ed1e-da42-1975937205f9,ok,100,25,1515,349.851,56,1500,9501,439,341
15,44778.605047774,44778.605349354,,2,GPU-5443d59d-561f-ed1e-da42-1975937205f9,ok,0,0,1515,275.789,51,1935,9501,390,292
16,44779.605047774,44779.605330212,,2,GPU-5443d59d-561f-ed1e-da42-1975937205f9,ok,0,0,1515,159.656,49,1935,9501,390,292
17,44780.605047774,44780.60544377,,2,GPU-5443d59d-561f-ed1e-da42-1975937205f9,ok,0,0,1515,128.426,48,1710,9501,439,2001
18,44781.605047774,44781.635878137,,2,GPU-5443d59d-561f-ed1e-da42-1975937205f9,ok,0,0,453,118.978,47,1710,9751,390,292
19,44782.605047774,44782.605432196,,2,GPU-5443d59d-561f-ed1e-da42-1975937205f9,ok,100,31,1514,168.252,53,1485,9501,4785,11474
20,44783.605047774,44783.605320714,,2,GPU-5443d59d-561f-ed1e-da42-1975937205f9,ok,100,25,1515,349.281,57,1470,9501,3955,14648
21,44784.605047774,44784.605311812,,2,GPU-5443d59d-561f-ed1e-da42-1975937205f9,ok,100,23,1515,348.572,58,1485,9501,3417,14990
22,44785.605047774,44785.60523011,,2,GPU-5443d59d-561f-ed1e-da42-1975937205f9,ok,100,23,1515,348.824,58,1470,9501,3466,15869
23,44786.605047774,44786.605232988,,2,GPU-5443d59d-561f-ed1e-da42-1975937205f9,ok,100,25,1515,349.024,59,1440,9501,3906,15136
24,44787.605047774,44787.605277076,,2,GPU-5443d59d-561f-ed1e-da42-1975937205f9,ok,100,23,1515,348.854,59,1455,9501,4003,15185
25,44788.605047774,44788.605289914,,2,GPU-5443d59d-561f-ed1e-da42-1975937205f9,ok,100,23,1515,348.613,60,1470,9501,4345,13476
26,44789.605047774,44789.605290862,,2,GPU-5443d59d-561f-ed1e-da42-1975937205f9,ok,100,23,1515,349.116,60,1455,9501,4150,14111
27,44790.605047774,44790.60530963,,2,GPU-5443d59d-561f-ed1e-da42-1975937205f9,ok,100,23,1515,349.313,61,1470,9501,3808,14306
28,44791.605047774,44791.605311308,,2,GPU-5443d59d-561f-ed1e-da42-1975937205f9,ok,100,25,1515,349.165,61,1455,9501,3857,14794
29,44792.605047774,44792.605303176,,2,GPU-5443d59d-561f-ed1e-da42-1975937205f9,ok,100,23,1515,348.962,61,1455,9501,3759,15527
30,44793.605047774,44793.605321735,,2,GPU-5443d59d-561f-ed1e-da42-1975937205f9,ok,100,24,1515,348.667,62,1455,9501,3710,14501
31,44794.605047774,44794.605302723,,2,GPU-5443d59d-561f-ed1e-da42-1975937205f9,ok,100,23,1515,349.016,62,1455,9501,3808,14892
32,44795.605047774,44795.605304191,,2,GPU-5443d59d-561f-ed1e-da42-1975937205f9,ok,100,22,1515,349.132,62,1455,9501,4003,13867
33,44796.605047774,44796.605307579,,2,GPU-5443d59d-561f-ed1e-da42-1975937205f9,ok,100,23,1515,349.191,63,1455,9501,4394,12695
34,44797.605047774,44797.605289417,,2,GPU-5443d59d-561f-ed1e-da42-1975937205f9,ok,100,23,1515,348.856,63,1470,9501,4199,13232
35,44798.605047774,44798.605368915,,2,GPU-5443d59d-561f-ed1e-da42-1975937205f9,ok,100,24,1515,349.52,63,1470,9501,4150,12304
36,44799.605047774,44799.605283333,,2,GPU-5443d59d-561f-ed1e-da42-1975937205f9,ok,100,22,1515,349.354,64,1470,9501,4248,14257
37,44800.605047774,44800.605294821,,2,GPU-5443d59d-561f-ed1e-da42-1975937205f9,ok,100,22,1515,349.125,64,1455,9501,4443,13574
38,44801.605047774,44801.605288229,,2,GPU-5443d59d-561f-ed1e-da42-1975937205f9,ok,100,22,1515,349.001,64,1455,9501,4003,13720
39,44802.605047774,44802.605293167,,2,GPU-5443d59d-561f-ed1e-da42-1975937205f9,ok,100,22,1515,349.015,65,1455,9501,488,2050
40,44803.605047774,44803.605285645,,2,GPU-5443d59d-561f-ed1e-da42-1975937205f9,ok,100,22,1515,348.839,65,1470,9501,3955,14062
41,44804.605047774,44804.605287093,,2,GPU-5443d59d-561f-ed1e-da42-1975937205f9,ok,100,22,1515,349.227,65,1470,9501,3320,15966
42,44805.605047774,44805.605279941,,2,GPU-5443d59d-561f-ed1e-da42-1975937205f9,ok,100,23,1515,349.074,66,1470,9501,3173,15185
43,44806.605047774,44806.605371469,,2,GPU-5443d59d-561f-ed1e-da42-1975937205f9,ok,100,23,1515,349.122,66,1470,9501,3369,13964
44,44807.605047774,44807.605369587,,2,GPU-5443d59d-561f-ed1e-da42-1975937205f9,ok,100,24,1515,349.455,66,1470,9501,3613,12646
45,44808.605047774,44808.605367095,,2,GPU-5443d59d-561f-ed1e-da42-1975937205f9,ok,100,24,1515,349.398,67,1485,9501,3955,12402
46,44809.605047774,44809.605364263,,2,GPU-5443d59d-561f-ed1e-da42-1975937205f9,ok,100,24,1515,349.146,67,1470,9501,5517,13427
47,44810.605047774,44810.605369301,,2,GPU-5443d59d-561f-ed1e-da42-1975937205f9,ok,100,24,1515,349.191,67,1470,9501,6591,10107
48,44811.605047774,44811.605366049,,2,GPU-5443d59d-561f-ed1e-da42-1975937205f9,ok,100,23,1515,349.492,68,1470,9501,6982,10546
49,44812.605047774,44812.605347717,,2,GPU-5443d59d-561f-ed1e-da42-1975937205f9,ok,100,23,1515,349.485,68,1455,9501,4199,12597
50,44813.605047774,44813.605346305,,2,GPU-5443d59d-561f-ed1e-da42-1975937205f9,ok,100,23,1515,349.734,68,1470,9501,3271,14306
51,44814.605047774,44814.605348533,,2,GPU-5443d59d-561f-ed1e-da42-1975937205f9,ok,100,24,1515,348.959,68,1470,9501,3613,12011
52,44815.605047774,44815.605328141,,2,GPU-5443d59d-561f-ed1e-da42-1975937205f9,ok,100,25,1515,348.971,69,1470,9501,4785,9765
53,44816.605047774,44816.605324999,,2,GPU-5443d59d-561f-ed1e-da42-1975937205f9,ok,100,25,1515,349.277,69,1470,9501,5712,8007
54,44817.605047774,44817.605350567,,2,GPU-5443d59d-561f-ed1e-da42-1975937205f9,ok,100,23,1515,348.715,69,1440,9501,4589,11914
55,44818.605047774,44818.605351755,,2,GPU-5443d59d-561f-ed1e-da42-1975937205f9,ok,100,22,1515,349.425,69,1470,9501,488,341
56,44819.605047774,44819.605354263,,2,GPU-5443d59d-561f-ed1e-da42-1975937205f9,ok,100,24,1515,349.662,70,1470,9501,4296,10742
57,44820.605047774,44820.605351331,,2,GPU-5443d59d-561f-ed1e-da42-1975937205f9,ok,100,24,1515,349.132,70,1470,9501,5273,8203
58,44821.605047774,44821.605348739,,2,GPU-5443d59d-561f-ed1e-da42-1975937205f9,ok,100,29,1515,348.879,70,1425,9501,5029,10302
59,44822.605047774,44822.605351207,,2,GPU-5443d59d-561f-ed1e-da42-1975937205f9,ok,100,21,1515,348.988,70,1455,9501,3857,14648
60,44823.605047774,44823.605350715,,2,GPU-5443d59d-561f-ed1e-da42-1975937205f9,ok,100,22,1515,348.717,70,1470,9501,3662,12939
61,44824.605047774,44824.605349583,,2,GPU-5443d59d-561f-ed1e-da42-1975937205f9,ok,100,23,1515,348.888,71,1455,9501,6152,10498
62,44825.605047774,44825.605348221,,2,GPU-5443d59d-561f-ed1e-da42-1975937205f9,ok,100,21,1515,349.449,71,1440,9501,4687,10253
63,44826.605047774,44826.605351069,,2,GPU-5443d59d-561f-ed1e-da42-1975937205f9,ok,100,21,1515,349.106,71,1470,9501,3320,14697
64,44827.605047774,44827.605352197,,2,GPU-5443d59d-561f-ed1e-da42-1975937205f9,ok,100,27,1515,349.448,71,1455,9501,3759,11523
65,44828.605047774,44828.605350845,,2,GPU-5443d59d-561f-ed1e-da42-1975937205f9,ok,100,23,1515,348.938,71,1455,9501,6640,9423
66,44829.605047774,44829.605350663,,2,GPU-5443d59d-561f-ed1e-da42-1975937205f9,ok,100,21,1515,349.04,71,1455,9501,4589,12011
67,44830.605047774,44830.605351421,,2,GPU-5443d59d-561f-ed1e-da42-1975937205f9,ok,100,22,1515,349.127,72,1455,9501,3027,13769
68,44831.605047774,44831.605350859,,2,GPU-5443d59d-561f-ed1e-da42-1975937205f9,ok,100,22,1515,349.038,72,1470,9501,4589,10107
69,44832.605047774,44832.605370477,,2,GPU-5443d59d-561f-ed1e-da42-1975937205f9,ok,100,22,1515,348.829,72,1425,9501,5029,10009
70,44833.605047774,44833.605352225,,2,GPU-5443d59d-561f-ed1e-da42-1975937205f9,ok,100,24,1515,349.268,72,1455,9501,3125,14062
71,44834.605047774,44834.605358823,,2,GPU-5443d59d-561f-ed1e-da42-1975937205f9,ok,100,22,1515,348.73,72,1455,9501,4394,10449
72,44835.605047774,44835.605348692,,2,GPU-5443d59d-561f-ed1e-da42-1975937205f9,ok,100,22,1515,348.777,72,1455,9501,5468,8398
73,44836.605047774,44836.60535253,,2,GPU-5443d59d-561f-ed1e-da42-1975937205f9,ok,100,24,1515,349.076,72,1455,9501,3564,14404
74,44837.605047774,44837.605350468,,2,GPU-5443d59d-561f-ed1e-da42-1975937205f9,ok,100,23,1515,348.246,72,1455,9501,4296,11230
75,44838.605047774,44838.605358246,,2,GPU-5443d59d-561f-ed1e-da42-1975937205f9,ok,100,22,1515,349.252,73,1455,9501,5029,8203
76,44839.605047774,44839.605352224,,2,GPU-5443d59d-561f-ed1e-da42-1975937205f9,ok,100,21,1515,348.867,73,1455,9501,4980,15673
77,44840.605047774,44840.605352552,,2,GPU-5443d59d-561f-ed1e-da42-1975937205f9,ok,100,23,1515,348.906,73,1455,9501,4003,11230
78,44841.605047774,44841.60535065,,2,GPU-5443d59d-561f-ed1e-da42-1975937205f9,ok,100,22,1515,349.011,73,1455,9501,5126,5712
79,44842.605047774,44842.605356788,,2,GPU-5443d59d-561f-ed1e-da42-1975937205f9,ok,100,27,1515,349.245,73,1395,9501,3173,13623
80,44843.605047774,44843.605354176,,2,GPU-5443d59d-561f-ed1e-da42-1975937205f9,ok,100,22,1515,348.976,73,1455,9501,5029,7666
81,44844.605047774,44844.605350824,,2,GPU-5443d59d-561f-ed1e-da42-1975937205f9,ok,100,20,1515,348.826,73,1455,9501,5859,13085
82,44845.605047774,44845.605353492,,2,GPU-5443d59d-561f-ed1e-da42-1975937205f9,ok,100,21,1515,348.929,73,1440,9501,3515,18017
83,44846.605047774,44846.60535114,,2,GPU-5443d59d-561f-ed1e-da42-1975937205f9,ok,100,28,1515,348.646,73,1455,9501,5517,8056
84,44847.605047774,44847.605350088,,2,GPU-5443d59d-561f-ed1e-da42-1975937205f9,ok,100,21,1515,348.717,73,1440,9501,3710,13232
85,44848.605047774,44848.605350376,,2,GPU-5443d59d-561f-ed1e-da42-1975937205f9,ok,100,25,1515,348.263,73,1455,9501,1757,10546
86,44849.605047774,44849.605350014,,2,GPU-5443d59d-561f-ed1e-da42-1975937205f9,ok,100,21,1515,348.911,73,1455,9501,5664,8837
87,44850.605047774,44850.605349792,,2,GPU-5443d59d-561f-ed1e-da42-1975937205f9,ok,100,23,1515,349.09,73,1425,9501,3662,13916
88,44851.605047774,44851.60534762,,2,GPU-5443d59d-561f-ed1e-da42-1975937205f9,ok,100,25,1515,348.88,73,1440,9501,4882,8496
89,44852.605047774,44852.605360028,,2,GPU-5443d59d-561f-ed1e-da42-1975937205f9,ok,100,23,1515,348.95,73,1440,9501,4345,11425
90,44853.605047774,44853.605358826,,2,GPU-5443d59d-561f-ed1e-da42-1975937205f9,ok,100,27,1515,348.138,73,1455,9501,3955,11767
91,44854.605047774,44854.605346434,,2,GPU-5443d59d-561f-ed1e-da42-1975937205f9,ok,100,26,1515,347.936,73,1455,9501,5126,9716
92,44855.605047774,44855.605360112,,2,GPU-5443d59d-561f-ed1e-da42-1975937205f9,ok,100,23,1515,348.759,74,1440,9501,3076,13623
93,44856.605047774,44856.60527414,,2,GPU-5443d59d-561f-ed1e-da42-1975937205f9,ok,100,22,1515,349.331,74,1455,9501,5224,7714
94,44857.605047774,44857.605268118,,2,GPU-5443d59d-561f-ed1e-da42-1975937205f9,ok,100,24,1515,349.182,74,1425,9501,3662,14306
95,44858.605047774,44858.605261166,,2,GPU-5443d59d-561f-ed1e-da42-1975937205f9,ok,100,24,1515,348.658,74,1440,9501,5322,11230
96,44859.605047774,44859.605277104,,2,GPU-5443d59d-561f-ed1e-da42-1975937205f9,ok,100,20,1515,349.131,74,1455,9501,4199,11132
97,44860.605047774,44860.605278082,,2,GPU-5443d59d-561f-ed1e-da42-1975937205f9,ok,100,22,1515,349.059,74,1440,9501,3369,13818
98,44861.605047774,44861.60527761,,2,GPU-5443d59d-561f-ed1e-da42-1975937205f9,ok,100,21,1515,348.978,74,1455,9501,5615,8349
99,44862.605047774,44862.605276688,,2,GPU-5443d59d-561f-ed1e-da42-1975937205f9,ok,100,22,1515,349.039,74,1440,9501,3125,13525
100,44863.605047774,44863.605288236,,2,GPU-5443d59d-561f-ed1e-da42-1975937205f9,ok,100,21,1515,349.477,74,1455,9501,5615,7617
101,44864.605047774,44864.605268114,,2,GPU-5443d59d-561f-ed1e-da42-1975937205f9,ok,100,23,1515,349.205,74,1425,9501,3417,15332
102,44865.605047774,44865.605268912,,2,GPU-5443d59d-561f-ed1e-da42-1975937205f9,ok,100,21,1515,349.172,74,1455,9501,4589,9277
103,44866.605047774,44866.60526631,,2,GPU-5443d59d-561f-ed1e-da42-1975937205f9,ok,100,21,1515,349.004,74,1455,9501,5175,13476
104,44867.605047774,44867.605263978,,2,GPU-5443d59d-561f-ed1e-da42-1975937205f9,ok,100,27,1515,348.724,74,1455,9501,3857,10791
105,44868.605047774,44868.605262016,,2,GPU-5443d59d-561f-ed1e-da42-1975937205f9,ok,100,21,1515,348.989,74,1440,9501,4980,10058
106,44869.605047774,44869.605267664,,2,GPU-5443d59d-561f-ed1e-da42-1975937205f9,ok,100,22,1515,349.233,74,1440,9501,3125,13574
107,44870.605047774,44870.605278682,,2,GPU-5443d59d-561f-ed1e-da42-1975937205f9,ok,100,20,1515,348.772,74,1455,9501,5712,7714
108,44871.605047774,44871.6052714,,2,GPU-5443d59d-561f-ed1e-da42-1975937205f9,ok,100,23,1515,348.913,74,1425,9501,3271,14746
109,44872.605047774,44872.605277898,,2,GPU-5443d59d-561f-ed1e-da42-1975937205f9,ok,100,22,1515,349.337,74,1455,9501,4736,8935
110,44873.605047774,44873.605266346,,2,GPU-5443d59d-561f-ed1e-da42-1975937205f9,ok,100,22,1515,349.458,74,1440,9501,3955,12109
111,44874.605047774,44874.605270734,,2,GPU-5443d59d-561f-ed1e-da42-1975937205f9,ok,100,22,1515,349.053,74,1455,9501,3955,11279
112,44875.605047774,44875.605249572,,2,GPU-5443d59d-561f-ed1e-da42-1975937205f9,ok,100,21,1515,349.346,74,1455,9501,4882,9716
113,44876.605047774,44876.60527944,,2,GPU-5443d59d-561f-ed1e-da42-1975937205f9,ok,100,23,1515,349.144,74,1455,9501,3369,12548
114,44877.605047774,44877.605278608,,2,GPU-5443d59d-561f-ed1e-da42-1975937205f9,ok,100,22,1515,348.803,74,1455,9501,5859,7861
115,44878.605047774,44878.605273276,,2,GPU-5443d59d-561f-ed1e-da42-1975937205f9,ok,100,22,1515,349.136,74,1440,9501,3369,15576
116,44879.605047774,44879.605267275,,2,GPU-5443d59d-561f-ed1e-da42-1975937205f9,ok,100,21,1515,349.203,74,1455,9501,4931,8496
117,44880.605047774,44880.605273663,,2,GPU-5443d59d-561f-ed1e-da42-1975937205f9,ok,100,23,1515,349.36,74,1425,9501,4052,11621
118,44881.605047774,44881.605262051,,2,GPU-5443d59d-561f-ed1e-da42-1975937205f9,ok,100,21,1515,349.136,74,1455,9501,4638,12988
119,44882.605047774,44882.605269319,,2,GPU-5443d59d-561f-ed1e-da42-1975937205f9,ok,100,25,1515,349.136,74,1425,9501,4150,12353
120,44883.605047774,44883.605269887,,2,GPU-5443d59d-561f-ed1e-da42-1975937205f9,ok,100,21,1515,348.954,74,1455,9501,4101,10302
121,44884.605047774,44884.605271505,,2,GPU-5443d59d-561f-ed1e-da42-1975937205f9,ok,100,22,1515,349.129,75,1440,9501,4003,11425
122,44885.605047774,44885.605287853,,2,GPU-5443d59d-561f-ed1e-da42-1975937205f9,ok,100,22,1515,349.257,75,1455,9501,4101,10546
123,44886.605047774,44886.605277271,,2,GPU-5443d59d-561f-ed1e-da42-1975937205f9,ok,100,23,1515,349.279,75,1425,9501,4541,12158
124,44887.605047774,44887.605268439,,2,GPU-5443d59d-561f-ed1e-da42-1975937205f9,ok,100,21,1515,349.517,75,1455,9501,3808,10595
125,44888.605047774,44888.605272757,,2,GPU-5443d59d-561f-ed1e-da42-1975937205f9,ok,100,21,1515,349.304,75,1440,9501,5126,9228
126,44889.605047774,44889.605270565,,2,GPU-5443d59d-561f-ed1e-da42-1975937205f9,ok,100,23,1515,348.808,75,1455,9501,3369,12792
127,44890.605047774,44890.605283403,,2,GPU-5443d59d-561f-ed1e-da42-1975937205f9,ok,100,23,1515,349.074,75,1440,9501,5664,8105
128,44891.605047774,44891.605278231,,2,GPU-5443d59d-561f-ed1e-da42-1975937205f9,ok,100,22,1515,348.527,75,1440,9501,3710,16259
129,44892.605047774,44892.605265009,,2,GPU-5443d59d-561f-ed1e-da42-1975937205f9,ok,100,21,1515,349.074,75,1455,9501,4638,341
130,44893.605047774,44893.605278197,,2,GPU-5443d59d-561f-ed1e-da42-1975937205f9,ok,100,23,1515,348.848,75,1440,9501,3662,15136
131,44894.605047774,44894.605266455,,2,GPU-5443d59d-561f-ed1e-da42-1975937205f9,ok,100,21,1515,349.306,75,1455,9501,4736,8642
132,44895.605047774,44895.605278513,,2,GPU-5443d59d-561f-ed1e-da42-1975937205f9,ok,100,22,1515,349.342,75,1455,9501,4101,11376
133,44896.605047774,44896.605286011,,2,GPU-5443d59d-561f-ed1e-da42-1975937205f9,ok,100,23,1515,348.587,75,1440,9501,4541,9082
134,44897.605047774,44897.605290389,,2,GPU-5443d59d-561f-ed1e-da42-1975937205f9,ok,100,23,1515,349.049,75,1455,9501,4345,11376
135,44898.605047774,44898.605280717,,2,GPU-5443d59d-561f-ed1e-da42-1975937205f9,ok,100,24,1515,349.219,75,1395,9501,3906,11328
136,44899.605047774,44899.605303035,,2,GPU-5443d59d-561f-ed1e-da42-1975937205f9,ok,100,24,1515,348.491,75,1455,9501,439,4394
137,44900.605047774,44900.605287863,,2,GPU-5443d59d-561f-ed1e-da42-1975937205f9,ok,100,21,1515,348.539,75,1440,9501,3710,11621
138,44901.605047774,44901.605293521,,2,GPU-5443d59d-561f-ed1e-da42-1975937205f9,ok,100,25,1515,349.297,75,1425,9501,4687,10107
139,44902.605047774,44902.605319059,,2,GPU-5443d59d-561f-ed1e-da42-1975937205f9,ok,100,21,1515,348.854,75,1425,9501,3466,15771
140,44903.605047774,44903.605350657,,2,GPU-5443d59d-561f-ed1e-da42-1975937205f9,ok,100,22,1515,349.091,75,1455,9501,4931,9130
141,44904.605047774,44904.605351755,,2,GPU-5443d59d-561f-ed1e-da42-1975937205f9,ok,100,22,1515,349.319,75,1425,9501,3320,12646
142,44905.605047774,44905.605350563,,2,GPU-5443d59d-561f-ed1e-da42-1975937205f9,ok,100,21,1515,349.364,75,1455,9501,5273,7666
143,44906.605047774,44906.605359391,,2,GPU-5443d59d-561f-ed1e-da42-1975937205f9,ok,100,25,1515,348.872,75,1425,9501,3027,13867
144,44907.605047774,44907.605376779,,2,GPU-5443d59d-561f-ed1e-da42-1975937205f9,ok,100,21,1515,348.809,75,1455,9501,5615,7373
145,44908.605047774,44908.605371287,,2,GPU-5443d59d-561f-ed1e-da42-1975937205f9,ok,100,22,1515,349.028,75,1440,9501,3125,14697
146,44909.605047774,44909.605366265,,2,GPU-5443d59d-561f-ed1e-da42-1975937205f9,ok,100,21,1515,348.909,75,1455,9501,7275,7617
147,44910.605047774,44910.605366943,,2,GPU-5443d59d-561f-ed1e-da42-1975937205f9,ok,100,25,1515,349.291,75,1425,9501,3125,13964
148,44911.605047774,44911.605367621,,2,GPU-5443d59d-561f-ed1e-da42-1975937205f9,ok,100,20,1515,349.091,75,1455,9501,4980,7910
149,44912.605047774,44912.605369199,,2,GPU-5443d59d-561f-ed1e-da42-1975937205f9,ok,100,22,1515,348.615,75,1455,9501,4248,12207
150,44913.605047774,44913.605366937,,2,GPU-5443d59d-561f-ed1e-da42-1975937205f9,ok,100,21,1515,349.256,75,1440,9501,4150,10888
151,44914.605047774,44914.605388545,,2,GPU-5443d59d-561f-ed1e-da42-1975937205f9,ok,100,21,1515,348.841,75,1455,9501,4638,10742
152,44915.605047774,44915.605362203,,2,GPU-5443d59d-561f-ed1e-da42-1975937205f9,ok,100,21,1515,348.864,75,1455,9501,3808,11914
153,44916.605047774,44916.605363411,,2,GPU-5443d59d-561f-ed1e-da42-1975937205f9,ok,100,28,1515,349.611,75,1425,9501,4638,11083
154,44917.605047774,44917.605367729,,2,GPU-5443d59d-561f-ed1e-da42-1975937205f9,ok,100,20,1515,349.117,75,1440,9501,4003,10986
155,44918.605047774,44918.605368907,,2,GPU-5443d59d-561f-ed1e-da42-1975937205f9,ok,100,21,1515,348.821,75,1455,9501,4980,9863
156,44919.605047774,44919.605344965,,2,GPU-5443d59d-561f-ed1e-da42-1975937205f9,ok,100,24,1515,349.123,75,1395,9501,3515,12646
157,44920.605047774,44920.605350123,,2,GPU-5443d59d-561f-ed1e-da42-1975937205f9,ok,100,22,1515,348.712,75,1455,9501,5175,10107
158,44921.605047774,44921.605350571,,2,GPU-5443d59d-561f-ed1e-da42-1975937205f9,ok,100,21,1515,349.497,75,1440,9501,3369,11621
159,44922.605047774,44922.60534633,,2,GPU-5443d59d-561f-ed1e-da42-1975937205f9,ok,100,22,1515,349.365,75,1455,9501,5517,8300
160,44923.605047774,44923.605354458,,2,GPU-5443d59d-561f-ed1e-da42-1975937205f9,ok,100,21,1515,349.056,75,1425,9501,3027,13525
161,44924.605047774,44924.605352096,,2,GPU-5443d59d-561f-ed1e-da42-1975937205f9,ok,100,22,1515,349.721,75,1440,9501,5273,7519
162,44925.605047774,44925.605357484,,2,GPU-5443d59d-561f-ed1e-da42-1975937205f9,ok,100,28,1515,348.746,75,1425,9501,3271,14550
163,44926.605047774,44926.605348612,,2,GPU-5443d59d-561f-ed1e-da42-1975937205f9,ok,100,20,1515,348.754,75,1455,9501,4785,8544
164,44927.605047774,44927.60534814,,2,GPU-5443d59d-561f-ed1e-da42-1975937205f9,ok,100,26,1515,348.242,75,1440,9501,3515,14355
165,44928.605047774,44928.605354508,,2,GPU-5443d59d-561f-ed1e-da42-1975937205f9,ok,100,20,1515,348.695,75,1440,9501,4589,9179
166,44929.605047774,44929.605350176,,2,GPU-5443d59d-561f-ed1e-da42-1975937205f9,ok,100,22,1515,348.551,75,1440,9501,4443,15625
167,44930.605047774,44930.605350784,,2,GPU-5443d59d-561f-ed1e-da42-1975937205f9,ok,100,20,1515,349.359,75,1455,9501,4931,8740
168,44931.605047774,44931.605349282,,2,GPU-5443d59d-561f-ed1e-da42-1975937205f9,ok,100,21,1515,349.034,75,1440,9501,4248,12548
169,44932.605047774,44932.60535217,,2,GPU-5443d59d-561f-ed1e-da42-1975937205f9,ok,100,20,1515,349.273,75,1440,9501,4052,10644
170,44933.605047774,44933.605349748,,2,GPU-5443d59d-561f-ed1e-da42-1975937205f9,ok,100,22,1515,349.228,75,1440,9501,4931,10595
171,44934.605047774,44934.605345976,,2,GPU-5443d59d-561f-ed1e-da42-1975937205f9,ok,100,21,1515,348.883,75,1440,9501,3857,14306
172,44935.605047774,44935.605346064,,2,GPU-5443d59d-561f-ed1e-da42-1975937205f9,ok,100,23,1515,349.11,75,1440,9501,5517,8593
173,44936.605047774,44936.605350302,,2,GPU-5443d59d-561f-ed1e-da42-1975937205f9,ok,100,20,1515,348.842,75,1440,9501,2978,13818
174,44937.605047774,44937.605347,,2,GPU-5443d59d-561f-ed1e-da42-1975937205f9,ok,100,25,1515,348.406,75,1470,9501,5371,7763
175,44938.605047774,44938.605350258,,2,GPU-5443d59d-561f-ed1e-da42-1975937205f9,ok,100,22,1515,348.42,75,1440,9501,3076,14697
176,44939.605047774,44939.605350616,,2,GPU-5443d59d-561f-ed1e-da42-1975937205f9,ok,100,22,1515,349.353,75,1455,9501,5810,7617
177,44940.605047774,44940.605353254,,2,GPU-5443d59d-561f-ed1e-da42-1975937205f9,ok,100,20,1515,349.015,75,1440,9501,3222,14599
178,44941.605047774,44941.605350782,,2,GPU-5443d59d-561f-ed1e-da42-1975937205f9,ok,100,22,1515,349.222,75,1455,9501,5419,7861
179,44942.605047774,44942.60534753,,2,GPU-5443d59d-561f-ed1e-da42-1975937205f9,ok,100,20,1515,348.817,75,1440,9501,3710,13574
180,44943.605047774,44943.605349788,,2,GPU-5443d59d-561f-ed1e-da42-1975937205f9,ok,100,21,1515,349.479,75,1440,9501,4589,8642
181,44944.605047774,44944.605352276,,2,GPU-5443d59d-561f-ed1e-da42-1975937205f9,ok,100,21,1515,349.373,75,1455,9501,4199,12695
182,44945.605047774,44945.605354004,,2,GPU-5443d59d-561f-ed1e-da42-1975937205f9,ok,100,20,1515,349.287,75,1425,9501,4296,10498
183,44946.605047774,44946.605358742,,2,GPU-5443d59d-561f-ed1e-da42-1975937205f9,ok,100,22,1515,349.058,75,1455,9501,4492,10351
184,44947.605047774,44947.60533663,,2,GPU-5443d59d-561f-ed1e-da42-1975937205f9,ok,100,21,1515,349.355,76,1440,9501,3369,12011
185,44948.605047774,44948.605348738,,2,GPU-5443d59d-561f-ed1e-da42-1975937205f9,ok,100,22,1515,349.058,75,1455,9501,5419,8740
186,44949.605047774,44949.605349796,,2,GPU-5443d59d-561f-ed1e-da42-1975937205f9,ok,100,21,1515,349.535,75,1440,9501,3076,12402
187,44950.605047774,44950.605348304,,2,GPU-5443d59d-561f-ed1e-da42-1975937205f9,ok,100,28,1515,348.35,75,1455,9501,5566,8105
188,44951.605047774,44951.605349572,,2,GPU-5443d59d-561f-ed1e-da42-1975937205f9,ok,100,20,1515,348.733,75,1455,9501,3076,12988
189,44952.605047774,44952.60535119,,2,GPU-5443d59d-561f-ed1e-da42-1975937205f9,ok,100,22,1515,349.003,75,1455,9501,5566,7568
190,44953.605047774,44953.605344628,,2,GPU-5443d59d-561f-ed1e-da42-1975937205f9,ok,100,21,1515,349.113,75,1440,9501,3125,14550
191,44954.605047774,44954.605349546,,2,GPU-5443d59d-561f-ed1e-da42-1975937205f9,ok,100,21,1515,348.954,76,1440,9501,5566,7666
192,44955.605047774,44955.605347304,,2,GPU-5443d59d-561f-ed1e-da42-1975937205f9,ok,100,25,1515,348.711,75,1455,9501,3466,16503
193,44956.605047774,44956.605347062,,2,GPU-5443d59d-561f-ed1e-da42-1975937205f9,ok,100,21,1515,348.658,75,1440,9501,5712,7421
194,44957.605047774,44957.60534981,,2,GPU-5443d59d-561f-ed1e-da42-1975937205f9,ok,100,21,1515,348.966,76,1455,9501,3369,14648
195,44958.605047774,44958.605280268,,2,GPU-5443d59d-561f-ed1e-da42-1975937205f9,ok,100,21,1515,349.192,76,1440,9501,5029,8056
196,44959.605047774,44959.605267496,,2,GPU-5443d59d-561f-ed1e-da42-1975937205f9,ok,100,21,1515,348.914,76,1455,9501,4003,13281
197,44960.605047774,44960.605269524,,2,GPU-5443d59d-561f-ed1e-da42-1975937205f9,ok,100,22,1515,349.234,76,1440,9501,4785,8691
198,44961.605047774,44961.605350072,,2,GPU-5443d59d-561f-ed1e-da42-1975937205f9,ok,100,20,1515,349.073,76,1440,9501,4199,12695
199,44962.605047774,44962.60535169,,2,GPU-5443d59d-561f-ed1e-da42-1975937205f9,ok,100,21,1515,349.074,76,1440,9501,4248,10400
200,44963.605047774,44963.605349148,,2,GPU-5443d59d-561f-ed1e-da42-1975937205f9,ok,100,21,1515,348.88,76,1455,9501,4296,11132
201,44964.605047774,44964.605346676,,2,GPU-5443d59d-561f-ed1e-da42-1975937205f9,ok,100,21,1515,349.524,76,1440,9501,2099,341
202,44965.605047774,44965.605347665,,2,GPU-5443d59d-561f-ed1e-da42-1975937205f9,ok,100,23,1515,349.139,76,1440,9501,4980,10351
203,44966.605047774,44966.605348783,,2,GPU-5443d59d-561f-ed1e-da42-1975937205f9,ok,100,21,1515,349.468,76,1425,9501,3955,11523
204,44967.605047774,44967.605346131,,2,GPU-5443d59d-561f-ed1e-da42-1975937205f9,ok,100,21,1515,349.178,76,1455,9501,4541,10302
205,44968.605047774,44968.605351309,,2,GPU-5443d59d-561f-ed1e-da42-1975937205f9,ok,100,21,1515,349.488,76,1440,9501,3613,11328
206,44969.605047774,44969.605350177,,2,GPU-5443d59d-561f-ed1e-da42-1975937205f9,ok,100,21,1515,349.097,76,1455,9501,5273,10009
207,44970.605047774,44970.605348965,,2,GPU-5443d59d-561f-ed1e-da42-1975937205f9,ok,100,21,1515,349.315,76,1425,9501,3466,11767
208,44971.605047774,44971.605356063,,2,GPU-5443d59d-561f-ed1e-da42-1975937205f9,ok,100,21,1515,348.773,76,1455,9501,439,4492
209,44972.605047774,44972.605345371,,2,GPU-5443d59d-561f-ed1e-da42-1975937205f9,ok,100,22,1515,349.725,76,1425,9501,3759,11279
210,44973.605047774,44973.605346499,,2,GPU-5443d59d-561f-ed1e-da42-1975937205f9,ok,100,21,1515,349.216,76,1455,9501,4638,10498
211,44974.605047774,44974.605349687,,2,GPU-5443d59d-561f-ed1e-da42-1975937205f9,ok,100,27,1515,348.905,76,1425,9501,4931,13134
212,44975.605047774,44975.605355295,,2,GPU-5443d59d-561f-ed1e-da42-1975937205f9,ok,100,21,1515,349.087,76,1455,9501,4443,11621
213,44976.605047774,44976.605357423,,2,GPU-5443d59d-561f-ed1e-da42-1975937205f9,ok,100,22,1515,349.054,76,1440,9501,4003,10888
214,44977.605047774,44977.605350251,,2,GPU-5443d59d-561f-ed1e-da42-1975937205f9,ok,100,20,1515,349.278,76,1455,9501,4199,10791
215,44978.605047774,44978.605349939,,2,GPU-5443d59d-561f-ed1e-da42-1975937205f9,ok,100,23,1515,348.929,76,1455,9501,1611,9863
216,44979.605047774,44979.605351647,,2,GPU-5443d59d-561f-ed1e-da42-1975937205f9,ok,100,21,1515,349.465,76,1440,9501,4980,11132
217,44980.605047774,44980.605357235,,2,GPU-5443d59d-561f-ed1e-da42-1975937205f9,ok,100,22,1515,349.378,76,1440,9501,4541,11425
218,44981.605047774,44981.605350373,,2,GPU-5443d59d-561f-ed1e-da42-1975937205f9,ok,100,20,1515,348.836,76,1455,9501,5029,10253
219,44982.605047774,44982.605351711,,2,GPU-5443d59d-561f-ed1e-da42-1975937205f9,ok,100,27,1515,349.109,76,1440,9501,3955,11328
220,44983.605047774,44983.605346609,,2,GPU-5443d59d-561f-ed1e-da42-1975937205f9,ok,100,23,1515,349.021,76,1425,9501,4052,11767
221,44984.605047774,44984.605348537,,2,GPU-5443d59d-561f-ed1e-da42-1975937205f9,ok,100,22,1515,348.995,76,1455,9501,4394,10009
222,44985.605047774,44985.605349235,,2,GPU-5443d59d-561f-ed1e-da42-1975937205f9,ok,100,20,1515,349.059,76,1455,9501,4296,11035
223,44986.605047774,44986.605345163,,2,GPU-5443d59d-561f-ed1e-da42-1975937205f9,ok,100,23,1515,349.329,76,1455,9501,4199,10742
224,44987.605047774,44987.605349851,,2,GPU-5443d59d-561f-ed1e-da42-1975937205f9,ok,100,21,1515,348.888,76,1455,9501,4541,11425
225,44988.605047774,44988.605345779,,2,GPU-5443d59d-561f-ed1e-da42-1975937205f9,ok,100,22,1515,349.536,76,1440,9501,4199,10156
226,44989.605047774,44989.605346077,,2,GPU-5443d59d-561f-ed1e-da42-1975937205f9,ok,100,21,1515,349.104,76,1440,9501,4296,12207
227,44990.605047774,44990.605355265,,2,GPU-5443d59d-561f-ed1e-da42-1975937205f9,ok,100,21,1515,348.823,76,1440,9501,4150,9326
228,44991.605047774,44991.605349543,,2,GPU-5443d59d-561f-ed1e-da42-1975937205f9,ok,100,20,1515,348.772,76,1440,9501,4638,11962
229,44992.605047774,44992.605346351,,2,GPU-5443d59d-561f-ed1e-da42-1975937205f9,ok,100,24,1515,348.752,76,1440,9501,4345,9863
230,44993.605047774,44993.605350459,,2,GPU-5443d59d-561f-ed1e-da42-1975937205f9,ok,100,24,1515,348.388,76,1455,9501,4394,12060
231,44994.605047774,44994.605348027,,2,GPU-5443d59d-561f-ed1e-da42-1975937205f9,ok,100,22,1515,348.302,76,1455,9501,4345,10009
232,44995.605047774,44995.605355465,,2,GPU-5443d59d-561f-ed1e-da42-1975937205f9,ok,100,21,1515,349.544,76,1440,9501,4541,11132
233,44996.605047774,44996.605355153,,2,GPU-5443d59d-561f-ed1e-da42-1975937205f9,ok,100,21,1515,349.061,76,1440,9501,3906,11376
234,44997.605047774,44997.605357851,,2,GPU-5443d59d-561f-ed1e-da42-1975937205f9,ok,100,28,1515,348.643,76,1455,9501,4394,11523
235,44998.605047774,44998.605353379,,2,GPU-5443d59d-561f-ed1e-da42-1975937205f9,ok,100,21,1515,348.87,76,1425,9501,4785,9472
236,44999.605047774,44999.605358257,,2,GPU-5443d59d-561f-ed1e-da42-1975937205f9,ok,100,20,1515,348.884,76,1455,9501,4199,11816
237,45000.605047774,45000.605267755,,2,GPU-5443d59d-561f-ed1e-da42-1975937205f9,ok,100,22,1515,348.914,76,1425,9501,4296,9863
238,45001.605047774,45001.605277423,,2,GPU-5443d59d-561f-ed1e-da42-1975937205f9,ok,100,20,1515,349.344,76,1455,9501,4101,12402
239,45002.605047774,45002.605280471,,2,GPU-5443d59d-561f-ed1e-da42-1975937205f9,ok,100,21,1515,348.92,76,1425,9501,4345,9619
240,45003.605047774,45003.605279679,,2,GPU-5443d59d-561f-ed1e-da42-1975937205f9,ok,100,20,1515,349.284,76,1455,9501,4101,11962
241,45004.605047774,45004.605285447,,2,GPU-5443d59d-561f-ed1e-da42-1975937205f9,ok,100,21,1515,349.166,76,1440,9501,4248,9765
242,45005.605047774,45005.605279975,,2,GPU-5443d59d-561f-ed1e-da42-1975937205f9,ok,100,21,1515,349.417,76,1455,9501,4296,11523
243,45006.605047774,45006.605296273,,2,GPU-5443d59d-561f-ed1e-da42-1975937205f9,ok,100,25,1515,348.726,76,1425,9501,4394,9277
244,45007.605047774,45007.605286401,,2,GPU-5443d59d-561f-ed1e-da42-1975937205f9,ok,100,20,1515,348.706,76,1470,9501,4052,11669
245,45008.605047774,45008.605288779,,2,GPU-5443d59d-561f-ed1e-da42-1975937205f9,ok,100,21,1515,348.616,76,1425,9501,4394,10205
246,45009.605047774,45009.605294068,,2,GPU-5443d59d-561f-ed1e-da42-1975937205f9,ok,100,20,1515,349.395,76,1440,9501,4101,11621
247,45010.605047774,45010.605295526,,2,GPU-5443d59d-561f-ed1e-da42-1975937205f9,ok,100,21,1515,348.895,76,1425,9501,4296,10302
248,45011.605047774,45011.605285244,,2,GPU-5443d59d-561f-ed1e-da42-1975937205f9,ok,100,20,1515,349.109,76,1440,9501,4345,12695
249,45012.605047774,45012.605283892,,2,GPU-5443d59d-561f-ed1e-da42-1975937205f9,ok,100,21,1515,348.714,76,1425,9501,4199,10107
250,45013.605047774,45013.60528084,,2,GPU-5443d59d-561f-ed1e-da42-1975937205f9,ok,100,25,1515,349.108,76,1455,9501,4150,12451
251,45014.605047774,45014.605299498,,2,GPU-5443d59d-561f-ed1e-da42-1975937205f9,ok,100,28,1515,348.382,76,1440,9501,4931,8154
252,45015.605047774,45015.605289596,,2,GPU-5443d59d-561f-ed1e-da42-1975937205f9,ok,100,21,1515,349.245,76,1455,9501,3271,14550
253,45016.605047774,45016.605352834,,2,GPU-5443d59d-561f-ed1e-da42-1975937205f9,ok,100,20,1515,349.12,76,1455,9501,5712,7324
254,45017.605047774,45017.605342312,,2,GPU-5443d59d-561f-ed1e-da42-1975937205f9,ok,100,22,1515,349.201,76,1455,9501,4394,17626
255,45018.605047774,45018.60534528,,2,GPU-5443d59d-561f-ed1e-da42-1975937205f9,ok,100,22,1515,349.417,76,1455,9501,5517,7373
256,45019.605047774,45019.605341748,,2,GPU-5443d59d-561f-ed1e-da42-1975937205f9,ok,100,22,1515,349.537,76,1440,9501,3222,13232
257,45020.605047774,45020.605346686,,2,GPU-5443d59d-561f-ed1e-da42-1975937205f9,ok,100,20,1515,348.896,76,1440,9501,5712,7275
258,45021.605047774,45021.605273724,,2,GPU-5443d59d-561f-ed1e-da42-1975937205f9,ok,100,22,1515,349.338,76,1440,9501,3466,14355
259,45022.605047774,45022.605261672,,2,GPU-5443d59d-561f-ed1e-da42-1975937205f9,ok,100,22,1515,349.374,76,1440,9501,5419,9033
260,45023.605047774,45023.60529402,,2,GPU-5443d59d-561f-ed1e-da42-1975937205f9,ok,100,22,1515,349.564,76,1440,9501,3271,13867
261,45024.605047774,45024.605289008,,2,GPU-5443d59d-561f-ed1e-da42-1975937205f9,ok,100,21,1515,349.23,76,1440,9501,5371,10546
262,45025.605047774,45025.605291536,,2,GPU-5443d59d-561f-ed1e-da42-1975937205f9,ok,100,22,1515,349.161,76,1455,9501,2978,15087
263,45026.605047774,45026.605291834,,2,GPU-5443d59d-561f-ed1e-da42-1975937205f9,ok,100,21,1515,349.148,76,1440,9501,5371,9570
264,45027.605047774,45027.605294982,,2,GPU-5443d59d-561f-ed1e-da42-1975937205f9,ok,100,22,1515,349.201,76,1440,9501,3027,14648
265,45028.605047774,45028.6052868,,2,GPU-5443d59d-561f-ed1e-da42-1975937205f9,ok,100,20,1515,349.081,76,1440,9501,5371,8154
266,45029.605047774,45029.605290658,,2,GPU-5443d59d-561f-ed1e-da42-1975937205f9,ok,100,23,1515,348.942,76,1380,9501,3417,11572
267,45030.605047774,45030.605319386,,2,GPU-5443d59d-561f-ed1e-da42-1975937205f9,ok,100,20,1515,348.733,76,1455,9501,5517,9033
268,45031.605047774,45031.605284264,,2,GPU-5443d59d-561f-ed1e-da42-1975937205f9,ok,100,26,1515,348.392,76,1395,9501,4541,10595
269,45032.605047774,45032.605281022,,2,GPU-5443d59d-561f-ed1e-da42-1975937205f9,ok,100,22,1515,348.225,76,1425,9501,4541,11035
270,45033.605047774,45033.60533782,,2,GPU-5443d59d-561f-ed1e-da42-1975937205f9,ok,100,21,1515,348.542,76,1395,9501,4541,10742
271,45034.605047774,45034.605358878,,2,GPU-5443d59d-561f-ed1e-da42-1975937205f9,ok,100,21,1515,348.697,76,1440,9501,3759,13720
272,45035.605047774,45035.605327246,,2,GPU-5443d59d-561f-ed1e-da42-1975937205f9,ok,100,20,1515,348.182,76,1440,9501,5273,7861
273,45036.605047774,45036.605359024,,2,GPU-5443d59d-561f-ed1e-da42-1975937205f9,ok,100,21,1515,349.053,76,1440,9501,3906,13867
274,45037.605047774,45037.605373922,,2,GPU-5443d59d-561f-ed1e-da42-1975937205f9,ok,100,20,1515,348.969,76,1440,9501,5371,7812
275,45038.605047774,45038.60535482,,2,GPU-5443d59d-561f-ed1e-da42-1975937205f9,ok,100,22,1515,349.435,76,1440,9501,3710,13525
276,45039.605047774,45039.605356298,,2,GPU-5443d59d-561f-ed1e-da42-1975937205f9,ok,100,23,1515,348.809,76,1440,9501,5322,7568
277,45040.605047774,45040.605359156,,2,GPU-5443d59d-561f-ed1e-da42-1975937205f9,ok,100,23,1515,348.888,76,1440,9501,3466,13671
278,45041.605047774,45041.605352774,,2,GPU-5443d59d-561f-ed1e-da42-1975937205f9,ok,100,28,1515,349.052,76,1440,9501,6347,8447
279,45042.605047774,45042.605352322,,2,GPU-5443d59d-561f-ed1e-da42-1975937205f9,ok,100,22,1515,348.715,76,1425,9501,3222,13232
280,45043.605047774,45043.60535486,,2,GPU-5443d59d-561f-ed1e-da42-1975937205f9,ok,100,21,1515,348.846,76,1455,9501,5810,8593
281,45044.605047774,45044.605352058,,2,GPU-5443d59d-561f-ed1e-da42-1975937205f9,ok,100,26,1515,348.768,76,1425,9501,3613,12988
282,45045.605047774,45045.605357286,,2,GPU-5443d59d-561f-ed1e-da42-1975937205f9,ok,100,23,1515,349.278,76,1455,9501,4638,13281
283,45046.605047774,45046.605351124,,2,GPU-5443d59d-561f-ed1e-da42-1975937205f9,ok,100,21,1515,348.792,76,1440,9501,4541,9082
284,45047.605047774,45047.605352192,,2,GPU-5443d59d-561f-ed1e-da42-1975937205f9,ok,100,22,1515,349.032,76,1440,9501,4003,13183
285,45048.605047774,45048.60535159,,2,GPU-5443d59d-561f-ed1e-da42-1975937205f9,ok,100,21,1515,349.343,76,1440,9501,6298,7421
286,45049.605047774,45049.605352508,,2,GPU-5443d59d-561f-ed1e-da42-1975937205f9,ok,100,22,1515,349.511,76,1425,9501,3173,13818
287,45050.605047774,45050.605360216,,2,GPU-5443d59d-561f-ed1e-da42-1975937205f9,ok,100,20,1515,349.239,76,1425,9501,5615,7226
288,45051.605047774,45051.605353675,,2,GPU-5443d59d-561f-ed1e-da42-1975937205f9,ok,100,23,1515,349.103,76,1440,9501,3173,15283
289,45052.605047774,45052.605352703,,2,GPU-5443d59d-561f-ed1e-da42-1975937205f9,ok,100,21,1515,349.433,76,1440,9501,5761,7812
290,45053.605047774,45053.605353111,,2,GPU-5443d59d-561f-ed1e-da42-1975937205f9,ok,100,22,1515,349.285,76,1440,9501,3125,13378
291,45054.605047774,45054.605353589,,2,GPU-5443d59d-561f-ed1e-da42-1975937205f9,ok,100,21,1515,349.569,76,1455,9501,4833,9521
292,45055.605047774,45055.605351837,,2,GPU-5443d59d-561f-ed1e-da42-1975937205f9,ok,100,28,1515,349.063,76,1440,9501,4003,10644
293,45056.605047774,45056.605350285,,2,GPU-5443d59d-561f-ed1e-da42-1975937205f9,ok,100,22,1515,349.749,76,1455,9501,4736,10888
294,45057.605047774,45057.605355543,,2,GPU-5443d59d-561f-ed1e-da42-1975937205f9,ok,100,21,1515,349.427,76,1455,9501,4003,10400
295,45058.605047774,45058.605354351,,2,GPU-5443d59d-561f-ed1e-da42-1975937205f9,ok,100,21,1515,349.53,76,1455,9501,4492,11230
296,45059.605047774,45059.605349909,,2,GPU-5443d59d-561f-ed1e-da42-1975937205f9,ok,100,21,1515,349.353,76,1440,9501,4589,9326
297,45060.605047774,45060.605352517,,2,GPU-5443d59d-561f-ed1e-da42-1975937205f9,ok,100,22,1515,349.555,76,1455,9501,3955,12207
298,45061.605047774,45061.605303025,,2,GPU-5443d59d-561f-ed1e-da42-1975937205f9,ok,100,22,1515,349.223,76,1425,9501,5371,7763
299,45062.605047774,45062.605294273,,2,GPU-5443d59d-561f-ed1e-da42-1975937205f9,ok,100,22,1515,349.914,76,1455,9501,3466,14306
300,45063.605047774,45063.605291741,,2,GPU-5443d59d-561f-ed1e-da42-1975937205f9,ok,100,20,1515,348.736,76,1425,9501,5273,7568
301,45064.605047774,45064.605294429,,2,GPU-5443d59d-561f-ed1e-da42-1975937205f9,ok,100,21,1515,349.29,76,1440,9501,3466,14013
302,45065.605047774,45065.605299607,,2,GPU-5443d59d-561f-ed1e-da42-1975937205f9,ok,100,20,1515,348.906,76,1440,9501,4980,7714
303,45066.605047774,45066.605292165,,2,GPU-5443d59d-561f-ed1e-da42-1975937205f9,ok,100,22,1515,349.001,76,1455,9501,3515,13476
304,45067.605047774,45067.605317473,,2,GPU-5443d59d-561f-ed1e-da42-1975937205f9,ok,100,19,1515,348.846,76,1440,9501,5175,7373
305,45068.605047774,45068.605290911,,2,GPU-5443d59d-561f-ed1e-da42-1975937205f9,ok,100,25,1515,348.719,76,1440,9501,3320,17041
306,45069.605047774,45069.605297219,,2,GPU-5443d59d-561f-ed1e-da42-1975937205f9,ok,100,22,1515,348.836,76,1440,9501,5419,9277
307,45070.605047774,45070.605296307,,2,GPU-5443d59d-561f-ed1e-da42-1975937205f9,ok,100,24,1515,348.541,76,1425,9501,3662,11132
308,45071.605047774,45071.605290135,,2,GPU-5443d59d-561f-ed1e-da42-1975937205f9,ok,100,20,1515,348.96,76,1440,9501,5371,10742
309,45072.605047774,45072.605287873,,2,GPU-5443d59d-561f-ed1e-da42-1975937205f9,ok,100,20,1515,348.722,76,1425,9501,4882,9472
310,45073.605047774,45073.605294351,,2,GPU-5443d59d-561f-ed1e-da42-1975937205f9,ok,100,22,1515,348.795,76,1440,9501,3759,13574
311,45074.605047774,45074.605289189,,2,GPU-5443d59d-561f-ed1e-da42-1975937205f9,ok,100,28,1515,348.377,76,1410,9501,5078,7910
312,45075.605047774,45075.605323087,,2,GPU-5443d59d-561f-ed1e-da42-1975937205f9,ok,100,21,1515,348.338,76,1425,9501,3369,14306
313,45076.605047774,45076.605364005,,2,GPU-5443d59d-561f-ed1e-da42-1975937205f9,ok,100,19,1515,348.756,76,1440,9501,5908,7714
314,45077.605047774,45077.605293253,,2,GPU-5443d59d-561f-ed1e-da42-1975937205f9,ok,100,20,1515,348.04,76,1440,9501,3076,14355
315,45078.605047774,45078.605291621,,2,GPU-5443d59d-561f-ed1e-da42-1975937205f9,ok,100,20,1515,348.896,76,1440,9501,5664,7958
316,45079.605047774,45079.605363609,,2,GPU-5443d59d-561f-ed1e-da42-1975937205f9,ok,100,21,1515,348.661,76,1440,9501,3125,12890
317,45080.605047774,45080.605323387,,2,GPU-5443d59d-561f-ed1e-da42-1975937205f9,ok,100,20,1515,348.874,76,1440,9501,5712,8447
318,45081.605047774,45081.605342175,,2,GPU-5443d59d-561f-ed1e-da42-1975937205f9,ok,100,20,1515,348.537,76,1440,9501,3564,11865
319,45082.605047774,45082.605324683,,2,GPU-5443d59d-561f-ed1e-da42-1975937205f9,ok,100,21,1515,349.255,76,1440,9501,4785,9326
320,45083.605047774,45083.605336601,,2,GPU-5443d59d-561f-ed1e-da42-1975937205f9,ok,100,20,1515,348.817,76,1425,9501,4003,10839
321,45084.605047774,45084.605330389,,2,GPU-5443d59d-561f-ed1e-da42-1975937205f9,ok,100,22,1515,349.258,76,1440,9501,4296,11474
322,45085.605047774,45085.605321617,,2,GPU-5443d59d-561f-ed1e-da42-1975937205f9,ok,100,20,1515,348.858,76,1440,9501,4833,9179
323,45086.605047774,45086.605315025,,2,GPU-5443d59d-561f-ed1e-da42-1975937205f9,ok,100,21,1515,349.02,76,1455,9501,3710,14648
324,45087.605047774,45087.605340103,,2,GPU-5443d59d-561f-ed1e-da42-1975937205f9,ok,100,19,1515,348.945,76,1440,9501,4931,8056
325,45088.605047774,45088.605346061,,2,GPU-5443d59d-561f-ed1e-da42-1975937205f9,ok,100,21,1515,348.67,76,1440,9501,3369,14746
326,45089.605047774,45089.605324819,,2,GPU-5443d59d-561f-ed1e-da42-1975937205f9,ok,100,20,1515,348.983,76,1440,9501,6054,7177
327,45090.605047774,45090.605333787,,2,GPU-5443d59d-561f-ed1e-da42-1975937205f9,ok,100,21,1515,348.935,76,1440,9501,3173,14794
328,45091.605047774,45091.605331955,,2,GPU-5443d59d-561f-ed1e-da42-1975937205f9,ok,100,20,1515,349.096,76,1440,9501,5615,7275
329,45092.605047774,45092.605328593,,2,GPU-5443d59d-561f-ed1e-da42-1975937205f9,ok,100,20,1515,348.958,76,1440,9501,3027,13037
330,45093.605047774,45093.605330681,,2,GPU-5443d59d-561f-ed1e-da42-1975937205f9,ok,100,21,1515,349.169,76,1440,9501,5517,8105
331,45094.605047774,45094.605331259,,2,GPU-5443d59d-561f-ed1e-da42-1975937205f9,ok,100,21,1515,349.282,76,1440,9501,3515,11914
332,45095.605047774,45095.605329348,,2,GPU-5443d59d-561f-ed1e-da42-1975937205f9,ok,100,22,1515,349.38,76,1455,9501,4882,8837
333,45096.605047774,45096.605326226,,2,GPU-5443d59d-561f-ed1e-da42-1975937205f9,ok,100,21,1515,348.869,76,1410,9501,3613,11474
334,45097.605047774,45097.605327414,,2,GPU-5443d59d-561f-ed1e-da42-1975937205f9,ok,100,25,1515,348.656,76,1425,9501,4541,11914
335,45098.605047774,45098.605329252,,2,GPU-5443d59d-561f-ed1e-da42-1975937205f9,ok,100,20,1515,348.758,76,1440,9501,4296,9667
336,45099.605047774,45099.60532543,,2,GPU-5443d59d-561f-ed1e-da42-1975937205f9,ok,100,21,1515,348.91,76,1440,9501,3662,11035
337,45100.605047774,45100.605327368,,2,GPU-5443d59d-561f-ed1e-da42-1975937205f9,ok,100,20,1515,348.819,76,1440,9501,5468,7324
338,45101.605047774,45101.605334886,,2,GPU-5443d59d-561f-ed1e-da42-1975937205f9,ok,100,21,1515,349.037,76,1440,9501,2978,12939
339,45102.605047774,45102.605328514,,2,GPU-5443d59d-561f-ed1e-da42-1975937205f9,ok,100,21,1515,349.376,76,1455,9501,5517,8398
340,45103.605047774,45103.605327242,,2,GPU-5443d59d-561f-ed1e-da42-1975937205f9,ok,100,21,1515,348.826,76,1425,9501,3955,19091
341,45104.605047774,45104.60532473,,2,GPU-5443d59d-561f-ed1e-da42-1975937205f9,ok,100,21,1515,349.133,76,1440,9501,4882,10107
342,45105.605047774,45105.605327658,,2,GPU-5443d59d-561f-ed1e-da42-1975937205f9,ok,100,20,1515,348.905,76,1440,9501,4345,10205
343,45106.605047774,45106.605329076,,2,GPU-5443d59d-561f-ed1e-da42-1975937205f9,ok,100,21,1515,348.982,76,1440,9501,4248,8984
344,45107.605047774,45107.605340814,,2,GPU-5443d59d-561f-ed1e-da42-1975937205f9,ok,100,20,1515,348.956,76,1440,9501,4052,10400
345,45108.605047774,45108.605333882,,2,GPU-5443d59d-561f-ed1e-da42-1975937205f9,ok,100,24,1515,349.069,76,1410,9501,4492,12255
346,45109.605047774,45109.60532883,,2,GPU-5443d59d-561f-ed1e-da42-1975937205f9,ok,100,20,1515,348.709,76,1425,9501,4394,9619
347,45110.605047774,45110.605327188,,2,GPU-5443d59d-561f-ed1e-da42-1975937205f9,ok,100,20,1515,348.457,76,1440,9501,4052,13037
348,45111.605047774,45111.605325936,,2,GPU-5443d59d-561f-ed1e-da42-1975937205f9,ok,100,20,1515,349.031,76,1440,9501,5175,8007
349,45112.605047774,45112.605341384,,2,GPU-5443d59d-561f-ed1e-da42-1975937205f9,ok,100,21,1515,348.778,76,1440,9501,4003,13720
350,45113.605047774,45113.605345222,,2,GPU-5443d59d-561f-ed1e-da42-1975937205f9,ok,100,24,1515,348.797,76,1440,9501,5517,341
351,45114.605047774,45114.60534699,,2,GPU-5443d59d-561f-ed1e-da42-1975937205f9,ok,100,22,1515,348.744,76,1440,9501,3710,17968
352,45115.605047774,45115.605340898,,2,GPU-5443d59d-561f-ed1e-da42-1975937205f9,ok,100,22,1515,348.853,76,1440,9501,6591,10107
353,45116.605047774,45116.605368216,,2,GPU-5443d59d-561f-ed1e-da42-1975937205f9,ok,100,20,1515,349.587,76,1455,9501,3222,12939
354,45117.605047774,45117.605334694,,2,GPU-5443d59d-561f-ed1e-da42-1975937205f9,ok,100,22,1515,349.094,76,1440,9501,5273,8642
355,45118.605047774,45118.605334562,,2,GPU-5443d59d-561f-ed1e-da42-1975937205f9,ok,100,20,1515,349.31,76,1455,9501,3417,17382
356,45119.605047774,45119.60536314,,2,GPU-5443d59d-561f-ed1e-da42-1975937205f9,ok,100,22,1515,348.986,76,1440,9501,4882,8886
357,45120.605047774,45120.605344768,,2,GPU-5443d59d-561f-ed1e-da42-1975937205f9,ok,100,21,1515,349.11,76,1440,9501,1562,341
358,45121.605047774,45121.605347356,,2,GPU-5443d59d-561f-ed1e-da42-1975937205f9,ok,100,24,1515,349.064,76,1395,9501,5126,10058
359,45122.605047774,45122.605349154,,2,GPU-5443d59d-561f-ed1e-da42-1975937205f9,ok,100,22,1515,348.762,76,1425,9501,4101,10644
360,45123.605047774,45123.605337922,,2,GPU-5443d59d-561f-ed1e-da42-1975937205f9,ok,100,21,1515,348.645,76,1440,9501,5517,14257
361,45124.605047774,45124.60534642,,2,GPU-5443d59d-561f-ed1e-da42-1975937205f9,ok,100,24,1515,348.631,76,1440,9501,4541,8691
362,45125.605047774,45125.605349538,,2,GPU-5443d59d-561f-ed1e-da42-1975937205f9,ok,100,21,1515,348.523,76,1455,9501,3857,12402
363,45126.605047774,45126.605338316,,2,GPU-5443d59d-561f-ed1e-da42-1975937205f9,ok,100,21,1515,349.247,76,1425,9501,4589,8496
364,45127.605047774,45127.605352264,,2,GPU-5443d59d-561f-ed1e-da42-1975937205f9,ok,100,20,1515,348.83,76,1440,9501,537,1464
365,45128.605047774,45128.605345652,,2,GPU-5443d59d-561f-ed1e-da42-1975937205f9,ok,100,25,1515,349.464,76,1395,9501,5615,7275
366,45129.605047774,45129.60536537,,2,GPU-5443d59d-561f-ed1e-da42-1975937205f9,ok,100,27,1515,348.63,76,1440,9501,3027,14794
367,45130.605047774,45130.605343798,,2,GPU-5443d59d-561f-ed1e-da42-1975937205f9,ok,100,21,1515,348.907,76,1440,9501,5273,8642
368,45131.605047774,45131.605349816,,2,GPU-5443d59d-561f-ed1e-da42-1975937205f9,ok,100,20,1515,349.391,76,1440,9501,3613,11523
369,45132.605047774,45132.605348054,,2,GPU-5443d59d-561f-ed1e-da42-1975937205f9,ok,100,21,1515,348.769,76,1440,9501,4931,10595
370,45133.605047774,45133.605327422,,2,GPU-5443d59d-561f-ed1e-da42-1975937205f9,ok,100,23,1515,348.541,76,1440,9501,4833,8886
371,45134.605047774,45134.60532102,,2,GPU-5443d59d-561f-ed1e-da42-1975937205f9,ok,100,23,1515,348.852,76,1425,9501,439,1757
372,45135.605047774,45135.605345728,,2,GPU-5443d59d-561f-ed1e-da42-1975937205f9,ok,100,22,1515,349.068,76,1425,9501,6103,12695
373,45136.605047774,45136.605329126,,2,GPU-5443d59d-561f-ed1e-da42-1975937205f9,ok,100,21,1515,348.917,76,1440,9501,3222,14501
374,45137.605047774,45137.605327884,,2,GPU-5443d59d-561f-ed1e-da42-1975937205f9,ok,100,22,1515,349.113,76,1425,9501,5615,7275
375,45138.605047774,45138.605325203,,2,GPU-5443d59d-561f-ed1e-da42-1975937205f9,ok,100,21,1515,349.334,76,1440,9501,3125,14599
376,45139.605047774,45139.605326521,,2,GPU-5443d59d-561f-ed1e-da42-1975937205f9,ok,100,22,1515,349.046,76,1440,9501,5615,7324
377,45140.605047774,45140.605328069,,2,GPU-5443d59d-561f-ed1e-da42-1975937205f9,ok,100,20,1515,348.934,76,1440,9501,3076,11523
378,45141.605047774,45141.605330967,,2,GPU-5443d59d-561f-ed1e-da42-1975937205f9,ok,100,21,1515,348.998,76,1440,9501,439,6152
379,45142.605047774,45142.605328695,,2,GPU-5443d59d-561f-ed1e-da42-1975937205f9,ok,100,20,1515,349.177,76,1440,9501,3417,12109
380,45143.605047774,45143.605331203,,2,GPU-5443d59d-561f-ed1e-da42-1975937205f9,ok,100,21,1515,349.149,76,1440,9501,5029,9814
381,45144.605047774,45144.605326161,,2,GPU-5443d59d-561f-ed1e-da42-1975937205f9,ok,100,19,1515,348.979,76,1440,9501,3417,11767
382,45145.605047774,45145.605329719,,2,GPU-5443d59d-561f-ed1e-da42-1975937205f9,ok,100,21,1515,348.76,76,1440,9501,5175,9082
383,45146.605047774,45146.605333347,,2,GPU-5443d59d-561f-ed1e-da42-1975937205f9,ok,100,20,1515,348.959,76,1440,9501,3417,11328
384,45147.605047774,45147.605337395,,2,GPU-5443d59d-561f-ed1e-da42-1975937205f9,ok,100,21,1515,348.811,76,1455,9501,4785,8886
385,45148.605047774,45148.605342843,,2,GPU-5443d59d-561f-ed1e-da42-1975937205f9,ok,100,21,1515,349.529,76,1425,9501,2148,10351
386,45149.605047774,45149.605330701,,2,GPU-5443d59d-561f-ed1e-da42-1975937205f9,ok,100,22,1515,349.47,76,1440,9501,5371,9960
387,45150.605047774,45150.605326189,,2,GPU-5443d59d-561f-ed1e-da42-1975937205f9,ok,100,20,1515,349.274,76,1440,9501,4052,11328
388,45151.605047774,45151.605329597,,2,GPU-5443d59d-561f-ed1e-da42-1975937205f9,ok,100,21,1515,348.654,76,1455,9501,4541,10449
389,45152.605047774,45152.605334915,,2,GPU-5443d59d-561f-ed1e-da42-1975937205f9,ok,100,22,1515,349.147,76,1425,9501,3857,11035
390,45153.605047774,45153.605330693,,2,GPU-5443d59d-561f-ed1e-da42-1975937205f9,ok,100,21,1515,348.862,76,1455,9501,5566,15527
391,45154.605047774,45154.605330221,,2,GPU-5443d59d-561f-ed1e-da42-1975937205f9,ok,100,22,1515,349.444,76,1440,9501,4736,8691
392,45155.605047774,45155.605325739,,2,GPU-5443d59d-561f-ed1e-da42-1975937205f9,ok,100,20,1515,349.379,76,1455,9501,3955,12255
393,45156.605047774,45156.605327157,,2,GPU-5443d59d-561f-ed1e-da42-1975937205f9,ok,100,22,1515,349.169,76,1440,9501,4736,8398
394,45157.605047774,45157.605335305,,2,GPU-5443d59d-561f-ed1e-da42-1975937205f9,ok,100,21,1515,349.258,76,1440,9501,3759,14062
395,45158.605047774,45158.605324603,,2,GPU-5443d59d-561f-ed1e-da42-1975937205f9,ok,100,21,1515,349.051,76,1440,9501,5615,7373
396,45159.605047774,45159.605325461,,2,GPU-5443d59d-561f-ed1e-da42-1975937205f9,ok,100,20,1515,349.291,76,1455,9501,3125,14941
397,45160.605047774,45160.605328869,,2,GPU-5443d59d-561f-ed1e-da42-1975937205f9,ok,100,22,1515,349.278,76,1440,9501,5371,7470
398,45161.605047774,45161.605329337,,2,GPU-5443d59d-561f-ed1e-da42-1975937205f9,ok,100,20,1515,349.465,76,1440,9501,3076,14160
399,45162.605047774,45162.605326135,,2,GPU-5443d59d-561f-ed1e-da42-1975937205f9,ok,100,21,1515,349.045,76,1425,9501,5419,8105
400,45163.605047774,45163.605330003,,2,GPU-5443d59d-561f-ed1e-da42-1975937205f9,ok,100,21,1515,349.186,76,1455,9501,3076,13134
401,45164.605047774,45164.605333031,,2,GPU-5443d59d-561f-ed1e-da42-1975937205f9,ok,100,21,1515,349.184,76,1425,9501,5517,8007
402,45165.605047774,45165.605329399,,2,GPU-5443d59d-561f-ed1e-da42-1975937205f9,ok,100,22,1515,349.336,76,1440,9501,3125,13134
403,45166.605047774,45166.605331537,,2,GPU-5443d59d-561f-ed1e-da42-1975937205f9,ok,100,21,1515,348.997,76,1425,9501,5078,8740
404,45167.605047774,45167.605336445,,2,GPU-5443d59d-561f-ed1e-da42-1975937205f9,ok,100,22,1515,348.857,76,1455,9501,3515,16064
405,45168.605047774,45168.605328973,,2,GPU-5443d59d-561f-ed1e-da42-1975937205f9,ok,100,20,1515,348.872,76,1455,9501,4443,11132
406,45169.605047774,45169.605343061,,2,GPU-5443d59d-561f-ed1e-da42-1975937205f9,ok,100,23,1515,349.237,76,1440,9501,3759,10498
407,45170.605047774,45170.605330379,,2,GPU-5443d59d-561f-ed1e-da42-1975937205f9,ok,100,21,1515,349.282,76,1455,9501,4052,12451
408,45171.605047774,45171.605327617,,2,GPU-5443d59d-561f-ed1e-da42-1975937205f9,ok,100,22,1515,349.011,76,1440,9501,5078,7763
409,45172.605047774,45172.605329755,,2,GPU-5443d59d-561f-ed1e-da42-1975937205f9,ok,100,21,1515,349.461,76,1455,9501,3320,13037
410,45173.605047774,45173.605335843,,2,GPU-5443d59d-561f-ed1e-da42-1975937205f9,ok,100,22,1515,348.975,76,1425,9501,5566,7031
411,45174.605047774,45174.605328661,,2,GPU-5443d59d-561f-ed1e-da42-1975937205f9,ok,100,22,1515,349.608,76,1440,9501,2978,14550
412,45175.605047774,45175.605340199,,2,GPU-5443d59d-561f-ed1e-da42-1975937205f9,ok,100,21,1515,349.028,76,1425,9501,5419,7812
413,45176.605047774,45176.605331827,,2,GPU-5443d59d-561f-ed1e-da42-1975937205f9,ok,100,21,1515,349.342,76,1440,9501,2978,14404
414,45177.605047774,45177.605325155,,2,GPU-5443d59d-561f-ed1e-da42-1975937205f9,ok,100,24,1515,349.21,76,1380,9501,5615,8789
415,45178.605047774,45178.605328573,,2,GPU-5443d59d-561f-ed1e-da42-1975937205f9,ok,100,22,1515,349.253,76,1440,9501,3173,12890
416,45179.605047774,45179.605322401,,2,GPU-5443d59d-561f-ed1e-da42-1975937205f9,ok,100,28,1515,348.59,76,1440,9501,4785,9472
417,45180.605047774,45180.605328179,,2,GPU-5443d59d-561f-ed1e-da42-1975937205f9,ok,100,22,1515,348.759,76,1455,9501,3808,11035
418,45181.605047774,45181.605327268,,2,GPU-5443d59d-561f-ed1e-da42-1975937205f9,ok,100,20,1515,349.421,76,1440,9501,5761,13720
419,45182.605047774,45182.605328536,,2,GPU-5443d59d-561f-ed1e-da42-1975937205f9,ok,100,22,1515,348.788,76,1455,9501,4785,8349
420,45183.605047774,45183.605325754,,2,GPU-5443d59d-561f-ed1e-da42-1975937205f9,ok,100,20,1515,349.678,76,1440,9501,3808,12255
421,45184.605047774,45184.605331172,,2,GPU-5443d59d-561f-ed1e-da42-1975937205f9,ok,100,21,1515,349.046,76,1440,9501,4687,7910
422,45185.605047774,45185.60532775,,2,GPU-5443d59d-561f-ed1e-da42-1975937205f9,ok,100,21,1515,349.105,76,1455,9501,3662,12646
423,45186.605047774,45186.605339398,,2,GPU-5443d59d-561f-ed1e-da42-1975937205f9,ok,100,21,1515,348.795,76,1440,9501,4882,8154
424,45187.605047774,45187.605327876,,2,GPU-5443d59d-561f-ed1e-da42-1975937205f9,ok,100,22,1515,349.401,76,1440,9501,3613,14160
425,45188.605047774,45188.605342424,,2,GPU-5443d59d-561f-ed1e-da42-1975937205f9,ok,100,21,1515,349.063,76,1425,9501,5322,7177
426,45189.605047774,45189.605329112,,2,GPU-5443d59d-561f-ed1e-da42-1975937205f9,ok,100,21,1515,349.193,76,1455,9501,3271,13427
427,45190.605047774,45190.60532775,,2,GPU-5443d59d-561f-ed1e-da42-1975937205f9,ok,100,21,1515,349.112,76,1440,9501,5175,7373
428,45191.605047774,45191.605322848,,2,GPU-5443d59d-561f-ed1e-da42-1975937205f9,ok,100,22,1515,349.415,76,1455,9501,3125,14648
429,45192.605047774,45192.605334056,,2,GPU-5443d59d-561f-ed1e-da42-1975937205f9,ok,100,21,1515,348.409,76,1455,9501,5566,8154
430,45193.605047774,45193.605328564,,2,GPU-5443d59d-561f-ed1e-da42-1975937205f9,ok,100,26,1515,349.925,76,1425,9501,3125,14013
431,45194.605047774,45194.605329292,,2,GPU-5443d59d-561f-ed1e-da42-1975937205f9,ok,100,23,1515,348.968,76,1425,9501,5175,8837
432,45195.605047774,45195.60532318,,2,GPU-5443d59d-561f-ed1e-da42-1975937205f9,ok,100,22,1515,348.802,76,1440,9501,3564,11962
433,45196.605047774,45196.605326738,,2,GPU-5443d59d-561f-ed1e-da42-1975937205f9,ok,100,20,1515,349.314,76,1440,9501,5029,9472
434,45197.605047774,45197.605336716,,2,GPU-5443d59d-561f-ed1e-da42-1975937205f9,ok,100,21,1515,348.995,76,1455,9501,4052,10644
435,45198.605047774,45198.605330204,,2,GPU-5443d59d-561f-ed1e-da42-1975937205f9,ok,100,20,1515,349.322,76,1440,9501,5322,13427
436,45199.605047774,45199.605328502,,2,GPU-5443d59d-561f-ed1e-da42-1975937205f9,ok,100,21,1515,349.022,76,1440,9501,4248,10107
437,45200.605047774,45200.60532943,,2,GPU-5443d59d-561f-ed1e-da42-1975937205f9,ok,100,20,1515,349.114,76,1455,9501,4296,12060
438,45201.605047774,45201.605328768,,2,GPU-5443d59d-561f-ed1e-da42-1975937205f9,ok,100,21,1515,348.82,76,1425,9501,4443,10009
439,45202.605047774,45202.605325516,,2,GPU-5443d59d-561f-ed1e-da42-1975937205f9,ok,100,21,1515,349.305,76,1440,9501,3808,13085
440,45203.605047774,45203.605330414,,2,GPU-5443d59d-561f-ed1e-da42-1975937205f9,ok,100,21,1515,349.164,76,1440,9501,5078,7617
441,45204.605047774,45204.605327782,,2,GPU-5443d59d-561f-ed1e-da42-1975937205f9,ok,100,23,1515,349.634,76,1455,9501,3320,16015
442,45205.605047774,45205.60532809,,2,GPU-5443d59d-561f-ed1e-da42-1975937205f9,ok,100,23,1515,349.474,76,1395,9501,5371,8593
443,45206.605047774,45206.605334318,,2,GPU-5443d59d-561f-ed1e-da42-1975937205f9,ok,100,21,1515,348.937,76,1440,9501,3466,15966
444,45207.605047774,45207.605331356,,2,GPU-5443d59d-561f-ed1e-da42-1975937205f9,ok,100,23,1515,349.219,76,1425,9501,4541,10009
445,45208.605047774,45208.605330654,,2,GPU-5443d59d-561f-ed1e-da42-1975937205f9,ok,100,21,1515,348.669,76,1425,9501,3857,10986
446,45209.605047774,45209.605342052,,2,GPU-5443d59d-561f-ed1e-da42-1975937205f9,ok,100,20,1515,348.778,76,1455,9501,5371,14697
447,45210.605047774,45210.60533705,,2,GPU-5443d59d-561f-ed1e-da42-1975937205f9,ok,100,20,1515,348.665,76,1440,9501,4199,10009
448,45211.605047774,45211.605327398,,2,GPU-5443d59d-561f-ed1e-da42-1975937205f9,ok,100,21,1515,349.434,76,1440,9501,4199,11767
449,45212.605047774,45212.605320436,,2,GPU-5443d59d-561f-ed1e-da42-1975937205f9,ok,100,20,1515,349.028,76,1455,9501,4345,9130
450,45213.605047774,45213.605328514,,2,GPU-5443d59d-561f-ed1e-da42-1975937205f9,ok,100,25,1515,349.437,76,1425,9501,5761,19140
451,45214.605047774,45214.605323902,,2,GPU-5443d59d-561f-ed1e-da42-1975937205f9,ok,100,20,1515,348.744,76,1440,9501,5419,7275
452,45215.605047774,45215.60532578,,2,GPU-5443d59d-561f-ed1e-da42-1975937205f9,ok,100,22,1515,349.427,76,1440,9501,2978,13525
453,45216.605047774,45216.605336588,,2,GPU-5443d59d-561f-ed1e-da42-1975937205f9,ok,100,20,1515,349.299,76,1425,9501,5419,7910
454,45217.605047774,45217.605298746,,2,GPU-5443d59d-561f-ed1e-da42-1975937205f9,ok,100,21,1515,348.637,76,1455,9501,3271,11962
455,45218.605047774,45218.605293084,,2,GPU-5443d59d-561f-ed1e-da42-1975937205f9,ok,100,20,1515,349.439,76,1425,9501,5419,8398
456,45219.605047774,45219.605297142,,2,GPU-5443d59d-561f-ed1e-da42-1975937205f9,ok,100,22,1515,348.76,76,1455,9501,3222,11962
457,45220.605047774,45220.60532608,,2,GPU-5443d59d-561f-ed1e-da42-1975937205f9,ok,100,20,1515,349.143,76,1425,9501,5566,8203
458,45221.605047774,45221.605329128,,2,GPU-5443d59d-561f-ed1e-da42-1975937205f9,ok,100,21,1515,348.868,76,1440,9501,3222,12744
459,45222.605047774,45222.605333346,,2,GPU-5443d59d-561f-ed1e-da42-1975937205f9,ok,100,20,1515,349.265,76,1425,9501,4687,9082
460,45223.605047774,45223.605329884,,2,GPU-5443d59d-561f-ed1e-da42-1975937205f9,ok,100,20,1515,348.909,76,1440,9501,3710,11669
461,45224.605047774,45224.605342333,,2,GPU-5443d59d-561f-ed1e-da42-1975937205f9,ok,100,21,1515,349.159,76,1425,9501,4589,10253
462,45225.605047774,45225.605344591,,2,GPU-5443d59d-561f-ed1e-da42-1975937205f9,ok,100,21,1515,348.656,76,1440,9501,4003,10449
463,45226.605047774,45226.605354289,,2,GPU-5443d59d-561f-ed1e-da42-1975937205f9,ok,100,26,1515,349.241,76,1425,9501,4101,11914
464,45227.605047774,45227.605344387,,2,GPU-5443d59d-561f-ed1e-da42-1975937205f9,ok,100,19,1515,348.674,76,1440,9501,4296,9375
465,45228.605047774,45228.605331975,,2,GPU-5443d59d-561f-ed1e-da42-1975937205f9,ok,100,25,1515,348.985,76,1410,9501,3613,13281
466,45229.605047774,45229.605355643,,2,GPU-5443d59d-561f-ed1e-da42-1975937205f9,ok,100,21,1515,348.723,76,1425,9501,5175,7666
467,45230.605047774,45230.605334471,,2,GPU-5443d59d-561f-ed1e-da42-1975937205f9,ok,100,21,1515,348.578,76,1425,9501,3320,14550
468,45231.605047774,45231.605344659,,2,GPU-5443d59d-561f-ed1e-da42-1975937205f9,ok,100,23,1515,348.77,76,1365,9501,5322,8349
469,45232.605047774,45232.605345407,,2,GPU-5443d59d-561f-ed1e-da42-1975937205f9,ok,100,22,1515,348.568,76,1440,9501,3466,12451
470,45233.605047774,45233.605348555,,2,GPU-5443d59d-561f-ed1e-da42-1975937205f9,ok,100,20,1515,348.956,76,1440,9501,4931,10058
471,45234.605047774,45234.605351453,,2,GPU-5443d59d-561f-ed1e-da42-1975937205f9,ok,100,21,1515,348.602,76,1440,9501,3710,11083
472,45235.605047774,45235.605343861,,2,GPU-5443d59d-561f-ed1e-da42-1975937205f9,ok,100,22,1515,349.439,76,1440,9501,4345,10986
473,45236.605047774,45236.605347859,,2,GPU-5443d59d-561f-ed1e-da42-1975937205f9,ok,100,21,1515,349.439,76,1440,9501,4199,10205
474,45237.605047774,45237.605355507,,2,GPU-5443d59d-561f-ed1e-da42-1975937205f9,ok,100,22,1515,349.342,76,1440,9501,4150,12646
475,45238.605047774,45238.605357235,,2,GPU-5443d59d-561f-ed1e-da42-1975937205f9,ok,100,20,1515,349.332,76,1440,9501,4296,9326
476,45239.605047774,45239.605356823,,2,GPU-5443d59d-561f-ed1e-da42-1975937205f9,ok,100,22,1515,349.41,76,1440,9501,3808,13281
477,45240.605047774,45240.605348831,,2,GPU-5443d59d-561f-ed1e-da42-1975937205f9,ok,100,20,1515,349.165,76,1440,9501,4785,8203
478,45241.605047774,45241.605353539,,2,GPU-5443d59d-561f-ed1e-da42-1975937205f9,ok,100,22,1515,349.142,76,1455,9501,3125,14062
479,45242.605047774,45242.605349697,,2,GPU-5443d59d-561f-ed1e-da42-1975937205f9,ok,100,21,1515,349.417,76,1440,9501,5273,7568
480,45243.605047774,45243.605357115,,2,GPU-5443d59d-561f-ed1e-da42-1975937205f9,ok,100,20,1515,348.871,76,1455,9501,3222,12744
481,45244.605047774,45244.605328883,,2,GPU-5443d59d-561f-ed1e-da42-1975937205f9,ok,100,21,1515,349.15,76,1455,9501,5126,8642
482,45245.605047774,45245.605332431,,2,GPU-5443d59d-561f-ed1e-da42-1975937205f9,ok,100,21,1515,349.03,76,1455,9501,3222,12792
483,45246.605047774,45246.605278299,,2,GPU-5443d59d-561f-ed1e-da42-1975937205f9,ok,100,23,1515,349.296,76,1440,9501,4833,9472
484,45247.605047774,45247.605276937,,2,GPU-5443d59d-561f-ed1e-da42-1975937205f9,ok,100,21,1515,349.381,76,1440,9501,3808,11523
485,45248.605047774,45248.605279805,,2,GPU-5443d59d-561f-ed1e-da42-1975937205f9,ok,100,22,1515,349.284,76,1440,9501,4199,11376
486,45249.605047774,45249.605282523,,2,GPU-5443d59d-561f-ed1e-da42-1975937205f9,ok,100,20,1515,349.209,76,1440,9501,4296,9765
487,45250.605047774,45250.605284241,,2,GPU-5443d59d-561f-ed1e-da42-1975937205f9,ok,100,21,1515,349.014,76,1440,9501,4296,11962
488,45251.605047774,45251.605277079,,2,GPU-5443d59d-561f-ed1e-da42-1975937205f9,ok,100,20,1515,349.058,76,1425,9501,5957,9472
489,45252.605047774,45252.605269187,,2,GPU-5443d59d-561f-ed1e-da42-1975937205f9,ok,100,22,1515,348.866,76,1455,9501,3222,14160
490,45253.605047774,45253.605282465,,2,GPU-5443d59d-561f-ed1e-da42-1975937205f9,ok,100,23,1515,348.482,76,1425,9501,5517,7373
491,45254.605047774,45254.605284353,,2,GPU-5443d59d-561f-ed1e-da42-1975937205f9,ok,100,20,1515,348.081,76,1440,9501,3125,14892
492,45255.605047774,45255.605278951,,2,GPU-5443d59d-561f-ed1e-da42-1975937205f9,ok,100,22,1515,349.227,76,1425,9501,5761,7324
493,45256.605047774,45256.605287339,,2,GPU-5443d59d-561f-ed1e-da42-1975937205f9,ok,100,21,1515,348.719,76,1455,9501,3027,13964
494,45257.605047774,45257.605273667,,2,GPU-5443d59d-561f-ed1e-da42-1975937205f9,ok,100,22,1515,349.092,76,1440,9501,5664,7861
495,45258.605047774,45258.605274825,,2,GPU-5443d59d-561f-ed1e-da42-1975937205f9,ok,100,21,1515,348.943,76,1455,9501,3125,14257
496,45259.605047774,45259.605274093,,2,GPU-5443d59d-561f-ed1e-da42-1975937205f9,ok,100,22,1515,349.054,76,1440,9501,5468,7958
497,45260.605047774,45260.605291841,,2,GPU-5443d59d-561f-ed1e-da42-1975937205f9,ok,100,20,1515,348.82,76,1455,9501,4101,19433
498,45261.605047774,45261.605281769,,2,GPU-5443d59d-561f-ed1e-da42-1975937205f9,ok,100,22,1515,349.028,76,1440,9501,4492,9277
499,45262.605047774,45262.605278667,,2,GPU-5443d59d-561f-ed1e-da42-1975937205f9,ok,100,22,1515,349.641,76,1425,9501,3955,10693
500,45263.605047774,45263.605270385,,2,GPU-5443d59d-561f-ed1e-da42-1975937205f9,ok,100,22,1515,348.704,76,1455,9501,4833,10302
501,45264.605047774,45264.605267573,,2,GPU-5443d59d-561f-ed1e-da42-1975937205f9,ok,100,21,1515,349.084,76,1440,9501,3955,10156
502,45265.605047774,45265.605286711,,2,GPU-5443d59d-561f-ed1e-da42-1975937205f9,ok,100,25,1515,349.021,76,1425,9501,4492,18554
503,45266.605047774,45266.605287029,,2,GPU-5443d59d-561f-ed1e-da42-1975937205f9,ok,100,23,1515,348.881,76,1440,9501,5273,7373
504,45267.605047774,45267.605292847,,2,GPU-5443d59d-561f-ed1e-da42-1975937205f9,ok,100,20,1515,348.273,76,1440,9501,3369,14501
505,45268.605047774,45268.605283316,,2,GPU-5443d59d-561f-ed1e-da42-1975937205f9,ok,100,21,1515,349.071,76,1440,9501,4980,7763
506,45269.605047774,45269.605280914,,2,GPU-5443d59d-561f-ed1e-da42-1975937205f9,ok,100,21,1515,349.013,76,1440,9501,3222,14208
507,45270.605047774,45270.605272972,,2,GPU-5443d59d-561f-ed1e-da42-1975937205f9,ok,100,21,1515,349.092,76,1440,9501,5664,7763
508,45271.605047774,45271.60527959,,2,GPU-5443d59d-561f-ed1e-da42-1975937205f9,ok,100,30,1515,348.719,76,1455,9501,3369,12353
509,45272.605047774,45272.605277998,,2,GPU-5443d59d-561f-ed1e-da42-1975937205f9,ok,100,22,1515,348.346,76,1425,9501,4882,9814
510,45273.605047774,45273.605285546,,2,GPU-5443d59d-561f-ed1e-da42-1975937205f9,ok,100,20,1515,349.484,76,1455,9501,3662,11230
511,45274.605047774,45274.605284684,,2,GPU-5443d59d-561f-ed1e-da42-1975937205f9,ok,100,22,1515,348.984,76,1440,9501,4931,9570
512,45275.605047774,45275.605284212,,2,GPU-5443d59d-561f-ed1e-da42-1975937205f9,ok,100,20,1515,349.2,76,1455,9501,3515,10937
513,45276.605047774,45276.60528326,,2,GPU-5443d59d-561f-ed1e-da42-1975937205f9,ok,100,21,1515,348.903,76,1440,9501,4931,9472
514,45277.605047774,45277.605288748,,2,GPU-5443d59d-561f-ed1e-da42-1975937205f9,ok,100,21,1515,349.352,76,1455,9501,3466,11474
515,45278.605047774,45278.605284406,,2,GPU-5443d59d-561f-ed1e-da42-1975937205f9,ok,100,22,1515,349.063,76,1425,9501,4541,10449
516,45279.605047774,45279.605300774,,2,GPU-5443d59d-561f-ed1e-da42-1975937205f9,ok,100,21,1515,349.521,76,1440,9501,3857,10449
517,45280.605047774,45280.605286422,,2,GPU-5443d59d-561f-ed1e-da42-1975937205f9,ok,100,25,1515,349.055,76,1395,9501,4638,11376
518,45281.605047774,45281.60528227,,2,GPU-5443d59d-561f-ed1e-da42-1975937205f9,ok,100,22,1515,348.619,76,1440,9501,4296,9472
519,45282.605047774,45282.605278848,,2,GPU-5443d59d-561f-ed1e-da42-1975937205f9,ok,100,23,1515,348.418,76,1425,9501,3955,13232
520,45283.605047774,45283.605274926,,2,GPU-5443d59d-561f-ed1e-da42-1975937205f9,ok,100,22,1515,348.736,76,1440,9501,5224,8251
521,45284.605047774,45284.605274564,,2,GPU-5443d59d-561f-ed1e-da42-1975937205f9,ok,100,21,1515,348.892,76,1440,9501,3466,15039
522,45285.605047774,45285.605280562,,2,GPU-5443d59d-561f-ed1e-da42-1975937205f9,ok,100,22,1515,349.013,76,1440,9501,4882,8154
523,45286.605047774,45286.60527973,,2,GPU-5443d59d-561f-ed1e-da42-1975937205f9,ok,100,23,1515,348.878,76,1440,9501,3271,14160
524,45287.605047774,45287.605275418,,2,GPU-5443d59d-561f-ed1e-da42-1975937205f9,ok,100,21,1515,349.052,76,1440,9501,6054,7080
525,45288.605047774,45288.605296546,,2,GPU-5443d59d-561f-ed1e-da42-1975937205f9,ok,100,20,1515,349.307,76,1455,9501,3125,14453
526,45289.605047774,45289.605288714,,2,GPU-5443d59d-561f-ed1e-da42-1975937205f9,ok,100,21,1515,349.049,76,1440,9501,5761,7275
527,45290.605047774,45290.605280852,,2,GPU-5443d59d-561f-ed1e-da42-1975937205f9,ok,100,30,1515,349.119,76,1455,9501,3173,13476
528,45291.605047774,45291.6052728,,2,GPU-5443d59d-561f-ed1e-da42-1975937205f9,ok,100,22,1515,348.824,76,1425,9501,5615,8154
529,45292.605047774,45292.605278808,,2,GPU-5443d59d-561f-ed1e-da42-1975937205f9,ok,100,19,1515,349.5,76,1455,9501,3125,12548
530,45293.605047774,45293.605276256,,2,GPU-5443d59d-561f-ed1e-da42-1975937205f9,ok,100,21,1515,348.746,76,1425,9501,5468,8398
531,45294.605047774,45294.605280694,,2,GPU-5443d59d-561f-ed1e-da42-1975937205f9,ok,100,21,1515,349.154,76,1440,9501,3173,12304
532,45295.605047774,45295.605274192,,2,GPU-5443d59d-561f-ed1e-da42-1975937205f9,ok,100,21,1515,348.782,76,1425,9501,5224,7958
533,45296.605047774,45296.60527907,,2,GPU-5443d59d-561f-ed1e-da42-1975937205f9,ok,100,20,1515,348.95,76,1455,9501,3076,13085
534,45297.605047774,45297.605290348,,2,GPU-5443d59d-561f-ed1e-da42-1975937205f9,ok,100,28,1515,348.433,76,1425,9501,6738,6152
535,45298.605047774,45298.605278126,,2,GPU-5443d59d-561f-ed1e-da42-1975937205f9,ok,100,21,1515,349.189,76,1455,9501,4589,16455
536,45299.605047774,45299.605274644,,2,GPU-5443d59d-561f-ed1e-da42-1975937205f9,ok,100,21,1515,348.726,76,1440,9501,4833,13525
537,45300.605047774,45300.605291972,,2,GPU-5443d59d-561f-ed1e-da42-1975937205f9,ok,100,25,1515,349.064,76,1440,9501,4833,8154
538,45301.605047774,45301.60529273,,2,GPU-5443d59d-561f-ed1e-da42-1975937205f9,ok,100,21,1515,348.975,76,1440,9501,3564,13281
539,45302.605047774,45302.605276488,,2,GPU-5443d59d-561f-ed1e-da42-1975937205f9,ok,100,27,1515,348.747,76,1425,9501,5419,7275
540,45303.605047774,45303.605274686,,2,GPU-5443d59d-561f-ed1e-da42-1975937205f9,ok,100,20,1515,349.174,76,1455,9501,3320,14013
541,45304.605047774,45304.605282594,,2,GPU-5443d59d-561f-ed1e-da42-1975937205f9,ok,100,21,1515,349.306,76,1425,9501,5322,341
542,45305.605047774,45305.605274212,,2,GPU-5443d59d-561f-ed1e-da42-1975937205f9,ok,100,20,1515,349.311,76,1455,9501,3271,13671
543,45306.605047774,45306.6052739,,2,GPU-5443d59d-561f-ed1e-da42-1975937205f9,ok,100,22,1515,349.572,76,1425,9501,5126,7470
544,45307.605047774,45307.605335478,,2,GPU-5443d59d-561f-ed1e-da42-1975937205f9,ok,100,20,1515,349.331,76,1455,9501,3613,15087
545,45308.605047774,45308.605325706,,2,GPU-5443d59d-561f-ed1e-da42-1975937205f9,ok,100,22,1515,349.349,76,1425,9501,5224,7617
546,45309.605047774,45309.605325264,,2,GPU-5443d59d-561f-ed1e-da42-1975937205f9,ok,100,20,1515,349.127,76,1455,9501,3320,14501
547,45310.605047774,45310.605330902,,2,GPU-5443d59d-561f-ed1e-da42-1975937205f9,ok,100,21,1515,348.834,76,1425,9501,5322,7470
548,45311.605047774,45311.605327161,,2,GPU-5443d59d-561f-ed1e-da42-1975937205f9,ok,100,20,1515,349.016,76,1440,9501,537,341
549,45312.605047774,45312.605327719,,2,GPU-5443d59d-561f-ed1e-da42-1975937205f9,ok,100,22,1515,349.031,76,1440,9501,5468,7617
550,45313.605047774,45313.605329687,,2,GPU-5443d59d-561f-ed1e-da42-1975937205f9,ok,100,20,1515,349.363,76,1455,9501,3125,14746
551,45314.605047774,45314.605332695,,2,GPU-5443d59d-561f-ed1e-da42-1975937205f9,ok,100,22,1515,349.114,76,1425,9501,5468,7324
552,45315.605047774,45315.605328833,,2,GPU-5443d59d-561f-ed1e-da42-1975937205f9,ok,100,20,1515,349.315,76,1455,9501,3173,14257
553,45316.605047774,45316.605330671,,2,GPU-5443d59d-561f-ed1e-da42-1975937205f9,ok,100,22,1515,349.141,76,1440,9501,5810,8203
554,45317.605047774,45317.605328519,,2,GPU-5443d59d-561f-ed1e-da42-1975937205f9,ok,100,21,1515,349.975,76,1440,9501,3027,13916
555,45318.605047774,45318.605331747,,2,GPU-5443d59d-561f-ed1e-da42-1975937205f9,ok,100,21,1515,349.416,76,1440,9501,439,6933
556,45319.605047774,45319.605347865,,2,GPU-5443d59d-561f-ed1e-da42-1975937205f9,ok,100,25,1515,348.38,76,1410,9501,3369,12255
557,45320.605047774,45320.605302543,,2,GPU-5443d59d-561f-ed1e-da42-1975937205f9,ok,100,26,1515,348.218,76,1425,9501,5078,10449
558,45321.605047774,45321.605270671,,2,GPU-5443d59d-561f-ed1e-da42-1975937205f9,ok,100,20,1515,349.045,76,1440,9501,4345,12988
559,45322.605047774,45322.605292719,,2,GPU-5443d59d-561f-ed1e-da42-1975937205f9,ok,100,20,1515,348.426,76,1440,9501,4833,10058
560,45323.605047774,45323.605290187,,2,GPU-5443d59d-561f-ed1e-da42-1975937205f9,ok,100,26,1515,349.417,76,1440,9501,4296,9960
561,45324.605047774,45324.605319735,,2,GPU-5443d59d-561f-ed1e-da42-1975937205f9,ok,100,20,1515,348.455,76,1425,9501,4980,14599
562,45325.605047774,45325.605329373,,2,GPU-5443d59d-561f-ed1e-da42-1975937205f9,ok,100,22,1515,349.083,76,1455,9501,1171,8837
563,45326.605047774,45326.605327861,,2,GPU-5443d59d-561f-ed1e-da42-1975937205f9,ok,100,27,1515,348.543,76,1425,9501,4248,14062
564,45327.605047774,45327.605327089,,2,GPU-5443d59d-561f-ed1e-da42-1975937205f9,ok,100,21,1515,348.772,76,1440,9501,6884,9667
565,45328.605047774,45328.605338197,,2,GPU-5443d59d-561f-ed1e-da42-1975937205f9,ok,100,21,1515,349.064,76,1440,9501,3320,14208
566,45329.605047774,45329.605330755,,2,GPU-5443d59d-561f-ed1e-da42-1975937205f9,ok,100,22,1515,349.369,76,1440,9501,5322,7714
567,45330.605047774,45330.605328803,,2,GPU-5443d59d-561f-ed1e-da42-1975937205f9,ok,100,20,1515,349.554,76,1440,9501,3222,13916
568,45331.605047774,45331.605323691,,2,GPU-5443d59d-561f-ed1e-da42-1975937205f9,ok,100,27,1515,348.641,76,1440,9501,5419,7373
569,45332.605047774,45332.605342799,,2,GPU-5443d59d-561f-ed1e-da42-1975937205f9,ok,100,24,1515,348.986,76,1440,9501,2734,13769
570,45333.605047774,45333.605331887,,2,GPU-5443d59d-561f-ed1e-da42-1975937205f9,ok,100,21,1515,348.729,76,1440,9501,5908,8203
571,45334.605047774,45334.605333105,,2,GPU-5443d59d-561f-ed1e-da42-1975937205f9,ok,100,20,1515,348.955,76,1440,9501,3466,13818
572,45335.605047774,45335.605347693,,2,GPU-5443d59d-561f-ed1e-da42-1975937205f9,ok,100,21,1515,348.943,76,1440,9501,5615,8203
573,45336.605047774,45336.605350921,,2,GPU-5443d59d-561f-ed1e-da42-1975937205f9,ok,100,20,1515,348.964,76,1440,9501,3076,13134
574,45337.605047774,45337.605342709,,2,GPU-5443d59d-561f-ed1e-da42-1975937205f9,ok,100,21,1515,348.633,76,1440,9501,6054,11425
575,45338.605047774,45338.605350157,,2,GPU-5443d59d-561f-ed1e-da42-1975937205f9,ok,100,22,1515,349.495,76,1455,9501,3515,11132
576,45339.605047774,45339.605351735,,2,GPU-5443d59d-561f-ed1e-da42-1975937205f9,ok,100,20,1515,348.876,76,1425,9501,4589,10498
577,45340.605047774,45340.605354473,,2,GPU-5443d59d-561f-ed1e-da42-1975937205f9,ok,100,22,1515,349.033,76,1440,9501,3662,11035
578,45341.605047774,45341.605376181,,2,GPU-5443d59d-561f-ed1e-da42-1975937205f9,ok,100,20,1515,348.752,76,1425,9501,4589,10205
579,45342.605047774,45342.605353409,,2,GPU-5443d59d-561f-ed1e-da42-1975937205f9,ok,100,23,1515,348.972,76,1455,9501,4296,10156
580,45343.605047774,45343.605340977,,2,GPU-5443d59d-561f-ed1e-da42-1975937205f9,ok,100,21,1515,349.686,76,1440,9501,3759,13281
581,45344.605047774,45344.605344695,,2,GPU-5443d59d-561f-ed1e-da42-1975937205f9,ok,100,21,1515,349.064,76,1440,9501,4833,7714
582,45345.605047774,45345.605346203,,2,GPU-5443d59d-561f-ed1e-da42-1975937205f9,ok,100,20,1515,349.27,76,1440,9501,3125,16259
583,45346.605047774,45346.605343651,,2,GPU-5443d59d-561f-ed1e-da42-1975937205f9,ok,100,21,1515,348.997,76,1440,9501,5517,7714
584,45347.605047774,45347.605372699,,2,GPU-5443d59d-561f-ed1e-da42-1975937205f9,ok,100,21,1515,349.211,76,1455,9501,3076,14404
585,45348.605047774,45348.605318387,,2,GPU-5443d59d-561f-ed1e-da42-1975937205f9,ok,100,21,1515,348.772,76,1440,9501,5810,7470
586,45349.605047774,45349.605346415,,2,GPU-5443d59d-561f-ed1e-da42-1975937205f9,ok,100,26,1515,349.15,76,1455,9501,3222,12792
587,45350.605047774,45350.605343573,,2,GPU-5443d59d-561f-ed1e-da42-1975937205f9,ok,100,22,1515,348.747,76,1440,9501,6054,9130
588,45351.605047774,45351.605347811,,2,GPU-5443d59d-561f-ed1e-da42-1975937205f9,ok,100,23,1515,349.503,76,1455,9501,3417,11914
589,45352.605047774,45352.605342619,,2,GPU-5443d59d-561f-ed1e-da42-1975937205f9,ok,100,20,1515,349.116,76,1425,9501,5175,8691
590,45353.605047774,45353.605346557,,2,GPU-5443d59d-561f-ed1e-da42-1975937205f9,ok,100,22,1515,349.138,76,1455,9501,3369,12646
591,45354.605047774,45354.605349486,,2,GPU-5443d59d-561f-ed1e-da42-1975937205f9,ok,100,20,1515,349.281,76,1425,9501,5224,8398
592,45355.605047774,45355.605344974,,2,GPU-5443d59d-561f-ed1e-da42-1975937205f9,ok,100,22,1515,349.685,76,1455,9501,3222,12646
593,45356.605047774,45356.605348732,,2,GPU-5443d59d-561f-ed1e-da42-1975937205f9,ok,100,21,1515,349.385,76,1425,9501,5517,8007
594,45357.605047774,45357.60532989,,2,GPU-5443d59d-561f-ed1e-da42-1975937205f9,ok,100,22,1515,349.325,76,1440,9501,3759,12207
595,45358.605047774,45358.605334758,,2,GPU-5443d59d-561f-ed1e-da42-1975937205f9,ok,100,20,1515,349.193,76,1425,9501,4980,8837
596,45359.605047774,45359.605330526,,2,GPU-5443d59d-561f-ed1e-da42-1975937205f9,ok,100,22,1515,349.211,76,1440,9501,3369,11914
597,45360.605047774,45360.605341414,,2,GPU-5443d59d-561f-ed1e-da42-1975937205f9,ok,100,20,1515,348.734,76,1425,9501,5273,8496
598,45361.605047774,45361.605329222,,2,GPU-5443d59d-561f-ed1e-da42-1975937205f9,ok,100,22,1515,349.041,76,1455,9501,3222,12695
599,45362.605047774,45362.60532956,,2,GPU-5443d59d-561f-ed1e-da42-1975937205f9,ok,100,21,1515,348.69,76,1425,9501,5615,8007
600,45363.605047774,45363.605326898,,2,GPU-5443d59d-561f-ed1e-da42-1975937205f9,ok,100,21,1515,348.913,76,1440,9501,3076,12988
601,45364.605047774,45364.605332546,,2,GPU-5443d59d-561f-ed1e-da42-1975937205f9,ok,100,21,1515,348.842,76,1425,9501,5615,8056
602,45365.605047774,45365.605327754,,2,GPU-5443d59d-561f-ed1e-da42-1975937205f9,ok,100,26,1515,349.115,76,1440,9501,3369,12988
603,45366.605047774,45366.605300772,,2,GPU-5443d59d-561f-ed1e-da42-1975937205f9,ok,100,20,1515,348.479,76,1425,9501,5175,9277
604,45367.605047774,45367.60532769,,2,GPU-5443d59d-561f-ed1e-da42-1975937205f9,ok,100,22,1515,348.268,75,1455,9501,3710,11376
605,45368.605047774,45368.605331188,,2,GPU-5443d59d-561f-ed1e-da42-1975937205f9,ok,100,24,1515,348.963,76,1440,9501,4687,12744
606,45369.605047774,45369.605343816,,2,GPU-5443d59d-561f-ed1e-da42-1975937205f9,ok,100,22,1515,348.505,76,1455,9501,4052,10253
607,45370.605047774,45370.605325554,,2,GPU-5443d59d-561f-ed1e-da42-1975937205f9,ok,100,21,1515,349.278,76,1440,9501,4541,12207
608,45371.605047774,45371.605328752,,2,GPU-5443d59d-561f-ed1e-da42-1975937205f9,ok,100,22,1515,349.359,76,1440,9501,5566,7861
609,45372.605047774,45372.60532745,,2,GPU-5443d59d-561f-ed1e-da42-1975937205f9,ok,100,23,1515,348.861,76,1440,9501,3906,13623
610,45373.605047774,45373.605327618,,2,GPU-5443d59d-561f-ed1e-da42-1975937205f9,ok,100,23,1515,348.517,76,1425,9501,5273,7324
611,45374.605047774,45374.605328256,,2,GPU-5443d59d-561f-ed1e-da42-1975937205f9,ok,100,21,1515,348.939,76,1425,9501,3515,14550
612,45375.605047774,45375.605328844,,2,GPU-5443d59d-561f-ed1e-da42-1975937205f9,ok,100,21,1515,348.723,76,1440,9501,5273,7568
613,45376.605047774,45376.605330132,,2,GPU-5443d59d-561f-ed1e-da42-1975937205f9,ok,100,22,1515,348.892,76,1425,9501,3564,13867
614,45377.605047774,45377.60532971,,2,GPU-5443d59d-561f-ed1e-da42-1975937205f9,ok,100,21,1515,349.093,76,1455,9501,4931,7812
615,45378.605047774,45378.605329028,,2,GPU-5443d59d-561f-ed1e-da42-1975937205f9,ok,100,22,1515,349.252,76,1425,9501,3613,12500
616,45379.605047774,45379.605336156,,2,GPU-5443d59d-561f-ed1e-da42-1975937205f9,ok,100,21,1515,348.887,76,1455,9501,6884,6835
617,45380.605047774,45380.605328184,,2,GPU-5443d59d-561f-ed1e-da42-1975937205f9,ok,100,23,1515,349.448,76,1440,9501,3076,14062
618,45381.605047774,45381.605353522,,2,GPU-5443d59d-561f-ed1e-da42-1975937205f9,ok,100,20,1515,349.376,76,1455,9501,5273,7421
619,45382.605047774,45382.60532943,,2,GPU-5443d59d-561f-ed1e-da42-1975937205f9,ok,100,22,1515,348.998,76,1440,9501,3125,14111
620,45383.605047774,45383.605327808,,2,GPU-5443d59d-561f-ed1e-da42-1975937205f9,ok,100,20,1515,349.189,76,1440,9501,5859,7226
621,45384.605047774,45384.605326676,,2,GPU-5443d59d-561f-ed1e-da42-1975937205f9,ok,100,21,1515,348.868,76,1440,9501,3515,18066
622,45385.605047774,45385.605346424,,2,GPU-5443d59d-561f-ed1e-da42-1975937205f9,ok,100,25,1515,349.055,76,1425,9501,5224,8837
623,45386.605047774,45386.605327692,,2,GPU-5443d59d-561f-ed1e-da42-1975937205f9,ok,100,21,1515,349.322,76,1440,9501,3417,16406
624,45387.605047774,45387.60533136,,2,GPU-5443d59d-561f-ed1e-da42-1975937205f9,ok,100,20,1515,348.99,76,1440,9501,5078,10009
625,45388.605047774,45388.605328268,,2,GPU-5443d59d-561f-ed1e-da42-1975937205f9,ok,100,20,1515,348.445,76,1455,9501,4052,10644
626,45389.605047774,45389.605275306,,2,GPU-5443d59d-561f-ed1e-da42-1975937205f9,ok,100,27,1515,349.238,76,1365,9501,4150,12060
627,45390.605047774,45390.605266654,,2,GPU-5443d59d-561f-ed1e-da42-1975937205f9,ok,100,20,1515,348.662,76,1440,9501,4638,13037
628,45391.605047774,45391.605274572,,2,GPU-5443d59d-561f-ed1e-da42-1975937205f9,ok,100,22,1515,348.891,76,1440,9501,3710,13525
629,45392.605047774,45392.60527378,,2,GPU-5443d59d-561f-ed1e-da42-1975937205f9,ok,100,20,1515,349.087,76,1440,9501,4980,7763
630,45393.605047774,45393.605273138,,2,GPU-5443d59d-561f-ed1e-da42-1975937205f9,ok,100,21,1515,348.798,76,1440,9501,3808,18652
631,45394.605047774,45394.605275126,,2,GPU-5443d59d-561f-ed1e-da42-1975937205f9,ok,100,26,1515,348.755,76,1440,9501,5517,7421
632,45395.605047774,45395.605278444,,2,GPU-5443d59d-561f-ed1e-da42-1975937205f9,ok,100,22,1515,348.654,76,1440,9501,3271,13916
633,45396.605047774,45396.605269282,,2,GPU-5443d59d-561f-ed1e-da42-1975937205f9,ok,100,21,1515,349.07,76,1440,9501,6689,7958
634,45397.605047774,45397.60527129,,2,GPU-5443d59d-561f-ed1e-da42-1975937205f9,ok,100,28,1515,348.764,76,1440,9501,3222,12646
635,45398.605047774,45398.605285259,,2,GPU-5443d59d-561f-ed1e-da42-1975937205f9,ok,100,20,1515,349.052,76,1440,9501,6005,9619
636,45399.605047774,45399.605285517,,2,GPU-5443d59d-561f-ed1e-da42-1975937205f9,ok,100,21,1515,349.024,76,1440,9501,3466,11669
637,45400.605047774,45400.605270195,,2,GPU-5443d59d-561f-ed1e-da42-1975937205f9,ok,100,21,1515,348.697,76,1440,9501,5371,9326
638,45401.605047774,45401.605269533,,2,GPU-5443d59d-561f-ed1e-da42-1975937205f9,ok,100,22,1515,349.361,76,1440,9501,3417,11328
639,45402.605047774,45402.605278581,,2,GPU-5443d59d-561f-ed1e-da42-1975937205f9,ok,100,20,1515,349.19,76,1440,9501,5908,10791
640,45403.605047774,45403.605286469,,2,GPU-5443d59d-561f-ed1e-da42-1975937205f9,ok,100,31,1515,348.754,76,1425,9501,4101,10156
641,45404.605047774,45404.605285737,,2,GPU-5443d59d-561f-ed1e-da42-1975937205f9,ok,100,21,1515,348.901,76,1440,9501,4150,11083
642,45405.605047774,45405.605275675,,2,GPU-5443d59d-561f-ed1e-da42-1975937205f9,ok,100,21,1515,349.108,76,1440,9501,5029,9179
643,45406.605047774,45406.605282773,,2,GPU-5443d59d-561f-ed1e-da42-1975937205f9,ok,100,22,1515,349.535,76,1425,9501,4345,12011
644,45407.605047774,45407.605269251,,2,GPU-5443d59d-561f-ed1e-da42-1975937205f9,ok,100,21,1515,348.863,76,1440,9501,4492,9814
645,45408.605047774,45408.605266949,,2,GPU-5443d59d-561f-ed1e-da42-1975937205f9,ok,100,22,1515,349.025,76,1440,9501,4199,12646
646,45409.605047774,45409.605259617,,2,GPU-5443d59d-561f-ed1e-da42-1975937205f9,ok,100,21,1515,348.641,76,1455,9501,5224,8593
647,45410.605047774,45410.605281315,,2,GPU-5443d59d-561f-ed1e-da42-1975937205f9,ok,100,28,1515,348.699,76,1455,9501,3369,14208
648,45411.605047774,45411.605296833,,2,GPU-5443d59d-561f-ed1e-da42-1975937205f9,ok,100,25,1515,349.048,76,1440,9501,5615,7568
649,45412.605047774,45412.605272891,,2,GPU-5443d59d-561f-ed1e-da42-1975937205f9,ok,100,21,1515,348.693,76,1455,9501,3173,14746
650,45413.605047774,45413.605272599,,2,GPU-5443d59d-561f-ed1e-da42-1975937205f9,ok,100,20,1515,349.363,76,1440,9501,5419,7617
651,45414.605047774,45414.605272287,,2,GPU-5443d59d-561f-ed1e-da42-1975937205f9,ok,100,21,1515,348.819,76,1440,9501,3417,14404
652,45415.605047774,45415.605277955,,2,GPU-5443d59d-561f-ed1e-da42-1975937205f9,ok,100,20,1515,349.183,76,1455,9501,5419,7568
653,45416.605047774,45416.605268593,,2,GPU-5443d59d-561f-ed1e-da42-1975937205f9,ok,100,22,1515,348.895,76,1440,9501,3320,14599
654,45417.605047774,45417.605267271,,2,GPU-5443d59d-561f-ed1e-da42-1975937205f9,ok,100,20,1515,349.363,76,1440,9501,5615,7470
655,45418.605047774,45418.605272609,,2,GPU-5443d59d-561f-ed1e-da42-1975937205f9,ok,100,21,1515,348.994,76,1440,9501,4199,19042
656,45419.605047774,45419.605280457,,2,GPU-5443d59d-561f-ed1e-da42-1975937205f9,ok,100,21,1515,349.459,76,1440,9501,5468,7666
657,45420.605047774,45420.605284795,,2,GPU-5443d59d-561f-ed1e-da42-1975937205f9,ok,100,29,1515,348.714,76,1440,9501,3466,11083
658,45421.605047774,45421.605249083,,2,GPU-5443d59d-561f-ed1e-da42-1975937205f9,ok,100,22,1515,349.424,76,1410,9501,4931,9228
659,45422.605047774,45422.605277611,,2,GPU-5443d59d-561f-ed1e-da42-1975937205f9,ok,100,30,1515,348.885,76,1425,9501,3613,11425
660,45423.605047774,45423.605266949,,2,GPU-5443d59d-561f-ed1e-da42-1975937205f9,ok,100,22,1515,348.815,76,1425,9501,4833,9814
661,45424.605047774,45424.605281527,,2,GPU-5443d59d-561f-ed1e-da42-1975937205f9,ok,100,20,1515,348.957,76,1455,9501,3613,11914
662,45425.605047774,45425.605304425,,2,GPU-5443d59d-561f-ed1e-da42-1975937205f9,ok,100,22,1515,349.138,76,1425,9501,4882,9033
663,45426.605047774,45426.605301283,,2,GPU-5443d59d-561f-ed1e-da42-1975937205f9,ok,100,21,1515,349.072,76,1455,9501,3369,12646
664,45427.605047774,45427.605297221,,2,GPU-5443d59d-561f-ed1e-da42-1975937205f9,ok,100,24,1515,348.728,76,1455,9501,5859,11230
665,45428.605047774,45428.605296389,,2,GPU-5443d59d-561f-ed1e-da42-1975937205f9,ok,100,21,1515,348.669,76,1455,9501,4150,10742
666,45429.605047774,45429.605297167,,2,GPU-5443d59d-561f-ed1e-da42-1975937205f9,ok,100,22,1515,349.279,76,1455,9501,4394,11181
667,45430.605047774,45430.605303555,,2,GPU-5443d59d-561f-ed1e-da42-1975937205f9,ok,100,20,1515,349.362,76,1455,9501,4052,10937
668,45431.605047774,45431.605294583,,2,GPU-5443d59d-561f-ed1e-da42-1975937205f9,ok,100,22,1515,349.513,76,1440,9501,4150,11376
669,45432.605047774,45432.605314741,,2,GPU-5443d59d-561f-ed1e-da42-1975937205f9,ok,100,21,1515,349.333,76,1440,9501,3955,10156
670,45433.605047774,45433.605293129,,2,GPU-5443d59d-561f-ed1e-da42-1975937205f9,ok,100,22,1515,349.279,76,1440,9501,4003,11767
671,45434.605047774,45434.605293607,,2,GPU-5443d59d-561f-ed1e-da42-1975937205f9,ok,100,20,1515,349.107,76,1455,9501,5468,7763
672,45435.605047774,45435.605296045,,2,GPU-5443d59d-561f-ed1e-da42-1975937205f9,ok,100,22,1515,349.106,76,1425,9501,3125,14208
673,45436.605047774,45436.605294253,,2,GPU-5443d59d-561f-ed1e-da42-1975937205f9,ok,100,22,1515,349.732,76,1440,9501,5175,7568
674,45437.605047774,45437.605293681,,2,GPU-5443d59d-561f-ed1e-da42-1975937205f9,ok,100,20,1515,348.805,76,1440,9501,2929,13476
675,45438.605047774,45438.605310949,,2,GPU-5443d59d-561f-ed1e-da42-1975937205f9,ok,100,22,1515,349.406,76,1440,9501,5322,7910
676,45439.605047774,45439.605303107,,2,GPU-5443d59d-561f-ed1e-da42-1975937205f9,ok,100,21,1515,348.99,76,1440,9501,3320,12451
677,45440.605047774,45440.605291705,,2,GPU-5443d59d-561f-ed1e-da42-1975937205f9,ok,100,21,1515,349.496,76,1440,9501,5566,8935
678,45441.605047774,45441.605296494,,2,GPU-5443d59d-561f-ed1e-da42-1975937205f9,ok,100,20,1515,349.16,76,1455,9501,3564,11279
679,45442.605047774,45442.605296442,,2,GPU-5443d59d-561f-ed1e-da42-1975937205f9,ok,100,22,1515,349.075,76,1440,9501,4980,9765
680,45443.605047774,45443.60529009,,2,GPU-5443d59d-561f-ed1e-da42-1975937205f9,ok,100,20,1515,349.171,76,1440,9501,3515,11621
681,45444.605047774,45444.605296488,,2,GPU-5443d59d-561f-ed1e-da42-1975937205f9,ok,100,22,1515,349.251,76,1440,9501,4833,9765
682,45445.605047774,45445.605287086,,2,GPU-5443d59d-561f-ed1e-da42-1975937205f9,ok,100,20,1515,349.189,76,1440,9501,3515,11376
683,45446.605047774,45446.605293894,,2,GPU-5443d59d-561f-ed1e-da42-1975937205f9,ok,100,26,1515,348.564,76,1440,9501,4638,7519
684,45447.605047774,45447.605295292,,2,GPU-5443d59d-561f-ed1e-da42-1975937205f9,ok,100,20,1515,349.07,76,1440,9501,4248,9667
685,45448.605047774,45448.60529179,,2,GPU-5443d59d-561f-ed1e-da42-1975937205f9,ok,100,21,1515,348.947,76,1425,9501,3613,12597
686,45449.605047774,45449.605310288,,2,GPU-5443d59d-561f-ed1e-da42-1975937205f9,ok,100,20,1515,348.916,76,1440,9501,4589,8642
687,45450.605047774,45450.605258176,,2,GPU-5443d59d-561f-ed1e-da42-1975937205f9,ok,100,20,1515,348.75,76,1425,9501,4150,12548
688,45451.605047774,45451.605293954,,2,GPU-5443d59d-561f-ed1e-da42-1975937205f9,ok,100,21,1515,349.318,76,1440,9501,5566,7714
689,45452.605047774,45452.605293922,,2,GPU-5443d59d-561f-ed1e-da42-1975937205f9,ok,100,20,1515,348.742,76,1425,9501,3613,13574
690,45453.605047774,45453.60529799,,2,GPU-5443d59d-561f-ed1e-da42-1975937205f9,ok,100,23,1515,348.382,76,1455,9501,4882,292
691,45454.605047774,45454.605286178,,2,GPU-5443d59d-561f-ed1e-da42-1975937205f9,ok,100,20,1515,348.368,76,1440,9501,3466,14794
692,45455.605047774,45455.605294876,,2,GPU-5443d59d-561f-ed1e-da42-1975937205f9,ok,100,25,1515,349.19,76,1410,9501,7177,10107
693,45456.605047774,45456.605295054,,2,GPU-5443d59d-561f-ed1e-da42-1975937205f9,ok,100,22,1515,348.657,76,1425,9501,3173,14501
694,45457.605047774,45457.605296522,,2,GPU-5443d59d-561f-ed1e-da42-1975937205f9,ok,100,23,1515,348.642,76,1425,9501,5371,8886
695,45458.605047774,45458.60527971,,2,GPU-5443d59d-561f-ed1e-da42-1975937205f9,ok,100,22,1515,348.782,76,1410,9501,3564,12158
696,45459.605047774,45459.605280628,,2,GPU-5443d59d-561f-ed1e-da42-1975937205f9,ok,100,20,1515,348.534,76,1440,9501,5078,9423
697,45460.605047774,45460.605295856,,2,GPU-5443d59d-561f-ed1e-da42-1975937205f9,ok,100,26,1515,348.571,76,1455,9501,2294,292
698,45461.605047774,45461.605281504,,2,GPU-5443d59d-561f-ed1e-da42-1975937205f9,ok,100,22,1515,348.486,76,1440,9501,4980,10595
699,45462.605047774,45462.605254882,,2,GPU-5443d59d-561f-ed1e-da42-1975937205f9,ok,100,20,1515,349.167,76,1455,9501,3662,10742
700,45463.605047774,45463.60528205,,2,GPU-5443d59d-561f-ed1e-da42-1975937205f9,ok,100,21,1515,348.854,76,1440,9501,4394,10009
701,45464.605047774,45464.605280898,,2,GPU-5443d59d-561f-ed1e-da42-1975937205f9,ok,100,22,1515,349.467,76,1455,9501,4296,9472
702,45465.605047774,45465.605278476,,2,GPU-5443d59d-561f-ed1e-da42-1975937205f9,ok,100,20,1515,349.022,76,1440,9501,3759,13183
703,45466.605047774,45466.605282194,,2,GPU-5443d59d-561f-ed1e-da42-1975937205f9,ok,100,22,1515,349.815,76,1440,9501,4687,8544
704,45467.605047774,45467.605277602,,2,GPU-5443d59d-561f-ed1e-da42-1975937205f9,ok,100,21,1515,349.039,76,1425,9501,537,2246
705,45468.605047774,45468.60527957,,2,GPU-5443d59d-561f-ed1e-da42-1975937205f9,ok,100,28,1515,349.356,76,1410,9501,5078,8447
706,45469.605047774,45469.605275458,,2,GPU-5443d59d-561f-ed1e-da42-1975937205f9,ok,100,20,1515,348.762,76,1455,9501,3271,14257
707,45470.605047774,45470.605285836,,2,GPU-5443d59d-561f-ed1e-da42-1975937205f9,ok,100,22,1515,348.699,76,1440,9501,5615,7910
708,45471.605047774,45471.605290554,,2,GPU-5443d59d-561f-ed1e-da42-1975937205f9,ok,100,20,1515,349.065,76,1440,9501,3173,14843
709,45472.605047774,45472.605296452,,2,GPU-5443d59d-561f-ed1e-da42-1975937205f9,ok,100,21,1515,349.235,76,1440,9501,5566,7470
710,45473.605047774,45473.60528219,,2,GPU-5443d59d-561f-ed1e-da42-1975937205f9,ok,100,21,1515,349.338,76,1455,9501,3076,13623
711,45474.605047774,45474.605253298,,2,GPU-5443d59d-561f-ed1e-da42-1975937205f9,ok,100,22,1515,349.352,76,1440,9501,488,7470
712,45475.605047774,45475.605289646,,2,GPU-5443d59d-561f-ed1e-da42-1975937205f9,ok,100,21,1515,349.256,76,1440,9501,3222,12597
713,45476.605047774,45476.605286374,,2,GPU-5443d59d-561f-ed1e-da42-1975937205f9,ok,100,22,1515,348.897,76,1440,9501,5517,8740
714,45477.605047774,45477.605291872,,2,GPU-5443d59d-561f-ed1e-da42-1975937205f9,ok,100,21,1515,349.132,76,1455,9501,2978,13476
715,45478.605047774,45478.60529158,,2,GPU-5443d59d-561f-ed1e-da42-1975937205f9,ok,100,22,1515,349.062,76,1440,9501,5566,8007
716,45479.605047774,45479.605283768,,2,GPU-5443d59d-561f-ed1e-da42-1975937205f9,ok,100,20,1515,349.366,76,1455,9501,2978,13232
717,45480.605047774,45480.605268916,,2,GPU-5443d59d-561f-ed1e-da42-1975937205f9,ok,100,21,1515,349.276,76,1455,9501,5419,7812
718,45481.605047774,45481.605282154,,2,GPU-5443d59d-561f-ed1e-da42-1975937205f9,ok,100,21,1515,349.372,76,1440,9501,3125,13671
719,45482.605047774,45482.605277172,,2,GPU-5443d59d-561f-ed1e-da42-1975937205f9,ok,100,21,1515,348.949,76,1455,9501,6250,7275
720,45483.605047774,45483.6052746,,2,GPU-5443d59d-561f-ed1e-da42-1975937205f9,ok,100,20,1515,349.105,76,1425,9501,3564,13671
721,45484.605047774,45484.605273548,,2,GPU-5443d59d-561f-ed1e-da42-1975937205f9,ok,100,21,1515,348.944,76,1455,9501,5468,8251
722,45485.605047774,45485.605267137,,2,GPU-5443d59d-561f-ed1e-da42-1975937205f9,ok,100,21,1515,349.481,76,1425,9501,3173,12304
723,45486.605047774,45486.605267105,,2,GPU-5443d59d-561f-ed1e-da42-1975937205f9,ok,100,22,1515,349.073,76,1440,9501,5712,8300
724,45487.605047774,45487.605246343,,2,GPU-5443d59d-561f-ed1e-da42-1975937205f9,ok,100,22,1515,349.124,76,1440,9501,3515,11962
725,45488.605047774,45488.605272941,,2,GPU-5443d59d-561f-ed1e-da42-1975937205f9,ok,100,22,1515,349.652,76,1455,9501,4492,9521
726,45489.605047774,45489.605276499,,2,GPU-5443d59d-561f-ed1e-da42-1975937205f9,ok,100,22,1515,349.886,76,1440,9501,4052,10693
727,45490.605047774,45490.605274607,,2,GPU-5443d59d-561f-ed1e-da42-1975937205f9,ok,100,20,1515,349.434,76,1440,9501,4492,10644
728,45491.605047774,45491.605295055,,2,GPU-5443d59d-561f-ed1e-da42-1975937205f9,ok,100,22,1515,349.446,76,1440,9501,3955,10839
729,45492.605047774,45492.605274133,,2,GPU-5443d59d-561f-ed1e-da42-1975937205f9,ok,100,20,1515,349.011,76,1455,9501,4687,10351
730,45493.605047774,45493.605279051,,2,GPU-5443d59d-561f-ed1e-da42-1975937205f9,ok,100,22,1515,349.115,76,1440,9501,3857,11279
731,45494.605047774,45494.605280309,,2,GPU-5443d59d-561f-ed1e-da42-1975937205f9,ok,100,21,1515,349.159,76,1440,9501,4150,11669
732,45495.605047774,45495.605281087,,2,GPU-5443d59d-561f-ed1e-da42-1975937205f9,ok,100,23,1515,349.116,76,1440,9501,4589,9033
733,45496.605047774,45496.605278095,,2,GPU-5443d59d-561f-ed1e-da42-1975937205f9,ok,100,20,1515,349.413,76,1440,9501,4052,12304
734,45497.605047774,45497.605274493,,2,GPU-5443d59d-561f-ed1e-da42-1975937205f9,ok,100,25,1515,348.505,76,1455,9501,4931,8447
735,45498.605047774,45498.605260691,,2,GPU-5443d59d-561f-ed1e-da42-1975937205f9,ok,100,22,1515,348.998,76,1425,9501,3808,13525
736,45499.605047774,45499.605252849,,2,GPU-5443d59d-561f-ed1e-da42-1975937205f9,ok,100,22,1515,348.553,76,1455,9501,5126,8203
737,45500.605047774,45500.605313787,,2,GPU-5443d59d-561f-ed1e-da42-1975937205f9,ok,100,20,1515,349.083,76,1440,9501,3857,12548
738,45501.605047774,45501.605291615,,2,GPU-5443d59d-561f-ed1e-da42-1975937205f9,ok,100,21,1515,348.834,76,1455,9501,5615,10058
739,45502.605047774,45502.605293073,,2,GPU-5443d59d-561f-ed1e-da42-1975937205f9,ok,100,20,1515,348.971,76,1440,9501,3710,13720
740,45503.605047774,45503.605291611,,2,GPU-5443d59d-561f-ed1e-da42-1975937205f9,ok,100,22,1515,349.051,76,1455,9501,5273,7421
741,45504.605047774,45504.605297379,,2,GPU-5443d59d-561f-ed1e-da42-1975937205f9,ok,100,21,1515,349.099,76,1425,9501,3173,13769
742,45505.605047774,45505.605297837,,2,GPU-5443d59d-561f-ed1e-da42-1975937205f9,ok,100,21,1515,348.852,76,1455,9501,5371,7666
743,45506.605047774,45506.605293925,,2,GPU-5443d59d-561f-ed1e-da42-1975937205f9,ok,100,25,1515,348.576,76,1455,9501,3320,13720
744,45507.605047774,45507.605293073,,2,GPU-5443d59d-561f-ed1e-da42-1975937205f9,ok,100,23,1515,348.433,76,1440,9501,5078,9619
745,45508.605047774,45508.605297301,,2,GPU-5443d59d-561f-ed1e-da42-1975937205f9,ok,100,21,1515,349.094,76,1440,9501,3613,12597
746,45509.605047774,45509.605292249,,2,GPU-5443d59d-561f-ed1e-da42-1975937205f9,ok,100,20,1515,349.121,76,1440,9501,5029,9326
747,45510.605047774,45510.605296397,,2,GPU-5443d59d-561f-ed1e-da42-1975937205f9,ok,100,26,1515,348.499,76,1455,9501,4248,10644
748,45511.605047774,45511.605299735,,2,GPU-5443d59d-561f-ed1e-da42-1975937205f9,ok,100,23,1515,348.967,76,1380,9501,4345,16894
749,45512.605047774,45512.605327303,,2,GPU-5443d59d-561f-ed1e-da42-1975937205f9,ok,100,21,1515,348.465,76,1455,9501,5517,7128
750,45513.605047774,45513.605348481,,2,GPU-5443d59d-561f-ed1e-da42-1975937205f9,ok,100,22,1515,349.287,76,1440,9501,3125,14550
751,45514.605047774,45514.605320159,,2,GPU-5443d59d-561f-ed1e-da42-1975937205f9,ok,100,21,1515,349.032,76,1455,9501,5712,7470
752,45515.605047774,45515.605328057,,2,GPU-5443d59d-561f-ed1e-da42-1975937205f9,ok,100,25,1515,348.57,76,1455,9501,3515,18164
753,45516.605047774,45516.605331445,,2,GPU-5443d59d-561f-ed1e-da42-1975937205f9,ok,100,20,1515,348.607,76,1455,9501,5224,8300
754,45517.605047774,45517.605333863,,2,GPU-5443d59d-561f-ed1e-da42-1975937205f9,ok,100,29,1515,348.604,76,1455,9501,3466,12353
755,45518.605047774,45518.605332101,,2,GPU-5443d59d-561f-ed1e-da42-1975937205f9,ok,100,23,1515,348.631,76,1410,9501,4736,10205
756,45519.605047774,45519.605340189,,2,GPU-5443d59d-561f-ed1e-da42-1975937205f9,ok,100,22,1515,349.024,76,1440,9501,3662,11572
757,45520.605047774,45520.605325267,,2,GPU-5443d59d-561f-ed1e-da42-1975937205f9,ok,100,20,1515,348.925,76,1440,9501,4785,10595
758,45521.605047774,45521.605327765,,2,GPU-5443d59d-561f-ed1e-da42-1975937205f9,ok,100,22,1515,348.837,76,1440,9501,3955,10351
759,45522.605047774,45522.605330933,,2,GPU-5443d59d-561f-ed1e-da42-1975937205f9,ok,100,21,1515,349.277,76,1440,9501,4736,10156
760,45523.605047774,45523.605338381,,2,GPU-5443d59d-561f-ed1e-da42-1975937205f9,ok,100,22,1515,349.259,76,1440,9501,3759,11425
761,45524.605047774,45524.605325559,,2,GPU-5443d59d-561f-ed1e-da42-1975937205f9,ok,100,20,1515,349.127,76,1440,9501,5078,9765
762,45525.605047774,45525.605329847,,2,GPU-5443d59d-561f-ed1e-da42-1975937205f9,ok,100,22,1515,349.16,76,1440,9501,3466,11328
763,45526.605047774,45526.605328415,,2,GPU-5443d59d-561f-ed1e-da42-1975937205f9,ok,100,21,1515,349.316,76,1440,9501,4541,10839
764,45527.605047774,45527.605326514,,2,GPU-5443d59d-561f-ed1e-da42-1975937205f9,ok,100,21,1515,348.831,76,1440,9501,4492,9619
765,45528.605047774,45528.605329402,,2,GPU-5443d59d-561f-ed1e-da42-1975937205f9,ok,100,21,1515,349.409,76,1425,9501,3710,12158
766,45529.605047774,45529.60533016,,2,GPU-5443d59d-561f-ed1e-da42-1975937205f9,ok,100,21,1515,349.301,76,1425,9501,4541,8886
767,45530.605047774,45530.605335818,,2,GPU-5443d59d-561f-ed1e-da42-1975937205f9,ok,100,21,1515,349.146,76,1440,9501,3271,13769
768,45531.605047774,45531.605329886,,2,GPU-5443d59d-561f-ed1e-da42-1975937205f9,ok,100,21,1515,349.12,76,1440,9501,4931,7763
769,45532.605047774,45532.605335804,,2,GPU-5443d59d-561f-ed1e-da42-1975937205f9,ok,100,22,1515,348.959,76,1440,9501,4833,19384
770,45533.605047774,45533.605328942,,2,GPU-5443d59d-561f-ed1e-da42-1975937205f9,ok,100,21,1515,349.411,76,1440,9501,5078,6982
771,45534.605047774,45534.60532496,,2,GPU-5443d59d-561f-ed1e-da42-1975937205f9,ok,100,28,1515,348.468,76,1440,9501,2978,13671
772,45535.605047774,45535.605325968,,2,GPU-5443d59d-561f-ed1e-da42-1975937205f9,ok,100,19,1515,348.462,76,1440,9501,5615,7812
773,45536.605047774,45536.605331696,,2,GPU-5443d59d-561f-ed1e-da42-1975937205f9,ok,100,21,1515,348.903,76,1440,9501,3027,14257
774,45537.605047774,45537.605331084,,2,GPU-5443d59d-561f-ed1e-da42-1975937205f9,ok,100,20,1515,348.939,76,1440,9501,5468,7421
775,45538.605047774,45538.605331662,,2,GPU-5443d59d-561f-ed1e-da42-1975937205f9,ok,100,21,1515,348.753,76,1440,9501,3076,14257
776,45539.605047774,45539.60532784,,2,GPU-5443d59d-561f-ed1e-da42-1975937205f9,ok,100,20,1515,348.951,76,1440,9501,6835,7861
777,45540.605047774,45540.605336908,,2,GPU-5443d59d-561f-ed1e-da42-1975937205f9,ok,100,22,1515,349.097,76,1440,9501,3125,13867
778,45541.605047774,45541.605337816,,2,GPU-5443d59d-561f-ed1e-da42-1975937205f9,ok,100,20,1515,348.948,76,1440,9501,5371,7421
779,45542.605047774,45542.605326594,,2,GPU-5443d59d-561f-ed1e-da42-1975937205f9,ok,100,21,1515,348.777,76,1440,9501,3173,13867
780,45543.605047774,45543.605330662,,2,GPU-5443d59d-561f-ed1e-da42-1975937205f9,ok,100,20,1515,348.947,76,1440,9501,5468,7226
781,45544.605047774,45544.60532797,,2,GPU-5443d59d-561f-ed1e-da42-1975937205f9,ok,100,27,1515,349.26,76,1440,9501,3076,14111
782,45545.605047774,45545.605328198,,2,GPU-5443d59d-561f-ed1e-da42-1975937205f9,ok,100,19,1515,348.739,76,1455,9501,5468,7373
783,45546.605047774,45546.605326566,,2,GPU-5443d59d-561f-ed1e-da42-1975937205f9,ok,100,21,1515,348.533,76,1440,9501,3417,14501
784,45547.605047774,45547.605328074,,2,GPU-5443d59d-561f-ed1e-da42-1975937205f9,ok,100,20,1515,348.8,76,1455,9501,4980,7812
785,45548.605047774,45548.605329182,,2,GPU-5443d59d-561f-ed1e-da42-1975937205f9,ok,100,27,1515,349.333,76,1440,9501,3515,14404
786,45549.605047774,45549.60532806,,2,GPU-5443d59d-561f-ed1e-da42-1975937205f9,ok,100,20,1515,348.595,76,1455,9501,5664,7519
787,45550.605047774,45550.605327748,,2,GPU-5443d59d-561f-ed1e-da42-1975937205f9,ok,100,22,1515,348.693,76,1440,9501,3320,14013
788,45551.605047774,45551.605335386,,2,GPU-5443d59d-561f-ed1e-da42-1975937205f9,ok,100,20,1515,348.875,76,1440,9501,5517,7324
789,45552.605047774,45552.605330714,,2,GPU-5443d59d-561f-ed1e-da42-1975937205f9,ok,100,21,1515,349.026,76,1440,9501,3222,13427
790,45553.605047774,45553.605347152,,2,GPU-5443d59d-561f-ed1e-da42-1975937205f9,ok,100,21,1515,348.96,76,1455,9501,5615,7226
791,45554.605047774,45554.60532929,,2,GPU-5443d59d-561f-ed1e-da42-1975937205f9,ok,100,22,1515,349.062,76,1425,9501,3076,13525
792,45555.605047774,45555.605331178,,2,GPU-5443d59d-561f-ed1e-da42-1975937205f9,ok,100,20,1515,349.291,76,1440,9501,5566,7421
793,45556.605047774,45556.605327526,,2,GPU-5443d59d-561f-ed1e-da42-1975937205f9,ok,100,21,1515,349.278,76,1440,9501,3320,14257
794,45557.605047774,45557.605337024,,2,GPU-5443d59d-561f-ed1e-da42-1975937205f9,ok,100,20,1515,349.185,76,1440,9501,5078,7617
795,45558.605047774,45558.605326952,,2,GPU-5443d59d-561f-ed1e-da42-1975937205f9,ok,100,21,1515,348.704,76,1440,9501,3564,13281
796,45559.605047774,45559.60533152,,2,GPU-5443d59d-561f-ed1e-da42-1975937205f9,ok,100,21,1515,349.125,76,1440,9501,4980,7910
797,45560.605047774,45560.605329618,,2,GPU-5443d59d-561f-ed1e-da42-1975937205f9,ok,100,22,1515,348.954,76,1425,9501,3173,13769
798,45561.605047774,45561.605328786,,2,GPU-5443d59d-561f-ed1e-da42-1975937205f9,ok,100,26,1515,349.229,76,1455,9501,5517,7275
799,45562.605047774,45562.605329184,,2,GPU-5443d59d-561f-ed1e-da42-1975937205f9,ok,100,22,1515,348.529,76,1425,9501,3222,13671
800,45563.605047774,45563.605294872,,2,GPU-5443d59d-561f-ed1e-da42-1975937205f9,ok,100,21,1515,349.383,76,1455,9501,5273,7568
801,45564.605047774,45564.60528341,,2,GPU-5443d59d-561f-ed1e-da42-1975937205f9,ok,100,21,1515,349.243,76,1440,9501,3515,13916
802,45565.605047774,45565.605284818,,2,GPU-5443d59d-561f-ed1e-da42-1975937205f9,ok,100,21,1515,348.881,76,1455,9501,5029,7617
803,45566.605047774,45566.605285396,,2,GPU-5443d59d-561f-ed1e-da42-1975937205f9,ok,100,22,1515,349.231,76,1425,9501,3369,14794
804,45567.605047774,45567.605285374,,2,GPU-5443d59d-561f-ed1e-da42-1975937205f9,ok,100,20,1515,349.176,76,1455,9501,5761,7080
805,45568.605047774,45568.605280562,,2,GPU-5443d59d-561f-ed1e-da42-1975937205f9,ok,100,21,1515,349.138,76,1410,9501,3222,14648
806,45569.605047774,45569.60530013,,2,GPU-5443d59d-561f-ed1e-da42-1975937205f9,ok,100,20,1515,349.05,76,1455,9501,5419,7226
807,45570.605047774,45570.605318749,,2,GPU-5443d59d-561f-ed1e-da42-1975937205f9,ok,100,23,1515,348.565,76,1425,9501,3271,13037
808,45571.605047774,45571.605285367,,2,GPU-5443d59d-561f-ed1e-da42-1975937205f9,ok,100,22,1515,349.279,76,1455,9501,4882,9423
809,45572.605047774,45572.605299405,,2,GPU-5443d59d-561f-ed1e-da42-1975937205f9,ok,100,30,1515,348.568,76,1440,9501,3515,12353
810,45573.605047774,45573.605309103,,2,GPU-5443d59d-561f-ed1e-da42-1975937205f9,ok,100,22,1515,349.092,76,1440,9501,4833,9667
811,45574.605047774,45574.605294471,,2,GPU-5443d59d-561f-ed1e-da42-1975937205f9,ok,100,21,1515,348.673,76,1440,9501,3662,11865
812,45575.605047774,45575.605301249,,2,GPU-5443d59d-561f-ed1e-da42-1975937205f9,ok,100,21,1515,349.275,76,1440,9501,4687,10888
813,45576.605047774,45576.605286597,,2,GPU-5443d59d-561f-ed1e-da42-1975937205f9,ok,100,21,1515,348.848,76,1455,9501,4248,10156
814,45577.605047774,45577.605285665,,2,GPU-5443d59d-561f-ed1e-da42-1975937205f9,ok,100,22,1515,349.484,76,1410,9501,4052,11962
815,45578.605047774,45578.605283003,,2,GPU-5443d59d-561f-ed1e-da42-1975937205f9,ok,100,22,1515,349.349,76,1455,9501,4589,9423
816,45579.605047774,45579.605286601,,2,GPU-5443d59d-561f-ed1e-da42-1975937205f9,ok,100,22,1515,349.312,76,1440,9501,3906,12353
817,45580.605047774,45580.605279669,,2,GPU-5443d59d-561f-ed1e-da42-1975937205f9,ok,100,20,1515,349.445,76,1440,9501,4882,7714
818,45581.605047774,45581.605286097,,2,GPU-5443d59d-561f-ed1e-da42-1975937205f9,ok,100,28,1515,348.447,76,1365,9501,3466,14013
819,45582.605047774,45582.605292715,,2,GPU-5443d59d-561f-ed1e-da42-1975937205f9,ok,100,19,1515,348.559,76,1440,9501,5078,7421
820,45583.605047774,45583.605296563,,2,GPU-5443d59d-561f-ed1e-da42-1975937205f9,ok,100,22,1515,348.484,76,1440,9501,3027,13623
821,45584.605047774,45584.605290381,,2,GPU-5443d59d-561f-ed1e-da42-1975937205f9,ok,100,21,1515,348.556,76,1455,9501,5468,7910
822,45585.605047774,45585.605270729,,2,GPU-5443d59d-561f-ed1e-da42-1975937205f9,ok,100,22,1515,349.348,76,1440,9501,3027,14453
823,45586.605047774,45586.605274147,,2,GPU-5443d59d-561f-ed1e-da42-1975937205f9,ok,100,20,1515,349.224,76,1455,9501,5761,7714
824,45587.605047774,45587.605273685,,2,GPU-5443d59d-561f-ed1e-da42-1975937205f9,ok,100,22,1515,348.824,76,1440,9501,3027,14160
825,45588.605047774,45588.605275883,,2,GPU-5443d59d-561f-ed1e-da42-1975937205f9,ok,100,20,1515,349.013,76,1455,9501,5371,2636
826,45589.605047774,45589.605267391,,2,GPU-5443d59d-561f-ed1e-da42-1975937205f9,ok,100,21,1515,348.907,76,1440,9501,3125,14208
827,45590.605047774,45590.605272949,,2,GPU-5443d59d-561f-ed1e-da42-1975937205f9,ok,100,21,1515,349.482,76,1455,9501,5468,8203
828,45591.605047774,45591.605284687,,2,GPU-5443d59d-561f-ed1e-da42-1975937205f9,ok,100,21,1515,349.246,76,1440,9501,3125,13964
829,45592.605047774,45592.605280955,,2,GPU-5443d59d-561f-ed1e-da42-1975937205f9,ok,100,22,1515,349.562,76,1440,9501,5566,8447
830,45593.605047774,45593.605273383,,2,GPU-5443d59d-561f-ed1e-da42-1975937205f9,ok,100,22,1515,349.596,76,1440,9501,3125,13134
831,45594.605047774,45594.605283671,,2,GPU-5443d59d-561f-ed1e-da42-1975937205f9,ok,100,22,1515,349.194,76,1440,9501,5126,8593
832,45595.605047774,45595.605275599,,2,GPU-5443d59d-561f-ed1e-da42-1975937205f9,ok,100,20,1515,348.995,76,1440,9501,1171,292
833,45596.605047774,45596.605270737,,2,GPU-5443d59d-561f-ed1e-da42-1975937205f9,ok,100,21,1515,349.224,76,1455,9501,5175,8398
834,45597.605047774,45597.605278105,,2,GPU-5443d59d-561f-ed1e-da42-1975937205f9,ok,100,21,1515,348.629,76,1440,9501,3173,14599
835,45598.605047774,45598.605273453,,2,GPU-5443d59d-561f-ed1e-da42-1975937205f9,ok,100,24,1515,348.305,76,1440,9501,5078,9570
836,45599.605047774,45599.605276471,,2,GPU-5443d59d-561f-ed1e-da42-1975937205f9,ok,100,27,1515,348.194,76,1410,9501,4296,13134
837,45600.605047774,45600.605273879,,2,GPU-5443d59d-561f-ed1e-da42-1975937205f9,ok,100,22,1515,348.628,76,1455,9501,4296,11621
838,45601.605047774,45601.605278727,,2,GPU-5443d59d-561f-ed1e-da42-1975937205f9,ok,100,25,1515,349.085,76,1440,9501,4785,8886
839,45602.605047774,45602.605272305,,2,GPU-5443d59d-561f-ed1e-da42-1975937205f9,ok,100,27,1515,348.401,76,1440,9501,537,1953
840,45603.605047774,45603.605269513,,2,GPU-5443d59d-561f-ed1e-da42-1975937205f9,ok,100,20,1515,348.951,76,1455,9501,4833,8789
841,45604.605047774,45604.605287091,,2,GPU-5443d59d-561f-ed1e-da42-1975937205f9,ok,100,21,1515,348.851,76,1440,9501,3173,14550
842,45605.605047774,45605.605274489,,2,GPU-5443d59d-561f-ed1e-da42-1975937205f9,ok,100,22,1515,349.208,76,1440,9501,5761,7617
843,45606.605047774,45606.605280627,,2,GPU-5443d59d-561f-ed1e-da42-1975937205f9,ok,100,28,1515,349.138,76,1425,9501,3125,14501
844,45607.605047774,45607.605275125,,2,GPU-5443d59d-561f-ed1e-da42-1975937205f9,ok,100,21,1515,349.401,76,1455,9501,5468,7763
845,45608.605047774,45608.605281133,,2,GPU-5443d59d-561f-ed1e-da42-1975937205f9,ok,100,21,1515,349.006,76,1425,9501,3173,13720
846,45609.605047774,45609.605265391,,2,GPU-5443d59d-561f-ed1e-da42-1975937205f9,ok,100,22,1515,349.205,76,1455,9501,537,5419
847,45610.605047774,45610.605284359,,2,GPU-5443d59d-561f-ed1e-da42-1975937205f9,ok,100,20,1515,349.202,76,1440,9501,3710,11718
848,45611.605047774,45611.605270007,,2,GPU-5443d59d-561f-ed1e-da42-1975937205f9,ok,100,25,1515,348.942,76,1455,9501,4052,12646
849,45612.605047774,45612.605268825,,2,GPU-5443d59d-561f-ed1e-da42-1975937205f9,ok,100,20,1515,349.293,76,1440,9501,4394,10156
850,45613.605047774,45613.605268123,,2,GPU-5443d59d-561f-ed1e-da42-1975937205f9,ok,100,21,1515,348.838,76,1440,9501,4199,12597
851,45614.605047774,45614.605269832,,2,GPU-5443d59d-561f-ed1e-da42-1975937205f9,ok,100,20,1515,349.08,76,1440,9501,4492,10400
852,45615.605047774,45615.60527186,,2,GPU-5443d59d-561f-ed1e-da42-1975937205f9,ok,100,22,1515,348.691,76,1440,9501,4248,12060
853,45616.605047774,45616.605272508,,2,GPU-5443d59d-561f-ed1e-da42-1975937205f9,ok,100,20,1515,349.264,76,1455,9501,1464,10595
854,45617.605047774,45617.605265346,,2,GPU-5443d59d-561f-ed1e-da42-1975937205f9,ok,100,21,1515,348.864,76,1440,9501,4638,13085
855,45618.605047774,45618.605273274,,2,GPU-5443d59d-561f-ed1e-da42-1975937205f9,ok,100,20,1515,349.26,76,1455,9501,5126,8496
856,45619.605047774,45619.605267902,,2,GPU-5443d59d-561f-ed1e-da42-1975937205f9,ok,100,21,1515,348.879,76,1440,9501,3662,13769
857,45620.605047774,45620.60527121,,2,GPU-5443d59d-561f-ed1e-da42-1975937205f9,ok,100,22,1515,349.276,76,1455,9501,5664,7128
858,45621.605047774,45621.605274048,,2,GPU-5443d59d-561f-ed1e-da42-1975937205f9,ok,100,22,1515,348.957,76,1425,9501,2978,13037
859,45622.605047774,45622.605272616,,2,GPU-5443d59d-561f-ed1e-da42-1975937205f9,ok,100,22,1515,349.486,76,1455,9501,5273,8544
860,45623.605047774,45623.605295494,,2,GPU-5443d59d-561f-ed1e-da42-1975937205f9,ok,100,21,1515,349.278,76,1440,9501,2246,11816
861,45624.605047774,45624.605312622,,2,GPU-5443d59d-561f-ed1e-da42-1975937205f9,ok,100,22,1515,349.127,76,1455,9501,5273,9472
862,45625.605047774,45625.60528282,,2,GPU-5443d59d-561f-ed1e-da42-1975937205f9,ok,100,20,1515,349.414,76,1440,9501,4199,11279
863,45626.605047774,45626.605281678,,2,GPU-5443d59d-561f-ed1e-da42-1975937205f9,ok,100,27,1515,348.438,76,1440,9501,4443,11767
864,45627.605047774,45627.605281556,,2,GPU-5443d59d-561f-ed1e-da42-1975937205f9,ok,100,20,1515,348.819,76,1455,9501,5712,10449
865,45628.605047774,45628.605282644,,2,GPU-5443d59d-561f-ed1e-da42-1975937205f9,ok,100,21,1515,349.022,76,1440,9501,3955,12060
866,45629.605047774,45629.605280152,,2,GPU-5443d59d-561f-ed1e-da42-1975937205f9,ok,100,22,1515,349.468,76,1440,9501,4687,7958
867,45630.605047774,45630.6052804,,2,GPU-5443d59d-561f-ed1e-da42-1975937205f9,ok,100,20,1515,349.119,76,1440,9501,3515,13378
868,45631.605047774,45631.605278268,,2,GPU-5443d59d-561f-ed1e-da42-1975937205f9,ok,100,22,1515,349.329,76,1455,9501,4638,8349
869,45632.605047774,45632.605296486,,2,GPU-5443d59d-561f-ed1e-da42-1975937205f9,ok,100,20,1515,348.91,76,1425,9501,3271,14257
870,45633.605047774,45633.605279564,,2,GPU-5443d59d-561f-ed1e-da42-1975937205f9,ok,100,21,1515,348.881,76,1455,9501,5664,7812
871,45634.605047774,45634.605283252,,2,GPU-5443d59d-561f-ed1e-da42-1975937205f9,ok,100,21,1515,349.274,76,1440,9501,3320,13525
872,45635.605047774,45635.60528107,,2,GPU-5443d59d-561f-ed1e-da42-1975937205f9,ok,100,22,1515,348.812,76,1455,9501,5078,9130
873,45636.605047774,45636.605272348,,2,GPU-5443d59d-561f-ed1e-da42-1975937205f9,ok,100,21,1515,349.41,76,1455,9501,3417,12402
874,45637.605047774,45637.605272126,,2,GPU-5443d59d-561f-ed1e-da42-1975937205f9,ok,100,22,1515,349.423,76,1440,9501,5126,9570
875,45638.605047774,45638.605276404,,2,GPU-5443d59d-561f-ed1e-da42-1975937205f9,ok,100,24,1515,348.95,76,1440,9501,3906,10595
876,45639.605047774,45639.605272972,,2,GPU-5443d59d-561f-ed1e-da42-1975937205f9,ok,100,21,1515,348.666,76,1440,9501,4785,10888
877,45640.605047774,45640.60527098,,2,GPU-5443d59d-561f-ed1e-da42-1975937205f9,ok,100,20,1515,349.358,76,1455,9501,4248,10302
878,45641.605047774,45641.605278478,,2,GPU-5443d59d-561f-ed1e-da42-1975937205f9,ok,100,20,1515,348.967,76,1455,9501,4150,11572
879,45642.605047774,45642.605283586,,2,GPU-5443d59d-561f-ed1e-da42-1975937205f9,ok,100,22,1515,349.327,76,1440,9501,4003,9765
880,45643.605047774,45643.605272814,,2,GPU-5443d59d-561f-ed1e-da42-1975937205f9,ok,100,20,1515,348.941,76,1455,9501,4345,12158
881,45644.605047774,45644.605302752,,2,GPU-5443d59d-561f-ed1e-da42-1975937205f9,ok,100,21,1515,349.357,76,1425,9501,4492,9277
882,45645.605047774,45645.60527847,,2,GPU-5443d59d-561f-ed1e-da42-1975937205f9,ok,100,20,1515,349.207,76,1440,9501,3906,12597
883,45646.605047774,45646.605274388,,2,GPU-5443d59d-561f-ed1e-da42-1975937205f9,ok,100,22,1515,349.457,76,1425,9501,5810,8056
884,45647.605047774,45647.605275476,,2,GPU-5443d59d-561f-ed1e-da42-1975937205f9,ok,100,20,1515,348.956,76,1440,9501,3515,13085
885,45648.605047774,45648.605272314,,2,GPU-5443d59d-561f-ed1e-da42-1975937205f9,ok,100,21,1515,349.043,76,1440,9501,5126,7519
886,45649.605047774,45649.605272792,,2,GPU-5443d59d-561f-ed1e-da42-1975937205f9,ok,100,20,1515,349.143,76,1440,9501,3369,14941
887,45650.605047774,45650.60528192,,2,GPU-5443d59d-561f-ed1e-da42-1975937205f9,ok,100,22,1515,349.22,76,1440,9501,5615,8007
888,45651.605047774,45651.605277958,,2,GPU-5443d59d-561f-ed1e-da42-1975937205f9,ok,100,23,1515,349.181,76,1440,9501,3173,12841
889,45652.605047774,45652.605273946,,2,GPU-5443d59d-561f-ed1e-da42-1975937205f9,ok,100,20,1515,348.683,76,1440,9501,5371,8203
890,45653.605047774,45653.605272384,,2,GPU-5443d59d-561f-ed1e-da42-1975937205f9,ok,100,20,1515,349.022,76,1440,9501,2978,12792
891,45654.605047774,45654.605276322,,2,GPU-5443d59d-561f-ed1e-da42-1975937205f9,ok,100,21,1515,348.635,76,1440,9501,5126,8398
892,45655.605047774,45655.60527602,,2,GPU-5443d59d-561f-ed1e-da42-1975937205f9,ok,100,20,1515,349.133,76,1440,9501,3125,14111
893,45656.605047774,45656.605274348,,2,GPU-5443d59d-561f-ed1e-da42-1975937205f9,ok,100,20,1515,348.521,76,1455,9501,5224,9130
894,45657.605047774,45657.605276187,,2,GPU-5443d59d-561f-ed1e-da42-1975937205f9,ok,100,19,1515,349.059,76,1440,9501,3320,12207
895,45658.605047774,45658.605280055,,2,GPU-5443d59d-561f-ed1e-da42-1975937205f9,ok,100,22,1515,348.853,76,1440,9501,5273,8886
896,45659.605047774,45659.605272963,,2,GPU-5443d59d-561f-ed1e-da42-1975937205f9,ok,100,21,1515,348.964,76,1440,9501,3466,11279
897,45660.605047774,45660.605275531,,2,GPU-5443d59d-561f-ed1e-da42-1975937205f9,ok,100,21,1515,349.395,76,1455,9501,4882,10156
898,45661.605047774,45661.605281929,,2,GPU-5443d59d-561f-ed1e-da42-1975937205f9,ok,100,21,1515,349.246,76,1425,9501,3906,10595
899,45662.605047774,45662.605278437,,2,GPU-5443d59d-561f-ed1e-da42-1975937205f9,ok,100,21,1515,348.903,76,1455,9501,5029,10009
900,45663.605047774,45663.605287475,,2,GPU-5443d59d-561f-ed1e-da42-1975937205f9,ok,100,28,1515,349.673,76,1350,9501,4248,10205
901,45664.605047774,45664.605267073,,2,GPU-5443d59d-561f-ed1e-da42-1975937205f9,ok,100,20,1515,348.462,76,1440,9501,4003,11767
902,45665.605047774,45665.605286451,,2,GPU-5443d59d-561f-ed1e-da42-1975937205f9,ok,100,21,1515,348.687,76,1440,9501,4736,8886
903,45666.605047774,45666.605271439,,2,GPU-5443d59d-561f-ed1e-da42-1975937205f9,ok,100,20,1515,349.196,76,1440,9501,3906,13330
904,45667.605047774,45667.605277017,,2,GPU-5443d59d-561f-ed1e-da42-1975937205f9,ok,100,22,1515,349.09,76,1455,9501,5078,8203
905,45668.605047774,45668.605277975,,2,GPU-5443d59d-561f-ed1e-da42-1975937205f9,ok,100,20,1515,349.239,76,1440,9501,3271,14599
906,45669.605047774,45669.605274973,,2,GPU-5443d59d-561f-ed1e-da42-1975937205f9,ok,100,21,1515,348.897,76,1455,9501,7226,7568
907,45670.605047774,45670.605270271,,2,GPU-5443d59d-561f-ed1e-da42-1975937205f9,ok,100,23,1515,348.944,76,1440,9501,3320,12890
908,45671.605047774,45671.605272349,,2,GPU-5443d59d-561f-ed1e-da42-1975937205f9,ok,100,21,1515,348.235,76,1455,9501,5566,8740
909,45672.605047774,45672.605286057,,2,GPU-5443d59d-561f-ed1e-da42-1975937205f9,ok,100,22,1515,349.2,76,1425,9501,3125,12646
910,45673.605047774,45673.605279735,,2,GPU-5443d59d-561f-ed1e-da42-1975937205f9,ok,100,21,1515,349.261,76,1455,9501,5126,8886
911,45674.605047774,45674.605271733,,2,GPU-5443d59d-561f-ed1e-da42-1975937205f9,ok,100,22,1515,349.33,76,1425,9501,3613,11328
912,45675.605047774,45675.605277021,,2,GPU-5443d59d-561f-ed1e-da42-1975937205f9,ok,100,20,1515,348.98,76,1455,9501,4833,9667
913,45676.605047774,45676.605279059,,2,GPU-5443d59d-561f-ed1e-da42-1975937205f9,ok,100,25,1515,348.32,76,1440,9501,5029,13769
914,45677.605047774,45677.605278967,,2,GPU-5443d59d-561f-ed1e-da42-1975937205f9,ok,100,20,1515,348.868,76,1440,9501,4589,11669
915,45678.605047774,45678.605278715,,2,GPU-5443d59d-561f-ed1e-da42-1975937205f9,ok,100,21,1515,348.821,76,1440,9501,4052,10253
916,45679.605047774,45679.605283503,,2,GPU-5443d59d-561f-ed1e-da42-1975937205f9,ok,100,20,1515,348.971,76,1455,9501,4443,11181
917,45680.605047774,45680.605272171,,2,GPU-5443d59d-561f-ed1e-da42-1975937205f9,ok,100,22,1515,348.674,76,1440,9501,4589,9619
918,45681.605047774,45681.605280649,,2,GPU-5443d59d-561f-ed1e-da42-1975937205f9,ok,100,21,1515,349.606,76,1440,9501,4345,11572
919,45682.605047774,45682.605282277,,2,GPU-5443d59d-561f-ed1e-da42-1975937205f9,ok,100,21,1515,349.065,76,1440,9501,4492,10595
920,45683.605047774,45683.605286075,,2,GPU-5443d59d-561f-ed1e-da42-1975937205f9,ok,100,24,1515,348.952,76,1425,9501,3515,15087
921,45684.605047774,45684.605297923,,2,GPU-5443d59d-561f-ed1e-da42-1975937205f9,ok,100,21,1515,349.048,76,1440,9501,5859,7421
922,45685.605047774,45685.605284081,,2,GPU-5443d59d-561f-ed1e-da42-1975937205f9,ok,100,21,1515,349.155,76,1425,9501,3125,13476
923,45686.605047774,45686.605277299,,2,GPU-5443d59d-561f-ed1e-da42-1975937205f9,ok,100,20,1515,349.047,76,1440,9501,5419,8496
924,45687.605047774,45687.605281117,,2,GPU-5443d59d-561f-ed1e-da42-1975937205f9,ok,100,26,1515,348.837,76,1455,9501,3564,11376
925,45688.605047774,45688.605278685,,2,GPU-5443d59d-561f-ed1e-da42-1975937205f9,ok,100,29,1515,348.197,76,1440,9501,4833,10839
926,45689.605047774,45689.605284853,,2,GPU-5443d59d-561f-ed1e-da42-1975937205f9,ok,100,22,1515,348.753,76,1440,9501,4492,10253
927,45690.605047774,45690.605286381,,2,GPU-5443d59d-561f-ed1e-da42-1975937205f9,ok,100,20,1515,349.225,76,1455,9501,4199,12060
928,45691.605047774,45691.605299929,,2,GPU-5443d59d-561f-ed1e-da42-1975937205f9,ok,100,23,1515,348.95,76,1440,9501,5322,7861
929,45692.605047774,45692.605275597,,2,GPU-5443d59d-561f-ed1e-da42-1975937205f9,ok,100,23,1515,348.593,76,1440,9501,3222,13818
930,45693.605047774,45693.605285785,,2,GPU-5443d59d-561f-ed1e-da42-1975937205f9,ok,100,20,1515,348.342,76,1455,9501,5566,7470
931,45694.605047774,45694.605289573,,2,GPU-5443d59d-561f-ed1e-da42-1975937205f9,ok,100,26,1515,349.26,76,1425,9501,3173,14648
932,45695.605047774,45695.605286451,,2,GPU-5443d59d-561f-ed1e-da42-1975937205f9,ok,100,30,1515,348.737,76,1440,9501,5615,8789
933,45696.605047774,45696.605308249,,2,GPU-5443d59d-561f-ed1e-da42-1975937205f9,ok,100,21,1515,348.729,76,1440,9501,3369,12597
934,45697.605047774,45697.605297877,,2,GPU-5443d59d-561f-ed1e-da42-1975937205f9,ok,100,20,1515,348.971,76,1455,9501,5224,9082
935,45698.605047774,45698.605296255,,2,GPU-5443d59d-561f-ed1e-da42-1975937205f9,ok,100,23,1515,349.472,76,1425,9501,3808,10400
936,45699.605047774,45699.605299253,,2,GPU-5443d59d-561f-ed1e-da42-1975937205f9,ok,100,21,1515,349.368,76,1440,9501,4345,11376
937,45700.605047774,45700.605290202,,2,GPU-5443d59d-561f-ed1e-da42-1975937205f9,ok,100,21,1515,349.337,76,1425,9501,4833,9082
938,45701.605047774,45701.60528696,,2,GPU-5443d59d-561f-ed1e-da42-1975937205f9,ok,100,21,1515,349.505,76,1455,9501,4248,14501
939,45702.605047774,45702.605286028,,2,GPU-5443d59d-561f-ed1e-da42-1975937205f9,ok,100,21,1515,349.058,76,1425,9501,4687,8789
940,45703.605047774,45703.605312446,,2,GPU-5443d59d-561f-ed1e-da42-1975937205f9,ok,100,22,1515,349.271,76,1455,9501,3857,12548
941,45704.605047774,45704.605286474,,2,GPU-5443d59d-561f-ed1e-da42-1975937205f9,ok,100,21,1515,349.102,76,1425,9501,4833,8203
942,45705.605047774,45705.605291832,,2,GPU-5443d59d-561f-ed1e-da42-1975937205f9,ok,100,21,1515,349.229,76,1455,9501,3320,14062
943,45706.605047774,45706.60527922,,2,GPU-5443d59d-561f-ed1e-da42-1975937205f9,ok,100,21,1515,348.968,76,1440,9501,5468,7177
944,45707.605047774,45707.605286088,,2,GPU-5443d59d-561f-ed1e-da42-1975937205f9,ok,100,22,1515,349.216,76,1455,9501,3027,14208
945,45708.605047774,45708.605295276,,2,GPU-5443d59d-561f-ed1e-da42-1975937205f9,ok,100,20,1515,349.265,76,1440,9501,5371,8300
946,45709.605047774,45709.605289074,,2,GPU-5443d59d-561f-ed1e-da42-1975937205f9,ok,100,22,1515,348.881,76,1440,9501,3369,12402
947,45710.605047774,45710.605275002,,2,GPU-5443d59d-561f-ed1e-da42-1975937205f9,ok,100,20,1515,349.375,76,1440,9501,6298,10449
948,45711.605047774,45711.60527153,,2,GPU-5443d59d-561f-ed1e-da42-1975937205f9,ok,100,22,1515,348.975,76,1440,9501,3613,11718
949,45712.605047774,45712.605287628,,2,GPU-5443d59d-561f-ed1e-da42-1975937205f9,ok,100,19,1515,349.098,76,1440,9501,4931,10009
950,45713.605047774,45713.605276976,,2,GPU-5443d59d-561f-ed1e-da42-1975937205f9,ok,100,22,1515,348.809,76,1440,9501,3613,11621
951,45714.605047774,45714.605291324,,2,GPU-5443d59d-561f-ed1e-da42-1975937205f9,ok,100,20,1515,349.034,76,1440,9501,5224,10156
952,45715.605047774,45715.605276732,,2,GPU-5443d59d-561f-ed1e-da42-1975937205f9,ok,100,22,1515,348.809,76,1440,9501,3662,12304
953,45716.605047774,45716.6052802,,2,GPU-5443d59d-561f-ed1e-da42-1975937205f9,ok,100,20,1515,349.141,76,1455,9501,4980,9277
954,45717.605047774,45717.605284908,,2,GPU-5443d59d-561f-ed1e-da42-1975937205f9,ok,100,22,1515,348.78,76,1440,9501,3466,12792
955,45718.605047774,45718.605282916,,2,GPU-5443d59d-561f-ed1e-da42-1975937205f9,ok,100,20,1515,349.332,76,1455,9501,5273,8984
956,45719.605047774,45719.605270394,,2,GPU-5443d59d-561f-ed1e-da42-1975937205f9,ok,100,21,1515,348.713,76,1440,9501,3466,13085
957,45720.605047774,45720.605254602,,2,GPU-5443d59d-561f-ed1e-da42-1975937205f9,ok,100,20,1515,349.232,76,1455,9501,5615,8300
958,45721.605047774,45721.60528009,,2,GPU-5443d59d-561f-ed1e-da42-1975937205f9,ok,100,21,1515,349.027,76,1440,9501,3369,12890
959,45722.605047774,45722.605274488,,2,GPU-5443d59d-561f-ed1e-da42-1975937205f9,ok,100,21,1515,349.37,76,1455,9501,4980,9716
960,45723.605047774,45723.605281946,,2,GPU-5443d59d-561f-ed1e-da42-1975937205f9,ok,100,21,1515,348.896,76,1440,9501,4785,8007
961,45724.605047774,45724.605276904,,2,GPU-5443d59d-561f-ed1e-da42-1975937205f9,ok,100,22,1515,349.525,76,1455,9501,4980,13476
962,45725.605047774,45725.605296772,,2,GPU-5443d59d-561f-ed1e-da42-1975937205f9,ok,100,21,1515,349.394,76,1425,9501,4541,9179
963,45726.605047774,45726.60527595,,2,GPU-5443d59d-561f-ed1e-da42-1975937205f9,ok,100,22,1515,349.495,76,1440,9501,4345,15380
964,45727.605047774,45727.605279638,,2,GPU-5443d59d-561f-ed1e-da42-1975937205f9,ok,100,28,1515,348.566,76,1455,9501,4980,8007
965,45728.605047774,45728.605269216,,2,GPU-5443d59d-561f-ed1e-da42-1975937205f9,ok,100,21,1515,348.569,76,1440,9501,3369,14257
966,45729.605047774,45729.605274964,,2,GPU-5443d59d-561f-ed1e-da42-1975937205f9,ok,100,21,1515,348.955,76,1440,9501,5566,7275
967,45730.605047774,45730.605268002,,2,GPU-5443d59d-561f-ed1e-da42-1975937205f9,ok,100,22,1515,349.281,76,1440,9501,3076,13232
968,45731.605047774,45731.60527168,,2,GPU-5443d59d-561f-ed1e-da42-1975937205f9,ok,100,21,1515,349.781,76,1440,9501,5810,8007
969,45732.605047774,45732.605278128,,2,GPU-5443d59d-561f-ed1e-da42-1975937205f9,ok,100,21,1515,349.074,76,1440,9501,3076,13330
970,45733.605047774,45733.605273736,,2,GPU-5443d59d-561f-ed1e-da42-1975937205f9,ok,100,20,1515,348.958,76,1455,9501,5615,8105
971,45734.605047774,45734.605270184,,2,GPU-5443d59d-561f-ed1e-da42-1975937205f9,ok,100,21,1515,348.876,76,1440,9501,3271,13867
972,45735.605047774,45735.605269452,,2,GPU-5443d59d-561f-ed1e-da42-1975937205f9,ok,100,20,1515,349.157,76,1455,9501,5517,8300
973,45736.605047774,45736.60527301,,2,GPU-5443d59d-561f-ed1e-da42-1975937205f9,ok,100,21,1515,348.912,76,1425,9501,3466,12109
974,45737.605047774,45737.605278168,,2,GPU-5443d59d-561f-ed1e-da42-1975937205f9,ok,100,21,1515,349.405,76,1440,9501,5517,9179
975,45738.605047774,45738.605275686,,2,GPU-5443d59d-561f-ed1e-da42-1975937205f9,ok,100,20,1515,348.937,76,1440,9501,4052,10986
976,45739.605047774,45739.605281284,,2,GPU-5443d59d-561f-ed1e-da42-1975937205f9,ok,100,22,1515,349.325,76,1440,9501,4589,10546
977,45740.605047774,45740.605265602,,2,GPU-5443d59d-561f-ed1e-da42-1975937205f9,ok,100,21,1515,349.046,76,1440,9501,4150,9960
978,45741.605047774,45741.60527539,,2,GPU-5443d59d-561f-ed1e-da42-1975937205f9,ok,100,22,1515,349.597,76,1455,9501,4443,11132
979,45742.605047774,45742.605296968,,2,GPU-5443d59d-561f-ed1e-da42-1975937205f9,ok,100,21,1515,349.113,76,1455,9501,5371,8789
980,45743.605047774,45743.605282006,,2,GPU-5443d59d-561f-ed1e-da42-1975937205f9,ok,100,27,1515,349.442,76,1455,9501,3955,12548
981,45744.605047774,45744.605276285,,2,GPU-5443d59d-561f-ed1e-da42-1975937205f9,ok,100,20,1515,349.055,76,1440,9501,4882,9033
982,45745.605047774,45745.605277613,,2,GPU-5443d59d-561f-ed1e-da42-1975937205f9,ok,100,21,1515,349.083,76,1440,9501,4003,12890
983,45746.605047774,45746.605269581,,2,GPU-5443d59d-561f-ed1e-da42-1975937205f9,ok,100,20,1515,349.078,76,1440,9501,4687,9130
984,45747.605047774,45747.605293169,,2,GPU-5443d59d-561f-ed1e-da42-1975937205f9,ok,100,22,1515,348.807,76,1440,9501,3710,14013
985,45748.605047774,45748.605281797,,2,GPU-5443d59d-561f-ed1e-da42-1975937205f9,ok,100,19,1515,349.008,76,1440,9501,4833,8740
986,45749.605047774,45749.605275995,,2,GPU-5443d59d-561f-ed1e-da42-1975937205f9,ok,100,22,1515,348.881,76,1455,9501,3662,14306
987,45750.605047774,45750.605275323,,2,GPU-5443d59d-561f-ed1e-da42-1975937205f9,ok,100,20,1515,349.265,76,1440,9501,4980,8691
988,45751.605047774,45751.605263581,,2,GPU-5443d59d-561f-ed1e-da42-1975937205f9,ok,100,22,1515,349.207,76,1440,9501,4052,12402
989,45752.605047774,45752.605279629,,2,GPU-5443d59d-561f-ed1e-da42-1975937205f9,ok,100,21,1515,349.653,76,1440,9501,4687,8349
990,45753.605047774,45753.605279217,,2,GPU-5443d59d-561f-ed1e-da42-1975937205f9,ok,100,22,1515,348.9,76,1455,9501,3466,14550
991,45754.605047774,45754.605301565,,2,GPU-5443d59d-561f-ed1e-da42-1975937205f9,ok,100,21,1515,349.282,76,1395,9501,6054,7812
992,45755.605047774,45755.605264143,,2,GPU-5443d59d-561f-ed1e-da42-1975937205f9,ok,100,21,1515,348.976,76,1440,9501,3173,12451
993,45756.605047774,45756.605286041,,2,GPU-5443d59d-561f-ed1e-da42-1975937205f9,ok,100,22,1515,349.355,76,1440,9501,5273,8398
994,45757.605047774,45757.605281349,,2,GPU-5443d59d-561f-ed1e-da42-1975937205f9,ok,100,29,1515,348.443,76,1455,9501,3417,12207
995,45758.605047774,45758.605282327,,2,GPU-5443d59d-561f-ed1e-da42-1975937205f9,ok,100,22,1515,348.704,76,1440,9501,5029,5126
996,45759.605047774,45759.605282425,,2,GPU-5443d59d-561f-ed1e-da42-1975937205f9,ok,100,21,1515,348.991,76,1440,9501,3369,12304
997,45760.605047774,45760.605275493,,2,GPU-5443d59d-561f-ed1e-da42-1975937205f9,ok,100,22,1515,348.627,76,1440,9501,4443,10839
998,45761.605047774,45761.605272351,,2,GPU-5443d59d-561f-ed1e-da42-1975937205f9,ok,100,20,1515,349.654,76,1440,9501,4150,11230
999,45762.605047774,45762.605275299,,2,GPU-5443d59d-561f-ed1e-da42-1975937205f9,ok,100,20,1515,348.872,76,1455,9501,4296,10839
1000,45763.605047774,45763.605290737,,2,GPU-5443d59d-561f-ed1e-da42-1975937205f9,ok,100,23,1515,348.623,76,1440,9501,4296,10302
1001,45764.605047774,45764.605275715,,2,GPU-5443d59d-561f-ed1e-da42-1975937205f9,ok,100,26,1515,347.933,76,1455,9501,3759,12744
1002,45765.605047774,45765.605275273,,2,GPU-5443d59d-561f-ed1e-da42-1975937205f9,ok,100,23,1515,348.411,76,1425,9501,4736,341
1003,45766.605047774,45766.605276511,,2,GPU-5443d59d-561f-ed1e-da42-1975937205f9,ok,100,21,1515,348.591,76,1440,9501,3417,14404
1004,45767.605047774,45767.605276579,,2,GPU-5443d59d-561f-ed1e-da42-1975937205f9,ok,100,21,1515,349.234,76,1425,9501,5761,7275
1005,45768.605047774,45768.605277517,,2,GPU-5443d59d-561f-ed1e-da42-1975937205f9,ok,100,21,1515,348.856,76,1455,9501,3076,14306
1006,45769.605047774,45769.605282045,,2,GPU-5443d59d-561f-ed1e-da42-1975937205f9,ok,100,22,1515,349.337,76,1440,9501,5468,7812
1007,45770.605047774,45770.605276833,,2,GPU-5443d59d-561f-ed1e-da42-1975937205f9,ok,100,21,1515,348.99,76,1455,9501,2978,14550
1008,45771.605047774,45771.605277691,,2,GPU-5443d59d-561f-ed1e-da42-1975937205f9,ok,100,22,1515,349.257,76,1440,9501,5419,8300
1009,45772.605047774,45772.605263259,,2,GPU-5443d59d-561f-ed1e-da42-1975937205f9,ok,100,28,1515,348.835,76,1455,9501,1806,341
1010,45773.605047774,45773.605285287,,2,GPU-5443d59d-561f-ed1e-da42-1975937205f9,ok,100,22,1515,349.007,76,1455,9501,4687,10107
1011,45774.605047774,45774.605287355,,2,GPU-5443d59d-561f-ed1e-da42-1975937205f9,ok,100,20,1515,349.251,76,1440,9501,3564,11718
1012,45775.605047774,45775.605285893,,2,GPU-5443d59d-561f-ed1e-da42-1975937205f9,ok,100,21,1515,349.082,76,1440,9501,4589,10986
1013,45776.605047774,45776.605295551,,2,GPU-5443d59d-561f-ed1e-da42-1975937205f9,ok,100,24,1515,349.136,76,1395,9501,4443,9814
1014,45777.605047774,45777.605280849,,2,GPU-5443d59d-561f-ed1e-da42-1975937205f9,ok,100,21,1515,348.506,76,1440,9501,3906,11962
1015,45778.605047774,45778.605297357,,2,GPU-5443d59d-561f-ed1e-da42-1975937205f9,ok,100,20,1515,349.158,76,1410,9501,4638,8496
1016,45779.605047774,45779.605304725,,2,GPU-5443d59d-561f-ed1e-da42-1975937205f9,ok,100,20,1515,348.967,76,1440,9501,488,2246
1017,45780.605047774,45780.605295133,,2,GPU-5443d59d-561f-ed1e-da42-1975937205f9,ok,100,22,1515,349.094,76,1440,9501,6542,11572
1018,45781.605047774,45781.605295241,,2,GPU-5443d59d-561f-ed1e-da42-1975937205f9,ok,100,21,1515,349.189,76,1440,9501,3906,20166
1019,45782.605047774,45782.605308879,,2,GPU-5443d59d-561f-ed1e-da42-1975937205f9,ok,100,22,1515,349.182,76,1440,9501,4833,8837
1020,45783.605047774,45783.605293947,,2,GPU-5443d59d-561f-ed1e-da42-1975937205f9,ok,100,20,1515,348.905,76,1440,9501,3271,12304
1021,45784.605047774,45784.605293555,,2,GPU-5443d59d-561f-ed1e-da42-1975937205f9,ok,100,21,1515,348.785,76,1440,9501,5126,9033
1022,45785.605047774,45785.605295543,,2,GPU-5443d59d-561f-ed1e-da42-1975937205f9,ok,100,20,1515,348.947,76,1440,9501,3417,11816
1023,45786.605047774,45786.605294581,,2,GPU-5443d59d-561f-ed1e-da42-1975937205f9,ok,100,21,1515,348.849,76,1455,9501,488,4980
1024,45787.605047774,45787.60533017,,2,GPU-5443d59d-561f-ed1e-da42-1975937205f9,ok,100,20,1515,348.929,76,1425,9501,3466,11914
1025,45788.605047774,45788.605332608,,2,GPU-5443d59d-561f-ed1e-da42-1975937205f9,ok,100,25,1515,348.34,76,1455,9501,4833,11083
1026,45789.605047774,45789.605328656,,2,GPU-5443d59d-561f-ed1e-da42-1975937205f9,ok,100,24,1515,349.233,76,1395,9501,4443,9277
1027,45790.605047774,45790.605330234,,2,GPU-5443d59d-561f-ed1e-da42-1975937205f9,ok,100,20,1515,349.042,76,1455,9501,3662,12792
1028,45791.605047774,45791.605328252,,2,GPU-5443d59d-561f-ed1e-da42-1975937205f9,ok,100,22,1515,349.274,76,1440,9501,4736,8447
1029,45792.605047774,45792.6053279,,2,GPU-5443d59d-561f-ed1e-da42-1975937205f9,ok,100,21,1515,348.848,76,1440,9501,3466,13476
1030,45793.605047774,45793.605332128,,2,GPU-5443d59d-561f-ed1e-da42-1975937205f9,ok,100,28,1515,349.764,76,1425,9501,390,7470
1031,45794.605047774,45794.605328626,,2,GPU-5443d59d-561f-ed1e-da42-1975937205f9,ok,100,20,1515,348.784,76,1440,9501,3076,14111
1032,45795.605047774,45795.605334954,,2,GPU-5443d59d-561f-ed1e-da42-1975937205f9,ok,100,21,1515,348.666,76,1440,9501,5664,8496
1033,45796.605047774,45796.605327592,,2,GPU-5443d59d-561f-ed1e-da42-1975937205f9,ok,100,19,1515,348.796,76,1440,9501,2929,13525
1034,45797.605047774,45797.60532904,,2,GPU-5443d59d-561f-ed1e-da42-1975937205f9,ok,100,21,1515,348.82,76,1440,9501,5371,7568
1035,45798.605047774,45798.605328558,,2,GPU-5443d59d-561f-ed1e-da42-1975937205f9,ok,100,20,1515,349.085,76,1440,9501,3125,14111
1036,45799.605047774,45799.605328026,,2,GPU-5443d59d-561f-ed1e-da42-1975937205f9,ok,100,22,1515,349.12,76,1440,9501,5761,7763
1037,45800.605047774,45800.605328124,,2,GPU-5443d59d-561f-ed1e-da42-1975937205f9,ok,100,20,1515,349.367,76,1455,9501,3027,14648
1038,45801.605047774,45801.605326652,,2,GPU-5443d59d-561f-ed1e-da42-1975937205f9,ok,100,21,1515,349.019,76,1410,9501,5761,8056
1039,45802.605047774,45802.6053849,,2,GPU-5443d59d-561f-ed1e-da42-1975937205f9,ok,100,21,1515,349.146,76,1455,9501,3808,11865
1040,45803.605047774,45803.605352988,,2,GPU-5443d59d-561f-ed1e-da42-1975937205f9,ok,100,22,1515,349.112,76,1425,9501,5419,8789
1041,45804.605047774,45804.605348236,,2,GPU-5443d59d-561f-ed1e-da42-1975937205f9,ok,100,19,1515,349.138,76,1455,9501,3369,12402
1042,45805.605047774,45805.605351664,,2,GPU-5443d59d-561f-ed1e-da42-1975937205f9,ok,100,22,1515,348.894,76,1440,9501,4833,8691
1043,45806.605047774,45806.605351402,,2,GPU-5443d59d-561f-ed1e-da42-1975937205f9,ok,100,20,1515,349.061,76,1455,9501,3320,12597
1044,45807.605047774,45807.60534963,,2,GPU-5443d59d-561f-ed1e-da42-1975937205f9,ok,100,21,1515,348.805,76,1425,9501,4345,9570
1045,45808.605047774,45808.605348408,,2,GPU-5443d59d-561f-ed1e-da42-1975937205f9,ok,100,22,1515,349.455,76,1440,9501,4003,10839
1046,45809.605047774,45809.605359326,,2,GPU-5443d59d-561f-ed1e-da42-1975937205f9,ok,100,21,1515,349.101,76,1455,9501,4052,10644
1047,45810.605047774,45810.605352504,,2,GPU-5443d59d-561f-ed1e-da42-1975937205f9,ok,100,22,1515,349.654,76,1440,9501,4101,10791
1048,45811.605047774,45811.605353382,,2,GPU-5443d59d-561f-ed1e-da42-1975937205f9,ok,100,29,1515,349.148,76,1440,9501,3955,12451
1049,45812.605047774,45812.60535021,,2,GPU-5443d59d-561f-ed1e-da42-1975937205f9,ok,100,21,1515,349.096,76,1440,9501,6201,13476
1050,45813.605047774,45813.605349968,,2,GPU-5443d59d-561f-ed1e-da42-1975937205f9,ok,100,21,1515,348.897,76,1455,9501,3613,13330
1051,45814.605047774,45814.605353516,,2,GPU-5443d59d-561f-ed1e-da42-1975937205f9,ok,100,22,1515,348.953,76,1425,9501,5224,7275
1052,45815.605047774,45815.605363244,,2,GPU-5443d59d-561f-ed1e-da42-1975937205f9,ok,100,19,1515,349.405,76,1440,9501,3173,14355
1053,45816.605047774,45816.605382922,,2,GPU-5443d59d-561f-ed1e-da42-1975937205f9,ok,100,21,1515,348.673,76,1440,9501,5126,8544
1054,45817.605047774,45817.60536564,,2,GPU-5443d59d-561f-ed1e-da42-1975937205f9,ok,100,23,1515,348.386,76,1455,9501,3466,12158
1055,45818.605047774,45818.605359158,,2,GPU-5443d59d-561f-ed1e-da42-1975937205f9,ok,100,20,1515,348.174,76,1455,9501,4687,9765
1056,45819.605047774,45819.605362546,,2,GPU-5443d59d-561f-ed1e-da42-1975937205f9,ok,100,22,1515,349.454,76,1455,9501,3759,10693
1057,45820.605047774,45820.605371194,,2,GPU-5443d59d-561f-ed1e-da42-1975937205f9,ok,100,21,1515,349.042,76,1440,9501,4394,10888
1058,45821.605047774,45821.605352312,,2,GPU-5443d59d-561f-ed1e-da42-1975937205f9,ok,100,22,1515,349.38,76,1440,9501,4199,10107
1059,45822.605047774,45822.60534555,,2,GPU-5443d59d-561f-ed1e-da42-1975937205f9,ok,100,21,1515,349.7,76,1440,9501,4345,11376
1060,45823.605047774,45823.605357078,,2,GPU-5443d59d-561f-ed1e-da42-1975937205f9,ok,100,22,1515,349.203,76,1440,9501,4199,9912
1061,45824.605047774,45824.605349036,,2,GPU-5443d59d-561f-ed1e-da42-1975937205f9,ok,100,20,1515,349.312,76,1440,9501,4345,11083
1062,45825.605047774,45825.605372014,,2,GPU-5443d59d-561f-ed1e-da42-1975937205f9,ok,100,21,1515,349.049,76,1440,9501,3857,10498
1063,45826.605047774,45826.605361062,,2,GPU-5443d59d-561f-ed1e-da42-1975937205f9,ok,100,21,1515,349.085,76,1455,9501,4394,10937
1064,45827.605047774,45827.60537251,,2,GPU-5443d59d-561f-ed1e-da42-1975937205f9,ok,100,21,1515,348.885,76,1440,9501,4052,10400
1065,45828.605047774,45828.605362558,,2,GPU-5443d59d-561f-ed1e-da42-1975937205f9,ok,100,22,1515,348.778,76,1425,9501,5517,16113
1066,45829.605047774,45829.605371287,,2,GPU-5443d59d-561f-ed1e-da42-1975937205f9,ok,100,21,1515,348.757,76,1440,9501,5078,7470
1067,45830.605047774,45830.605369675,,2,GPU-5443d59d-561f-ed1e-da42-1975937205f9,ok,100,20,1515,349.345,76,1440,9501,4052,17871
1068,45831.605047774,45831.605370083,,2,GPU-5443d59d-561f-ed1e-da42-1975937205f9,ok,100,21,1515,348.74,76,1425,9501,5371,7763
1069,45832.605047774,45832.605371751,,2,GPU-5443d59d-561f-ed1e-da42-1975937205f9,ok,100,22,1515,349.337,76,1440,9501,4150,18652
1070,45833.605047774,45833.605382359,,2,GPU-5443d59d-561f-ed1e-da42-1975937205f9,ok,100,22,1515,349.02,76,1440,9501,4833,9814
1071,45834.605047774,45834.605382417,,2,GPU-5443d59d-561f-ed1e-da42-1975937205f9,ok,100,22,1515,348.856,76,1425,9501,3955,9912
1072,45835.605047774,45835.605381455,,2,GPU-5443d59d-561f-ed1e-da42-1975937205f9,ok,100,20,1515,348.879,76,1455,9501,4492,12158
1073,45836.605047774,45836.605361283,,2,GPU-5443d59d-561f-ed1e-da42-1975937205f9,ok,100,22,1515,348.766,76,1410,9501,4687,8740
1074,45837.605047774,45837.605374171,,2,GPU-5443d59d-561f-ed1e-da42-1975937205f9,ok,100,22,1515,348.975,76,1440,9501,3466,13378
1075,45838.605047774,45838.605369509,,2,GPU-5443d59d-561f-ed1e-da42-1975937205f9,ok,100,21,1515,349.115,76,1440,9501,6738,7275
1076,45839.605047774,45839.605377157,,2,GPU-5443d59d-561f-ed1e-da42-1975937205f9,ok,100,21,1515,349.006,76,1440,9501,2929,13769
1077,45840.605047774,45840.605373995,,2,GPU-5443d59d-561f-ed1e-da42-1975937205f9,ok,100,23,1515,348.344,76,1425,9501,5175,8593
1078,45841.605047774,45841.605354763,,2,GPU-5443d59d-561f-ed1e-da42-1975937205f9,ok,100,22,1515,348.91,76,1440,9501,3564,12353
1079,45842.605047774,45842.605351611,,2,GPU-5443d59d-561f-ed1e-da42-1975937205f9,ok,100,21,1515,348.71,76,1440,9501,5273,10107
1080,45843.605047774,45843.605350179,,2,GPU-5443d59d-561f-ed1e-da42-1975937205f9,ok,100,22,1515,349.417,76,1440,9501,3613,11376
1081,45844.605047774,45844.605346377,,2,GPU-5443d59d-561f-ed1e-da42-1975937205f9,ok,100,19,1515,348.954,76,1455,9501,4638,10107
1082,45845.605047774,45845.605352665,,2,GPU-5443d59d-561f-ed1e-da42-1975937205f9,ok,100,21,1515,348.961,76,1425,9501,4052,10644
1083,45846.605047774,45846.605346103,,2,GPU-5443d59d-561f-ed1e-da42-1975937205f9,ok,100,20,1515,349.176,76,1440,9501,4296,12011
1084,45847.605047774,45847.605348981,,2,GPU-5443d59d-561f-ed1e-da42-1975937205f9,ok,100,21,1515,349.124,76,1440,9501,4833,8691
1085,45848.605047774,45848.605354669,,2,GPU-5443d59d-561f-ed1e-da42-1975937205f9,ok,100,20,1515,349.099,76,1455,9501,3906,11816
1086,45849.605047774,45849.605353867,,2,GPU-5443d59d-561f-ed1e-da42-1975937205f9,ok,100,22,1515,349.062,76,1440,9501,4785,8300
1087,45850.605047774,45850.605353045,,2,GPU-5443d59d-561f-ed1e-da42-1975937205f9,ok,100,21,1515,349.209,76,1455,9501,3417,13378
1088,45851.605047774,45851.605351923,,2,GPU-5443d59d-561f-ed1e-da42-1975937205f9,ok,100,22,1515,348.903,76,1455,9501,7177,7519
1089,45852.605047774,45852.605351811,,2,GPU-5443d59d-561f-ed1e-da42-1975937205f9,ok,100,28,1515,349.76,76,1455,9501,3417,11425
1090,45853.605047774,45853.605351069,,2,GPU-5443d59d-561f-ed1e-da42-1975937205f9,ok,100,21,1515,349.356,76,1440,9501,4833,10644
1091,45854.605047774,45854.605349967,,2,GPU-5443d59d-561f-ed1e-da42-1975937205f9,ok,100,22,1515,349.053,76,1425,9501,3955,10644
1092,45855.605047774,45855.605355015,,2,GPU-5443d59d-561f-ed1e-da42-1975937205f9,ok,100,21,1515,349.172,76,1440,9501,4345,12890
1093,45856.605047774,45856.605359383,,2,GPU-5443d59d-561f-ed1e-da42-1975937205f9,ok,100,22,1515,349.152,76,1440,9501,4541,8984
1094,45857.605047774,45857.605360071,,2,GPU-5443d59d-561f-ed1e-da42-1975937205f9,ok,100,21,1515,349.346,76,1455,9501,3466,13623
1095,45858.605047774,45858.605355159,,2,GPU-5443d59d-561f-ed1e-da42-1975937205f9,ok,100,22,1515,349.379,76,1440,9501,5468,7373
1096,45859.605047774,45859.605348327,,2,GPU-5443d59d-561f-ed1e-da42-1975937205f9,ok,100,20,1515,349.408,76,1440,9501,3125,14404
1097,45860.605047774,45860.605326775,,2,GPU-5443d59d-561f-ed1e-da42-1975937205f9,ok,100,21,1515,348.594,76,1425,9501,5371,7958
1098,45861.605047774,45861.605310843,,2,GPU-5443d59d-561f-ed1e-da42-1975937205f9,ok,100,22,1515,349.239,76,1440,9501,3564,16308
1099,45862.605047774,45862.605314891,,2,GPU-5443d59d-561f-ed1e-da42-1975937205f9,ok,100,20,1515,348.862,76,1425,9501,4980,9765
1100,45863.605047774,45863.605308659,,2,GPU-5443d59d-561f-ed1e-da42-1975937205f9,ok,100,21,1515,348.775,76,1440,9501,3906,10498
1101,45864.605047774,45864.605308357,,2,GPU-5443d59d-561f-ed1e-da42-1975937205f9,ok,100,20,1515,349.281,76,1440,9501,5566,14257
1102,45865.605047774,45865.605314595,,2,GPU-5443d59d-561f-ed1e-da42-1975937205f9,ok,100,22,1515,348.865,76,1440,9501,4345,9375
1103,45866.605047774,45866.605307103,,2,GPU-5443d59d-561f-ed1e-da42-1975937205f9,ok,100,20,1515,349.269,76,1440,9501,3808,12792
1104,45867.605047774,45867.605307641,,2,GPU-5443d59d-561f-ed1e-da42-1975937205f9,ok,100,24,1515,348.956,76,1440,9501,4980,8056
1105,45868.605047774,45868.605302569,,2,GPU-5443d59d-561f-ed1e-da42-1975937205f9,ok,100,22,1515,349.434,76,1440,9501,3173,13525
1106,45869.605047774,45869.605306197,,2,GPU-5443d59d-561f-ed1e-da42-1975937205f9,ok,100,21,1515,348.915,76,1425,9501,5126,7324
1107,45870.605047774,45870.605355635,,2,GPU-5443d59d-561f-ed1e-da42-1975937205f9,ok,100,21,1515,349.038,76,1440,9501,3027,14013
1108,45871.605047774,45871.605348563,,2,GPU-5443d59d-561f-ed1e-da42-1975937205f9,ok,100,23,1515,349.054,76,1395,9501,4394,8496
1109,45872.605047774,45872.605353121,,2,GPU-5443d59d-561f-ed1e-da42-1975937205f9,ok,100,21,1515,348.704,76,1440,9501,4052,13525
1110,45873.605047774,45873.6053691,,2,GPU-5443d59d-561f-ed1e-da42-1975937205f9,ok,100,20,1515,348.866,76,1440,9501,4248,10986
1111,45874.605047774,45874.605357008,,2,GPU-5443d59d-561f-ed1e-da42-1975937205f9,ok,100,22,1515,348.926,76,1440,9501,5664,10400
1112,45875.605047774,45875.605384726,,2,GPU-5443d59d-561f-ed1e-da42-1975937205f9,ok,100,21,1515,349.45,76,1440,9501,3417,13818
1113,45876.605047774,45876.605359744,,2,GPU-5443d59d-561f-ed1e-da42-1975937205f9,ok,100,20,1515,349.036,76,1425,9501,5224,7421
1114,45877.605047774,45877.605360832,,2,GPU-5443d59d-561f-ed1e-da42-1975937205f9,ok,100,21,1515,348.891,76,1455,9501,3173,14501
1115,45878.605047774,45878.60535952,,2,GPU-5443d59d-561f-ed1e-da42-1975937205f9,ok,100,20,1515,348.958,76,1425,9501,5566,7421
1116,45879.605047774,45879.605369188,,2,GPU-5443d59d-561f-ed1e-da42-1975937205f9,ok,100,22,1515,348.839,76,1440,9501,2978,12744
1117,45880.605047774,45880.605357626,,2,GPU-5443d59d-561f-ed1e-da42-1975937205f9,ok,100,29,1515,348.94,76,1410,9501,5615,8593
1118,45881.605047774,45881.605363634,,2,GPU-5443d59d-561f-ed1e-da42-1975937205f9,ok,100,21,1515,348.873,76,1440,9501,3320,12304
1119,45882.605047774,45882.605359392,,2,GPU-5443d59d-561f-ed1e-da42-1975937205f9,ok,100,20,1515,349.025,76,1440,9501,4736,9960
1120,45883.605047774,45883.60535561,,2,GPU-5443d59d-561f-ed1e-da42-1975937205f9,ok,100,21,1515,348.804,76,1440,9501,3564,11376
1121,45884.605047774,45884.605355128,,2,GPU-5443d59d-561f-ed1e-da42-1975937205f9,ok,100,22,1515,348.326,76,1440,9501,4394,11572
1122,45885.605047774,45885.605357246,,2,GPU-5443d59d-561f-ed1e-da42-1975937205f9,ok,100,21,1515,348.357,76,1440,9501,4296,10351
1123,45886.605047774,45886.605355674,,2,GPU-5443d59d-561f-ed1e-da42-1975937205f9,ok,100,21,1515,349.072,76,1455,9501,4052,12255
1124,45887.605047774,45887.605355082,,2,GPU-5443d59d-561f-ed1e-da42-1975937205f9,ok,100,20,1515,348.812,76,1440,9501,5029,8398
1125,45888.605047774,45888.60535706,,2,GPU-5443d59d-561f-ed1e-da42-1975937205f9,ok,100,25,1515,348.814,76,1455,9501,3125,13818
1126,45889.605047774,45889.605356668,,2,GPU-5443d59d-561f-ed1e-da42-1975937205f9,ok,100,21,1515,348.802,76,1425,9501,5712,7519
1127,45890.605047774,45890.605357626,,2,GPU-5443d59d-561f-ed1e-da42-1975937205f9,ok,100,22,1515,349.314,76,1455,9501,3125,13916
1128,45891.605047774,45891.605355164,,2,GPU-5443d59d-561f-ed1e-da42-1975937205f9,ok,100,20,1515,349.313,76,1455,9501,5224,9423
1129,45892.605047774,45892.605352892,,2,GPU-5443d59d-561f-ed1e-da42-1975937205f9,ok,100,22,1515,349.142,76,1440,9501,3808,11621
1130,45893.605047774,45893.60535897,,2,GPU-5443d59d-561f-ed1e-da42-1975937205f9,ok,100,21,1515,349.4,76,1455,9501,4199,11914
1131,45894.605047774,45894.605353998,,2,GPU-5443d59d-561f-ed1e-da42-1975937205f9,ok,100,20,1515,348.986,76,1440,9501,4882,8056
1132,45895.605047774,45895.605368426,,2,GPU-5443d59d-561f-ed1e-da42-1975937205f9,ok,100,22,1515,349.069,76,1455,9501,3320,13623
1133,45896.605047774,45896.605378094,,2,GPU-5443d59d-561f-ed1e-da42-1975937205f9,ok,100,20,1515,349.284,76,1425,9501,5468,7177
1134,45897.605047774,45897.605367482,,2,GPU-5443d59d-561f-ed1e-da42-1975937205f9,ok,100,22,1515,349.319,76,1455,9501,2978,13525
1135,45898.605047774,45898.60534977,,2,GPU-5443d59d-561f-ed1e-da42-1975937205f9,ok,100,25,1515,349.125,76,1455,9501,4394,10205
1136,45899.605047774,45899.605362498,,2,GPU-5443d59d-561f-ed1e-da42-1975937205f9,ok,100,21,1515,348.749,76,1425,9501,4492,8642
1137,45900.605047774,45900.605356836,,2,GPU-5443d59d-561f-ed1e-da42-1975937205f9,ok,100,21,1515,349.743,76,1455,9501,3369,13671
1138,45901.605047774,45901.605367644,,2,GPU-5443d59d-561f-ed1e-da42-1975937205f9,ok,100,20,1515,349.38,76,1425,9501,5371,7226
1139,45902.605047774,45902.605351862,,2,GPU-5443d59d-561f-ed1e-da42-1975937205f9,ok,100,28,1515,348.883,76,1440,9501,3515,11962
1140,45903.605047774,45903.60536127,,2,GPU-5443d59d-561f-ed1e-da42-1975937205f9,ok,100,21,1515,349.442,76,1440,9501,4687,10449
1141,45904.605047774,45904.605358908,,2,GPU-5443d59d-561f-ed1e-da42-1975937205f9,ok,100,20,1515,348.953,76,1440,9501,4394,9375
1142,45905.605047774,45905.605358326,,2,GPU-5443d59d-561f-ed1e-da42-1975937205f9,ok,100,22,1515,348.956,76,1455,9501,3955,11767
1143,45906.605047774,45906.605354904,,2,GPU-5443d59d-561f-ed1e-da42-1975937205f9,ok,100,20,1515,348.849,76,1425,9501,4638,8203
1144,45907.605047774,45907.605351752,,2,GPU-5443d59d-561f-ed1e-da42-1975937205f9,ok,100,21,1515,348.883,76,1440,9501,3515,14257
1145,45908.605047774,45908.60535474,,2,GPU-5443d59d-561f-ed1e-da42-1975937205f9,ok,100,20,1515,348.862,76,1440,9501,5371,7373
1146,45909.605047774,45909.605358448,,2,GPU-5443d59d-561f-ed1e-da42-1975937205f9,ok,100,21,1515,348.92,76,1455,9501,3222,14306
1147,45910.605047774,45910.605357296,,2,GPU-5443d59d-561f-ed1e-da42-1975937205f9,ok,100,20,1515,349.14,76,1440,9501,5468,7324
1148,45911.605047774,45911.605364234,,2,GPU-5443d59d-561f-ed1e-da42-1975937205f9,ok,100,21,1515,348.816,76,1455,9501,3027,13818
1149,45912.605047774,45912.605361502,,2,GPU-5443d59d-561f-ed1e-da42-1975937205f9,ok,100,19,1515,349.19,76,1440,9501,5371,7958
1150,45913.605047774,45913.60536095,,2,GPU-5443d59d-561f-ed1e-da42-1975937205f9,ok,100,21,1515,348.96,76,1440,9501,3027,13085
1151,45914.605047774,45914.605358788,,2,GPU-5443d59d-561f-ed1e-da42-1975937205f9,ok,100,23,1515,348.845,76,1440,9501,5175,8642
1152,45915.605047774,45915.605359896,,2,GPU-5443d59d-561f-ed1e-da42-1975937205f9,ok,100,21,1515,348.505,76,1440,9501,3662,11035
1153,45916.605047774,45916.605354585,,2,GPU-5443d59d-561f-ed1e-da42-1975937205f9,ok,100,22,1515,349.169,76,1425,9501,4150,11816
1154,45917.605047774,45917.605367683,,2,GPU-5443d59d-561f-ed1e-da42-1975937205f9,ok,100,20,1515,349.315,76,1440,9501,4589,8984
1155,45918.605047774,45918.605353621,,2,GPU-5443d59d-561f-ed1e-da42-1975937205f9,ok,100,21,1515,348.905,76,1440,9501,3320,14306
1156,45919.605047774,45919.605356329,,2,GPU-5443d59d-561f-ed1e-da42-1975937205f9,ok,100,21,1515,349.114,76,1440,9501,5517,7324
1157,45920.605047774,45920.605368447,,2,GPU-5443d59d-561f-ed1e-da42-1975937205f9,ok,100,21,1515,348.362,76,1455,9501,3173,12304
1158,45921.605047774,45921.605358785,,2,GPU-5443d59d-561f-ed1e-da42-1975937205f9,ok,100,21,1515,349.382,76,1425,9501,5126,9570
1159,45922.605047774,45922.605349773,,2,GPU-5443d59d-561f-ed1e-da42-1975937205f9,ok,100,21,1515,348.812,76,1440,9501,4052,10986
1160,45923.605047774,45923.605346931,,2,GPU-5443d59d-561f-ed1e-da42-1975937205f9,ok,100,21,1515,349.594,76,1440,9501,4296,11914
1161,45924.605047774,45924.605358249,,2,GPU-5443d59d-561f-ed1e-da42-1975937205f9,ok,100,28,1515,348.689,76,1440,9501,4541,8789
1162,45925.605047774,45925.605351417,,2,GPU-5443d59d-561f-ed1e-da42-1975937205f9,ok,100,21,1515,348.836,76,1440,9501,3613,13085
1163,45926.605047774,45926.605368405,,2,GPU-5443d59d-561f-ed1e-da42-1975937205f9,ok,100,20,1515,349.193,76,1455,9501,4833,8154
1164,45927.605047774,45927.605350423,,2,GPU-5443d59d-561f-ed1e-da42-1975937205f9,ok,100,21,1515,348.922,76,1440,9501,3662,13818
1165,45928.605047774,45928.605354291,,2,GPU-5443d59d-561f-ed1e-da42-1975937205f9,ok,100,24,1515,348.459,76,1440,9501,5712,7373
1166,45929.605047774,45929.605351379,,2,GPU-5443d59d-561f-ed1e-da42-1975937205f9,ok,100,26,1515,347.981,76,1455,9501,2978,14160
1167,45930.605047774,45930.605346417,,2,GPU-5443d59d-561f-ed1e-da42-1975937205f9,ok,100,21,1515,349.081,76,1425,9501,5517,7861
1168,45931.605047774,45931.605352555,,2,GPU-5443d59d-561f-ed1e-da42-1975937205f9,ok,100,26,1515,348.636,76,1440,9501,3271,13671
1169,45932.605047774,45932.605353973,,2,GPU-5443d59d-561f-ed1e-da42-1975937205f9,ok,100,21,1515,348.772,76,1425,9501,5126,8886
1170,45933.605047774,45933.605353001,,2,GPU-5443d59d-561f-ed1e-da42-1975937205f9,ok,100,20,1515,348.896,76,1455,9501,3662,10498
1171,45934.605047774,45934.605365879,,2,GPU-5443d59d-561f-ed1e-da42-1975937205f9,ok,100,21,1515,349.104,76,1440,9501,4296,10058
1172,45935.605047774,45935.605363937,,2,GPU-5443d59d-561f-ed1e-da42-1975937205f9,ok,100,20,1515,349.059,76,1440,9501,4199,10302
1173,45936.605047774,45936.605363525,,2,GPU-5443d59d-561f-ed1e-da42-1975937205f9,ok,100,21,1515,349.018,76,1440,9501,4150,12695
1174,45937.605047774,45937.605369793,,2,GPU-5443d59d-561f-ed1e-da42-1975937205f9,ok,100,21,1515,348.371,76,1440,9501,5322,7617
1175,45938.605047774,45938.605365181,,2,GPU-5443d59d-561f-ed1e-da42-1975937205f9,ok,100,20,1515,348.112,76,1455,9501,2978,14404
1176,45939.605047774,45939.605347489,,2,GPU-5443d59d-561f-ed1e-da42-1975937205f9,ok,100,22,1515,349.193,76,1425,9501,5517,7910
1177,45940.605047774,45940.605350327,,2,GPU-5443d59d-561f-ed1e-da42-1975937205f9,ok,100,27,1515,348.441,76,1440,9501,3466,12451
1178,45941.605047774,45941.605367645,,2,GPU-5443d59d-561f-ed1e-da42-1975937205f9,ok,100,21,1515,348.741,76,1440,9501,4736,10302
1179,45942.605047774,45942.605331493,,2,GPU-5443d59d-561f-ed1e-da42-1975937205f9,ok,100,22,1515,348.873,76,1440,9501,4003,10546
1180,45943.605047774,45943.605328521,,2,GPU-5443d59d-561f-ed1e-da42-1975937205f9,ok,100,25,1515,348.413,76,1455,9501,4052,12353
1181,45944.605047774,45944.605324119,,2,GPU-5443d59d-561f-ed1e-da42-1975937205f9,ok,100,20,1515,348.727,76,1440,9501,4492,9033
1182,45945.605047774,45945.605328497,,2,GPU-5443d59d-561f-ed1e-da42-1975937205f9,ok,100,24,1515,348.759,76,1425,9501,3759,14160
1183,45946.605047774,45946.605336715,,2,GPU-5443d59d-561f-ed1e-da42-1975937205f9,ok,100,20,1515,348.887,76,1425,9501,4882,8447
1184,45947.605047774,45947.605348003,,2,GPU-5443d59d-561f-ed1e-da42-1975937205f9,ok,100,27,1515,348.433,76,1440,9501,3466,14453
1185,45948.605047774,45948.605332681,,2,GPU-5443d59d-561f-ed1e-da42-1975937205f9,ok,100,22,1515,349.011,76,1425,9501,5517,7373
1186,45949.605047774,45949.605330809,,2,GPU-5443d59d-561f-ed1e-da42-1975937205f9,ok,100,21,1515,349.155,76,1440,9501,3271,17041
1187,45950.605047774,45950.605322637,,2,GPU-5443d59d-561f-ed1e-da42-1975937205f9,ok,100,21,1515,349.009,76,1440,9501,4980,9033
1188,45951.605047774,45951.605325775,,2,GPU-5443d59d-561f-ed1e-da42-1975937205f9,ok,100,20,1515,349.113,76,1440,9501,3271,12011
1189,45952.605047774,45952.605374533,,2,GPU-5443d59d-561f-ed1e-da42-1975937205f9,ok,100,21,1515,348.967,76,1440,9501,5761,10595
1190,45953.605047774,45953.605375201,,2,GPU-5443d59d-561f-ed1e-da42-1975937205f9,ok,100,20,1515,349.135,76,1440,9501,3710,11425
1191,45954.605047774,45954.605371319,,2,GPU-5443d59d-561f-ed1e-da42-1975937205f9,ok,100,22,1515,349.003,76,1440,9501,4687,10449
1192,45955.605047774,45955.605361897,,2,GPU-5443d59d-561f-ed1e-da42-1975937205f9,ok,100,21,1515,349.157,76,1440,9501,4199,10009
1193,45956.605047774,45956.605369165,,2,GPU-5443d59d-561f-ed1e-da42-1975937205f9,ok,100,22,1515,348.891,76,1440,9501,4199,10986
1194,45957.605047774,45957.605371343,,2,GPU-5443d59d-561f-ed1e-da42-1975937205f9,ok,100,23,1515,348.397,76,1440,9501,5078,8154
1195,45958.605047774,45958.605308101,,2,GPU-5443d59d-561f-ed1e-da42-1975937205f9,ok,100,21,1515,348.334,76,1455,9501,3417,13818
1196,45959.605047774,45959.60534764,,2,GPU-5443d59d-561f-ed1e-da42-1975937205f9,ok,100,25,1515,348.831,76,1440,9501,5664,7226
1197,45960.605047774,45960.605358578,,2,GPU-5443d59d-561f-ed1e-da42-1975937205f9,ok,100,31,1515,348.679,76,1440,9501,2978,13671
1198,45961.605047774,45961.605356706,,2,GPU-5443d59d-561f-ed1e-da42-1975937205f9,ok,100,21,1515,349.107,76,1440,9501,5517,8007
1199,45962.605047774,45962.605349974,,2,GPU-5443d59d-561f-ed1e-da42-1975937205f9,ok,100,20,1515,348.787,76,1440,9501,3320,12695
1200,45963.605047774,45963.605350872,,2,GPU-5443d59d-561f-ed1e-da42-1975937205f9,ok,100,22,1515,348.953,76,1425,9501,4931,12548
1201,45964.605047774,45964.60535431,,2,GPU-5443d59d-561f-ed1e-da42-1975937205f9,ok,100,20,1515,349.393,76,1440,9501,4394,10205
1202,45965.605047774,45965.605352888,,2,GPU-5443d59d-561f-ed1e-da42-1975937205f9,ok,100,20,1515,348.826,76,1425,9501,4199,11669
1203,45966.605047774,45966.605372756,,2,GPU-5443d59d-561f-ed1e-da42-1975937205f9,ok,100,21,1515,349.252,76,1440,9501,4199,9765
1204,45967.605047774,45967.605353444,,2,GPU-5443d59d-561f-ed1e-da42-1975937205f9,ok,100,20,1515,349.067,76,1425,9501,4101,12792
1205,45968.605047774,45968.605350672,,2,GPU-5443d59d-561f-ed1e-da42-1975937205f9,ok,100,21,1515,349.207,76,1455,9501,4785,9033
1206,45969.605047774,45969.60535186,,2,GPU-5443d59d-561f-ed1e-da42-1975937205f9,ok,100,21,1515,349.155,76,1425,9501,4882,15283
1207,45970.605047774,45970.605370338,,2,GPU-5443d59d-561f-ed1e-da42-1975937205f9,ok,100,21,1515,349.238,76,1440,9501,4980,7910
1208,45971.605047774,45971.605298586,,2,GPU-5443d59d-561f-ed1e-da42-1975937205f9,ok,100,22,1515,349.135,76,1425,9501,3027,13574
1209,45972.605047774,45972.605288734,,2,GPU-5443d59d-561f-ed1e-da42-1975937205f9,ok,100,20,1515,348.804,76,1425,9501,5126,8300
1210,45973.605047774,45973.605281202,,2,GPU-5443d59d-561f-ed1e-da42-1975937205f9,ok,100,23,1515,348.206,76,1455,9501,3710,11328
1211,45974.605047774,45974.60524853,,2,GPU-5443d59d-561f-ed1e-da42-1975937205f9,ok,100,25,1515,347.876,76,1440,9501,4541,11523
1212,45975.605047774,45975.605297148,,2,GPU-5443d59d-561f-ed1e-da42-1975937205f9,ok,100,25,1515,348.208,76,1455,9501,4736,8740
1213,45976.605047774,45976.605280786,,2,GPU-5443d59d-561f-ed1e-da42-1975937205f9,ok,100,20,1515,348.589,76,1440,9501,3857,12792
1214,45977.605047774,45977.605278154,,2,GPU-5443d59d-561f-ed1e-da42-1975937205f9,ok,100,24,1515,348.86,76,1455,9501,4882,7666
1215,45978.605047774,45978.605281282,,2,GPU-5443d59d-561f-ed1e-da42-1975937205f9,ok,100,20,1515,349.06,76,1440,9501,3417,13867
1216,45979.605047774,45979.60527702,,2,GPU-5443d59d-561f-ed1e-da42-1975937205f9,ok,100,22,1515,348.901,76,1440,9501,5859,7568
1217,45980.605047774,45980.605277988,,2,GPU-5443d59d-561f-ed1e-da42-1975937205f9,ok,100,22,1515,349.435,76,1410,9501,3173,13476
1218,45981.605047774,45981.605288686,,2,GPU-5443d59d-561f-ed1e-da42-1975937205f9,ok,100,21,1515,348.894,76,1425,9501,5371,8593
1219,45982.605047774,45982.605275424,,2,GPU-5443d59d-561f-ed1e-da42-1975937205f9,ok,100,21,1515,349.092,76,1440,9501,4882,13671
1220,45983.605047774,45983.605283662,,2,GPU-5443d59d-561f-ed1e-da42-1975937205f9,ok,100,21,1515,348.772,76,1425,9501,4150,11572
1221,45984.605047774,45984.60527722,,2,GPU-5443d59d-561f-ed1e-da42-1975937205f9,ok,100,21,1515,349.042,76,1440,9501,4443,10058
1222,45985.605047774,45985.605276308,,2,GPU-5443d59d-561f-ed1e-da42-1975937205f9,ok,100,20,1515,348.724,76,1440,9501,3173,14501
1223,45986.605047774,45986.605283796,,2,GPU-5443d59d-561f-ed1e-da42-1975937205f9,ok,100,22,1515,348.976,76,1440,9501,5712,7861
1224,45987.605047774,45987.605276094,,2,GPU-5443d59d-561f-ed1e-da42-1975937205f9,ok,100,21,1515,349.104,76,1455,9501,3076,13232
1225,45988.605047774,45988.605297292,,2,GPU-5443d59d-561f-ed1e-da42-1975937205f9,ok,100,24,1515,348.684,76,1380,9501,5029,9472
1226,45989.605047774,45989.60528079,,2,GPU-5443d59d-561f-ed1e-da42-1975937205f9,ok,100,22,1515,349.167,76,1455,9501,3906,10546
1227,45990.605047774,45990.605279668,,2,GPU-5443d59d-561f-ed1e-da42-1975937205f9,ok,100,20,1515,348.926,76,1425,9501,4541,11376
1228,45991.605047774,45991.605273496,,2,GPU-5443d59d-561f-ed1e-da42-1975937205f9,ok,100,21,1515,349.086,76,1440,9501,4248,10107
1229,45992.605047774,45992.605270204,,2,GPU-5443d59d-561f-ed1e-da42-1975937205f9,ok,100,21,1515,349.334,76,1440,9501,4443,13476
1230,45993.605047774,45993.605278812,,2,GPU-5443d59d-561f-ed1e-da42-1975937205f9,ok,100,21,1515,349.211,76,1440,9501,5322,8447
1231,45994.605047774,45994.60534724,,2,GPU-5443d59d-561f-ed1e-da42-1975937205f9,ok,100,20,1515,349.136,76,1425,9501,3613,13867
1232,45995.605047774,45995.605357458,,2,GPU-5443d59d-561f-ed1e-da42-1975937205f9,ok,100,21,1515,348.898,76,1440,9501,5957,7324
1233,45996.605047774,45996.605351966,,2,GPU-5443d59d-561f-ed1e-da42-1975937205f9,ok,100,20,1515,349.003,76,1440,9501,3027,14062
1234,45997.605047774,45997.605355834,,2,GPU-5443d59d-561f-ed1e-da42-1975937205f9,ok,100,21,1515,348.596,76,1425,9501,5566,8789
1235,45998.605047774,45998.605354332,,2,GPU-5443d59d-561f-ed1e-da42-1975937205f9,ok,100,21,1515,349.43,76,1440,9501,3320,12841
1236,45999.605047774,45999.60535913,,2,GPU-5443d59d-561f-ed1e-da42-1975937205f9,ok,100,21,1515,348.854,76,1440,9501,4882,9082
1237,46000.605047774,46000.605356458,,2,GPU-5443d59d-561f-ed1e-da42-1975937205f9,ok,100,22,1515,349.244,76,1440,9501,3515,11474
1238,46001.605047774,46001.605356176,,2,GPU-5443d59d-561f-ed1e-da42-1975937205f9,ok,100,20,1515,348.895,76,1440,9501,4931,9521
1239,46002.605047774,46002.605356465,,2,GPU-5443d59d-561f-ed1e-da42-1975937205f9,ok,100,21,1515,349.14,76,1440,9501,3759,10742
1240,46003.605047774,46003.605353533,,2,GPU-5443d59d-561f-ed1e-da42-1975937205f9,ok,100,22,1515,348.995,76,1395,9501,4296,12451
1241,46004.605047774,46004.605354321,,2,GPU-5443d59d-561f-ed1e-da42-1975937205f9,ok,100,26,1515,349.169,76,1410,9501,4882,9033
1242,46005.605047774,46005.605360319,,2,GPU-5443d59d-561f-ed1e-da42-1975937205f9,ok,100,23,1515,348.618,76,1425,9501,3173,14355
1243,46006.605047774,46006.605361387,,2,GPU-5443d59d-561f-ed1e-da42-1975937205f9,ok,100,21,1515,348.138,76,1425,9501,5810,8007
1244,46007.605047774,46007.605375715,,2,GPU-5443d59d-561f-ed1e-da42-1975937205f9,ok,100,21,1515,348.918,76,1440,9501,3125,15087
1245,46008.605047774,46008.605352753,,2,GPU-5443d59d-561f-ed1e-da42-1975937205f9,ok,100,20,1515,348.883,76,1440,9501,5175,8300
1246,46009.605047774,46009.605353121,,2,GPU-5443d59d-561f-ed1e-da42-1975937205f9,ok,100,22,1515,349.12,76,1440,9501,3369,13134
1247,46010.605047774,46010.605351209,,2,GPU-5443d59d-561f-ed1e-da42-1975937205f9,ok,100,20,1515,349.069,76,1440,9501,5126,9814
1248,46011.605047774,46011.605355847,,2,GPU-5443d59d-561f-ed1e-da42-1975937205f9,ok,100,22,1515,348.957,76,1440,9501,3906,11035
1249,46012.605047774,46012.605354025,,2,GPU-5443d59d-561f-ed1e-da42-1975937205f9,ok,100,21,1515,349.294,76,1440,9501,4248,11328
1250,46013.605047774,46013.605352483,,2,GPU-5443d59d-561f-ed1e-da42-1975937205f9,ok,100,22,1515,349.019,76,1440,9501,4638,9179
1251,46014.605047774,46014.605352511,,2,GPU-5443d59d-561f-ed1e-da42-1975937205f9,ok,100,20,1515,349.345,76,1440,9501,4101,13134
1252,46015.605047774,46015.605354519,,2,GPU-5443d59d-561f-ed1e-da42-1975937205f9,ok,100,21,1515,348.868,76,1455,9501,5029,8349
1253,46016.605047774,46016.605342817,,2,GPU-5443d59d-561f-ed1e-da42-1975937205f9,ok,100,21,1515,349.537,76,1440,9501,4150,16406
1254,46017.605047774,46017.605353495,,2,GPU-5443d59d-561f-ed1e-da42-1975937205f9,ok,100,20,1515,349.068,76,1440,9501,5859,7470
1255,46018.605047774,46018.605354573,,2,GPU-5443d59d-561f-ed1e-da42-1975937205f9,ok,100,21,1515,349.084,76,1425,9501,3125,13476
1256,46019.605047774,46019.605356561,,2,GPU-5443d59d-561f-ed1e-da42-1975937205f9,ok,100,21,1515,348.999,76,1455,9501,6445,8203
1257,46020.605047774,46020.605353419,,2,GPU-5443d59d-561f-ed1e-da42-1975937205f9,ok,100,22,1515,348.887,76,1440,9501,3417,11767
1258,46021.605047774,46021.605353987,,2,GPU-5443d59d-561f-ed1e-da42-1975937205f9,ok,100,20,1515,349.051,76,1440,9501,4931,10009
1259,46022.605047774,46022.605353555,,2,GPU-5443d59d-561f-ed1e-da42-1975937205f9,ok,100,24,1515,348.674,76,1425,9501,4003,11132
1260,46023.605047774,46023.605353423,,2,GPU-5443d59d-561f-ed1e-da42-1975937205f9,ok,100,20,1515,348.524,76,1440,9501,4833,10839
1261,46024.605047774,46024.605351121,,2,GPU-5443d59d-561f-ed1e-da42-1975937205f9,ok,100,21,1515,348.44,76,1440,9501,4589,10009
1262,46025.605047774,46025.605354269,,2,GPU-5443d59d-561f-ed1e-da42-1975937205f9,ok,100,19,1515,348.842,76,1410,9501,4101,11523
1263,46026.605047774,46026.605359187,,2,GPU-5443d59d-561f-ed1e-da42-1975937205f9,ok,100,21,1515,348.568,76,1440,9501,4199,10205
1264,46027.605047774,46027.605351475,,2,GPU-5443d59d-561f-ed1e-da42-1975937205f9,ok,100,20,1515,348.98,76,1410,9501,4443,11865
1265,46028.605047774,46028.605377413,,2,GPU-5443d59d-561f-ed1e-da42-1975937205f9,ok,100,22,1515,348.704,76,1440,9501,4785,8691
1266,46029.605047774,46029.605350621,,2,GPU-5443d59d-561f-ed1e-da42-1975937205f9,ok,100,24,1515,348.627,76,1455,9501,3515,13916
1267,46030.605047774,46030.605349049,,2,GPU-5443d59d-561f-ed1e-da42-1975937205f9,ok,100,21,1515,348.922,76,1455,9501,5419,7470
1268,46031.605047774,46031.605345897,,2,GPU-5443d59d-561f-ed1e-da42-1975937205f9,ok,100,22,1515,349.788,76,1440,9501,3125,13720
1269,46032.605047774,46032.605361935,,2,GPU-5443d59d-561f-ed1e-da42-1975937205f9,ok,100,20,1515,349.273,76,1440,9501,5761,7275
1270,46033.605047774,46033.605349123,,2,GPU-5443d59d-561f-ed1e-da42-1975937205f9,ok,100,23,1515,349.128,76,1440,9501,3222,13037
1271,46034.605047774,46034.605367801,,2,GPU-5443d59d-561f-ed1e-da42-1975937205f9,ok,100,20,1515,349.7,76,1440,9501,5566,9082
1272,46035.605047774,46035.605349659,,2,GPU-5443d59d-561f-ed1e-da42-1975937205f9,ok,100,21,1515,348.889,76,1455,9501,3515,12011
1273,46036.605047774,46036.605353547,,2,GPU-5443d59d-561f-ed1e-da42-1975937205f9,ok,100,21,1515,348.859,76,1440,9501,4589,11083
1274,46037.605047774,46037.605355225,,2,GPU-5443d59d-561f-ed1e-da42-1975937205f9,ok,100,24,1515,349.433,76,1425,9501,4980,8154
1275,46038.605047774,46038.605351663,,2,GPU-5443d59d-561f-ed1e-da42-1975937205f9,ok,100,21,1515,349.392,76,1440,9501,3808,12451
1276,46039.605047774,46039.605353011,,2,GPU-5443d59d-561f-ed1e-da42-1975937205f9,ok,100,20,1515,349.04,76,1440,9501,5468,7324
1277,46040.605047774,46040.605350039,,2,GPU-5443d59d-561f-ed1e-da42-1975937205f9,ok,100,21,1515,349.02,76,1455,9501,3271,14794
1278,46041.605047774,46041.605351367,,2,GPU-5443d59d-561f-ed1e-da42-1975937205f9,ok,100,20,1515,349.151,76,1440,9501,5517,7421
1279,46042.605047774,46042.605354975,,2,GPU-5443d59d-561f-ed1e-da42-1975937205f9,ok,100,21,1515,348.97,76,1455,9501,3222,17187
1280,46043.605047774,46043.605353393,,2,GPU-5443d59d-561f-ed1e-da42-1975937205f9,ok,100,20,1515,349.086,76,1440,9501,5322,8642
1281,46044.605047774,46044.605347731,,2,GPU-5443d59d-561f-ed1e-da42-1975937205f9,ok,100,22,1515,348.941,76,1455,9501,3320,12500
1282,46045.605047774,46045.60535261,,2,GPU-5443d59d-561f-ed1e-da42-1975937205f9,ok,100,24,1515,349.299,76,1395,9501,4980,12597
1283,46046.605047774,46046.605349638,,2,GPU-5443d59d-561f-ed1e-da42-1975937205f9,ok,100,20,1515,348.67,76,1455,9501,4443,9765
1284,46047.605047774,46047.605352496,,2,GPU-5443d59d-561f-ed1e-da42-1975937205f9,ok,100,21,1515,349.426,76,1425,9501,4052,10107
1285,46048.605047774,46048.605349844,,2,GPU-5443d59d-561f-ed1e-da42-1975937205f9,ok,100,20,1515,348.879,76,1440,9501,5029,8105
1286,46049.605047774,46049.605351182,,2,GPU-5443d59d-561f-ed1e-da42-1975937205f9,ok,100,22,1515,348.886,76,1455,9501,3466,13330
1287,46050.605047774,46050.60535161,,2,GPU-5443d59d-561f-ed1e-da42-1975937205f9,ok,100,21,1515,348.969,76,1440,9501,5371,7421
1288,46051.605047774,46051.605356288,,2,GPU-5443d59d-561f-ed1e-da42-1975937205f9,ok,100,22,1515,349.405,76,1455,9501,3076,14208
1289,46052.605047774,46052.605348216,,2,GPU-5443d59d-561f-ed1e-da42-1975937205f9,ok,100,20,1515,349.451,76,1440,9501,5371,8300
1290,46053.605047774,46053.605363654,,2,GPU-5443d59d-561f-ed1e-da42-1975937205f9,ok,100,21,1515,348.972,76,1440,9501,3955,11083
1291,46054.605047774,46054.605362992,,2,GPU-5443d59d-561f-ed1e-da42-1975937205f9,ok,100,22,1515,349.38,76,1425,9501,4882,7812
1292,46055.605047774,46055.60536393,,2,GPU-5443d59d-561f-ed1e-da42-1975937205f9,ok,100,28,1515,348.835,76,1455,9501,5175,8349
1293,46056.605047774,46056.605363558,,2,GPU-5443d59d-561f-ed1e-da42-1975937205f9,ok,100,22,1515,348.963,76,1440,9501,4052,12500
1294,46057.605047774,46057.605362016,,2,GPU-5443d59d-561f-ed1e-da42-1975937205f9,ok,100,24,1515,349.105,76,1425,9501,5126,8740
1295,46058.605047774,46058.605350324,,2,GPU-5443d59d-561f-ed1e-da42-1975937205f9,ok,100,24,1515,348.512,76,1440,9501,3320,14892
1296,46059.605047774,46059.605350472,,2,GPU-5443d59d-561f-ed1e-da42-1975937205f9,ok,100,20,1515,349.009,76,1440,9501,6933,8007
1297,46060.605047774,46060.60535233,,2,GPU-5443d59d-561f-ed1e-da42-1975937205f9,ok,100,20,1515,348.772,76,1440,9501,3466,12548
1298,46061.605047774,46061.605352748,,2,GPU-5443d59d-561f-ed1e-da42-1975937205f9,ok,100,21,1515,349.061,76,1425,9501,5419,4150
1299,46062.605047774,46062.605358846,,2,GPU-5443d59d-561f-ed1e-da42-1975937205f9,ok,100,21,1515,348.832,76,1455,9501,3466,12109
1300,46063.605047774,46063.605368344,,2,GPU-5443d59d-561f-ed1e-da42-1975937205f9,ok,100,22,1515,349.276,76,1440,9501,4541,9960
1301,46064.605047774,46064.605366752,,2,GPU-5443d59d-561f-ed1e-da42-1975937205f9,ok,100,21,1515,349.045,76,1455,9501,3955,10742
1302,46065.605047774,46065.60535697,,2,GPU-5443d59d-561f-ed1e-da42-1975937205f9,ok,100,22,1515,349.338,76,1440,9501,4199,11132
1303,46066.605047774,46066.605370998,,2,GPU-5443d59d-561f-ed1e-da42-1975937205f9,ok,100,21,1515,349.278,76,1440,9501,4638,15185
1304,46067.605047774,46067.605368016,,2,GPU-5443d59d-561f-ed1e-da42-1975937205f9,ok,100,21,1515,349.315,76,1440,9501,3564,13085
1305,46068.605047774,46068.605371864,,2,GPU-5443d59d-561f-ed1e-da42-1975937205f9,ok,100,21,1515,349.116,76,1440,9501,4296,292
1306,46069.605047774,46069.605375562,,2,GPU-5443d59d-561f-ed1e-da42-1975937205f9,ok,100,21,1515,349.04,76,1425,9501,3955,17871
1307,46070.605047774,46070.60536632,,2,GPU-5443d59d-561f-ed1e-da42-1975937205f9,ok,100,20,1515,349.258,76,1455,9501,5273,7226
1308,46071.605047774,46071.605362208,,2,GPU-5443d59d-561f-ed1e-da42-1975937205f9,ok,100,21,1515,348.921,76,1425,9501,4003,18945
1309,46072.605047774,46072.605370406,,2,GPU-5443d59d-561f-ed1e-da42-1975937205f9,ok,100,21,1515,349.434,76,1455,9501,5761,7763
1310,46073.605047774,46073.605373854,,2,GPU-5443d59d-561f-ed1e-da42-1975937205f9,ok,100,20,1515,348.854,76,1440,9501,3125,12744
1311,46074.605047774,46074.605365442,,2,GPU-5443d59d-561f-ed1e-da42-1975937205f9,ok,100,22,1515,349.271,76,1440,9501,5419,11914
1312,46075.605047774,46075.60533376,,2,GPU-5443d59d-561f-ed1e-da42-1975937205f9,ok,100,21,1515,349.298,76,1440,9501,2490,292
1313,46076.605047774,46076.605325428,,2,GPU-5443d59d-561f-ed1e-da42-1975937205f9,ok,100,25,1515,348.555,76,1425,9501,4541,16113
1314,46077.605047774,46077.605329276,,2,GPU-5443d59d-561f-ed1e-da42-1975937205f9,ok,100,21,1515,348.769,76,1440,9501,5322,8886
1315,46078.605047774,46078.605328884,,2,GPU-5443d59d-561f-ed1e-da42-1975937205f9,ok,100,21,1515,348.652,76,1410,9501,3222,13574
1316,46079.605047774,46079.605326792,,2,GPU-5443d59d-561f-ed1e-da42-1975937205f9,ok,100,19,1515,349.054,76,1440,9501,5371,7275
1317,46080.605047774,46080.60532829,,2,GPU-5443d59d-561f-ed1e-da42-1975937205f9,ok,100,20,1515,348.706,76,1440,9501,3027,14208
1318,46081.605047774,46081.605328928,,2,GPU-5443d59d-561f-ed1e-da42-1975937205f9,ok,100,21,1515,349.282,76,1440,9501,5859,9033
1319,46082.605047774,46082.605326146,,2,GPU-5443d59d-561f-ed1e-da42-1975937205f9,ok,100,20,1515,349.151,76,1440,9501,1806,341
1320,46083.605047774,46083.605325974,,2,GPU-5443d59d-561f-ed1e-da42-1975937205f9,ok,100,22,1515,348.908,76,1440,9501,4296,11474
1321,46084.605047774,46084.605330692,,2,GPU-5443d59d-561f-ed1e-da42-1975937205f9,ok,100,20,1515,348.958,76,1440,9501,4101,10351
1322,46085.605047774,46085.60534283,,2,GPU-5443d59d-561f-ed1e-da42-1975937205f9,ok,100,21,1515,348.81,76,1440,9501,4248,11523
1323,46086.605047774,46086.605328728,,2,GPU-5443d59d-561f-ed1e-da42-1975937205f9,ok,100,23,1515,349.237,76,1425,9501,4785,8789
1324,46087.605047774,46087.605328946,,2,GPU-5443d59d-561f-ed1e-da42-1975937205f9,ok,100,21,1515,348.439,76,1425,9501,3222,14062
1325,46088.605047774,46088.605325124,,2,GPU-5443d59d-561f-ed1e-da42-1975937205f9,ok,100,19,1515,349.076,76,1425,9501,5224,7275
1326,46089.605047774,46089.605324073,,2,GPU-5443d59d-561f-ed1e-da42-1975937205f9,ok,100,21,1515,348.462,76,1440,9501,488,292
1327,46090.605047774,46090.605330611,,2,GPU-5443d59d-561f-ed1e-da42-1975937205f9,ok,100,21,1515,349.222,76,1440,9501,5810,7275
1328,46091.605047774,46091.605328969,,2,GPU-5443d59d-561f-ed1e-da42-1975937205f9,ok,100,21,1515,348.987,76,1440,9501,3027,12890
1329,46092.605047774,46092.605324587,,2,GPU-5443d59d-561f-ed1e-da42-1975937205f9,ok,100,22,1515,349.219,76,1440,9501,5273,8447
1330,46093.605047774,46093.605330385,,2,GPU-5443d59d-561f-ed1e-da42-1975937205f9,ok,100,20,1515,349.008,76,1440,9501,3125,12744
1331,46094.605047774,46094.605325113,,2,GPU-5443d59d-561f-ed1e-da42-1975937205f9,ok,100,21,1515,349.067,76,1440,9501,5517,8837
1332,46095.605047774,46095.605328271,,2,GPU-5443d59d-561f-ed1e-da42-1975937205f9,ok,100,29,1515,348.668,76,1455,9501,3613,11572
1333,46096.605047774,46096.605334349,,2,GPU-5443d59d-561f-ed1e-da42-1975937205f9,ok,100,27,1515,348.169,76,1440,9501,439,3955
1334,46097.605047774,46097.605333007,,2,GPU-5443d59d-561f-ed1e-da42-1975937205f9,ok,100,20,1515,348.679,76,1455,9501,4296,10839
1335,46098.605047774,46098.605349065,,2,GPU-5443d59d-561f-ed1e-da42-1975937205f9,ok,100,21,1515,348.941,76,1425,9501,4492,11816
1336,46099.605047774,46099.605323743,,2,GPU-5443d59d-561f-ed1e-da42-1975937205f9,ok,100,20,1515,348.976,76,1455,9501,4443,9570
1337,46100.605047774,46100.605327301,,2,GPU-5443d59d-561f-ed1e-da42-1975937205f9,ok,100,22,1515,348.967,76,1440,9501,3613,14208
1338,46101.605047774,46101.605325669,,2,GPU-5443d59d-561f-ed1e-da42-1975937205f9,ok,100,24,1515,348.955,76,1440,9501,5273,7324
1339,46102.605047774,46102.605297667,,2,GPU-5443d59d-561f-ed1e-da42-1975937205f9,ok,100,30,1515,348.394,76,1455,9501,3027,13183
1340,46103.605047774,46103.605326465,,2,GPU-5443d59d-561f-ed1e-da42-1975937205f9,ok,100,21,1515,349.741,76,1440,9501,488,6005
1341,46104.605047774,46104.605329033,,2,GPU-5443d59d-561f-ed1e-da42-1975937205f9,ok,100,20,1515,349.069,76,1440,9501,3759,12109
1342,46105.605047774,46105.605323761,,2,GPU-5443d59d-561f-ed1e-da42-1975937205f9,ok,100,28,1515,348.824,76,1410,9501,4150,11816
1343,46106.605047774,46106.605326759,,2,GPU-5443d59d-561f-ed1e-da42-1975937205f9,ok,100,19,1515,349.27,76,1455,9501,4345,9423
1344,46107.605047774,46107.605327237,,2,GPU-5443d59d-561f-ed1e-da42-1975937205f9,ok,100,21,1515,348.973,76,1440,9501,4150,12597
1345,46108.605047774,46108.605326375,,2,GPU-5443d59d-561f-ed1e-da42-1975937205f9,ok,100,21,1515,348.983,76,1440,9501,4638,8447
1346,46109.605047774,46109.605330163,,2,GPU-5443d59d-561f-ed1e-da42-1975937205f9,ok,100,21,1515,348.919,76,1440,9501,3662,12744
1347,46110.605047774,46110.605329731,,2,GPU-5443d59d-561f-ed1e-da42-1975937205f9,ok,100,21,1515,349.172,76,1440,9501,878,7958
1348,46111.605047774,46111.605327459,,2,GPU-5443d59d-561f-ed1e-da42-1975937205f9,ok,100,26,1515,348.246,76,1425,9501,4003,14306
1349,46112.605047774,46112.605330237,,2,GPU-5443d59d-561f-ed1e-da42-1975937205f9,ok,100,20,1515,348.771,76,1440,9501,5957,7666
1350,46113.605047774,46113.605336275,,2,GPU-5443d59d-561f-ed1e-da42-1975937205f9,ok,100,21,1515,349.056,76,1440,9501,3125,14794
1351,46114.605047774,46114.605327963,,2,GPU-5443d59d-561f-ed1e-da42-1975937205f9,ok,100,22,1515,349.549,76,1440,9501,5322,7226
1352,46115.605047774,46115.605328771,,2,GPU-5443d59d-561f-ed1e-da42-1975937205f9,ok,100,21,1515,348.938,76,1440,9501,3125,14453
1353,46116.605047774,46116.605328389,,2,GPU-5443d59d-561f-ed1e-da42-1975937205f9,ok,100,27,1515,349.173,76,1440,9501,5126,8398
1354,46117.605047774,46117.605338747,,2,GPU-5443d59d-561f-ed1e-da42-1975937205f9,ok,100,23,1515,348.901,76,1425,9501,1904,9277
1355,46118.605047774,46118.605334455,,2,GPU-5443d59d-561f-ed1e-da42-1975937205f9,ok,100,20,1515,348.921,76,1425,9501,7031,14257
1356,46119.605047774,46119.605352113,,2,GPU-5443d59d-561f-ed1e-da42-1975937205f9,ok,100,23,1515,348.842,76,1440,9501,5419,8007
1357,46120.605047774,46120.605339561,,2,GPU-5443d59d-561f-ed1e-da42-1975937205f9,ok,100,20,1515,348.836,76,1440,9501,3320,14355
1358,46121.605047774,46121.605336749,,2,GPU-5443d59d-561f-ed1e-da42-1975937205f9,ok,100,21,1515,349.055,76,1440,9501,5273,7666
1359,46122.605047774,46122.605335057,,2,GPU-5443d59d-561f-ed1e-da42-1975937205f9,ok,100,31,1515,348.728,76,1425,9501,3173,15185
1360,46123.605047774,46123.605331035,,2,GPU-5443d59d-561f-ed1e-da42-1975937205f9,ok,100,22,1515,349.153,76,1455,9501,5517,7421
1361,46124.605047774,46124.605333973,,2,GPU-5443d59d-561f-ed1e-da42-1975937205f9,ok,100,21,1515,349.091,76,1425,9501,3173,14013
1362,46125.605047774,46125.605405821,,2,GPU-5443d59d-561f-ed1e-da42-1975937205f9,ok,100,21,1515,349.403,76,1455,9501,5517,7568
1363,46126.605047774,46126.6058421,,2,GPU-5443d59d-561f-ed1e-da42-1975937205f9,ok,100,21,1515,349.01,76,1425,9501,2978,13574
1364,46127.605047774,46127.605446987,,2,GPU-5443d59d-561f-ed1e-da42-1975937205f9,ok,100,21,1515,348.861,76,1440,9501,5468,7910
1365,46128.605047774,46128.605480505,,2,GPU-5443d59d-561f-ed1e-da42-1975937205f9,ok,100,21,1515,349.053,76,1425,9501,3076,13232
1366,46129.605047774,46129.605327323,,2,GPU-5443d59d-561f-ed1e-da42-1975937205f9,ok,100,21,1515,349.064,76,1440,9501,5371,8251
1367,46130.605047774,46130.605330781,,2,GPU-5443d59d-561f-ed1e-da42-1975937205f9,ok,100,20,1515,348.86,76,1440,9501,3271,12255
1368,46131.605047774,46131.605327579,,2,GPU-5443d59d-561f-ed1e-da42-1975937205f9,ok,100,22,1515,349.045,76,1440,9501,4638,10595
1369,46132.605047774,46132.605332498,,2,GPU-5443d59d-561f-ed1e-da42-1975937205f9,ok,100,20,1515,349.547,76,1440,9501,3710,10791
1370,46133.605047774,46133.605330606,,2,GPU-5443d59d-561f-ed1e-da42-1975937205f9,ok,100,22,1515,348.82,76,1440,9501,4345,10302
1371,46134.605047774,46134.605330764,,2,GPU-5443d59d-561f-ed1e-da42-1975937205f9,ok,100,21,1515,349.101,76,1440,9501,4101,10107
1372,46135.605047774,46135.605265922,,2,GPU-5443d59d-561f-ed1e-da42-1975937205f9,ok,100,21,1515,349.118,76,1440,9501,4052,12451
1373,46136.605047774,46136.60521874,,2,GPU-5443d59d-561f-ed1e-da42-1975937205f9,ok,100,25,1515,348.62,76,1440,9501,5029,8154
1374,46137.605047774,46137.605351838,,2,GPU-5443d59d-561f-ed1e-da42-1975937205f9,ok,100,20,1515,348.491,76,1440,9501,3515,13720
1375,46138.605047774,46138.605381166,,2,GPU-5443d59d-561f-ed1e-da42-1975937205f9,ok,100,22,1515,348.997,76,1440,9501,5224,7568
1376,46139.605047774,46139.605356554,,2,GPU-5443d59d-561f-ed1e-da42-1975937205f9,ok,100,21,1515,349.124,76,1425,9501,3222,13916
1377,46140.605047774,46140.605354922,,2,GPU-5443d59d-561f-ed1e-da42-1975937205f9,ok,100,23,1515,348.996,76,1455,9501,7128,8349
1378,46141.605047774,46141.60552538,,2,GPU-5443d59d-561f-ed1e-da42-1975937205f9,ok,100,24,1515,350.111,76,1425,9501,3662,10351
1379,46142.605047774,46142.605360618,,2,GPU-5443d59d-561f-ed1e-da42-1975937205f9,ok,100,21,1515,348.772,76,1440,9501,6640,15332
1380,46143.605047774,46143.605446906,,2,GPU-5443d59d-561f-ed1e-da42-1975937205f9,ok,100,22,1515,349.304,76,1455,9501,4882,8007
1381,46144.605047774,46144.605330224,,2,GPU-5443d59d-561f-ed1e-da42-1975937205f9,ok,100,21,1515,349.075,76,1440,9501,3320,14599
1382,46145.605047774,46145.605356522,,2,GPU-5443d59d-561f-ed1e-da42-1975937205f9,ok,100,21,1515,349.2,76,1425,9501,5615,7470
1383,46146.605047774,46146.60535554,,2,GPU-5443d59d-561f-ed1e-da42-1975937205f9,ok,100,24,1515,348.978,76,1425,9501,3125,12255
1384,46147.605047774,46147.61132253,,2,GPU-5443d59d-561f-ed1e-da42-1975937205f9,ok,100,21,1515,349.316,76,1440,9501,5322,7910
1385,46148.605047774,46148.605442616,,2,GPU-5443d59d-561f-ed1e-da42-1975937205f9,ok,100,24,1515,348.495,76,1440,9501,3662,11669
1386,46149.605047774,46149.605296714,,2,GPU-5443d59d-561f-ed1e-da42-1975937205f9,ok,100,27,1515,347.745,76,1440,9501,4150,11816
1387,46150.605047774,46150.605320722,,2,GPU-5443d59d-561f-ed1e-da42-1975937205f9,ok,100,22,1515,348.947,76,1440,9501,4541,9130
1388,46151.605047774,46151.60535257,,2,GPU-5443d59d-561f-ed1e-da42-1975937205f9,ok,100,20,1515,349.085,76,1425,9501,3808,13134
1389,46152.605047774,46152.605293248,,2,GPU-5443d59d-561f-ed1e-da42-1975937205f9,ok,100,22,1515,349.245,76,1440,9501,4882,7666
1390,46153.605047774,46153.605298866,,2,GPU-5443d59d-561f-ed1e-da42-1975937205f9,ok,100,20,1515,349.073,76,1425,9501,3955,16894
1391,46154.605047774,46154.605352564,,2,GPU-5443d59d-561f-ed1e-da42-1975937205f9,ok,100,21,1515,348.903,76,1440,9501,5322,8056
1392,46155.605047774,46155.605355352,,2,GPU-5443d59d-561f-ed1e-da42-1975937205f9,ok,100,23,1515,348.58,76,1440,9501,3271,12988
1393,46156.605047774,46156.60529598,,2,GPU-5443d59d-561f-ed1e-da42-1975937205f9,ok,100,21,1515,348.462,76,1440,9501,7714,10693
1394,46157.605047774,46157.605289728,,2,GPU-5443d59d-561f-ed1e-da42-1975937205f9,ok,100,24,1515,349.263,76,1440,9501,3857,10742
1395,46158.605047774,46158.605357426,,2,GPU-5443d59d-561f-ed1e-da42-1975937205f9,ok,100,19,1515,348.732,76,1440,9501,4199,11376
1396,46159.605047774,46159.605365124,,2,GPU-5443d59d-561f-ed1e-da42-1975937205f9,ok,100,22,1515,349.103,76,1455,9501,4150,10400
1397,46160.605047774,46160.605424472,,2,GPU-5443d59d-561f-ed1e-da42-1975937205f9,ok,100,21,1515,348.966,76,1425,9501,4394,11279
1398,46161.605047774,46161.60526673,,2,GPU-5443d59d-561f-ed1e-da42-1975937205f9,ok,100,21,1515,349.235,76,1455,9501,4150,9814
1399,46162.605047774,46162.605331068,,2,GPU-5443d59d-561f-ed1e-da42-1975937205f9,ok,100,20,1515,349.089,76,1425,9501,4052,11962
1400,46163.605047774,46163.605337206,,2,GPU-5443d59d-561f-ed1e-da42-1975937205f9,ok,100,22,1515,349.092,76,1440,9501,4541,8544
1401,46164.605047774,46164.605331984,,2,GPU-5443d59d-561f-ed1e-da42-1975937205f9,ok,100,20,1515,349.416,76,1440,9501,3222,12939
1402,46165.605047774,46165.605341552,,2,GPU-5443d59d-561f-ed1e-da42-1975937205f9,ok,100,22,1515,349.361,76,1440,9501,5078,7470
1403,46166.605047774,46166.6053535,,2,GPU-5443d59d-561f-ed1e-da42-1975937205f9,ok,100,21,1515,349.437,76,1440,9501,2929,13476
1404,46167.605047774,46167.605334888,,2,GPU-5443d59d-561f-ed1e-da42-1975937205f9,ok,100,22,1515,349.3,76,1440,9501,5224,8105
1405,46168.605047774,46168.605333796,,2,GPU-5443d59d-561f-ed1e-da42-1975937205f9,ok,100,22,1515,349.692,76,1440,9501,3173,12597
1406,46169.605047774,46169.605338424,,2,GPU-5443d59d-561f-ed1e-da42-1975937205f9,ok,100,21,1515,349.165,76,1425,9501,4541,9765
1407,46170.605047774,46170.605334312,,2,GPU-5443d59d-561f-ed1e-da42-1975937205f9,ok,100,22,1515,348.8,76,1440,9501,4052,9814
1408,46171.605047774,46171.60535434,,2,GPU-5443d59d-561f-ed1e-da42-1975937205f9,ok,100,28,1515,348.853,76,1425,9501,4101,12500
1409,46172.605047774,46172.605355028,,2,GPU-5443d59d-561f-ed1e-da42-1975937205f9,ok,100,25,1515,348.43,76,1440,9501,5273,7470
1410,46173.605047774,46173.605352956,,2,GPU-5443d59d-561f-ed1e-da42-1975937205f9,ok,100,21,1515,348.642,76,1440,9501,2978,13671
1411,46174.605047774,46174.605352494,,2,GPU-5443d59d-561f-ed1e-da42-1975937205f9,ok,100,22,1515,349.543,76,1440,9501,5273,7910
1412,46175.605047774,46175.605404873,,2,GPU-5443d59d-561f-ed1e-da42-1975937205f9,ok,100,21,1515,349.07,76,1440,9501,3222,12207
1413,46176.605047774,46176.605352761,,2,GPU-5443d59d-561f-ed1e-da42-1975937205f9,ok,100,22,1515,348.908,76,1425,9501,5322,8740
1414,46177.605047774,46177.605356709,,2,GPU-5443d59d-561f-ed1e-da42-1975937205f9,ok,100,22,1515,349.339,76,1425,9501,4150,14941
1415,46178.605047774,46178.605371457,,2,GPU-5443d59d-561f-ed1e-da42-1975937205f9,ok,100,21,1515,349.126,76,1440,9501,4492,11572
1416,46179.605047774,46179.605357705,,2,GPU-5443d59d-561f-ed1e-da42-1975937205f9,ok,100,22,1515,348.893,76,1440,9501,4589,9521
1417,46180.605047774,46180.605370643,,2,GPU-5443d59d-561f-ed1e-da42-1975937205f9,ok,100,21,1515,349.473,76,1440,9501,3906,11572
1418,46181.605047774,46181.605364191,,2,GPU-5443d59d-561f-ed1e-da42-1975937205f9,ok,100,21,1515,348.844,76,1440,9501,4736,8398
1419,46182.605047774,46182.605369469,,2,GPU-5443d59d-561f-ed1e-da42-1975937205f9,ok,100,21,1515,349.311,76,1440,9501,3613,13916
1420,46183.605047774,46183.605377087,,2,GPU-5443d59d-561f-ed1e-da42-1975937205f9,ok,100,22,1515,349.21,76,1440,9501,5566,7373
1421,46184.605047774,46184.605368395,,2,GPU-5443d59d-561f-ed1e-da42-1975937205f9,ok,100,23,1515,349.25,76,1425,9501,3564,19140
1422,46185.605047774,46185.605375263,,2,GPU-5443d59d-561f-ed1e-da42-1975937205f9,ok,100,24,1515,349.7,76,1440,9501,5126,8837
1423,46186.605047774,46186.605363341,,2,GPU-5443d59d-561f-ed1e-da42-1975937205f9,ok,100,21,1515,349.268,76,1440,9501,3271,12841
1424,46187.605047774,46187.605369879,,2,GPU-5443d59d-561f-ed1e-da42-1975937205f9,ok,100,21,1515,348.906,76,1455,9501,5224,9619
1425,46188.605047774,46188.605319237,,2,GPU-5443d59d-561f-ed1e-da42-1975937205f9,ok,100,22,1515,349.226,76,1440,9501,3955,10107
1426,46189.605047774,46189.605293565,,2,GPU-5443d59d-561f-ed1e-da42-1975937205f9,ok,100,21,1515,348.803,76,1440,9501,4296,11181
1427,46190.605047774,46190.605293653,,2,GPU-5443d59d-561f-ed1e-da42-1975937205f9,ok,100,22,1515,349.226,76,1440,9501,4394,9472
1428,46191.605047774,46191.605295021,,2,GPU-5443d59d-561f-ed1e-da42-1975937205f9,ok,100,21,1515,349.344,76,1440,9501,6005,17480
1429,46192.605047774,46192.605298269,,2,GPU-5443d59d-561f-ed1e-da42-1975937205f9,ok,100,22,1515,349.475,76,1455,9501,4980,7958
1430,46193.605047774,46193.605293157,,2,GPU-5443d59d-561f-ed1e-da42-1975937205f9,ok,100,21,1515,349.327,76,1440,9501,3271,14257
1431,46194.605047774,46194.605290045,,2,GPU-5443d59d-561f-ed1e-da42-1975937205f9,ok,100,21,1515,348.882,76,1455,9501,5175,7470
1432,46195.605047774,46195.605290013,,2,GPU-5443d59d-561f-ed1e-da42-1975937205f9,ok,100,22,1515,349.122,76,1425,9501,3076,13232
1433,46196.605047774,46196.605292991,,2,GPU-5443d59d-561f-ed1e-da42-1975937205f9,ok,100,21,1515,349.239,76,1455,9501,5322,7275
1434,46197.605047774,46197.605293789,,2,GPU-5443d59d-561f-ed1e-da42-1975937205f9,ok,100,21,1515,349.365,76,1440,9501,3173,12597
1435,46198.605047774,46198.605284767,,2,GPU-5443d59d-561f-ed1e-da42-1975937205f9,ok,100,20,1515,349.282,76,1455,9501,5419,8203
1436,46199.605047774,46199.605278705,,2,GPU-5443d59d-561f-ed1e-da42-1975937205f9,ok,100,21,1515,349.316,76,1440,9501,3369,12011
1437,46200.605047774,46200.605358993,,2,GPU-5443d59d-561f-ed1e-da42-1975937205f9,ok,100,20,1515,349.22,76,1440,9501,5126,8837
1438,46201.605047774,46201.605352241,,2,GPU-5443d59d-561f-ed1e-da42-1975937205f9,ok,100,22,1515,349.158,76,1440,9501,4052,10595
1439,46202.605047774,46202.605354189,,2,GPU-5443d59d-561f-ed1e-da42-1975937205f9,ok,100,20,1515,349.058,76,1440,9501,3955,12695
1440,46203.605047774,46203.605352337,,2,GPU-5443d59d-561f-ed1e-da42-1975937205f9,ok,100,21,1515,349.123,76,1455,9501,4687,9472
1441,46204.605047774,46204.605301325,,2,GPU-5443d59d-561f-ed1e-da42-1975937205f9,ok,100,20,1515,349.784,76,1440,9501,3808,13671
1442,46205.605047774,46205.605290003,,2,GPU-5443d59d-561f-ed1e-da42-1975937205f9,ok,100,21,1515,349.362,76,1440,9501,4931,7666
1443,46206.605047774,46206.605305571,,2,GPU-5443d59d-561f-ed1e-da42-1975937205f9,ok,100,22,1515,349.312,76,1425,9501,3076,14404
1444,46207.605047774,46207.605293169,,2,GPU-5443d59d-561f-ed1e-da42-1975937205f9,ok,100,20,1515,349.06,76,1455,9501,5566,7373
1445,46208.605047774,46208.605264407,,2,GPU-5443d59d-561f-ed1e-da42-1975937205f9,ok,100,21,1515,349.185,76,1425,9501,3466,16552
1446,46209.605047774,46209.605271755,,2,GPU-5443d59d-561f-ed1e-da42-1975937205f9,ok,100,21,1515,349.041,76,1440,9501,5175,8691
1447,46210.605047774,46210.605268293,,2,GPU-5443d59d-561f-ed1e-da42-1975937205f9,ok,100,21,1515,349.056,76,1440,9501,3417,12207
1448,46211.605047774,46211.605271541,,2,GPU-5443d59d-561f-ed1e-da42-1975937205f9,ok,100,20,1515,348.942,76,1440,9501,4687,10009
1449,46212.605047774,46212.605271459,,2,GPU-5443d59d-561f-ed1e-da42-1975937205f9,ok,100,22,1515,348.747,76,1440,9501,3808,11181
1450,46213.605047774,46213.605275747,,2,GPU-5443d59d-561f-ed1e-da42-1975937205f9,ok,100,21,1515,349.27,76,1440,9501,4394,9814
1451,46214.605047774,46214.605265305,,2,GPU-5443d59d-561f-ed1e-da42-1975937205f9,ok,100,27,1515,348.309,76,1455,9501,4345,10253
1452,46215.605047774,46215.605278253,,2,GPU-5443d59d-561f-ed1e-da42-1975937205f9,ok,100,21,1515,348.979,76,1440,9501,4394,11767
1453,46216.605047774,46216.605265141,,2,GPU-5443d59d-561f-ed1e-da42-1975937205f9,ok,100,29,1515,348.637,76,1440,9501,4394,9326
1454,46217.605047774,46217.605279799,,2,GPU-5443d59d-561f-ed1e-da42-1975937205f9,ok,100,26,1515,348.612,76,1440,9501,4052,16748
1455,46218.605047774,46218.605277957,,2,GPU-5443d59d-561f-ed1e-da42-1975937205f9,ok,100,27,1515,348.335,76,1440,9501,6005,7812
1456,46219.605047774,46219.605262025,,2,GPU-5443d59d-561f-ed1e-da42-1975937205f9,ok,100,20,1515,348.747,76,1440,9501,3125,13330
1457,46220.605047774,46220.605270154,,2,GPU-5443d59d-561f-ed1e-da42-1975937205f9,ok,100,20,1515,348.817,76,1440,9501,6542,10546
1458,46221.605047774,46221.605279212,,2,GPU-5443d59d-561f-ed1e-da42-1975937205f9,ok,100,21,1515,348.815,76,1440,9501,3173,12939
1459,46222.605047774,46222.60527323,,2,GPU-5443d59d-561f-ed1e-da42-1975937205f9,ok,100,20,1515,349.13,76,1440,9501,5175,8886
1460,46223.605047774,46223.605263058,,2,GPU-5443d59d-561f-ed1e-da42-1975937205f9,ok,100,21,1515,349.113,76,1440,9501,4199,13281
1461,46224.605047774,46224.605259186,,2,GPU-5443d59d-561f-ed1e-da42-1975937205f9,ok,100,21,1515,348.81,76,1440,9501,4443,11230
1462,46225.605047774,46225.605272574,,2,GPU-5443d59d-561f-ed1e-da42-1975937205f9,ok,100,21,1515,349.159,76,1455,9501,4150,10595
1463,46226.605047774,46226.605263032,,2,GPU-5443d59d-561f-ed1e-da42-1975937205f9,ok,100,23,1515,349.216,76,1425,9501,5957,17089
1464,46227.605047774,46227.60527772,,2,GPU-5443d59d-561f-ed1e-da42-1975937205f9,ok,100,20,1515,349.263,76,1455,9501,4882,8398
1465,46228.605047774,46228.605264668,,2,GPU-5443d59d-561f-ed1e-da42-1975937205f9,ok,100,25,1515,348.696,76,1440,9501,3417,17187
1466,46229.605047774,46229.605261826,,2,GPU-5443d59d-561f-ed1e-da42-1975937205f9,ok,100,21,1515,348.771,76,1455,9501,6445,9472
1467,46230.605047774,46230.605269624,,2,GPU-5443d59d-561f-ed1e-da42-1975937205f9,ok,100,22,1515,349.488,76,1440,9501,3173,12646
1468,46231.605047774,46231.605283722,,2,GPU-5443d59d-561f-ed1e-da42-1975937205f9,ok,100,21,1515,349.198,76,1440,9501,5273,8349
1469,46232.605047774,46232.60527759,,2,GPU-5443d59d-561f-ed1e-da42-1975937205f9,ok,100,21,1515,348.816,76,1440,9501,3271,12792
1470,46233.605047774,46233.605279428,,2,GPU-5443d59d-561f-ed1e-da42-1975937205f9,ok,100,20,1515,349.233,76,1455,9501,5126,9326
1471,46234.605047774,46234.605284906,,2,GPU-5443d59d-561f-ed1e-da42-1975937205f9,ok,100,21,1515,349.086,76,1440,9501,3369,12207
1472,46235.605047774,46235.605278214,,2,GPU-5443d59d-561f-ed1e-da42-1975937205f9,ok,100,21,1515,349.519,76,1440,9501,4931,9960
1473,46236.605047774,46236.605254582,,2,GPU-5443d59d-561f-ed1e-da42-1975937205f9,ok,100,21,1515,349.101,76,1425,9501,4003,10400
1474,46237.605047774,46237.60528644,,2,GPU-5443d59d-561f-ed1e-da42-1975937205f9,ok,100,22,1515,349.081,76,1440,9501,4248,10839
1475,46238.605047774,46238.605289118,,2,GPU-5443d59d-561f-ed1e-da42-1975937205f9,ok,100,20,1515,349.214,76,1440,9501,4248,9423
1476,46239.605047774,46239.605253286,,2,GPU-5443d59d-561f-ed1e-da42-1975937205f9,ok,100,22,1515,348.899,76,1440,9501,4882,17578
1477,46240.605047774,46240.605287674,,2,GPU-5443d59d-561f-ed1e-da42-1975937205f9,ok,100,20,1515,349.754,76,1440,9501,4833,7861
1478,46241.605047774,46241.605271352,,2,GPU-5443d59d-561f-ed1e-da42-1975937205f9,ok,100,21,1515,349.087,76,1440,9501,3173,13427
1479,46242.605047774,46242.60526322,,2,GPU-5443d59d-561f-ed1e-da42-1975937205f9,ok,100,20,1515,349.144,76,1440,9501,5468,7373
1480,46243.605047774,46243.605270858,,2,GPU-5443d59d-561f-ed1e-da42-1975937205f9,ok,100,21,1515,348.612,76,1425,9501,3222,12988
1481,46244.605047774,46244.605267126,,2,GPU-5443d59d-561f-ed1e-da42-1975937205f9,ok,100,22,1515,348.692,76,1455,9501,4882,10302
1482,46245.605047774,46245.605270134,,2,GPU-5443d59d-561f-ed1e-da42-1975937205f9,ok,100,21,1515,349.339,76,1440,9501,3515,11279
1483,46246.605047774,46246.605263902,,2,GPU-5443d59d-561f-ed1e-da42-1975937205f9,ok,100,22,1515,349.296,76,1455,9501,4296,11083
1484,46247.605047774,46247.60526134,,2,GPU-5443d59d-561f-ed1e-da42-1975937205f9,ok,100,20,1515,349.504,76,1440,9501,4296,9863
1485,46248.605047774,46248.605265578,,2,GPU-5443d59d-561f-ed1e-da42-1975937205f9,ok,100,21,1515,349.235,76,1440,9501,4931,15429
1486,46249.605047774,46249.605277616,,2,GPU-5443d59d-561f-ed1e-da42-1975937205f9,ok,100,20,1515,349.241,76,1440,9501,6738,10742
1487,46250.605047774,46250.605269714,,2,GPU-5443d59d-561f-ed1e-da42-1975937205f9,ok,100,21,1515,348.805,76,1425,9501,3076,14306
1488,46251.605047774,46251.605259432,,2,GPU-5443d59d-561f-ed1e-da42-1975937205f9,ok,100,23,1515,349.325,76,1410,9501,5322,8007
1489,46252.605047774,46252.60524806,,2,GPU-5443d59d-561f-ed1e-da42-1975937205f9,ok,100,20,1515,348.544,76,1425,9501,3271,12500
1490,46253.605047774,46253.605261948,,2,GPU-5443d59d-561f-ed1e-da42-1975937205f9,ok,100,22,1515,349.081,76,1455,9501,5175,8984
1491,46254.605047774,46254.605261476,,2,GPU-5443d59d-561f-ed1e-da42-1975937205f9,ok,100,21,1515,349.44,76,1440,9501,3222,12939
1492,46255.605047774,46255.605270044,,2,GPU-5443d59d-561f-ed1e-da42-1975937205f9,ok,100,22,1515,349.405,76,1455,9501,5273,8984
1493,46256.605047774,46256.605257762,,2,GPU-5443d59d-561f-ed1e-da42-1975937205f9,ok,100,20,1515,349.183,76,1440,9501,3613,10839
1494,46257.605047774,46257.60528483,,2,GPU-5443d59d-561f-ed1e-da42-1975937205f9,ok,100,21,1515,349.212,76,1440,9501,4248,10205
1495,46258.605047774,46258.605261758,,2,GPU-5443d59d-561f-ed1e-da42-1975937205f9,ok,100,23,1515,349.279,76,1425,9501,4443,9277
1496,46259.605047774,46259.605271986,,2,GPU-5443d59d-561f-ed1e-da42-1975937205f9,ok,100,26,1515,349.02,76,1395,9501,3417,14697
1497,46260.605047774,46260.605261414,,2,GPU-5443d59d-561f-ed1e-da42-1975937205f9,ok,100,20,1515,348.631,76,1440,9501,5322,7910
1498,46261.605047774,46261.605396383,,2,GPU-5443d59d-561f-ed1e-da42-1975937205f9,ok,100,21,1515,348.559,76,1425,9501,3027,14550
1499,46262.605047774,46262.605328071,,2,GPU-5443d59d-561f-ed1e-da42-1975937205f9,ok,100,21,1515,349.497,76,1440,9501,7421,9033
1500,46263.605047774,46263.605360809,,2,GPU-5443d59d-561f-ed1e-da42-1975937205f9,ok,100,21,1515,349.365,76,1425,9501,2929,13867
1501,46264.605047774,46264.605326757,,2,GPU-5443d59d-561f-ed1e-da42-1975937205f9,ok,100,21,1515,349.166,76,1440,9501,5468,8056
1502,46265.605047774,46265.605350805,,2,GPU-5443d59d-561f-ed1e-da42-1975937205f9,ok,100,28,1515,348.527,76,1440,9501,3369,12109
1503,46266.605047774,46266.605350263,,2,GPU-5443d59d-561f-ed1e-da42-1975937205f9,ok,100,22,1515,348.956,76,1440,9501,4638,10205
1504,46267.605047774,46267.605351151,,2,GPU-5443d59d-561f-ed1e-da42-1975937205f9,ok,100,21,1515,349.125,76,1440,9501,3857,10644
1505,46268.605047774,46268.605358949,,2,GPU-5443d59d-561f-ed1e-da42-1975937205f9,ok,100,21,1515,349.211,76,1440,9501,4541,11962
1506,46269.605047774,46269.605361237,,2,GPU-5443d59d-561f-ed1e-da42-1975937205f9,ok,100,20,1515,349.07,76,1440,9501,4150,10009
1507,46270.605047774,46270.605366695,,2,GPU-5443d59d-561f-ed1e-da42-1975937205f9,ok,100,21,1515,348.819,76,1440,9501,4687,16406
1508,46271.605047774,46271.605352903,,2,GPU-5443d59d-561f-ed1e-da42-1975937205f9,ok,100,20,1515,348.946,76,1440,9501,4785,8642
1509,46272.605047774,46272.605352111,,2,GPU-5443d59d-561f-ed1e-da42-1975937205f9,ok,100,27,1515,348.116,76,1440,9501,3613,14013
1510,46273.605047774,46273.605354389,,2,GPU-5443d59d-561f-ed1e-da42-1975937205f9,ok,100,25,1515,348.779,76,1425,9501,5712,7421
1511,46274.605047774,46274.605354977,,2,GPU-5443d59d-561f-ed1e-da42-1975937205f9,ok,100,22,1515,348.546,76,1395,9501,3027,13427
1512,46275.605047774,46275.605354375,,2,GPU-5443d59d-561f-ed1e-da42-1975937205f9,ok,100,24,1515,348.177,76,1455,9501,5810,8007
1513,46276.605047774,46276.605357863,,2,GPU-5443d59d-561f-ed1e-da42-1975937205f9,ok,100,20,1515,348.89,76,1440,9501,3125,12890
1514,46277.605047774,46277.605351801,,2,GPU-5443d59d-561f-ed1e-da42-1975937205f9,ok,100,21,1515,349.077,76,1440,9501,5224,9472
1515,46278.605047774,46278.605351559,,2,GPU-5443d59d-561f-ed1e-da42-1975937205f9,ok,100,27,1515,348.39,76,1455,9501,3710,11279
1516,46279.605047774,46279.605369577,,2,GPU-5443d59d-561f-ed1e-da42-1975937205f9,ok,100,21,1515,348.38,76,1440,9501,4394,11279
1517,46280.605047774,46280.605348395,,2,GPU-5443d59d-561f-ed1e-da42-1975937205f9,ok,100,21,1515,349.121,76,1455,9501,4833,8984
1518,46281.605047774,46281.605352803,,2,GPU-5443d59d-561f-ed1e-da42-1975937205f9,ok,100,24,1515,349.676,76,1365,9501,3515,14892
1519,46282.605047774,46282.605355301,,2,GPU-5443d59d-561f-ed1e-da42-1975937205f9,ok,100,21,1515,349.102,76,1440,9501,5664,7177
1520,46283.605047774,46283.605347149,,2,GPU-5443d59d-561f-ed1e-da42-1975937205f9,ok,100,23,1515,349.036,76,1425,9501,3076,13134
1521,46284.605047774,46284.605352217,,2,GPU-5443d59d-561f-ed1e-da42-1975937205f9,ok,100,21,1515,349.11,76,1440,9501,5664,9472
1522,46285.605047774,46285.605360865,,2,GPU-5443d59d-561f-ed1e-da42-1975937205f9,ok,100,20,1515,349.18,76,1425,9501,3320,12060
1523,46286.605047774,46286.605353863,,2,GPU-5443d59d-561f-ed1e-da42-1975937205f9,ok,100,27,1515,349.087,76,1425,9501,4882,10009
1524,46287.605047774,46287.605349711,,2,GPU-5443d59d-561f-ed1e-da42-1975937205f9,ok,100,19,1515,348.649,76,1425,9501,3662,11474
1525,46288.605047774,46288.605352159,,2,GPU-5443d59d-561f-ed1e-da42-1975937205f9,ok,100,25,1515,348.659,76,1440,9501,4394,11083
1526,46289.605047774,46289.605376457,,2,GPU-5443d59d-561f-ed1e-da42-1975937205f9,ok,100,19,1515,348.808,76,1425,9501,4248,9765
1527,46290.605047774,46290.605368815,,2,GPU-5443d59d-561f-ed1e-da42-1975937205f9,ok,100,21,1515,348.623,76,1425,9501,4052,12695
1528,46291.605047774,46291.605402343,,2,GPU-5443d59d-561f-ed1e-da42-1975937205f9,ok,100,21,1515,349.326,76,1425,9501,4150,9960
1529,46292.605047774,46292.605373061,,2,GPU-5443d59d-561f-ed1e-da42-1975937205f9,ok,100,20,1515,348.788,76,1455,9501,3466,13720
1530,46293.605047774,46293.605370359,,2,GPU-5443d59d-561f-ed1e-da42-1975937205f9,ok,100,22,1515,349.347,76,1440,9501,5664,7177
1531,46294.605047774,46294.605358607,,2,GPU-5443d59d-561f-ed1e-da42-1975937205f9,ok,100,20,1515,348.428,76,1440,9501,2929,13720
1532,46295.605047774,46295.605351905,,2,GPU-5443d59d-561f-ed1e-da42-1975937205f9,ok,100,26,1515,348.975,76,1425,9501,5468,8740
1533,46296.605047774,46296.605353733,,2,GPU-5443d59d-561f-ed1e-da42-1975937205f9,ok,100,23,1515,348.295,76,1440,9501,3564,12988
1534,46297.605047774,46297.605371201,,2,GPU-5443d59d-561f-ed1e-da42-1975937205f9,ok,100,20,1515,348.337,76,1455,9501,4638,10302
1535,46298.605047774,46298.605370919,,2,GPU-5443d59d-561f-ed1e-da42-1975937205f9,ok,100,22,1515,348.682,76,1425,9501,4296,10449
1536,46299.605047774,46299.605367377,,2,GPU-5443d59d-561f-ed1e-da42-1975937205f9,ok,100,21,1515,348.282,76,1455,9501,4492,11474
1537,46300.605047774,46300.605370665,,2,GPU-5443d59d-561f-ed1e-da42-1975937205f9,ok,100,21,1515,349.642,76,1425,9501,4199,10058
1538,46301.605047774,46301.605366703,,2,GPU-5443d59d-561f-ed1e-da42-1975937205f9,ok,100,21,1515,349.062,76,1455,9501,4296,12060
1539,46302.605047774,46302.605369431,,2,GPU-5443d59d-561f-ed1e-da42-1975937205f9,ok,100,22,1515,349.465,76,1440,9501,5273,8496
1540,46303.605047774,46303.605366519,,2,GPU-5443d59d-561f-ed1e-da42-1975937205f9,ok,100,20,1515,348.952,76,1440,9501,3564,12890
1541,46304.605047774,46304.605375107,,2,GPU-5443d59d-561f-ed1e-da42-1975937205f9,ok,100,22,1515,348.798,76,1440,9501,5517,7421
1542,46305.605047774,46305.605369326,,2,GPU-5443d59d-561f-ed1e-da42-1975937205f9,ok,100,20,1515,349.081,76,1440,9501,2978,13525
1543,46306.605047774,46306.605374484,,2,GPU-5443d59d-561f-ed1e-da42-1975937205f9,ok,100,21,1515,348.79,76,1455,9501,5371,8251
1544,46307.605047774,46307.605367002,,2,GPU-5443d59d-561f-ed1e-da42-1975937205f9,ok,100,21,1515,349.402,76,1425,9501,2978,13085
1545,46308.605047774,46308.6053882,,2,GPU-5443d59d-561f-ed1e-da42-1975937205f9,ok,100,22,1515,349.123,76,1455,9501,5468,8056
1546,46309.605047774,46309.605380018,,2,GPU-5443d59d-561f-ed1e-da42-1975937205f9,ok,100,20,1515,349.252,76,1425,9501,3369,11914
1547,46310.605047774,46310.605391816,,2,GPU-5443d59d-561f-ed1e-da42-1975937205f9,ok,100,21,1515,349.004,76,1440,9501,5078,9326
1548,46311.605047774,46311.605371114,,2,GPU-5443d59d-561f-ed1e-da42-1975937205f9,ok,100,21,1515,349.478,76,1425,9501,4638,13916
1549,46312.605047774,46312.605372222,,2,GPU-5443d59d-561f-ed1e-da42-1975937205f9,ok,100,20,1515,349.128,76,1440,9501,4394,10449
1550,46313.605047774,46313.60534855,,2,GPU-5443d59d-561f-ed1e-da42-1975937205f9,ok,100,22,1515,349.079,76,1440,9501,3857,10009
1551,46314.605047774,46314.605353218,,2,GPU-5443d59d-561f-ed1e-da42-1975937205f9,ok,100,21,1515,349.199,76,1440,9501,4248,11279
1552,46315.605047774,46315.605350596,,2,GPU-5443d59d-561f-ed1e-da42-1975937205f9,ok,100,22,1515,349.391,76,1440,9501,4248,9814
1553,46316.605047774,46316.605352764,,2,GPU-5443d59d-561f-ed1e-da42-1975937205f9,ok,100,23,1515,349.061,76,1425,9501,3808,12695
1554,46317.605047774,46317.605353772,,2,GPU-5443d59d-561f-ed1e-da42-1975937205f9,ok,100,21,1515,348.582,76,1440,9501,4589,8837
1555,46318.605047774,46318.60535116,,2,GPU-5443d59d-561f-ed1e-da42-1975937205f9,ok,100,20,1515,348.569,76,1425,9501,3271,13964
1556,46319.605047774,46319.605379298,,2,GPU-5443d59d-561f-ed1e-da42-1975937205f9,ok,100,21,1515,348.964,76,1440,9501,5468,7373
1557,46320.605047774,46320.605350716,,2,GPU-5443d59d-561f-ed1e-da42-1975937205f9,ok,100,23,1515,349.311,76,1350,9501,3173,13574
1558,46321.605047774,46321.605349884,,2,GPU-5443d59d-561f-ed1e-da42-1975937205f9,ok,100,21,1515,348.542,76,1440,9501,5468,8837
1559,46322.605047774,46322.605348392,,2,GPU-5443d59d-561f-ed1e-da42-1975937205f9,ok,100,21,1515,349.189,76,1440,9501,3320,11523
1560,46323.605047774,46323.60535178,,2,GPU-5443d59d-561f-ed1e-da42-1975937205f9,ok,100,20,1515,348.693,76,1440,9501,4785,10449
1561,46324.605047774,46324.605350858,,2,GPU-5443d59d-561f-ed1e-da42-1975937205f9,ok,100,21,1515,349.129,76,1425,9501,3857,10595
1562,46325.605047774,46325.605362156,,2,GPU-5443d59d-561f-ed1e-da42-1975937205f9,ok,100,19,1515,348.658,76,1440,9501,4248,11914
1563,46326.605047774,46326.605353174,,2,GPU-5443d59d-561f-ed1e-da42-1975937205f9,ok,100,21,1515,348.978,76,1440,9501,4638,8984
1564,46327.605047774,46327.605353142,,2,GPU-5443d59d-561f-ed1e-da42-1975937205f9,ok,100,21,1515,349.161,76,1440,9501,4492,17626
1565,46328.605047774,46328.60535264,,2,GPU-5443d59d-561f-ed1e-da42-1975937205f9,ok,100,22,1515,349.027,76,1440,9501,5029,7568
1566,46329.605047774,46329.605353038,,2,GPU-5443d59d-561f-ed1e-da42-1975937205f9,ok,100,19,1515,349.163,76,1425,9501,3271,14257
1567,46330.605047774,46330.605359326,,2,GPU-5443d59d-561f-ed1e-da42-1975937205f9,ok,100,21,1515,348.694,76,1440,9501,5615,7470
1568,46331.605047774,46331.605380454,,2,GPU-5443d59d-561f-ed1e-da42-1975937205f9,ok,100,23,1515,348.598,76,1440,9501,3173,12744
1569,46332.605047774,46332.605360022,,2,GPU-5443d59d-561f-ed1e-da42-1975937205f9,ok,100,21,1515,348.123,76,1455,9501,5029,10009
1570,46333.605047774,46333.60535024,,2,GPU-5443d59d-561f-ed1e-da42-1975937205f9,ok,100,22,1515,349.364,76,1455,9501,4150,10400
1571,46334.605047774,46334.605349788,,2,GPU-5443d59d-561f-ed1e-da42-1975937205f9,ok,100,20,1515,349.4,76,1440,9501,4541,11230
1572,46335.605047774,46335.605350486,,2,GPU-5443d59d-561f-ed1e-da42-1975937205f9,ok,100,21,1515,349.189,76,1455,9501,4296,9765
1573,46336.605047774,46336.605349634,,2,GPU-5443d59d-561f-ed1e-da42-1975937205f9,ok,100,20,1515,349.211,76,1440,9501,4150,11181
1574,46337.605047774,46337.605350412,,2,GPU-5443d59d-561f-ed1e-da42-1975937205f9,ok,100,24,1515,349.04,76,1425,9501,4980,8251
1575,46338.605047774,46338.60536106,,2,GPU-5443d59d-561f-ed1e-da42-1975937205f9,ok,100,20,1515,348.787,76,1455,9501,3857,13427
1576,46339.605047774,46339.605372268,,2,GPU-5443d59d-561f-ed1e-da42-1975937205f9,ok,100,21,1515,349.126,76,1425,9501,5419,7519
1577,46340.605047774,46340.605361666,,2,GPU-5443d59d-561f-ed1e-da42-1975937205f9,ok,100,21,1515,349.253,76,1440,9501,3466,14355
1578,46341.605047774,46341.605351884,,2,GPU-5443d59d-561f-ed1e-da42-1975937205f9,ok,100,22,1515,349.255,76,1425,9501,5761,7128
1579,46342.605047774,46342.605348642,,2,GPU-5443d59d-561f-ed1e-da42-1975937205f9,ok,100,22,1515,349.839,76,1440,9501,3125,13476
1580,46343.605047774,46343.60535292,,2,GPU-5443d59d-561f-ed1e-da42-1975937205f9,ok,100,21,1515,349.351,76,1440,9501,5468,2050
1581,46344.605047774,46344.605359888,,2,GPU-5443d59d-561f-ed1e-da42-1975937205f9,ok,100,27,1515,349.569,76,1440,9501,3320,12988
1582,46345.605047774,46345.605354996,,2,GPU-5443d59d-561f-ed1e-da42-1975937205f9,ok,100,20,1515,348.671,76,1440,9501,5957,10888
1583,46346.605047774,46346.605349754,,2,GPU-5443d59d-561f-ed1e-da42-1975937205f9,ok,100,21,1515,348.476,76,1425,9501,4443,10205
1584,46347.605047774,46347.605351482,,2,GPU-5443d59d-561f-ed1e-da42-1975937205f9,ok,100,21,1515,349.045,76,1455,9501,4296,11816
1585,46348.605047774,46348.605365561,,2,GPU-5443d59d-561f-ed1e-da42-1975937205f9,ok,100,21,1515,348.819,76,1410,9501,4687,9277
1586,46349.605047774,46349.605353229,,2,GPU-5443d59d-561f-ed1e-da42-1975937205f9,ok,100,25,1515,349.003,76,1440,9501,3857,14257
1587,46350.605047774,46350.605349087,,2,GPU-5443d59d-561f-ed1e-da42-1975937205f9,ok,100,21,1515,348.523,76,1440,9501,5175,292
1588,46351.605047774,46351.605347655,,2,GPU-5443d59d-561f-ed1e-da42-1975937205f9,ok,100,21,1515,349.167,76,1455,9501,3466,14453
1589,46352.605047774,46352.605314773,,2,GPU-5443d59d-561f-ed1e-da42-1975937205f9,ok,100,20,1515,348.704,76,1440,9501,5224,7373
1590,46353.605047774,46353.605309581,,2,GPU-5443d59d-561f-ed1e-da42-1975937205f9,ok,100,21,1515,349.078,76,1455,9501,3613,14160
1591,46354.605047774,46354.605312199,,2,GPU-5443d59d-561f-ed1e-da42-1975937205f9,ok,100,20,1515,348.925,76,1440,9501,5371,7275
1592,46355.605047774,46355.605306547,,2,GPU-5443d59d-561f-ed1e-da42-1975937205f9,ok,100,25,1515,348.365,76,1455,9501,3076,13867
1593,46356.605047774,46356.605308935,,2,GPU-5443d59d-561f-ed1e-da42-1975937205f9,ok,100,20,1515,348.588,76,1440,9501,5419,8007
1594,46357.605047774,46357.605308703,,2,GPU-5443d59d-561f-ed1e-da42-1975937205f9,ok,100,22,1515,349.37,76,1440,9501,634,292
1595,46358.605047774,46358.605307271,,2,GPU-5443d59d-561f-ed1e-da42-1975937205f9,ok,100,21,1515,348.984,76,1440,9501,5175,9375
1596,46359.605047774,46359.605319159,,2,GPU-5443d59d-561f-ed1e-da42-1975937205f9,ok,100,22,1515,349.566,76,1440,9501,3369,12646
1597,46360.605047774,46360.605307957,,2,GPU-5443d59d-561f-ed1e-da42-1975937205f9,ok,100,21,1515,349.256,76,1455,9501,5126,9228
1598,46361.605047774,46361.605339645,,2,GPU-5443d59d-561f-ed1e-da42-1975937205f9,ok,100,21,1515,349.342,76,1425,9501,3515,11816
1599,46362.605047774,46362.605310413,,2,GPU-5443d59d-561f-ed1e-da42-1975937205f9,ok,100,20,1515,349.137,76,1455,9501,4785,10449
1600,46363.605047774,46363.605309151,,2,GPU-5443d59d-561f-ed1e-da42-1975937205f9,ok,100,22,1515,348.961,76,1425,9501,3759,11132
1601,46364.605047774,46364.605311569,,2,GPU-5443d59d-561f-ed1e-da42-1975937205f9,ok,100,21,1515,349.05,76,1440,9501,585,4638
1602,46365.605047774,46365.605316377,,2,GPU-5443d59d-561f-ed1e-da42-1975937205f9,ok,100,28,1515,348.43,76,1425,9501,4345,14013
1603,46366.605047774,46366.605309775,,2,GPU-5443d59d-561f-ed1e-da42-1975937205f9,ok,100,22,1515,349.297,76,1455,9501,3759,12890
1604,46367.605047774,46367.605360533,,2,GPU-5443d59d-561f-ed1e-da42-1975937205f9,ok,100,29,1515,348.593,76,1455,9501,4785,7763
1605,46368.605047774,46368.605348661,,2,GPU-5443d59d-561f-ed1e-da42-1975937205f9,ok,100,22,1515,349.029,76,1455,9501,3222,13769
1606,46369.605047774,46369.605350879,,2,GPU-5443d59d-561f-ed1e-da42-1975937205f9,ok,100,21,1515,349.535,76,1440,9501,5517,7373
1607,46370.605047774,46370.605372587,,2,GPU-5443d59d-561f-ed1e-da42-1975937205f9,ok,100,22,1515,349.276,76,1440,9501,3173,14599
1608,46371.605047774,46371.605349435,,2,GPU-5443d59d-561f-ed1e-da42-1975937205f9,ok,100,20,1515,349.04,76,1440,9501,488,7373
1609,46372.605047774,46372.605350373,,2,GPU-5443d59d-561f-ed1e-da42-1975937205f9,ok,100,28,1515,349.183,76,1440,9501,3466,12646
1610,46373.605047774,46373.605356061,,2,GPU-5443d59d-561f-ed1e-da42-1975937205f9,ok,100,20,1515,348.921,76,1440,9501,5322,9130
1611,46374.605047774,46374.605353189,,2,GPU-5443d59d-561f-ed1e-da42-1975937205f9,ok,100,21,1515,348.869,76,1425,9501,3271,12353
1612,46375.605047774,46375.605363927,,2,GPU-5443d59d-561f-ed1e-da42-1975937205f9,ok,100,20,1515,349.009,76,1455,9501,5371,8593
1613,46376.605047774,46376.605354555,,2,GPU-5443d59d-561f-ed1e-da42-1975937205f9,ok,100,21,1515,349.061,76,1425,9501,3417,13232
1614,46377.605047774,46377.605350673,,2,GPU-5443d59d-561f-ed1e-da42-1975937205f9,ok,100,20,1515,349.236,76,1455,9501,5273,8642
1615,46378.605047774,46378.605360901,,2,GPU-5443d59d-561f-ed1e-da42-1975937205f9,ok,100,21,1515,349.047,76,1440,9501,2392,11718
1616,46379.605047774,46379.605360039,,2,GPU-5443d59d-561f-ed1e-da42-1975937205f9,ok,100,23,1515,349.003,76,1425,9501,5322,10302
1617,46380.605047774,46380.605374347,,2,GPU-5443d59d-561f-ed1e-da42-1975937205f9,ok,100,21,1515,348.912,76,1425,9501,4394,9912
1618,46381.605047774,46381.605352935,,2,GPU-5443d59d-561f-ed1e-da42-1975937205f9,ok,100,20,1515,349.273,76,1440,9501,4736,10693
1619,46382.605047774,46382.605350613,,2,GPU-5443d59d-561f-ed1e-da42-1975937205f9,ok,100,22,1515,349.174,76,1440,9501,3906,10839
1620,46383.605047774,46383.605351941,,2,GPU-5443d59d-561f-ed1e-da42-1975937205f9,ok,100,21,1515,349.346,76,1455,9501,4785,11230
1621,46384.605047774,46384.605362839,,2,GPU-5443d59d-561f-ed1e-da42-1975937205f9,ok,100,21,1515,349.404,76,1455,9501,4199,10058
1622,46385.605047774,46385.605358197,,2,GPU-5443d59d-561f-ed1e-da42-1975937205f9,ok,100,20,1515,349.205,76,1440,9501,4003,10546
1623,46386.605047774,46386.605350825,,2,GPU-5443d59d-561f-ed1e-da42-1975937205f9,ok,100,20,1515,348.906,76,1440,9501,4833,9228
1624,46387.605047774,46387.605351303,,2,GPU-5443d59d-561f-ed1e-da42-1975937205f9,ok,100,22,1515,349.601,76,1455,9501,3955,12890
1625,46388.605047774,46388.605350871,,2,GPU-5443d59d-561f-ed1e-da42-1975937205f9,ok,100,22,1515,349.466,76,1455,9501,5224,7714
1626,46389.605047774,46389.605371999,,2,GPU-5443d59d-561f-ed1e-da42-1975937205f9,ok,100,25,1515,349.518,76,1410,9501,2929,12744
1627,46390.605047774,46390.605347947,,2,GPU-5443d59d-561f-ed1e-da42-1975937205f9,ok,100,20,1515,349.169,76,1440,9501,5615,7812
1628,46391.605047774,46391.605355536,,2,GPU-5443d59d-561f-ed1e-da42-1975937205f9,ok,100,22,1515,348.999,76,1425,9501,3027,14013
1629,46392.605047774,46392.605354584,,2,GPU-5443d59d-561f-ed1e-da42-1975937205f9,ok,100,20,1515,349.144,76,1455,9501,5468,8203
1630,46393.605047774,46393.605352872,,2,GPU-5443d59d-561f-ed1e-da42-1975937205f9,ok,100,22,1515,349.201,76,1455,9501,3369,11669
1631,46394.605047774,46394.60535097,,2,GPU-5443d59d-561f-ed1e-da42-1975937205f9,ok,100,20,1515,349.067,76,1440,9501,5224,8691
1632,46395.605047774,46395.605356048,,2,GPU-5443d59d-561f-ed1e-da42-1975937205f9,ok,100,21,1515,349.161,76,1440,9501,3515,11572
1633,46396.605047774,46396.605353616,,2,GPU-5443d59d-561f-ed1e-da42-1975937205f9,ok,100,20,1515,349.241,76,1440,9501,4589,10888
1634,46397.605047774,46397.605354864,,2,GPU-5443d59d-561f-ed1e-da42-1975937205f9,ok,100,21,1515,349.073,76,1440,9501,4101,10009
1635,46398.605047774,46398.605369742,,2,GPU-5443d59d-561f-ed1e-da42-1975937205f9,ok,100,21,1515,349.298,76,1455,9501,4101,12109
1636,46399.605047774,46399.60536335,,2,GPU-5443d59d-561f-ed1e-da42-1975937205f9,ok,100,21,1515,348.774,76,1425,9501,4687,8984
1637,46400.605047774,46400.605352688,,2,GPU-5443d59d-561f-ed1e-da42-1975937205f9,ok,100,22,1515,349.439,76,1455,9501,3955,11718
1638,46401.605047774,46401.605387886,,2,GPU-5443d59d-561f-ed1e-da42-1975937205f9,ok,100,21,1515,349.175,76,1410,9501,5273,7617
1639,46402.605047774,46402.605353054,,2,GPU-5443d59d-561f-ed1e-da42-1975937205f9,ok,100,21,1515,349.096,76,1455,9501,3662,13964
1640,46403.605047774,46403.605353752,,2,GPU-5443d59d-561f-ed1e-da42-1975937205f9,ok,100,21,1515,349.312,76,1425,9501,5273,7568
1641,46404.605047774,46404.60526343,,2,GPU-5443d59d-561f-ed1e-da42-1975937205f9,ok,100,21,1515,349.32,76,1440,9501,3320,14501
1642,46405.605047774,46405.605280308,,2,GPU-5443d59d-561f-ed1e-da42-1975937205f9,ok,100,21,1515,349.38,76,1425,9501,5078,7275
1643,46406.605047774,46406.605255296,,2,GPU-5443d59d-561f-ed1e-da42-1975937205f9,ok,100,22,1515,349.178,76,1440,9501,3125,13378
1644,46407.605047774,46407.605258944,,2,GPU-5443d59d-561f-ed1e-da42-1975937205f9,ok,100,23,1515,349.065,76,1425,9501,6201,9130
1645,46408.605047774,46408.605287292,,2,GPU-5443d59d-561f-ed1e-da42-1975937205f9,ok,100,21,1515,348.818,76,1440,9501,3173,12451
1646,46409.605047774,46409.60527766,,2,GPU-5443d59d-561f-ed1e-da42-1975937205f9,ok,100,20,1515,349.096,76,1440,9501,5517,8544
1647,46410.605047774,46410.605308678,,2,GPU-5443d59d-561f-ed1e-da42-1975937205f9,ok,100,21,1515,349.334,76,1440,9501,3369,11279
1648,46411.605047774,46411.605273216,,2,GPU-5443d59d-561f-ed1e-da42-1975937205f9,ok,100,20,1515,349.579,76,1440,9501,5078,9716
1649,46412.605047774,46412.605293024,,2,GPU-5443d59d-561f-ed1e-da42-1975937205f9,ok,100,21,1515,348.732,76,1440,9501,3564,11328
1650,46413.605047774,46413.605295192,,2,GPU-5443d59d-561f-ed1e-da42-1975937205f9,ok,100,22,1515,349.611,76,1440,9501,5761,12646
1651,46414.605047774,46414.60529612,,2,GPU-5443d59d-561f-ed1e-da42-1975937205f9,ok,100,20,1515,349.079,76,1425,9501,3906,10546
1652,46415.605047774,46415.605285448,,2,GPU-5443d59d-561f-ed1e-da42-1975937205f9,ok,100,22,1515,349.173,76,1455,9501,4394,11083
1653,46416.605047774,46416.605289436,,2,GPU-5443d59d-561f-ed1e-da42-1975937205f9,ok,100,20,1515,348.988,76,1425,9501,3906,10449
1654,46417.605047774,46417.605299774,,2,GPU-5443d59d-561f-ed1e-da42-1975937205f9,ok,100,22,1515,348.712,76,1455,9501,4003,11865
1655,46418.605047774,46418.605273432,,2,GPU-5443d59d-561f-ed1e-da42-1975937205f9,ok,100,20,1515,349.211,76,1440,9501,4882,8740
1656,46419.605047774,46419.60528611,,2,GPU-5443d59d-561f-ed1e-da42-1975937205f9,ok,100,22,1515,348.917,76,1455,9501,5273,16796
1657,46420.605047774,46420.605274228,,2,GPU-5443d59d-561f-ed1e-da42-1975937205f9,ok,100,21,1515,349.433,76,1425,9501,4980,7470
1658,46421.605047774,46421.605275576,,2,GPU-5443d59d-561f-ed1e-da42-1975937205f9,ok,100,22,1515,348.951,76,1440,9501,3564,13720
1659,46422.605047774,46422.605294704,,2,GPU-5443d59d-561f-ed1e-da42-1975937205f9,ok,100,20,1515,349.13,76,1440,9501,5078,7763
1660,46423.605047774,46423.605259982,,2,GPU-5443d59d-561f-ed1e-da42-1975937205f9,ok,100,21,1515,348.798,76,1440,9501,3466,13623
1661,46424.605047774,46424.60527904,,2,GPU-5443d59d-561f-ed1e-da42-1975937205f9,ok,100,20,1515,349.102,76,1440,9501,6152,8154
1662,46425.605047774,46425.605260408,,2,GPU-5443d59d-561f-ed1e-da42-1975937205f9,ok,100,21,1515,348.888,76,1440,9501,2978,12890
1663,46426.605047774,46426.605272856,,2,GPU-5443d59d-561f-ed1e-da42-1975937205f9,ok,100,19,1515,348.996,76,1440,9501,5175,7275
1664,46427.605047774,46427.605275734,,2,GPU-5443d59d-561f-ed1e-da42-1975937205f9,ok,100,21,1515,348.67,76,1440,9501,3222,14208
1665,46428.605047774,46428.605273402,,2,GPU-5443d59d-561f-ed1e-da42-1975937205f9,ok,100,20,1515,349.175,76,1440,9501,5419,7519
1666,46429.605047774,46429.60526341,,2,GPU-5443d59d-561f-ed1e-da42-1975937205f9,ok,100,21,1515,348.72,76,1440,9501,3076,14257
1667,46430.605047774,46430.605277348,,2,GPU-5443d59d-561f-ed1e-da42-1975937205f9,ok,100,22,1515,349.403,76,1455,9501,4882,9423
1668,46431.605047774,46431.605277626,,2,GPU-5443d59d-561f-ed1e-da42-1975937205f9,ok,100,21,1515,349.432,76,1425,9501,3515,12060
1669,46432.605047774,46432.605267754,,2,GPU-5443d59d-561f-ed1e-da42-1975937205f9,ok,100,22,1515,349.458,76,1455,9501,5029,10156
1670,46433.605047774,46433.605275312,,2,GPU-5443d59d-561f-ed1e-da42-1975937205f9,ok,100,21,1515,349.384,76,1425,9501,3906,11181
1671,46434.605047774,46434.60526549,,2,GPU-5443d59d-561f-ed1e-da42-1975937205f9,ok,100,22,1515,349.128,76,1455,9501,4931,10400
1672,46435.605047774,46435.605275199,,2,GPU-5443d59d-561f-ed1e-da42-1975937205f9,ok,100,21,1515,349.353,76,1425,9501,3857,10986
1673,46436.605047774,46436.605265927,,2,GPU-5443d59d-561f-ed1e-da42-1975937205f9,ok,100,22,1515,349.396,76,1455,9501,4833,10009
1674,46437.605047774,46437.605264085,,2,GPU-5443d59d-561f-ed1e-da42-1975937205f9,ok,100,21,1515,349.491,76,1425,9501,3857,10498
1675,46438.605047774,46438.605266203,,2,GPU-5443d59d-561f-ed1e-da42-1975937205f9,ok,100,22,1515,349.082,76,1455,9501,4541,11621
1676,46439.605047774,46439.605257471,,2,GPU-5443d59d-561f-ed1e-da42-1975937205f9,ok,100,21,1515,349.208,76,1455,9501,4638,9179
1677,46440.605047774,46440.605277499,,2,GPU-5443d59d-561f-ed1e-da42-1975937205f9,ok,100,22,1515,349.194,76,1440,9501,4003,12402
1678,46441.605047774,46441.605264047,,2,GPU-5443d59d-561f-ed1e-da42-1975937205f9,ok,100,20,1515,349.161,76,1455,9501,4345,8496
1679,46442.605047774,46442.605272715,,2,GPU-5443d59d-561f-ed1e-da42-1975937205f9,ok,100,22,1515,349.029,76,1455,9501,3662,13574
1680,46443.605047774,46443.605273423,,2,GPU-5443d59d-561f-ed1e-da42-1975937205f9,ok,100,20,1515,349.311,76,1440,9501,4931,7763
1681,46444.605047774,46444.605280521,,2,GPU-5443d59d-561f-ed1e-da42-1975937205f9,ok,100,22,1515,349.063,76,1440,9501,3417,14208
1682,46445.605047774,46445.605266909,,2,GPU-5443d59d-561f-ed1e-da42-1975937205f9,ok,100,26,1515,349.54,76,1380,9501,5126,7519
1683,46446.605047774,46446.605263537,,2,GPU-5443d59d-561f-ed1e-da42-1975937205f9,ok,100,21,1515,348.616,76,1455,9501,3222,12792
1684,46447.605047774,46447.605269975,,2,GPU-5443d59d-561f-ed1e-da42-1975937205f9,ok,100,22,1515,349.165,76,1425,9501,5468,8544
1685,46448.605047774,46448.605259063,,2,GPU-5443d59d-561f-ed1e-da42-1975937205f9,ok,100,21,1515,349.124,76,1440,9501,3320,12304
1686,46449.605047774,46449.605275311,,2,GPU-5443d59d-561f-ed1e-da42-1975937205f9,ok,100,21,1515,349.107,76,1440,9501,5517,8740
1687,46450.605047774,46450.605265969,,2,GPU-5443d59d-561f-ed1e-da42-1975937205f9,ok,100,20,1515,348.939,76,1455,9501,3222,12158
1688,46451.605047774,46451.605261927,,2,GPU-5443d59d-561f-ed1e-da42-1975937205f9,ok,100,21,1515,349.241,76,1440,9501,5322,9960
1689,46452.605047774,46452.605342415,,2,GPU-5443d59d-561f-ed1e-da42-1975937205f9,ok,100,20,1515,348.945,76,1455,9501,3955,14404
1690,46453.605047774,46453.605354623,,2,GPU-5443d59d-561f-ed1e-da42-1975937205f9,ok,100,22,1515,349.289,76,1440,9501,4541,11035
1691,46454.605047774,46454.605280241,,2,GPU-5443d59d-561f-ed1e-da42-1975937205f9,ok,100,20,1515,349.234,76,1440,9501,4296,10107
1692,46455.605047774,46455.605273429,,2,GPU-5443d59d-561f-ed1e-da42-1975937205f9,ok,100,22,1515,348.829,76,1440,9501,4296,11865
1693,46456.605047774,46456.605269897,,2,GPU-5443d59d-561f-ed1e-da42-1975937205f9,ok,100,20,1515,349.208,76,1440,9501,4052,10546
1694,46457.605047774,46457.605280205,,2,GPU-5443d59d-561f-ed1e-da42-1975937205f9,ok,100,21,1515,348.828,76,1455,9501,4199,12255
1695,46458.605047774,46458.605271573,,2,GPU-5443d59d-561f-ed1e-da42-1975937205f9,ok,100,22,1515,349.415,76,1440,9501,5712,14160
1696,46459.605047774,46459.605261421,,2,GPU-5443d59d-561f-ed1e-da42-1975937205f9,ok,100,23,1515,349.186,76,1425,9501,2978,13964
1697,46460.605047774,46460.605275699,,2,GPU-5443d59d-561f-ed1e-da42-1975937205f9,ok,100,22,1515,349.212,76,1425,9501,5517,7617
1698,46461.605047774,46461.605288737,,2,GPU-5443d59d-561f-ed1e-da42-1975937205f9,ok,100,20,1515,348.803,76,1440,9501,3125,13720
1699,46462.605047774,46462.605279185,,2,GPU-5443d59d-561f-ed1e-da42-1975937205f9,ok,100,22,1515,348.953,76,1440,9501,5566,7812
1700,46463.605047774,46463.605279753,,2,GPU-5443d59d-561f-ed1e-da42-1975937205f9,ok,100,20,1515,349.177,76,1440,9501,2978,13085
1701,46464.605047774,46464.605291201,,2,GPU-5443d59d-561f-ed1e-da42-1975937205f9,ok,100,21,1515,349.124,76,1440,9501,5468,7519
1702,46465.605047774,46465.605294159,,2,GPU-5443d59d-561f-ed1e-da42-1975937205f9,ok,100,30,1515,348.838,76,1440,9501,3173,12597
1703,46466.605047774,46466.605290907,,2,GPU-5443d59d-561f-ed1e-da42-1975937205f9,ok,100,27,1515,348.5,76,1440,9501,7177,11523
1704,46467.605047774,46467.605292805,,2,GPU-5443d59d-561f-ed1e-da42-1975937205f9,ok,100,23,1515,348.438,76,1440,9501,3857,10644
1705,46468.605047774,46468.605286823,,2,GPU-5443d59d-561f-ed1e-da42-1975937205f9,ok,100,20,1515,347.932,76,1440,9501,4345,11718
1706,46469.605047774,46469.605303241,,2,GPU-5443d59d-561f-ed1e-da42-1975937205f9,ok,100,21,1515,349.117,76,1425,9501,5712,13232
1707,46470.605047774,46470.605291619,,2,GPU-5443d59d-561f-ed1e-da42-1975937205f9,ok,100,24,1515,348.887,76,1440,9501,3271,13476
1708,46471.605047774,46471.605298617,,2,GPU-5443d59d-561f-ed1e-da42-1975937205f9,ok,100,21,1515,348.941,76,1425,9501,5029,7568
1709,46472.605047774,46472.605292035,,2,GPU-5443d59d-561f-ed1e-da42-1975937205f9,ok,100,20,1515,348.841,76,1440,9501,4394,19824
1710,46473.605047774,46473.605289593,,2,GPU-5443d59d-561f-ed1e-da42-1975937205f9,ok,100,21,1515,348.771,76,1440,9501,5273,8105
1711,46474.605047774,46474.605215951,,2,GPU-5443d59d-561f-ed1e-da42-1975937205f9,ok,100,20,1515,349.105,76,1440,9501,3271,12353
1712,46475.605047774,46475.605288499,,2,GPU-5443d59d-561f-ed1e-da42-1975937205f9,ok,100,21,1515,348.955,76,1440,9501,4882,8935
1713,46476.605047774,46476.605278617,,2,GPU-5443d59d-561f-ed1e-da42-1975937205f9,ok,100,20,1515,349.144,76,1440,9501,3320,12988
1714,46477.605047774,46477.605282395,,2,GPU-5443d59d-561f-ed1e-da42-1975937205f9,ok,100,21,1515,348.9,76,1455,9501,4785,9472
1715,46478.605047774,46478.605282093,,2,GPU-5443d59d-561f-ed1e-da42-1975937205f9,ok,100,21,1515,349.412,76,1425,9501,3417,11425
1716,46479.605047774,46479.605274342,,2,GPU-5443d59d-561f-ed1e-da42-1975937205f9,ok,100,21,1515,348.702,76,1455,9501,4882,9521
1717,46480.605047774,46480.60531106,,2,GPU-5443d59d-561f-ed1e-da42-1975937205f9,ok,100,25,1515,348.556,76,1440,9501,4052,11523
1718,46481.605047774,46481.605292748,,2,GPU-5443d59d-561f-ed1e-da42-1975937205f9,ok,100,21,1515,348.39,76,1455,9501,4443,11230
1719,46482.605047774,46482.605289616,,2,GPU-5443d59d-561f-ed1e-da42-1975937205f9,ok,100,22,1515,349.377,76,1425,9501,4003,10791
1720,46483.605047774,46483.605293784,,2,GPU-5443d59d-561f-ed1e-da42-1975937205f9,ok,100,21,1515,349.141,76,1440,9501,6347,15673
1721,46484.605047774,46484.605290142,,2,GPU-5443d59d-561f-ed1e-da42-1975937205f9,ok,100,22,1515,348.989,76,1440,9501,5322,7275
1722,46485.605047774,46485.60528697,,2,GPU-5443d59d-561f-ed1e-da42-1975937205f9,ok,100,20,1515,349.443,76,1440,9501,3857,18164
1723,46486.605047774,46486.605295778,,2,GPU-5443d59d-561f-ed1e-da42-1975937205f9,ok,100,22,1515,349.126,76,1440,9501,6689,9130
1724,46487.605047774,46487.605292776,,2,GPU-5443d59d-561f-ed1e-da42-1975937205f9,ok,100,20,1515,349.078,76,1440,9501,3027,12744
1725,46488.605047774,46488.605293274,,2,GPU-5443d59d-561f-ed1e-da42-1975937205f9,ok,100,21,1515,348.492,76,1440,9501,5273,8886
1726,46489.605047774,46489.605296082,,2,GPU-5443d59d-561f-ed1e-da42-1975937205f9,ok,100,21,1515,349.11,76,1425,9501,3369,11816
1727,46490.605047774,46490.60529485,,2,GPU-5443d59d-561f-ed1e-da42-1975937205f9,ok,100,20,1515,348.64,76,1455,9501,4589,10498
1728,46491.605047774,46491.605296608,,2,GPU-5443d59d-561f-ed1e-da42-1975937205f9,ok,100,28,1515,349.04,76,1380,9501,4589,8691
1729,46492.605047774,46492.605305886,,2,GPU-5443d59d-561f-ed1e-da42-1975937205f9,ok,100,20,1515,349.144,76,1455,9501,3564,12841
1730,46493.605047774,46493.605300014,,2,GPU-5443d59d-561f-ed1e-da42-1975937205f9,ok,100,21,1515,348.921,76,1440,9501,4980,7617
1731,46494.605047774,46494.605292232,,2,GPU-5443d59d-561f-ed1e-da42-1975937205f9,ok,100,21,1515,348.967,76,1440,9501,3173,14453
1732,46495.605047774,46495.605293,,2,GPU-5443d59d-561f-ed1e-da42-1975937205f9,ok,100,22,1515,349.071,76,1440,9501,5761,7324
1733,46496.605047774,46496.605291418,,2,GPU-5443d59d-561f-ed1e-da42-1975937205f9,ok,100,24,1515,349.29,76,1440,9501,2929,13476
1734,46497.605047774,46497.605292256,,2,GPU-5443d59d-561f-ed1e-da42-1975937205f9,ok,100,21,1515,348.693,76,1440,9501,5273,7617
1735,46498.605047774,46498.605295014,,2,GPU-5443d59d-561f-ed1e-da42-1975937205f9,ok,100,21,1515,348.647,76,1440,9501,2929,14013
1736,46499.605047774,46499.605293022,,2,GPU-5443d59d-561f-ed1e-da42-1975937205f9,ok,100,21,1515,349.281,76,1425,9501,5126,8496
1737,46500.605047774,46500.60529881,,2,GPU-5443d59d-561f-ed1e-da42-1975937205f9,ok,100,22,1515,349.315,76,1455,9501,3466,11962
1738,46501.605047774,46501.605307008,,2,GPU-5443d59d-561f-ed1e-da42-1975937205f9,ok,100,20,1515,349.151,76,1440,9501,4736,9960
1739,46502.605047774,46502.605291196,,2,GPU-5443d59d-561f-ed1e-da42-1975937205f9,ok,100,22,1515,349.402,76,1440,9501,4199,9912
1740,46503.605047774,46503.605290714,,2,GPU-5443d59d-561f-ed1e-da42-1975937205f9,ok,100,21,1515,349.121,76,1440,9501,4296,12304
1741,46504.605047774,46504.605293502,,2,GPU-5443d59d-561f-ed1e-da42-1975937205f9,ok,100,22,1515,349.349,76,1440,9501,4638,8349
1742,46505.605047774,46505.60529044,,2,GPU-5443d59d-561f-ed1e-da42-1975937205f9,ok,100,20,1515,349.208,76,1440,9501,4296,17333
1743,46506.605047774,46506.605323408,,2,GPU-5443d59d-561f-ed1e-da42-1975937205f9,ok,100,22,1515,348.866,76,1440,9501,5029,7324
1744,46507.605047774,46507.605327026,,2,GPU-5443d59d-561f-ed1e-da42-1975937205f9,ok,100,21,1515,348.982,76,1440,9501,2978,13964
1745,46508.605047774,46508.605328304,,2,GPU-5443d59d-561f-ed1e-da42-1975937205f9,ok,100,21,1515,349.014,76,1425,9501,5664,7666
1746,46509.605047774,46509.605333102,,2,GPU-5443d59d-561f-ed1e-da42-1975937205f9,ok,100,22,1515,349.155,76,1440,9501,3027,14013
1747,46510.605047774,46510.60532922,,2,GPU-5443d59d-561f-ed1e-da42-1975937205f9,ok,100,21,1515,349.097,76,1425,9501,5371,8007
1748,46511.605047774,46511.605352788,,2,GPU-5443d59d-561f-ed1e-da42-1975937205f9,ok,100,22,1515,349.341,76,1440,9501,3564,16552
1749,46512.605047774,46512.605331306,,2,GPU-5443d59d-561f-ed1e-da42-1975937205f9,ok,100,21,1515,349.311,76,1425,9501,7128,10742
1750,46513.605047774,46513.605329044,,2,GPU-5443d59d-561f-ed1e-da42-1975937205f9,ok,100,22,1515,349.32,76,1425,9501,3417,11621
1751,46514.605047774,46514.605327462,,2,GPU-5443d59d-561f-ed1e-da42-1975937205f9,ok,100,20,1515,348.959,76,1440,9501,7031,12353
1752,46515.605047774,46515.60532893,,2,GPU-5443d59d-561f-ed1e-da42-1975937205f9,ok,100,21,1515,348.685,76,1440,9501,3808,10595
1753,46516.605047774,46516.605333448,,2,GPU-5443d59d-561f-ed1e-da42-1975937205f9,ok,100,20,1515,348.826,76,1440,9501,5078,14062
1754,46517.605047774,46517.605330746,,2,GPU-5443d59d-561f-ed1e-da42-1975937205f9,ok,100,21,1515,349.048,76,1440,9501,4394,9033
1755,46518.605047774,46518.605328554,,2,GPU-5443d59d-561f-ed1e-da42-1975937205f9,ok,100,24,1515,348.671,76,1455,9501,3759,13378
1756,46519.605047774,46519.605327622,,2,GPU-5443d59d-561f-ed1e-da42-1975937205f9,ok,100,21,1515,348.493,76,1410,9501,5175,7763
1757,46520.605047774,46520.60533586,,2,GPU-5443d59d-561f-ed1e-da42-1975937205f9,ok,100,21,1515,349.261,76,1455,9501,3320,14257
1758,46521.605047774,46521.605329069,,2,GPU-5443d59d-561f-ed1e-da42-1975937205f9,ok,100,22,1515,349.406,76,1425,9501,5126,7958
1759,46522.605047774,46522.605328717,,2,GPU-5443d59d-561f-ed1e-da42-1975937205f9,ok,100,20,1515,349.22,76,1455,9501,3417,14355
1760,46523.605047774,46523.605328555,,2,GPU-5443d59d-561f-ed1e-da42-1975937205f9,ok,100,21,1515,348.933,76,1425,9501,5078,7763
1761,46524.605047774,46524.605343863,,2,GPU-5443d59d-561f-ed1e-da42-1975937205f9,ok,100,21,1515,349.186,76,1455,9501,3369,13916
1762,46525.605047774,46525.605333761,,2,GPU-5443d59d-561f-ed1e-da42-1975937205f9,ok,100,29,1515,348.672,76,1440,9501,5468,7470
1763,46526.605047774,46526.605327499,,2,GPU-5443d59d-561f-ed1e-da42-1975937205f9,ok,100,23,1515,349.24,76,1455,9501,2978,14453
1764,46527.605047774,46527.605343757,,2,GPU-5443d59d-561f-ed1e-da42-1975937205f9,ok,100,20,1515,349.183,76,1440,9501,5615,2197
1765,46528.605047774,46528.605343905,,2,GPU-5443d59d-561f-ed1e-da42-1975937205f9,ok,100,22,1515,349.816,76,1440,9501,3125,13476
1766,46529.605047774,46529.605348233,,2,GPU-5443d59d-561f-ed1e-da42-1975937205f9,ok,100,21,1515,349.361,76,1440,9501,5468,8007
1767,46530.605047774,46530.605345911,,2,GPU-5443d59d-561f-ed1e-da42-1975937205f9,ok,100,21,1515,349.217,76,1440,9501,3222,13427
1768,46531.605047774,46531.605347929,,2,GPU-5443d59d-561f-ed1e-da42-1975937205f9,ok,100,21,1515,349.075,76,1455,9501,5566,8154
1769,46532.605047774,46532.605345147,,2,GPU-5443d59d-561f-ed1e-da42-1975937205f9,ok,100,22,1515,349.156,76,1455,9501,3027,12792
1770,46533.605047774,46533.605367325,,2,GPU-5443d59d-561f-ed1e-da42-1975937205f9,ok,100,21,1515,349.54,76,1440,9501,5517,7861
1771,46534.605047774,46534.605358953,,2,GPU-5443d59d-561f-ed1e-da42-1975937205f9,ok,100,21,1515,349.416,76,1440,9501,1025,341
1772,46535.605047774,46535.605348361,,2,GPU-5443d59d-561f-ed1e-da42-1975937205f9,ok,100,21,1515,349.184,76,1455,9501,5322,8105
1773,46536.605047774,46536.605303849,,2,GPU-5443d59d-561f-ed1e-da42-1975937205f9,ok,100,21,1515,349.444,76,1455,9501,3369,11962
1774,46537.605047774,46537.605314707,,2,GPU-5443d59d-561f-ed1e-da42-1975937205f9,ok,100,21,1515,349.255,76,1440,9501,4785,9667
1775,46538.605047774,46538.605308565,,2,GPU-5443d59d-561f-ed1e-da42-1975937205f9,ok,100,22,1515,349.026,76,1440,9501,3710,10839
1776,46539.605047774,46539.605306683,,2,GPU-5443d59d-561f-ed1e-da42-1975937205f9,ok,100,19,1515,349.093,76,1440,9501,4394,11572
1777,46540.605047774,46540.605307381,,2,GPU-5443d59d-561f-ed1e-da42-1975937205f9,ok,100,20,1515,348.601,76,1425,9501,4248,9667
1778,46541.605047774,46541.605309189,,2,GPU-5443d59d-561f-ed1e-da42-1975937205f9,ok,100,21,1515,348.913,76,1440,9501,488,2148
1779,46542.605047774,46542.605323797,,2,GPU-5443d59d-561f-ed1e-da42-1975937205f9,ok,100,21,1515,348.762,76,1425,9501,4785,8837
1780,46543.605047774,46543.605308165,,2,GPU-5443d59d-561f-ed1e-da42-1975937205f9,ok,100,25,1515,348.555,76,1455,9501,3515,14941
1781,46544.605047774,46544.605304443,,2,GPU-5443d59d-561f-ed1e-da42-1975937205f9,ok,100,21,1515,348.513,76,1440,9501,5078,7470
1782,46545.605047774,46545.605312241,,2,GPU-5443d59d-561f-ed1e-da42-1975937205f9,ok,100,22,1515,349.82,76,1440,9501,3222,13232
1783,46546.605047774,46546.605329459,,2,GPU-5443d59d-561f-ed1e-da42-1975937205f9,ok,100,23,1515,349.57,76,1425,9501,5126,8105
1784,46547.605047774,46547.605345267,,2,GPU-5443d59d-561f-ed1e-da42-1975937205f9,ok,100,21,1515,348.851,76,1440,9501,3076,12890
1785,46548.605047774,46548.605351825,,2,GPU-5443d59d-561f-ed1e-da42-1975937205f9,ok,100,20,1515,348.87,76,1440,9501,537,6982
1786,46549.605047774,46549.605350443,,2,GPU-5443d59d-561f-ed1e-da42-1975937205f9,ok,100,28,1515,348.619,76,1440,9501,3857,14550
1787,46550.605047774,46550.605333071,,2,GPU-5443d59d-561f-ed1e-da42-1975937205f9,ok,100,20,1515,348.978,76,1440,9501,4492,10009
1788,46551.605047774,46551.605337069,,2,GPU-5443d59d-561f-ed1e-da42-1975937205f9,ok,100,28,1515,348.096,76,1440,9501,3710,11279
1789,46552.605047774,46552.605335207,,2,GPU-5443d59d-561f-ed1e-da42-1975937205f9,ok,100,21,1515,348.007,76,1440,9501,4443,11767
1790,46553.605047774,46553.605328755,,2,GPU-5443d59d-561f-ed1e-da42-1975937205f9,ok,100,20,1515,347.729,76,1440,9501,4443,10107
1791,46554.605047774,46554.605329363,,2,GPU-5443d59d-561f-ed1e-da42-1975937205f9,ok,100,23,1515,349.039,76,1440,9501,6250,16357
1792,46555.605047774,46555.605326991,,2,GPU-5443d59d-561f-ed1e-da42-1975937205f9,ok,100,20,1515,348.957,76,1440,9501,1171,8544
1793,46556.605047774,46556.605275589,,2,GPU-5443d59d-561f-ed1e-da42-1975937205f9,ok,100,21,1515,348.897,76,1440,9501,4296,13183
1794,46557.605047774,46557.605350837,,2,GPU-5443d59d-561f-ed1e-da42-1975937205f9,ok,100,20,1515,349.089,76,1440,9501,5126,8203
1795,46558.605047774,46558.605354405,,2,GPU-5443d59d-561f-ed1e-da42-1975937205f9,ok,100,21,1515,348.952,76,1440,9501,3710,12939
1796,46559.605047774,46559.605350663,,2,GPU-5443d59d-561f-ed1e-da42-1975937205f9,ok,100,23,1515,348.71,76,1410,9501,5419,7812
1797,46560.605047774,46560.605365461,,2,GPU-5443d59d-561f-ed1e-da42-1975937205f9,ok,100,21,1515,348.989,76,1455,9501,3027,14111
1798,46561.605047774,46561.605360449,,2,GPU-5443d59d-561f-ed1e-da42-1975937205f9,ok,100,20,1515,348.885,76,1440,9501,5664,7373
1799,46562.605047774,46562.605352387,,2,GPU-5443d59d-561f-ed1e-da42-1975937205f9,ok,100,22,1515,348.969,76,1455,9501,3027,14404
1800,46563.605047774,46563.605355835,,2,GPU-5443d59d-561f-ed1e-da42-1975937205f9,ok,100,20,1515,348.952,76,1440,9501,5517,7373
1801,46564.605047774,46564.605350634,,2,GPU-5443d59d-561f-ed1e-da42-1975937205f9,ok,100,21,1515,348.962,76,1455,9501,3125,14843
1802,46565.605047774,46565.605352732,,2,GPU-5443d59d-561f-ed1e-da42-1975937205f9,ok,100,21,1515,349.194,76,1425,9501,5322,9082
1803,46566.605047774,46566.60535397,,2,GPU-5443d59d-561f-ed1e-da42-1975937205f9,ok,100,21,1515,349.441,76,1455,9501,3710,11279
1804,46567.605047774,46567.605335438,,2,GPU-5443d59d-561f-ed1e-da42-1975937205f9,ok,100,23,1515,349.583,76,1440,9501,4199,11425
1805,46568.605047774,46568.605328926,,2,GPU-5443d59d-561f-ed1e-da42-1975937205f9,ok,100,21,1515,349.397,76,1440,9501,4687,8642
1806,46569.605047774,46569.605329394,,2,GPU-5443d59d-561f-ed1e-da42-1975937205f9,ok,100,22,1515,349.32,76,1440,9501,3808,12890
1807,46570.605047774,46570.605326692,,2,GPU-5443d59d-561f-ed1e-da42-1975937205f9,ok,100,20,1515,349.137,76,1440,9501,4296,8886
1808,46571.605047774,46571.60533382,,2,GPU-5443d59d-561f-ed1e-da42-1975937205f9,ok,100,22,1515,348.847,76,1455,9501,3906,12207
1809,46572.605047774,46572.605326728,,2,GPU-5443d59d-561f-ed1e-da42-1975937205f9,ok,100,29,1515,348.79,76,1455,9501,6103,8886
1810,46573.605047774,46573.605340806,,2,GPU-5443d59d-561f-ed1e-da42-1975937205f9,ok,100,27,1515,349.072,76,1425,9501,3173,14843
1811,46574.605047774,46574.605327494,,2,GPU-5443d59d-561f-ed1e-da42-1975937205f9,ok,100,23,1515,348.821,76,1425,9501,5615,7812
1812,46575.605047774,46575.605329412,,2,GPU-5443d59d-561f-ed1e-da42-1975937205f9,ok,100,21,1515,348.253,76,1455,9501,3076,14306
1813,46576.605047774,46576.60532762,,2,GPU-5443d59d-561f-ed1e-da42-1975937205f9,ok,100,20,1515,349.047,76,1425,9501,5566,7470
1814,46577.605047774,46577.605306948,,2,GPU-5443d59d-561f-ed1e-da42-1975937205f9,ok,100,21,1515,348.937,76,1455,9501,2929,13916
1815,46578.605047774,46578.605291036,,2,GPU-5443d59d-561f-ed1e-da42-1975937205f9,ok,100,21,1515,349.257,76,1440,9501,5664,8154
1816,46579.605047774,46579.605291894,,2,GPU-5443d59d-561f-ed1e-da42-1975937205f9,ok,100,21,1515,348.898,76,1455,9501,3369,12841
1817,46580.605047774,46580.605292032,,2,GPU-5443d59d-561f-ed1e-da42-1975937205f9,ok,100,22,1515,349.641,76,1455,9501,6298,11669
1818,46581.605047774,46581.60529065,,2,GPU-5443d59d-561f-ed1e-da42-1975937205f9,ok,100,21,1515,349.444,76,1440,9501,3759,10595
1819,46582.605047774,46582.605391478,,2,GPU-5443d59d-561f-ed1e-da42-1975937205f9,ok,100,22,1515,349.548,76,1440,9501,4785,10400
1820,46583.605047774,46583.605799796,,2,GPU-5443d59d-561f-ed1e-da42-1975937205f9,ok,100,24,1515,349.012,76,1410,9501,537,488
1821,46584.605047774,46584.605518014,,2,GPU-5443d59d-561f-ed1e-da42-1975937205f9,ok,0,0,453,186.147,69,1890,9751,390,292
1822,46585.605047774,46585.605358032,,2,GPU-5443d59d-561f-ed1e-da42-1975937205f9,ok,0,0,468,151.208,67,1710,9751,25585,19140
1823,46586.605047774,46586.60535118,,2,GPU-5443d59d-561f-ed1e-da42-1975937205f9,ok,100,20,1514,284.096,74,1440,9501,537,292
1824,46587.605047774,46587.605350398,,2,GPU-5443d59d-561f-ed1e-da42-1975937205f9,ok,100,22,1514,349.077,75,1440,9501,439,439
1825,46588.605047774,46588.605354466,,2,GPU-5443d59d-561f-ed1e-da42-1975937205f9,ok,0,0,1514,205.854,68,1890,9501,390,292
1826,46589.605047774,46589.605346354,,2,GPU-5443d59d-561f-ed1e-da42-1975937205f9,ok,0,0,1514,170.574,67,1890,9501,390,292
1827,46590.605047774,46590.605349292,,2,GPU-5443d59d-561f-ed1e-da42-1975937205f9,ok,100,22,1514,239.757,74,1425,9501,537,292
1828,46591.605047774,46591.60535277,,2,GPU-5443d59d-561f-ed1e-da42-1975937205f9,ok,100,23,1514,348.313,74,1440,9501,537,390
1829,46592.605047774,46592.605353958,,2,GPU-5443d59d-561f-ed1e-da42-1975937205f9,ok,0,0,1514,212.624,67,1890,9501,439,292
1830,46593.605047774,46593.605352856,,2,GPU-5443d59d-561f-ed1e-da42-1975937205f9,ok,0,0,1514,177.076,67,1905,9501,390,292
1831,46594.605047774,46594.605323714,,2,GPU-5443d59d-561f-ed1e-da42-1975937205f9,ok,100,23,1514,236.024,73,1455,9501,488,341
1832,46595.605047774,46595.605348612,,2,GPU-5443d59d-561f-ed1e-da42-1975937205f9,ok,100,22,1514,348.765,73,1425,9501,488,439
1833,46596.605047774,46596.6055102,,2,GPU-5443d59d-561f-ed1e-da42-1975937205f9,ok,0,0,1514,219.075,66,1905,9501,390,244
1834,46597.605047774,46597.605464228,,2,GPU-5443d59d-561f-ed1e-da42-1975937205f9,ok,0,0,1514,154.417,66,1905,9501,390,244
1835,46598.605047774,46598.605363036,,2,GPU-5443d59d-561f-ed1e-da42-1975937205f9,ok,14,1,453,131.682,64,1710,9751,1855,292
1836,46599.605047774,46599.605403824,,2,GPU-5443d59d-561f-ed1e-da42-1975937205f9,ok,0,0,450,127.054,64,1710,9751,390,292
