tick_index,t_target_raw_s,t_receipt_raw_s,utc_anchor,gpu_index,gpu_uuid,status,util_gpu_pct,util_mem_pct,mem_used_mib,power_w,temp_c,clock_sm_mhz,clock_mem_mhz,pcie_tx_kbps,pcie_rx_kbps
-1,77657.389418655,77657.389643565,2026-08-25T18:21:36.257460+00:00,-1,anchor,anchor,,,,,,,,,
0,77657.389418655,77657.411251912,,0,GPU-9b96eb67-aeee-89d5-aa85-fc650af4e25c,ok,0,0,450,28.835,40,210,405,439,341
0,77657.389418655,77657.425406936,,1,GPU-37ffc98b-8551-c8a1-5f3c-27ade9ae735a,ok,0,0,450,16.927,38,210,405,390,292
0,77657.389418655,77657.419404434,,2,GPU-5443d59d-561f-ed1e-da42-1975937205f9,ok,0,0,450,28.838,42,210,405,439,341
0,77657.389418655,77657.433304778,,3,GPU-46bf67bb-cb31-bee1-3cf0-c35337ba97d2,ok,0,0,450,125.653,62,480,810,390,341
0,77657.389418655,77657.433192218,,4,GPU-127e16de-2b5f-dde9-1932-b4e29bb818c0,ok,0,0,450,26.271,39,210,405,439,292
1,77658.389418655,77658.390929544,,0,GPU-9b96eb67-aeee-89d5-aa85-fc650af4e25c,ok,0,0,450,27.47,39,210,405,439,341
1,77658.389418655,77658.390743194,,1,GPU-37ffc98b-8551-c8a1-5f3c-27ade9ae735a,ok,0,0,450,15.815,37,210,405,390,292
1,77658.389418655,77658.389924753,,2,GPU-5443d59d-561f-ed1e-da42-1975937205f9,ok,0,0,450,27.812,41,210,405,439,341
1,77658.389418655,77658.390840294,,3,GPU-46bf67bb-cb31-bee1-3cf0-c35337ba97d2,ok,0,0,450,83.693,57,270,810,390,292
1,77658.389418655,77658.390909504,,4,GPU-127e16de-2b5f-dde9-1932-b4e29bb818c0,ok,0,0,450,25.091,38,210,405,488,292
2,77659.389418655,77659.390276021,,0,GPU-9b96eb67-aeee-89d5-aa85-fc650af4e25c,ok,0,0,450,27.004,39,210,405,439,341
2,77659.389418655,77659.390364651,,1,GPU-37ffc98b-8551-c8a1-5f3c-27ade9ae735a,ok,0,0,450,15.554,37,210,405,390,292
2,77659.389418655,77659.390236211,,2,GPU-5443d59d-561f-ed1e-da42-1975937205f9,ok,0,0,450,27.436,41,210,405,439,341
2,77659.389418655,77659.392173642,,3,GPU-46bf67bb-cb31-bee1-3cf0-c35337ba97d2,ok,0,0,450,41.19,56,210,405,439,292
2,77659.389418655,77659.390205761,,4,GPU-127e16de-2b5f-dde9-1932-b4e29bb818c0,ok,0,0,450,24.675,38,210,405,537,292
3,77660.389418655,77660.39064614,,0,GPU-9b96eb67-aeee-89d5-aa85-fc650af4e25c,ok,0,0,450,27.103,39,210,405,439,292
3,77660.389418655,77660.390186229,,1,GPU-37ffc98b-8551-c8a1-5f3c-27ade9ae735a,ok,0,0,450,15.751,37,210,405,439,292
3,77660.389418655,77660.39076706,,2,GPU-5443d59d-561f-ed1e-da42-1975937205f9,ok,0,0,450,27.417,41,210,405,439,341
3,77660.389418655,77660.389945919,,3,GPU-46bf67bb-cb31-bee1-3cf0-c35337ba97d2,ok,0,0,450,35.529,56,210,405,439,292
3,77660.389418655,77660.39078582,,4,GPU-127e16de-2b5f-dde9-1932-b4e29bb818c0,ok,0,0,450,24.69,38,210,405,488,292
4,77661.389418655,77661.390150517,,0,GPU-9b96eb67-aeee-89d5-aa85-fc650af4e25c,ok,0,0,450,27.327,39,210,405,390,292
4,77661.389418655,77661.390258758,,1,GPU-37ffc98b-8551-c8a1-5f3c-27ade9ae735a,ok,0,0,450,15.913,37,210,405,439,292
4,77661.389418655,77661.392011568,,2,GPU-5443d59d-561f-ed1e-da42-1975937205f9,ok,0,0,450,27.506,41,210,405,390,341
4,77661.389418655,77661.391485808,,3,GPU-46bf67bb-cb31-bee1-3cf0-c35337ba97d2,ok,0,0,450,32.562,55,210,405,439,292
4,77661.389418655,77661.390238317,,4,GPU-127e16de-2b5f-dde9-1932-b4e29bb818c0,ok,0,0,450,24.744,38,210,405,488,341
5,77662.389418655,77662.390252446,,0,GPU-9b96eb67-aeee-89d5-aa85-fc650af4e25c,ok,0,0,453,31.315,39,210,405,439,341
5,77662.389418655,77662.391711766,,1,GPU-37ffc98b-8551-c8a1-5f3c-27ade9ae735a,ok,0,0,453,17.973,38,210,405,390,341
5,77662.389418655,77662.390325176,,2,GPU-5443d59d-561f-ed1e-da42-1975937205f9,ok,0,0,453,29.454,41,210,405,439,292
5,77662.389418655,77662.390193116,,3,GPU-46bf67bb-cb31-bee1-3cf0-c35337ba97d2,ok,0,0,1514,32.892,53,210,405,390,488
5,77662.389418655,77662.390144825,,4,GPU-127e16de-2b5f-dde9-1932-b4e29bb818c0,ok,0,0,453,25.356,38,210,405,488,292
6,77663.389418655,77663.389986623,,0,GPU-9b96eb67-aeee-89d5-aa85-fc650af4e25c,ok,0,0,453,38.582,40,210,405,439,292
6,77663.389418655,77663.390251934,,1,GPU-37ffc98b-8551-c8a1-5f3c-27ade9ae735a,ok,0,0,453,26.614,38,210,405,390,341
6,77663.389418655,77663.390222404,,2,GPU-5443d59d-561f-ed1e-da42-1975937205f9,ok,0,0,453,36.178,41,210,405,439,292
6,77663.389418655,77663.390099374,,3,GPU-46bf67bb-cb31-bee1-3cf0-c35337ba97d2,ok,100,20,1514,228.727,69,1470,9501,537,292
6,77663.389418655,77663.390696384,,4,GPU-127e16de-2b5f-dde9-1932-b4e29bb818c0,ok,0,0,453,34.19,38,210,405,537,292
7,77664.389418655,77664.390151702,,0,GPU-9b96eb67-aeee-89d5-aa85-fc650af4e25c,ok,0,0,453,28.59,40,210,405,439,292
7,77664.389418655,77664.390070832,,1,GPU-37ffc98b-8551-c8a1-5f3c-27ade9ae735a,ok,0,0,453,26.526,38,210,405,390,292
7,77664.389418655,77664.390211142,,2,GPU-5443d59d-561f-ed1e-da42-1975937205f9,ok,0,0,453,28.549,41,210,405,390,292
7,77664.389418655,77664.390294352,,3,GPU-46bf67bb-cb31-bee1-3cf0-c35337ba97d2,ok,100,22,1514,349.505,73,1470,9501,537,292
7,77664.389418655,77664.390307352,,4,GPU-127e16de-2b5f-dde9-1932-b4e29bb818c0,ok,0,0,453,25.422,38,210,405,537,292
8,77665.389418655,77665.39137092,,0,GPU-9b96eb67-aeee-89d5-aa85-fc650af4e25c,ok,0,0,453,27.411,40,210,405,439,292
8,77665.389418655,77665.38997484,,1,GPU-37ffc98b-8551-c8a1-5f3c-27ade9ae735a,ok,0,0,453,17.151,38,210,405,390,292
8,77665.389418655,77665.39014524,,2,GPU-5443d59d-561f-ed1e-da42-1975937205f9,ok,0,0,453,27.602,41,210,405,439,292
8,77665.389418655,77665.39077932,,3,GPU-46bf67bb-cb31-bee1-3cf0-c35337ba97d2,ok,0,0,1514,244.442,65,1965,9501,439,292
8,77665.389418655,77665.39071866,,4,GPU-127e16de-2b5f-dde9-1932-b4e29bb818c0,ok,0,0,453,24.566,38,210,405,537,292
9,77666.389418655,77666.390701718,,0,GPU-9b96eb67-aeee-89d5-aa85-fc650af4e25c,ok,0,0,453,27.052,39,210,405,439,292
9,77666.389418655,77666.390240228,,1,GPU-37ffc98b-8551-c8a1-5f3c-27ade9ae735a,ok,0,0,453,16.077,37,210,405,439,292
9,77666.389418655,77666.389942838,,2,GPU-5443d59d-561f-ed1e-da42-1975937205f9,ok,0,0,453,27.277,41,210,405,439,292
9,77666.389418655,77666.390213348,,3,GPU-46bf67bb-cb31-bee1-3cf0-c35337ba97d2,ok,0,0,1514,194.607,65,1980,9501,537,292
9,77666.389418655,77666.390178748,,4,GPU-127e16de-2b5f-dde9-1932-b4e29bb818c0,ok,0,0,453,24.4,38,210,405,537,292
10,77667.389418655,77667.390083476,,0,GPU-9b96eb67-aeee-89d5-aa85-fc650af4e25c,ok,0,0,453,27.01,39,210,405,439,292
10,77667.389418655,77667.390155966,,1,GPU-37ffc98b-8551-c8a1-5f3c-27ade9ae735a,ok,0,0,453,15.87,37,210,405,439,292
10,77667.389418655,77667.389995366,,2,GPU-5443d59d-561f-ed1e-da42-1975937205f9,ok,0,0,453,27.213,41,210,405,439,292
10,77667.389418655,77667.390714086,,3,GPU-46bf67bb-cb31-bee1-3cf0-c35337ba97d2,ok,100,26,1514,236.189,73,1455,9501,488,439
10,77667.389418655,77667.391360556,,4,GPU-127e16de-2b5f-dde9-1932-b4e29bb818c0,ok,0,0,453,24.3,38,210,405,537,292
11,77668.389418655,77668.390216424,,0,GPU-9b96eb67-aeee-89d5-aa85-fc650af4e25c,ok,0,0,453,27.121,39,210,405,439,292
11,77668.389418655,77668.389937784,,1,GPU-37ffc98b-8551-c8a1-5f3c-27ade9ae735a,ok,0,0,453,16.01,37,210,405,439,292
11,77668.389418655,77668.390123754,,2,GPU-5443d59d-561f-ed1e-da42-1975937205f9,ok,0,0,453,27.414,41,210,405,439,341
11,77668.389418655,77668.390672224,,3,GPU-46bf67bb-cb31-bee1-3cf0-c35337ba97d2,ok,100,19,1514,349.322,76,1440,9501,537,341
11,77668.389418655,77668.390240714,,4,GPU-127e16de-2b5f-dde9-1932-b4e29bb818c0,ok,0,0,453,24.301,38,210,405,537,341
12,77669.389418655,77669.390250472,,0,GPU-9b96eb67-aeee-89d5-aa85-fc650af4e25c,ok,0,0,453,26.934,39,210,405,439,341
12,77669.389418655,77669.390080372,,1,GPU-37ffc98b-8551-c8a1-5f3c-27ade9ae735a,ok,0,0,453,16.192,37,210,405,439,292
12,77669.389418655,77669.390825552,,2,GPU-5443d59d-561f-ed1e-da42-1975937205f9,ok,0,0,453,27.438,41,210,405,439,341
12,77669.389418655,77669.390886892,,3,GPU-46bf67bb-cb31-bee1-3cf0-c35337ba97d2,ok,0,0,1514,252.597,69,1965,9501,390,292
12,77669.389418655,77669.390281062,,4,GPU-127e16de-2b5f-dde9-1932-b4e29bb818c0,ok,0,0,453,24.064,38,210,405,488,341
13,77670.389418655,77670.39031495,,0,GPU-9b96eb67-aeee-89d5-aa85-fc650af4e25c,ok,0,0,453,26.986,39,210,405,439,341
13,77670.389418655,77670.39029146,,1,GPU-37ffc98b-8551-c8a1-5f3c-27ade9ae735a,ok,0,0,453,15.929,37,210,405,439,292
13,77670.389418655,77670.39012253,,2,GPU-5443d59d-561f-ed1e-da42-1975937205f9,ok,0,0,453,27.394,41,210,405,439,292
13,77670.389418655,77670.39014695,,3,GPU-46bf67bb-cb31-bee1-3cf0-c35337ba97d2,ok,0,0,1514,191.321,67,1965,9501,537,292
13,77670.389418655,77670.39018863,,4,GPU-127e16de-2b5f-dde9-1932-b4e29bb818c0,ok,0,0,453,23.998,38,210,405,537,341
14,77671.389418655,77671.390494588,,0,GPU-9b96eb67-aeee-89d5-aa85-fc650af4e25c,ok,0,0,453,27.101,39,210,405,439,341
14,77671.389418655,77671.390423088,,1,GPU-37ffc98b-8551-c8a1-5f3c-27ade9ae735a,ok,0,0,453,15.72,37,210,405,439,292
14,77671.389418655,77671.390069878,,2,GPU-5443d59d-561f-ed1e-da42-1975937205f9,ok,0,0,453,27.416,41,210,405,439,292
14,77671.389418655,77671.389892138,,3,GPU-46bf67bb-cb31-bee1-3cf0-c35337ba97d2,ok,100,21,1514,237.523,75,1455,9501,585,439
14,77671.389418655,77671.390462058,,4,GPU-127e16de-2b5f-dde9-1932-b4e29bb818c0,ok,0,0,453,24.07,38,210,405,537,341
15,77672.389418655,77672.390170096,,0,GPU-9b96eb67-aeee-89d5-aa85-fc650af4e25c,ok,0,0,453,26.927,39,210,405,439,341
15,77672.389418655,77672.390328486,,1,GPU-37ffc98b-8551-c8a1-5f3c-27ade9ae735a,ok,0,0,453,16.009,37,210,405,439,292
15,77672.389418655,77672.390228526,,2,GPU-5443d59d-561f-ed1e-da42-1975937205f9,ok,0,0,453,27.258,41,210,405,439,292
15,77672.389418655,77672.390199046,,3,GPU-46bf67bb-cb31-bee1-3cf0-c35337ba97d2,ok,100,20,1514,349.748,78,1440,9501,537,292
15,77672.389418655,77672.390302996,,4,GPU-127e16de-2b5f-dde9-1932-b4e29bb818c0,ok,0,0,453,24.06,38,210,405,488,292
16,77673.389418655,77673.390344874,,0,GPU-9b96eb67-aeee-89d5-aa85-fc650af4e25c,ok,0,0,453,26.965,39,210,405,439,292
16,77673.389418655,77673.390135634,,1,GPU-37ffc98b-8551-c8a1-5f3c-27ade9ae735a,ok,0,0,453,15.983,37,210,405,439,341
16,77673.389418655,77673.390167504,,2,GPU-5443d59d-561f-ed1e-da42-1975937205f9,ok,0,0,453,27.262,41,210,405,439,341
16,77673.389418655,77673.390359614,,3,GPU-46bf67bb-cb31-bee1-3cf0-c35337ba97d2,ok,0,0,1514,256.617,70,1950,9501,390,292
16,77673.389418655,77673.390384694,,4,GPU-127e16de-2b5f-dde9-1932-b4e29bb818c0,ok,0,0,453,24.219,38,210,405,537,292
17,77674.389418655,77674.390332872,,0,GPU-9b96eb67-aeee-89d5-aa85-fc650af4e25c,ok,0,0,453,27.109,39,210,405,390,292
17,77674.389418655,77674.390374102,,1,GPU-37ffc98b-8551-c8a1-5f3c-27ade9ae735a,ok,0,0,453,15.551,37,210,405,390,292
17,77674.389418655,77674.390400422,,2,GPU-5443d59d-561f-ed1e-da42-1975937205f9,ok,0,0,453,27.46,41,210,405,439,341
17,77674.389418655,77674.390272592,,3,GPU-46bf67bb-cb31-bee1-3cf0-c35337ba97d2,ok,0,0,1514,194.804,69,1965,9501,390,244
17,77674.389418655,77674.390232722,,4,GPU-127e16de-2b5f-dde9-1932-b4e29bb818c0,ok,0,0,453,24.444,38,210,405,488,292
18,77675.389418655,77675.39160164,,0,GPU-9b96eb67-aeee-89d5-aa85-fc650af4e25c,ok,0,0,450,28.701,39,210,405,439,292
18,77675.389418655,77675.39047199,,1,GPU-37ffc98b-8551-c8a1-5f3c-27ade9ae735a,ok,0,0,450,16.446,38,210,405,439,292
18,77675.389418655,77675.3902851,,2,GPU-5443d59d-561f-ed1e-da42-1975937205f9,ok,0,0,450,28.84,41,210,405,439,341
18,77675.389418655,77675.3904954,,3,GPU-46bf67bb-cb31-bee1-3cf0-c35337ba97d2,ok,0,0,450,159.209,64,1725,9501,439,292
18,77675.389418655,77675.39023247,,4,GPU-127e16de-2b5f-dde9-1932-b4e29bb818c0,ok,0,0,450,25.972,38,210,405,537,341
19,77676.389418655,77676.390271508,,0,GPU-9b96eb67-aeee-89d5-aa85-fc650af4e25c,ok,0,0,450,38.5,40,210,405,439,292
19,77676.389418655,77676.390876598,,1,GPU-37ffc98b-8551-c8a1-5f3c-27ade9ae735a,ok,0,0,450,26.19,38,210,405,439,292
19,77676.389418655,77676.390196408,,2,GPU-5443d59d-561f-ed1e-da42-1975937205f9,ok,0,0,450,36.395,41,210,405,439,292
19,77676.389418655,77676.390900148,,3,GPU-46bf67bb-cb31-bee1-3cf0-c35337ba97d2,ok,0,0,450,140.623,63,1725,9751,390,292
19,77676.389418655,77676.390069848,,4,GPU-127e16de-2b5f-dde9-1932-b4e29bb818c0,ok,0,0,450,34.236,39,210,405,537,341
20,77677.389418655,77677.390222556,,0,GPU-9b96eb67-aeee-89d5-aa85-fc650af4e25c,ok,0,0,450,28.259,40,210,405,439,341
20,77677.389418655,77677.390508816,,1,GPU-37ffc98b-8551-c8a1-5f3c-27ade9ae735a,ok,0,0,450,17.204,38,210,405,439,292
20,77677.389418655,77677.390314236,,2,GPU-5443d59d-561f-ed1e-da42-1975937205f9,ok,0,0,450,28.65,42,210,405,439,341
20,77677.389418655,77677.390423726,,3,GPU-46bf67bb-cb31-bee1-3cf0-c35337ba97d2,ok,0,0,450,140.46,63,1725,9751,390,292
20,77677.389418655,77677.390460546,,4,GPU-127e16de-2b5f-dde9-1932-b4e29bb818c0,ok,0,0,450,25.602,38,210,405,488,292
21,77678.389418655,77678.390217304,,0,GPU-9b96eb67-aeee-89d5-aa85-fc650af4e25c,ok,0,0,450,27.218,39,210,405,439,341
21,77678.389418655,77678.391585844,,1,GPU-37ffc98b-8551-c8a1-5f3c-27ade9ae735a,ok,0,0,450,16.086,37,210,405,488,292
21,77678.389418655,77678.390068214,,2,GPU-5443d59d-561f-ed1e-da42-1975937205f9,ok,0,0,450,27.714,41,210,405,439,292
21,77678.389418655,77678.390124534,,3,GPU-46bf67bb-cb31-bee1-3cf0-c35337ba97d2,ok,0,0,450,113.407,60,405,5001,439,292
21,77678.389418655,77678.391008124,,4,GPU-127e16de-2b5f-dde9-1932-b4e29bb818c0,ok,0,0,450,24.607,38,210,405,488,341
22,77679.389418655,77679.390286372,,0,GPU-9b96eb67-aeee-89d5-aa85-fc650af4e25c,ok,0,0,450,27.051,39,210,405,439,292
22,77679.389418655,77679.390317222,,1,GPU-37ffc98b-8551-c8a1-5f3c-27ade9ae735a,ok,0,0,450,15.66,37,210,405,439,292
22,77679.389418655,77679.390258342,,2,GPU-5443d59d-561f-ed1e-da42-1975937205f9,ok,0,0,450,27.441,41,210,405,390,292
22,77679.389418655,77679.390402222,,3,GPU-46bf67bb-cb31-bee1-3cf0-c35337ba97d2,ok,0,0,450,75.072,56,240,810,390,292
22,77679.389418655,77679.390440742,,4,GPU-127e16de-2b5f-dde9-1932-b4e29bb818c0,ok,0,0,450,24.257,38,210,405,537,341
23,77680.389418655,77680.39029883,,0,GPU-9b96eb67-aeee-89d5-aa85-fc650af4e25c,ok,0,0,450,27.0,39,210,405,439,292
23,77680.389418655,77680.39006489,,1,GPU-37ffc98b-8551-c8a1-5f3c-27ade9ae735a,ok,0,0,450,15.601,37,210,405,439,292
23,77680.389418655,77680.39019366,,2,GPU-5443d59d-561f-ed1e-da42-1975937205f9,ok,0,0,450,27.381,41,210,405,439,292
23,77680.389418655,77680.39147227,,3,GPU-46bf67bb-cb31-bee1-3cf0-c35337ba97d2,ok,0,0,450,37.975,55,210,405,439,292
23,77680.389418655,77680.39081876,,4,GPU-127e16de-2b5f-dde9-1932-b4e29bb818c0,ok,0,0,450,24.296,38,210,405,537,341
24,77681.389418655,77681.390444118,,0,GPU-9b96eb67-aeee-89d5-aa85-fc650af4e25c,ok,0,0,450,27.083,39,210,405,439,292
24,77681.389418655,77681.390530068,,1,GPU-37ffc98b-8551-c8a1-5f3c-27ade9ae735a,ok,0,0,450,15.649,37,210,405,390,292
24,77681.389418655,77681.390289988,,2,GPU-5443d59d-561f-ed1e-da42-1975937205f9,ok,0,0,450,27.45,41,210,405,390,341
24,77681.389418655,77681.390555328,,3,GPU-46bf67bb-cb31-bee1-3cf0-c35337ba97d2,ok,0,0,450,34.445,55,210,405,439,292
24,77681.389418655,77681.390481288,,4,GPU-127e16de-2b5f-dde9-1932-b4e29bb818c0,ok,0,0,450,24.695,38,210,405,488,341
25,77682.389418655,77682.390460916,,0,GPU-9b96eb67-aeee-89d5-aa85-fc650af4e25c,ok,0,0,450,26.975,39,210,405,439,292
25,77682.389418655,77682.390425446,,1,GPU-37ffc98b-8551-c8a1-5f3c-27ade9ae735a,ok,0,0,450,15.422,37,210,405,439,341
25,77682.389418655,77682.390321106,,2,GPU-5443d59d-561f-ed1e-da42-1975937205f9,ok,0,0,450,27.401,41,210,405,439,341
25,77682.389418655,77682.390354136,,3,GPU-46bf67bb-cb31-bee1-3cf0-c35337ba97d2,ok,0,0,450,31.893,54,210,405,439,292
25,77682.389418655,77682.390396936,,4,GPU-127e16de-2b5f-dde9-1932-b4e29bb818c0,ok,0,0,450,24.745,38,210,405,537,292
26,77683.389418655,77683.390782134,,0,GPU-9b96eb67-aeee-89d5-aa85-fc650af4e25c,ok,0,0,450,27.032,39,210,405,439,292
26,77683.389418655,77683.389823944,,1,GPU-37ffc98b-8551-c8a1-5f3c-27ade9ae735a,ok,0,0,450,15.37,37,210,405,439,341
26,77683.389418655,77683.390810584,,2,GPU-5443d59d-561f-ed1e-da42-1975937205f9,ok,0,0,450,27.413,41,210,405,439,341
26,77683.389418655,77683.390751634,,3,GPU-46bf67bb-cb31-bee1-3cf0-c35337ba97d2,ok,0,0,450,31.325,53,210,405,439,292
26,77683.389418655,77683.390673394,,4,GPU-127e16de-2b5f-dde9-1932-b4e29bb818c0,ok,0,0,450,24.696,38,210,405,537,292
27,77684.389418655,77684.390209632,,0,GPU-9b96eb67-aeee-89d5-aa85-fc650af4e25c,ok,0,0,450,27.214,39,210,405,390,341
27,77684.389418655,77684.390767092,,1,GPU-37ffc98b-8551-c8a1-5f3c-27ade9ae735a,ok,0,0,450,15.537,37,210,405,439,341
27,77684.389418655,77684.390241222,,2,GPU-5443d59d-561f-ed1e-da42-1975937205f9,ok,0,0,450,27.48,41,210,405,439,292
27,77684.389418655,77684.389964352,,3,GPU-46bf67bb-cb31-bee1-3cf0-c35337ba97d2,ok,0,0,450,30.825,53,210,405,439,292
27,77684.389418655,77684.390742102,,4,GPU-127e16de-2b5f-dde9-1932-b4e29bb818c0,ok,0,0,450,24.618,38,210,405,488,292
28,77685.389418655,77685.3903345,,0,GPU-9b96eb67-aeee-89d5-aa85-fc650af4e25c,ok,0,0,450,27.086,39,210,405,390,341
28,77685.389418655,77685.39080514,,1,GPU-37ffc98b-8551-c8a1-5f3c-27ade9ae735a,ok,0,0,450,15.378,37,210,405,439,341
28,77685.389418655,77685.39023536,,2,GPU-5443d59d-561f-ed1e-da42-1975937205f9,ok,0,0,450,27.349,41,210,405,439,292
28,77685.389418655,77685.39029639,,3,GPU-46bf67bb-cb31-bee1-3cf0-c35337ba97d2,ok,0,0,450,30.479,52,210,405,439,292
28,77685.389418655,77685.39005652,,4,GPU-127e16de-2b5f-dde9-1932-b4e29bb818c0,ok,0,0,450,24.346,38,210,405,537,292
29,77686.389418655,77686.390009638,,0,GPU-9b96eb67-aeee-89d5-aa85-fc650af4e25c,ok,0,0,450,27.008,39,210,405,439,292
29,77686.389418655,77686.390768828,,1,GPU-37ffc98b-8551-c8a1-5f3c-27ade9ae735a,ok,0,0,450,15.336,37,210,405,439,341
29,77686.389418655,77686.390230098,,2,GPU-5443d59d-561f-ed1e-da42-1975937205f9,ok,0,0,450,27.312,41,210,405,439,292
29,77686.389418655,77686.390799528,,3,GPU-46bf67bb-cb31-bee1-3cf0-c35337ba97d2,ok,0,0,450,30.335,52,210,405,390,292
29,77686.389418655,77686.390291388,,4,GPU-127e16de-2b5f-dde9-1932-b4e29bb818c0,ok,0,0,450,24.316,38,210,405,537,292
30,77687.389418655,77687.390252806,,0,GPU-9b96eb67-aeee-89d5-aa85-fc650af4e25c,ok,0,0,450,27.148,39,210,405,439,341
30,77687.389418655,77687.390050606,,1,GPU-37ffc98b-8551-c8a1-5f3c-27ade9ae735a,ok,0,0,450,15.479,38,210,405,390,341
30,77687.389418655,77687.392025607,,2,GPU-5443d59d-561f-ed1e-da42-1975937205f9,ok,0,0,450,27.485,41,210,405,439,341
30,77687.389418655,77687.390290186,,3,GPU-46bf67bb-cb31-bee1-3cf0-c35337ba97d2,ok,0,0,450,30.002,52,210,405,439,341
30,77687.389418655,77687.390773016,,4,GPU-127e16de-2b5f-dde9-1932-b4e29bb818c0,ok,0,0,450,24.46,38,210,405,488,292
31,77688.389418655,77688.390390104,,0,GPU-9b96eb67-aeee-89d5-aa85-fc650af4e25c,ok,0,0,450,27.138,39,210,405,439,341
31,77688.389418655,77688.390242674,,1,GPU-37ffc98b-8551-c8a1-5f3c-27ade9ae735a,ok,0,0,450,15.414,38,210,405,390,292
31,77688.389418655,77688.390176994,,2,GPU-5443d59d-561f-ed1e-da42-1975937205f9,ok,0,0,450,27.436,41,210,405,439,292
31,77688.389418655,77688.390329694,,3,GPU-46bf67bb-cb31-bee1-3cf0-c35337ba97d2,ok,0,0,450,29.928,51,210,405,439,341
31,77688.389418655,77688.390206094,,4,GPU-127e16de-2b5f-dde9-1932-b4e29bb818c0,ok,0,0,450,24.6,38,210,405,488,341
32,77689.389418655,77689.390391172,,0,GPU-9b96eb67-aeee-89d5-aa85-fc650af4e25c,ok,0,0,450,27.128,39,210,405,439,292
32,77689.389418655,77689.390135122,,1,GPU-37ffc98b-8551-c8a1-5f3c-27ade9ae735a,ok,0,0,450,15.62,37,210,405,439,292
32,77689.389418655,77689.390346362,,2,GPU-5443d59d-561f-ed1e-da42-1975937205f9,ok,0,0,450,27.358,41,210,405,439,292
32,77689.389418655,77689.390226952,,3,GPU-46bf67bb-cb31-bee1-3cf0-c35337ba97d2,ok,0,0,450,29.95,51,210,405,390,341
32,77689.389418655,77689.390412602,,4,GPU-127e16de-2b5f-dde9-1932-b4e29bb818c0,ok,0,0,450,24.72,38,210,405,537,341
33,77690.389418655,77690.39059107,,0,GPU-9b96eb67-aeee-89d5-aa85-fc650af4e25c,ok,0,0,450,27.229,39,210,405,439,292
33,77690.389418655,77690.39040761,,1,GPU-37ffc98b-8551-c8a1-5f3c-27ade9ae735a,ok,0,0,450,15.862,37,210,405,439,292
33,77690.389418655,77690.3903796,,2,GPU-5443d59d-561f-ed1e-da42-1975937205f9,ok,0,0,450,27.42,41,210,405,439,292
33,77690.389418655,77690.39049633,,3,GPU-46bf67bb-cb31-bee1-3cf0-c35337ba97d2,ok,0,0,450,29.642,51,210,405,439,341
33,77690.389418655,77690.39054013,,4,GPU-127e16de-2b5f-dde9-1932-b4e29bb818c0,ok,0,0,450,24.431,38,210,405,488,292
34,77691.389418655,77691.390187328,,0,GPU-9b96eb67-aeee-89d5-aa85-fc650af4e25c,ok,0,0,450,27.143,39,210,405,439,292
34,77691.389418655,77691.390651248,,1,GPU-37ffc98b-8551-c8a1-5f3c-27ade9ae735a,ok,0,0,450,15.77,37,210,405,439,292
34,77691.389418655,77691.389999788,,2,GPU-5443d59d-561f-ed1e-da42-1975937205f9,ok,0,0,450,27.279,41,210,405,439,341
34,77691.389418655,77691.390228818,,3,GPU-46bf67bb-cb31-bee1-3cf0-c35337ba97d2,ok,0,0,450,29.449,51,210,405,439,292
34,77691.389418655,77691.390683628,,4,GPU-127e16de-2b5f-dde9-1932-b4e29bb818c0,ok,0,0,450,24.445,38,210,405,488,292
35,77692.389418655,77692.390358876,,0,GPU-9b96eb67-aeee-89d5-aa85-fc650af4e25c,ok,0,0,450,27.177,39,210,405,439,292
35,77692.389418655,77692.391607487,,1,GPU-37ffc98b-8551-c8a1-5f3c-27ade9ae735a,ok,0,0,450,15.644,37,210,405,439,292
35,77692.389418655,77692.390277966,,2,GPU-5443d59d-561f-ed1e-da42-1975937205f9,ok,0,0,450,27.324,41,210,405,439,341
35,77692.389418655,77692.390388646,,3,GPU-46bf67bb-cb31-bee1-3cf0-c35337ba97d2,ok,0,0,450,29.316,50,210,405,439,292
35,77692.389418655,77692.390297696,,4,GPU-127e16de-2b5f-dde9-1932-b4e29bb818c0,ok,0,0,450,24.756,38,210,405,537,292
36,77693.389418655,77693.390577854,,0,GPU-9b96eb67-aeee-89d5-aa85-fc650af4e25c,ok,0,0,450,27.338,39,210,405,390,292
36,77693.389418655,77693.390472644,,1,GPU-37ffc98b-8551-c8a1-5f3c-27ade9ae735a,ok,0,0,450,15.847,37,210,405,439,292
36,77693.389418655,77693.390500044,,2,GPU-5443d59d-561f-ed1e-da42-1975937205f9,ok,0,0,450,27.513,41,210,405,439,341
36,77693.389418655,77693.390330554,,3,GPU-46bf67bb-cb31-bee1-3cf0-c35337ba97d2,ok,0,0,450,29.03,50,210,405,439,341
36,77693.389418655,77693.390601574,,4,GPU-127e16de-2b5f-dde9-1932-b4e29bb818c0,ok,0,0,450,24.598,38,210,405,488,292
37,77694.389418655,77694.392001323,,0,GPU-9b96eb67-aeee-89d5-aa85-fc650af4e25c,ok,0,0,450,27.203,39,210,405,390,292
37,77694.389418655,77694.390095602,,1,GPU-37ffc98b-8551-c8a1-5f3c-27ade9ae735a,ok,0,0,450,15.9,37,210,405,439,292
37,77694.389418655,77694.390241672,,2,GPU-5443d59d-561f-ed1e-da42-1975937205f9,ok,0,0,450,27.402,41,210,405,439,292
37,77694.389418655,77694.390147932,,3,GPU-46bf67bb-cb31-bee1-3cf0-c35337ba97d2,ok,0,0,450,28.978,50,210,405,439,341
37,77694.389418655,77694.391363913,,4,GPU-127e16de-2b5f-dde9-1932-b4e29bb818c0,ok,0,0,450,24.465,38,210,405,537,292
38,77695.389418655,77695.391582911,,0,GPU-9b96eb67-aeee-89d5-aa85-fc650af4e25c,ok,0,0,450,27.118,39,210,405,390,341
38,77695.389418655,77695.39016693,,1,GPU-37ffc98b-8551-c8a1-5f3c-27ade9ae735a,ok,0,0,450,15.757,37,210,405,390,341
38,77695.389418655,77695.39038303,,2,GPU-5443d59d-561f-ed1e-da42-1975937205f9,ok,0,0,450,27.426,41,210,405,439,292
38,77695.389418655,77695.39013457,,3,GPU-46bf67bb-cb31-bee1-3cf0-c35337ba97d2,ok,0,0,450,29.267,50,210,405,439,341
38,77695.389418655,77695.391563031,,4,GPU-127e16de-2b5f-dde9-1932-b4e29bb818c0,ok,0,0,450,24.407,38,210,405,537,341
39,77696.389418655,77696.390026038,,0,GPU-9b96eb67-aeee-89d5-aa85-fc650af4e25c,ok,0,0,450,27.123,39,210,405,439,341
39,77696.389418655,77696.390884288,,1,GPU-37ffc98b-8551-c8a1-5f3c-27ade9ae735a,ok,0,0,450,15.755,37,210,405,439,292
39,77696.389418655,77696.390158298,,2,GPU-5443d59d-561f-ed1e-da42-1975937205f9,ok,0,0,450,27.587,41,210,405,390,292
39,77696.389418655,77696.390788478,,3,GPU-46bf67bb-cb31-bee1-3cf0-c35337ba97d2,ok,0,0,450,29.164,50,210,405,439,292
39,77696.389418655,77696.390902399,,4,GPU-127e16de-2b5f-dde9-1932-b4e29bb818c0,ok,0,0,450,24.303,38,210,405,488,341
40,77697.389418655,77697.390408786,,0,GPU-9b96eb67-aeee-89d5-aa85-fc650af4e25c,ok,0,0,450,26.953,39,210,405,439,292
40,77697.389418655,77697.390316246,,1,GPU-37ffc98b-8551-c8a1-5f3c-27ade9ae735a,ok,0,0,450,15.488,37,210,405,439,292
40,77697.389418655,77697.390534956,,2,GPU-5443d59d-561f-ed1e-da42-1975937205f9,ok,0,0,450,27.439,41,210,405,390,292
40,77697.389418655,77697.390282486,,3,GPU-46bf67bb-cb31-bee1-3cf0-c35337ba97d2,ok,0,0,450,29.063,49,210,405,439,292
40,77697.389418655,77697.390561356,,4,GPU-127e16de-2b5f-dde9-1932-b4e29bb818c0,ok,0,0,450,24.394,38,210,405,537,341
41,77698.389418655,77698.390095224,,0,GPU-9b96eb67-aeee-89d5-aa85-fc650af4e25c,ok,0,0,450,27.038,39,210,405,439,292
41,77698.389418655,77698.390345214,,1,GPU-37ffc98b-8551-c8a1-5f3c-27ade9ae735a,ok,0,0,450,15.294,37,210,405,439,292
41,77698.389418655,77698.390285774,,2,GPU-5443d59d-561f-ed1e-da42-1975937205f9,ok,0,0,450,27.311,41,210,405,390,292
41,77698.389418655,77698.392038245,,3,GPU-46bf67bb-cb31-bee1-3cf0-c35337ba97d2,ok,0,0,450,28.987,49,210,405,439,292
41,77698.389418655,77698.390142424,,4,GPU-127e16de-2b5f-dde9-1932-b4e29bb818c0,ok,0,0,450,24.456,38,210,405,537,292
42,77699.389418655,77699.390095042,,0,GPU-9b96eb67-aeee-89d5-aa85-fc650af4e25c,ok,0,0,450,27.227,39,210,405,439,292
42,77699.389418655,77699.390218652,,1,GPU-37ffc98b-8551-c8a1-5f3c-27ade9ae735a,ok,0,0,450,15.516,37,210,405,439,292
42,77699.389418655,77699.390069822,,2,GPU-5443d59d-561f-ed1e-da42-1975937205f9,ok,0,0,450,27.441,41,210,405,439,292
42,77699.389418655,77699.391370763,,3,GPU-46bf67bb-cb31-bee1-3cf0-c35337ba97d2,ok,0,0,450,28.652,49,210,405,390,292
42,77699.389418655,77699.390174542,,4,GPU-127e16de-2b5f-dde9-1932-b4e29bb818c0,ok,0,0,450,24.476,38,210,405,537,292
43,77700.389418655,77700.39045797,,0,GPU-9b96eb67-aeee-89d5-aa85-fc650af4e25c,ok,0,0,450,27.05,39,210,405,439,292
43,77700.389418655,77700.39021511,,1,GPU-37ffc98b-8551-c8a1-5f3c-27ade9ae735a,ok,0,0,450,15.652,37,210,405,439,292
43,77700.389418655,77700.39017974,,2,GPU-5443d59d-561f-ed1e-da42-1975937205f9,ok,0,0,450,27.352,41,210,405,439,292
43,77700.389418655,77700.39037147,,3,GPU-46bf67bb-cb31-bee1-3cf0-c35337ba97d2,ok,0,0,450,28.371,49,210,405,439,292
43,77700.389418655,77700.39044533,,4,GPU-127e16de-2b5f-dde9-1932-b4e29bb818c0,ok,0,0,450,24.61,38,210,405,537,292
44,77701.389418655,77701.390081418,,0,GPU-9b96eb67-aeee-89d5-aa85-fc650af4e25c,ok,0,0,450,27.03,39,210,405,439,292
44,77701.389418655,77701.390905579,,1,GPU-37ffc98b-8551-c8a1-5f3c-27ade9ae735a,ok,0,0,450,15.829,37,210,405,390,292
44,77701.389418655,77701.390251408,,2,GPU-5443d59d-561f-ed1e-da42-1975937205f9,ok,0,0,450,27.388,41,210,405,439,292
44,77701.389418655,77701.390197828,,3,GPU-46bf67bb-cb31-bee1-3cf0-c35337ba97d2,ok,0,0,450,28.333,49,210,405,439,292
44,77701.389418655,77701.390862969,,4,GPU-127e16de-2b5f-dde9-1932-b4e29bb818c0,ok,0,0,450,24.586,38,210,405,488,292
45,77702.389418655,77702.390366336,,0,GPU-9b96eb67-aeee-89d5-aa85-fc650af4e25c,ok,0,0,450,27.19,39,210,405,390,292
45,77702.389418655,77702.390326016,,1,GPU-37ffc98b-8551-c8a1-5f3c-27ade9ae735a,ok,0,0,450,16.017,37,210,405,390,292
45,77702.389418655,77702.390401636,,2,GPU-5443d59d-561f-ed1e-da42-1975937205f9,ok,0,0,450,27.536,41,210,405,439,292
45,77702.389418655,77702.390989847,,3,GPU-46bf67bb-cb31-bee1-3cf0-c35337ba97d2,ok,0,0,450,28.659,48,210,405,439,292
45,77702.389418655,77702.390235006,,4,GPU-127e16de-2b5f-dde9-1932-b4e29bb818c0,ok,0,0,450,24.623,38,210,405,537,292
46,77703.389418655,77703.389968334,,0,GPU-9b96eb67-aeee-89d5-aa85-fc650af4e25c,ok,0,0,450,27.167,39,210,405,390,292
46,77703.389418655,77703.390170834,,1,GPU-37ffc98b-8551-c8a1-5f3c-27ade9ae735a,ok,0,0,450,15.734,37,210,405,390,292
46,77703.389418655,77703.390710265,,2,GPU-5443d59d-561f-ed1e-da42-1975937205f9,ok,0,0,450,27.396,41,210,405,439,292
46,77703.389418655,77703.390776055,,3,GPU-46bf67bb-cb31-bee1-3cf0-c35337ba97d2,ok,0,0,450,28.512,48,210,405,439,292
46,77703.389418655,77703.390817885,,4,GPU-127e16de-2b5f-dde9-1932-b4e29bb818c0,ok,0,0,450,24.846,38,210,405,537,292
47,77704.389418655,77704.390234592,,0,GPU-9b96eb67-aeee-89d5-aa85-fc650af4e25c,ok,0,0,450,27.161,39,210,405,439,292
47,77704.389418655,77704.390855843,,1,GPU-37ffc98b-8551-c8a1-5f3c-27ade9ae735a,ok,0,0,450,15.693,37,210,405,439,341
47,77704.389418655,77704.390833653,,2,GPU-5443d59d-561f-ed1e-da42-1975937205f9,ok,0,0,450,27.413,41,210,405,439,292
47,77704.389418655,77704.390774053,,3,GPU-46bf67bb-cb31-bee1-3cf0-c35337ba97d2,ok,0,0,450,28.338,48,210,405,439,341
47,77704.389418655,77704.389998702,,4,GPU-127e16de-2b5f-dde9-1932-b4e29bb818c0,ok,0,0,450,24.832,38,210,405,537,341
48,77705.389418655,77705.390762471,,0,GPU-9b96eb67-aeee-89d5-aa85-fc650af4e25c,ok,0,0,450,27.274,39,210,405,439,292
48,77705.389418655,77705.38998304,,1,GPU-37ffc98b-8551-c8a1-5f3c-27ade9ae735a,ok,0,0,450,15.921,37,210,405,439,341
48,77705.389418655,77705.3901697,,2,GPU-5443d59d-561f-ed1e-da42-1975937205f9,ok,0,0,450,27.432,41,210,405,439,341
48,77705.389418655,77705.390785501,,3,GPU-46bf67bb-cb31-bee1-3cf0-c35337ba97d2,ok,0,0,450,28.467,48,210,405,390,341
48,77705.389418655,77705.390233001,,4,GPU-127e16de-2b5f-dde9-1932-b4e29bb818c0,ok,0,0,450,24.823,38,210,405,537,341
49,77706.389418655,77706.392736269,,0,GPU-9b96eb67-aeee-89d5-aa85-fc650af4e25c,ok,0,0,450,27.175,39,210,405,439,341
49,77706.389418655,77706.390200399,,1,GPU-37ffc98b-8551-c8a1-5f3c-27ade9ae735a,ok,0,0,450,15.854,37,210,405,390,341
49,77706.389418655,77706.390170909,,2,GPU-5443d59d-561f-ed1e-da42-1975937205f9,ok,0,0,450,27.259,41,210,405,439,341
49,77706.389418655,77706.390265429,,3,GPU-46bf67bb-cb31-bee1-3cf0-c35337ba97d2,ok,0,0,450,28.278,48,210,405,390,341
49,77706.389418655,77706.390234649,,4,GPU-127e16de-2b5f-dde9-1932-b4e29bb818c0,ok,0,0,450,24.941,38,210,405,488,292
50,77707.389418655,77707.390239467,,0,GPU-9b96eb67-aeee-89d5-aa85-fc650af4e25c,ok,0,0,450,27.138,39,210,405,439,341
50,77707.389418655,77707.390202547,,1,GPU-37ffc98b-8551-c8a1-5f3c-27ade9ae735a,ok,0,0,450,15.877,37,210,405,390,292
50,77707.389418655,77707.391989047,,2,GPU-5443d59d-561f-ed1e-da42-1975937205f9,ok,0,0,450,27.291,41,210,405,439,341
50,77707.389418655,77707.390040157,,3,GPU-46bf67bb-cb31-bee1-3cf0-c35337ba97d2,ok,0,0,450,28.22,48,210,405,439,292
50,77707.389418655,77707.390318497,,4,GPU-127e16de-2b5f-dde9-1932-b4e29bb818c0,ok,0,0,450,24.879,38,210,405,537,292
51,77708.389418655,77708.389804424,,0,GPU-9b96eb67-aeee-89d5-aa85-fc650af4e25c,ok,0,0,450,27.23,39,210,405,439,341
51,77708.389418655,77708.390573855,,1,GPU-37ffc98b-8551-c8a1-5f3c-27ade9ae735a,ok,0,0,450,15.874,37,210,405,390,292
51,77708.389418655,77708.390718345,,2,GPU-5443d59d-561f-ed1e-da42-1975937205f9,ok,0,0,450,27.503,41,210,405,390,341
51,77708.389418655,77708.390672935,,3,GPU-46bf67bb-cb31-bee1-3cf0-c35337ba97d2,ok,0,0,450,28.315,48,210,405,439,292
51,77708.389418655,77708.390762345,,4,GPU-127e16de-2b5f-dde9-1932-b4e29bb818c0,ok,0,0,450,24.75,38,210,405,585,292
52,77709.389418655,77709.390950743,,0,GPU-9b96eb67-aeee-89d5-aa85-fc650af4e25c,ok,0,0,450,26.997,39,210,405,439,341
52,77709.389418655,77709.389904173,,1,GPU-37ffc98b-8551-c8a1-5f3c-27ade9ae735a,ok,0,0,450,15.816,37,210,405,439,292
52,77709.389418655,77709.390899653,,2,GPU-5443d59d-561f-ed1e-da42-1975937205f9,ok,0,0,450,27.361,41,210,405,439,341
52,77709.389418655,77709.390873243,,3,GPU-46bf67bb-cb31-bee1-3cf0-c35337ba97d2,ok,0,0,450,28.179,48,210,405,439,292
52,77709.389418655,77709.390674703,,4,GPU-127e16de-2b5f-dde9-1932-b4e29bb818c0,ok,0,0,450,24.657,38,210,405,488,292
53,77710.389418655,77710.390340171,,0,GPU-9b96eb67-aeee-89d5-aa85-fc650af4e25c,ok,0,0,450,26.983,39,210,405,439,341
53,77710.389418655,77710.391401531,,1,GPU-37ffc98b-8551-c8a1-5f3c-27ade9ae735a,ok,0,0,450,15.796,37,210,405,439,292
53,77710.389418655,77710.390201911,,2,GPU-5443d59d-561f-ed1e-da42-1975937205f9,ok,0,0,450,27.338,41,210,405,439,292
53,77710.389418655,77710.390358991,,3,GPU-46bf67bb-cb31-bee1-3cf0-c35337ba97d2,ok,0,0,450,28.235,47,210,405,390,292
53,77710.389418655,77710.390070851,,4,GPU-127e16de-2b5f-dde9-1932-b4e29bb818c0,ok,0,0,450,24.645,38,210,405,537,292
54,77711.389418655,77711.390419999,,0,GPU-9b96eb67-aeee-89d5-aa85-fc650af4e25c,ok,0,0,450,27.181,39,210,405,439,341
54,77711.389418655,77711.390325289,,1,GPU-37ffc98b-8551-c8a1-5f3c-27ade9ae735a,ok,0,0,450,15.557,37,210,405,390,292
54,77711.389418655,77711.390380799,,2,GPU-5443d59d-561f-ed1e-da42-1975937205f9,ok,0,0,450,27.492,41,210,405,439,292
54,77711.389418655,77711.390244389,,3,GPU-46bf67bb-cb31-bee1-3cf0-c35337ba97d2,ok,0,0,450,28.338,47,210,405,439,292
54,77711.389418655,77711.390396799,,4,GPU-127e16de-2b5f-dde9-1932-b4e29bb818c0,ok,0,0,450,24.578,38,210,405,537,292
55,77712.389418655,77712.391377047,,0,GPU-9b96eb67-aeee-89d5-aa85-fc650af4e25c,ok,0,0,450,27.034,39,210,405,439,341
55,77712.389418655,77712.390002427,,1,GPU-37ffc98b-8551-c8a1-5f3c-27ade9ae735a,ok,0,0,450,15.606,37,210,405,390,292
55,77712.389418655,77712.390773857,,2,GPU-5443d59d-561f-ed1e-da42-1975937205f9,ok,0,0,450,27.509,41,210,405,439,292
55,77712.389418655,77712.390102777,,3,GPU-46bf67bb-cb31-bee1-3cf0-c35337ba97d2,ok,0,0,450,28.107,47,210,405,439,292
55,77712.389418655,77712.390754137,,4,GPU-127e16de-2b5f-dde9-1932-b4e29bb818c0,ok,0,0,450,24.426,38,210,405,537,292
56,77713.389418655,77713.390443355,,0,GPU-9b96eb67-aeee-89d5-aa85-fc650af4e25c,ok,0,0,450,27.024,39,210,405,439,341
56,77713.389418655,77713.390188425,,1,GPU-37ffc98b-8551-c8a1-5f3c-27ade9ae735a,ok,0,0,450,15.871,37,210,405,439,292
56,77713.389418655,77713.390505925,,2,GPU-5443d59d-561f-ed1e-da42-1975937205f9,ok,0,0,450,27.529,41,210,405,439,292
56,77713.389418655,77713.390470015,,3,GPU-46bf67bb-cb31-bee1-3cf0-c35337ba97d2,ok,0,0,450,28.044,47,210,405,439,292
56,77713.389418655,77713.390352455,,4,GPU-127e16de-2b5f-dde9-1932-b4e29bb818c0,ok,0,0,450,24.225,38,210,405,537,292
57,77714.389418655,77714.390251713,,0,GPU-9b96eb67-aeee-89d5-aa85-fc650af4e25c,ok,0,0,450,26.992,39,210,405,390,292
57,77714.389418655,77714.390173763,,1,GPU-37ffc98b-8551-c8a1-5f3c-27ade9ae735a,ok,0,0,450,15.817,37,210,405,439,292
57,77714.389418655,77714.391507513,,2,GPU-5443d59d-561f-ed1e-da42-1975937205f9,ok,0,0,450,27.42,41,210,405,390,292
57,77714.389418655,77714.390322473,,3,GPU-46bf67bb-cb31-bee1-3cf0-c35337ba97d2,ok,0,0,450,28.199,47,210,405,439,292
57,77714.389418655,77714.392151143,,4,GPU-127e16de-2b5f-dde9-1932-b4e29bb818c0,ok,0,0,450,24.225,38,210,405,537,292
58,77715.389418655,77715.390403321,,0,GPU-9b96eb67-aeee-89d5-aa85-fc650af4e25c,ok,0,0,450,26.934,39,210,405,390,292
58,77715.389418655,77715.390341791,,1,GPU-37ffc98b-8551-c8a1-5f3c-27ade9ae735a,ok,0,0,450,15.878,37,210,405,439,341
58,77715.389418655,77715.390130231,,2,GPU-5443d59d-561f-ed1e-da42-1975937205f9,ok,0,0,450,27.448,41,210,405,439,292
58,77715.389418655,77715.390428431,,3,GPU-46bf67bb-cb31-bee1-3cf0-c35337ba97d2,ok,0,0,450,27.977,47,210,405,439,292
58,77715.389418655,77715.390453151,,4,GPU-127e16de-2b5f-dde9-1932-b4e29bb818c0,ok,0,0,450,24.337,38,210,405,488,341
59,77716.389418655,77716.390270789,,0,GPU-9b96eb67-aeee-89d5-aa85-fc650af4e25c,ok,0,0,450,27.069,39,210,405,390,292
59,77716.389418655,77716.390390809,,1,GPU-37ffc98b-8551-c8a1-5f3c-27ade9ae735a,ok,0,0,450,15.871,37,210,405,439,341
59,77716.389418655,77716.390341009,,2,GPU-5443d59d-561f-ed1e-da42-1975937205f9,ok,0,0,450,27.567,41,210,405,439,292
59,77716.389418655,77716.390301279,,3,GPU-46bf67bb-cb31-bee1-3cf0-c35337ba97d2,ok,0,0,450,27.938,47,210,405,439,292
59,77716.389418655,77716.390223789,,4,GPU-127e16de-2b5f-dde9-1932-b4e29bb818c0,ok,0,0,450,24.277,38,210,405,537,341
60,77717.389418655,77717.390288137,,0,GPU-9b96eb67-aeee-89d5-aa85-fc650af4e25c,ok,0,0,450,26.945,39,210,405,439,292
60,77717.389418655,77717.390131647,,1,GPU-37ffc98b-8551-c8a1-5f3c-27ade9ae735a,ok,0,0,450,15.621,37,210,405,439,341
60,77717.389418655,77717.390939067,,2,GPU-5443d59d-561f-ed1e-da42-1975937205f9,ok,0,0,450,27.464,41,210,405,439,292
60,77717.389418655,77717.390901147,,3,GPU-46bf67bb-cb31-bee1-3cf0-c35337ba97d2,ok,0,0,450,28.081,46,210,405,439,292
60,77717.389418655,77717.390232777,,4,GPU-127e16de-2b5f-dde9-1932-b4e29bb818c0,ok,0,0,450,24.312,38,210,405,488,292
61,77718.389418655,77718.391399295,,0,GPU-9b96eb67-aeee-89d5-aa85-fc650af4e25c,ok,0,0,450,27.005,39,210,405,439,292
61,77718.389418655,77718.390321055,,1,GPU-37ffc98b-8551-c8a1-5f3c-27ade9ae735a,ok,0,0,450,15.701,37,210,405,390,292
61,77718.389418655,77718.390042375,,2,GPU-5443d59d-561f-ed1e-da42-1975937205f9,ok,0,0,450,27.455,41,210,405,439,292
61,77718.389418655,77718.390344075,,3,GPU-46bf67bb-cb31-bee1-3cf0-c35337ba97d2,ok,0,0,450,27.911,46,210,405,390,292
61,77718.389418655,77718.390134035,,4,GPU-127e16de-2b5f-dde9-1932-b4e29bb818c0,ok,0,0,450,24.284,38,210,405,488,292
62,77719.389418655,77719.390462713,,0,GPU-9b96eb67-aeee-89d5-aa85-fc650af4e25c,ok,0,0,450,27.172,39,210,405,439,292
62,77719.389418655,77719.390322083,,1,GPU-37ffc98b-8551-c8a1-5f3c-27ade9ae735a,ok,0,0,450,15.849,37,210,405,390,341
62,77719.389418655,77719.390475333,,2,GPU-5443d59d-561f-ed1e-da42-1975937205f9,ok,0,0,450,27.461,41,210,405,439,292
62,77719.389418655,77719.390378373,,3,GPU-46bf67bb-cb31-bee1-3cf0-c35337ba97d2,ok,0,0,450,27.943,46,210,405,439,292
62,77719.389418655,77719.390212553,,4,GPU-127e16de-2b5f-dde9-1932-b4e29bb818c0,ok,0,0,450,24.082,38,210,405,537,292
63,77720.389418655,77720.390775901,,0,GPU-9b96eb67-aeee-89d5-aa85-fc650af4e25c,ok,0,0,450,27.062,39,210,405,390,292
63,77720.389418655,77720.390293521,,1,GPU-37ffc98b-8551-c8a1-5f3c-27ade9ae735a,ok,0,0,450,15.624,37,210,405,390,292
63,77720.389418655,77720.390811941,,2,GPU-5443d59d-561f-ed1e-da42-1975937205f9,ok,0,0,450,27.268,41,210,405,439,292
63,77720.389418655,77720.390219181,,3,GPU-46bf67bb-cb31-bee1-3cf0-c35337ba97d2,ok,0,0,450,28.026,46,210,405,439,292
63,77720.389418655,77720.389986161,,4,GPU-127e16de-2b5f-dde9-1932-b4e29bb818c0,ok,0,0,450,24.057,38,210,405,488,292
64,77721.389418655,77721.390387299,,0,GPU-9b96eb67-aeee-89d5-aa85-fc650af4e25c,ok,0,0,450,27.14,39,210,405,439,341
64,77721.389418655,77721.390353019,,1,GPU-37ffc98b-8551-c8a1-5f3c-27ade9ae735a,ok,0,0,450,15.585,37,210,405,390,292
64,77721.389418655,77721.390256139,,2,GPU-5443d59d-561f-ed1e-da42-1975937205f9,ok,0,0,450,27.32,41,210,405,439,341
64,77721.389418655,77721.390309189,,3,GPU-46bf67bb-cb31-bee1-3cf0-c35337ba97d2,ok,0,0,450,27.831,46,210,405,439,292
64,77721.389418655,77721.390408529,,4,GPU-127e16de-2b5f-dde9-1932-b4e29bb818c0,ok,0,0,450,24.295,38,210,405,537,341
65,77722.389418655,77722.389990987,,0,GPU-9b96eb67-aeee-89d5-aa85-fc650af4e25c,ok,0,0,450,27.306,39,210,405,439,292
65,77722.389418655,77722.390247957,,1,GPU-37ffc98b-8551-c8a1-5f3c-27ade9ae735a,ok,0,0,450,15.923,37,210,405,390,292
65,77722.389418655,77722.390261347,,2,GPU-5443d59d-561f-ed1e-da42-1975937205f9,ok,0,0,450,27.433,41,210,405,439,341
65,77722.389418655,77722.390764517,,3,GPU-46bf67bb-cb31-bee1-3cf0-c35337ba97d2,ok,0,0,450,27.87,46,210,405,439,292
65,77722.389418655,77722.390792897,,4,GPU-127e16de-2b5f-dde9-1932-b4e29bb818c0,ok,0,0,450,24.278,38,210,405,488,341
66,77723.389418655,77723.390178915,,0,GPU-9b96eb67-aeee-89d5-aa85-fc650af4e25c,ok,0,0,450,27.259,39,210,405,439,292
66,77723.389418655,77723.390905345,,1,GPU-37ffc98b-8551-c8a1-5f3c-27ade9ae735a,ok,0,0,450,15.998,37,210,405,390,292
66,77723.389418655,77723.390846055,,2,GPU-5443d59d-561f-ed1e-da42-1975937205f9,ok,0,0,450,27.321,41,210,405,390,341
66,77723.389418655,77723.390882995,,3,GPU-46bf67bb-cb31-bee1-3cf0-c35337ba97d2,ok,0,0,450,28.065,46,210,405,439,292
66,77723.389418655,77723.389990415,,4,GPU-127e16de-2b5f-dde9-1932-b4e29bb818c0,ok,0,0,450,24.187,38,210,405,537,341
67,77724.389418655,77724.390365283,,0,GPU-9b96eb67-aeee-89d5-aa85-fc650af4e25c,ok,0,0,450,27.291,39,210,405,439,292
67,77724.389418655,77724.390914173,,1,GPU-37ffc98b-8551-c8a1-5f3c-27ade9ae735a,ok,0,0,450,15.953,37,210,405,439,292
67,77724.389418655,77724.390306653,,2,GPU-5443d59d-561f-ed1e-da42-1975937205f9,ok,0,0,450,27.372,41,210,405,439,292
67,77724.389418655,77724.390284393,,3,GPU-46bf67bb-cb31-bee1-3cf0-c35337ba97d2,ok,0,0,450,27.938,46,210,405,439,292
67,77724.389418655,77724.390182233,,4,GPU-127e16de-2b5f-dde9-1932-b4e29bb818c0,ok,0,0,450,24.175,38,210,405,537,292
68,77725.389418655,77725.390222411,,0,GPU-9b96eb67-aeee-89d5-aa85-fc650af4e25c,ok,0,0,450,27.331,39,210,405,439,292
68,77725.389418655,77725.391439851,,1,GPU-37ffc98b-8551-c8a1-5f3c-27ade9ae735a,ok,0,0,450,15.982,37,210,405,439,292
68,77725.389418655,77725.390096301,,2,GPU-5443d59d-561f-ed1e-da42-1975937205f9,ok,0,0,450,27.521,41,210,405,439,292
68,77725.389418655,77725.390805151,,3,GPU-46bf67bb-cb31-bee1-3cf0-c35337ba97d2,ok,0,0,450,27.933,45,210,405,439,292
68,77725.389418655,77725.390331281,,4,GPU-127e16de-2b5f-dde9-1932-b4e29bb818c0,ok,0,0,450,24.012,38,210,405,537,292
69,77726.389418655,77726.390520719,,0,GPU-9b96eb67-aeee-89d5-aa85-fc650af4e25c,ok,0,0,450,27.167,39,210,405,390,292
69,77726.389418655,77726.390271509,,1,GPU-37ffc98b-8551-c8a1-5f3c-27ade9ae735a,ok,0,0,450,15.87,37,210,405,439,292
69,77726.389418655,77726.390172809,,2,GPU-5443d59d-561f-ed1e-da42-1975937205f9,ok,0,0,450,27.427,41,210,405,439,292
69,77726.389418655,77726.390479819,,3,GPU-46bf67bb-cb31-bee1-3cf0-c35337ba97d2,ok,0,0,450,28.083,45,210,405,439,292
69,77726.389418655,77726.39274587,,4,GPU-127e16de-2b5f-dde9-1932-b4e29bb818c0,ok,0,0,450,24.114,38,210,405,537,292
70,77727.389418655,77727.390325267,,0,GPU-9b96eb67-aeee-89d5-aa85-fc650af4e25c,ok,0,0,450,27.205,39,210,405,439,292
70,77727.389418655,77727.391512687,,1,GPU-37ffc98b-8551-c8a1-5f3c-27ade9ae735a,ok,0,0,450,15.846,37,210,405,439,341
70,77727.389418655,77727.390275717,,2,GPU-5443d59d-561f-ed1e-da42-1975937205f9,ok,0,0,450,27.423,41,210,405,439,292
70,77727.389418655,77727.390213327,,3,GPU-46bf67bb-cb31-bee1-3cf0-c35337ba97d2,ok,0,0,450,27.843,45,210,405,439,292
70,77727.389418655,77727.390167767,,4,GPU-127e16de-2b5f-dde9-1932-b4e29bb818c0,ok,0,0,450,24.346,38,210,405,537,292
71,77728.389418655,77728.391397895,,0,GPU-9b96eb67-aeee-89d5-aa85-fc650af4e25c,ok,0,0,450,27.377,39,210,405,439,292
71,77728.389418655,77728.390126405,,1,GPU-37ffc98b-8551-c8a1-5f3c-27ade9ae735a,ok,0,0,450,15.841,37,210,405,390,341
71,77728.389418655,77728.390025315,,2,GPU-5443d59d-561f-ed1e-da42-1975937205f9,ok,0,0,450,27.577,41,210,405,439,292
71,77728.389418655,77728.390307865,,3,GPU-46bf67bb-cb31-bee1-3cf0-c35337ba97d2,ok,0,0,450,27.806,45,210,405,439,292
71,77728.389418655,77728.390321085,,4,GPU-127e16de-2b5f-dde9-1932-b4e29bb818c0,ok,0,0,450,24.317,38,210,405,537,292
72,77729.389418655,77729.391496313,,0,GPU-9b96eb67-aeee-89d5-aa85-fc650af4e25c,ok,0,0,450,27.348,39,210,405,439,292
72,77729.389418655,77729.390137063,,1,GPU-37ffc98b-8551-c8a1-5f3c-27ade9ae735a,ok,0,0,450,15.647,37,210,405,439,292
72,77729.389418655,77729.390268143,,2,GPU-5443d59d-561f-ed1e-da42-1975937205f9,ok,0,0,450,27.466,41,210,405,439,292
72,77729.389418655,77729.391436503,,3,GPU-46bf67bb-cb31-bee1-3cf0-c35337ba97d2,ok,0,0,450,27.991,45,210,405,390,292
72,77729.389418655,77729.390100803,,4,GPU-127e16de-2b5f-dde9-1932-b4e29bb818c0,ok,0,0,450,24.274,38,210,405,488,341
73,77730.389418655,77730.390337801,,0,GPU-9b96eb67-aeee-89d5-aa85-fc650af4e25c,ok,0,0,450,27.45,39,210,405,439,341
73,77730.389418655,77730.390275601,,1,GPU-37ffc98b-8551-c8a1-5f3c-27ade9ae735a,ok,0,0,450,15.614,37,210,405,390,292
73,77730.389418655,77730.390119971,,2,GPU-5443d59d-561f-ed1e-da42-1975937205f9,ok,0,0,450,27.396,41,210,405,439,292
73,77730.389418655,77730.390211371,,3,GPU-46bf67bb-cb31-bee1-3cf0-c35337ba97d2,ok,0,0,450,27.72,45,210,405,439,292
73,77730.389418655,77730.390817711,,4,GPU-127e16de-2b5f-dde9-1932-b4e29bb818c0,ok,0,0,450,24.263,38,210,405,488,292
74,77731.389418655,77731.390376199,,0,GPU-9b96eb67-aeee-89d5-aa85-fc650af4e25c,ok,0,0,450,27.652,39,210,405,439,341
74,77731.389418655,77731.390472899,,1,GPU-37ffc98b-8551-c8a1-5f3c-27ade9ae735a,ok,0,0,450,15.674,37,210,405,390,292
74,77731.389418655,77731.390151689,,2,GPU-5443d59d-561f-ed1e-da42-1975937205f9,ok,0,0,450,27.512,41,210,405,390,341
74,77731.389418655,77731.390412509,,3,GPU-46bf67bb-cb31-bee1-3cf0-c35337ba97d2,ok,0,0,450,27.561,45,210,405,439,292
74,77731.389418655,77731.390446399,,4,GPU-127e16de-2b5f-dde9-1932-b4e29bb818c0,ok,0,0,450,24.037,38,210,405,537,292
75,77732.389418655,77732.390446007,,0,GPU-9b96eb67-aeee-89d5-aa85-fc650af4e25c,ok,0,0,450,27.525,39,210,405,439,341
75,77732.389418655,77732.390320927,,1,GPU-37ffc98b-8551-c8a1-5f3c-27ade9ae735a,ok,0,0,450,15.61,37,210,405,439,292
75,77732.389418655,77732.390469947,,2,GPU-5443d59d-561f-ed1e-da42-1975937205f9,ok,0,0,450,27.421,41,210,405,390,292
75,77732.389418655,77732.390411047,,3,GPU-46bf67bb-cb31-bee1-3cf0-c35337ba97d2,ok,0,0,450,27.667,45,210,405,439,292
75,77732.389418655,77732.390365727,,4,GPU-127e16de-2b5f-dde9-1932-b4e29bb818c0,ok,0,0,450,24.006,38,210,405,537,292
76,77733.389418655,77733.390892865,,0,GPU-9b96eb67-aeee-89d5-aa85-fc650af4e25c,ok,0,0,450,27.414,39,210,405,390,341
76,77733.389418655,77733.389926025,,1,GPU-37ffc98b-8551-c8a1-5f3c-27ade9ae735a,ok,0,0,450,15.754,37,210,405,439,292
76,77733.389418655,77733.390709845,,2,GPU-5443d59d-561f-ed1e-da42-1975937205f9,ok,0,0,450,27.374,41,210,405,390,292
76,77733.389418655,77733.390835085,,3,GPU-46bf67bb-cb31-bee1-3cf0-c35337ba97d2,ok,0,0,450,27.53,45,210,405,439,292
76,77733.389418655,77733.390864165,,4,GPU-127e16de-2b5f-dde9-1932-b4e29bb818c0,ok,0,0,450,24.082,38,210,405,537,292
77,77734.389418655,77734.390500243,,0,GPU-9b96eb67-aeee-89d5-aa85-fc650af4e25c,ok,0,0,450,27.57,39,210,405,439,292
77,77734.389418655,77734.390173323,,1,GPU-37ffc98b-8551-c8a1-5f3c-27ade9ae735a,ok,0,0,450,15.897,37,210,405,439,292
77,77734.389418655,77734.390413393,,2,GPU-5443d59d-561f-ed1e-da42-1975937205f9,ok,0,0,450,27.434,41,210,405,390,292
77,77734.389418655,77734.390534193,,3,GPU-46bf67bb-cb31-bee1-3cf0-c35337ba97d2,ok,0,0,450,27.895,45,210,405,439,292
77,77734.389418655,77734.390796873,,4,GPU-127e16de-2b5f-dde9-1932-b4e29bb818c0,ok,0,0,450,24.005,38,210,405,537,341
78,77735.389418655,77735.390186931,,0,GPU-9b96eb67-aeee-89d5-aa85-fc650af4e25c,ok,0,0,450,27.648,39,210,405,439,292
78,77735.389418655,77735.390288781,,1,GPU-37ffc98b-8551-c8a1-5f3c-27ade9ae735a,ok,0,0,450,15.677,37,210,405,439,341
78,77735.389418655,77735.390901431,,2,GPU-5443d59d-561f-ed1e-da42-1975937205f9,ok,0,0,450,27.29,41,210,405,390,292
78,77735.389418655,77735.390309761,,3,GPU-46bf67bb-cb31-bee1-3cf0-c35337ba97d2,ok,0,0,450,28.433,45,210,405,390,292
78,77735.389418655,77735.390360041,,4,GPU-127e16de-2b5f-dde9-1932-b4e29bb818c0,ok,0,0,450,24.002,38,210,405,537,341
79,77736.389418655,77736.390409739,,0,GPU-9b96eb67-aeee-89d5-aa85-fc650af4e25c,ok,0,0,450,27.571,39,210,405,439,292
79,77736.389418655,77736.390282169,,1,GPU-37ffc98b-8551-c8a1-5f3c-27ade9ae735a,ok,0,0,450,15.654,37,210,405,439,341
79,77736.389418655,77736.39153335,,2,GPU-5443d59d-561f-ed1e-da42-1975937205f9,ok,0,0,450,27.261,41,210,405,439,292
79,77736.389418655,77736.390179539,,3,GPU-46bf67bb-cb31-bee1-3cf0-c35337ba97d2,ok,0,0,450,27.991,44,210,405,439,292
79,77736.389418655,77736.390376339,,4,GPU-127e16de-2b5f-dde9-1932-b4e29bb818c0,ok,0,0,450,24.004,38,210,405,537,341
80,77737.389418655,77737.390891117,,0,GPU-9b96eb67-aeee-89d5-aa85-fc650af4e25c,ok,0,0,450,27.488,39,210,405,439,292
80,77737.389418655,77737.390315177,,1,GPU-37ffc98b-8551-c8a1-5f3c-27ade9ae735a,ok,0,0,450,15.853,37,210,405,439,341
80,77737.389418655,77737.390157027,,2,GPU-5443d59d-561f-ed1e-da42-1975937205f9,ok,0,0,450,27.349,41,210,405,439,292
80,77737.389418655,77737.390345767,,3,GPU-46bf67bb-cb31-bee1-3cf0-c35337ba97d2,ok,0,0,450,27.656,44,210,405,439,292
80,77737.389418655,77737.390291417,,4,GPU-127e16de-2b5f-dde9-1932-b4e29bb818c0,ok,0,0,450,24.181,38,210,405,537,341
81,77738.389418655,77738.390092235,,0,GPU-9b96eb67-aeee-89d5-aa85-fc650af4e25c,ok,0,0,450,27.352,39,210,405,439,292
81,77738.389418655,77738.390303165,,1,GPU-37ffc98b-8551-c8a1-5f3c-27ade9ae735a,ok,0,0,450,15.726,37,210,405,439,292
81,77738.389418655,77738.390260705,,2,GPU-5443d59d-561f-ed1e-da42-1975937205f9,ok,0,0,450,27.239,41,210,405,439,292
81,77738.389418655,77738.391433606,,3,GPU-46bf67bb-cb31-bee1-3cf0-c35337ba97d2,ok,0,0,450,27.557,44,210,405,439,341
81,77738.389418655,77738.390150075,,4,GPU-127e16de-2b5f-dde9-1932-b4e29bb818c0,ok,0,0,450,24.238,38,210,405,488,292
82,77739.389418655,77739.390298733,,0,GPU-9b96eb67-aeee-89d5-aa85-fc650af4e25c,ok,0,0,450,27.323,39,210,405,439,292
82,77739.389418655,77739.390504433,,1,GPU-37ffc98b-8551-c8a1-5f3c-27ade9ae735a,ok,0,0,450,15.696,37,210,405,390,292
82,77739.389418655,77739.390472583,,2,GPU-5443d59d-561f-ed1e-da42-1975937205f9,ok,0,0,450,27.263,41,210,405,439,292
82,77739.389418655,77739.390516623,,3,GPU-46bf67bb-cb31-bee1-3cf0-c35337ba97d2,ok,0,0,450,27.525,44,210,405,390,292
82,77739.389418655,77739.390429683,,4,GPU-127e16de-2b5f-dde9-1932-b4e29bb818c0,ok,0,0,450,24.062,38,210,405,537,292
83,77740.389418655,77740.390250871,,0,GPU-9b96eb67-aeee-89d5-aa85-fc650af4e25c,ok,0,0,450,27.51,39,210,405,439,341
83,77740.389418655,77740.390347841,,1,GPU-37ffc98b-8551-c8a1-5f3c-27ade9ae735a,ok,0,0,450,15.918,37,210,405,390,292
83,77740.389418655,77740.390414921,,2,GPU-5443d59d-561f-ed1e-da42-1975937205f9,ok,0,0,450,27.491,41,210,405,439,292
83,77740.389418655,77740.390427621,,3,GPU-46bf67bb-cb31-bee1-3cf0-c35337ba97d2,ok,0,0,450,27.749,44,210,405,439,292
83,77740.389418655,77740.390187581,,4,GPU-127e16de-2b5f-dde9-1932-b4e29bb818c0,ok,0,0,450,24.048,38,210,405,537,292
84,77741.389418655,77741.390467169,,0,GPU-9b96eb67-aeee-89d5-aa85-fc650af4e25c,ok,0,0,450,27.422,39,210,405,439,341
84,77741.389418655,77741.390219229,,1,GPU-37ffc98b-8551-c8a1-5f3c-27ade9ae735a,ok,0,0,450,15.853,37,210,405,439,292
84,77741.389418655,77741.390392849,,2,GPU-5443d59d-561f-ed1e-da42-1975937205f9,ok,0,0,450,27.515,41,210,405,439,292
84,77741.389418655,77741.390365069,,3,GPU-46bf67bb-cb31-bee1-3cf0-c35337ba97d2,ok,0,0,450,27.846,44,210,405,439,292
84,77741.389418655,77741.390435039,,4,GPU-127e16de-2b5f-dde9-1932-b4e29bb818c0,ok,0,0,450,24.136,38,210,405,537,292
85,77742.389418655,77742.390368387,,0,GPU-9b96eb67-aeee-89d5-aa85-fc650af4e25c,ok,0,0,450,27.338,39,210,405,439,292
85,77742.389418655,77742.390414647,,1,GPU-37ffc98b-8551-c8a1-5f3c-27ade9ae735a,ok,0,0,450,15.848,37,210,405,439,292
85,77742.389418655,77742.390453037,,2,GPU-5443d59d-561f-ed1e-da42-1975937205f9,ok,0,0,450,27.475,41,210,405,439,292
85,77742.389418655,77742.390225027,,3,GPU-46bf67bb-cb31-bee1-3cf0-c35337ba97d2,ok,0,0,450,27.635,44,210,405,439,292
85,77742.389418655,77742.390143517,,4,GPU-127e16de-2b5f-dde9-1932-b4e29bb818c0,ok,0,0,450,24.044,38,210,405,537,292
86,77743.389418655,77743.392798906,,0,GPU-9b96eb67-aeee-89d5-aa85-fc650af4e25c,ok,0,0,450,27.519,39,210,405,390,292
86,77743.389418655,77743.390247415,,1,GPU-37ffc98b-8551-c8a1-5f3c-27ade9ae735a,ok,0,0,450,16.057,37,210,405,439,292
86,77743.389418655,77743.390312725,,2,GPU-5443d59d-561f-ed1e-da42-1975937205f9,ok,0,0,450,27.495,41,210,405,439,292
86,77743.389418655,77743.390404705,,3,GPU-46bf67bb-cb31-bee1-3cf0-c35337ba97d2,ok,0,0,450,27.432,44,210,405,439,292
86,77743.389418655,77743.390277865,,4,GPU-127e16de-2b5f-dde9-1932-b4e29bb818c0,ok,0,0,450,24.087,38,210,405,537,292
87,77744.389418655,77744.390484683,,0,GPU-9b96eb67-aeee-89d5-aa85-fc650af4e25c,ok,0,0,450,27.497,39,210,405,439,292
87,77744.389418655,77744.390251293,,1,GPU-37ffc98b-8551-c8a1-5f3c-27ade9ae735a,ok,0,0,450,15.943,37,210,405,439,292
87,77744.389418655,77744.390340083,,2,GPU-5443d59d-561f-ed1e-da42-1975937205f9,ok,0,0,450,27.371,41,210,405,439,341
87,77744.389418655,77744.390459993,,3,GPU-46bf67bb-cb31-bee1-3cf0-c35337ba97d2,ok,0,0,450,27.48,44,210,405,439,292
87,77744.389418655,77744.390439023,,4,GPU-127e16de-2b5f-dde9-1932-b4e29bb818c0,ok,0,0,450,24.117,38,210,405,488,292
88,77745.389418655,77745.390432821,,0,GPU-9b96eb67-aeee-89d5-aa85-fc650af4e25c,ok,0,0,450,27.447,39,210,405,439,341
88,77745.389418655,77745.390229851,,1,GPU-37ffc98b-8551-c8a1-5f3c-27ade9ae735a,ok,0,0,450,15.701,37,210,405,439,341
88,77745.389418655,77745.390392881,,2,GPU-5443d59d-561f-ed1e-da42-1975937205f9,ok,0,0,450,27.358,41,210,405,390,341
88,77745.389418655,77745.391492792,,3,GPU-46bf67bb-cb31-bee1-3cf0-c35337ba97d2,ok,0,0,450,27.656,44,210,405,439,292
88,77745.389418655,77745.390121821,,4,GPU-127e16de-2b5f-dde9-1932-b4e29bb818c0,ok,0,0,450,23.876,38,210,405,537,292
89,77746.389418655,77746.390244199,,0,GPU-9b96eb67-aeee-89d5-aa85-fc650af4e25c,ok,0,0,450,27.519,39,210,405,439,341
89,77746.389418655,77746.390214759,,1,GPU-37ffc98b-8551-c8a1-5f3c-27ade9ae735a,ok,0,0,450,15.607,37,210,405,439,341
89,77746.389418655,77746.390350279,,2,GPU-5443d59d-561f-ed1e-da42-1975937205f9,ok,0,0,450,27.482,41,210,405,439,341
89,77746.389418655,77746.39154677,,3,GPU-46bf67bb-cb31-bee1-3cf0-c35337ba97d2,ok,0,0,450,27.487,44,210,405,439,292
89,77746.389418655,77746.390360749,,4,GPU-127e16de-2b5f-dde9-1932-b4e29bb818c0,ok,0,0,450,23.996,38,210,405,537,292
90,77747.389418655,77747.390387378,,0,GPU-9b96eb67-aeee-89d5-aa85-fc650af4e25c,ok,0,0,450,27.424,39,210,405,439,341
90,77747.389418655,77747.390410608,,1,GPU-37ffc98b-8551-c8a1-5f3c-27ade9ae735a,ok,0,0,450,15.683,37,210,405,439,292
90,77747.389418655,77747.390360948,,2,GPU-5443d59d-561f-ed1e-da42-1975937205f9,ok,0,0,450,27.401,41,210,405,439,341
90,77747.389418655,77747.390305428,,3,GPU-46bf67bb-cb31-bee1-3cf0-c35337ba97d2,ok,0,0,450,27.436,43,210,405,390,292
90,77747.389418655,77747.390451448,,4,GPU-127e16de-2b5f-dde9-1932-b4e29bb818c0,ok,0,0,450,24.276,38,210,405,488,341
91,77748.389418655,77748.390063555,,0,GPU-9b96eb67-aeee-89d5-aa85-fc650af4e25c,ok,0,0,450,27.474,39,210,405,439,292
91,77748.389418655,77748.391402626,,1,GPU-37ffc98b-8551-c8a1-5f3c-27ade9ae735a,ok,0,0,450,15.681,37,210,405,439,292
91,77748.389418655,77748.390761026,,2,GPU-5443d59d-561f-ed1e-da42-1975937205f9,ok,0,0,450,27.403,41,210,405,439,341
91,77748.389418655,77748.390186005,,3,GPU-46bf67bb-cb31-bee1-3cf0-c35337ba97d2,ok,0,0,450,27.534,43,210,405,390,292
91,77748.389418655,77748.390129445,,4,GPU-127e16de-2b5f-dde9-1932-b4e29bb818c0,ok,0,0,450,24.277,38,210,405,537,341
92,77749.389418655,77749.390402424,,0,GPU-9b96eb67-aeee-89d5-aa85-fc650af4e25c,ok,0,0,450,27.738,39,210,405,390,341
92,77749.389418655,77749.390238454,,1,GPU-37ffc98b-8551-c8a1-5f3c-27ade9ae735a,ok,0,0,450,15.346,37,210,405,439,292
92,77749.389418655,77749.390378984,,2,GPU-5443d59d-561f-ed1e-da42-1975937205f9,ok,0,0,450,27.468,41,210,405,439,341
92,77749.389418655,77749.390099303,,3,GPU-46bf67bb-cb31-bee1-3cf0-c35337ba97d2,ok,0,0,450,27.435,43,210,405,439,341
92,77749.389418655,77749.391449984,,4,GPU-127e16de-2b5f-dde9-1932-b4e29bb818c0,ok,0,0,450,24.321,38,210,405,537,341
93,77750.389418655,77750.390807472,,0,GPU-9b96eb67-aeee-89d5-aa85-fc650af4e25c,ok,0,0,450,27.543,39,210,405,439,292
93,77750.389418655,77750.390319742,,1,GPU-37ffc98b-8551-c8a1-5f3c-27ade9ae735a,ok,0,0,450,15.332,37,210,405,439,292
93,77750.389418655,77750.390247132,,2,GPU-5443d59d-561f-ed1e-da42-1975937205f9,ok,0,0,450,27.409,41,210,405,390,341
93,77750.389418655,77750.390080442,,3,GPU-46bf67bb-cb31-bee1-3cf0-c35337ba97d2,ok,0,0,450,27.519,43,210,405,439,341
93,77750.389418655,77750.390274762,,4,GPU-127e16de-2b5f-dde9-1932-b4e29bb818c0,ok,0,0,450,24.279,38,210,405,488,341
94,77751.389418655,77751.39036668,,0,GPU-9b96eb67-aeee-89d5-aa85-fc650af4e25c,ok,0,0,450,27.429,39,210,405,390,292
94,77751.389418655,77751.3901655,,1,GPU-37ffc98b-8551-c8a1-5f3c-27ade9ae735a,ok,0,0,450,15.699,37,210,405,439,292
94,77751.389418655,77751.39033612,,2,GPU-5443d59d-561f-ed1e-da42-1975937205f9,ok,0,0,450,27.442,41,210,405,390,292
94,77751.389418655,77751.390129,,3,GPU-46bf67bb-cb31-bee1-3cf0-c35337ba97d2,ok,0,0,450,27.658,43,210,405,390,292
94,77751.389418655,77751.39027095,,4,GPU-127e16de-2b5f-dde9-1932-b4e29bb818c0,ok,0,0,450,23.989,38,210,405,537,341
95,77752.389418655,77752.390262798,,0,GPU-9b96eb67-aeee-89d5-aa85-fc650af4e25c,ok,0,0,450,27.445,39,210,405,390,292
95,77752.389418655,77752.390518248,,1,GPU-37ffc98b-8551-c8a1-5f3c-27ade9ae735a,ok,0,0,450,15.801,37,210,405,390,292
95,77752.389418655,77752.390453808,,2,GPU-5443d59d-561f-ed1e-da42-1975937205f9,ok,0,0,450,27.387,41,210,405,439,292
95,77752.389418655,77752.390361378,,3,GPU-46bf67bb-cb31-bee1-3cf0-c35337ba97d2,ok,0,0,450,27.407,43,210,405,439,292
95,77752.389418655,77752.390297688,,4,GPU-127e16de-2b5f-dde9-1932-b4e29bb818c0,ok,0,0,450,23.992,38,210,405,537,341
96,77753.389418655,77753.390314356,,0,GPU-9b96eb67-aeee-89d5-aa85-fc650af4e25c,ok,0,0,450,27.424,39,210,405,439,292
96,77753.389418655,77753.390434236,,1,GPU-37ffc98b-8551-c8a1-5f3c-27ade9ae735a,ok,0,0,450,15.864,37,210,405,390,341
96,77753.389418655,77753.390170726,,2,GPU-5443d59d-561f-ed1e-da42-1975937205f9,ok,0,0,450,27.426,41,210,405,390,292
96,77753.389418655,77753.390391116,,3,GPU-46bf67bb-cb31-bee1-3cf0-c35337ba97d2,ok,0,0,450,27.303,43,210,405,439,292
96,77753.389418655,77753.390338716,,4,GPU-127e16de-2b5f-dde9-1932-b4e29bb818c0,ok,0,0,450,24.228,38,210,405,488,341
97,77754.389418655,77754.390287024,,0,GPU-9b96eb67-aeee-89d5-aa85-fc650af4e25c,ok,0,0,450,27.556,39,210,405,439,292
97,77754.389418655,77754.390349364,,1,GPU-37ffc98b-8551-c8a1-5f3c-27ade9ae735a,ok,0,0,450,16.106,37,210,405,439,341
97,77754.389418655,77754.390194324,,2,GPU-5443d59d-561f-ed1e-da42-1975937205f9,ok,0,0,450,27.638,41,210,405,390,292
97,77754.389418655,77754.390395654,,3,GPU-46bf67bb-cb31-bee1-3cf0-c35337ba97d2,ok,0,0,450,27.438,43,210,405,439,292
97,77754.389418655,77754.390439974,,4,GPU-127e16de-2b5f-dde9-1932-b4e29bb818c0,ok,0,0,450,24.274,38,210,405,537,292
98,77755.389418655,77755.390321772,,0,GPU-9b96eb67-aeee-89d5-aa85-fc650af4e25c,ok,0,0,450,27.381,39,210,405,439,292
98,77755.389418655,77755.390473562,,1,GPU-37ffc98b-8551-c8a1-5f3c-27ade9ae735a,ok,0,0,450,16.103,37,210,405,439,341
98,77755.389418655,77755.390506782,,2,GPU-5443d59d-561f-ed1e-da42-1975937205f9,ok,0,0,450,27.512,41,210,405,439,292
98,77755.389418655,77755.390354662,,3,GPU-46bf67bb-cb31-bee1-3cf0-c35337ba97d2,ok,0,0,450,27.249,43,210,405,439,292
98,77755.389418655,77755.390305702,,4,GPU-127e16de-2b5f-dde9-1932-b4e29bb818c0,ok,0,0,450,24.423,38,210,405,537,292
99,77756.389418655,77756.39042495,,0,GPU-9b96eb67-aeee-89d5-aa85-fc650af4e25c,ok,0,0,450,27.348,39,210,405,439,341
99,77756.389418655,77756.39028408,,1,GPU-37ffc98b-8551-c8a1-5f3c-27ade9ae735a,ok,0,0,450,15.961,37,210,405,439,341
99,77756.389418655,77756.39037649,,2,GPU-5443d59d-561f-ed1e-da42-1975937205f9,ok,0,0,450,27.438,41,210,405,439,292
99,77756.389418655,77756.39032746,,3,GPU-46bf67bb-cb31-bee1-3cf0-c35337ba97d2,ok,0,0,450,27.224,43,210,405,439,292
99,77756.389418655,77756.39022199,,4,GPU-127e16de-2b5f-dde9-1932-b4e29bb818c0,ok,0,0,450,24.471,38,210,405,488,292
100,77757.389418655,77757.390353898,,0,GPU-9b96eb67-aeee-89d5-aa85-fc650af4e25c,ok,0,0,450,27.506,39,210,405,390,341
100,77757.389418655,77757.390217358,,1,GPU-37ffc98b-8551-c8a1-5f3c-27ade9ae735a,ok,0,0,450,15.992,37,210,405,439,292
100,77757.389418655,77757.390386398,,2,GPU-5443d59d-561f-ed1e-da42-1975937205f9,ok,0,0,450,27.583,41,210,405,439,292
100,77757.389418655,77757.390320698,,3,GPU-46bf67bb-cb31-bee1-3cf0-c35337ba97d2,ok,0,0,450,27.456,43,210,405,439,292
100,77757.389418655,77757.390081108,,4,GPU-127e16de-2b5f-dde9-1932-b4e29bb818c0,ok,0,0,450,24.228,38,210,405,537,292
101,77758.389418655,77758.390337416,,0,GPU-9b96eb67-aeee-89d5-aa85-fc650af4e25c,ok,0,0,450,27.409,39,210,405,390,341
101,77758.389418655,77758.390312066,,1,GPU-37ffc98b-8551-c8a1-5f3c-27ade9ae735a,ok,0,0,450,15.797,37,210,405,439,292
101,77758.389418655,77758.390397266,,2,GPU-5443d59d-561f-ed1e-da42-1975937205f9,ok,0,0,450,27.469,41,210,405,439,292
101,77758.389418655,77758.390819916,,3,GPU-46bf67bb-cb31-bee1-3cf0-c35337ba97d2,ok,0,0,450,27.263,43,210,405,439,292
101,77758.389418655,77758.390102676,,4,GPU-127e16de-2b5f-dde9-1932-b4e29bb818c0,ok,0,0,450,24.125,38,210,405,537,292
102,77759.389418655,77759.390211854,,0,GPU-9b96eb67-aeee-89d5-aa85-fc650af4e25c,ok,0,0,450,27.298,39,210,405,439,341
102,77759.389418655,77759.390116464,,1,GPU-37ffc98b-8551-c8a1-5f3c-27ade9ae735a,ok,0,0,450,15.818,37,210,405,390,292
102,77759.389418655,77759.390709974,,2,GPU-5443d59d-561f-ed1e-da42-1975937205f9,ok,0,0,450,27.424,41,210,405,390,341
102,77759.389418655,77759.391363824,,3,GPU-46bf67bb-cb31-bee1-3cf0-c35337ba97d2,ok,0,0,450,27.194,42,210,405,439,292
102,77759.389418655,77759.389993604,,4,GPU-127e16de-2b5f-dde9-1932-b4e29bb818c0,ok,0,0,450,24.111,38,210,405,537,292
103,77760.389418655,77760.390210402,,0,GPU-9b96eb67-aeee-89d5-aa85-fc650af4e25c,ok,0,0,450,27.29,39,210,405,439,292
103,77760.389418655,77760.391420542,,1,GPU-37ffc98b-8551-c8a1-5f3c-27ade9ae735a,ok,0,0,450,16.003,37,210,405,439,292
103,77760.389418655,77760.391395742,,2,GPU-5443d59d-561f-ed1e-da42-1975937205f9,ok,0,0,450,27.523,41,210,405,439,341
103,77760.389418655,77760.390089622,,3,GPU-46bf67bb-cb31-bee1-3cf0-c35337ba97d2,ok,0,0,450,27.317,42,210,405,439,341
103,77760.389418655,77760.389994982,,4,GPU-127e16de-2b5f-dde9-1932-b4e29bb818c0,ok,0,0,450,24.02,38,210,405,488,292
104,77761.389418655,77761.39040886,,0,GPU-9b96eb67-aeee-89d5-aa85-fc650af4e25c,ok,0,0,450,27.132,39,210,405,439,292
104,77761.389418655,77761.3903396,,1,GPU-37ffc98b-8551-c8a1-5f3c-27ade9ae735a,ok,0,0,450,15.815,37,210,405,439,292
104,77761.389418655,77761.39049585,,2,GPU-5443d59d-561f-ed1e-da42-1975937205f9,ok,0,0,450,27.503,41,210,405,439,341
104,77761.389418655,77761.3905247,,3,GPU-46bf67bb-cb31-bee1-3cf0-c35337ba97d2,ok,0,0,450,27.14,42,210,405,439,341
104,77761.389418655,77761.39037477,,4,GPU-127e16de-2b5f-dde9-1932-b4e29bb818c0,ok,0,0,450,24.062,38,210,405,537,292
105,77762.389418655,77762.390252298,,0,GPU-9b96eb67-aeee-89d5-aa85-fc650af4e25c,ok,0,0,450,27.061,39,210,405,439,292
105,77762.389418655,77762.390320048,,1,GPU-37ffc98b-8551-c8a1-5f3c-27ade9ae735a,ok,0,0,450,15.696,37,210,405,439,292
105,77762.389418655,77762.392769219,,2,GPU-5443d59d-561f-ed1e-da42-1975937205f9,ok,0,0,450,27.466,41,210,405,439,292
105,77762.389418655,77762.390358288,,3,GPU-46bf67bb-cb31-bee1-3cf0-c35337ba97d2,ok,0,0,450,27.202,42,210,405,390,341
105,77762.389418655,77762.390219968,,4,GPU-127e16de-2b5f-dde9-1932-b4e29bb818c0,ok,0,0,450,24.241,38,210,405,537,292
106,77763.389418655,77763.392043926,,0,GPU-9b96eb67-aeee-89d5-aa85-fc650af4e25c,ok,0,0,450,27.056,39,210,405,439,292
106,77763.389418655,77763.390197646,,1,GPU-37ffc98b-8551-c8a1-5f3c-27ade9ae735a,ok,0,0,450,15.814,37,210,405,439,292
106,77763.389418655,77763.390158106,,2,GPU-5443d59d-561f-ed1e-da42-1975937205f9,ok,0,0,450,27.408,41,210,405,439,292
106,77763.389418655,77763.390763526,,3,GPU-46bf67bb-cb31-bee1-3cf0-c35337ba97d2,ok,0,0,450,27.425,42,210,405,439,341
106,77763.389418655,77763.390025356,,4,GPU-127e16de-2b5f-dde9-1932-b4e29bb818c0,ok,0,0,450,24.174,38,210,405,537,292
107,77764.389418655,77764.390667594,,0,GPU-9b96eb67-aeee-89d5-aa85-fc650af4e25c,ok,0,0,450,26.947,39,210,405,439,292
107,77764.389418655,77764.390396514,,1,GPU-37ffc98b-8551-c8a1-5f3c-27ade9ae735a,ok,0,0,450,15.862,37,210,405,439,341
107,77764.389418655,77764.390050474,,2,GPU-5443d59d-561f-ed1e-da42-1975937205f9,ok,0,0,450,27.288,41,210,405,439,292
107,77764.389418655,77764.390376304,,3,GPU-46bf67bb-cb31-bee1-3cf0-c35337ba97d2,ok,0,0,450,27.228,42,210,405,439,292
107,77764.389418655,77764.390311334,,4,GPU-127e16de-2b5f-dde9-1932-b4e29bb818c0,ok,0,0,450,24.252,38,210,405,488,292
108,77765.389418655,77765.390231562,,0,GPU-9b96eb67-aeee-89d5-aa85-fc650af4e25c,ok,0,0,450,27.049,39,210,405,439,292
108,77765.389418655,77765.390413232,,1,GPU-37ffc98b-8551-c8a1-5f3c-27ade9ae735a,ok,0,0,450,15.867,37,210,405,439,341
108,77765.389418655,77765.390267512,,2,GPU-5443d59d-561f-ed1e-da42-1975937205f9,ok,0,0,450,27.378,41,210,405,439,292
108,77765.389418655,77765.390429552,,3,GPU-46bf67bb-cb31-bee1-3cf0-c35337ba97d2,ok,0,0,450,27.13,42,210,405,439,292
108,77765.389418655,77765.390297472,,4,GPU-127e16de-2b5f-dde9-1932-b4e29bb818c0,ok,0,0,450,24.329,38,210,405,537,292
109,77766.389418655,77766.39035798,,0,GPU-9b96eb67-aeee-89d5-aa85-fc650af4e25c,ok,0,0,450,27.187,39,210,405,439,292
109,77766.389418655,77766.39039073,,1,GPU-37ffc98b-8551-c8a1-5f3c-27ade9ae735a,ok,0,0,450,15.802,37,210,405,439,341
109,77766.389418655,77766.39009415,,2,GPU-5443d59d-561f-ed1e-da42-1975937205f9,ok,0,0,450,27.58,41,210,405,439,292
109,77766.389418655,77766.39080751,,3,GPU-46bf67bb-cb31-bee1-3cf0-c35337ba97d2,ok,0,0,450,27.199,42,210,405,439,292
109,77766.389418655,77766.39027881,,4,GPU-127e16de-2b5f-dde9-1932-b4e29bb818c0,ok,0,0,450,24.165,38,210,405,537,292
110,77767.389418655,77767.390191348,,0,GPU-9b96eb67-aeee-89d5-aa85-fc650af4e25c,ok,0,0,450,27.028,39,210,405,390,341
110,77767.389418655,77767.390287808,,1,GPU-37ffc98b-8551-c8a1-5f3c-27ade9ae735a,ok,0,0,450,15.608,37,210,405,439,292
110,77767.389418655,77767.390250038,,2,GPU-5443d59d-561f-ed1e-da42-1975937205f9,ok,0,0,450,27.514,41,210,405,439,292
110,77767.389418655,77767.390716638,,3,GPU-46bf67bb-cb31-bee1-3cf0-c35337ba97d2,ok,0,0,450,26.658,42,210,405,390,292
110,77767.389418655,77767.390005338,,4,GPU-127e16de-2b5f-dde9-1932-b4e29bb818c0,ok,0,0,450,24.271,38,210,405,488,292
111,77768.389418655,77768.390450106,,0,GPU-9b96eb67-aeee-89d5-aa85-fc650af4e25c,ok,0,0,450,26.931,39,210,405,439,341
111,77768.389418655,77768.390288756,,1,GPU-37ffc98b-8551-c8a1-5f3c-27ade9ae735a,ok,0,0,450,15.735,37,210,405,439,292
111,77768.389418655,77768.390254726,,2,GPU-5443d59d-561f-ed1e-da42-1975937205f9,ok,0,0,450,27.534,41,210,405,439,341
111,77768.389418655,77768.390385746,,3,GPU-46bf67bb-cb31-bee1-3cf0-c35337ba97d2,ok,0,0,450,26.108,42,210,405,439,292
111,77768.389418655,77768.390433046,,4,GPU-127e16de-2b5f-dde9-1932-b4e29bb818c0,ok,0,0,450,24.491,38,210,405,537,292
112,77769.389418655,77769.390034514,,0,GPU-9b96eb67-aeee-89d5-aa85-fc650af4e25c,ok,0,0,450,27.005,39,210,405,439,341
112,77769.389418655,77769.390298034,,1,GPU-37ffc98b-8551-c8a1-5f3c-27ade9ae735a,ok,0,0,450,15.882,37,210,405,390,292
112,77769.389418655,77769.390330854,,2,GPU-5443d59d-561f-ed1e-da42-1975937205f9,ok,0,0,450,27.568,41,210,405,390,341
112,77769.389418655,77769.390218374,,3,GPU-46bf67bb-cb31-bee1-3cf0-c35337ba97d2,ok,0,0,450,26.129,42,210,405,439,292
112,77769.389418655,77769.390747434,,4,GPU-127e16de-2b5f-dde9-1932-b4e29bb818c0,ok,0,0,450,24.459,38,210,405,537,292
113,77770.389418655,77770.390272272,,0,GPU-9b96eb67-aeee-89d5-aa85-fc650af4e25c,ok,0,0,450,26.908,39,210,405,439,341
113,77770.389418655,77770.390445622,,1,GPU-37ffc98b-8551-c8a1-5f3c-27ade9ae735a,ok,0,0,450,15.628,37,210,405,390,292
113,77770.389418655,77770.390460242,,2,GPU-5443d59d-561f-ed1e-da42-1975937205f9,ok,0,0,450,27.394,41,210,405,390,341
113,77770.389418655,77770.390246322,,3,GPU-46bf67bb-cb31-bee1-3cf0-c35337ba97d2,ok,0,0,450,26.048,42,210,405,439,292
113,77770.389418655,77770.390335892,,4,GPU-127e16de-2b5f-dde9-1932-b4e29bb818c0,ok,0,0,450,24.517,38,210,405,488,341
114,77771.389418655,77771.3903395,,0,GPU-9b96eb67-aeee-89d5-aa85-fc650af4e25c,ok,0,0,450,26.979,39,210,405,439,292
114,77771.389418655,77771.39148758,,1,GPU-37ffc98b-8551-c8a1-5f3c-27ade9ae735a,ok,0,0,450,15.542,37,210,405,390,292
114,77771.389418655,77771.39038403,,2,GPU-5443d59d-561f-ed1e-da42-1975937205f9,ok,0,0,450,27.432,41,210,405,439,341
114,77771.389418655,77771.39029162,,3,GPU-46bf67bb-cb31-bee1-3cf0-c35337ba97d2,ok,0,0,450,26.058,42,210,405,390,292
114,77771.389418655,77771.39013851,,4,GPU-127e16de-2b5f-dde9-1932-b4e29bb818c0,ok,0,0,450,24.647,38,210,405,537,341
115,77772.389418655,77772.390458108,,0,GPU-9b96eb67-aeee-89d5-aa85-fc650af4e25c,ok,0,0,450,27.278,39,210,405,439,292
115,77772.389418655,77772.390489868,,1,GPU-37ffc98b-8551-c8a1-5f3c-27ade9ae735a,ok,0,0,450,15.634,37,210,405,439,292
115,77772.389418655,77772.390234718,,2,GPU-5443d59d-561f-ed1e-da42-1975937205f9,ok,0,0,450,27.518,41,210,405,439,341
115,77772.389418655,77772.390345428,,3,GPU-46bf67bb-cb31-bee1-3cf0-c35337ba97d2,ok,0,0,450,26.159,42,210,405,439,292
115,77772.389418655,77772.390262208,,4,GPU-127e16de-2b5f-dde9-1932-b4e29bb818c0,ok,0,0,450,24.46,38,210,405,537,341
116,77773.389418655,77773.390225946,,0,GPU-9b96eb67-aeee-89d5-aa85-fc650af4e25c,ok,0,0,450,27.313,39,210,405,439,292
116,77773.389418655,77773.390724616,,1,GPU-37ffc98b-8551-c8a1-5f3c-27ade9ae735a,ok,0,0,450,15.519,37,210,405,439,292
116,77773.389418655,77773.390145206,,2,GPU-5443d59d-561f-ed1e-da42-1975937205f9,ok,0,0,450,27.389,41,210,405,390,341
116,77773.389418655,77773.391367666,,3,GPU-46bf67bb-cb31-bee1-3cf0-c35337ba97d2,ok,0,0,450,25.957,42,210,405,439,341
116,77773.389418655,77773.390005216,,4,GPU-127e16de-2b5f-dde9-1932-b4e29bb818c0,ok,0,0,450,24.517,38,210,405,488,341
117,77774.389418655,77774.390301124,,0,GPU-9b96eb67-aeee-89d5-aa85-fc650af4e25c,ok,0,0,450,27.373,39,210,405,439,292
117,77774.389418655,77774.390169814,,1,GPU-37ffc98b-8551-c8a1-5f3c-27ade9ae735a,ok,0,0,450,15.434,37,210,405,439,292
117,77774.389418655,77774.390151774,,2,GPU-5443d59d-561f-ed1e-da42-1975937205f9,ok,0,0,450,27.34,41,210,405,390,292
117,77774.389418655,77774.390412834,,3,GPU-46bf67bb-cb31-bee1-3cf0-c35337ba97d2,ok,0,0,450,26.031,42,210,405,439,341
117,77774.389418655,77774.390370974,,4,GPU-127e16de-2b5f-dde9-1932-b4e29bb818c0,ok,0,0,450,24.463,38,210,405,488,341
118,77775.389418655,77775.390107092,,0,GPU-9b96eb67-aeee-89d5-aa85-fc650af4e25c,ok,0,0,450,27.485,39,210,405,439,292
118,77775.389418655,77775.390340002,,1,GPU-37ffc98b-8551-c8a1-5f3c-27ade9ae735a,ok,0,0,450,15.572,37,210,405,390,292
118,77775.389418655,77775.390811662,,2,GPU-5443d59d-561f-ed1e-da42-1975937205f9,ok,0,0,450,27.47,41,210,405,439,292
118,77775.389418655,77775.390312272,,3,GPU-46bf67bb-cb31-bee1-3cf0-c35337ba97d2,ok,0,0,450,26.214,42,210,405,439,341
118,77775.389418655,77775.390272702,,4,GPU-127e16de-2b5f-dde9-1932-b4e29bb818c0,ok,0,0,450,24.353,38,210,405,488,341
119,77776.389418655,77776.39030306,,0,GPU-9b96eb67-aeee-89d5-aa85-fc650af4e25c,ok,0,0,450,27.333,39,210,405,439,292
119,77776.389418655,77776.3908748,,1,GPU-37ffc98b-8551-c8a1-5f3c-27ade9ae735a,ok,0,0,450,15.678,37,210,405,390,292
119,77776.389418655,77776.39022934,,2,GPU-5443d59d-561f-ed1e-da42-1975937205f9,ok,0,0,450,27.446,41,210,405,439,292
119,77776.389418655,77776.39016604,,3,GPU-46bf67bb-cb31-bee1-3cf0-c35337ba97d2,ok,0,0,450,25.994,42,210,405,439,341
119,77776.389418655,77776.39034233,,4,GPU-127e16de-2b5f-dde9-1932-b4e29bb818c0,ok,0,0,450,24.673,38,210,405,537,292
120,77777.389418655,77777.390195248,,0,GPU-9b96eb67-aeee-89d5-aa85-fc650af4e25c,ok,0,0,450,27.37,39,210,405,439,292
120,77777.389418655,77777.390264058,,1,GPU-37ffc98b-8551-c8a1-5f3c-27ade9ae735a,ok,0,0,450,15.79,37,210,405,390,341
120,77777.389418655,77777.390159818,,2,GPU-5443d59d-561f-ed1e-da42-1975937205f9,ok,0,0,450,27.48,41,210,405,390,292
120,77777.389418655,77777.390116208,,3,GPU-46bf67bb-cb31-bee1-3cf0-c35337ba97d2,ok,0,0,450,25.98,42,210,405,439,292
120,77777.389418655,77777.391964339,,4,GPU-127e16de-2b5f-dde9-1932-b4e29bb818c0,ok,0,0,450,24.705,38,210,405,537,292
121,77778.389418655,77778.392126337,,0,GPU-9b96eb67-aeee-89d5-aa85-fc650af4e25c,ok,0,0,450,27.618,39,210,405,439,292
121,77778.389418655,77778.390132296,,1,GPU-37ffc98b-8551-c8a1-5f3c-27ade9ae735a,ok,0,0,450,16.001,37,210,405,439,341
121,77778.389418655,77778.390842856,,2,GPU-5443d59d-561f-ed1e-da42-1975937205f9,ok,0,0,450,27.622,41,210,405,390,341
121,77778.389418655,77778.390247506,,3,GPU-46bf67bb-cb31-bee1-3cf0-c35337ba97d2,ok,0,0,450,26.032,42,210,405,390,292
121,77778.389418655,77778.390273926,,4,GPU-127e16de-2b5f-dde9-1932-b4e29bb818c0,ok,0,0,450,24.664,38,210,405,537,292
122,77779.389418655,77779.391385105,,0,GPU-9b96eb67-aeee-89d5-aa85-fc650af4e25c,ok,0,0,450,27.524,39,210,405,390,292
122,77779.389418655,77779.389993434,,1,GPU-37ffc98b-8551-c8a1-5f3c-27ade9ae735a,ok,0,0,450,15.827,37,210,405,439,341
122,77779.389418655,77779.390144794,,2,GPU-5443d59d-561f-ed1e-da42-1975937205f9,ok,0,0,450,27.453,41,210,405,390,341
122,77779.389418655,77779.390766294,,3,GPU-46bf67bb-cb31-bee1-3cf0-c35337ba97d2,ok,0,0,450,26.054,42,210,405,390,292
122,77779.389418655,77779.390783394,,4,GPU-127e16de-2b5f-dde9-1932-b4e29bb818c0,ok,0,0,450,24.67,38,210,405,537,292
123,77780.389418655,77780.390700682,,0,GPU-9b96eb67-aeee-89d5-aa85-fc650af4e25c,ok,0,0,450,27.437,39,210,405,390,292
123,77780.389418655,77780.390131252,,1,GPU-37ffc98b-8551-c8a1-5f3c-27ade9ae735a,ok,0,0,450,15.709,37,210,405,439,341
123,77780.389418655,77780.389991852,,2,GPU-5443d59d-561f-ed1e-da42-1975937205f9,ok,0,0,450,27.406,41,210,405,439,341
123,77780.389418655,77780.390157312,,3,GPU-46bf67bb-cb31-bee1-3cf0-c35337ba97d2,ok,0,0,450,26.222,42,210,405,439,292
123,77780.389418655,77780.391969713,,4,GPU-127e16de-2b5f-dde9-1932-b4e29bb818c0,ok,0,0,450,24.32,38,210,405,488,341
124,77781.389418655,77781.39088922,,0,GPU-9b96eb67-aeee-89d5-aa85-fc650af4e25c,ok,0,0,450,27.413,39,210,405,439,341
124,77781.389418655,77781.3899162,,1,GPU-37ffc98b-8551-c8a1-5f3c-27ade9ae735a,ok,0,0,450,15.844,37,210,405,439,341
124,77781.389418655,77781.39081356,,2,GPU-5443d59d-561f-ed1e-da42-1975937205f9,ok,0,0,450,27.572,41,210,405,439,341
124,77781.389418655,77781.39065149,,3,GPU-46bf67bb-cb31-bee1-3cf0-c35337ba97d2,ok,0,0,450,26.027,42,210,405,439,292
124,77781.389418655,77781.39083842,,4,GPU-127e16de-2b5f-dde9-1932-b4e29bb818c0,ok,0,0,450,24.091,38,210,405,537,341
125,77782.389418655,77782.390137668,,0,GPU-9b96eb67-aeee-89d5-aa85-fc650af4e25c,ok,0,0,450,27.26,39,210,405,439,341
125,77782.389418655,77782.391428299,,1,GPU-37ffc98b-8551-c8a1-5f3c-27ade9ae735a,ok,0,0,450,15.791,37,210,405,439,341
125,77782.389418655,77782.390170998,,2,GPU-5443d59d-561f-ed1e-da42-1975937205f9,ok,0,0,450,27.453,41,210,405,439,292
125,77782.389418655,77782.390267098,,3,GPU-46bf67bb-cb31-bee1-3cf0-c35337ba97d2,ok,0,0,450,26.035,42,210,405,439,292
125,77782.389418655,77782.390312478,,4,GPU-127e16de-2b5f-dde9-1932-b4e29bb818c0,ok,0,0,450,24.194,38,210,405,537,341
126,77783.389418655,77783.390179056,,0,GPU-9b96eb67-aeee-89d5-aa85-fc650af4e25c,ok,0,0,450,27.294,39,210,405,439,292
126,77783.389418655,77783.390284626,,1,GPU-37ffc98b-8551-c8a1-5f3c-27ade9ae735a,ok,0,0,450,15.801,37,210,405,439,292
126,77783.389418655,77783.390302686,,2,GPU-5443d59d-561f-ed1e-da42-1975937205f9,ok,0,0,450,27.44,41,210,405,439,292
126,77783.389418655,77783.390120486,,3,GPU-46bf67bb-cb31-bee1-3cf0-c35337ba97d2,ok,0,0,450,26.321,42,210,405,439,292
126,77783.389418655,77783.391431937,,4,GPU-127e16de-2b5f-dde9-1932-b4e29bb818c0,ok,0,0,450,24.105,38,210,405,537,292
127,77784.389418655,77784.390348914,,0,GPU-9b96eb67-aeee-89d5-aa85-fc650af4e25c,ok,0,0,450,27.406,39,210,405,439,292
127,77784.389418655,77784.390375354,,1,GPU-37ffc98b-8551-c8a1-5f3c-27ade9ae735a,ok,0,0,450,15.667,36,210,405,439,292
127,77784.389418655,77784.390115064,,2,GPU-5443d59d-561f-ed1e-da42-1975937205f9,ok,0,0,450,27.583,41,210,405,439,292
127,77784.389418655,77784.390274604,,3,GPU-46bf67bb-cb31-bee1-3cf0-c35337ba97d2,ok,0,0,450,26.262,42,210,405,439,292
127,77784.389418655,77784.390402954,,4,GPU-127e16de-2b5f-dde9-1932-b4e29bb818c0,ok,0,0,450,24.172,38,210,405,537,292
128,77785.389418655,77785.390304282,,0,GPU-9b96eb67-aeee-89d5-aa85-fc650af4e25c,ok,0,0,450,27.335,39,210,405,439,292
128,77785.389418655,77785.390341462,,1,GPU-37ffc98b-8551-c8a1-5f3c-27ade9ae735a,ok,0,0,450,15.566,36,210,405,439,292
128,77785.389418655,77785.390447702,,2,GPU-5443d59d-561f-ed1e-da42-1975937205f9,ok,0,0,450,27.561,41,210,405,439,292
128,77785.389418655,77785.390488342,,3,GPU-46bf67bb-cb31-bee1-3cf0-c35337ba97d2,ok,0,0,450,26.249,42,210,405,439,292
128,77785.389418655,77785.390188982,,4,GPU-127e16de-2b5f-dde9-1932-b4e29bb818c0,ok,0,0,450,24.32,38,210,405,537,292
129,77786.389418655,77786.39028534,,0,GPU-9b96eb67-aeee-89d5-aa85-fc650af4e25c,ok,0,0,450,27.343,39,210,405,390,292
129,77786.389418655,77786.3904288,,1,GPU-37ffc98b-8551-c8a1-5f3c-27ade9ae735a,ok,0,0,450,15.718,36,210,405,390,292
129,77786.389418655,77786.3902254,,2,GPU-5443d59d-561f-ed1e-da42-1975937205f9,ok,0,0,450,27.637,41,210,405,439,292
129,77786.389418655,77786.39038252,,3,GPU-46bf67bb-cb31-bee1-3cf0-c35337ba97d2,ok,0,0,450,26.316,42,210,405,439,292
129,77786.389418655,77786.3904671,,4,GPU-127e16de-2b5f-dde9-1932-b4e29bb818c0,ok,0,0,450,24.206,38,210,405,488,341
130,77787.389418655,77787.390030668,,0,GPU-9b96eb67-aeee-89d5-aa85-fc650af4e25c,ok,0,0,450,27.5,39,210,405,439,292
130,77787.389418655,77787.390256228,,1,GPU-37ffc98b-8551-c8a1-5f3c-27ade9ae735a,ok,0,0,450,15.793,36,210,405,439,292
130,77787.389418655,77787.390794969,,2,GPU-5443d59d-561f-ed1e-da42-1975937205f9,ok,0,0,450,27.655,41,210,405,439,341
130,77787.389418655,77787.390821279,,3,GPU-46bf67bb-cb31-bee1-3cf0-c35337ba97d2,ok,0,0,450,26.124,42,210,405,439,292
130,77787.389418655,77787.390223198,,4,GPU-127e16de-2b5f-dde9-1932-b4e29bb818c0,ok,0,0,450,24.166,38,210,405,537,341
131,77788.389418655,77788.390244666,,0,GPU-9b96eb67-aeee-89d5-aa85-fc650af4e25c,ok,0,0,450,27.442,39,210,405,439,292
131,77788.389418655,77788.391448347,,1,GPU-37ffc98b-8551-c8a1-5f3c-27ade9ae735a,ok,0,0,450,15.803,36,210,405,439,292
131,77788.389418655,77788.391388937,,2,GPU-5443d59d-561f-ed1e-da42-1975937205f9,ok,0,0,450,27.655,41,210,405,439,341
131,77788.389418655,77788.390045816,,3,GPU-46bf67bb-cb31-bee1-3cf0-c35337ba97d2,ok,0,0,450,26.149,42,210,405,390,292
131,77788.389418655,77788.390135606,,4,GPU-127e16de-2b5f-dde9-1932-b4e29bb818c0,ok,0,0,450,24.185,38,210,405,537,292
132,77789.389418655,77789.390258164,,0,GPU-9b96eb67-aeee-89d5-aa85-fc650af4e25c,ok,0,0,450,27.326,39,210,405,390,341
132,77789.389418655,77789.392058075,,1,GPU-37ffc98b-8551-c8a1-5f3c-27ade9ae735a,ok,0,0,450,15.724,36,210,405,439,292
132,77789.389418655,77789.390215224,,2,GPU-5443d59d-561f-ed1e-da42-1975937205f9,ok,0,0,450,27.738,41,210,405,390,341
132,77789.389418655,77789.390119284,,3,GPU-46bf67bb-cb31-bee1-3cf0-c35337ba97d2,ok,0,0,450,26.338,42,210,405,439,292
132,77789.389418655,77789.390309314,,4,GPU-127e16de-2b5f-dde9-1932-b4e29bb818c0,ok,0,0,450,24.197,38,210,405,488,292
133,77790.389418655,77790.390155852,,0,GPU-9b96eb67-aeee-89d5-aa85-fc650af4e25c,ok,0,0,450,27.218,39,210,405,439,292
133,77790.389418655,77790.390765443,,1,GPU-37ffc98b-8551-c8a1-5f3c-27ade9ae735a,ok,0,0,450,15.514,36,210,405,439,292
133,77790.389418655,77790.390854033,,2,GPU-5443d59d-561f-ed1e-da42-1975937205f9,ok,0,0,450,27.599,41,210,405,439,341
133,77790.389418655,77790.390804123,,3,GPU-46bf67bb-cb31-bee1-3cf0-c35337ba97d2,ok,0,0,450,26.268,42,210,405,439,292
133,77790.389418655,77790.389998932,,4,GPU-127e16de-2b5f-dde9-1932-b4e29bb818c0,ok,0,0,450,24.283,38,210,405,537,292
134,77791.389418655,77791.390275331,,0,GPU-9b96eb67-aeee-89d5-aa85-fc650af4e25c,ok,0,0,450,27.133,39,210,405,390,292
134,77791.389418655,77791.3900448,,1,GPU-37ffc98b-8551-c8a1-5f3c-27ade9ae735a,ok,0,0,450,15.524,36,210,405,439,292
134,77791.389418655,77791.390301741,,2,GPU-5443d59d-561f-ed1e-da42-1975937205f9,ok,0,0,450,27.573,41,210,405,439,341
134,77791.389418655,77791.390762321,,3,GPU-46bf67bb-cb31-bee1-3cf0-c35337ba97d2,ok,0,0,450,26.206,43,210,405,439,292
134,77791.389418655,77791.3901644,,4,GPU-127e16de-2b5f-dde9-1932-b4e29bb818c0,ok,0,0,450,24.507,38,210,405,537,292
135,77792.389418655,77792.391941329,,0,GPU-9b96eb67-aeee-89d5-aa85-fc650af4e25c,ok,0,0,450,27.1,39,210,405,390,292
135,77792.389418655,77792.390072058,,1,GPU-37ffc98b-8551-c8a1-5f3c-27ade9ae735a,ok,0,0,450,15.668,36,210,405,390,292
135,77792.389418655,77792.390194159,,2,GPU-5443d59d-561f-ed1e-da42-1975937205f9,ok,0,0,450,27.725,41,210,405,439,292
135,77792.389418655,77792.390009978,,3,GPU-46bf67bb-cb31-bee1-3cf0-c35337ba97d2,ok,0,0,450,26.195,43,210,405,390,292
135,77792.389418655,77792.389985558,,4,GPU-127e16de-2b5f-dde9-1932-b4e29bb818c0,ok,0,0,450,24.484,38,210,405,488,292
136,77793.389418655,77793.390285117,,0,GPU-9b96eb67-aeee-89d5-aa85-fc650af4e25c,ok,0,0,450,27.075,39,210,405,390,292
136,77793.389418655,77793.391511147,,1,GPU-37ffc98b-8551-c8a1-5f3c-27ade9ae735a,ok,0,0,450,15.485,36,210,405,390,341
136,77793.389418655,77793.390865637,,2,GPU-5443d59d-561f-ed1e-da42-1975937205f9,ok,0,0,450,27.706,41,210,405,439,292
136,77793.389418655,77793.390197817,,3,GPU-46bf67bb-cb31-bee1-3cf0-c35337ba97d2,ok,0,0,450,26.019,43,210,405,390,292
136,77793.389418655,77793.390138237,,4,GPU-127e16de-2b5f-dde9-1932-b4e29bb818c0,ok,0,0,450,24.384,38,210,405,537,292
137,77794.389418655,77794.390274145,,0,GPU-9b96eb67-aeee-89d5-aa85-fc650af4e25c,ok,0,0,450,27.172,39,210,405,390,341
137,77794.389418655,77794.390698945,,1,GPU-37ffc98b-8551-c8a1-5f3c-27ade9ae735a,ok,0,0,450,15.472,36,210,405,439,292
137,77794.389418655,77794.390309195,,2,GPU-5443d59d-561f-ed1e-da42-1975937205f9,ok,0,0,450,27.727,41,210,405,439,292
137,77794.389418655,77794.390082565,,3,GPU-46bf67bb-cb31-bee1-3cf0-c35337ba97d2,ok,0,0,450,26.07,43,210,405,390,341
137,77794.389418655,77794.390326675,,4,GPU-127e16de-2b5f-dde9-1932-b4e29bb818c0,ok,0,0,450,24.384,38,210,405,537,292
138,77795.389418655,77795.390002553,,0,GPU-9b96eb67-aeee-89d5-aa85-fc650af4e25c,ok,0,0,450,27.354,39,210,405,439,341
138,77795.389418655,77795.390776863,,1,GPU-37ffc98b-8551-c8a1-5f3c-27ade9ae735a,ok,0,0,450,15.566,36,210,405,439,292
138,77795.389418655,77795.390749323,,2,GPU-5443d59d-561f-ed1e-da42-1975937205f9,ok,0,0,450,27.794,41,210,405,439,292
138,77795.389418655,77795.391362713,,3,GPU-46bf67bb-cb31-bee1-3cf0-c35337ba97d2,ok,0,0,450,26.234,43,210,405,439,292
138,77795.389418655,77795.390162613,,4,GPU-127e16de-2b5f-dde9-1932-b4e29bb818c0,ok,0,0,450,24.227,38,210,405,537,292
139,77796.389418655,77796.390244581,,0,GPU-9b96eb67-aeee-89d5-aa85-fc650af4e25c,ok,0,0,450,27.294,39,210,405,439,292
139,77796.389418655,77796.390806971,,1,GPU-37ffc98b-8551-c8a1-5f3c-27ade9ae735a,ok,0,0,450,15.391,36,210,405,390,292
139,77796.389418655,77796.390758431,,2,GPU-5443d59d-561f-ed1e-da42-1975937205f9,ok,0,0,450,27.664,41,210,405,439,292
139,77796.389418655,77796.390180711,,3,GPU-46bf67bb-cb31-bee1-3cf0-c35337ba97d2,ok,0,0,450,26.04,43,210,405,439,292
139,77796.389418655,77796.390033341,,4,GPU-127e16de-2b5f-dde9-1932-b4e29bb818c0,ok,0,0,450,24.103,38,210,405,488,292
140,77797.389418655,77797.390187359,,0,GPU-9b96eb67-aeee-89d5-aa85-fc650af4e25c,ok,0,0,450,27.16,39,210,405,439,292
140,77797.389418655,77797.390341039,,1,GPU-37ffc98b-8551-c8a1-5f3c-27ade9ae735a,ok,0,0,450,15.449,36,210,405,390,292
140,77797.389418655,77797.391516819,,2,GPU-5443d59d-561f-ed1e-da42-1975937205f9,ok,0,0,450,27.676,41,210,405,390,292
140,77797.389418655,77797.390325159,,3,GPU-46bf67bb-cb31-bee1-3cf0-c35337ba97d2,ok,0,0,450,26.032,43,210,405,439,292
140,77797.389418655,77797.390241119,,4,GPU-127e16de-2b5f-dde9-1932-b4e29bb818c0,ok,0,0,450,24.137,38,210,405,537,292
141,77798.389418655,77798.390737047,,0,GPU-9b96eb67-aeee-89d5-aa85-fc650af4e25c,ok,0,0,450,27.2,39,210,405,439,292
141,77798.389418655,77798.390308517,,1,GPU-37ffc98b-8551-c8a1-5f3c-27ade9ae735a,ok,0,0,450,15.599,36,210,405,390,292
141,77798.389418655,77798.390325457,,2,GPU-5443d59d-561f-ed1e-da42-1975937205f9,ok,0,0,450,27.814,41,210,405,390,292
141,77798.389418655,77798.390261707,,3,GPU-46bf67bb-cb31-bee1-3cf0-c35337ba97d2,ok,0,0,450,26.213,43,210,405,439,292
141,77798.389418655,77798.390034367,,4,GPU-127e16de-2b5f-dde9-1932-b4e29bb818c0,ok,0,0,450,24.195,38,210,405,537,292
142,77799.389418655,77799.390819095,,0,GPU-9b96eb67-aeee-89d5-aa85-fc650af4e25c,ok,0,0,450,27.151,39,210,405,439,292
142,77799.389418655,77799.390041455,,1,GPU-37ffc98b-8551-c8a1-5f3c-27ade9ae735a,ok,0,0,450,15.297,36,210,405,439,292
142,77799.389418655,77799.390307395,,2,GPU-5443d59d-561f-ed1e-da42-1975937205f9,ok,0,0,450,27.656,41,210,405,439,292
142,77799.389418655,77799.390838215,,3,GPU-46bf67bb-cb31-bee1-3cf0-c35337ba97d2,ok,0,0,450,26.058,43,210,405,390,292
142,77799.389418655,77799.390274385,,4,GPU-127e16de-2b5f-dde9-1932-b4e29bb818c0,ok,0,0,450,24.305,38,210,405,537,292
143,77800.389418655,77800.390281903,,0,GPU-9b96eb67-aeee-89d5-aa85-fc650af4e25c,ok,0,0,450,27.224,39,210,405,439,292
143,77800.389418655,77800.390793443,,1,GPU-37ffc98b-8551-c8a1-5f3c-27ade9ae735a,ok,0,0,450,15.215,36,210,405,439,341
143,77800.389418655,77800.390268343,,2,GPU-5443d59d-561f-ed1e-da42-1975937205f9,ok,0,0,450,27.554,41,210,405,439,341
143,77800.389418655,77800.390735003,,3,GPU-46bf67bb-cb31-bee1-3cf0-c35337ba97d2,ok,0,0,450,26.038,43,210,405,390,292
143,77800.389418655,77800.390019773,,4,GPU-127e16de-2b5f-dde9-1932-b4e29bb818c0,ok,0,0,450,24.385,38,210,405,537,341
144,77801.389418655,77801.390418901,,0,GPU-9b96eb67-aeee-89d5-aa85-fc650af4e25c,ok,0,0,450,27.328,39,210,405,439,292
144,77801.389418655,77801.390309581,,1,GPU-37ffc98b-8551-c8a1-5f3c-27ade9ae735a,ok,0,0,450,15.45,36,210,405,439,292
144,77801.389418655,77801.390391771,,2,GPU-5443d59d-561f-ed1e-da42-1975937205f9,ok,0,0,450,27.649,41,210,405,439,341
144,77801.389418655,77801.390281421,,3,GPU-46bf67bb-cb31-bee1-3cf0-c35337ba97d2,ok,0,0,450,26.224,43,210,405,439,341
144,77801.389418655,77801.390138051,,4,GPU-127e16de-2b5f-dde9-1932-b4e29bb818c0,ok,0,0,450,24.299,38,210,405,537,341
145,77802.389418655,77802.390034879,,0,GPU-9b96eb67-aeee-89d5-aa85-fc650af4e25c,ok,0,0,450,27.117,39,210,405,439,292
145,77802.389418655,77802.390229989,,1,GPU-37ffc98b-8551-c8a1-5f3c-27ade9ae735a,ok,0,0,450,15.383,36,210,405,439,292
145,77802.389418655,77802.390364529,,2,GPU-5443d59d-561f-ed1e-da42-1975937205f9,ok,0,0,450,27.545,41,210,405,439,341
145,77802.389418655,77802.390317829,,3,GPU-46bf67bb-cb31-bee1-3cf0-c35337ba97d2,ok,0,0,450,26.049,43,210,405,439,341
145,77802.389418655,77802.390747599,,4,GPU-127e16de-2b5f-dde9-1932-b4e29bb818c0,ok,0,0,450,24.238,38,210,405,488,341
146,77803.389418655,77803.391960207,,0,GPU-9b96eb67-aeee-89d5-aa85-fc650af4e25c,ok,0,0,450,27.075,39,210,405,390,292
146,77803.389418655,77803.390118287,,1,GPU-37ffc98b-8551-c8a1-5f3c-27ade9ae735a,ok,0,0,450,15.558,36,210,405,439,292
146,77803.389418655,77803.390706487,,2,GPU-5443d59d-561f-ed1e-da42-1975937205f9,ok,0,0,450,27.479,41,210,405,439,292
146,77803.389418655,77803.390082697,,3,GPU-46bf67bb-cb31-bee1-3cf0-c35337ba97d2,ok,0,0,450,26.011,43,210,405,439,341
146,77803.389418655,77803.389979797,,4,GPU-127e16de-2b5f-dde9-1932-b4e29bb818c0,ok,0,0,450,24.281,38,210,405,537,292
147,77804.389418655,77804.390270995,,0,GPU-9b96eb67-aeee-89d5-aa85-fc650af4e25c,ok,0,0,450,27.248,39,210,405,390,341
147,77804.389418655,77804.390293495,,1,GPU-37ffc98b-8551-c8a1-5f3c-27ade9ae735a,ok,0,0,450,15.899,36,210,405,439,292
147,77804.389418655,77804.390184895,,2,GPU-5443d59d-561f-ed1e-da42-1975937205f9,ok,0,0,450,27.654,41,210,405,439,292
147,77804.389418655,77804.390150135,,3,GPU-46bf67bb-cb31-bee1-3cf0-c35337ba97d2,ok,0,0,450,26.262,43,210,405,488,292
147,77804.389418655,77804.391473715,,4,GPU-127e16de-2b5f-dde9-1932-b4e29bb818c0,ok,0,0,450,24.238,38,210,405,488,292
148,77805.389418655,77805.390289073,,0,GPU-9b96eb67-aeee-89d5-aa85-fc650af4e25c,ok,0,0,450,27.228,39,210,405,390,292
148,77805.389418655,77805.390302883,,1,GPU-37ffc98b-8551-c8a1-5f3c-27ade9ae735a,ok,0,0,450,15.749,36,210,405,439,292
148,77805.389418655,77805.390045383,,2,GPU-5443d59d-561f-ed1e-da42-1975937205f9,ok,0,0,450,27.638,41,210,405,390,292
148,77805.389418655,77805.390219113,,3,GPU-46bf67bb-cb31-bee1-3cf0-c35337ba97d2,ok,0,0,450,26.132,43,210,405,439,292
148,77805.389418655,77805.390757243,,4,GPU-127e16de-2b5f-dde9-1932-b4e29bb818c0,ok,0,0,450,24.283,38,210,405,488,292
149,77806.389418655,77806.390294811,,0,GPU-9b96eb67-aeee-89d5-aa85-fc650af4e25c,ok,0,0,450,27.34,39,210,405,390,292
149,77806.389418655,77806.390078101,,1,GPU-37ffc98b-8551-c8a1-5f3c-27ade9ae735a,ok,0,0,450,15.724,36,210,405,390,292
149,77806.389418655,77806.390230231,,2,GPU-5443d59d-561f-ed1e-da42-1975937205f9,ok,0,0,450,27.651,41,210,405,390,292
149,77806.389418655,77806.390871971,,3,GPU-46bf67bb-cb31-bee1-3cf0-c35337ba97d2,ok,0,0,450,26.11,43,210,405,390,292
149,77806.389418655,77806.390838251,,4,GPU-127e16de-2b5f-dde9-1932-b4e29bb818c0,ok,0,0,450,24.383,38,210,405,537,292
150,77807.389418655,77807.390330839,,0,GPU-9b96eb67-aeee-89d5-aa85-fc650af4e25c,ok,0,0,450,27.476,39,210,405,390,292
150,77807.389418655,77807.390148449,,1,GPU-37ffc98b-8551-c8a1-5f3c-27ade9ae735a,ok,0,0,450,15.797,36,210,405,439,341
150,77807.389418655,77807.390099239,,2,GPU-5443d59d-561f-ed1e-da42-1975937205f9,ok,0,0,450,27.84,41,210,405,390,292
150,77807.389418655,77807.391420799,,3,GPU-46bf67bb-cb31-bee1-3cf0-c35337ba97d2,ok,0,0,450,26.316,43,210,405,390,341
150,77807.389418655,77807.391389409,,4,GPU-127e16de-2b5f-dde9-1932-b4e29bb818c0,ok,0,0,450,24.367,38,210,405,488,292
151,77808.389418655,77808.390235297,,0,GPU-9b96eb67-aeee-89d5-aa85-fc650af4e25c,ok,0,0,450,27.278,39,210,405,439,292
151,77808.389418655,77808.389990817,,1,GPU-37ffc98b-8551-c8a1-5f3c-27ade9ae735a,ok,0,0,450,15.552,36,210,405,439,292
151,77808.389418655,77808.390764647,,2,GPU-5443d59d-561f-ed1e-da42-1975937205f9,ok,0,0,450,27.807,41,210,405,439,292
151,77808.389418655,77808.390805217,,3,GPU-46bf67bb-cb31-bee1-3cf0-c35337ba97d2,ok,0,0,450,26.166,43,210,405,390,341
151,77808.389418655,77808.390264407,,4,GPU-127e16de-2b5f-dde9-1932-b4e29bb818c0,ok,0,0,450,24.42,38,210,405,537,292
152,77809.389418655,77809.390225685,,0,GPU-9b96eb67-aeee-89d5-aa85-fc650af4e25c,ok,0,0,450,27.292,39,210,405,439,292
152,77809.389418655,77809.390334335,,1,GPU-37ffc98b-8551-c8a1-5f3c-27ade9ae735a,ok,0,0,450,15.574,36,210,405,439,341
152,77809.389418655,77809.391507815,,2,GPU-5443d59d-561f-ed1e-da42-1975937205f9,ok,0,0,450,27.79,41,210,405,439,292
152,77809.389418655,77809.390188875,,3,GPU-46bf67bb-cb31-bee1-3cf0-c35337ba97d2,ok,0,0,450,26.173,43,210,405,439,341
152,77809.389418655,77809.390309425,,4,GPU-127e16de-2b5f-dde9-1932-b4e29bb818c0,ok,0,0,450,24.521,38,210,405,537,292
153,77810.389418655,77810.390014583,,0,GPU-9b96eb67-aeee-89d5-aa85-fc650af4e25c,ok,0,0,450,27.481,39,210,405,439,292
153,77810.389418655,77810.390823043,,1,GPU-37ffc98b-8551-c8a1-5f3c-27ade9ae735a,ok,0,0,450,15.627,36,210,405,439,341
153,77810.389418655,77810.390780913,,2,GPU-5443d59d-561f-ed1e-da42-1975937205f9,ok,0,0,450,27.875,41,210,405,439,292
153,77810.389418655,77810.391412843,,3,GPU-46bf67bb-cb31-bee1-3cf0-c35337ba97d2,ok,0,0,450,26.374,43,210,405,439,341
153,77810.389418655,77810.390201113,,4,GPU-127e16de-2b5f-dde9-1932-b4e29bb818c0,ok,0,0,450,24.389,38,210,405,488,292
154,77811.389418655,77811.391292651,,0,GPU-9b96eb67-aeee-89d5-aa85-fc650af4e25c,ok,0,0,450,27.255,39,210,405,439,292
154,77811.389418655,77811.390008971,,1,GPU-37ffc98b-8551-c8a1-5f3c-27ade9ae735a,ok,0,0,450,15.332,36,210,405,439,341
154,77811.389418655,77811.390642151,,2,GPU-5443d59d-561f-ed1e-da42-1975937205f9,ok,0,0,450,27.725,41,210,405,439,341
154,77811.389418655,77811.391357841,,3,GPU-46bf67bb-cb31-bee1-3cf0-c35337ba97d2,ok,0,0,450,26.288,43,210,405,439,341
154,77811.389418655,77811.389923791,,4,GPU-127e16de-2b5f-dde9-1932-b4e29bb818c0,ok,0,0,450,24.203,38,210,405,537,292
155,77812.389418655,77812.390058049,,0,GPU-9b96eb67-aeee-89d5-aa85-fc650af4e25c,ok,0,0,450,27.24,39,210,405,439,292
155,77812.389418655,77812.390251299,,1,GPU-37ffc98b-8551-c8a1-5f3c-27ade9ae735a,ok,0,0,450,15.32,36,210,405,439,341
155,77812.389418655,77812.39200463,,2,GPU-5443d59d-561f-ed1e-da42-1975937205f9,ok,0,0,450,27.741,41,210,405,390,292
155,77812.389418655,77812.390373039,,3,GPU-46bf67bb-cb31-bee1-3cf0-c35337ba97d2,ok,0,0,450,26.299,43,210,405,390,292
155,77812.389418655,77812.390166439,,4,GPU-127e16de-2b5f-dde9-1932-b4e29bb818c0,ok,0,0,450,24.167,38,210,405,488,341
156,77813.389418655,77813.390405377,,0,GPU-9b96eb67-aeee-89d5-aa85-fc650af4e25c,ok,0,0,450,27.564,39,210,405,390,292
156,77813.389418655,77813.390337057,,1,GPU-37ffc98b-8551-c8a1-5f3c-27ade9ae735a,ok,0,0,450,15.349,36,210,405,439,292
156,77813.389418655,77813.390094947,,2,GPU-5443d59d-561f-ed1e-da42-1975937205f9,ok,0,0,450,27.847,41,210,405,390,341
156,77813.389418655,77813.390362037,,3,GPU-46bf67bb-cb31-bee1-3cf0-c35337ba97d2,ok,0,0,450,26.439,43,210,405,439,292
156,77813.389418655,77813.390805577,,4,GPU-127e16de-2b5f-dde9-1932-b4e29bb818c0,ok,0,0,450,24.091,38,210,405,537,292
157,77814.389418655,77814.390014005,,0,GPU-9b96eb67-aeee-89d5-aa85-fc650af4e25c,ok,0,0,450,27.445,39,210,405,439,292
157,77814.389418655,77814.390823635,,1,GPU-37ffc98b-8551-c8a1-5f3c-27ade9ae735a,ok,0,0,450,15.275,36,210,405,439,292
157,77814.389418655,77814.390915225,,2,GPU-5443d59d-561f-ed1e-da42-1975937205f9,ok,0,0,450,27.627,41,210,405,390,292
157,77814.389418655,77814.390869935,,3,GPU-46bf67bb-cb31-bee1-3cf0-c35337ba97d2,ok,0,0,450,26.284,43,210,405,390,341
157,77814.389418655,77814.390175245,,4,GPU-127e16de-2b5f-dde9-1932-b4e29bb818c0,ok,0,0,450,24.018,38,210,405,537,292
158,77815.389418655,77815.390861823,,0,GPU-9b96eb67-aeee-89d5-aa85-fc650af4e25c,ok,0,0,450,27.282,39,210,405,439,341
158,77815.389418655,77815.390825703,,1,GPU-37ffc98b-8551-c8a1-5f3c-27ade9ae735a,ok,0,0,450,15.439,36,210,405,390,292
158,77815.389418655,77815.389936063,,2,GPU-5443d59d-561f-ed1e-da42-1975937205f9,ok,0,0,450,27.573,41,210,405,390,292
158,77815.389418655,77815.390928013,,3,GPU-46bf67bb-cb31-bee1-3cf0-c35337ba97d2,ok,0,0,450,26.294,43,210,405,439,341
158,77815.389418655,77815.390909413,,4,GPU-127e16de-2b5f-dde9-1932-b4e29bb818c0,ok,0,0,450,23.91,38,210,405,488,292
159,77816.389418655,77816.390453851,,0,GPU-9b96eb67-aeee-89d5-aa85-fc650af4e25c,ok,0,0,450,27.398,39,210,405,439,341
159,77816.389418655,77816.390210751,,1,GPU-37ffc98b-8551-c8a1-5f3c-27ade9ae735a,ok,0,0,450,15.553,36,210,405,439,292
159,77816.389418655,77816.390388331,,2,GPU-5443d59d-561f-ed1e-da42-1975937205f9,ok,0,0,450,27.721,41,210,405,439,292
159,77816.389418655,77816.390428631,,3,GPU-46bf67bb-cb31-bee1-3cf0-c35337ba97d2,ok,0,0,450,26.164,43,210,405,439,341
159,77816.389418655,77816.390290601,,4,GPU-127e16de-2b5f-dde9-1932-b4e29bb818c0,ok,0,0,450,24.092,38,210,405,537,292
160,77817.389418655,77817.390327839,,0,GPU-9b96eb67-aeee-89d5-aa85-fc650af4e25c,ok,0,0,450,27.326,39,210,405,439,292
160,77817.389418655,77817.390800979,,1,GPU-37ffc98b-8551-c8a1-5f3c-27ade9ae735a,ok,0,0,450,15.579,36,210,405,439,292
160,77817.389418655,77817.390174389,,2,GPU-5443d59d-561f-ed1e-da42-1975937205f9,ok,0,0,450,27.561,41,210,405,439,292
160,77817.389418655,77817.390038209,,3,GPU-46bf67bb-cb31-bee1-3cf0-c35337ba97d2,ok,0,0,450,26.277,43,210,405,439,292
160,77817.389418655,77817.391451589,,4,GPU-127e16de-2b5f-dde9-1932-b4e29bb818c0,ok,0,0,450,24.17,37,210,405,537,292
161,77818.389418655,77818.390310267,,0,GPU-9b96eb67-aeee-89d5-aa85-fc650af4e25c,ok,0,0,450,27.292,39,210,405,439,292
161,77818.389418655,77818.390101197,,1,GPU-37ffc98b-8551-c8a1-5f3c-27ade9ae735a,ok,0,0,450,15.627,36,210,405,439,292
161,77818.389418655,77818.390912457,,2,GPU-5443d59d-561f-ed1e-da42-1975937205f9,ok,0,0,450,27.336,41,210,405,439,292
161,77818.389418655,77818.390276437,,3,GPU-46bf67bb-cb31-bee1-3cf0-c35337ba97d2,ok,0,0,450,26.463,43,210,405,439,292
161,77818.389418655,77818.390892967,,4,GPU-127e16de-2b5f-dde9-1932-b4e29bb818c0,ok,0,0,450,23.972,37,210,405,537,341
162,77819.389418655,77819.390326035,,0,GPU-9b96eb67-aeee-89d5-aa85-fc650af4e25c,ok,0,0,450,27.291,39,210,405,439,292
162,77819.389418655,77819.390289495,,1,GPU-37ffc98b-8551-c8a1-5f3c-27ade9ae735a,ok,0,0,450,15.58,36,210,405,439,292
162,77819.389418655,77819.390395015,,2,GPU-5443d59d-561f-ed1e-da42-1975937205f9,ok,0,0,450,27.351,41,210,405,439,292
162,77819.389418655,77819.390418285,,3,GPU-46bf67bb-cb31-bee1-3cf0-c35337ba97d2,ok,0,0,450,26.373,43,210,405,439,292
162,77819.389418655,77819.390182235,,4,GPU-127e16de-2b5f-dde9-1932-b4e29bb818c0,ok,0,0,450,23.968,38,210,405,488,341
163,77820.389418655,77820.390346123,,0,GPU-9b96eb67-aeee-89d5-aa85-fc650af4e25c,ok,0,0,450,27.095,39,210,405,439,292
163,77820.389418655,77820.391368074,,1,GPU-37ffc98b-8551-c8a1-5f3c-27ade9ae735a,ok,0,0,450,15.529,36,210,405,439,292
163,77820.389418655,77820.390370263,,2,GPU-5443d59d-561f-ed1e-da42-1975937205f9,ok,0,0,450,27.311,41,210,405,390,292
163,77820.389418655,77820.390129433,,3,GPU-46bf67bb-cb31-bee1-3cf0-c35337ba97d2,ok,0,0,450,26.301,43,210,405,439,341
163,77820.389418655,77820.390183113,,4,GPU-127e16de-2b5f-dde9-1932-b4e29bb818c0,ok,0,0,450,24.073,38,210,405,537,292
164,77821.389418655,77821.390425711,,0,GPU-9b96eb67-aeee-89d5-aa85-fc650af4e25c,ok,0,0,450,27.145,39,210,405,439,292
164,77821.389418655,77821.390357521,,1,GPU-37ffc98b-8551-c8a1-5f3c-27ade9ae735a,ok,0,0,450,15.685,36,210,405,439,341
164,77821.389418655,77821.390372981,,2,GPU-5443d59d-561f-ed1e-da42-1975937205f9,ok,0,0,450,27.393,41,210,405,390,292
164,77821.389418655,77821.390134061,,3,GPU-46bf67bb-cb31-bee1-3cf0-c35337ba97d2,ok,0,0,450,26.363,43,210,405,439,341
164,77821.389418655,77821.390864411,,4,GPU-127e16de-2b5f-dde9-1932-b4e29bb818c0,ok,0,0,450,24.029,38,210,405,537,292
165,77822.389418655,77822.390249949,,0,GPU-9b96eb67-aeee-89d5-aa85-fc650af4e25c,ok,0,0,450,27.381,39,210,405,390,292
165,77822.389418655,77822.390157939,,1,GPU-37ffc98b-8551-c8a1-5f3c-27ade9ae735a,ok,0,0,450,15.627,36,210,405,439,292
165,77822.389418655,77822.390376279,,2,GPU-5443d59d-561f-ed1e-da42-1975937205f9,ok,0,0,450,27.484,41,210,405,390,292
165,77822.389418655,77822.390341019,,3,GPU-46bf67bb-cb31-bee1-3cf0-c35337ba97d2,ok,0,0,450,26.192,43,210,405,390,341
165,77822.389418655,77822.39146596,,4,GPU-127e16de-2b5f-dde9-1932-b4e29bb818c0,ok,0,0,450,24.07,38,210,405,488,292
166,77823.389418655,77823.390281137,,0,GPU-9b96eb67-aeee-89d5-aa85-fc650af4e25c,ok,0,0,450,27.318,39,210,405,439,341
166,77823.389418655,77823.390334607,,1,GPU-37ffc98b-8551-c8a1-5f3c-27ade9ae735a,ok,0,0,450,15.586,36,210,405,439,292
166,77823.389418655,77823.390428887,,2,GPU-5443d59d-561f-ed1e-da42-1975937205f9,ok,0,0,450,27.345,41,210,405,439,341
166,77823.389418655,77823.392220608,,3,GPU-46bf67bb-cb31-bee1-3cf0-c35337ba97d2,ok,0,0,450,26.189,43,210,405,439,341
166,77823.389418655,77823.390298467,,4,GPU-127e16de-2b5f-dde9-1932-b4e29bb818c0,ok,0,0,450,24.218,37,210,405,537,292
167,77824.389418655,77824.390591015,,0,GPU-9b96eb67-aeee-89d5-aa85-fc650af4e25c,ok,0,0,450,27.276,39,210,405,439,292
167,77824.389418655,77824.390225825,,1,GPU-37ffc98b-8551-c8a1-5f3c-27ade9ae735a,ok,0,0,450,15.699,36,210,405,439,292
167,77824.389418655,77824.390157445,,2,GPU-5443d59d-561f-ed1e-da42-1975937205f9,ok,0,0,450,27.38,41,210,405,488,341
167,77824.389418655,77824.391237726,,3,GPU-46bf67bb-cb31-bee1-3cf0-c35337ba97d2,ok,0,0,450,26.342,44,210,405,390,292
167,77824.389418655,77824.389993005,,4,GPU-127e16de-2b5f-dde9-1932-b4e29bb818c0,ok,0,0,450,24.018,37,210,405,537,292
168,77825.389418655,77825.390472543,,0,GPU-9b96eb67-aeee-89d5-aa85-fc650af4e25c,ok,0,0,450,27.337,39,210,405,439,292
168,77825.389418655,77825.390280963,,1,GPU-37ffc98b-8551-c8a1-5f3c-27ade9ae735a,ok,0,0,450,15.639,36,210,405,439,341
168,77825.389418655,77825.390441013,,2,GPU-5443d59d-561f-ed1e-da42-1975937205f9,ok,0,0,450,27.312,41,210,405,439,341
168,77825.389418655,77825.390244313,,3,GPU-46bf67bb-cb31-bee1-3cf0-c35337ba97d2,ok,0,0,450,26.146,44,210,405,439,292
168,77825.389418655,77825.390401783,,4,GPU-127e16de-2b5f-dde9-1932-b4e29bb818c0,ok,0,0,450,23.922,37,210,405,537,292
169,77826.389418655,77826.390830021,,0,GPU-9b96eb67-aeee-89d5-aa85-fc650af4e25c,ok,0,0,450,27.18,39,210,405,439,292
169,77826.389418655,77826.390713201,,1,GPU-37ffc98b-8551-c8a1-5f3c-27ade9ae735a,ok,0,0,450,15.716,36,210,405,439,292
169,77826.389418655,77826.390862391,,2,GPU-5443d59d-561f-ed1e-da42-1975937205f9,ok,0,0,450,27.236,41,210,405,439,292
169,77826.389418655,77826.390663781,,3,GPU-46bf67bb-cb31-bee1-3cf0-c35337ba97d2,ok,0,0,450,26.07,44,210,405,439,292
169,77826.389418655,77826.389873661,,4,GPU-127e16de-2b5f-dde9-1932-b4e29bb818c0,ok,0,0,450,24.049,38,210,405,537,292
170,77827.389418655,77827.390403729,,0,GPU-9b96eb67-aeee-89d5-aa85-fc650af4e25c,ok,0,0,450,27.237,39,210,405,439,292
170,77827.389418655,77827.390479689,,1,GPU-37ffc98b-8551-c8a1-5f3c-27ade9ae735a,ok,0,0,450,15.853,36,210,405,439,341
170,77827.389418655,77827.390337559,,2,GPU-5443d59d-561f-ed1e-da42-1975937205f9,ok,0,0,450,27.374,41,210,405,439,292
170,77827.389418655,77827.390433349,,3,GPU-46bf67bb-cb31-bee1-3cf0-c35337ba97d2,ok,0,0,450,26.278,44,210,405,439,292
170,77827.389418655,77827.390260879,,4,GPU-127e16de-2b5f-dde9-1932-b4e29bb818c0,ok,0,0,450,24.043,38,210,405,537,292
171,77828.389418655,77828.390260897,,0,GPU-9b96eb67-aeee-89d5-aa85-fc650af4e25c,ok,0,0,450,27.335,39,210,405,390,292
171,77828.389418655,77828.390034437,,1,GPU-37ffc98b-8551-c8a1-5f3c-27ade9ae735a,ok,0,0,450,15.759,36,210,405,390,292
171,77828.389418655,77828.390287767,,2,GPU-5443d59d-561f-ed1e-da42-1975937205f9,ok,0,0,450,27.27,41,210,405,439,292
171,77828.389418655,77828.390324237,,3,GPU-46bf67bb-cb31-bee1-3cf0-c35337ba97d2,ok,0,0,450,26.15,44,210,405,439,292
171,77828.389418655,77828.390346537,,4,GPU-127e16de-2b5f-dde9-1932-b4e29bb818c0,ok,0,0,450,24.147,38,210,405,537,341
172,77829.389418655,77829.390379615,,0,GPU-9b96eb67-aeee-89d5-aa85-fc650af4e25c,ok,0,0,450,27.184,39,210,405,390,341
172,77829.389418655,77829.390491705,,1,GPU-37ffc98b-8551-c8a1-5f3c-27ade9ae735a,ok,0,0,450,15.854,36,210,405,439,292
172,77829.389418655,77829.390168875,,2,GPU-5443d59d-561f-ed1e-da42-1975937205f9,ok,0,0,450,27.261,41,210,405,390,292
172,77829.389418655,77829.390451415,,3,GPU-46bf67bb-cb31-bee1-3cf0-c35337ba97d2,ok,0,0,450,26.101,44,210,405,439,341
172,77829.389418655,77829.390895136,,4,GPU-127e16de-2b5f-dde9-1932-b4e29bb818c0,ok,0,0,450,24.203,37,210,405,537,341
173,77830.389418655,77830.390474823,,0,GPU-9b96eb67-aeee-89d5-aa85-fc650af4e25c,ok,0,0,450,27.215,39,210,405,439,341
173,77830.389418655,77830.390404783,,1,GPU-37ffc98b-8551-c8a1-5f3c-27ade9ae735a,ok,0,0,450,16.024,36,210,405,439,292
173,77830.389418655,77830.390506833,,2,GPU-5443d59d-561f-ed1e-da42-1975937205f9,ok,0,0,450,27.425,41,210,405,439,292
173,77830.389418655,77830.390221353,,3,GPU-46bf67bb-cb31-bee1-3cf0-c35337ba97d2,ok,0,0,450,26.287,44,210,405,439,292
173,77830.389418655,77830.390447943,,4,GPU-127e16de-2b5f-dde9-1932-b4e29bb818c0,ok,0,0,450,24.225,37,210,405,488,341
174,77831.389418655,77831.390247441,,0,GPU-9b96eb67-aeee-89d5-aa85-fc650af4e25c,ok,0,0,450,27.139,39,210,405,439,292
174,77831.389418655,77831.390328371,,1,GPU-37ffc98b-8551-c8a1-5f3c-27ade9ae735a,ok,0,0,450,15.743,36,210,405,439,292
174,77831.389418655,77831.390122861,,2,GPU-5443d59d-561f-ed1e-da42-1975937205f9,ok,0,0,450,27.363,41,210,405,439,292
174,77831.389418655,77831.392061292,,3,GPU-46bf67bb-cb31-bee1-3cf0-c35337ba97d2,ok,0,0,450,26.144,44,210,405,439,292
174,77831.389418655,77831.390140521,,4,GPU-127e16de-2b5f-dde9-1932-b4e29bb818c0,ok,0,0,450,24.436,38,210,405,537,341
175,77832.389418655,77832.390344989,,0,GPU-9b96eb67-aeee-89d5-aa85-fc650af4e25c,ok,0,0,450,27.027,39,210,405,439,292
175,77832.389418655,77832.390159279,,1,GPU-37ffc98b-8551-c8a1-5f3c-27ade9ae735a,ok,0,0,450,15.728,36,210,405,439,292
175,77832.389418655,77832.390304719,,2,GPU-5443d59d-561f-ed1e-da42-1975937205f9,ok,0,0,450,27.283,41,210,405,439,292
175,77832.389418655,77832.39090786,,3,GPU-46bf67bb-cb31-bee1-3cf0-c35337ba97d2,ok,0,0,450,26.129,44,210,405,439,341
175,77832.389418655,77832.390369409,,4,GPU-127e16de-2b5f-dde9-1932-b4e29bb818c0,ok,0,0,450,24.49,38,210,405,537,292
176,77833.389418655,77833.390865248,,0,GPU-9b96eb67-aeee-89d5-aa85-fc650af4e25c,ok,0,0,450,27.223,39,210,405,439,292
176,77833.389418655,77833.389921157,,1,GPU-37ffc98b-8551-c8a1-5f3c-27ade9ae735a,ok,0,0,450,16.001,36,210,405,439,341
176,77833.389418655,77833.390716188,,2,GPU-5443d59d-561f-ed1e-da42-1975937205f9,ok,0,0,450,27.367,41,210,405,439,292
176,77833.389418655,77833.390893688,,3,GPU-46bf67bb-cb31-bee1-3cf0-c35337ba97d2,ok,0,0,450,26.279,44,210,405,439,341
176,77833.389418655,77833.390922158,,4,GPU-127e16de-2b5f-dde9-1932-b4e29bb818c0,ok,0,0,450,24.197,38,210,405,537,292
177,77834.389418655,77834.390369086,,0,GPU-9b96eb67-aeee-89d5-aa85-fc650af4e25c,ok,0,0,450,27.179,39,210,405,439,292
177,77834.389418655,77834.390394346,,1,GPU-37ffc98b-8551-c8a1-5f3c-27ade9ae735a,ok,0,0,450,15.87,36,210,405,439,341
177,77834.389418655,77834.390165915,,2,GPU-5443d59d-561f-ed1e-da42-1975937205f9,ok,0,0,450,27.308,41,210,405,439,292
177,77834.389418655,77834.390227665,,3,GPU-46bf67bb-cb31-bee1-3cf0-c35337ba97d2,ok,0,0,450,26.107,44,210,405,439,341
177,77834.389418655,77834.390898956,,4,GPU-127e16de-2b5f-dde9-1932-b4e29bb818c0,ok,0,0,450,24.07,38,210,405,537,292
178,77835.389418655,77835.390771384,,0,GPU-9b96eb67-aeee-89d5-aa85-fc650af4e25c,ok,0,0,450,27.032,39,210,405,439,292
178,77835.389418655,77835.390227324,,1,GPU-37ffc98b-8551-c8a1-5f3c-27ade9ae735a,ok,0,0,450,15.787,36,210,405,439,292
178,77835.389418655,77835.390265904,,2,GPU-5443d59d-561f-ed1e-da42-1975937205f9,ok,0,0,450,27.319,41,210,405,439,341
178,77835.389418655,77835.390815434,,3,GPU-46bf67bb-cb31-bee1-3cf0-c35337ba97d2,ok,0,0,450,26.104,44,210,405,439,341
178,77835.389418655,77835.390032683,,4,GPU-127e16de-2b5f-dde9-1932-b4e29bb818c0,ok,0,0,450,24.232,37,210,405,537,292
179,77836.389418655,77836.390817572,,0,GPU-9b96eb67-aeee-89d5-aa85-fc650af4e25c,ok,0,0,450,27.084,39,210,405,439,292
179,77836.389418655,77836.390643352,,1,GPU-37ffc98b-8551-c8a1-5f3c-27ade9ae735a,ok,0,0,450,15.851,36,210,405,439,292
179,77836.389418655,77836.390914512,,2,GPU-5443d59d-561f-ed1e-da42-1975937205f9,ok,0,0,450,27.44,41,210,405,439,341
179,77836.389418655,77836.390866142,,3,GPU-46bf67bb-cb31-bee1-3cf0-c35337ba97d2,ok,0,0,450,26.269,44,210,405,439,341
179,77836.389418655,77836.389930551,,4,GPU-127e16de-2b5f-dde9-1932-b4e29bb818c0,ok,0,0,450,24.194,37,210,405,488,292
180,77837.389418655,77837.39013425,,0,GPU-9b96eb67-aeee-89d5-aa85-fc650af4e25c,ok,0,0,450,27.011,39,210,405,439,341
180,77837.389418655,77837.39006263,,1,GPU-37ffc98b-8551-c8a1-5f3c-27ade9ae735a,ok,0,0,450,15.649,36,210,405,439,292
180,77837.389418655,77837.39018173,,2,GPU-5443d59d-561f-ed1e-da42-1975937205f9,ok,0,0,450,27.241,41,210,405,439,292
180,77837.389418655,77837.39177114,,3,GPU-46bf67bb-cb31-bee1-3cf0-c35337ba97d2,ok,0,0,450,26.119,44,210,405,439,292
180,77837.389418655,77837.39122748,,4,GPU-127e16de-2b5f-dde9-1932-b4e29bb818c0,ok,0,0,450,24.155,37,210,405,537,292
181,77838.389418655,77838.390253078,,0,GPU-9b96eb67-aeee-89d5-aa85-fc650af4e25c,ok,0,0,450,27.049,39,210,405,439,341
181,77838.389418655,77838.391990478,,1,GPU-37ffc98b-8551-c8a1-5f3c-27ade9ae735a,ok,0,0,450,15.561,35,210,405,439,292
181,77838.389418655,77838.390210068,,2,GPU-5443d59d-561f-ed1e-da42-1975937205f9,ok,0,0,450,27.218,41,210,405,439,292
181,77838.389418655,77838.390725108,,3,GPU-46bf67bb-cb31-bee1-3cf0-c35337ba97d2,ok,0,0,450,26.081,44,210,405,439,292
181,77838.389418655,77838.390005638,,4,GPU-127e16de-2b5f-dde9-1932-b4e29bb818c0,ok,0,0,450,24.214,38,210,405,537,292
182,77839.389418655,77839.390319366,,0,GPU-9b96eb67-aeee-89d5-aa85-fc650af4e25c,ok,0,0,450,27.342,39,210,405,390,292
182,77839.389418655,77839.391513126,,1,GPU-37ffc98b-8551-c8a1-5f3c-27ade9ae735a,ok,0,0,450,15.665,35,210,405,390,292
182,77839.389418655,77839.390162846,,2,GPU-5443d59d-561f-ed1e-da42-1975937205f9,ok,0,0,450,27.439,41,210,405,439,292
182,77839.389418655,77839.390371376,,3,GPU-46bf67bb-cb31-bee1-3cf0-c35337ba97d2,ok,0,0,450,26.218,44,210,405,390,341
182,77839.389418655,77839.390184096,,4,GPU-127e16de-2b5f-dde9-1932-b4e29bb818c0,ok,0,0,450,24.102,38,210,405,488,292
183,77840.389418655,77840.390424724,,0,GPU-9b96eb67-aeee-89d5-aa85-fc650af4e25c,ok,0,0,450,27.413,39,210,405,439,292
183,77840.389418655,77840.390299024,,1,GPU-37ffc98b-8551-c8a1-5f3c-27ade9ae735a,ok,0,0,450,15.697,35,210,405,390,292
183,77840.389418655,77840.390504704,,2,GPU-5443d59d-561f-ed1e-da42-1975937205f9,ok,0,0,450,27.328,41,210,405,390,292
183,77840.389418655,77840.390473064,,3,GPU-46bf67bb-cb31-bee1-3cf0-c35337ba97d2,ok,0,0,450,26.092,44,210,405,439,341
183,77840.389418655,77840.390253924,,4,GPU-127e16de-2b5f-dde9-1932-b4e29bb818c0,ok,0,0,450,24.114,37,210,405,537,341
184,77841.389418655,77841.390148492,,0,GPU-9b96eb67-aeee-89d5-aa85-fc650af4e25c,ok,0,0,450,27.438,39,210,405,390,292
184,77841.389418655,77841.390262352,,1,GPU-37ffc98b-8551-c8a1-5f3c-27ade9ae735a,ok,0,0,450,15.73,35,210,405,439,292
184,77841.389418655,77841.390411522,,2,GPU-5443d59d-561f-ed1e-da42-1975937205f9,ok,0,0,450,27.261,41,210,405,390,292
184,77841.389418655,77841.392092532,,3,GPU-46bf67bb-cb31-bee1-3cf0-c35337ba97d2,ok,0,0,450,26.139,44,210,405,439,341
184,77841.389418655,77841.390344872,,4,GPU-127e16de-2b5f-dde9-1932-b4e29bb818c0,ok,0,0,450,24.195,37,210,405,488,292
185,77842.389418655,77842.39033955,,0,GPU-9b96eb67-aeee-89d5-aa85-fc650af4e25c,ok,0,0,450,27.565,39,210,405,439,292
185,77842.389418655,77842.39029639,,1,GPU-37ffc98b-8551-c8a1-5f3c-27ade9ae735a,ok,0,0,450,15.749,35,210,405,439,292
185,77842.389418655,77842.390389,,2,GPU-5443d59d-561f-ed1e-da42-1975937205f9,ok,0,0,450,27.398,41,210,405,390,341
185,77842.389418655,77842.39036071,,3,GPU-46bf67bb-cb31-bee1-3cf0-c35337ba97d2,ok,0,0,450,26.283,44,210,405,390,341
185,77842.389418655,77842.39028321,,4,GPU-127e16de-2b5f-dde9-1932-b4e29bb818c0,ok,0,0,450,24.012,37,210,405,537,292
186,77843.389418655,77843.391610148,,0,GPU-9b96eb67-aeee-89d5-aa85-fc650af4e25c,ok,0,0,450,27.427,39,210,405,439,292
186,77843.389418655,77843.390420768,,1,GPU-37ffc98b-8551-c8a1-5f3c-27ade9ae735a,ok,0,0,450,15.552,35,210,405,439,292
186,77843.389418655,77843.390242138,,2,GPU-5443d59d-561f-ed1e-da42-1975937205f9,ok,0,0,450,27.301,41,210,405,439,341
186,77843.389418655,77843.390409768,,3,GPU-46bf67bb-cb31-bee1-3cf0-c35337ba97d2,ok,0,0,450,26.066,44,210,405,439,292
186,77843.389418655,77843.390260348,,4,GPU-127e16de-2b5f-dde9-1932-b4e29bb818c0,ok,0,0,450,24.121,37,210,405,488,292
187,77844.389418655,77844.390115496,,0,GPU-9b96eb67-aeee-89d5-aa85-fc650af4e25c,ok,0,0,450,27.353,39,210,405,439,292
187,77844.389418655,77844.390882926,,1,GPU-37ffc98b-8551-c8a1-5f3c-27ade9ae735a,ok,0,0,450,15.447,35,210,405,390,292
187,77844.389418655,77844.390260816,,2,GPU-5443d59d-561f-ed1e-da42-1975937205f9,ok,0,0,450,27.337,41,210,405,439,341
187,77844.389418655,77844.390854716,,3,GPU-46bf67bb-cb31-bee1-3cf0-c35337ba97d2,ok,0,0,450,26.074,44,210,405,439,292
187,77844.389418655,77844.390242206,,4,GPU-127e16de-2b5f-dde9-1932-b4e29bb818c0,ok,0,0,450,24.131,37,210,405,537,292
188,77845.389418655,77845.390139284,,0,GPU-9b96eb67-aeee-89d5-aa85-fc650af4e25c,ok,0,0,450,27.447,39,210,405,439,292
188,77845.389418655,77845.390349844,,1,GPU-37ffc98b-8551-c8a1-5f3c-27ade9ae735a,ok,0,0,450,15.598,35,210,405,390,341
188,77845.389418655,77845.390842044,,2,GPU-5443d59d-561f-ed1e-da42-1975937205f9,ok,0,0,450,27.538,41,210,405,439,341
188,77845.389418655,77845.390475884,,3,GPU-46bf67bb-cb31-bee1-3cf0-c35337ba97d2,ok,0,0,450,26.258,44,210,405,439,292
188,77845.389418655,77845.390502884,,4,GPU-127e16de-2b5f-dde9-1932-b4e29bb818c0,ok,0,0,450,23.856,37,210,405,537,292
189,77846.389418655,77846.390316212,,0,GPU-9b96eb67-aeee-89d5-aa85-fc650af4e25c,ok,0,0,450,27.301,39,210,405,439,292
189,77846.389418655,77846.390253282,,1,GPU-37ffc98b-8551-c8a1-5f3c-27ade9ae735a,ok,0,0,450,15.629,35,210,405,439,292
189,77846.389418655,77846.390357522,,2,GPU-5443d59d-561f-ed1e-da42-1975937205f9,ok,0,0,450,27.405,41,210,405,439,341
189,77846.389418655,77846.390300072,,3,GPU-46bf67bb-cb31-bee1-3cf0-c35337ba97d2,ok,0,0,450,26.144,44,210,405,439,292
189,77846.389418655,77846.390382842,,4,GPU-127e16de-2b5f-dde9-1932-b4e29bb818c0,ok,0,0,450,23.881,37,210,405,537,341
190,77847.389418655,77847.3908584,,0,GPU-9b96eb67-aeee-89d5-aa85-fc650af4e25c,ok,0,0,450,27.143,39,210,405,390,292
190,77847.389418655,77847.39034867,,1,GPU-37ffc98b-8551-c8a1-5f3c-27ade9ae735a,ok,0,0,450,15.702,35,210,405,439,341
190,77847.389418655,77847.39013306,,2,GPU-5443d59d-561f-ed1e-da42-1975937205f9,ok,0,0,450,27.324,41,210,405,390,341
190,77847.389418655,77847.39038307,,3,GPU-46bf67bb-cb31-bee1-3cf0-c35337ba97d2,ok,0,0,450,26.203,44,210,405,439,292
190,77847.389418655,77847.3902956,,4,GPU-127e16de-2b5f-dde9-1932-b4e29bb818c0,ok,0,0,450,23.947,37,210,405,537,341
191,77848.389418655,77848.390300378,,0,GPU-9b96eb67-aeee-89d5-aa85-fc650af4e25c,ok,0,0,450,27.218,39,210,405,390,341
191,77848.389418655,77848.392769729,,1,GPU-37ffc98b-8551-c8a1-5f3c-27ade9ae735a,ok,0,0,450,15.792,35,210,405,439,341
191,77848.389418655,77848.390374398,,2,GPU-5443d59d-561f-ed1e-da42-1975937205f9,ok,0,0,450,27.377,41,210,405,439,292
191,77848.389418655,77848.390205058,,3,GPU-46bf67bb-cb31-bee1-3cf0-c35337ba97d2,ok,0,0,450,26.346,44,210,405,439,292
191,77848.389418655,77848.390116698,,4,GPU-127e16de-2b5f-dde9-1932-b4e29bb818c0,ok,0,0,450,23.882,37,210,405,537,341
192,77849.389418655,77849.390330396,,0,GPU-9b96eb67-aeee-89d5-aa85-fc650af4e25c,ok,0,0,450,27.117,39,210,405,390,341
192,77849.389418655,77849.390369026,,1,GPU-37ffc98b-8551-c8a1-5f3c-27ade9ae735a,ok,0,0,450,15.603,35,210,405,439,341
192,77849.389418655,77849.390242226,,2,GPU-5443d59d-561f-ed1e-da42-1975937205f9,ok,0,0,450,27.322,41,210,405,439,292
192,77849.389418655,77849.391413816,,3,GPU-46bf67bb-cb31-bee1-3cf0-c35337ba97d2,ok,0,0,450,26.187,44,210,405,439,292
192,77849.389418655,77849.390064636,,4,GPU-127e16de-2b5f-dde9-1932-b4e29bb818c0,ok,0,0,450,23.925,37,210,405,537,341
193,77850.389418655,77850.390226484,,0,GPU-9b96eb67-aeee-89d5-aa85-fc650af4e25c,ok,0,0,450,27.135,39,210,405,439,341
193,77850.389418655,77850.390354884,,1,GPU-37ffc98b-8551-c8a1-5f3c-27ade9ae735a,ok,0,0,450,15.528,35,210,405,439,292
193,77850.389418655,77850.390484934,,2,GPU-5443d59d-561f-ed1e-da42-1975937205f9,ok,0,0,450,27.414,41,210,405,439,292
193,77850.389418655,77850.390396004,,3,GPU-46bf67bb-cb31-bee1-3cf0-c35337ba97d2,ok,0,0,450,26.286,44,210,405,439,292
193,77850.389418655,77850.390421484,,4,GPU-127e16de-2b5f-dde9-1932-b4e29bb818c0,ok,0,0,450,23.986,37,210,405,537,341
194,77851.389418655,77851.390304102,,0,GPU-9b96eb67-aeee-89d5-aa85-fc650af4e25c,ok,0,0,450,27.276,39,210,405,439,292
194,77851.389418655,77851.390817832,,1,GPU-37ffc98b-8551-c8a1-5f3c-27ade9ae735a,ok,0,0,450,15.684,35,210,405,439,292
194,77851.389418655,77851.390238122,,2,GPU-5443d59d-561f-ed1e-da42-1975937205f9,ok,0,0,450,27.53,41,210,405,439,292
194,77851.389418655,77851.390880922,,3,GPU-46bf67bb-cb31-bee1-3cf0-c35337ba97d2,ok,0,0,450,26.491,44,210,405,439,292
194,77851.389418655,77851.390073652,,4,GPU-127e16de-2b5f-dde9-1932-b4e29bb818c0,ok,0,0,450,23.947,37,210,405,488,292
195,77852.389418655,77852.39062577,,0,GPU-9b96eb67-aeee-89d5-aa85-fc650af4e25c,ok,0,0,450,27.088,39,210,405,439,292
195,77852.389418655,77852.39132173,,1,GPU-37ffc98b-8551-c8a1-5f3c-27ade9ae735a,ok,0,0,450,15.608,35,210,405,439,292
195,77852.389418655,77852.39006813,,2,GPU-5443d59d-561f-ed1e-da42-1975937205f9,ok,0,0,450,27.374,41,210,405,439,292
195,77852.389418655,77852.39127348,,3,GPU-46bf67bb-cb31-bee1-3cf0-c35337ba97d2,ok,0,0,450,26.293,44,210,405,439,292
195,77852.389418655,77852.38991279,,4,GPU-127e16de-2b5f-dde9-1932-b4e29bb818c0,ok,0,0,450,24.039,37,210,405,488,292
196,77853.389418655,77853.390756628,,0,GPU-9b96eb67-aeee-89d5-aa85-fc650af4e25c,ok,0,0,450,27.169,39,210,405,439,292
196,77853.389418655,77853.390240038,,1,GPU-37ffc98b-8551-c8a1-5f3c-27ade9ae735a,ok,0,0,450,15.54,35,210,405,439,292
196,77853.389418655,77853.390256218,,2,GPU-5443d59d-561f-ed1e-da42-1975937205f9,ok,0,0,450,27.244,41,210,405,439,292
196,77853.389418655,77853.390287188,,3,GPU-46bf67bb-cb31-bee1-3cf0-c35337ba97d2,ok,0,0,450,26.292,44,210,405,439,292
196,77853.389418655,77853.390038948,,4,GPU-127e16de-2b5f-dde9-1932-b4e29bb818c0,ok,0,0,450,23.973,37,210,405,488,292
197,77854.389418655,77854.390003106,,0,GPU-9b96eb67-aeee-89d5-aa85-fc650af4e25c,ok,0,0,450,27.389,39,210,405,439,292
197,77854.389418655,77854.390716296,,1,GPU-37ffc98b-8551-c8a1-5f3c-27ade9ae735a,ok,0,0,450,15.665,35,210,405,390,292
197,77854.389418655,77854.390159586,,2,GPU-5443d59d-561f-ed1e-da42-1975937205f9,ok,0,0,450,27.232,41,210,405,439,341
197,77854.389418655,77854.390122606,,3,GPU-46bf67bb-cb31-bee1-3cf0-c35337ba97d2,ok,0,0,450,26.489,44,210,405,439,341
197,77854.389418655,77854.391856736,,4,GPU-127e16de-2b5f-dde9-1932-b4e29bb818c0,ok,0,0,450,23.926,37,210,405,537,292
198,77855.389418655,77855.390370074,,0,GPU-9b96eb67-aeee-89d5-aa85-fc650af4e25c,ok,0,0,450,27.242,39,210,405,439,292
198,77855.389418655,77855.392742085,,1,GPU-37ffc98b-8551-c8a1-5f3c-27ade9ae735a,ok,0,0,450,15.663,35,210,405,439,292
198,77855.389418655,77855.390342074,,2,GPU-5443d59d-561f-ed1e-da42-1975937205f9,ok,0,0,450,27.176,41,210,405,439,341
198,77855.389418655,77855.390268744,,3,GPU-46bf67bb-cb31-bee1-3cf0-c35337ba97d2,ok,0,0,450,26.305,44,210,405,439,341
198,77855.389418655,77855.390171544,,4,GPU-127e16de-2b5f-dde9-1932-b4e29bb818c0,ok,0,0,450,24.125,37,210,405,488,341
199,77856.389418655,77856.390044842,,0,GPU-9b96eb67-aeee-89d5-aa85-fc650af4e25c,ok,0,0,450,27.27,39,210,405,439,292
199,77856.389418655,77856.390332892,,1,GPU-37ffc98b-8551-c8a1-5f3c-27ade9ae735a,ok,0,0,450,15.747,35,210,405,439,341
199,77856.389418655,77856.390782752,,2,GPU-5443d59d-561f-ed1e-da42-1975937205f9,ok,0,0,450,27.28,41,210,405,439,341
199,77856.389418655,77856.390369752,,3,GPU-46bf67bb-cb31-bee1-3cf0-c35337ba97d2,ok,0,0,450,26.279,44,210,405,439,341
199,77856.389418655,77856.390401172,,4,GPU-127e16de-2b5f-dde9-1932-b4e29bb818c0,ok,0,0,450,24.134,37,210,405,537,292
200,77857.389418655,77857.39041156,,0,GPU-9b96eb67-aeee-89d5-aa85-fc650af4e25c,ok,0,0,450,27.416,39,210,405,390,292
200,77857.389418655,77857.39029854,,1,GPU-37ffc98b-8551-c8a1-5f3c-27ade9ae735a,ok,0,0,450,15.816,35,210,405,439,341
200,77857.389418655,77857.39035924,,2,GPU-5443d59d-561f-ed1e-da42-1975937205f9,ok,0,0,450,27.415,41,210,405,390,292
200,77857.389418655,77857.39046419,,3,GPU-46bf67bb-cb31-bee1-3cf0-c35337ba97d2,ok,0,0,450,26.219,44,210,405,439,341
200,77857.389418655,77857.39032575,,4,GPU-127e16de-2b5f-dde9-1932-b4e29bb818c0,ok,0,0,450,24.069,37,210,405,488,292
201,77858.389418655,77858.390238938,,0,GPU-9b96eb67-aeee-89d5-aa85-fc650af4e25c,ok,0,0,450,27.262,39,210,405,439,292
201,77858.389418655,77858.390043758,,1,GPU-37ffc98b-8551-c8a1-5f3c-27ade9ae735a,ok,0,0,450,15.809,35,210,405,439,341
201,77858.389418655,77858.390277398,,2,GPU-5443d59d-561f-ed1e-da42-1975937205f9,ok,0,0,450,27.35,41,210,405,439,341
201,77858.389418655,77858.390756008,,3,GPU-46bf67bb-cb31-bee1-3cf0-c35337ba97d2,ok,0,0,450,26.217,44,210,405,439,341
201,77858.389418655,77858.390299438,,4,GPU-127e16de-2b5f-dde9-1932-b4e29bb818c0,ok,0,0,450,24.088,37,210,405,537,292
202,77859.389418655,77859.390908246,,0,GPU-9b96eb67-aeee-89d5-aa85-fc650af4e25c,ok,0,0,450,27.262,39,210,405,439,292
202,77859.389418655,77859.390130056,,1,GPU-37ffc98b-8551-c8a1-5f3c-27ade9ae735a,ok,0,0,450,15.902,35,210,405,390,341
202,77859.389418655,77859.390263696,,2,GPU-5443d59d-561f-ed1e-da42-1975937205f9,ok,0,0,450,27.375,41,210,405,439,292
202,77859.389418655,77859.391507266,,3,GPU-46bf67bb-cb31-bee1-3cf0-c35337ba97d2,ok,0,0,450,26.4,44,210,405,390,341
202,77859.389418655,77859.390845426,,4,GPU-127e16de-2b5f-dde9-1932-b4e29bb818c0,ok,0,0,450,24.052,37,210,405,488,292
203,77860.389418655,77860.392019485,,0,GPU-9b96eb67-aeee-89d5-aa85-fc650af4e25c,ok,0,0,450,27.292,39,210,405,439,341
203,77860.389418655,77860.390393734,,1,GPU-37ffc98b-8551-c8a1-5f3c-27ade9ae735a,ok,0,0,450,15.782,35,210,405,439,341
203,77860.389418655,77860.390233194,,2,GPU-5443d59d-561f-ed1e-da42-1975937205f9,ok,0,0,450,27.332,41,210,405,439,292
203,77860.389418655,77860.390268334,,3,GPU-46bf67bb-cb31-bee1-3cf0-c35337ba97d2,ok,0,0,450,26.205,44,210,405,439,341
203,77860.389418655,77860.390050424,,4,GPU-127e16de-2b5f-dde9-1932-b4e29bb818c0,ok,0,0,450,24.03,37,210,405,537,341
204,77861.389418655,77861.390370482,,0,GPU-9b96eb67-aeee-89d5-aa85-fc650af4e25c,ok,0,0,450,27.082,39,210,405,439,341
204,77861.389418655,77861.390262702,,1,GPU-37ffc98b-8551-c8a1-5f3c-27ade9ae735a,ok,0,0,450,15.797,35,210,405,439,341
204,77861.389418655,77861.390396042,,2,GPU-5443d59d-561f-ed1e-da42-1975937205f9,ok,0,0,450,27.341,41,210,405,439,292
204,77861.389418655,77861.390192852,,3,GPU-46bf67bb-cb31-bee1-3cf0-c35337ba97d2,ok,0,0,450,26.214,44,210,405,439,341
204,77861.389418655,77861.390310082,,4,GPU-127e16de-2b5f-dde9-1932-b4e29bb818c0,ok,0,0,450,24.127,37,210,405,488,341
205,77862.389418655,77862.39005803,,0,GPU-9b96eb67-aeee-89d5-aa85-fc650af4e25c,ok,0,0,450,27.03,39,210,405,439,341
205,77862.389418655,77862.39019382,,1,GPU-37ffc98b-8551-c8a1-5f3c-27ade9ae735a,ok,0,0,450,15.979,35,210,405,439,292
205,77862.389418655,77862.39030631,,2,GPU-5443d59d-561f-ed1e-da42-1975937205f9,ok,0,0,450,27.346,41,210,405,439,292
205,77862.389418655,77862.39139301,,3,GPU-46bf67bb-cb31-bee1-3cf0-c35337ba97d2,ok,0,0,450,26.34,44,210,405,439,341
205,77862.389418655,77862.39075026,,4,GPU-127e16de-2b5f-dde9-1932-b4e29bb818c0,ok,0,0,450,23.903,37,210,405,537,292
206,77863.389418655,77863.390206478,,0,GPU-9b96eb67-aeee-89d5-aa85-fc650af4e25c,ok,0,0,450,27.121,39,210,405,439,341
206,77863.389418655,77863.390451548,,1,GPU-37ffc98b-8551-c8a1-5f3c-27ade9ae735a,ok,0,0,450,15.717,35,210,405,439,292
206,77863.389418655,77863.390287418,,2,GPU-5443d59d-561f-ed1e-da42-1975937205f9,ok,0,0,450,27.277,41,210,405,439,292
206,77863.389418655,77863.390485348,,3,GPU-46bf67bb-cb31-bee1-3cf0-c35337ba97d2,ok,0,0,450,26.192,44,210,405,439,292
206,77863.389418655,77863.390510628,,4,GPU-127e16de-2b5f-dde9-1932-b4e29bb818c0,ok,0,0,450,23.839,37,210,405,537,292
207,77864.389418655,77864.390832756,,0,GPU-9b96eb67-aeee-89d5-aa85-fc650af4e25c,ok,0,0,450,27.03,39,210,405,390,292
207,77864.389418655,77864.390345986,,1,GPU-37ffc98b-8551-c8a1-5f3c-27ade9ae735a,ok,0,0,450,15.575,35,210,405,439,292
207,77864.389418655,77864.390800046,,2,GPU-5443d59d-561f-ed1e-da42-1975937205f9,ok,0,0,450,27.294,41,210,405,390,292
207,77864.389418655,77864.390333456,,3,GPU-46bf67bb-cb31-bee1-3cf0-c35337ba97d2,ok,0,0,450,26.22,44,210,405,439,292
207,77864.389418655,77864.390018786,,4,GPU-127e16de-2b5f-dde9-1932-b4e29bb818c0,ok,0,0,450,24.02,37,210,405,488,292
208,77865.389418655,77865.390209254,,0,GPU-9b96eb67-aeee-89d5-aa85-fc650af4e25c,ok,0,0,450,27.048,39,210,405,439,292
208,77865.389418655,77865.390324884,,1,GPU-37ffc98b-8551-c8a1-5f3c-27ade9ae735a,ok,0,0,450,15.738,35,210,405,390,292
208,77865.389418655,77865.390401364,,2,GPU-5443d59d-561f-ed1e-da42-1975937205f9,ok,0,0,450,27.42,41,210,405,390,292
208,77865.389418655,77865.390427224,,3,GPU-46bf67bb-cb31-bee1-3cf0-c35337ba97d2,ok,0,0,450,26.38,44,210,405,439,292
208,77865.389418655,77865.390291104,,4,GPU-127e16de-2b5f-dde9-1932-b4e29bb818c0,ok,0,0,450,23.903,37,210,405,537,292
209,77866.389418655,77866.390208982,,0,GPU-9b96eb67-aeee-89d5-aa85-fc650af4e25c,ok,0,0,450,27.16,39,210,405,439,292
209,77866.389418655,77866.390097922,,1,GPU-37ffc98b-8551-c8a1-5f3c-27ade9ae735a,ok,0,0,450,15.624,35,210,405,390,292
209,77866.389418655,77866.391355433,,2,GPU-5443d59d-561f-ed1e-da42-1975937205f9,ok,0,0,450,27.411,41,210,405,390,341
209,77866.389418655,77866.390710042,,3,GPU-46bf67bb-cb31-bee1-3cf0-c35337ba97d2,ok,0,0,450,26.269,44,210,405,390,292
209,77866.389418655,77866.389998792,,4,GPU-127e16de-2b5f-dde9-1932-b4e29bb818c0,ok,0,0,450,23.825,37,210,405,537,341
210,77867.389418655,77867.39048928,,0,GPU-9b96eb67-aeee-89d5-aa85-fc650af4e25c,ok,0,0,450,27.009,39,210,405,439,292
210,77867.389418655,77867.39017779,,1,GPU-37ffc98b-8551-c8a1-5f3c-27ade9ae735a,ok,0,0,450,15.706,35,210,405,439,292
210,77867.389418655,77867.39050668,,2,GPU-5443d59d-561f-ed1e-da42-1975937205f9,ok,0,0,450,27.488,41,210,405,439,292
210,77867.389418655,77867.39033856,,3,GPU-46bf67bb-cb31-bee1-3cf0-c35337ba97d2,ok,0,0,450,26.305,44,210,405,390,341
210,77867.389418655,77867.39040308,,4,GPU-127e16de-2b5f-dde9-1932-b4e29bb818c0,ok,0,0,450,23.905,37,210,405,488,292
211,77868.389418655,77868.390259658,,0,GPU-9b96eb67-aeee-89d5-aa85-fc650af4e25c,ok,0,0,450,27.07,39,210,405,439,292
211,77868.389418655,77868.392060219,,1,GPU-37ffc98b-8551-c8a1-5f3c-27ade9ae735a,ok,0,0,450,15.957,35,210,405,439,292
211,77868.389418655,77868.390163568,,2,GPU-5443d59d-561f-ed1e-da42-1975937205f9,ok,0,0,450,27.571,41,210,405,390,292
211,77868.389418655,77868.391427069,,3,GPU-46bf67bb-cb31-bee1-3cf0-c35337ba97d2,ok,0,0,450,26.493,44,210,405,439,341
211,77868.389418655,77868.390070468,,4,GPU-127e16de-2b5f-dde9-1932-b4e29bb818c0,ok,0,0,450,23.949,37,210,405,537,341
212,77869.389418655,77869.390137986,,0,GPU-9b96eb67-aeee-89d5-aa85-fc650af4e25c,ok,0,0,450,27.218,39,210,405,439,292
212,77869.389418655,77869.390382746,,1,GPU-37ffc98b-8551-c8a1-5f3c-27ade9ae735a,ok,0,0,450,15.773,35,210,405,439,341
212,77869.389418655,77869.390287246,,2,GPU-5443d59d-561f-ed1e-da42-1975937205f9,ok,0,0,450,27.426,41,210,405,439,292
212,77869.389418655,77869.390843856,,3,GPU-46bf67bb-cb31-bee1-3cf0-c35337ba97d2,ok,0,0,450,26.356,44,210,405,439,292
212,77869.389418655,77869.391499187,,4,GPU-127e16de-2b5f-dde9-1932-b4e29bb818c0,ok,0,0,450,24.037,37,210,405,488,341
213,77870.389418655,77870.390632014,,0,GPU-9b96eb67-aeee-89d5-aa85-fc650af4e25c,ok,0,0,450,27.248,39,210,405,439,341
213,77870.389418655,77870.390252844,,1,GPU-37ffc98b-8551-c8a1-5f3c-27ade9ae735a,ok,0,0,450,15.705,35,210,405,439,341
213,77870.389418655,77870.390518574,,2,GPU-5443d59d-561f-ed1e-da42-1975937205f9,ok,0,0,450,27.446,41,210,405,439,341
213,77870.389418655,77870.390603254,,3,GPU-46bf67bb-cb31-bee1-3cf0-c35337ba97d2,ok,0,0,450,26.349,44,210,405,439,292
213,77870.389418655,77870.390555604,,4,GPU-127e16de-2b5f-dde9-1932-b4e29bb818c0,ok,0,0,450,24.14,37,210,405,537,292
214,77871.389418655,77871.390351622,,0,GPU-9b96eb67-aeee-89d5-aa85-fc650af4e25c,ok,0,0,450,27.224,39,210,405,439,341
214,77871.389418655,77871.390236502,,1,GPU-37ffc98b-8551-c8a1-5f3c-27ade9ae735a,ok,0,0,450,15.832,35,210,405,439,341
214,77871.389418655,77871.390427762,,2,GPU-5443d59d-561f-ed1e-da42-1975937205f9,ok,0,0,450,27.537,41,210,405,390,341
214,77871.389418655,77871.390465542,,3,GPU-46bf67bb-cb31-bee1-3cf0-c35337ba97d2,ok,0,0,450,26.487,44,210,405,439,292
214,77871.389418655,77871.390324212,,4,GPU-127e16de-2b5f-dde9-1932-b4e29bb818c0,ok,0,0,450,23.944,37,210,405,488,292
215,77872.389418655,77872.39031542,,0,GPU-9b96eb67-aeee-89d5-aa85-fc650af4e25c,ok,0,0,450,26.927,39,210,405,390,292
215,77872.389418655,77872.390911881,,1,GPU-37ffc98b-8551-c8a1-5f3c-27ade9ae735a,ok,0,0,450,15.744,35,210,405,439,341
215,77872.389418655,77872.39034823,,2,GPU-5443d59d-561f-ed1e-da42-1975937205f9,ok,0,0,450,27.44,41,210,405,439,341
215,77872.389418655,77872.39024113,,3,GPU-46bf67bb-cb31-bee1-3cf0-c35337ba97d2,ok,0,0,450,26.324,44,210,405,439,292
215,77872.389418655,77872.39018767,,4,GPU-127e16de-2b5f-dde9-1932-b4e29bb818c0,ok,0,0,450,23.946,37,210,405,537,341
216,77873.389418655,77873.390833589,,0,GPU-9b96eb67-aeee-89d5-aa85-fc650af4e25c,ok,0,0,450,26.806,39,210,405,390,292
216,77873.389418655,77873.390097358,,1,GPU-37ffc98b-8551-c8a1-5f3c-27ade9ae735a,ok,0,0,450,15.805,35,210,405,390,341
216,77873.389418655,77873.390278278,,2,GPU-5443d59d-561f-ed1e-da42-1975937205f9,ok,0,0,450,27.442,41,210,405,439,341
216,77873.389418655,77873.390196758,,3,GPU-46bf67bb-cb31-bee1-3cf0-c35337ba97d2,ok,0,0,450,26.33,44,210,405,439,341
216,77873.389418655,77873.391468959,,4,GPU-127e16de-2b5f-dde9-1932-b4e29bb818c0,ok,0,0,450,24.132,37,210,405,488,341
217,77874.389418655,77874.390284306,,0,GPU-9b96eb67-aeee-89d5-aa85-fc650af4e25c,ok,0,0,450,26.833,39,210,405,390,292
217,77874.389418655,77874.390028276,,1,GPU-37ffc98b-8551-c8a1-5f3c-27ade9ae735a,ok,0,0,450,15.784,35,210,405,390,341
217,77874.389418655,77874.390754387,,2,GPU-5443d59d-561f-ed1e-da42-1975937205f9,ok,0,0,450,27.551,41,210,405,439,341
217,77874.389418655,77874.390214636,,3,GPU-46bf67bb-cb31-bee1-3cf0-c35337ba97d2,ok,0,0,450,26.418,44,210,405,439,341
217,77874.389418655,77874.390311506,,4,GPU-127e16de-2b5f-dde9-1932-b4e29bb818c0,ok,0,0,450,23.977,37,210,405,537,341
218,77875.389418655,77875.390627425,,0,GPU-9b96eb67-aeee-89d5-aa85-fc650af4e25c,ok,0,0,450,26.695,39,210,405,439,292
218,77875.389418655,77875.389882004,,1,GPU-37ffc98b-8551-c8a1-5f3c-27ade9ae735a,ok,0,0,450,15.496,35,210,405,439,341
218,77875.389418655,77875.390724815,,2,GPU-5443d59d-561f-ed1e-da42-1975937205f9,ok,0,0,450,27.539,41,210,405,439,292
218,77875.389418655,77875.390096454,,3,GPU-46bf67bb-cb31-bee1-3cf0-c35337ba97d2,ok,0,0,450,26.208,44,210,405,439,341
218,77875.389418655,77875.390762145,,4,GPU-127e16de-2b5f-dde9-1932-b4e29bb818c0,ok,0,0,450,23.943,37,210,405,488,292
219,77876.389418655,77876.390308812,,0,GPU-9b96eb67-aeee-89d5-aa85-fc650af4e25c,ok,0,0,450,26.745,39,210,405,439,292
219,77876.389418655,77876.390406363,,1,GPU-37ffc98b-8551-c8a1-5f3c-27ade9ae735a,ok,0,0,450,15.537,35,210,405,439,341
219,77876.389418655,77876.390443093,,2,GPU-5443d59d-561f-ed1e-da42-1975937205f9,ok,0,0,450,27.588,41,210,405,390,341
219,77876.389418655,77876.390186602,,3,GPU-46bf67bb-cb31-bee1-3cf0-c35337ba97d2,ok,0,0,450,26.251,44,210,405,390,341
219,77876.389418655,77876.390117172,,4,GPU-127e16de-2b5f-dde9-1932-b4e29bb818c0,ok,0,0,450,23.983,37,210,405,537,292
220,77877.389418655,77877.390798931,,0,GPU-9b96eb67-aeee-89d5-aa85-fc650af4e25c,ok,0,0,450,27.069,39,210,405,439,292
220,77877.389418655,77877.390303371,,1,GPU-37ffc98b-8551-c8a1-5f3c-27ade9ae735a,ok,0,0,450,15.691,35,210,405,439,341
220,77877.389418655,77877.39019873,,2,GPU-5443d59d-561f-ed1e-da42-1975937205f9,ok,0,0,450,27.552,41,210,405,439,341
220,77877.389418655,77877.39025595,,3,GPU-46bf67bb-cb31-bee1-3cf0-c35337ba97d2,ok,0,0,450,26.435,44,210,405,439,341
220,77877.389418655,77877.39008451,,4,GPU-127e16de-2b5f-dde9-1932-b4e29bb818c0,ok,0,0,450,23.846,37,210,405,537,292
221,77878.389418655,77878.390373079,,0,GPU-9b96eb67-aeee-89d5-aa85-fc650af4e25c,ok,0,0,450,27.151,39,210,405,439,292
221,77878.389418655,77878.390317559,,1,GPU-37ffc98b-8551-c8a1-5f3c-27ade9ae735a,ok,0,0,450,15.583,35,210,405,390,292
221,77878.389418655,77878.390346499,,2,GPU-5443d59d-561f-ed1e-da42-1975937205f9,ok,0,0,450,27.394,41,210,405,439,292
221,77878.389418655,77878.390476569,,3,GPU-46bf67bb-cb31-bee1-3cf0-c35337ba97d2,ok,0,0,450,26.286,44,210,405,439,341
221,77878.389418655,77878.390435879,,4,GPU-127e16de-2b5f-dde9-1932-b4e29bb818c0,ok,0,0,450,23.969,37,210,405,488,292
222,77879.389418655,77879.390190877,,0,GPU-9b96eb67-aeee-89d5-aa85-fc650af4e25c,ok,0,0,450,27.188,39,210,405,439,341
222,77879.389418655,77879.392035107,,1,GPU-37ffc98b-8551-c8a1-5f3c-27ade9ae735a,ok,0,0,450,15.628,35,210,405,439,292
222,77879.389418655,77879.390050926,,2,GPU-5443d59d-561f-ed1e-da42-1975937205f9,ok,0,0,450,27.432,41,210,405,439,292
222,77879.389418655,77879.390243037,,3,GPU-46bf67bb-cb31-bee1-3cf0-c35337ba97d2,ok,0,0,450,26.238,44,210,405,439,292
222,77879.389418655,77879.390762387,,4,GPU-127e16de-2b5f-dde9-1932-b4e29bb818c0,ok,0,0,450,24.195,37,210,405,537,292
223,77880.389418655,77880.390466295,,0,GPU-9b96eb67-aeee-89d5-aa85-fc650af4e25c,ok,0,0,450,27.307,39,210,405,439,341
223,77880.389418655,77880.390268555,,1,GPU-37ffc98b-8551-c8a1-5f3c-27ade9ae735a,ok,0,0,450,15.73,35,210,405,439,341
223,77880.389418655,77880.390395245,,2,GPU-5443d59d-561f-ed1e-da42-1975937205f9,ok,0,0,450,27.531,41,210,405,439,292
223,77880.389418655,77880.390365975,,3,GPU-46bf67bb-cb31-bee1-3cf0-c35337ba97d2,ok,0,0,450,26.342,44,210,405,390,341
223,77880.389418655,77880.390433725,,4,GPU-127e16de-2b5f-dde9-1932-b4e29bb818c0,ok,0,0,450,24.015,37,210,405,537,292
224,77881.389418655,77881.390860173,,0,GPU-9b96eb67-aeee-89d5-aa85-fc650af4e25c,ok,0,0,450,27.155,39,210,405,439,341
224,77881.389418655,77881.389996093,,1,GPU-37ffc98b-8551-c8a1-5f3c-27ade9ae735a,ok,0,0,450,15.511,35,210,405,439,292
224,77881.389418655,77881.390877933,,2,GPU-5443d59d-561f-ed1e-da42-1975937205f9,ok,0,0,450,27.455,41,210,405,439,292
224,77881.389418655,77881.390786133,,3,GPU-46bf67bb-cb31-bee1-3cf0-c35337ba97d2,ok,0,0,450,26.219,44,210,405,439,341
224,77881.389418655,77881.390148463,,4,GPU-127e16de-2b5f-dde9-1932-b4e29bb818c0,ok,0,0,450,23.929,37,210,405,488,292
225,77882.389418655,77882.390387761,,0,GPU-9b96eb67-aeee-89d5-aa85-fc650af4e25c,ok,0,0,450,27.134,39,210,405,439,292
225,77882.389418655,77882.390074431,,1,GPU-37ffc98b-8551-c8a1-5f3c-27ade9ae735a,ok,0,0,450,15.415,35,210,405,439,292
225,77882.389418655,77882.390336451,,2,GPU-5443d59d-561f-ed1e-da42-1975937205f9,ok,0,0,450,27.441,41,210,405,439,292
225,77882.389418655,77882.390789371,,3,GPU-46bf67bb-cb31-bee1-3cf0-c35337ba97d2,ok,0,0,450,26.284,44,210,405,439,341
225,77882.389418655,77882.390308331,,4,GPU-127e16de-2b5f-dde9-1932-b4e29bb818c0,ok,0,0,450,23.92,37,210,405,537,341
226,77883.389418655,77883.390226469,,0,GPU-9b96eb67-aeee-89d5-aa85-fc650af4e25c,ok,0,0,450,27.171,39,210,405,390,292
226,77883.389418655,77883.390266249,,1,GPU-37ffc98b-8551-c8a1-5f3c-27ade9ae735a,ok,0,0,450,15.639,35,210,405,439,292
226,77883.389418655,77883.390432749,,2,GPU-5443d59d-561f-ed1e-da42-1975937205f9,ok,0,0,450,27.557,41,210,405,439,292
226,77883.389418655,77883.390403729,,3,GPU-46bf67bb-cb31-bee1-3cf0-c35337ba97d2,ok,0,0,450,26.524,44,210,405,390,341
226,77883.389418655,77883.391557459,,4,GPU-127e16de-2b5f-dde9-1932-b4e29bb818c0,ok,0,0,450,23.769,37,210,405,537,341
227,77884.389418655,77884.390424137,,0,GPU-9b96eb67-aeee-89d5-aa85-fc650af4e25c,ok,0,0,450,27.04,39,210,405,439,292
227,77884.389418655,77884.390514637,,1,GPU-37ffc98b-8551-c8a1-5f3c-27ade9ae735a,ok,0,0,450,15.704,35,210,405,439,292
227,77884.389418655,77884.390484217,,2,GPU-5443d59d-561f-ed1e-da42-1975937205f9,ok,0,0,450,27.448,41,210,405,439,341
227,77884.389418655,77884.390374627,,3,GPU-46bf67bb-cb31-bee1-3cf0-c35337ba97d2,ok,0,0,450,26.342,44,210,405,439,292
227,77884.389418655,77884.390395027,,4,GPU-127e16de-2b5f-dde9-1932-b4e29bb818c0,ok,0,0,450,23.848,37,210,405,488,341
228,77885.389418655,77885.390154365,,0,GPU-9b96eb67-aeee-89d5-aa85-fc650af4e25c,ok,0,0,450,27.194,39,210,405,439,292
228,77885.389418655,77885.390355995,,1,GPU-37ffc98b-8551-c8a1-5f3c-27ade9ae735a,ok,0,0,450,15.874,35,210,405,439,292
228,77885.389418655,77885.390854825,,2,GPU-5443d59d-561f-ed1e-da42-1975937205f9,ok,0,0,450,27.445,41,210,405,390,341
228,77885.389418655,77885.390332895,,3,GPU-46bf67bb-cb31-bee1-3cf0-c35337ba97d2,ok,0,0,450,26.26,44,210,405,439,292
228,77885.389418655,77885.390382495,,4,GPU-127e16de-2b5f-dde9-1932-b4e29bb818c0,ok,0,0,450,24.025,37,210,405,537,341
229,77886.389418655,77886.390033893,,0,GPU-9b96eb67-aeee-89d5-aa85-fc650af4e25c,ok,0,0,450,27.313,39,210,405,390,292
229,77886.389418655,77886.390275093,,1,GPU-37ffc98b-8551-c8a1-5f3c-27ade9ae735a,ok,0,0,450,15.988,35,210,405,439,292
229,77886.389418655,77886.390240893,,2,GPU-5443d59d-561f-ed1e-da42-1975937205f9,ok,0,0,450,27.558,41,210,405,390,341
229,77886.389418655,77886.390726273,,3,GPU-46bf67bb-cb31-bee1-3cf0-c35337ba97d2,ok,0,0,450,26.45,44,210,405,390,292
229,77886.389418655,77886.390306133,,4,GPU-127e16de-2b5f-dde9-1932-b4e29bb818c0,ok,0,0,450,23.996,37,210,405,488,292
230,77887.389418655,77887.390179291,,0,GPU-9b96eb67-aeee-89d5-aa85-fc650af4e25c,ok,0,0,450,27.111,39,210,405,439,292
230,77887.389418655,77887.390361381,,1,GPU-37ffc98b-8551-c8a1-5f3c-27ade9ae735a,ok,0,0,450,15.763,35,210,405,439,292
230,77887.389418655,77887.390398201,,2,GPU-5443d59d-561f-ed1e-da42-1975937205f9,ok,0,0,450,27.383,41,210,405,390,341
230,77887.389418655,77887.390291761,,3,GPU-46bf67bb-cb31-bee1-3cf0-c35337ba97d2,ok,0,0,450,26.391,44,210,405,439,292
230,77887.389418655,77887.390201061,,4,GPU-127e16de-2b5f-dde9-1932-b4e29bb818c0,ok,0,0,450,23.929,37,210,405,537,292
231,77888.389418655,77888.391495219,,0,GPU-9b96eb67-aeee-89d5-aa85-fc650af4e25c,ok,0,0,450,27.09,39,210,405,439,341
231,77888.389418655,77888.391435449,,1,GPU-37ffc98b-8551-c8a1-5f3c-27ade9ae735a,ok,0,0,450,15.825,35,210,405,439,292
231,77888.389418655,77888.390118619,,2,GPU-5443d59d-561f-ed1e-da42-1975937205f9,ok,0,0,450,27.317,41,210,405,439,292
231,77888.389418655,77888.390254859,,3,GPU-46bf67bb-cb31-bee1-3cf0-c35337ba97d2,ok,0,0,450,26.351,44,210,405,439,292
231,77888.389418655,77888.390096039,,4,GPU-127e16de-2b5f-dde9-1932-b4e29bb818c0,ok,0,0,450,24.043,37,210,405,537,292
232,77889.389418655,77889.390183077,,0,GPU-9b96eb67-aeee-89d5-aa85-fc650af4e25c,ok,0,0,450,27.139,39,210,405,439,341
232,77889.389418655,77889.390222167,,1,GPU-37ffc98b-8551-c8a1-5f3c-27ade9ae735a,ok,0,0,450,16.133,35,210,405,390,292
232,77889.389418655,77889.390336977,,2,GPU-5443d59d-561f-ed1e-da42-1975937205f9,ok,0,0,450,27.424,41,210,405,439,341
232,77889.389418655,77889.391486517,,3,GPU-46bf67bb-cb31-bee1-3cf0-c35337ba97d2,ok,0,0,450,26.444,44,210,405,439,292
232,77889.389418655,77889.390398847,,4,GPU-127e16de-2b5f-dde9-1932-b4e29bb818c0,ok,0,0,450,24.051,37,210,405,537,341
233,77890.389418655,77890.390271085,,0,GPU-9b96eb67-aeee-89d5-aa85-fc650af4e25c,ok,0,0,450,27.034,39,210,405,439,341
233,77890.389418655,77890.390428765,,1,GPU-37ffc98b-8551-c8a1-5f3c-27ade9ae735a,ok,0,0,450,16.068,35,210,405,439,292
233,77890.389418655,77890.390441505,,2,GPU-5443d59d-561f-ed1e-da42-1975937205f9,ok,0,0,450,27.432,41,210,405,439,341
233,77890.389418655,77890.390367365,,3,GPU-46bf67bb-cb31-bee1-3cf0-c35337ba97d2,ok,0,0,450,26.251,45,210,405,439,341
233,77890.389418655,77890.390213295,,4,GPU-127e16de-2b5f-dde9-1932-b4e29bb818c0,ok,0,0,450,24.085,37,210,405,488,341
234,77891.389418655,77891.390782153,,0,GPU-9b96eb67-aeee-89d5-aa85-fc650af4e25c,ok,0,0,450,27.097,39,210,405,439,292
234,77891.389418655,77891.390207233,,1,GPU-37ffc98b-8551-c8a1-5f3c-27ade9ae735a,ok,0,0,450,15.901,35,210,405,439,292
234,77891.389418655,77891.390245003,,2,GPU-5443d59d-561f-ed1e-da42-1975937205f9,ok,0,0,450,27.564,41,210,405,439,341
234,77891.389418655,77891.390821863,,3,GPU-46bf67bb-cb31-bee1-3cf0-c35337ba97d2,ok,0,0,450,26.231,45,210,405,439,292
234,77891.389418655,77891.390016563,,4,GPU-127e16de-2b5f-dde9-1932-b4e29bb818c0,ok,0,0,450,24.001,37,210,405,488,341
235,77892.389418655,77892.390097521,,0,GPU-9b96eb67-aeee-89d5-aa85-fc650af4e25c,ok,0,0,450,27.227,39,210,405,439,292
235,77892.389418655,77892.390293541,,1,GPU-37ffc98b-8551-c8a1-5f3c-27ade9ae735a,ok,0,0,450,15.964,35,210,405,439,292
235,77892.389418655,77892.390136211,,2,GPU-5443d59d-561f-ed1e-da42-1975937205f9,ok,0,0,450,27.663,40,210,405,439,292
235,77892.389418655,77892.391424261,,3,GPU-46bf67bb-cb31-bee1-3cf0-c35337ba97d2,ok,0,0,450,26.432,45,210,405,439,341
235,77892.389418655,77892.390250621,,4,GPU-127e16de-2b5f-dde9-1932-b4e29bb818c0,ok,0,0,450,23.908,37,210,405,537,341
236,77893.389418655,77893.391415019,,0,GPU-9b96eb67-aeee-89d5-aa85-fc650af4e25c,ok,0,0,450,27.126,39,210,405,439,292
236,77893.389418655,77893.390325029,,1,GPU-37ffc98b-8551-c8a1-5f3c-27ade9ae735a,ok,0,0,450,15.89,35,210,405,390,341
236,77893.389418655,77893.390082789,,2,GPU-5443d59d-561f-ed1e-da42-1975937205f9,ok,0,0,450,27.543,40,210,405,439,292
236,77893.389418655,77893.390294629,,3,GPU-46bf67bb-cb31-bee1-3cf0-c35337ba97d2,ok,0,0,450,26.256,45,210,405,390,292
236,77893.389418655,77893.390104049,,4,GPU-127e16de-2b5f-dde9-1932-b4e29bb818c0,ok,0,0,450,24.128,37,210,405,488,292
237,77894.389418655,77894.391406917,,0,GPU-9b96eb67-aeee-89d5-aa85-fc650af4e25c,ok,0,0,450,27.171,39,210,405,439,292
237,77894.389418655,77894.389960057,,1,GPU-37ffc98b-8551-c8a1-5f3c-27ade9ae735a,ok,0,0,450,15.844,35,210,405,439,292
237,77894.389418655,77894.390675117,,2,GPU-5443d59d-561f-ed1e-da42-1975937205f9,ok,0,0,450,27.539,40,210,405,439,292
237,77894.389418655,77894.390049267,,3,GPU-46bf67bb-cb31-bee1-3cf0-c35337ba97d2,ok,0,0,450,26.29,45,210,405,439,292
237,77894.389418655,77894.391374817,,4,GPU-127e16de-2b5f-dde9-1932-b4e29bb818c0,ok,0,0,450,24.187,37,210,405,537,341
238,77895.389418655,77895.390304245,,0,GPU-9b96eb67-aeee-89d5-aa85-fc650af4e25c,ok,0,0,450,27.248,39,210,405,390,292
238,77895.389418655,77895.390372945,,1,GPU-37ffc98b-8551-c8a1-5f3c-27ade9ae735a,ok,0,0,450,15.76,35,210,405,439,292
238,77895.389418655,77895.390172275,,2,GPU-5443d59d-561f-ed1e-da42-1975937205f9,ok,0,0,450,27.641,41,210,405,439,292
238,77895.389418655,77895.390885085,,3,GPU-46bf67bb-cb31-bee1-3cf0-c35337ba97d2,ok,0,0,450,26.298,45,210,405,439,292
238,77895.389418655,77895.390253275,,4,GPU-127e16de-2b5f-dde9-1932-b4e29bb818c0,ok,0,0,450,24.232,37,210,405,488,341
239,77896.389418655,77896.390436543,,0,GPU-9b96eb67-aeee-89d5-aa85-fc650af4e25c,ok,0,0,450,27.016,39,210,405,390,292
239,77896.389418655,77896.390465563,,1,GPU-37ffc98b-8551-c8a1-5f3c-27ade9ae735a,ok,0,0,450,15.788,35,210,405,439,292
239,77896.389418655,77896.390279123,,2,GPU-5443d59d-561f-ed1e-da42-1975937205f9,ok,0,0,450,27.528,41,210,405,390,292
239,77896.389418655,77896.390496153,,3,GPU-46bf67bb-cb31-bee1-3cf0-c35337ba97d2,ok,0,0,450,26.235,45,210,405,439,341
239,77896.389418655,77896.390405473,,4,GPU-127e16de-2b5f-dde9-1932-b4e29bb818c0,ok,0,0,450,24.25,37,210,405,488,341
240,77897.389418655,77897.390509111,,0,GPU-9b96eb67-aeee-89d5-aa85-fc650af4e25c,ok,0,0,450,27.045,38,210,405,488,341
240,77897.389418655,77897.390446911,,1,GPU-37ffc98b-8551-c8a1-5f3c-27ade9ae735a,ok,0,0,450,15.872,35,210,405,439,292
240,77897.389418655,77897.390334721,,2,GPU-5443d59d-561f-ed1e-da42-1975937205f9,ok,0,0,450,27.502,40,210,405,439,292
240,77897.389418655,77897.390208961,,3,GPU-46bf67bb-cb31-bee1-3cf0-c35337ba97d2,ok,0,0,450,26.332,45,210,405,439,292
240,77897.389418655,77897.390488161,,4,GPU-127e16de-2b5f-dde9-1932-b4e29bb818c0,ok,0,0,450,24.031,37,210,405,488,341
241,77898.389418655,77898.390401979,,0,GPU-9b96eb67-aeee-89d5-aa85-fc650af4e25c,ok,0,0,450,27.327,38,210,405,439,341
241,77898.389418655,77898.390421209,,1,GPU-37ffc98b-8551-c8a1-5f3c-27ade9ae735a,ok,0,0,450,15.711,35,210,405,390,292
241,77898.389418655,77898.390269519,,2,GPU-5443d59d-561f-ed1e-da42-1975937205f9,ok,0,0,450,27.494,40,210,405,439,292
241,77898.389418655,77898.390333839,,3,GPU-46bf67bb-cb31-bee1-3cf0-c35337ba97d2,ok,0,0,450,26.23,45,210,405,390,292
241,77898.389418655,77898.390149399,,4,GPU-127e16de-2b5f-dde9-1932-b4e29bb818c0,ok,0,0,450,23.946,37,210,405,537,341
242,77899.389418655,77899.390411327,,0,GPU-9b96eb67-aeee-89d5-aa85-fc650af4e25c,ok,0,0,450,27.265,38,210,405,439,341
242,77899.389418655,77899.390280787,,1,GPU-37ffc98b-8551-c8a1-5f3c-27ade9ae735a,ok,0,0,450,15.548,35,210,405,439,292
242,77899.389418655,77899.390439787,,2,GPU-5443d59d-561f-ed1e-da42-1975937205f9,ok,0,0,450,27.415,40,210,405,439,292
242,77899.389418655,77899.390365967,,3,GPU-46bf67bb-cb31-bee1-3cf0-c35337ba97d2,ok,0,0,450,26.334,45,210,405,439,292
242,77899.389418655,77899.390470247,,4,GPU-127e16de-2b5f-dde9-1932-b4e29bb818c0,ok,0,0,450,24.086,37,210,405,537,341
243,77900.389418655,77900.390902555,,0,GPU-9b96eb67-aeee-89d5-aa85-fc650af4e25c,ok,0,0,450,27.223,38,210,405,439,292
243,77900.389418655,77900.389905745,,1,GPU-37ffc98b-8551-c8a1-5f3c-27ade9ae735a,ok,0,0,450,15.554,35,210,405,439,292
243,77900.389418655,77900.390864385,,2,GPU-5443d59d-561f-ed1e-da42-1975937205f9,ok,0,0,450,27.475,40,210,405,439,292
243,77900.389418655,77900.390838625,,3,GPU-46bf67bb-cb31-bee1-3cf0-c35337ba97d2,ok,0,0,450,26.489,45,210,405,439,292
243,77900.389418655,77900.390823095,,4,GPU-127e16de-2b5f-dde9-1932-b4e29bb818c0,ok,0,0,450,24.084,37,210,405,488,341
244,77901.389418655,77901.390304083,,0,GPU-9b96eb67-aeee-89d5-aa85-fc650af4e25c,ok,0,0,450,27.342,39,210,405,439,292
244,77901.389418655,77901.390318653,,1,GPU-37ffc98b-8551-c8a1-5f3c-27ade9ae735a,ok,0,0,450,15.549,35,210,405,439,292
244,77901.389418655,77901.390281303,,2,GPU-5443d59d-561f-ed1e-da42-1975937205f9,ok,0,0,450,27.46,40,210,405,439,341
244,77901.389418655,77901.390478903,,3,GPU-46bf67bb-cb31-bee1-3cf0-c35337ba97d2,ok,0,0,450,26.296,45,210,405,390,292
244,77901.389418655,77901.390450653,,4,GPU-127e16de-2b5f-dde9-1932-b4e29bb818c0,ok,0,0,450,23.943,37,210,405,537,341
245,77902.389418655,77902.390033191,,0,GPU-9b96eb67-aeee-89d5-aa85-fc650af4e25c,ok,0,0,450,27.299,39,210,405,439,292
245,77902.389418655,77902.390367841,,1,GPU-37ffc98b-8551-c8a1-5f3c-27ade9ae735a,ok,0,0,450,15.685,35,210,405,439,292
245,77902.389418655,77902.390324321,,2,GPU-5443d59d-561f-ed1e-da42-1975937205f9,ok,0,0,450,27.531,40,210,405,439,341
245,77902.389418655,77902.390122051,,3,GPU-46bf67bb-cb31-bee1-3cf0-c35337ba97d2,ok,0,0,450,26.281,45,210,405,439,341
245,77902.389418655,77902.390225581,,4,GPU-127e16de-2b5f-dde9-1932-b4e29bb818c0,ok,0,0,450,23.988,37,210,405,488,292
246,77903.389418655,77903.389997969,,0,GPU-9b96eb67-aeee-89d5-aa85-fc650af4e25c,ok,0,0,450,27.379,38,210,405,439,292
246,77903.389418655,77903.390066659,,1,GPU-37ffc98b-8551-c8a1-5f3c-27ade9ae735a,ok,0,0,450,15.914,35,210,405,390,292
246,77903.389418655,77903.391449909,,2,GPU-5443d59d-561f-ed1e-da42-1975937205f9,ok,0,0,450,27.639,40,210,405,439,292
246,77903.389418655,77903.391339139,,3,GPU-46bf67bb-cb31-bee1-3cf0-c35337ba97d2,ok,0,0,450,26.455,45,210,405,439,341
246,77903.389418655,77903.391411249,,4,GPU-127e16de-2b5f-dde9-1932-b4e29bb818c0,ok,0,0,450,23.953,37,210,405,537,292
247,77904.389418655,77904.390104277,,0,GPU-9b96eb67-aeee-89d5-aa85-fc650af4e25c,ok,0,0,450,27.465,39,210,405,439,292
247,77904.389418655,77904.390260027,,1,GPU-37ffc98b-8551-c8a1-5f3c-27ade9ae735a,ok,0,0,450,15.786,35,210,405,390,292
247,77904.389418655,77904.390160887,,2,GPU-5443d59d-561f-ed1e-da42-1975937205f9,ok,0,0,450,27.485,40,210,405,390,341
247,77904.389418655,77904.390801957,,3,GPU-46bf67bb-cb31-bee1-3cf0-c35337ba97d2,ok,0,0,450,26.342,45,210,405,439,341
247,77904.389418655,77904.391453657,,4,GPU-127e16de-2b5f-dde9-1932-b4e29bb818c0,ok,0,0,450,23.935,37,210,405,537,292
248,77905.389418655,77905.390147445,,0,GPU-9b96eb67-aeee-89d5-aa85-fc650af4e25c,ok,0,0,450,27.342,39,210,405,439,341
248,77905.389418655,77905.391476596,,1,GPU-37ffc98b-8551-c8a1-5f3c-27ade9ae735a,ok,0,0,450,15.718,35,210,405,439,292
248,77905.389418655,77905.390312685,,2,GPU-5443d59d-561f-ed1e-da42-1975937205f9,ok,0,0,450,27.486,40,210,405,390,292
248,77905.389418655,77905.390842265,,3,GPU-46bf67bb-cb31-bee1-3cf0-c35337ba97d2,ok,0,0,450,26.373,45,210,405,439,341
248,77905.389418655,77905.390193845,,4,GPU-127e16de-2b5f-dde9-1932-b4e29bb818c0,ok,0,0,450,23.952,37,210,405,488,292
249,77906.389418655,77906.390185883,,0,GPU-9b96eb67-aeee-89d5-aa85-fc650af4e25c,ok,0,0,450,27.39,39,210,405,439,341
249,77906.389418655,77906.391496584,,1,GPU-37ffc98b-8551-c8a1-5f3c-27ade9ae735a,ok,0,0,450,15.823,35,210,405,439,292
249,77906.389418655,77906.390335273,,2,GPU-5443d59d-561f-ed1e-da42-1975937205f9,ok,0,0,450,27.639,40,210,405,439,292
249,77906.389418655,77906.390220013,,3,GPU-46bf67bb-cb31-bee1-3cf0-c35337ba97d2,ok,0,0,450,26.57,45,210,405,390,292
249,77906.389418655,77906.390386433,,4,GPU-127e16de-2b5f-dde9-1932-b4e29bb818c0,ok,0,0,450,23.879,37,210,405,537,341
250,77907.389418655,77907.390081671,,0,GPU-9b96eb67-aeee-89d5-aa85-fc650af4e25c,ok,0,0,450,27.416,39,210,405,439,292
250,77907.389418655,77907.390309071,,1,GPU-37ffc98b-8551-c8a1-5f3c-27ade9ae735a,ok,0,0,450,15.722,35,210,405,439,292
250,77907.389418655,77907.391411722,,2,GPU-5443d59d-561f-ed1e-da42-1975937205f9,ok,0,0,450,27.496,40,210,405,439,292
250,77907.389418655,77907.390287401,,3,GPU-46bf67bb-cb31-bee1-3cf0-c35337ba97d2,ok,0,0,450,26.446,45,210,405,439,341
250,77907.389418655,77907.390103881,,4,GPU-127e16de-2b5f-dde9-1932-b4e29bb818c0,ok,0,0,450,23.833,37,210,405,488,341
251,77908.389418655,77908.390155519,,0,GPU-9b96eb67-aeee-89d5-aa85-fc650af4e25c,ok,0,0,450,27.49,39,210,405,439,292
251,77908.389418655,77908.39137203,,1,GPU-37ffc98b-8551-c8a1-5f3c-27ade9ae735a,ok,0,0,450,15.751,35,210,405,390,292
251,77908.389418655,77908.390243519,,2,GPU-5443d59d-561f-ed1e-da42-1975937205f9,ok,0,0,450,27.39,40,210,405,439,292
251,77908.389418655,77908.390730709,,3,GPU-46bf67bb-cb31-bee1-3cf0-c35337ba97d2,ok,0,0,450,26.396,45,210,405,439,341
251,77908.389418655,77908.390010819,,4,GPU-127e16de-2b5f-dde9-1932-b4e29bb818c0,ok,0,0,450,23.782,37,210,405,537,341
252,77909.389418655,77909.390407467,,0,GPU-9b96eb67-aeee-89d5-aa85-fc650af4e25c,ok,0,0,450,27.601,38,210,405,390,292
252,77909.389418655,77909.390489647,,1,GPU-37ffc98b-8551-c8a1-5f3c-27ade9ae735a,ok,0,0,450,15.841,35,210,405,390,292
252,77909.389418655,77909.390452587,,2,GPU-5443d59d-561f-ed1e-da42-1975937205f9,ok,0,0,450,27.385,40,210,405,439,292
252,77909.389418655,77909.390518057,,3,GPU-46bf67bb-cb31-bee1-3cf0-c35337ba97d2,ok,0,0,450,26.51,45,210,405,439,292
252,77909.389418655,77909.390149037,,4,GPU-127e16de-2b5f-dde9-1932-b4e29bb818c0,ok,0,0,450,23.803,37,210,405,537,341
253,77910.389418655,77910.391201366,,0,GPU-9b96eb67-aeee-89d5-aa85-fc650af4e25c,ok,0,0,450,27.507,38,210,405,439,292
253,77910.389418655,77910.390045435,,1,GPU-37ffc98b-8551-c8a1-5f3c-27ade9ae735a,ok,0,0,450,15.73,35,210,405,439,341
253,77910.389418655,77910.390180535,,2,GPU-5443d59d-561f-ed1e-da42-1975937205f9,ok,0,0,450,27.217,40,210,405,439,292
253,77910.389418655,77910.390662285,,3,GPU-46bf67bb-cb31-bee1-3cf0-c35337ba97d2,ok,0,0,450,26.347,45,210,405,439,341
253,77910.389418655,77910.390272045,,4,GPU-127e16de-2b5f-dde9-1932-b4e29bb818c0,ok,0,0,450,23.852,37,210,405,537,292
254,77911.389418655,77911.389886303,,0,GPU-9b96eb67-aeee-89d5-aa85-fc650af4e25c,ok,0,0,450,27.612,39,210,405,439,292
254,77911.389418655,77911.390632403,,1,GPU-37ffc98b-8551-c8a1-5f3c-27ade9ae735a,ok,0,0,450,15.936,35,210,405,390,292
254,77911.389418655,77911.390032753,,2,GPU-5443d59d-561f-ed1e-da42-1975937205f9,ok,0,0,450,27.234,40,210,405,439,341
254,77911.389418655,77911.390750103,,3,GPU-46bf67bb-cb31-bee1-3cf0-c35337ba97d2,ok,0,0,450,26.375,45,210,405,439,341
254,77911.389418655,77911.390709823,,4,GPU-127e16de-2b5f-dde9-1932-b4e29bb818c0,ok,0,0,450,23.906,37,210,405,537,341
255,77912.389418655,77912.390049911,,0,GPU-9b96eb67-aeee-89d5-aa85-fc650af4e25c,ok,0,0,450,27.632,38,210,405,439,292
255,77912.389418655,77912.390815811,,1,GPU-37ffc98b-8551-c8a1-5f3c-27ade9ae735a,ok,0,0,450,16.02,34,210,405,439,292
255,77912.389418655,77912.390281941,,2,GPU-5443d59d-561f-ed1e-da42-1975937205f9,ok,0,0,450,27.409,40,210,405,439,341
255,77912.389418655,77912.390789381,,3,GPU-46bf67bb-cb31-bee1-3cf0-c35337ba97d2,ok,0,0,450,26.504,45,210,405,439,292
255,77912.389418655,77912.390232171,,4,GPU-127e16de-2b5f-dde9-1932-b4e29bb818c0,ok,0,0,450,23.899,37,210,405,537,341
256,77913.389418655,77913.390478989,,0,GPU-9b96eb67-aeee-89d5-aa85-fc650af4e25c,ok,0,0,450,27.482,38,210,405,439,341
256,77913.389418655,77913.390290419,,1,GPU-37ffc98b-8551-c8a1-5f3c-27ade9ae735a,ok,0,0,450,15.728,34,210,405,439,292
256,77913.389418655,77913.390337119,,2,GPU-5443d59d-561f-ed1e-da42-1975937205f9,ok,0,0,450,27.323,40,210,405,439,341
256,77913.389418655,77913.390378139,,3,GPU-46bf67bb-cb31-bee1-3cf0-c35337ba97d2,ok,0,0,450,26.293,45,210,405,439,292
256,77913.389418655,77913.390436919,,4,GPU-127e16de-2b5f-dde9-1932-b4e29bb818c0,ok,0,0,450,24.031,37,210,405,537,341
257,77914.389418655,77914.390124097,,0,GPU-9b96eb67-aeee-89d5-aa85-fc650af4e25c,ok,0,0,450,27.549,39,210,405,439,341
257,77914.389418655,77914.390055537,,1,GPU-37ffc98b-8551-c8a1-5f3c-27ade9ae735a,ok,0,0,450,15.827,34,210,405,439,292
257,77914.389418655,77914.390259457,,2,GPU-5443d59d-561f-ed1e-da42-1975937205f9,ok,0,0,450,27.268,40,210,405,390,341
257,77914.389418655,77914.390767888,,3,GPU-46bf67bb-cb31-bee1-3cf0-c35337ba97d2,ok,0,0,450,26.376,45,210,405,439,341
257,77914.389418655,77914.391401188,,4,GPU-127e16de-2b5f-dde9-1932-b4e29bb818c0,ok,0,0,450,24.236,37,210,405,488,292
258,77915.389418655,77915.389977405,,0,GPU-9b96eb67-aeee-89d5-aa85-fc650af4e25c,ok,0,0,450,27.645,39,210,405,439,292
258,77915.389418655,77915.391312836,,1,GPU-37ffc98b-8551-c8a1-5f3c-27ade9ae735a,ok,0,0,450,16.044,34,210,405,439,292
258,77915.389418655,77915.390672806,,2,GPU-5443d59d-561f-ed1e-da42-1975937205f9,ok,0,0,450,27.381,40,210,405,439,341
258,77915.389418655,77915.390218695,,3,GPU-46bf67bb-cb31-bee1-3cf0-c35337ba97d2,ok,0,0,450,26.638,45,210,405,390,341
258,77915.389418655,77915.390124555,,4,GPU-127e16de-2b5f-dde9-1932-b4e29bb818c0,ok,0,0,450,24.175,37,210,405,537,292
259,77916.389418655,77916.390119673,,0,GPU-9b96eb67-aeee-89d5-aa85-fc650af4e25c,ok,0,0,450,27.472,39,210,405,439,292
259,77916.389418655,77916.390169463,,1,GPU-37ffc98b-8551-c8a1-5f3c-27ade9ae735a,ok,0,0,450,15.806,34,210,405,439,292
259,77916.389418655,77916.390371453,,2,GPU-5443d59d-561f-ed1e-da42-1975937205f9,ok,0,0,450,27.335,40,210,405,439,341
259,77916.389418655,77916.390332053,,3,GPU-46bf67bb-cb31-bee1-3cf0-c35337ba97d2,ok,0,0,450,26.409,45,210,405,439,292
259,77916.389418655,77916.391461954,,4,GPU-127e16de-2b5f-dde9-1932-b4e29bb818c0,ok,0,0,450,24.146,37,210,405,488,292
260,77917.389418655,77917.390822822,,0,GPU-9b96eb67-aeee-89d5-aa85-fc650af4e25c,ok,0,0,450,27.472,38,210,405,439,292
260,77917.389418655,77917.390106561,,1,GPU-37ffc98b-8551-c8a1-5f3c-27ade9ae735a,ok,0,0,450,15.787,34,210,405,439,292
260,77917.389418655,77917.390246631,,2,GPU-5443d59d-561f-ed1e-da42-1975937205f9,ok,0,0,450,27.369,40,210,405,439,341
260,77917.389418655,77917.391469822,,3,GPU-46bf67bb-cb31-bee1-3cf0-c35337ba97d2,ok,0,0,450,26.32,45,210,405,439,292
260,77917.389418655,77917.390305401,,4,GPU-127e16de-2b5f-dde9-1932-b4e29bb818c0,ok,0,0,450,24.192,37,210,405,537,292
261,77918.389418655,77918.390354399,,0,GPU-9b96eb67-aeee-89d5-aa85-fc650af4e25c,ok,0,0,450,27.597,38,210,405,439,292
261,77918.389418655,77918.390227439,,1,GPU-37ffc98b-8551-c8a1-5f3c-27ade9ae735a,ok,0,0,450,15.944,34,210,405,390,292
261,77918.389418655,77918.390382519,,2,GPU-5443d59d-561f-ed1e-da42-1975937205f9,ok,0,0,450,27.576,40,210,405,439,341
261,77918.389418655,77918.390143549,,3,GPU-46bf67bb-cb31-bee1-3cf0-c35337ba97d2,ok,0,0,450,26.515,45,210,405,390,292
261,77918.389418655,77918.390317909,,4,GPU-127e16de-2b5f-dde9-1932-b4e29bb818c0,ok,0,0,450,24.067,37,210,405,537,341
262,77919.389418655,77919.390303717,,0,GPU-9b96eb67-aeee-89d5-aa85-fc650af4e25c,ok,0,0,450,27.461,38,210,405,390,292
262,77919.389418655,77919.390362098,,1,GPU-37ffc98b-8551-c8a1-5f3c-27ade9ae735a,ok,0,0,450,15.895,34,210,405,439,341
262,77919.389418655,77919.390347637,,2,GPU-5443d59d-561f-ed1e-da42-1975937205f9,ok,0,0,450,27.476,40,210,405,390,341
262,77919.389418655,77919.390187737,,3,GPU-46bf67bb-cb31-bee1-3cf0-c35337ba97d2,ok,0,0,450,26.38,45,210,405,439,292
262,77919.389418655,77919.390141397,,4,GPU-127e16de-2b5f-dde9-1932-b4e29bb818c0,ok,0,0,450,24.125,37,210,405,488,292
263,77920.389418655,77920.390255485,,0,GPU-9b96eb67-aeee-89d5-aa85-fc650af4e25c,ok,0,0,450,27.602,38,210,405,390,292
263,77920.389418655,77920.392169536,,1,GPU-37ffc98b-8551-c8a1-5f3c-27ade9ae735a,ok,0,0,450,15.967,34,210,405,439,292
263,77920.389418655,77920.390889976,,2,GPU-5443d59d-561f-ed1e-da42-1975937205f9,ok,0,0,450,27.429,40,210,405,439,341
263,77920.389418655,77920.390182965,,3,GPU-46bf67bb-cb31-bee1-3cf0-c35337ba97d2,ok,0,0,450,26.413,45,210,405,390,292
263,77920.389418655,77920.390230225,,4,GPU-127e16de-2b5f-dde9-1932-b4e29bb818c0,ok,0,0,450,24.327,37,210,405,537,292
264,77921.389418655,77921.390310254,,0,GPU-9b96eb67-aeee-89d5-aa85-fc650af4e25c,ok,0,0,450,27.778,38,210,405,439,292
264,77921.389418655,77921.390436694,,1,GPU-37ffc98b-8551-c8a1-5f3c-27ade9ae735a,ok,0,0,450,16.132,34,210,405,439,341
264,77921.389418655,77921.390382604,,2,GPU-5443d59d-561f-ed1e-da42-1975937205f9,ok,0,0,450,27.555,40,210,405,439,341
264,77921.389418655,77921.390513124,,3,GPU-46bf67bb-cb31-bee1-3cf0-c35337ba97d2,ok,0,0,450,26.588,45,210,405,439,292
264,77921.389418655,77921.390530574,,4,GPU-127e16de-2b5f-dde9-1932-b4e29bb818c0,ok,0,0,450,24.258,37,210,405,537,341
265,77922.389418655,77922.390773522,,0,GPU-9b96eb67-aeee-89d5-aa85-fc650af4e25c,ok,0,0,450,27.545,38,210,405,439,341
265,77922.389418655,77922.390182252,,1,GPU-37ffc98b-8551-c8a1-5f3c-27ade9ae735a,ok,0,0,450,15.966,34,210,405,439,341
265,77922.389418655,77922.390051651,,2,GPU-5443d59d-561f-ed1e-da42-1975937205f9,ok,0,0,450,27.402,40,210,405,439,292
265,77922.389418655,77922.390323682,,3,GPU-46bf67bb-cb31-bee1-3cf0-c35337ba97d2,ok,0,0,450,26.4,45,210,405,439,292
265,77922.389418655,77922.390305602,,4,GPU-127e16de-2b5f-dde9-1932-b4e29bb818c0,ok,0,0,450,24.465,37,210,405,488,341
266,77923.389418655,77923.39038351,,0,GPU-9b96eb67-aeee-89d5-aa85-fc650af4e25c,ok,0,0,450,27.419,38,210,405,439,292
266,77923.389418655,77923.39016414,,1,GPU-37ffc98b-8551-c8a1-5f3c-27ade9ae735a,ok,0,0,450,15.819,34,210,405,439,292
266,77923.389418655,77923.3902821,,2,GPU-5443d59d-561f-ed1e-da42-1975937205f9,ok,0,0,450,27.405,40,210,405,439,292
266,77923.389418655,77923.39138953,,3,GPU-46bf67bb-cb31-bee1-3cf0-c35337ba97d2,ok,0,0,450,26.363,45,210,405,439,341
266,77923.389418655,77923.39040999,,4,GPU-127e16de-2b5f-dde9-1932-b4e29bb818c0,ok,0,0,450,24.586,37,210,405,537,341
267,77924.389418655,77924.389987988,,0,GPU-9b96eb67-aeee-89d5-aa85-fc650af4e25c,ok,0,0,450,27.421,38,210,405,439,292
267,77924.389418655,77924.391407658,,1,GPU-37ffc98b-8551-c8a1-5f3c-27ade9ae735a,ok,0,0,450,16.023,34,210,405,439,292
267,77924.389418655,77924.391391218,,2,GPU-5443d59d-561f-ed1e-da42-1975937205f9,ok,0,0,450,27.536,40,210,405,390,341
267,77924.389418655,77924.391448388,,3,GPU-46bf67bb-cb31-bee1-3cf0-c35337ba97d2,ok,0,0,450,26.548,45,210,405,439,341
267,77924.389418655,77924.390053428,,4,GPU-127e16de-2b5f-dde9-1932-b4e29bb818c0,ok,0,0,450,24.363,37,210,405,537,292
268,77925.389418655,77925.390452996,,0,GPU-9b96eb67-aeee-89d5-aa85-fc650af4e25c,ok,0,0,450,27.112,38,210,405,439,292
268,77925.389418655,77925.390376206,,1,GPU-37ffc98b-8551-c8a1-5f3c-27ade9ae735a,ok,0,0,450,15.971,34,210,405,439,292
268,77925.389418655,77925.390351726,,2,GPU-5443d59d-561f-ed1e-da42-1975937205f9,ok,0,0,450,27.361,40,210,405,439,341
268,77925.389418655,77925.390420696,,3,GPU-46bf67bb-cb31-bee1-3cf0-c35337ba97d2,ok,0,0,450,26.436,45,210,405,439,341
268,77925.389418655,77925.390204356,,4,GPU-127e16de-2b5f-dde9-1932-b4e29bb818c0,ok,0,0,450,24.473,37,210,405,488,292
269,77926.389418655,77926.390302084,,0,GPU-9b96eb67-aeee-89d5-aa85-fc650af4e25c,ok,0,0,450,26.995,38,210,405,439,292
269,77926.389418655,77926.390337444,,1,GPU-37ffc98b-8551-c8a1-5f3c-27ade9ae735a,ok,0,0,450,15.902,34,210,405,390,292
269,77926.389418655,77926.390397824,,2,GPU-5443d59d-561f-ed1e-da42-1975937205f9,ok,0,0,450,27.317,40,210,405,439,341
269,77926.389418655,77926.392260254,,3,GPU-46bf67bb-cb31-bee1-3cf0-c35337ba97d2,ok,0,0,450,26.373,45,210,405,439,292
269,77926.389418655,77926.390459334,,4,GPU-127e16de-2b5f-dde9-1932-b4e29bb818c0,ok,0,0,450,24.725,37,210,405,537,292
270,77927.389418655,77927.390369022,,0,GPU-9b96eb67-aeee-89d5-aa85-fc650af4e25c,ok,0,0,450,27.193,38,210,405,439,292
270,77927.389418655,77927.390440792,,1,GPU-37ffc98b-8551-c8a1-5f3c-27ade9ae735a,ok,0,0,450,16.017,34,210,405,390,292
270,77927.389418655,77927.390391632,,2,GPU-5443d59d-561f-ed1e-da42-1975937205f9,ok,0,0,450,27.482,40,210,405,439,341
270,77927.389418655,77927.390423152,,3,GPU-46bf67bb-cb31-bee1-3cf0-c35337ba97d2,ok,0,0,450,26.451,45,210,405,488,292
270,77927.389418655,77927.390169462,,4,GPU-127e16de-2b5f-dde9-1932-b4e29bb818c0,ok,0,0,450,24.661,37,210,405,537,292
271,77928.389418655,77928.39036298,,0,GPU-9b96eb67-aeee-89d5-aa85-fc650af4e25c,ok,0,0,450,27.128,38,210,405,390,292
271,77928.389418655,77928.39032506,,1,GPU-37ffc98b-8551-c8a1-5f3c-27ade9ae735a,ok,0,0,450,15.875,34,210,405,439,292
271,77928.389418655,77928.39025818,,2,GPU-5443d59d-561f-ed1e-da42-1975937205f9,ok,0,0,450,27.371,40,210,405,439,341
271,77928.389418655,77928.39021342,,3,GPU-46bf67bb-cb31-bee1-3cf0-c35337ba97d2,ok,0,0,450,26.255,45,210,405,439,292
271,77928.389418655,77928.3901422,,4,GPU-127e16de-2b5f-dde9-1932-b4e29bb818c0,ok,0,0,450,24.551,37,210,405,537,292
272,77929.389418655,77929.390368218,,0,GPU-9b96eb67-aeee-89d5-aa85-fc650af4e25c,ok,0,0,450,27.17,38,210,405,390,292
272,77929.389418655,77929.390415768,,1,GPU-37ffc98b-8551-c8a1-5f3c-27ade9ae735a,ok,0,0,450,15.766,34,210,405,439,292
272,77929.389418655,77929.390429838,,2,GPU-5443d59d-561f-ed1e-da42-1975937205f9,ok,0,0,450,27.364,40,210,405,439,341
272,77929.389418655,77929.390282378,,3,GPU-46bf67bb-cb31-bee1-3cf0-c35337ba97d2,ok,0,0,450,26.257,45,210,405,439,292
272,77929.389418655,77929.390328468,,4,GPU-127e16de-2b5f-dde9-1932-b4e29bb818c0,ok,0,0,450,24.455,37,210,405,537,292
273,77930.389418655,77930.390303366,,0,GPU-9b96eb67-aeee-89d5-aa85-fc650af4e25c,ok,0,0,450,27.303,38,210,405,439,292
273,77930.389418655,77930.390241216,,1,GPU-37ffc98b-8551-c8a1-5f3c-27ade9ae735a,ok,0,0,450,15.814,34,210,405,439,292
273,77930.389418655,77930.390013396,,2,GPU-5443d59d-561f-ed1e-da42-1975937205f9,ok,0,0,450,27.548,40,210,405,439,292
273,77930.389418655,77930.390272096,,3,GPU-46bf67bb-cb31-bee1-3cf0-c35337ba97d2,ok,0,0,450,26.415,45,210,405,439,292
273,77930.389418655,77930.390727146,,4,GPU-127e16de-2b5f-dde9-1932-b4e29bb818c0,ok,0,0,450,24.495,37,210,405,537,292
274,77931.389418655,77931.390123494,,0,GPU-9b96eb67-aeee-89d5-aa85-fc650af4e25c,ok,0,0,450,27.13,38,210,405,439,341
274,77931.389418655,77931.390015564,,1,GPU-37ffc98b-8551-c8a1-5f3c-27ade9ae735a,ok,0,0,450,15.733,34,210,405,439,341
274,77931.389418655,77931.391947634,,2,GPU-5443d59d-561f-ed1e-da42-1975937205f9,ok,0,0,450,27.494,40,210,405,439,292
274,77931.389418655,77931.390248814,,3,GPU-46bf67bb-cb31-bee1-3cf0-c35337ba97d2,ok,0,0,450,26.212,45,210,405,439,292
274,77931.389418655,77931.390085884,,4,GPU-127e16de-2b5f-dde9-1932-b4e29bb818c0,ok,0,0,450,24.567,37,210,405,488,292
275,77932.389418655,77932.391405782,,0,GPU-9b96eb67-aeee-89d5-aa85-fc650af4e25c,ok,0,0,450,27.126,38,210,405,439,341
275,77932.389418655,77932.390291762,,1,GPU-37ffc98b-8551-c8a1-5f3c-27ade9ae735a,ok,0,0,450,15.81,34,210,405,439,341
275,77932.389418655,77932.390079012,,2,GPU-5443d59d-561f-ed1e-da42-1975937205f9,ok,0,0,450,27.418,40,210,405,439,292
275,77932.389418655,77932.390126072,,3,GPU-46bf67bb-cb31-bee1-3cf0-c35337ba97d2,ok,0,0,450,26.248,45,210,405,439,292
275,77932.389418655,77932.390326232,,4,GPU-127e16de-2b5f-dde9-1932-b4e29bb818c0,ok,0,0,450,24.544,37,210,405,537,292
276,77933.389418655,77933.39011308,,0,GPU-9b96eb67-aeee-89d5-aa85-fc650af4e25c,ok,0,0,450,27.196,38,210,405,439,341
276,77933.389418655,77933.39023893,,1,GPU-37ffc98b-8551-c8a1-5f3c-27ade9ae735a,ok,0,0,450,15.898,34,210,405,439,341
276,77933.389418655,77933.39033044,,2,GPU-5443d59d-561f-ed1e-da42-1975937205f9,ok,0,0,450,27.391,40,210,405,439,292
276,77933.389418655,77933.39205143,,3,GPU-46bf67bb-cb31-bee1-3cf0-c35337ba97d2,ok,0,0,450,26.445,45,210,405,439,292
276,77933.389418655,77933.39015664,,4,GPU-127e16de-2b5f-dde9-1932-b4e29bb818c0,ok,0,0,450,24.542,37,210,405,537,341
277,77934.389418655,77934.389957568,,0,GPU-9b96eb67-aeee-89d5-aa85-fc650af4e25c,ok,0,0,450,27.018,38,210,405,439,341
277,77934.389418655,77934.391333698,,1,GPU-37ffc98b-8551-c8a1-5f3c-27ade9ae735a,ok,0,0,450,15.978,34,210,405,390,341
277,77934.389418655,77934.390685238,,2,GPU-5443d59d-561f-ed1e-da42-1975937205f9,ok,0,0,450,27.316,40,210,405,439,292
277,77934.389418655,77934.390095848,,3,GPU-46bf67bb-cb31-bee1-3cf0-c35337ba97d2,ok,0,0,450,26.429,45,210,405,439,292
277,77934.389418655,77934.390187078,,4,GPU-127e16de-2b5f-dde9-1932-b4e29bb818c0,ok,0,0,450,24.482,37,210,405,488,341
278,77935.389418655,77935.389930246,,0,GPU-9b96eb67-aeee-89d5-aa85-fc650af4e25c,ok,0,0,450,27.124,38,210,405,439,341
278,77935.389418655,77935.390204526,,1,GPU-37ffc98b-8551-c8a1-5f3c-27ade9ae735a,ok,0,0,450,16.088,34,210,405,390,292
278,77935.389418655,77935.390681376,,2,GPU-5443d59d-561f-ed1e-da42-1975937205f9,ok,0,0,450,27.375,40,210,405,390,292
278,77935.389418655,77935.390724836,,3,GPU-46bf67bb-cb31-bee1-3cf0-c35337ba97d2,ok,0,0,450,26.564,45,210,405,439,292
278,77935.389418655,77935.390178376,,4,GPU-127e16de-2b5f-dde9-1932-b4e29bb818c0,ok,0,0,450,24.369,37,210,405,537,341
279,77936.389418655,77936.390202074,,0,GPU-9b96eb67-aeee-89d5-aa85-fc650af4e25c,ok,0,0,450,27.378,38,210,405,390,292
279,77936.389418655,77936.390402694,,1,GPU-37ffc98b-8551-c8a1-5f3c-27ade9ae735a,ok,0,0,450,15.829,34,210,405,439,292
279,77936.389418655,77936.390316824,,2,GPU-5443d59d-561f-ed1e-da42-1975937205f9,ok,0,0,450,27.376,40,210,405,439,292
279,77936.389418655,77936.390438004,,3,GPU-46bf67bb-cb31-bee1-3cf0-c35337ba97d2,ok,0,0,450,26.447,45,210,405,390,292
279,77936.389418655,77936.390456444,,4,GPU-127e16de-2b5f-dde9-1932-b4e29bb818c0,ok,0,0,450,24.47,37,210,405,488,292
280,77937.389418655,77937.390047222,,0,GPU-9b96eb67-aeee-89d5-aa85-fc650af4e25c,ok,0,0,450,27.236,38,210,405,439,292
280,77937.389418655,77937.390731342,,1,GPU-37ffc98b-8551-c8a1-5f3c-27ade9ae735a,ok,0,0,450,15.692,34,210,405,439,292
280,77937.389418655,77937.391382782,,2,GPU-5443d59d-561f-ed1e-da42-1975937205f9,ok,0,0,450,27.46,40,210,405,439,292
280,77937.389418655,77937.390161712,,3,GPU-46bf67bb-cb31-bee1-3cf0-c35337ba97d2,ok,0,0,450,26.456,45,210,405,390,292
280,77937.389418655,77937.390263662,,4,GPU-127e16de-2b5f-dde9-1932-b4e29bb818c0,ok,0,0,450,24.511,37,210,405,537,292
281,77938.389418655,77938.39017007,,0,GPU-9b96eb67-aeee-89d5-aa85-fc650af4e25c,ok,0,0,450,27.238,38,210,405,439,292
281,77938.389418655,77938.3901343,,1,GPU-37ffc98b-8551-c8a1-5f3c-27ade9ae735a,ok,0,0,450,15.78,34,210,405,439,292
281,77938.389418655,77938.39066107,,2,GPU-5443d59d-561f-ed1e-da42-1975937205f9,ok,0,0,450,27.7,40,210,405,439,292
281,77938.389418655,77938.39071275,,3,GPU-46bf67bb-cb31-bee1-3cf0-c35337ba97d2,ok,0,0,450,26.648,45,210,405,439,292
281,77938.389418655,77938.38990651,,4,GPU-127e16de-2b5f-dde9-1932-b4e29bb818c0,ok,0,0,450,24.206,37,210,405,537,292
282,77939.389418655,77939.390253958,,0,GPU-9b96eb67-aeee-89d5-aa85-fc650af4e25c,ok,0,0,450,27.492,38,210,405,439,292
282,77939.389418655,77939.390287358,,1,GPU-37ffc98b-8551-c8a1-5f3c-27ade9ae735a,ok,0,0,450,15.767,34,210,405,439,292
282,77939.389418655,77939.390363388,,2,GPU-5443d59d-561f-ed1e-da42-1975937205f9,ok,0,0,450,27.573,40,210,405,439,292
282,77939.389418655,77939.390327938,,3,GPU-46bf67bb-cb31-bee1-3cf0-c35337ba97d2,ok,0,0,450,26.449,45,210,405,439,292
282,77939.389418655,77939.390401818,,4,GPU-127e16de-2b5f-dde9-1932-b4e29bb818c0,ok,0,0,450,24.06,37,210,405,488,292
283,77940.389418655,77940.390194106,,0,GPU-9b96eb67-aeee-89d5-aa85-fc650af4e25c,ok,0,0,450,27.347,38,210,405,439,292
283,77940.389418655,77940.390289876,,1,GPU-37ffc98b-8551-c8a1-5f3c-27ade9ae735a,ok,0,0,450,15.861,34,210,405,488,292
283,77940.389418655,77940.390162046,,2,GPU-5443d59d-561f-ed1e-da42-1975937205f9,ok,0,0,450,27.538,40,210,405,439,292
283,77940.389418655,77940.391720406,,3,GPU-46bf67bb-cb31-bee1-3cf0-c35337ba97d2,ok,0,0,450,26.451,45,210,405,439,341
283,77940.389418655,77940.390036086,,4,GPU-127e16de-2b5f-dde9-1932-b4e29bb818c0,ok,0,0,450,24.311,37,210,405,488,292
284,77941.389418655,77941.390132774,,0,GPU-9b96eb67-aeee-89d5-aa85-fc650af4e25c,ok,0,0,450,27.459,38,210,405,439,341
284,77941.389418655,77941.389856824,,1,GPU-37ffc98b-8551-c8a1-5f3c-27ade9ae735a,ok,0,0,450,15.884,34,210,405,439,292
284,77941.389418655,77941.390050364,,2,GPU-5443d59d-561f-ed1e-da42-1975937205f9,ok,0,0,450,27.654,40,210,405,439,292
284,77941.389418655,77941.391222814,,3,GPU-46bf67bb-cb31-bee1-3cf0-c35337ba97d2,ok,0,0,450,26.646,45,210,405,439,292
284,77941.389418655,77941.390574574,,4,GPU-127e16de-2b5f-dde9-1932-b4e29bb818c0,ok,0,0,450,24.29,37,210,405,537,292
285,77942.389418655,77942.390470772,,0,GPU-9b96eb67-aeee-89d5-aa85-fc650af4e25c,ok,0,0,450,27.775,38,210,405,439,341
285,77942.389418655,77942.390415352,,1,GPU-37ffc98b-8551-c8a1-5f3c-27ade9ae735a,ok,0,0,450,15.658,34,210,405,390,292
285,77942.389418655,77942.390351892,,2,GPU-5443d59d-561f-ed1e-da42-1975937205f9,ok,0,0,450,27.619,40,210,405,439,292
285,77942.389418655,77942.390383032,,3,GPU-46bf67bb-cb31-bee1-3cf0-c35337ba97d2,ok,0,0,450,26.565,45,210,405,390,292
285,77942.389418655,77942.390456182,,4,GPU-127e16de-2b5f-dde9-1932-b4e29bb818c0,ok,0,0,450,24.291,37,210,405,537,292
286,77943.389418655,77943.39014096,,0,GPU-9b96eb67-aeee-89d5-aa85-fc650af4e25c,ok,0,0,450,27.545,38,210,405,439,292
286,77943.389418655,77943.39007661,,1,GPU-37ffc98b-8551-c8a1-5f3c-27ade9ae735a,ok,0,0,450,15.764,34,210,405,390,341
286,77943.389418655,77943.39144163,,2,GPU-5443d59d-561f-ed1e-da42-1975937205f9,ok,0,0,450,27.75,40,210,405,439,292
286,77943.389418655,77943.39029845,,3,GPU-46bf67bb-cb31-bee1-3cf0-c35337ba97d2,ok,0,0,450,26.558,45,210,405,439,341
286,77943.389418655,77943.39146282,,4,GPU-127e16de-2b5f-dde9-1932-b4e29bb818c0,ok,0,0,450,24.478,37,210,405,537,292
287,77944.389418655,77944.390178308,,0,GPU-9b96eb67-aeee-89d5-aa85-fc650af4e25c,ok,0,0,450,27.483,38,210,405,439,292
287,77944.389418655,77944.390221148,,1,GPU-37ffc98b-8551-c8a1-5f3c-27ade9ae735a,ok,0,0,450,16.065,34,210,405,390,341
287,77944.389418655,77944.390406278,,2,GPU-5443d59d-561f-ed1e-da42-1975937205f9,ok,0,0,450,27.78,40,210,405,439,292
287,77944.389418655,77944.390361508,,3,GPU-46bf67bb-cb31-bee1-3cf0-c35337ba97d2,ok,0,0,450,26.686,45,210,405,439,292
287,77944.389418655,77944.390250598,,4,GPU-127e16de-2b5f-dde9-1932-b4e29bb818c0,ok,0,0,450,24.422,37,210,405,537,292
288,77945.389418655,77945.390007816,,0,GPU-9b96eb67-aeee-89d5-aa85-fc650af4e25c,ok,0,0,450,27.545,38,210,405,439,292
288,77945.389418655,77945.391373636,,1,GPU-37ffc98b-8551-c8a1-5f3c-27ade9ae735a,ok,0,0,450,15.914,34,210,405,439,341
288,77945.389418655,77945.390086496,,2,GPU-5443d59d-561f-ed1e-da42-1975937205f9,ok,0,0,450,27.576,40,210,405,390,292
288,77945.389418655,77945.390716636,,3,GPU-46bf67bb-cb31-bee1-3cf0-c35337ba97d2,ok,0,0,450,26.484,45,210,405,439,341
288,77945.389418655,77945.391433376,,4,GPU-127e16de-2b5f-dde9-1932-b4e29bb818c0,ok,0,0,450,24.44,37,210,405,488,292
289,77946.389418655,77946.390164864,,0,GPU-9b96eb67-aeee-89d5-aa85-fc650af4e25c,ok,0,0,450,27.563,38,210,405,439,292
289,77946.389418655,77946.392728705,,1,GPU-37ffc98b-8551-c8a1-5f3c-27ade9ae735a,ok,0,0,450,15.799,34,210,405,439,292
289,77946.389418655,77946.390390594,,2,GPU-5443d59d-561f-ed1e-da42-1975937205f9,ok,0,0,450,27.622,40,210,405,390,292
289,77946.389418655,77946.390298044,,3,GPU-46bf67bb-cb31-bee1-3cf0-c35337ba97d2,ok,0,0,450,26.485,45,210,405,439,341
289,77946.389418655,77946.390335404,,4,GPU-127e16de-2b5f-dde9-1932-b4e29bb818c0,ok,0,0,450,24.474,37,210,405,537,292
290,77947.389418655,77947.390400822,,0,GPU-9b96eb67-aeee-89d5-aa85-fc650af4e25c,ok,0,0,450,27.584,38,210,405,390,292
290,77947.389418655,77947.390374212,,1,GPU-37ffc98b-8551-c8a1-5f3c-27ade9ae735a,ok,0,0,450,15.765,34,210,405,439,292
290,77947.389418655,77947.390189592,,2,GPU-5443d59d-561f-ed1e-da42-1975937205f9,ok,0,0,450,27.777,40,210,405,439,341
290,77947.389418655,77947.390426592,,3,GPU-46bf67bb-cb31-bee1-3cf0-c35337ba97d2,ok,0,0,450,26.661,45,210,405,439,341
290,77947.389418655,77947.390165472,,4,GPU-127e16de-2b5f-dde9-1932-b4e29bb818c0,ok,0,0,450,24.496,37,210,405,537,292
291,77948.389418655,77948.3902529,,0,GPU-9b96eb67-aeee-89d5-aa85-fc650af4e25c,ok,0,0,450,27.463,38,210,405,390,292
291,77948.389418655,77948.392051681,,1,GPU-37ffc98b-8551-c8a1-5f3c-27ade9ae735a,ok,0,0,450,15.483,34,210,405,439,292
291,77948.389418655,77948.39141665,,2,GPU-5443d59d-561f-ed1e-da42-1975937205f9,ok,0,0,450,27.661,40,210,405,439,341
291,77948.389418655,77948.39006385,,3,GPU-46bf67bb-cb31-bee1-3cf0-c35337ba97d2,ok,0,0,450,26.492,45,210,405,439,341
291,77948.389418655,77948.39017108,,4,GPU-127e16de-2b5f-dde9-1932-b4e29bb818c0,ok,0,0,450,24.535,37,210,405,537,341
292,77949.389418655,77949.390477838,,0,GPU-9b96eb67-aeee-89d5-aa85-fc650af4e25c,ok,0,0,450,27.578,38,210,405,439,292
292,77949.389418655,77949.390334598,,1,GPU-37ffc98b-8551-c8a1-5f3c-27ade9ae735a,ok,0,0,450,15.565,34,210,405,439,292
292,77949.389418655,77949.390371918,,2,GPU-5443d59d-561f-ed1e-da42-1975937205f9,ok,0,0,450,27.594,40,210,405,439,292
292,77949.389418655,77949.390439268,,3,GPU-46bf67bb-cb31-bee1-3cf0-c35337ba97d2,ok,0,0,450,26.48,45,210,405,439,292
292,77949.389418655,77949.390413378,,4,GPU-127e16de-2b5f-dde9-1932-b4e29bb818c0,ok,0,0,450,24.543,37,210,405,537,292
293,77950.389418655,77950.390303046,,0,GPU-9b96eb67-aeee-89d5-aa85-fc650af4e25c,ok,0,0,450,27.684,38,210,405,439,292
293,77950.389418655,77950.390181336,,1,GPU-37ffc98b-8551-c8a1-5f3c-27ade9ae735a,ok,0,0,450,15.852,34,210,405,439,292
293,77950.389418655,77950.390319226,,2,GPU-5443d59d-561f-ed1e-da42-1975937205f9,ok,0,0,450,27.667,40,210,405,439,292
293,77950.389418655,77950.390353866,,3,GPU-46bf67bb-cb31-bee1-3cf0-c35337ba97d2,ok,0,0,450,26.629,45,210,405,390,292
293,77950.389418655,77950.390403726,,4,GPU-127e16de-2b5f-dde9-1932-b4e29bb818c0,ok,0,0,450,24.409,37,210,405,537,292
294,77951.389418655,77951.389878194,,0,GPU-9b96eb67-aeee-89d5-aa85-fc650af4e25c,ok,0,0,450,27.455,38,210,405,439,341
294,77951.389418655,77951.390091254,,1,GPU-37ffc98b-8551-c8a1-5f3c-27ade9ae735a,ok,0,0,450,15.771,34,210,405,390,292
294,77951.389418655,77951.391822985,,2,GPU-5443d59d-561f-ed1e-da42-1975937205f9,ok,0,0,450,27.525,40,210,405,439,292
294,77951.389418655,77951.390055054,,3,GPU-46bf67bb-cb31-bee1-3cf0-c35337ba97d2,ok,0,0,450,26.478,45,210,405,439,292
294,77951.389418655,77951.390572634,,4,GPU-127e16de-2b5f-dde9-1932-b4e29bb818c0,ok,0,0,450,24.399,37,210,405,537,292
295,77952.389418655,77952.390372802,,0,GPU-9b96eb67-aeee-89d5-aa85-fc650af4e25c,ok,0,0,450,27.236,38,210,405,439,341
295,77952.389418655,77952.390200192,,1,GPU-37ffc98b-8551-c8a1-5f3c-27ade9ae735a,ok,0,0,450,15.676,34,210,405,439,341
295,77952.389418655,77952.390334212,,2,GPU-5443d59d-561f-ed1e-da42-1975937205f9,ok,0,0,450,27.461,40,210,405,439,292
295,77952.389418655,77952.390319582,,3,GPU-46bf67bb-cb31-bee1-3cf0-c35337ba97d2,ok,0,0,450,26.458,45,210,405,439,292
295,77952.389418655,77952.390922152,,4,GPU-127e16de-2b5f-dde9-1932-b4e29bb818c0,ok,0,0,450,24.495,37,210,405,537,292
296,77953.389418655,77953.39037096,,0,GPU-9b96eb67-aeee-89d5-aa85-fc650af4e25c,ok,0,0,450,27.357,38,210,405,439,292
296,77953.389418655,77953.39043455,,1,GPU-37ffc98b-8551-c8a1-5f3c-27ade9ae735a,ok,0,0,450,15.858,34,210,405,439,292
296,77953.389418655,77953.39023019,,2,GPU-5443d59d-561f-ed1e-da42-1975937205f9,ok,0,0,450,27.54,40,210,405,439,292
296,77953.389418655,77953.39093112,,3,GPU-46bf67bb-cb31-bee1-3cf0-c35337ba97d2,ok,0,0,450,26.614,45,210,405,439,341
296,77953.389418655,77953.39033889,,4,GPU-127e16de-2b5f-dde9-1932-b4e29bb818c0,ok,0,0,450,24.216,37,210,405,488,292
297,77954.389418655,77954.390248638,,0,GPU-9b96eb67-aeee-89d5-aa85-fc650af4e25c,ok,0,0,450,27.297,38,210,405,439,292
297,77954.389418655,77954.390692528,,1,GPU-37ffc98b-8551-c8a1-5f3c-27ade9ae735a,ok,0,0,450,15.941,34,210,405,390,292
297,77954.389418655,77954.390177968,,2,GPU-5443d59d-561f-ed1e-da42-1975937205f9,ok,0,0,450,27.45,40,210,405,439,292
297,77954.389418655,77954.389981378,,3,GPU-46bf67bb-cb31-bee1-3cf0-c35337ba97d2,ok,0,0,450,26.415,45,210,405,439,292
297,77954.389418655,77954.391337639,,4,GPU-127e16de-2b5f-dde9-1932-b4e29bb818c0,ok,0,0,450,24.183,37,210,405,537,292
298,77955.389418655,77955.390091486,,0,GPU-9b96eb67-aeee-89d5-aa85-fc650af4e25c,ok,0,0,450,27.274,38,210,405,439,292
298,77955.389418655,77955.390322786,,1,GPU-37ffc98b-8551-c8a1-5f3c-27ade9ae735a,ok,0,0,450,16.023,34,210,405,390,292
298,77955.389418655,77955.390304456,,2,GPU-5443d59d-561f-ed1e-da42-1975937205f9,ok,0,0,450,27.434,40,210,405,390,292
298,77955.389418655,77955.390280836,,3,GPU-46bf67bb-cb31-bee1-3cf0-c35337ba97d2,ok,0,0,450,26.389,45,210,405,439,341
298,77955.389418655,77955.389992426,,4,GPU-127e16de-2b5f-dde9-1932-b4e29bb818c0,ok,0,0,450,24.364,37,210,405,537,292
299,77956.389418655,77956.390196304,,0,GPU-9b96eb67-aeee-89d5-aa85-fc650af4e25c,ok,0,0,450,27.468,38,210,405,439,292
299,77956.389418655,77956.390039644,,1,GPU-37ffc98b-8551-c8a1-5f3c-27ade9ae735a,ok,0,0,450,16.224,34,210,405,390,292
299,77956.389418655,77956.390783494,,2,GPU-5443d59d-561f-ed1e-da42-1975937205f9,ok,0,0,450,27.476,40,210,405,439,292
299,77956.389418655,77956.390234434,,3,GPU-46bf67bb-cb31-bee1-3cf0-c35337ba97d2,ok,0,0,450,26.579,45,210,405,439,341
299,77956.389418655,77956.390833854,,4,GPU-127e16de-2b5f-dde9-1932-b4e29bb818c0,ok,0,0,450,24.277,37,210,405,488,341
300,77957.389418655,77957.390332782,,0,GPU-9b96eb67-aeee-89d5-aa85-fc650af4e25c,ok,0,0,450,27.348,38,210,405,439,341
300,77957.389418655,77957.390166422,,1,GPU-37ffc98b-8551-c8a1-5f3c-27ade9ae735a,ok,0,0,450,15.994,34,210,405,439,292
300,77957.389418655,77957.390370062,,2,GPU-5443d59d-561f-ed1e-da42-1975937205f9,ok,0,0,450,27.36,40,210,405,390,341
300,77957.389418655,77957.390142812,,3,GPU-46bf67bb-cb31-bee1-3cf0-c35337ba97d2,ok,0,0,450,26.456,45,210,405,439,341
300,77957.389418655,77957.391498693,,4,GPU-127e16de-2b5f-dde9-1932-b4e29bb818c0,ok,0,0,450,24.147,37,210,405,537,341
301,77958.389418655,77958.39038225,,0,GPU-9b96eb67-aeee-89d5-aa85-fc650af4e25c,ok,0,0,450,27.371,38,210,405,439,341
301,77958.389418655,77958.39010951,,1,GPU-37ffc98b-8551-c8a1-5f3c-27ade9ae735a,ok,0,0,450,15.868,34,210,405,439,292
301,77958.389418655,77958.39034951,,2,GPU-5443d59d-561f-ed1e-da42-1975937205f9,ok,0,0,450,27.423,40,210,405,439,341
301,77958.389418655,77958.390829921,,3,GPU-46bf67bb-cb31-bee1-3cf0-c35337ba97d2,ok,0,0,450,26.513,45,210,405,439,341
301,77958.389418655,77958.39032512,,4,GPU-127e16de-2b5f-dde9-1932-b4e29bb818c0,ok,0,0,450,24.176,37,210,405,537,341
302,77959.389418655,77959.390881249,,0,GPU-9b96eb67-aeee-89d5-aa85-fc650af4e25c,ok,0,0,450,27.512,38,210,405,439,341
302,77959.389418655,77959.390215948,,1,GPU-37ffc98b-8551-c8a1-5f3c-27ade9ae735a,ok,0,0,450,16.037,34,210,405,439,292
302,77959.389418655,77959.390070008,,2,GPU-5443d59d-561f-ed1e-da42-1975937205f9,ok,0,0,450,27.62,40,210,405,439,341
302,77959.389418655,77959.390267098,,3,GPU-46bf67bb-cb31-bee1-3cf0-c35337ba97d2,ok,0,0,450,26.665,45,210,405,439,341
302,77959.389418655,77959.390844889,,4,GPU-127e16de-2b5f-dde9-1932-b4e29bb818c0,ok,0,0,450,24.047,37,210,405,488,292
303,77960.389418655,77960.390290296,,0,GPU-9b96eb67-aeee-89d5-aa85-fc650af4e25c,ok,0,0,450,27.294,38,210,405,439,292
303,77960.389418655,77960.390248476,,1,GPU-37ffc98b-8551-c8a1-5f3c-27ade9ae735a,ok,0,0,450,15.911,34,210,405,439,292
303,77960.389418655,77960.390404426,,2,GPU-5443d59d-561f-ed1e-da42-1975937205f9,ok,0,0,450,27.545,40,210,405,439,341
303,77960.389418655,77960.390390466,,3,GPU-46bf67bb-cb31-bee1-3cf0-c35337ba97d2,ok,0,0,450,26.484,45,210,405,439,341
303,77960.389418655,77960.390451886,,4,GPU-127e16de-2b5f-dde9-1932-b4e29bb818c0,ok,0,0,450,23.979,37,210,405,537,292
304,77961.389418655,77961.390339954,,0,GPU-9b96eb67-aeee-89d5-aa85-fc650af4e25c,ok,0,0,450,27.226,38,210,405,439,292
304,77961.389418655,77961.390376964,,1,GPU-37ffc98b-8551-c8a1-5f3c-27ade9ae735a,ok,0,0,450,15.971,34,210,405,390,292
304,77961.389418655,77961.390106604,,2,GPU-5443d59d-561f-ed1e-da42-1975937205f9,ok,0,0,450,27.545,40,210,405,439,341
304,77961.389418655,77961.390845925,,3,GPU-46bf67bb-cb31-bee1-3cf0-c35337ba97d2,ok,0,0,450,26.52,45,210,405,439,341
304,77961.389418655,77961.390905095,,4,GPU-127e16de-2b5f-dde9-1932-b4e29bb818c0,ok,0,0,450,24.121,37,210,405,488,292
305,77962.389418655,77962.390156612,,0,GPU-9b96eb67-aeee-89d5-aa85-fc650af4e25c,ok,0,0,450,27.407,38,210,405,390,292
305,77962.389418655,77962.390308082,,1,GPU-37ffc98b-8551-c8a1-5f3c-27ade9ae735a,ok,0,0,450,15.991,34,210,405,439,292
305,77962.389418655,77962.390069072,,2,GPU-5443d59d-561f-ed1e-da42-1975937205f9,ok,0,0,450,27.598,40,210,405,390,292
305,77962.389418655,77962.390274102,,3,GPU-46bf67bb-cb31-bee1-3cf0-c35337ba97d2,ok,0,0,450,26.724,45,210,405,439,341
305,77962.389418655,77962.390234042,,4,GPU-127e16de-2b5f-dde9-1932-b4e29bb818c0,ok,0,0,450,24.032,37,210,405,537,292
306,77963.389418655,77963.390385321,,0,GPU-9b96eb67-aeee-89d5-aa85-fc650af4e25c,ok,0,0,450,27.392,38,210,405,390,292
306,77963.389418655,77963.390409551,,1,GPU-37ffc98b-8551-c8a1-5f3c-27ade9ae735a,ok,0,0,450,15.643,34,210,405,439,292
306,77963.389418655,77963.39015332,,2,GPU-5443d59d-561f-ed1e-da42-1975937205f9,ok,0,0,450,27.403,40,210,405,439,292
306,77963.389418655,77963.390894501,,3,GPU-46bf67bb-cb31-bee1-3cf0-c35337ba97d2,ok,0,0,450,26.632,45,210,405,439,341
306,77963.389418655,77963.390334161,,4,GPU-127e16de-2b5f-dde9-1932-b4e29bb818c0,ok,0,0,450,24.227,37,210,405,488,341
307,77964.389418655,77964.391534379,,0,GPU-9b96eb67-aeee-89d5-aa85-fc650af4e25c,ok,0,0,450,27.464,38,210,405,390,341
307,77964.389418655,77964.390353939,,1,GPU-37ffc98b-8551-c8a1-5f3c-27ade9ae735a,ok,0,0,450,15.538,34,210,405,439,292
307,77964.389418655,77964.390197268,,2,GPU-5443d59d-561f-ed1e-da42-1975937205f9,ok,0,0,450,27.356,40,210,405,439,292
307,77964.389418655,77964.390291459,,3,GPU-46bf67bb-cb31-bee1-3cf0-c35337ba97d2,ok,0,0,450,26.647,45,210,405,439,292
307,77964.389418655,77964.390183108,,4,GPU-127e16de-2b5f-dde9-1932-b4e29bb818c0,ok,0,0,450,24.446,37,210,405,537,341
308,77965.389418655,77965.391498947,,0,GPU-9b96eb67-aeee-89d5-aa85-fc650af4e25c,ok,0,0,450,27.543,38,210,405,390,341
308,77965.389418655,77965.390399187,,1,GPU-37ffc98b-8551-c8a1-5f3c-27ade9ae735a,ok,0,0,450,15.783,34,210,405,439,341
308,77965.389418655,77965.390164277,,2,GPU-5443d59d-561f-ed1e-da42-1975937205f9,ok,0,0,450,27.462,40,210,405,439,292
308,77965.389418655,77965.390369897,,3,GPU-46bf67bb-cb31-bee1-3cf0-c35337ba97d2,ok,0,0,450,26.807,45,210,405,390,292
308,77965.389418655,77965.390132526,,4,GPU-127e16de-2b5f-dde9-1932-b4e29bb818c0,ok,0,0,450,24.283,37,210,405,537,292
309,77966.389418655,77966.390133455,,0,GPU-9b96eb67-aeee-89d5-aa85-fc650af4e25c,ok,0,0,450,27.481,38,210,405,439,292
309,77966.389418655,77966.390485955,,1,GPU-37ffc98b-8551-c8a1-5f3c-27ade9ae735a,ok,0,0,450,15.9,34,210,405,439,292
309,77966.389418655,77966.390402075,,2,GPU-5443d59d-561f-ed1e-da42-1975937205f9,ok,0,0,450,27.422,40,210,405,439,292
309,77966.389418655,77966.390428625,,3,GPU-46bf67bb-cb31-bee1-3cf0-c35337ba97d2,ok,0,0,450,26.673,45,210,405,439,292
309,77966.389418655,77966.390453045,,4,GPU-127e16de-2b5f-dde9-1932-b4e29bb818c0,ok,0,0,450,24.261,37,210,405,537,292
310,77967.389418655,77967.390808883,,0,GPU-9b96eb67-aeee-89d5-aa85-fc650af4e25c,ok,0,0,450,27.548,38,210,405,439,341
310,77967.389418655,77967.390385533,,1,GPU-37ffc98b-8551-c8a1-5f3c-27ade9ae735a,ok,0,0,450,16.011,34,210,405,439,292
310,77967.389418655,77967.390373023,,2,GPU-5443d59d-561f-ed1e-da42-1975937205f9,ok,0,0,450,27.475,40,210,405,439,292
310,77967.389418655,77967.390094783,,3,GPU-46bf67bb-cb31-bee1-3cf0-c35337ba97d2,ok,0,0,450,26.551,45,210,405,439,292
310,77967.389418655,77967.390331803,,4,GPU-127e16de-2b5f-dde9-1932-b4e29bb818c0,ok,0,0,450,24.24,37,210,405,537,292
311,77968.389418655,77968.390358431,,0,GPU-9b96eb67-aeee-89d5-aa85-fc650af4e25c,ok,0,0,450,27.609,38,210,405,439,341
311,77968.389418655,77968.390210731,,1,GPU-37ffc98b-8551-c8a1-5f3c-27ade9ae735a,ok,0,0,450,16.179,34,210,405,439,292
311,77968.389418655,77968.391575821,,2,GPU-5443d59d-561f-ed1e-da42-1975937205f9,ok,0,0,450,27.577,40,210,405,390,292
311,77968.389418655,77968.390292101,,3,GPU-46bf67bb-cb31-bee1-3cf0-c35337ba97d2,ok,0,0,450,26.543,45,210,405,439,292
311,77968.389418655,77968.390417071,,4,GPU-127e16de-2b5f-dde9-1932-b4e29bb818c0,ok,0,0,450,24.025,37,210,405,488,292
312,77969.389418655,77969.391391199,,0,GPU-9b96eb67-aeee-89d5-aa85-fc650af4e25c,ok,0,0,450,27.46,38,210,405,439,341
312,77969.389418655,77969.390155669,,1,GPU-37ffc98b-8551-c8a1-5f3c-27ade9ae735a,ok,0,0,450,15.861,34,210,405,439,292
312,77969.389418655,77969.390761169,,2,GPU-5443d59d-561f-ed1e-da42-1975937205f9,ok,0,0,450,27.487,40,210,405,390,292
312,77969.389418655,77969.390801639,,3,GPU-46bf67bb-cb31-bee1-3cf0-c35337ba97d2,ok,0,0,450,26.334,45,210,405,439,292
312,77969.389418655,77969.390002999,,4,GPU-127e16de-2b5f-dde9-1932-b4e29bb818c0,ok,0,0,450,23.981,37,210,405,537,292
313,77970.389418655,77970.390256247,,0,GPU-9b96eb67-aeee-89d5-aa85-fc650af4e25c,ok,0,0,450,27.431,38,210,405,390,341
313,77970.389418655,77970.390077237,,1,GPU-37ffc98b-8551-c8a1-5f3c-27ade9ae735a,ok,0,0,450,15.806,34,210,405,439,292
313,77970.389418655,77970.390357007,,2,GPU-5443d59d-561f-ed1e-da42-1975937205f9,ok,0,0,450,27.558,40,210,405,439,292
313,77970.389418655,77970.390222797,,3,GPU-46bf67bb-cb31-bee1-3cf0-c35337ba97d2,ok,0,0,450,26.399,45,210,405,439,292
313,77970.389418655,77970.391920117,,4,GPU-127e16de-2b5f-dde9-1932-b4e29bb818c0,ok,0,0,450,23.968,37,210,405,585,292
314,77971.389418655,77971.390373725,,0,GPU-9b96eb67-aeee-89d5-aa85-fc650af4e25c,ok,0,0,450,27.53,38,210,405,439,341
314,77971.389418655,77971.390413875,,1,GPU-37ffc98b-8551-c8a1-5f3c-27ade9ae735a,ok,0,0,450,15.993,34,210,405,390,292
314,77971.389418655,77971.390140965,,2,GPU-5443d59d-561f-ed1e-da42-1975937205f9,ok,0,0,450,27.654,40,210,405,439,292
314,77971.389418655,77971.390218175,,3,GPU-46bf67bb-cb31-bee1-3cf0-c35337ba97d2,ok,0,0,450,26.618,45,210,405,439,292
314,77971.389418655,77971.390450545,,4,GPU-127e16de-2b5f-dde9-1932-b4e29bb818c0,ok,0,0,450,23.994,37,210,405,537,341
315,77972.389418655,77972.391515113,,0,GPU-9b96eb67-aeee-89d5-aa85-fc650af4e25c,ok,0,0,450,27.334,38,210,405,439,341
315,77972.389418655,77972.390336253,,1,GPU-37ffc98b-8551-c8a1-5f3c-27ade9ae735a,ok,0,0,450,15.809,34,210,405,390,341
315,77972.389418655,77972.391477763,,2,GPU-5443d59d-561f-ed1e-da42-1975937205f9,ok,0,0,450,27.571,40,210,405,439,292
315,77972.389418655,77972.390236283,,3,GPU-46bf67bb-cb31-bee1-3cf0-c35337ba97d2,ok,0,0,450,26.493,45,210,405,439,292
315,77972.389418655,77972.390077873,,4,GPU-127e16de-2b5f-dde9-1932-b4e29bb818c0,ok,0,0,450,24.219,37,210,405,537,292
316,77973.389418655,77973.390326031,,0,GPU-9b96eb67-aeee-89d5-aa85-fc650af4e25c,ok,0,0,450,27.218,38,210,405,439,292
316,77973.389418655,77973.390388171,,1,GPU-37ffc98b-8551-c8a1-5f3c-27ade9ae735a,ok,0,0,450,15.791,34,210,405,390,341
316,77973.389418655,77973.390801991,,2,GPU-5443d59d-561f-ed1e-da42-1975937205f9,ok,0,0,450,27.591,40,210,405,439,292
316,77973.389418655,77973.390100171,,3,GPU-46bf67bb-cb31-bee1-3cf0-c35337ba97d2,ok,0,0,450,26.503,45,210,405,439,292
316,77973.389418655,77973.390289911,,4,GPU-127e16de-2b5f-dde9-1932-b4e29bb818c0,ok,0,0,450,24.277,37,210,405,488,292
317,77974.389418655,77974.390385359,,0,GPU-9b96eb67-aeee-89d5-aa85-fc650af4e25c,ok,0,0,450,27.234,38,210,405,439,292
317,77974.389418655,77974.390283259,,1,GPU-37ffc98b-8551-c8a1-5f3c-27ade9ae735a,ok,0,0,450,15.704,34,210,405,390,292
317,77974.389418655,77974.390417899,,2,GPU-5443d59d-561f-ed1e-da42-1975937205f9,ok,0,0,450,27.534,40,210,405,390,292
317,77974.389418655,77974.390334779,,3,GPU-46bf67bb-cb31-bee1-3cf0-c35337ba97d2,ok,0,0,450,26.493,45,210,405,439,292
317,77974.389418655,77974.391616629,,4,GPU-127e16de-2b5f-dde9-1932-b4e29bb818c0,ok,0,0,450,24.394,37,210,405,537,292
318,77975.389418655,77975.390220387,,0,GPU-9b96eb67-aeee-89d5-aa85-fc650af4e25c,ok,0,0,450,27.005,38,210,405,439,292
318,77975.389418655,77975.390012817,,1,GPU-37ffc98b-8551-c8a1-5f3c-27ade9ae735a,ok,0,0,450,15.658,34,210,405,439,292
318,77975.389418655,77975.390727467,,2,GPU-5443d59d-561f-ed1e-da42-1975937205f9,ok,0,0,450,27.477,40,210,405,439,292
318,77975.389418655,77975.390271037,,3,GPU-46bf67bb-cb31-bee1-3cf0-c35337ba97d2,ok,0,0,450,26.527,45,210,405,439,292
318,77975.389418655,77975.390257107,,4,GPU-127e16de-2b5f-dde9-1932-b4e29bb818c0,ok,0,0,450,24.459,37,210,405,537,292
319,77976.389418655,77976.390860335,,0,GPU-9b96eb67-aeee-89d5-aa85-fc650af4e25c,ok,0,0,450,26.99,38,210,405,439,292
319,77976.389418655,77976.390082695,,1,GPU-37ffc98b-8551-c8a1-5f3c-27ade9ae735a,ok,0,0,450,15.807,34,210,405,439,341
319,77976.389418655,77976.390280115,,2,GPU-5443d59d-561f-ed1e-da42-1975937205f9,ok,0,0,450,27.547,40,210,405,439,341
319,77976.389418655,77976.390320025,,3,GPU-46bf67bb-cb31-bee1-3cf0-c35337ba97d2,ok,0,0,450,26.703,45,210,405,439,292
319,77976.389418655,77976.390804565,,4,GPU-127e16de-2b5f-dde9-1932-b4e29bb818c0,ok,0,0,450,24.16,37,210,405,537,292
320,77977.389418655,77977.390125133,,0,GPU-9b96eb67-aeee-89d5-aa85-fc650af4e25c,ok,0,0,450,27.152,38,210,405,488,341
320,77977.389418655,77977.389884663,,1,GPU-37ffc98b-8551-c8a1-5f3c-27ade9ae735a,ok,0,0,450,15.659,34,210,405,439,292
320,77977.389418655,77977.391833963,,2,GPU-5443d59d-561f-ed1e-da42-1975937205f9,ok,0,0,450,27.46,40,210,405,439,292
320,77977.389418655,77977.390155743,,3,GPU-46bf67bb-cb31-bee1-3cf0-c35337ba97d2,ok,0,0,450,26.502,45,210,405,439,341
320,77977.389418655,77977.390594083,,4,GPU-127e16de-2b5f-dde9-1932-b4e29bb818c0,ok,0,0,450,24.019,37,210,405,537,341
321,77978.389418655,77978.392804442,,0,GPU-9b96eb67-aeee-89d5-aa85-fc650af4e25c,ok,0,0,450,27.043,38,210,405,390,341
321,77978.389418655,77978.390572171,,1,GPU-37ffc98b-8551-c8a1-5f3c-27ade9ae735a,ok,0,0,450,15.627,34,210,405,390,10937
321,77978.389418655,77978.390509511,,2,GPU-5443d59d-561f-ed1e-da42-1975937205f9,ok,0,0,450,27.393,40,210,405,13720,341
321,77978.389418655,77978.391620671,,3,GPU-46bf67bb-cb31-bee1-3cf0-c35337ba97d2,ok,0,0,450,26.449,45,210,405,439,390
321,77978.389418655,77978.391674591,,4,GPU-127e16de-2b5f-dde9-1932-b4e29bb818c0,ok,0,0,450,24.22,37,210,405,537,341
322,77979.389418655,77979.390340659,,0,GPU-9b96eb67-aeee-89d5-aa85-fc650af4e25c,ok,0,0,453,33.426,39,210,405,439,292
322,77979.389418655,77979.390182319,,1,GPU-37ffc98b-8551-c8a1-5f3c-27ade9ae735a,ok,0,0,453,19.954,34,210,405,439,341
322,77979.389418655,77979.390100829,,2,GPU-5443d59d-561f-ed1e-da42-1975937205f9,ok,0,0,453,30.702,41,210,405,439,292
322,77979.389418655,77979.390309919,,3,GPU-46bf67bb-cb31-bee1-3cf0-c35337ba97d2,ok,1,0,1514,27.143,46,210,405,585,292
322,77979.389418655,77979.390821439,,4,GPU-127e16de-2b5f-dde9-1932-b4e29bb818c0,ok,0,0,453,26.359,38,210,405,537,292
323,77980.389418655,77980.390346877,,0,GPU-9b96eb67-aeee-89d5-aa85-fc650af4e25c,ok,0,0,453,38.51,39,210,405,439,341
323,77980.389418655,77980.390285247,,1,GPU-37ffc98b-8551-c8a1-5f3c-27ade9ae735a,ok,0,0,453,25.983,34,210,405,439,341
323,77980.389418655,77980.390324437,,2,GPU-5443d59d-561f-ed1e-da42-1975937205f9,ok,0,0,453,36.016,41,210,405,439,292
323,77980.389418655,77980.390773697,,3,GPU-46bf67bb-cb31-bee1-3cf0-c35337ba97d2,ok,100,23,1514,270.847,63,1500,9501,537,341
323,77980.389418655,77980.390076827,,4,GPU-127e16de-2b5f-dde9-1932-b4e29bb818c0,ok,0,0,453,33.952,38,210,405,488,292
324,77981.389418655,77981.390246245,,0,GPU-9b96eb67-aeee-89d5-aa85-fc650af4e25c,ok,0,0,453,28.089,39,210,405,439,292
324,77981.389418655,77981.390311645,,1,GPU-37ffc98b-8551-c8a1-5f3c-27ade9ae735a,ok,0,0,453,17.784,34,210,405,439,292
324,77981.389418655,77981.390174255,,2,GPU-5443d59d-561f-ed1e-da42-1975937205f9,ok,0,0,453,28.508,41,210,405,439,292
324,77981.389418655,77981.390364245,,3,GPU-46bf67bb-cb31-bee1-3cf0-c35337ba97d2,ok,100,28,1514,349.142,65,1485,9501,488,244
324,77981.389418655,77981.390337865,,4,GPU-127e16de-2b5f-dde9-1932-b4e29bb818c0,ok,0,0,453,25.32,38,210,405,537,292
325,77982.389418655,77982.390768523,,0,GPU-9b96eb67-aeee-89d5-aa85-fc650af4e25c,ok,0,0,453,27.06,38,210,405,439,341
325,77982.389418655,77982.390882933,,1,GPU-37ffc98b-8551-c8a1-5f3c-27ade9ae735a,ok,0,0,453,16.492,34,210,405,439,292
325,77982.389418655,77982.389912303,,2,GPU-5443d59d-561f-ed1e-da42-1975937205f9,ok,0,0,453,27.756,40,210,405,390,292
325,77982.389418655,77982.390920433,,3,GPU-46bf67bb-cb31-bee1-3cf0-c35337ba97d2,ok,0,0,1514,222.367,57,1995,9501,390,292
325,77982.389418655,77982.390731343,,4,GPU-127e16de-2b5f-dde9-1932-b4e29bb818c0,ok,0,0,453,24.335,37,210,405,488,292
326,77983.389418655,77983.390340911,,0,GPU-9b96eb67-aeee-89d5-aa85-fc650af4e25c,ok,0,0,453,27.034,38,210,405,390,341
326,77983.389418655,77983.390119291,,1,GPU-37ffc98b-8551-c8a1-5f3c-27ade9ae735a,ok,0,0,453,15.704,34,210,405,439,292
326,77983.389418655,77983.390314681,,2,GPU-5443d59d-561f-ed1e-da42-1975937205f9,ok,0,0,453,27.627,40,210,405,390,292
326,77983.389418655,77983.390282611,,3,GPU-46bf67bb-cb31-bee1-3cf0-c35337ba97d2,ok,0,0,1514,186.829,57,1995,9501,488,390
326,77983.389418655,77983.390221731,,4,GPU-127e16de-2b5f-dde9-1932-b4e29bb818c0,ok,0,0,453,24.18,37,210,405,537,292
327,77984.389418655,77984.390172349,,0,GPU-9b96eb67-aeee-89d5-aa85-fc650af4e25c,ok,0,0,453,27.03,38,210,405,439,292
327,77984.389418655,77984.390817199,,1,GPU-37ffc98b-8551-c8a1-5f3c-27ade9ae735a,ok,0,0,453,15.713,34,210,405,390,292
327,77984.389418655,77984.390274259,,2,GPU-5443d59d-561f-ed1e-da42-1975937205f9,ok,0,0,453,27.583,40,210,405,439,292
327,77984.389418655,77984.390245339,,3,GPU-46bf67bb-cb31-bee1-3cf0-c35337ba97d2,ok,100,21,1514,235.451,66,1500,9501,537,439
327,77984.389418655,77984.390100279,,4,GPU-127e16de-2b5f-dde9-1932-b4e29bb818c0,ok,0,0,453,24.295,37,210,405,488,292
328,77985.389418655,77985.391234317,,0,GPU-9b96eb67-aeee-89d5-aa85-fc650af4e25c,ok,0,0,453,27.102,38,210,405,439,292
328,77985.389418655,77985.390558427,,1,GPU-37ffc98b-8551-c8a1-5f3c-27ade9ae735a,ok,0,0,453,16.094,34,210,405,439,341
328,77985.389418655,77985.389876927,,2,GPU-5443d59d-561f-ed1e-da42-1975937205f9,ok,0,0,453,27.61,40,210,405,390,292
328,77985.389418655,77985.390629287,,3,GPU-46bf67bb-cb31-bee1-3cf0-c35337ba97d2,ok,100,20,1514,348.754,67,1470,9501,537,292
328,77985.389418655,77985.390044277,,4,GPU-127e16de-2b5f-dde9-1932-b4e29bb818c0,ok,0,0,453,24.402,37,210,405,488,292
329,77986.389418655,77986.390198625,,0,GPU-9b96eb67-aeee-89d5-aa85-fc650af4e25c,ok,0,0,453,27.028,38,210,405,439,292
329,77986.389418655,77986.390304355,,1,GPU-37ffc98b-8551-c8a1-5f3c-27ade9ae735a,ok,0,0,453,15.863,34,210,405,439,341
329,77986.389418655,77986.390334695,,2,GPU-5443d59d-561f-ed1e-da42-1975937205f9,ok,0,0,453,27.497,40,210,405,439,341
329,77986.389418655,77986.390899995,,3,GPU-46bf67bb-cb31-bee1-3cf0-c35337ba97d2,ok,0,0,1514,227.921,59,1980,9501,390,244
329,77986.389418655,77986.390262375,,4,GPU-127e16de-2b5f-dde9-1932-b4e29bb818c0,ok,0,0,453,24.129,37,210,405,537,292
330,77987.389418655,77987.390217193,,0,GPU-9b96eb67-aeee-89d5-aa85-fc650af4e25c,ok,0,0,453,27.046,38,210,405,439,292
330,77987.389418655,77987.390113193,,1,GPU-37ffc98b-8551-c8a1-5f3c-27ade9ae735a,ok,0,0,453,15.579,34,210,405,439,341
330,77987.389418655,77987.390193023,,2,GPU-5443d59d-561f-ed1e-da42-1975937205f9,ok,0,0,453,27.559,40,210,405,439,341
330,77987.389418655,77987.390039113,,3,GPU-46bf67bb-cb31-bee1-3cf0-c35337ba97d2,ok,0,0,1514,177.769,59,1995,9501,537,488
330,77987.389418655,77987.390136203,,4,GPU-127e16de-2b5f-dde9-1932-b4e29bb818c0,ok,0,0,453,24.066,37,210,405,537,292
331,77988.389418655,77988.390266871,,0,GPU-9b96eb67-aeee-89d5-aa85-fc650af4e25c,ok,0,0,453,27.187,38,210,405,439,341
331,77988.389418655,77988.390169401,,1,GPU-37ffc98b-8551-c8a1-5f3c-27ade9ae735a,ok,0,0,453,15.729,34,210,405,439,341
331,77988.389418655,77988.390284611,,2,GPU-5443d59d-561f-ed1e-da42-1975937205f9,ok,0,0,453,27.563,40,210,405,439,292
331,77988.389418655,77988.390117461,,3,GPU-46bf67bb-cb31-bee1-3cf0-c35337ba97d2,ok,100,22,1514,238.014,67,1500,9501,585,292
331,77988.389418655,77988.390037351,,4,GPU-127e16de-2b5f-dde9-1932-b4e29bb818c0,ok,0,0,453,24.154,37,210,405,488,292
332,77989.389418655,77989.389954279,,0,GPU-9b96eb67-aeee-89d5-aa85-fc650af4e25c,ok,0,0,453,27.109,38,210,405,390,341
332,77989.389418655,77989.390224559,,1,GPU-37ffc98b-8551-c8a1-5f3c-27ade9ae735a,ok,0,0,453,15.802,34,210,405,439,292
332,77989.389418655,77989.390675829,,2,GPU-5443d59d-561f-ed1e-da42-1975937205f9,ok,0,0,453,27.365,40,210,405,439,292
332,77989.389418655,77989.390137769,,3,GPU-46bf67bb-cb31-bee1-3cf0-c35337ba97d2,ok,100,21,1514,349.1,69,1485,9501,537,244
332,77989.389418655,77989.390174269,,4,GPU-127e16de-2b5f-dde9-1932-b4e29bb818c0,ok,0,0,453,23.895,37,210,405,537,292
333,77990.389418655,77990.390797407,,0,GPU-9b96eb67-aeee-89d5-aa85-fc650af4e25c,ok,0,0,453,27.141,38,210,405,390,341
333,77990.389418655,77990.389900047,,1,GPU-37ffc98b-8551-c8a1-5f3c-27ade9ae735a,ok,0,0,453,15.907,34,210,405,439,292
333,77990.389418655,77990.390766677,,2,GPU-5443d59d-561f-ed1e-da42-1975937205f9,ok,0,0,453,27.369,40,210,405,439,292
333,77990.389418655,77990.390857917,,3,GPU-46bf67bb-cb31-bee1-3cf0-c35337ba97d2,ok,0,0,1514,235.474,61,1980,9501,390,292
333,77990.389418655,77990.390752417,,4,GPU-127e16de-2b5f-dde9-1932-b4e29bb818c0,ok,0,0,453,23.867,37,210,405,537,292
334,77991.389418655,77991.389995915,,0,GPU-9b96eb67-aeee-89d5-aa85-fc650af4e25c,ok,0,0,453,27.249,38,210,405,439,292
334,77991.389418655,77991.391023595,,1,GPU-37ffc98b-8551-c8a1-5f3c-27ade9ae735a,ok,0,0,453,15.888,34,210,405,439,292
334,77991.389418655,77991.390715665,,2,GPU-5443d59d-561f-ed1e-da42-1975937205f9,ok,0,0,453,27.455,40,210,405,439,292
334,77991.389418655,77991.390175975,,3,GPU-46bf67bb-cb31-bee1-3cf0-c35337ba97d2,ok,0,0,1514,185.345,60,1980,9501,390,292
334,77991.389418655,77991.390224605,,4,GPU-127e16de-2b5f-dde9-1932-b4e29bb818c0,ok,0,0,453,24.082,37,210,405,537,292
335,77992.389418655,77992.391600784,,0,GPU-9b96eb67-aeee-89d5-aa85-fc650af4e25c,ok,0,0,450,31.044,39,210,405,439,292
335,77992.389418655,77992.390399723,,1,GPU-37ffc98b-8551-c8a1-5f3c-27ade9ae735a,ok,0,0,450,19.011,34,210,405,439,292
335,77992.389418655,77992.390205753,,2,GPU-5443d59d-561f-ed1e-da42-1975937205f9,ok,0,0,450,30.336,41,210,405,439,292
335,77992.389418655,77992.390448223,,3,GPU-46bf67bb-cb31-bee1-3cf0-c35337ba97d2,ok,0,0,450,146.379,57,1725,9501,390,244
335,77992.389418655,77992.390245503,,4,GPU-127e16de-2b5f-dde9-1932-b4e29bb818c0,ok,0,0,450,27.431,38,210,405,537,292
336,77993.389418655,77993.390253191,,0,GPU-9b96eb67-aeee-89d5-aa85-fc650af4e25c,ok,0,0,450,38.562,39,210,405,439,341
336,77993.389418655,77993.390918491,,1,GPU-37ffc98b-8551-c8a1-5f3c-27ade9ae735a,ok,0,0,450,25.852,34,210,405,439,341
336,77993.389418655,77993.390877521,,2,GPU-5443d59d-561f-ed1e-da42-1975937205f9,ok,0,0,450,35.997,41,210,405,439,341
336,77993.389418655,77993.390329451,,3,GPU-46bf67bb-cb31-bee1-3cf0-c35337ba97d2,ok,0,0,450,133.067,56,1725,9751,390,244
336,77993.389418655,77993.390113891,,4,GPU-127e16de-2b5f-dde9-1932-b4e29bb818c0,ok,0,0,450,33.688,38,210,405,537,341
