tick_index,t_target_raw_s,t_receipt_raw_s,utc_anchor,gpu_index,gpu_uuid,status,util_gpu_pct,util_mem_pct,mem_used_mib,power_w,temp_c,clock_sm_mhz,clock_mem_mhz,pcie_tx_kbps,pcie_rx_kbps
-1,16458.891014427,16458.891228197,2026-08-25T01:21:38.322074+00:00,-1,anchor,anchor,,,,,,,,,
0,16458.891014427,16458.922485426,,0,GPU-9b96eb67-aeee-89d5-aa85-fc650af4e25c,ok,0,0,450,126.743,65,495,5001,439,341
0,16458.891014427,16458.93679209,,1,GPU-37ffc98b-8551-c8a1-5f3c-27ade9ae735a,ok,0,0,450,16.01,30,210,405,439,341
0,16458.891014427,16458.958043417,,2,GPU-5443d59d-561f-ed1e-da42-1975937205f9,ok,0,0,450,28.515,37,210,405,390,292
0,16458.891014427,16458.958724767,,3,GPU-46bf67bb-cb31-bee1-3cf0-c35337ba97d2,ok,0,0,450,28.994,42,210,405,439,292
0,16458.891014427,16458.942835012,,4,GPU-127e16de-2b5f-dde9-1932-b4e29bb818c0,ok,0,0,450,25.516,36,210,405,439,292
1,16459.891014427,16459.891921575,,0,GPU-9b96eb67-aeee-89d5-aa85-fc650af4e25c,ok,0,0,450,95.72,62,300,810,390,341
1,16459.891014427,16459.892291405,,1,GPU-37ffc98b-8551-c8a1-5f3c-27ade9ae735a,ok,0,0,450,14.984,30,210,405,439,292
1,16459.891014427,16459.892074555,,2,GPU-5443d59d-561f-ed1e-da42-1975937205f9,ok,0,0,450,27.54,37,210,405,390,292
1,16459.891014427,16459.892171465,,3,GPU-46bf67bb-cb31-bee1-3cf0-c35337ba97d2,ok,0,0,450,27.07,41,210,405,439,292
1,16459.891014427,16459.892259665,,4,GPU-127e16de-2b5f-dde9-1932-b4e29bb818c0,ok,0,0,450,24.454,35,210,405,439,292
2,16460.891014427,16460.891810273,,0,GPU-9b96eb67-aeee-89d5-aa85-fc650af4e25c,ok,0,0,450,52.18,61,210,810,390,341
2,16460.891014427,16460.893130663,,1,GPU-37ffc98b-8551-c8a1-5f3c-27ade9ae735a,ok,0,0,450,14.619,30,210,405,439,292
2,16460.891014427,16460.891966623,,2,GPU-5443d59d-561f-ed1e-da42-1975937205f9,ok,0,0,450,27.113,37,210,405,439,292
2,16460.891014427,16460.892026003,,3,GPU-46bf67bb-cb31-bee1-3cf0-c35337ba97d2,ok,0,0,450,26.256,41,210,405,439,292
2,16460.891014427,16460.892088043,,4,GPU-127e16de-2b5f-dde9-1932-b4e29bb818c0,ok,0,0,450,24.157,35,210,405,390,292
3,16461.891014427,16461.891785741,,0,GPU-9b96eb67-aeee-89d5-aa85-fc650af4e25c,ok,0,0,450,36.544,61,210,405,439,292
3,16461.891014427,16461.892291761,,1,GPU-37ffc98b-8551-c8a1-5f3c-27ade9ae735a,ok,0,0,450,14.489,30,210,405,439,341
3,16461.891014427,16461.891499461,,2,GPU-5443d59d-561f-ed1e-da42-1975937205f9,ok,0,0,450,27.14,37,210,405,390,341
3,16461.891014427,16461.891765661,,3,GPU-46bf67bb-cb31-bee1-3cf0-c35337ba97d2,ok,0,0,450,26.286,41,210,405,439,292
3,16461.891014427,16461.892339171,,4,GPU-127e16de-2b5f-dde9-1932-b4e29bb818c0,ok,0,0,450,24.2,35,210,405,439,292
4,16462.891014427,16462.891998949,,0,GPU-9b96eb67-aeee-89d5-aa85-fc650af4e25c,ok,0,0,450,33.42,60,210,405,439,292
4,16462.891014427,16462.891780889,,1,GPU-37ffc98b-8551-c8a1-5f3c-27ade9ae735a,ok,0,0,450,14.55,30,210,405,439,292
4,16462.891014427,16462.892009109,,2,GPU-5443d59d-561f-ed1e-da42-1975937205f9,ok,0,0,450,27.324,37,210,405,537,292
4,16462.891014427,16462.891889059,,3,GPU-46bf67bb-cb31-bee1-3cf0-c35337ba97d2,ok,0,0,450,26.494,41,210,405,439,292
4,16462.891014427,16462.891758349,,4,GPU-127e16de-2b5f-dde9-1932-b4e29bb818c0,ok,0,0,450,24.229,35,210,405,439,341
5,16463.891014427,16463.892886937,,0,GPU-9b96eb67-aeee-89d5-aa85-fc650af4e25c,ok,0,0,1514,35.425,60,210,405,5810,21289
5,16463.891014427,16463.892916817,,1,GPU-37ffc98b-8551-c8a1-5f3c-27ade9ae735a,ok,0,0,453,15.767,30,210,405,439,341
5,16463.891014427,16463.892201697,,2,GPU-5443d59d-561f-ed1e-da42-1975937205f9,ok,0,0,453,27.84,37,210,405,439,341
5,16463.891014427,16463.891728677,,3,GPU-46bf67bb-cb31-bee1-3cf0-c35337ba97d2,ok,0,0,453,26.45,41,210,405,439,292
5,16463.891014427,16463.891564967,,4,GPU-127e16de-2b5f-dde9-1932-b4e29bb818c0,ok,0,0,453,24.223,35,210,405,439,292
6,16464.891014427,16464.892350055,,0,GPU-9b96eb67-aeee-89d5-aa85-fc650af4e25c,ok,100,23,1514,228.298,70,1485,9501,4150,12597
6,16464.891014427,16464.892387825,,1,GPU-37ffc98b-8551-c8a1-5f3c-27ade9ae735a,ok,0,0,453,24.591,30,210,405,439,341
6,16464.891014427,16464.892366365,,2,GPU-5443d59d-561f-ed1e-da42-1975937205f9,ok,0,0,453,35.639,37,210,405,439,292
6,16464.891014427,16464.891492375,,3,GPU-46bf67bb-cb31-bee1-3cf0-c35337ba97d2,ok,0,0,453,38.236,42,210,405,439,292
6,16464.891014427,16464.891725175,,4,GPU-127e16de-2b5f-dde9-1932-b4e29bb818c0,ok,0,0,453,31.291,36,210,405,390,341
7,16465.891014427,16465.891940503,,0,GPU-9b96eb67-aeee-89d5-aa85-fc650af4e25c,ok,100,29,1514,348.836,71,1455,9501,4492,11376
7,16465.891014427,16465.891881233,,1,GPU-37ffc98b-8551-c8a1-5f3c-27ade9ae735a,ok,0,0,453,24.528,31,210,405,488,292
7,16465.891014427,16465.892264353,,2,GPU-5443d59d-561f-ed1e-da42-1975937205f9,ok,0,0,453,35.465,37,210,405,537,292
7,16465.891014427,16465.891571003,,3,GPU-46bf67bb-cb31-bee1-3cf0-c35337ba97d2,ok,0,0,453,41.627,42,210,405,439,292
7,16465.891014427,16465.891925413,,4,GPU-127e16de-2b5f-dde9-1932-b4e29bb818c0,ok,0,0,453,33.876,36,210,405,439,341
8,16466.891014427,16466.892337071,,0,GPU-9b96eb67-aeee-89d5-aa85-fc650af4e25c,ok,100,25,1514,348.681,71,1485,9501,5322,9472
8,16466.891014427,16466.891595471,,1,GPU-37ffc98b-8551-c8a1-5f3c-27ade9ae735a,ok,0,0,453,15.893,31,210,405,439,292
8,16466.891014427,16466.892973172,,2,GPU-5443d59d-561f-ed1e-da42-1975937205f9,ok,0,0,453,28.659,37,210,405,537,292
8,16466.891014427,16466.892362711,,3,GPU-46bf67bb-cb31-bee1-3cf0-c35337ba97d2,ok,0,0,453,28.874,42,210,405,390,292
8,16466.891014427,16466.891685281,,4,GPU-127e16de-2b5f-dde9-1932-b4e29bb818c0,ok,0,0,453,25.648,36,210,405,439,341
9,16467.891014427,16467.891545609,,0,GPU-9b96eb67-aeee-89d5-aa85-fc650af4e25c,ok,100,23,1514,348.576,72,1470,9501,5859,7958
9,16467.891014427,16467.891813369,,1,GPU-37ffc98b-8551-c8a1-5f3c-27ade9ae735a,ok,0,0,453,14.94,30,210,405,439,341
9,16467.891014427,16467.891773909,,2,GPU-5443d59d-561f-ed1e-da42-1975937205f9,ok,0,0,453,27.67,37,210,405,439,292
9,16467.891014427,16467.891974449,,3,GPU-46bf67bb-cb31-bee1-3cf0-c35337ba97d2,ok,0,0,453,26.981,41,210,405,439,292
9,16467.891014427,16467.891667219,,4,GPU-127e16de-2b5f-dde9-1932-b4e29bb818c0,ok,0,0,453,24.538,35,210,405,439,292
10,16468.891014427,16468.891749437,,0,GPU-9b96eb67-aeee-89d5-aa85-fc650af4e25c,ok,100,27,1514,349.153,72,1440,9501,6201,10498
10,16468.891014427,16468.892403547,,1,GPU-37ffc98b-8551-c8a1-5f3c-27ade9ae735a,ok,0,0,453,14.755,30,210,405,439,292
10,16468.891014427,16468.891496757,,2,GPU-5443d59d-561f-ed1e-da42-1975937205f9,ok,0,0,453,27.291,37,210,405,390,341
10,16468.891014427,16468.892364607,,3,GPU-46bf67bb-cb31-bee1-3cf0-c35337ba97d2,ok,0,0,453,26.23,41,210,405,439,292
10,16468.891014427,16468.892256737,,4,GPU-127e16de-2b5f-dde9-1932-b4e29bb818c0,ok,0,0,453,24.133,35,210,405,439,292
11,16469.891014427,16469.891986245,,0,GPU-9b96eb67-aeee-89d5-aa85-fc650af4e25c,ok,100,25,1514,349.088,72,1470,9501,4736,12353
11,16469.891014427,16469.891971065,,1,GPU-37ffc98b-8551-c8a1-5f3c-27ade9ae735a,ok,0,0,453,14.821,30,210,405,439,292
11,16469.891014427,16469.891937395,,2,GPU-5443d59d-561f-ed1e-da42-1975937205f9,ok,0,0,453,27.345,37,210,405,439,292
11,16469.891014427,16469.891768455,,3,GPU-46bf67bb-cb31-bee1-3cf0-c35337ba97d2,ok,0,0,453,26.252,41,210,405,439,292
11,16469.891014427,16469.892014225,,4,GPU-127e16de-2b5f-dde9-1932-b4e29bb818c0,ok,0,0,453,24.051,35,210,405,439,292
12,16470.891014427,16470.891865293,,0,GPU-9b96eb67-aeee-89d5-aa85-fc650af4e25c,ok,100,23,1514,348.543,72,1470,9501,3369,14160
12,16470.891014427,16470.892225683,,1,GPU-37ffc98b-8551-c8a1-5f3c-27ade9ae735a,ok,0,0,453,14.978,30,210,405,439,341
12,16470.891014427,16470.891835243,,2,GPU-5443d59d-561f-ed1e-da42-1975937205f9,ok,0,0,453,27.536,37,210,405,439,292
12,16470.891014427,16470.891808803,,3,GPU-46bf67bb-cb31-bee1-3cf0-c35337ba97d2,ok,0,0,453,26.357,41,210,405,390,341
12,16470.891014427,16470.891563413,,4,GPU-127e16de-2b5f-dde9-1932-b4e29bb818c0,ok,0,0,453,24.013,35,210,405,390,341
13,16471.891014427,16471.891924671,,0,GPU-9b96eb67-aeee-89d5-aa85-fc650af4e25c,ok,100,23,1514,348.532,72,1470,9501,4101,12353
13,16471.891014427,16471.891869901,,1,GPU-37ffc98b-8551-c8a1-5f3c-27ade9ae735a,ok,0,0,453,14.917,30,210,405,390,341
13,16471.891014427,16471.891666111,,2,GPU-5443d59d-561f-ed1e-da42-1975937205f9,ok,0,0,453,27.528,37,210,405,439,341
13,16471.891014427,16471.891904581,,3,GPU-46bf67bb-cb31-bee1-3cf0-c35337ba97d2,ok,0,0,453,26.136,41,210,405,390,341
13,16471.891014427,16471.891834231,,4,GPU-127e16de-2b5f-dde9-1932-b4e29bb818c0,ok,0,0,453,24.046,35,210,405,439,341
14,16472.891014427,16472.891528569,,0,GPU-9b96eb67-aeee-89d5-aa85-fc650af4e25c,ok,100,23,1514,348.696,73,1470,9501,6152,8496
14,16472.891014427,16472.891855419,,1,GPU-37ffc98b-8551-c8a1-5f3c-27ade9ae735a,ok,0,0,453,15.116,30,210,405,390,292
14,16472.891014427,16472.891923649,,2,GPU-5443d59d-561f-ed1e-da42-1975937205f9,ok,0,0,453,27.551,37,210,405,537,341
14,16472.891014427,16472.891791209,,3,GPU-46bf67bb-cb31-bee1-3cf0-c35337ba97d2,ok,0,0,453,26.122,41,210,405,439,341
14,16472.891014427,16472.891816469,,4,GPU-127e16de-2b5f-dde9-1932-b4e29bb818c0,ok,0,0,453,24.195,35,210,405,439,292
15,16473.891014427,16473.891494707,,0,GPU-9b96eb67-aeee-89d5-aa85-fc650af4e25c,ok,100,22,1514,349.132,73,1455,9501,4882,9570
15,16473.891014427,16473.891976157,,1,GPU-37ffc98b-8551-c8a1-5f3c-27ade9ae735a,ok,0,0,453,15.364,30,210,405,390,292
15,16473.891014427,16473.891727617,,2,GPU-5443d59d-561f-ed1e-da42-1975937205f9,ok,0,0,453,27.714,37,210,405,390,341
15,16473.891014427,16473.891751577,,3,GPU-46bf67bb-cb31-bee1-3cf0-c35337ba97d2,ok,0,0,453,26.343,41,210,405,439,292
15,16473.891014427,16473.891912257,,4,GPU-127e16de-2b5f-dde9-1932-b4e29bb818c0,ok,0,0,453,24.221,35,210,405,390,292
16,16474.891014427,16474.892049575,,0,GPU-9b96eb67-aeee-89d5-aa85-fc650af4e25c,ok,100,22,1514,349.16,73,1470,9501,4199,11816
16,16474.891014427,16474.891990865,,1,GPU-37ffc98b-8551-c8a1-5f3c-27ade9ae735a,ok,0,0,453,15.111,30,210,405,439,292
16,16474.891014427,16474.891923705,,2,GPU-5443d59d-561f-ed1e-da42-1975937205f9,ok,0,0,453,27.56,37,210,405,439,341
16,16474.891014427,16474.892035835,,3,GPU-46bf67bb-cb31-bee1-3cf0-c35337ba97d2,ok,0,0,453,26.189,41,210,405,390,292
16,16474.891014427,16474.891865585,,4,GPU-127e16de-2b5f-dde9-1932-b4e29bb818c0,ok,0,0,453,24.139,35,210,405,439,341
17,16475.891014427,16475.891569193,,0,GPU-9b96eb67-aeee-89d5-aa85-fc650af4e25c,ok,100,22,1514,349.226,73,1470,9501,3222,15625
17,16475.891014427,16475.891871943,,1,GPU-37ffc98b-8551-c8a1-5f3c-27ade9ae735a,ok,0,0,453,14.898,30,210,405,439,341
17,16475.891014427,16475.891980383,,2,GPU-5443d59d-561f-ed1e-da42-1975937205f9,ok,0,0,453,27.419,37,210,405,439,292
17,16475.891014427,16475.891841323,,3,GPU-46bf67bb-cb31-bee1-3cf0-c35337ba97d2,ok,0,0,453,26.199,41,210,405,439,292
17,16475.891014427,16475.891799933,,4,GPU-127e16de-2b5f-dde9-1932-b4e29bb818c0,ok,0,0,453,24.087,35,210,405,439,341
18,16476.891014427,16476.892226122,,0,GPU-9b96eb67-aeee-89d5-aa85-fc650af4e25c,ok,100,26,1514,349.083,73,1470,9501,4638,10937
18,16476.891014427,16476.891865831,,1,GPU-37ffc98b-8551-c8a1-5f3c-27ade9ae735a,ok,0,0,453,15.092,30,210,405,439,292
18,16476.891014427,16476.891777861,,2,GPU-5443d59d-561f-ed1e-da42-1975937205f9,ok,0,0,453,27.53,37,210,405,439,292
18,16476.891014427,16476.891826061,,3,GPU-46bf67bb-cb31-bee1-3cf0-c35337ba97d2,ok,0,0,453,26.434,41,210,405,439,292
18,16476.891014427,16476.891585591,,4,GPU-127e16de-2b5f-dde9-1932-b4e29bb818c0,ok,0,0,453,24.056,35,210,405,390,341
19,16477.891014427,16477.891606559,,0,GPU-9b96eb67-aeee-89d5-aa85-fc650af4e25c,ok,100,26,1514,348.14,73,1470,9501,7031,8203
19,16477.891014427,16477.89224265,,1,GPU-37ffc98b-8551-c8a1-5f3c-27ade9ae735a,ok,0,0,453,15.074,30,210,405,439,292
19,16477.891014427,16477.891490259,,2,GPU-5443d59d-561f-ed1e-da42-1975937205f9,ok,0,0,453,27.45,37,210,405,390,341
19,16477.891014427,16477.89226936,,3,GPU-46bf67bb-cb31-bee1-3cf0-c35337ba97d2,ok,0,0,453,26.258,41,210,405,439,292
19,16477.891014427,16477.89255059,,4,GPU-127e16de-2b5f-dde9-1932-b4e29bb818c0,ok,0,0,453,23.979,35,210,405,439,341
20,16478.891014427,16478.891839888,,0,GPU-9b96eb67-aeee-89d5-aa85-fc650af4e25c,ok,100,22,1514,348.777,73,1425,9501,4345,11816
20,16478.891014427,16478.893759398,,1,GPU-37ffc98b-8551-c8a1-5f3c-27ade9ae735a,ok,0,0,453,14.939,30,210,405,439,341
20,16478.891014427,16478.891813238,,2,GPU-5443d59d-561f-ed1e-da42-1975937205f9,ok,0,0,453,27.518,37,210,405,390,341
20,16478.891014427,16478.891694067,,3,GPU-46bf67bb-cb31-bee1-3cf0-c35337ba97d2,ok,0,0,453,26.221,41,210,405,390,292
20,16478.891014427,16478.891869938,,4,GPU-127e16de-2b5f-dde9-1932-b4e29bb818c0,ok,0,0,453,24.116,35,210,405,390,292
21,16479.891014427,16479.891979916,,0,GPU-9b96eb67-aeee-89d5-aa85-fc650af4e25c,ok,100,20,1514,348.426,73,1470,9501,3417,15087
21,16479.891014427,16479.891920286,,1,GPU-37ffc98b-8551-c8a1-5f3c-27ade9ae735a,ok,0,0,453,15.044,30,210,405,439,292
21,16479.891014427,16479.891718445,,2,GPU-5443d59d-561f-ed1e-da42-1975937205f9,ok,0,0,453,27.693,37,210,405,439,292
21,16479.891014427,16479.891792046,,3,GPU-46bf67bb-cb31-bee1-3cf0-c35337ba97d2,ok,0,0,453,26.362,41,210,405,439,292
21,16479.891014427,16479.891954446,,4,GPU-127e16de-2b5f-dde9-1932-b4e29bb818c0,ok,0,0,453,24.267,35,210,405,439,292
22,16480.891014427,16480.891704994,,0,GPU-9b96eb67-aeee-89d5-aa85-fc650af4e25c,ok,100,26,1514,348.531,74,1440,9501,5126,9326
22,16480.891014427,16480.892270914,,1,GPU-37ffc98b-8551-c8a1-5f3c-27ade9ae735a,ok,0,0,453,15.002,30,210,405,439,292
22,16480.891014427,16480.891769754,,2,GPU-5443d59d-561f-ed1e-da42-1975937205f9,ok,0,0,453,27.611,37,210,405,439,292
22,16480.891014427,16480.892609004,,3,GPU-46bf67bb-cb31-bee1-3cf0-c35337ba97d2,ok,0,0,453,26.191,41,210,405,439,341
22,16480.891014427,16480.891625263,,4,GPU-127e16de-2b5f-dde9-1932-b4e29bb818c0,ok,0,0,453,24.262,35,210,405,439,292
23,16481.891014427,16481.891906782,,0,GPU-9b96eb67-aeee-89d5-aa85-fc650af4e25c,ok,100,21,1514,348.78,74,1455,9501,5761,7861
23,16481.891014427,16481.891963522,,1,GPU-37ffc98b-8551-c8a1-5f3c-27ade9ae735a,ok,0,0,453,15.045,30,210,405,439,292
23,16481.891014427,16481.891765362,,2,GPU-5443d59d-561f-ed1e-da42-1975937205f9,ok,0,0,453,27.573,37,210,405,390,292
23,16481.891014427,16481.891936312,,3,GPU-46bf67bb-cb31-bee1-3cf0-c35337ba97d2,ok,0,0,453,26.217,41,210,405,439,292
23,16481.891014427,16481.891865662,,4,GPU-127e16de-2b5f-dde9-1932-b4e29bb818c0,ok,0,0,453,24.048,35,210,405,439,341
24,16482.891014427,16482.89227749,,0,GPU-9b96eb67-aeee-89d5-aa85-fc650af4e25c,ok,100,21,1514,349.018,74,1470,9501,4589,14062
24,16482.891014427,16482.8915683,,1,GPU-37ffc98b-8551-c8a1-5f3c-27ade9ae735a,ok,0,0,453,15.307,30,210,405,439,292
24,16482.891014427,16482.89174778,,2,GPU-5443d59d-561f-ed1e-da42-1975937205f9,ok,0,0,453,27.64,37,210,405,439,341
24,16482.891014427,16482.89180652,,3,GPU-46bf67bb-cb31-bee1-3cf0-c35337ba97d2,ok,0,0,453,26.375,41,210,405,439,292
24,16482.891014427,16482.89183293,,4,GPU-127e16de-2b5f-dde9-1932-b4e29bb818c0,ok,0,0,453,24.058,35,210,405,439,292
25,16483.891014427,16483.892253048,,0,GPU-9b96eb67-aeee-89d5-aa85-fc650af4e25c,ok,100,25,1514,349.798,74,1440,9501,3466,12255
25,16483.891014427,16483.891546318,,1,GPU-37ffc98b-8551-c8a1-5f3c-27ade9ae735a,ok,0,0,453,15.187,30,210,405,439,292
25,16483.891014427,16483.892892758,,2,GPU-5443d59d-561f-ed1e-da42-1975937205f9,ok,0,0,453,27.513,37,210,405,488,341
25,16483.891014427,16483.891660278,,3,GPU-46bf67bb-cb31-bee1-3cf0-c35337ba97d2,ok,0,0,453,26.185,41,210,405,390,292
25,16483.891014427,16483.891812138,,4,GPU-127e16de-2b5f-dde9-1932-b4e29bb818c0,ok,0,0,453,24.309,35,210,405,390,292
26,16484.891014427,16484.892746996,,0,GPU-9b96eb67-aeee-89d5-aa85-fc650af4e25c,ok,100,24,1514,348.85,74,1440,9501,5175,9765
26,16484.891014427,16484.891743136,,1,GPU-37ffc98b-8551-c8a1-5f3c-27ade9ae735a,ok,0,0,453,15.044,30,210,405,439,292
26,16484.891014427,16484.891456986,,2,GPU-5443d59d-561f-ed1e-da42-1975937205f9,ok,0,0,453,27.439,37,210,405,439,341
26,16484.891014427,16484.892168216,,3,GPU-46bf67bb-cb31-bee1-3cf0-c35337ba97d2,ok,0,0,453,26.161,41,210,405,390,341
26,16484.891014427,16484.891601526,,4,GPU-127e16de-2b5f-dde9-1932-b4e29bb818c0,ok,0,0,453,24.276,35,210,405,439,341
27,16485.891014427,16485.891871204,,0,GPU-9b96eb67-aeee-89d5-aa85-fc650af4e25c,ok,100,21,1514,348.697,74,1455,9501,5175,9667
27,16485.891014427,16485.891779674,,1,GPU-37ffc98b-8551-c8a1-5f3c-27ade9ae735a,ok,0,0,453,15.053,30,210,405,439,341
27,16485.891014427,16485.891830954,,2,GPU-5443d59d-561f-ed1e-da42-1975937205f9,ok,0,0,453,27.571,37,210,405,390,292
27,16485.891014427,16485.891663884,,3,GPU-46bf67bb-cb31-bee1-3cf0-c35337ba97d2,ok,0,0,453,26.32,41,210,405,439,341
27,16485.891014427,16485.892357884,,4,GPU-127e16de-2b5f-dde9-1932-b4e29bb818c0,ok,0,0,453,24.094,35,210,405,439,341
28,16486.891014427,16486.891868002,,0,GPU-9b96eb67-aeee-89d5-aa85-fc650af4e25c,ok,100,20,1514,348.915,74,1470,9501,3271,14501
28,16486.891014427,16486.891762852,,1,GPU-37ffc98b-8551-c8a1-5f3c-27ade9ae735a,ok,0,0,453,14.871,30,210,405,439,292
28,16486.891014427,16486.891928762,,2,GPU-5443d59d-561f-ed1e-da42-1975937205f9,ok,0,0,453,27.639,37,210,405,390,341
28,16486.891014427,16486.891897052,,3,GPU-46bf67bb-cb31-bee1-3cf0-c35337ba97d2,ok,0,0,453,26.161,41,210,405,439,292
28,16486.891014427,16486.891655212,,4,GPU-127e16de-2b5f-dde9-1932-b4e29bb818c0,ok,0,0,453,24.217,35,210,405,439,292
29,16487.891014427,16487.89187873,,0,GPU-9b96eb67-aeee-89d5-aa85-fc650af4e25c,ok,100,27,1514,347.931,74,1455,9501,5517,8740
29,16487.891014427,16487.89178816,,1,GPU-37ffc98b-8551-c8a1-5f3c-27ade9ae735a,ok,0,0,453,14.891,30,210,405,439,292
29,16487.891014427,16487.89183432,,2,GPU-5443d59d-561f-ed1e-da42-1975937205f9,ok,0,0,453,27.652,37,210,405,439,292
29,16487.891014427,16487.89197816,,3,GPU-46bf67bb-cb31-bee1-3cf0-c35337ba97d2,ok,0,0,453,26.173,41,210,405,439,292
29,16487.891014427,16487.89193969,,4,GPU-127e16de-2b5f-dde9-1932-b4e29bb818c0,ok,0,0,453,24.395,35,210,405,439,292
30,16488.891014427,16488.891942378,,0,GPU-9b96eb67-aeee-89d5-aa85-fc650af4e25c,ok,100,21,1514,348.542,74,1440,9501,5566,10595
30,16488.891014427,16488.891653358,,1,GPU-37ffc98b-8551-c8a1-5f3c-27ade9ae735a,ok,0,0,453,15.13,30,210,405,439,341
30,16488.891014427,16488.891871158,,2,GPU-5443d59d-561f-ed1e-da42-1975937205f9,ok,0,0,453,27.649,37,210,405,390,292
30,16488.891014427,16488.891839198,,3,GPU-46bf67bb-cb31-bee1-3cf0-c35337ba97d2,ok,0,0,453,26.384,41,210,405,390,292
30,16488.891014427,16488.891804888,,4,GPU-127e16de-2b5f-dde9-1932-b4e29bb818c0,ok,0,0,453,24.124,35,210,405,439,292
31,16489.891014427,16489.893624376,,0,GPU-9b96eb67-aeee-89d5-aa85-fc650af4e25c,ok,0,0,1514,322.99,70,1950,9501,390,244
31,16489.891014427,16489.892016246,,1,GPU-37ffc98b-8551-c8a1-5f3c-27ade9ae735a,ok,0,0,453,15.088,30,210,405,439,292
31,16489.891014427,16489.891932736,,2,GPU-5443d59d-561f-ed1e-da42-1975937205f9,ok,0,0,453,27.506,37,210,405,439,292
31,16489.891014427,16489.891749696,,3,GPU-46bf67bb-cb31-bee1-3cf0-c35337ba97d2,ok,0,0,453,26.245,41,210,405,439,292
31,16489.891014427,16489.891964676,,4,GPU-127e16de-2b5f-dde9-1932-b4e29bb818c0,ok,0,0,453,24.086,35,210,405,439,341
32,16490.891014427,16490.891843044,,0,GPU-9b96eb67-aeee-89d5-aa85-fc650af4e25c,ok,0,0,1514,192.089,68,1950,9501,390,292
32,16490.891014427,16490.891817974,,1,GPU-37ffc98b-8551-c8a1-5f3c-27ade9ae735a,ok,0,0,453,15.192,30,210,405,439,292
32,16490.891014427,16490.891954984,,2,GPU-5443d59d-561f-ed1e-da42-1975937205f9,ok,0,0,453,27.392,37,210,405,439,292
32,16490.891014427,16490.893378274,,3,GPU-46bf67bb-cb31-bee1-3cf0-c35337ba97d2,ok,0,0,453,26.305,41,210,405,439,341
32,16490.891014427,16490.891893544,,4,GPU-127e16de-2b5f-dde9-1932-b4e29bb818c0,ok,0,0,453,24.243,35,210,405,439,292
33,16491.891014427,16491.891479642,,0,GPU-9b96eb67-aeee-89d5-aa85-fc650af4e25c,ok,100,26,1514,183.246,71,1455,9501,3710,13964
33,16491.891014427,16491.892617232,,1,GPU-37ffc98b-8551-c8a1-5f3c-27ade9ae735a,ok,0,0,453,15.283,30,210,405,439,341
33,16491.891014427,16491.891898482,,2,GPU-5443d59d-561f-ed1e-da42-1975937205f9,ok,0,0,453,27.475,37,210,405,439,341
33,16491.891014427,16491.892551492,,3,GPU-46bf67bb-cb31-bee1-3cf0-c35337ba97d2,ok,0,0,453,26.466,41,210,405,439,341
33,16491.891014427,16491.891619472,,4,GPU-127e16de-2b5f-dde9-1932-b4e29bb818c0,ok,0,0,453,24.266,35,210,405,439,292
34,16492.891014427,16492.89233297,,0,GPU-9b96eb67-aeee-89d5-aa85-fc650af4e25c,ok,100,22,1514,347.945,74,1455,9501,3710,13085
34,16492.891014427,16492.89162081,,1,GPU-37ffc98b-8551-c8a1-5f3c-27ade9ae735a,ok,0,0,453,14.985,30,210,405,439,292
34,16492.891014427,16492.89185674,,2,GPU-5443d59d-561f-ed1e-da42-1975937205f9,ok,0,0,453,27.433,37,210,405,439,341
34,16492.891014427,16492.89176477,,3,GPU-46bf67bb-cb31-bee1-3cf0-c35337ba97d2,ok,0,0,453,26.208,41,210,405,390,292
34,16492.891014427,16492.89192093,,4,GPU-127e16de-2b5f-dde9-1932-b4e29bb818c0,ok,0,0,453,24.343,35,210,405,439,292
35,16493.891014427,16493.891820168,,0,GPU-9b96eb67-aeee-89d5-aa85-fc650af4e25c,ok,100,25,1514,348.182,74,1455,9501,6640,7812
35,16493.891014427,16493.891734478,,1,GPU-37ffc98b-8551-c8a1-5f3c-27ade9ae735a,ok,0,0,453,14.905,30,210,405,439,292
35,16493.891014427,16493.891857098,,2,GPU-5443d59d-561f-ed1e-da42-1975937205f9,ok,0,0,453,27.499,37,210,405,439,292
35,16493.891014427,16493.891653548,,3,GPU-46bf67bb-cb31-bee1-3cf0-c35337ba97d2,ok,0,0,453,26.169,41,210,405,390,292
35,16493.891014427,16493.891907098,,4,GPU-127e16de-2b5f-dde9-1932-b4e29bb818c0,ok,0,0,453,24.423,35,210,405,390,292
36,16494.891014427,16494.892347826,,0,GPU-9b96eb67-aeee-89d5-aa85-fc650af4e25c,ok,100,20,1514,347.827,74,1455,9501,5029,12939
36,16494.891014427,16494.891547126,,1,GPU-37ffc98b-8551-c8a1-5f3c-27ade9ae735a,ok,0,0,453,15.063,30,210,405,439,341
36,16494.891014427,16494.892410656,,2,GPU-5443d59d-561f-ed1e-da42-1975937205f9,ok,0,0,453,27.608,37,210,405,390,292
36,16494.891014427,16494.892300846,,3,GPU-46bf67bb-cb31-bee1-3cf0-c35337ba97d2,ok,0,0,453,26.37,41,210,405,439,292
36,16494.891014427,16494.891679636,,4,GPU-127e16de-2b5f-dde9-1932-b4e29bb818c0,ok,0,0,453,24.5,35,210,405,439,341
37,16495.891014427,16495.891873714,,0,GPU-9b96eb67-aeee-89d5-aa85-fc650af4e25c,ok,100,22,1514,348.965,74,1455,9501,3417,13574
37,16495.891014427,16495.891647214,,1,GPU-37ffc98b-8551-c8a1-5f3c-27ade9ae735a,ok,0,0,453,15.116,30,210,405,390,292
37,16495.891014427,16495.891888824,,2,GPU-5443d59d-561f-ed1e-da42-1975937205f9,ok,0,0,453,27.532,37,210,405,390,341
37,16495.891014427,16495.892338674,,3,GPU-46bf67bb-cb31-bee1-3cf0-c35337ba97d2,ok,0,0,453,26.253,41,210,405,439,292
37,16495.891014427,16495.891833964,,4,GPU-127e16de-2b5f-dde9-1932-b4e29bb818c0,ok,0,0,453,24.65,35,210,405,439,292
38,16496.891014427,16496.891536462,,0,GPU-9b96eb67-aeee-89d5-aa85-fc650af4e25c,ok,100,25,1514,348.981,74,1455,9501,5322,9521
38,16496.891014427,16496.893723602,,1,GPU-37ffc98b-8551-c8a1-5f3c-27ade9ae735a,ok,0,0,453,15.094,30,210,405,439,292
38,16496.891014427,16496.891710862,,2,GPU-5443d59d-561f-ed1e-da42-1975937205f9,ok,0,0,453,27.558,37,210,405,390,341
38,16496.891014427,16496.891749062,,3,GPU-46bf67bb-cb31-bee1-3cf0-c35337ba97d2,ok,0,0,453,26.253,41,210,405,439,341
38,16496.891014427,16496.891780852,,4,GPU-127e16de-2b5f-dde9-1932-b4e29bb818c0,ok,0,0,453,24.693,35,210,405,439,292
39,16497.891014427,16497.89190505,,0,GPU-9b96eb67-aeee-89d5-aa85-fc650af4e25c,ok,100,21,1514,348.708,75,1470,9501,4492,10498
39,16497.891014427,16497.89171647,,1,GPU-37ffc98b-8551-c8a1-5f3c-27ade9ae735a,ok,0,0,453,15.237,30,210,405,439,292
39,16497.891014427,16497.89199844,,2,GPU-5443d59d-561f-ed1e-da42-1975937205f9,ok,0,0,453,27.523,37,210,405,439,292
39,16497.891014427,16497.89195107,,3,GPU-46bf67bb-cb31-bee1-3cf0-c35337ba97d2,ok,0,0,453,26.406,41,210,405,439,292
39,16497.891014427,16497.89201878,,4,GPU-127e16de-2b5f-dde9-1932-b4e29bb818c0,ok,0,0,453,24.42,35,210,405,439,292
40,16498.891014427,16498.893544028,,0,GPU-9b96eb67-aeee-89d5-aa85-fc650af4e25c,ok,100,24,1514,349.194,74,1440,9501,4150,18066
40,16498.891014427,16498.892983378,,1,GPU-37ffc98b-8551-c8a1-5f3c-27ade9ae735a,ok,0,0,453,15.14,30,210,405,439,292
40,16498.891014427,16498.891693818,,2,GPU-5443d59d-561f-ed1e-da42-1975937205f9,ok,0,0,453,27.448,37,210,405,439,341
40,16498.891014427,16498.891664018,,3,GPU-46bf67bb-cb31-bee1-3cf0-c35337ba97d2,ok,0,0,453,26.32,41,210,405,439,292
40,16498.891014427,16498.891759708,,4,GPU-127e16de-2b5f-dde9-1932-b4e29bb818c0,ok,0,0,453,24.423,35,210,405,439,341
41,16499.891014427,16499.891897736,,0,GPU-9b96eb67-aeee-89d5-aa85-fc650af4e25c,ok,100,24,1514,348.466,75,1470,9501,4345,10644
41,16499.891014427,16499.891703436,,1,GPU-37ffc98b-8551-c8a1-5f3c-27ade9ae735a,ok,0,0,453,14.988,30,210,405,439,292
41,16499.891014427,16499.891552866,,2,GPU-5443d59d-561f-ed1e-da42-1975937205f9,ok,0,0,453,27.614,37,210,405,390,341
41,16499.891014427,16499.891774976,,3,GPU-46bf67bb-cb31-bee1-3cf0-c35337ba97d2,ok,0,0,453,26.378,41,210,405,390,292
41,16499.891014427,16499.893482456,,4,GPU-127e16de-2b5f-dde9-1932-b4e29bb818c0,ok,0,0,453,24.556,35,210,405,439,341
42,16500.891014427,16500.892991494,,0,GPU-9b96eb67-aeee-89d5-aa85-fc650af4e25c,ok,100,26,1514,348.326,75,1470,9501,5419,7617
42,16500.891014427,16500.891774314,,1,GPU-37ffc98b-8551-c8a1-5f3c-27ade9ae735a,ok,0,0,453,15.09,30,210,405,439,292
42,16500.891014427,16500.891627124,,2,GPU-5443d59d-561f-ed1e-da42-1975937205f9,ok,0,0,453,27.605,37,210,405,439,341
42,16500.891014427,16500.893032164,,3,GPU-46bf67bb-cb31-bee1-3cf0-c35337ba97d2,ok,0,0,453,26.325,41,210,405,439,292
42,16500.891014427,16500.891645774,,4,GPU-127e16de-2b5f-dde9-1932-b4e29bb818c0,ok,0,0,453,24.38,35,210,405,439,292
43,16501.891014427,16501.891794412,,0,GPU-9b96eb67-aeee-89d5-aa85-fc650af4e25c,ok,100,22,1514,348.404,75,1440,9501,3906,13232
43,16501.891014427,16501.891688222,,1,GPU-37ffc98b-8551-c8a1-5f3c-27ade9ae735a,ok,0,0,453,15.13,30,210,405,390,341
43,16501.891014427,16501.893485563,,2,GPU-5443d59d-561f-ed1e-da42-1975937205f9,ok,0,0,453,27.462,37,210,405,439,341
43,16501.891014427,16501.891656612,,3,GPU-46bf67bb-cb31-bee1-3cf0-c35337ba97d2,ok,0,0,453,26.312,41,210,405,439,292
43,16501.891014427,16501.891620112,,4,GPU-127e16de-2b5f-dde9-1932-b4e29bb818c0,ok,0,0,453,24.271,35,210,405,439,292
44,16502.891014427,16502.89189688,,0,GPU-9b96eb67-aeee-89d5-aa85-fc650af4e25c,ok,100,22,1514,348.342,75,1470,9501,4052,15136
44,16502.891014427,16502.89193437,,1,GPU-37ffc98b-8551-c8a1-5f3c-27ade9ae735a,ok,0,0,453,15.172,30,210,405,439,341
44,16502.891014427,16502.8917359,,2,GPU-5443d59d-561f-ed1e-da42-1975937205f9,ok,0,0,453,27.622,37,210,405,390,341
44,16502.891014427,16502.89181077,,3,GPU-46bf67bb-cb31-bee1-3cf0-c35337ba97d2,ok,0,0,453,26.464,41,210,405,390,292
44,16502.891014427,16502.89177925,,4,GPU-127e16de-2b5f-dde9-1932-b4e29bb818c0,ok,0,0,453,24.192,35,210,405,439,341
45,16503.891014427,16503.891983468,,0,GPU-9b96eb67-aeee-89d5-aa85-fc650af4e25c,ok,100,20,1514,349.169,75,1455,9501,5712,7470
45,16503.891014427,16503.891924288,,1,GPU-37ffc98b-8551-c8a1-5f3c-27ade9ae735a,ok,0,0,453,15.042,30,210,405,439,292
45,16503.891014427,16503.891906378,,2,GPU-5443d59d-561f-ed1e-da42-1975937205f9,ok,0,0,453,27.601,37,210,405,390,292
45,16503.891014427,16503.891951268,,3,GPU-46bf67bb-cb31-bee1-3cf0-c35337ba97d2,ok,0,0,453,26.29,41,210,405,439,341
45,16503.891014427,16503.891729918,,4,GPU-127e16de-2b5f-dde9-1932-b4e29bb818c0,ok,0,0,453,24.083,35,210,405,439,341
46,16504.891014427,16504.891952356,,0,GPU-9b96eb67-aeee-89d5-aa85-fc650af4e25c,ok,100,22,1514,348.825,75,1425,9501,3759,13378
46,16504.891014427,16504.891909046,,1,GPU-37ffc98b-8551-c8a1-5f3c-27ade9ae735a,ok,0,0,453,14.862,30,210,405,439,292
46,16504.891014427,16504.891857986,,2,GPU-5443d59d-561f-ed1e-da42-1975937205f9,ok,0,0,453,27.503,37,210,405,439,292
46,16504.891014427,16504.891967916,,3,GPU-46bf67bb-cb31-bee1-3cf0-c35337ba97d2,ok,0,0,453,26.373,41,210,405,439,341
46,16504.891014427,16504.891627826,,4,GPU-127e16de-2b5f-dde9-1932-b4e29bb818c0,ok,0,0,453,24.049,35,210,405,390,292
47,16505.891014427,16505.892948334,,0,GPU-9b96eb67-aeee-89d5-aa85-fc650af4e25c,ok,100,23,1514,349.139,75,1440,9501,3759,11865
47,16505.891014427,16505.891662004,,1,GPU-37ffc98b-8551-c8a1-5f3c-27ade9ae735a,ok,0,0,453,14.863,30,210,405,439,341
47,16505.891014427,16505.891624624,,2,GPU-5443d59d-561f-ed1e-da42-1975937205f9,ok,0,0,453,27.577,37,210,405,439,292
47,16505.891014427,16505.893513635,,3,GPU-46bf67bb-cb31-bee1-3cf0-c35337ba97d2,ok,0,0,453,26.468,41,210,405,439,292
47,16505.891014427,16505.891752464,,4,GPU-127e16de-2b5f-dde9-1932-b4e29bb818c0,ok,0,0,453,24.0,35,210,405,439,292
48,16506.891014427,16506.891876002,,0,GPU-9b96eb67-aeee-89d5-aa85-fc650af4e25c,ok,100,21,1514,348.785,75,1455,9501,5664,7519
48,16506.891014427,16506.891755542,,1,GPU-37ffc98b-8551-c8a1-5f3c-27ade9ae735a,ok,0,0,453,14.768,30,210,405,439,292
48,16506.891014427,16506.891916972,,2,GPU-5443d59d-561f-ed1e-da42-1975937205f9,ok,0,0,453,27.421,37,210,405,390,292
48,16506.891014427,16506.891957462,,3,GPU-46bf67bb-cb31-bee1-3cf0-c35337ba97d2,ok,0,0,453,26.23,41,210,405,390,292
48,16506.891014427,16506.891686992,,4,GPU-127e16de-2b5f-dde9-1932-b4e29bb818c0,ok,0,0,453,23.986,35,210,405,439,292
49,16507.891014427,16507.8917561,,0,GPU-9b96eb67-aeee-89d5-aa85-fc650af4e25c,ok,100,20,1514,348.647,75,1455,9501,4150,11914
49,16507.891014427,16507.893238021,,1,GPU-37ffc98b-8551-c8a1-5f3c-27ade9ae735a,ok,0,0,453,14.846,30,210,405,439,292
49,16507.891014427,16507.89183845,,2,GPU-5443d59d-561f-ed1e-da42-1975937205f9,ok,0,0,453,27.475,37,210,405,439,292
49,16507.891014427,16507.89159064,,3,GPU-46bf67bb-cb31-bee1-3cf0-c35337ba97d2,ok,0,0,453,26.271,41,210,405,439,292
49,16507.891014427,16507.89177961,,4,GPU-127e16de-2b5f-dde9-1932-b4e29bb818c0,ok,0,0,453,24.165,35,210,405,439,341
50,16508.891014427,16508.891841748,,0,GPU-9b96eb67-aeee-89d5-aa85-fc650af4e25c,ok,100,22,1514,348.496,75,1470,9501,3710,15869
50,16508.891014427,16508.891705578,,1,GPU-37ffc98b-8551-c8a1-5f3c-27ade9ae735a,ok,0,0,453,15.037,30,210,405,439,341
50,16508.891014427,16508.891870558,,2,GPU-5443d59d-561f-ed1e-da42-1975937205f9,ok,0,0,453,27.648,37,210,405,439,341
50,16508.891014427,16508.891894798,,3,GPU-46bf67bb-cb31-bee1-3cf0-c35337ba97d2,ok,0,0,453,26.405,41,210,405,439,292
50,16508.891014427,16508.891782618,,4,GPU-127e16de-2b5f-dde9-1932-b4e29bb818c0,ok,0,0,453,24.314,35,210,405,439,341
51,16509.891014427,16509.891778516,,0,GPU-9b96eb67-aeee-89d5-aa85-fc650af4e25c,ok,100,24,1514,349.118,75,1440,9501,5810,7470
51,16509.891014427,16509.891563846,,1,GPU-37ffc98b-8551-c8a1-5f3c-27ade9ae735a,ok,0,0,453,14.979,30,210,405,439,292
51,16509.891014427,16509.891904586,,2,GPU-5443d59d-561f-ed1e-da42-1975937205f9,ok,0,0,453,27.492,37,210,405,439,341
51,16509.891014427,16509.891863336,,3,GPU-46bf67bb-cb31-bee1-3cf0-c35337ba97d2,ok,0,0,453,26.218,41,210,405,439,292
51,16509.891014427,16509.892272596,,4,GPU-127e16de-2b5f-dde9-1932-b4e29bb818c0,ok,0,0,453,24.197,35,210,405,439,292
52,16510.891014427,16510.892358484,,0,GPU-9b96eb67-aeee-89d5-aa85-fc650af4e25c,ok,100,22,1514,348.346,75,1455,9501,4150,11767
52,16510.891014427,16510.891385124,,1,GPU-37ffc98b-8551-c8a1-5f3c-27ade9ae735a,ok,0,0,453,15.082,30,210,405,390,292
52,16510.891014427,16510.892250014,,2,GPU-5443d59d-561f-ed1e-da42-1975937205f9,ok,0,0,453,27.478,37,210,405,390,341
52,16510.891014427,16510.892332264,,3,GPU-46bf67bb-cb31-bee1-3cf0-c35337ba97d2,ok,0,0,453,26.193,41,210,405,439,341
52,16510.891014427,16510.892289274,,4,GPU-127e16de-2b5f-dde9-1932-b4e29bb818c0,ok,0,0,453,24.136,35,210,405,439,292
53,16511.891014427,16511.891858482,,0,GPU-9b96eb67-aeee-89d5-aa85-fc650af4e25c,ok,100,22,1514,347.811,75,1455,9501,3710,17626
53,16511.891014427,16511.891558202,,1,GPU-37ffc98b-8551-c8a1-5f3c-27ade9ae735a,ok,0,0,453,15.203,30,210,405,439,341
53,16511.891014427,16511.892350252,,2,GPU-5443d59d-561f-ed1e-da42-1975937205f9,ok,0,0,453,27.533,37,210,405,439,292
53,16511.891014427,16511.892288112,,3,GPU-46bf67bb-cb31-bee1-3cf0-c35337ba97d2,ok,0,0,453,26.339,41,210,405,439,341
53,16511.891014427,16511.891816782,,4,GPU-127e16de-2b5f-dde9-1932-b4e29bb818c0,ok,0,0,453,24.215,35,210,405,439,292
54,16512.891014427,16512.89180732,,0,GPU-9b96eb67-aeee-89d5-aa85-fc650af4e25c,ok,100,21,1514,349.065,75,1440,9501,5468,7714
54,16512.891014427,16512.89176564,,1,GPU-37ffc98b-8551-c8a1-5f3c-27ade9ae735a,ok,0,0,453,14.978,30,210,405,439,292
54,16512.891014427,16512.89185551,,2,GPU-5443d59d-561f-ed1e-da42-1975937205f9,ok,0,0,453,27.405,37,210,405,439,292
54,16512.891014427,16512.893309391,,3,GPU-46bf67bb-cb31-bee1-3cf0-c35337ba97d2,ok,0,0,453,26.151,41,210,405,439,292
54,16512.891014427,16512.89174895,,4,GPU-127e16de-2b5f-dde9-1932-b4e29bb818c0,ok,0,0,453,24.19,35,210,405,439,341
55,16513.891014427,16513.891699078,,0,GPU-9b96eb67-aeee-89d5-aa85-fc650af4e25c,ok,100,20,1514,348.869,75,1425,9501,3466,14013
55,16513.891014427,16513.893262329,,1,GPU-37ffc98b-8551-c8a1-5f3c-27ade9ae735a,ok,0,0,453,14.916,30,210,405,439,292
55,16513.891014427,16513.891719668,,2,GPU-5443d59d-561f-ed1e-da42-1975937205f9,ok,0,0,453,27.422,37,210,405,390,292
55,16513.891014427,16513.892301918,,3,GPU-46bf67bb-cb31-bee1-3cf0-c35337ba97d2,ok,0,0,453,26.137,41,210,405,439,292
55,16513.891014427,16513.891590908,,4,GPU-127e16de-2b5f-dde9-1932-b4e29bb818c0,ok,0,0,453,24.069,35,210,405,439,292
56,16514.891014427,16514.891508866,,0,GPU-9b96eb67-aeee-89d5-aa85-fc650af4e25c,ok,100,22,1514,348.708,75,1455,9501,4199,10791
56,16514.891014427,16514.891770216,,1,GPU-37ffc98b-8551-c8a1-5f3c-27ade9ae735a,ok,0,0,453,15.17,30,210,405,439,341
56,16514.891014427,16514.891708136,,2,GPU-5443d59d-561f-ed1e-da42-1975937205f9,ok,0,0,453,27.605,37,210,405,439,292
56,16514.891014427,16514.891962216,,3,GPU-46bf67bb-cb31-bee1-3cf0-c35337ba97d2,ok,0,0,453,26.317,41,210,405,439,292
56,16514.891014427,16514.892017846,,4,GPU-127e16de-2b5f-dde9-1932-b4e29bb818c0,ok,0,0,453,24.132,35,210,405,390,292
57,16515.891014427,16515.891819484,,0,GPU-9b96eb67-aeee-89d5-aa85-fc650af4e25c,ok,100,20,1514,348.424,75,1455,9501,5908,8740
57,16515.891014427,16515.891892084,,1,GPU-37ffc98b-8551-c8a1-5f3c-27ade9ae735a,ok,0,0,453,15.28,30,210,405,439,292
57,16515.891014427,16515.892000184,,2,GPU-5443d59d-561f-ed1e-da42-1975937205f9,ok,0,0,453,27.576,37,210,405,439,292
57,16515.891014427,16515.891952444,,3,GPU-46bf67bb-cb31-bee1-3cf0-c35337ba97d2,ok,0,0,453,26.158,41,210,405,390,292
57,16515.891014427,16515.891936894,,4,GPU-127e16de-2b5f-dde9-1932-b4e29bb818c0,ok,0,0,453,24.205,35,210,405,439,292
58,16516.891014427,16516.893485773,,0,GPU-9b96eb67-aeee-89d5-aa85-fc650af4e25c,ok,100,22,1514,348.876,75,1425,9501,488,292
58,16516.891014427,16516.891798532,,1,GPU-37ffc98b-8551-c8a1-5f3c-27ade9ae735a,ok,0,0,453,15.269,30,210,405,439,292
58,16516.891014427,16516.891540642,,2,GPU-5443d59d-561f-ed1e-da42-1975937205f9,ok,0,0,453,27.522,37,210,405,439,341
58,16516.891014427,16516.891638332,,3,GPU-46bf67bb-cb31-bee1-3cf0-c35337ba97d2,ok,0,0,453,26.134,41,210,405,439,292
58,16516.891014427,16516.891671932,,4,GPU-127e16de-2b5f-dde9-1932-b4e29bb818c0,ok,0,0,453,24.24,35,210,405,439,292
59,16517.891014427,16517.89173992,,0,GPU-9b96eb67-aeee-89d5-aa85-fc650af4e25c,ok,0,0,1514,258.564,70,1950,9501,390,292
59,16517.891014427,16517.892152231,,1,GPU-37ffc98b-8551-c8a1-5f3c-27ade9ae735a,ok,0,0,453,15.329,30,210,405,439,292
59,16517.891014427,16517.89202747,,2,GPU-5443d59d-561f-ed1e-da42-1975937205f9,ok,0,0,453,27.607,37,210,405,390,341
59,16517.891014427,16517.89205137,,3,GPU-46bf67bb-cb31-bee1-3cf0-c35337ba97d2,ok,0,0,453,26.238,41,210,405,439,292
59,16517.891014427,16517.89196524,,4,GPU-127e16de-2b5f-dde9-1932-b4e29bb818c0,ok,0,0,453,24.311,35,210,405,439,292
60,16518.891014427,16518.891786528,,0,GPU-9b96eb67-aeee-89d5-aa85-fc650af4e25c,ok,0,0,1514,193.613,69,1950,9501,6689,14648
60,16518.891014427,16518.891581958,,1,GPU-37ffc98b-8551-c8a1-5f3c-27ade9ae735a,ok,0,0,453,15.145,30,210,405,439,341
60,16518.891014427,16518.891901558,,2,GPU-5443d59d-561f-ed1e-da42-1975937205f9,ok,0,0,453,27.453,37,210,405,439,341
60,16518.891014427,16518.891837388,,3,GPU-46bf67bb-cb31-bee1-3cf0-c35337ba97d2,ok,0,0,453,26.099,41,210,405,439,341
60,16518.891014427,16518.892296949,,4,GPU-127e16de-2b5f-dde9-1932-b4e29bb818c0,ok,0,0,453,24.161,35,210,405,439,341
61,16519.891014427,16519.891844326,,0,GPU-9b96eb67-aeee-89d5-aa85-fc650af4e25c,ok,100,23,1514,226.839,74,1470,9501,3173,13427
61,16519.891014427,16519.891618816,,1,GPU-37ffc98b-8551-c8a1-5f3c-27ade9ae735a,ok,0,0,453,15.045,30,210,405,439,292
61,16519.891014427,16519.892924497,,2,GPU-5443d59d-561f-ed1e-da42-1975937205f9,ok,0,0,453,27.379,37,210,405,439,341
61,16519.891014427,16519.891643596,,3,GPU-46bf67bb-cb31-bee1-3cf0-c35337ba97d2,ok,0,0,453,26.208,41,210,405,390,341
61,16519.891014427,16519.891813136,,4,GPU-127e16de-2b5f-dde9-1932-b4e29bb818c0,ok,0,0,453,23.844,35,210,405,390,292
62,16520.891014427,16520.891811984,,0,GPU-9b96eb67-aeee-89d5-aa85-fc650af4e25c,ok,100,22,1514,349.273,75,1470,9501,4931,9228
62,16520.891014427,16520.891719264,,1,GPU-37ffc98b-8551-c8a1-5f3c-27ade9ae735a,ok,0,0,453,15.168,30,210,405,439,292
62,16520.891014427,16520.892309495,,2,GPU-5443d59d-561f-ed1e-da42-1975937205f9,ok,0,0,453,27.495,37,210,405,390,341
62,16520.891014427,16520.891786094,,3,GPU-46bf67bb-cb31-bee1-3cf0-c35337ba97d2,ok,0,0,453,26.391,41,210,405,439,292
62,16520.891014427,16520.891589974,,4,GPU-127e16de-2b5f-dde9-1932-b4e29bb818c0,ok,0,0,453,23.946,35,210,405,439,292
63,16521.891014427,16521.891802762,,0,GPU-9b96eb67-aeee-89d5-aa85-fc650af4e25c,ok,100,21,1514,348.203,75,1470,9501,5517,9570
63,16521.891014427,16521.891522892,,1,GPU-37ffc98b-8551-c8a1-5f3c-27ade9ae735a,ok,0,0,453,14.948,30,210,405,439,341
63,16521.891014427,16521.892222373,,2,GPU-5443d59d-561f-ed1e-da42-1975937205f9,ok,0,0,453,27.451,37,210,405,390,292
63,16521.891014427,16521.891766922,,3,GPU-46bf67bb-cb31-bee1-3cf0-c35337ba97d2,ok,0,0,453,26.202,41,210,405,439,292
63,16521.891014427,16521.892158283,,4,GPU-127e16de-2b5f-dde9-1932-b4e29bb818c0,ok,0,0,453,24.267,35,210,405,439,292
64,16522.891014427,16522.891935891,,0,GPU-9b96eb67-aeee-89d5-aa85-fc650af4e25c,ok,100,22,1514,348.962,75,1455,9501,3564,14794
64,16522.891014427,16522.891910421,,1,GPU-37ffc98b-8551-c8a1-5f3c-27ade9ae735a,ok,0,0,453,14.996,30,210,405,439,292
64,16522.891014427,16522.891841891,,2,GPU-5443d59d-561f-ed1e-da42-1975937205f9,ok,0,0,453,27.504,37,210,405,439,292
64,16522.891014427,16522.89163781,,3,GPU-46bf67bb-cb31-bee1-3cf0-c35337ba97d2,ok,0,0,453,26.224,41,210,405,439,292
64,16522.891014427,16522.891966631,,4,GPU-127e16de-2b5f-dde9-1932-b4e29bb818c0,ok,0,0,453,24.115,35,210,405,390,292
65,16523.891014427,16523.891698989,,0,GPU-9b96eb67-aeee-89d5-aa85-fc650af4e25c,ok,100,22,1514,349.081,75,1440,9501,5322,8837
65,16523.891014427,16523.893150879,,1,GPU-37ffc98b-8551-c8a1-5f3c-27ade9ae735a,ok,0,0,453,15.259,30,210,405,439,292
65,16523.891014427,16523.891542758,,2,GPU-5443d59d-561f-ed1e-da42-1975937205f9,ok,0,0,453,27.627,37,210,405,439,292
65,16523.891014427,16523.892253809,,3,GPU-46bf67bb-cb31-bee1-3cf0-c35337ba97d2,ok,0,0,453,26.477,41,210,405,390,292
65,16523.891014427,16523.891733449,,4,GPU-127e16de-2b5f-dde9-1932-b4e29bb818c0,ok,0,0,453,24.055,35,210,405,439,292
66,16524.891014427,16524.891802967,,0,GPU-9b96eb67-aeee-89d5-aa85-fc650af4e25c,ok,100,20,1514,348.626,75,1455,9501,6152,9716
66,16524.891014427,16524.891605757,,1,GPU-37ffc98b-8551-c8a1-5f3c-27ade9ae735a,ok,0,0,453,15.023,30,210,405,439,341
66,16524.891014427,16524.892374767,,2,GPU-5443d59d-561f-ed1e-da42-1975937205f9,ok,0,0,453,27.529,37,210,405,439,341
66,16524.891014427,16524.891741587,,3,GPU-46bf67bb-cb31-bee1-3cf0-c35337ba97d2,ok,0,0,453,26.355,41,210,405,439,292
66,16524.891014427,16524.892348327,,4,GPU-127e16de-2b5f-dde9-1932-b4e29bb818c0,ok,0,0,453,23.983,35,210,405,439,341
67,16525.891014427,16525.891876865,,0,GPU-9b96eb67-aeee-89d5-aa85-fc650af4e25c,ok,100,23,1514,349.018,75,1455,9501,3955,13671
67,16525.891014427,16525.891902745,,1,GPU-37ffc98b-8551-c8a1-5f3c-27ade9ae735a,ok,0,0,453,14.863,30,210,405,439,292
67,16525.891014427,16525.891724955,,2,GPU-5443d59d-561f-ed1e-da42-1975937205f9,ok,0,0,453,27.482,37,210,405,439,341
67,16525.891014427,16525.891933945,,3,GPU-46bf67bb-cb31-bee1-3cf0-c35337ba97d2,ok,0,0,453,26.322,41,210,405,439,341
67,16525.891014427,16525.891655545,,4,GPU-127e16de-2b5f-dde9-1932-b4e29bb818c0,ok,0,0,453,23.967,35,210,405,439,292
68,16526.891014427,16526.891933473,,0,GPU-9b96eb67-aeee-89d5-aa85-fc650af4e25c,ok,100,23,1514,349.133,75,1425,9501,4833,10839
68,16526.891014427,16526.891825983,,1,GPU-37ffc98b-8551-c8a1-5f3c-27ade9ae735a,ok,0,0,453,15.017,30,210,405,439,292
68,16526.891014427,16526.891657653,,2,GPU-5443d59d-561f-ed1e-da42-1975937205f9,ok,0,0,453,27.576,37,210,405,439,341
68,16526.891014427,16526.891909563,,3,GPU-46bf67bb-cb31-bee1-3cf0-c35337ba97d2,ok,0,0,453,26.481,41,210,405,439,341
68,16526.891014427,16526.891788803,,4,GPU-127e16de-2b5f-dde9-1932-b4e29bb818c0,ok,0,0,453,24.125,35,210,405,439,292
69,16527.891014427,16527.891893991,,0,GPU-9b96eb67-aeee-89d5-aa85-fc650af4e25c,ok,100,22,1514,348.89,75,1440,9501,6591,7910
69,16527.891014427,16527.891825361,,1,GPU-37ffc98b-8551-c8a1-5f3c-27ade9ae735a,ok,0,0,453,15.061,30,210,405,439,292
69,16527.891014427,16527.891866521,,2,GPU-5443d59d-561f-ed1e-da42-1975937205f9,ok,0,0,453,27.478,37,210,405,390,341
69,16527.891014427,16527.891624411,,3,GPU-46bf67bb-cb31-bee1-3cf0-c35337ba97d2,ok,0,0,453,26.314,41,210,405,390,292
69,16527.891014427,16527.891648551,,4,GPU-127e16de-2b5f-dde9-1932-b4e29bb818c0,ok,0,0,453,24.2,35,210,405,439,341
70,16528.891014427,16528.893494339,,0,GPU-9b96eb67-aeee-89d5-aa85-fc650af4e25c,ok,100,24,1514,348.429,75,1455,9501,4296,12792
70,16528.891014427,16528.891561939,,1,GPU-37ffc98b-8551-c8a1-5f3c-27ade9ae735a,ok,0,0,453,15.113,30,210,405,439,341
70,16528.891014427,16528.891748249,,2,GPU-5443d59d-561f-ed1e-da42-1975937205f9,ok,0,0,453,27.406,37,210,405,390,341
70,16528.891014427,16528.891780319,,3,GPU-46bf67bb-cb31-bee1-3cf0-c35337ba97d2,ok,0,0,453,26.291,41,210,405,439,292
70,16528.891014427,16528.891852719,,4,GPU-127e16de-2b5f-dde9-1932-b4e29bb818c0,ok,0,0,453,24.161,35,210,405,439,292
71,16529.891014427,16529.891730547,,0,GPU-9b96eb67-aeee-89d5-aa85-fc650af4e25c,ok,100,24,1514,348.274,75,1440,9501,5175,12695
71,16529.891014427,16529.891579157,,1,GPU-37ffc98b-8551-c8a1-5f3c-27ade9ae735a,ok,0,0,453,15.162,30,210,405,439,292
71,16529.891014427,16529.891687887,,2,GPU-5443d59d-561f-ed1e-da42-1975937205f9,ok,0,0,453,27.514,37,210,405,439,341
71,16529.891014427,16529.892272277,,3,GPU-46bf67bb-cb31-bee1-3cf0-c35337ba97d2,ok,0,0,453,26.454,41,210,405,439,292
71,16529.891014427,16529.893239347,,4,GPU-127e16de-2b5f-dde9-1932-b4e29bb818c0,ok,0,0,453,23.995,35,210,405,439,292
72,16530.891014427,16530.892384235,,0,GPU-9b96eb67-aeee-89d5-aa85-fc650af4e25c,ok,100,21,1514,348.976,75,1440,9501,6250,8544
72,16530.891014427,16530.891391075,,1,GPU-37ffc98b-8551-c8a1-5f3c-27ade9ae735a,ok,0,0,453,15.076,30,210,405,390,292
72,16530.891014427,16530.892247575,,2,GPU-5443d59d-561f-ed1e-da42-1975937205f9,ok,0,0,453,27.506,37,210,405,439,341
72,16530.891014427,16530.892349095,,3,GPU-46bf67bb-cb31-bee1-3cf0-c35337ba97d2,ok,0,0,453,26.363,41,210,405,439,292
72,16530.891014427,16530.892303775,,4,GPU-127e16de-2b5f-dde9-1932-b4e29bb818c0,ok,0,0,453,23.931,35,210,405,390,292
73,16531.891014427,16531.891777163,,0,GPU-9b96eb67-aeee-89d5-aa85-fc650af4e25c,ok,100,22,1514,349.124,75,1455,9501,3906,14257
73,16531.891014427,16531.891697163,,1,GPU-37ffc98b-8551-c8a1-5f3c-27ade9ae735a,ok,0,0,453,15.118,30,210,405,439,292
73,16531.891014427,16531.891930633,,2,GPU-5443d59d-561f-ed1e-da42-1975937205f9,ok,0,0,453,27.441,37,210,405,390,292
73,16531.891014427,16531.891821273,,3,GPU-46bf67bb-cb31-bee1-3cf0-c35337ba97d2,ok,0,0,453,26.379,41,210,405,390,341
73,16531.891014427,16531.891865553,,4,GPU-127e16de-2b5f-dde9-1932-b4e29bb818c0,ok,0,0,453,23.996,35,210,405,439,341
74,16532.891014427,16532.891917901,,0,GPU-9b96eb67-aeee-89d5-aa85-fc650af4e25c,ok,100,24,1514,349.084,75,1440,9501,5468,11914
74,16532.891014427,16532.891618911,,1,GPU-37ffc98b-8551-c8a1-5f3c-27ade9ae735a,ok,0,0,453,15.181,30,210,405,390,341
74,16532.891014427,16532.891815661,,2,GPU-5443d59d-561f-ed1e-da42-1975937205f9,ok,0,0,453,27.459,37,210,405,439,292
74,16532.891014427,16532.891955571,,3,GPU-46bf67bb-cb31-bee1-3cf0-c35337ba97d2,ok,0,0,453,26.438,41,210,405,390,341
74,16532.891014427,16532.891850541,,4,GPU-127e16de-2b5f-dde9-1932-b4e29bb818c0,ok,0,0,453,24.135,35,210,405,439,292
75,16533.891014427,16533.891950129,,0,GPU-9b96eb67-aeee-89d5-aa85-fc650af4e25c,ok,100,20,1514,349.184,75,1425,9501,6347,8740
75,16533.891014427,16533.891936389,,1,GPU-37ffc98b-8551-c8a1-5f3c-27ade9ae735a,ok,0,0,453,15.086,30,210,405,439,341
75,16533.891014427,16533.891796349,,2,GPU-5443d59d-561f-ed1e-da42-1975937205f9,ok,0,0,453,27.44,37,210,405,439,292
75,16533.891014427,16533.891896229,,3,GPU-46bf67bb-cb31-bee1-3cf0-c35337ba97d2,ok,0,0,453,26.247,41,210,405,439,292
75,16533.891014427,16533.891664469,,4,GPU-127e16de-2b5f-dde9-1932-b4e29bb818c0,ok,0,0,453,24.013,35,210,405,439,292
76,16534.891014427,16534.891825737,,0,GPU-9b96eb67-aeee-89d5-aa85-fc650af4e25c,ok,100,22,1514,347.829,75,1470,9501,3515,14453
76,16534.891014427,16534.891962837,,1,GPU-37ffc98b-8551-c8a1-5f3c-27ade9ae735a,ok,0,0,453,15.234,30,210,405,439,292
76,16534.891014427,16534.891647377,,2,GPU-5443d59d-561f-ed1e-da42-1975937205f9,ok,0,0,453,27.535,37,210,405,390,341
76,16534.891014427,16534.892679837,,3,GPU-46bf67bb-cb31-bee1-3cf0-c35337ba97d2,ok,0,0,453,26.216,41,210,405,439,292
76,16534.891014427,16534.891942517,,4,GPU-127e16de-2b5f-dde9-1932-b4e29bb818c0,ok,0,0,453,23.994,35,210,405,439,292
77,16535.891014427,16535.892299575,,0,GPU-9b96eb67-aeee-89d5-aa85-fc650af4e25c,ok,100,23,1514,348.902,75,1470,9501,5371,9179
77,16535.891014427,16535.891599905,,1,GPU-37ffc98b-8551-c8a1-5f3c-27ade9ae735a,ok,0,0,453,15.536,30,210,405,439,341
77,16535.891014427,16535.892868185,,2,GPU-5443d59d-561f-ed1e-da42-1975937205f9,ok,0,0,453,27.544,37,210,405,390,341
77,16535.891014427,16535.891775075,,3,GPU-46bf67bb-cb31-bee1-3cf0-c35337ba97d2,ok,0,0,453,26.365,41,210,405,439,292
77,16535.891014427,16535.891652205,,4,GPU-127e16de-2b5f-dde9-1932-b4e29bb818c0,ok,0,0,453,24.151,35,210,405,390,341
78,16536.891014427,16536.893046643,,0,GPU-9b96eb67-aeee-89d5-aa85-fc650af4e25c,ok,100,20,1514,347.93,75,1455,9501,6591,10156
78,16536.891014427,16536.891647503,,1,GPU-37ffc98b-8551-c8a1-5f3c-27ade9ae735a,ok,0,0,453,15.321,30,210,405,390,292
78,16536.891014427,16536.891700973,,2,GPU-5443d59d-561f-ed1e-da42-1975937205f9,ok,0,0,453,27.466,37,210,405,439,341
78,16536.891014427,16536.892982093,,3,GPU-46bf67bb-cb31-bee1-3cf0-c35337ba97d2,ok,0,0,453,26.277,41,210,405,439,292
78,16536.891014427,16536.891808333,,4,GPU-127e16de-2b5f-dde9-1932-b4e29bb818c0,ok,0,0,453,24.177,35,210,405,439,292
79,16537.891014427,16537.891875871,,0,GPU-9b96eb67-aeee-89d5-aa85-fc650af4e25c,ok,100,24,1514,347.803,75,1455,9501,3857,12597
79,16537.891014427,16537.891770451,,1,GPU-37ffc98b-8551-c8a1-5f3c-27ade9ae735a,ok,0,0,453,15.086,30,210,405,390,292
79,16537.891014427,16537.891829711,,2,GPU-5443d59d-561f-ed1e-da42-1975937205f9,ok,0,0,453,27.509,37,210,405,439,292
79,16537.891014427,16537.891795311,,3,GPU-46bf67bb-cb31-bee1-3cf0-c35337ba97d2,ok,0,0,453,26.312,41,210,405,390,341
79,16537.891014427,16537.893929642,,4,GPU-127e16de-2b5f-dde9-1932-b4e29bb818c0,ok,0,0,453,24.202,35,210,405,439,292
80,16538.891014427,16538.891882979,,0,GPU-9b96eb67-aeee-89d5-aa85-fc650af4e25c,ok,100,20,1514,348.655,76,1455,9501,5712,7958
80,16538.891014427,16538.891844739,,1,GPU-37ffc98b-8551-c8a1-5f3c-27ade9ae735a,ok,0,0,453,15.128,30,210,405,488,341
80,16538.891014427,16538.892316899,,2,GPU-5443d59d-561f-ed1e-da42-1975937205f9,ok,0,0,453,27.475,37,210,405,439,341
80,16538.891014427,16538.891774029,,3,GPU-46bf67bb-cb31-bee1-3cf0-c35337ba97d2,ok,0,0,453,26.283,41,210,405,390,292
80,16538.891014427,16538.891682309,,4,GPU-127e16de-2b5f-dde9-1932-b4e29bb818c0,ok,0,0,453,24.174,35,210,405,439,341
81,16539.891014427,16539.891667497,,0,GPU-9b96eb67-aeee-89d5-aa85-fc650af4e25c,ok,100,22,1514,349.273,76,1440,9501,3857,12646
81,16539.891014427,16539.891746917,,1,GPU-37ffc98b-8551-c8a1-5f3c-27ade9ae735a,ok,0,0,453,15.216,30,210,405,439,341
81,16539.891014427,16539.891473067,,2,GPU-5443d59d-561f-ed1e-da42-1975937205f9,ok,0,0,453,27.564,37,210,405,439,341
81,16539.891014427,16539.892525597,,3,GPU-46bf67bb-cb31-bee1-3cf0-c35337ba97d2,ok,0,0,453,26.241,41,210,405,439,292
81,16539.891014427,16539.892209877,,4,GPU-127e16de-2b5f-dde9-1932-b4e29bb818c0,ok,0,0,453,24.122,35,210,405,390,292
82,16540.891014427,16540.892800745,,0,GPU-9b96eb67-aeee-89d5-aa85-fc650af4e25c,ok,100,25,1514,348.37,76,1455,9501,4589,15527
82,16540.891014427,16540.891595415,,1,GPU-37ffc98b-8551-c8a1-5f3c-27ade9ae735a,ok,0,0,453,15.323,30,210,405,439,292
82,16540.891014427,16540.891724565,,2,GPU-5443d59d-561f-ed1e-da42-1975937205f9,ok,0,0,453,27.645,37,210,405,439,341
82,16540.891014427,16540.891493165,,3,GPU-46bf67bb-cb31-bee1-3cf0-c35337ba97d2,ok,0,0,453,26.391,41,210,405,439,292
82,16540.891014427,16540.892169425,,4,GPU-127e16de-2b5f-dde9-1932-b4e29bb818c0,ok,0,0,453,24.029,35,210,405,439,292
83,16541.891014427,16541.891862763,,0,GPU-9b96eb67-aeee-89d5-aa85-fc650af4e25c,ok,100,21,1514,348.633,76,1455,9501,5859,8789
83,16541.891014427,16541.891823563,,1,GPU-37ffc98b-8551-c8a1-5f3c-27ade9ae735a,ok,0,0,453,15.231,30,210,405,390,341
83,16541.891014427,16541.891956323,,2,GPU-5443d59d-561f-ed1e-da42-1975937205f9,ok,0,0,453,27.454,37,210,405,390,292
83,16541.891014427,16541.891918313,,3,GPU-46bf67bb-cb31-bee1-3cf0-c35337ba97d2,ok,0,0,453,26.196,41,210,405,390,292
83,16541.891014427,16541.891976343,,4,GPU-127e16de-2b5f-dde9-1932-b4e29bb818c0,ok,0,0,453,23.984,35,210,405,439,292
84,16542.891014427,16542.891883021,,0,GPU-9b96eb67-aeee-89d5-aa85-fc650af4e25c,ok,100,22,1514,349.344,76,1455,9501,3369,13427
84,16542.891014427,16542.891805361,,1,GPU-37ffc98b-8551-c8a1-5f3c-27ade9ae735a,ok,0,0,453,15.323,30,210,405,390,292
84,16542.891014427,16542.892001841,,2,GPU-5443d59d-561f-ed1e-da42-1975937205f9,ok,0,0,453,27.41,37,210,405,439,292
84,16542.891014427,16542.891986901,,3,GPU-46bf67bb-cb31-bee1-3cf0-c35337ba97d2,ok,0,0,453,26.184,41,210,405,390,292
84,16542.891014427,16542.892045271,,4,GPU-127e16de-2b5f-dde9-1932-b4e29bb818c0,ok,0,0,453,23.981,35,210,405,439,292
85,16543.891014427,16543.891989609,,0,GPU-9b96eb67-aeee-89d5-aa85-fc650af4e25c,ok,100,22,1514,348.987,76,1440,9501,3906,10693
85,16543.891014427,16543.891839949,,1,GPU-37ffc98b-8551-c8a1-5f3c-27ade9ae735a,ok,0,0,453,15.393,30,210,405,439,292
85,16543.891014427,16543.891782349,,2,GPU-5443d59d-561f-ed1e-da42-1975937205f9,ok,0,0,453,27.485,37,210,405,439,341
85,16543.891014427,16543.892477829,,3,GPU-46bf67bb-cb31-bee1-3cf0-c35337ba97d2,ok,0,0,453,26.343,41,210,405,390,292
85,16543.891014427,16543.891975449,,4,GPU-127e16de-2b5f-dde9-1932-b4e29bb818c0,ok,0,0,453,23.814,35,210,405,439,292
86,16544.891014427,16544.891881577,,0,GPU-9b96eb67-aeee-89d5-aa85-fc650af4e25c,ok,100,22,1514,348.302,75,1470,9501,439,244
86,16544.891014427,16544.891636767,,1,GPU-37ffc98b-8551-c8a1-5f3c-27ade9ae735a,ok,0,0,453,15.172,30,210,405,439,292
86,16544.891014427,16544.892418147,,2,GPU-5443d59d-561f-ed1e-da42-1975937205f9,ok,0,0,453,27.389,37,210,405,439,341
86,16544.891014427,16544.891818157,,3,GPU-46bf67bb-cb31-bee1-3cf0-c35337ba97d2,ok,0,0,453,26.189,41,210,405,439,292
86,16544.891014427,16544.892393447,,4,GPU-127e16de-2b5f-dde9-1932-b4e29bb818c0,ok,0,0,453,23.739,35,210,405,439,341
87,16545.891014427,16545.891924355,,0,GPU-9b96eb67-aeee-89d5-aa85-fc650af4e25c,ok,0,0,1514,197.543,69,1950,9501,390,244
87,16545.891014427,16545.891873355,,1,GPU-37ffc98b-8551-c8a1-5f3c-27ade9ae735a,ok,0,0,453,15.229,30,210,405,439,341
87,16545.891014427,16545.891658445,,2,GPU-5443d59d-561f-ed1e-da42-1975937205f9,ok,0,0,453,27.427,37,210,405,439,341
87,16545.891014427,16545.892398675,,3,GPU-46bf67bb-cb31-bee1-3cf0-c35337ba97d2,ok,0,0,453,26.245,41,210,405,439,292
87,16545.891014427,16545.891832375,,4,GPU-127e16de-2b5f-dde9-1932-b4e29bb818c0,ok,0,0,453,23.767,35,210,405,439,292
88,16546.891014427,16546.892440493,,0,GPU-9b96eb67-aeee-89d5-aa85-fc650af4e25c,ok,0,0,1514,162.851,68,1725,9501,390,244
88,16546.891014427,16546.891396483,,1,GPU-37ffc98b-8551-c8a1-5f3c-27ade9ae735a,ok,0,0,453,15.442,30,210,405,439,341
88,16546.891014427,16546.892343933,,2,GPU-5443d59d-561f-ed1e-da42-1975937205f9,ok,0,0,453,27.564,37,210,405,439,341
88,16546.891014427,16546.892413303,,3,GPU-46bf67bb-cb31-bee1-3cf0-c35337ba97d2,ok,0,0,453,26.415,41,210,405,439,292
88,16546.891014427,16546.892387983,,4,GPU-127e16de-2b5f-dde9-1932-b4e29bb818c0,ok,0,0,453,23.728,35,210,405,439,292
89,16547.891014427,16547.891482541,,0,GPU-9b96eb67-aeee-89d5-aa85-fc650af4e25c,ok,0,0,450,149.232,67,1725,9751,439,292
89,16547.891014427,16547.891629941,,1,GPU-37ffc98b-8551-c8a1-5f3c-27ade9ae735a,ok,0,0,450,18.222,30,210,405,439,341
89,16547.891014427,16547.891522291,,2,GPU-5443d59d-561f-ed1e-da42-1975937205f9,ok,0,0,450,29.733,37,210,405,439,341
89,16547.891014427,16547.892412051,,3,GPU-46bf67bb-cb31-bee1-3cf0-c35337ba97d2,ok,0,0,450,30.047,42,210,405,439,341
89,16547.891014427,16547.891607191,,4,GPU-127e16de-2b5f-dde9-1932-b4e29bb818c0,ok,0,0,450,26.464,36,210,405,439,341
90,16548.891014427,16548.891677819,,0,GPU-9b96eb67-aeee-89d5-aa85-fc650af4e25c,ok,0,0,450,136.617,66,1725,9751,390,244
90,16548.891014427,16548.89313438,,1,GPU-37ffc98b-8551-c8a1-5f3c-27ade9ae735a,ok,0,0,450,25.272,30,210,405,439,292
90,16548.891014427,16548.891779049,,2,GPU-5443d59d-561f-ed1e-da42-1975937205f9,ok,0,0,450,35.688,37,210,405,390,292
90,16548.891014427,16548.891554769,,3,GPU-46bf67bb-cb31-bee1-3cf0-c35337ba97d2,ok,0,0,450,41.507,42,210,405,439,292
90,16548.891014427,16548.8931995,,4,GPU-127e16de-2b5f-dde9-1932-b4e29bb818c0,ok,0,0,450,33.736,36,210,405,439,341
91,16549.891014427,16549.891680147,,0,GPU-9b96eb67-aeee-89d5-aa85-fc650af4e25c,ok,0,0,450,132.717,65,510,5001,390,341
91,16549.891014427,16549.891897707,,1,GPU-37ffc98b-8551-c8a1-5f3c-27ade9ae735a,ok,0,0,450,16.759,30,210,405,439,292
91,16549.891014427,16549.891775087,,2,GPU-5443d59d-561f-ed1e-da42-1975937205f9,ok,0,0,450,28.706,37,210,405,439,292
91,16549.891014427,16549.891856387,,3,GPU-46bf67bb-cb31-bee1-3cf0-c35337ba97d2,ok,0,0,450,27.733,42,210,405,439,292
91,16549.891014427,16549.891923357,,4,GPU-127e16de-2b5f-dde9-1932-b4e29bb818c0,ok,0,0,450,25.416,36,210,405,439,341
92,16550.891014427,16550.891795975,,0,GPU-9b96eb67-aeee-89d5-aa85-fc650af4e25c,ok,0,0,450,91.137,62,285,810,390,292
92,16550.891014427,16550.892330215,,1,GPU-37ffc98b-8551-c8a1-5f3c-27ade9ae735a,ok,0,0,450,15.791,30,210,405,439,341
92,16550.891014427,16550.891600815,,2,GPU-5443d59d-561f-ed1e-da42-1975937205f9,ok,0,0,450,27.683,37,210,405,439,292
92,16550.891014427,16550.891714645,,3,GPU-46bf67bb-cb31-bee1-3cf0-c35337ba97d2,ok,0,0,450,26.363,41,210,405,439,292
92,16550.891014427,16550.891821115,,4,GPU-127e16de-2b5f-dde9-1932-b4e29bb818c0,ok,0,0,450,24.218,35,210,405,439,341
93,16551.891014427,16551.892368083,,0,GPU-9b96eb67-aeee-89d5-aa85-fc650af4e25c,ok,0,0,450,44.451,61,210,405,439,292
93,16551.891014427,16551.891540683,,1,GPU-37ffc98b-8551-c8a1-5f3c-27ade9ae735a,ok,0,0,450,15.42,30,210,405,390,292
93,16551.891014427,16551.892272403,,2,GPU-5443d59d-561f-ed1e-da42-1975937205f9,ok,0,0,450,27.315,37,210,405,439,341
93,16551.891014427,16551.892429773,,3,GPU-46bf67bb-cb31-bee1-3cf0-c35337ba97d2,ok,0,0,450,26.24,41,210,405,390,292
93,16551.891014427,16551.892323423,,4,GPU-127e16de-2b5f-dde9-1932-b4e29bb818c0,ok,0,0,450,23.701,35,210,405,439,292
94,16552.891014427,16552.895176752,,0,GPU-9b96eb67-aeee-89d5-aa85-fc650af4e25c,ok,0,0,450,35.816,61,210,405,3857,8886
94,16552.891014427,16552.895392142,,1,GPU-37ffc98b-8551-c8a1-5f3c-27ade9ae735a,ok,0,0,450,15.246,30,210,405,927,1562
94,16552.891014427,16552.895095802,,2,GPU-5443d59d-561f-ed1e-da42-1975937205f9,ok,0,0,450,27.46,37,210,405,1318,1464
94,16552.891014427,16552.895249212,,3,GPU-46bf67bb-cb31-bee1-3cf0-c35337ba97d2,ok,0,0,450,26.3,41,210,405,3613,439
94,16552.891014427,16552.895338382,,4,GPU-127e16de-2b5f-dde9-1932-b4e29bb818c0,ok,0,0,450,23.865,35,210,405,3125,439
95,16553.891014427,16553.892289269,,0,GPU-9b96eb67-aeee-89d5-aa85-fc650af4e25c,ok,0,0,1244,37.471,61,1725,9751,390,292
95,16553.891014427,16553.891499119,,1,GPU-37ffc98b-8551-c8a1-5f3c-27ade9ae735a,ok,0,0,453,18.628,31,210,405,390,292
95,16553.891014427,16553.891799519,,2,GPU-5443d59d-561f-ed1e-da42-1975937205f9,ok,0,0,453,29.846,37,210,405,390,292
95,16553.891014427,16553.891766699,,3,GPU-46bf67bb-cb31-bee1-3cf0-c35337ba97d2,ok,0,0,453,29.065,42,210,405,439,341
95,16553.891014427,16553.892219369,,4,GPU-127e16de-2b5f-dde9-1932-b4e29bb818c0,ok,0,0,453,24.646,35,210,405,439,341
96,16554.891014427,16554.891671747,,0,GPU-9b96eb67-aeee-89d5-aa85-fc650af4e25c,ok,0,0,1244,119.564,63,1725,9501,390,244
96,16554.891014427,16554.892534907,,1,GPU-37ffc98b-8551-c8a1-5f3c-27ade9ae735a,ok,0,0,453,24.955,31,210,405,439,341
96,16554.891014427,16554.891511777,,2,GPU-5443d59d-561f-ed1e-da42-1975937205f9,ok,0,0,453,35.673,37,210,405,439,341
96,16554.891014427,16554.892241327,,3,GPU-46bf67bb-cb31-bee1-3cf0-c35337ba97d2,ok,0,0,453,41.707,42,210,405,439,292
96,16554.891014427,16554.891812527,,4,GPU-127e16de-2b5f-dde9-1932-b4e29bb818c0,ok,0,0,453,33.64,36,210,405,439,341
97,16555.891014427,16555.892425175,,0,GPU-9b96eb67-aeee-89d5-aa85-fc650af4e25c,ok,3,0,1416,131.142,63,1725,9501,15332,79687
97,16555.891014427,16555.891835395,,1,GPU-37ffc98b-8551-c8a1-5f3c-27ade9ae735a,ok,0,0,453,16.612,30,210,405,439,292
97,16555.891014427,16555.891574445,,2,GPU-5443d59d-561f-ed1e-da42-1975937205f9,ok,0,0,453,28.712,37,210,405,439,341
97,16555.891014427,16555.892513575,,3,GPU-46bf67bb-cb31-bee1-3cf0-c35337ba97d2,ok,0,0,453,27.721,42,210,405,439,292
97,16555.891014427,16555.892479315,,4,GPU-127e16de-2b5f-dde9-1932-b4e29bb818c0,ok,0,0,453,25.296,36,210,405,439,292
98,16556.891014427,16556.891768013,,0,GPU-9b96eb67-aeee-89d5-aa85-fc650af4e25c,ok,44,19,1476,171.533,66,1935,9501,14013,78466
98,16556.891014427,16556.891928793,,1,GPU-37ffc98b-8551-c8a1-5f3c-27ade9ae735a,ok,0,0,453,15.5,30,210,405,439,292
98,16556.891014427,16556.891694233,,2,GPU-5443d59d-561f-ed1e-da42-1975937205f9,ok,0,0,453,27.708,37,210,405,439,341
98,16556.891014427,16556.891878553,,3,GPU-46bf67bb-cb31-bee1-3cf0-c35337ba97d2,ok,0,0,453,26.326,41,210,405,439,292
98,16556.891014427,16556.891955443,,4,GPU-127e16de-2b5f-dde9-1932-b4e29bb818c0,ok,0,0,453,24.636,35,210,405,390,292
99,16557.891014427,16557.892252931,,0,GPU-9b96eb67-aeee-89d5-aa85-fc650af4e25c,ok,39,17,1476,231.965,67,1965,9501,14941,77001
99,16557.891014427,16557.892187631,,1,GPU-37ffc98b-8551-c8a1-5f3c-27ade9ae735a,ok,0,0,453,15.213,30,210,405,439,292
99,16557.891014427,16557.891651701,,2,GPU-5443d59d-561f-ed1e-da42-1975937205f9,ok,0,0,453,27.471,37,210,405,439,341
99,16557.891014427,16557.892835892,,3,GPU-46bf67bb-cb31-bee1-3cf0-c35337ba97d2,ok,0,0,453,26.155,41,210,405,439,292
99,16557.891014427,16557.891544151,,4,GPU-127e16de-2b5f-dde9-1932-b4e29bb818c0,ok,0,0,453,25.025,35,210,405,439,292
100,16558.891014427,16558.891688679,,0,GPU-9b96eb67-aeee-89d5-aa85-fc650af4e25c,ok,42,20,1476,234.726,68,1965,9501,14794,78125
100,16558.891014427,16558.892231209,,1,GPU-37ffc98b-8551-c8a1-5f3c-27ade9ae735a,ok,0,0,453,15.27,30,210,405,390,341
100,16558.891014427,16558.891465619,,2,GPU-5443d59d-561f-ed1e-da42-1975937205f9,ok,0,0,453,27.737,37,210,405,439,292
100,16558.891014427,16558.891700969,,3,GPU-46bf67bb-cb31-bee1-3cf0-c35337ba97d2,ok,0,0,453,26.135,41,210,405,439,341
100,16558.891014427,16558.892205839,,4,GPU-127e16de-2b5f-dde9-1932-b4e29bb818c0,ok,0,0,453,25.297,35,210,405,439,292
101,16559.891014427,16559.891874707,,0,GPU-9b96eb67-aeee-89d5-aa85-fc650af4e25c,ok,41,19,1476,240.278,68,1965,9501,15087,78076
101,16559.891014427,16559.891832077,,1,GPU-37ffc98b-8551-c8a1-5f3c-27ade9ae735a,ok,0,0,453,15.276,30,210,405,439,341
101,16559.891014427,16559.891927767,,2,GPU-5443d59d-561f-ed1e-da42-1975937205f9,ok,0,0,453,27.876,37,210,405,439,292
101,16559.891014427,16559.891740567,,3,GPU-46bf67bb-cb31-bee1-3cf0-c35337ba97d2,ok,0,0,453,26.268,41,210,405,439,341
101,16559.891014427,16559.891952647,,4,GPU-127e16de-2b5f-dde9-1932-b4e29bb818c0,ok,0,0,453,25.199,35,210,405,439,292
102,16560.891014427,16560.891687375,,0,GPU-9b96eb67-aeee-89d5-aa85-fc650af4e25c,ok,33,14,1476,240.33,68,1965,9501,14697,78466
102,16560.891014427,16560.891540315,,1,GPU-37ffc98b-8551-c8a1-5f3c-27ade9ae735a,ok,0,0,453,15.211,30,210,405,439,292
102,16560.891014427,16560.892250356,,2,GPU-5443d59d-561f-ed1e-da42-1975937205f9,ok,0,0,453,27.601,37,210,405,390,292
102,16560.891014427,16560.891753325,,3,GPU-46bf67bb-cb31-bee1-3cf0-c35337ba97d2,ok,0,0,453,26.061,41,210,405,439,341
102,16560.891014427,16560.892311036,,4,GPU-127e16de-2b5f-dde9-1932-b4e29bb818c0,ok,0,0,453,25.102,35,210,405,390,292
103,16561.891014427,16561.891859253,,0,GPU-9b96eb67-aeee-89d5-aa85-fc650af4e25c,ok,33,15,1476,237.826,67,1965,9501,14208,74218
103,16561.891014427,16561.891789273,,1,GPU-37ffc98b-8551-c8a1-5f3c-27ade9ae735a,ok,0,0,453,15.202,30,210,405,439,292
103,16561.891014427,16561.891843793,,2,GPU-5443d59d-561f-ed1e-da42-1975937205f9,ok,0,0,453,27.524,37,210,405,439,292
103,16561.891014427,16561.891903513,,3,GPU-46bf67bb-cb31-bee1-3cf0-c35337ba97d2,ok,0,0,453,26.098,41,210,405,439,292
103,16561.891014427,16561.894067494,,4,GPU-127e16de-2b5f-dde9-1932-b4e29bb818c0,ok,0,0,453,25.172,35,210,405,390,341
104,16562.891014427,16562.892017972,,0,GPU-9b96eb67-aeee-89d5-aa85-fc650af4e25c,ok,34,15,1476,235.227,67,1965,9501,14990,77685
104,16562.891014427,16562.891948751,,1,GPU-37ffc98b-8551-c8a1-5f3c-27ade9ae735a,ok,0,0,453,15.105,30,210,405,439,292
104,16562.891014427,16562.891982221,,2,GPU-5443d59d-561f-ed1e-da42-1975937205f9,ok,0,0,453,27.655,37,210,405,439,341
104,16562.891014427,16562.891910531,,3,GPU-46bf67bb-cb31-bee1-3cf0-c35337ba97d2,ok,0,0,453,26.456,41,210,405,439,292
104,16562.891014427,16562.892044372,,4,GPU-127e16de-2b5f-dde9-1932-b4e29bb818c0,ok,0,0,453,25.191,35,210,405,439,292
105,16563.891014427,16563.891731619,,0,GPU-9b96eb67-aeee-89d5-aa85-fc650af4e25c,ok,36,16,1476,238.979,68,1965,9501,14697,78271
105,16563.891014427,16563.891591539,,1,GPU-37ffc98b-8551-c8a1-5f3c-27ade9ae735a,ok,0,0,453,14.895,30,210,405,439,292
105,16563.891014427,16563.89229873,,2,GPU-5443d59d-561f-ed1e-da42-1975937205f9,ok,0,0,453,27.497,37,210,405,439,341
105,16563.891014427,16563.89266966,,3,GPU-46bf67bb-cb31-bee1-3cf0-c35337ba97d2,ok,0,0,453,26.38,41,210,405,439,292
105,16563.891014427,16563.891798839,,4,GPU-127e16de-2b5f-dde9-1932-b4e29bb818c0,ok,0,0,453,25.155,35,210,405,439,292
106,16564.891014427,16564.891893258,,0,GPU-9b96eb67-aeee-89d5-aa85-fc650af4e25c,ok,36,16,1476,239.51,68,1965,9501,15185,77587
106,16564.891014427,16564.891921348,,1,GPU-37ffc98b-8551-c8a1-5f3c-27ade9ae735a,ok,0,0,453,14.986,30,210,405,439,292
106,16564.891014427,16564.891853668,,2,GPU-5443d59d-561f-ed1e-da42-1975937205f9,ok,0,0,453,27.536,37,210,405,439,292
106,16564.891014427,16564.891774117,,3,GPU-46bf67bb-cb31-bee1-3cf0-c35337ba97d2,ok,0,0,453,26.29,41,210,405,439,292
106,16564.891014427,16564.891947838,,4,GPU-127e16de-2b5f-dde9-1932-b4e29bb818c0,ok,0,0,453,25.152,35,210,405,390,292
107,16565.891014427,16565.893020696,,0,GPU-9b96eb67-aeee-89d5-aa85-fc650af4e25c,ok,37,16,1476,240.617,68,1965,9501,12011,77978
107,16565.891014427,16565.891833056,,1,GPU-37ffc98b-8551-c8a1-5f3c-27ade9ae735a,ok,0,0,453,15.307,30,210,405,439,341
107,16565.891014427,16565.891740625,,2,GPU-5443d59d-561f-ed1e-da42-1975937205f9,ok,0,0,453,27.68,37,210,405,439,292
107,16565.891014427,16565.891693615,,3,GPU-46bf67bb-cb31-bee1-3cf0-c35337ba97d2,ok,0,0,453,26.415,41,210,405,439,292
107,16565.891014427,16565.891847776,,4,GPU-127e16de-2b5f-dde9-1932-b4e29bb818c0,ok,0,0,453,25.236,35,210,405,439,292
108,16566.891014427,16566.892278004,,0,GPU-9b96eb67-aeee-89d5-aa85-fc650af4e25c,ok,37,17,1476,240.249,68,1965,9501,14843,77490
108,16566.891014427,16566.891384763,,1,GPU-37ffc98b-8551-c8a1-5f3c-27ade9ae735a,ok,0,0,453,15.233,30,210,405,439,292
108,16566.891014427,16566.892359364,,2,GPU-5443d59d-561f-ed1e-da42-1975937205f9,ok,0,0,453,27.56,37,210,405,390,292
108,16566.891014427,16566.892389034,,3,GPU-46bf67bb-cb31-bee1-3cf0-c35337ba97d2,ok,0,0,453,26.271,41,210,405,439,292
108,16566.891014427,16566.892333984,,4,GPU-127e16de-2b5f-dde9-1932-b4e29bb818c0,ok,0,0,453,25.236,35,210,405,439,292
109,16567.891014427,16567.891894982,,0,GPU-9b96eb67-aeee-89d5-aa85-fc650af4e25c,ok,37,17,1476,240.009,67,1965,9501,15136,78222
109,16567.891014427,16567.891920552,,1,GPU-37ffc98b-8551-c8a1-5f3c-27ade9ae735a,ok,0,0,453,15.066,30,210,405,439,292
109,16567.891014427,16567.891819272,,2,GPU-5443d59d-561f-ed1e-da42-1975937205f9,ok,0,0,453,27.521,37,210,405,439,341
109,16567.891014427,16567.891666742,,3,GPU-46bf67bb-cb31-bee1-3cf0-c35337ba97d2,ok,0,0,453,26.29,41,210,405,390,292
109,16567.891014427,16567.891726762,,4,GPU-127e16de-2b5f-dde9-1932-b4e29bb818c0,ok,0,0,453,25.139,35,210,405,439,292
110,16568.891014427,16568.892918,,0,GPU-9b96eb67-aeee-89d5-aa85-fc650af4e25c,ok,38,17,1476,239.212,67,1965,9501,15283,78417
110,16568.891014427,16568.89158271,,1,GPU-37ffc98b-8551-c8a1-5f3c-27ade9ae735a,ok,0,0,453,15.184,30,210,405,439,292
110,16568.891014427,16568.89171813,,2,GPU-5443d59d-561f-ed1e-da42-1975937205f9,ok,0,0,453,27.64,37,210,405,488,341
110,16568.891014427,16568.89178053,,3,GPU-46bf67bb-cb31-bee1-3cf0-c35337ba97d2,ok,0,0,453,26.405,41,210,405,439,341
110,16568.891014427,16568.89228669,,4,GPU-127e16de-2b5f-dde9-1932-b4e29bb818c0,ok,0,0,453,25.088,35,210,405,390,292
111,16569.891014427,16569.892355738,,0,GPU-9b96eb67-aeee-89d5-aa85-fc650af4e25c,ok,38,18,1476,239.754,68,1965,9501,15039,77197
111,16569.891014427,16569.891691808,,1,GPU-37ffc98b-8551-c8a1-5f3c-27ade9ae735a,ok,0,0,453,15.008,30,210,405,439,341
111,16569.891014427,16569.892388278,,2,GPU-5443d59d-561f-ed1e-da42-1975937205f9,ok,0,0,453,27.589,37,210,405,439,341
111,16569.891014427,16569.892472658,,3,GPU-46bf67bb-cb31-bee1-3cf0-c35337ba97d2,ok,0,0,453,26.188,41,210,405,439,292
111,16569.891014427,16569.891556338,,4,GPU-127e16de-2b5f-dde9-1932-b4e29bb818c0,ok,0,0,453,25.162,35,210,405,439,292
112,16570.891014427,16570.891724316,,0,GPU-9b96eb67-aeee-89d5-aa85-fc650af4e25c,ok,41,18,1476,241.779,68,1965,9501,14794,78417
112,16570.891014427,16570.892225766,,1,GPU-37ffc98b-8551-c8a1-5f3c-27ade9ae735a,ok,0,0,453,14.754,30,210,405,439,292
112,16570.891014427,16570.891748746,,2,GPU-5443d59d-561f-ed1e-da42-1975937205f9,ok,0,0,453,27.506,37,210,405,439,341
112,16570.891014427,16570.892161936,,3,GPU-46bf67bb-cb31-bee1-3cf0-c35337ba97d2,ok,0,0,453,26.168,41,210,405,439,292
112,16570.891014427,16570.891514466,,4,GPU-127e16de-2b5f-dde9-1932-b4e29bb818c0,ok,0,0,453,25.223,35,210,405,439,341
113,16571.891014427,16571.891480334,,0,GPU-9b96eb67-aeee-89d5-aa85-fc650af4e25c,ok,41,19,1476,242.53,68,1965,9501,13769,72900
113,16571.891014427,16571.891991084,,1,GPU-37ffc98b-8551-c8a1-5f3c-27ade9ae735a,ok,0,0,453,14.88,30,210,405,439,292
113,16571.891014427,16571.891743024,,2,GPU-5443d59d-561f-ed1e-da42-1975937205f9,ok,0,0,453,27.632,37,210,405,439,292
113,16571.891014427,16571.892059604,,3,GPU-46bf67bb-cb31-bee1-3cf0-c35337ba97d2,ok,0,0,453,26.348,41,210,405,439,292
113,16571.891014427,16571.892020244,,4,GPU-127e16de-2b5f-dde9-1932-b4e29bb818c0,ok,0,0,453,25.204,35,210,405,439,292
114,16572.891014427,16572.891818622,,0,GPU-9b96eb67-aeee-89d5-aa85-fc650af4e25c,ok,39,18,1476,239.098,68,1875,9501,13964,74072
114,16572.891014427,16572.891727452,,1,GPU-37ffc98b-8551-c8a1-5f3c-27ade9ae735a,ok,0,0,453,14.989,30,210,405,439,292
114,16572.891014427,16572.892715262,,2,GPU-5443d59d-561f-ed1e-da42-1975937205f9,ok,0,0,453,27.613,37,210,405,439,341
114,16572.891014427,16572.891886492,,3,GPU-46bf67bb-cb31-bee1-3cf0-c35337ba97d2,ok,0,0,453,26.225,41,210,405,439,341
114,16572.891014427,16572.891909632,,4,GPU-127e16de-2b5f-dde9-1932-b4e29bb818c0,ok,0,0,453,25.175,35,210,405,390,292
115,16573.891014427,16573.89284352,,0,GPU-9b96eb67-aeee-89d5-aa85-fc650af4e25c,ok,43,19,1476,229.949,66,1935,9501,14648,75537
115,16573.891014427,16573.89163183,,1,GPU-37ffc98b-8551-c8a1-5f3c-27ade9ae735a,ok,0,0,453,15.072,30,210,405,390,341
115,16573.891014427,16573.89152008,,2,GPU-5443d59d-561f-ed1e-da42-1975937205f9,ok,0,0,453,27.609,37,210,405,439,292
115,16573.891014427,16573.89171476,,3,GPU-46bf67bb-cb31-bee1-3cf0-c35337ba97d2,ok,0,0,453,26.189,41,210,405,390,341
115,16573.891014427,16573.8929025,,4,GPU-127e16de-2b5f-dde9-1932-b4e29bb818c0,ok,0,0,453,25.187,35,210,405,439,292
116,16574.891014427,16574.892807508,,0,GPU-9b96eb67-aeee-89d5-aa85-fc650af4e25c,ok,42,19,1476,226.034,67,1965,9501,15625,78759
116,16574.891014427,16574.891565668,,1,GPU-37ffc98b-8551-c8a1-5f3c-27ade9ae735a,ok,0,0,453,15.102,30,210,405,390,292
116,16574.891014427,16574.891860238,,2,GPU-5443d59d-561f-ed1e-da42-1975937205f9,ok,0,0,453,27.674,37,210,405,439,292
116,16574.891014427,16574.891848168,,3,GPU-46bf67bb-cb31-bee1-3cf0-c35337ba97d2,ok,0,0,453,26.348,41,210,405,439,341
116,16574.891014427,16574.891748838,,4,GPU-127e16de-2b5f-dde9-1932-b4e29bb818c0,ok,0,0,453,25.159,35,210,405,439,341
117,16575.891014427,16575.891701696,,0,GPU-9b96eb67-aeee-89d5-aa85-fc650af4e25c,ok,33,14,1476,236.493,67,1965,9501,14501,78125
117,16575.891014427,16575.892696996,,1,GPU-37ffc98b-8551-c8a1-5f3c-27ade9ae735a,ok,0,0,453,14.867,30,210,405,390,292
117,16575.891014427,16575.891643986,,2,GPU-5443d59d-561f-ed1e-da42-1975937205f9,ok,0,0,453,27.521,37,210,405,390,341
117,16575.891014427,16575.891783136,,3,GPU-46bf67bb-cb31-bee1-3cf0-c35337ba97d2,ok,0,0,453,26.218,41,210,405,439,292
117,16575.891014427,16575.891829986,,4,GPU-127e16de-2b5f-dde9-1932-b4e29bb818c0,ok,0,0,453,25.118,35,210,405,439,341
118,16576.891014427,16576.891982434,,0,GPU-9b96eb67-aeee-89d5-aa85-fc650af4e25c,ok,36,16,1476,237.94,67,1965,9501,15673,78710
118,16576.891014427,16576.891931594,,1,GPU-37ffc98b-8551-c8a1-5f3c-27ade9ae735a,ok,0,0,453,14.949,30,210,405,390,292
118,16576.891014427,16576.891914074,,2,GPU-5443d59d-561f-ed1e-da42-1975937205f9,ok,0,0,453,27.439,37,210,405,439,292
118,16576.891014427,16576.891956134,,3,GPU-46bf67bb-cb31-bee1-3cf0-c35337ba97d2,ok,0,0,453,26.19,41,210,405,439,292
118,16576.891014427,16576.891823124,,4,GPU-127e16de-2b5f-dde9-1932-b4e29bb818c0,ok,0,0,453,25.172,35,210,405,390,292
119,16577.891014427,16577.892312712,,0,GPU-9b96eb67-aeee-89d5-aa85-fc650af4e25c,ok,34,15,1476,240.872,67,1965,9501,15283,74267
119,16577.891014427,16577.891528822,,1,GPU-37ffc98b-8551-c8a1-5f3c-27ade9ae735a,ok,0,0,453,15.283,30,210,405,390,292
119,16577.891014427,16577.891735892,,2,GPU-5443d59d-561f-ed1e-da42-1975937205f9,ok,0,0,453,27.542,37,210,405,439,292
119,16577.891014427,16577.892251712,,3,GPU-46bf67bb-cb31-bee1-3cf0-c35337ba97d2,ok,0,0,453,26.358,41,210,405,439,292
119,16577.891014427,16577.892345492,,4,GPU-127e16de-2b5f-dde9-1932-b4e29bb818c0,ok,0,0,453,25.245,35,210,405,439,292
120,16578.891014427,16578.89226521,,0,GPU-9b96eb67-aeee-89d5-aa85-fc650af4e25c,ok,33,14,1476,236.739,67,1965,9501,14355,72705
120,16578.891014427,16578.8914987,,1,GPU-37ffc98b-8551-c8a1-5f3c-27ade9ae735a,ok,0,0,453,15.203,30,210,405,390,292
120,16578.891014427,16578.89162957,,2,GPU-5443d59d-561f-ed1e-da42-1975937205f9,ok,0,0,453,27.504,37,210,405,390,341
120,16578.891014427,16578.8922396,,3,GPU-46bf67bb-cb31-bee1-3cf0-c35337ba97d2,ok,0,0,453,26.225,41,210,405,439,292
120,16578.891014427,16578.89287745,,4,GPU-127e16de-2b5f-dde9-1932-b4e29bb818c0,ok,0,0,453,25.255,35,210,405,439,341
121,16579.891014427,16579.891600028,,0,GPU-9b96eb67-aeee-89d5-aa85-fc650af4e25c,ok,33,14,1476,219.667,66,1830,9501,14599,77685
121,16579.891014427,16579.891696988,,1,GPU-37ffc98b-8551-c8a1-5f3c-27ade9ae735a,ok,0,0,453,15.159,30,210,405,390,292
121,16579.891014427,16579.891810448,,2,GPU-5443d59d-561f-ed1e-da42-1975937205f9,ok,0,0,453,27.432,37,210,405,439,341
121,16579.891014427,16579.891770048,,3,GPU-46bf67bb-cb31-bee1-3cf0-c35337ba97d2,ok,0,0,453,26.242,41,210,405,439,292
121,16579.891014427,16579.891994758,,4,GPU-127e16de-2b5f-dde9-1932-b4e29bb818c0,ok,0,0,453,25.0,35,210,405,439,292
122,16580.891014427,16580.891742936,,0,GPU-9b96eb67-aeee-89d5-aa85-fc650af4e25c,ok,37,15,1476,195.545,65,1845,9501,14843,79003
122,16580.891014427,16580.892290066,,1,GPU-37ffc98b-8551-c8a1-5f3c-27ade9ae735a,ok,0,0,453,15.33,30,210,405,439,341
122,16580.891014427,16580.891507016,,2,GPU-5443d59d-561f-ed1e-da42-1975937205f9,ok,0,0,453,27.478,37,210,405,439,341
122,16580.891014427,16580.892260986,,3,GPU-46bf67bb-cb31-bee1-3cf0-c35337ba97d2,ok,0,0,453,26.47,41,210,405,439,292
122,16580.891014427,16580.891770186,,4,GPU-127e16de-2b5f-dde9-1932-b4e29bb818c0,ok,0,0,453,24.686,35,210,405,439,292
123,16581.891014427,16581.892733994,,0,GPU-9b96eb67-aeee-89d5-aa85-fc650af4e25c,ok,37,16,1476,215.834,66,1965,9501,12744,71093
123,16581.891014427,16581.891487734,,1,GPU-37ffc98b-8551-c8a1-5f3c-27ade9ae735a,ok,0,0,453,15.202,30,210,405,390,292
123,16581.891014427,16581.892106104,,2,GPU-5443d59d-561f-ed1e-da42-1975937205f9,ok,0,0,453,27.402,37,210,405,439,292
123,16581.891014427,16581.891591294,,3,GPU-46bf67bb-cb31-bee1-3cf0-c35337ba97d2,ok,0,0,453,26.329,41,210,405,439,341
123,16581.891014427,16581.891716694,,4,GPU-127e16de-2b5f-dde9-1932-b4e29bb818c0,ok,0,0,453,24.673,35,210,405,439,292
124,16582.891014427,16582.892930942,,0,GPU-9b96eb67-aeee-89d5-aa85-fc650af4e25c,ok,35,16,1476,236.841,67,1965,9501,15185,78515
124,16582.891014427,16582.891690602,,1,GPU-37ffc98b-8551-c8a1-5f3c-27ade9ae735a,ok,0,0,453,15.147,30,210,405,390,341
124,16582.891014427,16582.892297172,,2,GPU-5443d59d-561f-ed1e-da42-1975937205f9,ok,0,0,453,27.447,37,210,405,439,292
124,16582.891014427,16582.891767982,,3,GPU-46bf67bb-cb31-bee1-3cf0-c35337ba97d2,ok,0,0,453,26.28,41,210,405,439,341
124,16582.891014427,16582.891565352,,4,GPU-127e16de-2b5f-dde9-1932-b4e29bb818c0,ok,0,0,453,24.805,35,210,405,439,292
125,16583.891014427,16583.89197451,,0,GPU-9b96eb67-aeee-89d5-aa85-fc650af4e25c,ok,39,17,1476,214.411,65,1830,9501,14990,78076
125,16583.891014427,16583.89186293,,1,GPU-37ffc98b-8551-c8a1-5f3c-27ade9ae735a,ok,0,0,453,15.268,30,210,405,439,292
125,16583.891014427,16583.89200187,,2,GPU-5443d59d-561f-ed1e-da42-1975937205f9,ok,0,0,453,27.616,37,210,405,390,292
125,16583.891014427,16583.89189972,,3,GPU-46bf67bb-cb31-bee1-3cf0-c35337ba97d2,ok,0,0,453,26.435,41,210,405,439,292
125,16583.891014427,16583.89183782,,4,GPU-127e16de-2b5f-dde9-1932-b4e29bb818c0,ok,0,0,453,24.83,35,210,405,439,341
126,16584.891014427,16584.891804498,,0,GPU-9b96eb67-aeee-89d5-aa85-fc650af4e25c,ok,36,16,1476,215.419,66,1950,9501,14892,76855
126,16584.891014427,16584.891741208,,1,GPU-37ffc98b-8551-c8a1-5f3c-27ade9ae735a,ok,0,0,453,15.102,30,210,405,390,292
126,16584.891014427,16584.891536808,,2,GPU-5443d59d-561f-ed1e-da42-1975937205f9,ok,0,0,453,27.498,37,210,405,390,341
126,16584.891014427,16584.891627128,,3,GPU-46bf67bb-cb31-bee1-3cf0-c35337ba97d2,ok,0,0,453,26.243,41,210,405,439,292
126,16584.891014427,16584.892869018,,4,GPU-127e16de-2b5f-dde9-1932-b4e29bb818c0,ok,0,0,453,24.794,35,210,405,439,341
127,16585.891014427,16585.891796066,,0,GPU-9b96eb67-aeee-89d5-aa85-fc650af4e25c,ok,38,17,1476,232.794,67,1965,9501,13378,78076
127,16585.891014427,16585.891842786,,1,GPU-37ffc98b-8551-c8a1-5f3c-27ade9ae735a,ok,0,0,453,15.307,30,210,405,390,292
127,16585.891014427,16585.891757426,,2,GPU-5443d59d-561f-ed1e-da42-1975937205f9,ok,0,0,453,27.499,37,210,405,439,341
127,16585.891014427,16585.891622566,,3,GPU-46bf67bb-cb31-bee1-3cf0-c35337ba97d2,ok,0,0,453,26.171,41,210,405,390,292
127,16585.891014427,16585.892254396,,4,GPU-127e16de-2b5f-dde9-1932-b4e29bb818c0,ok,0,0,453,24.916,35,210,405,439,341
128,16586.891014427,16586.891561784,,0,GPU-9b96eb67-aeee-89d5-aa85-fc650af4e25c,ok,37,17,1476,231.674,66,1950,9501,14599,77050
128,16586.891014427,16586.893321944,,1,GPU-37ffc98b-8551-c8a1-5f3c-27ade9ae735a,ok,0,0,453,15.496,30,210,405,390,341
128,16586.891014427,16586.891648624,,2,GPU-5443d59d-561f-ed1e-da42-1975937205f9,ok,0,0,453,27.571,37,210,405,439,341
128,16586.891014427,16586.893289794,,3,GPU-46bf67bb-cb31-bee1-3cf0-c35337ba97d2,ok,0,0,453,26.331,41,210,405,439,341
128,16586.891014427,16586.891611114,,4,GPU-127e16de-2b5f-dde9-1932-b4e29bb818c0,ok,0,0,453,25.259,35,210,405,439,341
129,16587.891014427,16587.891733662,,0,GPU-9b96eb67-aeee-89d5-aa85-fc650af4e25c,ok,41,18,1476,230.047,66,1950,9501,14648,76318
129,16587.891014427,16587.891926322,,1,GPU-37ffc98b-8551-c8a1-5f3c-27ade9ae735a,ok,0,0,453,15.276,30,210,405,390,292
129,16587.891014427,16587.891835232,,2,GPU-5443d59d-561f-ed1e-da42-1975937205f9,ok,0,0,453,27.588,37,210,405,390,341
129,16587.891014427,16587.891884872,,3,GPU-46bf67bb-cb31-bee1-3cf0-c35337ba97d2,ok,0,0,453,26.147,41,210,405,439,341
129,16587.891014427,16587.891949222,,4,GPU-127e16de-2b5f-dde9-1932-b4e29bb818c0,ok,0,0,453,25.473,35,210,405,439,292
130,16588.891014427,16588.89227843,,0,GPU-9b96eb67-aeee-89d5-aa85-fc650af4e25c,ok,40,18,1476,236.417,67,1965,9501,15478,78369
130,16588.891014427,16588.89155552,,1,GPU-37ffc98b-8551-c8a1-5f3c-27ade9ae735a,ok,0,0,453,15.22,30,210,405,439,292
130,16588.891014427,16588.89174376,,2,GPU-5443d59d-561f-ed1e-da42-1975937205f9,ok,0,0,453,27.727,37,210,405,390,292
130,16588.891014427,16588.89181602,,3,GPU-46bf67bb-cb31-bee1-3cf0-c35337ba97d2,ok,0,0,453,26.163,41,210,405,439,341
130,16588.891014427,16588.89178399,,4,GPU-127e16de-2b5f-dde9-1932-b4e29bb818c0,ok,0,0,453,25.32,35,210,405,439,292
131,16589.891014427,16589.891688528,,0,GPU-9b96eb67-aeee-89d5-aa85-fc650af4e25c,ok,45,22,1476,242.706,67,1965,9501,14599,77294
131,16589.891014427,16589.892082968,,1,GPU-37ffc98b-8551-c8a1-5f3c-27ade9ae735a,ok,0,0,453,15.102,30,210,405,439,292
131,16589.891014427,16589.891895088,,2,GPU-5443d59d-561f-ed1e-da42-1975937205f9,ok,0,0,453,27.795,37,210,405,439,292
131,16589.891014427,16589.891822718,,3,GPU-46bf67bb-cb31-bee1-3cf0-c35337ba97d2,ok,0,0,453,26.601,41,210,405,439,341
131,16589.891014427,16589.891869938,,4,GPU-127e16de-2b5f-dde9-1932-b4e29bb818c0,ok,0,0,453,25.363,35,210,405,439,292
132,16590.891014427,16590.892450426,,0,GPU-9b96eb67-aeee-89d5-aa85-fc650af4e25c,ok,39,18,1476,240.21,67,1950,9501,15380,78222
132,16590.891014427,16590.892388916,,1,GPU-37ffc98b-8551-c8a1-5f3c-27ade9ae735a,ok,0,0,453,15.07,30,210,405,439,292
132,16590.891014427,16590.892413966,,2,GPU-5443d59d-561f-ed1e-da42-1975937205f9,ok,0,0,453,27.905,37,210,405,439,292
132,16590.891014427,16590.892165046,,3,GPU-46bf67bb-cb31-bee1-3cf0-c35337ba97d2,ok,0,0,453,26.393,41,210,405,439,292
132,16590.891014427,16590.891431146,,4,GPU-127e16de-2b5f-dde9-1932-b4e29bb818c0,ok,0,0,453,25.478,35,210,405,390,292
133,16591.891014427,16591.891778114,,0,GPU-9b96eb67-aeee-89d5-aa85-fc650af4e25c,ok,33,14,1476,231.191,66,1950,9501,14648,77539
133,16591.891014427,16591.891858174,,1,GPU-37ffc98b-8551-c8a1-5f3c-27ade9ae735a,ok,0,0,453,15.173,30,210,405,390,341
133,16591.891014427,16591.891824914,,2,GPU-5443d59d-561f-ed1e-da42-1975937205f9,ok,0,0,453,27.817,37,210,405,390,292
133,16591.891014427,16591.892358204,,3,GPU-46bf67bb-cb31-bee1-3cf0-c35337ba97d2,ok,0,0,453,26.144,41,210,405,390,292
133,16591.891014427,16591.891614814,,4,GPU-127e16de-2b5f-dde9-1932-b4e29bb818c0,ok,0,0,453,25.126,35,210,405,439,292
134,16592.891014427,16592.891783702,,0,GPU-9b96eb67-aeee-89d5-aa85-fc650af4e25c,ok,36,16,1476,229.723,66,1965,9501,14648,77099
134,16592.891014427,16592.891955512,,1,GPU-37ffc98b-8551-c8a1-5f3c-27ade9ae735a,ok,0,0,453,15.251,30,210,405,390,292
134,16592.891014427,16592.891942552,,2,GPU-5443d59d-561f-ed1e-da42-1975937205f9,ok,0,0,453,27.591,37,210,405,439,341
134,16592.891014427,16592.891827332,,3,GPU-46bf67bb-cb31-bee1-3cf0-c35337ba97d2,ok,0,0,453,26.232,41,210,405,439,292
134,16592.891014427,16592.891896362,,4,GPU-127e16de-2b5f-dde9-1932-b4e29bb818c0,ok,0,0,453,25.143,35,210,405,439,292
135,16593.891014427,16593.89235619,,0,GPU-9b96eb67-aeee-89d5-aa85-fc650af4e25c,ok,36,16,1476,241.068,67,1965,9501,15527,77978
135,16593.891014427,16593.891851,,1,GPU-37ffc98b-8551-c8a1-5f3c-27ade9ae735a,ok,0,0,453,15.348,30,210,405,390,292
135,16593.891014427,16593.89161898,,2,GPU-5443d59d-561f-ed1e-da42-1975937205f9,ok,0,0,453,27.686,37,210,405,439,341
135,16593.891014427,16593.89183189,,3,GPU-46bf67bb-cb31-bee1-3cf0-c35337ba97d2,ok,0,0,453,26.277,41,210,405,439,292
135,16593.891014427,16593.89175949,,4,GPU-127e16de-2b5f-dde9-1932-b4e29bb818c0,ok,0,0,453,25.462,35,210,405,439,341
136,16594.891014427,16594.891857448,,0,GPU-9b96eb67-aeee-89d5-aa85-fc650af4e25c,ok,36,16,1476,238.549,67,1965,9501,15136,78125
136,16594.891014427,16594.892769578,,1,GPU-37ffc98b-8551-c8a1-5f3c-27ade9ae735a,ok,0,0,453,15.296,30,210,405,390,341
136,16594.891014427,16594.891838848,,2,GPU-5443d59d-561f-ed1e-da42-1975937205f9,ok,0,0,453,27.824,37,210,405,439,341
136,16594.891014427,16594.891759298,,3,GPU-46bf67bb-cb31-bee1-3cf0-c35337ba97d2,ok,0,0,453,26.47,41,210,405,390,292
136,16594.891014427,16594.891532988,,4,GPU-127e16de-2b5f-dde9-1932-b4e29bb818c0,ok,0,0,453,25.42,35,210,405,439,292
137,16595.891014427,16595.891758326,,0,GPU-9b96eb67-aeee-89d5-aa85-fc650af4e25c,ok,35,15,1476,238.7,66,1965,9501,15136,77294
137,16595.891014427,16595.893543787,,1,GPU-37ffc98b-8551-c8a1-5f3c-27ade9ae735a,ok,0,0,453,15.154,30,210,405,390,341
137,16595.891014427,16595.891781446,,2,GPU-5443d59d-561f-ed1e-da42-1975937205f9,ok,0,0,453,27.715,37,210,405,390,292
137,16595.891014427,16595.892253896,,3,GPU-46bf67bb-cb31-bee1-3cf0-c35337ba97d2,ok,0,0,453,26.331,41,210,405,439,292
137,16595.891014427,16595.891533606,,4,GPU-127e16de-2b5f-dde9-1932-b4e29bb818c0,ok,0,0,453,25.459,35,210,405,439,292
138,16596.891014427,16596.892160494,,0,GPU-9b96eb67-aeee-89d5-aa85-fc650af4e25c,ok,34,15,1476,236.1,66,1965,9501,14208,73437
138,16596.891014427,16596.891692154,,1,GPU-37ffc98b-8551-c8a1-5f3c-27ade9ae735a,ok,0,0,453,15.259,30,210,405,390,292
138,16596.891014427,16596.891439584,,2,GPU-5443d59d-561f-ed1e-da42-1975937205f9,ok,0,0,453,27.653,37,210,405,390,292
138,16596.891014427,16596.892314394,,3,GPU-46bf67bb-cb31-bee1-3cf0-c35337ba97d2,ok,0,0,453,26.274,41,210,405,439,292
138,16596.891014427,16596.892234534,,4,GPU-127e16de-2b5f-dde9-1932-b4e29bb818c0,ok,0,0,453,25.552,35,210,405,439,292
139,16597.891014427,16597.891819032,,0,GPU-9b96eb67-aeee-89d5-aa85-fc650af4e25c,ok,39,16,1476,211.662,65,1830,9501,14794,78125
139,16597.891014427,16597.891919282,,1,GPU-37ffc98b-8551-c8a1-5f3c-27ade9ae735a,ok,0,0,453,15.454,30,210,405,390,292
139,16597.891014427,16597.891702472,,2,GPU-5443d59d-561f-ed1e-da42-1975937205f9,ok,0,0,453,27.677,37,210,405,439,341
139,16597.891014427,16597.891861482,,3,GPU-46bf67bb-cb31-bee1-3cf0-c35337ba97d2,ok,0,0,453,26.449,41,210,405,439,292
139,16597.891014427,16597.891932572,,4,GPU-127e16de-2b5f-dde9-1932-b4e29bb818c0,ok,0,0,453,25.227,35,210,405,439,292
140,16598.891014427,16598.89180823,,0,GPU-9b96eb67-aeee-89d5-aa85-fc650af4e25c,ok,38,17,1476,217.64,66,1965,9501,11132,77539
140,16598.891014427,16598.89187924,,1,GPU-37ffc98b-8551-c8a1-5f3c-27ade9ae735a,ok,0,0,453,15.38,30,210,405,390,341
140,16598.891014427,16598.893709621,,2,GPU-5443d59d-561f-ed1e-da42-1975937205f9,ok,0,0,453,27.504,37,210,405,439,341
140,16598.891014427,16598.89161656,,3,GPU-46bf67bb-cb31-bee1-3cf0-c35337ba97d2,ok,0,0,453,26.263,41,210,405,439,292
140,16598.891014427,16598.89183742,,4,GPU-127e16de-2b5f-dde9-1932-b4e29bb818c0,ok,0,0,453,25.095,35,210,405,439,292
141,16599.891014427,16599.891953158,,0,GPU-9b96eb67-aeee-89d5-aa85-fc650af4e25c,ok,37,17,1476,237.835,66,1965,9501,15332,78417
141,16599.891014427,16599.891864918,,1,GPU-37ffc98b-8551-c8a1-5f3c-27ade9ae735a,ok,0,0,453,15.442,30,210,405,439,292
141,16599.891014427,16599.891912538,,2,GPU-5443d59d-561f-ed1e-da42-1975937205f9,ok,0,0,453,27.405,37,210,405,439,341
141,16599.891014427,16599.891771568,,3,GPU-46bf67bb-cb31-bee1-3cf0-c35337ba97d2,ok,0,0,453,26.239,41,210,405,390,292
141,16599.891014427,16599.891829228,,4,GPU-127e16de-2b5f-dde9-1932-b4e29bb818c0,ok,0,0,453,25.249,35,210,405,390,341
142,16600.891014427,16600.891741926,,0,GPU-9b96eb67-aeee-89d5-aa85-fc650af4e25c,ok,36,16,1476,237.469,66,1965,9501,14794,77929
142,16600.891014427,16600.891769876,,1,GPU-37ffc98b-8551-c8a1-5f3c-27ade9ae735a,ok,0,0,453,15.498,30,210,405,439,292
142,16600.891014427,16600.891503026,,2,GPU-5443d59d-561f-ed1e-da42-1975937205f9,ok,0,0,453,27.591,37,210,405,390,292
142,16600.891014427,16600.892303186,,3,GPU-46bf67bb-cb31-bee1-3cf0-c35337ba97d2,ok,0,0,453,26.4,41,210,405,439,292
142,16600.891014427,16600.892273896,,4,GPU-127e16de-2b5f-dde9-1932-b4e29bb818c0,ok,0,0,453,25.246,35,210,405,439,341
143,16601.891014427,16601.891823524,,0,GPU-9b96eb67-aeee-89d5-aa85-fc650af4e25c,ok,39,18,1476,236.944,66,1965,9501,14941,76660
143,16601.891014427,16601.892359265,,1,GPU-37ffc98b-8551-c8a1-5f3c-27ade9ae735a,ok,0,0,453,15.255,30,210,405,439,292
143,16601.891014427,16601.891629804,,2,GPU-5443d59d-561f-ed1e-da42-1975937205f9,ok,0,0,453,27.642,37,210,405,439,292
143,16601.891014427,16601.891761604,,3,GPU-46bf67bb-cb31-bee1-3cf0-c35337ba97d2,ok,0,0,453,26.265,41,210,405,439,292
143,16601.891014427,16601.891847174,,4,GPU-127e16de-2b5f-dde9-1932-b4e29bb818c0,ok,0,0,453,25.233,35,210,405,439,341
144,16602.891014427,16602.891655982,,0,GPU-9b96eb67-aeee-89d5-aa85-fc650af4e25c,ok,40,18,1476,240.133,66,1965,9501,14697,77636
144,16602.891014427,16602.891666512,,1,GPU-37ffc98b-8551-c8a1-5f3c-27ade9ae735a,ok,0,0,453,15.254,30,210,405,439,341
144,16602.891014427,16602.891501212,,2,GPU-5443d59d-561f-ed1e-da42-1975937205f9,ok,0,0,453,27.678,37,210,405,439,292
144,16602.891014427,16602.893122603,,3,GPU-46bf67bb-cb31-bee1-3cf0-c35337ba97d2,ok,0,0,453,26.33,41,210,405,439,292
144,16602.891014427,16602.892218342,,4,GPU-127e16de-2b5f-dde9-1932-b4e29bb818c0,ok,0,0,453,25.219,35,210,405,439,292
145,16603.891014427,16603.89176633,,0,GPU-9b96eb67-aeee-89d5-aa85-fc650af4e25c,ok,40,18,1476,238.732,66,1965,9501,15039,78564
145,16603.891014427,16603.89158413,,1,GPU-37ffc98b-8551-c8a1-5f3c-27ade9ae735a,ok,0,0,453,15.513,30,210,405,439,292
145,16603.891014427,16603.892277371,,2,GPU-5443d59d-561f-ed1e-da42-1975937205f9,ok,0,0,453,27.748,37,210,405,439,292
145,16603.891014427,16603.892912571,,3,GPU-46bf67bb-cb31-bee1-3cf0-c35337ba97d2,ok,0,0,453,26.48,41,210,405,439,292
145,16603.891014427,16603.89166056,,4,GPU-127e16de-2b5f-dde9-1932-b4e29bb818c0,ok,0,0,453,25.135,35,210,405,390,292
146,16604.891014427,16604.892332909,,0,GPU-9b96eb67-aeee-89d5-aa85-fc650af4e25c,ok,40,18,1476,238.962,66,1965,9501,14990,76806
146,16604.891014427,16604.892376249,,1,GPU-37ffc98b-8551-c8a1-5f3c-27ade9ae735a,ok,0,0,453,15.478,30,210,405,390,292
146,16604.891014427,16604.891486688,,2,GPU-5443d59d-561f-ed1e-da42-1975937205f9,ok,0,0,453,27.651,37,210,405,439,341
146,16604.891014427,16604.892352829,,3,GPU-46bf67bb-cb31-bee1-3cf0-c35337ba97d2,ok,0,0,453,26.331,41,210,405,439,292
146,16604.891014427,16604.891649348,,4,GPU-127e16de-2b5f-dde9-1932-b4e29bb818c0,ok,0,0,453,25.243,35,210,405,390,292
147,16605.891014427,16605.891907076,,0,GPU-9b96eb67-aeee-89d5-aa85-fc650af4e25c,ok,41,19,1476,240.869,67,1965,9501,14892,77441
147,16605.891014427,16605.891809686,,1,GPU-37ffc98b-8551-c8a1-5f3c-27ade9ae735a,ok,0,0,453,15.406,30,210,405,439,292
147,16605.891014427,16605.891851786,,2,GPU-5443d59d-561f-ed1e-da42-1975937205f9,ok,0,0,453,27.751,37,210,405,390,341
147,16605.891014427,16605.891933066,,3,GPU-46bf67bb-cb31-bee1-3cf0-c35337ba97d2,ok,0,0,453,26.324,41,210,405,439,341
147,16605.891014427,16605.891770176,,4,GPU-127e16de-2b5f-dde9-1932-b4e29bb818c0,ok,0,0,453,25.27,35,210,405,439,341
148,16606.891014427,16606.892013785,,0,GPU-9b96eb67-aeee-89d5-aa85-fc650af4e25c,ok,33,14,1476,239.017,67,1965,9501,14941,77294
148,16606.891014427,16606.891939915,,1,GPU-37ffc98b-8551-c8a1-5f3c-27ade9ae735a,ok,0,0,453,15.51,30,210,405,439,292
148,16606.891014427,16606.891830184,,2,GPU-5443d59d-561f-ed1e-da42-1975937205f9,ok,0,0,453,27.931,37,210,405,439,341
148,16606.891014427,16606.892037325,,3,GPU-46bf67bb-cb31-bee1-3cf0-c35337ba97d2,ok,0,0,453,26.429,41,210,405,439,341
148,16606.891014427,16606.891922374,,4,GPU-127e16de-2b5f-dde9-1932-b4e29bb818c0,ok,0,0,453,24.878,35,210,405,439,341
149,16607.891014427,16607.891692692,,0,GPU-9b96eb67-aeee-89d5-aa85-fc650af4e25c,ok,33,14,1476,235.76,66,1965,9501,14453,76611
149,16607.891014427,16607.891882873,,1,GPU-37ffc98b-8551-c8a1-5f3c-27ade9ae735a,ok,0,0,453,15.268,30,210,405,390,292
149,16607.891014427,16607.891990193,,2,GPU-5443d59d-561f-ed1e-da42-1975937205f9,ok,0,0,453,27.83,37,210,405,439,341
149,16607.891014427,16607.891955773,,3,GPU-46bf67bb-cb31-bee1-3cf0-c35337ba97d2,ok,0,0,453,26.231,41,210,405,439,292
149,16607.891014427,16607.891812292,,4,GPU-127e16de-2b5f-dde9-1932-b4e29bb818c0,ok,0,0,453,24.848,35,210,405,439,341
150,16608.891014427,16608.892283341,,0,GPU-9b96eb67-aeee-89d5-aa85-fc650af4e25c,ok,34,15,1476,232.41,66,1935,9501,14892,76464
150,16608.891014427,16608.89146026,,1,GPU-37ffc98b-8551-c8a1-5f3c-27ade9ae735a,ok,0,0,453,15.225,30,210,405,390,292
150,16608.891014427,16608.892318221,,2,GPU-5443d59d-561f-ed1e-da42-1975937205f9,ok,0,0,453,27.807,37,210,405,390,341
150,16608.891014427,16608.892243311,,3,GPU-46bf67bb-cb31-bee1-3cf0-c35337ba97d2,ok,0,0,453,26.226,41,210,405,439,292
150,16608.891014427,16608.89164532,,4,GPU-127e16de-2b5f-dde9-1932-b4e29bb818c0,ok,0,0,453,24.945,35,210,405,439,292
151,16609.891014427,16609.891636868,,0,GPU-9b96eb67-aeee-89d5-aa85-fc650af4e25c,ok,34,15,1476,219.503,66,1965,9501,14697,77929
151,16609.891014427,16609.891831879,,1,GPU-37ffc98b-8551-c8a1-5f3c-27ade9ae735a,ok,0,0,453,15.452,30,210,405,390,341
151,16609.891014427,16609.891733869,,2,GPU-5443d59d-561f-ed1e-da42-1975937205f9,ok,0,0,453,27.796,37,210,405,439,341
151,16609.891014427,16609.891765869,,3,GPU-46bf67bb-cb31-bee1-3cf0-c35337ba97d2,ok,0,0,453,26.376,41,210,405,439,292
151,16609.891014427,16609.891500148,,4,GPU-127e16de-2b5f-dde9-1932-b4e29bb818c0,ok,0,0,453,24.778,35,210,405,439,292
152,16610.891014427,16610.893506197,,0,GPU-9b96eb67-aeee-89d5-aa85-fc650af4e25c,ok,35,15,1476,235.85,66,1965,9501,14843,74414
152,16610.891014427,16610.891662017,,1,GPU-37ffc98b-8551-c8a1-5f3c-27ade9ae735a,ok,0,0,453,15.446,30,210,405,439,292
152,16610.891014427,16610.891520986,,2,GPU-5443d59d-561f-ed1e-da42-1975937205f9,ok,0,0,453,27.651,37,210,405,439,341
152,16610.891014427,16610.892226257,,3,GPU-46bf67bb-cb31-bee1-3cf0-c35337ba97d2,ok,0,0,453,26.211,41,210,405,390,341
152,16610.891014427,16610.891708127,,4,GPU-127e16de-2b5f-dde9-1932-b4e29bb818c0,ok,0,0,453,24.996,35,210,405,439,292
153,16611.891014427,16611.891869275,,0,GPU-9b96eb67-aeee-89d5-aa85-fc650af4e25c,ok,38,16,1476,222.462,65,1860,9501,15136,78466
153,16611.891014427,16611.891762995,,1,GPU-37ffc98b-8551-c8a1-5f3c-27ade9ae735a,ok,0,0,453,15.502,30,210,405,439,292
153,16611.891014427,16611.891745285,,2,GPU-5443d59d-561f-ed1e-da42-1975937205f9,ok,0,0,453,27.627,37,210,405,390,292
153,16611.891014427,16611.891838165,,3,GPU-46bf67bb-cb31-bee1-3cf0-c35337ba97d2,ok,0,0,453,26.203,41,210,405,439,292
153,16611.891014427,16611.891890155,,4,GPU-127e16de-2b5f-dde9-1932-b4e29bb818c0,ok,0,0,453,25.196,35,210,405,439,292
154,16612.891014427,16612.892196693,,0,GPU-9b96eb67-aeee-89d5-aa85-fc650af4e25c,ok,37,17,1476,216.833,66,1965,9501,15039,51953
154,16612.891014427,16612.891501293,,1,GPU-37ffc98b-8551-c8a1-5f3c-27ade9ae735a,ok,0,0,453,15.568,30,210,405,439,292
154,16612.891014427,16612.892836373,,2,GPU-5443d59d-561f-ed1e-da42-1975937205f9,ok,0,0,453,27.603,37,210,405,439,292
154,16612.891014427,16612.891628483,,3,GPU-46bf67bb-cb31-bee1-3cf0-c35337ba97d2,ok,0,0,453,26.337,41,210,405,439,292
154,16612.891014427,16612.891713103,,4,GPU-127e16de-2b5f-dde9-1932-b4e29bb818c0,ok,0,0,453,24.939,35,210,405,439,341
155,16613.891014427,16613.892933301,,0,GPU-9b96eb67-aeee-89d5-aa85-fc650af4e25c,ok,38,17,1476,237.805,66,1965,9501,15478,78271
155,16613.891014427,16613.891610551,,1,GPU-37ffc98b-8551-c8a1-5f3c-27ade9ae735a,ok,0,0,453,15.524,30,210,405,439,341
155,16613.891014427,16613.891755871,,2,GPU-5443d59d-561f-ed1e-da42-1975937205f9,ok,0,0,453,27.572,37,210,405,439,292
155,16613.891014427,16613.891635721,,3,GPU-46bf67bb-cb31-bee1-3cf0-c35337ba97d2,ok,0,0,453,26.18,41,210,405,439,292
155,16613.891014427,16613.891787321,,4,GPU-127e16de-2b5f-dde9-1932-b4e29bb818c0,ok,0,0,453,24.934,35,210,405,439,341
156,16614.891014427,16614.892293899,,0,GPU-9b96eb67-aeee-89d5-aa85-fc650af4e25c,ok,38,17,1476,237.988,66,1965,9501,14990,77734
156,16614.891014427,16614.892916089,,1,GPU-37ffc98b-8551-c8a1-5f3c-27ade9ae735a,ok,0,0,453,15.55,30,210,405,439,292
156,16614.891014427,16614.892329529,,2,GPU-5443d59d-561f-ed1e-da42-1975937205f9,ok,0,0,453,27.69,37,210,405,390,341
156,16614.891014427,16614.891650869,,3,GPU-46bf67bb-cb31-bee1-3cf0-c35337ba97d2,ok,0,0,453,26.219,41,210,405,439,292
156,16614.891014427,16614.891537519,,4,GPU-127e16de-2b5f-dde9-1932-b4e29bb818c0,ok,0,0,453,25.31,35,210,405,390,341
157,16615.891014427,16615.891797707,,0,GPU-9b96eb67-aeee-89d5-aa85-fc650af4e25c,ok,40,18,1476,238.581,66,1965,9501,14013,77880
157,16615.891014427,16615.891991877,,1,GPU-37ffc98b-8551-c8a1-5f3c-27ade9ae735a,ok,0,0,453,15.533,30,210,405,439,292
157,16615.891014427,16615.891751357,,2,GPU-5443d59d-561f-ed1e-da42-1975937205f9,ok,0,0,453,27.692,37,210,405,439,341
157,16615.891014427,16615.891982067,,3,GPU-46bf67bb-cb31-bee1-3cf0-c35337ba97d2,ok,0,0,453,26.421,41,210,405,439,341
157,16615.891014427,16615.891938797,,4,GPU-127e16de-2b5f-dde9-1932-b4e29bb818c0,ok,0,0,453,25.467,35,210,405,439,292
158,16616.891014427,16616.891874475,,0,GPU-9b96eb67-aeee-89d5-aa85-fc650af4e25c,ok,41,19,1476,241.968,66,1965,9501,15234,77490
158,16616.891014427,16616.891614015,,1,GPU-37ffc98b-8551-c8a1-5f3c-27ade9ae735a,ok,0,0,453,15.299,30,210,405,439,292
158,16616.891014427,16616.891820775,,2,GPU-5443d59d-561f-ed1e-da42-1975937205f9,ok,0,0,453,27.495,37,210,405,439,341
158,16616.891014427,16616.892950295,,3,GPU-46bf67bb-cb31-bee1-3cf0-c35337ba97d2,ok,0,0,453,26.311,41,210,405,390,292
158,16616.891014427,16616.891679955,,4,GPU-127e16de-2b5f-dde9-1932-b4e29bb818c0,ok,0,0,453,25.491,35,210,405,439,292
159,16617.891014427,16617.892153923,,0,GPU-9b96eb67-aeee-89d5-aa85-fc650af4e25c,ok,41,19,1476,241.438,66,1965,9501,15039,78222
159,16617.891014427,16617.892787763,,1,GPU-37ffc98b-8551-c8a1-5f3c-27ade9ae735a,ok,0,0,453,15.122,30,210,405,439,292
159,16617.891014427,16617.891443813,,2,GPU-5443d59d-561f-ed1e-da42-1975937205f9,ok,0,0,453,27.514,37,210,405,439,341
159,16617.891014427,16617.891590693,,3,GPU-46bf67bb-cb31-bee1-3cf0-c35337ba97d2,ok,0,0,453,26.368,41,210,405,439,292
159,16617.891014427,16617.893750703,,4,GPU-127e16de-2b5f-dde9-1932-b4e29bb818c0,ok,0,0,453,25.47,35,210,405,439,292
160,16618.891014427,16618.891902461,,0,GPU-9b96eb67-aeee-89d5-aa85-fc650af4e25c,ok,41,19,1476,239.659,66,1965,9501,14941,77783
160,16618.891014427,16618.891618661,,1,GPU-37ffc98b-8551-c8a1-5f3c-27ade9ae735a,ok,0,0,453,14.947,30,210,405,439,341
160,16618.891014427,16618.891873371,,2,GPU-5443d59d-561f-ed1e-da42-1975937205f9,ok,0,0,453,27.655,37,210,405,390,292
160,16618.891014427,16618.891830731,,3,GPU-46bf67bb-cb31-bee1-3cf0-c35337ba97d2,ok,0,0,453,26.435,41,210,405,439,292
160,16618.891014427,16618.891936631,,4,GPU-127e16de-2b5f-dde9-1932-b4e29bb818c0,ok,0,0,453,25.427,35,210,405,390,292
161,16619.891014427,16619.892336709,,0,GPU-9b96eb67-aeee-89d5-aa85-fc650af4e25c,ok,45,21,1476,243.367,67,1905,9501,15576,78564
161,16619.891014427,16619.891768309,,1,GPU-37ffc98b-8551-c8a1-5f3c-27ade9ae735a,ok,0,0,453,14.872,30,210,405,439,292
161,16619.891014427,16619.891619399,,2,GPU-5443d59d-561f-ed1e-da42-1975937205f9,ok,0,0,453,27.519,37,210,405,439,292
161,16619.891014427,16619.891885409,,3,GPU-46bf67bb-cb31-bee1-3cf0-c35337ba97d2,ok,0,0,453,26.193,41,210,405,439,292
161,16619.891014427,16619.891801469,,4,GPU-127e16de-2b5f-dde9-1932-b4e29bb818c0,ok,0,0,453,25.57,35,210,405,439,292
162,16620.891014427,16620.891626797,,0,GPU-9b96eb67-aeee-89d5-aa85-fc650af4e25c,ok,33,14,1476,241.765,67,1965,9501,14697,77880
162,16620.891014427,16620.891921077,,1,GPU-37ffc98b-8551-c8a1-5f3c-27ade9ae735a,ok,0,0,453,15.006,30,210,405,439,292
162,16620.891014427,16620.891891127,,2,GPU-5443d59d-561f-ed1e-da42-1975937205f9,ok,0,0,453,27.547,37,210,405,439,292
162,16620.891014427,16620.891766617,,3,GPU-46bf67bb-cb31-bee1-3cf0-c35337ba97d2,ok,0,0,453,26.201,41,210,405,439,292
162,16620.891014427,16620.891842307,,4,GPU-127e16de-2b5f-dde9-1932-b4e29bb818c0,ok,0,0,453,25.74,35,210,405,390,292
163,16621.891014427,16621.891685595,,0,GPU-9b96eb67-aeee-89d5-aa85-fc650af4e25c,ok,34,15,1476,236.247,66,1965,9501,14746,77636
163,16621.891014427,16621.893175045,,1,GPU-37ffc98b-8551-c8a1-5f3c-27ade9ae735a,ok,0,0,453,15.062,30,210,405,439,292
163,16621.891014427,16621.891529615,,2,GPU-5443d59d-561f-ed1e-da42-1975937205f9,ok,0,0,453,27.79,37,210,405,439,341
163,16621.891014427,16621.891721485,,3,GPU-46bf67bb-cb31-bee1-3cf0-c35337ba97d2,ok,0,0,453,26.405,41,210,405,439,292
163,16621.891014427,16621.891806745,,4,GPU-127e16de-2b5f-dde9-1932-b4e29bb818c0,ok,0,0,453,25.757,35,210,405,439,292
164,16622.891014427,16622.892160223,,0,GPU-9b96eb67-aeee-89d5-aa85-fc650af4e25c,ok,34,15,1476,236.788,66,1965,9501,14208,73828
164,16622.891014427,16622.891707003,,1,GPU-37ffc98b-8551-c8a1-5f3c-27ade9ae735a,ok,0,0,453,14.987,30,210,405,439,292
164,16622.891014427,16622.891663983,,2,GPU-5443d59d-561f-ed1e-da42-1975937205f9,ok,0,0,453,27.676,37,210,405,439,292
164,16622.891014427,16622.891464743,,3,GPU-46bf67bb-cb31-bee1-3cf0-c35337ba97d2,ok,0,0,453,26.258,41,210,405,439,292
164,16622.891014427,16622.893403653,,4,GPU-127e16de-2b5f-dde9-1932-b4e29bb818c0,ok,0,0,453,25.618,35,210,405,439,341
165,16623.891014427,16623.891760571,,0,GPU-9b96eb67-aeee-89d5-aa85-fc650af4e25c,ok,36,16,1476,236.556,66,1965,9501,14990,77148
165,16623.891014427,16623.891647531,,1,GPU-37ffc98b-8551-c8a1-5f3c-27ade9ae735a,ok,0,0,453,15.087,30,210,405,439,341
165,16623.891014427,16623.891671521,,2,GPU-5443d59d-561f-ed1e-da42-1975937205f9,ok,0,0,453,27.691,37,210,405,390,292
165,16623.891014427,16623.893291691,,3,GPU-46bf67bb-cb31-bee1-3cf0-c35337ba97d2,ok,0,0,453,26.214,41,210,405,488,292
165,16623.891014427,16623.891836691,,4,GPU-127e16de-2b5f-dde9-1932-b4e29bb818c0,ok,0,0,453,25.584,35,210,405,439,341
166,16624.891014427,16624.891730279,,0,GPU-9b96eb67-aeee-89d5-aa85-fc650af4e25c,ok,36,16,1476,235.06,66,1950,9501,14941,78515
166,16624.891014427,16624.891765249,,1,GPU-37ffc98b-8551-c8a1-5f3c-27ade9ae735a,ok,0,0,453,15.238,30,210,405,439,292
166,16624.891014427,16624.891783029,,2,GPU-5443d59d-561f-ed1e-da42-1975937205f9,ok,0,0,453,27.809,37,210,405,439,341
166,16624.891014427,16624.892169769,,3,GPU-46bf67bb-cb31-bee1-3cf0-c35337ba97d2,ok,0,0,453,26.436,41,210,405,439,292
166,16624.891014427,16624.891545159,,4,GPU-127e16de-2b5f-dde9-1932-b4e29bb818c0,ok,0,0,453,25.567,35,210,405,439,341
167,16625.891014427,16625.891756787,,0,GPU-9b96eb67-aeee-89d5-aa85-fc650af4e25c,ok,37,17,1476,233.529,66,1965,9501,14794,78515
167,16625.891014427,16625.893370137,,1,GPU-37ffc98b-8551-c8a1-5f3c-27ade9ae735a,ok,0,0,453,15.073,30,210,405,439,292
167,16625.891014427,16625.891782307,,2,GPU-5443d59d-561f-ed1e-da42-1975937205f9,ok,0,0,453,27.824,37,210,405,390,341
167,16625.891014427,16625.891722437,,3,GPU-46bf67bb-cb31-bee1-3cf0-c35337ba97d2,ok,0,0,453,26.341,41,210,405,439,341
167,16625.891014427,16625.891834517,,4,GPU-127e16de-2b5f-dde9-1932-b4e29bb818c0,ok,0,0,453,25.553,35,210,405,439,341
168,16626.891014427,16626.892076845,,0,GPU-9b96eb67-aeee-89d5-aa85-fc650af4e25c,ok,37,17,1476,237.721,66,1965,9501,12939,78857
168,16626.891014427,16626.892473055,,1,GPU-37ffc98b-8551-c8a1-5f3c-27ade9ae735a,ok,0,0,453,15.109,30,210,405,439,341
168,16626.891014427,16626.891992975,,2,GPU-5443d59d-561f-ed1e-da42-1975937205f9,ok,0,0,453,27.939,37,210,405,390,292
168,16626.891014427,16626.892148535,,3,GPU-46bf67bb-cb31-bee1-3cf0-c35337ba97d2,ok,0,0,453,26.327,41,210,405,439,341
168,16626.891014427,16626.891753105,,4,GPU-127e16de-2b5f-dde9-1932-b4e29bb818c0,ok,0,0,453,25.654,35,210,405,439,292
169,16627.891014427,16627.893471653,,0,GPU-9b96eb67-aeee-89d5-aa85-fc650af4e25c,ok,38,17,1476,237.865,66,1965,9501,14892,77148
169,16627.891014427,16627.891633573,,1,GPU-37ffc98b-8551-c8a1-5f3c-27ade9ae735a,ok,0,0,453,15.165,30,210,405,439,292
169,16627.891014427,16627.891548193,,2,GPU-5443d59d-561f-ed1e-da42-1975937205f9,ok,0,0,453,27.858,37,210,405,439,341
169,16627.891014427,16627.891681133,,3,GPU-46bf67bb-cb31-bee1-3cf0-c35337ba97d2,ok,0,0,453,26.494,41,210,405,439,292
169,16627.891014427,16627.893530973,,4,GPU-127e16de-2b5f-dde9-1932-b4e29bb818c0,ok,0,0,453,25.718,35,210,405,439,292
170,16628.891014427,16628.891842691,,0,GPU-9b96eb67-aeee-89d5-aa85-fc650af4e25c,ok,38,17,1476,237.336,66,1965,9501,14648,78515
170,16628.891014427,16628.891730671,,1,GPU-37ffc98b-8551-c8a1-5f3c-27ade9ae735a,ok,0,0,453,15.239,30,210,405,439,292
170,16628.891014427,16628.891881081,,2,GPU-5443d59d-561f-ed1e-da42-1975937205f9,ok,0,0,453,27.777,37,210,405,390,341
170,16628.891014427,16628.891937441,,3,GPU-46bf67bb-cb31-bee1-3cf0-c35337ba97d2,ok,0,0,453,26.39,41,210,405,390,292
170,16628.891014427,16628.893977942,,4,GPU-127e16de-2b5f-dde9-1932-b4e29bb818c0,ok,0,0,453,25.662,35,210,405,488,292
171,16629.891014427,16629.891831049,,0,GPU-9b96eb67-aeee-89d5-aa85-fc650af4e25c,ok,38,17,1476,236.85,66,1965,9501,15039,77197
171,16629.891014427,16629.891724309,,1,GPU-37ffc98b-8551-c8a1-5f3c-27ade9ae735a,ok,0,0,453,15.33,30,210,405,439,341
171,16629.891014427,16629.891764049,,2,GPU-5443d59d-561f-ed1e-da42-1975937205f9,ok,0,0,453,27.721,37,210,405,439,341
171,16629.891014427,16629.891669429,,3,GPU-46bf67bb-cb31-bee1-3cf0-c35337ba97d2,ok,0,0,453,26.396,41,210,405,439,292
171,16629.891014427,16629.89386966,,4,GPU-127e16de-2b5f-dde9-1932-b4e29bb818c0,ok,0,0,453,25.568,35,210,405,439,292
172,16630.891014427,16630.891872377,,0,GPU-9b96eb67-aeee-89d5-aa85-fc650af4e25c,ok,39,18,1476,236.479,66,1965,9501,14941,77099
172,16630.891014427,16630.891788027,,1,GPU-37ffc98b-8551-c8a1-5f3c-27ade9ae735a,ok,0,0,453,15.107,30,210,405,439,292
172,16630.891014427,16630.891595957,,2,GPU-5443d59d-561f-ed1e-da42-1975937205f9,ok,0,0,453,27.565,37,210,405,439,292
172,16630.891014427,16630.891840077,,3,GPU-46bf67bb-cb31-bee1-3cf0-c35337ba97d2,ok,0,0,453,26.484,41,210,405,439,341
172,16630.891014427,16630.892305687,,4,GPU-127e16de-2b5f-dde9-1932-b4e29bb818c0,ok,0,0,453,25.534,35,210,405,439,292
173,16631.891014427,16631.891846235,,0,GPU-9b96eb67-aeee-89d5-aa85-fc650af4e25c,ok,39,17,1476,219.891,65,1875,9501,15039,77050
173,16631.891014427,16631.891713835,,1,GPU-37ffc98b-8551-c8a1-5f3c-27ade9ae735a,ok,0,0,453,15.137,30,210,405,439,292
173,16631.891014427,16631.891740205,,2,GPU-5443d59d-561f-ed1e-da42-1975937205f9,ok,0,0,453,27.587,37,210,405,439,292
173,16631.891014427,16631.891695295,,3,GPU-46bf67bb-cb31-bee1-3cf0-c35337ba97d2,ok,0,0,453,26.289,41,210,405,439,341
173,16631.891014427,16631.891886085,,4,GPU-127e16de-2b5f-dde9-1932-b4e29bb818c0,ok,0,0,453,25.168,35,210,405,439,292
174,16632.891014427,16632.891839093,,0,GPU-9b96eb67-aeee-89d5-aa85-fc650af4e25c,ok,45,21,1476,211.857,65,1905,9501,15136,78027
174,16632.891014427,16632.891660733,,1,GPU-37ffc98b-8551-c8a1-5f3c-27ade9ae735a,ok,0,0,453,15.227,30,210,405,439,292
174,16632.891014427,16632.891877583,,2,GPU-5443d59d-561f-ed1e-da42-1975937205f9,ok,0,0,453,27.646,37,210,405,390,292
174,16632.891014427,16632.893011963,,3,GPU-46bf67bb-cb31-bee1-3cf0-c35337ba97d2,ok,0,0,453,26.259,41,210,405,439,292
174,16632.891014427,16632.891697253,,4,GPU-127e16de-2b5f-dde9-1932-b4e29bb818c0,ok,0,0,453,24.873,35,210,405,439,292
175,16633.891014427,16633.891711001,,0,GPU-9b96eb67-aeee-89d5-aa85-fc650af4e25c,ok,41,19,1476,220.754,65,1935,9501,14648,78417
175,16633.891014427,16633.891834451,,1,GPU-37ffc98b-8551-c8a1-5f3c-27ade9ae735a,ok,0,0,453,15.142,30,210,405,439,341
175,16633.891014427,16633.891518741,,2,GPU-5443d59d-561f-ed1e-da42-1975937205f9,ok,0,0,453,27.54,37,210,405,439,292
175,16633.891014427,16633.891735781,,3,GPU-46bf67bb-cb31-bee1-3cf0-c35337ba97d2,ok,0,0,453,26.224,41,210,405,439,292
175,16633.891014427,16633.893177451,,4,GPU-127e16de-2b5f-dde9-1932-b4e29bb818c0,ok,0,0,453,24.946,35,210,405,390,292
176,16634.891014427,16634.891930279,,0,GPU-9b96eb67-aeee-89d5-aa85-fc650af4e25c,ok,34,15,1476,226.599,66,1965,9501,15136,79003
176,16634.891014427,16634.891945349,,1,GPU-37ffc98b-8551-c8a1-5f3c-27ade9ae735a,ok,0,0,453,15.33,30,210,405,439,341
176,16634.891014427,16634.891836179,,2,GPU-5443d59d-561f-ed1e-da42-1975937205f9,ok,0,0,453,27.631,37,210,405,439,341
176,16634.891014427,16634.891980379,,3,GPU-46bf67bb-cb31-bee1-3cf0-c35337ba97d2,ok,0,0,453,26.219,41,210,405,488,341
176,16634.891014427,16634.891734359,,4,GPU-127e16de-2b5f-dde9-1932-b4e29bb818c0,ok,0,0,453,25.021,35,210,405,439,292
177,16635.891014427,16635.891796377,,0,GPU-9b96eb67-aeee-89d5-aa85-fc650af4e25c,ok,36,15,1476,235.683,66,1950,9501,15136,78759
177,16635.891014427,16635.891523247,,1,GPU-37ffc98b-8551-c8a1-5f3c-27ade9ae735a,ok,0,0,453,15.586,30,210,405,439,292
177,16635.891014427,16635.891832037,,2,GPU-5443d59d-561f-ed1e-da42-1975937205f9,ok,0,0,453,27.75,37,210,405,439,341
177,16635.891014427,16635.891764237,,3,GPU-46bf67bb-cb31-bee1-3cf0-c35337ba97d2,ok,0,0,453,26.346,41,210,405,439,341
177,16635.891014427,16635.892232367,,4,GPU-127e16de-2b5f-dde9-1932-b4e29bb818c0,ok,0,0,453,25.242,35,210,405,488,292
178,16636.891014427,16636.892885095,,0,GPU-9b96eb67-aeee-89d5-aa85-fc650af4e25c,ok,34,15,1476,231.933,66,1965,9501,15625,78662
178,16636.891014427,16636.892280875,,1,GPU-37ffc98b-8551-c8a1-5f3c-27ade9ae735a,ok,0,0,453,15.531,30,210,405,439,292
178,16636.891014427,16636.891508775,,2,GPU-5443d59d-561f-ed1e-da42-1975937205f9,ok,0,0,453,27.605,37,210,405,439,341
178,16636.891014427,16636.891628955,,3,GPU-46bf67bb-cb31-bee1-3cf0-c35337ba97d2,ok,0,0,453,26.145,41,210,405,439,341
178,16636.891014427,16636.892302015,,4,GPU-127e16de-2b5f-dde9-1932-b4e29bb818c0,ok,0,0,453,25.418,35,210,405,439,292
179,16637.891014427,16637.891665963,,0,GPU-9b96eb67-aeee-89d5-aa85-fc650af4e25c,ok,36,16,1476,237.112,66,1965,9501,14746,77294
179,16637.891014427,16637.891744023,,1,GPU-37ffc98b-8551-c8a1-5f3c-27ade9ae735a,ok,0,0,453,15.639,30,210,405,439,341
179,16637.891014427,16637.891708333,,2,GPU-5443d59d-561f-ed1e-da42-1975937205f9,ok,0,0,453,27.661,37,210,405,439,341
179,16637.891014427,16637.893667334,,3,GPU-46bf67bb-cb31-bee1-3cf0-c35337ba97d2,ok,0,0,453,26.163,41,210,405,488,341
179,16637.891014427,16637.891776063,,4,GPU-127e16de-2b5f-dde9-1932-b4e29bb818c0,ok,0,0,453,25.424,35,210,405,439,292
180,16638.891014427,16638.891761551,,0,GPU-9b96eb67-aeee-89d5-aa85-fc650af4e25c,ok,37,16,1476,237.258,66,1965,9501,15136,78808
180,16638.891014427,16638.891820221,,1,GPU-37ffc98b-8551-c8a1-5f3c-27ade9ae735a,ok,0,0,453,15.77,30,210,405,439,292
180,16638.891014427,16638.891506621,,2,GPU-5443d59d-561f-ed1e-da42-1975937205f9,ok,0,0,453,27.852,37,210,405,439,341
180,16638.891014427,16638.891725751,,3,GPU-46bf67bb-cb31-bee1-3cf0-c35337ba97d2,ok,0,0,453,26.368,41,210,405,439,341
180,16638.891014427,16638.892221721,,4,GPU-127e16de-2b5f-dde9-1932-b4e29bb818c0,ok,0,0,453,25.495,35,210,405,439,341
181,16639.891014427,16639.891598389,,0,GPU-9b96eb67-aeee-89d5-aa85-fc650af4e25c,ok,35,16,1476,236.77,66,1965,9501,13867,73388
181,16639.891014427,16639.891906909,,1,GPU-37ffc98b-8551-c8a1-5f3c-27ade9ae735a,ok,0,0,453,15.466,30,210,405,439,292
181,16639.891014427,16639.891863659,,2,GPU-5443d59d-561f-ed1e-da42-1975937205f9,ok,0,0,453,27.752,37,210,405,390,341
181,16639.891014427,16639.891820619,,3,GPU-46bf67bb-cb31-bee1-3cf0-c35337ba97d2,ok,0,0,453,26.223,41,210,405,439,292
181,16639.891014427,16639.891945529,,4,GPU-127e16de-2b5f-dde9-1932-b4e29bb818c0,ok,0,0,453,25.596,35,210,405,439,341
182,16640.891014427,16640.891829947,,0,GPU-9b96eb67-aeee-89d5-aa85-fc650af4e25c,ok,37,16,1476,235.18,66,1965,9501,15087,77880
182,16640.891014427,16640.891943387,,1,GPU-37ffc98b-8551-c8a1-5f3c-27ade9ae735a,ok,0,0,453,15.562,30,210,405,390,292
182,16640.891014427,16640.891891767,,2,GPU-5443d59d-561f-ed1e-da42-1975937205f9,ok,0,0,453,27.71,37,210,405,439,292
182,16640.891014427,16640.891785897,,3,GPU-46bf67bb-cb31-bee1-3cf0-c35337ba97d2,ok,0,0,453,26.243,41,210,405,439,292
182,16640.891014427,16640.891705137,,4,GPU-127e16de-2b5f-dde9-1932-b4e29bb818c0,ok,0,0,453,25.472,35,210,405,439,292
183,16641.891014427,16641.891944755,,0,GPU-9b96eb67-aeee-89d5-aa85-fc650af4e25c,ok,37,16,1476,224.089,65,1890,9501,15380,78564
183,16641.891014427,16641.891837915,,1,GPU-37ffc98b-8551-c8a1-5f3c-27ade9ae735a,ok,0,0,453,15.823,30,210,405,390,292
183,16641.891014427,16641.891800185,,2,GPU-5443d59d-561f-ed1e-da42-1975937205f9,ok,0,0,453,27.794,37,210,405,439,341
183,16641.891014427,16641.891730555,,3,GPU-46bf67bb-cb31-bee1-3cf0-c35337ba97d2,ok,0,0,453,26.35,41,210,405,439,292
183,16641.891014427,16641.891882165,,4,GPU-127e16de-2b5f-dde9-1932-b4e29bb818c0,ok,0,0,453,25.234,35,210,405,439,292
184,16642.891014427,16642.891837973,,0,GPU-9b96eb67-aeee-89d5-aa85-fc650af4e25c,ok,39,17,1476,201.254,64,1830,9501,15039,77587
184,16642.891014427,16642.892314023,,1,GPU-37ffc98b-8551-c8a1-5f3c-27ade9ae735a,ok,0,0,453,15.516,30,210,405,439,292
184,16642.891014427,16642.891601823,,2,GPU-5443d59d-561f-ed1e-da42-1975937205f9,ok,0,0,453,27.665,37,210,405,439,292
184,16642.891014427,16642.891806183,,3,GPU-46bf67bb-cb31-bee1-3cf0-c35337ba97d2,ok,0,0,453,26.186,41,210,405,439,341
184,16642.891014427,16642.891716623,,4,GPU-127e16de-2b5f-dde9-1932-b4e29bb818c0,ok,0,0,453,24.917,35,210,405,439,292
185,16643.891014427,16643.891695821,,0,GPU-9b96eb67-aeee-89d5-aa85-fc650af4e25c,ok,42,19,1496,226.665,66,1965,9501,14746,78613
185,16643.891014427,16643.891598111,,1,GPU-37ffc98b-8551-c8a1-5f3c-27ade9ae735a,ok,0,0,453,15.265,30,210,405,439,292
185,16643.891014427,16643.891832181,,2,GPU-5443d59d-561f-ed1e-da42-1975937205f9,ok,0,0,453,27.65,37,210,405,439,341
185,16643.891014427,16643.891725071,,3,GPU-46bf67bb-cb31-bee1-3cf0-c35337ba97d2,ok,0,0,453,26.223,41,210,405,439,341
185,16643.891014427,16643.893180792,,4,GPU-127e16de-2b5f-dde9-1932-b4e29bb818c0,ok,0,0,453,24.963,35,210,405,439,292
186,16644.891014427,16644.891511279,,0,GPU-9b96eb67-aeee-89d5-aa85-fc650af4e25c,ok,42,19,1496,242.736,66,1965,9501,13818,77343
186,16644.891014427,16644.891653529,,1,GPU-37ffc98b-8551-c8a1-5f3c-27ade9ae735a,ok,0,0,453,15.364,30,210,405,439,292
186,16644.891014427,16644.89254758,,2,GPU-5443d59d-561f-ed1e-da42-1975937205f9,ok,0,0,453,27.736,37,210,405,439,341
186,16644.891014427,16644.891755999,,3,GPU-46bf67bb-cb31-bee1-3cf0-c35337ba97d2,ok,0,0,453,26.334,41,210,405,390,341
186,16644.891014427,16644.89256613,,4,GPU-127e16de-2b5f-dde9-1932-b4e29bb818c0,ok,0,0,453,25.367,35,210,405,439,292
187,16645.891014427,16645.891819777,,0,GPU-9b96eb67-aeee-89d5-aa85-fc650af4e25c,ok,43,20,1496,245.167,66,1965,9501,15039,77246
187,16645.891014427,16645.891637107,,1,GPU-37ffc98b-8551-c8a1-5f3c-27ade9ae735a,ok,0,0,453,15.461,30,210,405,439,341
187,16645.891014427,16645.892345888,,2,GPU-5443d59d-561f-ed1e-da42-1975937205f9,ok,0,0,453,27.683,37,210,405,390,292
187,16645.891014427,16645.891741777,,3,GPU-46bf67bb-cb31-bee1-3cf0-c35337ba97d2,ok,0,0,453,26.191,41,210,405,439,341
187,16645.891014427,16645.891779727,,4,GPU-127e16de-2b5f-dde9-1932-b4e29bb818c0,ok,0,0,453,25.713,35,210,405,390,341
188,16646.891014427,16646.891649805,,0,GPU-9b96eb67-aeee-89d5-aa85-fc650af4e25c,ok,48,23,1496,244.296,67,1965,9501,14648,77197
188,16646.891014427,16646.891699785,,1,GPU-37ffc98b-8551-c8a1-5f3c-27ade9ae735a,ok,0,0,453,15.494,30,210,405,439,341
188,16646.891014427,16646.892669136,,2,GPU-5443d59d-561f-ed1e-da42-1975937205f9,ok,0,0,453,27.71,37,210,405,439,292
188,16646.891014427,16646.892739086,,3,GPU-46bf67bb-cb31-bee1-3cf0-c35337ba97d2,ok,0,0,453,26.259,41,210,405,439,292
188,16646.891014427,16646.891799715,,4,GPU-127e16de-2b5f-dde9-1932-b4e29bb818c0,ok,0,0,453,25.834,35,210,405,439,341
189,16647.891014427,16647.891839503,,0,GPU-9b96eb67-aeee-89d5-aa85-fc650af4e25c,ok,42,19,1496,244.628,66,1965,9501,14794,78857
189,16647.891014427,16647.891928823,,1,GPU-37ffc98b-8551-c8a1-5f3c-27ade9ae735a,ok,0,0,453,15.534,30,210,405,439,292
189,16647.891014427,16647.891865873,,2,GPU-5443d59d-561f-ed1e-da42-1975937205f9,ok,0,0,453,27.817,37,210,405,439,292
189,16647.891014427,16647.892362564,,3,GPU-46bf67bb-cb31-bee1-3cf0-c35337ba97d2,ok,0,0,453,26.424,41,210,405,439,292
189,16647.891014427,16647.891642613,,4,GPU-127e16de-2b5f-dde9-1932-b4e29bb818c0,ok,0,0,453,25.96,35,210,405,439,341
190,16648.891014427,16648.891722641,,0,GPU-9b96eb67-aeee-89d5-aa85-fc650af4e25c,ok,34,15,1496,241.768,66,1965,9501,15234,78320
190,16648.891014427,16648.891602701,,1,GPU-37ffc98b-8551-c8a1-5f3c-27ade9ae735a,ok,0,0,453,15.487,30,210,405,439,292
190,16648.891014427,16648.891688591,,2,GPU-5443d59d-561f-ed1e-da42-1975937205f9,ok,0,0,453,27.684,37,210,405,390,292
190,16648.891014427,16648.891764911,,3,GPU-46bf67bb-cb31-bee1-3cf0-c35337ba97d2,ok,0,0,453,26.296,41,210,405,439,292
190,16648.891014427,16648.893851102,,4,GPU-127e16de-2b5f-dde9-1932-b4e29bb818c0,ok,0,0,453,25.931,35,210,405,439,341
191,16649.891014427,16649.891616339,,0,GPU-9b96eb67-aeee-89d5-aa85-fc650af4e25c,ok,34,15,1496,237.512,66,1965,9501,14599,77539
191,16649.891014427,16649.89204829,,1,GPU-37ffc98b-8551-c8a1-5f3c-27ade9ae735a,ok,0,0,453,15.464,30,210,405,439,292
191,16649.891014427,16649.891657579,,2,GPU-5443d59d-561f-ed1e-da42-1975937205f9,ok,0,0,453,27.577,37,210,405,390,292
191,16649.891014427,16649.891792329,,3,GPU-46bf67bb-cb31-bee1-3cf0-c35337ba97d2,ok,0,0,453,26.352,41,210,405,439,292
191,16649.891014427,16649.891766769,,4,GPU-127e16de-2b5f-dde9-1932-b4e29bb818c0,ok,0,0,453,25.594,35,210,405,439,292
192,16650.891014427,16650.892230448,,0,GPU-9b96eb67-aeee-89d5-aa85-fc650af4e25c,ok,34,15,1496,236.639,66,1965,9501,15429,77392
192,16650.891014427,16650.891442607,,1,GPU-37ffc98b-8551-c8a1-5f3c-27ade9ae735a,ok,0,0,453,15.439,30,210,405,439,341
192,16650.891014427,16650.892164608,,2,GPU-5443d59d-561f-ed1e-da42-1975937205f9,ok,0,0,453,27.652,37,210,405,439,341
192,16650.891014427,16650.892263038,,3,GPU-46bf67bb-cb31-bee1-3cf0-c35337ba97d2,ok,0,0,453,26.468,41,210,405,439,292
192,16650.891014427,16650.891644827,,4,GPU-127e16de-2b5f-dde9-1932-b4e29bb818c0,ok,0,0,453,25.516,35,210,405,488,292
193,16651.891014427,16651.891750055,,0,GPU-9b96eb67-aeee-89d5-aa85-fc650af4e25c,ok,36,16,1496,236.514,66,1965,9501,13818,73876
193,16651.891014427,16651.891601025,,1,GPU-37ffc98b-8551-c8a1-5f3c-27ade9ae735a,ok,0,0,453,15.368,30,210,405,439,292
193,16651.891014427,16651.891807356,,2,GPU-5443d59d-561f-ed1e-da42-1975937205f9,ok,0,0,453,27.592,37,210,405,439,341
193,16651.891014427,16651.891838676,,3,GPU-46bf67bb-cb31-bee1-3cf0-c35337ba97d2,ok,0,0,453,26.256,41,210,405,439,292
193,16651.891014427,16651.891894866,,4,GPU-127e16de-2b5f-dde9-1932-b4e29bb818c0,ok,0,0,453,25.438,35,210,405,439,292
194,16652.891014427,16652.891739104,,0,GPU-9b96eb67-aeee-89d5-aa85-fc650af4e25c,ok,38,16,1496,223.999,65,1875,9501,14746,78320
194,16652.891014427,16652.891881234,,1,GPU-37ffc98b-8551-c8a1-5f3c-27ade9ae735a,ok,0,0,453,15.45,30,210,405,439,292
194,16652.891014427,16652.891770314,,2,GPU-5443d59d-561f-ed1e-da42-1975937205f9,ok,0,0,453,27.706,37,210,405,439,292
194,16652.891014427,16652.891915344,,3,GPU-46bf67bb-cb31-bee1-3cf0-c35337ba97d2,ok,0,0,453,26.247,41,210,405,390,341
194,16652.891014427,16652.891935734,,4,GPU-127e16de-2b5f-dde9-1932-b4e29bb818c0,ok,0,0,453,25.312,35,210,405,439,292
195,16653.891014427,16653.892353262,,0,GPU-9b96eb67-aeee-89d5-aa85-fc650af4e25c,ok,37,16,1496,219.196,66,1965,9501,12060,73242
195,16653.891014427,16653.892389052,,1,GPU-37ffc98b-8551-c8a1-5f3c-27ade9ae735a,ok,0,0,453,15.425,30,210,405,439,292
195,16653.891014427,16653.892437902,,2,GPU-5443d59d-561f-ed1e-da42-1975937205f9,ok,0,0,453,27.958,37,210,405,439,292
195,16653.891014427,16653.892326152,,3,GPU-46bf67bb-cb31-bee1-3cf0-c35337ba97d2,ok,0,0,453,26.32,41,210,405,439,341
195,16653.891014427,16653.891446261,,4,GPU-127e16de-2b5f-dde9-1932-b4e29bb818c0,ok,0,0,453,25.202,35,210,405,439,292
196,16654.891014427,16654.89189423,,0,GPU-9b96eb67-aeee-89d5-aa85-fc650af4e25c,ok,37,17,1496,236.952,66,1965,9501,15185,78271
196,16654.891014427,16654.89182794,,1,GPU-37ffc98b-8551-c8a1-5f3c-27ade9ae735a,ok,0,0,453,15.145,30,210,405,390,292
196,16654.891014427,16654.89171357,,2,GPU-5443d59d-561f-ed1e-da42-1975937205f9,ok,0,0,453,27.822,37,210,405,439,341
196,16654.891014427,16654.89180047,,3,GPU-46bf67bb-cb31-bee1-3cf0-c35337ba97d2,ok,0,0,453,26.072,41,210,405,439,292
196,16654.891014427,16654.89191905,,4,GPU-127e16de-2b5f-dde9-1932-b4e29bb818c0,ok,0,0,453,25.253,35,210,405,439,292
197,16655.891014427,16655.891742508,,0,GPU-9b96eb67-aeee-89d5-aa85-fc650af4e25c,ok,38,18,1496,238.291,66,1965,9501,14941,78369
197,16655.891014427,16655.891706008,,1,GPU-37ffc98b-8551-c8a1-5f3c-27ade9ae735a,ok,0,0,453,15.107,30,210,405,439,292
197,16655.891014427,16655.892255938,,2,GPU-5443d59d-561f-ed1e-da42-1975937205f9,ok,0,0,453,27.704,37,210,405,390,341
197,16655.891014427,16655.892306978,,3,GPU-46bf67bb-cb31-bee1-3cf0-c35337ba97d2,ok,0,0,453,26.077,41,210,405,439,292
197,16655.891014427,16655.891516388,,4,GPU-127e16de-2b5f-dde9-1932-b4e29bb818c0,ok,0,0,453,25.403,35,210,405,439,292
198,16656.891014427,16656.891798036,,0,GPU-9b96eb67-aeee-89d5-aa85-fc650af4e25c,ok,40,18,1496,239.96,66,1965,9501,14697,77832
198,16656.891014427,16656.891839206,,1,GPU-37ffc98b-8551-c8a1-5f3c-27ade9ae735a,ok,0,0,453,15.312,30,210,405,439,292
198,16656.891014427,16656.891865926,,2,GPU-5443d59d-561f-ed1e-da42-1975937205f9,ok,0,0,453,27.846,37,210,405,439,341
198,16656.891014427,16656.892286036,,3,GPU-46bf67bb-cb31-bee1-3cf0-c35337ba97d2,ok,0,0,453,26.241,41,210,405,390,292
198,16656.891014427,16656.891553186,,4,GPU-127e16de-2b5f-dde9-1932-b4e29bb818c0,ok,0,0,453,25.415,35,210,405,439,292
199,16657.891014427,16657.891544644,,0,GPU-9b96eb67-aeee-89d5-aa85-fc650af4e25c,ok,41,18,1496,239.972,66,1965,9501,14501,77148
199,16657.891014427,16657.891923884,,1,GPU-37ffc98b-8551-c8a1-5f3c-27ade9ae735a,ok,0,0,453,15.333,30,210,405,439,292
199,16657.891014427,16657.891725094,,2,GPU-5443d59d-561f-ed1e-da42-1975937205f9,ok,0,0,453,27.761,37,210,405,439,341
199,16657.891014427,16657.891612624,,3,GPU-46bf67bb-cb31-bee1-3cf0-c35337ba97d2,ok,0,0,453,26.123,41,210,405,439,292
199,16657.891014427,16657.892556424,,4,GPU-127e16de-2b5f-dde9-1932-b4e29bb818c0,ok,0,0,453,25.536,35,210,405,439,292
200,16658.891014427,16658.891663192,,0,GPU-9b96eb67-aeee-89d5-aa85-fc650af4e25c,ok,38,17,1496,236.764,66,1965,9501,14794,78759
200,16658.891014427,16658.892371902,,1,GPU-37ffc98b-8551-c8a1-5f3c-27ade9ae735a,ok,0,0,453,15.448,30,210,405,439,341
200,16658.891014427,16658.891555872,,2,GPU-5443d59d-561f-ed1e-da42-1975937205f9,ok,0,0,453,27.788,37,210,405,390,341
200,16658.891014427,16658.892328692,,3,GPU-46bf67bb-cb31-bee1-3cf0-c35337ba97d2,ok,0,0,453,26.213,41,210,405,439,341
200,16658.891014427,16658.891706442,,4,GPU-127e16de-2b5f-dde9-1932-b4e29bb818c0,ok,0,0,453,25.571,35,210,405,439,341
201,16659.891014427,16659.89239026,,0,GPU-9b96eb67-aeee-89d5-aa85-fc650af4e25c,ok,42,19,1496,239.574,66,1965,9501,15527,78466
201,16659.891014427,16659.89157824,,1,GPU-37ffc98b-8551-c8a1-5f3c-27ade9ae735a,ok,0,0,453,15.522,30,210,405,439,292
201,16659.891014427,16659.89177486,,2,GPU-5443d59d-561f-ed1e-da42-1975937205f9,ok,0,0,453,28.002,37,210,405,390,292
201,16659.891014427,16659.89236413,,3,GPU-46bf67bb-cb31-bee1-3cf0-c35337ba97d2,ok,0,0,453,26.39,41,210,405,439,341
201,16659.891014427,16659.89172565,,4,GPU-127e16de-2b5f-dde9-1932-b4e29bb818c0,ok,0,0,453,25.524,35,210,405,390,341
202,16660.891014427,16660.891855998,,0,GPU-9b96eb67-aeee-89d5-aa85-fc650af4e25c,ok,43,20,1496,240.096,66,1950,9501,15039,77587
202,16660.891014427,16660.893050098,,1,GPU-37ffc98b-8551-c8a1-5f3c-27ade9ae735a,ok,0,0,453,15.34,30,210,405,439,292
202,16660.891014427,16660.891783418,,2,GPU-5443d59d-561f-ed1e-da42-1975937205f9,ok,0,0,453,27.935,37,210,405,439,292
202,16660.891014427,16660.891882518,,3,GPU-46bf67bb-cb31-bee1-3cf0-c35337ba97d2,ok,0,0,453,26.223,41,210,405,439,292
202,16660.891014427,16660.891725158,,4,GPU-127e16de-2b5f-dde9-1932-b4e29bb818c0,ok,0,0,453,25.454,35,210,405,439,292
203,16661.891014427,16661.892247106,,0,GPU-9b96eb67-aeee-89d5-aa85-fc650af4e25c,ok,33,14,1496,238.398,66,1965,9501,14746,78564
203,16661.891014427,16661.891448786,,1,GPU-37ffc98b-8551-c8a1-5f3c-27ade9ae735a,ok,0,0,453,15.356,30,210,405,390,292
203,16661.891014427,16661.892391346,,2,GPU-5443d59d-561f-ed1e-da42-1975937205f9,ok,0,0,453,27.84,37,210,405,439,292
203,16661.891014427,16661.892421956,,3,GPU-46bf67bb-cb31-bee1-3cf0-c35337ba97d2,ok,0,0,453,26.241,41,210,405,439,292
203,16661.891014427,16661.892338126,,4,GPU-127e16de-2b5f-dde9-1932-b4e29bb818c0,ok,0,0,453,25.382,35,210,405,439,292
204,16662.891014427,16662.891790414,,0,GPU-9b96eb67-aeee-89d5-aa85-fc650af4e25c,ok,33,14,1496,234.501,66,1965,9501,14843,78857
204,16662.891014427,16662.891832664,,1,GPU-37ffc98b-8551-c8a1-5f3c-27ade9ae735a,ok,0,0,453,15.45,30,210,405,390,341
204,16662.891014427,16662.891901474,,2,GPU-5443d59d-561f-ed1e-da42-1975937205f9,ok,0,0,453,27.774,37,210,405,390,292
204,16662.891014427,16662.891936944,,3,GPU-46bf67bb-cb31-bee1-3cf0-c35337ba97d2,ok,0,0,453,26.32,41,210,405,439,292
204,16662.891014427,16662.891747064,,4,GPU-127e16de-2b5f-dde9-1932-b4e29bb818c0,ok,0,0,453,25.36,35,210,405,439,292
205,16663.891014427,16663.891824742,,0,GPU-9b96eb67-aeee-89d5-aa85-fc650af4e25c,ok,34,15,1496,233.55,66,1935,9501,14892,73730
205,16663.891014427,16663.891797872,,1,GPU-37ffc98b-8551-c8a1-5f3c-27ade9ae735a,ok,0,0,453,15.456,30,210,405,439,292
205,16663.891014427,16663.891768932,,2,GPU-5443d59d-561f-ed1e-da42-1975937205f9,ok,0,0,453,27.83,37,210,405,439,292
205,16663.891014427,16663.891568592,,3,GPU-46bf67bb-cb31-bee1-3cf0-c35337ba97d2,ok,0,0,453,26.103,41,210,405,439,292
205,16663.891014427,16663.892281252,,4,GPU-127e16de-2b5f-dde9-1932-b4e29bb818c0,ok,0,0,453,25.326,35,210,405,439,292
206,16664.891014427,16664.894297571,,0,GPU-9b96eb67-aeee-89d5-aa85-fc650af4e25c,ok,38,16,1496,214.676,65,1890,9501,15771,78906
206,16664.891014427,16664.89184091,,1,GPU-37ffc98b-8551-c8a1-5f3c-27ade9ae735a,ok,0,0,453,15.515,30,210,405,390,292
206,16664.891014427,16664.89174982,,2,GPU-5443d59d-561f-ed1e-da42-1975937205f9,ok,0,0,453,27.812,37,210,405,439,292
206,16664.891014427,16664.89178334,,3,GPU-46bf67bb-cb31-bee1-3cf0-c35337ba97d2,ok,0,0,453,26.117,41,210,405,439,292
206,16664.891014427,16664.89181661,,4,GPU-127e16de-2b5f-dde9-1932-b4e29bb818c0,ok,0,0,453,25.285,35,210,405,439,292
207,16665.891014427,16665.891940438,,0,GPU-9b96eb67-aeee-89d5-aa85-fc650af4e25c,ok,37,16,1496,222.551,66,1965,9501,14990,77978
207,16665.891014427,16665.891831518,,1,GPU-37ffc98b-8551-c8a1-5f3c-27ade9ae735a,ok,0,0,453,15.479,30,210,405,439,341
207,16665.891014427,16665.891786758,,2,GPU-5443d59d-561f-ed1e-da42-1975937205f9,ok,0,0,453,27.679,37,210,405,439,341
207,16665.891014427,16665.891914038,,3,GPU-46bf67bb-cb31-bee1-3cf0-c35337ba97d2,ok,0,0,453,26.313,41,210,405,390,292
207,16665.891014427,16665.891974138,,4,GPU-127e16de-2b5f-dde9-1932-b4e29bb818c0,ok,0,0,453,25.124,35,210,405,390,292
208,16666.891014427,16666.892918756,,0,GPU-9b96eb67-aeee-89d5-aa85-fc650af4e25c,ok,37,16,1496,237.973,66,1965,9501,15771,78564
208,16666.891014427,16666.891592996,,1,GPU-37ffc98b-8551-c8a1-5f3c-27ade9ae735a,ok,0,0,453,15.32,30,210,405,439,341
208,16666.891014427,16666.891811366,,2,GPU-5443d59d-561f-ed1e-da42-1975937205f9,ok,0,0,453,27.768,37,210,405,439,341
208,16666.891014427,16666.891673416,,3,GPU-46bf67bb-cb31-bee1-3cf0-c35337ba97d2,ok,0,0,453,26.221,41,210,405,439,341
208,16666.891014427,16666.891762556,,4,GPU-127e16de-2b5f-dde9-1932-b4e29bb818c0,ok,0,0,453,25.192,35,210,405,439,292
209,16667.891014427,16667.891799474,,0,GPU-9b96eb67-aeee-89d5-aa85-fc650af4e25c,ok,38,17,1496,238.742,66,1965,9501,11181,78466
209,16667.891014427,16667.891541134,,1,GPU-37ffc98b-8551-c8a1-5f3c-27ade9ae735a,ok,0,0,453,15.31,30,210,405,439,292
209,16667.891014427,16667.892693724,,2,GPU-5443d59d-561f-ed1e-da42-1975937205f9,ok,0,0,453,27.952,37,210,405,439,292
209,16667.891014427,16667.891773954,,3,GPU-46bf67bb-cb31-bee1-3cf0-c35337ba97d2,ok,0,0,453,26.193,41,210,405,439,292
209,16667.891014427,16667.891635534,,4,GPU-127e16de-2b5f-dde9-1932-b4e29bb818c0,ok,0,0,453,25.376,35,210,405,439,341
210,16668.891014427,16668.891966752,,0,GPU-9b96eb67-aeee-89d5-aa85-fc650af4e25c,ok,36,16,1496,238.346,66,1965,9501,15039,78515
210,16668.891014427,16668.891649282,,1,GPU-37ffc98b-8551-c8a1-5f3c-27ade9ae735a,ok,0,0,453,15.359,30,210,405,439,292
210,16668.891014427,16668.891980022,,2,GPU-5443d59d-561f-ed1e-da42-1975937205f9,ok,0,0,453,28.028,37,210,405,439,292
210,16668.891014427,16668.891898962,,3,GPU-46bf67bb-cb31-bee1-3cf0-c35337ba97d2,ok,0,0,453,26.357,41,210,405,390,292
210,16668.891014427,16668.892352692,,4,GPU-127e16de-2b5f-dde9-1932-b4e29bb818c0,ok,0,0,453,25.533,35,210,405,439,341
211,16669.891014427,16669.89342618,,0,GPU-9b96eb67-aeee-89d5-aa85-fc650af4e25c,ok,38,17,1496,237.751,66,1965,9501,15234,78906
211,16669.891014427,16669.89168969,,1,GPU-37ffc98b-8551-c8a1-5f3c-27ade9ae735a,ok,0,0,453,15.496,30,210,405,439,292
211,16669.891014427,16669.89180944,,2,GPU-5443d59d-561f-ed1e-da42-1975937205f9,ok,0,0,453,28.066,37,210,405,390,292
211,16669.891014427,16669.89173001,,3,GPU-46bf67bb-cb31-bee1-3cf0-c35337ba97d2,ok,0,0,453,26.18,41,210,405,390,292
211,16669.891014427,16669.8915156,,4,GPU-127e16de-2b5f-dde9-1932-b4e29bb818c0,ok,0,0,453,25.577,35,210,405,439,341
212,16670.891014427,16670.891827128,,0,GPU-9b96eb67-aeee-89d5-aa85-fc650af4e25c,ok,38,18,1498,238.399,66,1965,9501,14990,77490
212,16670.891014427,16670.891800998,,1,GPU-37ffc98b-8551-c8a1-5f3c-27ade9ae735a,ok,0,0,453,15.543,30,210,405,439,292
212,16670.891014427,16670.891600638,,2,GPU-5443d59d-561f-ed1e-da42-1975937205f9,ok,0,0,453,28.062,37,210,405,439,292
212,16670.891014427,16670.892947908,,3,GPU-46bf67bb-cb31-bee1-3cf0-c35337ba97d2,ok,0,0,453,26.123,41,210,405,439,292
212,16670.891014427,16670.891649018,,4,GPU-127e16de-2b5f-dde9-1932-b4e29bb818c0,ok,0,0,453,25.467,35,210,405,439,292
213,16671.891014427,16671.891853836,,0,GPU-9b96eb67-aeee-89d5-aa85-fc650af4e25c,ok,44,20,1558,246.282,66,1965,9501,14648,77441
213,16671.891014427,16671.891921756,,1,GPU-37ffc98b-8551-c8a1-5f3c-27ade9ae735a,ok,0,0,453,15.322,30,210,405,439,292
213,16671.891014427,16671.891968216,,2,GPU-5443d59d-561f-ed1e-da42-1975937205f9,ok,0,0,453,27.957,37,210,405,439,292
213,16671.891014427,16671.891982606,,3,GPU-46bf67bb-cb31-bee1-3cf0-c35337ba97d2,ok,0,0,453,26.134,41,210,405,439,292
213,16671.891014427,16671.891880066,,4,GPU-127e16de-2b5f-dde9-1932-b4e29bb818c0,ok,0,0,453,25.494,35,210,405,390,292
214,16672.891014427,16672.891832384,,0,GPU-9b96eb67-aeee-89d5-aa85-fc650af4e25c,ok,37,17,1558,239.028,66,1965,9501,14892,77832
214,16672.891014427,16672.891554424,,1,GPU-37ffc98b-8551-c8a1-5f3c-27ade9ae735a,ok,0,0,453,15.371,30,210,405,439,292
214,16672.891014427,16672.891781494,,2,GPU-5443d59d-561f-ed1e-da42-1975937205f9,ok,0,0,453,27.941,37,210,405,390,341
214,16672.891014427,16672.891697104,,3,GPU-46bf67bb-cb31-bee1-3cf0-c35337ba97d2,ok,0,0,453,26.116,41,210,405,439,292
214,16672.891014427,16672.892252194,,4,GPU-127e16de-2b5f-dde9-1932-b4e29bb818c0,ok,0,0,453,25.397,35,210,405,439,292
215,16673.891014427,16673.891672632,,0,GPU-9b96eb67-aeee-89d5-aa85-fc650af4e25c,ok,41,18,1558,238.659,66,1965,9501,14648,79101
215,16673.891014427,16673.892658002,,1,GPU-37ffc98b-8551-c8a1-5f3c-27ade9ae735a,ok,0,0,453,15.6,30,210,405,390,292
215,16673.891014427,16673.891561872,,2,GPU-5443d59d-561f-ed1e-da42-1975937205f9,ok,0,0,453,27.912,37,210,405,390,341
215,16673.891014427,16673.892630822,,3,GPU-46bf67bb-cb31-bee1-3cf0-c35337ba97d2,ok,0,0,453,26.278,41,210,405,390,341
215,16673.891014427,16673.892269812,,4,GPU-127e16de-2b5f-dde9-1932-b4e29bb818c0,ok,0,0,453,25.203,35,210,405,390,292
216,16674.891014427,16674.89193528,,0,GPU-9b96eb67-aeee-89d5-aa85-fc650af4e25c,ok,41,18,1558,238.159,66,1965,9501,15039,78369
216,16674.891014427,16674.89188736,,1,GPU-37ffc98b-8551-c8a1-5f3c-27ade9ae735a,ok,0,0,453,15.574,30,210,405,390,292
216,16674.891014427,16674.89196939,,2,GPU-5443d59d-561f-ed1e-da42-1975937205f9,ok,0,0,453,27.809,37,210,405,390,341
216,16674.891014427,16674.89185009,,3,GPU-46bf67bb-cb31-bee1-3cf0-c35337ba97d2,ok,0,0,453,26.1,41,210,405,439,341
216,16674.891014427,16674.89171765,,4,GPU-127e16de-2b5f-dde9-1932-b4e29bb818c0,ok,0,0,453,25.035,35,210,405,439,292
217,16675.891014427,16675.892424778,,0,GPU-9b96eb67-aeee-89d5-aa85-fc650af4e25c,ok,43,20,1558,238.986,66,1950,9501,15478,78320
217,16675.891014427,16675.892181698,,1,GPU-37ffc98b-8551-c8a1-5f3c-27ade9ae735a,ok,0,0,453,15.425,30,210,405,439,292
217,16675.891014427,16675.892273898,,2,GPU-5443d59d-561f-ed1e-da42-1975937205f9,ok,0,0,453,27.922,37,210,405,439,292
217,16675.891014427,16675.892387948,,3,GPU-46bf67bb-cb31-bee1-3cf0-c35337ba97d2,ok,0,0,453,26.077,41,210,405,439,341
217,16675.891014427,16675.891419558,,4,GPU-127e16de-2b5f-dde9-1932-b4e29bb818c0,ok,0,0,453,24.881,35,210,405,439,292
218,16676.891014427,16676.891828506,,0,GPU-9b96eb67-aeee-89d5-aa85-fc650af4e25c,ok,37,16,1558,222.952,66,1965,9501,14990,77294
218,16676.891014427,16676.891741666,,1,GPU-37ffc98b-8551-c8a1-5f3c-27ade9ae735a,ok,0,0,453,15.327,30,210,405,390,292
218,16676.891014427,16676.891926366,,2,GPU-5443d59d-561f-ed1e-da42-1975937205f9,ok,0,0,453,27.961,37,210,405,439,292
218,16676.891014427,16676.893393707,,3,GPU-46bf67bb-cb31-bee1-3cf0-c35337ba97d2,ok,0,0,453,26.279,41,210,405,390,292
218,16676.891014427,16676.891792766,,4,GPU-127e16de-2b5f-dde9-1932-b4e29bb818c0,ok,0,0,453,24.677,35,210,405,439,292
219,16677.891014427,16677.891877344,,0,GPU-9b96eb67-aeee-89d5-aa85-fc650af4e25c,ok,33,15,1558,239.22,66,1965,9501,14648,77001
219,16677.891014427,16677.891912414,,1,GPU-37ffc98b-8551-c8a1-5f3c-27ade9ae735a,ok,0,0,453,15.216,30,210,405,439,341
219,16677.891014427,16677.891971744,,2,GPU-5443d59d-561f-ed1e-da42-1975937205f9,ok,0,0,453,27.714,37,210,405,439,292
219,16677.891014427,16677.891766544,,3,GPU-46bf67bb-cb31-bee1-3cf0-c35337ba97d2,ok,0,0,453,26.076,41,210,405,439,292
219,16677.891014427,16677.891932724,,4,GPU-127e16de-2b5f-dde9-1932-b4e29bb818c0,ok,0,0,453,24.747,35,210,405,439,292
220,16678.891014427,16678.891848902,,0,GPU-9b96eb67-aeee-89d5-aa85-fc650af4e25c,ok,34,15,1558,236.305,66,1965,9501,14697,76904
220,16678.891014427,16678.891876582,,1,GPU-37ffc98b-8551-c8a1-5f3c-27ade9ae735a,ok,0,0,453,15.264,30,210,405,439,341
220,16678.891014427,16678.892015892,,2,GPU-5443d59d-561f-ed1e-da42-1975937205f9,ok,0,0,453,27.709,37,210,405,439,341
220,16678.891014427,16678.892003132,,3,GPU-46bf67bb-cb31-bee1-3cf0-c35337ba97d2,ok,0,0,453,26.016,41,210,405,439,292
220,16678.891014427,16678.891719822,,4,GPU-127e16de-2b5f-dde9-1932-b4e29bb818c0,ok,0,0,453,24.967,35,210,405,390,292
221,16679.891014427,16679.89180694,,0,GPU-9b96eb67-aeee-89d5-aa85-fc650af4e25c,ok,33,15,1558,235.748,66,1965,9501,13867,72509
221,16679.891014427,16679.89148387,,1,GPU-37ffc98b-8551-c8a1-5f3c-27ade9ae735a,ok,0,0,453,15.327,30,210,405,439,292
221,16679.891014427,16679.89223718,,2,GPU-5443d59d-561f-ed1e-da42-1975937205f9,ok,0,0,453,27.841,37,210,405,439,341
221,16679.891014427,16679.89177977,,3,GPU-46bf67bb-cb31-bee1-3cf0-c35337ba97d2,ok,0,0,453,26.213,41,210,405,390,341
221,16679.891014427,16679.89226407,,4,GPU-127e16de-2b5f-dde9-1932-b4e29bb818c0,ok,0,0,453,25.004,35,210,405,439,292
222,16680.891014427,16680.891755458,,0,GPU-9b96eb67-aeee-89d5-aa85-fc650af4e25c,ok,34,15,1558,224.568,65,1935,9501,13671,72998
222,16680.891014427,16680.891901758,,1,GPU-37ffc98b-8551-c8a1-5f3c-27ade9ae735a,ok,0,0,453,15.218,30,210,405,439,292
222,16680.891014427,16680.891631518,,2,GPU-5443d59d-561f-ed1e-da42-1975937205f9,ok,0,0,453,27.739,37,210,405,439,341
222,16680.891014427,16680.891886268,,3,GPU-46bf67bb-cb31-bee1-3cf0-c35337ba97d2,ok,0,0,453,26.088,41,210,405,439,341
222,16680.891014427,16680.891791038,,4,GPU-127e16de-2b5f-dde9-1932-b4e29bb818c0,ok,0,0,453,24.917,35,210,405,390,292
223,16681.891014427,16681.891718166,,0,GPU-9b96eb67-aeee-89d5-aa85-fc650af4e25c,ok,34,15,1558,222.786,66,1965,9501,13525,72460
223,16681.891014427,16681.891966206,,1,GPU-37ffc98b-8551-c8a1-5f3c-27ade9ae735a,ok,0,0,453,15.374,30,210,405,390,292
223,16681.891014427,16681.891922476,,2,GPU-5443d59d-561f-ed1e-da42-1975937205f9,ok,0,0,453,27.733,37,210,405,390,341
223,16681.891014427,16681.891894236,,3,GPU-46bf67bb-cb31-bee1-3cf0-c35337ba97d2,ok,0,0,453,26.102,41,210,405,439,292
223,16681.891014427,16681.892000886,,4,GPU-127e16de-2b5f-dde9-1932-b4e29bb818c0,ok,0,0,453,24.775,35,210,405,439,292
224,16682.891014427,16682.891952414,,0,GPU-9b96eb67-aeee-89d5-aa85-fc650af4e25c,ok,33,15,1558,233.072,66,1965,9501,14648,73486
224,16682.891014427,16682.891940394,,1,GPU-37ffc98b-8551-c8a1-5f3c-27ade9ae735a,ok,0,0,453,15.543,30,210,405,439,292
224,16682.891014427,16682.891888834,,2,GPU-5443d59d-561f-ed1e-da42-1975937205f9,ok,0,0,453,27.862,37,210,405,390,292
224,16682.891014427,16682.891850944,,3,GPU-46bf67bb-cb31-bee1-3cf0-c35337ba97d2,ok,0,0,453,26.29,41,210,405,439,292
224,16682.891014427,16682.891759504,,4,GPU-127e16de-2b5f-dde9-1932-b4e29bb818c0,ok,0,0,453,24.918,35,210,405,439,341
225,16683.891014427,16683.892318622,,0,GPU-9b96eb67-aeee-89d5-aa85-fc650af4e25c,ok,34,15,1558,233.131,66,1965,9501,14355,72265
225,16683.891014427,16683.891506792,,1,GPU-37ffc98b-8551-c8a1-5f3c-27ade9ae735a,ok,0,0,453,15.348,30,210,405,439,292
225,16683.891014427,16683.892377822,,2,GPU-5443d59d-561f-ed1e-da42-1975937205f9,ok,0,0,453,27.784,37,210,405,439,292
225,16683.891014427,16683.891725652,,3,GPU-46bf67bb-cb31-bee1-3cf0-c35337ba97d2,ok,0,0,453,26.178,41,210,405,390,292
225,16683.891014427,16683.892305282,,4,GPU-127e16de-2b5f-dde9-1932-b4e29bb818c0,ok,0,0,453,25.059,35,210,405,439,341
226,16684.891014427,16684.89221631,,0,GPU-9b96eb67-aeee-89d5-aa85-fc650af4e25c,ok,33,15,1558,234.551,66,1965,9501,13574,72900
226,16684.891014427,16684.89224295,,1,GPU-37ffc98b-8551-c8a1-5f3c-27ade9ae735a,ok,0,0,453,15.466,30,210,405,439,341
226,16684.891014427,16684.89229302,,2,GPU-5443d59d-561f-ed1e-da42-1975937205f9,ok,0,0,453,27.873,37,210,405,390,341
226,16684.891014427,16684.89234584,,3,GPU-46bf67bb-cb31-bee1-3cf0-c35337ba97d2,ok,0,0,453,26.19,41,210,405,390,341
226,16684.891014427,16684.89141916,,4,GPU-127e16de-2b5f-dde9-1932-b4e29bb818c0,ok,0,0,453,25.141,35,210,405,390,292
227,16685.891014427,16685.891739988,,0,GPU-9b96eb67-aeee-89d5-aa85-fc650af4e25c,ok,34,15,1558,233.112,66,1965,9501,13916,70068
227,16685.891014427,16685.891934518,,1,GPU-37ffc98b-8551-c8a1-5f3c-27ade9ae735a,ok,0,0,453,15.661,30,210,405,439,292
227,16685.891014427,16685.891765838,,2,GPU-5443d59d-561f-ed1e-da42-1975937205f9,ok,0,0,453,28.011,37,210,405,439,341
227,16685.891014427,16685.891842508,,3,GPU-46bf67bb-cb31-bee1-3cf0-c35337ba97d2,ok,0,0,453,26.346,41,210,405,439,341
227,16685.891014427,16685.891879828,,4,GPU-127e16de-2b5f-dde9-1932-b4e29bb818c0,ok,0,0,453,25.104,35,210,405,439,292
228,16686.891014427,16686.891660626,,0,GPU-9b96eb67-aeee-89d5-aa85-fc650af4e25c,ok,36,16,1558,225.377,65,1935,9501,14550,76708
228,16686.891014427,16686.891945326,,1,GPU-37ffc98b-8551-c8a1-5f3c-27ade9ae735a,ok,0,0,453,15.533,30,210,405,439,292
228,16686.891014427,16686.891803556,,2,GPU-5443d59d-561f-ed1e-da42-1975937205f9,ok,0,0,453,27.792,37,210,405,439,341
228,16686.891014427,16686.891897066,,3,GPU-46bf67bb-cb31-bee1-3cf0-c35337ba97d2,ok,0,0,453,26.18,41,210,405,439,292
228,16686.891014427,16686.891932636,,4,GPU-127e16de-2b5f-dde9-1932-b4e29bb818c0,ok,0,0,453,25.071,35,210,405,439,341
229,16687.891014427,16687.891959284,,0,GPU-9b96eb67-aeee-89d5-aa85-fc650af4e25c,ok,37,17,1558,229.742,66,1965,9501,14843,77001
229,16687.891014427,16687.891843514,,1,GPU-37ffc98b-8551-c8a1-5f3c-27ade9ae735a,ok,0,0,453,15.547,30,210,405,439,341
229,16687.891014427,16687.891735104,,2,GPU-5443d59d-561f-ed1e-da42-1975937205f9,ok,0,0,453,27.763,37,210,405,439,292
229,16687.891014427,16687.891914894,,3,GPU-46bf67bb-cb31-bee1-3cf0-c35337ba97d2,ok,0,0,453,26.223,41,210,405,439,292
229,16687.891014427,16687.893088725,,4,GPU-127e16de-2b5f-dde9-1932-b4e29bb818c0,ok,0,0,453,25.223,35,210,405,439,341
230,16688.891014427,16688.891850862,,0,GPU-9b96eb67-aeee-89d5-aa85-fc650af4e25c,ok,37,17,1558,240.967,66,1965,9501,14990,75292
230,16688.891014427,16688.892290513,,1,GPU-37ffc98b-8551-c8a1-5f3c-27ade9ae735a,ok,0,0,453,15.598,30,210,405,439,341
230,16688.891014427,16688.891566082,,2,GPU-5443d59d-561f-ed1e-da42-1975937205f9,ok,0,0,453,27.992,37,210,405,390,292
230,16688.891014427,16688.891892042,,3,GPU-46bf67bb-cb31-bee1-3cf0-c35337ba97d2,ok,0,0,453,26.358,41,210,405,488,292
230,16688.891014427,16688.891831342,,4,GPU-127e16de-2b5f-dde9-1932-b4e29bb818c0,ok,0,0,453,25.498,35,210,405,439,292
231,16689.891014427,16689.89179754,,0,GPU-9b96eb67-aeee-89d5-aa85-fc650af4e25c,ok,37,17,1558,238.613,66,1965,9501,16308,77050
231,16689.891014427,16689.89174648,,1,GPU-37ffc98b-8551-c8a1-5f3c-27ade9ae735a,ok,0,0,453,15.392,30,210,405,390,292
231,16689.891014427,16689.89169611,,2,GPU-5443d59d-561f-ed1e-da42-1975937205f9,ok,0,0,453,27.965,37,210,405,439,292
231,16689.891014427,16689.89186948,,3,GPU-46bf67bb-cb31-bee1-3cf0-c35337ba97d2,ok,0,0,453,26.168,41,210,405,439,341
231,16689.891014427,16689.893348901,,4,GPU-127e16de-2b5f-dde9-1932-b4e29bb818c0,ok,0,0,453,25.627,35,210,405,390,292
232,16690.891014427,16690.891861748,,0,GPU-9b96eb67-aeee-89d5-aa85-fc650af4e25c,ok,37,17,1558,238.166,66,1965,9501,14941,77685
232,16690.891014427,16690.891733358,,1,GPU-37ffc98b-8551-c8a1-5f3c-27ade9ae735a,ok,0,0,453,15.283,30,210,405,390,292
232,16690.891014427,16690.891662538,,2,GPU-5443d59d-561f-ed1e-da42-1975937205f9,ok,0,0,453,27.968,37,210,405,439,292
232,16690.891014427,16690.891889038,,3,GPU-46bf67bb-cb31-bee1-3cf0-c35337ba97d2,ok,0,0,453,26.186,41,210,405,390,341
232,16690.891014427,16690.892385599,,4,GPU-127e16de-2b5f-dde9-1932-b4e29bb818c0,ok,0,0,453,25.479,35,210,405,439,292
233,16691.891014427,16691.891808766,,0,GPU-9b96eb67-aeee-89d5-aa85-fc650af4e25c,ok,37,17,1558,237.452,66,1965,9501,14355,75878
233,16691.891014427,16691.891547826,,1,GPU-37ffc98b-8551-c8a1-5f3c-27ade9ae735a,ok,0,0,453,15.352,30,210,405,390,292
233,16691.891014427,16691.891836146,,2,GPU-5443d59d-561f-ed1e-da42-1975937205f9,ok,0,0,453,27.998,37,210,405,390,292
233,16691.891014427,16691.892257197,,3,GPU-46bf67bb-cb31-bee1-3cf0-c35337ba97d2,ok,0,0,453,26.319,41,210,405,439,292
233,16691.891014427,16691.891874246,,4,GPU-127e16de-2b5f-dde9-1932-b4e29bb818c0,ok,0,0,453,25.45,35,210,405,439,292
234,16692.891014427,16692.891652404,,0,GPU-9b96eb67-aeee-89d5-aa85-fc650af4e25c,ok,37,17,1558,235.709,66,1965,9501,14355,76611
234,16692.891014427,16692.893317195,,1,GPU-37ffc98b-8551-c8a1-5f3c-27ade9ae735a,ok,0,0,453,15.334,30,210,405,390,341
234,16692.891014427,16692.891913744,,2,GPU-5443d59d-561f-ed1e-da42-1975937205f9,ok,0,0,453,27.869,37,210,405,390,341
234,16692.891014427,16692.891859094,,3,GPU-46bf67bb-cb31-bee1-3cf0-c35337ba97d2,ok,0,0,453,26.165,41,210,405,439,292
234,16692.891014427,16692.891769634,,4,GPU-127e16de-2b5f-dde9-1932-b4e29bb818c0,ok,0,0,453,25.402,35,210,405,390,292
235,16693.891014427,16693.892375723,,0,GPU-9b96eb67-aeee-89d5-aa85-fc650af4e25c,ok,37,17,1558,235.488,66,1965,9501,15332,77441
235,16693.891014427,16693.891498912,,1,GPU-37ffc98b-8551-c8a1-5f3c-27ade9ae735a,ok,0,0,453,15.475,30,210,405,439,292
235,16693.891014427,16693.892311463,,2,GPU-5443d59d-561f-ed1e-da42-1975937205f9,ok,0,0,453,27.846,37,210,405,439,341
235,16693.891014427,16693.891713292,,3,GPU-46bf67bb-cb31-bee1-3cf0-c35337ba97d2,ok,0,0,453,26.163,41,210,405,439,341
235,16693.891014427,16693.892279963,,4,GPU-127e16de-2b5f-dde9-1932-b4e29bb818c0,ok,0,0,453,25.333,35,210,405,439,292
236,16694.891014427,16694.893575271,,0,GPU-9b96eb67-aeee-89d5-aa85-fc650af4e25c,ok,42,18,1558,214.245,65,1860,9501,15478,77587
236,16694.891014427,16694.89161004,,1,GPU-37ffc98b-8551-c8a1-5f3c-27ade9ae735a,ok,0,0,453,15.66,30,210,405,439,292
236,16694.891014427,16694.891826691,,2,GPU-5443d59d-561f-ed1e-da42-1975937205f9,ok,0,0,453,27.839,37,210,405,439,341
236,16694.891014427,16694.891858731,,3,GPU-46bf67bb-cb31-bee1-3cf0-c35337ba97d2,ok,0,0,453,26.342,41,210,405,439,341
236,16694.891014427,16694.891901301,,4,GPU-127e16de-2b5f-dde9-1932-b4e29bb818c0,ok,0,0,453,25.161,35,210,405,439,292
237,16695.891014427,16695.891763329,,0,GPU-9b96eb67-aeee-89d5-aa85-fc650af4e25c,ok,40,18,1558,223.085,66,1950,9501,14697,78027
237,16695.891014427,16695.891967429,,1,GPU-37ffc98b-8551-c8a1-5f3c-27ade9ae735a,ok,0,0,453,15.641,30,210,405,439,292
237,16695.891014427,16695.891734289,,2,GPU-5443d59d-561f-ed1e-da42-1975937205f9,ok,0,0,453,27.681,37,210,405,390,341
237,16695.891014427,16695.892007269,,3,GPU-46bf67bb-cb31-bee1-3cf0-c35337ba97d2,ok,0,0,453,26.165,41,210,405,439,292
237,16695.891014427,16695.892025239,,4,GPU-127e16de-2b5f-dde9-1932-b4e29bb818c0,ok,0,0,453,25.032,35,210,405,439,292
238,16696.891014427,16696.891845477,,0,GPU-9b96eb67-aeee-89d5-aa85-fc650af4e25c,ok,44,20,1558,236.865,67,1935,9501,14160,71826
238,16696.891014427,16696.891704257,,1,GPU-37ffc98b-8551-c8a1-5f3c-27ade9ae735a,ok,0,0,453,15.585,30,210,405,439,292
238,16696.891014427,16696.891764457,,2,GPU-5443d59d-561f-ed1e-da42-1975937205f9,ok,0,0,453,27.717,37,210,405,390,292
238,16696.891014427,16696.893634337,,3,GPU-46bf67bb-cb31-bee1-3cf0-c35337ba97d2,ok,0,0,453,26.143,41,210,405,439,292
238,16696.891014427,16696.891738927,,4,GPU-127e16de-2b5f-dde9-1932-b4e29bb818c0,ok,0,0,453,25.165,35,210,405,439,292
239,16697.891014427,16697.891791735,,0,GPU-9b96eb67-aeee-89d5-aa85-fc650af4e25c,ok,43,19,1558,231.308,66,1830,9501,13964,73583
239,16697.891014427,16697.891633525,,1,GPU-37ffc98b-8551-c8a1-5f3c-27ade9ae735a,ok,0,0,453,15.674,30,210,405,390,341
239,16697.891014427,16697.892242065,,2,GPU-5443d59d-561f-ed1e-da42-1975937205f9,ok,0,0,453,27.875,37,210,405,439,341
239,16697.891014427,16697.891752145,,3,GPU-46bf67bb-cb31-bee1-3cf0-c35337ba97d2,ok,0,0,453,26.366,41,210,405,439,292
239,16697.891014427,16697.891873585,,4,GPU-127e16de-2b5f-dde9-1932-b4e29bb818c0,ok,0,0,453,25.248,35,210,405,439,341
240,16698.891014427,16698.891981023,,0,GPU-9b96eb67-aeee-89d5-aa85-fc650af4e25c,ok,44,19,1558,190.549,64,1770,9501,14062,72265
240,16698.891014427,16698.891726233,,1,GPU-37ffc98b-8551-c8a1-5f3c-27ade9ae735a,ok,0,0,453,15.59,30,210,405,439,292
240,16698.891014427,16698.891862983,,2,GPU-5443d59d-561f-ed1e-da42-1975937205f9,ok,0,0,453,27.766,37,210,405,390,341
240,16698.891014427,16698.891992033,,3,GPU-46bf67bb-cb31-bee1-3cf0-c35337ba97d2,ok,0,0,453,26.189,41,210,405,439,341
240,16698.891014427,16698.891776223,,4,GPU-127e16de-2b5f-dde9-1932-b4e29bb818c0,ok,0,0,453,25.1,35,210,405,439,341
241,16699.891014427,16699.891983811,,0,GPU-9b96eb67-aeee-89d5-aa85-fc650af4e25c,ok,45,20,1558,184.387,64,1755,9501,13916,72509
241,16699.891014427,16699.891899301,,1,GPU-37ffc98b-8551-c8a1-5f3c-27ade9ae735a,ok,0,0,453,15.527,30,210,405,439,292
241,16699.891014427,16699.891960031,,2,GPU-5443d59d-561f-ed1e-da42-1975937205f9,ok,0,0,453,27.695,37,210,405,390,292
241,16699.891014427,16699.891924631,,3,GPU-46bf67bb-cb31-bee1-3cf0-c35337ba97d2,ok,0,0,453,26.149,41,210,405,390,341
241,16699.891014427,16699.892010601,,4,GPU-127e16de-2b5f-dde9-1932-b4e29bb818c0,ok,0,0,453,24.906,35,210,405,439,292
242,16700.891014427,16700.891672499,,0,GPU-9b96eb67-aeee-89d5-aa85-fc650af4e25c,ok,42,19,1558,187.543,64,1815,9501,13720,72607
242,16700.891014427,16700.891907599,,1,GPU-37ffc98b-8551-c8a1-5f3c-27ade9ae735a,ok,0,0,453,15.606,30,210,405,439,292
242,16700.891014427,16700.891895029,,2,GPU-5443d59d-561f-ed1e-da42-1975937205f9,ok,0,0,453,27.692,37,210,405,390,292
242,16700.891014427,16700.891817499,,3,GPU-46bf67bb-cb31-bee1-3cf0-c35337ba97d2,ok,0,0,453,26.314,41,210,405,439,292
242,16700.891014427,16700.891860119,,4,GPU-127e16de-2b5f-dde9-1932-b4e29bb818c0,ok,0,0,453,24.921,35,210,405,390,292
243,16701.891014427,16701.891612177,,0,GPU-9b96eb67-aeee-89d5-aa85-fc650af4e25c,ok,41,19,1558,195.231,64,1845,9501,14550,75878
243,16701.891014427,16701.891801937,,1,GPU-37ffc98b-8551-c8a1-5f3c-27ade9ae735a,ok,0,0,453,15.567,30,210,405,439,341
243,16701.891014427,16701.891873437,,2,GPU-5443d59d-561f-ed1e-da42-1975937205f9,ok,0,0,453,27.721,37,210,405,439,341
243,16701.891014427,16701.892062867,,3,GPU-46bf67bb-cb31-bee1-3cf0-c35337ba97d2,ok,0,0,453,26.142,41,210,405,439,292
243,16701.891014427,16701.891838367,,4,GPU-127e16de-2b5f-dde9-1932-b4e29bb818c0,ok,0,0,453,24.975,35,210,405,439,292
244,16702.891014427,16702.892252585,,0,GPU-9b96eb67-aeee-89d5-aa85-fc650af4e25c,ok,35,15,1558,204.171,65,1965,9501,15478,78076
244,16702.891014427,16702.891829425,,1,GPU-37ffc98b-8551-c8a1-5f3c-27ade9ae735a,ok,0,0,453,15.621,30,210,405,439,341
244,16702.891014427,16702.891776455,,2,GPU-5443d59d-561f-ed1e-da42-1975937205f9,ok,0,0,453,27.805,37,210,405,439,341
244,16702.891014427,16702.891520335,,3,GPU-46bf67bb-cb31-bee1-3cf0-c35337ba97d2,ok,0,0,453,26.141,41,210,405,439,292
244,16702.891014427,16702.891805025,,4,GPU-127e16de-2b5f-dde9-1932-b4e29bb818c0,ok,0,0,453,25.054,35,210,405,439,292
245,16703.891014427,16703.892994153,,0,GPU-9b96eb67-aeee-89d5-aa85-fc650af4e25c,ok,37,17,1558,237.322,66,1965,9501,15234,76953
245,16703.891014427,16703.891623683,,1,GPU-37ffc98b-8551-c8a1-5f3c-27ade9ae735a,ok,0,0,453,15.669,30,210,405,439,292
245,16703.891014427,16703.891860413,,2,GPU-5443d59d-561f-ed1e-da42-1975937205f9,ok,0,0,453,27.771,37,210,405,439,292
245,16703.891014427,16703.891680223,,3,GPU-46bf67bb-cb31-bee1-3cf0-c35337ba97d2,ok,0,0,453,26.318,41,210,405,439,341
245,16703.891014427,16703.893014283,,4,GPU-127e16de-2b5f-dde9-1932-b4e29bb818c0,ok,0,0,453,25.165,35,210,405,439,292
246,16704.891014427,16704.891722151,,0,GPU-9b96eb67-aeee-89d5-aa85-fc650af4e25c,ok,34,15,1558,241.17,66,1965,9501,13916,74267
246,16704.891014427,16704.893300111,,1,GPU-37ffc98b-8551-c8a1-5f3c-27ade9ae735a,ok,0,0,453,15.744,30,210,405,390,292
246,16704.891014427,16704.891645651,,2,GPU-5443d59d-561f-ed1e-da42-1975937205f9,ok,0,0,453,27.877,37,210,405,439,292
246,16704.891014427,16704.891799291,,3,GPU-46bf67bb-cb31-bee1-3cf0-c35337ba97d2,ok,0,0,453,26.217,41,210,405,439,341
246,16704.891014427,16704.891884541,,4,GPU-127e16de-2b5f-dde9-1932-b4e29bb818c0,ok,0,0,453,25.574,35,210,405,439,292
247,16705.891014427,16705.891931399,,0,GPU-9b96eb67-aeee-89d5-aa85-fc650af4e25c,ok,34,15,1558,234.501,66,1965,9501,14648,73535
247,16705.891014427,16705.891878429,,1,GPU-37ffc98b-8551-c8a1-5f3c-27ade9ae735a,ok,0,0,453,15.774,30,210,405,390,341
247,16705.891014427,16705.891764639,,2,GPU-5443d59d-561f-ed1e-da42-1975937205f9,ok,0,0,453,28.014,37,210,405,439,292
247,16705.891014427,16705.891912729,,3,GPU-46bf67bb-cb31-bee1-3cf0-c35337ba97d2,ok,0,0,453,26.184,41,210,405,439,341
247,16705.891014427,16705.891831149,,4,GPU-127e16de-2b5f-dde9-1932-b4e29bb818c0,ok,0,0,453,25.806,35,210,405,439,341
248,16706.891014427,16706.891714847,,0,GPU-9b96eb67-aeee-89d5-aa85-fc650af4e25c,ok,35,15,1558,223.118,65,1920,9501,14550,77441
248,16706.891014427,16706.891506467,,1,GPU-37ffc98b-8551-c8a1-5f3c-27ade9ae735a,ok,0,0,453,15.572,30,210,405,390,292
248,16706.891014427,16706.893231367,,2,GPU-5443d59d-561f-ed1e-da42-1975937205f9,ok,0,0,453,27.757,37,210,405,439,292
248,16706.891014427,16706.892231807,,3,GPU-46bf67bb-cb31-bee1-3cf0-c35337ba97d2,ok,0,0,453,26.336,41,210,405,439,292
248,16706.891014427,16706.891741537,,4,GPU-127e16de-2b5f-dde9-1932-b4e29bb818c0,ok,0,0,453,25.506,35,210,405,439,341
249,16707.891014427,16707.891558295,,0,GPU-9b96eb67-aeee-89d5-aa85-fc650af4e25c,ok,37,16,1558,216.663,65,1920,9501,14599,76562
249,16707.891014427,16707.891701825,,1,GPU-37ffc98b-8551-c8a1-5f3c-27ade9ae735a,ok,0,0,453,15.624,30,210,405,390,292
249,16707.891014427,16707.891826375,,2,GPU-5443d59d-561f-ed1e-da42-1975937205f9,ok,0,0,453,27.561,37,210,405,439,341
249,16707.891014427,16707.891870785,,3,GPU-46bf67bb-cb31-bee1-3cf0-c35337ba97d2,ok,0,0,453,26.229,41,210,405,439,292
249,16707.891014427,16707.892622925,,4,GPU-127e16de-2b5f-dde9-1932-b4e29bb818c0,ok,0,0,453,25.283,35,210,405,439,341
250,16708.891014427,16708.891880253,,0,GPU-9b96eb67-aeee-89d5-aa85-fc650af4e25c,ok,36,16,1558,224.688,66,1965,9501,14697,67089
250,16708.891014427,16708.891651273,,1,GPU-37ffc98b-8551-c8a1-5f3c-27ade9ae735a,ok,0,0,453,15.672,30,210,405,390,292
250,16708.891014427,16708.893285933,,2,GPU-5443d59d-561f-ed1e-da42-1975937205f9,ok,0,0,453,27.68,37,210,405,390,341
250,16708.891014427,16708.891724633,,3,GPU-46bf67bb-cb31-bee1-3cf0-c35337ba97d2,ok,0,0,453,26.238,41,210,405,439,292
250,16708.891014427,16708.891967103,,4,GPU-127e16de-2b5f-dde9-1932-b4e29bb818c0,ok,0,0,453,25.118,35,210,405,439,341
251,16709.891014427,16709.891936091,,0,GPU-9b96eb67-aeee-89d5-aa85-fc650af4e25c,ok,37,16,1558,235.651,66,1965,9501,15380,77685
251,16709.891014427,16709.891786461,,1,GPU-37ffc98b-8551-c8a1-5f3c-27ade9ae735a,ok,0,0,453,15.483,30,210,405,439,341
251,16709.891014427,16709.891910771,,2,GPU-5443d59d-561f-ed1e-da42-1975937205f9,ok,0,0,453,27.692,37,210,405,390,341
251,16709.891014427,16709.891592651,,3,GPU-46bf67bb-cb31-bee1-3cf0-c35337ba97d2,ok,0,0,453,26.432,41,210,405,390,341
251,16709.891014427,16709.891858001,,4,GPU-127e16de-2b5f-dde9-1932-b4e29bb818c0,ok,0,0,453,25.22,35,210,405,439,292
252,16710.891014427,16710.891852249,,0,GPU-9b96eb67-aeee-89d5-aa85-fc650af4e25c,ok,37,17,1558,236.487,66,1965,9501,14843,77539
252,16710.891014427,16710.891601439,,1,GPU-37ffc98b-8551-c8a1-5f3c-27ade9ae735a,ok,0,0,453,15.379,30,210,405,390,292
252,16710.891014427,16710.892308059,,2,GPU-5443d59d-561f-ed1e-da42-1975937205f9,ok,0,0,453,27.74,37,210,405,390,292
252,16710.891014427,16710.892264109,,3,GPU-46bf67bb-cb31-bee1-3cf0-c35337ba97d2,ok,0,0,453,26.336,41,210,405,439,341
252,16710.891014427,16710.891820789,,4,GPU-127e16de-2b5f-dde9-1932-b4e29bb818c0,ok,0,0,453,25.509,35,210,405,439,292
253,16711.891014427,16711.892238397,,0,GPU-9b96eb67-aeee-89d5-aa85-fc650af4e25c,ok,38,17,1558,219.834,65,1875,9501,15429,77832
253,16711.891014427,16711.891530267,,1,GPU-37ffc98b-8551-c8a1-5f3c-27ade9ae735a,ok,0,0,453,15.451,30,210,405,390,292
253,16711.891014427,16711.891860647,,2,GPU-5443d59d-561f-ed1e-da42-1975937205f9,ok,0,0,453,27.777,37,210,405,390,292
253,16711.891014427,16711.891826557,,3,GPU-46bf67bb-cb31-bee1-3cf0-c35337ba97d2,ok,0,0,453,26.314,41,210,405,439,292
253,16711.891014427,16711.891801327,,4,GPU-127e16de-2b5f-dde9-1932-b4e29bb818c0,ok,0,0,453,25.544,35,210,405,439,292
254,16712.891014427,16712.892012345,,0,GPU-9b96eb67-aeee-89d5-aa85-fc650af4e25c,ok,40,17,1558,201.974,64,1830,9501,14941,78076
254,16712.891014427,16712.892041735,,1,GPU-37ffc98b-8551-c8a1-5f3c-27ade9ae735a,ok,0,0,453,15.447,30,210,405,439,341
254,16712.891014427,16712.891959865,,2,GPU-5443d59d-561f-ed1e-da42-1975937205f9,ok,0,0,453,27.627,37,210,405,439,341
254,16712.891014427,16712.891985675,,3,GPU-46bf67bb-cb31-bee1-3cf0-c35337ba97d2,ok,0,0,453,26.173,41,210,405,439,292
254,16712.891014427,16712.891911915,,4,GPU-127e16de-2b5f-dde9-1932-b4e29bb818c0,ok,0,0,453,25.225,35,210,405,439,292
255,16713.891014427,16713.891902553,,0,GPU-9b96eb67-aeee-89d5-aa85-fc650af4e25c,ok,38,17,1558,216.516,65,1950,9501,14843,77539
255,16713.891014427,16713.891869293,,1,GPU-37ffc98b-8551-c8a1-5f3c-27ade9ae735a,ok,0,0,453,15.465,30,210,405,439,341
255,16713.891014427,16713.891633263,,2,GPU-5443d59d-561f-ed1e-da42-1975937205f9,ok,0,0,453,27.712,37,210,405,439,341
255,16713.891014427,16713.891804573,,3,GPU-46bf67bb-cb31-bee1-3cf0-c35337ba97d2,ok,0,0,453,26.11,41,210,405,439,292
255,16713.891014427,16713.892355973,,4,GPU-127e16de-2b5f-dde9-1932-b4e29bb818c0,ok,0,0,453,25.114,35,210,405,390,292
256,16714.891014427,16714.891599771,,0,GPU-9b96eb67-aeee-89d5-aa85-fc650af4e25c,ok,40,18,1558,229.458,65,1950,9501,14648,78271
256,16714.891014427,16714.892615231,,1,GPU-37ffc98b-8551-c8a1-5f3c-27ade9ae735a,ok,0,0,453,15.55,30,210,405,439,292
256,16714.891014427,16714.891537481,,2,GPU-5443d59d-561f-ed1e-da42-1975937205f9,ok,0,0,453,27.903,37,210,405,439,292
256,16714.891014427,16714.891769451,,3,GPU-46bf67bb-cb31-bee1-3cf0-c35337ba97d2,ok,0,0,453,26.317,41,210,405,390,292
256,16714.891014427,16714.892628341,,4,GPU-127e16de-2b5f-dde9-1932-b4e29bb818c0,ok,0,0,453,25.263,35,210,405,439,292
257,16715.891014427,16715.891972089,,0,GPU-9b96eb67-aeee-89d5-aa85-fc650af4e25c,ok,39,17,1558,234.728,66,1965,9501,15625,78222
257,16715.891014427,16715.891731869,,1,GPU-37ffc98b-8551-c8a1-5f3c-27ade9ae735a,ok,0,0,453,15.289,30,210,405,439,292
257,16715.891014427,16715.891909309,,2,GPU-5443d59d-561f-ed1e-da42-1975937205f9,ok,0,0,453,27.758,37,210,405,390,292
257,16715.891014427,16715.891924469,,3,GPU-46bf67bb-cb31-bee1-3cf0-c35337ba97d2,ok,0,0,453,26.206,41,210,405,439,292
257,16715.891014427,16715.891771979,,4,GPU-127e16de-2b5f-dde9-1932-b4e29bb818c0,ok,0,0,453,25.202,35,210,405,390,341
258,16716.891014427,16716.892273747,,0,GPU-9b96eb67-aeee-89d5-aa85-fc650af4e25c,ok,42,19,1558,240.587,67,1875,9501,15478,78808
258,16716.891014427,16716.891545267,,1,GPU-37ffc98b-8551-c8a1-5f3c-27ade9ae735a,ok,0,0,453,15.354,30,210,405,439,341
258,16716.891014427,16716.891703847,,2,GPU-5443d59d-561f-ed1e-da42-1975937205f9,ok,0,0,453,27.761,37,210,405,390,292
258,16716.891014427,16716.891858607,,3,GPU-46bf67bb-cb31-bee1-3cf0-c35337ba97d2,ok,0,0,453,26.228,41,210,405,439,341
258,16716.891014427,16716.891895007,,4,GPU-127e16de-2b5f-dde9-1932-b4e29bb818c0,ok,0,0,453,25.391,35,210,405,439,341
259,16717.891014427,16717.891630125,,0,GPU-9b96eb67-aeee-89d5-aa85-fc650af4e25c,ok,44,21,1558,239.753,66,1935,9501,13964,73486
259,16717.891014427,16717.892588625,,1,GPU-37ffc98b-8551-c8a1-5f3c-27ade9ae735a,ok,0,0,453,15.622,30,210,405,439,341
259,16717.891014427,16717.891819455,,2,GPU-5443d59d-561f-ed1e-da42-1975937205f9,ok,0,0,453,27.862,37,210,405,439,341
259,16717.891014427,16717.891516885,,3,GPU-46bf67bb-cb31-bee1-3cf0-c35337ba97d2,ok,0,0,453,26.304,41,210,405,439,292
259,16717.891014427,16717.892565285,,4,GPU-127e16de-2b5f-dde9-1932-b4e29bb818c0,ok,0,0,453,25.707,35,210,405,439,341
260,16718.891014427,16718.891896943,,0,GPU-9b96eb67-aeee-89d5-aa85-fc650af4e25c,ok,42,19,1558,241.405,66,1965,9501,14648,78173
260,16718.891014427,16718.891923483,,1,GPU-37ffc98b-8551-c8a1-5f3c-27ade9ae735a,ok,0,0,453,15.422,30,210,405,390,292
260,16718.891014427,16718.891979053,,2,GPU-5443d59d-561f-ed1e-da42-1975937205f9,ok,0,0,453,27.674,37,210,405,439,341
260,16718.891014427,16718.891654213,,3,GPU-46bf67bb-cb31-bee1-3cf0-c35337ba97d2,ok,0,0,453,26.054,41,210,405,439,341
260,16718.891014427,16718.891951733,,4,GPU-127e16de-2b5f-dde9-1932-b4e29bb818c0,ok,0,0,453,25.833,35,210,405,390,292
261,16719.891014427,16719.891735031,,0,GPU-9b96eb67-aeee-89d5-aa85-fc650af4e25c,ok,33,15,1558,242.331,66,1965,9501,14990,76562
261,16719.891014427,16719.891557321,,1,GPU-37ffc98b-8551-c8a1-5f3c-27ade9ae735a,ok,0,0,453,15.299,30,210,405,439,292
261,16719.891014427,16719.893844302,,2,GPU-5443d59d-561f-ed1e-da42-1975937205f9,ok,0,0,453,27.771,37,210,405,390,341
261,16719.891014427,16719.891660111,,3,GPU-46bf67bb-cb31-bee1-3cf0-c35337ba97d2,ok,0,0,453,26.077,41,210,405,439,292
261,16719.891014427,16719.891782331,,4,GPU-127e16de-2b5f-dde9-1932-b4e29bb818c0,ok,0,0,453,25.672,35,210,405,439,292
262,16720.891014427,16720.891801819,,0,GPU-9b96eb67-aeee-89d5-aa85-fc650af4e25c,ok,33,15,1558,236.037,66,1965,9501,14697,77685
262,16720.891014427,16720.891895189,,1,GPU-37ffc98b-8551-c8a1-5f3c-27ade9ae735a,ok,0,0,453,15.319,30,210,405,390,341
262,16720.891014427,16720.891976179,,2,GPU-5443d59d-561f-ed1e-da42-1975937205f9,ok,0,0,453,27.97,37,210,405,439,341
262,16720.891014427,16720.891644019,,3,GPU-46bf67bb-cb31-bee1-3cf0-c35337ba97d2,ok,0,0,453,26.217,41,210,405,439,341
262,16720.891014427,16720.891934309,,4,GPU-127e16de-2b5f-dde9-1932-b4e29bb818c0,ok,0,0,453,25.306,35,210,405,439,292
263,16721.891014427,16721.891818777,,0,GPU-9b96eb67-aeee-89d5-aa85-fc650af4e25c,ok,34,15,1558,235.94,66,1965,9501,14843,77832
263,16721.891014427,16721.891604167,,1,GPU-37ffc98b-8551-c8a1-5f3c-27ade9ae735a,ok,0,0,453,15.156,30,210,405,390,292
263,16721.891014427,16721.892941247,,2,GPU-5443d59d-561f-ed1e-da42-1975937205f9,ok,0,0,453,27.857,37,210,405,439,341
263,16721.891014427,16721.891860237,,3,GPU-46bf67bb-cb31-bee1-3cf0-c35337ba97d2,ok,0,0,453,26.026,41,210,405,439,341
263,16721.891014427,16721.891696147,,4,GPU-127e16de-2b5f-dde9-1932-b4e29bb818c0,ok,0,0,453,24.998,35,210,405,439,341
264,16722.891014427,16722.891901745,,0,GPU-9b96eb67-aeee-89d5-aa85-fc650af4e25c,ok,36,16,1558,236.299,66,1965,9501,15625,77783
264,16722.891014427,16722.891880785,,1,GPU-37ffc98b-8551-c8a1-5f3c-27ade9ae735a,ok,0,0,453,15.212,30,210,405,488,341
264,16722.891014427,16722.891728285,,2,GPU-5443d59d-561f-ed1e-da42-1975937205f9,ok,0,0,453,27.833,37,210,405,439,292
264,16722.891014427,16722.891845295,,3,GPU-46bf67bb-cb31-bee1-3cf0-c35337ba97d2,ok,0,0,453,26.03,41,210,405,390,341
264,16722.891014427,16722.891700985,,4,GPU-127e16de-2b5f-dde9-1932-b4e29bb818c0,ok,0,0,453,24.903,35,210,405,390,341
265,16723.891014427,16723.892309943,,0,GPU-9b96eb67-aeee-89d5-aa85-fc650af4e25c,ok,36,16,1558,238.032,66,1965,9501,15576,77441
265,16723.891014427,16723.891802633,,1,GPU-37ffc98b-8551-c8a1-5f3c-27ade9ae735a,ok,0,0,453,15.214,30,210,405,390,292
265,16723.891014427,16723.891557303,,2,GPU-5443d59d-561f-ed1e-da42-1975937205f9,ok,0,0,453,27.888,37,210,405,439,292
265,16723.891014427,16723.891841633,,3,GPU-46bf67bb-cb31-bee1-3cf0-c35337ba97d2,ok,0,0,453,26.163,41,210,405,439,341
265,16723.891014427,16723.891856993,,4,GPU-127e16de-2b5f-dde9-1932-b4e29bb818c0,ok,0,0,453,25.077,35,210,405,439,292
266,16724.891014427,16724.891734181,,0,GPU-9b96eb67-aeee-89d5-aa85-fc650af4e25c,ok,37,17,1558,239.091,66,1965,9501,14550,45947
266,16724.891014427,16724.892248341,,1,GPU-37ffc98b-8551-c8a1-5f3c-27ade9ae735a,ok,0,0,453,14.962,30,210,405,390,341
266,16724.891014427,16724.891529701,,2,GPU-5443d59d-561f-ed1e-da42-1975937205f9,ok,0,0,453,27.787,37,210,405,390,341
266,16724.891014427,16724.891817951,,3,GPU-46bf67bb-cb31-bee1-3cf0-c35337ba97d2,ok,0,0,453,25.981,41,210,405,439,341
266,16724.891014427,16724.891864011,,4,GPU-127e16de-2b5f-dde9-1932-b4e29bb818c0,ok,0,0,453,25.284,35,210,405,390,292
267,16725.891014427,16725.892281149,,0,GPU-9b96eb67-aeee-89d5-aa85-fc650af4e25c,ok,37,17,1558,240.95,66,1965,9501,15332,77197
267,16725.891014427,16725.891580299,,1,GPU-37ffc98b-8551-c8a1-5f3c-27ade9ae735a,ok,0,0,453,15.044,30,210,405,439,292
267,16725.891014427,16725.891822139,,2,GPU-5443d59d-561f-ed1e-da42-1975937205f9,ok,0,0,453,27.88,37,210,405,439,341
267,16725.891014427,16725.891869519,,3,GPU-46bf67bb-cb31-bee1-3cf0-c35337ba97d2,ok,0,0,453,26.066,41,210,405,439,341
267,16725.891014427,16725.891781999,,4,GPU-127e16de-2b5f-dde9-1932-b4e29bb818c0,ok,0,0,453,25.441,35,210,405,439,292
268,16726.891014427,16726.891436967,,0,GPU-9b96eb67-aeee-89d5-aa85-fc650af4e25c,ok,37,17,1558,238.975,66,1965,9501,14599,76269
268,16726.891014427,16726.891860397,,1,GPU-37ffc98b-8551-c8a1-5f3c-27ade9ae735a,ok,0,0,453,15.283,30,210,405,439,292
268,16726.891014427,16726.891642597,,2,GPU-5443d59d-561f-ed1e-da42-1975937205f9,ok,0,0,453,28.027,37,210,405,439,341
268,16726.891014427,16726.892465087,,3,GPU-46bf67bb-cb31-bee1-3cf0-c35337ba97d2,ok,0,0,453,26.27,41,210,405,390,341
268,16726.891014427,16726.891886217,,4,GPU-127e16de-2b5f-dde9-1932-b4e29bb818c0,ok,0,0,453,25.356,35,210,405,439,292
269,16727.891014427,16727.891968255,,0,GPU-9b96eb67-aeee-89d5-aa85-fc650af4e25c,ok,37,17,1558,238.47,66,1965,9501,14892,77294
269,16727.891014427,16727.891767715,,1,GPU-37ffc98b-8551-c8a1-5f3c-27ade9ae735a,ok,0,0,453,15.223,30,210,405,488,341
269,16727.891014427,16727.891749765,,2,GPU-5443d59d-561f-ed1e-da42-1975937205f9,ok,0,0,453,27.9,37,210,405,439,341
269,16727.891014427,16727.891923855,,3,GPU-46bf67bb-cb31-bee1-3cf0-c35337ba97d2,ok,0,0,453,26.013,41,210,405,439,292
269,16727.891014427,16727.892037065,,4,GPU-127e16de-2b5f-dde9-1932-b4e29bb818c0,ok,0,0,453,25.264,35,210,405,439,341
270,16728.891014427,16728.891935783,,0,GPU-9b96eb67-aeee-89d5-aa85-fc650af4e25c,ok,40,18,1558,240.59,66,1965,9501,15234,78027
270,16728.891014427,16728.891703403,,1,GPU-37ffc98b-8551-c8a1-5f3c-27ade9ae735a,ok,0,0,453,15.179,30,210,405,439,292
270,16728.891014427,16728.891912693,,2,GPU-5443d59d-561f-ed1e-da42-1975937205f9,ok,0,0,453,27.995,37,210,405,439,292
270,16728.891014427,16728.891642673,,3,GPU-46bf67bb-cb31-bee1-3cf0-c35337ba97d2,ok,0,0,453,26.005,41,210,405,439,292
270,16728.891014427,16728.891850983,,4,GPU-127e16de-2b5f-dde9-1932-b4e29bb818c0,ok,0,0,453,25.31,35,210,405,439,341
271,16729.891014427,16729.891850181,,0,GPU-9b96eb67-aeee-89d5-aa85-fc650af4e25c,ok,39,18,1558,242.901,66,1965,9501,14697,77246
271,16729.891014427,16729.891932081,,1,GPU-37ffc98b-8551-c8a1-5f3c-27ade9ae735a,ok,0,0,453,15.306,30,210,405,439,292
271,16729.891014427,16729.891812441,,2,GPU-5443d59d-561f-ed1e-da42-1975937205f9,ok,0,0,453,28.12,37,210,405,390,292
271,16729.891014427,16729.891673571,,3,GPU-46bf67bb-cb31-bee1-3cf0-c35337ba97d2,ok,0,0,453,26.151,41,210,405,439,292
271,16729.891014427,16729.891878261,,4,GPU-127e16de-2b5f-dde9-1932-b4e29bb818c0,ok,0,0,453,25.547,35,210,405,390,341
272,16730.891014427,16730.891908739,,0,GPU-9b96eb67-aeee-89d5-aa85-fc650af4e25c,ok,40,18,1558,238.144,66,1965,9501,15332,77587
272,16730.891014427,16730.891808449,,1,GPU-37ffc98b-8551-c8a1-5f3c-27ade9ae735a,ok,0,0,453,15.22,30,210,405,439,341
272,16730.891014427,16730.891693219,,2,GPU-5443d59d-561f-ed1e-da42-1975937205f9,ok,0,0,453,27.956,37,210,405,390,341
272,16730.891014427,16730.891836939,,3,GPU-46bf67bb-cb31-bee1-3cf0-c35337ba97d2,ok,0,0,453,25.98,41,210,405,439,292
272,16730.891014427,16730.891867149,,4,GPU-127e16de-2b5f-dde9-1932-b4e29bb818c0,ok,0,0,453,25.699,35,210,405,439,341
273,16731.891014427,16731.891698227,,0,GPU-9b96eb67-aeee-89d5-aa85-fc650af4e25c,ok,40,18,1558,238.003,66,1965,9501,14746,77978
273,16731.891014427,16731.891812777,,1,GPU-37ffc98b-8551-c8a1-5f3c-27ade9ae735a,ok,0,0,453,15.352,30,210,405,439,292
273,16731.891014427,16731.892176917,,2,GPU-5443d59d-561f-ed1e-da42-1975937205f9,ok,0,0,453,27.855,37,210,405,439,341
273,16731.891014427,16731.891550047,,3,GPU-46bf67bb-cb31-bee1-3cf0-c35337ba97d2,ok,0,0,453,26.02,41,210,405,439,292
273,16731.891014427,16731.891859477,,4,GPU-127e16de-2b5f-dde9-1932-b4e29bb818c0,ok,0,0,453,25.433,35,210,405,439,292
274,16732.891014427,16732.892234456,,0,GPU-9b96eb67-aeee-89d5-aa85-fc650af4e25c,ok,45,21,1558,238.543,67,1965,9501,14892,77197
274,16732.891014427,16732.891618875,,1,GPU-37ffc98b-8551-c8a1-5f3c-27ade9ae735a,ok,0,0,453,15.635,30,210,405,390,292
274,16732.891014427,16732.891457335,,2,GPU-5443d59d-561f-ed1e-da42-1975937205f9,ok,0,0,453,27.902,37,210,405,439,341
274,16732.891014427,16732.892273426,,3,GPU-46bf67bb-cb31-bee1-3cf0-c35337ba97d2,ok,0,0,453,26.182,41,210,405,439,292
274,16732.891014427,16732.892829596,,4,GPU-127e16de-2b5f-dde9-1932-b4e29bb818c0,ok,0,0,453,25.42,35,210,405,439,292
275,16733.891014427,16733.891831513,,0,GPU-9b96eb67-aeee-89d5-aa85-fc650af4e25c,ok,41,19,1558,238.073,66,1950,9501,14990,77929
275,16733.891014427,16733.891915853,,1,GPU-37ffc98b-8551-c8a1-5f3c-27ade9ae735a,ok,0,0,453,15.333,30,210,405,439,341
275,16733.891014427,16733.891663893,,2,GPU-5443d59d-561f-ed1e-da42-1975937205f9,ok,0,0,453,27.781,37,210,405,439,341
275,16733.891014427,16733.891793203,,3,GPU-46bf67bb-cb31-bee1-3cf0-c35337ba97d2,ok,0,0,453,26.06,41,210,405,390,292
275,16733.891014427,16733.891953963,,4,GPU-127e16de-2b5f-dde9-1932-b4e29bb818c0,ok,0,0,453,25.583,35,210,405,439,292
276,16734.891014427,16734.891716701,,0,GPU-9b96eb67-aeee-89d5-aa85-fc650af4e25c,ok,33,15,1558,219.882,66,1965,9501,14941,77148
276,16734.891014427,16734.891689341,,1,GPU-37ffc98b-8551-c8a1-5f3c-27ade9ae735a,ok,0,0,453,15.179,30,210,405,439,292
276,16734.891014427,16734.892303922,,2,GPU-5443d59d-561f-ed1e-da42-1975937205f9,ok,0,0,453,27.721,37,210,405,390,292
276,16734.891014427,16734.891795941,,3,GPU-46bf67bb-cb31-bee1-3cf0-c35337ba97d2,ok,0,0,453,26.144,41,210,405,439,292
276,16734.891014427,16734.891576631,,4,GPU-127e16de-2b5f-dde9-1932-b4e29bb818c0,ok,0,0,453,25.292,35,210,405,439,292
277,16735.891014427,16735.891668229,,0,GPU-9b96eb67-aeee-89d5-aa85-fc650af4e25c,ok,33,14,1558,236.378,66,1965,9501,14501,76611
277,16735.891014427,16735.89199005,,1,GPU-37ffc98b-8551-c8a1-5f3c-27ade9ae735a,ok,0,0,453,15.423,30,210,405,439,292
277,16735.891014427,16735.891911349,,2,GPU-5443d59d-561f-ed1e-da42-1975937205f9,ok,0,0,453,27.762,37,210,405,439,292
277,16735.891014427,16735.891959529,,3,GPU-46bf67bb-cb31-bee1-3cf0-c35337ba97d2,ok,0,0,453,26.36,41,210,405,439,292
277,16735.891014427,16735.891884329,,4,GPU-127e16de-2b5f-dde9-1932-b4e29bb818c0,ok,0,0,453,25.265,35,210,405,439,292
278,16736.891014427,16736.893567958,,0,GPU-9b96eb67-aeee-89d5-aa85-fc650af4e25c,ok,34,15,1558,235.647,66,1965,9501,15478,77001
278,16736.891014427,16736.891829207,,1,GPU-37ffc98b-8551-c8a1-5f3c-27ade9ae735a,ok,0,0,453,15.288,30,210,405,439,341
278,16736.891014427,16736.891635917,,2,GPU-5443d59d-561f-ed1e-da42-1975937205f9,ok,0,0,453,27.82,37,210,405,439,292
278,16736.891014427,16736.891668947,,3,GPU-46bf67bb-cb31-bee1-3cf0-c35337ba97d2,ok,0,0,453,26.202,41,210,405,439,341
278,16736.891014427,16736.891703347,,4,GPU-127e16de-2b5f-dde9-1932-b4e29bb818c0,ok,0,0,453,25.594,35,210,405,439,292
279,16737.891014427,16737.891608705,,0,GPU-9b96eb67-aeee-89d5-aa85-fc650af4e25c,ok,36,16,1558,231.464,66,1965,9501,14599,78369
279,16737.891014427,16737.892177726,,1,GPU-37ffc98b-8551-c8a1-5f3c-27ade9ae735a,ok,0,0,453,15.088,30,210,405,439,292
279,16737.891014427,16737.892606946,,2,GPU-5443d59d-561f-ed1e-da42-1975937205f9,ok,0,0,453,27.917,37,210,405,439,341
279,16737.891014427,16737.891465745,,3,GPU-46bf67bb-cb31-bee1-3cf0-c35337ba97d2,ok,0,0,453,26.176,41,210,405,390,341
279,16737.891014427,16737.892582196,,4,GPU-127e16de-2b5f-dde9-1932-b4e29bb818c0,ok,0,0,453,25.396,35,210,405,439,292
280,16738.891014427,16738.891670933,,0,GPU-9b96eb67-aeee-89d5-aa85-fc650af4e25c,ok,36,16,1558,237.558,66,1965,9501,14648,77050
280,16738.891014427,16738.891828344,,1,GPU-37ffc98b-8551-c8a1-5f3c-27ade9ae735a,ok,0,0,453,15.415,30,210,405,439,292
280,16738.891014427,16738.891699493,,2,GPU-5443d59d-561f-ed1e-da42-1975937205f9,ok,0,0,453,27.767,37,210,405,390,292
280,16738.891014427,16738.891896994,,3,GPU-46bf67bb-cb31-bee1-3cf0-c35337ba97d2,ok,0,0,453,26.335,41,210,405,439,292
280,16738.891014427,16738.892740644,,4,GPU-127e16de-2b5f-dde9-1932-b4e29bb818c0,ok,0,0,453,25.353,35,210,405,439,292
281,16739.891014427,16739.891695072,,0,GPU-9b96eb67-aeee-89d5-aa85-fc650af4e25c,ok,37,17,1558,238.515,66,1965,9501,14208,73681
281,16739.891014427,16739.891669661,,1,GPU-37ffc98b-8551-c8a1-5f3c-27ade9ae735a,ok,0,0,453,15.307,30,210,405,439,341
281,16739.891014427,16739.892172992,,2,GPU-5443d59d-561f-ed1e-da42-1975937205f9,ok,0,0,453,27.767,37,210,405,439,341
281,16739.891014427,16739.891435871,,3,GPU-46bf67bb-cb31-bee1-3cf0-c35337ba97d2,ok,0,0,453,26.173,41,210,405,439,292
281,16739.891014427,16739.892217412,,4,GPU-127e16de-2b5f-dde9-1932-b4e29bb818c0,ok,0,0,453,25.532,35,210,405,439,341
282,16740.891014427,16740.89191968,,0,GPU-9b96eb67-aeee-89d5-aa85-fc650af4e25c,ok,37,16,1558,238.357,66,1965,9501,12353,75048
282,16740.891014427,16740.89171289,,1,GPU-37ffc98b-8551-c8a1-5f3c-27ade9ae735a,ok,0,0,453,15.282,30,210,405,439,292
282,16740.891014427,16740.89185109,,2,GPU-5443d59d-561f-ed1e-da42-1975937205f9,ok,0,0,453,27.94,37,210,405,390,292
282,16740.891014427,16740.89189491,,3,GPU-46bf67bb-cb31-bee1-3cf0-c35337ba97d2,ok,0,0,453,26.11,41,210,405,439,292
282,16740.891014427,16740.89165535,,4,GPU-127e16de-2b5f-dde9-1932-b4e29bb818c0,ok,0,0,453,25.42,35,210,405,439,292
283,16741.891014427,16741.892354438,,0,GPU-9b96eb67-aeee-89d5-aa85-fc650af4e25c,ok,37,17,1558,234.711,66,1965,9501,15527,77685
283,16741.891014427,16741.892338328,,1,GPU-37ffc98b-8551-c8a1-5f3c-27ade9ae735a,ok,0,0,453,15.279,30,210,405,439,292
283,16741.891014427,16741.892288808,,2,GPU-5443d59d-561f-ed1e-da42-1975937205f9,ok,0,0,453,27.893,37,210,405,439,292
283,16741.891014427,16741.891477247,,3,GPU-46bf67bb-cb31-bee1-3cf0-c35337ba97d2,ok,0,0,453,26.241,41,210,405,439,292
283,16741.891014427,16741.891693358,,4,GPU-127e16de-2b5f-dde9-1932-b4e29bb818c0,ok,0,0,453,25.289,35,210,405,439,292
284,16742.891014427,16742.891820556,,0,GPU-9b96eb67-aeee-89d5-aa85-fc650af4e25c,ok,37,17,1558,236.627,66,1965,9501,14550,77197
284,16742.891014427,16742.891854176,,1,GPU-37ffc98b-8551-c8a1-5f3c-27ade9ae735a,ok,0,0,453,15.295,30,210,405,439,292
284,16742.891014427,16742.892003926,,2,GPU-5443d59d-561f-ed1e-da42-1975937205f9,ok,0,0,453,27.851,37,210,405,439,292
284,16742.891014427,16742.891911426,,3,GPU-46bf67bb-cb31-bee1-3cf0-c35337ba97d2,ok,0,0,453,26.119,41,210,405,439,292
284,16742.891014427,16742.891967126,,4,GPU-127e16de-2b5f-dde9-1932-b4e29bb818c0,ok,0,0,453,25.227,35,210,405,390,292
285,16743.891014427,16743.891735834,,0,GPU-9b96eb67-aeee-89d5-aa85-fc650af4e25c,ok,40,18,1558,232.71,66,1920,9501,14550,77099
285,16743.891014427,16743.891906374,,1,GPU-37ffc98b-8551-c8a1-5f3c-27ade9ae735a,ok,0,0,453,15.334,30,210,405,439,341
285,16743.891014427,16743.891775164,,2,GPU-5443d59d-561f-ed1e-da42-1975937205f9,ok,0,0,453,27.947,37,210,405,439,292
285,16743.891014427,16743.891931274,,3,GPU-46bf67bb-cb31-bee1-3cf0-c35337ba97d2,ok,0,0,453,26.135,41,210,405,439,341
285,16743.891014427,16743.891949354,,4,GPU-127e16de-2b5f-dde9-1932-b4e29bb818c0,ok,0,0,453,25.146,35,210,405,439,292
286,16744.891014427,16744.891930782,,0,GPU-9b96eb67-aeee-89d5-aa85-fc650af4e25c,ok,41,19,1558,234.838,67,1965,9501,14941,78076
286,16744.891014427,16744.892012902,,1,GPU-37ffc98b-8551-c8a1-5f3c-27ade9ae735a,ok,0,0,453,15.219,30,210,405,390,341
286,16744.891014427,16744.891871582,,2,GPU-5443d59d-561f-ed1e-da42-1975937205f9,ok,0,0,453,27.895,37,210,405,390,341
286,16744.891014427,16744.891709882,,3,GPU-46bf67bb-cb31-bee1-3cf0-c35337ba97d2,ok,0,0,453,26.348,41,210,405,439,292
286,16744.891014427,16744.891898072,,4,GPU-127e16de-2b5f-dde9-1932-b4e29bb818c0,ok,0,0,453,25.08,35,210,405,390,341
287,16745.891014427,16745.8917881,,0,GPU-9b96eb67-aeee-89d5-aa85-fc650af4e25c,ok,39,18,1558,238.984,67,1965,9501,13134,76123
287,16745.891014427,16745.89191295,,1,GPU-37ffc98b-8551-c8a1-5f3c-27ade9ae735a,ok,0,0,453,15.217,30,210,405,439,292
287,16745.891014427,16745.89198961,,2,GPU-5443d59d-561f-ed1e-da42-1975937205f9,ok,0,0,453,27.817,37,210,405,439,341
287,16745.891014427,16745.8919618,,3,GPU-46bf67bb-cb31-bee1-3cf0-c35337ba97d2,ok,0,0,453,26.204,41,210,405,439,292
287,16745.891014427,16745.89188054,,4,GPU-127e16de-2b5f-dde9-1932-b4e29bb818c0,ok,0,0,453,25.189,35,210,405,439,341
288,16746.891014427,16746.891860948,,0,GPU-9b96eb67-aeee-89d5-aa85-fc650af4e25c,ok,41,18,1558,234.715,66,1890,9501,13769,77978
288,16746.891014427,16746.891789678,,1,GPU-37ffc98b-8551-c8a1-5f3c-27ade9ae735a,ok,0,0,453,15.19,30,210,405,439,292
288,16746.891014427,16746.891904458,,2,GPU-5443d59d-561f-ed1e-da42-1975937205f9,ok,0,0,453,27.797,37,210,405,439,341
288,16746.891014427,16746.891664038,,3,GPU-46bf67bb-cb31-bee1-3cf0-c35337ba97d2,ok,0,0,453,26.184,41,210,405,439,292
288,16746.891014427,16746.892368578,,4,GPU-127e16de-2b5f-dde9-1932-b4e29bb818c0,ok,0,0,453,25.192,35,210,405,390,341
289,16747.891014427,16747.891909566,,0,GPU-9b96eb67-aeee-89d5-aa85-fc650af4e25c,ok,39,18,1558,231.72,67,1950,9501,13818,73779
289,16747.891014427,16747.891862216,,1,GPU-37ffc98b-8551-c8a1-5f3c-27ade9ae735a,ok,0,0,453,15.122,30,210,405,390,341
289,16747.891014427,16747.892115946,,2,GPU-5443d59d-561f-ed1e-da42-1975937205f9,ok,0,0,453,27.696,37,210,405,390,292
289,16747.891014427,16747.891944366,,3,GPU-46bf67bb-cb31-bee1-3cf0-c35337ba97d2,ok,0,0,453,26.388,41,210,405,390,292
289,16747.891014427,16747.891878586,,4,GPU-127e16de-2b5f-dde9-1932-b4e29bb818c0,ok,0,0,453,25.207,35,210,405,439,292
290,16748.891014427,16748.891550274,,0,GPU-9b96eb67-aeee-89d5-aa85-fc650af4e25c,ok,42,19,1558,238.187,67,1950,9501,14404,77392
290,16748.891014427,16748.891790594,,1,GPU-37ffc98b-8551-c8a1-5f3c-27ade9ae735a,ok,0,0,453,15.299,30,210,405,390,292
290,16748.891014427,16748.892023484,,2,GPU-5443d59d-561f-ed1e-da42-1975937205f9,ok,0,0,453,27.786,37,210,405,439,292
290,16748.891014427,16748.891727864,,3,GPU-46bf67bb-cb31-bee1-3cf0-c35337ba97d2,ok,0,0,453,26.233,41,210,405,439,292
290,16748.891014427,16748.892052934,,4,GPU-127e16de-2b5f-dde9-1932-b4e29bb818c0,ok,0,0,453,25.467,35,210,405,439,292
291,16749.891014427,16749.891787922,,0,GPU-9b96eb67-aeee-89d5-aa85-fc650af4e25c,ok,33,14,1558,222.431,66,1965,9501,14160,73632
291,16749.891014427,16749.893218732,,1,GPU-37ffc98b-8551-c8a1-5f3c-27ade9ae735a,ok,0,0,453,15.463,30,210,405,439,292
291,16749.891014427,16749.892257722,,2,GPU-5443d59d-561f-ed1e-da42-1975937205f9,ok,0,0,453,28.0,37,210,405,439,292
291,16749.891014427,16749.891545692,,3,GPU-46bf67bb-cb31-bee1-3cf0-c35337ba97d2,ok,0,0,453,26.205,41,210,405,439,292
291,16749.891014427,16749.891761072,,4,GPU-127e16de-2b5f-dde9-1932-b4e29bb818c0,ok,0,0,453,25.42,35,210,405,439,292
292,16750.891014427,16750.89169287,,0,GPU-9b96eb67-aeee-89d5-aa85-fc650af4e25c,ok,34,15,1558,232.504,66,1965,9501,14599,78076
292,16750.891014427,16750.89165789,,1,GPU-37ffc98b-8551-c8a1-5f3c-27ade9ae735a,ok,0,0,453,15.358,30,210,405,439,341
292,16750.891014427,16750.89194573,,2,GPU-5443d59d-561f-ed1e-da42-1975937205f9,ok,0,0,453,27.907,37,210,405,439,341
292,16750.891014427,16750.89198291,,3,GPU-46bf67bb-cb31-bee1-3cf0-c35337ba97d2,ok,0,0,453,26.143,41,210,405,390,341
292,16750.891014427,16750.89189837,,4,GPU-127e16de-2b5f-dde9-1932-b4e29bb818c0,ok,0,0,453,25.328,35,210,405,390,292
293,16751.891014427,16751.891938458,,0,GPU-9b96eb67-aeee-89d5-aa85-fc650af4e25c,ok,33,15,1558,237.192,66,1965,9501,15527,77929
293,16751.891014427,16751.891872758,,1,GPU-37ffc98b-8551-c8a1-5f3c-27ade9ae735a,ok,0,0,453,15.374,30,210,405,390,292
293,16751.891014427,16751.891667288,,2,GPU-5443d59d-561f-ed1e-da42-1975937205f9,ok,0,0,453,27.861,37,210,405,439,341
293,16751.891014427,16751.891830688,,3,GPU-46bf67bb-cb31-bee1-3cf0-c35337ba97d2,ok,0,0,453,26.079,41,210,405,390,292
293,16751.891014427,16751.891899908,,4,GPU-127e16de-2b5f-dde9-1932-b4e29bb818c0,ok,0,0,453,25.303,35,210,405,439,292
294,16752.891014427,16752.891617796,,0,GPU-9b96eb67-aeee-89d5-aa85-fc650af4e25c,ok,34,15,1558,236.307,66,1965,9501,14550,77587
294,16752.891014427,16752.891944776,,1,GPU-37ffc98b-8551-c8a1-5f3c-27ade9ae735a,ok,0,0,453,15.456,30,210,405,439,292
294,16752.891014427,16752.891918676,,2,GPU-5443d59d-561f-ed1e-da42-1975937205f9,ok,0,0,453,27.933,37,210,405,439,341
294,16752.891014427,16752.891835666,,3,GPU-46bf67bb-cb31-bee1-3cf0-c35337ba97d2,ok,0,0,453,26.188,41,210,405,390,292
294,16752.891014427,16752.891799746,,4,GPU-127e16de-2b5f-dde9-1932-b4e29bb818c0,ok,0,0,453,25.219,35,210,405,390,292
295,16753.891014427,16753.891759234,,0,GPU-9b96eb67-aeee-89d5-aa85-fc650af4e25c,ok,35,15,1558,236.909,66,1965,9501,13867,72656
295,16753.891014427,16753.891951584,,1,GPU-37ffc98b-8551-c8a1-5f3c-27ade9ae735a,ok,0,0,453,15.265,30,210,405,439,341
295,16753.891014427,16753.891899134,,2,GPU-5443d59d-561f-ed1e-da42-1975937205f9,ok,0,0,453,27.836,37,210,405,390,292
295,16753.891014427,16753.891671254,,3,GPU-46bf67bb-cb31-bee1-3cf0-c35337ba97d2,ok,0,0,453,26.005,41,210,405,439,341
295,16753.891014427,16753.891925574,,4,GPU-127e16de-2b5f-dde9-1932-b4e29bb818c0,ok,0,0,453,25.224,35,210,405,439,292
296,16754.891014427,16754.892304472,,0,GPU-9b96eb67-aeee-89d5-aa85-fc650af4e25c,ok,35,16,1558,234.776,66,1965,9501,14794,74462
296,16754.891014427,16754.891900542,,1,GPU-37ffc98b-8551-c8a1-5f3c-27ade9ae735a,ok,0,0,453,15.186,30,210,405,439,292
296,16754.891014427,16754.891594202,,2,GPU-5443d59d-561f-ed1e-da42-1975937205f9,ok,0,0,453,27.791,37,210,405,439,292
296,16754.891014427,16754.891859272,,3,GPU-46bf67bb-cb31-bee1-3cf0-c35337ba97d2,ok,0,0,453,26.033,41,210,405,439,341
296,16754.891014427,16754.891818572,,4,GPU-127e16de-2b5f-dde9-1932-b4e29bb818c0,ok,0,0,453,25.275,35,210,405,439,292
297,16755.891014427,16755.89227204,,0,GPU-9b96eb67-aeee-89d5-aa85-fc650af4e25c,ok,37,16,1558,225.464,66,1905,9501,14990,77832
297,16755.891014427,16755.89150319,,1,GPU-37ffc98b-8551-c8a1-5f3c-27ade9ae735a,ok,0,0,453,15.163,30,210,405,439,292
297,16755.891014427,16755.89230101,,2,GPU-5443d59d-561f-ed1e-da42-1975937205f9,ok,0,0,453,27.788,37,210,405,439,341
297,16755.891014427,16755.89165411,,3,GPU-46bf67bb-cb31-bee1-3cf0-c35337ba97d2,ok,0,0,453,26.217,41,210,405,439,292
297,16755.891014427,16755.89285612,,4,GPU-127e16de-2b5f-dde9-1932-b4e29bb818c0,ok,0,0,453,25.229,35,210,405,439,292
298,16756.891014427,16756.891426558,,0,GPU-9b96eb67-aeee-89d5-aa85-fc650af4e25c,ok,34,15,1558,222.789,66,1965,9501,13818,73437
298,16756.891014427,16756.892147538,,1,GPU-37ffc98b-8551-c8a1-5f3c-27ade9ae735a,ok,0,0,453,14.984,30,210,405,439,292
298,16756.891014427,16756.891999428,,2,GPU-5443d59d-561f-ed1e-da42-1975937205f9,ok,0,0,453,27.726,37,210,405,439,292
298,16756.891014427,16756.892073508,,3,GPU-46bf67bb-cb31-bee1-3cf0-c35337ba97d2,ok,0,0,453,26.016,41,210,405,439,292
298,16756.891014427,16756.892124748,,4,GPU-127e16de-2b5f-dde9-1932-b4e29bb818c0,ok,0,0,453,25.165,35,210,405,439,292
299,16757.891014427,16757.891819636,,0,GPU-9b96eb67-aeee-89d5-aa85-fc650af4e25c,ok,36,16,1558,234.429,66,1965,9501,12597,74511
299,16757.891014427,16757.892852006,,1,GPU-37ffc98b-8551-c8a1-5f3c-27ade9ae735a,ok,0,0,453,15.001,30,210,405,439,341
299,16757.891014427,16757.891712966,,2,GPU-5443d59d-561f-ed1e-da42-1975937205f9,ok,0,0,453,27.801,37,210,405,390,341
299,16757.891014427,16757.891677526,,3,GPU-46bf67bb-cb31-bee1-3cf0-c35337ba97d2,ok,0,0,453,25.994,41,210,405,439,292
299,16757.891014427,16757.891799306,,4,GPU-127e16de-2b5f-dde9-1932-b4e29bb818c0,ok,0,0,453,25.257,35,210,405,439,341
300,16758.891014427,16758.892226434,,0,GPU-9b96eb67-aeee-89d5-aa85-fc650af4e25c,ok,37,16,1558,230.652,66,1965,9501,13964,72949
300,16758.891014427,16758.892274274,,1,GPU-37ffc98b-8551-c8a1-5f3c-27ade9ae735a,ok,0,0,453,15.268,30,210,405,390,292
300,16758.891014427,16758.892162304,,2,GPU-5443d59d-561f-ed1e-da42-1975937205f9,ok,0,0,453,27.88,37,210,405,439,341
300,16758.891014427,16758.892043784,,3,GPU-46bf67bb-cb31-bee1-3cf0-c35337ba97d2,ok,0,0,453,26.239,41,210,405,390,292
300,16758.891014427,16758.892080174,,4,GPU-127e16de-2b5f-dde9-1932-b4e29bb818c0,ok,0,0,453,25.405,35,210,405,439,292
301,16759.891014427,16759.891652622,,0,GPU-9b96eb67-aeee-89d5-aa85-fc650af4e25c,ok,35,16,1558,236.193,66,1965,9501,14501,77148
301,16759.891014427,16759.892400682,,1,GPU-37ffc98b-8551-c8a1-5f3c-27ade9ae735a,ok,0,0,453,15.258,30,210,405,439,292
301,16759.891014427,16759.891499352,,2,GPU-5443d59d-561f-ed1e-da42-1975937205f9,ok,0,0,453,27.704,37,210,405,439,292
301,16759.891014427,16759.892230272,,3,GPU-46bf67bb-cb31-bee1-3cf0-c35337ba97d2,ok,0,0,453,26.082,41,210,405,439,341
301,16759.891014427,16759.892369512,,4,GPU-127e16de-2b5f-dde9-1932-b4e29bb818c0,ok,0,0,453,25.455,35,210,405,390,292
302,16760.891014427,16760.89220623,,0,GPU-9b96eb67-aeee-89d5-aa85-fc650af4e25c,ok,39,17,1558,216.324,65,1845,9501,14990,77636
302,16760.891014427,16760.89178397,,1,GPU-37ffc98b-8551-c8a1-5f3c-27ade9ae735a,ok,0,0,453,15.105,30,210,405,439,292
302,16760.891014427,16760.89181201,,2,GPU-5443d59d-561f-ed1e-da42-1975937205f9,ok,0,0,453,27.64,37,210,405,439,292
302,16760.891014427,16760.89151101,,3,GPU-46bf67bb-cb31-bee1-3cf0-c35337ba97d2,ok,0,0,453,26.078,41,210,405,439,341
302,16760.891014427,16760.89174411,,4,GPU-127e16de-2b5f-dde9-1932-b4e29bb818c0,ok,0,0,453,25.235,35,210,405,439,292
303,16761.891014427,16761.891646718,,0,GPU-9b96eb67-aeee-89d5-aa85-fc650af4e25c,ok,38,17,1558,213.899,66,1935,9501,14453,77490
303,16761.891014427,16761.891684198,,1,GPU-37ffc98b-8551-c8a1-5f3c-27ade9ae735a,ok,0,0,453,15.155,30,210,405,390,341
303,16761.891014427,16761.892267168,,2,GPU-5443d59d-561f-ed1e-da42-1975937205f9,ok,0,0,453,27.698,37,210,405,439,341
303,16761.891014427,16761.892219538,,3,GPU-46bf67bb-cb31-bee1-3cf0-c35337ba97d2,ok,0,0,453,26.296,41,210,405,439,292
303,16761.891014427,16761.891498118,,4,GPU-127e16de-2b5f-dde9-1932-b4e29bb818c0,ok,0,0,453,25.195,35,210,405,439,292
304,16762.891014427,16762.891865386,,0,GPU-9b96eb67-aeee-89d5-aa85-fc650af4e25c,ok,38,17,1558,231.936,66,1965,9501,14843,78271
304,16762.891014427,16762.891913006,,1,GPU-37ffc98b-8551-c8a1-5f3c-27ade9ae735a,ok,0,0,453,15.033,30,210,405,390,292
304,16762.891014427,16762.891787956,,2,GPU-5443d59d-561f-ed1e-da42-1975937205f9,ok,0,0,453,27.683,37,210,405,390,341
304,16762.891014427,16762.891830876,,3,GPU-46bf67bb-cb31-bee1-3cf0-c35337ba97d2,ok,0,0,453,26.146,41,210,405,439,292
304,16762.891014427,16762.891599726,,4,GPU-127e16de-2b5f-dde9-1932-b4e29bb818c0,ok,0,0,453,25.311,35,210,405,439,292
305,16763.891014427,16763.891805224,,0,GPU-9b96eb67-aeee-89d5-aa85-fc650af4e25c,ok,40,18,1558,239.274,67,1965,9501,14501,76806
305,16763.891014427,16763.891914704,,1,GPU-37ffc98b-8551-c8a1-5f3c-27ade9ae735a,ok,0,0,453,15.051,30,210,405,439,292
305,16763.891014427,16763.891889724,,2,GPU-5443d59d-561f-ed1e-da42-1975937205f9,ok,0,0,453,27.842,37,210,405,439,341
305,16763.891014427,16763.891864834,,3,GPU-46bf67bb-cb31-bee1-3cf0-c35337ba97d2,ok,0,0,453,26.182,41,210,405,439,292
305,16763.891014427,16763.891831394,,4,GPU-127e16de-2b5f-dde9-1932-b4e29bb818c0,ok,0,0,453,25.564,35,210,405,439,292
306,16764.891014427,16764.891645382,,0,GPU-9b96eb67-aeee-89d5-aa85-fc650af4e25c,ok,41,19,1558,242.348,67,1965,9501,14453,77392
306,16764.891014427,16764.891743612,,1,GPU-37ffc98b-8551-c8a1-5f3c-27ade9ae735a,ok,0,0,453,15.104,30,210,405,439,292
306,16764.891014427,16764.892040912,,2,GPU-5443d59d-561f-ed1e-da42-1975937205f9,ok,0,0,453,27.978,37,210,405,439,341
306,16764.891014427,16764.891805792,,3,GPU-46bf67bb-cb31-bee1-3cf0-c35337ba97d2,ok,0,0,453,26.402,41,210,405,439,292
306,16764.891014427,16764.891819772,,4,GPU-127e16de-2b5f-dde9-1932-b4e29bb818c0,ok,0,0,453,25.957,35,210,405,439,292
307,16765.891014427,16765.894205011,,0,GPU-9b96eb67-aeee-89d5-aa85-fc650af4e25c,ok,42,20,1558,244.037,67,1965,9501,15380,78076
307,16765.891014427,16765.8917043,,1,GPU-37ffc98b-8551-c8a1-5f3c-27ade9ae735a,ok,0,0,453,15.024,30,210,405,439,341
307,16765.891014427,16765.89178512,,2,GPU-5443d59d-561f-ed1e-da42-1975937205f9,ok,0,0,453,27.897,37,210,405,439,341
307,16765.891014427,16765.8916546,,3,GPU-46bf67bb-cb31-bee1-3cf0-c35337ba97d2,ok,0,0,453,26.282,41,210,405,439,341
307,16765.891014427,16765.89181023,,4,GPU-127e16de-2b5f-dde9-1932-b4e29bb818c0,ok,0,0,453,26.102,35,210,405,439,292
308,16766.891014427,16766.891697768,,0,GPU-9b96eb67-aeee-89d5-aa85-fc650af4e25c,ok,42,20,1558,243.177,67,1965,9501,14550,77783
308,16766.891014427,16766.891794938,,1,GPU-37ffc98b-8551-c8a1-5f3c-27ade9ae735a,ok,0,0,453,15.175,30,210,405,439,341
308,16766.891014427,16766.891825468,,2,GPU-5443d59d-561f-ed1e-da42-1975937205f9,ok,0,0,453,27.904,37,210,405,439,292
308,16766.891014427,16766.891632168,,3,GPU-46bf67bb-cb31-bee1-3cf0-c35337ba97d2,ok,0,0,453,26.252,41,210,405,390,341
308,16766.891014427,16766.891729328,,4,GPU-127e16de-2b5f-dde9-1932-b4e29bb818c0,ok,0,0,453,26.187,35,210,405,439,292
309,16767.891014427,16767.892230686,,0,GPU-9b96eb67-aeee-89d5-aa85-fc650af4e25c,ok,33,14,1558,238.974,67,1965,9501,15527,77197
309,16767.891014427,16767.891741836,,1,GPU-37ffc98b-8551-c8a1-5f3c-27ade9ae735a,ok,0,0,453,15.177,30,210,405,439,292
309,16767.891014427,16767.891674426,,2,GPU-5443d59d-561f-ed1e-da42-1975937205f9,ok,0,0,453,27.891,37,210,405,439,292
309,16767.891014427,16767.891615086,,3,GPU-46bf67bb-cb31-bee1-3cf0-c35337ba97d2,ok,0,0,453,26.371,41,210,405,439,341
309,16767.891014427,16767.891488456,,4,GPU-127e16de-2b5f-dde9-1932-b4e29bb818c0,ok,0,0,453,25.983,35,210,405,439,292
310,16768.891014427,16768.891861024,,0,GPU-9b96eb67-aeee-89d5-aa85-fc650af4e25c,ok,33,14,1558,234.775,66,1950,9501,14941,76562
310,16768.891014427,16768.893002565,,1,GPU-37ffc98b-8551-c8a1-5f3c-27ade9ae735a,ok,0,0,453,14.91,30,210,405,439,292
310,16768.891014427,16768.891839734,,2,GPU-5443d59d-561f-ed1e-da42-1975937205f9,ok,0,0,453,27.655,37,210,405,439,292
310,16768.891014427,16768.891678974,,3,GPU-46bf67bb-cb31-bee1-3cf0-c35337ba97d2,ok,0,0,453,26.261,41,210,405,439,341
310,16768.891014427,16768.891767094,,4,GPU-127e16de-2b5f-dde9-1932-b4e29bb818c0,ok,0,0,453,25.612,35,210,405,439,341
311,16769.891014427,16769.891753292,,0,GPU-9b96eb67-aeee-89d5-aa85-fc650af4e25c,ok,33,15,1558,227.936,66,1950,9501,14501,76562
311,16769.891014427,16769.891875772,,1,GPU-37ffc98b-8551-c8a1-5f3c-27ade9ae735a,ok,0,0,453,14.849,30,210,405,439,341
311,16769.891014427,16769.891936362,,2,GPU-5443d59d-561f-ed1e-da42-1975937205f9,ok,0,0,453,27.587,37,210,405,439,292
311,16769.891014427,16769.891842572,,3,GPU-46bf67bb-cb31-bee1-3cf0-c35337ba97d2,ok,0,0,453,26.342,41,210,405,439,341
311,16769.891014427,16769.891910092,,4,GPU-127e16de-2b5f-dde9-1932-b4e29bb818c0,ok,0,0,453,25.496,35,210,405,439,341
312,16770.891014427,16770.89213468,,0,GPU-9b96eb67-aeee-89d5-aa85-fc650af4e25c,ok,34,15,1558,230.291,66,1965,9501,15332,77539
312,16770.891014427,16770.89179802,,1,GPU-37ffc98b-8551-c8a1-5f3c-27ade9ae735a,ok,0,0,453,15.014,30,210,405,439,292
312,16770.891014427,16770.89175261,,2,GPU-5443d59d-561f-ed1e-da42-1975937205f9,ok,0,0,453,27.755,37,210,405,439,341
312,16770.891014427,16770.89182135,,3,GPU-46bf67bb-cb31-bee1-3cf0-c35337ba97d2,ok,0,0,453,26.553,41,210,405,439,292
312,16770.891014427,16770.89151331,,4,GPU-127e16de-2b5f-dde9-1932-b4e29bb818c0,ok,0,0,453,25.275,35,210,405,439,292
313,16771.891014427,16771.891897118,,0,GPU-9b96eb67-aeee-89d5-aa85-fc650af4e25c,ok,35,15,1558,236.655,67,1965,9501,15478,78466
313,16771.891014427,16771.891678778,,1,GPU-37ffc98b-8551-c8a1-5f3c-27ade9ae735a,ok,0,0,453,14.995,30,210,405,439,292
313,16771.891014427,16771.891868938,,2,GPU-5443d59d-561f-ed1e-da42-1975937205f9,ok,0,0,453,27.671,37,210,405,390,341
313,16771.891014427,16771.891841568,,3,GPU-46bf67bb-cb31-bee1-3cf0-c35337ba97d2,ok,0,0,453,26.35,41,210,405,439,292
313,16771.891014427,16771.891816388,,4,GPU-127e16de-2b5f-dde9-1932-b4e29bb818c0,ok,0,0,453,25.217,35,210,405,439,292
314,16772.891014427,16772.891900176,,0,GPU-9b96eb67-aeee-89d5-aa85-fc650af4e25c,ok,36,16,1558,236.344,67,1965,9501,15283,78222
314,16772.891014427,16772.891828126,,1,GPU-37ffc98b-8551-c8a1-5f3c-27ade9ae735a,ok,0,0,453,15.156,30,210,405,439,341
314,16772.891014427,16772.891868306,,2,GPU-5443d59d-561f-ed1e-da42-1975937205f9,ok,0,0,453,27.568,37,210,405,439,341
314,16772.891014427,16772.891740106,,3,GPU-46bf67bb-cb31-bee1-3cf0-c35337ba97d2,ok,0,0,453,26.192,41,210,405,439,292
314,16772.891014427,16772.891671246,,4,GPU-127e16de-2b5f-dde9-1932-b4e29bb818c0,ok,0,0,453,25.348,35,210,405,439,292
315,16773.891014427,16773.891855134,,0,GPU-9b96eb67-aeee-89d5-aa85-fc650af4e25c,ok,37,16,1558,231.874,66,1920,9501,14794,77539
315,16773.891014427,16773.891817844,,1,GPU-37ffc98b-8551-c8a1-5f3c-27ade9ae735a,ok,0,0,453,15.286,30,210,405,439,292
315,16773.891014427,16773.891921174,,2,GPU-5443d59d-561f-ed1e-da42-1975937205f9,ok,0,0,453,27.52,37,210,405,439,292
315,16773.891014427,16773.891893784,,3,GPU-46bf67bb-cb31-bee1-3cf0-c35337ba97d2,ok,0,0,453,26.259,41,210,405,390,292
315,16773.891014427,16773.891784754,,4,GPU-127e16de-2b5f-dde9-1932-b4e29bb818c0,ok,0,0,453,25.368,35,210,405,439,292
316,16774.891014427,16774.891761412,,0,GPU-9b96eb67-aeee-89d5-aa85-fc650af4e25c,ok,37,16,1558,221.016,66,1950,9501,14648,76953
316,16774.891014427,16774.891903382,,1,GPU-37ffc98b-8551-c8a1-5f3c-27ade9ae735a,ok,0,0,453,15.091,30,210,405,439,292
316,16774.891014427,16774.891686762,,2,GPU-5443d59d-561f-ed1e-da42-1975937205f9,ok,0,0,453,27.513,37,210,405,439,292
316,16774.891014427,16774.891816172,,3,GPU-46bf67bb-cb31-bee1-3cf0-c35337ba97d2,ok,0,0,453,26.134,41,210,405,390,341
316,16774.891014427,16774.891881242,,4,GPU-127e16de-2b5f-dde9-1932-b4e29bb818c0,ok,0,0,453,25.279,35,210,405,439,292
317,16775.891014427,16775.89180874,,0,GPU-9b96eb67-aeee-89d5-aa85-fc650af4e25c,ok,38,17,1558,229.422,66,1950,9501,14941,77294
317,16775.891014427,16775.89176958,,1,GPU-37ffc98b-8551-c8a1-5f3c-27ade9ae735a,ok,0,0,453,15.272,30,210,405,439,292
317,16775.891014427,16775.89164268,,2,GPU-5443d59d-561f-ed1e-da42-1975937205f9,ok,0,0,453,27.635,37,210,405,390,292
317,16775.891014427,16775.892963171,,3,GPU-46bf67bb-cb31-bee1-3cf0-c35337ba97d2,ok,0,0,453,26.18,41,210,405,390,292
317,16775.891014427,16775.89167434,,4,GPU-127e16de-2b5f-dde9-1932-b4e29bb818c0,ok,0,0,453,25.515,35,210,405,439,292
318,16776.891014427,16776.892355109,,0,GPU-9b96eb67-aeee-89d5-aa85-fc650af4e25c,ok,41,19,1558,237.814,67,1965,9501,14892,76953
318,16776.891014427,16776.891792598,,1,GPU-37ffc98b-8551-c8a1-5f3c-27ade9ae735a,ok,0,0,453,15.409,30,210,405,439,341
318,16776.891014427,16776.891615738,,2,GPU-5443d59d-561f-ed1e-da42-1975937205f9,ok,0,0,453,27.613,37,210,405,439,341
318,16776.891014427,16776.892378199,,3,GPU-46bf67bb-cb31-bee1-3cf0-c35337ba97d2,ok,0,0,453,26.296,41,210,405,439,292
318,16776.891014427,16776.891766858,,4,GPU-127e16de-2b5f-dde9-1932-b4e29bb818c0,ok,0,0,453,25.966,35,210,405,439,292
319,16777.891014427,16777.891795716,,0,GPU-9b96eb67-aeee-89d5-aa85-fc650af4e25c,ok,41,19,1558,242.832,67,1965,9501,14941,77978
319,16777.891014427,16777.891763596,,1,GPU-37ffc98b-8551-c8a1-5f3c-27ade9ae735a,ok,0,0,453,15.477,30,210,405,439,292
319,16777.891014427,16777.891636046,,2,GPU-5443d59d-561f-ed1e-da42-1975937205f9,ok,0,0,453,27.674,37,210,405,439,341
319,16777.891014427,16777.891866076,,3,GPU-46bf67bb-cb31-bee1-3cf0-c35337ba97d2,ok,0,0,453,26.075,41,210,405,439,292
319,16777.891014427,16777.891903896,,4,GPU-127e16de-2b5f-dde9-1932-b4e29bb818c0,ok,0,0,453,26.03,35,210,405,390,292
320,16778.891014427,16778.891981424,,0,GPU-9b96eb67-aeee-89d5-aa85-fc650af4e25c,ok,41,18,1558,241.66,67,1965,9501,14990,78222
320,16778.891014427,16778.891924824,,1,GPU-37ffc98b-8551-c8a1-5f3c-27ade9ae735a,ok,0,0,453,15.527,30,210,405,439,292
320,16778.891014427,16778.891779244,,2,GPU-5443d59d-561f-ed1e-da42-1975937205f9,ok,0,0,453,27.771,37,210,405,439,341
320,16778.891014427,16778.892009935,,3,GPU-46bf67bb-cb31-bee1-3cf0-c35337ba97d2,ok,0,0,453,26.112,41,210,405,439,292
320,16778.891014427,16778.891883174,,4,GPU-127e16de-2b5f-dde9-1932-b4e29bb818c0,ok,0,0,453,26.03,35,210,405,439,292
321,16779.891014427,16779.891889692,,0,GPU-9b96eb67-aeee-89d5-aa85-fc650af4e25c,ok,42,19,1558,243.174,67,1965,9501,15673,77832
321,16779.891014427,16779.891775002,,1,GPU-37ffc98b-8551-c8a1-5f3c-27ade9ae735a,ok,0,0,453,15.166,30,210,405,439,292
321,16779.891014427,16779.891749172,,2,GPU-5443d59d-561f-ed1e-da42-1975937205f9,ok,0,0,453,27.671,37,210,405,390,341
321,16779.891014427,16779.891818222,,3,GPU-46bf67bb-cb31-bee1-3cf0-c35337ba97d2,ok,0,0,453,26.259,41,210,405,439,292
321,16779.891014427,16779.891839082,,4,GPU-127e16de-2b5f-dde9-1932-b4e29bb818c0,ok,0,0,453,26.227,35,210,405,439,292
322,16780.891014427,16780.89162019,,0,GPU-9b96eb67-aeee-89d5-aa85-fc650af4e25c,ok,45,21,1558,241.799,67,1965,9501,14501,76513
322,16780.891014427,16780.89174857,,1,GPU-37ffc98b-8551-c8a1-5f3c-27ade9ae735a,ok,0,0,453,15.109,30,210,405,439,341
322,16780.891014427,16780.892047481,,2,GPU-5443d59d-561f-ed1e-da42-1975937205f9,ok,0,0,453,27.64,37,210,405,439,292
322,16780.891014427,16780.89178199,,3,GPU-46bf67bb-cb31-bee1-3cf0-c35337ba97d2,ok,0,0,453,26.036,41,210,405,439,292
322,16780.891014427,16780.89180746,,4,GPU-127e16de-2b5f-dde9-1932-b4e29bb818c0,ok,0,0,453,26.183,35,210,405,439,292
323,16781.891014427,16781.891798039,,0,GPU-9b96eb67-aeee-89d5-aa85-fc650af4e25c,ok,38,17,1558,240.216,67,1965,9501,14941,77343
323,16781.891014427,16781.891758778,,1,GPU-37ffc98b-8551-c8a1-5f3c-27ade9ae735a,ok,0,0,453,15.218,30,210,405,439,292
323,16781.891014427,16781.891717848,,2,GPU-5443d59d-561f-ed1e-da42-1975937205f9,ok,0,0,453,27.718,37,210,405,439,292
323,16781.891014427,16781.891852139,,3,GPU-46bf67bb-cb31-bee1-3cf0-c35337ba97d2,ok,0,0,453,26.04,41,210,405,439,341
323,16781.891014427,16781.893321869,,4,GPU-127e16de-2b5f-dde9-1932-b4e29bb818c0,ok,0,0,453,25.947,35,210,405,439,292
324,16782.891014427,16782.891870497,,0,GPU-9b96eb67-aeee-89d5-aa85-fc650af4e25c,ok,33,15,1558,237.586,67,1965,9501,15576,77197
324,16782.891014427,16782.891784067,,1,GPU-37ffc98b-8551-c8a1-5f3c-27ade9ae735a,ok,0,0,453,15.032,30,210,405,439,292
324,16782.891014427,16782.891686666,,2,GPU-5443d59d-561f-ed1e-da42-1975937205f9,ok,0,0,453,27.604,37,210,405,439,292
324,16782.891014427,16782.891819567,,3,GPU-46bf67bb-cb31-bee1-3cf0-c35337ba97d2,ok,0,0,453,26.238,41,210,405,439,292
324,16782.891014427,16782.891722647,,4,GPU-127e16de-2b5f-dde9-1932-b4e29bb818c0,ok,0,0,453,25.816,35,210,405,439,292
325,16783.891014427,16783.891858735,,0,GPU-9b96eb67-aeee-89d5-aa85-fc650af4e25c,ok,34,15,1558,236.557,67,1965,9501,15039,77978
325,16783.891014427,16783.891586494,,1,GPU-37ffc98b-8551-c8a1-5f3c-27ade9ae735a,ok,0,0,453,15.142,30,210,405,439,341
325,16783.891014427,16783.891743585,,2,GPU-5443d59d-561f-ed1e-da42-1975937205f9,ok,0,0,453,27.648,37,210,405,439,341
325,16783.891014427,16783.891704965,,3,GPU-46bf67bb-cb31-bee1-3cf0-c35337ba97d2,ok,0,0,453,26.079,41,210,405,390,292
325,16783.891014427,16783.891899705,,4,GPU-127e16de-2b5f-dde9-1932-b4e29bb818c0,ok,0,0,453,25.754,35,210,405,439,292
326,16784.891014427,16784.892333333,,0,GPU-9b96eb67-aeee-89d5-aa85-fc650af4e25c,ok,35,15,1558,237.373,67,1965,9501,15429,78027
326,16784.891014427,16784.892278103,,1,GPU-37ffc98b-8551-c8a1-5f3c-27ade9ae735a,ok,0,0,453,15.431,30,210,405,439,292
326,16784.891014427,16784.891462212,,2,GPU-5443d59d-561f-ed1e-da42-1975937205f9,ok,0,0,453,27.844,37,210,405,390,341
326,16784.891014427,16784.891640003,,3,GPU-46bf67bb-cb31-bee1-3cf0-c35337ba97d2,ok,0,0,453,26.057,41,210,405,439,292
326,16784.891014427,16784.892311383,,4,GPU-127e16de-2b5f-dde9-1932-b4e29bb818c0,ok,0,0,453,25.787,35,210,405,439,341
327,16785.891014427,16785.891908841,,0,GPU-9b96eb67-aeee-89d5-aa85-fc650af4e25c,ok,35,16,1558,237.795,67,1965,9501,14746,77343
327,16785.891014427,16785.891690481,,1,GPU-37ffc98b-8551-c8a1-5f3c-27ade9ae735a,ok,0,0,453,15.335,30,210,405,439,292
327,16785.891014427,16785.891819101,,2,GPU-5443d59d-561f-ed1e-da42-1975937205f9,ok,0,0,453,27.703,37,210,405,439,341
327,16785.891014427,16785.891884941,,3,GPU-46bf67bb-cb31-bee1-3cf0-c35337ba97d2,ok,0,0,453,26.234,41,210,405,439,292
327,16785.891014427,16785.891783411,,4,GPU-127e16de-2b5f-dde9-1932-b4e29bb818c0,ok,0,0,453,25.683,35,210,405,439,341
328,16786.891014427,16786.891526419,,0,GPU-9b96eb67-aeee-89d5-aa85-fc650af4e25c,ok,36,16,1558,236.327,67,1965,9501,14599,77246
328,16786.891014427,16786.891733979,,1,GPU-37ffc98b-8551-c8a1-5f3c-27ade9ae735a,ok,0,0,453,15.293,30,210,405,439,341
328,16786.891014427,16786.893202019,,2,GPU-5443d59d-561f-ed1e-da42-1975937205f9,ok,0,0,453,27.723,37,210,405,439,341
328,16786.891014427,16786.891703389,,3,GPU-46bf67bb-cb31-bee1-3cf0-c35337ba97d2,ok,0,0,453,26.128,41,210,405,439,292
328,16786.891014427,16786.891965469,,4,GPU-127e16de-2b5f-dde9-1932-b4e29bb818c0,ok,0,0,453,25.576,35,210,405,439,341
329,16787.891014427,16787.891674267,,0,GPU-9b96eb67-aeee-89d5-aa85-fc650af4e25c,ok,37,16,1558,231.992,66,1920,9501,11914,77001
329,16787.891014427,16787.891570717,,1,GPU-37ffc98b-8551-c8a1-5f3c-27ade9ae735a,ok,0,0,453,15.428,30,210,405,439,292
329,16787.891014427,16787.891736327,,2,GPU-5443d59d-561f-ed1e-da42-1975937205f9,ok,0,0,453,27.847,37,210,405,439,292
329,16787.891014427,16787.892278587,,3,GPU-46bf67bb-cb31-bee1-3cf0-c35337ba97d2,ok,0,0,453,26.187,41,210,405,439,292
329,16787.891014427,16787.893225847,,4,GPU-127e16de-2b5f-dde9-1932-b4e29bb818c0,ok,0,0,453,25.452,35,210,405,439,292
330,16788.891014427,16788.891527975,,0,GPU-9b96eb67-aeee-89d5-aa85-fc650af4e25c,ok,37,17,1558,224.849,67,1965,9501,14501,76708
330,16788.891014427,16788.891561805,,1,GPU-37ffc98b-8551-c8a1-5f3c-27ade9ae735a,ok,0,0,453,15.218,30,210,405,439,292
330,16788.891014427,16788.892621275,,2,GPU-5443d59d-561f-ed1e-da42-1975937205f9,ok,0,0,453,27.63,37,210,405,439,292
330,16788.891014427,16788.892672305,,3,GPU-46bf67bb-cb31-bee1-3cf0-c35337ba97d2,ok,0,0,453,26.342,41,210,405,390,292
330,16788.891014427,16788.892581475,,4,GPU-127e16de-2b5f-dde9-1932-b4e29bb818c0,ok,0,0,453,25.442,35,210,405,439,292
331,16789.891014427,16789.891812613,,0,GPU-9b96eb67-aeee-89d5-aa85-fc650af4e25c,ok,37,17,1558,237.421,67,1965,9501,14843,78271
331,16789.891014427,16789.891775163,,1,GPU-37ffc98b-8551-c8a1-5f3c-27ade9ae735a,ok,0,0,453,15.025,30,210,405,439,341
331,16789.891014427,16789.892355453,,2,GPU-5443d59d-561f-ed1e-da42-1975937205f9,ok,0,0,453,27.606,37,210,405,439,292
331,16789.891014427,16789.891699773,,3,GPU-46bf67bb-cb31-bee1-3cf0-c35337ba97d2,ok,0,0,453,26.218,41,210,405,439,292
331,16789.891014427,16789.891644043,,4,GPU-127e16de-2b5f-dde9-1932-b4e29bb818c0,ok,0,0,453,25.524,35,210,405,390,292
332,16790.891014427,16790.891743691,,0,GPU-9b96eb67-aeee-89d5-aa85-fc650af4e25c,ok,38,17,1558,237.229,67,1965,9501,14550,76806
332,16790.891014427,16790.891767731,,1,GPU-37ffc98b-8551-c8a1-5f3c-27ade9ae735a,ok,0,0,453,15.232,30,210,405,439,292
332,16790.891014427,16790.891917811,,2,GPU-5443d59d-561f-ed1e-da42-1975937205f9,ok,0,0,453,27.806,37,210,405,439,292
332,16790.891014427,16790.891900721,,3,GPU-46bf67bb-cb31-bee1-3cf0-c35337ba97d2,ok,0,0,453,26.227,41,210,405,439,292
332,16790.891014427,16790.891865261,,4,GPU-127e16de-2b5f-dde9-1932-b4e29bb818c0,ok,0,0,453,25.615,35,210,405,439,292
333,16791.891014427,16791.891818349,,0,GPU-9b96eb67-aeee-89d5-aa85-fc650af4e25c,ok,41,18,1558,241.042,67,1965,9501,15039,77734
333,16791.891014427,16791.891943669,,1,GPU-37ffc98b-8551-c8a1-5f3c-27ade9ae735a,ok,0,0,453,15.219,30,210,405,439,292
333,16791.891014427,16791.891611719,,2,GPU-5443d59d-561f-ed1e-da42-1975937205f9,ok,0,0,453,27.751,37,210,405,390,341
333,16791.891014427,16791.891781299,,3,GPU-46bf67bb-cb31-bee1-3cf0-c35337ba97d2,ok,0,0,453,26.142,41,210,405,439,292
333,16791.891014427,16791.891905299,,4,GPU-127e16de-2b5f-dde9-1932-b4e29bb818c0,ok,0,0,453,25.898,35,210,405,439,292
334,16792.891014427,16792.891805027,,0,GPU-9b96eb67-aeee-89d5-aa85-fc650af4e25c,ok,41,18,1558,234.739,67,1950,9501,14697,77587
334,16792.891014427,16792.891987167,,1,GPU-37ffc98b-8551-c8a1-5f3c-27ade9ae735a,ok,0,0,453,15.178,30,210,405,439,292
334,16792.891014427,16792.891926857,,2,GPU-5443d59d-561f-ed1e-da42-1975937205f9,ok,0,0,453,27.672,37,210,405,439,341
334,16792.891014427,16792.891960837,,3,GPU-46bf67bb-cb31-bee1-3cf0-c35337ba97d2,ok,0,0,453,26.096,41,210,405,439,341
334,16792.891014427,16792.891771257,,4,GPU-127e16de-2b5f-dde9-1932-b4e29bb818c0,ok,0,0,453,26.104,35,210,405,439,292
335,16793.891014427,16793.891751755,,0,GPU-9b96eb67-aeee-89d5-aa85-fc650af4e25c,ok,41,19,1558,239.452,67,1965,9501,14941,78125
335,16793.891014427,16793.891736775,,1,GPU-37ffc98b-8551-c8a1-5f3c-27ade9ae735a,ok,0,0,453,15.503,30,210,405,390,341
335,16793.891014427,16793.893291425,,2,GPU-5443d59d-561f-ed1e-da42-1975937205f9,ok,0,0,453,27.754,37,210,405,439,341
335,16793.891014427,16793.891704705,,3,GPU-46bf67bb-cb31-bee1-3cf0-c35337ba97d2,ok,0,0,453,26.271,41,210,405,439,341
335,16793.891014427,16793.891827045,,4,GPU-127e16de-2b5f-dde9-1932-b4e29bb818c0,ok,0,0,453,26.217,35,210,405,439,292
336,16794.891014427,16794.891825373,,0,GPU-9b96eb67-aeee-89d5-aa85-fc650af4e25c,ok,42,20,1558,241.19,68,1950,9501,14794,77343
336,16794.891014427,16794.891799343,,1,GPU-37ffc98b-8551-c8a1-5f3c-27ade9ae735a,ok,0,0,453,15.38,30,210,405,390,292
336,16794.891014427,16794.891894643,,2,GPU-5443d59d-561f-ed1e-da42-1975937205f9,ok,0,0,453,27.686,37,210,405,390,341
336,16794.891014427,16794.891850493,,3,GPU-46bf67bb-cb31-bee1-3cf0-c35337ba97d2,ok,0,0,453,26.167,41,210,405,439,341
336,16794.891014427,16794.891771883,,4,GPU-127e16de-2b5f-dde9-1932-b4e29bb818c0,ok,0,0,453,26.223,35,210,405,390,292
337,16795.891014427,16795.891625551,,0,GPU-9b96eb67-aeee-89d5-aa85-fc650af4e25c,ok,43,20,1558,242.27,67,1965,9501,14599,77148
337,16795.891014427,16795.893285431,,1,GPU-37ffc98b-8551-c8a1-5f3c-27ade9ae735a,ok,0,0,453,15.197,30,210,405,390,292
337,16795.891014427,16795.891668501,,2,GPU-5443d59d-561f-ed1e-da42-1975937205f9,ok,0,0,453,27.688,37,210,405,439,341
337,16795.891014427,16795.891782271,,3,GPU-46bf67bb-cb31-bee1-3cf0-c35337ba97d2,ok,0,0,453,26.109,41,210,405,439,292
337,16795.891014427,16795.891834731,,4,GPU-127e16de-2b5f-dde9-1932-b4e29bb818c0,ok,0,0,453,26.193,35,210,405,439,292
338,16796.891014427,16796.891589449,,0,GPU-9b96eb67-aeee-89d5-aa85-fc650af4e25c,ok,33,14,1558,241.738,67,1965,9501,14501,76904
338,16796.891014427,16796.892015069,,1,GPU-37ffc98b-8551-c8a1-5f3c-27ade9ae735a,ok,0,0,453,15.408,30,210,405,390,292
338,16796.891014427,16796.891766019,,2,GPU-5443d59d-561f-ed1e-da42-1975937205f9,ok,0,0,453,27.688,37,210,405,439,292
338,16796.891014427,16796.892683839,,3,GPU-46bf67bb-cb31-bee1-3cf0-c35337ba97d2,ok,0,0,453,26.173,41,210,405,390,292
338,16796.891014427,16796.891704039,,4,GPU-127e16de-2b5f-dde9-1932-b4e29bb818c0,ok,0,0,453,25.951,35,210,405,439,292
339,16797.891014427,16797.891708277,,0,GPU-9b96eb67-aeee-89d5-aa85-fc650af4e25c,ok,33,15,1558,236.301,67,1965,9501,14697,77392
339,16797.891014427,16797.891879757,,1,GPU-37ffc98b-8551-c8a1-5f3c-27ade9ae735a,ok,0,0,453,15.422,30,210,405,439,341
339,16797.891014427,16797.891847207,,2,GPU-5443d59d-561f-ed1e-da42-1975937205f9,ok,0,0,453,27.557,37,210,405,439,292
339,16797.891014427,16797.891829427,,3,GPU-46bf67bb-cb31-bee1-3cf0-c35337ba97d2,ok,0,0,453,26.048,41,210,405,439,292
339,16797.891014427,16797.891620207,,4,GPU-127e16de-2b5f-dde9-1932-b4e29bb818c0,ok,0,0,453,25.796,35,210,405,390,292
340,16798.891014427,16798.891589355,,0,GPU-9b96eb67-aeee-89d5-aa85-fc650af4e25c,ok,34,15,1558,235.058,67,1950,9501,14746,77929
340,16798.891014427,16798.892531865,,1,GPU-37ffc98b-8551-c8a1-5f3c-27ade9ae735a,ok,0,0,453,15.304,30,210,405,439,292
340,16798.891014427,16798.891446115,,2,GPU-5443d59d-561f-ed1e-da42-1975937205f9,ok,0,0,453,27.627,37,210,405,390,292
340,16798.891014427,16798.892513435,,3,GPU-46bf67bb-cb31-bee1-3cf0-c35337ba97d2,ok,0,0,453,26.12,41,210,405,439,341
340,16798.891014427,16798.892155615,,4,GPU-127e16de-2b5f-dde9-1932-b4e29bb818c0,ok,0,0,453,25.852,35,210,405,439,292
341,16799.891014427,16799.891844853,,0,GPU-9b96eb67-aeee-89d5-aa85-fc650af4e25c,ok,36,16,1558,224.299,67,1965,9501,14941,76904
341,16799.891014427,16799.891869723,,1,GPU-37ffc98b-8551-c8a1-5f3c-27ade9ae735a,ok,0,0,453,15.195,30,210,405,439,341
341,16799.891014427,16799.891789983,,2,GPU-5443d59d-561f-ed1e-da42-1975937205f9,ok,0,0,453,27.595,37,210,405,439,292
341,16799.891014427,16799.891774573,,3,GPU-46bf67bb-cb31-bee1-3cf0-c35337ba97d2,ok,0,0,453,26.295,41,210,405,439,341
341,16799.891014427,16799.891688243,,4,GPU-127e16de-2b5f-dde9-1932-b4e29bb818c0,ok,0,0,453,25.704,35,210,405,439,341
342,16800.891014427,16800.891809091,,0,GPU-9b96eb67-aeee-89d5-aa85-fc650af4e25c,ok,36,16,1558,238.736,67,1965,9501,15185,77734
342,16800.891014427,16800.891717861,,1,GPU-37ffc98b-8551-c8a1-5f3c-27ade9ae735a,ok,0,0,453,15.112,30,210,405,488,292
342,16800.891014427,16800.892188401,,2,GPU-5443d59d-561f-ed1e-da42-1975937205f9,ok,0,0,453,27.382,37,210,405,390,341
342,16800.891014427,16800.891535721,,3,GPU-46bf67bb-cb31-bee1-3cf0-c35337ba97d2,ok,0,0,453,26.109,41,210,405,390,341
342,16800.891014427,16800.892813001,,4,GPU-127e16de-2b5f-dde9-1932-b4e29bb818c0,ok,0,0,453,25.499,35,210,405,439,341
343,16801.891014427,16801.891692809,,0,GPU-9b96eb67-aeee-89d5-aa85-fc650af4e25c,ok,37,16,1558,238.593,67,1965,9501,14697,53271
343,16801.891014427,16801.891602169,,1,GPU-37ffc98b-8551-c8a1-5f3c-27ade9ae735a,ok,0,0,453,15.203,30,210,405,439,292
343,16801.891014427,16801.893219729,,2,GPU-5443d59d-561f-ed1e-da42-1975937205f9,ok,0,0,453,27.356,37,210,405,439,341
343,16801.891014427,16801.891758409,,3,GPU-46bf67bb-cb31-bee1-3cf0-c35337ba97d2,ok,0,0,453,26.182,41,210,405,439,292
343,16801.891014427,16801.891867669,,4,GPU-127e16de-2b5f-dde9-1932-b4e29bb818c0,ok,0,0,453,25.445,35,210,405,439,341
344,16802.891014427,16802.891782257,,0,GPU-9b96eb67-aeee-89d5-aa85-fc650af4e25c,ok,37,16,1558,238.685,67,1965,9501,14599,78027
344,16802.891014427,16802.891653847,,1,GPU-37ffc98b-8551-c8a1-5f3c-27ade9ae735a,ok,0,0,453,15.353,30,210,405,439,292
344,16802.891014427,16802.891844537,,2,GPU-5443d59d-561f-ed1e-da42-1975937205f9,ok,0,0,453,27.613,37,210,405,439,341
344,16802.891014427,16802.891875817,,3,GPU-46bf67bb-cb31-bee1-3cf0-c35337ba97d2,ok,0,0,453,26.347,41,210,405,439,292
344,16802.891014427,16802.891928877,,4,GPU-127e16de-2b5f-dde9-1932-b4e29bb818c0,ok,0,0,453,25.526,35,210,405,439,292
345,16803.891014427,16803.891690325,,0,GPU-9b96eb67-aeee-89d5-aa85-fc650af4e25c,ok,37,17,1558,239.469,67,1965,9501,14453,77099
345,16803.891014427,16803.891734735,,1,GPU-37ffc98b-8551-c8a1-5f3c-27ade9ae735a,ok,0,0,453,15.408,30,210,405,390,292
345,16803.891014427,16803.891862515,,2,GPU-5443d59d-561f-ed1e-da42-1975937205f9,ok,0,0,453,27.689,37,210,405,390,341
345,16803.891014427,16803.891887325,,3,GPU-46bf67bb-cb31-bee1-3cf0-c35337ba97d2,ok,0,0,453,26.081,41,210,405,439,292
345,16803.891014427,16803.891910195,,4,GPU-127e16de-2b5f-dde9-1932-b4e29bb818c0,ok,0,0,453,25.513,35,210,405,439,341
346,16804.891014427,16804.891726923,,0,GPU-9b96eb67-aeee-89d5-aa85-fc650af4e25c,ok,38,17,1558,239.171,67,1965,9501,14746,78076
346,16804.891014427,16804.891506623,,1,GPU-37ffc98b-8551-c8a1-5f3c-27ade9ae735a,ok,0,0,453,15.481,30,210,405,439,292
346,16804.891014427,16804.892296923,,2,GPU-5443d59d-561f-ed1e-da42-1975937205f9,ok,0,0,453,27.58,37,210,405,439,341
346,16804.891014427,16804.892321403,,3,GPU-46bf67bb-cb31-bee1-3cf0-c35337ba97d2,ok,0,0,453,26.07,41,210,405,390,292
346,16804.891014427,16804.891762743,,4,GPU-127e16de-2b5f-dde9-1932-b4e29bb818c0,ok,0,0,453,25.575,35,210,405,439,341
347,16805.891014427,16805.891927741,,0,GPU-9b96eb67-aeee-89d5-aa85-fc650af4e25c,ok,41,18,1558,240.973,67,1965,9501,15478,77490
347,16805.891014427,16805.891802151,,1,GPU-37ffc98b-8551-c8a1-5f3c-27ade9ae735a,ok,0,0,453,15.431,30,210,405,439,292
347,16805.891014427,16805.891896711,,2,GPU-5443d59d-561f-ed1e-da42-1975937205f9,ok,0,0,453,27.66,37,210,405,439,341
347,16805.891014427,16805.891868611,,3,GPU-46bf67bb-cb31-bee1-3cf0-c35337ba97d2,ok,0,0,453,26.291,41,210,405,439,292
347,16805.891014427,16805.891763511,,4,GPU-127e16de-2b5f-dde9-1932-b4e29bb818c0,ok,0,0,453,25.583,35,210,405,439,292
348,16806.891014427,16806.891794049,,0,GPU-9b96eb67-aeee-89d5-aa85-fc650af4e25c,ok,38,17,1558,238.799,67,1965,9501,14697,77880
348,16806.891014427,16806.891827899,,1,GPU-37ffc98b-8551-c8a1-5f3c-27ade9ae735a,ok,0,0,453,15.175,30,210,405,439,341
348,16806.891014427,16806.891845689,,2,GPU-5443d59d-561f-ed1e-da42-1975937205f9,ok,0,0,453,27.576,37,210,405,439,341
348,16806.891014427,16806.892312029,,3,GPU-46bf67bb-cb31-bee1-3cf0-c35337ba97d2,ok,0,0,453,26.166,41,210,405,439,341
348,16806.891014427,16806.891576619,,4,GPU-127e16de-2b5f-dde9-1932-b4e29bb818c0,ok,0,0,453,25.425,35,210,405,439,292
349,16807.891014427,16807.891787737,,0,GPU-9b96eb67-aeee-89d5-aa85-fc650af4e25c,ok,40,18,1558,240.212,67,1965,9501,14550,77001
349,16807.891014427,16807.891904327,,1,GPU-37ffc98b-8551-c8a1-5f3c-27ade9ae735a,ok,0,0,453,15.24,30,210,405,439,292
349,16807.891014427,16807.891893127,,2,GPU-5443d59d-561f-ed1e-da42-1975937205f9,ok,0,0,453,27.505,37,210,405,390,292
349,16807.891014427,16807.891814567,,3,GPU-46bf67bb-cb31-bee1-3cf0-c35337ba97d2,ok,0,0,453,26.173,41,210,405,439,341
349,16807.891014427,16807.891848257,,4,GPU-127e16de-2b5f-dde9-1932-b4e29bb818c0,ok,0,0,453,25.188,35,210,405,390,292
350,16808.891014427,16808.891693385,,0,GPU-9b96eb67-aeee-89d5-aa85-fc650af4e25c,ok,41,18,1558,239.803,67,1830,9501,14794,77832
350,16808.891014427,16808.891588915,,1,GPU-37ffc98b-8551-c8a1-5f3c-27ade9ae735a,ok,0,0,453,15.306,30,210,405,439,292
350,16808.891014427,16808.891842305,,2,GPU-5443d59d-561f-ed1e-da42-1975937205f9,ok,0,0,453,27.611,37,210,405,439,292
350,16808.891014427,16808.893187776,,3,GPU-46bf67bb-cb31-bee1-3cf0-c35337ba97d2,ok,0,0,453,26.352,41,210,405,390,341
350,16808.891014427,16808.891738245,,4,GPU-127e16de-2b5f-dde9-1932-b4e29bb818c0,ok,0,0,453,25.25,35,210,405,439,292
351,16809.891014427,16809.891680313,,0,GPU-9b96eb67-aeee-89d5-aa85-fc650af4e25c,ok,43,20,1558,242.235,67,1965,9501,14501,75683
351,16809.891014427,16809.891814193,,1,GPU-37ffc98b-8551-c8a1-5f3c-27ade9ae735a,ok,0,0,453,14.999,30,210,405,390,292
351,16809.891014427,16809.891789673,,2,GPU-5443d59d-561f-ed1e-da42-1975937205f9,ok,0,0,453,27.625,37,210,405,439,292
351,16809.891014427,16809.893911564,,3,GPU-46bf67bb-cb31-bee1-3cf0-c35337ba97d2,ok,0,0,453,26.196,41,210,405,439,292
351,16809.891014427,16809.891766113,,4,GPU-127e16de-2b5f-dde9-1932-b4e29bb818c0,ok,0,0,453,25.513,35,210,405,439,292
352,16810.891014427,16810.891873391,,0,GPU-9b96eb67-aeee-89d5-aa85-fc650af4e25c,ok,38,17,1558,239.657,67,1965,9501,15234,76660
352,16810.891014427,16810.891810121,,1,GPU-37ffc98b-8551-c8a1-5f3c-27ade9ae735a,ok,0,0,453,14.904,30,210,405,439,341
352,16810.891014427,16810.891895891,,2,GPU-5443d59d-561f-ed1e-da42-1975937205f9,ok,0,0,453,27.653,37,210,405,439,341
352,16810.891014427,16810.891910921,,3,GPU-46bf67bb-cb31-bee1-3cf0-c35337ba97d2,ok,0,0,453,26.237,41,210,405,390,292
352,16810.891014427,16810.891838391,,4,GPU-127e16de-2b5f-dde9-1932-b4e29bb818c0,ok,0,0,453,25.481,35,210,405,439,341
353,16811.891014427,16811.891624079,,0,GPU-9b96eb67-aeee-89d5-aa85-fc650af4e25c,ok,33,14,1558,239.805,67,1965,9501,14550,76757
353,16811.891014427,16811.891770939,,1,GPU-37ffc98b-8551-c8a1-5f3c-27ade9ae735a,ok,0,0,453,15.019,30,210,405,439,292
353,16811.891014427,16811.892047079,,2,GPU-5443d59d-561f-ed1e-da42-1975937205f9,ok,0,0,453,27.577,37,210,405,439,341
353,16811.891014427,16811.891717779,,3,GPU-46bf67bb-cb31-bee1-3cf0-c35337ba97d2,ok,0,0,453,26.373,41,210,405,390,292
353,16811.891014427,16811.891807009,,4,GPU-127e16de-2b5f-dde9-1932-b4e29bb818c0,ok,0,0,453,25.478,35,210,405,439,341
354,16812.891014427,16812.891710387,,0,GPU-9b96eb67-aeee-89d5-aa85-fc650af4e25c,ok,33,15,1558,235.762,67,1965,9501,14599,77392
354,16812.891014427,16812.891552097,,1,GPU-37ffc98b-8551-c8a1-5f3c-27ade9ae735a,ok,0,0,453,15.03,30,210,405,439,292
354,16812.891014427,16812.892222467,,2,GPU-5443d59d-561f-ed1e-da42-1975937205f9,ok,0,0,453,27.543,37,210,405,439,292
354,16812.891014427,16812.892272317,,3,GPU-46bf67bb-cb31-bee1-3cf0-c35337ba97d2,ok,0,0,453,26.13,41,210,405,439,292
354,16812.891014427,16812.891733867,,4,GPU-127e16de-2b5f-dde9-1932-b4e29bb818c0,ok,0,0,453,25.515,35,210,405,439,341
355,16813.891014427,16813.891674355,,0,GPU-9b96eb67-aeee-89d5-aa85-fc650af4e25c,ok,34,15,1558,233.796,67,1935,9501,14746,77246
355,16813.891014427,16813.891788245,,1,GPU-37ffc98b-8551-c8a1-5f3c-27ade9ae735a,ok,0,0,453,15.107,30,210,405,439,341
355,16813.891014427,16813.891625005,,2,GPU-5443d59d-561f-ed1e-da42-1975937205f9,ok,0,0,453,27.744,37,210,405,390,341
355,16813.891014427,16813.892456505,,3,GPU-46bf67bb-cb31-bee1-3cf0-c35337ba97d2,ok,0,0,453,26.145,41,210,405,439,292
355,16813.891014427,16813.891747945,,4,GPU-127e16de-2b5f-dde9-1932-b4e29bb818c0,ok,0,0,453,25.625,35,210,405,439,292
356,16814.891014427,16814.891698023,,0,GPU-9b96eb67-aeee-89d5-aa85-fc650af4e25c,ok,35,15,1558,215.606,66,1935,9501,14843,76464
356,16814.891014427,16814.891623163,,1,GPU-37ffc98b-8551-c8a1-5f3c-27ade9ae735a,ok,0,0,453,15.075,30,210,405,439,292
356,16814.891014427,16814.891674453,,2,GPU-5443d59d-561f-ed1e-da42-1975937205f9,ok,0,0,453,27.714,37,210,405,439,341
356,16814.891014427,16814.893776614,,3,GPU-46bf67bb-cb31-bee1-3cf0-c35337ba97d2,ok,0,0,453,26.298,41,210,405,439,292
356,16814.891014427,16814.891512603,,4,GPU-127e16de-2b5f-dde9-1932-b4e29bb818c0,ok,0,0,453,25.379,35,210,405,390,341
357,16815.891014427,16815.891814691,,0,GPU-9b96eb67-aeee-89d5-aa85-fc650af4e25c,ok,37,16,1558,222.548,66,1935,9501,14794,77050
357,16815.891014427,16815.891781741,,1,GPU-37ffc98b-8551-c8a1-5f3c-27ade9ae735a,ok,0,0,453,15.0,30,210,405,439,341
357,16815.891014427,16815.891657791,,2,GPU-5443d59d-561f-ed1e-da42-1975937205f9,ok,0,0,453,27.666,37,210,405,439,341
357,16815.891014427,16815.892970412,,3,GPU-46bf67bb-cb31-bee1-3cf0-c35337ba97d2,ok,0,0,453,26.087,41,210,405,439,292
357,16815.891014427,16815.891693951,,4,GPU-127e16de-2b5f-dde9-1932-b4e29bb818c0,ok,0,0,453,25.151,35,210,405,439,292
358,16816.891014427,16816.891713809,,0,GPU-9b96eb67-aeee-89d5-aa85-fc650af4e25c,ok,37,16,1558,223.596,66,1935,9501,14697,77587
358,16816.891014427,16816.891815449,,1,GPU-37ffc98b-8551-c8a1-5f3c-27ade9ae735a,ok,0,0,453,15.061,30,210,405,390,292
358,16816.891014427,16816.89269656,,2,GPU-5443d59d-561f-ed1e-da42-1975937205f9,ok,0,0,453,27.763,37,210,405,390,341
358,16816.891014427,16816.891655539,,3,GPU-46bf67bb-cb31-bee1-3cf0-c35337ba97d2,ok,0,0,453,26.131,41,210,405,439,341
358,16816.891014427,16816.891843489,,4,GPU-127e16de-2b5f-dde9-1932-b4e29bb818c0,ok,0,0,453,25.306,35,210,405,439,341
359,16817.891014427,16817.891827747,,0,GPU-9b96eb67-aeee-89d5-aa85-fc650af4e25c,ok,37,17,1558,230.696,67,1965,9501,14843,77880
359,16817.891014427,16817.891786717,,1,GPU-37ffc98b-8551-c8a1-5f3c-27ade9ae735a,ok,0,0,453,14.861,30,210,405,390,292
359,16817.891014427,16817.891852577,,2,GPU-5443d59d-561f-ed1e-da42-1975937205f9,ok,0,0,453,27.679,37,210,405,390,292
359,16817.891014427,16817.891909677,,3,GPU-46bf67bb-cb31-bee1-3cf0-c35337ba97d2,ok,0,0,453,26.357,41,210,405,439,341
359,16817.891014427,16817.891676467,,4,GPU-127e16de-2b5f-dde9-1932-b4e29bb818c0,ok,0,0,453,25.359,35,210,405,439,341
360,16818.891014427,16818.891498605,,0,GPU-9b96eb67-aeee-89d5-aa85-fc650af4e25c,ok,37,17,1558,238.276,67,1965,9501,14453,76708
360,16818.891014427,16818.891588655,,1,GPU-37ffc98b-8551-c8a1-5f3c-27ade9ae735a,ok,0,0,453,14.785,30,210,405,439,292
360,16818.891014427,16818.892596066,,2,GPU-5443d59d-561f-ed1e-da42-1975937205f9,ok,0,0,453,27.724,37,210,405,439,292
360,16818.891014427,16818.892570066,,3,GPU-46bf67bb-cb31-bee1-3cf0-c35337ba97d2,ok,0,0,453,26.168,41,210,405,439,341
360,16818.891014427,16818.892628816,,4,GPU-127e16de-2b5f-dde9-1932-b4e29bb818c0,ok,0,0,453,25.409,35,210,405,390,292
361,16819.891014427,16819.891616833,,0,GPU-9b96eb67-aeee-89d5-aa85-fc650af4e25c,ok,38,18,1558,238.309,67,1965,9501,14599,76562
361,16819.891014427,16819.891650593,,1,GPU-37ffc98b-8551-c8a1-5f3c-27ade9ae735a,ok,0,0,453,14.957,30,210,405,439,341
361,16819.891014427,16819.891791083,,2,GPU-5443d59d-561f-ed1e-da42-1975937205f9,ok,0,0,453,27.824,37,210,405,390,292
361,16819.891014427,16819.892578234,,3,GPU-46bf67bb-cb31-bee1-3cf0-c35337ba97d2,ok,0,0,453,26.103,41,210,405,439,292
361,16819.891014427,16819.891812833,,4,GPU-127e16de-2b5f-dde9-1932-b4e29bb818c0,ok,0,0,453,25.61,35,210,405,439,292
362,16820.891014427,16820.891561901,,0,GPU-9b96eb67-aeee-89d5-aa85-fc650af4e25c,ok,42,19,1558,243.671,67,1965,9501,14648,75732
362,16820.891014427,16820.891665911,,1,GPU-37ffc98b-8551-c8a1-5f3c-27ade9ae735a,ok,0,0,453,14.939,30,210,405,439,292
362,16820.891014427,16820.891971511,,2,GPU-5443d59d-561f-ed1e-da42-1975937205f9,ok,0,0,453,27.736,37,210,405,439,292
362,16820.891014427,16820.892578882,,3,GPU-46bf67bb-cb31-bee1-3cf0-c35337ba97d2,ok,0,0,453,26.241,41,210,405,439,292
362,16820.891014427,16820.892011841,,4,GPU-127e16de-2b5f-dde9-1932-b4e29bb818c0,ok,0,0,453,25.968,35,210,405,439,292
363,16821.891014427,16821.891835329,,0,GPU-9b96eb67-aeee-89d5-aa85-fc650af4e25c,ok,41,19,1646,243.298,68,1965,9501,14990,79101
363,16821.891014427,16821.891908439,,1,GPU-37ffc98b-8551-c8a1-5f3c-27ade9ae735a,ok,0,0,453,14.906,30,210,405,439,292
363,16821.891014427,16821.891767579,,2,GPU-5443d59d-561f-ed1e-da42-1975937205f9,ok,0,0,453,27.89,37,210,405,439,292
363,16821.891014427,16821.891950389,,3,GPU-46bf67bb-cb31-bee1-3cf0-c35337ba97d2,ok,0,0,453,26.139,41,210,405,439,292
363,16821.891014427,16821.891972869,,4,GPU-127e16de-2b5f-dde9-1932-b4e29bb818c0,ok,0,0,453,26.066,35,210,405,439,292
364,16822.891014427,16822.891877217,,0,GPU-9b96eb67-aeee-89d5-aa85-fc650af4e25c,ok,49,23,1646,255.526,68,1965,9501,15332,78710
364,16822.891014427,16822.891835007,,1,GPU-37ffc98b-8551-c8a1-5f3c-27ade9ae735a,ok,0,0,453,15.143,30,210,405,390,292
364,16822.891014427,16822.891717607,,2,GPU-5443d59d-561f-ed1e-da42-1975937205f9,ok,0,0,453,28.124,37,210,405,439,292
364,16822.891014427,16822.891684707,,3,GPU-46bf67bb-cb31-bee1-3cf0-c35337ba97d2,ok,0,0,453,26.131,41,210,405,390,292
364,16822.891014427,16822.891657027,,4,GPU-127e16de-2b5f-dde9-1932-b4e29bb818c0,ok,0,0,453,26.377,35,210,405,439,341
365,16823.891014427,16823.891722735,,0,GPU-9b96eb67-aeee-89d5-aa85-fc650af4e25c,ok,45,21,1646,249.79,68,1815,9501,14746,76708
365,16823.891014427,16823.891907326,,1,GPU-37ffc98b-8551-c8a1-5f3c-27ade9ae735a,ok,0,0,453,15.141,30,210,405,390,292
365,16823.891014427,16823.891807565,,2,GPU-5443d59d-561f-ed1e-da42-1975937205f9,ok,0,0,453,28.005,37,210,405,390,292
365,16823.891014427,16823.891943386,,3,GPU-46bf67bb-cb31-bee1-3cf0-c35337ba97d2,ok,0,0,453,26.198,41,210,405,439,292
365,16823.891014427,16823.891852615,,4,GPU-127e16de-2b5f-dde9-1932-b4e29bb818c0,ok,0,0,453,26.517,35,210,405,439,341
366,16824.891014427,16824.891741243,,0,GPU-9b96eb67-aeee-89d5-aa85-fc650af4e25c,ok,54,26,1646,253.046,68,1950,9501,15136,79003
366,16824.891014427,16824.892335804,,1,GPU-37ffc98b-8551-c8a1-5f3c-27ade9ae735a,ok,0,0,453,14.979,30,210,405,390,292
366,16824.891014427,16824.891600133,,2,GPU-5443d59d-561f-ed1e-da42-1975937205f9,ok,0,0,453,27.943,37,210,405,439,292
366,16824.891014427,16824.892284844,,3,GPU-46bf67bb-cb31-bee1-3cf0-c35337ba97d2,ok,0,0,453,26.057,41,210,405,439,292
366,16824.891014427,16824.891707973,,4,GPU-127e16de-2b5f-dde9-1932-b4e29bb818c0,ok,0,0,453,26.328,35,210,405,439,292
367,16825.891014427,16825.891865782,,0,GPU-9b96eb67-aeee-89d5-aa85-fc650af4e25c,ok,39,18,1646,249.456,67,1965,9501,15039,76953
367,16825.891014427,16825.891785882,,1,GPU-37ffc98b-8551-c8a1-5f3c-27ade9ae735a,ok,0,0,453,15.019,30,210,405,390,292
367,16825.891014427,16825.891833102,,2,GPU-5443d59d-561f-ed1e-da42-1975937205f9,ok,0,0,453,28.022,37,210,405,439,341
367,16825.891014427,16825.892280492,,3,GPU-46bf67bb-cb31-bee1-3cf0-c35337ba97d2,ok,0,0,453,26.175,41,210,405,439,292
367,16825.891014427,16825.891563331,,4,GPU-127e16de-2b5f-dde9-1932-b4e29bb818c0,ok,0,0,453,26.419,35,210,405,390,341
368,16826.891014427,16826.89168636,,0,GPU-9b96eb67-aeee-89d5-aa85-fc650af4e25c,ok,33,14,1646,238.687,67,1965,9501,14941,77636
368,16826.891014427,16826.89206847,,1,GPU-37ffc98b-8551-c8a1-5f3c-27ade9ae735a,ok,0,0,453,14.841,30,210,405,390,292
368,16826.891014427,16826.891428619,,2,GPU-5443d59d-561f-ed1e-da42-1975937205f9,ok,0,0,453,27.962,37,210,405,439,341
368,16826.891014427,16826.89163915,,3,GPU-46bf67bb-cb31-bee1-3cf0-c35337ba97d2,ok,0,0,453,26.389,41,210,405,390,292
368,16826.891014427,16826.89202081,,4,GPU-127e16de-2b5f-dde9-1932-b4e29bb818c0,ok,0,0,453,26.139,35,210,405,439,341
369,16827.891014427,16827.891725678,,0,GPU-9b96eb67-aeee-89d5-aa85-fc650af4e25c,ok,33,15,1646,236.53,67,1965,9501,15039,76464
369,16827.891014427,16827.891530137,,1,GPU-37ffc98b-8551-c8a1-5f3c-27ade9ae735a,ok,0,0,453,15.022,30,210,405,390,341
369,16827.891014427,16827.891621398,,2,GPU-5443d59d-561f-ed1e-da42-1975937205f9,ok,0,0,453,27.974,37,210,405,439,292
369,16827.891014427,16827.892867428,,3,GPU-46bf67bb-cb31-bee1-3cf0-c35337ba97d2,ok,0,0,453,26.164,41,210,405,390,292
369,16827.891014427,16827.892223928,,4,GPU-127e16de-2b5f-dde9-1932-b4e29bb818c0,ok,0,0,453,25.923,35,210,405,439,292
370,16828.891014427,16828.891943806,,0,GPU-9b96eb67-aeee-89d5-aa85-fc650af4e25c,ok,37,16,1646,235.643,67,1935,9501,15673,77978
370,16828.891014427,16828.891755436,,1,GPU-37ffc98b-8551-c8a1-5f3c-27ade9ae735a,ok,0,0,453,15.302,30,210,405,390,341
370,16828.891014427,16828.891790786,,2,GPU-5443d59d-561f-ed1e-da42-1975937205f9,ok,0,0,453,27.963,37,210,405,439,292
370,16828.891014427,16828.891901106,,3,GPU-46bf67bb-cb31-bee1-3cf0-c35337ba97d2,ok,0,0,453,26.117,41,210,405,439,341
370,16828.891014427,16828.891885886,,4,GPU-127e16de-2b5f-dde9-1932-b4e29bb818c0,ok,0,0,453,25.87,35,210,405,439,292
371,16829.891014427,16829.891526464,,0,GPU-9b96eb67-aeee-89d5-aa85-fc650af4e25c,ok,35,16,1646,229.158,67,1965,9501,13769,72753
371,16829.891014427,16829.891994384,,1,GPU-37ffc98b-8551-c8a1-5f3c-27ade9ae735a,ok,0,0,453,15.013,30,210,405,390,292
371,16829.891014427,16829.892023114,,2,GPU-5443d59d-561f-ed1e-da42-1975937205f9,ok,0,0,453,27.773,37,210,405,390,292
371,16829.891014427,16829.891757144,,3,GPU-46bf67bb-cb31-bee1-3cf0-c35337ba97d2,ok,0,0,453,26.126,41,210,405,439,341
371,16829.891014427,16829.891780274,,4,GPU-127e16de-2b5f-dde9-1932-b4e29bb818c0,ok,0,0,453,25.774,35,210,405,439,341
372,16830.891014427,16830.891760282,,0,GPU-9b96eb67-aeee-89d5-aa85-fc650af4e25c,ok,34,15,1646,236.321,67,1965,9501,13427,71435
372,16830.891014427,16830.891922802,,1,GPU-37ffc98b-8551-c8a1-5f3c-27ade9ae735a,ok,0,0,453,15.005,30,210,405,439,292
372,16830.891014427,16830.891845592,,2,GPU-5443d59d-561f-ed1e-da42-1975937205f9,ok,0,0,453,27.761,37,210,405,488,341
372,16830.891014427,16830.891806852,,3,GPU-46bf67bb-cb31-bee1-3cf0-c35337ba97d2,ok,0,0,453,26.169,41,210,405,439,341
372,16830.891014427,16830.891910002,,4,GPU-127e16de-2b5f-dde9-1932-b4e29bb818c0,ok,0,0,453,25.802,35,210,405,488,341
373,16831.891014427,16831.89164046,,0,GPU-9b96eb67-aeee-89d5-aa85-fc650af4e25c,ok,37,16,1646,231.894,67,1920,9501,11425,66357
373,16831.891014427,16831.89186849,,1,GPU-37ffc98b-8551-c8a1-5f3c-27ade9ae735a,ok,0,0,453,15.126,30,210,405,439,341
373,16831.891014427,16831.89182348,,2,GPU-5443d59d-561f-ed1e-da42-1975937205f9,ok,0,0,453,27.855,37,210,405,439,341
373,16831.891014427,16831.89185762,,3,GPU-46bf67bb-cb31-bee1-3cf0-c35337ba97d2,ok,0,0,453,26.366,41,210,405,439,341
373,16831.891014427,16831.89202591,,4,GPU-127e16de-2b5f-dde9-1932-b4e29bb818c0,ok,0,0,453,25.789,35,210,405,439,292
374,16832.891014427,16832.891713308,,0,GPU-9b96eb67-aeee-89d5-aa85-fc650af4e25c,ok,35,16,1646,223.839,67,1965,9501,10888,76367
374,16832.891014427,16832.891488478,,1,GPU-37ffc98b-8551-c8a1-5f3c-27ade9ae735a,ok,0,0,453,14.855,30,210,405,439,292
374,16832.891014427,16832.892272018,,2,GPU-5443d59d-561f-ed1e-da42-1975937205f9,ok,0,0,453,27.753,37,210,405,439,341
374,16832.891014427,16832.892232348,,3,GPU-46bf67bb-cb31-bee1-3cf0-c35337ba97d2,ok,0,0,453,26.257,41,210,405,439,292
374,16832.891014427,16832.891771348,,4,GPU-127e16de-2b5f-dde9-1932-b4e29bb818c0,ok,0,0,453,25.839,35,210,405,439,292
375,16833.891014427,16833.891815446,,0,GPU-9b96eb67-aeee-89d5-aa85-fc650af4e25c,ok,34,15,1646,234.527,67,1965,9501,13720,78027
375,16833.891014427,16833.891917146,,1,GPU-37ffc98b-8551-c8a1-5f3c-27ade9ae735a,ok,0,0,453,14.835,30,210,405,439,292
375,16833.891014427,16833.891847276,,2,GPU-5443d59d-561f-ed1e-da42-1975937205f9,ok,0,0,453,27.738,37,210,405,439,341
375,16833.891014427,16833.891940496,,3,GPU-46bf67bb-cb31-bee1-3cf0-c35337ba97d2,ok,0,0,453,26.293,41,210,405,439,292
375,16833.891014427,16833.891663876,,4,GPU-127e16de-2b5f-dde9-1932-b4e29bb818c0,ok,0,0,453,25.892,35,210,405,439,341
376,16834.891014427,16834.891734094,,0,GPU-9b96eb67-aeee-89d5-aa85-fc650af4e25c,ok,36,16,1646,235.975,67,1965,9501,14697,77880
376,16834.891014427,16834.891579514,,1,GPU-37ffc98b-8551-c8a1-5f3c-27ade9ae735a,ok,0,0,453,15.116,30,210,405,439,292
376,16834.891014427,16834.891836424,,2,GPU-5443d59d-561f-ed1e-da42-1975937205f9,ok,0,0,453,27.845,37,210,405,439,341
376,16834.891014427,16834.892282184,,3,GPU-46bf67bb-cb31-bee1-3cf0-c35337ba97d2,ok,0,0,453,26.399,41,210,405,390,292
376,16834.891014427,16834.891772434,,4,GPU-127e16de-2b5f-dde9-1932-b4e29bb818c0,ok,0,0,453,25.796,35,210,405,439,341
377,16835.891014427,16835.892859382,,0,GPU-9b96eb67-aeee-89d5-aa85-fc650af4e25c,ok,39,17,1646,218.797,66,1875,9501,14599,73339
377,16835.891014427,16835.892282432,,1,GPU-37ffc98b-8551-c8a1-5f3c-27ade9ae735a,ok,0,0,453,15.106,30,210,405,439,292
377,16835.891014427,16835.891602472,,2,GPU-5443d59d-561f-ed1e-da42-1975937205f9,ok,0,0,453,27.666,37,210,405,439,292
377,16835.891014427,16835.892240192,,3,GPU-46bf67bb-cb31-bee1-3cf0-c35337ba97d2,ok,0,0,453,26.192,41,210,405,439,292
377,16835.891014427,16835.891467672,,4,GPU-127e16de-2b5f-dde9-1932-b4e29bb818c0,ok,0,0,453,25.655,35,210,405,390,341
378,16836.891014427,16836.89188803,,0,GPU-9b96eb67-aeee-89d5-aa85-fc650af4e25c,ok,35,16,1646,218.421,67,1950,9501,14990,77978
378,16836.891014427,16836.8919231,,1,GPU-37ffc98b-8551-c8a1-5f3c-27ade9ae735a,ok,0,0,453,15.063,30,210,405,439,292
378,16836.891014427,16836.89168723,,2,GPU-5443d59d-561f-ed1e-da42-1975937205f9,ok,0,0,453,27.594,37,210,405,439,292
378,16836.891014427,16836.89182812,,3,GPU-46bf67bb-cb31-bee1-3cf0-c35337ba97d2,ok,0,0,453,26.227,41,210,405,439,292
378,16836.891014427,16836.89194063,,4,GPU-127e16de-2b5f-dde9-1932-b4e29bb818c0,ok,0,0,453,25.439,35,210,405,439,341
379,16837.891014427,16837.891626388,,0,GPU-9b96eb67-aeee-89d5-aa85-fc650af4e25c,ok,39,18,1646,229.263,67,1950,9501,14453,76464
379,16837.891014427,16837.892027668,,1,GPU-37ffc98b-8551-c8a1-5f3c-27ade9ae735a,ok,0,0,453,15.268,30,210,405,439,292
379,16837.891014427,16837.892093738,,2,GPU-5443d59d-561f-ed1e-da42-1975937205f9,ok,0,0,453,27.608,37,210,405,390,292
379,16837.891014427,16837.891771838,,3,GPU-46bf67bb-cb31-bee1-3cf0-c35337ba97d2,ok,0,0,453,26.4,41,210,405,439,341
379,16837.891014427,16837.891742338,,4,GPU-127e16de-2b5f-dde9-1932-b4e29bb818c0,ok,0,0,453,25.376,35,210,405,390,341
380,16838.891014427,16838.891488566,,0,GPU-9b96eb67-aeee-89d5-aa85-fc650af4e25c,ok,35,16,1646,233.605,67,1965,9501,14550,76806
380,16838.891014427,16838.892040386,,1,GPU-37ffc98b-8551-c8a1-5f3c-27ade9ae735a,ok,0,0,453,15.206,30,210,405,439,292
380,16838.891014427,16838.892003026,,2,GPU-5443d59d-561f-ed1e-da42-1975937205f9,ok,0,0,453,27.461,37,210,405,439,341
380,16838.891014427,16838.891653556,,3,GPU-46bf67bb-cb31-bee1-3cf0-c35337ba97d2,ok,0,0,453,26.194,41,210,405,390,341
380,16838.891014427,16838.891895666,,4,GPU-127e16de-2b5f-dde9-1932-b4e29bb818c0,ok,0,0,453,25.49,35,210,405,439,341
381,16839.891014427,16839.892385934,,0,GPU-9b96eb67-aeee-89d5-aa85-fc650af4e25c,ok,41,19,1646,242.438,68,1965,9501,15478,77978
381,16839.891014427,16839.891465844,,1,GPU-37ffc98b-8551-c8a1-5f3c-27ade9ae735a,ok,0,0,453,15.075,30,210,405,439,292
381,16839.891014427,16839.892257314,,2,GPU-5443d59d-561f-ed1e-da42-1975937205f9,ok,0,0,453,27.56,37,210,405,439,341
381,16839.891014427,16839.892343264,,3,GPU-46bf67bb-cb31-bee1-3cf0-c35337ba97d2,ok,0,0,453,26.202,41,210,405,439,341
381,16839.891014427,16839.891684074,,4,GPU-127e16de-2b5f-dde9-1932-b4e29bb818c0,ok,0,0,453,25.528,35,210,405,390,292
382,16840.891014427,16840.891752692,,0,GPU-9b96eb67-aeee-89d5-aa85-fc650af4e25c,ok,40,18,1646,240.987,68,1965,9501,14794,78417
382,16840.891014427,16840.891621282,,1,GPU-37ffc98b-8551-c8a1-5f3c-27ade9ae735a,ok,0,0,453,15.078,30,210,405,390,292
382,16840.891014427,16840.891844132,,2,GPU-5443d59d-561f-ed1e-da42-1975937205f9,ok,0,0,453,27.73,37,210,405,439,341
382,16840.891014427,16840.891815742,,3,GPU-46bf67bb-cb31-bee1-3cf0-c35337ba97d2,ok,0,0,453,26.398,41,210,405,439,341
382,16840.891014427,16840.893817432,,4,GPU-127e16de-2b5f-dde9-1932-b4e29bb818c0,ok,0,0,453,25.598,35,210,405,439,292
383,16841.891014427,16841.89362846,,0,GPU-9b96eb67-aeee-89d5-aa85-fc650af4e25c,ok,40,18,1646,239.348,68,1965,9501,15234,78173
383,16841.891014427,16841.89161444,,1,GPU-37ffc98b-8551-c8a1-5f3c-27ade9ae735a,ok,0,0,453,15.062,30,210,405,439,341
383,16841.891014427,16841.89360057,,2,GPU-5443d59d-561f-ed1e-da42-1975937205f9,ok,0,0,453,27.599,37,210,405,439,341
383,16841.891014427,16841.89168411,,3,GPU-46bf67bb-cb31-bee1-3cf0-c35337ba97d2,ok,0,0,453,26.295,41,210,405,390,292
383,16841.891014427,16841.8917322,,4,GPU-127e16de-2b5f-dde9-1932-b4e29bb818c0,ok,0,0,453,25.562,35,210,405,439,292
384,16842.891014427,16842.891632248,,0,GPU-9b96eb67-aeee-89d5-aa85-fc650af4e25c,ok,45,21,1646,242.525,68,1965,9501,14355,76660
384,16842.891014427,16842.892644308,,1,GPU-37ffc98b-8551-c8a1-5f3c-27ade9ae735a,ok,0,0,453,15.148,30,210,405,390,341
384,16842.891014427,16842.891755828,,2,GPU-5443d59d-561f-ed1e-da42-1975937205f9,ok,0,0,453,27.515,37,210,405,439,292
384,16842.891014427,16842.891679188,,3,GPU-46bf67bb-cb31-bee1-3cf0-c35337ba97d2,ok,0,0,453,26.29,41,210,405,439,292
384,16842.891014427,16842.891787118,,4,GPU-127e16de-2b5f-dde9-1932-b4e29bb818c0,ok,0,0,453,25.496,35,210,405,439,292
385,16843.891014427,16843.891492346,,0,GPU-9b96eb67-aeee-89d5-aa85-fc650af4e25c,ok,41,18,1646,240.391,67,1965,9501,14550,76611
385,16843.891014427,16843.891649786,,1,GPU-37ffc98b-8551-c8a1-5f3c-27ade9ae735a,ok,0,0,453,15.243,30,210,405,390,292
385,16843.891014427,16843.891869986,,2,GPU-5443d59d-561f-ed1e-da42-1975937205f9,ok,0,0,453,27.679,37,210,405,439,292
385,16843.891014427,16843.891710396,,3,GPU-46bf67bb-cb31-bee1-3cf0-c35337ba97d2,ok,0,0,453,26.395,41,210,405,439,292
385,16843.891014427,16843.891911916,,4,GPU-127e16de-2b5f-dde9-1932-b4e29bb818c0,ok,0,0,453,25.569,35,210,405,439,292
386,16844.891014427,16844.891699574,,0,GPU-9b96eb67-aeee-89d5-aa85-fc650af4e25c,ok,34,15,1646,239.029,67,1965,9501,14648,78125
386,16844.891014427,16844.892373574,,1,GPU-37ffc98b-8551-c8a1-5f3c-27ade9ae735a,ok,0,0,453,15.089,30,210,405,390,292
386,16844.891014427,16844.892330734,,2,GPU-5443d59d-561f-ed1e-da42-1975937205f9,ok,0,0,453,27.696,37,210,405,439,341
386,16844.891014427,16844.892285654,,3,GPU-46bf67bb-cb31-bee1-3cf0-c35337ba97d2,ok,0,0,453,26.187,41,210,405,439,341
386,16844.891014427,16844.891465274,,4,GPU-127e16de-2b5f-dde9-1932-b4e29bb818c0,ok,0,0,453,25.731,35,210,405,439,341
387,16845.891014427,16845.891846992,,0,GPU-9b96eb67-aeee-89d5-aa85-fc650af4e25c,ok,34,15,1646,237.082,67,1950,9501,14794,76464
387,16845.891014427,16845.891811852,,1,GPU-37ffc98b-8551-c8a1-5f3c-27ade9ae735a,ok,0,0,453,15.068,30,210,405,390,292
387,16845.891014427,16845.891522222,,2,GPU-5443d59d-561f-ed1e-da42-1975937205f9,ok,0,0,453,27.728,37,210,405,439,341
387,16845.891014427,16845.891675522,,3,GPU-46bf67bb-cb31-bee1-3cf0-c35337ba97d2,ok,0,0,453,26.16,41,210,405,439,341
387,16845.891014427,16845.893761783,,4,GPU-127e16de-2b5f-dde9-1932-b4e29bb818c0,ok,0,0,453,25.71,35,210,405,439,341
388,16846.891014427,16846.89153979,,0,GPU-9b96eb67-aeee-89d5-aa85-fc650af4e25c,ok,34,15,1646,232.517,67,1965,9501,14550,76562
388,16846.891014427,16846.89167213,,1,GPU-37ffc98b-8551-c8a1-5f3c-27ade9ae735a,ok,0,0,453,15.353,30,210,405,390,341
388,16846.891014427,16846.89260161,,2,GPU-5443d59d-561f-ed1e-da42-1975937205f9,ok,0,0,453,27.895,37,210,405,439,341
388,16846.891014427,16846.89174007,,3,GPU-46bf67bb-cb31-bee1-3cf0-c35337ba97d2,ok,0,0,453,26.327,41,210,405,390,341
388,16846.891014427,16846.89198735,,4,GPU-127e16de-2b5f-dde9-1932-b4e29bb818c0,ok,0,0,453,25.728,35,210,405,439,341
389,16847.891014427,16847.891705628,,0,GPU-9b96eb67-aeee-89d5-aa85-fc650af4e25c,ok,35,15,1646,237.863,67,1965,9501,14550,78125
389,16847.891014427,16847.891729218,,1,GPU-37ffc98b-8551-c8a1-5f3c-27ade9ae735a,ok,0,0,453,15.236,30,210,405,390,292
389,16847.891014427,16847.892142388,,2,GPU-5443d59d-561f-ed1e-da42-1975937205f9,ok,0,0,453,27.784,37,210,405,390,341
389,16847.891014427,16847.891490008,,3,GPU-46bf67bb-cb31-bee1-3cf0-c35337ba97d2,ok,0,0,453,26.176,41,210,405,390,292
389,16847.891014427,16847.892185118,,4,GPU-127e16de-2b5f-dde9-1932-b4e29bb818c0,ok,0,0,453,26.011,35,210,405,439,341
390,16848.891014427,16848.891882736,,0,GPU-9b96eb67-aeee-89d5-aa85-fc650af4e25c,ok,36,16,1646,235.288,67,1950,9501,15429,78076
390,16848.891014427,16848.891768056,,1,GPU-37ffc98b-8551-c8a1-5f3c-27ade9ae735a,ok,0,0,453,15.193,30,210,405,390,292
390,16848.891014427,16848.891807026,,2,GPU-5443d59d-561f-ed1e-da42-1975937205f9,ok,0,0,453,27.571,37,210,405,439,341
390,16848.891014427,16848.891649946,,3,GPU-46bf67bb-cb31-bee1-3cf0-c35337ba97d2,ok,0,0,453,26.201,41,210,405,439,292
390,16848.891014427,16848.891867006,,4,GPU-127e16de-2b5f-dde9-1932-b4e29bb818c0,ok,0,0,453,26.155,35,210,405,390,292
391,16849.891014427,16849.892283914,,0,GPU-9b96eb67-aeee-89d5-aa85-fc650af4e25c,ok,36,16,1646,234.428,67,1965,9501,13085,66210
391,16849.891014427,16849.891758334,,1,GPU-37ffc98b-8551-c8a1-5f3c-27ade9ae735a,ok,0,0,453,15.34,30,210,405,390,292
391,16849.891014427,16849.891706914,,2,GPU-5443d59d-561f-ed1e-da42-1975937205f9,ok,0,0,453,27.538,37,210,405,439,341
391,16849.891014427,16849.891790804,,3,GPU-46bf67bb-cb31-bee1-3cf0-c35337ba97d2,ok,0,0,453,26.376,41,210,405,439,341
391,16849.891014427,16849.891544294,,4,GPU-127e16de-2b5f-dde9-1932-b4e29bb818c0,ok,0,0,453,26.278,35,210,405,439,292
392,16850.891014427,16850.891782002,,0,GPU-9b96eb67-aeee-89d5-aa85-fc650af4e25c,ok,37,16,1646,238.216,67,1965,9501,14990,76904
392,16850.891014427,16850.891740232,,1,GPU-37ffc98b-8551-c8a1-5f3c-27ade9ae735a,ok,0,0,453,15.151,30,210,405,390,341
392,16850.891014427,16850.891535522,,2,GPU-5443d59d-561f-ed1e-da42-1975937205f9,ok,0,0,453,27.655,37,210,405,439,341
392,16850.891014427,16850.893148413,,3,GPU-46bf67bb-cb31-bee1-3cf0-c35337ba97d2,ok,0,0,453,26.182,41,210,405,439,292
392,16850.891014427,16850.891862222,,4,GPU-127e16de-2b5f-dde9-1932-b4e29bb818c0,ok,0,0,453,26.348,35,210,405,390,292
393,16851.891014427,16851.89236651,,0,GPU-9b96eb67-aeee-89d5-aa85-fc650af4e25c,ok,39,18,1646,241.617,68,1965,9501,14550,74316
393,16851.891014427,16851.89164484,,1,GPU-37ffc98b-8551-c8a1-5f3c-27ade9ae735a,ok,0,0,453,15.232,30,210,405,390,292
393,16851.891014427,16851.89176752,,2,GPU-5443d59d-561f-ed1e-da42-1975937205f9,ok,0,0,453,27.706,37,210,405,439,341
393,16851.891014427,16851.89174709,,3,GPU-46bf67bb-cb31-bee1-3cf0-c35337ba97d2,ok,0,0,453,26.137,41,210,405,439,292
393,16851.891014427,16851.89182473,,4,GPU-127e16de-2b5f-dde9-1932-b4e29bb818c0,ok,0,0,453,26.198,35,210,405,439,292
394,16852.891014427,16852.892244718,,0,GPU-9b96eb67-aeee-89d5-aa85-fc650af4e25c,ok,36,16,1646,237.871,67,1965,9501,14746,76367
394,16852.891014427,16852.891734358,,1,GPU-37ffc98b-8551-c8a1-5f3c-27ade9ae735a,ok,0,0,453,15.485,30,210,405,439,292
394,16852.891014427,16852.891450858,,2,GPU-5443d59d-561f-ed1e-da42-1975937205f9,ok,0,0,453,27.537,37,210,405,439,292
394,16852.891014427,16852.891645668,,3,GPU-46bf67bb-cb31-bee1-3cf0-c35337ba97d2,ok,0,0,453,26.337,41,210,405,390,292
394,16852.891014427,16852.893254249,,4,GPU-127e16de-2b5f-dde9-1932-b4e29bb818c0,ok,0,0,453,26.004,35,210,405,439,292
395,16853.891014427,16853.891911246,,0,GPU-9b96eb67-aeee-89d5-aa85-fc650af4e25c,ok,37,17,1646,236.616,68,1965,9501,14208,73486
395,16853.891014427,16853.891766936,,1,GPU-37ffc98b-8551-c8a1-5f3c-27ade9ae735a,ok,0,0,453,15.485,30,210,405,439,292
395,16853.891014427,16853.891829886,,2,GPU-5443d59d-561f-ed1e-da42-1975937205f9,ok,0,0,453,27.599,37,210,405,439,292
395,16853.891014427,16853.891727366,,3,GPU-46bf67bb-cb31-bee1-3cf0-c35337ba97d2,ok,0,0,453,26.193,41,210,405,439,292
395,16853.891014427,16853.893055777,,4,GPU-127e16de-2b5f-dde9-1932-b4e29bb818c0,ok,0,0,453,25.792,35,210,405,439,292
396,16854.891014427,16854.892874995,,0,GPU-9b96eb67-aeee-89d5-aa85-fc650af4e25c,ok,37,17,1646,231.08,67,1965,9501,15429,77783
396,16854.891014427,16854.891518374,,1,GPU-37ffc98b-8551-c8a1-5f3c-27ade9ae735a,ok,0,0,453,15.405,30,210,405,439,341
396,16854.891014427,16854.891814834,,2,GPU-5443d59d-561f-ed1e-da42-1975937205f9,ok,0,0,453,27.726,37,210,405,390,292
396,16854.891014427,16854.892277264,,3,GPU-46bf67bb-cb31-bee1-3cf0-c35337ba97d2,ok,0,0,453,26.171,41,210,405,439,341
396,16854.891014427,16854.892259764,,4,GPU-127e16de-2b5f-dde9-1932-b4e29bb818c0,ok,0,0,453,25.776,35,210,405,439,292
397,16855.891014427,16855.891918352,,0,GPU-9b96eb67-aeee-89d5-aa85-fc650af4e25c,ok,39,18,1646,239.299,67,1965,9501,14843,77392
397,16855.891014427,16855.891981972,,1,GPU-37ffc98b-8551-c8a1-5f3c-27ade9ae735a,ok,0,0,453,15.302,30,210,405,439,292
397,16855.891014427,16855.891837902,,2,GPU-5443d59d-561f-ed1e-da42-1975937205f9,ok,0,0,453,27.638,37,210,405,390,341
397,16855.891014427,16855.891804132,,3,GPU-46bf67bb-cb31-bee1-3cf0-c35337ba97d2,ok,0,0,453,26.356,41,210,405,439,341
397,16855.891014427,16855.891874512,,4,GPU-127e16de-2b5f-dde9-1932-b4e29bb818c0,ok,0,0,453,25.877,35,210,405,390,292
398,16856.891014427,16856.89184042,,0,GPU-9b96eb67-aeee-89d5-aa85-fc650af4e25c,ok,41,19,1646,230.227,67,1920,9501,14941,77832
398,16856.891014427,16856.89177796,,1,GPU-37ffc98b-8551-c8a1-5f3c-27ade9ae735a,ok,0,0,453,15.406,30,210,405,439,341
398,16856.891014427,16856.89232012,,2,GPU-5443d59d-561f-ed1e-da42-1975937205f9,ok,0,0,453,27.643,37,210,405,390,292
398,16856.891014427,16856.89159502,,3,GPU-46bf67bb-cb31-bee1-3cf0-c35337ba97d2,ok,0,0,453,26.249,41,210,405,439,341
398,16856.891014427,16856.89176076,,4,GPU-127e16de-2b5f-dde9-1932-b4e29bb818c0,ok,0,0,453,26.018,35,210,405,439,292
399,16857.891014427,16857.891692028,,0,GPU-9b96eb67-aeee-89d5-aa85-fc650af4e25c,ok,41,18,1646,239.581,68,1890,9501,14355,76464
399,16857.891014427,16857.891927208,,1,GPU-37ffc98b-8551-c8a1-5f3c-27ade9ae735a,ok,0,0,453,15.519,30,210,405,439,292
399,16857.891014427,16857.891857938,,2,GPU-5443d59d-561f-ed1e-da42-1975937205f9,ok,0,0,453,27.75,37,210,405,439,292
399,16857.891014427,16857.891906358,,3,GPU-46bf67bb-cb31-bee1-3cf0-c35337ba97d2,ok,0,0,453,26.226,41,210,405,439,341
399,16857.891014427,16857.891812618,,4,GPU-127e16de-2b5f-dde9-1932-b4e29bb818c0,ok,0,0,453,26.154,35,210,405,390,292
400,16858.891014427,16858.891801356,,0,GPU-9b96eb67-aeee-89d5-aa85-fc650af4e25c,ok,34,15,1646,240.424,68,1965,9501,14013,72607
400,16858.891014427,16858.891767676,,1,GPU-37ffc98b-8551-c8a1-5f3c-27ade9ae735a,ok,0,0,453,15.441,30,210,405,439,292
400,16858.891014427,16858.891676626,,2,GPU-5443d59d-561f-ed1e-da42-1975937205f9,ok,0,0,453,27.627,37,210,405,439,341
400,16858.891014427,16858.892464676,,3,GPU-46bf67bb-cb31-bee1-3cf0-c35337ba97d2,ok,0,0,453,26.306,41,210,405,439,292
400,16858.891014427,16858.892424106,,4,GPU-127e16de-2b5f-dde9-1932-b4e29bb818c0,ok,0,0,453,26.172,35,210,405,439,341
401,16859.891014427,16859.892830215,,0,GPU-9b96eb67-aeee-89d5-aa85-fc650af4e25c,ok,33,15,1646,235.692,68,1965,9501,15429,77929
401,16859.891014427,16859.891482034,,1,GPU-37ffc98b-8551-c8a1-5f3c-27ade9ae735a,ok,0,0,453,15.544,30,210,405,439,292
401,16859.891014427,16859.892245064,,2,GPU-5443d59d-561f-ed1e-da42-1975937205f9,ok,0,0,453,27.549,37,210,405,488,341
401,16859.891014427,16859.891696534,,3,GPU-46bf67bb-cb31-bee1-3cf0-c35337ba97d2,ok,0,0,453,26.147,41,210,405,439,292
401,16859.891014427,16859.892227594,,4,GPU-127e16de-2b5f-dde9-1932-b4e29bb818c0,ok,0,0,453,25.978,35,210,405,439,292
402,16860.891014427,16860.891826012,,0,GPU-9b96eb67-aeee-89d5-aa85-fc650af4e25c,ok,36,16,1646,232.783,67,1965,9501,15039,76708
402,16860.891014427,16860.891641402,,1,GPU-37ffc98b-8551-c8a1-5f3c-27ade9ae735a,ok,0,0,453,15.561,30,210,405,439,292
402,16860.891014427,16860.892963463,,2,GPU-5443d59d-561f-ed1e-da42-1975937205f9,ok,0,0,453,27.653,37,210,405,439,341
402,16860.891014427,16860.892921333,,3,GPU-46bf67bb-cb31-bee1-3cf0-c35337ba97d2,ok,0,0,453,26.175,41,210,405,439,341
402,16860.891014427,16860.891703742,,4,GPU-127e16de-2b5f-dde9-1932-b4e29bb818c0,ok,0,0,453,25.82,35,210,405,439,292
403,16861.891014427,16861.892320041,,0,GPU-9b96eb67-aeee-89d5-aa85-fc650af4e25c,ok,34,15,1646,241.406,68,1965,9501,14843,76464
403,16861.891014427,16861.89224911,,1,GPU-37ffc98b-8551-c8a1-5f3c-27ade9ae735a,ok,0,0,453,15.235,30,210,405,439,292
403,16861.891014427,16861.89173487,,2,GPU-5443d59d-561f-ed1e-da42-1975937205f9,ok,0,0,453,27.628,37,210,405,439,292
403,16861.891014427,16861.89164596,,3,GPU-46bf67bb-cb31-bee1-3cf0-c35337ba97d2,ok,0,0,453,26.336,41,210,405,439,341
403,16861.891014427,16861.89153126,,4,GPU-127e16de-2b5f-dde9-1932-b4e29bb818c0,ok,0,0,453,25.832,35,210,405,439,292
404,16862.891014427,16862.891839348,,0,GPU-9b96eb67-aeee-89d5-aa85-fc650af4e25c,ok,36,16,1646,240.108,68,1965,9501,14160,73388
404,16862.891014427,16862.891773198,,1,GPU-37ffc98b-8551-c8a1-5f3c-27ade9ae735a,ok,0,0,453,15.323,30,210,405,439,292
404,16862.891014427,16862.891864538,,2,GPU-5443d59d-561f-ed1e-da42-1975937205f9,ok,0,0,453,27.599,37,210,405,439,341
404,16862.891014427,16862.892413469,,3,GPU-46bf67bb-cb31-bee1-3cf0-c35337ba97d2,ok,0,0,453,26.133,41,210,405,439,341
404,16862.891014427,16862.891700358,,4,GPU-127e16de-2b5f-dde9-1932-b4e29bb818c0,ok,0,0,453,25.753,35,210,405,439,292
405,16863.891014427,16863.891645076,,0,GPU-9b96eb67-aeee-89d5-aa85-fc650af4e25c,ok,35,15,1646,237.771,67,1965,9501,14599,77246
405,16863.891014427,16863.891773186,,1,GPU-37ffc98b-8551-c8a1-5f3c-27ade9ae735a,ok,0,0,453,15.478,30,210,405,439,292
405,16863.891014427,16863.892214537,,2,GPU-5443d59d-561f-ed1e-da42-1975937205f9,ok,0,0,453,27.668,37,210,405,439,341
405,16863.891014427,16863.891791556,,3,GPU-46bf67bb-cb31-bee1-3cf0-c35337ba97d2,ok,0,0,453,26.129,41,210,405,439,292
405,16863.891014427,16863.891497346,,4,GPU-127e16de-2b5f-dde9-1932-b4e29bb818c0,ok,0,0,453,25.825,35,210,405,390,292
406,16864.891014427,16864.891723544,,0,GPU-9b96eb67-aeee-89d5-aa85-fc650af4e25c,ok,34,15,1646,235.929,67,1965,9501,14599,78027
406,16864.891014427,16864.892278685,,1,GPU-37ffc98b-8551-c8a1-5f3c-27ade9ae735a,ok,0,0,453,15.173,30,210,405,439,292
406,16864.891014427,16864.891826314,,2,GPU-5443d59d-561f-ed1e-da42-1975937205f9,ok,0,0,453,27.473,37,210,405,390,341
406,16864.891014427,16864.891787084,,3,GPU-46bf67bb-cb31-bee1-3cf0-c35337ba97d2,ok,0,0,453,26.354,41,210,405,390,292
406,16864.891014427,16864.891557224,,4,GPU-127e16de-2b5f-dde9-1932-b4e29bb818c0,ok,0,0,453,25.755,35,210,405,390,341
407,16865.891014427,16865.891604522,,0,GPU-9b96eb67-aeee-89d5-aa85-fc650af4e25c,ok,34,15,1646,235.062,67,1965,9501,13720,71337
407,16865.891014427,16865.891848412,,1,GPU-37ffc98b-8551-c8a1-5f3c-27ade9ae735a,ok,0,0,453,15.217,30,210,405,390,341
407,16865.891014427,16865.892639373,,2,GPU-5443d59d-561f-ed1e-da42-1975937205f9,ok,0,0,453,27.354,37,210,405,439,341
407,16865.891014427,16865.891686592,,3,GPU-46bf67bb-cb31-bee1-3cf0-c35337ba97d2,ok,0,0,453,26.196,41,210,405,439,292
407,16865.891014427,16865.891800262,,4,GPU-127e16de-2b5f-dde9-1932-b4e29bb818c0,ok,0,0,453,25.674,35,210,405,439,292
408,16866.891014427,16866.892201081,,0,GPU-9b96eb67-aeee-89d5-aa85-fc650af4e25c,ok,34,15,1646,233.649,67,1965,9501,14208,72314
408,16866.891014427,16866.89163053,,1,GPU-37ffc98b-8551-c8a1-5f3c-27ade9ae735a,ok,0,0,453,15.428,30,210,405,439,341
408,16866.891014427,16866.892246971,,2,GPU-5443d59d-561f-ed1e-da42-1975937205f9,ok,0,0,453,27.503,37,210,405,439,341
408,16866.891014427,16866.89146254,,3,GPU-46bf67bb-cb31-bee1-3cf0-c35337ba97d2,ok,0,0,453,26.164,41,210,405,439,292
408,16866.891014427,16866.892309291,,4,GPU-127e16de-2b5f-dde9-1932-b4e29bb818c0,ok,0,0,453,25.733,35,210,405,439,292
409,16867.891014427,16867.892324019,,0,GPU-9b96eb67-aeee-89d5-aa85-fc650af4e25c,ok,35,15,1646,216.536,66,1875,9501,14257,72167
409,16867.891014427,16867.892292279,,1,GPU-37ffc98b-8551-c8a1-5f3c-27ade9ae735a,ok,0,0,453,15.122,30,210,405,439,341
409,16867.891014427,16867.892217759,,2,GPU-5443d59d-561f-ed1e-da42-1975937205f9,ok,0,0,453,27.303,37,210,405,439,292
409,16867.891014427,16867.892352789,,3,GPU-46bf67bb-cb31-bee1-3cf0-c35337ba97d2,ok,0,0,453,26.292,41,210,405,390,292
409,16867.891014427,16867.891427168,,4,GPU-127e16de-2b5f-dde9-1932-b4e29bb818c0,ok,0,0,453,25.529,35,210,405,390,341
410,16868.891014427,16868.891947397,,0,GPU-9b96eb67-aeee-89d5-aa85-fc650af4e25c,ok,37,16,1646,203.873,66,1875,9501,14013,72900
410,16868.891014427,16868.891918187,,1,GPU-37ffc98b-8551-c8a1-5f3c-27ade9ae735a,ok,0,0,453,14.88,30,210,405,439,292
410,16868.891014427,16868.891869557,,2,GPU-5443d59d-561f-ed1e-da42-1975937205f9,ok,0,0,453,27.213,37,210,405,390,292
410,16868.891014427,16868.891738817,,3,GPU-46bf67bb-cb31-bee1-3cf0-c35337ba97d2,ok,0,0,453,26.199,41,210,405,439,341
410,16868.891014427,16868.891996177,,4,GPU-127e16de-2b5f-dde9-1932-b4e29bb818c0,ok,0,0,453,25.206,35,210,405,439,292
411,16869.891014427,16869.891657815,,0,GPU-9b96eb67-aeee-89d5-aa85-fc650af4e25c,ok,40,17,1646,200.146,66,1815,9501,14648,65869
411,16869.891014427,16869.892325475,,1,GPU-37ffc98b-8551-c8a1-5f3c-27ade9ae735a,ok,0,0,453,14.938,30,210,405,390,292
411,16869.891014427,16869.892237395,,2,GPU-5443d59d-561f-ed1e-da42-1975937205f9,ok,0,0,453,27.342,37,210,405,439,292
411,16869.891014427,16869.892341745,,3,GPU-46bf67bb-cb31-bee1-3cf0-c35337ba97d2,ok,0,0,453,26.243,41,210,405,439,341
411,16869.891014427,16869.891503344,,4,GPU-127e16de-2b5f-dde9-1932-b4e29bb818c0,ok,0,0,453,25.047,35,210,405,439,341
412,16870.891014427,16870.891574823,,0,GPU-9b96eb67-aeee-89d5-aa85-fc650af4e25c,ok,38,17,1646,215.143,67,1950,9501,14501,77001
412,16870.891014427,16870.891841693,,1,GPU-37ffc98b-8551-c8a1-5f3c-27ade9ae735a,ok,0,0,453,14.845,30,210,405,439,292
412,16870.891014427,16870.891873513,,2,GPU-5443d59d-561f-ed1e-da42-1975937205f9,ok,0,0,453,27.232,37,210,405,439,292
412,16870.891014427,16870.891998253,,3,GPU-46bf67bb-cb31-bee1-3cf0-c35337ba97d2,ok,0,0,453,26.25,41,210,405,390,341
412,16870.891014427,16870.892027173,,4,GPU-127e16de-2b5f-dde9-1932-b4e29bb818c0,ok,0,0,453,25.225,35,210,405,439,292
413,16871.891014427,16871.891660651,,0,GPU-9b96eb67-aeee-89d5-aa85-fc650af4e25c,ok,37,17,1646,233.917,67,1965,9501,14404,76660
413,16871.891014427,16871.891951071,,1,GPU-37ffc98b-8551-c8a1-5f3c-27ade9ae735a,ok,0,0,453,14.903,30,210,405,390,292
413,16871.891014427,16871.891930551,,2,GPU-5443d59d-561f-ed1e-da42-1975937205f9,ok,0,0,453,27.246,37,210,405,439,341
413,16871.891014427,16871.892639971,,3,GPU-46bf67bb-cb31-bee1-3cf0-c35337ba97d2,ok,0,0,453,26.334,41,210,405,439,341
413,16871.891014427,16871.891827601,,4,GPU-127e16de-2b5f-dde9-1932-b4e29bb818c0,ok,0,0,453,25.482,35,210,405,439,292
414,16872.891014427,16872.891679969,,0,GPU-9b96eb67-aeee-89d5-aa85-fc650af4e25c,ok,37,17,1646,236.357,67,1965,9501,13574,71923
414,16872.891014427,16872.891850279,,1,GPU-37ffc98b-8551-c8a1-5f3c-27ade9ae735a,ok,0,0,453,15.176,30,210,405,390,341
414,16872.891014427,16872.891884449,,2,GPU-5443d59d-561f-ed1e-da42-1975937205f9,ok,0,0,453,27.423,37,210,405,390,341
414,16872.891014427,16872.892674679,,3,GPU-46bf67bb-cb31-bee1-3cf0-c35337ba97d2,ok,0,0,453,26.429,41,210,405,439,341
414,16872.891014427,16872.891797999,,4,GPU-127e16de-2b5f-dde9-1932-b4e29bb818c0,ok,0,0,453,25.619,35,210,405,390,292
415,16873.891014427,16873.891719637,,0,GPU-9b96eb67-aeee-89d5-aa85-fc650af4e25c,ok,39,17,1646,214.28,66,1845,9501,14550,76513
415,16873.891014427,16873.891938877,,1,GPU-37ffc98b-8551-c8a1-5f3c-27ade9ae735a,ok,0,0,453,15.187,30,210,405,390,292
415,16873.891014427,16873.891863837,,2,GPU-5443d59d-561f-ed1e-da42-1975937205f9,ok,0,0,453,27.43,37,210,405,439,292
415,16873.891014427,16873.891812207,,3,GPU-46bf67bb-cb31-bee1-3cf0-c35337ba97d2,ok,0,0,453,26.206,41,210,405,439,292
415,16873.891014427,16873.891909657,,4,GPU-127e16de-2b5f-dde9-1932-b4e29bb818c0,ok,0,0,453,25.392,35,210,405,439,341
416,16874.891014427,16874.891519815,,0,GPU-9b96eb67-aeee-89d5-aa85-fc650af4e25c,ok,41,18,1646,227.612,67,1965,9501,13574,72167
416,16874.891014427,16874.891810045,,1,GPU-37ffc98b-8551-c8a1-5f3c-27ade9ae735a,ok,0,0,453,15.164,30,210,405,439,292
416,16874.891014427,16874.891901415,,2,GPU-5443d59d-561f-ed1e-da42-1975937205f9,ok,0,0,453,27.449,37,210,405,390,292
416,16874.891014427,16874.893155235,,3,GPU-46bf67bb-cb31-bee1-3cf0-c35337ba97d2,ok,0,0,453,26.208,41,210,405,439,292
416,16874.891014427,16874.891759215,,4,GPU-127e16de-2b5f-dde9-1932-b4e29bb818c0,ok,0,0,453,25.308,35,210,405,390,341
417,16875.891014427,16875.891859943,,0,GPU-9b96eb67-aeee-89d5-aa85-fc650af4e25c,ok,40,18,1646,237.057,67,1965,9501,15136,77343
417,16875.891014427,16875.891826123,,1,GPU-37ffc98b-8551-c8a1-5f3c-27ade9ae735a,ok,0,0,453,15.238,30,210,405,439,341
417,16875.891014427,16875.892987303,,2,GPU-5443d59d-561f-ed1e-da42-1975937205f9,ok,0,0,453,27.535,37,210,405,439,341
417,16875.891014427,16875.891711903,,3,GPU-46bf67bb-cb31-bee1-3cf0-c35337ba97d2,ok,0,0,453,26.364,41,210,405,439,341
417,16875.891014427,16875.891667613,,4,GPU-127e16de-2b5f-dde9-1932-b4e29bb818c0,ok,0,0,453,25.686,35,210,405,439,341
418,16876.891014427,16876.891910191,,0,GPU-9b96eb67-aeee-89d5-aa85-fc650af4e25c,ok,41,19,1646,240.508,68,1965,9501,15283,78222
418,16876.891014427,16876.891859311,,1,GPU-37ffc98b-8551-c8a1-5f3c-27ade9ae735a,ok,0,0,453,15.087,30,210,405,439,292
418,16876.891014427,16876.891721391,,2,GPU-5443d59d-561f-ed1e-da42-1975937205f9,ok,0,0,453,27.48,37,210,405,439,341
418,16876.891014427,16876.891818841,,3,GPU-46bf67bb-cb31-bee1-3cf0-c35337ba97d2,ok,0,0,453,26.198,41,210,405,439,292
418,16876.891014427,16876.891736661,,4,GPU-127e16de-2b5f-dde9-1932-b4e29bb818c0,ok,0,0,453,25.944,35,210,405,390,341
419,16877.891014427,16877.891864159,,0,GPU-9b96eb67-aeee-89d5-aa85-fc650af4e25c,ok,41,19,1646,240.525,68,1965,9501,15039,77099
419,16877.891014427,16877.891749649,,1,GPU-37ffc98b-8551-c8a1-5f3c-27ade9ae735a,ok,0,0,453,15.102,30,210,405,439,292
419,16877.891014427,16877.892946369,,2,GPU-5443d59d-561f-ed1e-da42-1975937205f9,ok,0,0,453,27.482,37,210,405,439,341
419,16877.891014427,16877.891725469,,3,GPU-46bf67bb-cb31-bee1-3cf0-c35337ba97d2,ok,0,0,453,26.168,41,210,405,439,292
419,16877.891014427,16877.891890179,,4,GPU-127e16de-2b5f-dde9-1932-b4e29bb818c0,ok,0,0,453,25.845,35,210,405,390,292
420,16878.891014427,16878.891701337,,0,GPU-9b96eb67-aeee-89d5-aa85-fc650af4e25c,ok,33,15,1646,240.069,68,1965,9501,14648,75537
420,16878.891014427,16878.891855397,,1,GPU-37ffc98b-8551-c8a1-5f3c-27ade9ae735a,ok,0,0,453,15.247,30,210,405,439,292
420,16878.891014427,16878.891815857,,2,GPU-5443d59d-561f-ed1e-da42-1975937205f9,ok,0,0,453,27.693,37,210,405,439,292
420,16878.891014427,16878.891939417,,3,GPU-46bf67bb-cb31-bee1-3cf0-c35337ba97d2,ok,0,0,453,26.374,41,210,405,439,292
420,16878.891014427,16878.891876217,,4,GPU-127e16de-2b5f-dde9-1932-b4e29bb818c0,ok,0,0,453,25.734,35,210,405,439,292
421,16879.891014427,16879.891539565,,0,GPU-9b96eb67-aeee-89d5-aa85-fc650af4e25c,ok,34,14,1646,231.669,67,1890,9501,13720,72070
421,16879.891014427,16879.891770175,,1,GPU-37ffc98b-8551-c8a1-5f3c-27ade9ae735a,ok,0,0,453,15.073,30,210,405,439,341
421,16879.891014427,16879.891730165,,2,GPU-5443d59d-561f-ed1e-da42-1975937205f9,ok,0,0,453,27.691,37,210,405,439,341
421,16879.891014427,16879.891969405,,3,GPU-46bf67bb-cb31-bee1-3cf0-c35337ba97d2,ok,0,0,453,26.235,41,210,405,439,292
421,16879.891014427,16879.892000485,,4,GPU-127e16de-2b5f-dde9-1932-b4e29bb818c0,ok,0,0,453,25.809,35,210,405,439,292
422,16880.891014427,16880.893688083,,0,GPU-9b96eb67-aeee-89d5-aa85-fc650af4e25c,ok,32,14,1646,206.179,67,1965,9501,15576,78222
422,16880.891014427,16880.891848413,,1,GPU-37ffc98b-8551-c8a1-5f3c-27ade9ae735a,ok,0,0,453,15.27,30,210,405,439,341
422,16880.891014427,16880.891705163,,2,GPU-5443d59d-561f-ed1e-da42-1975937205f9,ok,0,0,453,27.674,37,210,405,439,341
422,16880.891014427,16880.892432563,,3,GPU-46bf67bb-cb31-bee1-3cf0-c35337ba97d2,ok,0,0,453,26.22,41,210,405,390,292
422,16880.891014427,16880.891787003,,4,GPU-127e16de-2b5f-dde9-1932-b4e29bb818c0,ok,0,0,453,25.574,35,210,405,390,292
423,16881.891014427,16881.891715651,,0,GPU-9b96eb67-aeee-89d5-aa85-fc650af4e25c,ok,34,15,1646,236.144,67,1965,9501,14941,78320
423,16881.891014427,16881.891604901,,1,GPU-37ffc98b-8551-c8a1-5f3c-27ade9ae735a,ok,0,0,453,15.462,30,210,405,439,292
423,16881.891014427,16881.891844761,,2,GPU-5443d59d-561f-ed1e-da42-1975937205f9,ok,0,0,453,27.792,37,210,405,439,341
423,16881.891014427,16881.893262031,,3,GPU-46bf67bb-cb31-bee1-3cf0-c35337ba97d2,ok,0,0,453,26.404,41,210,405,439,292
423,16881.891014427,16881.891674821,,4,GPU-127e16de-2b5f-dde9-1932-b4e29bb818c0,ok,0,0,453,25.519,35,210,405,439,292
424,16882.891014427,16882.892309319,,0,GPU-9b96eb67-aeee-89d5-aa85-fc650af4e25c,ok,35,15,1646,233.641,67,1935,9501,14892,77294
424,16882.891014427,16882.891668969,,1,GPU-37ffc98b-8551-c8a1-5f3c-27ade9ae735a,ok,0,0,453,15.167,30,210,405,439,292
424,16882.891014427,16882.892192429,,2,GPU-5443d59d-561f-ed1e-da42-1975937205f9,ok,0,0,453,27.756,37,210,405,439,341
424,16882.891014427,16882.892347889,,3,GPU-46bf67bb-cb31-bee1-3cf0-c35337ba97d2,ok,0,0,453,26.253,41,210,405,439,341
424,16882.891014427,16882.891511919,,4,GPU-127e16de-2b5f-dde9-1932-b4e29bb818c0,ok,0,0,453,25.743,35,210,405,390,292
425,16883.891014427,16883.891920707,,0,GPU-9b96eb67-aeee-89d5-aa85-fc650af4e25c,ok,36,16,1646,222.014,67,1965,9501,14941,77587
425,16883.891014427,16883.891743047,,1,GPU-37ffc98b-8551-c8a1-5f3c-27ade9ae735a,ok,0,0,453,15.192,30,210,405,439,292
425,16883.891014427,16883.891866847,,2,GPU-5443d59d-561f-ed1e-da42-1975937205f9,ok,0,0,453,27.752,37,210,405,439,341
425,16883.891014427,16883.891945937,,3,GPU-46bf67bb-cb31-bee1-3cf0-c35337ba97d2,ok,0,0,453,26.241,41,210,405,390,341
425,16883.891014427,16883.891716277,,4,GPU-127e16de-2b5f-dde9-1932-b4e29bb818c0,ok,0,0,453,25.563,35,210,405,439,292
426,16884.891014427,16884.892271275,,0,GPU-9b96eb67-aeee-89d5-aa85-fc650af4e25c,ok,35,16,1646,237.529,67,1965,9501,13964,72314
426,16884.891014427,16884.891395085,,1,GPU-37ffc98b-8551-c8a1-5f3c-27ade9ae735a,ok,0,0,453,15.328,30,210,405,439,341
426,16884.891014427,16884.892340605,,2,GPU-5443d59d-561f-ed1e-da42-1975937205f9,ok,0,0,453,27.726,37,210,405,390,341
426,16884.891014427,16884.892322695,,3,GPU-46bf67bb-cb31-bee1-3cf0-c35337ba97d2,ok,0,0,453,26.423,41,210,405,439,341
426,16884.891014427,16884.892287645,,4,GPU-127e16de-2b5f-dde9-1932-b4e29bb818c0,ok,0,0,453,25.535,35,210,405,439,292
427,16885.891014427,16885.891764903,,0,GPU-9b96eb67-aeee-89d5-aa85-fc650af4e25c,ok,38,16,1646,221.271,66,1860,9501,14794,52783
427,16885.891014427,16885.891842713,,1,GPU-37ffc98b-8551-c8a1-5f3c-27ade9ae735a,ok,0,0,453,15.214,30,210,405,439,341
427,16885.891014427,16885.891937353,,2,GPU-5443d59d-561f-ed1e-da42-1975937205f9,ok,0,0,453,27.637,37,210,405,439,341
427,16885.891014427,16885.891719823,,3,GPU-46bf67bb-cb31-bee1-3cf0-c35337ba97d2,ok,0,0,453,26.265,41,210,405,439,292
427,16885.891014427,16885.891904453,,4,GPU-127e16de-2b5f-dde9-1932-b4e29bb818c0,ok,0,0,453,25.638,35,210,405,439,292
428,16886.891014427,16886.891908431,,0,GPU-9b96eb67-aeee-89d5-aa85-fc650af4e25c,ok,39,18,1646,219.533,67,1950,9501,15429,77099
428,16886.891014427,16886.891885311,,1,GPU-37ffc98b-8551-c8a1-5f3c-27ade9ae735a,ok,0,0,453,15.18,30,210,405,439,292
428,16886.891014427,16886.891815511,,2,GPU-5443d59d-561f-ed1e-da42-1975937205f9,ok,0,0,453,27.648,37,210,405,439,292
428,16886.891014427,16886.891770051,,3,GPU-46bf67bb-cb31-bee1-3cf0-c35337ba97d2,ok,0,0,453,26.239,41,210,405,439,292
428,16886.891014427,16886.891831341,,4,GPU-127e16de-2b5f-dde9-1932-b4e29bb818c0,ok,0,0,453,25.482,35,210,405,439,341
429,16887.891014427,16887.892317529,,0,GPU-9b96eb67-aeee-89d5-aa85-fc650af4e25c,ok,35,16,1646,235.568,67,1965,9501,15527,78271
429,16887.891014427,16887.891801769,,1,GPU-37ffc98b-8551-c8a1-5f3c-27ade9ae735a,ok,0,0,453,15.229,30,210,405,439,292
429,16887.891014427,16887.891731779,,2,GPU-5443d59d-561f-ed1e-da42-1975937205f9,ok,0,0,453,27.598,37,210,405,439,292
429,16887.891014427,16887.891838099,,3,GPU-46bf67bb-cb31-bee1-3cf0-c35337ba97d2,ok,0,0,453,26.395,41,210,405,390,292
429,16887.891014427,16887.891587529,,4,GPU-127e16de-2b5f-dde9-1932-b4e29bb818c0,ok,0,0,453,25.475,35,210,405,439,341
430,16888.891014427,16888.891822237,,0,GPU-9b96eb67-aeee-89d5-aa85-fc650af4e25c,ok,38,17,1646,237.341,67,1965,9501,14746,78417
430,16888.891014427,16888.892009637,,1,GPU-37ffc98b-8551-c8a1-5f3c-27ade9ae735a,ok,0,0,453,15.096,30,210,405,390,341
430,16888.891014427,16888.892042077,,2,GPU-5443d59d-561f-ed1e-da42-1975937205f9,ok,0,0,453,27.627,37,210,405,390,341
430,16888.891014427,16888.891970217,,3,GPU-46bf67bb-cb31-bee1-3cf0-c35337ba97d2,ok,0,0,453,26.234,41,210,405,439,292
430,16888.891014427,16888.891785177,,4,GPU-127e16de-2b5f-dde9-1932-b4e29bb818c0,ok,0,0,453,25.472,35,210,405,439,292
431,16889.891014427,16889.892865045,,0,GPU-9b96eb67-aeee-89d5-aa85-fc650af4e25c,ok,36,17,1646,238.214,67,1965,9501,15429,78076
431,16889.891014427,16889.892216995,,1,GPU-37ffc98b-8551-c8a1-5f3c-27ade9ae735a,ok,0,0,453,15.252,30,210,405,390,292
431,16889.891014427,16889.892278055,,2,GPU-5443d59d-561f-ed1e-da42-1975937205f9,ok,0,0,453,27.772,37,210,405,439,292
431,16889.891014427,16889.891601635,,3,GPU-46bf67bb-cb31-bee1-3cf0-c35337ba97d2,ok,0,0,453,26.185,41,210,405,439,341
431,16889.891014427,16889.891479365,,4,GPU-127e16de-2b5f-dde9-1932-b4e29bb818c0,ok,0,0,453,25.494,35,210,405,439,341
432,16890.891014427,16890.892150133,,0,GPU-9b96eb67-aeee-89d5-aa85-fc650af4e25c,ok,39,18,1646,237.976,68,1965,9501,14648,77685
432,16890.891014427,16890.892388103,,1,GPU-37ffc98b-8551-c8a1-5f3c-27ade9ae735a,ok,0,0,453,15.331,30,210,405,390,292
432,16890.891014427,16890.891433103,,2,GPU-5443d59d-561f-ed1e-da42-1975937205f9,ok,0,0,453,27.747,37,210,405,439,292
432,16890.891014427,16890.892296953,,3,GPU-46bf67bb-cb31-bee1-3cf0-c35337ba97d2,ok,0,0,453,26.271,41,210,405,439,341
432,16890.891014427,16890.892323383,,4,GPU-127e16de-2b5f-dde9-1932-b4e29bb818c0,ok,0,0,453,25.666,35,210,405,439,341
433,16891.891014427,16891.891676861,,0,GPU-9b96eb67-aeee-89d5-aa85-fc650af4e25c,ok,38,17,1646,223.039,67,1935,9501,14697,77832
433,16891.891014427,16891.891571641,,1,GPU-37ffc98b-8551-c8a1-5f3c-27ade9ae735a,ok,0,0,453,15.278,30,210,405,390,341
433,16891.891014427,16891.891875601,,2,GPU-5443d59d-561f-ed1e-da42-1975937205f9,ok,0,0,453,27.698,37,210,405,439,341
433,16891.891014427,16891.891836251,,3,GPU-46bf67bb-cb31-bee1-3cf0-c35337ba97d2,ok,0,0,453,26.099,41,210,405,439,292
433,16891.891014427,16891.892573451,,4,GPU-127e16de-2b5f-dde9-1932-b4e29bb818c0,ok,0,0,453,25.666,35,210,405,439,341
434,16892.891014427,16892.891662839,,0,GPU-9b96eb67-aeee-89d5-aa85-fc650af4e25c,ok,41,18,1646,223.822,67,1935,9501,14501,77099
434,16892.891014427,16892.891698919,,1,GPU-37ffc98b-8551-c8a1-5f3c-27ade9ae735a,ok,0,0,453,15.448,30,210,405,390,292
434,16892.891014427,16892.89392926,,2,GPU-5443d59d-561f-ed1e-da42-1975937205f9,ok,0,0,453,27.675,37,210,405,439,341
434,16892.891014427,16892.891755479,,3,GPU-46bf67bb-cb31-bee1-3cf0-c35337ba97d2,ok,0,0,453,26.145,41,210,405,390,292
434,16892.891014427,16892.891739429,,4,GPU-127e16de-2b5f-dde9-1932-b4e29bb818c0,ok,0,0,453,25.479,35,210,405,390,292
435,16893.891014427,16893.891762507,,0,GPU-9b96eb67-aeee-89d5-aa85-fc650af4e25c,ok,41,18,1646,233.723,67,1950,9501,14648,77539
435,16893.891014427,16893.891921167,,1,GPU-37ffc98b-8551-c8a1-5f3c-27ade9ae735a,ok,0,0,453,15.268,30,210,405,390,292
435,16893.891014427,16893.891677957,,2,GPU-5443d59d-561f-ed1e-da42-1975937205f9,ok,0,0,453,27.698,37,210,405,390,292
435,16893.891014427,16893.891881717,,3,GPU-46bf67bb-cb31-bee1-3cf0-c35337ba97d2,ok,0,0,453,26.317,41,210,405,439,292
435,16893.891014427,16893.891804237,,4,GPU-127e16de-2b5f-dde9-1932-b4e29bb818c0,ok,0,0,453,25.503,35,210,405,439,292
436,16894.891014427,16894.891848945,,0,GPU-9b96eb67-aeee-89d5-aa85-fc650af4e25c,ok,33,14,1646,237.509,68,1965,9501,14941,78125
436,16894.891014427,16894.891728235,,1,GPU-37ffc98b-8551-c8a1-5f3c-27ade9ae735a,ok,0,0,453,15.19,30,210,405,390,341
436,16894.891014427,16894.891933155,,2,GPU-5443d59d-561f-ed1e-da42-1975937205f9,ok,0,0,453,27.829,37,210,405,439,341
436,16894.891014427,16894.891878335,,3,GPU-46bf67bb-cb31-bee1-3cf0-c35337ba97d2,ok,0,0,453,26.105,41,210,405,439,292
436,16894.891014427,16894.891762535,,4,GPU-127e16de-2b5f-dde9-1932-b4e29bb818c0,ok,0,0,453,25.684,35,210,405,439,292
437,16895.891014427,16895.893019404,,0,GPU-9b96eb67-aeee-89d5-aa85-fc650af4e25c,ok,35,15,1646,231.0,67,1875,9501,15478,78173
437,16895.891014427,16895.891666043,,1,GPU-37ffc98b-8551-c8a1-5f3c-27ade9ae735a,ok,0,0,453,15.25,30,210,405,390,292
437,16895.891014427,16895.891700953,,2,GPU-5443d59d-561f-ed1e-da42-1975937205f9,ok,0,0,453,27.896,37,210,405,439,341
437,16895.891014427,16895.891821013,,3,GPU-46bf67bb-cb31-bee1-3cf0-c35337ba97d2,ok,0,0,453,26.09,41,210,405,439,292
437,16895.891014427,16895.891755403,,4,GPU-127e16de-2b5f-dde9-1932-b4e29bb818c0,ok,0,0,453,25.669,35,210,405,439,292
438,16896.891014427,16896.891503871,,0,GPU-9b96eb67-aeee-89d5-aa85-fc650af4e25c,ok,34,15,1646,209.294,67,1965,9501,14550,77050
438,16896.891014427,16896.892110521,,1,GPU-37ffc98b-8551-c8a1-5f3c-27ade9ae735a,ok,0,0,453,15.092,30,210,405,390,292
438,16896.891014427,16896.891970181,,2,GPU-5443d59d-561f-ed1e-da42-1975937205f9,ok,0,0,453,27.675,37,210,405,390,292
438,16896.891014427,16896.892082761,,3,GPU-46bf67bb-cb31-bee1-3cf0-c35337ba97d2,ok,0,0,453,26.296,41,210,405,390,341
438,16896.891014427,16896.891732881,,4,GPU-127e16de-2b5f-dde9-1932-b4e29bb818c0,ok,0,0,453,25.333,35,210,405,439,292
439,16897.891014427,16897.89343422,,0,GPU-9b96eb67-aeee-89d5-aa85-fc650af4e25c,ok,34,15,1646,238.208,67,1965,9501,15527,77783
439,16897.891014427,16897.891519919,,1,GPU-37ffc98b-8551-c8a1-5f3c-27ade9ae735a,ok,0,0,453,15.084,30,210,405,390,341
439,16897.891014427,16897.891736969,,2,GPU-5443d59d-561f-ed1e-da42-1975937205f9,ok,0,0,453,27.636,37,210,405,439,341
439,16897.891014427,16897.891702959,,3,GPU-46bf67bb-cb31-bee1-3cf0-c35337ba97d2,ok,0,0,453,26.148,41,210,405,439,341
439,16897.891014427,16897.892220379,,4,GPU-127e16de-2b5f-dde9-1932-b4e29bb818c0,ok,0,0,453,25.143,35,210,405,439,292
440,16898.891014427,16898.891728457,,0,GPU-9b96eb67-aeee-89d5-aa85-fc650af4e25c,ok,35,16,1646,237.628,67,1965,9501,14501,77246
440,16898.891014427,16898.891755057,,1,GPU-37ffc98b-8551-c8a1-5f3c-27ade9ae735a,ok,0,0,453,15.345,30,210,405,439,341
440,16898.891014427,16898.891830487,,2,GPU-5443d59d-561f-ed1e-da42-1975937205f9,ok,0,0,453,27.758,37,210,405,439,292
440,16898.891014427,16898.891907737,,3,GPU-46bf67bb-cb31-bee1-3cf0-c35337ba97d2,ok,0,0,453,26.142,41,210,405,439,341
440,16898.891014427,16898.891963077,,4,GPU-127e16de-2b5f-dde9-1932-b4e29bb818c0,ok,0,0,453,25.172,35,210,405,439,292
441,16899.891014427,16899.891654565,,0,GPU-9b96eb67-aeee-89d5-aa85-fc650af4e25c,ok,36,16,1646,238.036,67,1965,9501,13671,71728
441,16899.891014427,16899.891916825,,1,GPU-37ffc98b-8551-c8a1-5f3c-27ade9ae735a,ok,0,0,453,15.384,30,210,405,439,292
441,16899.891014427,16899.891943555,,2,GPU-5443d59d-561f-ed1e-da42-1975937205f9,ok,0,0,453,27.661,37,210,405,439,292
441,16899.891014427,16899.891885825,,3,GPU-46bf67bb-cb31-bee1-3cf0-c35337ba97d2,ok,0,0,453,26.322,41,210,405,390,292
441,16899.891014427,16899.892048495,,4,GPU-127e16de-2b5f-dde9-1932-b4e29bb818c0,ok,0,0,453,25.216,35,210,405,439,292
442,16900.891014427,16900.891599713,,0,GPU-9b96eb67-aeee-89d5-aa85-fc650af4e25c,ok,36,16,1646,236.628,68,1965,9501,13818,77734
442,16900.891014427,16900.891843443,,1,GPU-37ffc98b-8551-c8a1-5f3c-27ade9ae735a,ok,0,0,453,15.237,30,210,405,439,292
442,16900.891014427,16900.891801043,,2,GPU-5443d59d-561f-ed1e-da42-1975937205f9,ok,0,0,453,27.74,37,210,405,439,292
442,16900.891014427,16900.891925913,,3,GPU-46bf67bb-cb31-bee1-3cf0-c35337ba97d2,ok,0,0,453,26.169,41,210,405,439,292
442,16900.891014427,16900.891895163,,4,GPU-127e16de-2b5f-dde9-1932-b4e29bb818c0,ok,0,0,453,25.111,35,210,405,439,292
443,16901.891014427,16901.891681471,,0,GPU-9b96eb67-aeee-89d5-aa85-fc650af4e25c,ok,38,16,1646,229.288,67,1905,9501,13037,60839
443,16901.891014427,16901.891583451,,1,GPU-37ffc98b-8551-c8a1-5f3c-27ade9ae735a,ok,0,0,453,15.148,30,210,405,439,292
443,16901.891014427,16901.891827781,,2,GPU-5443d59d-561f-ed1e-da42-1975937205f9,ok,0,0,453,27.802,37,210,405,439,292
443,16901.891014427,16901.891787181,,3,GPU-46bf67bb-cb31-bee1-3cf0-c35337ba97d2,ok,0,0,453,26.157,41,210,405,439,292
443,16901.891014427,16901.892256041,,4,GPU-127e16de-2b5f-dde9-1932-b4e29bb818c0,ok,0,0,453,25.041,35,210,405,439,341
444,16902.891014427,16902.891715799,,0,GPU-9b96eb67-aeee-89d5-aa85-fc650af4e25c,ok,39,17,1646,208.059,66,1860,9501,14843,77050
444,16902.891014427,16902.89322121,,1,GPU-37ffc98b-8551-c8a1-5f3c-27ade9ae735a,ok,0,0,453,14.959,30,210,405,439,292
444,16902.891014427,16902.891525499,,2,GPU-5443d59d-561f-ed1e-da42-1975937205f9,ok,0,0,453,27.613,37,210,405,439,292
444,16902.891014427,16902.89284856,,3,GPU-46bf67bb-cb31-bee1-3cf0-c35337ba97d2,ok,0,0,453,26.295,41,210,405,439,292
444,16902.891014427,16902.891646149,,4,GPU-127e16de-2b5f-dde9-1932-b4e29bb818c0,ok,0,0,453,25.048,35,210,405,439,341
445,16903.891014427,16903.891635537,,0,GPU-9b96eb67-aeee-89d5-aa85-fc650af4e25c,ok,38,17,1646,216.143,67,1950,9501,14697,77783
445,16903.891014427,16903.891752327,,1,GPU-37ffc98b-8551-c8a1-5f3c-27ade9ae735a,ok,0,0,453,15.163,30,210,405,439,292
445,16903.891014427,16903.893129648,,2,GPU-5443d59d-561f-ed1e-da42-1975937205f9,ok,0,0,453,27.65,37,210,405,488,341
445,16903.891014427,16903.891856757,,3,GPU-46bf67bb-cb31-bee1-3cf0-c35337ba97d2,ok,0,0,453,26.112,41,210,405,439,292
445,16903.891014427,16903.891611667,,4,GPU-127e16de-2b5f-dde9-1932-b4e29bb818c0,ok,0,0,453,24.886,35,210,405,390,292
446,16904.891014427,16904.892318466,,0,GPU-9b96eb67-aeee-89d5-aa85-fc650af4e25c,ok,38,17,1646,229.662,67,1950,9501,14892,77685
446,16904.891014427,16904.892961676,,1,GPU-37ffc98b-8551-c8a1-5f3c-27ade9ae735a,ok,0,0,453,15.455,30,210,405,439,341
446,16904.891014427,16904.891803475,,2,GPU-5443d59d-561f-ed1e-da42-1975937205f9,ok,0,0,453,27.773,37,210,405,390,292
446,16904.891014427,16904.891615455,,3,GPU-46bf67bb-cb31-bee1-3cf0-c35337ba97d2,ok,0,0,453,26.093,41,210,405,390,341
446,16904.891014427,16904.891699015,,4,GPU-127e16de-2b5f-dde9-1932-b4e29bb818c0,ok,0,0,453,24.974,35,210,405,439,292
447,16905.891014427,16905.891839223,,0,GPU-9b96eb67-aeee-89d5-aa85-fc650af4e25c,ok,40,18,1646,222.155,66,1890,9501,14990,77783
447,16905.891014427,16905.891670383,,1,GPU-37ffc98b-8551-c8a1-5f3c-27ade9ae735a,ok,0,0,453,15.249,30,210,405,439,292
447,16905.891014427,16905.891806863,,2,GPU-5443d59d-561f-ed1e-da42-1975937205f9,ok,0,0,453,27.597,37,210,405,439,292
447,16905.891014427,16905.892374194,,3,GPU-46bf67bb-cb31-bee1-3cf0-c35337ba97d2,ok,0,0,453,26.282,41,210,405,439,341
447,16905.891014427,16905.891870693,,4,GPU-127e16de-2b5f-dde9-1932-b4e29bb818c0,ok,0,0,453,25.218,35,210,405,439,292
448,16906.891014427,16906.891809111,,0,GPU-9b96eb67-aeee-89d5-aa85-fc650af4e25c,ok,40,18,1646,231.146,68,1965,9501,14550,77001
448,16906.891014427,16906.891895501,,1,GPU-37ffc98b-8551-c8a1-5f3c-27ade9ae735a,ok,0,0,453,15.074,30,210,405,439,292
448,16906.891014427,16906.891948581,,2,GPU-5443d59d-561f-ed1e-da42-1975937205f9,ok,0,0,453,27.586,37,210,405,439,341
448,16906.891014427,16906.891855541,,3,GPU-46bf67bb-cb31-bee1-3cf0-c35337ba97d2,ok,0,0,453,26.16,41,210,405,439,341
448,16906.891014427,16906.891935041,,4,GPU-127e16de-2b5f-dde9-1932-b4e29bb818c0,ok,0,0,453,25.381,35,210,405,439,292
449,16907.891014427,16907.89283095,,0,GPU-9b96eb67-aeee-89d5-aa85-fc650af4e25c,ok,41,19,1646,239.551,68,1965,9501,15283,76904
449,16907.891014427,16907.891506309,,1,GPU-37ffc98b-8551-c8a1-5f3c-27ade9ae735a,ok,0,0,453,15.153,30,210,405,439,341
449,16907.891014427,16907.891549679,,2,GPU-5443d59d-561f-ed1e-da42-1975937205f9,ok,0,0,453,27.755,37,210,405,439,341
449,16907.891014427,16907.89288935,,3,GPU-46bf67bb-cb31-bee1-3cf0-c35337ba97d2,ok,0,0,453,26.1,41,210,405,439,341
449,16907.891014427,16907.891719359,,4,GPU-127e16de-2b5f-dde9-1932-b4e29bb818c0,ok,0,0,453,25.528,35,210,405,390,292
450,16908.891014427,16908.891882337,,0,GPU-9b96eb67-aeee-89d5-aa85-fc650af4e25c,ok,44,20,1646,241.358,68,1920,9501,14892,76806
450,16908.891014427,16908.891838837,,1,GPU-37ffc98b-8551-c8a1-5f3c-27ade9ae735a,ok,0,0,453,15.183,30,210,405,439,341
450,16908.891014427,16908.891761137,,2,GPU-5443d59d-561f-ed1e-da42-1975937205f9,ok,0,0,453,27.714,37,210,405,439,292
450,16908.891014427,16908.891896697,,3,GPU-46bf67bb-cb31-bee1-3cf0-c35337ba97d2,ok,0,0,453,26.059,41,210,405,439,341
450,16908.891014427,16908.891793387,,4,GPU-127e16de-2b5f-dde9-1932-b4e29bb818c0,ok,0,0,453,25.691,35,210,405,439,341
451,16909.891014427,16909.891866475,,0,GPU-9b96eb67-aeee-89d5-aa85-fc650af4e25c,ok,33,14,1646,242.431,68,1965,9501,14208,73046
451,16909.891014427,16909.891912986,,1,GPU-37ffc98b-8551-c8a1-5f3c-27ade9ae735a,ok,0,0,453,15.188,30,210,405,439,292
451,16909.891014427,16909.891927616,,2,GPU-5443d59d-561f-ed1e-da42-1975937205f9,ok,0,0,453,27.763,37,210,405,439,341
451,16909.891014427,16909.891800425,,3,GPU-46bf67bb-cb31-bee1-3cf0-c35337ba97d2,ok,0,0,453,26.108,41,210,405,439,341
451,16909.891014427,16909.891701345,,4,GPU-127e16de-2b5f-dde9-1932-b4e29bb818c0,ok,0,0,453,25.786,35,210,405,439,341
452,16910.891014427,16910.891701703,,0,GPU-9b96eb67-aeee-89d5-aa85-fc650af4e25c,ok,33,14,1646,234.839,68,1965,9501,14550,76757
452,16910.891014427,16910.891811423,,1,GPU-37ffc98b-8551-c8a1-5f3c-27ade9ae735a,ok,0,0,453,15.253,30,210,405,439,292
452,16910.891014427,16910.891887884,,2,GPU-5443d59d-561f-ed1e-da42-1975937205f9,ok,0,0,453,27.83,37,210,405,390,292
452,16910.891014427,16910.891727563,,3,GPU-46bf67bb-cb31-bee1-3cf0-c35337ba97d2,ok,0,0,453,26.31,41,210,405,390,292
452,16910.891014427,16910.891924554,,4,GPU-127e16de-2b5f-dde9-1932-b4e29bb818c0,ok,0,0,453,25.768,35,210,405,439,292
453,16911.891014427,16911.892307132,,0,GPU-9b96eb67-aeee-89d5-aa85-fc650af4e25c,ok,33,15,1646,229.641,67,1965,9501,14453,73046
453,16911.891014427,16911.891847502,,1,GPU-37ffc98b-8551-c8a1-5f3c-27ade9ae735a,ok,0,0,453,15.042,30,210,405,439,292
453,16911.891014427,16911.891791332,,2,GPU-5443d59d-561f-ed1e-da42-1975937205f9,ok,0,0,453,27.678,37,210,405,439,292
453,16911.891014427,16911.891828122,,3,GPU-46bf67bb-cb31-bee1-3cf0-c35337ba97d2,ok,0,0,453,26.144,41,210,405,390,292
453,16911.891014427,16911.891601851,,4,GPU-127e16de-2b5f-dde9-1932-b4e29bb818c0,ok,0,0,453,25.521,35,210,405,439,292
454,16912.891014427,16912.89187868,,0,GPU-9b96eb67-aeee-89d5-aa85-fc650af4e25c,ok,33,15,1646,235.653,67,1965,9501,14941,76611
454,16912.891014427,16912.89167444,,1,GPU-37ffc98b-8551-c8a1-5f3c-27ade9ae735a,ok,0,0,453,15.042,30,210,405,439,292
454,16912.891014427,16912.89191529,,2,GPU-5443d59d-561f-ed1e-da42-1975937205f9,ok,0,0,453,27.598,37,210,405,439,292
454,16912.891014427,16912.89176941,,3,GPU-46bf67bb-cb31-bee1-3cf0-c35337ba97d2,ok,0,0,453,26.184,41,210,405,439,292
454,16912.891014427,16912.89181399,,4,GPU-127e16de-2b5f-dde9-1932-b4e29bb818c0,ok,0,0,453,25.56,35,210,405,439,292
455,16913.891014427,16913.891825558,,0,GPU-9b96eb67-aeee-89d5-aa85-fc650af4e25c,ok,34,15,1646,237.329,67,1965,9501,14257,73632
455,16913.891014427,16913.891779908,,1,GPU-37ffc98b-8551-c8a1-5f3c-27ade9ae735a,ok,0,0,453,15.19,30,210,405,439,292
455,16913.891014427,16913.892345118,,2,GPU-5443d59d-561f-ed1e-da42-1975937205f9,ok,0,0,453,27.725,37,210,405,439,292
455,16913.891014427,16913.891842988,,3,GPU-46bf67bb-cb31-bee1-3cf0-c35337ba97d2,ok,0,0,453,26.358,41,210,405,439,292
455,16913.891014427,16913.891629938,,4,GPU-127e16de-2b5f-dde9-1932-b4e29bb818c0,ok,0,0,453,25.712,35,210,405,439,292
456,16914.891014427,16914.891619986,,0,GPU-9b96eb67-aeee-89d5-aa85-fc650af4e25c,ok,37,16,1646,225.353,66,1860,9501,14648,76757
456,16914.891014427,16914.891787196,,1,GPU-37ffc98b-8551-c8a1-5f3c-27ade9ae735a,ok,0,0,453,15.042,30,210,405,439,341
456,16914.891014427,16914.891732196,,2,GPU-5443d59d-561f-ed1e-da42-1975937205f9,ok,0,0,453,27.739,37,210,405,439,292
456,16914.891014427,16914.891821946,,3,GPU-46bf67bb-cb31-bee1-3cf0-c35337ba97d2,ok,0,0,453,26.174,41,210,405,439,292
456,16914.891014427,16914.892030286,,4,GPU-127e16de-2b5f-dde9-1932-b4e29bb818c0,ok,0,0,453,25.628,35,210,405,439,292
457,16915.891014427,16915.892317444,,0,GPU-9b96eb67-aeee-89d5-aa85-fc650af4e25c,ok,37,17,1646,213.592,67,1965,9501,15087,78515
457,16915.891014427,16915.892343544,,1,GPU-37ffc98b-8551-c8a1-5f3c-27ade9ae735a,ok,0,0,453,15.107,30,210,405,439,292
457,16915.891014427,16915.892382414,,2,GPU-5443d59d-561f-ed1e-da42-1975937205f9,ok,0,0,453,27.677,37,210,405,439,292
457,16915.891014427,16915.891675784,,3,GPU-46bf67bb-cb31-bee1-3cf0-c35337ba97d2,ok,0,0,453,26.248,41,210,405,439,292
457,16915.891014427,16915.891482334,,4,GPU-127e16de-2b5f-dde9-1932-b4e29bb818c0,ok,0,0,453,25.542,35,210,405,439,292
458,16916.891014427,16916.891664222,,0,GPU-9b96eb67-aeee-89d5-aa85-fc650af4e25c,ok,36,16,1646,238.768,67,1965,9501,14794,55615
458,16916.891014427,16916.891617592,,1,GPU-37ffc98b-8551-c8a1-5f3c-27ade9ae735a,ok,0,0,453,15.224,30,210,405,439,341
458,16916.891014427,16916.891832872,,2,GPU-5443d59d-561f-ed1e-da42-1975937205f9,ok,0,0,453,27.726,37,210,405,439,292
458,16916.891014427,16916.891701862,,3,GPU-46bf67bb-cb31-bee1-3cf0-c35337ba97d2,ok,0,0,453,26.417,41,210,405,439,292
458,16916.891014427,16916.893103482,,4,GPU-127e16de-2b5f-dde9-1932-b4e29bb818c0,ok,0,0,453,25.602,35,210,405,439,341
459,16917.891014427,16917.89175382,,0,GPU-9b96eb67-aeee-89d5-aa85-fc650af4e25c,ok,37,16,1646,237.421,67,1965,9501,14453,76611
459,16917.891014427,16917.89187381,,1,GPU-37ffc98b-8551-c8a1-5f3c-27ade9ae735a,ok,0,0,453,15.037,30,210,405,390,292
459,16917.891014427,16917.89193401,,2,GPU-5443d59d-561f-ed1e-da42-1975937205f9,ok,0,0,453,27.615,37,210,405,439,292
459,16917.891014427,16917.89189807,,3,GPU-46bf67bb-cb31-bee1-3cf0-c35337ba97d2,ok,0,0,453,26.17,41,210,405,439,341
459,16917.891014427,16917.89179876,,4,GPU-127e16de-2b5f-dde9-1932-b4e29bb818c0,ok,0,0,453,25.642,35,210,405,390,341
460,16918.891014427,16918.891841318,,0,GPU-9b96eb67-aeee-89d5-aa85-fc650af4e25c,ok,37,17,1646,227.572,67,1950,9501,14648,78222
460,16918.891014427,16918.891934018,,1,GPU-37ffc98b-8551-c8a1-5f3c-27ade9ae735a,ok,0,0,453,14.91,30,210,405,390,292
460,16918.891014427,16918.891761188,,2,GPU-5443d59d-561f-ed1e-da42-1975937205f9,ok,0,0,453,27.64,37,210,405,390,292
460,16918.891014427,16918.892503318,,3,GPU-46bf67bb-cb31-bee1-3cf0-c35337ba97d2,ok,0,0,453,26.117,41,210,405,439,341
460,16918.891014427,16918.891907448,,4,GPU-127e16de-2b5f-dde9-1932-b4e29bb818c0,ok,0,0,453,25.488,35,210,405,439,341
461,16919.891014427,16919.891741626,,0,GPU-9b96eb67-aeee-89d5-aa85-fc650af4e25c,ok,38,17,1646,230.337,67,1950,9501,14990,77978
461,16919.891014427,16919.891508176,,1,GPU-37ffc98b-8551-c8a1-5f3c-27ade9ae735a,ok,0,0,453,14.979,30,210,405,390,341
461,16919.891014427,16919.892227056,,2,GPU-5443d59d-561f-ed1e-da42-1975937205f9,ok,0,0,453,27.813,37,210,405,439,292
461,16919.891014427,16919.891659806,,3,GPU-46bf67bb-cb31-bee1-3cf0-c35337ba97d2,ok,0,0,453,26.278,41,210,405,439,341
461,16919.891014427,16919.892872176,,4,GPU-127e16de-2b5f-dde9-1932-b4e29bb818c0,ok,0,0,453,25.568,35,210,405,439,341
462,16920.891014427,16920.892300294,,0,GPU-9b96eb67-aeee-89d5-aa85-fc650af4e25c,ok,38,17,1646,238.346,68,1965,9501,15332,77783
462,16920.891014427,16920.891593214,,1,GPU-37ffc98b-8551-c8a1-5f3c-27ade9ae735a,ok,0,0,453,14.934,30,210,405,390,292
462,16920.891014427,16920.891850604,,2,GPU-5443d59d-561f-ed1e-da42-1975937205f9,ok,0,0,453,27.676,37,210,405,439,341
462,16920.891014427,16920.891734394,,3,GPU-46bf67bb-cb31-bee1-3cf0-c35337ba97d2,ok,0,0,453,26.138,41,210,405,439,292
462,16920.891014427,16920.891888824,,4,GPU-127e16de-2b5f-dde9-1932-b4e29bb818c0,ok,0,0,453,25.8,35,210,405,439,341
463,16921.891014427,16921.891880202,,0,GPU-9b96eb67-aeee-89d5-aa85-fc650af4e25c,ok,40,18,1646,238.849,68,1965,9501,14990,77343
463,16921.891014427,16921.891842922,,1,GPU-37ffc98b-8551-c8a1-5f3c-27ade9ae735a,ok,0,0,453,15.004,30,210,405,439,292
463,16921.891014427,16921.891656082,,2,GPU-5443d59d-561f-ed1e-da42-1975937205f9,ok,0,0,453,27.692,37,210,405,439,292
463,16921.891014427,16921.892989732,,3,GPU-46bf67bb-cb31-bee1-3cf0-c35337ba97d2,ok,0,0,453,26.151,41,210,405,439,292
463,16921.891014427,16921.891741892,,4,GPU-127e16de-2b5f-dde9-1932-b4e29bb818c0,ok,0,0,453,25.892,35,210,405,439,341
464,16922.891014427,16922.89220615,,0,GPU-9b96eb67-aeee-89d5-aa85-fc650af4e25c,ok,38,17,1646,239.093,68,1965,9501,14941,77197
464,16922.891014427,16922.89147369,,1,GPU-37ffc98b-8551-c8a1-5f3c-27ade9ae735a,ok,0,0,453,15.219,30,210,405,439,292
464,16922.891014427,16922.89166219,,2,GPU-5443d59d-561f-ed1e-da42-1975937205f9,ok,0,0,453,27.676,37,210,405,439,292
464,16922.891014427,16922.89231036,,3,GPU-46bf67bb-cb31-bee1-3cf0-c35337ba97d2,ok,0,0,453,26.343,41,210,405,439,292
464,16922.891014427,16922.89234731,,4,GPU-127e16de-2b5f-dde9-1932-b4e29bb818c0,ok,0,0,453,25.88,35,210,405,439,341
465,16923.891014427,16923.892365268,,0,GPU-9b96eb67-aeee-89d5-aa85-fc650af4e25c,ok,43,20,1646,214.141,67,1890,9501,14843,77148
465,16923.891014427,16923.892391078,,1,GPU-37ffc98b-8551-c8a1-5f3c-27ade9ae735a,ok,0,0,453,15.029,30,210,405,439,341
465,16923.891014427,16923.892448028,,2,GPU-5443d59d-561f-ed1e-da42-1975937205f9,ok,0,0,453,27.674,37,210,405,439,292
465,16923.891014427,16923.892416848,,3,GPU-46bf67bb-cb31-bee1-3cf0-c35337ba97d2,ok,0,0,453,26.219,41,210,405,390,341
465,16923.891014427,16923.891427408,,4,GPU-127e16de-2b5f-dde9-1932-b4e29bb818c0,ok,0,0,453,25.678,35,210,405,439,292
466,16924.891014427,16924.891793186,,0,GPU-9b96eb67-aeee-89d5-aa85-fc650af4e25c,ok,43,20,1646,239.612,68,1965,9501,14648,77099
466,16924.891014427,16924.891903326,,1,GPU-37ffc98b-8551-c8a1-5f3c-27ade9ae735a,ok,0,0,453,14.845,30,210,405,439,292
466,16924.891014427,16924.891926966,,2,GPU-5443d59d-561f-ed1e-da42-1975937205f9,ok,0,0,453,27.751,37,210,405,439,292
466,16924.891014427,16924.891958316,,3,GPU-46bf67bb-cb31-bee1-3cf0-c35337ba97d2,ok,0,0,453,26.256,41,210,405,439,341
466,16924.891014427,16924.891837966,,4,GPU-127e16de-2b5f-dde9-1932-b4e29bb818c0,ok,0,0,453,25.563,35,210,405,439,292
467,16925.891014427,16925.891763314,,0,GPU-9b96eb67-aeee-89d5-aa85-fc650af4e25c,ok,32,14,1646,243.443,68,1965,9501,14550,77490
467,16925.891014427,16925.891807804,,1,GPU-37ffc98b-8551-c8a1-5f3c-27ade9ae735a,ok,0,0,453,14.988,30,210,405,439,292
467,16925.891014427,16925.891884494,,2,GPU-5443d59d-561f-ed1e-da42-1975937205f9,ok,0,0,453,27.814,37,210,405,439,341
467,16925.891014427,16925.891841044,,3,GPU-46bf67bb-cb31-bee1-3cf0-c35337ba97d2,ok,0,0,453,26.42,41,210,405,439,341
467,16925.891014427,16925.891710754,,4,GPU-127e16de-2b5f-dde9-1932-b4e29bb818c0,ok,0,0,453,25.633,35,210,405,439,341
468,16926.891014427,16926.891811802,,0,GPU-9b96eb67-aeee-89d5-aa85-fc650af4e25c,ok,33,14,1646,235.439,67,1965,9501,14794,76855
468,16926.891014427,16926.892313172,,1,GPU-37ffc98b-8551-c8a1-5f3c-27ade9ae735a,ok,0,0,453,14.863,30,210,405,439,341
468,16926.891014427,16926.891579192,,2,GPU-5443d59d-561f-ed1e-da42-1975937205f9,ok,0,0,453,27.882,37,210,405,439,341
468,16926.891014427,16926.891784162,,3,GPU-46bf67bb-cb31-bee1-3cf0-c35337ba97d2,ok,0,0,453,26.232,41,210,405,439,292
468,16926.891014427,16926.891676842,,4,GPU-127e16de-2b5f-dde9-1932-b4e29bb818c0,ok,0,0,453,25.582,35,210,405,439,341
469,16927.891014427,16927.89160209,,0,GPU-9b96eb67-aeee-89d5-aa85-fc650af4e25c,ok,35,15,1646,228.84,67,1935,9501,14648,77246
469,16927.891014427,16927.89185221,,1,GPU-37ffc98b-8551-c8a1-5f3c-27ade9ae735a,ok,0,0,453,14.888,30,210,405,439,292
469,16927.891014427,16927.89181609,,2,GPU-5443d59d-561f-ed1e-da42-1975937205f9,ok,0,0,453,27.863,37,210,405,439,341
469,16927.891014427,16927.89204879,,3,GPU-46bf67bb-cb31-bee1-3cf0-c35337ba97d2,ok,0,0,453,26.264,41,210,405,439,292
469,16927.891014427,16927.89188385,,4,GPU-127e16de-2b5f-dde9-1932-b4e29bb818c0,ok,0,0,453,25.345,35,210,405,439,341
470,16928.891014427,16928.891617378,,0,GPU-9b96eb67-aeee-89d5-aa85-fc650af4e25c,ok,36,15,1646,224.075,67,1935,9501,14404,76269
470,16928.891014427,16928.892736488,,1,GPU-37ffc98b-8551-c8a1-5f3c-27ade9ae735a,ok,0,0,453,15.043,30,210,405,439,292
470,16928.891014427,16928.891807968,,2,GPU-5443d59d-561f-ed1e-da42-1975937205f9,ok,0,0,453,27.711,37,210,405,439,292
470,16928.891014427,16928.891842198,,3,GPU-46bf67bb-cb31-bee1-3cf0-c35337ba97d2,ok,0,0,453,26.452,41,210,405,439,292
470,16928.891014427,16928.891745728,,4,GPU-127e16de-2b5f-dde9-1932-b4e29bb818c0,ok,0,0,453,25.281,35,210,405,439,341
471,16929.891014427,16929.891818586,,0,GPU-9b96eb67-aeee-89d5-aa85-fc650af4e25c,ok,37,16,1646,224.502,67,1935,9501,14892,77734
471,16929.891014427,16929.891743146,,1,GPU-37ffc98b-8551-c8a1-5f3c-27ade9ae735a,ok,0,0,453,15.114,30,210,405,439,341
471,16929.891014427,16929.891883146,,2,GPU-5443d59d-561f-ed1e-da42-1975937205f9,ok,0,0,453,27.741,37,210,405,439,292
471,16929.891014427,16929.891905726,,3,GPU-46bf67bb-cb31-bee1-3cf0-c35337ba97d2,ok,0,0,453,26.243,41,210,405,439,292
471,16929.891014427,16929.891794036,,4,GPU-127e16de-2b5f-dde9-1932-b4e29bb818c0,ok,0,0,453,25.384,35,210,405,390,341
472,16930.891014427,16930.891609704,,0,GPU-9b96eb67-aeee-89d5-aa85-fc650af4e25c,ok,36,16,1646,228.925,67,1965,9501,14501,76757
472,16930.891014427,16930.892150794,,1,GPU-37ffc98b-8551-c8a1-5f3c-27ade9ae735a,ok,0,0,453,15.315,30,210,405,439,341
472,16930.891014427,16930.892211854,,2,GPU-5443d59d-561f-ed1e-da42-1975937205f9,ok,0,0,453,27.877,37,210,405,439,292
472,16930.891014427,16930.891708524,,3,GPU-46bf67bb-cb31-bee1-3cf0-c35337ba97d2,ok,0,0,453,26.249,41,210,405,439,341
472,16930.891014427,16930.891756894,,4,GPU-127e16de-2b5f-dde9-1932-b4e29bb818c0,ok,0,0,453,25.414,35,210,405,390,341
473,16931.891014427,16931.891653662,,0,GPU-9b96eb67-aeee-89d5-aa85-fc650af4e25c,ok,37,16,1646,238.34,68,1965,9501,14453,51855
473,16931.891014427,16931.892699022,,1,GPU-37ffc98b-8551-c8a1-5f3c-27ade9ae735a,ok,0,0,453,15.179,30,210,405,439,341
473,16931.891014427,16931.891610182,,2,GPU-5443d59d-561f-ed1e-da42-1975937205f9,ok,0,0,453,27.767,37,210,405,439,341
473,16931.891014427,16931.891862202,,3,GPU-46bf67bb-cb31-bee1-3cf0-c35337ba97d2,ok,0,0,453,26.454,41,210,405,439,341
473,16931.891014427,16931.891819882,,4,GPU-127e16de-2b5f-dde9-1932-b4e29bb818c0,ok,0,0,453,25.499,35,210,405,439,292
474,16932.891014427,16932.8918227,,0,GPU-9b96eb67-aeee-89d5-aa85-fc650af4e25c,ok,37,17,1646,239.457,68,1965,9501,14843,77490
474,16932.891014427,16932.89231526,,1,GPU-37ffc98b-8551-c8a1-5f3c-27ade9ae735a,ok,0,0,453,14.917,30,210,405,439,292
474,16932.891014427,16932.8917789,,2,GPU-5443d59d-561f-ed1e-da42-1975937205f9,ok,0,0,453,27.773,37,210,405,439,292
474,16932.891014427,16932.89159391,,3,GPU-46bf67bb-cb31-bee1-3cf0-c35337ba97d2,ok,0,0,453,26.353,41,210,405,439,341
474,16932.891014427,16932.89184895,,4,GPU-127e16de-2b5f-dde9-1932-b4e29bb818c0,ok,0,0,453,25.661,35,210,405,439,292
475,16933.891014427,16933.891690488,,0,GPU-9b96eb67-aeee-89d5-aa85-fc650af4e25c,ok,37,17,1646,240.047,68,1965,9501,14453,76904
475,16933.891014427,16933.892413408,,1,GPU-37ffc98b-8551-c8a1-5f3c-27ade9ae735a,ok,0,0,453,14.959,30,210,405,439,292
475,16933.891014427,16933.891503928,,2,GPU-5443d59d-561f-ed1e-da42-1975937205f9,ok,0,0,453,27.877,37,210,405,439,292
475,16933.891014427,16933.892295328,,3,GPU-46bf67bb-cb31-bee1-3cf0-c35337ba97d2,ok,0,0,453,26.375,41,210,405,439,292
475,16933.891014427,16933.892377188,,4,GPU-127e16de-2b5f-dde9-1932-b4e29bb818c0,ok,0,0,453,25.66,35,210,405,439,292
476,16934.891014427,16934.891786286,,0,GPU-9b96eb67-aeee-89d5-aa85-fc650af4e25c,ok,39,18,1646,235.566,67,1950,9501,14892,77880
476,16934.891014427,16934.892427506,,1,GPU-37ffc98b-8551-c8a1-5f3c-27ade9ae735a,ok,0,0,453,14.937,30,210,405,439,292
476,16934.891014427,16934.892401756,,2,GPU-5443d59d-561f-ed1e-da42-1975937205f9,ok,0,0,453,27.755,37,210,405,390,292
476,16934.891014427,16934.891618516,,3,GPU-46bf67bb-cb31-bee1-3cf0-c35337ba97d2,ok,0,0,453,26.513,41,210,405,390,292
476,16934.891014427,16934.891745396,,4,GPU-127e16de-2b5f-dde9-1932-b4e29bb818c0,ok,0,0,453,25.548,35,210,405,439,292
477,16935.891014427,16935.892367024,,0,GPU-9b96eb67-aeee-89d5-aa85-fc650af4e25c,ok,39,18,1646,237.498,68,1965,9501,14843,76123
477,16935.891014427,16935.892392754,,1,GPU-37ffc98b-8551-c8a1-5f3c-27ade9ae735a,ok,0,0,453,14.984,30,210,405,439,341
477,16935.891014427,16935.891689024,,2,GPU-5443d59d-561f-ed1e-da42-1975937205f9,ok,0,0,453,27.837,37,210,405,439,341
477,16935.891014427,16935.891596944,,3,GPU-46bf67bb-cb31-bee1-3cf0-c35337ba97d2,ok,0,0,453,26.379,41,210,405,439,292
477,16935.891014427,16935.891737094,,4,GPU-127e16de-2b5f-dde9-1932-b4e29bb818c0,ok,0,0,453,25.671,35,210,405,439,292
478,16936.891014427,16936.891532292,,0,GPU-9b96eb67-aeee-89d5-aa85-fc650af4e25c,ok,40,18,1646,240.451,68,1965,9501,14648,76220
478,16936.891014427,16936.891722932,,1,GPU-37ffc98b-8551-c8a1-5f3c-27ade9ae735a,ok,0,0,453,15.124,30,210,405,439,292
478,16936.891014427,16936.891912492,,2,GPU-5443d59d-561f-ed1e-da42-1975937205f9,ok,0,0,453,27.935,37,210,405,439,292
478,16936.891014427,16936.892537692,,3,GPU-46bf67bb-cb31-bee1-3cf0-c35337ba97d2,ok,0,0,453,26.344,41,210,405,439,292
478,16936.891014427,16936.891813712,,4,GPU-127e16de-2b5f-dde9-1932-b4e29bb818c0,ok,0,0,453,25.716,35,210,405,439,292
479,16937.891014427,16937.89184544,,0,GPU-9b96eb67-aeee-89d5-aa85-fc650af4e25c,ok,40,18,1646,240.132,68,1965,9501,14941,77441
479,16937.891014427,16937.89179216,,1,GPU-37ffc98b-8551-c8a1-5f3c-27ade9ae735a,ok,0,0,453,14.893,30,210,405,390,292
479,16937.891014427,16937.89165777,,2,GPU-5443d59d-561f-ed1e-da42-1975937205f9,ok,0,0,453,27.733,37,210,405,439,292
479,16937.891014427,16937.89175972,,3,GPU-46bf67bb-cb31-bee1-3cf0-c35337ba97d2,ok,0,0,453,26.434,41,210,405,439,292
479,16937.891014427,16937.893557421,,4,GPU-127e16de-2b5f-dde9-1932-b4e29bb818c0,ok,0,0,453,25.673,35,210,405,439,292
480,16938.891014427,16938.891701968,,0,GPU-9b96eb67-aeee-89d5-aa85-fc650af4e25c,ok,40,19,1646,239.18,68,1965,9501,14453,76367
480,16938.891014427,16938.891746358,,1,GPU-37ffc98b-8551-c8a1-5f3c-27ade9ae735a,ok,0,0,453,14.803,30,210,405,390,292
480,16938.891014427,16938.891833648,,2,GPU-5443d59d-561f-ed1e-da42-1975937205f9,ok,0,0,453,27.645,37,210,405,439,292
480,16938.891014427,16938.891896358,,3,GPU-46bf67bb-cb31-bee1-3cf0-c35337ba97d2,ok,0,0,453,26.226,41,210,405,439,292
480,16938.891014427,16938.891809628,,4,GPU-127e16de-2b5f-dde9-1932-b4e29bb818c0,ok,0,0,453,25.717,35,210,405,439,292
481,16939.891014427,16939.891937566,,0,GPU-9b96eb67-aeee-89d5-aa85-fc650af4e25c,ok,42,19,1646,241.937,68,1950,9501,15380,77148
481,16939.891014427,16939.891900566,,1,GPU-37ffc98b-8551-c8a1-5f3c-27ade9ae735a,ok,0,0,453,14.986,30,210,405,390,292
481,16939.891014427,16939.891758986,,2,GPU-5443d59d-561f-ed1e-da42-1975937205f9,ok,0,0,453,27.821,37,210,405,439,341
481,16939.891014427,16939.891741526,,3,GPU-46bf67bb-cb31-bee1-3cf0-c35337ba97d2,ok,0,0,453,26.162,41,210,405,439,292
481,16939.891014427,16939.891794226,,4,GPU-127e16de-2b5f-dde9-1932-b4e29bb818c0,ok,0,0,453,25.676,35,210,405,439,341
482,16940.891014427,16940.891822494,,0,GPU-9b96eb67-aeee-89d5-aa85-fc650af4e25c,ok,33,14,1646,239.84,68,1965,9501,14892,76904
482,16940.891014427,16940.892905075,,1,GPU-37ffc98b-8551-c8a1-5f3c-27ade9ae735a,ok,0,0,453,14.902,30,210,405,390,292
482,16940.891014427,16940.891834644,,2,GPU-5443d59d-561f-ed1e-da42-1975937205f9,ok,0,0,453,27.819,37,210,405,439,292
482,16940.891014427,16940.891575934,,3,GPU-46bf67bb-cb31-bee1-3cf0-c35337ba97d2,ok,0,0,453,26.389,41,210,405,439,341
482,16940.891014427,16940.891753094,,4,GPU-127e16de-2b5f-dde9-1932-b4e29bb818c0,ok,0,0,453,25.648,35,210,405,439,341
483,16941.891014427,16941.892340732,,0,GPU-9b96eb67-aeee-89d5-aa85-fc650af4e25c,ok,33,15,1646,236.782,68,1965,9501,15380,77441
483,16941.891014427,16941.892323002,,1,GPU-37ffc98b-8551-c8a1-5f3c-27ade9ae735a,ok,0,0,453,14.858,30,210,405,390,341
483,16941.891014427,16941.891742482,,2,GPU-5443d59d-561f-ed1e-da42-1975937205f9,ok,0,0,453,27.758,37,210,405,390,292
483,16941.891014427,16941.891707212,,3,GPU-46bf67bb-cb31-bee1-3cf0-c35337ba97d2,ok,0,0,453,26.324,41,210,405,439,341
483,16941.891014427,16941.891512452,,4,GPU-127e16de-2b5f-dde9-1932-b4e29bb818c0,ok,0,0,453,25.548,35,210,405,439,341
484,16942.891014427,16942.89172428,,0,GPU-9b96eb67-aeee-89d5-aa85-fc650af4e25c,ok,33,15,1646,239.177,68,1965,9501,14697,77392
484,16942.891014427,16942.8919021,,1,GPU-37ffc98b-8551-c8a1-5f3c-27ade9ae735a,ok,0,0,453,14.942,30,210,405,439,292
484,16942.891014427,16942.89167589,,2,GPU-5443d59d-561f-ed1e-da42-1975937205f9,ok,0,0,453,27.822,37,210,405,439,292
484,16942.891014427,16942.89195319,,3,GPU-46bf67bb-cb31-bee1-3cf0-c35337ba97d2,ok,0,0,453,26.3,41,210,405,390,341
484,16942.891014427,16942.89192257,,4,GPU-127e16de-2b5f-dde9-1932-b4e29bb818c0,ok,0,0,453,25.544,35,210,405,390,341
485,16943.891014427,16943.891969318,,0,GPU-9b96eb67-aeee-89d5-aa85-fc650af4e25c,ok,35,16,1646,237.686,68,1965,9501,15478,77343
485,16943.891014427,16943.891936928,,1,GPU-37ffc98b-8551-c8a1-5f3c-27ade9ae735a,ok,0,0,453,14.872,30,210,405,439,292
485,16943.891014427,16943.891900018,,2,GPU-5443d59d-561f-ed1e-da42-1975937205f9,ok,0,0,453,27.781,37,210,405,439,292
485,16943.891014427,16943.891687788,,3,GPU-46bf67bb-cb31-bee1-3cf0-c35337ba97d2,ok,0,0,453,26.447,41,210,405,439,341
485,16943.891014427,16943.891732358,,4,GPU-127e16de-2b5f-dde9-1932-b4e29bb818c0,ok,0,0,453,25.574,35,210,405,439,341
486,16944.891014427,16944.891878236,,0,GPU-9b96eb67-aeee-89d5-aa85-fc650af4e25c,ok,36,16,1646,238.888,68,1965,9501,15185,77099
486,16944.891014427,16944.891817846,,1,GPU-37ffc98b-8551-c8a1-5f3c-27ade9ae735a,ok,0,0,453,15.014,30,210,405,439,341
486,16944.891014427,16944.891680666,,2,GPU-5443d59d-561f-ed1e-da42-1975937205f9,ok,0,0,453,27.74,37,210,405,439,341
486,16944.891014427,16944.892398606,,3,GPU-46bf67bb-cb31-bee1-3cf0-c35337ba97d2,ok,0,0,453,26.289,41,210,405,439,292
486,16944.891014427,16944.891844796,,4,GPU-127e16de-2b5f-dde9-1932-b4e29bb818c0,ok,0,0,453,25.478,35,210,405,439,292
487,16945.891014427,16945.891802064,,0,GPU-9b96eb67-aeee-89d5-aa85-fc650af4e25c,ok,36,16,1646,237.949,68,1965,9501,14990,78027
487,16945.891014427,16945.891881854,,1,GPU-37ffc98b-8551-c8a1-5f3c-27ade9ae735a,ok,0,0,453,15.269,30,210,405,439,341
487,16945.891014427,16945.891776984,,2,GPU-5443d59d-561f-ed1e-da42-1975937205f9,ok,0,0,453,27.749,37,210,405,439,341
487,16945.891014427,16945.891833984,,3,GPU-46bf67bb-cb31-bee1-3cf0-c35337ba97d2,ok,0,0,453,26.282,41,210,405,439,292
487,16945.891014427,16945.891705784,,4,GPU-127e16de-2b5f-dde9-1932-b4e29bb818c0,ok,0,0,453,25.508,35,210,405,439,292
488,16946.891014427,16946.891830912,,0,GPU-9b96eb67-aeee-89d5-aa85-fc650af4e25c,ok,36,16,1646,238.11,68,1965,9501,14990,60986
488,16946.891014427,16946.891867182,,1,GPU-37ffc98b-8551-c8a1-5f3c-27ade9ae735a,ok,0,0,453,15.168,30,210,405,439,292
488,16946.891014427,16946.891930642,,2,GPU-5443d59d-561f-ed1e-da42-1975937205f9,ok,0,0,453,27.661,37,210,405,390,292
488,16946.891014427,16946.891687892,,3,GPU-46bf67bb-cb31-bee1-3cf0-c35337ba97d2,ok,0,0,453,26.359,41,210,405,439,292
488,16946.891014427,16946.891903962,,4,GPU-127e16de-2b5f-dde9-1932-b4e29bb818c0,ok,0,0,453,25.546,35,210,405,439,341
489,16947.891014427,16947.89221772,,0,GPU-9b96eb67-aeee-89d5-aa85-fc650af4e25c,ok,37,16,1646,230.089,67,1890,9501,15136,76513
489,16947.891014427,16947.89152139,,1,GPU-37ffc98b-8551-c8a1-5f3c-27ade9ae735a,ok,0,0,453,14.959,30,210,405,439,292
489,16947.891014427,16947.89166974,,2,GPU-5443d59d-561f-ed1e-da42-1975937205f9,ok,0,0,453,27.677,37,210,405,390,341
489,16947.891014427,16947.892866891,,3,GPU-46bf67bb-cb31-bee1-3cf0-c35337ba97d2,ok,0,0,453,26.171,41,210,405,439,341
489,16947.891014427,16947.89174514,,4,GPU-127e16de-2b5f-dde9-1932-b4e29bb818c0,ok,0,0,453,25.522,35,210,405,439,341
490,16948.891014427,16948.891815708,,0,GPU-9b96eb67-aeee-89d5-aa85-fc650af4e25c,ok,37,17,1646,224.374,68,1965,9501,14941,76416
490,16948.891014427,16948.891711188,,1,GPU-37ffc98b-8551-c8a1-5f3c-27ade9ae735a,ok,0,0,453,14.907,30,210,405,439,292
490,16948.891014427,16948.891792038,,2,GPU-5443d59d-561f-ed1e-da42-1975937205f9,ok,0,0,453,27.783,37,210,405,439,292
490,16948.891014427,16948.891583478,,3,GPU-46bf67bb-cb31-bee1-3cf0-c35337ba97d2,ok,0,0,453,26.185,41,210,405,439,341
490,16948.891014427,16948.892283819,,4,GPU-127e16de-2b5f-dde9-1932-b4e29bb818c0,ok,0,0,453,25.406,35,210,405,390,341
491,16949.891014427,16949.891926646,,0,GPU-9b96eb67-aeee-89d5-aa85-fc650af4e25c,ok,38,17,1646,238.399,68,1965,9501,14941,77734
491,16949.891014427,16949.891837836,,1,GPU-37ffc98b-8551-c8a1-5f3c-27ade9ae735a,ok,0,0,453,14.83,30,210,405,439,341
491,16949.891014427,16949.891664386,,2,GPU-5443d59d-561f-ed1e-da42-1975937205f9,ok,0,0,453,27.598,37,210,405,439,292
491,16949.891014427,16949.891977466,,3,GPU-46bf67bb-cb31-bee1-3cf0-c35337ba97d2,ok,0,0,453,26.174,41,210,405,439,292
491,16949.891014427,16949.891951216,,4,GPU-127e16de-2b5f-dde9-1932-b4e29bb818c0,ok,0,0,453,25.446,35,210,405,390,341
492,16950.891014427,16950.892431895,,0,GPU-9b96eb67-aeee-89d5-aa85-fc650af4e25c,ok,38,17,1646,238.815,68,1965,9501,15283,77978
492,16950.891014427,16950.891434464,,1,GPU-37ffc98b-8551-c8a1-5f3c-27ade9ae735a,ok,0,0,453,14.954,30,210,405,439,292
492,16950.891014427,16950.892367835,,2,GPU-5443d59d-561f-ed1e-da42-1975937205f9,ok,0,0,453,27.608,37,210,405,439,292
492,16950.891014427,16950.892404705,,3,GPU-46bf67bb-cb31-bee1-3cf0-c35337ba97d2,ok,0,0,453,26.221,41,210,405,488,292
492,16950.891014427,16950.892132425,,4,GPU-127e16de-2b5f-dde9-1932-b4e29bb818c0,ok,0,0,453,25.49,35,210,405,439,292
493,16951.891014427,16951.891931422,,0,GPU-9b96eb67-aeee-89d5-aa85-fc650af4e25c,ok,39,18,1646,239.169,68,1965,9501,14941,78027
493,16951.891014427,16951.891747752,,1,GPU-37ffc98b-8551-c8a1-5f3c-27ade9ae735a,ok,0,0,453,15.129,30,210,405,390,292
493,16951.891014427,16951.891956042,,2,GPU-5443d59d-561f-ed1e-da42-1975937205f9,ok,0,0,453,27.795,37,210,405,390,341
493,16951.891014427,16951.891663882,,3,GPU-46bf67bb-cb31-bee1-3cf0-c35337ba97d2,ok,0,0,453,26.398,41,210,405,439,292
493,16951.891014427,16951.891986072,,4,GPU-127e16de-2b5f-dde9-1932-b4e29bb818c0,ok,0,0,453,25.432,35,210,405,439,341
494,16952.891014427,16952.8918365,,0,GPU-9b96eb67-aeee-89d5-aa85-fc650af4e25c,ok,41,19,1646,241.787,68,1965,9501,14794,77685
494,16952.891014427,16952.892976731,,1,GPU-37ffc98b-8551-c8a1-5f3c-27ade9ae735a,ok,0,0,453,15.094,30,210,405,390,292
494,16952.891014427,16952.89163835,,2,GPU-5443d59d-561f-ed1e-da42-1975937205f9,ok,0,0,453,27.684,37,210,405,439,341
494,16952.891014427,16952.89188283,,3,GPU-46bf67bb-cb31-bee1-3cf0-c35337ba97d2,ok,0,0,453,26.267,41,210,405,390,292
494,16952.891014427,16952.89177765,,4,GPU-127e16de-2b5f-dde9-1932-b4e29bb818c0,ok,0,0,453,25.513,35,210,405,439,292
495,16953.891014427,16953.892273659,,0,GPU-9b96eb67-aeee-89d5-aa85-fc650af4e25c,ok,45,21,1646,241.589,69,1905,9501,14892,76806
495,16953.891014427,16953.891750658,,1,GPU-37ffc98b-8551-c8a1-5f3c-27ade9ae735a,ok,0,0,453,15.202,30,210,405,390,341
495,16953.891014427,16953.892299909,,2,GPU-5443d59d-561f-ed1e-da42-1975937205f9,ok,0,0,453,27.693,37,210,405,390,292
495,16953.891014427,16953.891688468,,3,GPU-46bf67bb-cb31-bee1-3cf0-c35337ba97d2,ok,0,0,453,26.255,41,210,405,439,292
495,16953.891014427,16953.891503678,,4,GPU-127e16de-2b5f-dde9-1932-b4e29bb818c0,ok,0,0,453,25.517,35,210,405,439,292
496,16954.891014427,16954.891771657,,0,GPU-9b96eb67-aeee-89d5-aa85-fc650af4e25c,ok,40,18,1646,241.81,68,1965,9501,15039,78173
496,16954.891014427,16954.891540946,,1,GPU-37ffc98b-8551-c8a1-5f3c-27ade9ae735a,ok,0,0,453,15.273,30,210,405,390,292
496,16954.891014427,16954.892252417,,2,GPU-5443d59d-561f-ed1e-da42-1975937205f9,ok,0,0,453,27.861,37,210,405,439,292
496,16954.891014427,16954.891798287,,3,GPU-46bf67bb-cb31-bee1-3cf0-c35337ba97d2,ok,0,0,453,26.342,41,210,405,439,292
496,16954.891014427,16954.891704576,,4,GPU-127e16de-2b5f-dde9-1932-b4e29bb818c0,ok,0,0,453,25.52,35,210,405,390,292
497,16955.891014427,16955.891865865,,0,GPU-9b96eb67-aeee-89d5-aa85-fc650af4e25c,ok,33,14,1646,240.833,68,1965,9501,14941,77929
497,16955.891014427,16955.891687265,,1,GPU-37ffc98b-8551-c8a1-5f3c-27ade9ae735a,ok,0,0,453,15.079,30,210,405,439,292
497,16955.891014427,16955.891894945,,2,GPU-5443d59d-561f-ed1e-da42-1975937205f9,ok,0,0,453,27.852,37,210,405,439,292
497,16955.891014427,16955.891744445,,3,GPU-46bf67bb-cb31-bee1-3cf0-c35337ba97d2,ok,0,0,453,26.19,41,210,405,439,341
497,16955.891014427,16955.892967305,,4,GPU-127e16de-2b5f-dde9-1932-b4e29bb818c0,ok,0,0,453,25.533,35,210,405,439,341
498,16956.891014427,16956.892389503,,0,GPU-9b96eb67-aeee-89d5-aa85-fc650af4e25c,ok,33,15,1646,237.342,68,1965,9501,13964,71826
498,16956.891014427,16956.892257293,,1,GPU-37ffc98b-8551-c8a1-5f3c-27ade9ae735a,ok,0,0,453,15.066,30,210,405,439,292
498,16956.891014427,16956.892441843,,2,GPU-5443d59d-561f-ed1e-da42-1975937205f9,ok,0,0,453,27.932,37,210,405,390,341
498,16956.891014427,16956.892414573,,3,GPU-46bf67bb-cb31-bee1-3cf0-c35337ba97d2,ok,0,0,453,26.234,41,210,405,390,341
498,16956.891014427,16956.891416072,,4,GPU-127e16de-2b5f-dde9-1932-b4e29bb818c0,ok,0,0,453,25.434,35,210,405,439,292
499,16957.891014427,16957.893520641,,0,GPU-9b96eb67-aeee-89d5-aa85-fc650af4e25c,ok,33,15,1646,235.953,68,1965,9501,15527,77539
499,16957.891014427,16957.892305101,,1,GPU-37ffc98b-8551-c8a1-5f3c-27ade9ae735a,ok,0,0,453,15.234,30,210,405,439,341
499,16957.891014427,16957.891591891,,2,GPU-5443d59d-561f-ed1e-da42-1975937205f9,ok,0,0,453,28.026,37,210,405,439,341
499,16957.891014427,16957.891661761,,3,GPU-46bf67bb-cb31-bee1-3cf0-c35337ba97d2,ok,0,0,453,26.359,41,210,405,439,292
499,16957.891014427,16957.891707171,,4,GPU-127e16de-2b5f-dde9-1932-b4e29bb818c0,ok,0,0,453,25.207,35,210,405,439,341
500,16958.891014427,16958.891950979,,0,GPU-9b96eb67-aeee-89d5-aa85-fc650af4e25c,ok,36,15,1646,229.137,67,1890,9501,15478,77880
500,16958.891014427,16958.891817289,,1,GPU-37ffc98b-8551-c8a1-5f3c-27ade9ae735a,ok,0,0,453,15.113,30,210,405,439,292
500,16958.891014427,16958.891681129,,2,GPU-5443d59d-561f-ed1e-da42-1975937205f9,ok,0,0,453,27.805,37,210,405,439,341
500,16958.891014427,16958.891857889,,3,GPU-46bf67bb-cb31-bee1-3cf0-c35337ba97d2,ok,0,0,453,26.175,41,210,405,439,292
500,16958.891014427,16958.891899279,,4,GPU-127e16de-2b5f-dde9-1932-b4e29bb818c0,ok,0,0,453,25.087,35,210,405,439,341
501,16959.891014427,16959.891943417,,0,GPU-9b96eb67-aeee-89d5-aa85-fc650af4e25c,ok,37,16,1646,214.474,67,1935,9501,15429,77490
501,16959.891014427,16959.891626627,,1,GPU-37ffc98b-8551-c8a1-5f3c-27ade9ae735a,ok,0,0,453,15.052,30,210,405,439,341
501,16959.891014427,16959.891870767,,2,GPU-5443d59d-561f-ed1e-da42-1975937205f9,ok,0,0,453,27.826,37,210,405,439,292
501,16959.891014427,16959.891927547,,3,GPU-46bf67bb-cb31-bee1-3cf0-c35337ba97d2,ok,0,0,453,26.178,41,210,405,439,292
501,16959.891014427,16959.891961427,,4,GPU-127e16de-2b5f-dde9-1932-b4e29bb818c0,ok,0,0,453,24.969,35,210,405,439,292
502,16960.891014427,16960.891843865,,0,GPU-9b96eb67-aeee-89d5-aa85-fc650af4e25c,ok,37,17,1646,230.673,68,1965,9501,15039,77197
502,16960.891014427,16960.891882175,,1,GPU-37ffc98b-8551-c8a1-5f3c-27ade9ae735a,ok,0,0,453,15.028,30,210,405,390,292
502,16960.891014427,16960.891789805,,2,GPU-5443d59d-561f-ed1e-da42-1975937205f9,ok,0,0,453,27.887,37,210,405,390,292
502,16960.891014427,16960.892449355,,3,GPU-46bf67bb-cb31-bee1-3cf0-c35337ba97d2,ok,0,0,453,26.297,41,210,405,439,292
502,16960.891014427,16960.891712575,,4,GPU-127e16de-2b5f-dde9-1932-b4e29bb818c0,ok,0,0,453,25.044,35,210,405,390,292
503,16961.891014427,16961.891890033,,0,GPU-9b96eb67-aeee-89d5-aa85-fc650af4e25c,ok,37,17,1646,240.43,68,1965,9501,11718,75537
503,16961.891014427,16961.891671403,,1,GPU-37ffc98b-8551-c8a1-5f3c-27ade9ae735a,ok,0,0,453,14.697,30,210,405,390,292
503,16961.891014427,16961.891900813,,2,GPU-5443d59d-561f-ed1e-da42-1975937205f9,ok,0,0,453,27.915,37,210,405,439,341
503,16961.891014427,16961.891845463,,3,GPU-46bf67bb-cb31-bee1-3cf0-c35337ba97d2,ok,0,0,453,26.14,41,210,405,439,292
503,16961.891014427,16961.891647273,,4,GPU-127e16de-2b5f-dde9-1932-b4e29bb818c0,ok,0,0,453,25.232,35,210,405,439,292
504,16962.891014427,16962.892235911,,0,GPU-9b96eb67-aeee-89d5-aa85-fc650af4e25c,ok,37,17,1646,240.423,68,1965,9501,14941,76953
504,16962.891014427,16962.891494791,,1,GPU-37ffc98b-8551-c8a1-5f3c-27ade9ae735a,ok,0,0,453,14.767,30,210,405,390,341
504,16962.891014427,16962.891772831,,2,GPU-5443d59d-561f-ed1e-da42-1975937205f9,ok,0,0,453,28.039,37,210,405,439,292
504,16962.891014427,16962.892261941,,3,GPU-46bf67bb-cb31-bee1-3cf0-c35337ba97d2,ok,0,0,453,26.183,41,210,405,439,341
504,16962.891014427,16962.891746701,,4,GPU-127e16de-2b5f-dde9-1932-b4e29bb818c0,ok,0,0,453,25.119,35,210,405,439,292
505,16963.891014427,16963.891817199,,0,GPU-9b96eb67-aeee-89d5-aa85-fc650af4e25c,ok,37,17,1646,240.015,68,1965,9501,14892,77343
505,16963.891014427,16963.891517839,,1,GPU-37ffc98b-8551-c8a1-5f3c-27ade9ae735a,ok,0,0,453,14.985,30,210,405,439,292
505,16963.891014427,16963.892245789,,2,GPU-5443d59d-561f-ed1e-da42-1975937205f9,ok,0,0,453,27.896,37,210,405,439,292
505,16963.891014427,16963.892303979,,3,GPU-46bf67bb-cb31-bee1-3cf0-c35337ba97d2,ok,0,0,453,26.34,41,210,405,439,292
505,16963.891014427,16963.891793199,,4,GPU-127e16de-2b5f-dde9-1932-b4e29bb818c0,ok,0,0,453,25.157,35,210,405,439,292
506,16964.891014427,16964.891861127,,0,GPU-9b96eb67-aeee-89d5-aa85-fc650af4e25c,ok,41,18,1646,233.017,68,1935,9501,14599,78027
506,16964.891014427,16964.891679087,,1,GPU-37ffc98b-8551-c8a1-5f3c-27ade9ae735a,ok,0,0,453,14.825,30,210,405,439,292
506,16964.891014427,16964.891980057,,2,GPU-5443d59d-561f-ed1e-da42-1975937205f9,ok,0,0,453,27.841,37,210,405,439,292
506,16964.891014427,16964.891957357,,3,GPU-46bf67bb-cb31-bee1-3cf0-c35337ba97d2,ok,0,0,453,26.16,41,210,405,390,292
506,16964.891014427,16964.891888117,,4,GPU-127e16de-2b5f-dde9-1932-b4e29bb818c0,ok,0,0,453,25.213,35,210,405,390,341
507,16965.891014427,16965.891851645,,0,GPU-9b96eb67-aeee-89d5-aa85-fc650af4e25c,ok,38,18,1646,235.763,68,1965,9501,14990,78271
507,16965.891014427,16965.891820575,,1,GPU-37ffc98b-8551-c8a1-5f3c-27ade9ae735a,ok,0,0,453,14.837,30,210,405,439,292
507,16965.891014427,16965.892343335,,2,GPU-5443d59d-561f-ed1e-da42-1975937205f9,ok,0,0,453,27.838,37,210,405,439,341
507,16965.891014427,16965.891700925,,3,GPU-46bf67bb-cb31-bee1-3cf0-c35337ba97d2,ok,0,0,453,26.185,41,210,405,439,292
507,16965.891014427,16965.891618375,,4,GPU-127e16de-2b5f-dde9-1932-b4e29bb818c0,ok,0,0,453,25.134,35,210,405,439,341
508,16966.891014427,16966.893090773,,0,GPU-9b96eb67-aeee-89d5-aa85-fc650af4e25c,ok,41,18,1646,241.378,68,1965,9501,15625,77441
508,16966.891014427,16966.891878403,,1,GPU-37ffc98b-8551-c8a1-5f3c-27ade9ae735a,ok,0,0,453,14.796,30,210,405,439,292
508,16966.891014427,16966.891911123,,2,GPU-5443d59d-561f-ed1e-da42-1975937205f9,ok,0,0,453,27.708,37,210,405,439,292
508,16966.891014427,16966.891773463,,3,GPU-46bf67bb-cb31-bee1-3cf0-c35337ba97d2,ok,0,0,453,26.411,41,210,405,439,292
508,16966.891014427,16966.891748183,,4,GPU-127e16de-2b5f-dde9-1932-b4e29bb818c0,ok,0,0,453,25.241,35,210,405,439,341
509,16967.891014427,16967.891974681,,0,GPU-9b96eb67-aeee-89d5-aa85-fc650af4e25c,ok,41,19,1646,244.148,68,1965,9501,15185,77978
509,16967.891014427,16967.891906791,,1,GPU-37ffc98b-8551-c8a1-5f3c-27ade9ae735a,ok,0,0,453,14.796,30,210,405,439,292
509,16967.891014427,16967.891832671,,2,GPU-5443d59d-561f-ed1e-da42-1975937205f9,ok,0,0,453,27.821,37,210,405,439,292
509,16967.891014427,16967.891881251,,3,GPU-46bf67bb-cb31-bee1-3cf0-c35337ba97d2,ok,0,0,453,26.286,41,210,405,439,341
509,16967.891014427,16967.891756981,,4,GPU-127e16de-2b5f-dde9-1932-b4e29bb818c0,ok,0,0,453,25.534,35,210,405,439,341
510,16968.891014427,16968.892219039,,0,GPU-9b96eb67-aeee-89d5-aa85-fc650af4e25c,ok,44,21,1646,243.008,68,1920,9501,14892,76708
510,16968.891014427,16968.891516119,,1,GPU-37ffc98b-8551-c8a1-5f3c-27ade9ae735a,ok,0,0,453,14.974,30,210,405,439,292
510,16968.891014427,16968.891687839,,2,GPU-5443d59d-561f-ed1e-da42-1975937205f9,ok,0,0,453,27.967,37,210,405,390,341
510,16968.891014427,16968.891711329,,3,GPU-46bf67bb-cb31-bee1-3cf0-c35337ba97d2,ok,0,0,453,26.327,41,210,405,390,341
510,16968.891014427,16968.893453379,,4,GPU-127e16de-2b5f-dde9-1932-b4e29bb818c0,ok,0,0,453,25.637,35,210,405,439,341
511,16969.891014427,16969.891611467,,0,GPU-9b96eb67-aeee-89d5-aa85-fc650af4e25c,ok,41,19,1646,242.579,68,1965,9501,14599,76464
511,16969.891014427,16969.891684977,,1,GPU-37ffc98b-8551-c8a1-5f3c-27ade9ae735a,ok,0,0,453,14.934,30,210,405,439,341
511,16969.891014427,16969.892047737,,2,GPU-5443d59d-561f-ed1e-da42-1975937205f9,ok,0,0,453,27.751,37,210,405,439,292
511,16969.891014427,16969.891773907,,3,GPU-46bf67bb-cb31-bee1-3cf0-c35337ba97d2,ok,0,0,453,26.526,41,210,405,488,292
511,16969.891014427,16969.892680057,,4,GPU-127e16de-2b5f-dde9-1932-b4e29bb818c0,ok,0,0,453,25.559,35,210,405,439,341
512,16970.891014427,16970.891713395,,0,GPU-9b96eb67-aeee-89d5-aa85-fc650af4e25c,ok,33,14,1646,243.032,68,1965,9501,14843,77880
512,16970.891014427,16970.891450995,,1,GPU-37ffc98b-8551-c8a1-5f3c-27ade9ae735a,ok,0,0,453,14.973,30,210,405,439,292
512,16970.891014427,16970.892768475,,2,GPU-5443d59d-561f-ed1e-da42-1975937205f9,ok,0,0,453,27.722,37,210,405,439,292
512,16970.891014427,16970.892156985,,3,GPU-46bf67bb-cb31-bee1-3cf0-c35337ba97d2,ok,0,0,453,26.367,41,210,405,439,292
512,16970.891014427,16970.891593875,,4,GPU-127e16de-2b5f-dde9-1932-b4e29bb818c0,ok,0,0,453,25.61,35,210,405,390,292
513,16971.891014427,16971.891620243,,0,GPU-9b96eb67-aeee-89d5-aa85-fc650af4e25c,ok,33,15,1646,236.516,68,1965,9501,14501,76562
513,16971.891014427,16971.892060633,,1,GPU-37ffc98b-8551-c8a1-5f3c-27ade9ae735a,ok,0,0,453,15.069,30,210,405,439,292
513,16971.891014427,16971.891866973,,2,GPU-5443d59d-561f-ed1e-da42-1975937205f9,ok,0,0,453,27.941,37,210,405,439,292
513,16971.891014427,16971.891842293,,3,GPU-46bf67bb-cb31-bee1-3cf0-c35337ba97d2,ok,0,0,453,26.355,41,210,405,439,292
513,16971.891014427,16971.892017203,,4,GPU-127e16de-2b5f-dde9-1932-b4e29bb818c0,ok,0,0,453,25.595,35,210,405,390,341
514,16972.891014427,16972.891772571,,0,GPU-9b96eb67-aeee-89d5-aa85-fc650af4e25c,ok,33,15,1646,233.81,68,1965,9501,14990,77343
514,16972.891014427,16972.891723191,,1,GPU-37ffc98b-8551-c8a1-5f3c-27ade9ae735a,ok,0,0,453,14.853,30,210,405,439,341
514,16972.891014427,16972.891651451,,2,GPU-5443d59d-561f-ed1e-da42-1975937205f9,ok,0,0,453,27.751,37,210,405,439,292
514,16972.891014427,16972.891870311,,3,GPU-46bf67bb-cb31-bee1-3cf0-c35337ba97d2,ok,0,0,453,26.49,41,210,405,439,292
514,16972.891014427,16972.891909241,,4,GPU-127e16de-2b5f-dde9-1932-b4e29bb818c0,ok,0,0,453,25.481,35,210,405,439,341
515,16973.891014427,16973.891848719,,0,GPU-9b96eb67-aeee-89d5-aa85-fc650af4e25c,ok,35,15,1646,238.778,68,1965,9501,14550,76660
515,16973.891014427,16973.891929049,,1,GPU-37ffc98b-8551-c8a1-5f3c-27ade9ae735a,ok,0,0,453,14.843,30,210,405,439,292
515,16973.891014427,16973.891895839,,2,GPU-5443d59d-561f-ed1e-da42-1975937205f9,ok,0,0,453,27.638,37,210,405,439,292
515,16973.891014427,16973.891880099,,3,GPU-46bf67bb-cb31-bee1-3cf0-c35337ba97d2,ok,0,0,453,26.311,41,210,405,439,341
515,16973.891014427,16973.891954719,,4,GPU-127e16de-2b5f-dde9-1932-b4e29bb818c0,ok,0,0,453,25.641,35,210,405,439,292
516,16974.891014427,16974.891740077,,0,GPU-9b96eb67-aeee-89d5-aa85-fc650af4e25c,ok,36,16,1646,239.871,68,1965,9501,14990,78222
516,16974.891014427,16974.893111187,,1,GPU-37ffc98b-8551-c8a1-5f3c-27ade9ae735a,ok,0,0,453,15.137,30,210,405,439,292
516,16974.891014427,16974.891619817,,2,GPU-5443d59d-561f-ed1e-da42-1975937205f9,ok,0,0,453,27.754,37,210,405,390,292
516,16974.891014427,16974.892174527,,3,GPU-46bf67bb-cb31-bee1-3cf0-c35337ba97d2,ok,0,0,453,26.246,41,210,405,390,292
516,16974.891014427,16974.891464857,,4,GPU-127e16de-2b5f-dde9-1932-b4e29bb818c0,ok,0,0,453,25.75,35,210,405,439,292
517,16975.891014427,16975.892780825,,0,GPU-9b96eb67-aeee-89d5-aa85-fc650af4e25c,ok,36,16,1646,239.063,68,1965,9501,15429,77880
517,16975.891014427,16975.891450375,,1,GPU-37ffc98b-8551-c8a1-5f3c-27ade9ae735a,ok,0,0,453,15.151,30,210,405,390,292
517,16975.891014427,16975.891763935,,2,GPU-5443d59d-561f-ed1e-da42-1975937205f9,ok,0,0,453,27.698,37,210,405,439,341
517,16975.891014427,16975.891653805,,3,GPU-46bf67bb-cb31-bee1-3cf0-c35337ba97d2,ok,0,0,453,26.336,41,210,405,390,292
517,16975.891014427,16975.892131975,,4,GPU-127e16de-2b5f-dde9-1932-b4e29bb818c0,ok,0,0,453,25.677,35,210,405,439,341
518,16976.891014427,16976.891752933,,0,GPU-9b96eb67-aeee-89d5-aa85-fc650af4e25c,ok,37,17,1646,239.35,68,1965,9501,11962,69824
518,16976.891014427,16976.891685433,,1,GPU-37ffc98b-8551-c8a1-5f3c-27ade9ae735a,ok,0,0,453,15.174,30,210,405,390,341
518,16976.891014427,16976.891832343,,2,GPU-5443d59d-561f-ed1e-da42-1975937205f9,ok,0,0,453,27.755,37,210,405,439,341
518,16976.891014427,16976.891903593,,3,GPU-46bf67bb-cb31-bee1-3cf0-c35337ba97d2,ok,0,0,453,26.148,41,210,405,439,341
518,16976.891014427,16976.891884123,,4,GPU-127e16de-2b5f-dde9-1932-b4e29bb818c0,ok,0,0,453,25.661,35,210,405,439,341
519,16977.891014427,16977.892074641,,0,GPU-9b96eb67-aeee-89d5-aa85-fc650af4e25c,ok,37,17,1646,240.806,68,1965,9501,14843,77490
519,16977.891014427,16977.891732261,,1,GPU-37ffc98b-8551-c8a1-5f3c-27ade9ae735a,ok,0,0,453,15.355,30,210,405,439,341
519,16977.891014427,16977.892102261,,2,GPU-5443d59d-561f-ed1e-da42-1975937205f9,ok,0,0,453,27.903,37,210,405,439,292
519,16977.891014427,16977.892012571,,3,GPU-46bf67bb-cb31-bee1-3cf0-c35337ba97d2,ok,0,0,453,26.123,41,210,405,390,292
519,16977.891014427,16977.892037561,,4,GPU-127e16de-2b5f-dde9-1932-b4e29bb818c0,ok,0,0,453,25.832,35,210,405,439,292
520,16978.891014427,16978.891769999,,0,GPU-9b96eb67-aeee-89d5-aa85-fc650af4e25c,ok,38,17,1646,239.655,68,1965,9501,15039,77636
520,16978.891014427,16978.891682449,,1,GPU-37ffc98b-8551-c8a1-5f3c-27ade9ae735a,ok,0,0,453,15.19,30,210,405,439,292
520,16978.891014427,16978.891560629,,2,GPU-5443d59d-561f-ed1e-da42-1975937205f9,ok,0,0,453,27.855,37,210,405,390,292
520,16978.891014427,16978.892902329,,3,GPU-46bf67bb-cb31-bee1-3cf0-c35337ba97d2,ok,0,0,453,26.303,41,210,405,390,292
520,16978.891014427,16978.892274619,,4,GPU-127e16de-2b5f-dde9-1932-b4e29bb818c0,ok,0,0,453,26.017,35,210,405,439,292
521,16979.891014427,16979.891829747,,0,GPU-9b96eb67-aeee-89d5-aa85-fc650af4e25c,ok,39,18,1646,236.285,68,1950,9501,14941,77978
521,16979.891014427,16979.891764587,,1,GPU-37ffc98b-8551-c8a1-5f3c-27ade9ae735a,ok,0,0,453,15.066,30,210,405,439,341
521,16979.891014427,16979.891883807,,2,GPU-5443d59d-561f-ed1e-da42-1975937205f9,ok,0,0,453,27.858,37,210,405,439,341
521,16979.891014427,16979.892942517,,3,GPU-46bf67bb-cb31-bee1-3cf0-c35337ba97d2,ok,0,0,453,26.191,41,210,405,439,292
521,16979.891014427,16979.891626107,,4,GPU-127e16de-2b5f-dde9-1932-b4e29bb818c0,ok,0,0,453,25.933,35,210,405,390,292
522,16980.891014427,16980.891748235,,0,GPU-9b96eb67-aeee-89d5-aa85-fc650af4e25c,ok,39,18,1646,238.489,68,1965,9501,14599,77978
522,16980.891014427,16980.891814365,,1,GPU-37ffc98b-8551-c8a1-5f3c-27ade9ae735a,ok,0,0,453,15.277,30,210,405,439,341
522,16980.891014427,16980.891647395,,2,GPU-5443d59d-561f-ed1e-da42-1975937205f9,ok,0,0,453,28.014,37,210,405,439,292
522,16980.891014427,16980.891879115,,3,GPU-46bf67bb-cb31-bee1-3cf0-c35337ba97d2,ok,0,0,453,26.179,41,210,405,439,341
522,16980.891014427,16980.892371585,,4,GPU-127e16de-2b5f-dde9-1932-b4e29bb818c0,ok,0,0,453,25.935,35,210,405,439,341
523,16981.891014427,16981.891987253,,0,GPU-9b96eb67-aeee-89d5-aa85-fc650af4e25c,ok,39,18,1646,239.454,68,1965,9501,15576,77685
523,16981.891014427,16981.891882023,,1,GPU-37ffc98b-8551-c8a1-5f3c-27ade9ae735a,ok,0,0,453,15.208,30,210,405,439,292
523,16981.891014427,16981.891703663,,2,GPU-5443d59d-561f-ed1e-da42-1975937205f9,ok,0,0,453,27.988,37,210,405,390,292
523,16981.891014427,16981.891950723,,3,GPU-46bf67bb-cb31-bee1-3cf0-c35337ba97d2,ok,0,0,453,26.349,41,210,405,439,341
523,16981.891014427,16981.891923983,,4,GPU-127e16de-2b5f-dde9-1932-b4e29bb818c0,ok,0,0,453,25.856,35,210,405,439,341
524,16982.891014427,16982.891514161,,0,GPU-9b96eb67-aeee-89d5-aa85-fc650af4e25c,ok,41,19,1646,234.836,68,1965,9501,14501,77294
524,16982.891014427,16982.891705041,,1,GPU-37ffc98b-8551-c8a1-5f3c-27ade9ae735a,ok,0,0,453,15.203,30,210,405,439,292
524,16982.891014427,16982.891963361,,2,GPU-5443d59d-561f-ed1e-da42-1975937205f9,ok,0,0,453,27.992,37,210,405,439,292
524,16982.891014427,16982.892000941,,3,GPU-46bf67bb-cb31-bee1-3cf0-c35337ba97d2,ok,0,0,453,26.221,41,210,405,390,292
524,16982.891014427,16982.891743981,,4,GPU-127e16de-2b5f-dde9-1932-b4e29bb818c0,ok,0,0,453,25.753,35,210,405,390,341
525,16983.891014427,16983.892267599,,0,GPU-9b96eb67-aeee-89d5-aa85-fc650af4e25c,ok,44,20,1646,241.865,69,1965,9501,14794,77197
525,16983.891014427,16983.891723929,,1,GPU-37ffc98b-8551-c8a1-5f3c-27ade9ae735a,ok,0,0,453,15.276,30,210,405,439,341
525,16983.891014427,16983.891752209,,2,GPU-5443d59d-561f-ed1e-da42-1975937205f9,ok,0,0,453,28.081,37,210,405,439,341
525,16983.891014427,16983.892308619,,3,GPU-46bf67bb-cb31-bee1-3cf0-c35337ba97d2,ok,0,0,453,26.191,41,210,405,439,292
525,16983.891014427,16983.891504589,,4,GPU-127e16de-2b5f-dde9-1932-b4e29bb818c0,ok,0,0,453,25.808,35,210,405,439,292
526,16984.891014427,16984.891814337,,0,GPU-9b96eb67-aeee-89d5-aa85-fc650af4e25c,ok,38,17,1646,241.75,68,1965,9501,14746,76660
526,16984.891014427,16984.891787477,,1,GPU-37ffc98b-8551-c8a1-5f3c-27ade9ae735a,ok,0,0,453,15.234,30,210,405,439,292
526,16984.891014427,16984.891604907,,2,GPU-5443d59d-561f-ed1e-da42-1975937205f9,ok,0,0,453,27.916,37,210,405,439,341
526,16984.891014427,16984.893869868,,3,GPU-46bf67bb-cb31-bee1-3cf0-c35337ba97d2,ok,0,0,453,26.333,41,210,405,439,292
526,16984.891014427,16984.891642637,,4,GPU-127e16de-2b5f-dde9-1932-b4e29bb818c0,ok,0,0,453,25.856,35,210,405,439,292
527,16985.891014427,16985.891722375,,0,GPU-9b96eb67-aeee-89d5-aa85-fc650af4e25c,ok,31,13,1646,234.798,67,1890,9501,13818,73193
527,16985.891014427,16985.891791535,,1,GPU-37ffc98b-8551-c8a1-5f3c-27ade9ae735a,ok,0,0,453,15.32,30,210,405,439,292
527,16985.891014427,16985.891621625,,2,GPU-5443d59d-561f-ed1e-da42-1975937205f9,ok,0,0,453,27.853,37,210,405,439,292
527,16985.891014427,16985.891838815,,3,GPU-46bf67bb-cb31-bee1-3cf0-c35337ba97d2,ok,0,0,453,26.149,41,210,405,390,292
527,16985.891014427,16985.891911915,,4,GPU-127e16de-2b5f-dde9-1932-b4e29bb818c0,ok,0,0,453,25.809,35,210,405,439,292
528,16986.891014427,16986.891896573,,0,GPU-9b96eb67-aeee-89d5-aa85-fc650af4e25c,ok,35,14,1646,198.391,66,1815,9501,15283,77539
528,16986.891014427,16986.891882553,,1,GPU-37ffc98b-8551-c8a1-5f3c-27ade9ae735a,ok,0,0,453,15.36,30,210,405,439,292
528,16986.891014427,16986.891844433,,2,GPU-5443d59d-561f-ed1e-da42-1975937205f9,ok,0,0,453,27.921,37,210,405,439,292
528,16986.891014427,16986.891783233,,3,GPU-46bf67bb-cb31-bee1-3cf0-c35337ba97d2,ok,0,0,453,26.153,41,210,405,390,292
528,16986.891014427,16986.891821523,,4,GPU-127e16de-2b5f-dde9-1932-b4e29bb818c0,ok,0,0,453,25.416,35,210,405,390,292
529,16987.891014427,16987.891738391,,0,GPU-9b96eb67-aeee-89d5-aa85-fc650af4e25c,ok,33,15,1646,198.674,67,1965,9501,14355,76611
529,16987.891014427,16987.891994721,,1,GPU-37ffc98b-8551-c8a1-5f3c-27ade9ae735a,ok,0,0,453,15.206,30,210,405,390,292
529,16987.891014427,16987.891784831,,2,GPU-5443d59d-561f-ed1e-da42-1975937205f9,ok,0,0,453,27.847,37,210,405,390,292
529,16987.891014427,16987.891892971,,3,GPU-46bf67bb-cb31-bee1-3cf0-c35337ba97d2,ok,0,0,453,26.174,41,210,405,439,341
529,16987.891014427,16987.891921971,,4,GPU-127e16de-2b5f-dde9-1932-b4e29bb818c0,ok,0,0,453,25.228,35,210,405,439,292
530,16988.891014427,16988.891951039,,0,GPU-9b96eb67-aeee-89d5-aa85-fc650af4e25c,ok,36,16,1646,236.817,68,1965,9501,15087,76123
530,16988.891014427,16988.891777189,,1,GPU-37ffc98b-8551-c8a1-5f3c-27ade9ae735a,ok,0,0,453,15.203,30,210,405,390,292
530,16988.891014427,16988.891854619,,2,GPU-5443d59d-561f-ed1e-da42-1975937205f9,ok,0,0,453,27.935,37,210,405,439,341
530,16988.891014427,16988.891975799,,3,GPU-46bf67bb-cb31-bee1-3cf0-c35337ba97d2,ok,0,0,453,26.16,41,210,405,390,341
530,16988.891014427,16988.891890689,,4,GPU-127e16de-2b5f-dde9-1932-b4e29bb818c0,ok,0,0,453,25.472,35,210,405,439,341
531,16989.891014427,16989.892348747,,0,GPU-9b96eb67-aeee-89d5-aa85-fc650af4e25c,ok,37,16,1646,239.303,68,1950,9501,14404,72753
531,16989.891014427,16989.891779507,,1,GPU-37ffc98b-8551-c8a1-5f3c-27ade9ae735a,ok,0,0,453,15.291,30,210,405,439,292
531,16989.891014427,16989.891835067,,2,GPU-5443d59d-561f-ed1e-da42-1975937205f9,ok,0,0,453,28.038,37,210,405,439,292
531,16989.891014427,16989.891655757,,3,GPU-46bf67bb-cb31-bee1-3cf0-c35337ba97d2,ok,0,0,453,26.344,41,210,405,439,292
531,16989.891014427,16989.891815037,,4,GPU-127e16de-2b5f-dde9-1932-b4e29bb818c0,ok,0,0,453,25.857,35,210,405,439,341
532,16990.891014427,16990.891708695,,0,GPU-9b96eb67-aeee-89d5-aa85-fc650af4e25c,ok,36,16,1646,232.029,68,1950,9501,14501,76806
532,16990.891014427,16990.891969175,,1,GPU-37ffc98b-8551-c8a1-5f3c-27ade9ae735a,ok,0,0,453,15.145,30,210,405,439,292
532,16990.891014427,16990.891785785,,2,GPU-5443d59d-561f-ed1e-da42-1975937205f9,ok,0,0,453,27.923,37,210,405,439,292
532,16990.891014427,16990.891934825,,3,GPU-46bf67bb-cb31-bee1-3cf0-c35337ba97d2,ok,0,0,453,26.194,41,210,405,439,292
532,16990.891014427,16990.892761666,,4,GPU-127e16de-2b5f-dde9-1932-b4e29bb818c0,ok,0,0,453,25.996,35,210,405,439,292
533,16991.891014427,16991.891808303,,0,GPU-9b96eb67-aeee-89d5-aa85-fc650af4e25c,ok,36,16,1646,233.058,68,1965,9501,13720,73193
533,16991.891014427,16991.891580913,,1,GPU-37ffc98b-8551-c8a1-5f3c-27ade9ae735a,ok,0,0,453,15.13,30,210,405,439,341
533,16991.891014427,16991.891850913,,2,GPU-5443d59d-561f-ed1e-da42-1975937205f9,ok,0,0,453,27.847,37,210,405,390,341
533,16991.891014427,16991.892306994,,3,GPU-46bf67bb-cb31-bee1-3cf0-c35337ba97d2,ok,0,0,453,26.168,41,210,405,439,292
533,16991.891014427,16991.891864723,,4,GPU-127e16de-2b5f-dde9-1932-b4e29bb818c0,ok,0,0,453,25.755,35,210,405,439,292
534,16992.891014427,16992.891827731,,0,GPU-9b96eb67-aeee-89d5-aa85-fc650af4e25c,ok,38,17,1646,235.531,68,1950,9501,15429,77148
534,16992.891014427,16992.893530442,,1,GPU-37ffc98b-8551-c8a1-5f3c-27ade9ae735a,ok,0,0,453,15.265,30,210,405,390,341
534,16992.891014427,16992.891588861,,2,GPU-5443d59d-561f-ed1e-da42-1975937205f9,ok,0,0,453,27.816,37,210,405,390,292
534,16992.891014427,16992.891654361,,3,GPU-46bf67bb-cb31-bee1-3cf0-c35337ba97d2,ok,0,0,453,26.312,41,210,405,439,292
534,16992.891014427,16992.891732421,,4,GPU-127e16de-2b5f-dde9-1932-b4e29bb818c0,ok,0,0,453,25.713,35,210,405,439,292
535,16993.891014427,16993.891939989,,0,GPU-9b96eb67-aeee-89d5-aa85-fc650af4e25c,ok,36,16,1646,236.185,68,1965,9501,12695,77392
535,16993.891014427,16993.89213828,,1,GPU-37ffc98b-8551-c8a1-5f3c-27ade9ae735a,ok,0,0,453,15.033,30,210,405,390,292
535,16993.891014427,16993.89218901,,2,GPU-5443d59d-561f-ed1e-da42-1975937205f9,ok,0,0,453,27.743,37,210,405,439,292
535,16993.891014427,16993.89216096,,3,GPU-46bf67bb-cb31-bee1-3cf0-c35337ba97d2,ok,0,0,453,26.152,41,210,405,439,341
535,16993.891014427,16993.891870349,,4,GPU-127e16de-2b5f-dde9-1932-b4e29bb818c0,ok,0,0,453,25.726,35,210,405,439,292
536,16994.891014427,16994.891843507,,0,GPU-9b96eb67-aeee-89d5-aa85-fc650af4e25c,ok,35,16,1646,237.717,68,1965,9501,14746,77197
536,16994.891014427,16994.891684467,,1,GPU-37ffc98b-8551-c8a1-5f3c-27ade9ae735a,ok,0,0,453,14.84,30,210,405,439,292
536,16994.891014427,16994.893002848,,2,GPU-5443d59d-561f-ed1e-da42-1975937205f9,ok,0,0,453,27.861,37,210,405,390,292
536,16994.891014427,16994.891872257,,3,GPU-46bf67bb-cb31-bee1-3cf0-c35337ba97d2,ok,0,0,453,26.125,41,210,405,390,292
536,16994.891014427,16994.891758617,,4,GPU-127e16de-2b5f-dde9-1932-b4e29bb818c0,ok,0,0,453,25.611,35,210,405,439,292
537,16995.891014427,16995.893031246,,0,GPU-9b96eb67-aeee-89d5-aa85-fc650af4e25c,ok,37,16,1646,213.444,66,1860,9501,15478,77441
537,16995.891014427,16995.891776915,,1,GPU-37ffc98b-8551-c8a1-5f3c-27ade9ae735a,ok,0,0,453,14.984,30,210,405,439,341
537,16995.891014427,16995.891885395,,2,GPU-5443d59d-561f-ed1e-da42-1975937205f9,ok,0,0,453,27.903,37,210,405,390,341
537,16995.891014427,16995.891910165,,3,GPU-46bf67bb-cb31-bee1-3cf0-c35337ba97d2,ok,0,0,453,26.257,41,210,405,439,292
537,16995.891014427,16995.891695925,,4,GPU-127e16de-2b5f-dde9-1932-b4e29bb818c0,ok,0,0,453,25.449,35,210,405,439,292
538,16996.891014427,16996.893593924,,0,GPU-9b96eb67-aeee-89d5-aa85-fc650af4e25c,ok,36,16,1646,212.991,67,1935,9501,15478,78320
538,16996.891014427,16996.891746473,,1,GPU-37ffc98b-8551-c8a1-5f3c-27ade9ae735a,ok,0,0,453,14.913,30,210,405,439,292
538,16996.891014427,16996.891787113,,2,GPU-5443d59d-561f-ed1e-da42-1975937205f9,ok,0,0,453,27.766,37,210,405,439,341
538,16996.891014427,16996.891640853,,3,GPU-46bf67bb-cb31-bee1-3cf0-c35337ba97d2,ok,0,0,453,26.049,41,210,405,439,292
538,16996.891014427,16996.892356464,,4,GPU-127e16de-2b5f-dde9-1932-b4e29bb818c0,ok,0,0,453,25.365,35,210,405,439,292
539,16997.891014427,16997.892827692,,0,GPU-9b96eb67-aeee-89d5-aa85-fc650af4e25c,ok,40,18,1646,234.764,68,1965,9501,14794,77441
539,16997.891014427,16997.891446371,,1,GPU-37ffc98b-8551-c8a1-5f3c-27ade9ae735a,ok,0,0,453,15.114,30,210,405,439,292
539,16997.891014427,16997.892891182,,2,GPU-5443d59d-561f-ed1e-da42-1975937205f9,ok,0,0,453,27.836,37,210,405,439,292
539,16997.891014427,16997.892917092,,3,GPU-46bf67bb-cb31-bee1-3cf0-c35337ba97d2,ok,0,0,453,26.084,41,210,405,439,292
539,16997.891014427,16997.891483991,,4,GPU-127e16de-2b5f-dde9-1932-b4e29bb818c0,ok,0,0,453,25.494,35,210,405,390,292
540,16998.891014427,16998.89183056,,0,GPU-9b96eb67-aeee-89d5-aa85-fc650af4e25c,ok,39,18,1646,241.683,68,1965,9501,14843,76513
540,16998.891014427,16998.8933053,,1,GPU-37ffc98b-8551-c8a1-5f3c-27ade9ae735a,ok,0,0,453,15.383,30,210,405,439,292
540,16998.891014427,16998.891667809,,2,GPU-5443d59d-561f-ed1e-da42-1975937205f9,ok,0,0,453,27.821,37,210,405,439,292
540,16998.891014427,16998.891636219,,3,GPU-46bf67bb-cb31-bee1-3cf0-c35337ba97d2,ok,0,0,453,26.339,41,210,405,439,292
540,16998.891014427,16998.8918953,,4,GPU-127e16de-2b5f-dde9-1932-b4e29bb818c0,ok,0,0,453,25.694,35,210,405,439,292
541,16999.891014427,16999.891925848,,0,GPU-9b96eb67-aeee-89d5-aa85-fc650af4e25c,ok,39,18,1646,240.902,68,1965,9501,14404,72509
541,16999.891014427,16999.891762378,,1,GPU-37ffc98b-8551-c8a1-5f3c-27ade9ae735a,ok,0,0,453,15.191,30,210,405,439,341
541,16999.891014427,16999.891789038,,2,GPU-5443d59d-561f-ed1e-da42-1975937205f9,ok,0,0,453,27.809,37,210,405,390,341
541,16999.891014427,16999.891896688,,3,GPU-46bf67bb-cb31-bee1-3cf0-c35337ba97d2,ok,0,0,453,26.203,41,210,405,439,292
541,16999.891014427,16999.891857878,,4,GPU-127e16de-2b5f-dde9-1932-b4e29bb818c0,ok,0,0,453,25.7,35,210,405,439,292
542,17000.891014427,17000.891651226,,0,GPU-9b96eb67-aeee-89d5-aa85-fc650af4e25c,ok,36,16,1646,237.061,68,1965,9501,14550,77636
542,17000.891014427,17000.891463095,,1,GPU-37ffc98b-8551-c8a1-5f3c-27ade9ae735a,ok,0,0,453,15.149,30,210,405,439,292
542,17000.891014427,17000.891738396,,2,GPU-5443d59d-561f-ed1e-da42-1975937205f9,ok,0,0,453,27.902,37,210,405,390,292
542,17000.891014427,17000.892176536,,3,GPU-46bf67bb-cb31-bee1-3cf0-c35337ba97d2,ok,0,0,453,26.224,41,210,405,439,292
542,17000.891014427,17000.893104816,,4,GPU-127e16de-2b5f-dde9-1932-b4e29bb818c0,ok,0,0,453,25.504,35,210,405,390,292
543,17001.891014427,17001.891884094,,0,GPU-9b96eb67-aeee-89d5-aa85-fc650af4e25c,ok,40,18,1646,238.532,68,1920,9501,14843,76269
543,17001.891014427,17001.891847844,,1,GPU-37ffc98b-8551-c8a1-5f3c-27ade9ae735a,ok,0,0,453,15.16,30,210,405,439,292
543,17001.891014427,17001.891618634,,2,GPU-5443d59d-561f-ed1e-da42-1975937205f9,ok,0,0,453,27.771,37,210,405,390,341
543,17001.891014427,17001.892335214,,3,GPU-46bf67bb-cb31-bee1-3cf0-c35337ba97d2,ok,0,0,453,26.412,41,210,405,439,292
543,17001.891014427,17001.891807574,,4,GPU-127e16de-2b5f-dde9-1932-b4e29bb818c0,ok,0,0,453,25.48,35,210,405,439,292
544,17002.891014427,17002.892266672,,0,GPU-9b96eb67-aeee-89d5-aa85-fc650af4e25c,ok,41,18,1646,223.996,67,1965,9501,14794,76660
544,17002.891014427,17002.891393732,,1,GPU-37ffc98b-8551-c8a1-5f3c-27ade9ae735a,ok,0,0,453,15.036,30,210,405,439,341
544,17002.891014427,17002.892293512,,2,GPU-5443d59d-561f-ed1e-da42-1975937205f9,ok,0,0,453,27.782,37,210,405,390,292
544,17002.891014427,17002.892319212,,3,GPU-46bf67bb-cb31-bee1-3cf0-c35337ba97d2,ok,0,0,453,26.244,41,210,405,439,292
544,17002.891014427,17002.892163322,,4,GPU-127e16de-2b5f-dde9-1932-b4e29bb818c0,ok,0,0,453,25.511,35,210,405,390,341
545,17003.891014427,17003.89220167,,0,GPU-9b96eb67-aeee-89d5-aa85-fc650af4e25c,ok,43,20,1646,239.684,69,1965,9501,15380,77734
545,17003.891014427,17003.891743,,1,GPU-37ffc98b-8551-c8a1-5f3c-27ade9ae735a,ok,0,0,453,15.039,30,210,405,439,292
545,17003.891014427,17003.89178003,,2,GPU-5443d59d-561f-ed1e-da42-1975937205f9,ok,0,0,453,27.903,37,210,405,439,292
545,17003.891014427,17003.89148817,,3,GPU-46bf67bb-cb31-bee1-3cf0-c35337ba97d2,ok,0,0,453,26.201,41,210,405,439,341
545,17003.891014427,17003.89170833,,4,GPU-127e16de-2b5f-dde9-1932-b4e29bb818c0,ok,0,0,453,25.62,35,210,405,439,292
546,17004.891014427,17004.892917908,,0,GPU-9b96eb67-aeee-89d5-aa85-fc650af4e25c,ok,39,18,1646,240.031,68,1965,9501,15429,77636
546,17004.891014427,17004.891483858,,1,GPU-37ffc98b-8551-c8a1-5f3c-27ade9ae735a,ok,0,0,453,14.904,30,210,405,439,292
546,17004.891014427,17004.892186648,,2,GPU-5443d59d-561f-ed1e-da42-1975937205f9,ok,0,0,453,27.77,37,210,405,439,292
546,17004.891014427,17004.892873438,,3,GPU-46bf67bb-cb31-bee1-3cf0-c35337ba97d2,ok,0,0,453,26.345,41,210,405,390,341
546,17004.891014427,17004.891623978,,4,GPU-127e16de-2b5f-dde9-1932-b4e29bb818c0,ok,0,0,453,25.709,35,210,405,439,292
547,17005.891014427,17005.891698836,,0,GPU-9b96eb67-aeee-89d5-aa85-fc650af4e25c,ok,33,14,1646,238.931,68,1935,9501,14501,76708
547,17005.891014427,17005.891795026,,1,GPU-37ffc98b-8551-c8a1-5f3c-27ade9ae735a,ok,0,0,453,14.947,30,210,405,439,292
547,17005.891014427,17005.891840426,,2,GPU-5443d59d-561f-ed1e-da42-1975937205f9,ok,0,0,453,27.784,37,210,405,439,341
547,17005.891014427,17005.891901476,,3,GPU-46bf67bb-cb31-bee1-3cf0-c35337ba97d2,ok,0,0,453,26.241,41,210,405,439,292
547,17005.891014427,17005.891874886,,4,GPU-127e16de-2b5f-dde9-1932-b4e29bb818c0,ok,0,0,453,25.609,35,210,405,439,292
548,17006.891014427,17006.891670284,,0,GPU-9b96eb67-aeee-89d5-aa85-fc650af4e25c,ok,34,14,1646,213.379,67,1860,9501,14697,77783
548,17006.891014427,17006.891476174,,1,GPU-37ffc98b-8551-c8a1-5f3c-27ade9ae735a,ok,0,0,453,15.141,30,210,405,439,292
548,17006.891014427,17006.892247814,,2,GPU-5443d59d-561f-ed1e-da42-1975937205f9,ok,0,0,453,28.014,37,210,405,390,292
548,17006.891014427,17006.892186374,,3,GPU-46bf67bb-cb31-bee1-3cf0-c35337ba97d2,ok,0,0,453,26.227,41,210,405,439,292
548,17006.891014427,17006.891696034,,4,GPU-127e16de-2b5f-dde9-1932-b4e29bb818c0,ok,0,0,453,25.464,35,210,405,439,292
549,17007.891014427,17007.891743412,,0,GPU-9b96eb67-aeee-89d5-aa85-fc650af4e25c,ok,34,15,1646,201.108,66,1905,9501,14990,77343
549,17007.891014427,17007.891878092,,1,GPU-37ffc98b-8551-c8a1-5f3c-27ade9ae735a,ok,0,0,453,15.095,30,210,405,439,292
549,17007.891014427,17007.891851752,,2,GPU-5443d59d-561f-ed1e-da42-1975937205f9,ok,0,0,453,27.878,37,210,405,439,292
549,17007.891014427,17007.891706452,,3,GPU-46bf67bb-cb31-bee1-3cf0-c35337ba97d2,ok,0,0,453,26.286,41,210,405,439,292
549,17007.891014427,17007.891569222,,4,GPU-127e16de-2b5f-dde9-1932-b4e29bb818c0,ok,0,0,453,25.211,35,210,405,439,292
550,17008.891014427,17008.89191554,,0,GPU-9b96eb67-aeee-89d5-aa85-fc650af4e25c,ok,36,15,1646,212.252,66,1905,9501,14746,76367
550,17008.891014427,17008.89173489,,1,GPU-37ffc98b-8551-c8a1-5f3c-27ade9ae735a,ok,0,0,453,15.267,30,210,405,439,292
550,17008.891014427,17008.89188363,,2,GPU-5443d59d-561f-ed1e-da42-1975937205f9,ok,0,0,453,27.724,37,210,405,439,341
550,17008.891014427,17008.89182759,,3,GPU-46bf67bb-cb31-bee1-3cf0-c35337ba97d2,ok,0,0,453,26.082,41,210,405,439,292
550,17008.891014427,17008.89198403,,4,GPU-127e16de-2b5f-dde9-1932-b4e29bb818c0,ok,0,0,453,25.047,35,210,405,390,341
551,17009.891014427,17009.891387498,,0,GPU-9b96eb67-aeee-89d5-aa85-fc650af4e25c,ok,36,15,1646,219.153,67,1950,9501,14306,75830
551,17009.891014427,17009.892161798,,1,GPU-37ffc98b-8551-c8a1-5f3c-27ade9ae735a,ok,0,0,453,15.348,30,210,405,439,341
551,17009.891014427,17009.892065518,,2,GPU-5443d59d-561f-ed1e-da42-1975937205f9,ok,0,0,453,27.793,37,210,405,390,292
551,17009.891014427,17009.892084898,,3,GPU-46bf67bb-cb31-bee1-3cf0-c35337ba97d2,ok,0,0,453,26.107,41,210,405,439,292
551,17009.891014427,17009.891985528,,4,GPU-127e16de-2b5f-dde9-1932-b4e29bb818c0,ok,0,0,453,25.072,35,210,405,439,292
552,17010.891014427,17010.891983846,,0,GPU-9b96eb67-aeee-89d5-aa85-fc650af4e25c,ok,37,17,1646,234.351,68,1965,9501,14941,76611
552,17010.891014427,17010.891677446,,1,GPU-37ffc98b-8551-c8a1-5f3c-27ade9ae735a,ok,0,0,453,15.1,30,210,405,439,292
552,17010.891014427,17010.892010296,,2,GPU-5443d59d-561f-ed1e-da42-1975937205f9,ok,0,0,453,27.669,37,210,405,439,292
552,17010.891014427,17010.891828746,,3,GPU-46bf67bb-cb31-bee1-3cf0-c35337ba97d2,ok,0,0,453,26.324,41,210,405,439,341
552,17010.891014427,17010.891955506,,4,GPU-127e16de-2b5f-dde9-1932-b4e29bb818c0,ok,0,0,453,25.265,35,210,405,439,292
553,17011.891014427,17011.891965464,,0,GPU-9b96eb67-aeee-89d5-aa85-fc650af4e25c,ok,37,17,1646,241.943,68,1965,9501,13427,54199
553,17011.891014427,17011.891750964,,1,GPU-37ffc98b-8551-c8a1-5f3c-27ade9ae735a,ok,0,0,453,15.026,30,210,405,439,292
553,17011.891014427,17011.891888224,,2,GPU-5443d59d-561f-ed1e-da42-1975937205f9,ok,0,0,453,27.682,37,210,405,439,341
553,17011.891014427,17011.892004664,,3,GPU-46bf67bb-cb31-bee1-3cf0-c35337ba97d2,ok,0,0,453,26.172,41,210,405,439,292
553,17011.891014427,17011.891924434,,4,GPU-127e16de-2b5f-dde9-1932-b4e29bb818c0,ok,0,0,453,25.561,35,210,405,439,292
554,17012.891014427,17012.892011832,,0,GPU-9b96eb67-aeee-89d5-aa85-fc650af4e25c,ok,37,17,1646,240.334,68,1965,9501,14843,77441
554,17012.891014427,17012.891987432,,1,GPU-37ffc98b-8551-c8a1-5f3c-27ade9ae735a,ok,0,0,453,14.964,30,210,405,439,341
554,17012.891014427,17012.891942492,,2,GPU-5443d59d-561f-ed1e-da42-1975937205f9,ok,0,0,453,27.789,37,210,405,439,292
554,17012.891014427,17012.892046632,,3,GPU-46bf67bb-cb31-bee1-3cf0-c35337ba97d2,ok,0,0,453,26.129,41,210,405,439,292
554,17012.891014427,17012.891755742,,4,GPU-127e16de-2b5f-dde9-1932-b4e29bb818c0,ok,0,0,453,25.752,35,210,405,439,292
555,17013.891014427,17013.89190447,,0,GPU-9b96eb67-aeee-89d5-aa85-fc650af4e25c,ok,37,17,1646,239.648,68,1965,9501,14990,76562
555,17013.891014427,17013.89178518,,1,GPU-37ffc98b-8551-c8a1-5f3c-27ade9ae735a,ok,0,0,453,14.775,30,210,405,439,292
555,17013.891014427,17013.89174269,,2,GPU-5443d59d-561f-ed1e-da42-1975937205f9,ok,0,0,453,27.708,37,210,405,439,292
555,17013.891014427,17013.89305484,,3,GPU-46bf67bb-cb31-bee1-3cf0-c35337ba97d2,ok,0,0,453,26.303,41,210,405,390,292
555,17013.891014427,17013.89187269,,4,GPU-127e16de-2b5f-dde9-1932-b4e29bb818c0,ok,0,0,453,25.554,35,210,405,439,292
556,17014.891014427,17014.891785368,,0,GPU-9b96eb67-aeee-89d5-aa85-fc650af4e25c,ok,36,17,1646,239.621,68,1965,9501,15087,77929
556,17014.891014427,17014.891835428,,1,GPU-37ffc98b-8551-c8a1-5f3c-27ade9ae735a,ok,0,0,453,14.88,30,210,405,439,292
556,17014.891014427,17014.892292238,,2,GPU-5443d59d-561f-ed1e-da42-1975937205f9,ok,0,0,453,27.816,37,210,405,390,341
556,17014.891014427,17014.891586498,,3,GPU-46bf67bb-cb31-bee1-3cf0-c35337ba97d2,ok,0,0,453,26.221,41,210,405,390,292
556,17014.891014427,17014.891760108,,4,GPU-127e16de-2b5f-dde9-1932-b4e29bb818c0,ok,0,0,453,25.484,35,210,405,439,292
557,17015.891014427,17015.891699686,,0,GPU-9b96eb67-aeee-89d5-aa85-fc650af4e25c,ok,40,18,1646,241.164,68,1965,9501,14599,77099
557,17015.891014427,17015.892358156,,1,GPU-37ffc98b-8551-c8a1-5f3c-27ade9ae735a,ok,0,0,453,15.07,30,210,405,439,292
557,17015.891014427,17015.891783716,,2,GPU-5443d59d-561f-ed1e-da42-1975937205f9,ok,0,0,453,28.0,37,210,405,439,341
557,17015.891014427,17015.892649506,,3,GPU-46bf67bb-cb31-bee1-3cf0-c35337ba97d2,ok,0,0,453,26.242,41,210,405,439,292
557,17015.891014427,17015.891621946,,4,GPU-127e16de-2b5f-dde9-1932-b4e29bb818c0,ok,0,0,453,25.665,35,210,405,439,341
558,17016.891014427,17016.891636614,,0,GPU-9b96eb67-aeee-89d5-aa85-fc650af4e25c,ok,38,17,1646,240.576,68,1965,9501,14355,77392
558,17016.891014427,17016.891722234,,1,GPU-37ffc98b-8551-c8a1-5f3c-27ade9ae735a,ok,0,0,453,14.972,30,210,405,439,292
558,17016.891014427,17016.891760964,,2,GPU-5443d59d-561f-ed1e-da42-1975937205f9,ok,0,0,453,27.924,37,210,405,439,292
558,17016.891014427,17016.892014054,,3,GPU-46bf67bb-cb31-bee1-3cf0-c35337ba97d2,ok,0,0,453,26.405,41,210,405,439,292
558,17016.891014427,17016.891839584,,4,GPU-127e16de-2b5f-dde9-1932-b4e29bb818c0,ok,0,0,453,25.651,35,210,405,439,341
559,17017.891014427,17017.891753452,,0,GPU-9b96eb67-aeee-89d5-aa85-fc650af4e25c,ok,40,18,1646,239.671,68,1935,9501,14550,76562
559,17017.891014427,17017.891942132,,1,GPU-37ffc98b-8551-c8a1-5f3c-27ade9ae735a,ok,0,0,453,14.985,30,210,405,439,292
559,17017.891014427,17017.891970362,,2,GPU-5443d59d-561f-ed1e-da42-1975937205f9,ok,0,0,453,27.958,37,210,405,439,292
559,17017.891014427,17017.891924562,,3,GPU-46bf67bb-cb31-bee1-3cf0-c35337ba97d2,ok,0,0,453,26.233,41,210,405,390,292
559,17017.891014427,17017.892001062,,4,GPU-127e16de-2b5f-dde9-1932-b4e29bb818c0,ok,0,0,453,25.72,35,210,405,439,341
560,17018.891014427,17018.89180763,,0,GPU-9b96eb67-aeee-89d5-aa85-fc650af4e25c,ok,39,17,1646,218.067,67,1875,9501,14062,72753
560,17018.891014427,17018.89186799,,1,GPU-37ffc98b-8551-c8a1-5f3c-27ade9ae735a,ok,0,0,453,15.067,30,210,405,439,341
560,17018.891014427,17018.89178194,,2,GPU-5443d59d-561f-ed1e-da42-1975937205f9,ok,0,0,453,28.021,37,210,405,390,341
560,17018.891014427,17018.89191818,,3,GPU-46bf67bb-cb31-bee1-3cf0-c35337ba97d2,ok,0,0,453,26.21,41,210,405,439,292
560,17018.891014427,17018.89174177,,4,GPU-127e16de-2b5f-dde9-1932-b4e29bb818c0,ok,0,0,453,25.671,35,210,405,439,292
561,17019.891014427,17019.891778488,,0,GPU-9b96eb67-aeee-89d5-aa85-fc650af4e25c,ok,41,18,1646,203.966,67,1845,9501,14941,76855
561,17019.891014427,17019.891669338,,1,GPU-37ffc98b-8551-c8a1-5f3c-27ade9ae735a,ok,0,0,453,14.942,30,210,405,439,292
561,17019.891014427,17019.891871018,,2,GPU-5443d59d-561f-ed1e-da42-1975937205f9,ok,0,0,453,27.856,37,210,405,439,292
561,17019.891014427,17019.893189888,,3,GPU-46bf67bb-cb31-bee1-3cf0-c35337ba97d2,ok,0,0,453,26.373,41,210,405,439,341
561,17019.891014427,17019.891744538,,4,GPU-127e16de-2b5f-dde9-1932-b4e29bb818c0,ok,0,0,453,25.286,35,210,405,439,292
562,17020.891014427,17020.892392496,,0,GPU-9b96eb67-aeee-89d5-aa85-fc650af4e25c,ok,45,20,1646,201.941,67,1935,9501,15576,78076
562,17020.891014427,17020.891863586,,1,GPU-37ffc98b-8551-c8a1-5f3c-27ade9ae735a,ok,0,0,453,14.983,30,210,405,439,292
562,17020.891014427,17020.891905876,,2,GPU-5443d59d-561f-ed1e-da42-1975937205f9,ok,0,0,453,27.814,37,210,405,439,292
562,17020.891014427,17020.891922836,,3,GPU-46bf67bb-cb31-bee1-3cf0-c35337ba97d2,ok,0,0,453,26.196,41,210,405,439,292
562,17020.891014427,17020.891686496,,4,GPU-127e16de-2b5f-dde9-1932-b4e29bb818c0,ok,0,0,453,24.96,35,210,405,439,292
563,17021.891014427,17021.891714924,,0,GPU-9b96eb67-aeee-89d5-aa85-fc650af4e25c,ok,38,17,1646,228.065,68,1965,9501,14990,77880
563,17021.891014427,17021.891467554,,1,GPU-37ffc98b-8551-c8a1-5f3c-27ade9ae735a,ok,0,0,453,15.184,30,210,405,439,341
563,17021.891014427,17021.891700764,,2,GPU-5443d59d-561f-ed1e-da42-1975937205f9,ok,0,0,453,27.91,37,210,405,439,292
563,17021.891014427,17021.892189734,,3,GPU-46bf67bb-cb31-bee1-3cf0-c35337ba97d2,ok,0,0,453,26.216,41,210,405,390,292
563,17021.891014427,17021.892237994,,4,GPU-127e16de-2b5f-dde9-1932-b4e29bb818c0,ok,0,0,453,25.052,35,210,405,390,292
564,17022.891014427,17022.893495083,,0,GPU-9b96eb67-aeee-89d5-aa85-fc650af4e25c,ok,33,15,1646,240.617,68,1965,9501,15625,77929
564,17022.891014427,17022.892238572,,1,GPU-37ffc98b-8551-c8a1-5f3c-27ade9ae735a,ok,0,0,453,14.948,30,210,405,439,292
564,17022.891014427,17022.891688182,,2,GPU-5443d59d-561f-ed1e-da42-1975937205f9,ok,0,0,453,27.926,37,210,405,439,292
564,17022.891014427,17022.891548042,,3,GPU-46bf67bb-cb31-bee1-3cf0-c35337ba97d2,ok,0,0,453,26.413,41,210,405,439,292
564,17022.891014427,17022.891657742,,4,GPU-127e16de-2b5f-dde9-1932-b4e29bb818c0,ok,0,0,453,25.3,35,210,405,439,341
565,17023.891014427,17023.89239621,,0,GPU-9b96eb67-aeee-89d5-aa85-fc650af4e25c,ok,37,17,1646,239.57,68,1965,9501,15283,78515
565,17023.891014427,17023.89137937,,1,GPU-37ffc98b-8551-c8a1-5f3c-27ade9ae735a,ok,0,0,453,14.824,30,210,405,439,292
565,17023.891014427,17023.89235147,,2,GPU-5443d59d-561f-ed1e-da42-1975937205f9,ok,0,0,453,27.935,37,210,405,390,292
565,17023.891014427,17023.89227908,,3,GPU-46bf67bb-cb31-bee1-3cf0-c35337ba97d2,ok,0,0,453,26.209,41,210,405,439,292
565,17023.891014427,17023.89230963,,4,GPU-127e16de-2b5f-dde9-1932-b4e29bb818c0,ok,0,0,453,25.486,35,210,405,439,341
566,17024.891014427,17024.891690108,,0,GPU-9b96eb67-aeee-89d5-aa85-fc650af4e25c,ok,34,15,1646,243.024,68,1965,9501,14599,77050
566,17024.891014427,17024.891732488,,1,GPU-37ffc98b-8551-c8a1-5f3c-27ade9ae735a,ok,0,0,453,15.081,30,210,405,439,292
566,17024.891014427,17024.891932608,,2,GPU-5443d59d-561f-ed1e-da42-1975937205f9,ok,0,0,453,28.015,37,210,405,439,292
566,17024.891014427,17024.891897448,,3,GPU-46bf67bb-cb31-bee1-3cf0-c35337ba97d2,ok,0,0,453,26.163,41,210,405,439,341
566,17024.891014427,17024.891956878,,4,GPU-127e16de-2b5f-dde9-1932-b4e29bb818c0,ok,0,0,453,25.697,35,210,405,439,341
567,17025.891014427,17025.891966146,,0,GPU-9b96eb67-aeee-89d5-aa85-fc650af4e25c,ok,36,16,1646,237.958,68,1965,9501,14013,73193
567,17025.891014427,17025.891644966,,1,GPU-37ffc98b-8551-c8a1-5f3c-27ade9ae735a,ok,0,0,453,15.058,30,210,405,439,292
567,17025.891014427,17025.891933316,,2,GPU-5443d59d-561f-ed1e-da42-1975937205f9,ok,0,0,453,27.832,37,210,405,439,341
567,17025.891014427,17025.891947366,,3,GPU-46bf67bb-cb31-bee1-3cf0-c35337ba97d2,ok,0,0,453,26.343,41,210,405,439,341
567,17025.891014427,17025.891992806,,4,GPU-127e16de-2b5f-dde9-1932-b4e29bb818c0,ok,0,0,453,25.597,35,210,405,439,292
568,17026.891014427,17026.891824094,,0,GPU-9b96eb67-aeee-89d5-aa85-fc650af4e25c,ok,35,15,1646,238.681,68,1965,9501,13867,72998
568,17026.891014427,17026.891861184,,1,GPU-37ffc98b-8551-c8a1-5f3c-27ade9ae735a,ok,0,0,453,15.183,30,210,405,439,341
568,17026.891014427,17026.891703894,,2,GPU-5443d59d-561f-ed1e-da42-1975937205f9,ok,0,0,453,27.749,37,210,405,439,292
568,17026.891014427,17026.891920074,,3,GPU-46bf67bb-cb31-bee1-3cf0-c35337ba97d2,ok,0,0,453,26.256,41,210,405,390,292
568,17026.891014427,17026.891960854,,4,GPU-127e16de-2b5f-dde9-1932-b4e29bb818c0,ok,0,0,453,25.305,35,210,405,439,292
569,17027.891014427,17027.891567812,,0,GPU-9b96eb67-aeee-89d5-aa85-fc650af4e25c,ok,36,16,1646,238.503,68,1965,9501,13818,73193
569,17027.891014427,17027.891522012,,1,GPU-37ffc98b-8551-c8a1-5f3c-27ade9ae735a,ok,0,0,453,15.39,30,210,405,439,292
569,17027.891014427,17027.892516052,,2,GPU-5443d59d-561f-ed1e-da42-1975937205f9,ok,0,0,453,27.882,37,210,405,439,292
569,17027.891014427,17027.891748012,,3,GPU-46bf67bb-cb31-bee1-3cf0-c35337ba97d2,ok,0,0,453,26.234,41,210,405,390,292
569,17027.891014427,17027.893144243,,4,GPU-127e16de-2b5f-dde9-1932-b4e29bb818c0,ok,0,0,453,25.211,35,210,405,439,341
570,17028.891014427,17028.89172136,,0,GPU-9b96eb67-aeee-89d5-aa85-fc650af4e25c,ok,36,16,1646,230.159,67,1890,9501,11083,74462
570,17028.891014427,17028.89198304,,1,GPU-37ffc98b-8551-c8a1-5f3c-27ade9ae735a,ok,0,0,453,15.242,30,210,405,439,292
570,17028.891014427,17028.89174823,,2,GPU-5443d59d-561f-ed1e-da42-1975937205f9,ok,0,0,453,27.775,37,210,405,439,292
570,17028.891014427,17028.89192504,,3,GPU-46bf67bb-cb31-bee1-3cf0-c35337ba97d2,ok,0,0,453,26.149,41,210,405,439,292
570,17028.891014427,17028.89187883,,4,GPU-127e16de-2b5f-dde9-1932-b4e29bb818c0,ok,0,0,453,25.243,35,210,405,439,292
571,17029.891014427,17029.891487428,,0,GPU-9b96eb67-aeee-89d5-aa85-fc650af4e25c,ok,38,17,1646,214.447,67,1920,9501,13720,72363
571,17029.891014427,17029.891948668,,1,GPU-37ffc98b-8551-c8a1-5f3c-27ade9ae735a,ok,0,0,453,15.14,30,210,405,439,292
571,17029.891014427,17029.891662258,,2,GPU-5443d59d-561f-ed1e-da42-1975937205f9,ok,0,0,453,27.733,37,210,405,439,292
571,17029.891014427,17029.892034718,,3,GPU-46bf67bb-cb31-bee1-3cf0-c35337ba97d2,ok,0,0,453,26.101,41,210,405,439,292
571,17029.891014427,17029.891985738,,4,GPU-127e16de-2b5f-dde9-1932-b4e29bb818c0,ok,0,0,453,25.005,35,210,405,439,292
572,17030.891014427,17030.892387206,,0,GPU-9b96eb67-aeee-89d5-aa85-fc650af4e25c,ok,37,17,1646,229.931,68,1965,9501,14404,73437
572,17030.891014427,17030.891820756,,1,GPU-37ffc98b-8551-c8a1-5f3c-27ade9ae735a,ok,0,0,453,15.262,30,210,405,439,292
572,17030.891014427,17030.891853686,,2,GPU-5443d59d-561f-ed1e-da42-1975937205f9,ok,0,0,453,27.75,37,210,405,439,292
572,17030.891014427,17030.892354756,,3,GPU-46bf67bb-cb31-bee1-3cf0-c35337ba97d2,ok,0,0,453,26.282,41,210,405,390,292
572,17030.891014427,17030.891589176,,4,GPU-127e16de-2b5f-dde9-1932-b4e29bb818c0,ok,0,0,453,25.051,35,210,405,439,292
573,17031.891014427,17031.892244914,,0,GPU-9b96eb67-aeee-89d5-aa85-fc650af4e25c,ok,37,17,1646,237.699,68,1965,9501,14843,76757
573,17031.891014427,17031.891836004,,1,GPU-37ffc98b-8551-c8a1-5f3c-27ade9ae735a,ok,0,0,453,15.191,30,210,405,390,341
573,17031.891014427,17031.891539884,,2,GPU-5443d59d-561f-ed1e-da42-1975937205f9,ok,0,0,453,27.705,37,210,405,439,341
573,17031.891014427,17031.891744684,,3,GPU-46bf67bb-cb31-bee1-3cf0-c35337ba97d2,ok,0,0,453,26.182,41,210,405,439,292
573,17031.891014427,17031.891770554,,4,GPU-127e16de-2b5f-dde9-1932-b4e29bb818c0,ok,0,0,453,25.427,35,210,405,439,292
574,17032.891014427,17032.892113982,,0,GPU-9b96eb67-aeee-89d5-aa85-fc650af4e25c,ok,39,17,1646,221.02,67,1875,9501,13378,76708
574,17032.891014427,17032.892243992,,1,GPU-37ffc98b-8551-c8a1-5f3c-27ade9ae735a,ok,0,0,453,15.19,30,210,405,439,292
574,17032.891014427,17032.891491702,,2,GPU-5443d59d-561f-ed1e-da42-1975937205f9,ok,0,0,453,27.716,37,210,405,439,292
574,17032.891014427,17032.891706672,,3,GPU-46bf67bb-cb31-bee1-3cf0-c35337ba97d2,ok,0,0,453,26.179,41,210,405,488,341
574,17032.891014427,17032.892222102,,4,GPU-127e16de-2b5f-dde9-1932-b4e29bb818c0,ok,0,0,453,25.401,35,210,405,439,292
575,17033.891014427,17033.89187309,,0,GPU-9b96eb67-aeee-89d5-aa85-fc650af4e25c,ok,39,17,1646,220.544,67,1935,9501,14794,77734
575,17033.891014427,17033.89180188,,1,GPU-37ffc98b-8551-c8a1-5f3c-27ade9ae735a,ok,0,0,453,15.35,30,210,405,439,292
575,17033.891014427,17033.89167526,,2,GPU-5443d59d-561f-ed1e-da42-1975937205f9,ok,0,0,453,27.582,37,210,405,439,292
575,17033.891014427,17033.8918432,,3,GPU-46bf67bb-cb31-bee1-3cf0-c35337ba97d2,ok,0,0,453,26.437,41,210,405,439,292
575,17033.891014427,17033.892393491,,4,GPU-127e16de-2b5f-dde9-1932-b4e29bb818c0,ok,0,0,453,25.288,35,210,405,439,341
576,17034.891014427,17034.891754178,,0,GPU-9b96eb67-aeee-89d5-aa85-fc650af4e25c,ok,41,18,1646,236.288,68,1965,9501,14892,78076
576,17034.891014427,17034.891619998,,1,GPU-37ffc98b-8551-c8a1-5f3c-27ade9ae735a,ok,0,0,453,15.102,30,210,405,439,341
576,17034.891014427,17034.891593538,,2,GPU-5443d59d-561f-ed1e-da42-1975937205f9,ok,0,0,453,27.588,37,210,405,390,341
576,17034.891014427,17034.893009409,,3,GPU-46bf67bb-cb31-bee1-3cf0-c35337ba97d2,ok,0,0,453,26.338,41,210,405,390,341
576,17034.891014427,17034.892976009,,4,GPU-127e16de-2b5f-dde9-1932-b4e29bb818c0,ok,0,0,453,25.378,35,210,405,439,341
577,17035.891014427,17035.891778806,,0,GPU-9b96eb67-aeee-89d5-aa85-fc650af4e25c,ok,40,18,1646,240.311,68,1935,9501,15136,78173
577,17035.891014427,17035.892985547,,1,GPU-37ffc98b-8551-c8a1-5f3c-27ade9ae735a,ok,0,0,453,14.899,30,210,405,439,292
577,17035.891014427,17035.893283337,,2,GPU-5443d59d-561f-ed1e-da42-1975937205f9,ok,0,0,453,27.674,37,210,405,439,292
577,17035.891014427,17035.891711356,,3,GPU-46bf67bb-cb31-bee1-3cf0-c35337ba97d2,ok,0,0,453,26.329,41,210,405,439,341
577,17035.891014427,17035.891649766,,4,GPU-127e16de-2b5f-dde9-1932-b4e29bb818c0,ok,0,0,453,25.383,35,210,405,439,292
578,17036.891014427,17036.891475184,,0,GPU-9b96eb67-aeee-89d5-aa85-fc650af4e25c,ok,44,20,1646,232.146,67,1965,9501,14550,77294
578,17036.891014427,17036.891940154,,1,GPU-37ffc98b-8551-c8a1-5f3c-27ade9ae735a,ok,0,0,453,15.071,30,210,405,439,292
578,17036.891014427,17036.892564305,,2,GPU-5443d59d-561f-ed1e-da42-1975937205f9,ok,0,0,453,27.617,37,210,405,439,292
578,17036.891014427,17036.891992384,,3,GPU-46bf67bb-cb31-bee1-3cf0-c35337ba97d2,ok,0,0,453,26.496,41,210,405,439,292
578,17036.891014427,17036.891625744,,4,GPU-127e16de-2b5f-dde9-1932-b4e29bb818c0,ok,0,0,453,25.211,35,210,405,439,292
579,17037.891014427,17037.891647112,,0,GPU-9b96eb67-aeee-89d5-aa85-fc650af4e25c,ok,36,16,1646,239.039,68,1965,9501,14697,77099
579,17037.891014427,17037.891889442,,1,GPU-37ffc98b-8551-c8a1-5f3c-27ade9ae735a,ok,0,0,453,15.041,30,210,405,439,341
579,17037.891014427,17037.891817102,,2,GPU-5443d59d-561f-ed1e-da42-1975937205f9,ok,0,0,453,27.574,37,210,405,390,292
579,17037.891014427,17037.891913212,,3,GPU-46bf67bb-cb31-bee1-3cf0-c35337ba97d2,ok,0,0,453,26.264,41,210,405,439,292
579,17037.891014427,17037.892084973,,4,GPU-127e16de-2b5f-dde9-1932-b4e29bb818c0,ok,0,0,453,25.438,35,210,405,439,292
580,17038.891014427,17038.892224531,,0,GPU-9b96eb67-aeee-89d5-aa85-fc650af4e25c,ok,33,15,1646,239.901,68,1965,9501,14990,77050
580,17038.891014427,17038.89167435,,1,GPU-37ffc98b-8551-c8a1-5f3c-27ade9ae735a,ok,0,0,453,15.085,30,210,405,439,341
580,17038.891014427,17038.89170673,,2,GPU-5443d59d-561f-ed1e-da42-1975937205f9,ok,0,0,453,27.703,37,210,405,439,341
580,17038.891014427,17038.892269721,,3,GPU-46bf67bb-cb31-bee1-3cf0-c35337ba97d2,ok,0,0,453,26.231,41,210,405,390,292
580,17038.891014427,17038.89147448,,4,GPU-127e16de-2b5f-dde9-1932-b4e29bb818c0,ok,0,0,453,25.707,35,210,405,439,292
581,17039.891014427,17039.892847919,,0,GPU-9b96eb67-aeee-89d5-aa85-fc650af4e25c,ok,34,15,1646,237.863,68,1965,9501,15527,78173
581,17039.891014427,17039.891714538,,1,GPU-37ffc98b-8551-c8a1-5f3c-27ade9ae735a,ok,0,0,453,15.227,30,210,405,439,292
581,17039.891014427,17039.892211439,,2,GPU-5443d59d-561f-ed1e-da42-1975937205f9,ok,0,0,453,27.622,37,210,405,439,292
581,17039.891014427,17039.891648638,,3,GPU-46bf67bb-cb31-bee1-3cf0-c35337ba97d2,ok,0,0,453,26.349,41,210,405,439,292
581,17039.891014427,17039.891498328,,4,GPU-127e16de-2b5f-dde9-1932-b4e29bb818c0,ok,0,0,453,25.762,35,210,405,390,292
582,17040.891014427,17040.892453197,,0,GPU-9b96eb67-aeee-89d5-aa85-fc650af4e25c,ok,34,15,1646,238.304,68,1965,9501,15527,77197
582,17040.891014427,17040.891790816,,1,GPU-37ffc98b-8551-c8a1-5f3c-27ade9ae735a,ok,0,0,453,15.255,30,210,405,439,292
582,17040.891014427,17040.891838927,,2,GPU-5443d59d-561f-ed1e-da42-1975937205f9,ok,0,0,453,27.609,37,210,405,390,292
582,17040.891014427,17040.891850587,,3,GPU-46bf67bb-cb31-bee1-3cf0-c35337ba97d2,ok,0,0,453,26.199,41,210,405,439,292
582,17040.891014427,17040.891725196,,4,GPU-127e16de-2b5f-dde9-1932-b4e29bb818c0,ok,0,0,453,25.74,35,210,405,439,292
583,17041.891014427,17041.892303155,,0,GPU-9b96eb67-aeee-89d5-aa85-fc650af4e25c,ok,37,16,1646,234.823,67,1920,9501,14941,77392
583,17041.891014427,17041.891376254,,1,GPU-37ffc98b-8551-c8a1-5f3c-27ade9ae735a,ok,0,0,453,15.351,30,210,405,390,292
583,17041.891014427,17041.892385575,,2,GPU-5443d59d-561f-ed1e-da42-1975937205f9,ok,0,0,453,27.753,37,210,405,439,292
583,17041.891014427,17041.892352945,,3,GPU-46bf67bb-cb31-bee1-3cf0-c35337ba97d2,ok,0,0,453,26.24,41,210,405,439,341
583,17041.891014427,17041.892326335,,4,GPU-127e16de-2b5f-dde9-1932-b4e29bb818c0,ok,0,0,453,25.723,35,210,405,439,292
584,17042.891014427,17042.892318973,,0,GPU-9b96eb67-aeee-89d5-aa85-fc650af4e25c,ok,37,17,1646,227.447,68,1965,9501,14941,77392
584,17042.891014427,17042.891387192,,1,GPU-37ffc98b-8551-c8a1-5f3c-27ade9ae735a,ok,0,0,453,15.173,30,210,405,390,341
584,17042.891014427,17042.892235713,,2,GPU-5443d59d-561f-ed1e-da42-1975937205f9,ok,0,0,453,27.682,37,210,405,439,341
584,17042.891014427,17042.892346883,,3,GPU-46bf67bb-cb31-bee1-3cf0-c35337ba97d2,ok,0,0,453,26.352,41,210,405,390,341
584,17042.891014427,17042.892387013,,4,GPU-127e16de-2b5f-dde9-1932-b4e29bb818c0,ok,0,0,453,25.802,35,210,405,390,292
585,17043.891014427,17043.892280921,,0,GPU-9b96eb67-aeee-89d5-aa85-fc650af4e25c,ok,37,17,1646,241.572,68,1965,9501,12060,77343
585,17043.891014427,17043.892255711,,1,GPU-37ffc98b-8551-c8a1-5f3c-27ade9ae735a,ok,0,0,453,15.083,30,210,405,439,341
585,17043.891014427,17043.891674801,,2,GPU-5443d59d-561f-ed1e-da42-1975937205f9,ok,0,0,453,27.69,37,210,405,439,292
585,17043.891014427,17043.891710521,,3,GPU-46bf67bb-cb31-bee1-3cf0-c35337ba97d2,ok,0,0,453,26.175,41,210,405,439,341
585,17043.891014427,17043.8914974,,4,GPU-127e16de-2b5f-dde9-1932-b4e29bb818c0,ok,0,0,453,25.8,35,210,405,439,292
586,17044.891014427,17044.892208639,,0,GPU-9b96eb67-aeee-89d5-aa85-fc650af4e25c,ok,37,17,1646,240.663,68,1965,9501,14501,78125
586,17044.891014427,17044.891390638,,1,GPU-37ffc98b-8551-c8a1-5f3c-27ade9ae735a,ok,0,0,453,15.195,30,210,405,439,292
586,17044.891014427,17044.892391559,,2,GPU-5443d59d-561f-ed1e-da42-1975937205f9,ok,0,0,453,27.867,37,210,405,390,292
586,17044.891014427,17044.892311019,,3,GPU-46bf67bb-cb31-bee1-3cf0-c35337ba97d2,ok,0,0,453,26.212,41,210,405,439,292
586,17044.891014427,17044.892357609,,4,GPU-127e16de-2b5f-dde9-1932-b4e29bb818c0,ok,0,0,453,25.938,35,210,405,439,292
587,17045.891014427,17045.891735197,,0,GPU-9b96eb67-aeee-89d5-aa85-fc650af4e25c,ok,38,17,1646,241.123,68,1965,9501,14404,77343
587,17045.891014427,17045.891886947,,1,GPU-37ffc98b-8551-c8a1-5f3c-27ade9ae735a,ok,0,0,453,15.072,30,210,405,390,341
587,17045.891014427,17045.891860637,,2,GPU-5443d59d-561f-ed1e-da42-1975937205f9,ok,0,0,453,27.812,37,210,405,390,341
587,17045.891014427,17045.891844727,,3,GPU-46bf67bb-cb31-bee1-3cf0-c35337ba97d2,ok,0,0,453,26.459,41,210,405,439,292
587,17045.891014427,17045.891771647,,4,GPU-127e16de-2b5f-dde9-1932-b4e29bb818c0,ok,0,0,453,25.929,35,210,405,439,292
588,17046.891014427,17046.891909975,,0,GPU-9b96eb67-aeee-89d5-aa85-fc650af4e25c,ok,38,17,1646,240.574,68,1965,9501,14794,78955
588,17046.891014427,17046.891936585,,1,GPU-37ffc98b-8551-c8a1-5f3c-27ade9ae735a,ok,0,0,453,15.079,30,210,405,439,292
588,17046.891014427,17046.891747825,,2,GPU-5443d59d-561f-ed1e-da42-1975937205f9,ok,0,0,453,27.906,37,210,405,390,292
588,17046.891014427,17046.891969965,,3,GPU-46bf67bb-cb31-bee1-3cf0-c35337ba97d2,ok,0,0,453,26.312,41,210,405,390,292
588,17046.891014427,17046.891880745,,4,GPU-127e16de-2b5f-dde9-1932-b4e29bb818c0,ok,0,0,453,25.883,35,210,405,439,292
589,17047.891014427,17047.892378203,,0,GPU-9b96eb67-aeee-89d5-aa85-fc650af4e25c,ok,36,16,1646,238.012,68,1965,9501,15527,78173
589,17047.891014427,17047.892253383,,1,GPU-37ffc98b-8551-c8a1-5f3c-27ade9ae735a,ok,0,0,453,15.227,30,210,405,439,292
589,17047.891014427,17047.892339883,,2,GPU-5443d59d-561f-ed1e-da42-1975937205f9,ok,0,0,453,28.137,37,210,405,439,292
589,17047.891014427,17047.891654633,,3,GPU-46bf67bb-cb31-bee1-3cf0-c35337ba97d2,ok,0,0,453,26.244,41,210,405,439,292
589,17047.891014427,17047.891481683,,4,GPU-127e16de-2b5f-dde9-1932-b4e29bb818c0,ok,0,0,453,25.809,35,210,405,439,292
590,17048.891014427,17048.891649011,,0,GPU-9b96eb67-aeee-89d5-aa85-fc650af4e25c,ok,40,18,1646,239.475,68,1950,9501,14648,78222
590,17048.891014427,17048.891793391,,1,GPU-37ffc98b-8551-c8a1-5f3c-27ade9ae735a,ok,0,0,453,15.103,30,210,405,439,292
590,17048.891014427,17048.891607521,,2,GPU-5443d59d-561f-ed1e-da42-1975937205f9,ok,0,0,453,27.958,37,210,405,439,292
590,17048.891014427,17048.891816921,,3,GPU-46bf67bb-cb31-bee1-3cf0-c35337ba97d2,ok,0,0,453,26.352,41,210,405,439,292
590,17048.891014427,17048.892671801,,4,GPU-127e16de-2b5f-dde9-1932-b4e29bb818c0,ok,0,0,453,25.714,35,210,405,390,292
591,17049.891014427,17049.892342089,,0,GPU-9b96eb67-aeee-89d5-aa85-fc650af4e25c,ok,38,17,1646,238.127,68,1965,9501,14892,78320
591,17049.891014427,17049.891682639,,1,GPU-37ffc98b-8551-c8a1-5f3c-27ade9ae735a,ok,0,0,453,15.109,30,210,405,439,341
591,17049.891014427,17049.891515339,,2,GPU-5443d59d-561f-ed1e-da42-1975937205f9,ok,0,0,453,27.842,37,210,405,439,292
591,17049.891014427,17049.892372099,,3,GPU-46bf67bb-cb31-bee1-3cf0-c35337ba97d2,ok,0,0,453,26.195,41,210,405,439,341
591,17049.891014427,17049.892329289,,4,GPU-127e16de-2b5f-dde9-1932-b4e29bb818c0,ok,0,0,453,25.777,35,210,405,439,341
592,17050.891014427,17050.891835117,,0,GPU-9b96eb67-aeee-89d5-aa85-fc650af4e25c,ok,41,19,1646,242.203,68,1920,9501,14990,77001
592,17050.891014427,17050.891893517,,1,GPU-37ffc98b-8551-c8a1-5f3c-27ade9ae735a,ok,0,0,453,15.18,30,210,405,439,292
592,17050.891014427,17050.891799007,,2,GPU-5443d59d-561f-ed1e-da42-1975937205f9,ok,0,0,453,27.879,37,210,405,390,292
592,17050.891014427,17050.891930047,,3,GPU-46bf67bb-cb31-bee1-3cf0-c35337ba97d2,ok,0,0,453,26.205,41,210,405,439,341
592,17050.891014427,17050.891644537,,4,GPU-127e16de-2b5f-dde9-1932-b4e29bb818c0,ok,0,0,453,25.796,35,210,405,439,292
593,17051.891014427,17051.891919715,,0,GPU-9b96eb67-aeee-89d5-aa85-fc650af4e25c,ok,43,20,1646,241.152,68,1965,9501,14843,77148
593,17051.891014427,17051.891954145,,1,GPU-37ffc98b-8551-c8a1-5f3c-27ade9ae735a,ok,0,0,453,14.837,30,210,405,439,292
593,17051.891014427,17051.891713005,,2,GPU-5443d59d-561f-ed1e-da42-1975937205f9,ok,0,0,453,27.752,37,210,405,439,292
593,17051.891014427,17051.891893025,,3,GPU-46bf67bb-cb31-bee1-3cf0-c35337ba97d2,ok,0,0,453,26.352,41,210,405,390,292
593,17051.891014427,17051.891790575,,4,GPU-127e16de-2b5f-dde9-1932-b4e29bb818c0,ok,0,0,453,25.774,35,210,405,439,292
594,17052.891014427,17052.892179623,,0,GPU-9b96eb67-aeee-89d5-aa85-fc650af4e25c,ok,40,19,1646,241.434,68,1965,9501,14599,78076
594,17052.891014427,17052.892437293,,1,GPU-37ffc98b-8551-c8a1-5f3c-27ade9ae735a,ok,0,0,453,14.719,30,210,405,439,292
594,17052.891014427,17052.891429223,,2,GPU-5443d59d-561f-ed1e-da42-1975937205f9,ok,0,0,453,27.662,37,210,405,439,292
594,17052.891014427,17052.892379373,,3,GPU-46bf67bb-cb31-bee1-3cf0-c35337ba97d2,ok,0,0,453,26.175,41,210,405,439,292
594,17052.891014427,17052.892415463,,4,GPU-127e16de-2b5f-dde9-1932-b4e29bb818c0,ok,0,0,453,25.714,35,210,405,439,292
595,17053.891014427,17053.891830581,,0,GPU-9b96eb67-aeee-89d5-aa85-fc650af4e25c,ok,33,14,1646,241.194,68,1965,9501,15136,77539
595,17053.891014427,17053.891772731,,1,GPU-37ffc98b-8551-c8a1-5f3c-27ade9ae735a,ok,0,0,453,14.798,30,210,405,439,341
595,17053.891014427,17053.892430101,,2,GPU-5443d59d-561f-ed1e-da42-1975937205f9,ok,0,0,453,27.739,37,210,405,439,292
595,17053.891014427,17053.891731421,,3,GPU-46bf67bb-cb31-bee1-3cf0-c35337ba97d2,ok,0,0,453,26.193,41,210,405,439,292
595,17053.891014427,17053.891808921,,4,GPU-127e16de-2b5f-dde9-1932-b4e29bb818c0,ok,0,0,453,25.823,35,210,405,439,292
596,17054.891014427,17054.892337659,,0,GPU-9b96eb67-aeee-89d5-aa85-fc650af4e25c,ok,33,15,1646,238.75,68,1965,9501,15283,77392
596,17054.891014427,17054.891462159,,1,GPU-37ffc98b-8551-c8a1-5f3c-27ade9ae735a,ok,0,0,453,14.869,30,210,405,390,341
596,17054.891014427,17054.892306059,,2,GPU-5443d59d-561f-ed1e-da42-1975937205f9,ok,0,0,453,27.812,37,210,405,390,292
596,17054.891014427,17054.892363749,,3,GPU-46bf67bb-cb31-bee1-3cf0-c35337ba97d2,ok,0,0,453,26.397,41,210,405,439,292
596,17054.891014427,17054.891679629,,4,GPU-127e16de-2b5f-dde9-1932-b4e29bb818c0,ok,0,0,453,25.885,35,210,405,439,292
597,17055.891014427,17055.892203767,,0,GPU-9b96eb67-aeee-89d5-aa85-fc650af4e25c,ok,34,15,1646,238.718,68,1965,9501,15283,77148
597,17055.891014427,17055.891482147,,1,GPU-37ffc98b-8551-c8a1-5f3c-27ade9ae735a,ok,0,0,453,15.159,30,210,405,390,292
597,17055.891014427,17055.891642347,,2,GPU-5443d59d-561f-ed1e-da42-1975937205f9,ok,0,0,453,27.834,37,210,405,439,341
597,17055.891014427,17055.892838857,,3,GPU-46bf67bb-cb31-bee1-3cf0-c35337ba97d2,ok,0,0,453,26.265,41,210,405,439,341
597,17055.891014427,17055.891765227,,4,GPU-127e16de-2b5f-dde9-1932-b4e29bb818c0,ok,0,0,453,25.697,35,210,405,439,292
598,17056.891014427,17056.891474385,,0,GPU-9b96eb67-aeee-89d5-aa85-fc650af4e25c,ok,34,15,1646,238.56,68,1965,9501,13769,73046
598,17056.891014427,17056.891668775,,1,GPU-37ffc98b-8551-c8a1-5f3c-27ade9ae735a,ok,0,0,453,15.283,30,210,405,439,292
598,17056.891014427,17056.891905945,,2,GPU-5443d59d-561f-ed1e-da42-1975937205f9,ok,0,0,453,27.87,37,210,405,439,292
598,17056.891014427,17056.893168945,,3,GPU-46bf67bb-cb31-bee1-3cf0-c35337ba97d2,ok,0,0,453,26.274,41,210,405,439,292
598,17056.891014427,17056.891708445,,4,GPU-127e16de-2b5f-dde9-1932-b4e29bb818c0,ok,0,0,453,25.643,35,210,405,390,292
599,17057.891014427,17057.892831453,,0,GPU-9b96eb67-aeee-89d5-aa85-fc650af4e25c,ok,36,15,1646,225.743,67,1845,9501,14599,73730
599,17057.891014427,17057.891651433,,1,GPU-37ffc98b-8551-c8a1-5f3c-27ade9ae735a,ok,0,0,453,15.101,30,210,405,439,292
599,17057.891014427,17057.891466773,,2,GPU-5443d59d-561f-ed1e-da42-1975937205f9,ok,0,0,453,27.738,37,210,405,439,292
599,17057.891014427,17057.891745403,,3,GPU-46bf67bb-cb31-bee1-3cf0-c35337ba97d2,ok,0,0,453,26.437,41,210,405,439,292
599,17057.891014427,17057.892212113,,4,GPU-127e16de-2b5f-dde9-1932-b4e29bb818c0,ok,0,0,453,25.718,35,210,405,439,292
600,17058.891014427,17058.892392101,,0,GPU-9b96eb67-aeee-89d5-aa85-fc650af4e25c,ok,36,16,1646,203.652,67,1905,9501,14794,74267
600,17058.891014427,17058.892310451,,1,GPU-37ffc98b-8551-c8a1-5f3c-27ade9ae735a,ok,0,0,453,15.079,30,210,405,439,292
600,17058.891014427,17058.891644981,,2,GPU-5443d59d-561f-ed1e-da42-1975937205f9,ok,0,0,453,27.647,37,210,405,439,292
600,17058.891014427,17058.892351211,,3,GPU-46bf67bb-cb31-bee1-3cf0-c35337ba97d2,ok,0,0,453,26.346,41,210,405,439,292
600,17058.891014427,17058.891463911,,4,GPU-127e16de-2b5f-dde9-1932-b4e29bb818c0,ok,0,0,453,25.411,35,210,405,439,292
601,17059.891014427,17059.891716199,,0,GPU-9b96eb67-aeee-89d5-aa85-fc650af4e25c,ok,36,16,1646,218.394,67,1950,9501,14111,72558
601,17059.891014427,17059.891602819,,1,GPU-37ffc98b-8551-c8a1-5f3c-27ade9ae735a,ok,0,0,453,15.322,30,210,405,439,292
601,17059.891014427,17059.891476959,,2,GPU-5443d59d-561f-ed1e-da42-1975937205f9,ok,0,0,453,27.738,37,210,405,439,341
601,17059.891014427,17059.892831159,,3,GPU-46bf67bb-cb31-bee1-3cf0-c35337ba97d2,ok,0,0,453,26.361,41,210,405,439,292
601,17059.891014427,17059.892196549,,4,GPU-127e16de-2b5f-dde9-1932-b4e29bb818c0,ok,0,0,453,25.336,35,210,405,439,292
602,17060.891014427,17060.892003337,,0,GPU-9b96eb67-aeee-89d5-aa85-fc650af4e25c,ok,34,15,1646,228.227,67,1950,9501,14208,73291
602,17060.891014427,17060.891934107,,1,GPU-37ffc98b-8551-c8a1-5f3c-27ade9ae735a,ok,0,0,453,15.285,30,210,405,439,292
602,17060.891014427,17060.891966637,,2,GPU-5443d59d-561f-ed1e-da42-1975937205f9,ok,0,0,453,27.781,37,210,405,439,292
602,17060.891014427,17060.891763607,,3,GPU-46bf67bb-cb31-bee1-3cf0-c35337ba97d2,ok,0,0,453,26.498,41,210,405,390,292
602,17060.891014427,17060.892029067,,4,GPU-127e16de-2b5f-dde9-1932-b4e29bb818c0,ok,0,0,453,25.413,35,210,405,390,292
603,17061.891014427,17061.891864775,,0,GPU-9b96eb67-aeee-89d5-aa85-fc650af4e25c,ok,36,15,1646,212.48,66,1815,9501,14208,73876
603,17061.891014427,17061.891940685,,1,GPU-37ffc98b-8551-c8a1-5f3c-27ade9ae735a,ok,0,0,453,15.316,30,210,405,439,341
603,17061.891014427,17061.891908605,,2,GPU-5443d59d-561f-ed1e-da42-1975937205f9,ok,0,0,453,27.829,37,210,405,439,292
603,17061.891014427,17061.891737785,,3,GPU-46bf67bb-cb31-bee1-3cf0-c35337ba97d2,ok,0,0,453,26.338,41,210,405,390,341
603,17061.891014427,17061.891806505,,4,GPU-127e16de-2b5f-dde9-1932-b4e29bb818c0,ok,0,0,453,25.275,35,210,405,439,292
604,17062.891014427,17062.891786233,,0,GPU-9b96eb67-aeee-89d5-aa85-fc650af4e25c,ok,37,16,1646,193.532,66,1815,9501,14404,73730
604,17062.891014427,17062.891628763,,1,GPU-37ffc98b-8551-c8a1-5f3c-27ade9ae735a,ok,0,0,453,15.428,30,210,405,488,341
604,17062.891014427,17062.892343923,,2,GPU-5443d59d-561f-ed1e-da42-1975937205f9,ok,0,0,453,27.852,37,210,405,439,292
604,17062.891014427,17062.892403293,,3,GPU-46bf67bb-cb31-bee1-3cf0-c35337ba97d2,ok,0,0,453,26.311,41,210,405,439,341
604,17062.891014427,17062.891746203,,4,GPU-127e16de-2b5f-dde9-1932-b4e29bb818c0,ok,0,0,453,25.219,35,210,405,390,341
605,17063.891014427,17063.892287701,,0,GPU-9b96eb67-aeee-89d5-aa85-fc650af4e25c,ok,36,15,1646,194.353,66,1830,9501,14453,47167
605,17063.891014427,17063.891710011,,1,GPU-37ffc98b-8551-c8a1-5f3c-27ade9ae735a,ok,0,0,453,15.159,30,210,405,439,292
605,17063.891014427,17063.891503371,,2,GPU-5443d59d-561f-ed1e-da42-1975937205f9,ok,0,0,453,27.714,37,210,405,439,292
605,17063.891014427,17063.891755521,,3,GPU-46bf67bb-cb31-bee1-3cf0-c35337ba97d2,ok,0,0,453,26.53,41,210,405,439,292
605,17063.891014427,17063.892326101,,4,GPU-127e16de-2b5f-dde9-1932-b4e29bb818c0,ok,0,0,453,25.067,35,210,405,439,341
606,17064.891014427,17064.891845729,,0,GPU-9b96eb67-aeee-89d5-aa85-fc650af4e25c,ok,37,16,1646,196.301,66,1830,9501,11718,77832
606,17064.891014427,17064.891792769,,1,GPU-37ffc98b-8551-c8a1-5f3c-27ade9ae735a,ok,0,0,453,15.179,30,210,405,439,292
606,17064.891014427,17064.891944119,,2,GPU-5443d59d-561f-ed1e-da42-1975937205f9,ok,0,0,453,27.727,37,210,405,390,292
606,17064.891014427,17064.891818509,,3,GPU-46bf67bb-cb31-bee1-3cf0-c35337ba97d2,ok,0,0,453,26.425,41,210,405,439,292
606,17064.891014427,17064.891902889,,4,GPU-127e16de-2b5f-dde9-1932-b4e29bb818c0,ok,0,0,453,25.051,35,210,405,439,341
607,17065.891014427,17065.891735747,,0,GPU-9b96eb67-aeee-89d5-aa85-fc650af4e25c,ok,36,16,1646,202.777,66,1890,9501,14550,78369
607,17065.891014427,17065.891802217,,1,GPU-37ffc98b-8551-c8a1-5f3c-27ade9ae735a,ok,0,0,453,15.434,30,210,405,439,341
607,17065.891014427,17065.891750227,,2,GPU-5443d59d-561f-ed1e-da42-1975937205f9,ok,0,0,453,27.833,37,210,405,439,341
607,17065.891014427,17065.892337987,,3,GPU-46bf67bb-cb31-bee1-3cf0-c35337ba97d2,ok,0,0,453,26.329,41,210,405,439,292
607,17065.891014427,17065.891619877,,4,GPU-127e16de-2b5f-dde9-1932-b4e29bb818c0,ok,0,0,453,25.11,35,210,405,439,292
608,17066.891014427,17066.891669165,,0,GPU-9b96eb67-aeee-89d5-aa85-fc650af4e25c,ok,37,16,1646,209.541,66,1890,9501,14648,78222
608,17066.891014427,17066.891512915,,1,GPU-37ffc98b-8551-c8a1-5f3c-27ade9ae735a,ok,0,0,453,15.189,30,210,405,439,292
608,17066.891014427,17066.893067075,,2,GPU-5443d59d-561f-ed1e-da42-1975937205f9,ok,0,0,453,27.657,37,210,405,439,292
608,17066.891014427,17066.891699095,,3,GPU-46bf67bb-cb31-bee1-3cf0-c35337ba97d2,ok,0,0,453,26.264,41,210,405,390,341
608,17066.891014427,17066.892227165,,4,GPU-127e16de-2b5f-dde9-1932-b4e29bb818c0,ok,0,0,453,25.264,35,210,405,439,292
609,17067.891014427,17067.891723783,,0,GPU-9b96eb67-aeee-89d5-aa85-fc650af4e25c,ok,36,16,1646,206.714,66,1890,9501,14648,78076
609,17067.891014427,17067.891902783,,1,GPU-37ffc98b-8551-c8a1-5f3c-27ade9ae735a,ok,0,0,453,15.037,30,210,405,390,292
609,17067.891014427,17067.891944253,,2,GPU-5443d59d-561f-ed1e-da42-1975937205f9,ok,0,0,453,27.594,37,210,405,439,292
609,17067.891014427,17067.891818153,,3,GPU-46bf67bb-cb31-bee1-3cf0-c35337ba97d2,ok,0,0,453,26.302,41,210,405,390,292
609,17067.891014427,17067.891708443,,4,GPU-127e16de-2b5f-dde9-1932-b4e29bb818c0,ok,0,0,453,25.365,35,210,405,439,292
610,17068.891014427,17068.891488031,,0,GPU-9b96eb67-aeee-89d5-aa85-fc650af4e25c,ok,37,17,1646,224.81,67,1965,9501,14501,77392
610,17068.891014427,17068.892024591,,1,GPU-37ffc98b-8551-c8a1-5f3c-27ade9ae735a,ok,0,0,453,15.14,30,210,405,390,292
610,17068.891014427,17068.891960691,,2,GPU-5443d59d-561f-ed1e-da42-1975937205f9,ok,0,0,453,27.766,37,210,405,439,292
610,17068.891014427,17068.891714461,,3,GPU-46bf67bb-cb31-bee1-3cf0-c35337ba97d2,ok,0,0,453,26.498,41,210,405,439,292
610,17068.891014427,17068.891897301,,4,GPU-127e16de-2b5f-dde9-1932-b4e29bb818c0,ok,0,0,453,25.366,35,210,405,439,292
611,17069.891014427,17069.891953879,,0,GPU-9b96eb67-aeee-89d5-aa85-fc650af4e25c,ok,35,16,1646,237.865,67,1965,9501,14892,76904
611,17069.891014427,17069.891899779,,1,GPU-37ffc98b-8551-c8a1-5f3c-27ade9ae735a,ok,0,0,453,15.043,30,210,405,390,341
611,17069.891014427,17069.891741249,,2,GPU-5443d59d-561f-ed1e-da42-1975937205f9,ok,0,0,453,27.728,37,210,405,439,341
611,17069.891014427,17069.891784769,,3,GPU-46bf67bb-cb31-bee1-3cf0-c35337ba97d2,ok,0,0,453,26.316,41,210,405,439,292
611,17069.891014427,17069.891978659,,4,GPU-127e16de-2b5f-dde9-1932-b4e29bb818c0,ok,0,0,453,25.426,35,210,405,439,292
612,17070.891014427,17070.891735307,,0,GPU-9b96eb67-aeee-89d5-aa85-fc650af4e25c,ok,35,16,1646,236.411,67,1965,9501,15136,78027
612,17070.891014427,17070.891694317,,1,GPU-37ffc98b-8551-c8a1-5f3c-27ade9ae735a,ok,0,0,453,15.048,30,210,405,390,292
612,17070.891014427,17070.892271667,,2,GPU-5443d59d-561f-ed1e-da42-1975937205f9,ok,0,0,453,27.68,37,210,405,439,292
612,17070.891014427,17070.891471887,,3,GPU-46bf67bb-cb31-bee1-3cf0-c35337ba97d2,ok,0,0,453,26.292,41,210,405,439,292
612,17070.891014427,17070.892192427,,4,GPU-127e16de-2b5f-dde9-1932-b4e29bb818c0,ok,0,0,453,25.479,35,210,405,390,292
613,17071.891014427,17071.891842525,,0,GPU-9b96eb67-aeee-89d5-aa85-fc650af4e25c,ok,37,16,1646,214.58,66,1875,9501,14697,78173
613,17071.891014427,17071.891739825,,1,GPU-37ffc98b-8551-c8a1-5f3c-27ade9ae735a,ok,0,0,453,15.141,30,210,405,439,292
613,17071.891014427,17071.892442175,,2,GPU-5443d59d-561f-ed1e-da42-1975937205f9,ok,0,0,453,27.703,37,210,405,439,292
613,17071.891014427,17071.891935915,,3,GPU-46bf67bb-cb31-bee1-3cf0-c35337ba97d2,ok,0,0,453,26.46,41,210,405,439,292
613,17071.891014427,17071.891911625,,4,GPU-127e16de-2b5f-dde9-1932-b4e29bb818c0,ok,0,0,453,25.565,35,210,405,439,341
614,17072.891014427,17072.891643753,,0,GPU-9b96eb67-aeee-89d5-aa85-fc650af4e25c,ok,37,16,1646,204.746,66,1875,9501,14599,77050
614,17072.891014427,17072.891911903,,1,GPU-37ffc98b-8551-c8a1-5f3c-27ade9ae735a,ok,0,0,453,15.059,30,210,405,439,341
614,17072.891014427,17072.892037283,,2,GPU-5443d59d-561f-ed1e-da42-1975937205f9,ok,0,0,453,27.594,37,210,405,439,292
614,17072.891014427,17072.891860533,,3,GPU-46bf67bb-cb31-bee1-3cf0-c35337ba97d2,ok,0,0,453,26.26,41,210,405,439,292
614,17072.891014427,17072.891887003,,4,GPU-127e16de-2b5f-dde9-1932-b4e29bb818c0,ok,0,0,453,25.342,35,210,405,439,341
615,17073.891014427,17073.892200131,,0,GPU-9b96eb67-aeee-89d5-aa85-fc650af4e25c,ok,41,17,1646,198.277,65,1815,9501,15039,78027
615,17073.891014427,17073.891498211,,1,GPU-37ffc98b-8551-c8a1-5f3c-27ade9ae735a,ok,0,0,453,15.084,30,210,405,439,341
615,17073.891014427,17073.892882802,,2,GPU-5443d59d-561f-ed1e-da42-1975937205f9,ok,0,0,453,27.598,37,210,405,439,341
615,17073.891014427,17073.892924552,,3,GPU-46bf67bb-cb31-bee1-3cf0-c35337ba97d2,ok,0,0,453,26.227,41,210,405,439,292
615,17073.891014427,17073.891598981,,4,GPU-127e16de-2b5f-dde9-1932-b4e29bb818c0,ok,0,0,453,24.988,35,210,405,439,292
616,17074.891014427,17074.892400659,,0,GPU-9b96eb67-aeee-89d5-aa85-fc650af4e25c,ok,39,17,1646,219.925,67,1950,9501,15527,78222
616,17074.891014427,17074.891765419,,1,GPU-37ffc98b-8551-c8a1-5f3c-27ade9ae735a,ok,0,0,453,15.193,30,210,405,439,292
616,17074.891014427,17074.891741069,,2,GPU-5443d59d-561f-ed1e-da42-1975937205f9,ok,0,0,453,27.636,37,210,405,439,292
616,17074.891014427,17074.892357439,,3,GPU-46bf67bb-cb31-bee1-3cf0-c35337ba97d2,ok,0,0,453,26.388,41,210,405,390,341
616,17074.891014427,17074.891573319,,4,GPU-127e16de-2b5f-dde9-1932-b4e29bb818c0,ok,0,0,453,24.99,35,210,405,439,292
617,17075.891014427,17075.892006427,,0,GPU-9b96eb67-aeee-89d5-aa85-fc650af4e25c,ok,41,18,1646,231.165,67,1950,9501,15332,78662
617,17075.891014427,17075.891831057,,1,GPU-37ffc98b-8551-c8a1-5f3c-27ade9ae735a,ok,0,0,453,15.001,30,210,405,439,292
617,17075.891014427,17075.891925187,,2,GPU-5443d59d-561f-ed1e-da42-1975937205f9,ok,0,0,453,27.733,37,210,405,439,341
617,17075.891014427,17075.891979477,,3,GPU-46bf67bb-cb31-bee1-3cf0-c35337ba97d2,ok,0,0,453,26.22,41,210,405,439,341
617,17075.891014427,17075.891952227,,4,GPU-127e16de-2b5f-dde9-1932-b4e29bb818c0,ok,0,0,453,25.031,35,210,405,439,292
618,17076.891014427,17076.891711065,,0,GPU-9b96eb67-aeee-89d5-aa85-fc650af4e25c,ok,47,23,1646,235.042,68,1950,9501,14746,78564
618,17076.891014427,17076.892298595,,1,GPU-37ffc98b-8551-c8a1-5f3c-27ade9ae735a,ok,0,0,453,14.951,30,210,405,439,341
618,17076.891014427,17076.891739495,,2,GPU-5443d59d-561f-ed1e-da42-1975937205f9,ok,0,0,453,27.921,37,210,405,390,292
618,17076.891014427,17076.892246155,,3,GPU-46bf67bb-cb31-bee1-3cf0-c35337ba97d2,ok,0,0,453,26.186,41,210,405,439,292
618,17076.891014427,17076.891490075,,4,GPU-127e16de-2b5f-dde9-1932-b4e29bb818c0,ok,0,0,453,25.206,35,210,405,439,292
619,17077.891014427,17077.891504053,,0,GPU-9b96eb67-aeee-89d5-aa85-fc650af4e25c,ok,42,20,1646,241.64,67,1965,9501,14550,77832
619,17077.891014427,17077.891691313,,1,GPU-37ffc98b-8551-c8a1-5f3c-27ade9ae735a,ok,0,0,453,14.84,30,210,405,439,292
619,17077.891014427,17077.891646683,,2,GPU-5443d59d-561f-ed1e-da42-1975937205f9,ok,0,0,453,27.871,37,210,405,390,292
619,17077.891014427,17077.891748853,,3,GPU-46bf67bb-cb31-bee1-3cf0-c35337ba97d2,ok,0,0,453,26.299,41,210,405,439,292
619,17077.891014427,17077.893761424,,4,GPU-127e16de-2b5f-dde9-1932-b4e29bb818c0,ok,0,0,453,25.627,35,210,405,439,292
620,17078.891014427,17078.891674531,,0,GPU-9b96eb67-aeee-89d5-aa85-fc650af4e25c,ok,32,14,1646,239.72,67,1965,9501,13818,73339
620,17078.891014427,17078.891501011,,1,GPU-37ffc98b-8551-c8a1-5f3c-27ade9ae735a,ok,0,0,453,14.923,30,210,405,439,292
620,17078.891014427,17078.892269632,,2,GPU-5443d59d-561f-ed1e-da42-1975937205f9,ok,0,0,453,27.87,37,210,405,439,292
620,17078.891014427,17078.891725241,,3,GPU-46bf67bb-cb31-bee1-3cf0-c35337ba97d2,ok,0,0,453,26.136,41,210,405,390,292
620,17078.891014427,17078.892321332,,4,GPU-127e16de-2b5f-dde9-1932-b4e29bb818c0,ok,0,0,453,25.779,35,210,405,439,292
621,17079.891014427,17079.891932229,,0,GPU-9b96eb67-aeee-89d5-aa85-fc650af4e25c,ok,34,14,1646,226.811,66,1830,9501,14648,74316
621,17079.891014427,17079.891831989,,1,GPU-37ffc98b-8551-c8a1-5f3c-27ade9ae735a,ok,0,0,453,14.937,30,210,405,439,292
621,17079.891014427,17079.891616119,,2,GPU-5443d59d-561f-ed1e-da42-1975937205f9,ok,0,0,453,27.987,37,210,405,439,341
621,17079.891014427,17079.891680999,,3,GPU-46bf67bb-cb31-bee1-3cf0-c35337ba97d2,ok,0,0,453,26.182,41,210,405,439,292
621,17079.891014427,17079.891908179,,4,GPU-127e16de-2b5f-dde9-1932-b4e29bb818c0,ok,0,0,453,25.594,35,210,405,439,292
622,17080.891014427,17080.891693537,,0,GPU-9b96eb67-aeee-89d5-aa85-fc650af4e25c,ok,34,14,1646,190.412,65,1785,9501,13867,73046
622,17080.891014427,17080.891879857,,1,GPU-37ffc98b-8551-c8a1-5f3c-27ade9ae735a,ok,0,0,453,14.758,30,210,405,390,341
622,17080.891014427,17080.893344698,,2,GPU-5443d59d-561f-ed1e-da42-1975937205f9,ok,0,0,453,27.884,37,210,405,390,292
622,17080.891014427,17080.891832547,,3,GPU-46bf67bb-cb31-bee1-3cf0-c35337ba97d2,ok,0,0,453,26.356,41,210,405,439,292
622,17080.891014427,17080.891798257,,4,GPU-127e16de-2b5f-dde9-1932-b4e29bb818c0,ok,0,0,453,25.276,35,210,405,390,292
623,17081.891014427,17081.891559145,,0,GPU-9b96eb67-aeee-89d5-aa85-fc650af4e25c,ok,34,14,1646,188.442,65,1800,9501,13769,72949
623,17081.891014427,17081.891801015,,1,GPU-37ffc98b-8551-c8a1-5f3c-27ade9ae735a,ok,0,0,453,14.865,30,210,405,439,341
623,17081.891014427,17081.891983686,,2,GPU-5443d59d-561f-ed1e-da42-1975937205f9,ok,0,0,453,27.752,37,210,405,439,292
623,17081.891014427,17081.892626436,,3,GPU-46bf67bb-cb31-bee1-3cf0-c35337ba97d2,ok,0,0,453,26.242,41,210,405,439,341
623,17081.891014427,17081.891731545,,4,GPU-127e16de-2b5f-dde9-1932-b4e29bb818c0,ok,0,0,453,25.035,35,210,405,439,292
624,17082.891014427,17082.891931914,,0,GPU-9b96eb67-aeee-89d5-aa85-fc650af4e25c,ok,33,15,1646,194.676,66,1920,9501,14892,77246
624,17082.891014427,17082.891740553,,1,GPU-37ffc98b-8551-c8a1-5f3c-27ade9ae735a,ok,0,0,453,15.17,30,210,405,439,292
624,17082.891014427,17082.891969824,,2,GPU-5443d59d-561f-ed1e-da42-1975937205f9,ok,0,0,453,27.721,37,210,405,439,292
624,17082.891014427,17082.891814673,,3,GPU-46bf67bb-cb31-bee1-3cf0-c35337ba97d2,ok,0,0,453,26.265,41,210,405,439,292
624,17082.891014427,17082.891917874,,4,GPU-127e16de-2b5f-dde9-1932-b4e29bb818c0,ok,0,0,453,25.041,35,210,405,439,292
625,17083.891014427,17083.891693461,,0,GPU-9b96eb67-aeee-89d5-aa85-fc650af4e25c,ok,35,16,1646,220.664,67,1965,9501,14306,74462
625,17083.891014427,17083.891582741,,1,GPU-37ffc98b-8551-c8a1-5f3c-27ade9ae735a,ok,0,0,453,15.103,30,210,405,439,292
625,17083.891014427,17083.892952312,,2,GPU-5443d59d-561f-ed1e-da42-1975937205f9,ok,0,0,453,27.653,37,210,405,439,292
625,17083.891014427,17083.892922012,,3,GPU-46bf67bb-cb31-bee1-3cf0-c35337ba97d2,ok,0,0,453,26.368,41,210,405,390,292
625,17083.891014427,17083.891549341,,4,GPU-127e16de-2b5f-dde9-1932-b4e29bb818c0,ok,0,0,453,25.199,35,210,405,439,292
626,17084.891014427,17084.891723249,,0,GPU-9b96eb67-aeee-89d5-aa85-fc650af4e25c,ok,34,15,1646,236.912,67,1965,9501,13769,73193
626,17084.891014427,17084.89175647,,1,GPU-37ffc98b-8551-c8a1-5f3c-27ade9ae735a,ok,0,0,453,15.121,30,210,405,439,292
626,17084.891014427,17084.89200886,,2,GPU-5443d59d-561f-ed1e-da42-1975937205f9,ok,0,0,453,27.751,37,210,405,439,341
626,17084.891014427,17084.89199272,,3,GPU-46bf67bb-cb31-bee1-3cf0-c35337ba97d2,ok,0,0,453,26.183,41,210,405,439,292
626,17084.891014427,17084.89189005,,4,GPU-127e16de-2b5f-dde9-1932-b4e29bb818c0,ok,0,0,453,25.516,35,210,405,390,292
627,17085.891014427,17085.891883308,,0,GPU-9b96eb67-aeee-89d5-aa85-fc650af4e25c,ok,34,15,1646,224.12,66,1845,9501,14990,76708
627,17085.891014427,17085.891864158,,1,GPU-37ffc98b-8551-c8a1-5f3c-27ade9ae735a,ok,0,0,453,15.201,30,210,405,439,341
627,17085.891014427,17085.891753428,,2,GPU-5443d59d-561f-ed1e-da42-1975937205f9,ok,0,0,453,27.859,37,210,405,439,292
627,17085.891014427,17085.891792958,,3,GPU-46bf67bb-cb31-bee1-3cf0-c35337ba97d2,ok,0,0,453,26.171,41,210,405,439,292
627,17085.891014427,17085.893064348,,4,GPU-127e16de-2b5f-dde9-1932-b4e29bb818c0,ok,0,0,453,25.586,35,210,405,439,292
628,17086.891014427,17086.891852496,,0,GPU-9b96eb67-aeee-89d5-aa85-fc650af4e25c,ok,37,16,1646,201.585,66,1890,9501,15332,77099
628,17086.891014427,17086.891690226,,1,GPU-37ffc98b-8551-c8a1-5f3c-27ade9ae735a,ok,0,0,453,15.054,30,210,405,439,292
628,17086.891014427,17086.891726456,,2,GPU-5443d59d-561f-ed1e-da42-1975937205f9,ok,0,0,453,27.68,37,210,405,439,292
628,17086.891014427,17086.891819386,,3,GPU-46bf67bb-cb31-bee1-3cf0-c35337ba97d2,ok,0,0,453,26.335,41,210,405,439,341
628,17086.891014427,17086.893012846,,4,GPU-127e16de-2b5f-dde9-1932-b4e29bb818c0,ok,0,0,453,25.289,35,210,405,439,292
629,17087.891014427,17087.891812134,,0,GPU-9b96eb67-aeee-89d5-aa85-fc650af4e25c,ok,36,16,1646,219.662,67,1965,9501,14697,77880
629,17087.891014427,17087.891891884,,1,GPU-37ffc98b-8551-c8a1-5f3c-27ade9ae735a,ok,0,0,453,15.048,30,210,405,390,292
629,17087.891014427,17087.891904624,,2,GPU-5443d59d-561f-ed1e-da42-1975937205f9,ok,0,0,453,27.699,37,210,405,390,341
629,17087.891014427,17087.891795204,,3,GPU-46bf67bb-cb31-bee1-3cf0-c35337ba97d2,ok,0,0,453,26.213,41,210,405,439,292
629,17087.891014427,17087.891961854,,4,GPU-127e16de-2b5f-dde9-1932-b4e29bb818c0,ok,0,0,453,25.249,35,210,405,439,292
630,17088.891014427,17088.891912752,,0,GPU-9b96eb67-aeee-89d5-aa85-fc650af4e25c,ok,38,17,1646,240.681,67,1965,9501,12744,65527
630,17088.891014427,17088.891807742,,1,GPU-37ffc98b-8551-c8a1-5f3c-27ade9ae735a,ok,0,0,453,15.105,30,210,405,439,292
630,17088.891014427,17088.891953862,,2,GPU-5443d59d-561f-ed1e-da42-1975937205f9,ok,0,0,453,27.931,37,210,405,439,292
630,17088.891014427,17088.891882152,,3,GPU-46bf67bb-cb31-bee1-3cf0-c35337ba97d2,ok,0,0,453,26.265,41,210,405,390,292
630,17088.891014427,17088.891996132,,4,GPU-127e16de-2b5f-dde9-1932-b4e29bb818c0,ok,0,0,453,25.368,35,210,405,390,292
631,17089.891014427,17089.89173783,,0,GPU-9b96eb67-aeee-89d5-aa85-fc650af4e25c,ok,37,17,1646,241.534,67,1965,9501,14453,76904
631,17089.891014427,17089.89187309,,1,GPU-37ffc98b-8551-c8a1-5f3c-27ade9ae735a,ok,0,0,453,15.074,30,210,405,390,341
631,17089.891014427,17089.89190168,,2,GPU-5443d59d-561f-ed1e-da42-1975937205f9,ok,0,0,453,27.895,37,210,405,439,292
631,17089.891014427,17089.89198331,,3,GPU-46bf67bb-cb31-bee1-3cf0-c35337ba97d2,ok,0,0,453,26.47,41,210,405,390,292
631,17089.891014427,17089.89200891,,4,GPU-127e16de-2b5f-dde9-1932-b4e29bb818c0,ok,0,0,453,25.496,35,210,405,439,341
632,17090.891014427,17090.891876308,,0,GPU-9b96eb67-aeee-89d5-aa85-fc650af4e25c,ok,38,17,1646,240.295,67,1965,9501,14843,77783
632,17090.891014427,17090.891948278,,1,GPU-37ffc98b-8551-c8a1-5f3c-27ade9ae735a,ok,0,0,453,15.199,30,210,405,390,292
632,17090.891014427,17090.891758648,,2,GPU-5443d59d-561f-ed1e-da42-1975937205f9,ok,0,0,453,27.858,37,210,405,439,292
632,17090.891014427,17090.891722508,,3,GPU-46bf67bb-cb31-bee1-3cf0-c35337ba97d2,ok,0,0,453,26.328,41,210,405,439,292
632,17090.891014427,17090.891972648,,4,GPU-127e16de-2b5f-dde9-1932-b4e29bb818c0,ok,0,0,453,25.56,35,210,405,439,341
633,17091.891014427,17091.891865156,,0,GPU-9b96eb67-aeee-89d5-aa85-fc650af4e25c,ok,37,17,1646,239.171,67,1965,9501,13867,73193
633,17091.891014427,17091.891632266,,1,GPU-37ffc98b-8551-c8a1-5f3c-27ade9ae735a,ok,0,0,453,15.311,30,210,405,390,292
633,17091.891014427,17091.891901236,,2,GPU-5443d59d-561f-ed1e-da42-1975937205f9,ok,0,0,453,27.887,37,210,405,390,341
633,17091.891014427,17091.891948926,,3,GPU-46bf67bb-cb31-bee1-3cf0-c35337ba97d2,ok,0,0,453,26.306,41,210,405,439,292
633,17091.891014427,17091.891961926,,4,GPU-127e16de-2b5f-dde9-1932-b4e29bb818c0,ok,0,0,453,25.597,35,210,405,439,341
634,17092.891014427,17092.893039104,,0,GPU-9b96eb67-aeee-89d5-aa85-fc650af4e25c,ok,35,16,1646,236.112,67,1965,9501,15234,77832
634,17092.891014427,17092.892050504,,1,GPU-37ffc98b-8551-c8a1-5f3c-27ade9ae735a,ok,0,0,453,15.117,30,210,405,439,292
634,17092.891014427,17092.891791454,,2,GPU-5443d59d-561f-ed1e-da42-1975937205f9,ok,0,0,453,27.707,37,210,405,488,292
634,17092.891014427,17092.891984994,,3,GPU-46bf67bb-cb31-bee1-3cf0-c35337ba97d2,ok,0,0,453,26.454,41,210,405,439,341
634,17092.891014427,17092.891868854,,4,GPU-127e16de-2b5f-dde9-1932-b4e29bb818c0,ok,0,0,453,25.646,35,210,405,390,292
635,17093.891014427,17093.891971182,,0,GPU-9b96eb67-aeee-89d5-aa85-fc650af4e25c,ok,40,17,1646,209.822,66,1815,9501,14892,77929
635,17093.891014427,17093.891997362,,1,GPU-37ffc98b-8551-c8a1-5f3c-27ade9ae735a,ok,0,0,453,15.189,30,210,405,439,292
635,17093.891014427,17093.891797182,,2,GPU-5443d59d-561f-ed1e-da42-1975937205f9,ok,0,0,453,27.586,37,210,405,439,292
635,17093.891014427,17093.891944902,,3,GPU-46bf67bb-cb31-bee1-3cf0-c35337ba97d2,ok,0,0,453,26.274,41,210,405,390,341
635,17093.891014427,17093.891760882,,4,GPU-127e16de-2b5f-dde9-1932-b4e29bb818c0,ok,0,0,453,25.535,35,210,405,439,292
636,17094.891014427,17094.8924121,,0,GPU-9b96eb67-aeee-89d5-aa85-fc650af4e25c,ok,39,18,1646,225.0,67,1965,9501,15673,78515
636,17094.891014427,17094.89180804,,1,GPU-37ffc98b-8551-c8a1-5f3c-27ade9ae735a,ok,0,0,453,15.411,30,210,405,439,292
636,17094.891014427,17094.89168715,,2,GPU-5443d59d-561f-ed1e-da42-1975937205f9,ok,0,0,453,27.582,37,210,405,439,292
636,17094.891014427,17094.89188486,,3,GPU-46bf67bb-cb31-bee1-3cf0-c35337ba97d2,ok,0,0,453,26.267,41,210,405,439,292
636,17094.891014427,17094.89191614,,4,GPU-127e16de-2b5f-dde9-1932-b4e29bb818c0,ok,0,0,453,25.436,35,210,405,439,292
637,17095.891014427,17095.891797568,,0,GPU-9b96eb67-aeee-89d5-aa85-fc650af4e25c,ok,41,18,1646,234.064,67,1905,9501,14648,77929
637,17095.891014427,17095.891870858,,1,GPU-37ffc98b-8551-c8a1-5f3c-27ade9ae735a,ok,0,0,453,15.176,30,210,405,439,292
637,17095.891014427,17095.891746938,,2,GPU-5443d59d-561f-ed1e-da42-1975937205f9,ok,0,0,453,27.553,37,210,405,439,341
637,17095.891014427,17095.892490298,,3,GPU-46bf67bb-cb31-bee1-3cf0-c35337ba97d2,ok,0,0,453,26.399,41,210,405,439,292
637,17095.891014427,17095.891889928,,4,GPU-127e16de-2b5f-dde9-1932-b4e29bb818c0,ok,0,0,453,25.52,35,210,405,439,292
638,17096.891014427,17096.891761786,,0,GPU-9b96eb67-aeee-89d5-aa85-fc650af4e25c,ok,46,22,1646,238.0,68,1965,9501,14746,78222
638,17096.891014427,17096.891736656,,1,GPU-37ffc98b-8551-c8a1-5f3c-27ade9ae735a,ok,0,0,453,15.222,30,210,405,439,341
638,17096.891014427,17096.891921246,,2,GPU-5443d59d-561f-ed1e-da42-1975937205f9,ok,0,0,453,27.626,37,210,405,439,292
638,17096.891014427,17096.891901946,,3,GPU-46bf67bb-cb31-bee1-3cf0-c35337ba97d2,ok,0,0,453,26.165,41,210,405,439,292
638,17096.891014427,17096.891868096,,4,GPU-127e16de-2b5f-dde9-1932-b4e29bb818c0,ok,0,0,453,25.839,35,210,405,439,292
639,17097.891014427,17097.891735744,,0,GPU-9b96eb67-aeee-89d5-aa85-fc650af4e25c,ok,42,20,1646,245.803,67,1965,9501,14550,77197
639,17097.891014427,17097.891788614,,1,GPU-37ffc98b-8551-c8a1-5f3c-27ade9ae735a,ok,0,0,453,15.392,30,210,405,439,292
639,17097.891014427,17097.891823454,,2,GPU-5443d59d-561f-ed1e-da42-1975937205f9,ok,0,0,453,27.803,37,210,405,439,292
639,17097.891014427,17097.891870824,,3,GPU-46bf67bb-cb31-bee1-3cf0-c35337ba97d2,ok,0,0,453,26.149,41,210,405,390,292
639,17097.891014427,17097.893997004,,4,GPU-127e16de-2b5f-dde9-1932-b4e29bb818c0,ok,0,0,453,26.17,35,210,405,390,292
640,17098.891014427,17098.891746322,,0,GPU-9b96eb67-aeee-89d5-aa85-fc650af4e25c,ok,33,15,1646,239.817,67,1965,9501,14697,77734
640,17098.891014427,17098.891570462,,1,GPU-37ffc98b-8551-c8a1-5f3c-27ade9ae735a,ok,0,0,453,15.076,30,210,405,439,292
640,17098.891014427,17098.891891602,,2,GPU-5443d59d-561f-ed1e-da42-1975937205f9,ok,0,0,453,27.738,37,210,405,390,292
640,17098.891014427,17098.893205202,,3,GPU-46bf67bb-cb31-bee1-3cf0-c35337ba97d2,ok,0,0,453,26.27,41,210,405,439,292
640,17098.891014427,17098.891792192,,4,GPU-127e16de-2b5f-dde9-1932-b4e29bb818c0,ok,0,0,453,26.333,35,210,405,439,292
641,17099.891014427,17099.89169148,,0,GPU-9b96eb67-aeee-89d5-aa85-fc650af4e25c,ok,33,14,1646,237.694,67,1965,9501,14208,74072
641,17099.891014427,17099.89223863,,1,GPU-37ffc98b-8551-c8a1-5f3c-27ade9ae735a,ok,0,0,453,15.056,30,210,405,439,292
641,17099.891014427,17099.89320416,,2,GPU-5443d59d-561f-ed1e-da42-1975937205f9,ok,0,0,453,27.599,37,210,405,439,341
641,17099.891014427,17099.8917374,,3,GPU-46bf67bb-cb31-bee1-3cf0-c35337ba97d2,ok,0,0,453,26.099,41,210,405,439,341
641,17099.891014427,17099.89152447,,4,GPU-127e16de-2b5f-dde9-1932-b4e29bb818c0,ok,0,0,453,26.249,35,210,405,390,292
642,17100.891014427,17100.892010908,,0,GPU-9b96eb67-aeee-89d5-aa85-fc650af4e25c,ok,33,15,1646,235.68,67,1965,9501,15234,77392
642,17100.891014427,17100.891779278,,1,GPU-37ffc98b-8551-c8a1-5f3c-27ade9ae735a,ok,0,0,453,15.214,30,210,405,439,341
642,17100.891014427,17100.891813928,,2,GPU-5443d59d-561f-ed1e-da42-1975937205f9,ok,0,0,453,27.631,37,210,405,439,292
642,17100.891014427,17100.891983098,,3,GPU-46bf67bb-cb31-bee1-3cf0-c35337ba97d2,ok,0,0,453,26.151,41,210,405,439,292
642,17100.891014427,17100.893132158,,4,GPU-127e16de-2b5f-dde9-1932-b4e29bb818c0,ok,0,0,453,26.056,35,210,405,439,292
643,17101.891014427,17101.891567966,,0,GPU-9b96eb67-aeee-89d5-aa85-fc650af4e25c,ok,34,15,1646,237.067,67,1965,9501,13769,72509
643,17101.891014427,17101.892015656,,1,GPU-37ffc98b-8551-c8a1-5f3c-27ade9ae735a,ok,0,0,453,15.02,30,210,405,390,292
643,17101.891014427,17101.891741956,,2,GPU-5443d59d-561f-ed1e-da42-1975937205f9,ok,0,0,453,27.59,37,210,405,390,292
643,17101.891014427,17101.892075436,,3,GPU-46bf67bb-cb31-bee1-3cf0-c35337ba97d2,ok,0,0,453,26.263,41,210,405,390,292
643,17101.891014427,17101.891788866,,4,GPU-127e16de-2b5f-dde9-1932-b4e29bb818c0,ok,0,0,453,25.689,35,210,405,390,292
644,17102.891014427,17102.892467304,,0,GPU-9b96eb67-aeee-89d5-aa85-fc650af4e25c,ok,36,15,1646,223.836,66,1845,9501,15625,78515
644,17102.891014427,17102.891714614,,1,GPU-37ffc98b-8551-c8a1-5f3c-27ade9ae735a,ok,0,0,453,15.023,30,210,405,390,292
644,17102.891014427,17102.892429904,,2,GPU-5443d59d-561f-ed1e-da42-1975937205f9,ok,0,0,453,27.704,37,210,405,439,292
644,17102.891014427,17102.891567394,,3,GPU-46bf67bb-cb31-bee1-3cf0-c35337ba97d2,ok,0,0,453,26.098,41,210,405,390,292
644,17102.891014427,17102.892403824,,4,GPU-127e16de-2b5f-dde9-1932-b4e29bb818c0,ok,0,0,453,25.502,35,210,405,439,292
645,17103.891014427,17103.891705292,,0,GPU-9b96eb67-aeee-89d5-aa85-fc650af4e25c,ok,36,16,1646,210.561,67,1965,9501,15136,77343
645,17103.891014427,17103.893298702,,1,GPU-37ffc98b-8551-c8a1-5f3c-27ade9ae735a,ok,0,0,453,15.341,30,210,405,390,292
645,17103.891014427,17103.893257652,,2,GPU-5443d59d-561f-ed1e-da42-1975937205f9,ok,0,0,453,27.818,37,210,405,439,292
645,17103.891014427,17103.891555122,,3,GPU-46bf67bb-cb31-bee1-3cf0-c35337ba97d2,ok,0,0,453,26.093,41,210,405,439,292
645,17103.891014427,17103.891594602,,4,GPU-127e16de-2b5f-dde9-1932-b4e29bb818c0,ok,0,0,453,25.423,35,210,405,439,341
646,17104.891014427,17104.89251923,,0,GPU-9b96eb67-aeee-89d5-aa85-fc650af4e25c,ok,37,16,1646,235.267,67,1950,9501,14599,53466
646,17104.891014427,17104.89170422,,1,GPU-37ffc98b-8551-c8a1-5f3c-27ade9ae735a,ok,0,0,453,15.365,30,210,405,439,341
646,17104.891014427,17104.89248255,,2,GPU-5443d59d-561f-ed1e-da42-1975937205f9,ok,0,0,453,27.634,37,210,405,439,341
646,17104.891014427,17104.89183062,,3,GPU-46bf67bb-cb31-bee1-3cf0-c35337ba97d2,ok,0,0,453,26.169,41,210,405,439,292
646,17104.891014427,17104.89180347,,4,GPU-127e16de-2b5f-dde9-1932-b4e29bb818c0,ok,0,0,453,25.492,35,210,405,439,341
647,17105.891014427,17105.891846208,,0,GPU-9b96eb67-aeee-89d5-aa85-fc650af4e25c,ok,37,16,1646,229.071,67,1950,9501,15136,77978
647,17105.891014427,17105.893703759,,1,GPU-37ffc98b-8551-c8a1-5f3c-27ade9ae735a,ok,0,0,453,15.252,30,210,405,439,292
647,17105.891014427,17105.891716158,,2,GPU-5443d59d-561f-ed1e-da42-1975937205f9,ok,0,0,453,27.679,37,210,405,439,292
647,17105.891014427,17105.891799528,,3,GPU-46bf67bb-cb31-bee1-3cf0-c35337ba97d2,ok,0,0,453,26.076,41,210,405,439,292
647,17105.891014427,17105.891671348,,4,GPU-127e16de-2b5f-dde9-1932-b4e29bb818c0,ok,0,0,453,25.85,35,210,405,439,292
648,17106.891014427,17106.891908246,,0,GPU-9b96eb67-aeee-89d5-aa85-fc650af4e25c,ok,36,16,1646,222.286,66,1860,9501,14941,77587
648,17106.891014427,17106.892991766,,1,GPU-37ffc98b-8551-c8a1-5f3c-27ade9ae735a,ok,0,0,453,15.314,30,210,405,390,292
648,17106.891014427,17106.891652386,,2,GPU-5443d59d-561f-ed1e-da42-1975937205f9,ok,0,0,453,27.912,37,210,405,390,292
648,17106.891014427,17106.891806406,,3,GPU-46bf67bb-cb31-bee1-3cf0-c35337ba97d2,ok,0,0,453,26.121,41,210,405,439,292
648,17106.891014427,17106.891956046,,4,GPU-127e16de-2b5f-dde9-1932-b4e29bb818c0,ok,0,0,453,25.798,35,210,405,439,292
649,17107.891014427,17107.891845344,,0,GPU-9b96eb67-aeee-89d5-aa85-fc650af4e25c,ok,36,16,1646,213.014,66,1935,9501,15087,77636
649,17107.891014427,17107.891807884,,1,GPU-37ffc98b-8551-c8a1-5f3c-27ade9ae735a,ok,0,0,453,15.274,30,210,405,390,341
649,17107.891014427,17107.892513794,,2,GPU-5443d59d-561f-ed1e-da42-1975937205f9,ok,0,0,453,27.837,37,210,405,439,341
649,17107.891014427,17107.892476534,,3,GPU-46bf67bb-cb31-bee1-3cf0-c35337ba97d2,ok,0,0,453,26.118,41,210,405,439,341
649,17107.891014427,17107.891695384,,4,GPU-127e16de-2b5f-dde9-1932-b4e29bb818c0,ok,0,0,453,25.632,35,210,405,439,292
650,17108.891014427,17108.892365082,,0,GPU-9b96eb67-aeee-89d5-aa85-fc650af4e25c,ok,38,17,1646,231.865,67,1965,9501,14843,77246
650,17108.891014427,17108.891836332,,1,GPU-37ffc98b-8551-c8a1-5f3c-27ade9ae735a,ok,0,0,453,15.316,30,210,405,390,292
650,17108.891014427,17108.891857752,,2,GPU-5443d59d-561f-ed1e-da42-1975937205f9,ok,0,0,453,27.811,37,210,405,439,292
650,17108.891014427,17108.891627262,,3,GPU-46bf67bb-cb31-bee1-3cf0-c35337ba97d2,ok,0,0,453,26.157,41,210,405,439,341
650,17108.891014427,17108.892389212,,4,GPU-127e16de-2b5f-dde9-1932-b4e29bb818c0,ok,0,0,453,25.75,35,210,405,439,292
651,17109.891014427,17109.89245252,,0,GPU-9b96eb67-aeee-89d5-aa85-fc650af4e25c,ok,40,18,1646,240.675,67,1965,9501,14892,78027
651,17109.891014427,17109.89179997,,1,GPU-37ffc98b-8551-c8a1-5f3c-27ade9ae735a,ok,0,0,453,15.37,30,210,405,390,292
651,17109.891014427,17109.89170143,,2,GPU-5443d59d-561f-ed1e-da42-1975937205f9,ok,0,0,453,27.933,37,210,405,390,292
651,17109.891014427,17109.89249051,,3,GPU-46bf67bb-cb31-bee1-3cf0-c35337ba97d2,ok,0,0,453,26.287,41,210,405,390,292
651,17109.891014427,17109.89178734,,4,GPU-127e16de-2b5f-dde9-1932-b4e29bb818c0,ok,0,0,453,25.914,35,210,405,439,292
652,17110.891014427,17110.893616859,,0,GPU-9b96eb67-aeee-89d5-aa85-fc650af4e25c,ok,36,17,1646,239.522,67,1965,9501,15234,78613
652,17110.891014427,17110.891669438,,1,GPU-37ffc98b-8551-c8a1-5f3c-27ade9ae735a,ok,0,0,453,15.188,30,210,405,439,292
652,17110.891014427,17110.891728818,,2,GPU-5443d59d-561f-ed1e-da42-1975937205f9,ok,0,0,453,28.001,37,210,405,439,292
652,17110.891014427,17110.891890938,,3,GPU-46bf67bb-cb31-bee1-3cf0-c35337ba97d2,ok,0,0,453,26.101,41,210,405,439,292
652,17110.891014427,17110.891806108,,4,GPU-127e16de-2b5f-dde9-1932-b4e29bb818c0,ok,0,0,453,26.105,35,210,405,439,292
653,17111.891014427,17111.891879316,,0,GPU-9b96eb67-aeee-89d5-aa85-fc650af4e25c,ok,40,18,1646,239.13,68,1950,9501,14941,78076
653,17111.891014427,17111.891938936,,1,GPU-37ffc98b-8551-c8a1-5f3c-27ade9ae735a,ok,0,0,453,15.156,30,210,405,439,341
653,17111.891014427,17111.891854016,,2,GPU-5443d59d-561f-ed1e-da42-1975937205f9,ok,0,0,453,28.071,37,210,405,439,341
653,17111.891014427,17111.891758396,,3,GPU-46bf67bb-cb31-bee1-3cf0-c35337ba97d2,ok,0,0,453,26.062,41,210,405,439,292
653,17111.891014427,17111.891975906,,4,GPU-127e16de-2b5f-dde9-1932-b4e29bb818c0,ok,0,0,453,26.215,35,210,405,439,292
654,17112.891014427,17112.893629245,,0,GPU-9b96eb67-aeee-89d5-aa85-fc650af4e25c,ok,40,18,1646,239.952,68,1965,9501,15380,78613
654,17112.891014427,17112.891652754,,1,GPU-37ffc98b-8551-c8a1-5f3c-27ade9ae735a,ok,0,0,453,15.315,30,210,405,439,341
654,17112.891014427,17112.891761694,,2,GPU-5443d59d-561f-ed1e-da42-1975937205f9,ok,0,0,453,27.914,37,210,405,390,341
654,17112.891014427,17112.891726804,,3,GPU-46bf67bb-cb31-bee1-3cf0-c35337ba97d2,ok,0,0,453,26.216,41,210,405,439,292
654,17112.891014427,17112.892347154,,4,GPU-127e16de-2b5f-dde9-1932-b4e29bb818c0,ok,0,0,453,26.008,35,210,405,439,292
655,17113.891014427,17113.892352282,,0,GPU-9b96eb67-aeee-89d5-aa85-fc650af4e25c,ok,42,20,1646,245.024,68,1935,9501,15429,78564
655,17113.891014427,17113.891651682,,1,GPU-37ffc98b-8551-c8a1-5f3c-27ade9ae735a,ok,0,0,453,15.341,30,210,405,390,341
655,17113.891014427,17113.891867242,,2,GPU-5443d59d-561f-ed1e-da42-1975937205f9,ok,0,0,453,27.856,37,210,405,439,292
655,17113.891014427,17113.891893202,,3,GPU-46bf67bb-cb31-bee1-3cf0-c35337ba97d2,ok,0,0,453,26.11,41,210,405,439,292
655,17113.891014427,17113.891811732,,4,GPU-127e16de-2b5f-dde9-1932-b4e29bb818c0,ok,0,0,453,25.998,35,210,405,390,292
656,17114.891014427,17114.89177503,,0,GPU-9b96eb67-aeee-89d5-aa85-fc650af4e25c,ok,44,20,1646,244.626,68,1965,9501,14501,76464
656,17114.891014427,17114.89190573,,1,GPU-37ffc98b-8551-c8a1-5f3c-27ade9ae735a,ok,0,0,453,15.172,30,210,405,439,292
656,17114.891014427,17114.893456841,,2,GPU-5443d59d-561f-ed1e-da42-1975937205f9,ok,0,0,453,27.983,37,210,405,439,292
656,17114.891014427,17114.89179878,,3,GPU-46bf67bb-cb31-bee1-3cf0-c35337ba97d2,ok,0,0,453,26.16,41,210,405,439,341
656,17114.891014427,17114.89184155,,4,GPU-127e16de-2b5f-dde9-1932-b4e29bb818c0,ok,0,0,453,26.067,35,210,405,439,341
657,17115.891014427,17115.891680638,,0,GPU-9b96eb67-aeee-89d5-aa85-fc650af4e25c,ok,38,17,1646,240.058,68,1965,9501,14648,77050
657,17115.891014427,17115.892184228,,1,GPU-37ffc98b-8551-c8a1-5f3c-27ade9ae735a,ok,0,0,453,14.997,30,210,405,439,292
657,17115.891014427,17115.891854298,,2,GPU-5443d59d-561f-ed1e-da42-1975937205f9,ok,0,0,453,27.87,37,210,405,439,341
657,17115.891014427,17115.891820278,,3,GPU-46bf67bb-cb31-bee1-3cf0-c35337ba97d2,ok,0,0,453,26.34,41,210,405,439,341
657,17115.891014427,17115.891883468,,4,GPU-127e16de-2b5f-dde9-1932-b4e29bb818c0,ok,0,0,453,25.867,35,210,405,390,341
658,17116.891014427,17116.892845797,,0,GPU-9b96eb67-aeee-89d5-aa85-fc650af4e25c,ok,33,15,1646,237.787,67,1935,9501,14501,73144
658,17116.891014427,17116.892253166,,1,GPU-37ffc98b-8551-c8a1-5f3c-27ade9ae735a,ok,0,0,453,15.006,30,210,405,439,292
658,17116.891014427,17116.891481816,,2,GPU-5443d59d-561f-ed1e-da42-1975937205f9,ok,0,0,453,27.842,37,210,405,390,292
658,17116.891014427,17116.891737846,,3,GPU-46bf67bb-cb31-bee1-3cf0-c35337ba97d2,ok,0,0,453,26.166,41,210,405,439,292
658,17116.891014427,17116.892228446,,4,GPU-127e16de-2b5f-dde9-1932-b4e29bb818c0,ok,0,0,453,25.764,35,210,405,439,341
659,17117.891014427,17117.891839084,,0,GPU-9b96eb67-aeee-89d5-aa85-fc650af4e25c,ok,35,15,1646,211.611,66,1860,9501,14257,73046
659,17117.891014427,17117.891914544,,1,GPU-37ffc98b-8551-c8a1-5f3c-27ade9ae735a,ok,0,0,453,15.058,30,210,405,439,341
659,17117.891014427,17117.891691484,,2,GPU-5443d59d-561f-ed1e-da42-1975937205f9,ok,0,0,453,27.843,37,210,405,390,292
659,17117.891014427,17117.891803574,,3,GPU-46bf67bb-cb31-bee1-3cf0-c35337ba97d2,ok,0,0,453,26.139,41,210,405,439,292
659,17117.891014427,17117.891941954,,4,GPU-127e16de-2b5f-dde9-1932-b4e29bb818c0,ok,0,0,453,25.644,35,210,405,439,341
660,17118.891014427,17118.891921662,,0,GPU-9b96eb67-aeee-89d5-aa85-fc650af4e25c,ok,32,14,1646,201.14,66,1920,9501,14208,72412
660,17118.891014427,17118.891836732,,1,GPU-37ffc98b-8551-c8a1-5f3c-27ade9ae735a,ok,0,0,453,14.863,30,210,405,439,292
660,17118.891014427,17118.891810382,,2,GPU-5443d59d-561f-ed1e-da42-1975937205f9,ok,0,0,453,27.584,37,210,405,439,341
660,17118.891014427,17118.891957122,,3,GPU-46bf67bb-cb31-bee1-3cf0-c35337ba97d2,ok,0,0,453,26.321,41,210,405,390,292
660,17118.891014427,17118.892005332,,4,GPU-127e16de-2b5f-dde9-1932-b4e29bb818c0,ok,0,0,453,25.485,35,210,405,439,292
661,17119.891014427,17119.893598751,,0,GPU-9b96eb67-aeee-89d5-aa85-fc650af4e25c,ok,32,14,1646,216.812,67,1950,9501,14355,72363
661,17119.891014427,17119.89174901,,1,GPU-37ffc98b-8551-c8a1-5f3c-27ade9ae735a,ok,0,0,453,14.849,30,210,405,439,341
661,17119.891014427,17119.89173348,,2,GPU-5443d59d-561f-ed1e-da42-1975937205f9,ok,0,0,453,27.521,37,210,405,390,292
661,17119.891014427,17119.89165523,,3,GPU-46bf67bb-cb31-bee1-3cf0-c35337ba97d2,ok,0,0,453,26.191,41,210,405,439,292
661,17119.891014427,17119.893649571,,4,GPU-127e16de-2b5f-dde9-1932-b4e29bb818c0,ok,0,0,453,25.496,35,210,405,390,292
662,17120.891014427,17120.891950068,,0,GPU-9b96eb67-aeee-89d5-aa85-fc650af4e25c,ok,34,15,1646,229.354,67,1965,9501,14013,73828
662,17120.891014427,17120.892002998,,1,GPU-37ffc98b-8551-c8a1-5f3c-27ade9ae735a,ok,0,0,453,15.083,30,210,405,439,292
662,17120.891014427,17120.892026528,,2,GPU-5443d59d-561f-ed1e-da42-1975937205f9,ok,0,0,453,27.787,37,210,405,439,292
662,17120.891014427,17120.891805288,,3,GPU-46bf67bb-cb31-bee1-3cf0-c35337ba97d2,ok,0,0,453,26.174,41,210,405,439,292
662,17120.891014427,17120.891889868,,4,GPU-127e16de-2b5f-dde9-1932-b4e29bb818c0,ok,0,0,453,25.493,35,210,405,439,292
663,17121.891014427,17121.891666516,,0,GPU-9b96eb67-aeee-89d5-aa85-fc650af4e25c,ok,33,15,1646,236.95,67,1965,9501,13720,71972
663,17121.891014427,17121.892107856,,1,GPU-37ffc98b-8551-c8a1-5f3c-27ade9ae735a,ok,0,0,453,15.077,30,210,405,439,292
663,17121.891014427,17121.891838596,,2,GPU-5443d59d-561f-ed1e-da42-1975937205f9,ok,0,0,453,27.843,37,210,405,439,341
663,17121.891014427,17121.891864026,,3,GPU-46bf67bb-cb31-bee1-3cf0-c35337ba97d2,ok,0,0,453,26.317,41,210,405,390,292
663,17121.891014427,17121.891894516,,4,GPU-127e16de-2b5f-dde9-1932-b4e29bb818c0,ok,0,0,453,25.567,35,210,405,390,292
664,17122.891014427,17122.891747764,,0,GPU-9b96eb67-aeee-89d5-aa85-fc650af4e25c,ok,32,14,1646,234.247,67,1950,9501,13818,71630
664,17122.891014427,17122.891917954,,1,GPU-37ffc98b-8551-c8a1-5f3c-27ade9ae735a,ok,0,0,453,15.008,30,210,405,439,292
664,17122.891014427,17122.892184095,,2,GPU-5443d59d-561f-ed1e-da42-1975937205f9,ok,0,0,453,27.851,37,210,405,439,292
664,17122.891014427,17122.891950794,,3,GPU-46bf67bb-cb31-bee1-3cf0-c35337ba97d2,ok,0,0,453,26.207,41,210,405,390,341
664,17122.891014427,17122.891872224,,4,GPU-127e16de-2b5f-dde9-1932-b4e29bb818c0,ok,0,0,453,25.787,35,210,405,439,292
665,17123.891014427,17123.891983622,,0,GPU-9b96eb67-aeee-89d5-aa85-fc650af4e25c,ok,32,14,1646,226.595,67,1950,9501,14648,73242
665,17123.891014427,17123.891912842,,1,GPU-37ffc98b-8551-c8a1-5f3c-27ade9ae735a,ok,0,0,453,14.926,30,210,405,390,292
665,17123.891014427,17123.891804152,,2,GPU-5443d59d-561f-ed1e-da42-1975937205f9,ok,0,0,453,27.968,37,210,405,439,292
665,17123.891014427,17123.891954112,,3,GPU-46bf67bb-cb31-bee1-3cf0-c35337ba97d2,ok,0,0,453,26.302,41,210,405,439,292
665,17123.891014427,17123.891882132,,4,GPU-127e16de-2b5f-dde9-1932-b4e29bb818c0,ok,0,0,453,25.783,35,210,405,439,292
666,17124.891014427,17124.891822,,0,GPU-9b96eb67-aeee-89d5-aa85-fc650af4e25c,ok,33,14,1646,212.382,66,1845,9501,14111,72900
666,17124.891014427,17124.892343801,,1,GPU-37ffc98b-8551-c8a1-5f3c-27ade9ae735a,ok,0,0,453,14.775,30,210,405,439,292
666,17124.891014427,17124.892384211,,2,GPU-5443d59d-561f-ed1e-da42-1975937205f9,ok,0,0,453,27.884,37,210,405,439,292
666,17124.891014427,17124.891789,,3,GPU-46bf67bb-cb31-bee1-3cf0-c35337ba97d2,ok,0,0,453,26.444,41,210,405,439,292
666,17124.891014427,17124.89157925,,4,GPU-127e16de-2b5f-dde9-1932-b4e29bb818c0,ok,0,0,453,25.379,35,210,405,390,292
667,17125.891014427,17125.891803158,,0,GPU-9b96eb67-aeee-89d5-aa85-fc650af4e25c,ok,34,14,1646,197.17,66,1845,9501,14013,72656
667,17125.891014427,17125.891766488,,1,GPU-37ffc98b-8551-c8a1-5f3c-27ade9ae735a,ok,0,0,453,14.928,30,210,405,439,341
667,17125.891014427,17125.893326819,,2,GPU-5443d59d-561f-ed1e-da42-1975937205f9,ok,0,0,453,27.843,37,210,405,390,341
667,17125.891014427,17125.891855558,,3,GPU-46bf67bb-cb31-bee1-3cf0-c35337ba97d2,ok,0,0,453,26.212,41,210,405,439,292
667,17125.891014427,17125.891609158,,4,GPU-127e16de-2b5f-dde9-1932-b4e29bb818c0,ok,0,0,453,24.97,35,210,405,439,341
668,17126.891014427,17126.891761756,,0,GPU-9b96eb67-aeee-89d5-aa85-fc650af4e25c,ok,35,15,1646,197.551,65,1845,9501,14062,74755
668,17126.891014427,17126.891495986,,1,GPU-37ffc98b-8551-c8a1-5f3c-27ade9ae735a,ok,0,0,453,15.045,30,210,405,439,292
668,17126.891014427,17126.891787486,,2,GPU-5443d59d-561f-ed1e-da42-1975937205f9,ok,0,0,453,27.829,37,210,405,390,292
668,17126.891014427,17126.892227827,,3,GPU-46bf67bb-cb31-bee1-3cf0-c35337ba97d2,ok,0,0,453,26.216,41,210,405,390,292
668,17126.891014427,17126.892275867,,4,GPU-127e16de-2b5f-dde9-1932-b4e29bb818c0,ok,0,0,453,24.847,35,210,405,439,341
669,17127.891014427,17127.891685274,,0,GPU-9b96eb67-aeee-89d5-aa85-fc650af4e25c,ok,39,16,1646,196.223,65,1785,9501,14794,77832
669,17127.891014427,17127.892728755,,1,GPU-37ffc98b-8551-c8a1-5f3c-27ade9ae735a,ok,0,0,453,14.831,30,210,405,439,292
669,17127.891014427,17127.891798685,,2,GPU-5443d59d-561f-ed1e-da42-1975937205f9,ok,0,0,453,27.619,37,210,405,439,292
669,17127.891014427,17127.892766735,,3,GPU-46bf67bb-cb31-bee1-3cf0-c35337ba97d2,ok,0,0,453,26.342,41,210,405,439,292
669,17127.891014427,17127.891723894,,4,GPU-127e16de-2b5f-dde9-1932-b4e29bb818c0,ok,0,0,453,24.951,35,210,405,439,341
670,17128.891014427,17128.892265743,,0,GPU-9b96eb67-aeee-89d5-aa85-fc650af4e25c,ok,36,16,1646,215.309,67,1965,9501,14892,77587
670,17128.891014427,17128.891520342,,1,GPU-37ffc98b-8551-c8a1-5f3c-27ade9ae735a,ok,0,0,453,14.88,30,210,405,439,341
670,17128.891014427,17128.892301833,,2,GPU-5443d59d-561f-ed1e-da42-1975937205f9,ok,0,0,453,27.629,37,210,405,439,292
670,17128.891014427,17128.891746373,,3,GPU-46bf67bb-cb31-bee1-3cf0-c35337ba97d2,ok,0,0,453,26.084,41,210,405,439,341
670,17128.891014427,17128.891784163,,4,GPU-127e16de-2b5f-dde9-1932-b4e29bb818c0,ok,0,0,453,25.034,35,210,405,439,341
671,17129.891014427,17129.891922931,,0,GPU-9b96eb67-aeee-89d5-aa85-fc650af4e25c,ok,37,17,1646,241.891,67,1965,9501,14990,77392
671,17129.891014427,17129.891877631,,1,GPU-37ffc98b-8551-c8a1-5f3c-27ade9ae735a,ok,0,0,453,14.985,30,210,405,439,292
671,17129.891014427,17129.891838501,,2,GPU-5443d59d-561f-ed1e-da42-1975937205f9,ok,0,0,453,27.845,37,210,405,390,341
671,17129.891014427,17129.891940221,,3,GPU-46bf67bb-cb31-bee1-3cf0-c35337ba97d2,ok,0,0,453,26.022,41,210,405,439,341
671,17129.891014427,17129.891719351,,4,GPU-127e16de-2b5f-dde9-1932-b4e29bb818c0,ok,0,0,453,25.316,35,210,405,439,341
672,17130.891014427,17130.893014019,,0,GPU-9b96eb67-aeee-89d5-aa85-fc650af4e25c,ok,39,18,1646,236.989,67,1935,9501,15527,77587
672,17130.891014427,17130.891854969,,1,GPU-37ffc98b-8551-c8a1-5f3c-27ade9ae735a,ok,0,0,453,14.79,30,210,405,439,292
672,17130.891014427,17130.891779109,,2,GPU-5443d59d-561f-ed1e-da42-1975937205f9,ok,0,0,453,27.818,37,210,405,390,292
672,17130.891014427,17130.891879199,,3,GPU-46bf67bb-cb31-bee1-3cf0-c35337ba97d2,ok,0,0,453,26.207,41,210,405,439,292
672,17130.891014427,17130.891688489,,4,GPU-127e16de-2b5f-dde9-1932-b4e29bb818c0,ok,0,0,453,25.516,35,210,405,439,341
673,17131.891014427,17131.891967197,,0,GPU-9b96eb67-aeee-89d5-aa85-fc650af4e25c,ok,38,18,1646,241.375,68,1965,9501,15234,78222
673,17131.891014427,17131.891887947,,1,GPU-37ffc98b-8551-c8a1-5f3c-27ade9ae735a,ok,0,0,453,14.868,30,210,405,439,292
673,17131.891014427,17131.891915387,,2,GPU-5443d59d-561f-ed1e-da42-1975937205f9,ok,0,0,453,27.889,37,210,405,439,292
673,17131.891014427,17131.891641557,,3,GPU-46bf67bb-cb31-bee1-3cf0-c35337ba97d2,ok,0,0,453,26.058,41,210,405,390,292
673,17131.891014427,17131.891941587,,4,GPU-127e16de-2b5f-dde9-1932-b4e29bb818c0,ok,0,0,453,25.534,35,210,405,439,341
674,17132.891014427,17132.892374055,,0,GPU-9b96eb67-aeee-89d5-aa85-fc650af4e25c,ok,38,18,1646,242.173,68,1965,9501,14843,77294
674,17132.891014427,17132.892348095,,1,GPU-37ffc98b-8551-c8a1-5f3c-27ade9ae735a,ok,0,0,453,14.947,30,210,405,439,341
674,17132.891014427,17132.891565765,,2,GPU-5443d59d-561f-ed1e-da42-1975937205f9,ok,0,0,453,27.986,37,210,405,439,292
674,17132.891014427,17132.892438475,,3,GPU-46bf67bb-cb31-bee1-3cf0-c35337ba97d2,ok,0,0,453,26.059,41,210,405,439,292
674,17132.891014427,17132.891714345,,4,GPU-127e16de-2b5f-dde9-1932-b4e29bb818c0,ok,0,0,453,25.647,35,210,405,439,292
675,17133.891014427,17133.891730403,,0,GPU-9b96eb67-aeee-89d5-aa85-fc650af4e25c,ok,40,18,1646,241.643,68,1965,9501,14941,77050
675,17133.891014427,17133.892176693,,1,GPU-37ffc98b-8551-c8a1-5f3c-27ade9ae735a,ok,0,0,453,14.799,30,210,405,390,292
675,17133.891014427,17133.891468353,,2,GPU-5443d59d-561f-ed1e-da42-1975937205f9,ok,0,0,453,27.708,37,210,405,439,341
675,17133.891014427,17133.891594243,,3,GPU-46bf67bb-cb31-bee1-3cf0-c35337ba97d2,ok,0,0,453,26.233,41,210,405,439,292
675,17133.891014427,17133.892817873,,4,GPU-127e16de-2b5f-dde9-1932-b4e29bb818c0,ok,0,0,453,25.489,35,210,405,439,292
676,17134.891014427,17134.891911881,,0,GPU-9b96eb67-aeee-89d5-aa85-fc650af4e25c,ok,40,18,1646,241.543,68,1965,9501,14648,78173
676,17134.891014427,17134.891951181,,1,GPU-37ffc98b-8551-c8a1-5f3c-27ade9ae735a,ok,0,0,453,14.854,30,210,405,439,292
676,17134.891014427,17134.891966871,,2,GPU-5443d59d-561f-ed1e-da42-1975937205f9,ok,0,0,453,27.616,37,210,405,390,292
676,17134.891014427,17134.891998101,,3,GPU-46bf67bb-cb31-bee1-3cf0-c35337ba97d2,ok,0,0,453,26.016,41,210,405,390,292
676,17134.891014427,17134.891726161,,4,GPU-127e16de-2b5f-dde9-1932-b4e29bb818c0,ok,0,0,453,25.404,35,210,405,439,292
677,17135.891014427,17135.892878719,,0,GPU-9b96eb67-aeee-89d5-aa85-fc650af4e25c,ok,42,20,1646,243.124,68,1920,9501,15039,77783
677,17135.891014427,17135.891481559,,1,GPU-37ffc98b-8551-c8a1-5f3c-27ade9ae735a,ok,0,0,453,14.982,30,210,405,439,341
677,17135.891014427,17135.892903369,,2,GPU-5443d59d-561f-ed1e-da42-1975937205f9,ok,0,0,453,27.676,37,210,405,390,341
677,17135.891014427,17135.891621559,,3,GPU-46bf67bb-cb31-bee1-3cf0-c35337ba97d2,ok,0,0,453,26.054,41,210,405,439,341
677,17135.891014427,17135.892191029,,4,GPU-127e16de-2b5f-dde9-1932-b4e29bb818c0,ok,0,0,453,25.402,35,210,405,439,292
678,17136.891014427,17136.891826387,,0,GPU-9b96eb67-aeee-89d5-aa85-fc650af4e25c,ok,33,14,1646,242.717,68,1965,9501,14843,76806
678,17136.891014427,17136.892239417,,1,GPU-37ffc98b-8551-c8a1-5f3c-27ade9ae735a,ok,0,0,453,14.924,30,210,405,390,341
678,17136.891014427,17136.891529317,,2,GPU-5443d59d-561f-ed1e-da42-1975937205f9,ok,0,0,453,27.608,37,210,405,390,292
678,17136.891014427,17136.891778417,,3,GPU-46bf67bb-cb31-bee1-3cf0-c35337ba97d2,ok,0,0,453,26.338,41,210,405,439,341
678,17136.891014427,17136.891853067,,4,GPU-127e16de-2b5f-dde9-1932-b4e29bb818c0,ok,0,0,453,25.508,35,210,405,439,292
679,17137.891014427,17137.891661015,,0,GPU-9b96eb67-aeee-89d5-aa85-fc650af4e25c,ok,33,15,1646,239.446,68,1965,9501,14648,78222
679,17137.891014427,17137.891467975,,1,GPU-37ffc98b-8551-c8a1-5f3c-27ade9ae735a,ok,0,0,453,14.963,30,210,405,439,292
679,17137.891014427,17137.892232835,,2,GPU-5443d59d-561f-ed1e-da42-1975937205f9,ok,0,0,453,27.701,37,210,405,439,292
679,17137.891014427,17137.892261115,,3,GPU-46bf67bb-cb31-bee1-3cf0-c35337ba97d2,ok,0,0,453,26.19,41,210,405,439,341
679,17137.891014427,17137.892328965,,4,GPU-127e16de-2b5f-dde9-1932-b4e29bb818c0,ok,0,0,453,25.699,35,210,405,439,292
680,17138.891014427,17138.892823673,,0,GPU-9b96eb67-aeee-89d5-aa85-fc650af4e25c,ok,36,16,1646,240.854,68,1965,9501,15234,76513
680,17138.891014427,17138.891465973,,1,GPU-37ffc98b-8551-c8a1-5f3c-27ade9ae735a,ok,0,0,453,15.23,30,210,405,390,292
680,17138.891014427,17138.891599663,,2,GPU-5443d59d-561f-ed1e-da42-1975937205f9,ok,0,0,453,27.838,37,210,405,439,341
680,17138.891014427,17138.892157853,,3,GPU-46bf67bb-cb31-bee1-3cf0-c35337ba97d2,ok,0,0,453,26.224,41,210,405,390,292
680,17138.891014427,17138.892892493,,4,GPU-127e16de-2b5f-dde9-1932-b4e29bb818c0,ok,0,0,453,26.001,35,210,405,390,292
681,17139.891014427,17139.892804061,,0,GPU-9b96eb67-aeee-89d5-aa85-fc650af4e25c,ok,35,15,1646,240.328,67,1965,9501,14990,77246
681,17139.891014427,17139.892181091,,1,GPU-37ffc98b-8551-c8a1-5f3c-27ade9ae735a,ok,0,0,453,15.225,30,210,405,390,341
681,17139.891014427,17139.891465381,,2,GPU-5443d59d-561f-ed1e-da42-1975937205f9,ok,0,0,453,27.684,37,210,405,439,292
681,17139.891014427,17139.891611681,,3,GPU-46bf67bb-cb31-bee1-3cf0-c35337ba97d2,ok,0,0,453,26.444,41,210,405,439,292
681,17139.891014427,17139.892821951,,4,GPU-127e16de-2b5f-dde9-1932-b4e29bb818c0,ok,0,0,453,26.217,35,210,405,439,292
682,17140.891014427,17140.891747239,,0,GPU-9b96eb67-aeee-89d5-aa85-fc650af4e25c,ok,36,16,1646,241.366,68,1965,9501,14990,78027
682,17140.891014427,17140.892208809,,1,GPU-37ffc98b-8551-c8a1-5f3c-27ade9ae735a,ok,0,0,453,15.15,30,210,405,439,292
682,17140.891014427,17140.891620179,,2,GPU-5443d59d-561f-ed1e-da42-1975937205f9,ok,0,0,453,27.518,37,210,405,390,292
682,17140.891014427,17140.891506939,,3,GPU-46bf67bb-cb31-bee1-3cf0-c35337ba97d2,ok,0,0,453,26.291,41,210,405,439,292
682,17140.891014427,17140.892847659,,4,GPU-127e16de-2b5f-dde9-1932-b4e29bb818c0,ok,0,0,453,25.899,35,210,405,390,292
683,17141.891014427,17141.891586267,,0,GPU-9b96eb67-aeee-89d5-aa85-fc650af4e25c,ok,36,16,1646,241.254,68,1965,9501,14648,78222
683,17141.891014427,17141.891801437,,1,GPU-37ffc98b-8551-c8a1-5f3c-27ade9ae735a,ok,0,0,453,15.101,30,210,405,439,292
683,17141.891014427,17141.891997847,,2,GPU-5443d59d-561f-ed1e-da42-1975937205f9,ok,0,0,453,27.611,37,210,405,439,292
683,17141.891014427,17141.893259007,,3,GPU-46bf67bb-cb31-bee1-3cf0-c35337ba97d2,ok,0,0,453,26.259,41,210,405,439,292
683,17141.891014427,17141.891758547,,4,GPU-127e16de-2b5f-dde9-1932-b4e29bb818c0,ok,0,0,453,25.717,35,210,405,439,292
684,17142.891014427,17142.891736335,,0,GPU-9b96eb67-aeee-89d5-aa85-fc650af4e25c,ok,37,17,1646,241.51,68,1965,9501,15136,78613
684,17142.891014427,17142.893260925,,1,GPU-37ffc98b-8551-c8a1-5f3c-27ade9ae735a,ok,0,0,453,14.863,30,210,405,439,292
684,17142.891014427,17142.891612825,,2,GPU-5443d59d-561f-ed1e-da42-1975937205f9,ok,0,0,453,27.529,37,210,405,439,292
684,17142.891014427,17142.891857885,,3,GPU-46bf67bb-cb31-bee1-3cf0-c35337ba97d2,ok,0,0,453,26.34,41,210,405,390,292
684,17142.891014427,17142.891701275,,4,GPU-127e16de-2b5f-dde9-1932-b4e29bb818c0,ok,0,0,453,25.744,35,210,405,390,292
685,17143.891014427,17143.892023893,,0,GPU-9b96eb67-aeee-89d5-aa85-fc650af4e25c,ok,37,17,1646,240.706,68,1965,9501,15039,77490
685,17143.891014427,17143.891813203,,1,GPU-37ffc98b-8551-c8a1-5f3c-27ade9ae735a,ok,0,0,453,14.838,30,210,405,439,341
685,17143.891014427,17143.891903563,,2,GPU-5443d59d-561f-ed1e-da42-1975937205f9,ok,0,0,453,27.541,37,210,405,439,292
685,17143.891014427,17143.893740463,,3,GPU-46bf67bb-cb31-bee1-3cf0-c35337ba97d2,ok,0,0,453,26.106,41,210,405,439,292
685,17143.891014427,17143.891857443,,4,GPU-127e16de-2b5f-dde9-1932-b4e29bb818c0,ok,0,0,453,25.701,35,210,405,439,341
686,17144.891014427,17144.892234111,,0,GPU-9b96eb67-aeee-89d5-aa85-fc650af4e25c,ok,38,17,1646,235.662,67,1920,9501,14990,76953
686,17144.891014427,17144.892262801,,1,GPU-37ffc98b-8551-c8a1-5f3c-27ade9ae735a,ok,0,0,453,14.968,30,210,405,439,341
686,17144.891014427,17144.891463011,,2,GPU-5443d59d-561f-ed1e-da42-1975937205f9,ok,0,0,453,27.665,37,210,405,390,292
686,17144.891014427,17144.892308781,,3,GPU-46bf67bb-cb31-bee1-3cf0-c35337ba97d2,ok,0,0,453,26.187,41,210,405,439,341
686,17144.891014427,17144.891676801,,4,GPU-127e16de-2b5f-dde9-1932-b4e29bb818c0,ok,0,0,453,25.72,35,210,405,390,341
687,17145.891014427,17145.891797189,,0,GPU-9b96eb67-aeee-89d5-aa85-fc650af4e25c,ok,41,19,1646,237.68,68,1965,9501,14843,78466
687,17145.891014427,17145.891834789,,1,GPU-37ffc98b-8551-c8a1-5f3c-27ade9ae735a,ok,0,0,453,14.866,30,210,405,439,292
687,17145.891014427,17145.891923299,,2,GPU-5443d59d-561f-ed1e-da42-1975937205f9,ok,0,0,453,27.563,37,210,405,439,341
687,17145.891014427,17145.891689869,,3,GPU-46bf67bb-cb31-bee1-3cf0-c35337ba97d2,ok,0,0,453,26.276,41,210,405,439,292
687,17145.891014427,17145.893283499,,4,GPU-127e16de-2b5f-dde9-1932-b4e29bb818c0,ok,0,0,453,25.77,35,210,405,390,341
688,17146.891014427,17146.891681157,,0,GPU-9b96eb67-aeee-89d5-aa85-fc650af4e25c,ok,39,18,1646,242.755,68,1965,9501,14746,77929
688,17146.891014427,17146.892298677,,1,GPU-37ffc98b-8551-c8a1-5f3c-27ade9ae735a,ok,0,0,453,14.922,30,210,405,439,292
688,17146.891014427,17146.891518947,,2,GPU-5443d59d-561f-ed1e-da42-1975937205f9,ok,0,0,453,27.601,37,210,405,439,292
688,17146.891014427,17146.892367167,,3,GPU-46bf67bb-cb31-bee1-3cf0-c35337ba97d2,ok,0,0,453,26.192,41,210,405,390,292
688,17146.891014427,17146.892405297,,4,GPU-127e16de-2b5f-dde9-1932-b4e29bb818c0,ok,0,0,453,25.758,35,210,405,439,292
689,17147.891014427,17147.891947965,,0,GPU-9b96eb67-aeee-89d5-aa85-fc650af4e25c,ok,40,18,1646,243.916,68,1965,9501,14941,78369
689,17147.891014427,17147.891970415,,1,GPU-37ffc98b-8551-c8a1-5f3c-27ade9ae735a,ok,0,0,453,15.113,30,210,405,390,341
689,17147.891014427,17147.891909015,,2,GPU-5443d59d-561f-ed1e-da42-1975937205f9,ok,0,0,453,27.651,37,210,405,439,292
689,17147.891014427,17147.891727715,,3,GPU-46bf67bb-cb31-bee1-3cf0-c35337ba97d2,ok,0,0,453,26.329,41,210,405,390,292
689,17147.891014427,17147.891881625,,4,GPU-127e16de-2b5f-dde9-1932-b4e29bb818c0,ok,0,0,453,25.606,35,210,405,439,292
690,17148.891014427,17148.891877503,,0,GPU-9b96eb67-aeee-89d5-aa85-fc650af4e25c,ok,41,19,1646,244.165,68,1965,9501,14746,77294
690,17148.891014427,17148.891903513,,1,GPU-37ffc98b-8551-c8a1-5f3c-27ade9ae735a,ok,0,0,453,14.977,30,210,405,439,292
690,17148.891014427,17148.891999693,,2,GPU-5443d59d-561f-ed1e-da42-1975937205f9,ok,0,0,453,27.757,37,210,405,439,341
690,17148.891014427,17148.891963163,,3,GPU-46bf67bb-cb31-bee1-3cf0-c35337ba97d2,ok,0,0,453,26.18,41,210,405,439,292
690,17148.891014427,17148.891777643,,4,GPU-127e16de-2b5f-dde9-1932-b4e29bb818c0,ok,0,0,453,25.712,35,210,405,390,292
691,17149.891014427,17149.891910541,,0,GPU-9b96eb67-aeee-89d5-aa85-fc650af4e25c,ok,44,21,1646,245.578,68,1860,9501,14990,77392
691,17149.891014427,17149.894006672,,1,GPU-37ffc98b-8551-c8a1-5f3c-27ade9ae735a,ok,0,0,453,14.896,30,210,405,439,292
691,17149.891014427,17149.891845021,,2,GPU-5443d59d-561f-ed1e-da42-1975937205f9,ok,0,0,453,27.907,37,210,405,439,292
691,17149.891014427,17149.891763011,,3,GPU-46bf67bb-cb31-bee1-3cf0-c35337ba97d2,ok,0,0,453,26.193,41,210,405,439,292
691,17149.891014427,17149.891879841,,4,GPU-127e16de-2b5f-dde9-1932-b4e29bb818c0,ok,0,0,453,25.814,35,210,405,439,292
692,17150.891014427,17150.892013549,,0,GPU-9b96eb67-aeee-89d5-aa85-fc650af4e25c,ok,36,16,1646,243.796,69,1965,9501,15039,78466
692,17150.891014427,17150.891973799,,1,GPU-37ffc98b-8551-c8a1-5f3c-27ade9ae735a,ok,0,0,453,14.942,30,210,405,390,292
692,17150.891014427,17150.892077619,,2,GPU-5443d59d-561f-ed1e-da42-1975937205f9,ok,0,0,453,27.859,37,210,405,439,292
692,17150.891014427,17150.891784029,,3,GPU-46bf67bb-cb31-bee1-3cf0-c35337ba97d2,ok,0,0,453,26.337,41,210,405,390,292
692,17150.891014427,17150.892040889,,4,GPU-127e16de-2b5f-dde9-1932-b4e29bb818c0,ok,0,0,453,25.793,35,210,405,390,341
693,17151.891014427,17151.892372937,,0,GPU-9b96eb67-aeee-89d5-aa85-fc650af4e25c,ok,33,15,1646,242.603,68,1965,9501,15185,77636
693,17151.891014427,17151.892151317,,1,GPU-37ffc98b-8551-c8a1-5f3c-27ade9ae735a,ok,0,0,453,14.926,30,210,405,390,341
693,17151.891014427,17151.891399687,,2,GPU-5443d59d-561f-ed1e-da42-1975937205f9,ok,0,0,453,27.943,37,210,405,390,341
693,17151.891014427,17151.892346067,,3,GPU-46bf67bb-cb31-bee1-3cf0-c35337ba97d2,ok,0,0,453,26.122,41,210,405,439,341
693,17151.891014427,17151.892399467,,4,GPU-127e16de-2b5f-dde9-1932-b4e29bb818c0,ok,0,0,453,25.963,35,210,405,439,341
694,17152.891014427,17152.892856615,,0,GPU-9b96eb67-aeee-89d5-aa85-fc650af4e25c,ok,36,16,1646,240.948,68,1965,9501,15332,77587
694,17152.891014427,17152.891460875,,1,GPU-37ffc98b-8551-c8a1-5f3c-27ade9ae735a,ok,0,0,453,15.051,30,210,405,390,292
694,17152.891014427,17152.892889765,,2,GPU-5443d59d-561f-ed1e-da42-1975937205f9,ok,0,0,453,28.011,37,210,405,439,292
694,17152.891014427,17152.892158845,,3,GPU-46bf67bb-cb31-bee1-3cf0-c35337ba97d2,ok,0,0,453,26.136,41,210,405,439,292
694,17152.891014427,17152.891597205,,4,GPU-127e16de-2b5f-dde9-1932-b4e29bb818c0,ok,0,0,453,26.019,35,210,405,439,341
695,17153.891014427,17153.891955903,,0,GPU-9b96eb67-aeee-89d5-aa85-fc650af4e25c,ok,36,16,1646,243.891,68,1965,9501,14990,77099
695,17153.891014427,17153.891730983,,1,GPU-37ffc98b-8551-c8a1-5f3c-27ade9ae735a,ok,0,0,453,15.046,30,210,405,439,292
695,17153.891014427,17153.891894423,,2,GPU-5443d59d-561f-ed1e-da42-1975937205f9,ok,0,0,453,27.782,37,210,405,439,292
695,17153.891014427,17153.891994443,,3,GPU-46bf67bb-cb31-bee1-3cf0-c35337ba97d2,ok,0,0,453,26.269,41,210,405,439,292
695,17153.891014427,17153.891821113,,4,GPU-127e16de-2b5f-dde9-1932-b4e29bb818c0,ok,0,0,453,25.821,35,210,405,439,341
696,17154.891014427,17154.892318641,,0,GPU-9b96eb67-aeee-89d5-aa85-fc650af4e25c,ok,36,16,1646,240.704,68,1965,9501,15234,77539
696,17154.891014427,17154.892970691,,1,GPU-37ffc98b-8551-c8a1-5f3c-27ade9ae735a,ok,0,0,453,15.054,30,210,405,439,292
696,17154.891014427,17154.891680491,,2,GPU-5443d59d-561f-ed1e-da42-1975937205f9,ok,0,0,453,27.681,37,210,405,439,292
696,17154.891014427,17154.891763881,,3,GPU-46bf67bb-cb31-bee1-3cf0-c35337ba97d2,ok,0,0,453,26.1,41,210,405,439,292
696,17154.891014427,17154.891599861,,4,GPU-127e16de-2b5f-dde9-1932-b4e29bb818c0,ok,0,0,453,25.637,35,210,405,439,341
697,17155.891014427,17155.891604659,,0,GPU-9b96eb67-aeee-89d5-aa85-fc650af4e25c,ok,37,16,1646,240.359,68,1965,9501,14697,77783
697,17155.891014427,17155.891808099,,1,GPU-37ffc98b-8551-c8a1-5f3c-27ade9ae735a,ok,0,0,453,15.095,30,210,405,439,341
697,17155.891014427,17155.891774649,,2,GPU-5443d59d-561f-ed1e-da42-1975937205f9,ok,0,0,453,27.801,37,210,405,439,341
697,17155.891014427,17155.892648659,,3,GPU-46bf67bb-cb31-bee1-3cf0-c35337ba97d2,ok,0,0,453,26.152,41,210,405,390,292
697,17155.891014427,17155.891638979,,4,GPU-127e16de-2b5f-dde9-1932-b4e29bb818c0,ok,0,0,453,25.599,35,210,405,439,341
698,17156.891014427,17156.892275487,,0,GPU-9b96eb67-aeee-89d5-aa85-fc650af4e25c,ok,0,0,1646,194.271,64,1725,9501,439,244
698,17156.891014427,17156.892986038,,1,GPU-37ffc98b-8551-c8a1-5f3c-27ade9ae735a,ok,0,0,453,14.936,30,210,405,439,292
698,17156.891014427,17156.891574387,,2,GPU-5443d59d-561f-ed1e-da42-1975937205f9,ok,0,0,453,27.669,37,210,405,439,292
698,17156.891014427,17156.891717347,,3,GPU-46bf67bb-cb31-bee1-3cf0-c35337ba97d2,ok,0,0,453,26.33,41,210,405,439,292
698,17156.891014427,17156.892959448,,4,GPU-127e16de-2b5f-dde9-1932-b4e29bb818c0,ok,0,0,453,25.373,35,210,405,439,341
699,17157.891014427,17157.891870885,,0,GPU-9b96eb67-aeee-89d5-aa85-fc650af4e25c,ok,0,0,1644,154.872,64,1725,9501,390,439
699,17157.891014427,17157.892146855,,1,GPU-37ffc98b-8551-c8a1-5f3c-27ade9ae735a,ok,0,0,450,15.01,30,210,405,390,488
699,17157.891014427,17157.892295505,,2,GPU-5443d59d-561f-ed1e-da42-1975937205f9,ok,0,0,450,27.474,37,210,405,439,537
699,17157.891014427,17157.892235705,,3,GPU-46bf67bb-cb31-bee1-3cf0-c35337ba97d2,ok,0,0,453,26.164,41,210,405,10253,2441
699,17157.891014427,17157.892266545,,4,GPU-127e16de-2b5f-dde9-1932-b4e29bb818c0,ok,0,0,453,24.626,35,210,405,488,6347
700,17158.891014427,17158.892866014,,0,GPU-9b96eb67-aeee-89d5-aa85-fc650af4e25c,ok,0,0,450,132.589,63,1725,9751,439,292
700,17158.891014427,17158.892888614,,1,GPU-37ffc98b-8551-c8a1-5f3c-27ade9ae735a,ok,0,0,450,21.95,30,210,405,439,341
700,17158.891014427,17158.891534803,,2,GPU-5443d59d-561f-ed1e-da42-1975937205f9,ok,0,0,450,33.16,37,210,405,439,341
700,17158.891014427,17158.891637773,,3,GPU-46bf67bb-cb31-bee1-3cf0-c35337ba97d2,ok,0,0,450,37.672,42,210,405,439,341
700,17158.891014427,17158.892967384,,4,GPU-127e16de-2b5f-dde9-1932-b4e29bb818c0,ok,0,0,450,30.987,35,210,405,439,292
701,17159.891014427,17159.892416981,,0,GPU-9b96eb67-aeee-89d5-aa85-fc650af4e25c,ok,0,0,468,119.403,62,690,5001,21142,17285
701,17159.891014427,17159.891639751,,1,GPU-37ffc98b-8551-c8a1-5f3c-27ade9ae735a,ok,0,0,453,20.069,30,210,405,439,634
701,17159.891014427,17159.892254481,,2,GPU-5443d59d-561f-ed1e-da42-1975937205f9,ok,0,0,453,31.262,37,210,405,390,634
701,17159.891014427,17159.892378501,,3,GPU-46bf67bb-cb31-bee1-3cf0-c35337ba97d2,ok,0,0,453,41.481,42,210,405,537,683
701,17159.891014427,17159.892349491,,4,GPU-127e16de-2b5f-dde9-1932-b4e29bb818c0,ok,0,0,453,33.857,36,210,405,439,683
702,17160.891014427,17160.892305069,,0,GPU-9b96eb67-aeee-89d5-aa85-fc650af4e25c,ok,100,27,1514,213.689,70,1470,9501,5029,8544
702,17160.891014427,17160.891774049,,1,GPU-37ffc98b-8551-c8a1-5f3c-27ade9ae735a,ok,0,0,453,21.843,30,210,405,439,292
702,17160.891014427,17160.891588589,,2,GPU-5443d59d-561f-ed1e-da42-1975937205f9,ok,0,0,453,32.83,37,210,405,439,292
702,17160.891014427,17160.891806829,,3,GPU-46bf67bb-cb31-bee1-3cf0-c35337ba97d2,ok,0,0,453,34.952,42,210,405,439,341
702,17160.891014427,17160.891819079,,4,GPU-127e16de-2b5f-dde9-1932-b4e29bb818c0,ok,0,0,453,28.959,36,210,405,390,341
703,17161.891014427,17161.891726577,,0,GPU-9b96eb67-aeee-89d5-aa85-fc650af4e25c,ok,100,27,1514,348.671,71,1470,9501,5859,7861
703,17161.891014427,17161.891791637,,1,GPU-37ffc98b-8551-c8a1-5f3c-27ade9ae735a,ok,0,0,453,24.583,30,210,405,439,292
703,17161.891014427,17161.891881597,,2,GPU-5443d59d-561f-ed1e-da42-1975937205f9,ok,0,0,453,35.614,37,210,405,390,292
703,17161.891014427,17161.891753867,,3,GPU-46bf67bb-cb31-bee1-3cf0-c35337ba97d2,ok,0,0,453,41.452,42,210,405,439,341
703,17161.891014427,17161.891870187,,4,GPU-127e16de-2b5f-dde9-1932-b4e29bb818c0,ok,0,0,453,33.88,36,210,405,439,341
704,17162.891014427,17162.891716955,,0,GPU-9b96eb67-aeee-89d5-aa85-fc650af4e25c,ok,100,24,1514,349.33,71,1470,9501,5517,9130
704,17162.891014427,17162.892340345,,1,GPU-37ffc98b-8551-c8a1-5f3c-27ade9ae735a,ok,0,0,453,16.194,30,210,405,439,341
704,17162.891014427,17162.891495215,,2,GPU-5443d59d-561f-ed1e-da42-1975937205f9,ok,0,0,453,28.844,37,210,405,439,292
704,17162.891014427,17162.892222925,,3,GPU-46bf67bb-cb31-bee1-3cf0-c35337ba97d2,ok,0,0,453,27.673,42,210,405,439,292
704,17162.891014427,17162.892367905,,4,GPU-127e16de-2b5f-dde9-1932-b4e29bb818c0,ok,0,0,453,25.61,36,210,405,439,292
705,17163.891014427,17163.891860293,,0,GPU-9b96eb67-aeee-89d5-aa85-fc650af4e25c,ok,100,25,1514,349.008,71,1455,9501,4882,11328
705,17163.891014427,17163.892064293,,1,GPU-37ffc98b-8551-c8a1-5f3c-27ade9ae735a,ok,0,0,453,15.244,30,210,405,439,292
705,17163.891014427,17163.892040193,,2,GPU-5443d59d-561f-ed1e-da42-1975937205f9,ok,0,0,453,27.94,37,210,405,439,292
705,17163.891014427,17163.891805843,,3,GPU-46bf67bb-cb31-bee1-3cf0-c35337ba97d2,ok,0,0,453,26.293,41,210,405,439,292
705,17163.891014427,17163.891919923,,4,GPU-127e16de-2b5f-dde9-1932-b4e29bb818c0,ok,0,0,453,24.53,35,210,405,439,292
706,17164.891014427,17164.891911411,,0,GPU-9b96eb67-aeee-89d5-aa85-fc650af4e25c,ok,100,22,1514,348.787,72,1470,9501,4199,12304
706,17164.891014427,17164.891799381,,1,GPU-37ffc98b-8551-c8a1-5f3c-27ade9ae735a,ok,0,0,453,14.951,30,210,405,439,292
706,17164.891014427,17164.891888071,,2,GPU-5443d59d-561f-ed1e-da42-1975937205f9,ok,0,0,453,27.5,37,210,405,439,292
706,17164.891014427,17164.891622691,,3,GPU-46bf67bb-cb31-bee1-3cf0-c35337ba97d2,ok,0,0,453,26.147,41,210,405,439,292
706,17164.891014427,17164.891816451,,4,GPU-127e16de-2b5f-dde9-1932-b4e29bb818c0,ok,0,0,453,24.256,35,210,405,439,341
707,17165.891014427,17165.891709929,,0,GPU-9b96eb67-aeee-89d5-aa85-fc650af4e25c,ok,100,23,1514,348.903,72,1470,9501,3222,12841
707,17165.891014427,17165.8921776,,1,GPU-37ffc98b-8551-c8a1-5f3c-27ade9ae735a,ok,0,0,453,15.029,30,210,405,439,292
707,17165.891014427,17165.8922033,,2,GPU-5443d59d-561f-ed1e-da42-1975937205f9,ok,0,0,453,27.581,37,210,405,439,292
707,17165.891014427,17165.891752779,,3,GPU-46bf67bb-cb31-bee1-3cf0-c35337ba97d2,ok,0,0,453,26.175,41,210,405,390,292
707,17165.891014427,17165.891506289,,4,GPU-127e16de-2b5f-dde9-1932-b4e29bb818c0,ok,0,0,453,24.118,35,210,405,439,341
708,17166.891014427,17166.891788367,,0,GPU-9b96eb67-aeee-89d5-aa85-fc650af4e25c,ok,100,26,1514,348.245,72,1455,9501,4101,12109
708,17166.891014427,17166.891746717,,1,GPU-37ffc98b-8551-c8a1-5f3c-27ade9ae735a,ok,0,0,453,15.335,30,210,405,390,341
708,17166.891014427,17166.891897587,,2,GPU-5443d59d-561f-ed1e-da42-1975937205f9,ok,0,0,453,27.805,37,210,405,390,341
708,17166.891014427,17166.891833607,,3,GPU-46bf67bb-cb31-bee1-3cf0-c35337ba97d2,ok,0,0,453,26.355,41,210,405,439,292
708,17166.891014427,17166.891710937,,4,GPU-127e16de-2b5f-dde9-1932-b4e29bb818c0,ok,0,0,453,24.046,35,210,405,439,341
709,17167.891014427,17167.891988285,,0,GPU-9b96eb67-aeee-89d5-aa85-fc650af4e25c,ok,100,22,1514,348.625,72,1470,9501,5126,9277
709,17167.891014427,17167.891879185,,1,GPU-37ffc98b-8551-c8a1-5f3c-27ade9ae735a,ok,0,0,453,15.357,30,210,405,390,292
709,17167.891014427,17167.891938715,,2,GPU-5443d59d-561f-ed1e-da42-1975937205f9,ok,0,0,453,27.627,37,210,405,439,292
709,17167.891014427,17167.891844035,,3,GPU-46bf67bb-cb31-bee1-3cf0-c35337ba97d2,ok,0,0,453,26.232,41,210,405,439,341
709,17167.891014427,17167.891911885,,4,GPU-127e16de-2b5f-dde9-1932-b4e29bb818c0,ok,0,0,453,24.184,35,210,405,439,341
710,17168.891014427,17168.891629543,,0,GPU-9b96eb67-aeee-89d5-aa85-fc650af4e25c,ok,100,26,1514,348.321,72,1455,9501,5126,9130
710,17168.891014427,17168.892061264,,1,GPU-37ffc98b-8551-c8a1-5f3c-27ade9ae735a,ok,0,0,453,15.385,30,210,405,390,292
710,17168.891014427,17168.891817143,,2,GPU-5443d59d-561f-ed1e-da42-1975937205f9,ok,0,0,453,27.622,37,210,405,439,292
710,17168.891014427,17168.891793703,,3,GPU-46bf67bb-cb31-bee1-3cf0-c35337ba97d2,ok,0,0,453,26.246,41,210,405,439,292
710,17168.891014427,17168.891735973,,4,GPU-127e16de-2b5f-dde9-1932-b4e29bb818c0,ok,0,0,453,24.262,35,210,405,439,341
711,17169.891014427,17169.892378592,,0,GPU-9b96eb67-aeee-89d5-aa85-fc650af4e25c,ok,100,24,1514,348.598,73,1455,9501,4736,11816
711,17169.891014427,17169.891491711,,1,GPU-37ffc98b-8551-c8a1-5f3c-27ade9ae735a,ok,0,0,453,15.401,30,210,405,439,292
711,17169.891014427,17169.891691321,,2,GPU-5443d59d-561f-ed1e-da42-1975937205f9,ok,0,0,453,27.759,37,210,405,390,292
711,17169.891014427,17169.892317142,,3,GPU-46bf67bb-cb31-bee1-3cf0-c35337ba97d2,ok,0,0,453,26.379,41,210,405,439,292
711,17169.891014427,17169.892366952,,4,GPU-127e16de-2b5f-dde9-1932-b4e29bb818c0,ok,0,0,453,24.296,35,210,405,390,292
712,17170.891014427,17170.891724139,,0,GPU-9b96eb67-aeee-89d5-aa85-fc650af4e25c,ok,100,24,1514,348.196,73,1470,9501,3417,17138
712,17170.891014427,17170.89181785,,1,GPU-37ffc98b-8551-c8a1-5f3c-27ade9ae735a,ok,0,0,453,15.239,30,210,405,439,292
712,17170.891014427,17170.89184554,,2,GPU-5443d59d-561f-ed1e-da42-1975937205f9,ok,0,0,453,27.653,37,210,405,439,292
712,17170.891014427,17170.89393766,,3,GPU-46bf67bb-cb31-bee1-3cf0-c35337ba97d2,ok,0,0,453,26.179,41,210,405,390,292
712,17170.891014427,17170.891679899,,4,GPU-127e16de-2b5f-dde9-1932-b4e29bb818c0,ok,0,0,453,24.141,35,210,405,439,292
713,17171.891014427,17171.891775628,,0,GPU-9b96eb67-aeee-89d5-aa85-fc650af4e25c,ok,100,26,1514,348.84,73,1470,9501,4492,10156
713,17171.891014427,17171.891909318,,1,GPU-37ffc98b-8551-c8a1-5f3c-27ade9ae735a,ok,0,0,453,15.256,30,210,405,439,341
713,17171.891014427,17171.891731738,,2,GPU-5443d59d-561f-ed1e-da42-1975937205f9,ok,0,0,453,27.559,37,210,405,439,292
713,17171.891014427,17171.891939178,,3,GPU-46bf67bb-cb31-bee1-3cf0-c35337ba97d2,ok,0,0,453,26.169,41,210,405,439,292
713,17171.891014427,17171.891884078,,4,GPU-127e16de-2b5f-dde9-1932-b4e29bb818c0,ok,0,0,453,23.941,35,210,405,439,292
714,17172.891014427,17172.891702726,,0,GPU-9b96eb67-aeee-89d5-aa85-fc650af4e25c,ok,100,26,1514,348.842,73,1455,9501,5810,7617
714,17172.891014427,17172.892337746,,1,GPU-37ffc98b-8551-c8a1-5f3c-27ade9ae735a,ok,0,0,453,15.404,30,210,405,439,341
714,17172.891014427,17172.891651976,,2,GPU-5443d59d-561f-ed1e-da42-1975937205f9,ok,0,0,453,27.549,37,210,405,439,292
714,17172.891014427,17172.892310836,,3,GPU-46bf67bb-cb31-bee1-3cf0-c35337ba97d2,ok,0,0,453,26.383,41,210,405,439,292
714,17172.891014427,17172.891543375,,4,GPU-127e16de-2b5f-dde9-1932-b4e29bb818c0,ok,0,0,453,24.104,35,210,405,439,292
715,17173.891014427,17173.891709624,,0,GPU-9b96eb67-aeee-89d5-aa85-fc650af4e25c,ok,100,22,1514,348.948,73,1440,9501,4394,10693
715,17173.891014427,17173.891802374,,1,GPU-37ffc98b-8551-c8a1-5f3c-27ade9ae735a,ok,0,0,453,15.168,30,210,405,390,292
715,17173.891014427,17173.891836784,,2,GPU-5443d59d-561f-ed1e-da42-1975937205f9,ok,0,0,453,27.492,37,210,405,390,292
715,17173.891014427,17173.891927414,,3,GPU-46bf67bb-cb31-bee1-3cf0-c35337ba97d2,ok,0,0,453,26.254,41,210,405,439,341
715,17173.891014427,17173.891863694,,4,GPU-127e16de-2b5f-dde9-1932-b4e29bb818c0,ok,0,0,453,24.369,35,210,405,439,292
716,17174.891014427,17174.891755582,,0,GPU-9b96eb67-aeee-89d5-aa85-fc650af4e25c,ok,100,21,1514,348.959,73,1455,9501,3271,14697
716,17174.891014427,17174.892226132,,1,GPU-37ffc98b-8551-c8a1-5f3c-27ade9ae735a,ok,0,0,453,15.07,30,210,405,439,292
716,17174.891014427,17174.891480962,,2,GPU-5443d59d-561f-ed1e-da42-1975937205f9,ok,0,0,453,27.582,37,210,405,439,341
716,17174.891014427,17174.891714562,,3,GPU-46bf67bb-cb31-bee1-3cf0-c35337ba97d2,ok,0,0,453,26.183,41,210,405,439,341
716,17174.891014427,17174.892268132,,4,GPU-127e16de-2b5f-dde9-1932-b4e29bb818c0,ok,0,0,453,24.363,35,210,405,439,292
717,17175.891014427,17175.89295484,,0,GPU-9b96eb67-aeee-89d5-aa85-fc650af4e25c,ok,100,22,1514,348.569,73,1470,9501,4101,12255
717,17175.891014427,17175.89181702,,1,GPU-37ffc98b-8551-c8a1-5f3c-27ade9ae735a,ok,0,0,453,15.245,30,210,405,439,292
717,17175.891014427,17175.89179216,,2,GPU-5443d59d-561f-ed1e-da42-1975937205f9,ok,0,0,453,27.726,37,210,405,439,292
717,17175.891014427,17175.89163875,,3,GPU-46bf67bb-cb31-bee1-3cf0-c35337ba97d2,ok,0,0,453,26.243,41,210,405,439,341
717,17175.891014427,17175.89167695,,4,GPU-127e16de-2b5f-dde9-1932-b4e29bb818c0,ok,0,0,453,24.36,35,210,405,439,292
718,17176.891014427,17176.891605708,,0,GPU-9b96eb67-aeee-89d5-aa85-fc650af4e25c,ok,100,25,1514,348.209,73,1455,9501,6250,8691
718,17176.891014427,17176.891751988,,1,GPU-37ffc98b-8551-c8a1-5f3c-27ade9ae735a,ok,0,0,453,15.096,30,210,405,439,341
718,17176.891014427,17176.893269768,,2,GPU-5443d59d-561f-ed1e-da42-1975937205f9,ok,0,0,453,27.723,37,210,405,439,292
718,17176.891014427,17176.892019128,,3,GPU-46bf67bb-cb31-bee1-3cf0-c35337ba97d2,ok,0,0,453,26.049,41,210,405,439,292
718,17176.891014427,17176.891711128,,4,GPU-127e16de-2b5f-dde9-1932-b4e29bb818c0,ok,0,0,453,24.321,35,210,405,439,292
719,17177.891014427,17177.891734606,,0,GPU-9b96eb67-aeee-89d5-aa85-fc650af4e25c,ok,100,21,1514,348.184,74,1455,9501,4833,10498
719,17177.891014427,17177.893245776,,1,GPU-37ffc98b-8551-c8a1-5f3c-27ade9ae735a,ok,0,0,453,14.949,30,210,405,439,292
719,17177.891014427,17177.892903486,,2,GPU-5443d59d-561f-ed1e-da42-1975937205f9,ok,0,0,453,27.735,37,210,405,439,292
719,17177.891014427,17177.891630486,,3,GPU-46bf67bb-cb31-bee1-3cf0-c35337ba97d2,ok,0,0,453,26.059,41,210,405,439,292
719,17177.891014427,17177.891588086,,4,GPU-127e16de-2b5f-dde9-1932-b4e29bb818c0,ok,0,0,453,24.205,35,210,405,439,292
720,17178.891014427,17178.891836534,,0,GPU-9b96eb67-aeee-89d5-aa85-fc650af4e25c,ok,100,23,1514,349.34,74,1470,9501,2978,13476
720,17178.891014427,17178.891574134,,1,GPU-37ffc98b-8551-c8a1-5f3c-27ade9ae735a,ok,0,0,453,14.959,30,210,405,439,292
720,17178.891014427,17178.891798604,,2,GPU-5443d59d-561f-ed1e-da42-1975937205f9,ok,0,0,453,27.749,37,210,405,390,292
720,17178.891014427,17178.891724324,,3,GPU-46bf67bb-cb31-bee1-3cf0-c35337ba97d2,ok,0,0,453,26.269,41,210,405,439,292
720,17178.891014427,17178.892189924,,4,GPU-127e16de-2b5f-dde9-1932-b4e29bb818c0,ok,0,0,453,24.242,35,210,405,439,292
721,17179.891014427,17179.891621722,,0,GPU-9b96eb67-aeee-89d5-aa85-fc650af4e25c,ok,100,24,1514,348.755,74,1455,9501,4980,9130
721,17179.891014427,17179.891724912,,1,GPU-37ffc98b-8551-c8a1-5f3c-27ade9ae735a,ok,0,0,453,14.852,30,210,405,439,341
721,17179.891014427,17179.893292922,,2,GPU-5443d59d-561f-ed1e-da42-1975937205f9,ok,0,0,453,27.556,37,210,405,439,292
721,17179.891014427,17179.892659702,,3,GPU-46bf67bb-cb31-bee1-3cf0-c35337ba97d2,ok,0,0,453,26.219,41,210,405,439,292
721,17179.891014427,17179.891665722,,4,GPU-127e16de-2b5f-dde9-1932-b4e29bb818c0,ok,0,0,453,24.159,35,210,405,390,292
722,17180.891014427,17180.89196915,,0,GPU-9b96eb67-aeee-89d5-aa85-fc650af4e25c,ok,100,22,1514,348.771,74,1455,9501,5517,7519
722,17180.891014427,17180.89179504,,1,GPU-37ffc98b-8551-c8a1-5f3c-27ade9ae735a,ok,0,0,453,14.862,30,210,405,439,341
722,17180.891014427,17180.89191152,,2,GPU-5443d59d-561f-ed1e-da42-1975937205f9,ok,0,0,453,27.634,37,210,405,439,341
722,17180.891014427,17180.89177625,,3,GPU-46bf67bb-cb31-bee1-3cf0-c35337ba97d2,ok,0,0,453,26.191,41,210,405,439,292
722,17180.891014427,17180.89193898,,4,GPU-127e16de-2b5f-dde9-1932-b4e29bb818c0,ok,0,0,453,24.111,35,210,405,439,292
723,17181.891014427,17181.891953138,,0,GPU-9b96eb67-aeee-89d5-aa85-fc650af4e25c,ok,100,21,1514,348.971,74,1455,9501,4980,10302
723,17181.891014427,17181.891923478,,1,GPU-37ffc98b-8551-c8a1-5f3c-27ade9ae735a,ok,0,0,453,15.038,30,210,405,439,292
723,17181.891014427,17181.891834448,,2,GPU-5443d59d-561f-ed1e-da42-1975937205f9,ok,0,0,453,27.81,37,210,405,439,292
723,17181.891014427,17181.891779818,,3,GPU-46bf67bb-cb31-bee1-3cf0-c35337ba97d2,ok,0,0,453,26.239,41,210,405,390,292
723,17181.891014427,17181.891872668,,4,GPU-127e16de-2b5f-dde9-1932-b4e29bb818c0,ok,0,0,453,24.152,35,210,405,439,292
724,17182.891014427,17182.891884116,,0,GPU-9b96eb67-aeee-89d5-aa85-fc650af4e25c,ok,100,21,1514,348.657,74,1470,9501,3515,18066
724,17182.891014427,17182.891938006,,1,GPU-37ffc98b-8551-c8a1-5f3c-27ade9ae735a,ok,0,0,453,14.956,30,210,405,390,292
724,17182.891014427,17182.891899046,,2,GPU-5443d59d-561f-ed1e-da42-1975937205f9,ok,0,0,453,27.667,37,210,405,390,292
724,17182.891014427,17182.891849976,,3,GPU-46bf67bb-cb31-bee1-3cf0-c35337ba97d2,ok,0,0,453,26.081,41,210,405,439,341
724,17182.891014427,17182.891822426,,4,GPU-127e16de-2b5f-dde9-1932-b4e29bb818c0,ok,0,0,453,24.04,35,210,405,439,292
725,17183.891014427,17183.891827604,,0,GPU-9b96eb67-aeee-89d5-aa85-fc650af4e25c,ok,100,24,1514,348.937,74,1470,9501,4736,10107
725,17183.891014427,17183.891878894,,1,GPU-37ffc98b-8551-c8a1-5f3c-27ade9ae735a,ok,0,0,453,14.985,30,210,405,439,292
725,17183.891014427,17183.891791444,,2,GPU-5443d59d-561f-ed1e-da42-1975937205f9,ok,0,0,453,27.643,37,210,405,439,292
725,17183.891014427,17183.891647894,,3,GPU-46bf67bb-cb31-bee1-3cf0-c35337ba97d2,ok,0,0,453,26.113,41,210,405,439,341
725,17183.891014427,17183.892354634,,4,GPU-127e16de-2b5f-dde9-1932-b4e29bb818c0,ok,0,0,453,24.055,35,210,405,390,341
726,17184.891014427,17184.892308512,,0,GPU-9b96eb67-aeee-89d5-aa85-fc650af4e25c,ok,100,25,1514,348.694,74,1455,9501,5859,8544
726,17184.891014427,17184.891734492,,1,GPU-37ffc98b-8551-c8a1-5f3c-27ade9ae735a,ok,0,0,453,15.23,30,210,405,439,341
726,17184.891014427,17184.891766582,,2,GPU-5443d59d-561f-ed1e-da42-1975937205f9,ok,0,0,453,27.786,37,210,405,439,341
726,17184.891014427,17184.891586452,,3,GPU-46bf67bb-cb31-bee1-3cf0-c35337ba97d2,ok,0,0,453,26.257,41,210,405,439,341
726,17184.891014427,17184.891828102,,4,GPU-127e16de-2b5f-dde9-1932-b4e29bb818c0,ok,0,0,453,23.985,35,210,405,439,341
727,17185.891014427,17185.89194775,,0,GPU-9b96eb67-aeee-89d5-aa85-fc650af4e25c,ok,45,10,1514,338.978,74,1785,9501,390,292
727,17185.891014427,17185.89185154,,1,GPU-37ffc98b-8551-c8a1-5f3c-27ade9ae735a,ok,0,0,453,15.149,30,210,405,439,292
727,17185.891014427,17185.89190039,,2,GPU-5443d59d-561f-ed1e-da42-1975937205f9,ok,0,0,453,27.66,37,210,405,439,292
727,17185.891014427,17185.8919723,,3,GPU-46bf67bb-cb31-bee1-3cf0-c35337ba97d2,ok,0,0,453,26.08,41,210,405,439,341
727,17185.891014427,17185.89203321,,4,GPU-127e16de-2b5f-dde9-1932-b4e29bb818c0,ok,0,0,453,23.965,35,210,405,439,341
728,17186.891014427,17186.891750988,,0,GPU-9b96eb67-aeee-89d5-aa85-fc650af4e25c,ok,0,0,1514,190.164,68,1950,9501,390,292
728,17186.891014427,17186.892371028,,1,GPU-37ffc98b-8551-c8a1-5f3c-27ade9ae735a,ok,0,0,453,15.232,30,210,405,439,292
728,17186.891014427,17186.891580198,,2,GPU-5443d59d-561f-ed1e-da42-1975937205f9,ok,0,0,453,27.645,37,210,405,439,292
728,17186.891014427,17186.892462508,,3,GPU-46bf67bb-cb31-bee1-3cf0-c35337ba97d2,ok,0,0,453,26.083,41,210,405,439,292
728,17186.891014427,17186.892402128,,4,GPU-127e16de-2b5f-dde9-1932-b4e29bb818c0,ok,0,0,453,23.968,35,210,405,439,292
729,17187.891014427,17187.892255456,,0,GPU-9b96eb67-aeee-89d5-aa85-fc650af4e25c,ok,54,19,1514,170.767,66,1395,9501,5224,9570
729,17187.891014427,17187.891809116,,1,GPU-37ffc98b-8551-c8a1-5f3c-27ade9ae735a,ok,0,0,453,15.371,30,210,405,439,292
729,17187.891014427,17187.891524226,,2,GPU-5443d59d-561f-ed1e-da42-1975937205f9,ok,0,0,453,27.883,37,210,405,390,292
729,17187.891014427,17187.891782186,,3,GPU-46bf67bb-cb31-bee1-3cf0-c35337ba97d2,ok,0,0,453,26.233,41,210,405,439,292
729,17187.891014427,17187.891746826,,4,GPU-127e16de-2b5f-dde9-1932-b4e29bb818c0,ok,0,0,453,23.874,35,210,405,439,292
730,17188.891014427,17188.891738174,,0,GPU-9b96eb67-aeee-89d5-aa85-fc650af4e25c,ok,100,25,1514,343.122,73,1455,9501,3613,18115
730,17188.891014427,17188.891865744,,1,GPU-37ffc98b-8551-c8a1-5f3c-27ade9ae735a,ok,0,0,453,15.152,30,210,405,439,341
730,17188.891014427,17188.892738414,,2,GPU-5443d59d-561f-ed1e-da42-1975937205f9,ok,0,0,453,27.743,37,210,405,439,341
730,17188.891014427,17188.891832014,,3,GPU-46bf67bb-cb31-bee1-3cf0-c35337ba97d2,ok,0,0,453,26.085,41,210,405,390,292
730,17188.891014427,17188.891709804,,4,GPU-127e16de-2b5f-dde9-1932-b4e29bb818c0,ok,0,0,453,23.984,35,210,405,439,292
731,17189.891014427,17189.891718912,,0,GPU-9b96eb67-aeee-89d5-aa85-fc650af4e25c,ok,100,24,1514,348.589,73,1455,9501,4345,9863
731,17189.891014427,17189.892377022,,1,GPU-37ffc98b-8551-c8a1-5f3c-27ade9ae735a,ok,0,0,453,15.255,30,210,405,439,341
731,17189.891014427,17189.891812602,,2,GPU-5443d59d-561f-ed1e-da42-1975937205f9,ok,0,0,453,27.677,37,210,405,439,341
731,17189.891014427,17189.891775472,,3,GPU-46bf67bb-cb31-bee1-3cf0-c35337ba97d2,ok,0,0,453,26.078,41,210,405,439,292
731,17189.891014427,17189.891663032,,4,GPU-127e16de-2b5f-dde9-1932-b4e29bb818c0,ok,0,0,453,24.178,35,210,405,439,292
732,17190.891014427,17190.89147538,,0,GPU-9b96eb67-aeee-89d5-aa85-fc650af4e25c,ok,100,22,1514,348.458,74,1455,9501,5908,8447
732,17190.891014427,17190.89208676,,1,GPU-37ffc98b-8551-c8a1-5f3c-27ade9ae735a,ok,0,0,453,15.346,30,210,405,390,292
732,17190.891014427,17190.89168141,,2,GPU-5443d59d-561f-ed1e-da42-1975937205f9,ok,0,0,453,27.769,37,210,405,390,292
732,17190.891014427,17190.89202981,,3,GPU-46bf67bb-cb31-bee1-3cf0-c35337ba97d2,ok,0,0,453,26.204,41,210,405,439,292
732,17190.891014427,17190.89206872,,4,GPU-127e16de-2b5f-dde9-1932-b4e29bb818c0,ok,0,0,453,24.133,35,210,405,439,292
733,17191.891014427,17191.891733668,,0,GPU-9b96eb67-aeee-89d5-aa85-fc650af4e25c,ok,100,21,1514,348.308,74,1455,9501,3906,11865
733,17191.891014427,17191.891483818,,1,GPU-37ffc98b-8551-c8a1-5f3c-27ade9ae735a,ok,0,0,453,14.933,30,210,405,439,292
733,17191.891014427,17191.891671918,,2,GPU-5443d59d-561f-ed1e-da42-1975937205f9,ok,0,0,453,27.722,37,210,405,439,341
733,17191.891014427,17191.892099208,,3,GPU-46bf67bb-cb31-bee1-3cf0-c35337ba97d2,ok,0,0,453,26.058,41,210,405,439,341
733,17191.891014427,17191.892634638,,4,GPU-127e16de-2b5f-dde9-1932-b4e29bb818c0,ok,0,0,453,24.073,35,210,405,439,292
734,17192.891014427,17192.891821486,,0,GPU-9b96eb67-aeee-89d5-aa85-fc650af4e25c,ok,100,25,1514,348.121,74,1455,9501,3271,14306
734,17192.891014427,17192.891580686,,1,GPU-37ffc98b-8551-c8a1-5f3c-27ade9ae735a,ok,0,0,453,14.818,30,210,405,390,341
734,17192.891014427,17192.891697526,,2,GPU-5443d59d-561f-ed1e-da42-1975937205f9,ok,0,0,453,27.732,37,210,405,390,292
734,17192.891014427,17192.891778746,,3,GPU-46bf67bb-cb31-bee1-3cf0-c35337ba97d2,ok,0,0,453,26.096,41,210,405,439,292
734,17192.891014427,17192.893765917,,4,GPU-127e16de-2b5f-dde9-1932-b4e29bb818c0,ok,0,0,453,23.982,35,210,405,439,341
735,17193.891014427,17193.891614484,,0,GPU-9b96eb67-aeee-89d5-aa85-fc650af4e25c,ok,100,22,1514,348.945,74,1470,9501,5517,10205
735,17193.891014427,17193.891590584,,1,GPU-37ffc98b-8551-c8a1-5f3c-27ade9ae735a,ok,0,0,453,15.025,30,210,405,390,292
735,17193.891014427,17193.891650204,,2,GPU-5443d59d-561f-ed1e-da42-1975937205f9,ok,0,0,453,27.674,37,210,405,439,292
735,17193.891014427,17193.893293974,,3,GPU-46bf67bb-cb31-bee1-3cf0-c35337ba97d2,ok,0,0,453,26.294,41,210,405,390,292
735,17193.891014427,17193.893320514,,4,GPU-127e16de-2b5f-dde9-1932-b4e29bb818c0,ok,0,0,453,23.731,35,210,405,439,341
736,17194.891014427,17194.891785842,,0,GPU-9b96eb67-aeee-89d5-aa85-fc650af4e25c,ok,100,26,1514,348.939,74,1440,9501,5126,9716
736,17194.891014427,17194.891924202,,1,GPU-37ffc98b-8551-c8a1-5f3c-27ade9ae735a,ok,0,0,453,15.015,30,210,405,390,292
736,17194.891014427,17194.891955522,,2,GPU-5443d59d-561f-ed1e-da42-1975937205f9,ok,0,0,453,27.647,37,210,405,439,292
736,17194.891014427,17194.891872462,,3,GPU-46bf67bb-cb31-bee1-3cf0-c35337ba97d2,ok,0,0,453,26.156,41,210,405,439,292
736,17194.891014427,17194.891727742,,4,GPU-127e16de-2b5f-dde9-1932-b4e29bb818c0,ok,0,0,453,23.785,35,210,405,390,341
737,17195.891014427,17195.89152144,,0,GPU-9b96eb67-aeee-89d5-aa85-fc650af4e25c,ok,100,24,1514,348.64,74,1455,9501,3564,19433
737,17195.891014427,17195.89193267,,1,GPU-37ffc98b-8551-c8a1-5f3c-27ade9ae735a,ok,0,0,453,15.141,30,210,405,390,341
737,17195.891014427,17195.89183038,,2,GPU-5443d59d-561f-ed1e-da42-1975937205f9,ok,0,0,453,27.697,37,210,405,439,341
737,17195.891014427,17195.89177753,,3,GPU-46bf67bb-cb31-bee1-3cf0-c35337ba97d2,ok,0,0,453,26.223,41,210,405,439,292
737,17195.891014427,17195.89180436,,4,GPU-127e16de-2b5f-dde9-1932-b4e29bb818c0,ok,0,0,453,24.0,35,210,405,439,292
738,17196.891014427,17196.891655448,,0,GPU-9b96eb67-aeee-89d5-aa85-fc650af4e25c,ok,100,25,1514,348.709,74,1470,9501,4882,10644
738,17196.891014427,17196.892531568,,1,GPU-37ffc98b-8551-c8a1-5f3c-27ade9ae735a,ok,0,0,453,15.246,30,210,405,439,292
738,17196.891014427,17196.892265528,,2,GPU-5443d59d-561f-ed1e-da42-1975937205f9,ok,0,0,453,27.561,37,210,405,390,292
738,17196.891014427,17196.891464838,,3,GPU-46bf67bb-cb31-bee1-3cf0-c35337ba97d2,ok,0,0,453,26.462,41,210,405,439,292
738,17196.891014427,17196.892226868,,4,GPU-127e16de-2b5f-dde9-1932-b4e29bb818c0,ok,0,0,453,24.165,35,210,405,439,292
739,17197.891014427,17197.892806706,,0,GPU-9b96eb67-aeee-89d5-aa85-fc650af4e25c,ok,100,20,1514,349.075,74,1440,9501,5419,8105
739,17197.891014427,17197.891633306,,1,GPU-37ffc98b-8551-c8a1-5f3c-27ade9ae735a,ok,0,0,453,15.208,30,210,405,439,292
739,17197.891014427,17197.892259686,,2,GPU-5443d59d-561f-ed1e-da42-1975937205f9,ok,0,0,453,27.625,37,210,405,439,341
739,17197.891014427,17197.891457716,,3,GPU-46bf67bb-cb31-bee1-3cf0-c35337ba97d2,ok,0,0,453,26.338,41,210,405,439,292
739,17197.891014427,17197.892208396,,4,GPU-127e16de-2b5f-dde9-1932-b4e29bb818c0,ok,0,0,453,24.271,35,210,405,390,292
740,17198.891014427,17198.891777164,,0,GPU-9b96eb67-aeee-89d5-aa85-fc650af4e25c,ok,100,20,1514,348.866,74,1455,9501,4541,15625
740,17198.891014427,17198.891736324,,1,GPU-37ffc98b-8551-c8a1-5f3c-27ade9ae735a,ok,0,0,453,15.294,30,210,405,439,292
740,17198.891014427,17198.892355524,,2,GPU-5443d59d-561f-ed1e-da42-1975937205f9,ok,0,0,453,27.759,37,210,405,439,292
740,17198.891014427,17198.891568634,,3,GPU-46bf67bb-cb31-bee1-3cf0-c35337ba97d2,ok,0,0,453,26.319,41,210,405,439,292
740,17198.891014427,17198.892396904,,4,GPU-127e16de-2b5f-dde9-1932-b4e29bb818c0,ok,0,0,453,24.301,35,210,405,439,292
741,17199.891014427,17199.893542503,,0,GPU-9b96eb67-aeee-89d5-aa85-fc650af4e25c,ok,100,22,1514,347.932,74,1455,9501,4150,15380
741,17199.891014427,17199.891703582,,1,GPU-37ffc98b-8551-c8a1-5f3c-27ade9ae735a,ok,0,0,453,15.256,30,210,405,439,341
741,17199.891014427,17199.891821522,,2,GPU-5443d59d-561f-ed1e-da42-1975937205f9,ok,0,0,453,27.644,37,210,405,439,292
741,17199.891014427,17199.891610882,,3,GPU-46bf67bb-cb31-bee1-3cf0-c35337ba97d2,ok,0,0,453,26.453,41,210,405,439,292
741,17199.891014427,17199.891734422,,4,GPU-127e16de-2b5f-dde9-1932-b4e29bb818c0,ok,0,0,453,24.206,35,210,405,390,341
742,17200.891014427,17200.89183091,,0,GPU-9b96eb67-aeee-89d5-aa85-fc650af4e25c,ok,100,21,1514,349.054,74,1455,9501,5517,7568
742,17200.891014427,17200.89187617,,1,GPU-37ffc98b-8551-c8a1-5f3c-27ade9ae735a,ok,0,0,453,15.367,30,210,405,439,292
742,17200.891014427,17200.89167803,,2,GPU-5443d59d-561f-ed1e-da42-1975937205f9,ok,0,0,453,27.701,37,210,405,439,292
742,17200.891014427,17200.89192124,,3,GPU-46bf67bb-cb31-bee1-3cf0-c35337ba97d2,ok,0,0,453,26.311,41,210,405,439,292
742,17200.891014427,17200.89178816,,4,GPU-127e16de-2b5f-dde9-1932-b4e29bb818c0,ok,0,0,453,24.291,35,210,405,439,341
743,17201.891014427,17201.892356408,,0,GPU-9b96eb67-aeee-89d5-aa85-fc650af4e25c,ok,100,22,1514,348.718,74,1440,9501,3662,12939
743,17201.891014427,17201.891747888,,1,GPU-37ffc98b-8551-c8a1-5f3c-27ade9ae735a,ok,0,0,453,15.481,30,210,405,439,292
743,17201.891014427,17201.892403548,,2,GPU-5443d59d-561f-ed1e-da42-1975937205f9,ok,0,0,453,27.787,37,210,405,439,341
743,17201.891014427,17201.891693198,,3,GPU-46bf67bb-cb31-bee1-3cf0-c35337ba97d2,ok,0,0,453,26.289,41,210,405,439,292
743,17201.891014427,17201.891610648,,4,GPU-127e16de-2b5f-dde9-1932-b4e29bb818c0,ok,0,0,453,24.413,35,210,405,439,341
744,17202.891014427,17202.891938826,,0,GPU-9b96eb67-aeee-89d5-aa85-fc650af4e25c,ok,100,22,1514,348.248,75,1455,9501,3759,12158
744,17202.891014427,17202.891920446,,1,GPU-37ffc98b-8551-c8a1-5f3c-27ade9ae735a,ok,0,0,453,15.292,30,210,405,439,341
744,17202.891014427,17202.891838196,,2,GPU-5443d59d-561f-ed1e-da42-1975937205f9,ok,0,0,453,27.568,37,210,405,439,292
744,17202.891014427,17202.891644896,,3,GPU-46bf67bb-cb31-bee1-3cf0-c35337ba97d2,ok,0,0,453,26.276,41,210,405,390,292
744,17202.891014427,17202.891873926,,4,GPU-127e16de-2b5f-dde9-1932-b4e29bb818c0,ok,0,0,453,24.275,35,210,405,439,341
745,17203.891014427,17203.891963744,,0,GPU-9b96eb67-aeee-89d5-aa85-fc650af4e25c,ok,100,22,1514,348.774,75,1455,9501,5810,7421
745,17203.891014427,17203.891899614,,1,GPU-37ffc98b-8551-c8a1-5f3c-27ade9ae735a,ok,0,0,453,15.325,30,210,405,439,341
745,17203.891014427,17203.891856574,,2,GPU-5443d59d-561f-ed1e-da42-1975937205f9,ok,0,0,453,27.437,37,210,405,390,292
745,17203.891014427,17203.891988454,,3,GPU-46bf67bb-cb31-bee1-3cf0-c35337ba97d2,ok,0,0,453,26.283,41,210,405,439,341
745,17203.891014427,17203.891936484,,4,GPU-127e16de-2b5f-dde9-1932-b4e29bb818c0,ok,0,0,453,24.144,35,210,405,439,341
746,17204.891014427,17204.891818302,,0,GPU-9b96eb67-aeee-89d5-aa85-fc650af4e25c,ok,100,22,1514,347.869,74,1455,9501,3662,13574
746,17204.891014427,17204.891966772,,1,GPU-37ffc98b-8551-c8a1-5f3c-27ade9ae735a,ok,0,0,453,15.469,30,210,405,390,292
746,17204.891014427,17204.891865022,,2,GPU-5443d59d-561f-ed1e-da42-1975937205f9,ok,0,0,453,27.62,37,210,405,439,292
746,17204.891014427,17204.891742582,,3,GPU-46bf67bb-cb31-bee1-3cf0-c35337ba97d2,ok,0,0,453,26.415,41,210,405,439,341
746,17204.891014427,17204.893376723,,4,GPU-127e16de-2b5f-dde9-1932-b4e29bb818c0,ok,0,0,453,24.107,35,210,405,439,341
747,17205.891014427,17205.89166632,,0,GPU-9b96eb67-aeee-89d5-aa85-fc650af4e25c,ok,100,23,1514,348.447,75,1455,9501,3662,11914
747,17205.891014427,17205.89186666,,1,GPU-37ffc98b-8551-c8a1-5f3c-27ade9ae735a,ok,0,0,453,15.245,30,210,405,390,292
747,17205.891014427,17205.89182187,,2,GPU-5443d59d-561f-ed1e-da42-1975937205f9,ok,0,0,453,27.597,37,210,405,439,292
747,17205.891014427,17205.89209097,,3,GPU-46bf67bb-cb31-bee1-3cf0-c35337ba97d2,ok,0,0,453,26.201,41,210,405,390,292
747,17205.891014427,17205.8918794,,4,GPU-127e16de-2b5f-dde9-1932-b4e29bb818c0,ok,0,0,453,24.091,35,210,405,439,341
748,17206.891014427,17206.891881618,,0,GPU-9b96eb67-aeee-89d5-aa85-fc650af4e25c,ok,100,21,1514,349.039,75,1455,9501,5908,7666
748,17206.891014427,17206.891716578,,1,GPU-37ffc98b-8551-c8a1-5f3c-27ade9ae735a,ok,0,0,453,15.27,30,210,405,390,292
748,17206.891014427,17206.891916318,,2,GPU-5443d59d-561f-ed1e-da42-1975937205f9,ok,0,0,453,27.49,37,210,405,390,341
748,17206.891014427,17206.891808868,,3,GPU-46bf67bb-cb31-bee1-3cf0-c35337ba97d2,ok,0,0,453,26.207,41,210,405,439,292
748,17206.891014427,17206.893037199,,4,GPU-127e16de-2b5f-dde9-1932-b4e29bb818c0,ok,0,0,453,24.04,35,210,405,390,341
749,17207.891014427,17207.891408826,,0,GPU-9b96eb67-aeee-89d5-aa85-fc650af4e25c,ok,100,21,1514,348.179,74,1455,9501,3662,12939
749,17207.891014427,17207.892029056,,1,GPU-37ffc98b-8551-c8a1-5f3c-27ade9ae735a,ok,0,0,453,15.437,30,210,405,439,341
749,17207.891014427,17207.891932456,,2,GPU-5443d59d-561f-ed1e-da42-1975937205f9,ok,0,0,453,27.49,37,210,405,439,292
749,17207.891014427,17207.892054406,,3,GPU-46bf67bb-cb31-bee1-3cf0-c35337ba97d2,ok,0,0,453,26.353,41,210,405,439,292
749,17207.891014427,17207.891965466,,4,GPU-127e16de-2b5f-dde9-1932-b4e29bb818c0,ok,0,0,453,23.942,35,210,405,439,341
750,17208.891014427,17208.891954344,,0,GPU-9b96eb67-aeee-89d5-aa85-fc650af4e25c,ok,100,22,1514,348.805,75,1455,9501,3369,13964
750,17208.891014427,17208.891624464,,1,GPU-37ffc98b-8551-c8a1-5f3c-27ade9ae735a,ok,0,0,453,15.194,30,210,405,439,292
750,17208.891014427,17208.891975004,,2,GPU-5443d59d-561f-ed1e-da42-1975937205f9,ok,0,0,453,27.41,37,210,405,439,292
750,17208.891014427,17208.891778564,,3,GPU-46bf67bb-cb31-bee1-3cf0-c35337ba97d2,ok,0,0,453,26.126,41,210,405,439,292
750,17208.891014427,17208.891859404,,4,GPU-127e16de-2b5f-dde9-1932-b4e29bb818c0,ok,0,0,453,23.975,35,210,405,390,292
751,17209.891014427,17209.891604932,,0,GPU-9b96eb67-aeee-89d5-aa85-fc650af4e25c,ok,100,23,1514,348.689,75,1455,9501,5517,7666
751,17209.891014427,17209.891778512,,1,GPU-37ffc98b-8551-c8a1-5f3c-27ade9ae735a,ok,0,0,453,15.175,30,210,405,439,292
751,17209.891014427,17209.891813362,,2,GPU-5443d59d-561f-ed1e-da42-1975937205f9,ok,0,0,453,27.513,37,210,405,439,341
751,17209.891014427,17209.892622913,,3,GPU-46bf67bb-cb31-bee1-3cf0-c35337ba97d2,ok,0,0,453,26.115,41,210,405,439,292
751,17209.891014427,17209.891591362,,4,GPU-127e16de-2b5f-dde9-1932-b4e29bb818c0,ok,0,0,453,24.143,35,210,405,439,292
752,17210.891014427,17210.89194117,,0,GPU-9b96eb67-aeee-89d5-aa85-fc650af4e25c,ok,100,21,1514,349.013,75,1470,9501,4199,10644
752,17210.891014427,17210.89173376,,1,GPU-37ffc98b-8551-c8a1-5f3c-27ade9ae735a,ok,0,0,453,15.312,30,210,405,439,292
752,17210.891014427,17210.89196456,,2,GPU-5443d59d-561f-ed1e-da42-1975937205f9,ok,0,0,453,27.653,37,210,405,439,292
752,17210.891014427,17210.89181992,,3,GPU-46bf67bb-cb31-bee1-3cf0-c35337ba97d2,ok,0,0,453,26.301,41,210,405,439,292
752,17210.891014427,17210.89186595,,4,GPU-127e16de-2b5f-dde9-1932-b4e29bb818c0,ok,0,0,453,24.157,35,210,405,390,292
753,17211.891014427,17211.891743048,,0,GPU-9b96eb67-aeee-89d5-aa85-fc650af4e25c,ok,100,22,1514,349.049,75,1455,9501,3417,11962
753,17211.891014427,17211.891914198,,1,GPU-37ffc98b-8551-c8a1-5f3c-27ade9ae735a,ok,0,0,453,15.091,30,210,405,439,341
753,17211.891014427,17211.891941989,,2,GPU-5443d59d-561f-ed1e-da42-1975937205f9,ok,0,0,453,27.537,37,210,405,390,292
753,17211.891014427,17211.891968489,,3,GPU-46bf67bb-cb31-bee1-3cf0-c35337ba97d2,ok,0,0,453,26.197,41,210,405,439,292
753,17211.891014427,17211.891856608,,4,GPU-127e16de-2b5f-dde9-1932-b4e29bb818c0,ok,0,0,453,24.144,35,210,405,439,292
754,17212.891014427,17212.891936217,,0,GPU-9b96eb67-aeee-89d5-aa85-fc650af4e25c,ok,100,22,1514,348.962,75,1455,9501,6298,10644
754,17212.891014427,17212.891741056,,1,GPU-37ffc98b-8551-c8a1-5f3c-27ade9ae735a,ok,0,0,453,15.136,30,210,405,390,292
754,17212.891014427,17212.891714546,,2,GPU-5443d59d-561f-ed1e-da42-1975937205f9,ok,0,0,453,27.577,37,210,405,439,292
754,17212.891014427,17212.891921417,,3,GPU-46bf67bb-cb31-bee1-3cf0-c35337ba97d2,ok,0,0,453,26.217,41,210,405,488,341
754,17212.891014427,17212.893062777,,4,GPU-127e16de-2b5f-dde9-1932-b4e29bb818c0,ok,0,0,453,24.261,35,210,405,439,292
755,17213.891014427,17213.892030375,,0,GPU-9b96eb67-aeee-89d5-aa85-fc650af4e25c,ok,0,0,1514,271.431,69,1950,9501,390,292
755,17213.891014427,17213.892066895,,1,GPU-37ffc98b-8551-c8a1-5f3c-27ade9ae735a,ok,0,0,453,15.408,30,210,405,390,292
755,17213.891014427,17213.891994865,,2,GPU-5443d59d-561f-ed1e-da42-1975937205f9,ok,0,0,453,27.586,37,210,405,439,341
755,17213.891014427,17213.891749044,,3,GPU-46bf67bb-cb31-bee1-3cf0-c35337ba97d2,ok,0,0,453,26.341,41,210,405,390,341
755,17213.891014427,17213.891913585,,4,GPU-127e16de-2b5f-dde9-1932-b4e29bb818c0,ok,0,0,453,24.281,35,210,405,390,292
756,17214.891014427,17214.892309893,,0,GPU-9b96eb67-aeee-89d5-aa85-fc650af4e25c,ok,0,0,1514,188.747,69,1950,9501,390,244
756,17214.891014427,17214.891507412,,1,GPU-37ffc98b-8551-c8a1-5f3c-27ade9ae735a,ok,0,0,453,15.237,30,210,405,439,292
756,17214.891014427,17214.892389613,,2,GPU-5443d59d-561f-ed1e-da42-1975937205f9,ok,0,0,453,27.422,37,210,405,390,292
756,17214.891014427,17214.892489303,,3,GPU-46bf67bb-cb31-bee1-3cf0-c35337ba97d2,ok,0,0,453,26.182,41,210,405,439,292
756,17214.891014427,17214.892464783,,4,GPU-127e16de-2b5f-dde9-1932-b4e29bb818c0,ok,0,0,453,24.294,35,210,405,390,341
757,17215.891014427,17215.891701941,,0,GPU-9b96eb67-aeee-89d5-aa85-fc650af4e25c,ok,100,21,1514,222.268,73,1470,9501,6787,7080
757,17215.891014427,17215.892668371,,1,GPU-37ffc98b-8551-c8a1-5f3c-27ade9ae735a,ok,0,0,453,15.18,30,210,405,439,292
757,17215.891014427,17215.891894661,,2,GPU-5443d59d-561f-ed1e-da42-1975937205f9,ok,0,0,453,27.409,37,210,405,390,292
757,17215.891014427,17215.891861541,,3,GPU-46bf67bb-cb31-bee1-3cf0-c35337ba97d2,ok,0,0,453,26.19,41,210,405,439,292
757,17215.891014427,17215.89161278,,4,GPU-127e16de-2b5f-dde9-1932-b4e29bb818c0,ok,0,0,453,24.237,35,210,405,439,292
758,17216.891014427,17216.891699889,,0,GPU-9b96eb67-aeee-89d5-aa85-fc650af4e25c,ok,100,23,1514,348.989,74,1440,9501,3027,13964
758,17216.891014427,17216.891766419,,1,GPU-37ffc98b-8551-c8a1-5f3c-27ade9ae735a,ok,0,0,453,15.394,30,210,405,439,341
758,17216.891014427,17216.893360469,,2,GPU-5443d59d-561f-ed1e-da42-1975937205f9,ok,0,0,453,27.501,37,210,405,439,292
758,17216.891014427,17216.893433929,,3,GPU-46bf67bb-cb31-bee1-3cf0-c35337ba97d2,ok,0,0,453,26.382,41,210,405,439,292
758,17216.891014427,17216.891724869,,4,GPU-127e16de-2b5f-dde9-1932-b4e29bb818c0,ok,0,0,453,24.316,35,210,405,439,292
759,17217.891014427,17217.891662347,,0,GPU-9b96eb67-aeee-89d5-aa85-fc650af4e25c,ok,100,25,1514,348.143,74,1470,9501,4394,12744
759,17217.891014427,17217.892269267,,1,GPU-37ffc98b-8551-c8a1-5f3c-27ade9ae735a,ok,0,0,453,15.213,30,210,405,439,292
759,17217.891014427,17217.891557967,,2,GPU-5443d59d-561f-ed1e-da42-1975937205f9,ok,0,0,453,27.492,37,210,405,439,292
759,17217.891014427,17217.891821317,,3,GPU-46bf67bb-cb31-bee1-3cf0-c35337ba97d2,ok,0,0,453,26.207,41,210,405,439,292
759,17217.891014427,17217.891783657,,4,GPU-127e16de-2b5f-dde9-1932-b4e29bb818c0,ok,0,0,453,24.389,35,210,405,390,292
760,17218.891014427,17218.891722265,,0,GPU-9b96eb67-aeee-89d5-aa85-fc650af4e25c,ok,100,25,1514,348.266,74,1470,9501,6347,9423
760,17218.891014427,17218.891882825,,1,GPU-37ffc98b-8551-c8a1-5f3c-27ade9ae735a,ok,0,0,453,15.121,30,210,405,439,292
760,17218.891014427,17218.891833795,,2,GPU-5443d59d-561f-ed1e-da42-1975937205f9,ok,0,0,453,27.498,37,210,405,390,341
760,17218.891014427,17218.891906625,,3,GPU-46bf67bb-cb31-bee1-3cf0-c35337ba97d2,ok,0,0,453,26.156,41,210,405,439,341
760,17218.891014427,17218.891758775,,4,GPU-127e16de-2b5f-dde9-1932-b4e29bb818c0,ok,0,0,453,24.366,35,210,405,439,292
761,17219.891014427,17219.891996403,,0,GPU-9b96eb67-aeee-89d5-aa85-fc650af4e25c,ok,100,26,1514,348.52,75,1410,9501,4736,16259
761,17219.891014427,17219.891800083,,1,GPU-37ffc98b-8551-c8a1-5f3c-27ade9ae735a,ok,0,0,453,15.225,30,210,405,390,292
761,17219.891014427,17219.891934913,,2,GPU-5443d59d-561f-ed1e-da42-1975937205f9,ok,0,0,453,27.671,37,210,405,439,341
761,17219.891014427,17219.892031903,,3,GPU-46bf67bb-cb31-bee1-3cf0-c35337ba97d2,ok,0,0,453,26.277,41,210,405,439,341
761,17219.891014427,17219.891966103,,4,GPU-127e16de-2b5f-dde9-1932-b4e29bb818c0,ok,0,0,453,24.514,35,210,405,390,292
762,17220.891014427,17220.891933461,,0,GPU-9b96eb67-aeee-89d5-aa85-fc650af4e25c,ok,100,21,1514,348.71,75,1470,9501,3955,11816
762,17220.891014427,17220.891972901,,1,GPU-37ffc98b-8551-c8a1-5f3c-27ade9ae735a,ok,0,0,453,15.086,30,210,405,439,292
762,17220.891014427,17220.891759121,,2,GPU-5443d59d-561f-ed1e-da42-1975937205f9,ok,0,0,453,27.635,37,210,405,439,292
762,17220.891014427,17220.891829691,,3,GPU-46bf67bb-cb31-bee1-3cf0-c35337ba97d2,ok,0,0,453,26.068,41,210,405,439,341
762,17220.891014427,17220.891905661,,4,GPU-127e16de-2b5f-dde9-1932-b4e29bb818c0,ok,0,0,453,24.456,35,210,405,439,341
763,17221.891014427,17221.891842109,,0,GPU-9b96eb67-aeee-89d5-aa85-fc650af4e25c,ok,100,20,1514,348.912,75,1470,9501,5615,7617
763,17221.891014427,17221.891874909,,1,GPU-37ffc98b-8551-c8a1-5f3c-27ade9ae735a,ok,0,0,453,15.18,30,210,405,390,292
763,17221.891014427,17221.891957629,,2,GPU-5443d59d-561f-ed1e-da42-1975937205f9,ok,0,0,453,27.725,37,210,405,439,292
763,17221.891014427,17221.891750379,,3,GPU-46bf67bb-cb31-bee1-3cf0-c35337ba97d2,ok,0,0,453,26.136,41,210,405,390,292
763,17221.891014427,17221.891982179,,4,GPU-127e16de-2b5f-dde9-1932-b4e29bb818c0,ok,0,0,453,24.41,35,210,405,439,292
764,17222.891014427,17222.891537207,,0,GPU-9b96eb67-aeee-89d5-aa85-fc650af4e25c,ok,100,26,1514,349.328,75,1455,9501,3710,13232
764,17222.891014427,17222.891726897,,1,GPU-37ffc98b-8551-c8a1-5f3c-27ade9ae735a,ok,0,0,453,15.31,30,210,405,390,292
764,17222.891014427,17222.892042737,,2,GPU-5443d59d-561f-ed1e-da42-1975937205f9,ok,0,0,453,27.879,37,210,405,439,341
764,17222.891014427,17222.892115177,,3,GPU-46bf67bb-cb31-bee1-3cf0-c35337ba97d2,ok,0,0,453,26.428,41,210,405,439,292
764,17222.891014427,17222.892085147,,4,GPU-127e16de-2b5f-dde9-1932-b4e29bb818c0,ok,0,0,453,24.411,35,210,405,439,292
765,17223.891014427,17223.892254875,,0,GPU-9b96eb67-aeee-89d5-aa85-fc650af4e25c,ok,100,24,1514,349.043,75,1440,9501,3662,12744
765,17223.891014427,17223.891768445,,1,GPU-37ffc98b-8551-c8a1-5f3c-27ade9ae735a,ok,0,0,453,15.164,30,210,405,439,292
765,17223.891014427,17223.891802765,,2,GPU-5443d59d-561f-ed1e-da42-1975937205f9,ok,0,0,453,27.668,37,210,405,390,292
765,17223.891014427,17223.891508025,,3,GPU-46bf67bb-cb31-bee1-3cf0-c35337ba97d2,ok,0,0,453,26.282,41,210,405,439,292
765,17223.891014427,17223.892301545,,4,GPU-127e16de-2b5f-dde9-1932-b4e29bb818c0,ok,0,0,453,24.369,35,210,405,390,292
766,17224.891014427,17224.891764643,,0,GPU-9b96eb67-aeee-89d5-aa85-fc650af4e25c,ok,100,22,1514,348.79,75,1455,9501,5761,7470
766,17224.891014427,17224.891656763,,1,GPU-37ffc98b-8551-c8a1-5f3c-27ade9ae735a,ok,0,0,453,15.323,30,210,405,390,292
766,17224.891014427,17224.891807623,,2,GPU-5443d59d-561f-ed1e-da42-1975937205f9,ok,0,0,453,27.675,37,210,405,439,292
766,17224.891014427,17224.892974453,,3,GPU-46bf67bb-cb31-bee1-3cf0-c35337ba97d2,ok,0,0,453,26.201,41,210,405,439,292
766,17224.891014427,17224.891682093,,4,GPU-127e16de-2b5f-dde9-1932-b4e29bb818c0,ok,0,0,453,24.405,35,210,405,439,341
767,17225.891014427,17225.891799711,,0,GPU-9b96eb67-aeee-89d5-aa85-fc650af4e25c,ok,100,24,1514,348.443,75,1425,9501,4199,12060
767,17225.891014427,17225.891632121,,1,GPU-37ffc98b-8551-c8a1-5f3c-27ade9ae735a,ok,0,0,453,15.518,30,210,405,439,292
767,17225.891014427,17225.893528951,,2,GPU-5443d59d-561f-ed1e-da42-1975937205f9,ok,0,0,453,27.904,37,210,405,439,292
767,17225.891014427,17225.891678031,,3,GPU-46bf67bb-cb31-bee1-3cf0-c35337ba97d2,ok,0,0,453,26.344,41,210,405,390,341
767,17225.891014427,17225.891616711,,4,GPU-127e16de-2b5f-dde9-1932-b4e29bb818c0,ok,0,0,453,24.531,35,210,405,488,341
768,17226.891014427,17226.891900519,,0,GPU-9b96eb67-aeee-89d5-aa85-fc650af4e25c,ok,100,26,1514,348.672,74,1440,9501,4003,15478
768,17226.891014427,17226.891636929,,1,GPU-37ffc98b-8551-c8a1-5f3c-27ade9ae735a,ok,0,0,453,15.3,30,210,405,439,292
768,17226.891014427,17226.891953439,,2,GPU-5443d59d-561f-ed1e-da42-1975937205f9,ok,0,0,453,27.796,37,210,405,439,292
768,17226.891014427,17226.891885999,,3,GPU-46bf67bb-cb31-bee1-3cf0-c35337ba97d2,ok,0,0,453,26.215,41,210,405,488,292
768,17226.891014427,17226.891977199,,4,GPU-127e16de-2b5f-dde9-1932-b4e29bb818c0,ok,0,0,453,24.554,35,210,405,439,341
769,17227.891014427,17227.892960467,,0,GPU-9b96eb67-aeee-89d5-aa85-fc650af4e25c,ok,100,20,1514,348.482,75,1455,9501,5322,7763
769,17227.891014427,17227.891654557,,1,GPU-37ffc98b-8551-c8a1-5f3c-27ade9ae735a,ok,0,0,453,15.197,30,210,405,439,292
769,17227.891014427,17227.891591847,,2,GPU-5443d59d-561f-ed1e-da42-1975937205f9,ok,0,0,453,27.719,37,210,405,390,292
769,17227.891014427,17227.891867307,,3,GPU-46bf67bb-cb31-bee1-3cf0-c35337ba97d2,ok,0,0,453,26.238,41,210,405,439,292
769,17227.891014427,17227.893002407,,4,GPU-127e16de-2b5f-dde9-1932-b4e29bb818c0,ok,0,0,453,24.445,35,210,405,439,341
770,17228.891014427,17228.891770095,,0,GPU-9b96eb67-aeee-89d5-aa85-fc650af4e25c,ok,100,22,1514,348.946,75,1440,9501,5859,12597
770,17228.891014427,17228.892947275,,1,GPU-37ffc98b-8551-c8a1-5f3c-27ade9ae735a,ok,0,0,453,15.355,30,210,405,439,292
770,17228.891014427,17228.891595255,,2,GPU-5443d59d-561f-ed1e-da42-1975937205f9,ok,0,0,453,27.745,37,210,405,439,292
770,17228.891014427,17228.891631405,,3,GPU-46bf67bb-cb31-bee1-3cf0-c35337ba97d2,ok,0,0,453,26.37,41,210,405,439,292
770,17228.891014427,17228.892986115,,4,GPU-127e16de-2b5f-dde9-1932-b4e29bb818c0,ok,0,0,453,24.58,35,210,405,439,292
771,17229.891014427,17229.891802603,,0,GPU-9b96eb67-aeee-89d5-aa85-fc650af4e25c,ok,100,22,1514,348.953,75,1455,9501,3173,13232
771,17229.891014427,17229.892301843,,1,GPU-37ffc98b-8551-c8a1-5f3c-27ade9ae735a,ok,0,0,453,15.278,30,210,405,390,292
771,17229.891014427,17229.891829893,,2,GPU-5443d59d-561f-ed1e-da42-1975937205f9,ok,0,0,453,27.595,37,210,405,439,292
771,17229.891014427,17229.891602423,,3,GPU-46bf67bb-cb31-bee1-3cf0-c35337ba97d2,ok,0,0,453,26.202,41,210,405,439,292
771,17229.891014427,17229.891732633,,4,GPU-127e16de-2b5f-dde9-1932-b4e29bb818c0,ok,0,0,453,24.598,35,210,405,439,341
772,17230.891014427,17230.891751791,,0,GPU-9b96eb67-aeee-89d5-aa85-fc650af4e25c,ok,100,20,1514,349.056,75,1455,9501,4931,8447
772,17230.891014427,17230.891875061,,1,GPU-37ffc98b-8551-c8a1-5f3c-27ade9ae735a,ok,0,0,453,15.107,30,210,405,439,292
772,17230.891014427,17230.891681291,,2,GPU-5443d59d-561f-ed1e-da42-1975937205f9,ok,0,0,453,27.602,37,210,405,390,341
772,17230.891014427,17230.892716921,,3,GPU-46bf67bb-cb31-bee1-3cf0-c35337ba97d2,ok,0,0,453,26.251,41,210,405,439,292
772,17230.891014427,17230.891921071,,4,GPU-127e16de-2b5f-dde9-1932-b4e29bb818c0,ok,0,0,453,24.311,35,210,405,390,292
773,17231.891014427,17231.891833829,,0,GPU-9b96eb67-aeee-89d5-aa85-fc650af4e25c,ok,100,21,1514,348.336,75,1455,9501,4833,9716
773,17231.891014427,17231.891894069,,1,GPU-37ffc98b-8551-c8a1-5f3c-27ade9ae735a,ok,0,0,453,15.158,30,210,405,390,341
773,17231.891014427,17231.891920879,,2,GPU-5443d59d-561f-ed1e-da42-1975937205f9,ok,0,0,453,27.576,37,210,405,439,292
773,17231.891014427,17231.891761799,,3,GPU-46bf67bb-cb31-bee1-3cf0-c35337ba97d2,ok,0,0,453,26.418,41,210,405,439,292
773,17231.891014427,17231.891805209,,4,GPU-127e16de-2b5f-dde9-1932-b4e29bb818c0,ok,0,0,453,24.224,35,210,405,439,341
774,17232.891014427,17232.891767897,,0,GPU-9b96eb67-aeee-89d5-aa85-fc650af4e25c,ok,100,24,1514,348.173,75,1455,9501,3125,14111
774,17232.891014427,17232.891728027,,1,GPU-37ffc98b-8551-c8a1-5f3c-27ade9ae735a,ok,0,0,453,15.07,30,210,405,390,292
774,17232.891014427,17232.892246887,,2,GPU-5443d59d-561f-ed1e-da42-1975937205f9,ok,0,0,453,27.617,37,210,405,439,292
774,17232.891014427,17232.892309757,,3,GPU-46bf67bb-cb31-bee1-3cf0-c35337ba97d2,ok,0,0,453,26.219,41,210,405,439,292
774,17232.891014427,17232.891527977,,4,GPU-127e16de-2b5f-dde9-1932-b4e29bb818c0,ok,0,0,453,24.334,35,210,405,439,341
775,17233.891014427,17233.891713185,,0,GPU-9b96eb67-aeee-89d5-aa85-fc650af4e25c,ok,100,22,1514,348.64,75,1440,9501,5810,10302
775,17233.891014427,17233.891558465,,1,GPU-37ffc98b-8551-c8a1-5f3c-27ade9ae735a,ok,0,0,453,15.065,30,210,405,390,292
775,17233.891014427,17233.891750205,,2,GPU-5443d59d-561f-ed1e-da42-1975937205f9,ok,0,0,453,27.706,37,210,405,439,292
775,17233.891014427,17233.892351855,,3,GPU-46bf67bb-cb31-bee1-3cf0-c35337ba97d2,ok,0,0,453,26.146,41,210,405,439,292
775,17233.891014427,17233.892337965,,4,GPU-127e16de-2b5f-dde9-1932-b4e29bb818c0,ok,0,0,453,24.201,35,210,405,439,292
776,17234.891014427,17234.891863923,,0,GPU-9b96eb67-aeee-89d5-aa85-fc650af4e25c,ok,100,21,1514,348.315,75,1455,9501,4785,9912
776,17234.891014427,17234.891889443,,1,GPU-37ffc98b-8551-c8a1-5f3c-27ade9ae735a,ok,0,0,453,15.054,30,210,405,439,292
776,17234.891014427,17234.891598663,,2,GPU-5443d59d-561f-ed1e-da42-1975937205f9,ok,0,0,453,27.51,37,210,405,390,341
776,17234.891014427,17234.891674833,,3,GPU-46bf67bb-cb31-bee1-3cf0-c35337ba97d2,ok,0,0,453,26.311,41,210,405,439,341
776,17234.891014427,17234.892890113,,4,GPU-127e16de-2b5f-dde9-1932-b4e29bb818c0,ok,0,0,453,24.129,35,210,405,439,341
777,17235.891014427,17235.891972571,,0,GPU-9b96eb67-aeee-89d5-aa85-fc650af4e25c,ok,100,22,1514,348.132,75,1455,9501,3076,13671
777,17235.891014427,17235.891915431,,1,GPU-37ffc98b-8551-c8a1-5f3c-27ade9ae735a,ok,0,0,453,15.131,30,210,405,439,292
777,17235.891014427,17235.891833421,,2,GPU-5443d59d-561f-ed1e-da42-1975937205f9,ok,0,0,453,27.479,37,210,405,439,341
777,17235.891014427,17235.891869671,,3,GPU-46bf67bb-cb31-bee1-3cf0-c35337ba97d2,ok,0,0,453,26.156,41,210,405,439,341
777,17235.891014427,17235.891953691,,4,GPU-127e16de-2b5f-dde9-1932-b4e29bb818c0,ok,0,0,453,24.259,35,210,405,439,341
778,17236.891014427,17236.891835039,,0,GPU-9b96eb67-aeee-89d5-aa85-fc650af4e25c,ok,100,20,1514,348.874,75,1455,9501,6787,8642
778,17236.891014427,17236.891560599,,1,GPU-37ffc98b-8551-c8a1-5f3c-27ade9ae735a,ok,0,0,453,15.417,30,210,405,439,292
778,17236.891014427,17236.891856319,,2,GPU-5443d59d-561f-ed1e-da42-1975937205f9,ok,0,0,453,27.598,37,210,405,439,292
778,17236.891014427,17236.891736669,,3,GPU-46bf67bb-cb31-bee1-3cf0-c35337ba97d2,ok,0,0,453,26.099,41,210,405,488,341
778,17236.891014427,17236.892865789,,4,GPU-127e16de-2b5f-dde9-1932-b4e29bb818c0,ok,0,0,453,24.321,35,210,405,439,341
779,17237.891014427,17237.892281447,,0,GPU-9b96eb67-aeee-89d5-aa85-fc650af4e25c,ok,100,25,1514,349.466,75,1395,9501,6054,12548
779,17237.891014427,17237.892315637,,1,GPU-37ffc98b-8551-c8a1-5f3c-27ade9ae735a,ok,0,0,453,15.255,30,210,405,439,292
779,17237.891014427,17237.891672037,,2,GPU-5443d59d-561f-ed1e-da42-1975937205f9,ok,0,0,453,27.516,37,210,405,390,292
779,17237.891014427,17237.892351757,,3,GPU-46bf67bb-cb31-bee1-3cf0-c35337ba97d2,ok,0,0,453,26.269,41,210,405,439,341
779,17237.891014427,17237.891474827,,4,GPU-127e16de-2b5f-dde9-1932-b4e29bb818c0,ok,0,0,453,24.396,35,210,405,439,341
780,17238.891014427,17238.893504226,,0,GPU-9b96eb67-aeee-89d5-aa85-fc650af4e25c,ok,100,24,1514,348.241,75,1455,9501,3271,14013
780,17238.891014427,17238.891626295,,1,GPU-37ffc98b-8551-c8a1-5f3c-27ade9ae735a,ok,0,0,453,15.085,30,210,405,439,341
780,17238.891014427,17238.891775315,,2,GPU-5443d59d-561f-ed1e-da42-1975937205f9,ok,0,0,453,27.5,37,210,405,439,341
780,17238.891014427,17238.891651745,,3,GPU-46bf67bb-cb31-bee1-3cf0-c35337ba97d2,ok,0,0,453,26.058,41,210,405,439,292
780,17238.891014427,17238.891833065,,4,GPU-127e16de-2b5f-dde9-1932-b4e29bb818c0,ok,0,0,453,24.405,35,210,405,439,341
781,17239.891014427,17239.891840263,,0,GPU-9b96eb67-aeee-89d5-aa85-fc650af4e25c,ok,100,21,1514,349.225,75,1455,9501,5419,8203
781,17239.891014427,17239.891622163,,1,GPU-37ffc98b-8551-c8a1-5f3c-27ade9ae735a,ok,0,0,453,15.218,30,210,405,390,292
781,17239.891014427,17239.891805683,,2,GPU-5443d59d-561f-ed1e-da42-1975937205f9,ok,0,0,453,27.56,37,210,405,439,292
781,17239.891014427,17239.891867903,,3,GPU-46bf67bb-cb31-bee1-3cf0-c35337ba97d2,ok,0,0,453,26.038,41,210,405,439,292
781,17239.891014427,17239.892319743,,4,GPU-127e16de-2b5f-dde9-1932-b4e29bb818c0,ok,0,0,453,24.363,35,210,405,439,292
782,17240.891014427,17240.891637321,,0,GPU-9b96eb67-aeee-89d5-aa85-fc650af4e25c,ok,100,24,1514,348.501,75,1455,9501,390,292
782,17240.891014427,17240.891851821,,1,GPU-37ffc98b-8551-c8a1-5f3c-27ade9ae735a,ok,0,0,453,15.189,30,210,405,439,292
782,17240.891014427,17240.891984021,,2,GPU-5443d59d-561f-ed1e-da42-1975937205f9,ok,0,0,453,27.481,37,210,405,439,292
782,17240.891014427,17240.891896371,,3,GPU-46bf67bb-cb31-bee1-3cf0-c35337ba97d2,ok,0,0,453,26.098,41,210,405,439,292
782,17240.891014427,17240.892644241,,4,GPU-127e16de-2b5f-dde9-1932-b4e29bb818c0,ok,0,0,453,24.322,35,210,405,390,292
783,17241.891014427,17241.891935649,,0,GPU-9b96eb67-aeee-89d5-aa85-fc650af4e25c,ok,0,0,1514,206.932,69,1950,9501,390,292
783,17241.891014427,17241.891772599,,1,GPU-37ffc98b-8551-c8a1-5f3c-27ade9ae735a,ok,0,0,453,15.251,30,210,405,439,292
783,17241.891014427,17241.891729409,,2,GPU-5443d59d-561f-ed1e-da42-1975937205f9,ok,0,0,453,27.531,37,210,405,439,292
783,17241.891014427,17241.8930216,,3,GPU-46bf67bb-cb31-bee1-3cf0-c35337ba97d2,ok,0,0,453,26.141,41,210,405,439,292
783,17241.891014427,17241.891914039,,4,GPU-127e16de-2b5f-dde9-1932-b4e29bb818c0,ok,0,0,453,24.399,35,210,405,439,292
784,17242.891014427,17242.891976127,,0,GPU-9b96eb67-aeee-89d5-aa85-fc650af4e25c,ok,0,0,1514,190.971,69,1950,9501,390,292
784,17242.891014427,17242.891816957,,1,GPU-37ffc98b-8551-c8a1-5f3c-27ade9ae735a,ok,0,0,453,15.362,30,210,405,439,341
784,17242.891014427,17242.891754297,,2,GPU-5443d59d-561f-ed1e-da42-1975937205f9,ok,0,0,453,27.612,37,210,405,439,292
784,17242.891014427,17242.891874877,,3,GPU-46bf67bb-cb31-bee1-3cf0-c35337ba97d2,ok,0,0,453,26.393,41,210,405,439,292
784,17242.891014427,17242.891906647,,4,GPU-127e16de-2b5f-dde9-1932-b4e29bb818c0,ok,0,0,453,24.375,35,210,405,439,292
785,17243.891014427,17243.892009255,,0,GPU-9b96eb67-aeee-89d5-aa85-fc650af4e25c,ok,0,0,450,149.728,66,1725,9751,390,244
785,17243.891014427,17243.891964995,,1,GPU-37ffc98b-8551-c8a1-5f3c-27ade9ae735a,ok,0,0,450,17.822,30,210,405,390,292
785,17243.891014427,17243.892728725,,2,GPU-5443d59d-561f-ed1e-da42-1975937205f9,ok,0,0,450,29.517,37,210,405,439,292
785,17243.891014427,17243.892150135,,3,GPU-46bf67bb-cb31-bee1-3cf0-c35337ba97d2,ok,0,0,450,29.911,42,210,405,439,292
785,17243.891014427,17243.892184345,,4,GPU-127e16de-2b5f-dde9-1932-b4e29bb818c0,ok,0,0,450,26.664,35,210,405,439,292
786,17244.891014427,17244.891912733,,0,GPU-9b96eb67-aeee-89d5-aa85-fc650af4e25c,ok,0,0,450,136.078,66,1725,9751,390,292
786,17244.891014427,17244.891939553,,1,GPU-37ffc98b-8551-c8a1-5f3c-27ade9ae735a,ok,0,0,450,24.799,30,210,405,390,292
786,17244.891014427,17244.891778663,,2,GPU-5443d59d-561f-ed1e-da42-1975937205f9,ok,0,0,450,35.475,37,210,405,439,292
786,17244.891014427,17244.893057244,,3,GPU-46bf67bb-cb31-bee1-3cf0-c35337ba97d2,ok,0,0,450,41.557,42,210,405,439,292
786,17244.891014427,17244.891712433,,4,GPU-127e16de-2b5f-dde9-1932-b4e29bb818c0,ok,0,0,450,33.868,36,210,405,439,292
